ubigeo,departamento,provincia,distrito,nombre,anio_datos,anio_prediccion,prevalencia_anemia_base,prob_alto_riesgo,clasificacion,macroregion_inei,macroregion_minsa,latitude,longitude,altitude
10202,AMAZONAS,BAGUA,ARAMANGO,ARAMANGO (BAGUA),2025,2026,0.1387024608501118,0.1555,BAJO RIESGO,ORIENTE,MACROREGION ORIENTE,-5.41638888888889,-78.4377777777778,502.0
10201,AMAZONAS,BAGUA,BAGUA,BAGUA (BAGUA),2025,2026,0.0348557692307692,0.1338,BAJO RIESGO,ORIENTE,MACROREGION ORIENTE,-5.63888888888889,-78.5311111111111,408.0
10203,AMAZONAS,BAGUA,COPALLIN,COPALLIN (BAGUA),2025,2026,0.0967741935483871,0.1683,BAJO RIESGO,ORIENTE,MACROREGION ORIENTE,-5.675,-78.4230555555555,693.0
10204,AMAZONAS,BAGUA,EL PARCO,EL PARCO (BAGUA),2025,2026,0.0847457627118644,0.2049,BAJO RIESGO,ORIENTE,MACROREGION ORIENTE,-5.625,-78.4752777777778,626.0
10205,AMAZONAS,BAGUA,IMAZA,IMAZA (BAGUA),2025,2026,0.1279503105590062,0.1932,BAJO RIESGO,ORIENTE,MACROREGION ORIENTE,-5.16361111111111,-78.2888888888889,317.0
10206,AMAZONAS,BAGUA,LA PECA,LA PECA (BAGUA),2025,2026,0.2333333333333333,0.2484,BAJO RIESGO,ORIENTE,MACROREGION ORIENTE,-5.61194444444444,-78.4369444444445,892.0
10302,AMAZONAS,BONGARA,CHISQUILLA,CHISQUILLA (BONGARA),2025,2026,0.0,0.2993,BAJO RIESGO,ORIENTE,MACROREGION ORIENTE,-5.8975,-77.7861111111111,2057.0
10303,AMAZONAS,BONGARA,CHURUJA,CHURUJA (BONGARA),2025,2026,0.5,0.5915,BAJO RIESGO,ORIENTE,MACROREGION ORIENTE,-6.01944444444445,-77.95194444444449,1399.0
10304,AMAZONAS,BONGARA,COROSHA,COROSHA (BONGARA),2025,2026,0.0,0.3057,BAJO RIESGO,ORIENTE,MACROREGION ORIENTE,-5.84333333333333,-77.8225,2297.0
10305,AMAZONAS,BONGARA,CUISPES,CUISPES (BONGARA),2025,2026,0.0,0.2624,BAJO RIESGO,ORIENTE,MACROREGION ORIENTE,-5.92833333333333,-77.9461111111111,1912.0
10306,AMAZONAS,BONGARA,FLORIDA,FLORIDA (BONGARA),2025,2026,0.1310679611650485,0.1819,BAJO RIESGO,ORIENTE,MACROREGION ORIENTE,-5.82611111111111,-77.9694444444445,2251.0
10307,AMAZONAS,BONGARA,JAZAN,JAZAN (BONGARA),2025,2026,0.124401913875598,0.1771,BAJO RIESGO,ORIENTE,MACROREGION ORIENTE,-5.94138888888889,-77.9772222222222,1342.0
10301,AMAZONAS,BONGARA,JUMBILLA,JUMBILLA (BONGARA),2025,2026,0.054054054054054,0.2337,BAJO RIESGO,ORIENTE,MACROREGION ORIENTE,-5.90444444444445,-77.7977777777778,2081.0
10308,AMAZONAS,BONGARA,RECTA,RECTA (BONGARA),2025,2026,0.0,0.3286,BAJO RIESGO,ORIENTE,MACROREGION ORIENTE,-5.91777777777778,-77.7888888888889,2166.0
10309,AMAZONAS,BONGARA,SAN CARLOS,SAN CARLOS (BONGARA),2025,2026,0.25,0.4523,BAJO RIESGO,ORIENTE,MACROREGION ORIENTE,-5.96611111111111,-77.9452777777778,1942.0
10310,AMAZONAS,BONGARA,SHIPASBAMBA,SHIPASBAMBA (BONGARA),2025,2026,0.2195121951219512,0.3661,BAJO RIESGO,ORIENTE,MACROREGION ORIENTE,-5.91055555555555,-77.9805555555556,1668.0
10311,AMAZONAS,BONGARA,VALERA,VALERA (BONGARA),2025,2026,0.2857142857142857,0.4889,BAJO RIESGO,ORIENTE,MACROREGION ORIENTE,-6.04277777777778,-77.9191666666667,1928.0
10312,AMAZONAS,BONGARA,YAMBRASBAMBA,YAMBRASBAMBA (BONGARA),2025,2026,0.0452488687782805,0.1949,BAJO RIESGO,ORIENTE,MACROREGION ORIENTE,-5.73527777777778,-77.925,1887.0
10102,AMAZONAS,CHACHAPOYAS,ASUNCION,ASUNCION (CHACHAPOYAS),2025,2026,0.0,0.3335,BAJO RIESGO,ORIENTE,MACROREGION ORIENTE,-6.0325,-77.7108333333333,2823.0
10103,AMAZONAS,CHACHAPOYAS,BALSAS,BALSAS (CHACHAPOYAS),2025,2026,0.1785714285714285,0.2963,BAJO RIESGO,ORIENTE,MACROREGION ORIENTE,-6.83583333333333,-78.0197222222222,859.0
10101,AMAZONAS,CHACHAPOYAS,CHACHAPOYAS,CHACHAPOYAS (CHACHAPOYAS),2025,2026,0.1168122270742358,0.1786,BAJO RIESGO,ORIENTE,MACROREGION ORIENTE,-6.22944444444445,-77.8727777777777,2338.0
10104,AMAZONAS,CHACHAPOYAS,CHETO,CHETO (CHACHAPOYAS),2025,2026,0.0666666666666666,0.2859,BAJO RIESGO,ORIENTE,MACROREGION ORIENTE,-6.25555555555555,-77.7008333333333,2143.0
10105,AMAZONAS,CHACHAPOYAS,CHILIQUIN,CHILIQUIN (CHACHAPOYAS),2025,2026,0.0,0.3024,BAJO RIESGO,ORIENTE,MACROREGION ORIENTE,-6.07833333333333,-77.7375,2677.0
10106,AMAZONAS,CHACHAPOYAS,CHUQUIBAMBA,CHUQUIBAMBA (CHACHAPOYAS),2025,2026,0.3648648648648648,0.4952,BAJO RIESGO,ORIENTE,MACROREGION ORIENTE,-6.935,-77.8541666666667,2803.0
10107,AMAZONAS,CHACHAPOYAS,GRANADA,GRANADA (CHACHAPOYAS),2025,2026,0.0,0.3675,BAJO RIESGO,ORIENTE,MACROREGION ORIENTE,-6.10638888888889,-77.6286111111111,3041.0
10108,AMAZONAS,CHACHAPOYAS,HUANCAS,HUANCAS (CHACHAPOYAS),2025,2026,0.1666666666666666,0.3818,BAJO RIESGO,ORIENTE,MACROREGION ORIENTE,-6.17361111111111,-77.8644444444444,2591.0
10109,AMAZONAS,CHACHAPOYAS,LA JALCA,LA JALCA (CHACHAPOYAS),2025,2026,0.3191489361702128,0.4263,BAJO RIESGO,ORIENTE,MACROREGION ORIENTE,-6.48472222222222,-77.815,2869.0
10110,AMAZONAS,CHACHAPOYAS,LEIMEBAMBA,LEIMEBAMBA (CHACHAPOYAS),2025,2026,0.1531531531531531,0.2052,BAJO RIESGO,ORIENTE,MACROREGION ORIENTE,-6.7075,-77.8038888888889,2226.0
10111,AMAZONAS,CHACHAPOYAS,LEVANTO,LEVANTO (CHACHAPOYAS),2025,2026,0.4444444444444444,0.5947,BAJO RIESGO,ORIENTE,MACROREGION ORIENTE,-6.30777777777778,-77.8991666666667,2681.0
10112,AMAZONAS,CHACHAPOYAS,MAGDALENA,MAGDALENA (CHACHAPOYAS),2025,2026,0.1363636363636363,0.2359,BAJO RIESGO,ORIENTE,MACROREGION ORIENTE,-6.37305555555555,-77.9016666666667,1892.0
10113,AMAZONAS,CHACHAPOYAS,MARISCAL CASTILLA,MARISCAL CASTILLA (CHACHAPOYAS),2025,2026,0.1176470588235294,0.2366,BAJO RIESGO,ORIENTE,MACROREGION ORIENTE,-6.59444444444444,-77.8086111111111,2210.0
10114,AMAZONAS,CHACHAPOYAS,MOLINOPAMPA,MOLINOPAMPA (CHACHAPOYAS),2025,2026,0.2452830188679245,0.3957,BAJO RIESGO,ORIENTE,MACROREGION ORIENTE,-6.20916666666667,-77.6691666666667,2405.0
10115,AMAZONAS,CHACHAPOYAS,MONTEVIDEO,MONTEVIDEO (CHACHAPOYAS),2025,2026,0.25,0.4627,BAJO RIESGO,ORIENTE,MACROREGION ORIENTE,-6.61805555555555,-77.8022222222222,2421.0
10116,AMAZONAS,CHACHAPOYAS,OLLEROS,OLLEROS (CHACHAPOYAS),2025,2026,0.6,0.7546,ALTO RIESGO,ORIENTE,MACROREGION ORIENTE,-6.02388888888889,-77.6763888888889,3053.0
10117,AMAZONAS,CHACHAPOYAS,QUINJALCA,QUINJALCA (CHACHAPOYAS),2025,2026,0.375,0.5029,BAJO RIESGO,ORIENTE,MACROREGION ORIENTE,-6.09138888888889,-77.6786111111111,3151.0
10118,AMAZONAS,CHACHAPOYAS,SAN FRANCISCO DE DAGUAS,SAN FRANCISCO DE DAGUAS (CHACHAPOYAS),2024,2026,0.0,0.294,BAJO RIESGO,ORIENTE,MACROREGION ORIENTE,-6.22916666666667,-77.74,2254.0
10119,AMAZONAS,CHACHAPOYAS,SAN ISIDRO DE MAINO,SAN ISIDRO DE MAINO (CHACHAPOYAS),2025,2026,0.0,0.3004,BAJO RIESGO,ORIENTE,MACROREGION ORIENTE,-6.33722222222222,-77.8805555555555,2339.0
10120,AMAZONAS,CHACHAPOYAS,SOLOCO,SOLOCO (CHACHAPOYAS),2025,2026,0.2068965517241379,0.3813,BAJO RIESGO,ORIENTE,MACROREGION ORIENTE,-6.26055555555555,-77.7441666666667,2387.0
10121,AMAZONAS,CHACHAPOYAS,SONCHE,SONCHE (CHACHAPOYAS),2025,2026,0.0,0.3137,BAJO RIESGO,ORIENTE,MACROREGION ORIENTE,-6.21888888888889,-77.7752777777778,2089.0
10402,AMAZONAS,CONDORCANQUI,EL CENEPA,EL CENEPA (CONDORCANQUI),2025,2026,0.1394335511982571,0.2048,BAJO RIESGO,ORIENTE,MACROREGION ORIENTE,-4.45555555555555,-78.1588888888889,253.0
10401,AMAZONAS,CONDORCANQUI,NIEVA,NIEVA (CONDORCANQUI),2025,2026,0.1444043321299639,0.1773,BAJO RIESGO,ORIENTE,MACROREGION ORIENTE,-4.59222222222222,-77.8644444444444,189.0
10403,AMAZONAS,CONDORCANQUI,RIO SANTIAGO,RIO SANTIAGO (CONDORCANQUI),2025,2026,0.1438888888888889,0.2168,BAJO RIESGO,ORIENTE,MACROREGION ORIENTE,-4.01583333333333,-77.7608333333333,190.0
10502,AMAZONAS,LUYA,CAMPORREDONDO,CAMPORREDONDO (LUYA),2025,2026,0.0723270440251572,0.1822,BAJO RIESGO,ORIENTE,MACROREGION ORIENTE,-6.21333333333333,-78.32,1748.0
10503,AMAZONAS,LUYA,COCABAMBA,COCABAMBA (LUYA),2025,2026,0.127906976744186,0.2042,BAJO RIESGO,ORIENTE,MACROREGION ORIENTE,-6.61416666666667,-78.005,2273.0
10504,AMAZONAS,LUYA,COLCAMAR,COLCAMAR (LUYA),2025,2026,0.1538461538461538,0.2354,BAJO RIESGO,ORIENTE,MACROREGION ORIENTE,-6.29944444444445,-77.9730555555555,2355.0
10505,AMAZONAS,LUYA,CONILA,CONILA (LUYA),2025,2026,0.0952380952380952,0.2724,BAJO RIESGO,ORIENTE,MACROREGION ORIENTE,-6.15916666666667,-78.1419444444445,2767.0
10506,AMAZONAS,LUYA,INGUILPATA,INGUILPATA (LUYA),2025,2026,0.0,0.3072,BAJO RIESGO,ORIENTE,MACROREGION ORIENTE,-6.23944444444445,-77.9538888888889,2380.0
10501,AMAZONAS,LUYA,LAMUD,LAMUD (LUYA),2025,2026,0.0579710144927536,0.198,BAJO RIESGO,ORIENTE,MACROREGION ORIENTE,-6.13916666666667,-77.9522222222222,2328.0
10507,AMAZONAS,LUYA,LONGUITA,LONGUITA (LUYA),2025,2026,0.1111111111111111,0.2648,BAJO RIESGO,ORIENTE,MACROREGION ORIENTE,-6.41361111111111,-77.9683333333333,2799.0
10508,AMAZONAS,LUYA,LONYA CHICO,LONYA CHICO (LUYA),2025,2026,0.0526315789473684,0.2261,BAJO RIESGO,ORIENTE,MACROREGION ORIENTE,-6.22972222222222,-77.955,2329.0
10509,AMAZONAS,LUYA,LUYA,LUYA (LUYA),2025,2026,0.1240310077519379,0.175,BAJO RIESGO,ORIENTE,MACROREGION ORIENTE,-6.16416666666667,-77.9441666666667,2359.0
10510,AMAZONAS,LUYA,LUYA VIEJO,LUYA VIEJO (LUYA),2025,2026,0.1428571428571428,0.3191,BAJO RIESGO,ORIENTE,MACROREGION ORIENTE,-6.1275,-78.085,2924.0
10511,AMAZONAS,LUYA,MARIA,MARIA (LUYA),2025,2026,0.0833333333333333,0.2866,BAJO RIESGO,ORIENTE,MACROREGION ORIENTE,-6.42888888888889,-77.9608333333333,2757.0
10512,AMAZONAS,LUYA,OCALLI,OCALLI (LUYA),2025,2026,0.0357142857142857,0.1846,BAJO RIESGO,ORIENTE,MACROREGION ORIENTE,-6.23527777777778,-78.2663888888889,1757.0
10513,AMAZONAS,LUYA,OCUMAL,OCUMAL (LUYA),2025,2026,0.0675675675675675,0.1807,BAJO RIESGO,ORIENTE,MACROREGION ORIENTE,-6.2825,-78.2108333333333,1898.0
10514,AMAZONAS,LUYA,PISUQUIA,PISUQUIA (LUYA),2025,2026,0.0478723404255319,0.1979,BAJO RIESGO,ORIENTE,MACROREGION ORIENTE,-6.45333333333333,-78.0919444444444,2049.0
10515,AMAZONAS,LUYA,PROVIDENCIA,PROVIDENCIA (LUYA),2025,2026,0.125,0.281,BAJO RIESGO,ORIENTE,MACROREGION ORIENTE,-6.29722222222222,-78.2408333333333,1784.0
10516,AMAZONAS,LUYA,SAN CRISTOBAL,SAN CRISTOBAL (LUYA),2025,2026,0.0,0.2941,BAJO RIESGO,ORIENTE,MACROREGION ORIENTE,-6.10166666666667,-77.9597222222222,2636.0
10517,AMAZONAS,LUYA,SAN FRANCISCO DEL YESO,SAN FRANCISCO DEL YESO (LUYA),2025,2026,0.0,0.262,BAJO RIESGO,ORIENTE,MACROREGION ORIENTE,-6.64694444444444,-77.8116666666667,2404.0
10518,AMAZONAS,LUYA,SAN JERONIMO,SAN JERONIMO (LUYA),2025,2026,0.0,0.2682,BAJO RIESGO,ORIENTE,MACROREGION ORIENTE,-6.05972222222222,-77.9744444444444,2498.0
10519,AMAZONAS,LUYA,SAN JUAN DE LOPECANCHA,SAN JUAN DE LOPECANCHA (LUYA),2025,2026,0.0,0.2775,BAJO RIESGO,ORIENTE,MACROREGION ORIENTE,-6.49638888888889,-77.8619444444444,2164.0
10520,AMAZONAS,LUYA,SANTA CATALINA,SANTA CATALINA (LUYA),2025,2026,0.392156862745098,0.5335,BAJO RIESGO,ORIENTE,MACROREGION ORIENTE,-6.11361111111111,-78.0608333333333,2574.0
10521,AMAZONAS,LUYA,SANTO TOMAS,SANTO TOMAS (LUYA),2025,2026,0.5643564356435643,0.7454,ALTO RIESGO,ORIENTE,MACROREGION ORIENTE,-6.5725,-77.8658333333333,2837.0
10522,AMAZONAS,LUYA,TINGO,TINGO (LUYA),2025,2026,0.3191489361702128,0.458,BAJO RIESGO,ORIENTE,MACROREGION ORIENTE,-6.37972222222222,-77.9058333333333,1800.0
10523,AMAZONAS,LUYA,TRITA,TRITA (LUYA),2025,2026,0.1428571428571428,0.232,BAJO RIESGO,ORIENTE,MACROREGION ORIENTE,-6.15194444444445,-77.9808333333333,2888.0
10602,AMAZONAS,RODRIGUEZ DE MENDOZA,CHIRIMOTO,CHIRIMOTO (RODRIGUEZ DE MENDOZA),2025,2026,0.1359223300970873,0.2096,BAJO RIESGO,ORIENTE,MACROREGION ORIENTE,-6.52305555555555,-77.4425,1663.0
10603,AMAZONAS,RODRIGUEZ DE MENDOZA,COCHAMAL,COCHAMAL (RODRIGUEZ DE MENDOZA),2025,2026,0.0,0.2879,BAJO RIESGO,ORIENTE,MACROREGION ORIENTE,-6.4075,-77.5852777777778,1720.0
10604,AMAZONAS,RODRIGUEZ DE MENDOZA,HUAMBO,HUAMBO (RODRIGUEZ DE MENDOZA),2025,2026,0.032258064516129,0.2222,BAJO RIESGO,ORIENTE,MACROREGION ORIENTE,-6.43111111111111,-77.5366666666667,1731.0
10605,AMAZONAS,RODRIGUEZ DE MENDOZA,LIMABAMBA,LIMABAMBA (RODRIGUEZ DE MENDOZA),2025,2026,0.0444444444444444,0.2824,BAJO RIESGO,ORIENTE,MACROREGION ORIENTE,-6.49805555555555,-77.4988888888889,1677.0
10606,AMAZONAS,RODRIGUEZ DE MENDOZA,LONGAR,LONGAR (RODRIGUEZ DE MENDOZA),2025,2026,0.0833333333333333,0.2392,BAJO RIESGO,ORIENTE,MACROREGION ORIENTE,-6.38583333333334,-77.5466666666667,1623.0
10607,AMAZONAS,RODRIGUEZ DE MENDOZA,MARISCAL BENAVIDES,MARISCAL BENAVIDES (RODRIGUEZ DE MENDOZA),2025,2026,0.1186440677966101,0.2131,BAJO RIESGO,ORIENTE,MACROREGION ORIENTE,-6.38611111111111,-77.5044444444444,1592.0
10608,AMAZONAS,RODRIGUEZ DE MENDOZA,MILPUC,MILPUC (RODRIGUEZ DE MENDOZA),2025,2026,0.0,0.327,BAJO RIESGO,ORIENTE,MACROREGION ORIENTE,-6.5,-77.4363888888889,1665.0
10609,AMAZONAS,RODRIGUEZ DE MENDOZA,OMIA,OMIA (RODRIGUEZ DE MENDOZA),2025,2026,0.1775700934579439,0.2143,BAJO RIESGO,ORIENTE,MACROREGION ORIENTE,-6.46777777777778,-77.3955555555555,1368.0
10601,AMAZONAS,RODRIGUEZ DE MENDOZA,SAN NICOLAS,SAN NICOLAS (RODRIGUEZ DE MENDOZA),2025,2026,0.0238095238095238,0.1796,BAJO RIESGO,ORIENTE,MACROREGION ORIENTE,-6.39527777777778,-77.4822222222222,1616.0
10610,AMAZONAS,RODRIGUEZ DE MENDOZA,SANTA ROSA,SANTA ROSA (RODRIGUEZ DE MENDOZA),2025,2026,0.0,0.3014,BAJO RIESGO,ORIENTE,MACROREGION ORIENTE,-6.45361111111111,-77.4552777777778,1770.0
10611,AMAZONAS,RODRIGUEZ DE MENDOZA,TOTORA,TOTORA (RODRIGUEZ DE MENDOZA),2025,2026,0.0,0.3049,BAJO RIESGO,ORIENTE,MACROREGION ORIENTE,-6.49305555555555,-77.4716666666667,1674.0
10612,AMAZONAS,RODRIGUEZ DE MENDOZA,VISTA ALEGRE,VISTA ALEGRE (RODRIGUEZ DE MENDOZA),2025,2026,0.0301204819277108,0.2497,BAJO RIESGO,ORIENTE,MACROREGION ORIENTE,-6.15083333333333,-77.3038888888889,1504.0
10701,AMAZONAS,UTCUBAMBA,BAGUA GRANDE,BAGUA GRANDE (UTCUBAMBA),2025,2026,0.0351728320194057,0.1386,BAJO RIESGO,ORIENTE,MACROREGION ORIENTE,-5.75472222222222,-78.4427777777778,444.0
10702,AMAZONAS,UTCUBAMBA,CAJARURO,CAJARURO (UTCUBAMBA),2025,2026,0.0123915737298636,0.145,BAJO RIESGO,ORIENTE,MACROREGION ORIENTE,-5.73638888888889,-78.4266666666667,469.0
10703,AMAZONAS,UTCUBAMBA,CUMBA,CUMBA (UTCUBAMBA),2025,2026,0.01628664495114,0.1389,BAJO RIESGO,ORIENTE,MACROREGION ORIENTE,-5.93555555555556,-78.6636111111111,477.0
10704,AMAZONAS,UTCUBAMBA,EL MILAGRO,EL MILAGRO (UTCUBAMBA),2025,2026,0.04296875,0.1435,BAJO RIESGO,ORIENTE,MACROREGION ORIENTE,-5.63777777777778,-78.5583333333333,392.0
10705,AMAZONAS,UTCUBAMBA,JAMALCA,JAMALCA (UTCUBAMBA),2025,2026,0.036734693877551,0.2062,BAJO RIESGO,ORIENTE,MACROREGION ORIENTE,-5.89416666666667,-78.2377777777778,1184.0
10706,AMAZONAS,UTCUBAMBA,LONYA GRANDE,LONYA GRANDE (UTCUBAMBA),2025,2026,0.0452127659574468,0.1894,BAJO RIESGO,ORIENTE,MACROREGION ORIENTE,-6.09638888888889,-78.4225,1269.0
10707,AMAZONAS,UTCUBAMBA,YAMON,YAMON (UTCUBAMBA),2025,2026,0.008130081300813,0.1897,BAJO RIESGO,ORIENTE,MACROREGION ORIENTE,-6.05083333333333,-78.5288888888889,1052.0
20201,ANCASH,AIJA,AIJA,AIJA (AIJA),2025,2026,0.3142857142857143,0.5015,BAJO RIESGO,CENTRO,MACROREGION NORTE,-9.78027777777778,-77.6105555555555,3421.0
20202,ANCASH,AIJA,CORIS,CORIS (AIJA),2025,2026,0.1525423728813559,0.2633,BAJO RIESGO,CENTRO,MACROREGION NORTE,-9.82055555555556,-77.7194444444445,2903.0
20203,ANCASH,AIJA,HUACLLAN,HUACLLAN (AIJA),2025,2026,0.0,0.3415,BAJO RIESGO,CENTRO,MACROREGION NORTE,-9.79805555555555,-77.6752777777778,3020.0
20204,ANCASH,AIJA,LA MERCED,LA MERCED (AIJA),2025,2026,0.14,0.2519,BAJO RIESGO,CENTRO,MACROREGION NORTE,-9.73555555555556,-77.6161111111111,3311.0
20205,ANCASH,AIJA,SUCCHA,SUCCHA (AIJA),2025,2026,0.0714285714285714,0.2777,BAJO RIESGO,CENTRO,MACROREGION NORTE,-9.82305555555556,-77.6497222222222,3167.0
20302,ANCASH,ANTONIO RAYMONDI,ACZO,ACZO (ANTONIO RAYMONDI),2025,2026,0.1694915254237288,0.2736,BAJO RIESGO,CENTRO,MACROREGION NORTE,-9.15194444444444,-76.9888888888889,2680.0
20303,ANCASH,ANTONIO RAYMONDI,CHACCHO,CHACCHO (ANTONIO RAYMONDI),2025,2026,0.0416666666666666,0.2342,BAJO RIESGO,CENTRO,MACROREGION NORTE,-9.05972222222223,-77.0583333333333,3371.0
20304,ANCASH,ANTONIO RAYMONDI,CHINGAS,CHINGAS (ANTONIO RAYMONDI),2025,2026,0.2553191489361702,0.4366,BAJO RIESGO,CENTRO,MACROREGION NORTE,-9.11861111111111,-76.9919444444445,2866.0
20301,ANCASH,ANTONIO RAYMONDI,LLAMELLIN,LLAMELLIN (ANTONIO RAYMONDI),2025,2026,0.238095238095238,0.3171,BAJO RIESGO,CENTRO,MACROREGION NORTE,-9.10083333333333,-77.0169444444445,3400.0
20305,ANCASH,ANTONIO RAYMONDI,MIRGAS,MIRGAS (ANTONIO RAYMONDI),2025,2026,0.1283783783783783,0.1954,BAJO RIESGO,CENTRO,MACROREGION NORTE,-9.07861111111111,-77.0925,3147.0
20306,ANCASH,ANTONIO RAYMONDI,SAN JUAN DE RONTOY,SAN JUAN DE RONTOY (ANTONIO RAYMONDI),2025,2026,0.0444444444444444,0.2344,BAJO RIESGO,CENTRO,MACROREGION NORTE,-9.17527777777778,-77.0027777777778,3503.0
20402,ANCASH,ASUNCION,ACOCHACA,ACOCHACA (ASUNCION),2025,2026,0.0,0.2259,BAJO RIESGO,CENTRO,MACROREGION NORTE,-9.11472222222222,-77.3683333333333,2864.0
20401,ANCASH,ASUNCION,CHACAS,CHACAS (ASUNCION),2025,2026,0.1357142857142857,0.2146,BAJO RIESGO,CENTRO,MACROREGION NORTE,-9.16222222222222,-77.3658333333333,3387.0
20502,ANCASH,BOLOGNESI,ABELARDO PARDO LEZAMETA,ABELARDO PARDO LEZAMETA (BOLOGNESI),2025,2026,0.0,0.3373,BAJO RIESGO,CENTRO,MACROREGION NORTE,-10.2991666666667,-77.1463888888889,2108.0
20503,ANCASH,BOLOGNESI,ANTONIO RAYMONDI,ANTONIO RAYMONDI (BOLOGNESI),2025,2026,0.0,0.3083,BAJO RIESGO,CENTRO,MACROREGION NORTE,-10.1572222222222,-77.4705555555555,2139.0
20504,ANCASH,BOLOGNESI,AQUIA,AQUIA (BOLOGNESI),2025,2026,0.1578947368421052,0.253,BAJO RIESGO,CENTRO,MACROREGION NORTE,-10.0744444444444,-77.145,3356.0
20505,ANCASH,BOLOGNESI,CAJACAY,CAJACAY (BOLOGNESI),2025,2026,0.1470588235294117,0.2847,BAJO RIESGO,CENTRO,MACROREGION NORTE,-10.1552777777778,-77.4397222222222,2616.0
20506,ANCASH,BOLOGNESI,CANIS,CANIS (BOLOGNESI),2025,2026,0.4,0.5573,BAJO RIESGO,CENTRO,MACROREGION NORTE,-10.3388888888889,-77.1688888888889,2465.0
20501,ANCASH,BOLOGNESI,CHIQUIAN,CHIQUIAN (BOLOGNESI),2025,2026,0.1682242990654205,0.2667,BAJO RIESGO,CENTRO,MACROREGION NORTE,-10.1519444444444,-77.1563888888889,3410.0
20507,ANCASH,BOLOGNESI,COLQUIOC,COLQUIOC (BOLOGNESI),2025,2026,0.1186440677966101,0.2342,BAJO RIESGO,CENTRO,MACROREGION NORTE,-10.3122222222222,-77.6152777777778,772.0
20508,ANCASH,BOLOGNESI,HUALLANCA,HUALLANCA (BOLOGNESI),2025,2026,0.079136690647482,0.201,BAJO RIESGO,CENTRO,MACROREGION NORTE,-9.89944444444445,-76.9416666666667,3563.0
20509,ANCASH,BOLOGNESI,HUASTA,HUASTA (BOLOGNESI),2025,2026,0.1666666666666666,0.3561,BAJO RIESGO,CENTRO,MACROREGION NORTE,-10.1233333333333,-77.1466666666667,3382.0
20510,ANCASH,BOLOGNESI,HUAYLLACAYAN,HUAYLLACAYAN (BOLOGNESI),2025,2026,0.5789473684210527,0.7784,ALTO RIESGO,CENTRO,MACROREGION NORTE,-10.245,-77.4347222222222,3287.0
20511,ANCASH,BOLOGNESI,LA PRIMAVERA,LA PRIMAVERA (BOLOGNESI),2025,2026,0.3333333333333333,0.5244,BAJO RIESGO,CENTRO,MACROREGION NORTE,-10.3355555555556,-77.1252777777778,2658.0
20512,ANCASH,BOLOGNESI,MANGAS,MANGAS (BOLOGNESI),2025,2026,0.2857142857142857,0.5279,BAJO RIESGO,CENTRO,MACROREGION NORTE,-10.3694444444444,-77.1033333333333,3492.0
20513,ANCASH,BOLOGNESI,PACLLON,PACLLON (BOLOGNESI),2025,2026,0.0,0.306,BAJO RIESGO,CENTRO,MACROREGION NORTE,-10.2344444444444,-77.0716666666667,3296.0
20514,ANCASH,BOLOGNESI,SAN MIGUEL DE CORPANQUI,SAN MIGUEL DE CORPANQUI (BOLOGNESI),2025,2026,0.0,0.3818,BAJO RIESGO,CENTRO,MACROREGION NORTE,-10.285,-77.1988888888889,3405.0
20515,ANCASH,BOLOGNESI,TICLLOS,TICLLOS (BOLOGNESI),2025,2026,0.0909090909090909,0.3201,BAJO RIESGO,CENTRO,MACROREGION NORTE,-10.2530555555556,-77.1908333333333,3665.0
20602,ANCASH,CARHUAZ,ACOPAMPA,ACOPAMPA (CARHUAZ),2025,2026,0.06,0.1773,BAJO RIESGO,CENTRO,MACROREGION NORTE,-9.29472222222222,-77.6252777777778,2692.0
20603,ANCASH,CARHUAZ,AMASHCA,AMASHCA (CARHUAZ),2025,2026,0.1621621621621621,0.3009,BAJO RIESGO,CENTRO,MACROREGION NORTE,-9.23916666666667,-77.6466666666667,2905.0
20604,ANCASH,CARHUAZ,ANTA,ANTA (CARHUAZ),2025,2026,0.2873563218390804,0.4401,BAJO RIESGO,CENTRO,MACROREGION NORTE,-9.35777777777778,-77.5988888888889,2800.0
20605,ANCASH,CARHUAZ,ATAQUERO,ATAQUERO (CARHUAZ),2025,2026,0.0612244897959183,0.2211,BAJO RIESGO,CENTRO,MACROREGION NORTE,-9.26222222222222,-77.6916666666667,2749.0
20601,ANCASH,CARHUAZ,CARHUAZ,CARHUAZ (CARHUAZ),2025,2026,0.1532258064516129,0.185,BAJO RIESGO,CENTRO,MACROREGION NORTE,-9.28138888888889,-77.6466666666667,2663.0
20606,ANCASH,CARHUAZ,MARCARA,MARCARA (CARHUAZ),2025,2026,0.1375358166189111,0.1877,BAJO RIESGO,CENTRO,MACROREGION NORTE,-9.32277777777777,-77.6036111111111,2767.0
20607,ANCASH,CARHUAZ,PARIAHUANCA,PARIAHUANCA (CARHUAZ),2025,2026,0.3137254901960784,0.4667,BAJO RIESGO,CENTRO,MACROREGION NORTE,-9.36527777777778,-77.5808333333333,2830.0
20608,ANCASH,CARHUAZ,SAN MIGUEL DE ACO,SAN MIGUEL DE ACO (CARHUAZ),2025,2026,0.0921052631578947,0.2142,BAJO RIESGO,CENTRO,MACROREGION NORTE,-9.36833333333333,-77.5644444444444,2956.0
20609,ANCASH,CARHUAZ,SHILLA,SHILLA (CARHUAZ),2025,2026,0.1267605633802817,0.2036,BAJO RIESGO,CENTRO,MACROREGION NORTE,-9.23166666666667,-77.625,3036.0
20610,ANCASH,CARHUAZ,TINCO,TINCO (CARHUAZ),2025,2026,0.1359223300970873,0.1825,BAJO RIESGO,CENTRO,MACROREGION NORTE,-9.27083333333334,-77.6775,2606.0
20611,ANCASH,CARHUAZ,YUNGAR,YUNGAR (CARHUAZ),2025,2026,0.3412698412698413,0.4838,BAJO RIESGO,CENTRO,MACROREGION NORTE,-9.3775,-77.5922222222222,2836.0
20701,ANCASH,CARLOS FERMIN FITZCARRALD,SAN LUIS,SAN LUIS (CARLOS FERMIN FITZCARRALD),2025,2026,0.1231884057971014,0.1873,BAJO RIESGO,CENTRO,MACROREGION NORTE,-9.09416666666667,-77.3288888888889,3145.0
20702,ANCASH,CARLOS FERMIN FITZCARRALD,SAN NICOLAS,SAN NICOLAS (CARLOS FERMIN FITZCARRALD),2025,2026,0.2079207920792079,0.3008,BAJO RIESGO,CENTRO,MACROREGION NORTE,-8.97583333333334,-77.1891666666667,2890.0
20703,ANCASH,CARLOS FERMIN FITZCARRALD,YAUYA,YAUYA (CARLOS FERMIN FITZCARRALD),2025,2026,0.1848739495798319,0.2343,BAJO RIESGO,CENTRO,MACROREGION NORTE,-8.99111111111111,-77.2913888888889,3257.0
20802,ANCASH,CASMA,BUENA VISTA ALTA,BUENA VISTA ALTA (CASMA),2025,2026,0.2369942196531791,0.2266,BAJO RIESGO,CENTRO,MACROREGION NORTE,-9.4325,-78.2069444444444,225.0
20801,ANCASH,CASMA,CASMA,CASMA (CASMA),2025,2026,0.1167747914735866,0.1465,BAJO RIESGO,CENTRO,MACROREGION NORTE,-9.47583333333334,-78.3063888888889,59.0
20803,ANCASH,CASMA,COMANDANTE NOEL,COMANDANTE NOEL (CASMA),2025,2026,0.1382978723404255,0.1622,BAJO RIESGO,CENTRO,MACROREGION NORTE,-9.4625,-78.3847222222222,14.0
20804,ANCASH,CASMA,YAUTAN,YAUTAN (CASMA),2025,2026,0.2917705735660847,0.404,BAJO RIESGO,CENTRO,MACROREGION NORTE,-9.51138888888889,-77.9963888888889,831.0
20902,ANCASH,CORONGO,ACO,ACO (CORONGO),2025,2026,0.1818181818181818,0.3817,BAJO RIESGO,CENTRO,MACROREGION NORTE,-8.52305555555555,-77.8777777777777,3118.0
20903,ANCASH,CORONGO,BAMBAS,BAMBAS (CORONGO),2025,2026,0.3333333333333333,0.5352,BAJO RIESGO,CENTRO,MACROREGION NORTE,-8.6025,-77.9969444444445,2943.0
20901,ANCASH,CORONGO,CORONGO,CORONGO (CORONGO),2025,2026,0.38,0.5339,BAJO RIESGO,CENTRO,MACROREGION NORTE,-8.57083333333333,-77.8988888888889,3172.0
20904,ANCASH,CORONGO,CUSCA,CUSCA (CORONGO),2025,2026,0.1711711711711711,0.2799,BAJO RIESGO,CENTRO,MACROREGION NORTE,-8.51333333333333,-77.8647222222222,3196.0
20905,ANCASH,CORONGO,LA PAMPA,LA PAMPA (CORONGO),2025,2026,0.1071428571428571,0.2825,BAJO RIESGO,CENTRO,MACROREGION NORTE,-8.66111111111111,-77.9008333333333,1803.0
20906,ANCASH,CORONGO,YANAC,YANAC (CORONGO),2025,2026,0.0666666666666666,0.3237,BAJO RIESGO,CENTRO,MACROREGION NORTE,-8.61861111111111,-77.8647222222222,2877.0
20907,ANCASH,CORONGO,YUPAN,YUPAN (CORONGO),2025,2026,0.5,0.6611,BAJO RIESGO,CENTRO,MACROREGION NORTE,-8.61444444444444,-77.9686111111111,2781.0
20102,ANCASH,HUARAZ,COCHABAMBA,COCHABAMBA (HUARAZ),2025,2026,0.2631578947368421,0.4678,BAJO RIESGO,CENTRO,MACROREGION NORTE,-9.495,-77.8594444444444,2135.0
20103,ANCASH,HUARAZ,COLCABAMBA,COLCABAMBA (HUARAZ),2025,2026,0.6,0.7257,ALTO RIESGO,CENTRO,MACROREGION NORTE,-9.59472222222222,-77.8086111111111,3154.0
20104,ANCASH,HUARAZ,HUANCHAY,HUANCHAY (HUARAZ),2025,2026,0.6666666666666666,0.7775,ALTO RIESGO,CENTRO,MACROREGION NORTE,-9.72361111111111,-77.8186111111111,2592.0
20101,ANCASH,HUARAZ,HUARAZ,HUARAZ (HUARAZ),2025,2026,0.249506254114549,0.3337,BAJO RIESGO,CENTRO,MACROREGION NORTE,-9.52972222222222,-77.5291666666667,3073.0
20105,ANCASH,HUARAZ,INDEPENDENCIA,INDEPENDENCIA (HUARAZ),2025,2026,0.1449631449631449,0.1958,BAJO RIESGO,CENTRO,MACROREGION NORTE,-9.51444444444445,-77.5325,3047.0
20106,ANCASH,HUARAZ,JANGAS,JANGAS (HUARAZ),2025,2026,0.0939597315436241,0.1917,BAJO RIESGO,CENTRO,MACROREGION NORTE,-9.40055555555556,-77.5775,2824.0
20107,ANCASH,HUARAZ,LA LIBERTAD,LA LIBERTAD (HUARAZ),2025,2026,0.1470588235294117,0.3054,BAJO RIESGO,CENTRO,MACROREGION NORTE,-9.63305555555556,-77.7413888888889,3343.0
20108,ANCASH,HUARAZ,OLLEROS,OLLEROS (HUARAZ),2025,2026,0.1111111111111111,0.2488,BAJO RIESGO,CENTRO,MACROREGION NORTE,-9.66666666666667,-77.4655555555556,3443.0
20109,ANCASH,HUARAZ,PAMPAS,PAMPAS (HUARAZ),2025,2026,0.4117647058823529,0.6484,BAJO RIESGO,CENTRO,MACROREGION NORTE,-9.65527777777778,-77.8261111111111,3698.0
20110,ANCASH,HUARAZ,PARIACOTO,PARIACOTO (HUARAZ),2025,2026,0.291005291005291,0.4094,BAJO RIESGO,CENTRO,MACROREGION NORTE,-9.55944444444445,-77.8905555555556,1264.0
20111,ANCASH,HUARAZ,PIRA,PIRA (HUARAZ),2025,2026,0.2474226804123711,0.4072,BAJO RIESGO,CENTRO,MACROREGION NORTE,-9.58111111111111,-77.7072222222222,3602.0
20112,ANCASH,HUARAZ,TARICA,TARICA (HUARAZ),2025,2026,0.3015075376884422,0.4148,BAJO RIESGO,CENTRO,MACROREGION NORTE,-9.39361111111111,-77.575,2832.0
21002,ANCASH,HUARI,ANRA,ANRA (HUARI),2025,2026,0.0212765957446808,0.2415,BAJO RIESGO,CENTRO,MACROREGION NORTE,-9.23472222222222,-76.9263888888889,3197.0
21003,ANCASH,HUARI,CAJAY,CAJAY (HUARI),2025,2026,0.1772151898734177,0.2574,BAJO RIESGO,CENTRO,MACROREGION NORTE,-9.32583333333334,-77.1575,3175.0
21004,ANCASH,HUARI,CHAVIN DE HUANTAR,CHAVIN DE HUANTAR (HUARI),2025,2026,0.124223602484472,0.1945,BAJO RIESGO,CENTRO,MACROREGION NORTE,-9.58861111111111,-77.1783333333333,3115.0
21005,ANCASH,HUARI,HUACACHI,HUACACHI (HUARI),2025,2026,0.1269841269841269,0.2411,BAJO RIESGO,CENTRO,MACROREGION NORTE,-9.31555555555556,-76.9386111111111,3498.0
21006,ANCASH,HUARI,HUACCHIS,HUACCHIS (HUARI),2025,2026,0.2093023255813953,0.3546,BAJO RIESGO,CENTRO,MACROREGION NORTE,-9.20055555555555,-76.7869444444444,3491.0
21007,ANCASH,HUARI,HUACHIS,HUACHIS (HUARI),2025,2026,0.1857142857142857,0.2544,BAJO RIESGO,CENTRO,MACROREGION NORTE,-9.41,-77.1,3275.0
21008,ANCASH,HUARI,HUANTAR,HUANTAR (HUARI),2025,2026,0.125,0.2115,BAJO RIESGO,CENTRO,MACROREGION NORTE,-9.45194444444444,-77.1766666666667,3363.0
21001,ANCASH,HUARI,HUARI,HUARI (HUARI),2025,2026,0.308457711442786,0.3903,BAJO RIESGO,CENTRO,MACROREGION NORTE,-9.34722222222222,-77.1708333333333,3114.0
21009,ANCASH,HUARI,MASIN,MASIN (HUARI),2025,2026,0.1489361702127659,0.254,BAJO RIESGO,CENTRO,MACROREGION NORTE,-9.36583333333333,-77.0963888888889,2547.0
21010,ANCASH,HUARI,PAUCAS,PAUCAS (HUARI),2025,2026,0.2115384615384615,0.3369,BAJO RIESGO,CENTRO,MACROREGION NORTE,-9.15250000000001,-76.8994444444445,3433.0
21011,ANCASH,HUARI,PONTO,PONTO (HUARI),2025,2026,0.06,0.2412,BAJO RIESGO,CENTRO,MACROREGION NORTE,-9.32611111111111,-77.0044444444444,3142.0
21012,ANCASH,HUARI,RAHUAPAMPA,RAHUAPAMPA (HUARI),2025,2026,0.1111111111111111,0.28,BAJO RIESGO,CENTRO,MACROREGION NORTE,-9.35916666666667,-77.0786111111111,2521.0
21013,ANCASH,HUARI,RAPAYAN,RAPAYAN (HUARI),2025,2026,0.2653061224489796,0.5014,BAJO RIESGO,CENTRO,MACROREGION NORTE,-9.2025,-76.7594444444444,3233.0
21014,ANCASH,HUARI,SAN MARCOS,SAN MARCOS (HUARI),2025,2026,0.0535455861070911,0.1922,BAJO RIESGO,CENTRO,MACROREGION NORTE,-9.52416666666667,-77.1569444444444,2988.0
21015,ANCASH,HUARI,SAN PEDRO DE CHANA,SAN PEDRO DE CHANA (HUARI),2025,2026,0.1677852348993288,0.2323,BAJO RIESGO,CENTRO,MACROREGION NORTE,-9.40305555555556,-77.0111111111111,3439.0
21016,ANCASH,HUARI,UCO,UCO (HUARI),2025,2026,0.3636363636363636,0.5395,BAJO RIESGO,CENTRO,MACROREGION NORTE,-9.18833333333333,-76.9283333333333,3347.0
21102,ANCASH,HUARMEY,COCHAPETI,COCHAPETI (HUARMEY),2025,2026,0.6,0.7773,ALTO RIESGO,CENTRO,MACROREGION NORTE,-9.98722222222222,-77.6461111111111,3529.0
21103,ANCASH,HUARMEY,CULEBRAS,CULEBRAS (HUARMEY),2025,2026,0.1149425287356321,0.1668,BAJO RIESGO,CENTRO,MACROREGION NORTE,-9.95027777777777,-78.2222222222222,41.0
21101,ANCASH,HUARMEY,HUARMEY,HUARMEY (HUARMEY),2025,2026,0.1324041811846689,0.1579,BAJO RIESGO,CENTRO,MACROREGION NORTE,-10.0688888888889,-78.1516666666667,30.0
21104,ANCASH,HUARMEY,HUAYAN,HUAYAN (HUARMEY),2025,2026,0.8636363636363636,0.7604,ALTO RIESGO,CENTRO,MACROREGION NORTE,-9.87527777777778,-77.7083333333333,2702.0
21105,ANCASH,HUARMEY,MALVAS,MALVAS (HUARMEY),2025,2026,0.8235294117647058,0.7939,ALTO RIESGO,CENTRO,MACROREGION NORTE,-9.92972222222222,-77.6577777777778,3132.0
21201,ANCASH,HUAYLAS,CARAZ,CARAZ (HUAYLAS),2025,2026,0.270893371757925,0.3519,BAJO RIESGO,CENTRO,MACROREGION NORTE,-9.04861111111111,-77.8047222222222,2273.0
21202,ANCASH,HUAYLAS,HUALLANCA,HUALLANCA (HUAYLAS),2025,2026,0.15625,0.2759,BAJO RIESGO,CENTRO,MACROREGION NORTE,-8.81888888888889,-77.8630555555555,1391.0
21203,ANCASH,HUAYLAS,HUATA,HUATA (HUAYLAS),2025,2026,0.1136363636363636,0.2342,BAJO RIESGO,CENTRO,MACROREGION NORTE,-9.01638888888889,-77.8613888888889,2712.0
21204,ANCASH,HUAYLAS,HUAYLAS,HUAYLAS (HUAYLAS),2025,2026,0.4,0.5627,BAJO RIESGO,CENTRO,MACROREGION NORTE,-8.8725,-77.8927777777778,2735.0
21205,ANCASH,HUAYLAS,MATO,MATO (HUAYLAS),2025,2026,0.1621621621621621,0.2616,BAJO RIESGO,CENTRO,MACROREGION NORTE,-8.96138888888889,-77.8425,2209.0
21206,ANCASH,HUAYLAS,PAMPAROMAS,PAMPAROMAS (HUAYLAS),2025,2026,0.1531531531531531,0.2054,BAJO RIESGO,CENTRO,MACROREGION NORTE,-9.07333333333333,-77.9816666666667,2772.0
21207,ANCASH,HUAYLAS,PUEBLO LIBRE,PUEBLO LIBRE (HUAYLAS),2025,2026,0.2599118942731278,0.3434,BAJO RIESGO,CENTRO,MACROREGION NORTE,-9.11,-77.8019444444444,2485.0
21208,ANCASH,HUAYLAS,SANTA CRUZ,SANTA CRUZ (HUAYLAS),2025,2026,0.25,0.3762,BAJO RIESGO,CENTRO,MACROREGION NORTE,-8.95194444444444,-77.815,2890.0
21209,ANCASH,HUAYLAS,SANTO TORIBIO,SANTO TORIBIO (HUAYLAS),2025,2026,0.15,0.2608,BAJO RIESGO,CENTRO,MACROREGION NORTE,-8.86444444444445,-77.9147222222222,2926.0
21210,ANCASH,HUAYLAS,YURACMARCA,YURACMARCA (HUAYLAS),2025,2026,0.2207792207792207,0.3361,BAJO RIESGO,CENTRO,MACROREGION NORTE,-8.7375,-77.9038888888889,1484.0
21302,ANCASH,MARISCAL LUZURIAGA,CASCA,CASCA (MARISCAL LUZURIAGA),2025,2026,0.1166666666666666,0.2246,BAJO RIESGO,CENTRO,MACROREGION NORTE,-8.85555555555556,-77.3986111111111,3176.0
21303,ANCASH,MARISCAL LUZURIAGA,ELEAZAR GUZMAN BARRON,ELEAZAR GUZMAN BARRON (MARISCAL LUZURIAGA),2025,2026,0.2619047619047619,0.4758,BAJO RIESGO,CENTRO,MACROREGION NORTE,-8.90222222222222,-77.2438888888889,2845.0
21304,ANCASH,MARISCAL LUZURIAGA,FIDEL OLIVAS ESCUDERO,FIDEL OLIVAS ESCUDERO (MARISCAL LUZURIAGA),2025,2026,0.0555555555555555,0.2569,BAJO RIESGO,CENTRO,MACROREGION NORTE,-8.80611111111111,-77.2797222222222,2849.0
21305,ANCASH,MARISCAL LUZURIAGA,LLAMA,LLAMA (MARISCAL LUZURIAGA),2025,2026,0.25,0.4576,BAJO RIESGO,CENTRO,MACROREGION NORTE,-8.915,-77.3013888888889,2839.0
21306,ANCASH,MARISCAL LUZURIAGA,LLUMPA,LLUMPA (MARISCAL LUZURIAGA),2025,2026,0.0722222222222222,0.1895,BAJO RIESGO,CENTRO,MACROREGION NORTE,-8.96083333333334,-77.3675,2900.0
21307,ANCASH,MARISCAL LUZURIAGA,LUCMA,LUCMA (MARISCAL LUZURIAGA),2025,2026,0.0714285714285714,0.2087,BAJO RIESGO,CENTRO,MACROREGION NORTE,-8.91944444444445,-77.4108333333333,3096.0
21308,ANCASH,MARISCAL LUZURIAGA,MUSGA,MUSGA (MARISCAL LUZURIAGA),2025,2026,0.1333333333333333,0.306,BAJO RIESGO,CENTRO,MACROREGION NORTE,-8.90611111111111,-77.3391666666667,3001.0
21301,ANCASH,MARISCAL LUZURIAGA,PISCOBAMBA,PISCOBAMBA (MARISCAL LUZURIAGA),2025,2026,0.3,0.4546,BAJO RIESGO,CENTRO,MACROREGION NORTE,-8.865,-77.3577777777778,3326.0
21402,ANCASH,OCROS,ACAS,ACAS (OCROS),2025,2026,0.9090909090909092,0.7767,ALTO RIESGO,CENTRO,MACROREGION NORTE,-10.4575,-77.3277777777778,3712.0
21403,ANCASH,OCROS,CAJAMARQUILLA,CAJAMARQUILLA (OCROS),2023,2026,0.6666666666666666,0.7702,ALTO RIESGO,CENTRO,MACROREGION NORTE,-10.3541666666667,-77.1991666666667,3545.0
21404,ANCASH,OCROS,CARHUAPAMPA,CARHUAPAMPA (OCROS),2025,2026,0.2857142857142857,0.5326,BAJO RIESGO,CENTRO,MACROREGION NORTE,-10.4975,-77.2427777777778,2250.0
21405,ANCASH,OCROS,COCHAS,COCHAS (OCROS),2025,2026,0.073170731707317,0.2649,BAJO RIESGO,CENTRO,MACROREGION NORTE,-10.5366666666667,-77.4227777777778,1290.0
21406,ANCASH,OCROS,CONGAS,CONGAS (OCROS),2025,2026,0.1764705882352941,0.3698,BAJO RIESGO,CENTRO,MACROREGION NORTE,-10.3375,-77.4427777777778,3112.0
21407,ANCASH,OCROS,LLIPA,LLIPA (OCROS),2024,2026,0.0,0.3699,BAJO RIESGO,CENTRO,MACROREGION NORTE,-10.3925,-77.1908333333333,2767.0
21401,ANCASH,OCROS,OCROS,OCROS (OCROS),2025,2026,0.5,0.7157,ALTO RIESGO,CENTRO,MACROREGION NORTE,-10.4033333333333,-77.3966666666667,3238.0
21408,ANCASH,OCROS,SAN CRISTOBAL DE RAJAN,SAN CRISTOBAL DE RAJAN (OCROS),2025,2026,0.0,0.3773,BAJO RIESGO,CENTRO,MACROREGION NORTE,-10.3869444444444,-77.2194444444445,3634.0
21409,ANCASH,OCROS,SAN PEDRO,SAN PEDRO (OCROS),2025,2026,0.0625,0.334,BAJO RIESGO,CENTRO,MACROREGION NORTE,-10.3719444444444,-77.4872222222222,2243.0
21410,ANCASH,OCROS,SANTIAGO DE CHILCAS,SANTIAGO DE CHILCAS (OCROS),2025,2026,0.125,0.3462,BAJO RIESGO,CENTRO,MACROREGION NORTE,-10.4386111111111,-77.3658333333333,3692.0
21502,ANCASH,PALLASCA,BOLOGNESI,BOLOGNESI (PALLASCA),2025,2026,0.1395348837209302,0.2624,BAJO RIESGO,CENTRO,MACROREGION NORTE,-8.35055555555556,-78.0505555555555,2931.0
21501,ANCASH,PALLASCA,CABANA,CABANA (PALLASCA),2025,2026,0.1041666666666666,0.2281,BAJO RIESGO,CENTRO,MACROREGION NORTE,-8.39305555555556,-78.0088888888889,3156.0
21503,ANCASH,PALLASCA,CONCHUCOS,CONCHUCOS (PALLASCA),2025,2026,0.189922480620155,0.2348,BAJO RIESGO,CENTRO,MACROREGION NORTE,-8.26861111111111,-77.8527777777777,3206.0
21504,ANCASH,PALLASCA,HUACASCHUQUE,HUACASCHUQUE (PALLASCA),2025,2026,0.0,0.2912,BAJO RIESGO,CENTRO,MACROREGION NORTE,-8.30638888888889,-78.0047222222222,3140.0
21505,ANCASH,PALLASCA,HUANDOVAL,HUANDOVAL (PALLASCA),2025,2026,0.2692307692307692,0.4963,BAJO RIESGO,CENTRO,MACROREGION NORTE,-8.33111111111111,-77.9752777777778,3063.0
21506,ANCASH,PALLASCA,LACABAMBA,LACABAMBA (PALLASCA),2025,2026,0.2777777777777778,0.4977,BAJO RIESGO,CENTRO,MACROREGION NORTE,-8.26027777777778,-77.8983333333333,3427.0
21507,ANCASH,PALLASCA,LLAPO,LLAPO (PALLASCA),2025,2026,0.0,0.3476,BAJO RIESGO,CENTRO,MACROREGION NORTE,-8.51444444444445,-78.0422222222222,3416.0
21508,ANCASH,PALLASCA,PALLASCA,PALLASCA (PALLASCA),2025,2026,0.2597402597402597,0.4557,BAJO RIESGO,CENTRO,MACROREGION NORTE,-8.25305555555556,-77.9994444444445,3086.0
21509,ANCASH,PALLASCA,PAMPAS,PAMPAS (PALLASCA),2025,2026,0.2787878787878788,0.4233,BAJO RIESGO,CENTRO,MACROREGION NORTE,-8.19527777777778,-77.8958333333333,3216.0
21510,ANCASH,PALLASCA,SANTA ROSA,SANTA ROSA (PALLASCA),2025,2026,0.0606060606060606,0.2727,BAJO RIESGO,CENTRO,MACROREGION NORTE,-8.52777777777778,-78.0675,2413.0
21511,ANCASH,PALLASCA,TAUCA,TAUCA (PALLASCA),2025,2026,0.2388059701492537,0.3419,BAJO RIESGO,CENTRO,MACROREGION NORTE,-8.47027777777778,-78.0377777777778,3368.0
21602,ANCASH,POMABAMBA,HUAYLLAN,HUAYLLAN (POMABAMBA),2025,2026,0.037037037037037,0.2172,BAJO RIESGO,CENTRO,MACROREGION NORTE,-8.85805555555556,-77.4355555555556,2993.0
21603,ANCASH,POMABAMBA,PAROBAMBA,PAROBAMBA (POMABAMBA),2025,2026,0.1111111111111111,0.2191,BAJO RIESGO,CENTRO,MACROREGION NORTE,-8.69583333333333,-77.4297222222222,3182.0
21601,ANCASH,POMABAMBA,POMABAMBA,POMABAMBA (POMABAMBA),2025,2026,0.0946843853820598,0.1903,BAJO RIESGO,CENTRO,MACROREGION NORTE,-8.82111111111111,-77.4602777777778,2964.0
21604,ANCASH,POMABAMBA,QUINUABAMBA,QUINUABAMBA (POMABAMBA),2025,2026,0.1585365853658536,0.2003,BAJO RIESGO,CENTRO,MACROREGION NORTE,-8.69722222222222,-77.3983333333333,3129.0
21702,ANCASH,RECUAY,CATAC,CATAC (RECUAY),2025,2026,0.170886075949367,0.2444,BAJO RIESGO,CENTRO,MACROREGION NORTE,-9.80166666666667,-77.4305555555556,3579.0
21703,ANCASH,RECUAY,COTAPARACO,COTAPARACO (RECUAY),2025,2026,0.0,0.364,BAJO RIESGO,CENTRO,MACROREGION NORTE,-9.99333333333333,-77.5880555555555,3032.0
21704,ANCASH,RECUAY,HUAYLLAPAMPA,HUAYLLAPAMPA (RECUAY),2025,2026,0.0,0.3313,BAJO RIESGO,CENTRO,MACROREGION NORTE,-10.0555555555556,-77.5366666666667,2908.0
21705,ANCASH,RECUAY,LLACLLIN,LLACLLIN (RECUAY),2025,2026,0.217391304347826,0.4199,BAJO RIESGO,CENTRO,MACROREGION NORTE,-10.0691666666667,-77.6216666666667,3020.0
21706,ANCASH,RECUAY,MARCA,MARCA (RECUAY),2025,2026,0.0,0.3257,BAJO RIESGO,CENTRO,MACROREGION NORTE,-10.0891666666667,-77.4744444444444,2615.0
21707,ANCASH,RECUAY,PAMPAS CHICO,PAMPAS CHICO (RECUAY),2025,2026,0.3157894736842105,0.4958,BAJO RIESGO,CENTRO,MACROREGION NORTE,-10.1147222222222,-77.3980555555556,3552.0
21708,ANCASH,RECUAY,PARARIN,PARARIN (RECUAY),2025,2026,0.875,0.8062,ALTO RIESGO,CENTRO,MACROREGION NORTE,-10.05,-77.6544444444445,3402.0
21701,ANCASH,RECUAY,RECUAY,RECUAY (RECUAY),2025,2026,0.2279411764705882,0.2802,BAJO RIESGO,CENTRO,MACROREGION NORTE,-9.72166666666667,-77.4563888888889,3428.0
21709,ANCASH,RECUAY,TAPACOCHA,TAPACOCHA (RECUAY),2025,2026,0.0,0.3773,BAJO RIESGO,CENTRO,MACROREGION NORTE,-10.0102777777778,-77.5691666666667,3596.0
21710,ANCASH,RECUAY,TICAPAMPA,TICAPAMPA (RECUAY),2025,2026,0.36,0.5191,BAJO RIESGO,CENTRO,MACROREGION NORTE,-9.76055555555556,-77.4427777777778,3485.0
21802,ANCASH,SANTA,CACERES DEL PERU,CACERES DEL PERU (SANTA),2025,2026,0.1806451612903225,0.2311,BAJO RIESGO,CENTRO,MACROREGION NORTE,-9.01305555555555,-78.1380555555555,1210.0
21801,ANCASH,SANTA,CHIMBOTE,CHIMBOTE (SANTA),2025,2026,0.1125672829393868,0.1434,BAJO RIESGO,CENTRO,MACROREGION NORTE,-9.04166666666667,-78.6077777777778,52.0
21803,ANCASH,SANTA,COISHCO,COISHCO (SANTA),2025,2026,0.0254041570438799,0.1362,BAJO RIESGO,CENTRO,MACROREGION NORTE,-9.02305555555555,-78.6161111111111,31.0
21804,ANCASH,SANTA,MACATE,MACATE (SANTA),2025,2026,0.6333333333333333,0.8063,ALTO RIESGO,CENTRO,MACROREGION NORTE,-8.76027777777778,-78.0613888888889,2731.0
21805,ANCASH,SANTA,MORO,MORO (SANTA),2025,2026,0.1739130434782608,0.1755,BAJO RIESGO,CENTRO,MACROREGION NORTE,-9.13888888888889,-78.1833333333333,504.0
21806,ANCASH,SANTA,NEPEÑA,NEPEÑA (SANTA),2025,2026,0.1021671826625387,0.1434,BAJO RIESGO,CENTRO,MACROREGION NORTE,-9.17277777777777,-78.3608333333333,159.0
21809,ANCASH,SANTA,NUEVO CHIMBOTE,NUEVO CHIMBOTE (SANTA),2025,2026,0.1433438155136268,0.1444,BAJO RIESGO,CENTRO,MACROREGION NORTE,-9.12861111111111,-78.5308333333333,40.0
21807,ANCASH,SANTA,SAMANCO,SAMANCO (SANTA),2025,2026,0.0973451327433628,0.1476,BAJO RIESGO,CENTRO,MACROREGION NORTE,-9.26222222222222,-78.4958333333333,17.0
21808,ANCASH,SANTA,SANTA,SANTA (SANTA),2025,2026,0.1331877729257642,0.1365,BAJO RIESGO,CENTRO,MACROREGION NORTE,-8.98777777777778,-78.6130555555555,35.0
21902,ANCASH,SIHUAS,ACOBAMBA,ACOBAMBA (SIHUAS),2025,2026,0.3571428571428571,0.5026,BAJO RIESGO,CENTRO,MACROREGION NORTE,-8.32611111111111,-77.5819444444444,3147.0
21903,ANCASH,SIHUAS,ALFONSO UGARTE,ALFONSO UGARTE (SIHUAS),2025,2026,0.3846153846153846,0.5312,BAJO RIESGO,CENTRO,MACROREGION NORTE,-8.45611111111111,-77.4266666666667,3197.0
21904,ANCASH,SIHUAS,CASHAPAMPA,CASHAPAMPA (SIHUAS),2025,2026,0.1428571428571428,0.236,BAJO RIESGO,CENTRO,MACROREGION NORTE,-8.56111111111111,-77.6530555555556,3430.0
21905,ANCASH,SIHUAS,CHINGALPO,CHINGALPO (SIHUAS),2025,2026,0.0909090909090909,0.2799,BAJO RIESGO,CENTRO,MACROREGION NORTE,-8.33861111111111,-77.5975,3157.0
21906,ANCASH,SIHUAS,HUAYLLABAMBA,HUAYLLABAMBA (SIHUAS),2025,2026,0.0769230769230769,0.2184,BAJO RIESGO,CENTRO,MACROREGION NORTE,-8.53472222222222,-77.5669444444444,3329.0
21907,ANCASH,SIHUAS,QUICHES,QUICHES (SIHUAS),2025,2026,0.3563218390804598,0.5106,BAJO RIESGO,CENTRO,MACROREGION NORTE,-8.395,-77.4911111111111,3035.0
21908,ANCASH,SIHUAS,RAGASH,RAGASH (SIHUAS),2025,2026,0.0727272727272727,0.245,BAJO RIESGO,CENTRO,MACROREGION NORTE,-8.53166666666667,-77.6658333333333,3437.0
21909,ANCASH,SIHUAS,SAN JUAN,SAN JUAN (SIHUAS),2025,2026,0.0672645739910313,0.1789,BAJO RIESGO,CENTRO,MACROREGION NORTE,-8.64638888888889,-77.5819444444444,2739.0
21910,ANCASH,SIHUAS,SICSIBAMBA,SICSIBAMBA (SIHUAS),2025,2026,0.0689655172413793,0.2459,BAJO RIESGO,CENTRO,MACROREGION NORTE,-8.62333333333333,-77.5355555555555,3148.0
21901,ANCASH,SIHUAS,SIHUAS,SIHUAS (SIHUAS),2025,2026,0.2878787878787879,0.3848,BAJO RIESGO,CENTRO,MACROREGION NORTE,-8.55444444444445,-77.6308333333333,2767.0
22002,ANCASH,YUNGAY,CASCAPARA,CASCAPARA (YUNGAY),2025,2026,0.2727272727272727,0.5163,BAJO RIESGO,CENTRO,MACROREGION NORTE,-9.22638888888889,-77.7172222222222,2742.0
22003,ANCASH,YUNGAY,MANCOS,MANCOS (YUNGAY),2025,2026,0.1420454545454545,0.1904,BAJO RIESGO,CENTRO,MACROREGION NORTE,-9.19,-77.7122222222222,2542.0
22004,ANCASH,YUNGAY,MATACOTO,MATACOTO (YUNGAY),2025,2026,0.4736842105263157,0.6329,BAJO RIESGO,CENTRO,MACROREGION NORTE,-9.17694444444444,-77.7472222222222,2486.0
22005,ANCASH,YUNGAY,QUILLO,QUILLO (YUNGAY),2025,2026,0.33184855233853,0.5002,BAJO RIESGO,CENTRO,MACROREGION NORTE,-9.32861111111111,-78.0416666666667,1267.0
22006,ANCASH,YUNGAY,RANRAHIRCA,RANRAHIRCA (YUNGAY),2025,2026,0.4382022471910112,0.6238,BAJO RIESGO,CENTRO,MACROREGION NORTE,-9.17305555555556,-77.7225,2496.0
22007,ANCASH,YUNGAY,SHUPLUY,SHUPLUY (YUNGAY),2025,2026,0.0857142857142857,0.2165,BAJO RIESGO,CENTRO,MACROREGION NORTE,-9.21694444444444,-77.6938888888889,2517.0
22008,ANCASH,YUNGAY,YANAMA,YANAMA (YUNGAY),2025,2026,0.2189349112426035,0.2741,BAJO RIESGO,CENTRO,MACROREGION NORTE,-9.02055555555556,-77.4708333333333,3389.0
22001,ANCASH,YUNGAY,YUNGAY,YUNGAY (YUNGAY),2025,2026,0.3482384823848238,0.5347,BAJO RIESGO,CENTRO,MACROREGION NORTE,-9.14,-77.7447222222222,2517.0
30101,APURIMAC,ABANCAY,ABANCAY,ABANCAY (ABANCAY),2025,2026,0.223887587822014,0.252,BAJO RIESGO,SUR,MACROREGION CENTRO,-13.6288888888889,-72.8861111111111,2500.0
30102,APURIMAC,ABANCAY,CHACOCHE,CHACOCHE (ABANCAY),2025,2026,0.676923076923077,0.7613,ALTO RIESGO,SUR,MACROREGION CENTRO,-13.9411111111111,-72.9911111111111,3482.0
30103,APURIMAC,ABANCAY,CIRCA,CIRCA (ABANCAY),2025,2026,0.3181818181818182,0.4923,BAJO RIESGO,SUR,MACROREGION CENTRO,-13.8783333333333,-72.8758333333333,3206.0
30104,APURIMAC,ABANCAY,CURAHUASI,CURAHUASI (ABANCAY),2025,2026,0.0412371134020618,0.1939,BAJO RIESGO,SUR,MACROREGION CENTRO,-13.5413888888889,-72.6961111111111,2694.0
30105,APURIMAC,ABANCAY,HUANIPACA,HUANIPACA (ABANCAY),2025,2026,0.1463414634146341,0.2076,BAJO RIESGO,SUR,MACROREGION CENTRO,-13.4922222222222,-72.9333333333333,3155.0
30106,APURIMAC,ABANCAY,LAMBRAMA,LAMBRAMA (ABANCAY),2025,2026,0.2580645161290322,0.4851,BAJO RIESGO,SUR,MACROREGION CENTRO,-13.8708333333333,-72.7697222222222,3126.0
30107,APURIMAC,ABANCAY,PICHIRHUA,PICHIRHUA (ABANCAY),2025,2026,0.453125,0.7007,ALTO RIESGO,SUR,MACROREGION CENTRO,-13.8608333333333,-73.0733333333333,2766.0
30108,APURIMAC,ABANCAY,SAN PEDRO DE CACHORA,SAN PEDRO DE CACHORA (ABANCAY),2025,2026,0.024390243902439,0.2341,BAJO RIESGO,SUR,MACROREGION CENTRO,-13.5141666666667,-72.8141666666667,2916.0
30109,APURIMAC,ABANCAY,TAMBURCO,TAMBURCO (ABANCAY),2025,2026,0.1302211302211302,0.1866,BAJO RIESGO,SUR,MACROREGION CENTRO,-13.6222222222222,-72.8733333333333,2620.0
30201,APURIMAC,ANDAHUAYLAS,ANDAHUAYLAS,ANDAHUAYLAS (ANDAHUAYLAS),2025,2026,0.1055853098699311,0.1843,BAJO RIESGO,SUR,MACROREGION CENTRO,-13.6561111111111,-73.3897222222222,2836.0
30202,APURIMAC,ANDAHUAYLAS,ANDARAPA,ANDARAPA (ANDAHUAYLAS),2025,2026,0.1428571428571428,0.1819,BAJO RIESGO,SUR,MACROREGION CENTRO,-13.5280555555556,-73.3658333333333,3002.0
30203,APURIMAC,ANDAHUAYLAS,CHIARA,CHIARA (ANDAHUAYLAS),2025,2026,0.037037037037037,0.2661,BAJO RIESGO,SUR,MACROREGION CENTRO,-13.8672222222222,-73.6688888888889,3289.0
30204,APURIMAC,ANDAHUAYLAS,HUANCARAMA,HUANCARAMA (ANDAHUAYLAS),2025,2026,0.1417322834645669,0.2004,BAJO RIESGO,SUR,MACROREGION CENTRO,-13.6447222222222,-73.0855555555555,2976.0
30205,APURIMAC,ANDAHUAYLAS,HUANCARAY,HUANCARAY (ANDAHUAYLAS),2025,2026,0.0865384615384615,0.1985,BAJO RIESGO,SUR,MACROREGION CENTRO,-13.7572222222222,-73.5275,2909.0
30206,APURIMAC,ANDAHUAYLAS,HUAYANA,HUAYANA (ANDAHUAYLAS),2025,2026,0.2,0.3816,BAJO RIESGO,SUR,MACROREGION CENTRO,-14.0508333333333,-73.6094444444444,3196.0
30220,APURIMAC,ANDAHUAYLAS,JOSE MARIA ARGUEDAS,JOSE MARIA ARGUEDAS (ANDAHUAYLAS),2025,2026,0.1141304347826086,0.1771,BAJO RIESGO,SUR,MACROREGION CENTRO,-13.7341666666667,-73.3505555555555,3590.0
30219,APURIMAC,ANDAHUAYLAS,KAQUIABAMBA,KAQUIABAMBA (ANDAHUAYLAS),2025,2026,0.12,0.2428,BAJO RIESGO,SUR,MACROREGION CENTRO,-13.5325,-73.2883333333333,3087.0
30207,APURIMAC,ANDAHUAYLAS,KISHUARA,KISHUARA (ANDAHUAYLAS),2025,2026,0.4468085106382978,0.6998,BAJO RIESGO,SUR,MACROREGION CENTRO,-13.6911111111111,-73.1186111111111,3717.0
30208,APURIMAC,ANDAHUAYLAS,PACOBAMBA,PACOBAMBA (ANDAHUAYLAS),2025,2026,0.056338028169014,0.2053,BAJO RIESGO,SUR,MACROREGION CENTRO,-13.6152777777778,-73.0838888888889,2712.0
30209,APURIMAC,ANDAHUAYLAS,PACUCHA,PACUCHA (ANDAHUAYLAS),2025,2026,0.0555555555555555,0.1777,BAJO RIESGO,SUR,MACROREGION CENTRO,-13.6094444444444,-73.3441666666667,3162.0
30210,APURIMAC,ANDAHUAYLAS,PAMPACHIRI,PAMPACHIRI (ANDAHUAYLAS),2025,2026,0.144578313253012,0.2249,BAJO RIESGO,SUR,MACROREGION CENTRO,-14.1869444444444,-73.5447222222222,3388.0
30211,APURIMAC,ANDAHUAYLAS,POMACOCHA,POMACOCHA (ANDAHUAYLAS),2025,2026,0.0,0.2828,BAJO RIESGO,SUR,MACROREGION CENTRO,-14.0838888888889,-73.5908333333333,3673.0
30212,APURIMAC,ANDAHUAYLAS,SAN ANTONIO DE CACHI,SAN ANTONIO DE CACHI (ANDAHUAYLAS),2025,2026,0.0259740259740259,0.2194,BAJO RIESGO,SUR,MACROREGION CENTRO,-13.7730555555556,-73.6033333333333,3258.0
30213,APURIMAC,ANDAHUAYLAS,SAN JERONIMO,SAN JERONIMO (ANDAHUAYLAS),2025,2026,0.0647058823529411,0.1841,BAJO RIESGO,SUR,MACROREGION CENTRO,-13.6516666666667,-73.3658333333333,2973.0
30214,APURIMAC,ANDAHUAYLAS,SAN MIGUEL DE CHACCRAMPA,SAN MIGUEL DE CHACCRAMPA (ANDAHUAYLAS),2025,2026,0.0151515151515151,0.189,BAJO RIESGO,SUR,MACROREGION CENTRO,-13.9611111111111,-73.6077777777778,3681.0
30215,APURIMAC,ANDAHUAYLAS,SANTA MARIA DE CHICMO,SANTA MARIA DE CHICMO (ANDAHUAYLAS),2025,2026,0.1126126126126126,0.1905,BAJO RIESGO,SUR,MACROREGION CENTRO,-13.6575,-73.4938888888889,3287.0
30216,APURIMAC,ANDAHUAYLAS,TALAVERA,TALAVERA (ANDAHUAYLAS),2025,2026,0.1736434108527131,0.2112,BAJO RIESGO,SUR,MACROREGION CENTRO,-13.6541666666667,-73.4288888888889,2842.0
30217,APURIMAC,ANDAHUAYLAS,TUMAY HUARACA,TUMAY HUARACA (ANDAHUAYLAS),2025,2026,0.0303030303030303,0.2582,BAJO RIESGO,SUR,MACROREGION CENTRO,-14.0527777777778,-73.5658333333333,3409.0
30218,APURIMAC,ANDAHUAYLAS,TURPO,TURPO (ANDAHUAYLAS),2025,2026,0.0120481927710843,0.1875,BAJO RIESGO,SUR,MACROREGION CENTRO,-13.7855555555556,-73.4741666666667,3327.0
30301,APURIMAC,ANTABAMBA,ANTABAMBA,ANTABAMBA (ANTABAMBA),2025,2026,0.0864197530864197,0.2242,BAJO RIESGO,SUR,MACROREGION CENTRO,-14.3652777777778,-72.8772222222222,3664.0
30302,APURIMAC,ANTABAMBA,EL ORO,EL ORO (ANTABAMBA),2025,2026,0.05,0.295,BAJO RIESGO,SUR,MACROREGION CENTRO,-14.2088888888889,-73.0583333333333,3304.0
30303,APURIMAC,ANTABAMBA,HUAQUIRCA,HUAQUIRCA (ANTABAMBA),2025,2026,0.1428571428571428,0.2733,BAJO RIESGO,SUR,MACROREGION CENTRO,-14.3394444444444,-72.895,3500.0
30304,APURIMAC,ANTABAMBA,JUAN ESPINOZA MEDRANO,JUAN ESPINOZA MEDRANO (ANTABAMBA),2025,2026,0.0434782608695652,0.2623,BAJO RIESGO,SUR,MACROREGION CENTRO,-14.4283333333333,-72.915,3316.0
30305,APURIMAC,ANTABAMBA,OROPESA,OROPESA (ANTABAMBA),2025,2026,0.2083333333333333,0.3088,BAJO RIESGO,SUR,MACROREGION CENTRO,-14.2605555555556,-72.5636111111111,3327.0
30306,APURIMAC,ANTABAMBA,PACHACONAS,PACHACONAS (ANTABAMBA),2025,2026,0.45,0.6203,BAJO RIESGO,SUR,MACROREGION CENTRO,-14.2233333333333,-73.0163888888889,3465.0
30307,APURIMAC,ANTABAMBA,SABAINO,SABAINO (ANTABAMBA),2025,2026,0.0689655172413793,0.2922,BAJO RIESGO,SUR,MACROREGION CENTRO,-14.3133333333333,-72.9452777777778,3441.0
30402,APURIMAC,AYMARAES,CAPAYA,CAPAYA (AYMARAES),2025,2026,0.0526315789473684,0.3105,BAJO RIESGO,SUR,MACROREGION CENTRO,-14.1177777777778,-73.3211111111111,3311.0
30403,APURIMAC,AYMARAES,CARAYBAMBA,CARAYBAMBA (AYMARAES),2025,2026,0.2,0.4219,BAJO RIESGO,SUR,MACROREGION CENTRO,-14.3780555555556,-73.1608333333333,3324.0
30401,APURIMAC,AYMARAES,CHALHUANCA,CHALHUANCA (AYMARAES),2025,2026,0.2887323943661972,0.3996,BAJO RIESGO,SUR,MACROREGION CENTRO,-14.2944444444444,-73.2447222222222,2929.0
30404,APURIMAC,AYMARAES,CHAPIMARCA,CHAPIMARCA (AYMARAES),2025,2026,0.4918032786885246,0.6327,BAJO RIESGO,SUR,MACROREGION CENTRO,-13.975,-73.065,3423.0
30405,APURIMAC,AYMARAES,COLCABAMBA,COLCABAMBA (AYMARAES),2025,2026,0.0,0.2787,BAJO RIESGO,SUR,MACROREGION CENTRO,-14.0063888888889,-73.2541666666667,3174.0
30406,APURIMAC,AYMARAES,COTARUSE,COTARUSE (AYMARAES),2025,2026,0.0973451327433628,0.2315,BAJO RIESGO,SUR,MACROREGION CENTRO,-14.4158333333333,-73.205,3268.0
30407,APURIMAC,AYMARAES,HUAYLLO,HUAYLLO (AYMARAES),2025,2026,0.2,0.4018,BAJO RIESGO,SUR,MACROREGION CENTRO,-14.1330555555556,-73.2677777777778,3172.0
30408,APURIMAC,AYMARAES,JUSTO APU SAHUARAURA,JUSTO APU SAHUARAURA (AYMARAES),2025,2026,0.0,0.3041,BAJO RIESGO,SUR,MACROREGION CENTRO,-14.1480555555556,-73.1738888888889,3133.0
30409,APURIMAC,AYMARAES,LUCRE,LUCRE (AYMARAES),2025,2026,0.0384615384615384,0.2137,BAJO RIESGO,SUR,MACROREGION CENTRO,-13.9497222222222,-73.2261111111111,2822.0
30410,APURIMAC,AYMARAES,POCOHUANCA,POCOHUANCA (AYMARAES),2025,2026,0.1785714285714285,0.3561,BAJO RIESGO,SUR,MACROREGION CENTRO,-14.2183333333333,-73.0869444444444,3374.0
30411,APURIMAC,AYMARAES,SAN JUAN DE CHACÑA,SAN JUAN DE CHACÑA (AYMARAES),2025,2026,0.0588235294117647,0.2736,BAJO RIESGO,SUR,MACROREGION CENTRO,-13.9241666666667,-73.1822222222222,2874.0
30412,APURIMAC,AYMARAES,SAÑAYCA,SAÑAYCA (AYMARAES),2025,2026,0.125,0.275,BAJO RIESGO,SUR,MACROREGION CENTRO,-14.2044444444444,-73.3469444444444,3373.0
30413,APURIMAC,AYMARAES,SORAYA,SORAYA (AYMARAES),2025,2026,0.0625,0.2814,BAJO RIESGO,SUR,MACROREGION CENTRO,-14.1647222222222,-73.315,2884.0
30414,APURIMAC,AYMARAES,TAPAIRIHUA,TAPAIRIHUA (AYMARAES),2025,2026,0.1666666666666666,0.3104,BAJO RIESGO,SUR,MACROREGION CENTRO,-14.1413888888889,-73.1402777777778,2839.0
30415,APURIMAC,AYMARAES,TINTAY,TINTAY (AYMARAES),2025,2026,0.0652173913043478,0.2231,BAJO RIESGO,SUR,MACROREGION CENTRO,-13.9594444444444,-73.1852777777778,2824.0
30416,APURIMAC,AYMARAES,TORAYA,TORAYA (AYMARAES),2025,2026,0.0,0.2532,BAJO RIESGO,SUR,MACROREGION CENTRO,-14.0530555555556,-73.2938888888889,3167.0
30417,APURIMAC,AYMARAES,YANACA,YANACA (AYMARAES),2025,2026,0.2916666666666667,0.4757,BAJO RIESGO,SUR,MACROREGION CENTRO,-14.2252777777778,-73.16,3339.0
30612,APURIMAC,CHINCHEROS,AHUAYRO,AHUAYRO (CHINCHEROS),2025,2026,0.6956521739130435,0.7684,ALTO RIESGO,SUR,MACROREGION CENTRO,,,
30602,APURIMAC,CHINCHEROS,ANCO-HUALLO,ANCO-HUALLO (CHINCHEROS),2025,2026,0.163538873994638,0.2131,BAJO RIESGO,SUR,MACROREGION CENTRO,-13.5297222222222,-73.6741666666667,3239.0
30601,APURIMAC,CHINCHEROS,CHINCHEROS,CHINCHEROS (CHINCHEROS),2025,2026,0.2121212121212121,0.2367,BAJO RIESGO,SUR,MACROREGION CENTRO,-13.5183333333333,-73.7227777777778,2799.0
30603,APURIMAC,CHINCHEROS,COCHARCAS,COCHARCAS (CHINCHEROS),2025,2026,0.1320754716981132,0.2239,BAJO RIESGO,SUR,MACROREGION CENTRO,-13.6105555555556,-73.7413888888889,3051.0
30610,APURIMAC,CHINCHEROS,EL PORVENIR,EL PORVENIR (CHINCHEROS),2025,2026,0.0701754385964912,0.2489,BAJO RIESGO,SUR,MACROREGION CENTRO,-13.3966666666667,-73.5933333333333,3045.0
30604,APURIMAC,CHINCHEROS,HUACCANA,HUACCANA (CHINCHEROS),2025,2026,0.0984848484848484,0.201,BAJO RIESGO,SUR,MACROREGION CENTRO,-13.3880555555556,-73.6891666666667,3093.0
30611,APURIMAC,CHINCHEROS,LOS CHANKAS,LOS CHANKAS (CHINCHEROS),2025,2026,0.0222222222222222,0.2602,BAJO RIESGO,SUR,MACROREGION CENTRO,-13.435,-73.8219444444444,2058.0
30605,APURIMAC,CHINCHEROS,OCOBAMBA,OCOBAMBA (CHINCHEROS),2025,2026,0.0608695652173913,0.193,BAJO RIESGO,SUR,MACROREGION CENTRO,-13.4825,-73.5602777777778,3039.0
30606,APURIMAC,CHINCHEROS,ONGOY,ONGOY (CHINCHEROS),2025,2026,0.1866666666666666,0.2775,BAJO RIESGO,SUR,MACROREGION CENTRO,-13.4027777777778,-73.6683333333333,2799.0
30608,APURIMAC,CHINCHEROS,RANRACANCHA,RANRACANCHA (CHINCHEROS),2025,2026,0.2045454545454545,0.2556,BAJO RIESGO,SUR,MACROREGION CENTRO,-13.5325,-73.6055555555555,3426.0
30609,APURIMAC,CHINCHEROS,ROCCHACC,ROCCHACC (CHINCHEROS),2025,2026,0.1929824561403508,0.249,BAJO RIESGO,SUR,MACROREGION CENTRO,-13.4405555555556,-73.6,3042.0
30607,APURIMAC,CHINCHEROS,URANMARCA,URANMARCA (CHINCHEROS),2025,2026,0.3833333333333333,0.5993,BAJO RIESGO,SUR,MACROREGION CENTRO,-13.6722222222222,-73.6694444444445,3115.0
30506,APURIMAC,COTABAMBAS,CHALLHUAHUACHO,CHALLHUAHUACHO (COTABAMBAS),2025,2026,0.0786516853932584,0.1883,BAJO RIESGO,SUR,MACROREGION CENTRO,-14.1186111111111,-72.2466666666667,3724.0
30502,APURIMAC,COTABAMBAS,COTABAMBAS,COTABAMBAS (COTABAMBAS),2025,2026,0.0666666666666666,0.2262,BAJO RIESGO,SUR,MACROREGION CENTRO,-13.7455555555556,-72.355,3557.0
30503,APURIMAC,COTABAMBAS,COYLLURQUI,COYLLURQUI (COTABAMBAS),2025,2026,0.0916905444126074,0.1926,BAJO RIESGO,SUR,MACROREGION CENTRO,-13.8369444444444,-72.4322222222222,3184.0
30504,APURIMAC,COTABAMBAS,HAQUIRA,HAQUIRA (COTABAMBAS),2025,2026,0.1111111111111111,0.1905,BAJO RIESGO,SUR,MACROREGION CENTRO,-14.2141666666667,-72.1888888888889,3698.0
30505,APURIMAC,COTABAMBAS,MARA,MARA (COTABAMBAS),2025,2026,0.1047619047619047,0.1973,BAJO RIESGO,SUR,MACROREGION CENTRO,-14.0866666666667,-72.1019444444444,3792.0
30501,APURIMAC,COTABAMBAS,TAMBOBAMBA,TAMBOBAMBA (COTABAMBAS),2025,2026,0.1283095723014256,0.1941,BAJO RIESGO,SUR,MACROREGION CENTRO,-13.9461111111111,-72.1747222222222,3267.0
30701,APURIMAC,GRAU,CHUQUIBAMBILLA,CHUQUIBAMBILLA (GRAU),2025,2026,0.1370967741935483,0.2108,BAJO RIESGO,SUR,MACROREGION CENTRO,-14.105,-72.7077777777778,3360.0
30714,APURIMAC,GRAU,CURASCO,CURASCO (GRAU),2025,2026,0.0689655172413793,0.3122,BAJO RIESGO,SUR,MACROREGION CENTRO,-14.0619444444444,-72.5677777777778,3566.0
30702,APURIMAC,GRAU,CURPAHUASI,CURPAHUASI (GRAU),2025,2026,0.4318181818181818,0.6279,BAJO RIESGO,SUR,MACROREGION CENTRO,-14.0633333333333,-72.6708333333333,3490.0
30703,APURIMAC,GRAU,GAMARRA,GAMARRA (GRAU),2025,2026,0.2758620689655172,0.4451,BAJO RIESGO,SUR,MACROREGION CENTRO,-13.8716666666667,-72.5083333333333,3489.0
30704,APURIMAC,GRAU,HUAYLLATI,HUAYLLATI (GRAU),2025,2026,0.2142857142857142,0.366,BAJO RIESGO,SUR,MACROREGION CENTRO,-13.9280555555556,-72.4844444444445,3469.0
30705,APURIMAC,GRAU,MAMARA,MAMARA (GRAU),2025,2026,0.1,0.2896,BAJO RIESGO,SUR,MACROREGION CENTRO,-14.2286111111111,-72.5908333333333,3619.0
30706,APURIMAC,GRAU,MICAELA BASTIDAS,MICAELA BASTIDAS (GRAU),2025,2026,0.1578947368421052,0.3155,BAJO RIESGO,SUR,MACROREGION CENTRO,-14.1152777777778,-72.6141666666667,3528.0
30707,APURIMAC,GRAU,PATAYPAMPA,PATAYPAMPA (GRAU),2025,2026,0.2631578947368421,0.5157,BAJO RIESGO,SUR,MACROREGION CENTRO,-14.1775,-72.6725,3800.0
30708,APURIMAC,GRAU,PROGRESO,PROGRESO (GRAU),2025,2026,0.1788079470198675,0.2468,BAJO RIESGO,SUR,MACROREGION CENTRO,-14.0722222222222,-72.4766666666667,3817.0
30709,APURIMAC,GRAU,SAN ANTONIO,SAN ANTONIO (GRAU),2025,2026,0.1666666666666666,0.3848,BAJO RIESGO,SUR,MACROREGION CENTRO,-14.1694444444444,-72.6233333333333,3483.0
30710,APURIMAC,GRAU,SANTA ROSA,SANTA ROSA (GRAU),2025,2026,0.1333333333333333,0.3058,BAJO RIESGO,SUR,MACROREGION CENTRO,-14.1397222222222,-72.6566666666667,3539.0
30711,APURIMAC,GRAU,TURPAY,TURPAY (GRAU),2025,2026,0.0,0.32,BAJO RIESGO,SUR,MACROREGION CENTRO,-14.2277777777778,-72.6225,3448.0
30712,APURIMAC,GRAU,VILCABAMBA,VILCABAMBA (GRAU),2025,2026,0.1481481481481481,0.2429,BAJO RIESGO,SUR,MACROREGION CENTRO,-14.0777777777778,-72.6247222222222,2801.0
30713,APURIMAC,GRAU,VIRUNDO,VIRUNDO (GRAU),2025,2026,0.05,0.3164,BAJO RIESGO,SUR,MACROREGION CENTRO,-14.2502777777778,-72.6811111111111,3876.0
40102,AREQUIPA,AREQUIPA,ALTO SELVA ALEGRE,ALTO SELVA ALEGRE (AREQUIPA),2025,2026,0.0979299363057324,0.1854,BAJO RIESGO,SUR,MACROREGION SUR,-16.38,-71.5211111111111,2510.0
40101,AREQUIPA,AREQUIPA,AREQUIPA,AREQUIPA (AREQUIPA),2025,2026,0.3773584905660377,0.5936,BAJO RIESGO,SUR,MACROREGION SUR,-16.3933333333333,-71.5288888888889,2429.0
40103,AREQUIPA,AREQUIPA,CAYMA,CAYMA (AREQUIPA),2025,2026,0.2026058631921824,0.2331,BAJO RIESGO,SUR,MACROREGION SUR,-16.3625,-71.5441666666667,2531.0
40104,AREQUIPA,AREQUIPA,CERRO COLORADO,CERRO COLORADO (AREQUIPA),2025,2026,0.2784772182254196,0.3686,BAJO RIESGO,SUR,MACROREGION SUR,-16.3763888888889,-71.5608333333333,2441.0
40105,AREQUIPA,AREQUIPA,CHARACATO,CHARACATO (AREQUIPA),2025,2026,0.2,0.2358,BAJO RIESGO,SUR,MACROREGION SUR,-16.4686111111111,-71.4844444444445,2506.0
40106,AREQUIPA,AREQUIPA,CHIGUATA,CHIGUATA (AREQUIPA),2025,2026,0.3409090909090909,0.5415,BAJO RIESGO,SUR,MACROREGION SUR,-16.4036111111111,-71.3916666666667,3006.0
40107,AREQUIPA,AREQUIPA,JACOBO HUNTER,JACOBO HUNTER (AREQUIPA),2025,2026,0.2159329140461215,0.231,BAJO RIESGO,SUR,MACROREGION SUR,-16.4413888888889,-71.5586111111111,2309.0
40129,AREQUIPA,AREQUIPA,JOSE LUIS BUSTAMANTE Y RIVERO,JOSE LUIS BUSTAMANTE Y RIVERO (AREQUIPA),2025,2026,0.2545691906005222,0.3219,BAJO RIESGO,SUR,MACROREGION SUR,-16.4266666666667,-71.5238888888889,2389.0
40108,AREQUIPA,AREQUIPA,LA JOYA,LA JOYA (AREQUIPA),2025,2026,0.25,0.318,BAJO RIESGO,SUR,MACROREGION SUR,-16.4230555555556,-71.8183333333333,1640.0
40109,AREQUIPA,AREQUIPA,MARIANO MELGAR,MARIANO MELGAR (AREQUIPA),2025,2026,0.2802155504234026,0.3666,BAJO RIESGO,SUR,MACROREGION SUR,-16.4072222222222,-71.5055555555555,2459.0
40110,AREQUIPA,AREQUIPA,MIRAFLORES,MIRAFLORES (AREQUIPA),2025,2026,0.2128378378378378,0.2356,BAJO RIESGO,SUR,MACROREGION SUR,-16.3947222222222,-71.5225,2450.0
40111,AREQUIPA,AREQUIPA,MOLLEBAYA,MOLLEBAYA (AREQUIPA),2025,2026,0.2260273972602739,0.2883,BAJO RIESGO,SUR,MACROREGION SUR,-16.4872222222222,-71.4669444444445,2515.0
40112,AREQUIPA,AREQUIPA,PAUCARPATA,PAUCARPATA (AREQUIPA),2025,2026,0.282815734989648,0.3783,BAJO RIESGO,SUR,MACROREGION SUR,-16.4327777777778,-71.5047222222222,2453.0
40113,AREQUIPA,AREQUIPA,POCSI,POCSI (AREQUIPA),2025,2026,0.1111111111111111,0.3101,BAJO RIESGO,SUR,MACROREGION SUR,-16.5177777777778,-71.3897222222222,3045.0
40114,AREQUIPA,AREQUIPA,POLOBAYA,POLOBAYA (AREQUIPA),2025,2026,0.1,0.2771,BAJO RIESGO,SUR,MACROREGION SUR,-16.5658333333333,-71.3683333333333,3116.0
40115,AREQUIPA,AREQUIPA,QUEQUEÑA,QUEQUEÑA (AREQUIPA),2025,2026,0.3968253968253968,0.5927,BAJO RIESGO,SUR,MACROREGION SUR,-16.5572222222222,-71.4513888888889,2561.0
40116,AREQUIPA,AREQUIPA,SABANDIA,SABANDIA (AREQUIPA),2025,2026,0.360655737704918,0.604,BAJO RIESGO,SUR,MACROREGION SUR,-16.4569444444444,-71.4947222222222,2441.0
40117,AREQUIPA,AREQUIPA,SACHACA,SACHACA (AREQUIPA),2025,2026,0.3410404624277456,0.5315,BAJO RIESGO,SUR,MACROREGION SUR,-16.4244444444444,-71.5663888888889,2300.0
40118,AREQUIPA,AREQUIPA,SAN JUAN DE SIGUAS,SAN JUAN DE SIGUAS (AREQUIPA),2025,2026,0.2,0.4027,BAJO RIESGO,SUR,MACROREGION SUR,-16.3461111111111,-72.1283333333333,1281.0
40119,AREQUIPA,AREQUIPA,SAN JUAN DE TARUCANI,SAN JUAN DE TARUCANI (AREQUIPA),2025,2026,0.5,0.7277,ALTO RIESGO,SUR,MACROREGION SUR,-16.1836111111111,-71.0619444444444,4217.0
40121,AREQUIPA,AREQUIPA,SANTA RITA DE SIGUAS,SANTA RITA DE SIGUAS (AREQUIPA),2025,2026,0.2962962962962963,0.3934,BAJO RIESGO,SUR,MACROREGION SUR,-16.4936111111111,-72.0947222222222,1283.0
40122,AREQUIPA,AREQUIPA,SOCABAYA,SOCABAYA (AREQUIPA),2025,2026,0.2543307086614173,0.322,BAJO RIESGO,SUR,MACROREGION SUR,-16.4675,-71.5286111111111,2352.0
40123,AREQUIPA,AREQUIPA,TIABAYA,TIABAYA (AREQUIPA),2025,2026,0.2662337662337662,0.3397,BAJO RIESGO,SUR,MACROREGION SUR,-16.4494444444444,-71.5916666666667,2218.0
40124,AREQUIPA,AREQUIPA,UCHUMAYO,UCHUMAYO (AREQUIPA),2025,2026,0.2421383647798742,0.2588,BAJO RIESGO,SUR,MACROREGION SUR,-16.4252777777778,-71.6725,1976.0
40125,AREQUIPA,AREQUIPA,VITOR,VITOR (AREQUIPA),2025,2026,0.2884615384615384,0.4286,BAJO RIESGO,SUR,MACROREGION SUR,-16.4658333333333,-71.9358333333333,1189.0
40126,AREQUIPA,AREQUIPA,YANAHUARA,YANAHUARA (AREQUIPA),2025,2026,0.2203947368421052,0.2448,BAJO RIESGO,SUR,MACROREGION SUR,-16.3819444444444,-71.5363888888889,2402.0
40127,AREQUIPA,AREQUIPA,YARABAMBA,YARABAMBA (AREQUIPA),2025,2026,0.3114754098360656,0.4732,BAJO RIESGO,SUR,MACROREGION SUR,-16.5466666666667,-71.4755555555556,2467.0
40128,AREQUIPA,AREQUIPA,YURA,YURA (AREQUIPA),2025,2026,0.2401700318809776,0.2585,BAJO RIESGO,SUR,MACROREGION SUR,-16.2469444444444,-71.7063888888889,2495.0
40201,AREQUIPA,CAMANA,CAMANA,CAMANA (CAMANA),2025,2026,0.0,0.1464,BAJO RIESGO,SUR,MACROREGION SUR,-16.6247222222222,-72.7113888888889,20.0
40202,AREQUIPA,CAMANA,JOSE MARIA QUIMPER,JOSE MARIA QUIMPER (CAMANA),2025,2026,0.0079365079365079,0.1505,BAJO RIESGO,SUR,MACROREGION SUR,-16.6019444444444,-72.7272222222222,35.0
40203,AREQUIPA,CAMANA,MARIANO NICOLAS VALCARCEL,MARIANO NICOLAS VALCARCEL (CAMANA),2025,2026,0.0550660792951541,0.1583,BAJO RIESGO,SUR,MACROREGION SUR,-16.0313888888889,-73.1744444444444,362.0
40204,AREQUIPA,CAMANA,MARISCAL CACERES,MARISCAL CACERES (CAMANA),2025,2026,0.0101010101010101,0.1468,BAJO RIESGO,SUR,MACROREGION SUR,-16.6197222222222,-72.7361111111111,18.0
40205,AREQUIPA,CAMANA,NICOLAS DE PIEROLA,NICOLAS DE PIEROLA (CAMANA),2025,2026,0.0529100529100529,0.1519,BAJO RIESGO,SUR,MACROREGION SUR,-16.5730555555556,-72.7158333333333,71.0
40206,AREQUIPA,CAMANA,OCOÑA,OCOÑA (CAMANA),2025,2026,0.0,0.1718,BAJO RIESGO,SUR,MACROREGION SUR,-16.4316666666667,-73.105,16.0
40207,AREQUIPA,CAMANA,QUILCA,QUILCA (CAMANA),2025,2026,0.1,0.2217,BAJO RIESGO,SUR,MACROREGION SUR,-16.7169444444444,-72.4255555555555,82.0
40208,AREQUIPA,CAMANA,SAMUEL PASTOR,SAMUEL PASTOR (CAMANA),2025,2026,0.0376344086021505,0.1429,BAJO RIESGO,SUR,MACROREGION SUR,-16.6136111111111,-72.6991666666667,21.0
40302,AREQUIPA,CARAVELI,ACARI,ACARI (CARAVELI),2025,2026,0.0841121495327102,0.1649,BAJO RIESGO,SUR,MACROREGION SUR,-15.4355555555556,-74.6163888888889,171.0
40303,AREQUIPA,CARAVELI,ATICO,ATICO (CARAVELI),2025,2026,0.0197368421052631,0.182,BAJO RIESGO,SUR,MACROREGION SUR,-16.2083333333333,-73.6236111111111,101.0
40304,AREQUIPA,CARAVELI,ATIQUIPA,ATIQUIPA (CARAVELI),2025,2026,0.0769230769230769,0.2547,BAJO RIESGO,SUR,MACROREGION SUR,-15.7961111111111,-74.3636111111111,330.0
40305,AREQUIPA,CARAVELI,BELLA UNION,BELLA UNION (CARAVELI),2025,2026,0.0851063829787234,0.1649,BAJO RIESGO,SUR,MACROREGION SUR,-15.4505555555556,-74.6583333333333,218.0
40306,AREQUIPA,CARAVELI,CAHUACHO,CAHUACHO (CARAVELI),2025,2026,0.1428571428571428,0.3129,BAJO RIESGO,SUR,MACROREGION SUR,-15.5027777777778,-73.4797222222222,3423.0
40301,AREQUIPA,CARAVELI,CARAVELI,CARAVELI (CARAVELI),2025,2026,0.375,0.5761,BAJO RIESGO,SUR,MACROREGION SUR,-15.7725,-73.3658333333333,1811.0
40307,AREQUIPA,CARAVELI,CHALA,CHALA (CARAVELI),2025,2026,0.0672782874617737,0.1439,BAJO RIESGO,SUR,MACROREGION SUR,-15.8655555555556,-74.2475,21.0
40308,AREQUIPA,CARAVELI,CHAPARRA,CHAPARRA (CARAVELI),2025,2026,0.3089430894308943,0.3973,BAJO RIESGO,SUR,MACROREGION SUR,-15.8052777777778,-73.9669444444445,611.0
40309,AREQUIPA,CARAVELI,HUANUHUANU,HUANUHUANU (CARAVELI),2025,2026,0.1241379310344827,0.2053,BAJO RIESGO,SUR,MACROREGION SUR,-15.6588888888889,-74.0913888888889,972.0
40310,AREQUIPA,CARAVELI,JAQUI,JAQUI (CARAVELI),2025,2026,0.125,0.1919,BAJO RIESGO,SUR,MACROREGION SUR,-15.4791666666667,-74.4436111111111,271.0
40311,AREQUIPA,CARAVELI,LOMAS,LOMAS (CARAVELI),2024,2026,0.037037037037037,0.1917,BAJO RIESGO,SUR,MACROREGION SUR,-15.5697222222222,-74.8513888888888,26.0
40312,AREQUIPA,CARAVELI,QUICACHA,QUICACHA (CARAVELI),2025,2026,0.4878048780487805,0.6633,BAJO RIESGO,SUR,MACROREGION SUR,-15.625,-73.7983333333333,1836.0
40313,AREQUIPA,CARAVELI,YAUCA,YAUCA (CARAVELI),2025,2026,0.0422535211267605,0.1641,BAJO RIESGO,SUR,MACROREGION SUR,-15.6619444444444,-74.5272222222222,31.0
40402,AREQUIPA,CASTILLA,ANDAGUA,ANDAGUA (CASTILLA),2025,2026,0.2222222222222222,0.424,BAJO RIESGO,SUR,MACROREGION SUR,-15.4988888888889,-72.3561111111111,3594.0
40401,AREQUIPA,CASTILLA,APLAO,APLAO (CASTILLA),2025,2026,0.1933962264150943,0.1795,BAJO RIESGO,SUR,MACROREGION SUR,-16.0761111111111,-72.4922222222222,625.0
40403,AREQUIPA,CASTILLA,AYO,AYO (CASTILLA),2025,2026,0.2,0.4221,BAJO RIESGO,SUR,MACROREGION SUR,-15.6827777777778,-72.2719444444444,2003.0
40404,AREQUIPA,CASTILLA,CHACHAS,CHACHAS (CASTILLA),2025,2026,0.1904761904761904,0.3478,BAJO RIESGO,SUR,MACROREGION SUR,-15.5013888888889,-72.2705555555555,3117.0
40405,AREQUIPA,CASTILLA,CHILCAYMARCA,CHILCAYMARCA (CASTILLA),2025,2026,0.6363636363636364,0.778,ALTO RIESGO,SUR,MACROREGION SUR,-15.2861111111111,-72.3766666666667,3867.0
40406,AREQUIPA,CASTILLA,CHOCO,CHOCO (CASTILLA),2025,2026,0.1428571428571428,0.3333,BAJO RIESGO,SUR,MACROREGION SUR,-15.5766666666667,-72.1288888888889,2418.0
40407,AREQUIPA,CASTILLA,HUANCARQUI,HUANCARQUI (CASTILLA),2025,2026,0.1578947368421052,0.2377,BAJO RIESGO,SUR,MACROREGION SUR,-16.0961111111111,-72.4722222222222,620.0
40408,AREQUIPA,CASTILLA,MACHAGUAY,MACHAGUAY (CASTILLA),2025,2026,0.0,0.3299,BAJO RIESGO,SUR,MACROREGION SUR,-15.6502777777778,-72.5061111111111,3131.0
40409,AREQUIPA,CASTILLA,ORCOPAMPA,ORCOPAMPA (CASTILLA),2025,2026,0.1392405063291139,0.2055,BAJO RIESGO,SUR,MACROREGION SUR,-15.2625,-72.3419444444444,3818.0
40410,AREQUIPA,CASTILLA,PAMPACOLCA,PAMPACOLCA (CASTILLA),2025,2026,0.3148148148148148,0.4777,BAJO RIESGO,SUR,MACROREGION SUR,-15.7133333333333,-72.5738888888889,2922.0
40411,AREQUIPA,CASTILLA,TIPAN,TIPAN (CASTILLA),2025,2026,0.3333333333333333,0.5142,BAJO RIESGO,SUR,MACROREGION SUR,-15.7230555555556,-72.5019444444444,1939.0
40413,AREQUIPA,CASTILLA,URACA,URACA (CASTILLA),2025,2026,0.0393700787401574,0.152,BAJO RIESGO,SUR,MACROREGION SUR,-16.2238888888889,-72.4697222222222,452.0
40412,AREQUIPA,CASTILLA,UÑON,UÑON (CASTILLA),2024,2026,0.3333333333333333,0.5472,BAJO RIESGO,SUR,MACROREGION SUR,-15.7286111111111,-72.4322222222222,2727.0
40414,AREQUIPA,CASTILLA,VIRACO,VIRACO (CASTILLA),2025,2026,0.25,0.4673,BAJO RIESGO,SUR,MACROREGION SUR,-15.6583333333333,-72.525,3210.0
40502,AREQUIPA,CAYLLOMA,ACHOMA,ACHOMA (CAYLLOMA),2025,2026,0.3333333333333333,0.5537,BAJO RIESGO,SUR,MACROREGION SUR,-15.66,-71.7036111111111,3524.0
40503,AREQUIPA,CAYLLOMA,CABANACONDE,CABANACONDE (CAYLLOMA),2025,2026,0.3243243243243243,0.5413,BAJO RIESGO,SUR,MACROREGION SUR,-15.62,-71.9819444444445,3295.0
40504,AREQUIPA,CAYLLOMA,CALLALLI,CALLALLI (CAYLLOMA),2025,2026,0.3,0.4964,BAJO RIESGO,SUR,MACROREGION SUR,-15.5063888888889,-71.4447222222222,3887.0
40505,AREQUIPA,CAYLLOMA,CAYLLOMA,CAYLLOMA (CAYLLOMA),2025,2026,0.2337662337662337,0.3316,BAJO RIESGO,SUR,MACROREGION SUR,-15.1888888888889,-71.7733333333333,4361.0
40501,AREQUIPA,CAYLLOMA,CHIVAY,CHIVAY (CAYLLOMA),2025,2026,0.2259887005649717,0.2798,BAJO RIESGO,SUR,MACROREGION SUR,-15.6402777777778,-71.6036111111111,3683.0
40506,AREQUIPA,CAYLLOMA,COPORAQUE,COPORAQUE (CAYLLOMA),2025,2026,0.3529411764705882,0.5265,BAJO RIESGO,SUR,MACROREGION SUR,-15.6272222222222,-71.6461111111111,3600.0
40507,AREQUIPA,CAYLLOMA,HUAMBO,HUAMBO (CAYLLOMA),2025,2026,0.0,0.3187,BAJO RIESGO,SUR,MACROREGION SUR,-15.7294444444444,-72.1097222222222,3309.0
40508,AREQUIPA,CAYLLOMA,HUANCA,HUANCA (CAYLLOMA),2025,2026,0.0666666666666666,0.3061,BAJO RIESGO,SUR,MACROREGION SUR,-16.0336111111111,-71.8780555555555,3073.0
40509,AREQUIPA,CAYLLOMA,ICHUPAMPA,ICHUPAMPA (CAYLLOMA),2025,2026,0.1666666666666666,0.3941,BAJO RIESGO,SUR,MACROREGION SUR,-15.65,-71.6866666666667,3422.0
40510,AREQUIPA,CAYLLOMA,LARI,LARI (CAYLLOMA),2025,2026,0.3,0.5229,BAJO RIESGO,SUR,MACROREGION SUR,-15.6183333333333,-71.7725,3373.0
40511,AREQUIPA,CAYLLOMA,LLUTA,LLUTA (CAYLLOMA),2025,2026,0.0,0.3172,BAJO RIESGO,SUR,MACROREGION SUR,-16.0155555555556,-72.0138888888889,3031.0
40512,AREQUIPA,CAYLLOMA,MACA,MACA (CAYLLOMA),2025,2026,0.25,0.4971,BAJO RIESGO,SUR,MACROREGION SUR,-15.6413888888889,-71.7683333333333,3287.0
40513,AREQUIPA,CAYLLOMA,MADRIGAL,MADRIGAL (CAYLLOMA),2025,2026,0.0,0.3046,BAJO RIESGO,SUR,MACROREGION SUR,-15.6083333333333,-71.8075,3300.0
40520,AREQUIPA,CAYLLOMA,MAJES,MAJES (CAYLLOMA),2025,2026,0.3076522644456012,0.3828,BAJO RIESGO,SUR,MACROREGION SUR,-16.3533333333333,-72.2472222222222,1392.0
40514,AREQUIPA,CAYLLOMA,SAN ANTONIO DE CHUCA,SAN ANTONIO DE CHUCA (CAYLLOMA),2025,2026,0.4615384615384615,0.6572,BAJO RIESGO,SUR,MACROREGION SUR,-15.8388888888889,-71.0905555555556,4470.0
40515,AREQUIPA,CAYLLOMA,SIBAYO,SIBAYO (CAYLLOMA),2025,2026,0.3333333333333333,0.5374,BAJO RIESGO,SUR,MACROREGION SUR,-15.4861111111111,-71.4569444444444,3836.0
40516,AREQUIPA,CAYLLOMA,TAPAY,TAPAY (CAYLLOMA),2025,2026,0.2857142857142857,0.5132,BAJO RIESGO,SUR,MACROREGION SUR,-15.5775,-71.9397222222222,3011.0
40517,AREQUIPA,CAYLLOMA,TISCO,TISCO (CAYLLOMA),2025,2026,0.1875,0.3599,BAJO RIESGO,SUR,MACROREGION SUR,-15.3469444444444,-71.4463888888889,4195.0
40518,AREQUIPA,CAYLLOMA,TUTI,TUTI (CAYLLOMA),2025,2026,0.2666666666666666,0.5156,BAJO RIESGO,SUR,MACROREGION SUR,-15.5330555555556,-71.5530555555556,3831.0
40519,AREQUIPA,CAYLLOMA,YANQUE,YANQUE (CAYLLOMA),2025,2026,0.1333333333333333,0.2749,BAJO RIESGO,SUR,MACROREGION SUR,-15.6483333333333,-71.6608333333333,3468.0
40602,AREQUIPA,CONDESUYOS,ANDARAY,ANDARAY (CONDESUYOS),2025,2026,0.25,0.5086,BAJO RIESGO,SUR,MACROREGION SUR,-15.7972222222222,-72.8608333333333,3047.0
40603,AREQUIPA,CONDESUYOS,CAYARANI,CAYARANI (CONDESUYOS),2025,2026,0.3137254901960784,0.4923,BAJO RIESGO,SUR,MACROREGION SUR,-14.6719444444444,-72.0219444444444,3951.0
40604,AREQUIPA,CONDESUYOS,CHICHAS,CHICHAS (CONDESUYOS),2025,2026,0.7272727272727273,0.7761,ALTO RIESGO,SUR,MACROREGION SUR,-15.5477777777778,-72.9186111111111,2174.0
40601,AREQUIPA,CONDESUYOS,CHUQUIBAMBA,CHUQUIBAMBA (CONDESUYOS),2025,2026,0.3305084745762712,0.5403,BAJO RIESGO,SUR,MACROREGION SUR,-15.8394444444444,-72.6516666666667,2916.0
40605,AREQUIPA,CONDESUYOS,IRAY,IRAY (CONDESUYOS),2025,2026,0.1111111111111111,0.3079,BAJO RIESGO,SUR,MACROREGION SUR,-15.8536111111111,-72.63,2469.0
40606,AREQUIPA,CONDESUYOS,RIO GRANDE,RIO GRANDE (CONDESUYOS),2025,2026,0.0473684210526315,0.1611,BAJO RIESGO,SUR,MACROREGION SUR,-15.94,-73.1311111111111,484.0
40607,AREQUIPA,CONDESUYOS,SALAMANCA,SALAMANCA (CONDESUYOS),2025,2026,0.25,0.5021,BAJO RIESGO,SUR,MACROREGION SUR,-15.5044444444444,-72.8344444444444,3226.0
40608,AREQUIPA,CONDESUYOS,YANAQUIHUA,YANAQUIHUA (CONDESUYOS),2025,2026,0.4716981132075472,0.7199,ALTO RIESGO,SUR,MACROREGION SUR,-15.7755555555556,-72.8763888888889,3006.0
40702,AREQUIPA,ISLAY,COCACHACRA,COCACHACRA (ISLAY),2025,2026,0.1298701298701298,0.1506,BAJO RIESGO,SUR,MACROREGION SUR,-17.0911111111111,-71.7738888888889,114.0
40703,AREQUIPA,ISLAY,DEAN VALDIVIA,DEAN VALDIVIA (ISLAY),2025,2026,0.1243243243243243,0.1412,BAJO RIESGO,SUR,MACROREGION SUR,-17.145,-71.8266666666667,16.0
40704,AREQUIPA,ISLAY,ISLAY,ISLAY (ISLAY),2025,2026,0.0608108108108108,0.152,BAJO RIESGO,SUR,MACROREGION SUR,-17.0008333333333,-72.0975,110.0
40705,AREQUIPA,ISLAY,MEJIA,MEJIA (ISLAY),2025,2026,0.0476190476190476,0.1884,BAJO RIESGO,SUR,MACROREGION SUR,-17.1011111111111,-71.9075,9.0
40701,AREQUIPA,ISLAY,MOLLENDO,MOLLENDO (ISLAY),2025,2026,0.046195652173913,0.1439,BAJO RIESGO,SUR,MACROREGION SUR,-17.0291666666667,-72.0163888888889,73.0
40706,AREQUIPA,ISLAY,PUNTA DE BOMBON,PUNTA DE BOMBON (ISLAY),2025,2026,0.0175438596491228,0.1489,BAJO RIESGO,SUR,MACROREGION SUR,-17.1561111111111,-71.7847222222222,138.0
40802,AREQUIPA,LA UNION,ALCA,ALCA (LA UNION),2025,2026,0.1304347826086956,0.263,BAJO RIESGO,SUR,MACROREGION SUR,-15.1341666666667,-72.765,2759.0
40803,AREQUIPA,LA UNION,CHARCANA,CHARCANA (LA UNION),2025,2026,0.125,0.3248,BAJO RIESGO,SUR,MACROREGION SUR,-15.2405555555556,-73.0705555555556,3432.0
40801,AREQUIPA,LA UNION,COTAHUASI,COTAHUASI (LA UNION),2025,2026,0.3368421052631579,0.5302,BAJO RIESGO,SUR,MACROREGION SUR,-15.2127777777778,-72.88944444444449,2696.0
40804,AREQUIPA,LA UNION,HUAYNACOTAS,HUAYNACOTAS (LA UNION),2025,2026,0.0,0.2698,BAJO RIESGO,SUR,MACROREGION SUR,-15.1747222222222,-72.8497222222222,2612.0
40805,AREQUIPA,LA UNION,PAMPAMARCA,PAMPAMARCA (LA UNION),2025,2026,0.1153846153846153,0.2718,BAJO RIESGO,SUR,MACROREGION SUR,-15.1825,-72.9052777777778,2649.0
40806,AREQUIPA,LA UNION,PUYCA,PUYCA (LA UNION),2025,2026,0.1311475409836065,0.2478,BAJO RIESGO,SUR,MACROREGION SUR,-15.0591666666667,-72.6916666666667,3675.0
40807,AREQUIPA,LA UNION,QUECHUALLA,QUECHUALLA (LA UNION),2025,2026,0.0,0.3531,BAJO RIESGO,SUR,MACROREGION SUR,-15.2738888888889,-73.0222222222222,1964.0
40808,AREQUIPA,LA UNION,SAYLA,SAYLA (LA UNION),2025,2026,0.4705882352941176,0.6328,BAJO RIESGO,SUR,MACROREGION SUR,-15.32,-73.2219444444444,3544.0
40809,AREQUIPA,LA UNION,TAURIA,TAURIA (LA UNION),2025,2026,0.0,0.3556,BAJO RIESGO,SUR,MACROREGION SUR,-15.3541666666667,-73.2325,2850.0
40810,AREQUIPA,LA UNION,TOMEPAMPA,TOMEPAMPA (LA UNION),2025,2026,0.1818181818181818,0.3911,BAJO RIESGO,SUR,MACROREGION SUR,-15.1730555555556,-72.8302777777778,2644.0
40811,AREQUIPA,LA UNION,TORO,TORO (LA UNION),2025,2026,0.2857142857142857,0.5229,BAJO RIESGO,SUR,MACROREGION SUR,-15.2644444444444,-72.9283333333333,2987.0
50201,AYACUCHO,CANGALLO,CANGALLO,CANGALLO (CANGALLO),2025,2026,0.0635838150289017,0.1904,BAJO RIESGO,CENTRO,MACROREGION CENTRO,-13.6291666666667,-74.1438888888889,2574.0
50202,AYACUCHO,CANGALLO,CHUSCHI,CHUSCHI (CANGALLO),2025,2026,0.0967741935483871,0.2012,BAJO RIESGO,CENTRO,MACROREGION CENTRO,-13.585,-74.3516666666667,3157.0
50203,AYACUCHO,CANGALLO,LOS MOROCHUCOS,LOS MOROCHUCOS (CANGALLO),2025,2026,0.0614334470989761,0.1925,BAJO RIESGO,CENTRO,MACROREGION CENTRO,-13.5575,-74.195,3346.0
50204,AYACUCHO,CANGALLO,MARIA PARADO DE BELLIDO,MARIA PARADO DE BELLIDO (CANGALLO),2025,2026,0.1014492753623188,0.1849,BAJO RIESGO,CENTRO,MACROREGION CENTRO,-13.6047222222222,-74.2363888888889,3245.0
50205,AYACUCHO,CANGALLO,PARAS,PARAS (CANGALLO),2025,2026,0.1052631578947368,0.2135,BAJO RIESGO,CENTRO,MACROREGION CENTRO,-13.5525,-74.6277777777777,3354.0
50206,AYACUCHO,CANGALLO,TOTOS,TOTOS (CANGALLO),2025,2026,0.4166666666666667,0.6106,BAJO RIESGO,CENTRO,MACROREGION CENTRO,-13.5675,-74.5227777777777,3333.0
50102,AYACUCHO,HUAMANGA,ACOCRO,ACOCRO (HUAMANGA),2025,2026,0.2167832167832167,0.2411,BAJO RIESGO,CENTRO,MACROREGION CENTRO,-13.2186111111111,-74.0419444444445,3251.0
50103,AYACUCHO,HUAMANGA,ACOS VINCHOS,ACOS VINCHOS (HUAMANGA),2025,2026,0.0919540229885057,0.204,BAJO RIESGO,CENTRO,MACROREGION CENTRO,-13.1130555555556,-74.1,2874.0
50116,AYACUCHO,HUAMANGA,ANDRES AVELINO CACERES DORREGARAY,ANDRES AVELINO CACERES DORREGARAY (HUAMANGA),2025,2026,0.1657519209659714,0.2075,BAJO RIESGO,CENTRO,MACROREGION CENTRO,-13.1627777777778,-74.2138888888889,2775.0
50101,AYACUCHO,HUAMANGA,AYACUCHO,AYACUCHO (HUAMANGA),2025,2026,0.2118328506412908,0.2294,BAJO RIESGO,CENTRO,MACROREGION CENTRO,-13.1602777777778,-74.2252777777778,2797.0
50104,AYACUCHO,HUAMANGA,CARMEN ALTO,CARMEN ALTO (HUAMANGA),2025,2026,0.1934604904632152,0.2103,BAJO RIESGO,CENTRO,MACROREGION CENTRO,-13.1794444444444,-74.2205555555555,2921.0
50105,AYACUCHO,HUAMANGA,CHIARA,CHIARA (HUAMANGA),2025,2026,0.0828729281767955,0.1995,BAJO RIESGO,CENTRO,MACROREGION CENTRO,-13.2727777777778,-74.2058333333333,3540.0
50115,AYACUCHO,HUAMANGA,JESUS NAZARENO,JESUS NAZARENO (HUAMANGA),2025,2026,0.2084507042253521,0.2232,BAJO RIESGO,CENTRO,MACROREGION CENTRO,-13.1541666666667,-74.2125,2817.0
50106,AYACUCHO,HUAMANGA,OCROS,OCROS (HUAMANGA),2025,2026,0.2849162011173184,0.4033,BAJO RIESGO,CENTRO,MACROREGION CENTRO,-13.3905555555556,-73.9155555555556,3153.0
50107,AYACUCHO,HUAMANGA,PACAYCASA,PACAYCASA (HUAMANGA),2025,2026,0.1485148514851485,0.2088,BAJO RIESGO,CENTRO,MACROREGION CENTRO,-13.0575,-74.2158333333333,2571.0
50108,AYACUCHO,HUAMANGA,QUINUA,QUINUA (HUAMANGA),2025,2026,0.2790697674418604,0.402,BAJO RIESGO,CENTRO,MACROREGION CENTRO,-13.0491666666667,-74.1391666666667,3301.0
50109,AYACUCHO,HUAMANGA,SAN JOSE DE TICLLAS,SAN JOSE DE TICLLAS (HUAMANGA),2025,2026,0.0857142857142857,0.2829,BAJO RIESGO,CENTRO,MACROREGION CENTRO,-13.1322222222222,-74.3330555555555,3282.0
50110,AYACUCHO,HUAMANGA,SAN JUAN BAUTISTA,SAN JUAN BAUTISTA (HUAMANGA),2025,2026,0.2197452229299363,0.2411,BAJO RIESGO,CENTRO,MACROREGION CENTRO,-13.1666666666667,-74.2236111111111,2786.0
50111,AYACUCHO,HUAMANGA,SANTIAGO DE PISCHA,SANTIAGO DE PISCHA (HUAMANGA),2025,2026,0.5384615384615384,0.7582,ALTO RIESGO,CENTRO,MACROREGION CENTRO,-13.0855555555556,-74.3933333333333,3210.0
50112,AYACUCHO,HUAMANGA,SOCOS,SOCOS (HUAMANGA),2025,2026,0.3647798742138364,0.5197,BAJO RIESGO,CENTRO,MACROREGION CENTRO,-13.215,-74.2894444444444,3368.0
50113,AYACUCHO,HUAMANGA,TAMBILLO,TAMBILLO (HUAMANGA),2025,2026,0.2426035502958579,0.2633,BAJO RIESGO,CENTRO,MACROREGION CENTRO,-13.1947222222222,-74.1105555555555,3111.0
50114,AYACUCHO,HUAMANGA,VINCHOS,VINCHOS (HUAMANGA),2025,2026,0.0833333333333333,0.1882,BAJO RIESGO,CENTRO,MACROREGION CENTRO,-13.2416666666667,-74.3541666666667,3155.0
50302,AYACUCHO,HUANCA SANCOS,CARAPO,CARAPO (HUANCA SANCOS),2025,2026,0.0789473684210526,0.249,BAJO RIESGO,CENTRO,MACROREGION CENTRO,-13.8375,-74.3155555555555,3246.0
50303,AYACUCHO,HUANCA SANCOS,SACSAMARCA,SACSAMARCA (HUANCA SANCOS),2025,2026,0.0344827586206896,0.2969,BAJO RIESGO,CENTRO,MACROREGION CENTRO,-13.9427777777778,-74.3127777777778,3463.0
50301,AYACUCHO,HUANCA SANCOS,SANCOS,SANCOS (HUANCA SANCOS),2025,2026,0.0654205607476635,0.2242,BAJO RIESGO,CENTRO,MACROREGION CENTRO,-13.9197222222222,-74.3341666666667,3433.0
50304,AYACUCHO,HUANCA SANCOS,SANTIAGO DE LUCANAMARCA,SANTIAGO DE LUCANAMARCA (HUANCA SANCOS),2025,2026,0.0217391304347826,0.2687,BAJO RIESGO,CENTRO,MACROREGION CENTRO,-13.8438888888889,-74.3722222222222,3512.0
50402,AYACUCHO,HUANTA,AYAHUANCO,AYAHUANCO (HUANTA),2025,2026,0.1403508771929824,0.2633,BAJO RIESGO,CENTRO,MACROREGION CENTRO,-12.5938888888889,-74.3308333333333,2699.0
50409,AYACUCHO,HUANTA,CANAYRE,CANAYRE (HUANTA),2025,2026,0.16,0.1933,BAJO RIESGO,CENTRO,MACROREGION CENTRO,-12.2822222222222,-74.0230555555556,528.0
50412,AYACUCHO,HUANTA,CHACA,CHACA (HUANTA),2025,2026,0.0923076923076923,0.189,BAJO RIESGO,CENTRO,MACROREGION CENTRO,-12.7841666666667,-74.2058333333333,3400.0
50403,AYACUCHO,HUANTA,HUAMANGUILLA,HUAMANGUILLA (HUANTA),2025,2026,0.211864406779661,0.2618,BAJO RIESGO,CENTRO,MACROREGION CENTRO,-13.0111111111111,-74.1730555555555,3300.0
50401,AYACUCHO,HUANTA,HUANTA,HUANTA (HUANTA),2025,2026,0.1394453004622496,0.1823,BAJO RIESGO,CENTRO,MACROREGION CENTRO,-12.9394444444444,-74.2480555555556,2685.0
50404,AYACUCHO,HUANTA,IGUAIN,IGUAIN (HUANTA),2025,2026,0.2551020408163265,0.4104,BAJO RIESGO,CENTRO,MACROREGION CENTRO,-12.9925,-74.2088888888889,3063.0
50408,AYACUCHO,HUANTA,LLOCHEGUA,LLOCHEGUA (HUANTA),2025,2026,0.1202830188679245,0.1629,BAJO RIESGO,CENTRO,MACROREGION CENTRO,-12.41,-73.9063888888889,540.0
50405,AYACUCHO,HUANTA,LURICOCHA,LURICOCHA (HUANTA),2025,2026,0.1,0.1865,BAJO RIESGO,CENTRO,MACROREGION CENTRO,-12.8997222222222,-74.2736111111111,2598.0
50411,AYACUCHO,HUANTA,PUCACOLPA,PUCACOLPA (HUANTA),2025,2026,0.2586206896551724,0.4597,BAJO RIESGO,CENTRO,MACROREGION CENTRO,-12.4205555555556,-74.4891666666667,3493.0
50406,AYACUCHO,HUANTA,SANTILLANA,SANTILLANA (HUANTA),2025,2026,0.1953125,0.2447,BAJO RIESGO,CENTRO,MACROREGION CENTRO,-12.7663888888889,-74.2530555555555,3265.0
50407,AYACUCHO,HUANTA,SIVIA,SIVIA (HUANTA),2025,2026,0.0690537084398976,0.1681,BAJO RIESGO,CENTRO,MACROREGION CENTRO,-12.5119444444444,-73.8588888888889,561.0
50410,AYACUCHO,HUANTA,UCHURACCAY,UCHURACCAY (HUANTA),2025,2026,0.2142857142857142,0.2764,BAJO RIESGO,CENTRO,MACROREGION CENTRO,-12.7613888888889,-74.1455555555555,3898.0
50510,AYACUCHO,LA MAR,ANCHIHUAY,ANCHIHUAY (LA MAR),2025,2026,0.1023622047244094,0.185,BAJO RIESGO,CENTRO,MACROREGION CENTRO,-12.8636111111111,-73.5825,769.0
50502,AYACUCHO,LA MAR,ANCO,ANCO (LA MAR),2025,2026,0.6067961165048543,0.7729,ALTO RIESGO,CENTRO,MACROREGION CENTRO,-13.0602777777778,-73.7069444444444,3213.0
50503,AYACUCHO,LA MAR,AYNA,AYNA (LA MAR),2025,2026,0.1223776223776223,0.1544,BAJO RIESGO,CENTRO,MACROREGION CENTRO,-12.6241666666667,-73.7894444444444,627.0
50504,AYACUCHO,LA MAR,CHILCAS,CHILCAS (LA MAR),2025,2026,0.3513513513513513,0.5546,BAJO RIESGO,CENTRO,MACROREGION CENTRO,-13.1711111111111,-73.9063888888889,3192.0
50505,AYACUCHO,LA MAR,CHUNGUI,CHUNGUI (LA MAR),2025,2026,0.6114285714285714,0.7735,ALTO RIESGO,CENTRO,MACROREGION CENTRO,-13.2222222222222,-73.6216666666667,3506.0
50506,AYACUCHO,LA MAR,LUIS CARRANZA,LUIS CARRANZA (LA MAR),2025,2026,0.5454545454545454,0.7464,ALTO RIESGO,CENTRO,MACROREGION CENTRO,-13.2288888888889,-73.8944444444444,2962.0
50514,AYACUCHO,LA MAR,NINABAMBA,NINABAMBA (LA MAR),2025,2026,0.6071428571428571,0.7812,ALTO RIESGO,CENTRO,MACROREGION CENTRO,,,
50511,AYACUCHO,LA MAR,ORONCCOY,ORONCCOY (LA MAR),2025,2026,0.1111111111111111,0.3338,BAJO RIESGO,CENTRO,MACROREGION CENTRO,-13.3808333333333,-73.4361111111111,3719.0
50515,AYACUCHO,LA MAR,PATIBAMBA,PATIBAMBA (LA MAR),2025,2026,0.2727272727272727,0.5153,BAJO RIESGO,CENTRO,MACROREGION CENTRO,,,
50513,AYACUCHO,LA MAR,RIO MAGDALENA,RIO MAGDALENA (LA MAR),2025,2026,0.1304347826086956,0.2096,BAJO RIESGO,CENTRO,MACROREGION CENTRO,,,
50509,AYACUCHO,LA MAR,SAMUGARI,SAMUGARI (LA MAR),2025,2026,0.136,0.1754,BAJO RIESGO,CENTRO,MACROREGION CENTRO,-12.7683333333333,-73.6555555555555,754.0
50501,AYACUCHO,LA MAR,SAN MIGUEL,SAN MIGUEL (LA MAR),2025,2026,0.0416666666666666,0.1875,BAJO RIESGO,CENTRO,MACROREGION CENTRO,-13.0127777777778,-73.9811111111111,2696.0
50507,AYACUCHO,LA MAR,SANTA ROSA,SANTA ROSA (LA MAR),2025,2026,0.1451612903225806,0.1788,BAJO RIESGO,CENTRO,MACROREGION CENTRO,-12.6877777777778,-73.7358333333333,729.0
50508,AYACUCHO,LA MAR,TAMBO,TAMBO (LA MAR),2025,2026,0.1012048192771084,0.1943,BAJO RIESGO,CENTRO,MACROREGION CENTRO,-12.9480555555556,-74.0208333333333,3237.0
50512,AYACUCHO,LA MAR,UNION PROGRESO,UNION PROGRESO (LA MAR),2025,2026,0.903846153846154,0.7818,ALTO RIESGO,CENTRO,MACROREGION CENTRO,,,
50602,AYACUCHO,LUCANAS,AUCARA,AUCARA (LUCANAS),2025,2026,0.0769230769230769,0.2698,BAJO RIESGO,CENTRO,MACROREGION CENTRO,-14.2811111111111,-73.9752777777778,3236.0
50603,AYACUCHO,LUCANAS,CABANA,CABANA (LUCANAS),2025,2026,0.1851851851851851,0.3537,BAJO RIESGO,CENTRO,MACROREGION CENTRO,-14.2883333333333,-73.9672222222222,3298.0
50604,AYACUCHO,LUCANAS,CARMEN SALCEDO,CARMEN SALCEDO (LUCANAS),2025,2026,0.4827586206896552,0.6618,BAJO RIESGO,CENTRO,MACROREGION CENTRO,-14.3877777777778,-73.9619444444445,3478.0
50605,AYACUCHO,LUCANAS,CHAVIÑA,CHAVIÑA (LUCANAS),2025,2026,0.391304347826087,0.5771,BAJO RIESGO,CENTRO,MACROREGION CENTRO,-14.9794444444444,-73.8375,3338.0
50606,AYACUCHO,LUCANAS,CHIPAO,CHIPAO (LUCANAS),2025,2026,0.296875,0.4782,BAJO RIESGO,CENTRO,MACROREGION CENTRO,-14.3658333333333,-73.8761111111111,3440.0
50607,AYACUCHO,LUCANAS,HUAC-HUAS,HUAC-HUAS (LUCANAS),2025,2026,0.5757575757575758,0.7779,ALTO RIESGO,CENTRO,MACROREGION CENTRO,-14.1316666666667,-74.9422222222222,3189.0
50608,AYACUCHO,LUCANAS,LARAMATE,LARAMATE (LUCANAS),2025,2026,0.2,0.3853,BAJO RIESGO,CENTRO,MACROREGION CENTRO,-14.2861111111111,-74.8425,3078.0
50609,AYACUCHO,LUCANAS,LEONCIO PRADO,LEONCIO PRADO (LUCANAS),2025,2026,0.1875,0.3584,BAJO RIESGO,CENTRO,MACROREGION CENTRO,-14.7288888888889,-74.6702777777778,2696.0
50610,AYACUCHO,LUCANAS,LLAUTA,LLAUTA (LUCANAS),2025,2026,0.4166666666666667,0.6423,BAJO RIESGO,CENTRO,MACROREGION CENTRO,-14.2436111111111,-74.9202777777778,2666.0
50611,AYACUCHO,LUCANAS,LUCANAS,LUCANAS (LUCANAS),2025,2026,0.1627906976744186,0.2805,BAJO RIESGO,CENTRO,MACROREGION CENTRO,-14.6225,-74.2330555555556,3385.0
50612,AYACUCHO,LUCANAS,OCAÑA,OCAÑA (LUCANAS),2025,2026,0.173076923076923,0.3354,BAJO RIESGO,CENTRO,MACROREGION CENTRO,-14.3988888888889,-74.8227777777777,2650.0
50613,AYACUCHO,LUCANAS,OTOCA,OTOCA (LUCANAS),2025,2026,0.3777777777777777,0.5698,BAJO RIESGO,CENTRO,MACROREGION CENTRO,-14.49,-74.6866666666667,1883.0
50601,AYACUCHO,LUCANAS,PUQUIO,PUQUIO (LUCANAS),2025,2026,0.3872180451127819,0.5939,BAJO RIESGO,CENTRO,MACROREGION CENTRO,-14.6941666666667,-74.1244444444444,3234.0
50614,AYACUCHO,LUCANAS,SAISA,SAISA (LUCANAS),2025,2026,0.125,0.3407,BAJO RIESGO,CENTRO,MACROREGION CENTRO,-14.9402777777778,-74.4172222222222,3070.0
50615,AYACUCHO,LUCANAS,SAN CRISTOBAL,SAN CRISTOBAL (LUCANAS),2025,2026,0.4594594594594595,0.6523,BAJO RIESGO,CENTRO,MACROREGION CENTRO,-14.7430555555556,-74.2222222222222,3587.0
50616,AYACUCHO,LUCANAS,SAN JUAN,SAN JUAN (LUCANAS),2025,2026,0.1428571428571428,0.2832,BAJO RIESGO,CENTRO,MACROREGION CENTRO,-14.6516666666667,-74.1991666666667,3290.0
50617,AYACUCHO,LUCANAS,SAN PEDRO,SAN PEDRO (LUCANAS),2025,2026,0.09375,0.2501,BAJO RIESGO,CENTRO,MACROREGION CENTRO,-14.7669444444444,-74.0977777777778,3115.0
50618,AYACUCHO,LUCANAS,SAN PEDRO DE PALCO,SAN PEDRO DE PALCO (LUCANAS),2025,2026,0.0909090909090909,0.3072,BAJO RIESGO,CENTRO,MACROREGION CENTRO,-14.4119444444444,-74.6513888888889,2538.0
50619,AYACUCHO,LUCANAS,SANCOS,SANCOS (LUCANAS),2025,2026,0.4581497797356828,0.6682,BAJO RIESGO,CENTRO,MACROREGION CENTRO,-15.0627777777778,-73.9522222222222,2826.0
50620,AYACUCHO,LUCANAS,SANTA ANA DE HUAYCAHUACHO,SANTA ANA DE HUAYCAHUACHO (LUCANAS),2025,2026,0.0714285714285714,0.3056,BAJO RIESGO,CENTRO,MACROREGION CENTRO,-14.2263888888889,-73.9566666666667,2984.0
50621,AYACUCHO,LUCANAS,SANTA LUCIA,SANTA LUCIA (LUCANAS),2025,2026,0.8,0.7727,ALTO RIESGO,CENTRO,MACROREGION CENTRO,-14.9783333333333,-74.5238888888889,2252.0
50702,AYACUCHO,PARINACOCHAS,CHUMPI,CHUMPI (PARINACOCHAS),2025,2026,0.4722222222222222,0.6671,BAJO RIESGO,CENTRO,MACROREGION CENTRO,-15.0944444444444,-73.7480555555556,3226.0
50701,AYACUCHO,PARINACOCHAS,CORACORA,CORACORA (PARINACOCHAS),2025,2026,0.0849056603773584,0.1966,BAJO RIESGO,CENTRO,MACROREGION CENTRO,-15.0169444444444,-73.7813888888889,3166.0
50703,AYACUCHO,PARINACOCHAS,CORONEL CASTAÑEDA,CORONEL CASTAÑEDA (PARINACOCHAS),2025,2026,0.2222222222222222,0.4406,BAJO RIESGO,CENTRO,MACROREGION CENTRO,-14.8072222222222,-73.2822222222222,3622.0
50704,AYACUCHO,PARINACOCHAS,PACAPAUSA,PACAPAUSA (PARINACOCHAS),2025,2026,0.4705882352941176,0.6528,BAJO RIESGO,CENTRO,MACROREGION CENTRO,-14.9502777777778,-73.3677777777778,2821.0
50705,AYACUCHO,PARINACOCHAS,PULLO,PULLO (PARINACOCHAS),2025,2026,0.8009367681498829,0.7835,ALTO RIESGO,CENTRO,MACROREGION CENTRO,-15.21,-73.8266666666667,3037.0
50706,AYACUCHO,PARINACOCHAS,PUYUSCA,PUYUSCA (PARINACOCHAS),2025,2026,0.0158730158730158,0.2438,BAJO RIESGO,CENTRO,MACROREGION CENTRO,-15.2469444444444,-73.5694444444444,3307.0
50707,AYACUCHO,PARINACOCHAS,SAN FRANCISCO DE RAVACAYCO,SAN FRANCISCO DE RAVACAYCO (PARINACOCHAS),2025,2026,0.1666666666666666,0.4055,BAJO RIESGO,CENTRO,MACROREGION CENTRO,-14.9969444444444,-73.3511111111111,2833.0
50708,AYACUCHO,PARINACOCHAS,UPAHUACHO,UPAHUACHO (PARINACOCHAS),2025,2026,0.0,0.3359,BAJO RIESGO,CENTRO,MACROREGION CENTRO,-14.9072222222222,-73.3975,3341.0
50802,AYACUCHO,PAUCAR DEL SARA SARA,COLTA,COLTA (PAUCAR DEL SARA SARA),2025,2026,0.0909090909090909,0.3,BAJO RIESGO,CENTRO,MACROREGION CENTRO,-15.1627777777778,-73.2938888888889,3267.0
50803,AYACUCHO,PAUCAR DEL SARA SARA,CORCULLA,CORCULLA (PAUCAR DEL SARA SARA),2025,2026,0.2,0.4277,BAJO RIESGO,CENTRO,MACROREGION CENTRO,-15.2627777777778,-73.2002777777778,3503.0
50804,AYACUCHO,PAUCAR DEL SARA SARA,LAMPA,LAMPA (PAUCAR DEL SARA SARA),2025,2026,0.2127659574468085,0.3714,BAJO RIESGO,CENTRO,MACROREGION CENTRO,-15.185,-73.3491666666667,2809.0
50805,AYACUCHO,PAUCAR DEL SARA SARA,MARCABAMBA,MARCABAMBA (PAUCAR DEL SARA SARA),2025,2026,0.1428571428571428,0.3077,BAJO RIESGO,CENTRO,MACROREGION CENTRO,-15.1497222222222,-73.3416666666667,2615.0
50806,AYACUCHO,PAUCAR DEL SARA SARA,OYOLO,OYOLO (PAUCAR DEL SARA SARA),2025,2026,0.06,0.2556,BAJO RIESGO,CENTRO,MACROREGION CENTRO,-15.18,-73.1852777777778,3410.0
50807,AYACUCHO,PAUCAR DEL SARA SARA,PARARCA,PARARCA (PAUCAR DEL SARA SARA),2025,2026,0.0,0.3133,BAJO RIESGO,CENTRO,MACROREGION CENTRO,-15.2175,-73.4647222222222,3047.0
50801,AYACUCHO,PAUCAR DEL SARA SARA,PAUSA,PAUSA (PAUCAR DEL SARA SARA),2025,2026,0.2977099236641221,0.4186,BAJO RIESGO,CENTRO,MACROREGION CENTRO,-15.2786111111111,-73.3441666666667,2536.0
50808,AYACUCHO,PAUCAR DEL SARA SARA,SAN JAVIER DE ALPABAMBA,SAN JAVIER DE ALPABAMBA (PAUCAR DEL SARA SARA),2025,2026,0.0,0.3717,BAJO RIESGO,CENTRO,MACROREGION CENTRO,-15.0566666666667,-73.3222222222222,2628.0
50809,AYACUCHO,PAUCAR DEL SARA SARA,SAN JOSE DE USHUA,SAN JOSE DE USHUA (PAUCAR DEL SARA SARA),2025,2026,0.0,0.3439,BAJO RIESGO,CENTRO,MACROREGION CENTRO,-15.225,-73.2266666666667,3034.0
50810,AYACUCHO,PAUCAR DEL SARA SARA,SARA SARA,SARA SARA (PAUCAR DEL SARA SARA),2025,2026,0.0,0.3459,BAJO RIESGO,CENTRO,MACROREGION CENTRO,-15.2452777777778,-73.4530555555556,3305.0
50902,AYACUCHO,SUCRE,BELEN,BELEN (SUCRE),2025,2026,0.0,0.344,BAJO RIESGO,CENTRO,MACROREGION CENTRO,-13.8088888888889,-73.7575,3223.0
50903,AYACUCHO,SUCRE,CHALCOS,CHALCOS (SUCRE),2025,2026,0.0833333333333333,0.3029,BAJO RIESGO,CENTRO,MACROREGION CENTRO,-13.8480555555556,-73.7541666666667,3677.0
50904,AYACUCHO,SUCRE,CHILCAYOC,CHILCAYOC (SUCRE),2025,2026,0.0769230769230769,0.2812,BAJO RIESGO,CENTRO,MACROREGION CENTRO,-13.8830555555556,-73.7272222222222,3404.0
50905,AYACUCHO,SUCRE,HUACAÑA,HUACAÑA (SUCRE),2025,2026,0.0,0.3658,BAJO RIESGO,CENTRO,MACROREGION CENTRO,-14.1722222222222,-73.8863888888889,3186.0
50906,AYACUCHO,SUCRE,MORCOLLA,MORCOLLA (SUCRE),2025,2026,0.0909090909090909,0.3012,BAJO RIESGO,CENTRO,MACROREGION CENTRO,-14.1086111111111,-73.8719444444444,3504.0
50907,AYACUCHO,SUCRE,PAICO,PAICO (SUCRE),2025,2026,0.1538461538461538,0.3314,BAJO RIESGO,CENTRO,MACROREGION CENTRO,-14.0383333333333,-73.6422222222222,3111.0
50901,AYACUCHO,SUCRE,QUEROBAMBA,QUEROBAMBA (SUCRE),2025,2026,0.0769230769230769,0.2235,BAJO RIESGO,CENTRO,MACROREGION CENTRO,-14.0116666666667,-73.8386111111111,3516.0
50908,AYACUCHO,SUCRE,SAN PEDRO DE LARCAY,SAN PEDRO DE LARCAY (SUCRE),2025,2026,0.0,0.3038,BAJO RIESGO,CENTRO,MACROREGION CENTRO,-14.1686111111111,-73.5727777777777,3395.0
50909,AYACUCHO,SUCRE,SAN SALVADOR DE QUIJE,SAN SALVADOR DE QUIJE (SUCRE),2025,2026,0.3076923076923077,0.4999,BAJO RIESGO,CENTRO,MACROREGION CENTRO,-13.9683333333333,-73.7347222222222,3222.0
50910,AYACUCHO,SUCRE,SANTIAGO DE PAUCARAY,SANTIAGO DE PAUCARAY (SUCRE),2025,2026,0.0714285714285714,0.307,BAJO RIESGO,CENTRO,MACROREGION CENTRO,-14.0444444444444,-73.6375,3251.0
50911,AYACUCHO,SUCRE,SORAS,SORAS (SUCRE),2025,2026,0.0384615384615384,0.3117,BAJO RIESGO,CENTRO,MACROREGION CENTRO,-14.1144444444444,-73.6044444444444,3432.0
51002,AYACUCHO,VICTOR FAJARDO,ALCAMENCA,ALCAMENCA (VICTOR FAJARDO),2025,2026,0.0555555555555555,0.2951,BAJO RIESGO,CENTRO,MACROREGION CENTRO,-13.6572222222222,-74.1472222222222,3173.0
51003,AYACUCHO,VICTOR FAJARDO,APONGO,APONGO (VICTOR FAJARDO),2025,2026,0.2857142857142857,0.5189,BAJO RIESGO,CENTRO,MACROREGION CENTRO,-14.0133333333333,-73.9322222222222,3078.0
51004,AYACUCHO,VICTOR FAJARDO,ASQUIPATA,ASQUIPATA (VICTOR FAJARDO),2025,2026,0.25,0.4994,BAJO RIESGO,CENTRO,MACROREGION CENTRO,-14.0547222222222,-73.9094444444444,3332.0
51005,AYACUCHO,VICTOR FAJARDO,CANARIA,CANARIA (VICTOR FAJARDO),2025,2026,0.0744680851063829,0.2161,BAJO RIESGO,CENTRO,MACROREGION CENTRO,-13.9230555555556,-73.9047222222222,3043.0
51006,AYACUCHO,VICTOR FAJARDO,CAYARA,CAYARA (VICTOR FAJARDO),2025,2026,0.1666666666666666,0.3706,BAJO RIESGO,CENTRO,MACROREGION CENTRO,-13.7952777777778,-73.9886111111111,3207.0
51007,AYACUCHO,VICTOR FAJARDO,COLCA,COLCA (VICTOR FAJARDO),2025,2026,0.0555555555555555,0.2545,BAJO RIESGO,CENTRO,MACROREGION CENTRO,-13.7125,-74.0338888888889,3003.0
51008,AYACUCHO,VICTOR FAJARDO,HUAMANQUIQUIA,HUAMANQUIQUIA (VICTOR FAJARDO),2025,2026,0.0571428571428571,0.2838,BAJO RIESGO,CENTRO,MACROREGION CENTRO,-13.7291666666667,-74.2722222222222,3390.0
51001,AYACUCHO,VICTOR FAJARDO,HUANCAPI,HUANCAPI (VICTOR FAJARDO),2025,2026,0.2564102564102564,0.4668,BAJO RIESGO,CENTRO,MACROREGION CENTRO,-13.7522222222222,-74.0666666666667,3105.0
51009,AYACUCHO,VICTOR FAJARDO,HUANCARAYLLA,HUANCARAYLLA (VICTOR FAJARDO),2025,2026,0.1290322580645161,0.2492,BAJO RIESGO,CENTRO,MACROREGION CENTRO,-13.7188888888889,-74.1025,3246.0
51010,AYACUCHO,VICTOR FAJARDO,HUAYA,HUAYA (VICTOR FAJARDO),2025,2026,0.3,0.4882,BAJO RIESGO,CENTRO,MACROREGION CENTRO,-13.85,-73.9508333333333,3423.0
51011,AYACUCHO,VICTOR FAJARDO,SARHUA,SARHUA (VICTOR FAJARDO),2025,2026,0.0735294117647058,0.2196,BAJO RIESGO,CENTRO,MACROREGION CENTRO,-13.6727777777778,-74.3202777777778,3184.0
51012,AYACUCHO,VICTOR FAJARDO,VILCANCHOS,VILCANCHOS (VICTOR FAJARDO),2025,2026,0.1,0.272,BAJO RIESGO,CENTRO,MACROREGION CENTRO,-13.6113888888889,-74.5325,3011.0
51102,AYACUCHO,VILCAS HUAMAN,ACCOMARCA,ACCOMARCA (VILCAS HUAMAN),2025,2026,0.0,0.2473,BAJO RIESGO,CENTRO,MACROREGION CENTRO,-13.8005555555556,-73.9041666666667,3387.0
51103,AYACUCHO,VILCAS HUAMAN,CARHUANCA,CARHUANCA (VILCAS HUAMAN),2025,2026,0.0714285714285714,0.2328,BAJO RIESGO,CENTRO,MACROREGION CENTRO,-13.7425,-73.7872222222222,2980.0
51104,AYACUCHO,VILCAS HUAMAN,CONCEPCION,CONCEPCION (VILCAS HUAMAN),2025,2026,0.048780487804878,0.2396,BAJO RIESGO,CENTRO,MACROREGION CENTRO,-13.5325,-73.8752777777778,3061.0
51105,AYACUCHO,VILCAS HUAMAN,HUAMBALPA,HUAMBALPA (VILCAS HUAMAN),2025,2026,0.1388888888888889,0.253,BAJO RIESGO,CENTRO,MACROREGION CENTRO,-13.7502777777778,-73.9316666666667,3294.0
51106,AYACUCHO,VILCAS HUAMAN,INDEPENDENCIA,INDEPENDENCIA (VILCAS HUAMAN),2025,2026,0.0666666666666666,0.262,BAJO RIESGO,CENTRO,MACROREGION CENTRO,-13.8527777777778,-73.8772222222222,3606.0
51107,AYACUCHO,VILCAS HUAMAN,SAURAMA,SAURAMA (VILCAS HUAMAN),2025,2026,0.0,0.2902,BAJO RIESGO,CENTRO,MACROREGION CENTRO,-13.6955555555556,-73.7594444444444,3574.0
51101,AYACUCHO,VILCAS HUAMAN,VILCAS HUAMAN,VILCAS HUAMAN (VILCAS HUAMAN),2025,2026,0.134020618556701,0.1931,BAJO RIESGO,CENTRO,MACROREGION CENTRO,-13.6525,-73.9538888888889,3494.0
51108,AYACUCHO,VILCAS HUAMAN,VISCHONGO,VISCHONGO (VILCAS HUAMAN),2025,2026,0.1702127659574468,0.2709,BAJO RIESGO,CENTRO,MACROREGION CENTRO,-13.5891666666667,-73.9952777777778,3150.0
60202,CAJAMARCA,CAJABAMBA,CACHACHI,CACHACHI (CAJABAMBA),2025,2026,0.3468917881811205,0.5546,BAJO RIESGO,NORTE,MACROREGION NORTE,-7.44888888888889,-78.2688888888889,3224.0
60201,CAJAMARCA,CAJABAMBA,CAJABAMBA,CAJABAMBA (CAJABAMBA),2025,2026,0.1058823529411764,0.1835,BAJO RIESGO,NORTE,MACROREGION NORTE,-7.62305555555555,-78.0461111111111,2687.0
60203,CAJAMARCA,CAJABAMBA,CONDEBAMBA,CONDEBAMBA (CAJABAMBA),2025,2026,0.3143350604490501,0.4013,BAJO RIESGO,NORTE,MACROREGION NORTE,-7.57361111111111,-78.0697222222222,2829.0
60204,CAJAMARCA,CAJABAMBA,SITACOCHA,SITACOCHA (CAJABAMBA),2025,2026,0.3636363636363636,0.5703,BAJO RIESGO,NORTE,MACROREGION NORTE,-7.51944444444445,-77.9694444444445,3209.0
60102,CAJAMARCA,CAJAMARCA,ASUNCION,ASUNCION (CAJAMARCA),2025,2026,0.1013215859030837,0.183,BAJO RIESGO,NORTE,MACROREGION NORTE,-7.32472222222222,-78.5186111111111,2254.0
60101,CAJAMARCA,CAJAMARCA,CAJAMARCA,CAJAMARCA (CAJAMARCA),2025,2026,0.0710530508204556,0.1854,BAJO RIESGO,NORTE,MACROREGION NORTE,-7.15472222222222,-78.5108333333333,2731.0
60103,CAJAMARCA,CAJAMARCA,CHETILLA,CHETILLA (CAJAMARCA),2025,2026,0.19,0.2454,BAJO RIESGO,NORTE,MACROREGION NORTE,-7.14694444444445,-78.6733333333333,2802.0
60104,CAJAMARCA,CAJAMARCA,COSPAN,COSPAN (CAJAMARCA),2025,2026,0.1888888888888888,0.2196,BAJO RIESGO,NORTE,MACROREGION NORTE,-7.42722222222222,-78.5422222222222,2471.0
60105,CAJAMARCA,CAJAMARCA,ENCAÑADA,ENCAÑADA (CAJAMARCA),2025,2026,0.1056910569105691,0.1903,BAJO RIESGO,NORTE,MACROREGION NORTE,-7.08694444444444,-78.3444444444444,3087.0
60106,CAJAMARCA,CAJAMARCA,JESUS,JESUS (CAJAMARCA),2025,2026,0.1480916030534351,0.1884,BAJO RIESGO,NORTE,MACROREGION NORTE,-7.24861111111111,-78.3791666666666,2568.0
60107,CAJAMARCA,CAJAMARCA,LLACANORA,LLACANORA (CAJAMARCA),2025,2026,0.0817120622568093,0.1858,BAJO RIESGO,NORTE,MACROREGION NORTE,-7.19361111111111,-78.4266666666667,2621.0
60108,CAJAMARCA,CAJAMARCA,LOS BAÑOS DEL INCA,LOS BAÑOS DEL INCA (CAJAMARCA),2025,2026,0.0887276785714285,0.1834,BAJO RIESGO,NORTE,MACROREGION NORTE,-7.16361111111111,-78.4644444444445,2685.0
60109,CAJAMARCA,CAJAMARCA,MAGDALENA,MAGDALENA (CAJAMARCA),2025,2026,0.0849056603773584,0.1768,BAJO RIESGO,NORTE,MACROREGION NORTE,-7.25083333333333,-78.6597222222222,1298.0
60110,CAJAMARCA,CAJAMARCA,MATARA,MATARA (CAJAMARCA),2025,2026,0.2093023255813953,0.2631,BAJO RIESGO,NORTE,MACROREGION NORTE,-7.25472222222222,-78.2597222222222,2834.0
60111,CAJAMARCA,CAJAMARCA,NAMORA,NAMORA (CAJAMARCA),2025,2026,0.0534883720930232,0.1835,BAJO RIESGO,NORTE,MACROREGION NORTE,-7.20277777777778,-78.3247222222222,2765.0
60112,CAJAMARCA,CAJAMARCA,SAN JUAN,SAN JUAN (CAJAMARCA),2025,2026,0.1543624161073825,0.1862,BAJO RIESGO,NORTE,MACROREGION NORTE,-7.29166666666667,-78.4975,2336.0
60301,CAJAMARCA,CELENDIN,CELENDIN,CELENDIN (CELENDIN),2025,2026,0.2216748768472906,0.2466,BAJO RIESGO,NORTE,MACROREGION NORTE,-6.86694444444444,-78.1430555555555,2629.0
60302,CAJAMARCA,CELENDIN,CHUMUCH,CHUMUCH (CELENDIN),2025,2026,0.0898876404494382,0.2223,BAJO RIESGO,NORTE,MACROREGION NORTE,-6.60277777777778,-78.2002777777778,2202.0
60303,CAJAMARCA,CELENDIN,CORTEGANA,CORTEGANA (CELENDIN),2025,2026,0.070631970260223,0.1901,BAJO RIESGO,NORTE,MACROREGION NORTE,-6.51305555555555,-78.3288888888889,2352.0
60304,CAJAMARCA,CELENDIN,HUASMIN,HUASMIN (CELENDIN),2025,2026,0.0527704485488126,0.1856,BAJO RIESGO,NORTE,MACROREGION NORTE,-6.8375,-78.2447222222222,2543.0
60305,CAJAMARCA,CELENDIN,JORGE CHAVEZ,JORGE CHAVEZ (CELENDIN),2025,2026,0.0,0.3077,BAJO RIESGO,NORTE,MACROREGION NORTE,-6.94111111111111,-78.0916666666667,2646.0
60306,CAJAMARCA,CELENDIN,JOSE GALVEZ,JOSE GALVEZ (CELENDIN),2025,2026,0.0454545454545454,0.1876,BAJO RIESGO,NORTE,MACROREGION NORTE,-6.92555555555555,-78.1327777777777,2618.0
60312,CAJAMARCA,CELENDIN,LA LIBERTAD DE PALLAN,LA LIBERTAD DE PALLAN (CELENDIN),2025,2026,0.0255102040816326,0.2032,BAJO RIESGO,NORTE,MACROREGION NORTE,-6.72388888888889,-78.2825,2952.0
60307,CAJAMARCA,CELENDIN,MIGUEL IGLESIAS,MIGUEL IGLESIAS (CELENDIN),2025,2026,0.1907894736842105,0.2347,BAJO RIESGO,NORTE,MACROREGION NORTE,-6.65027777777778,-78.2325,2813.0
60308,CAJAMARCA,CELENDIN,OXAMARCA,OXAMARCA (CELENDIN),2025,2026,0.1157407407407407,0.2049,BAJO RIESGO,NORTE,MACROREGION NORTE,-7.04222222222222,-78.0683333333333,2836.0
60309,CAJAMARCA,CELENDIN,SOROCHUCO,SOROCHUCO (CELENDIN),2025,2026,0.0262008733624454,0.1847,BAJO RIESGO,NORTE,MACROREGION NORTE,-6.91194444444445,-78.2552777777778,2663.0
60310,CAJAMARCA,CELENDIN,SUCRE,SUCRE (CELENDIN),2025,2026,0.0476190476190476,0.1823,BAJO RIESGO,NORTE,MACROREGION NORTE,-6.94277777777778,-78.1352777777778,2632.0
60311,CAJAMARCA,CELENDIN,UTCO,UTCO (CELENDIN),2025,2026,0.2222222222222222,0.3967,BAJO RIESGO,NORTE,MACROREGION NORTE,-6.89638888888889,-78.0633333333333,2225.0
60402,CAJAMARCA,CHOTA,ANGUIA,ANGUIA (CHOTA),2025,2026,0.25,0.4057,BAJO RIESGO,NORTE,MACROREGION NORTE,-6.34194444444444,-78.6052777777778,2620.0
60403,CAJAMARCA,CHOTA,CHADIN,CHADIN (CHOTA),2025,2026,0.0842105263157894,0.1908,BAJO RIESGO,NORTE,MACROREGION NORTE,-6.47138888888889,-78.4194444444445,2429.0
60419,CAJAMARCA,CHOTA,CHALAMARCA,CHALAMARCA (CHOTA),2025,2026,0.1151079136690647,0.1799,BAJO RIESGO,NORTE,MACROREGION NORTE,-6.50305555555555,-78.4797222222222,2667.0
60404,CAJAMARCA,CHOTA,CHIGUIRIP,CHIGUIRIP (CHOTA),2025,2026,0.0113636363636363,0.1979,BAJO RIESGO,NORTE,MACROREGION NORTE,-6.42833333333333,-78.7213888888889,2652.0
60405,CAJAMARCA,CHOTA,CHIMBAN,CHIMBAN (CHOTA),2025,2026,0.088235294117647,0.1949,BAJO RIESGO,NORTE,MACROREGION NORTE,-6.25166666666667,-78.4788888888889,1668.0
60406,CAJAMARCA,CHOTA,CHOROPAMPA,CHOROPAMPA (CHOTA),2025,2026,0.0925925925925925,0.2387,BAJO RIESGO,NORTE,MACROREGION NORTE,-6.37111111111111,-78.4119444444445,2215.0
60401,CAJAMARCA,CHOTA,CHOTA,CHOTA (CHOTA),2025,2026,0.1807453416149068,0.2078,BAJO RIESGO,NORTE,MACROREGION NORTE,-6.55972222222222,-78.6469444444445,2430.0
60407,CAJAMARCA,CHOTA,COCHABAMBA,COCHABAMBA (CHOTA),2025,2026,0.1,0.1845,BAJO RIESGO,NORTE,MACROREGION NORTE,-6.47388888888889,-78.8858333333333,1688.0
60408,CAJAMARCA,CHOTA,CONCHAN,CONCHAN (CHOTA),2025,2026,0.0384615384615384,0.1887,BAJO RIESGO,NORTE,MACROREGION NORTE,-6.44472222222222,-78.6558333333333,2321.0
60409,CAJAMARCA,CHOTA,HUAMBOS,HUAMBOS (CHOTA),2025,2026,0.1306532663316583,0.2069,BAJO RIESGO,NORTE,MACROREGION NORTE,-6.45277777777778,-78.9611111111111,2292.0
60410,CAJAMARCA,CHOTA,LAJAS,LAJAS (CHOTA),2025,2026,0.0324909747292418,0.173,BAJO RIESGO,NORTE,MACROREGION NORTE,-6.56055555555555,-78.7347222222222,2151.0
60411,CAJAMARCA,CHOTA,LLAMA,LLAMA (CHOTA),2025,2026,0.5863874345549738,0.776,ALTO RIESGO,NORTE,MACROREGION NORTE,-6.51444444444444,-79.1202777777778,2112.0
60412,CAJAMARCA,CHOTA,MIRACOSTA,MIRACOSTA (CHOTA),2025,2026,0.4225352112676056,0.6465,BAJO RIESGO,NORTE,MACROREGION NORTE,-6.40444444444445,-79.2836111111111,2983.0
60413,CAJAMARCA,CHOTA,PACCHA,PACCHA (CHOTA),2025,2026,0.0838709677419354,0.1744,BAJO RIESGO,NORTE,MACROREGION NORTE,-6.4975,-78.4236111111111,2130.0
60414,CAJAMARCA,CHOTA,PION,PION (CHOTA),2025,2026,0.25,0.4514,BAJO RIESGO,NORTE,MACROREGION NORTE,-6.17777777777778,-78.4825,1834.0
60415,CAJAMARCA,CHOTA,QUEROCOTO,QUEROCOTO (CHOTA),2025,2026,0.1581196581196581,0.1961,BAJO RIESGO,NORTE,MACROREGION NORTE,-6.35972222222222,-79.0344444444444,2445.0
60416,CAJAMARCA,CHOTA,SAN JUAN DE LICUPIS,SAN JUAN DE LICUPIS (CHOTA),2025,2026,0.5263157894736842,0.7261,ALTO RIESGO,NORTE,MACROREGION NORTE,-6.42416666666667,-79.2422222222222,3031.0
60417,CAJAMARCA,CHOTA,TACABAMBA,TACABAMBA (CHOTA),2025,2026,0.0428954423592493,0.173,BAJO RIESGO,NORTE,MACROREGION NORTE,-6.39277777777778,-78.6113888888889,2077.0
60418,CAJAMARCA,CHOTA,TOCMOCHE,TOCMOCHE (CHOTA),2025,2026,0.1666666666666666,0.3652,BAJO RIESGO,NORTE,MACROREGION NORTE,-6.41277777777778,-79.3608333333333,1313.0
60502,CAJAMARCA,CONTUMAZA,CHILETE,CHILETE (CONTUMAZA),2025,2026,0.2741935483870967,0.3939,BAJO RIESGO,NORTE,MACROREGION NORTE,-7.22138888888889,-78.8397222222222,883.0
60501,CAJAMARCA,CONTUMAZA,CONTUMAZA,CONTUMAZA (CONTUMAZA),2025,2026,0.2777777777777778,0.365,BAJO RIESGO,NORTE,MACROREGION NORTE,-7.36666666666667,-78.8052777777778,2695.0
60503,CAJAMARCA,CONTUMAZA,CUPISNIQUE,CUPISNIQUE (CONTUMAZA),2025,2026,0.2558139534883721,0.4616,BAJO RIESGO,NORTE,MACROREGION NORTE,-7.34888888888889,-79.0297222222222,1904.0
60504,CAJAMARCA,CONTUMAZA,GUZMANGO,GUZMANGO (CONTUMAZA),2025,2026,0.1011235955056179,0.211,BAJO RIESGO,NORTE,MACROREGION NORTE,-7.38388888888889,-78.8961111111111,2568.0
60505,CAJAMARCA,CONTUMAZA,SAN BENITO,SAN BENITO (CONTUMAZA),2025,2026,0.1789473684210526,0.2819,BAJO RIESGO,NORTE,MACROREGION NORTE,-7.425,-78.9275,1386.0
60506,CAJAMARCA,CONTUMAZA,SANTA CRUZ DE TOLEDO,SANTA CRUZ DE TOLEDO (CONTUMAZA),2025,2026,0.0,0.2811,BAJO RIESGO,NORTE,MACROREGION NORTE,-7.34444444444444,-78.8366666666667,2426.0
60507,CAJAMARCA,CONTUMAZA,TANTARICA,TANTARICA (CONTUMAZA),2025,2026,0.0,0.2561,BAJO RIESGO,NORTE,MACROREGION NORTE,-7.30055555555555,-78.9330555555556,2780.0
60508,CAJAMARCA,CONTUMAZA,YONAN,YONAN (CONTUMAZA),2025,2026,0.0053475935828877,0.1492,BAJO RIESGO,NORTE,MACROREGION NORTE,-7.25305555555555,-79.1311111111111,453.0
60602,CAJAMARCA,CUTERVO,CALLAYUC,CALLAYUC (CUTERVO),2025,2026,0.1080332409972299,0.1852,BAJO RIESGO,NORTE,MACROREGION NORTE,-6.18111111111111,-78.9105555555556,1558.0
60603,CAJAMARCA,CUTERVO,CHOROS,CHOROS (CUTERVO),2025,2026,0.0129870129870129,0.1522,BAJO RIESGO,NORTE,MACROREGION NORTE,-5.9,-78.6938888888889,474.0
60604,CAJAMARCA,CUTERVO,CUJILLO,CUJILLO (CUTERVO),2025,2026,0.1549295774647887,0.2246,BAJO RIESGO,NORTE,MACROREGION NORTE,-6.10694444444444,-78.5738888888889,1598.0
60601,CAJAMARCA,CUTERVO,CUTERVO,CUTERVO (CUTERVO),2025,2026,0.0732165206508135,0.1839,BAJO RIESGO,NORTE,MACROREGION NORTE,-6.37722222222222,-78.8180555555555,2665.0
60605,CAJAMARCA,CUTERVO,LA RAMADA,LA RAMADA (CUTERVO),2025,2026,0.0165289256198347,0.1744,BAJO RIESGO,NORTE,MACROREGION NORTE,-6.25333333333333,-78.5755555555555,2131.0
60606,CAJAMARCA,CUTERVO,PIMPINGOS,PIMPINGOS (CUTERVO),2025,2026,0.2208588957055214,0.2406,BAJO RIESGO,NORTE,MACROREGION NORTE,-6.06194444444444,-78.7586111111111,1757.0
60607,CAJAMARCA,CUTERVO,QUEROCOTILLO,QUEROCOTILLO (CUTERVO),2025,2026,0.1198044009779951,0.1891,BAJO RIESGO,NORTE,MACROREGION NORTE,-6.27361111111111,-79.0377777777778,2003.0
60608,CAJAMARCA,CUTERVO,SAN ANDRES DE CUTERVO,SAN ANDRES DE CUTERVO (CUTERVO),2025,2026,0.0300751879699248,0.1784,BAJO RIESGO,NORTE,MACROREGION NORTE,-6.23888888888889,-78.7127777777778,2090.0
60609,CAJAMARCA,CUTERVO,SAN JUAN DE CUTERVO,SAN JUAN DE CUTERVO (CUTERVO),2025,2026,0.0375,0.1843,BAJO RIESGO,NORTE,MACROREGION NORTE,-6.16305555555555,-78.5980555555555,1645.0
60610,CAJAMARCA,CUTERVO,SAN LUIS DE LUCMA,SAN LUIS DE LUCMA (CUTERVO),2025,2026,0.044776119402985,0.1883,BAJO RIESGO,NORTE,MACROREGION NORTE,-6.29388888888889,-78.6036111111111,1916.0
60611,CAJAMARCA,CUTERVO,SANTA CRUZ,SANTA CRUZ (CUTERVO),2025,2026,0.0246913580246913,0.19,BAJO RIESGO,NORTE,MACROREGION NORTE,-6.095,-78.8527777777777,1708.0
60612,CAJAMARCA,CUTERVO,SANTO DOMINGO DE LA CAPILLA,SANTO DOMINGO DE LA CAPILLA (CUTERVO),2025,2026,0.086092715231788,0.1765,BAJO RIESGO,NORTE,MACROREGION NORTE,-6.24472222222222,-78.8552777777778,1761.0
60613,CAJAMARCA,CUTERVO,SANTO TOMAS,SANTO TOMAS (CUTERVO),2025,2026,0.1959183673469387,0.2313,BAJO RIESGO,NORTE,MACROREGION NORTE,-6.15138888888889,-78.6819444444445,2167.0
60614,CAJAMARCA,CUTERVO,SOCOTA,SOCOTA (CUTERVO),2025,2026,0.0498084291187739,0.173,BAJO RIESGO,NORTE,MACROREGION NORTE,-6.31527777777778,-78.6994444444445,1847.0
60615,CAJAMARCA,CUTERVO,TORIBIO CASANOVA,TORIBIO CASANOVA (CUTERVO),2025,2026,0.1351351351351351,0.2661,BAJO RIESGO,NORTE,MACROREGION NORTE,-6.00416666666667,-78.6983333333333,1464.0
60701,CAJAMARCA,HUALGAYOC,BAMBAMARCA,BAMBAMARCA (HUALGAYOC),2025,2026,0.0616205725376031,0.1839,BAJO RIESGO,NORTE,MACROREGION NORTE,-6.67972222222222,-78.5188888888889,2556.0
60702,CAJAMARCA,HUALGAYOC,CHUGUR,CHUGUR (HUALGAYOC),2025,2026,0.0735294117647058,0.2107,BAJO RIESGO,NORTE,MACROREGION NORTE,-6.67083333333333,-78.7383333333333,2765.0
60703,CAJAMARCA,HUALGAYOC,HUALGAYOC,HUALGAYOC (HUALGAYOC),2025,2026,0.1640378548895899,0.2159,BAJO RIESGO,NORTE,MACROREGION NORTE,-6.76472222222222,-78.6080555555555,3530.0
60802,CAJAMARCA,JAEN,BELLAVISTA,BELLAVISTA (JAEN),2025,2026,0.0629629629629629,0.1435,BAJO RIESGO,NORTE,MACROREGION NORTE,-5.66777777777778,-78.6772222222222,438.0
60803,CAJAMARCA,JAEN,CHONTALI,CHONTALI (JAEN),2025,2026,0.6230366492146597,0.7716,ALTO RIESGO,NORTE,MACROREGION NORTE,-5.64611111111111,-79.0883333333333,1636.0
60804,CAJAMARCA,JAEN,COLASAY,COLASAY (JAEN),2025,2026,0.3478260869565217,0.5589,BAJO RIESGO,NORTE,MACROREGION NORTE,-5.97861111111111,-79.0686111111111,1800.0
60805,CAJAMARCA,JAEN,HUABAL,HUABAL (JAEN),2025,2026,0.0971428571428571,0.1753,BAJO RIESGO,NORTE,MACROREGION NORTE,-5.6125,-78.8997222222222,1380.0
60801,CAJAMARCA,JAEN,JAEN,JAEN (JAEN),2025,2026,0.1559109080525414,0.1727,BAJO RIESGO,NORTE,MACROREGION NORTE,-5.70888888888889,-78.8091666666667,728.0
60806,CAJAMARCA,JAEN,LAS PIRIAS,LAS PIRIAS (JAEN),2025,2026,0.3161764705882353,0.4206,BAJO RIESGO,NORTE,MACROREGION NORTE,-5.62722222222222,-78.8527777777777,1620.0
60807,CAJAMARCA,JAEN,POMAHUACA,POMAHUACA (JAEN),2025,2026,0.248780487804878,0.3323,BAJO RIESGO,NORTE,MACROREGION NORTE,-5.93138888888889,-79.2294444444444,1097.0
60808,CAJAMARCA,JAEN,PUCARA,PUCARA (JAEN),2025,2026,0.340080971659919,0.5236,BAJO RIESGO,NORTE,MACROREGION NORTE,-6.04138888888889,-79.1283333333333,909.0
60809,CAJAMARCA,JAEN,SALLIQUE,SALLIQUE (JAEN),2025,2026,0.1625,0.2299,BAJO RIESGO,NORTE,MACROREGION NORTE,-5.65805555555555,-79.3152777777778,1701.0
60810,CAJAMARCA,JAEN,SAN FELIPE,SAN FELIPE (JAEN),2025,2026,0.5109489051094891,0.757,ALTO RIESGO,NORTE,MACROREGION NORTE,-5.77027777777778,-79.3138888888889,1861.0
60811,CAJAMARCA,JAEN,SAN JOSE DEL ALTO,SAN JOSE DEL ALTO (JAEN),2025,2026,0.2352941176470588,0.2513,BAJO RIESGO,NORTE,MACROREGION NORTE,-5.465,-79.0177777777778,1399.0
60812,CAJAMARCA,JAEN,SANTA ROSA,SANTA ROSA (JAEN),2025,2026,0.1909090909090909,0.2034,BAJO RIESGO,NORTE,MACROREGION NORTE,-5.43416666666667,-78.5666666666667,1238.0
60902,CAJAMARCA,SAN IGNACIO,CHIRINOS,CHIRINOS (SAN IGNACIO),2025,2026,0.2743055555555556,0.3436,BAJO RIESGO,NORTE,MACROREGION NORTE,-5.30583333333333,-78.8983333333333,1850.0
60903,CAJAMARCA,SAN IGNACIO,HUARANGO,HUARANGO (SAN IGNACIO),2025,2026,0.1282758620689655,0.1798,BAJO RIESGO,NORTE,MACROREGION NORTE,-5.27222222222222,-78.7758333333333,776.0
60904,CAJAMARCA,SAN IGNACIO,LA COIPA,LA COIPA (SAN IGNACIO),2025,2026,0.1480582524271844,0.183,BAJO RIESGO,NORTE,MACROREGION NORTE,-5.39277777777778,-78.9063888888889,1507.0
60905,CAJAMARCA,SAN IGNACIO,NAMBALLE,NAMBALLE (SAN IGNACIO),2025,2026,0.09375,0.1789,BAJO RIESGO,NORTE,MACROREGION NORTE,-5.00416666666667,-79.0872222222222,713.0
60901,CAJAMARCA,SAN IGNACIO,SAN IGNACIO,SAN IGNACIO (SAN IGNACIO),2025,2026,0.1777286135693215,0.2079,BAJO RIESGO,NORTE,MACROREGION NORTE,-5.14611111111111,-79.0047222222222,1295.0
60906,CAJAMARCA,SAN IGNACIO,SAN JOSE DE LOURDES,SAN JOSE DE LOURDES (SAN IGNACIO),2025,2026,0.1340482573726541,0.1891,BAJO RIESGO,NORTE,MACROREGION NORTE,-5.10305555555555,-78.9141666666667,1134.0
60907,CAJAMARCA,SAN IGNACIO,TABACONAS,TABACONAS (SAN IGNACIO),2025,2026,0.5036144578313253,0.6979,BAJO RIESGO,NORTE,MACROREGION NORTE,-5.31611111111111,-79.2833333333333,1897.0
61002,CAJAMARCA,SAN MARCOS,CHANCAY,CHANCAY (SAN MARCOS),2025,2026,0.0948905109489051,0.1887,BAJO RIESGO,NORTE,MACROREGION NORTE,-7.38805555555555,-78.1233333333333,2699.0
61003,CAJAMARCA,SAN MARCOS,EDUARDO VILLANUEVA,EDUARDO VILLANUEVA (SAN MARCOS),2025,2026,0.1393442622950819,0.179,BAJO RIESGO,NORTE,MACROREGION NORTE,-7.46444444444444,-78.13,2026.0
61004,CAJAMARCA,SAN MARCOS,GREGORIO PITA,GREGORIO PITA (SAN MARCOS),2025,2026,0.0136986301369863,0.1836,BAJO RIESGO,NORTE,MACROREGION NORTE,-7.27361111111111,-78.16,2722.0
61005,CAJAMARCA,SAN MARCOS,ICHOCAN,ICHOCAN (SAN MARCOS),2025,2026,0.0943396226415094,0.2275,BAJO RIESGO,NORTE,MACROREGION NORTE,-7.36888888888889,-78.1297222222222,2616.0
61006,CAJAMARCA,SAN MARCOS,JOSE MANUEL QUIROZ,JOSE MANUEL QUIROZ (SAN MARCOS),2025,2026,0.1196581196581196,0.1903,BAJO RIESGO,NORTE,MACROREGION NORTE,-7.34944444444444,-78.0477777777778,2781.0
61007,CAJAMARCA,SAN MARCOS,JOSE SABOGAL,JOSE SABOGAL (SAN MARCOS),2025,2026,0.0668647845468053,0.1941,BAJO RIESGO,NORTE,MACROREGION NORTE,-7.25111111111111,-78.0366666666667,3331.0
61001,CAJAMARCA,SAN MARCOS,PEDRO GALVEZ,PEDRO GALVEZ (SAN MARCOS),2025,2026,0.1099706744868035,0.1835,BAJO RIESGO,NORTE,MACROREGION NORTE,-7.33583333333333,-78.17,2280.0
61102,CAJAMARCA,SAN MIGUEL,BOLIVAR,BOLIVAR (SAN MIGUEL),2025,2026,0.2692307692307692,0.4589,BAJO RIESGO,NORTE,MACROREGION NORTE,-6.97694444444445,-79.1780555555555,940.0
61103,CAJAMARCA,SAN MIGUEL,CALQUIS,CALQUIS (SAN MIGUEL),2025,2026,0.2254901960784313,0.2978,BAJO RIESGO,NORTE,MACROREGION NORTE,-6.98027777777778,-78.85,2877.0
61104,CAJAMARCA,SAN MIGUEL,CATILLUC,CATILLUC (SAN MIGUEL),2025,2026,0.0975609756097561,0.2047,BAJO RIESGO,NORTE,MACROREGION NORTE,-6.80166666666667,-78.7791666666667,2870.0
61105,CAJAMARCA,SAN MIGUEL,EL PRADO,EL PRADO (SAN MIGUEL),2025,2026,0.3252032520325203,0.4626,BAJO RIESGO,NORTE,MACROREGION NORTE,-7.03361111111111,-79.0108333333333,2857.0
61106,CAJAMARCA,SAN MIGUEL,LA FLORIDA,LA FLORIDA (SAN MIGUEL),2025,2026,0.1666666666666666,0.2963,BAJO RIESGO,NORTE,MACROREGION NORTE,-6.86861111111111,-79.1258333333333,993.0
61107,CAJAMARCA,SAN MIGUEL,LLAPA,LLAPA (SAN MIGUEL),2025,2026,0.1739130434782608,0.2481,BAJO RIESGO,NORTE,MACROREGION NORTE,-6.98083333333333,-78.8075,2952.0
61108,CAJAMARCA,SAN MIGUEL,NANCHOC,NANCHOC (SAN MIGUEL),2025,2026,0.0714285714285714,0.1982,BAJO RIESGO,NORTE,MACROREGION NORTE,-6.95944444444445,-79.2425,402.0
61109,CAJAMARCA,SAN MIGUEL,NIEPOS,NIEPOS (SAN MIGUEL),2025,2026,0.2162162162162162,0.2774,BAJO RIESGO,NORTE,MACROREGION NORTE,-6.92666666666667,-79.13,2457.0
61110,CAJAMARCA,SAN MIGUEL,SAN GREGORIO,SAN GREGORIO (SAN MIGUEL),2025,2026,0.6041666666666666,0.7762,ALTO RIESGO,NORTE,MACROREGION NORTE,-7.05694444444445,-79.0952777777778,1857.0
61101,CAJAMARCA,SAN MIGUEL,SAN MIGUEL,SAN MIGUEL (SAN MIGUEL),2025,2026,0.2428571428571428,0.2652,BAJO RIESGO,NORTE,MACROREGION NORTE,-7.0,-78.85,2612.0
61111,CAJAMARCA,SAN MIGUEL,SAN SILVESTRE DE COCHAN,SAN SILVESTRE DE COCHAN (SAN MIGUEL),2025,2026,0.1022727272727272,0.1965,BAJO RIESGO,NORTE,MACROREGION NORTE,-6.9775,-78.7738888888889,2940.0
61112,CAJAMARCA,SAN MIGUEL,TONGOD,TONGOD (SAN MIGUEL),2025,2026,0.0847457627118644,0.2038,BAJO RIESGO,NORTE,MACROREGION NORTE,-6.7575,-78.825,2628.0
61113,CAJAMARCA,SAN MIGUEL,UNION AGUA BLANCA,UNION AGUA BLANCA (SAN MIGUEL),2025,2026,0.2142857142857142,0.2778,BAJO RIESGO,NORTE,MACROREGION NORTE,-7.04666666666667,-79.0605555555556,2918.0
61202,CAJAMARCA,SAN PABLO,SAN BERNARDINO,SAN BERNARDINO (SAN PABLO),2025,2026,0.0404040404040404,0.1929,BAJO RIESGO,NORTE,MACROREGION NORTE,-7.16805555555555,-78.8291666666667,1375.0
61203,CAJAMARCA,SAN PABLO,SAN LUIS,SAN LUIS (SAN PABLO),2025,2026,0.0,0.2857,BAJO RIESGO,NORTE,MACROREGION NORTE,-7.15694444444444,-78.8680555555555,1394.0
61201,CAJAMARCA,SAN PABLO,SAN PABLO,SAN PABLO (SAN PABLO),2025,2026,0.1756373937677053,0.2064,BAJO RIESGO,NORTE,MACROREGION NORTE,-7.11861111111111,-78.8233333333333,2391.0
61204,CAJAMARCA,SAN PABLO,TUMBADEN,TUMBADEN (SAN PABLO),2025,2026,0.0618556701030927,0.2061,BAJO RIESGO,NORTE,MACROREGION NORTE,-7.02527777777778,-78.7397222222222,3041.0
61302,CAJAMARCA,SANTA CRUZ,ANDABAMBA,ANDABAMBA (SANTA CRUZ),2025,2026,0.0,0.2646,BAJO RIESGO,NORTE,MACROREGION NORTE,-6.66277777777778,-78.8169444444444,2550.0
61303,CAJAMARCA,SANTA CRUZ,CATACHE,CATACHE (SANTA CRUZ),2025,2026,0.0262295081967213,0.1894,BAJO RIESGO,NORTE,MACROREGION NORTE,-6.67361111111111,-79.0327777777778,1363.0
61304,CAJAMARCA,SANTA CRUZ,CHANCAYBAÑOS,CHANCAYBAÑOS (SANTA CRUZ),2025,2026,0.0128205128205128,0.1954,BAJO RIESGO,NORTE,MACROREGION NORTE,-6.57611111111111,-78.8675,1641.0
61305,CAJAMARCA,SANTA CRUZ,LA ESPERANZA,LA ESPERANZA (SANTA CRUZ),2025,2026,0.0,0.2257,BAJO RIESGO,NORTE,MACROREGION NORTE,-6.5925,-78.8958333333333,1727.0
61306,CAJAMARCA,SANTA CRUZ,NINABAMBA,NINABAMBA (SANTA CRUZ),2025,2026,0.0227272727272727,0.226,BAJO RIESGO,NORTE,MACROREGION NORTE,-6.64972222222222,-78.7875,2196.0
61307,CAJAMARCA,SANTA CRUZ,PULAN,PULAN (SANTA CRUZ),2025,2026,0.0120481927710843,0.1903,BAJO RIESGO,NORTE,MACROREGION NORTE,-6.73888888888889,-78.9202777777778,2084.0
61301,CAJAMARCA,SANTA CRUZ,SANTA CRUZ,SANTA CRUZ (SANTA CRUZ),2025,2026,0.102112676056338,0.1787,BAJO RIESGO,NORTE,MACROREGION NORTE,-6.62583333333333,-78.9441666666667,2036.0
61308,CAJAMARCA,SANTA CRUZ,SAUCEPAMPA,SAUCEPAMPA (SANTA CRUZ),2025,2026,0.0333333333333333,0.223,BAJO RIESGO,NORTE,MACROREGION NORTE,-6.69138888888889,-78.9161111111111,1931.0
61309,CAJAMARCA,SANTA CRUZ,SEXI,SEXI (SANTA CRUZ),2025,2026,0.0,0.3366,BAJO RIESGO,NORTE,MACROREGION NORTE,-6.56416666666667,-79.0513888888889,2478.0
61310,CAJAMARCA,SANTA CRUZ,UTICYACU,UTICYACU (SANTA CRUZ),2025,2026,0.0606060606060606,0.2342,BAJO RIESGO,NORTE,MACROREGION NORTE,-6.60666666666667,-78.7938888888889,2346.0
61311,CAJAMARCA,SANTA CRUZ,YAUYUCAN,YAUYUCAN (SANTA CRUZ),2025,2026,0.0375,0.1963,BAJO RIESGO,NORTE,MACROREGION NORTE,-6.67722222222222,-78.8186111111111,2502.0
70102,CALLAO,CALLAO,BELLAVISTA,BELLAVISTA (CALLAO),2025,2026,0.1141078838174273,0.1352,BAJO RIESGO,LIMA METROPOLITANA,LIMA Y CALLAO,-12.0625,-77.1291666666666,13.0
70101,CALLAO,CALLAO,CALLAO,CALLAO (CALLAO),2025,2026,0.0700437773608505,0.132,BAJO RIESGO,LIMA METROPOLITANA,LIMA Y CALLAO,-12.0630555555556,-77.1469444444445,27.0
70103,CALLAO,CALLAO,CARMEN DE LA LEGUA REYNOSO,CARMEN DE LA LEGUA REYNOSO (CALLAO),2025,2026,0.1348637015781922,0.1317,BAJO RIESGO,LIMA METROPOLITANA,LIMA Y CALLAO,-12.0394444444444,-77.0902777777778,82.0
70104,CALLAO,CALLAO,LA PERLA,LA PERLA (CALLAO),2025,2026,0.086092715231788,0.1301,BAJO RIESGO,LIMA METROPOLITANA,LIMA Y CALLAO,-12.0658333333333,-77.1080555555555,37.0
70105,CALLAO,CALLAO,LA PUNTA,LA PUNTA (CALLAO),2025,2026,0.0072463768115942,0.1439,BAJO RIESGO,LIMA METROPOLITANA,LIMA Y CALLAO,-12.0727777777778,-77.1633333333333,29.0
70107,CALLAO,CALLAO,MI PERU,MI PERU (CALLAO),2025,2026,0.0577557755775577,0.1336,BAJO RIESGO,LIMA METROPOLITANA,LIMA Y CALLAO,-11.855,-77.125,118.0
70106,CALLAO,CALLAO,VENTANILLA,VENTANILLA (CALLAO),2025,2026,0.0929363548698167,0.132,BAJO RIESGO,LIMA METROPOLITANA,LIMA Y CALLAO,-11.8772222222222,-77.1277777777777,43.0
80201,CUSCO,ACOMAYO,ACOMAYO,ACOMAYO (ACOMAYO),2025,2026,0.2280701754385964,0.2848,BAJO RIESGO,SUR,MACROREGION SUR,-13.9194444444444,-71.6836111111111,3235.0
80202,CUSCO,ACOMAYO,ACOPIA,ACOPIA (ACOMAYO),2025,2026,0.081081081081081,0.2326,BAJO RIESGO,SUR,MACROREGION SUR,-14.0575,-71.4933333333333,3724.0
80203,CUSCO,ACOMAYO,ACOS,ACOS (ACOMAYO),2025,2026,0.0294117647058823,0.2508,BAJO RIESGO,SUR,MACROREGION SUR,-13.9511111111111,-71.7380555555555,3106.0
80204,CUSCO,ACOMAYO,MOSOC LLACTA,MOSOC LLACTA (ACOMAYO),2025,2026,0.0384615384615384,0.2275,BAJO RIESGO,SUR,MACROREGION SUR,-14.1202777777778,-71.4730555555555,3820.0
80205,CUSCO,ACOMAYO,POMACANCHI,POMACANCHI (ACOMAYO),2025,2026,0.3076923076923077,0.4,BAJO RIESGO,SUR,MACROREGION SUR,-14.0336111111111,-71.5741666666667,3709.0
80206,CUSCO,ACOMAYO,RONDOCAN,RONDOCAN (ACOMAYO),2025,2026,0.04,0.2602,BAJO RIESGO,SUR,MACROREGION SUR,-13.7794444444444,-71.7819444444445,3394.0
80207,CUSCO,ACOMAYO,SANGARARA,SANGARARA (ACOMAYO),2025,2026,0.2328767123287671,0.3017,BAJO RIESGO,SUR,MACROREGION SUR,-13.9472222222222,-71.6033333333333,3788.0
80302,CUSCO,ANTA,ANCAHUASI,ANCAHUASI (ANTA),2025,2026,0.1515151515151515,0.1996,BAJO RIESGO,SUR,MACROREGION SUR,-13.4572222222222,-72.3008333333333,3479.0
80301,CUSCO,ANTA,ANTA,ANTA (ANTA),2025,2026,0.1925207756232687,0.2175,BAJO RIESGO,SUR,MACROREGION SUR,-13.4577777777778,-72.1475,3363.0
80303,CUSCO,ANTA,CACHIMAYO,CACHIMAYO (ANTA),2025,2026,0.3,0.4142,BAJO RIESGO,SUR,MACROREGION SUR,-13.4777777777778,-72.0688888888889,3454.0
80304,CUSCO,ANTA,CHINCHAYPUJIO,CHINCHAYPUJIO (ANTA),2025,2026,0.065040650406504,0.2125,BAJO RIESGO,SUR,MACROREGION SUR,-13.6297222222222,-72.2330555555556,3106.0
80305,CUSCO,ANTA,HUAROCONDO,HUAROCONDO (ANTA),2025,2026,0.2760736196319018,0.3906,BAJO RIESGO,SUR,MACROREGION SUR,-13.4158333333333,-72.2075,3353.0
80306,CUSCO,ANTA,LIMATAMBO,LIMATAMBO (ANTA),2025,2026,0.0675675675675675,0.2008,BAJO RIESGO,SUR,MACROREGION SUR,-13.4797222222222,-72.4427777777778,2633.0
80307,CUSCO,ANTA,MOLLEPATA,MOLLEPATA (ANTA),2025,2026,0.1052631578947368,0.2235,BAJO RIESGO,SUR,MACROREGION SUR,-13.5091666666667,-72.5277777777778,2864.0
80308,CUSCO,ANTA,PUCYURA,PUCYURA (ANTA),2025,2026,0.2457627118644068,0.3198,BAJO RIESGO,SUR,MACROREGION SUR,-13.4788888888889,-72.1111111111111,3384.0
80309,CUSCO,ANTA,ZURITE,ZURITE (ANTA),2025,2026,0.1979166666666666,0.2475,BAJO RIESGO,SUR,MACROREGION SUR,-13.4558333333333,-72.2558333333333,3424.0
80401,CUSCO,CALCA,CALCA,CALCA (CALCA),2025,2026,0.1483180428134556,0.192,BAJO RIESGO,SUR,MACROREGION SUR,-13.3211111111111,-71.9555555555555,2955.0
80402,CUSCO,CALCA,COYA,COYA (CALCA),2025,2026,0.2,0.267,BAJO RIESGO,SUR,MACROREGION SUR,-13.3863888888889,-71.8983333333333,2970.0
80403,CUSCO,CALCA,LAMAY,LAMAY (CALCA),2025,2026,0.1292517006802721,0.1988,BAJO RIESGO,SUR,MACROREGION SUR,-13.3644444444444,-71.9208333333333,2960.0
80404,CUSCO,CALCA,LARES,LARES (CALCA),2025,2026,0.2191780821917808,0.2588,BAJO RIESGO,SUR,MACROREGION SUR,-13.1041666666667,-72.0447222222222,3193.0
80405,CUSCO,CALCA,PISAC,PISAC (CALCA),2025,2026,0.1419354838709677,0.1899,BAJO RIESGO,SUR,MACROREGION SUR,-13.4205555555556,-71.8505555555555,2986.0
80406,CUSCO,CALCA,SAN SALVADOR,SAN SALVADOR (CALCA),2025,2026,0.1517241379310344,0.1999,BAJO RIESGO,SUR,MACROREGION SUR,-13.4919444444444,-71.7786111111111,3012.0
80407,CUSCO,CALCA,TARAY,TARAY (CALCA),2025,2026,0.024,0.2036,BAJO RIESGO,SUR,MACROREGION SUR,-13.4277777777778,-71.8669444444444,2991.0
80408,CUSCO,CALCA,YANATILE,YANATILE (CALCA),2025,2026,0.1162790697674418,0.1928,BAJO RIESGO,SUR,MACROREGION SUR,-12.6816666666667,-72.2772222222222,1148.0
80502,CUSCO,CANAS,CHECCA,CHECCA (CANAS),2025,2026,0.0677966101694915,0.1905,BAJO RIESGO,SUR,MACROREGION SUR,-14.4733333333333,-71.3947222222222,3834.0
80503,CUSCO,CANAS,KUNTURKANKI,KUNTURKANKI (CANAS),2025,2026,0.116504854368932,0.1988,BAJO RIESGO,SUR,MACROREGION SUR,-14.5347222222222,-71.3069444444444,3961.0
80504,CUSCO,CANAS,LANGUI,LANGUI (CANAS),2025,2026,0.0303030303030303,0.2331,BAJO RIESGO,SUR,MACROREGION SUR,-14.4322222222222,-71.2727777777777,3967.0
80505,CUSCO,CANAS,LAYO,LAYO (CANAS),2025,2026,0.09375,0.2035,BAJO RIESGO,SUR,MACROREGION SUR,-14.4941666666667,-71.1555555555555,3997.0
80506,CUSCO,CANAS,PAMPAMARCA,PAMPAMARCA (CANAS),2025,2026,0.0909090909090909,0.2429,BAJO RIESGO,SUR,MACROREGION SUR,-14.1475,-71.4602777777778,3820.0
80507,CUSCO,CANAS,QUEHUE,QUEHUE (CANAS),2025,2026,0.025,0.2504,BAJO RIESGO,SUR,MACROREGION SUR,-14.3802777777778,-71.4555555555555,3794.0
80508,CUSCO,CANAS,TUPAC AMARU,TUPAC AMARU (CANAS),2025,2026,0.16,0.283,BAJO RIESGO,SUR,MACROREGION SUR,-14.1638888888889,-71.4761111111111,3809.0
80501,CUSCO,CANAS,YANAOCA,YANAOCA (CANAS),2025,2026,0.0826086956521739,0.193,BAJO RIESGO,SUR,MACROREGION SUR,-14.2166666666667,-71.4322222222222,3925.0
80602,CUSCO,CANCHIS,CHECACUPE,CHECACUPE (CANCHIS),2025,2026,0.1122448979591836,0.2207,BAJO RIESGO,SUR,MACROREGION SUR,-14.0252777777778,-71.4538888888889,3459.0
80603,CUSCO,CANCHIS,COMBAPATA,COMBAPATA (CANCHIS),2025,2026,0.0698924731182795,0.1923,BAJO RIESGO,SUR,MACROREGION SUR,-14.1019444444444,-71.43,3500.0
80604,CUSCO,CANCHIS,MARANGANI,MARANGANI (CANCHIS),2025,2026,0.1479591836734693,0.2033,BAJO RIESGO,SUR,MACROREGION SUR,-14.3566666666667,-71.1686111111111,3720.0
80605,CUSCO,CANCHIS,PITUMARCA,PITUMARCA (CANCHIS),2025,2026,0.1144067796610169,0.1998,BAJO RIESGO,SUR,MACROREGION SUR,-13.9802777777778,-71.4175,3587.0
80606,CUSCO,CANCHIS,SAN PABLO,SAN PABLO (CANCHIS),2025,2026,0.0,0.2311,BAJO RIESGO,SUR,MACROREGION SUR,-14.2022222222222,-71.315,3501.0
80607,CUSCO,CANCHIS,SAN PEDRO,SAN PEDRO (CANCHIS),2025,2026,0.0384615384615384,0.233,BAJO RIESGO,SUR,MACROREGION SUR,-14.1861111111111,-71.3430555555556,3515.0
80601,CUSCO,CANCHIS,SICUANI,SICUANI (CANCHIS),2025,2026,0.1211928934010152,0.1882,BAJO RIESGO,SUR,MACROREGION SUR,-14.2380555555556,-71.2308333333333,3593.0
80608,CUSCO,CANCHIS,TINTA,TINTA (CANCHIS),2025,2026,0.0608695652173913,0.2021,BAJO RIESGO,SUR,MACROREGION SUR,-14.1452777777778,-71.4072222222222,3496.0
80702,CUSCO,CHUMBIVILCAS,CAPACMARCA,CAPACMARCA (CHUMBIVILCAS),2025,2026,0.1416666666666666,0.2015,BAJO RIESGO,SUR,MACROREGION SUR,-14.0072222222222,-72.0025,3563.0
80703,CUSCO,CHUMBIVILCAS,CHAMACA,CHAMACA (CHUMBIVILCAS),2025,2026,0.085,0.1973,BAJO RIESGO,SUR,MACROREGION SUR,-14.3025,-71.8522222222222,3779.0
80704,CUSCO,CHUMBIVILCAS,COLQUEMARCA,COLQUEMARCA (CHUMBIVILCAS),2025,2026,0.0833333333333333,0.1884,BAJO RIESGO,SUR,MACROREGION SUR,-14.2852777777778,-72.04,3606.0
80705,CUSCO,CHUMBIVILCAS,LIVITACA,LIVITACA (CHUMBIVILCAS),2025,2026,0.1897590361445783,0.2251,BAJO RIESGO,SUR,MACROREGION SUR,-14.3127777777778,-71.6897222222222,3774.0
80706,CUSCO,CHUMBIVILCAS,LLUSCO,LLUSCO (CHUMBIVILCAS),2025,2026,0.0495867768595041,0.2156,BAJO RIESGO,SUR,MACROREGION SUR,-14.3375,-72.1136111111111,3522.0
80707,CUSCO,CHUMBIVILCAS,QUIÑOTA,QUIÑOTA (CHUMBIVILCAS),2025,2026,0.09375,0.2041,BAJO RIESGO,SUR,MACROREGION SUR,-14.3111111111111,-72.1386111111111,3607.0
80701,CUSCO,CHUMBIVILCAS,SANTO TOMAS,SANTO TOMAS (CHUMBIVILCAS),2025,2026,0.056,0.1946,BAJO RIESGO,SUR,MACROREGION SUR,-14.4533333333333,-72.0822222222222,3676.0
80708,CUSCO,CHUMBIVILCAS,VELILLE,VELILLE (CHUMBIVILCAS),2025,2026,0.2883895131086142,0.372,BAJO RIESGO,SUR,MACROREGION SUR,-14.5086111111111,-71.8811111111111,3766.0
80102,CUSCO,CUSCO,CCORCA,CCORCA (CUSCO),2025,2026,0.1666666666666666,0.2523,BAJO RIESGO,SUR,MACROREGION SUR,-13.5847222222222,-72.0591666666667,3675.0
80101,CUSCO,CUSCO,CUSCO,CUSCO (CUSCO),2025,2026,0.183449074074074,0.2188,BAJO RIESGO,SUR,MACROREGION SUR,-13.5191666666667,-71.9766666666667,3439.0
80103,CUSCO,CUSCO,POROY,POROY (CUSCO),2025,2026,0.0971223021582733,0.191,BAJO RIESGO,SUR,MACROREGION SUR,-13.4944444444444,-72.0447222222222,3508.0
80104,CUSCO,CUSCO,SAN JERONIMO,SAN JERONIMO (CUSCO),2025,2026,0.2994269340974212,0.3727,BAJO RIESGO,SUR,MACROREGION SUR,-13.5444444444444,-71.8836111111111,3289.0
80105,CUSCO,CUSCO,SAN SEBASTIAN,SAN SEBASTIAN (CUSCO),2025,2026,0.2407496395963479,0.2613,BAJO RIESGO,SUR,MACROREGION SUR,-13.5302777777778,-71.9369444444445,3301.0
80106,CUSCO,CUSCO,SANTIAGO,SANTIAGO (CUSCO),2025,2026,0.242836676217765,0.2613,BAJO RIESGO,SUR,MACROREGION SUR,-13.5258333333333,-71.9830555555556,3464.0
80107,CUSCO,CUSCO,SAYLLA,SAYLLA (CUSCO),2025,2026,0.1428571428571428,0.1929,BAJO RIESGO,SUR,MACROREGION SUR,-13.57,-71.8277777777778,3179.0
80108,CUSCO,CUSCO,WANCHAQ,WANCHAQ (CUSCO),2025,2026,0.0404580152671755,0.1868,BAJO RIESGO,SUR,MACROREGION SUR,-13.5213888888889,-71.9666666666667,3424.0
80808,CUSCO,ESPINAR,ALTO PICHIGUA,ALTO PICHIGUA (ESPINAR),2025,2026,0.119047619047619,0.269,BAJO RIESGO,SUR,MACROREGION SUR,-14.7769444444444,-71.2508333333333,3999.0
80802,CUSCO,ESPINAR,CONDOROMA,CONDOROMA (ESPINAR),2025,2026,0.1428571428571428,0.3347,BAJO RIESGO,SUR,MACROREGION SUR,-15.3005555555556,-71.1383333333333,4679.0
80803,CUSCO,ESPINAR,COPORAQUE,COPORAQUE (ESPINAR),2025,2026,0.0827067669172932,0.2054,BAJO RIESGO,SUR,MACROREGION SUR,-14.8002777777778,-71.5316666666667,3970.0
80801,CUSCO,ESPINAR,ESPINAR,ESPINAR (ESPINAR),2025,2026,0.2871111111111111,0.3711,BAJO RIESGO,SUR,MACROREGION SUR,-14.7930555555556,-71.4133333333333,3976.0
80804,CUSCO,ESPINAR,OCORURO,OCORURO (ESPINAR),2025,2026,0.0238095238095238,0.2599,BAJO RIESGO,SUR,MACROREGION SUR,-15.0519444444444,-71.1291666666666,4104.0
80805,CUSCO,ESPINAR,PALLPATA,PALLPATA (ESPINAR),2025,2026,0.1116751269035533,0.2038,BAJO RIESGO,SUR,MACROREGION SUR,-14.8902777777778,-71.21,4027.0
80806,CUSCO,ESPINAR,PICHIGUA,PICHIGUA (ESPINAR),2025,2026,0.1444444444444444,0.2265,BAJO RIESGO,SUR,MACROREGION SUR,-14.6780555555556,-71.4063888888889,3902.0
80807,CUSCO,ESPINAR,SUYCKUTAMBO,SUYCKUTAMBO (ESPINAR),2025,2026,0.0,0.2888,BAJO RIESGO,SUR,MACROREGION SUR,-15.0086111111111,-71.6433333333333,4124.0
80916,CUSCO,LA CONVENCION,CIELO PUNCO,CIELO PUNCO (LA CONVENCION),2025,2026,0.0869565217391304,0.2258,BAJO RIESGO,SUR,MACROREGION SUR,,,
80902,CUSCO,LA CONVENCION,ECHARATE,ECHARATE (LA CONVENCION),2025,2026,0.3817980022197558,0.5961,BAJO RIESGO,SUR,MACROREGION SUR,-12.7680555555556,-72.5761111111111,1059.0
80903,CUSCO,LA CONVENCION,HUAYOPATA,HUAYOPATA (LA CONVENCION),2025,2026,0.0736842105263157,0.2053,BAJO RIESGO,SUR,MACROREGION SUR,-13.0047222222222,-72.5544444444444,1597.0
80911,CUSCO,LA CONVENCION,INKAWASI,INKAWASI (LA CONVENCION),2025,2026,0.0472972972972973,0.2003,BAJO RIESGO,SUR,MACROREGION SUR,-13.29,-73.2655555555556,1771.0
80917,CUSCO,LA CONVENCION,MANITEA,MANITEA (LA CONVENCION),2025,2026,0.0840336134453781,0.1999,BAJO RIESGO,SUR,MACROREGION SUR,,,
80904,CUSCO,LA CONVENCION,MARANURA,MARANURA (LA CONVENCION),2025,2026,0.0491803278688524,0.1835,BAJO RIESGO,SUR,MACROREGION SUR,-12.9627777777778,-72.6647222222222,1141.0
80914,CUSCO,LA CONVENCION,MEGANTONI,MEGANTONI (LA CONVENCION),2025,2026,0.2922448979591837,0.3547,BAJO RIESGO,SUR,MACROREGION SUR,-11.7202777777778,-72.9463888888889,355.0
80905,CUSCO,LA CONVENCION,OCOBAMBA,OCOBAMBA (LA CONVENCION),2025,2026,0.1864406779661017,0.2357,BAJO RIESGO,SUR,MACROREGION SUR,-12.8716666666667,-72.4472222222222,1479.0
80910,CUSCO,LA CONVENCION,PICHARI,PICHARI (LA CONVENCION),2025,2026,0.1014492753623188,0.154,BAJO RIESGO,SUR,MACROREGION SUR,-12.5194444444444,-73.8291666666667,596.0
80906,CUSCO,LA CONVENCION,QUELLOUNO,QUELLOUNO (LA CONVENCION),2025,2026,0.104602510460251,0.1859,BAJO RIESGO,SUR,MACROREGION SUR,-12.6366666666667,-72.5572222222222,784.0
80907,CUSCO,LA CONVENCION,QUIMBIRI,QUIMBIRI (LA CONVENCION),2025,2026,0.1028192371475953,0.1593,BAJO RIESGO,SUR,MACROREGION SUR,-12.62,-73.7891666666667,590.0
80901,CUSCO,LA CONVENCION,SANTA ANA,SANTA ANA (LA CONVENCION),2025,2026,0.0976331360946745,0.1831,BAJO RIESGO,SUR,MACROREGION SUR,-12.8627777777778,-72.6933333333333,1086.0
80908,CUSCO,LA CONVENCION,SANTA TERESA,SANTA TERESA (LA CONVENCION),2025,2026,0.1118881118881118,0.1951,BAJO RIESGO,SUR,MACROREGION SUR,-13.1305555555556,-72.5938888888889,1572.0
80918,CUSCO,LA CONVENCION,UNION ASHÁNINKA,UNION ASHÁNINKA (LA CONVENCION),2025,2026,0.0769230769230769,0.1882,BAJO RIESGO,SUR,MACROREGION SUR,,,
80909,CUSCO,LA CONVENCION,VILCABAMBA,VILCABAMBA (LA CONVENCION),2025,2026,0.32,0.4407,BAJO RIESGO,SUR,MACROREGION SUR,-13.0630555555556,-72.9344444444445,2656.0
80913,CUSCO,LA CONVENCION,VILLA KINTIARINA,VILLA KINTIARINA (LA CONVENCION),2025,2026,0.0890410958904109,0.2083,BAJO RIESGO,SUR,MACROREGION SUR,-12.9188888888889,-73.5283333333333,704.0
80912,CUSCO,LA CONVENCION,VILLA VIRGEN,VILLA VIRGEN (LA CONVENCION),2025,2026,0.2830188679245283,0.4633,BAJO RIESGO,SUR,MACROREGION SUR,-13.0027777777778,-73.5127777777778,742.0
81002,CUSCO,PARURO,ACCHA,ACCHA (PARURO),2025,2026,0.3595505617977528,0.586,BAJO RIESGO,SUR,MACROREGION SUR,-13.9711111111111,-71.8313888888889,3601.0
81003,CUSCO,PARURO,CCAPI,CCAPI (PARURO),2025,2026,0.1756756756756756,0.2778,BAJO RIESGO,SUR,MACROREGION SUR,-13.8530555555556,-72.0825,3227.0
81004,CUSCO,PARURO,COLCHA,COLCHA (PARURO),2025,2026,0.0,0.2686,BAJO RIESGO,SUR,MACROREGION SUR,-13.8519444444444,-71.8033333333333,2827.0
81005,CUSCO,PARURO,HUANOQUITE,HUANOQUITE (PARURO),2025,2026,0.3857142857142857,0.6041,BAJO RIESGO,SUR,MACROREGION SUR,-13.6819444444444,-72.0180555555555,3391.0
81006,CUSCO,PARURO,OMACHA,OMACHA (PARURO),2025,2026,0.2578616352201258,0.364,BAJO RIESGO,SUR,MACROREGION SUR,-14.0694444444444,-71.7380555555555,3887.0
81007,CUSCO,PARURO,PACCARITAMBO,PACCARITAMBO (PARURO),2025,2026,0.0,0.2468,BAJO RIESGO,SUR,MACROREGION SUR,-13.7563888888889,-71.9566666666667,3602.0
81001,CUSCO,PARURO,PARURO,PARURO (PARURO),2025,2026,0.0789473684210526,0.2087,BAJO RIESGO,SUR,MACROREGION SUR,-13.7616666666667,-71.8477777777778,3086.0
81008,CUSCO,PARURO,PILLPINTO,PILLPINTO (PARURO),2025,2026,0.0,0.2816,BAJO RIESGO,SUR,MACROREGION SUR,-13.9536111111111,-71.7605555555556,2869.0
81009,CUSCO,PARURO,YAURISQUE,YAURISQUE (PARURO),2025,2026,0.2282608695652173,0.307,BAJO RIESGO,SUR,MACROREGION SUR,-13.6652777777778,-71.9205555555556,3324.0
81102,CUSCO,PAUCARTAMBO,CAICAY,CAICAY (PAUCARTAMBO),2025,2026,0.0576923076923076,0.2451,BAJO RIESGO,SUR,MACROREGION SUR,-13.5972222222222,-71.6966666666667,3128.0
81103,CUSCO,PAUCARTAMBO,CHALLABAMBA,CHALLABAMBA (PAUCARTAMBO),2025,2026,0.2645914396887159,0.3604,BAJO RIESGO,SUR,MACROREGION SUR,-13.215,-71.6486111111111,2845.0
81104,CUSCO,PAUCARTAMBO,COLQUEPATA,COLQUEPATA (PAUCARTAMBO),2025,2026,0.1428571428571428,0.1988,BAJO RIESGO,SUR,MACROREGION SUR,-13.3602777777778,-71.6736111111111,3690.0
81105,CUSCO,PAUCARTAMBO,HUANCARANI,HUANCARANI (PAUCARTAMBO),2025,2026,0.3580246913580246,0.5714,BAJO RIESGO,SUR,MACROREGION SUR,-13.5033333333333,-71.6544444444445,3871.0
81106,CUSCO,PAUCARTAMBO,KOSÑIPATA,KOSÑIPATA (PAUCARTAMBO),2025,2026,0.2945205479452055,0.4043,BAJO RIESGO,SUR,MACROREGION SUR,-12.9094444444444,-71.4033333333333,544.0
81101,CUSCO,PAUCARTAMBO,PAUCARTAMBO,PAUCARTAMBO (PAUCARTAMBO),2025,2026,0.2096385542168674,0.2461,BAJO RIESGO,SUR,MACROREGION SUR,-13.3177777777778,-71.5966666666667,2917.0
81202,CUSCO,QUISPICANCHI,ANDAHUAYLILLAS,ANDAHUAYLILLAS (QUISPICANCHI),2025,2026,0.2989130434782608,0.3823,BAJO RIESGO,SUR,MACROREGION SUR,-13.6733333333333,-71.6777777777777,3139.0
81203,CUSCO,QUISPICANCHI,CAMANTI,CAMANTI (QUISPICANCHI),2025,2026,0.2538461538461538,0.3766,BAJO RIESGO,SUR,MACROREGION SUR,-13.2313888888889,-70.7544444444444,647.0
81204,CUSCO,QUISPICANCHI,CCARHUAYO,CCARHUAYO (QUISPICANCHI),2025,2026,0.196078431372549,0.3089,BAJO RIESGO,SUR,MACROREGION SUR,-13.5952777777778,-71.3997222222222,3481.0
81205,CUSCO,QUISPICANCHI,CCATCA,CCATCA (QUISPICANCHI),2025,2026,0.2799097065462754,0.3625,BAJO RIESGO,SUR,MACROREGION SUR,-13.6052777777778,-71.5636111111111,3714.0
81206,CUSCO,QUISPICANCHI,CUSIPATA,CUSIPATA (QUISPICANCHI),2025,2026,0.3061224489795918,0.4228,BAJO RIESGO,SUR,MACROREGION SUR,-13.9069444444444,-71.5025,3332.0
81207,CUSCO,QUISPICANCHI,HUARO,HUARO (QUISPICANCHI),2025,2026,0.1052631578947368,0.2056,BAJO RIESGO,SUR,MACROREGION SUR,-13.6902777777778,-71.6402777777778,3168.0
81208,CUSCO,QUISPICANCHI,LUCRE,LUCRE (QUISPICANCHI),2025,2026,0.2212389380530973,0.2699,BAJO RIESGO,SUR,MACROREGION SUR,-13.6338888888889,-71.7366666666667,3117.0
81209,CUSCO,QUISPICANCHI,MARCAPATA,MARCAPATA (QUISPICANCHI),2025,2026,0.3125,0.4734,BAJO RIESGO,SUR,MACROREGION SUR,-13.5916666666667,-70.975,3111.0
81210,CUSCO,QUISPICANCHI,OCONGATE,OCONGATE (QUISPICANCHI),2025,2026,0.2420091324200913,0.2599,BAJO RIESGO,SUR,MACROREGION SUR,-13.6266666666667,-71.3883333333333,3549.0
81211,CUSCO,QUISPICANCHI,OROPESA,OROPESA (QUISPICANCHI),2025,2026,0.3439306358381503,0.5342,BAJO RIESGO,SUR,MACROREGION SUR,-13.5944444444444,-71.7630555555556,3139.0
81212,CUSCO,QUISPICANCHI,QUIQUIJANA,QUIQUIJANA (QUISPICANCHI),2025,2026,0.0972644376899696,0.1905,BAJO RIESGO,SUR,MACROREGION SUR,-13.8225,-71.5425,3211.0
81201,CUSCO,QUISPICANCHI,URCOS,URCOS (QUISPICANCHI),2025,2026,0.2808219178082192,0.3656,BAJO RIESGO,SUR,MACROREGION SUR,-13.6877777777778,-71.6252777777778,3179.0
81302,CUSCO,URUBAMBA,CHINCHERO,CHINCHERO (URUBAMBA),2025,2026,0.1545189504373177,0.1936,BAJO RIESGO,SUR,MACROREGION SUR,-13.3919444444444,-72.0488888888889,3759.0
81303,CUSCO,URUBAMBA,HUAYLLABAMBA,HUAYLLABAMBA (URUBAMBA),2025,2026,0.0923076923076923,0.1975,BAJO RIESGO,SUR,MACROREGION SUR,-13.3380555555556,-72.065,2890.0
81304,CUSCO,URUBAMBA,MACHUPICCHU,MACHUPICCHU (URUBAMBA),2025,2026,0.0785714285714285,0.2028,BAJO RIESGO,SUR,MACROREGION SUR,-13.1541666666667,-72.5255555555555,2092.0
81305,CUSCO,URUBAMBA,MARAS,MARAS (URUBAMBA),2025,2026,0.2066666666666666,0.248,BAJO RIESGO,SUR,MACROREGION SUR,-13.3325,-72.1563888888889,3381.0
81306,CUSCO,URUBAMBA,OLLANTAYTAMBO,OLLANTAYTAMBO (URUBAMBA),2025,2026,0.1411764705882353,0.1991,BAJO RIESGO,SUR,MACROREGION SUR,-13.2588888888889,-72.2633333333333,2871.0
81301,CUSCO,URUBAMBA,URUBAMBA,URUBAMBA (URUBAMBA),2025,2026,0.1444444444444444,0.1931,BAJO RIESGO,SUR,MACROREGION SUR,-13.3055555555556,-72.1161111111111,2885.0
81307,CUSCO,URUBAMBA,YUCAY,YUCAY (URUBAMBA),2025,2026,0.1216216216216216,0.195,BAJO RIESGO,SUR,MACROREGION SUR,-13.3216666666667,-72.0838888888889,2878.0
90201,HUANCAVELICA,ACOBAMBA,ACOBAMBA,ACOBAMBA (ACOBAMBA),2025,2026,0.2862595419847328,0.3802,BAJO RIESGO,CENTRO,MACROREGION CENTRO,-12.8430555555556,-74.5691666666667,3449.0
90202,HUANCAVELICA,ACOBAMBA,ANDABAMBA,ANDABAMBA (ACOBAMBA),2025,2026,0.1484375,0.2022,BAJO RIESGO,CENTRO,MACROREGION CENTRO,-12.6936111111111,-74.6233333333333,3499.0
90203,HUANCAVELICA,ACOBAMBA,ANTA,ANTA (ACOBAMBA),2025,2026,0.0714285714285714,0.2047,BAJO RIESGO,CENTRO,MACROREGION CENTRO,-12.8122222222222,-74.6383333333333,3618.0
90204,HUANCAVELICA,ACOBAMBA,CAJA,CAJA (ACOBAMBA),2025,2026,0.1538461538461538,0.2656,BAJO RIESGO,CENTRO,MACROREGION CENTRO,-12.9172222222222,-74.4658333333333,3383.0
90205,HUANCAVELICA,ACOBAMBA,MARCAS,MARCAS (ACOBAMBA),2025,2026,0.2307692307692307,0.4242,BAJO RIESGO,CENTRO,MACROREGION CENTRO,-12.8902777777778,-74.3980555555556,3411.0
90206,HUANCAVELICA,ACOBAMBA,PAUCARA,PAUCARA (ACOBAMBA),2025,2026,0.3341463414634146,0.4945,BAJO RIESGO,CENTRO,MACROREGION CENTRO,-12.7297222222222,-74.6663888888889,3833.0
90207,HUANCAVELICA,ACOBAMBA,POMACOCHA,POMACOCHA (ACOBAMBA),2025,2026,0.125,0.221,BAJO RIESGO,CENTRO,MACROREGION CENTRO,-12.8738888888889,-74.5316666666667,3156.0
90208,HUANCAVELICA,ACOBAMBA,ROSARIO,ROSARIO (ACOBAMBA),2025,2026,0.1153846153846153,0.2059,BAJO RIESGO,CENTRO,MACROREGION CENTRO,-12.7208333333333,-74.5825,3687.0
90302,HUANCAVELICA,ANGARAES,ANCHONGA,ANCHONGA (ANGARAES),2025,2026,0.1416666666666666,0.191,BAJO RIESGO,CENTRO,MACROREGION CENTRO,-12.9130555555556,-74.6913888888889,3310.0
90303,HUANCAVELICA,ANGARAES,CALLANMARCA,CALLANMARCA (ANGARAES),2025,2026,0.0,0.3039,BAJO RIESGO,CENTRO,MACROREGION CENTRO,-12.8666666666667,-74.6233333333333,3553.0
90304,HUANCAVELICA,ANGARAES,CCOCHACCASA,CCOCHACCASA (ANGARAES),2025,2026,0.0895522388059701,0.1877,BAJO RIESGO,CENTRO,MACROREGION CENTRO,-12.9252777777778,-74.7702777777778,4190.0
90305,HUANCAVELICA,ANGARAES,CHINCHO,CHINCHO (ANGARAES),2025,2026,0.3181818181818182,0.5225,BAJO RIESGO,CENTRO,MACROREGION CENTRO,-12.9727777777778,-74.3672222222222,3141.0
90306,HUANCAVELICA,ANGARAES,CONGALLA,CONGALLA (ANGARAES),2025,2026,0.1134020618556701,0.203,BAJO RIESGO,CENTRO,MACROREGION CENTRO,-12.9558333333333,-74.4922222222222,3537.0
90307,HUANCAVELICA,ANGARAES,HUANCA-HUANCA,HUANCA-HUANCA (ANGARAES),2025,2026,0.04,0.306,BAJO RIESGO,CENTRO,MACROREGION CENTRO,-12.9186111111111,-74.61,3590.0
90308,HUANCAVELICA,ANGARAES,HUAYLLAY GRANDE,HUAYLLAY GRANDE (ANGARAES),2025,2026,0.1176470588235294,0.2862,BAJO RIESGO,CENTRO,MACROREGION CENTRO,-12.9427777777778,-74.7016666666667,3622.0
90309,HUANCAVELICA,ANGARAES,JULCAMARCA,JULCAMARCA (ANGARAES),2025,2026,0.027027027027027,0.2357,BAJO RIESGO,CENTRO,MACROREGION CENTRO,-13.0147222222222,-74.4444444444445,3431.0
90301,HUANCAVELICA,ANGARAES,LIRCAY,LIRCAY (ANGARAES),2025,2026,0.2051915945611866,0.2335,BAJO RIESGO,CENTRO,MACROREGION CENTRO,-12.9827777777778,-74.7183333333333,3345.0
90310,HUANCAVELICA,ANGARAES,SAN ANTONIO DE ANTAPARCO,SAN ANTONIO DE ANTAPARCO (ANGARAES),2025,2026,0.0,0.3096,BAJO RIESGO,CENTRO,MACROREGION CENTRO,-13.0761111111111,-74.4116666666667,2767.0
90311,HUANCAVELICA,ANGARAES,SANTO TOMAS DE PATA,SANTO TOMAS DE PATA (ANGARAES),2025,2026,0.0625,0.2468,BAJO RIESGO,CENTRO,MACROREGION CENTRO,-13.1130555555556,-74.4188888888889,3150.0
90312,HUANCAVELICA,ANGARAES,SECCLLA,SECCLLA (ANGARAES),2025,2026,0.1515151515151515,0.2277,BAJO RIESGO,CENTRO,MACROREGION CENTRO,-13.0511111111111,-74.4836111111111,3363.0
90402,HUANCAVELICA,CASTROVIRREYNA,ARMA,ARMA (CASTROVIRREYNA),2025,2026,0.1428571428571428,0.3177,BAJO RIESGO,CENTRO,MACROREGION CENTRO,-13.1263888888889,-75.5419444444445,3361.0
90403,HUANCAVELICA,CASTROVIRREYNA,AURAHUA,AURAHUA (CASTROVIRREYNA),2025,2026,0.0909090909090909,0.2969,BAJO RIESGO,CENTRO,MACROREGION CENTRO,-13.0347222222222,-75.5702777777778,3483.0
90404,HUANCAVELICA,CASTROVIRREYNA,CAPILLAS,CAPILLAS (CASTROVIRREYNA),2025,2026,0.09375,0.2971,BAJO RIESGO,CENTRO,MACROREGION CENTRO,-13.2930555555556,-75.5425,3224.0
90401,HUANCAVELICA,CASTROVIRREYNA,CASTROVIRREYNA,CASTROVIRREYNA (CASTROVIRREYNA),2025,2026,0.0957446808510638,0.2242,BAJO RIESGO,CENTRO,MACROREGION CENTRO,-13.2833333333333,-75.3183333333333,3989.0
90405,HUANCAVELICA,CASTROVIRREYNA,CHUPAMARCA,CHUPAMARCA (CASTROVIRREYNA),2025,2026,0.0,0.3097,BAJO RIESGO,CENTRO,MACROREGION CENTRO,-13.0372222222222,-75.6083333333333,3433.0
90406,HUANCAVELICA,CASTROVIRREYNA,COCAS,COCAS (CASTROVIRREYNA),2025,2026,0.0625,0.3212,BAJO RIESGO,CENTRO,MACROREGION CENTRO,-13.2758333333333,-75.3727777777777,3253.0
90407,HUANCAVELICA,CASTROVIRREYNA,HUACHOS,HUACHOS (CASTROVIRREYNA),2025,2026,0.0666666666666666,0.2909,BAJO RIESGO,CENTRO,MACROREGION CENTRO,-13.2197222222222,-75.5338888888889,2784.0
90408,HUANCAVELICA,CASTROVIRREYNA,HUAMATAMBO,HUAMATAMBO (CASTROVIRREYNA),2025,2026,0.0769230769230769,0.3032,BAJO RIESGO,CENTRO,MACROREGION CENTRO,-13.0944444444444,-75.6772222222222,3058.0
90409,HUANCAVELICA,CASTROVIRREYNA,MOLLEPAMPA,MOLLEPAMPA (CASTROVIRREYNA),2025,2026,0.0625,0.3049,BAJO RIESGO,CENTRO,MACROREGION CENTRO,-13.3113888888889,-75.41,2500.0
90410,HUANCAVELICA,CASTROVIRREYNA,SAN JUAN,SAN JUAN (CASTROVIRREYNA),2025,2026,0.1,0.3133,BAJO RIESGO,CENTRO,MACROREGION CENTRO,-13.2038888888889,-75.6344444444445,1936.0
90411,HUANCAVELICA,CASTROVIRREYNA,SANTA ANA,SANTA ANA (CASTROVIRREYNA),2025,2026,0.0344827586206896,0.2686,BAJO RIESGO,CENTRO,MACROREGION CENTRO,-13.0719444444444,-75.1402777777778,4518.0
90412,HUANCAVELICA,CASTROVIRREYNA,TANTARA,TANTARA (CASTROVIRREYNA),2025,2026,0.1875,0.3672,BAJO RIESGO,CENTRO,MACROREGION CENTRO,-13.0741666666667,-75.6447222222222,2899.0
90413,HUANCAVELICA,CASTROVIRREYNA,TICRAPO,TICRAPO (CASTROVIRREYNA),2025,2026,0.0909090909090909,0.2525,BAJO RIESGO,CENTRO,MACROREGION CENTRO,-13.3825,-75.4325,2140.0
90502,HUANCAVELICA,CHURCAMPA,ANCO,ANCO (CHURCAMPA),2025,2026,0.1790393013100436,0.2167,BAJO RIESGO,CENTRO,MACROREGION CENTRO,-12.6825,-74.5872222222222,2463.0
90503,HUANCAVELICA,CHURCAMPA,CHINCHIHUASI,CHINCHIHUASI (CHURCAMPA),2025,2026,0.087719298245614,0.2173,BAJO RIESGO,CENTRO,MACROREGION CENTRO,-12.5169444444444,-74.5458333333333,2803.0
90501,HUANCAVELICA,CHURCAMPA,CHURCAMPA,CHURCAMPA (CHURCAMPA),2025,2026,0.363013698630137,0.5602,BAJO RIESGO,CENTRO,MACROREGION CENTRO,-12.7391666666667,-74.3872222222222,3295.0
90511,HUANCAVELICA,CHURCAMPA,COSME,COSME (CHURCAMPA),2025,2026,0.1382113821138211,0.1978,BAJO RIESGO,CENTRO,MACROREGION CENTRO,-12.5733333333333,-74.6583333333333,3486.0
90504,HUANCAVELICA,CHURCAMPA,EL CARMEN,EL CARMEN (CHURCAMPA),2025,2026,0.1147540983606557,0.2236,BAJO RIESGO,CENTRO,MACROREGION CENTRO,-12.7269444444444,-74.4808333333333,3152.0
90505,HUANCAVELICA,CHURCAMPA,LA MERCED,LA MERCED (CHURCAMPA),2025,2026,0.0588235294117647,0.3042,BAJO RIESGO,CENTRO,MACROREGION CENTRO,-12.7880555555556,-74.3586111111111,2683.0
90506,HUANCAVELICA,CHURCAMPA,LOCROJA,LOCROJA (CHURCAMPA),2025,2026,0.0869565217391304,0.1888,BAJO RIESGO,CENTRO,MACROREGION CENTRO,-12.7402777777778,-74.4419444444445,3417.0
90510,HUANCAVELICA,CHURCAMPA,PACHAMARCA,PACHAMARCA (CHURCAMPA),2025,2026,0.0422535211267605,0.2095,BAJO RIESGO,CENTRO,MACROREGION CENTRO,-12.5155555555556,-74.5266666666667,2792.0
90507,HUANCAVELICA,CHURCAMPA,PAUCARBAMBA,PAUCARBAMBA (CHURCAMPA),2025,2026,0.160621761658031,0.2033,BAJO RIESGO,CENTRO,MACROREGION CENTRO,-12.5538888888889,-74.5319444444445,3382.0
90508,HUANCAVELICA,CHURCAMPA,SAN MIGUEL DE MAYOCC,SAN MIGUEL DE MAYOCC (CHURCAMPA),2025,2026,0.0909090909090909,0.2696,BAJO RIESGO,CENTRO,MACROREGION CENTRO,-12.8058333333333,-74.39,2228.0
90509,HUANCAVELICA,CHURCAMPA,SAN PEDRO DE CORIS,SAN PEDRO DE CORIS (CHURCAMPA),2025,2026,0.1518987341772152,0.2072,BAJO RIESGO,CENTRO,MACROREGION CENTRO,-12.5780555555556,-74.4116666666667,3580.0
90102,HUANCAVELICA,HUANCAVELICA,ACOBAMBILLA,ACOBAMBILLA (HUANCAVELICA),2025,2026,0.0612244897959183,0.2556,BAJO RIESGO,CENTRO,MACROREGION CENTRO,-12.6644444444444,-75.3241666666667,3839.0
90103,HUANCAVELICA,HUANCAVELICA,ACORIA,ACORIA (HUANCAVELICA),2025,2026,0.1372549019607843,0.1903,BAJO RIESGO,CENTRO,MACROREGION CENTRO,-12.6425,-74.8616666666667,3207.0
90118,HUANCAVELICA,HUANCAVELICA,ASCENSION,ASCENSION (HUANCAVELICA),2025,2026,0.3441558441558441,0.5367,BAJO RIESGO,CENTRO,MACROREGION CENTRO,-12.7852777777778,-74.9769444444444,3711.0
90104,HUANCAVELICA,HUANCAVELICA,CONAYCA,CONAYCA (HUANCAVELICA),2025,2026,0.1428571428571428,0.2428,BAJO RIESGO,CENTRO,MACROREGION CENTRO,-12.52,-75.0066666666667,3709.0
90105,HUANCAVELICA,HUANCAVELICA,CUENCA,CUENCA (HUANCAVELICA),2025,2026,0.0,0.25,BAJO RIESGO,CENTRO,MACROREGION CENTRO,-12.4330555555556,-75.0388888888889,3186.0
90106,HUANCAVELICA,HUANCAVELICA,HUACHOCOLPA,HUACHOCOLPA (HUANCAVELICA),2025,2026,0.0595238095238095,0.2209,BAJO RIESGO,CENTRO,MACROREGION CENTRO,-13.0319444444444,-74.9469444444445,4020.0
90101,HUANCAVELICA,HUANCAVELICA,HUANCAVELICA,HUANCAVELICA (HUANCAVELICA),2025,2026,0.3561224489795918,0.5666,BAJO RIESGO,CENTRO,MACROREGION CENTRO,-12.7869444444444,-74.9713888888889,3746.0
90119,HUANCAVELICA,HUANCAVELICA,HUANDO,HUANDO (HUANCAVELICA),2025,2026,0.1783783783783784,0.2215,BAJO RIESGO,CENTRO,MACROREGION CENTRO,-12.5641666666667,-74.9477777777778,3610.0
90107,HUANCAVELICA,HUANCAVELICA,HUAYLLAHUARA,HUAYLLAHUARA (HUANCAVELICA),2025,2026,0.625,0.7095,ALTO RIESGO,CENTRO,MACROREGION CENTRO,-12.4091666666667,-75.1783333333333,3901.0
90108,HUANCAVELICA,HUANCAVELICA,IZCUCHACA,IZCUCHACA (HUANCAVELICA),2025,2026,0.3529411764705882,0.4962,BAJO RIESGO,CENTRO,MACROREGION CENTRO,-12.5,-74.9977777777778,2930.0
90109,HUANCAVELICA,HUANCAVELICA,LARIA,LARIA (HUANCAVELICA),2025,2026,0.0666666666666666,0.2736,BAJO RIESGO,CENTRO,MACROREGION CENTRO,-12.5611111111111,-75.0369444444444,3893.0
90110,HUANCAVELICA,HUANCAVELICA,MANTA,MANTA (HUANCAVELICA),2025,2026,0.0,0.2929,BAJO RIESGO,CENTRO,MACROREGION CENTRO,-12.6205555555556,-75.2111111111111,3735.0
90111,HUANCAVELICA,HUANCAVELICA,MARISCAL CACERES,MARISCAL CACERES (HUANCAVELICA),2025,2026,0.1578947368421052,0.2964,BAJO RIESGO,CENTRO,MACROREGION CENTRO,-12.5344444444444,-74.9325,2852.0
90112,HUANCAVELICA,HUANCAVELICA,MOYA,MOYA (HUANCAVELICA),2025,2026,0.238095238095238,0.4027,BAJO RIESGO,CENTRO,MACROREGION CENTRO,-12.4233333333333,-75.1538888888889,3148.0
90113,HUANCAVELICA,HUANCAVELICA,NUEVO OCCORO,NUEVO OCCORO (HUANCAVELICA),2025,2026,0.1694915254237288,0.3153,BAJO RIESGO,CENTRO,MACROREGION CENTRO,-12.595,-75.0197222222222,3939.0
90114,HUANCAVELICA,HUANCAVELICA,PALCA,PALCA (HUANCAVELICA),2025,2026,0.1346153846153846,0.2365,BAJO RIESGO,CENTRO,MACROREGION CENTRO,-12.6569444444444,-74.9802777777778,3714.0
90115,HUANCAVELICA,HUANCAVELICA,PILCHACA,PILCHACA (HUANCAVELICA),2025,2026,0.0,0.2976,BAJO RIESGO,CENTRO,MACROREGION CENTRO,-12.4013888888889,-75.0838888888889,3604.0
90116,HUANCAVELICA,HUANCAVELICA,VILCA,VILCA (HUANCAVELICA),2025,2026,0.0952380952380952,0.2591,BAJO RIESGO,CENTRO,MACROREGION CENTRO,-12.4772222222222,-75.1833333333333,3280.0
90117,HUANCAVELICA,HUANCAVELICA,YAULI,YAULI (HUANCAVELICA),2025,2026,0.1292442497261774,0.1903,BAJO RIESGO,CENTRO,MACROREGION CENTRO,-12.7691666666667,-74.8508333333333,3424.0
90602,HUANCAVELICA,HUAYTARA,AYAVI,AYAVI (HUAYTARA),2025,2026,0.1666666666666666,0.396,BAJO RIESGO,CENTRO,MACROREGION CENTRO,-13.7030555555556,-75.3511111111111,3815.0
90603,HUANCAVELICA,HUAYTARA,CORDOVA,CORDOVA (HUAYTARA),2025,2026,0.0,0.2895,BAJO RIESGO,CENTRO,MACROREGION CENTRO,-14.0408333333333,-75.185,3242.0
90604,HUANCAVELICA,HUAYTARA,HUAYACUNDO ARMA,HUAYACUNDO ARMA (HUAYTARA),2025,2026,0.0,0.3264,BAJO RIESGO,CENTRO,MACROREGION CENTRO,-13.5341666666667,-75.3144444444444,3116.0
90601,HUANCAVELICA,HUAYTARA,HUAYTARA,HUAYTARA (HUAYTARA),2025,2026,0.1147540983606557,0.2479,BAJO RIESGO,CENTRO,MACROREGION CENTRO,-13.6047222222222,-75.3530555555555,2732.0
90605,HUANCAVELICA,HUAYTARA,LARAMARCA,LARAMARCA (HUAYTARA),2025,2026,0.0,0.3636,BAJO RIESGO,CENTRO,MACROREGION CENTRO,-13.9486111111111,-75.0355555555555,3407.0
90606,HUANCAVELICA,HUAYTARA,OCOYO,OCOYO (HUAYTARA),2025,2026,0.0,0.2608,BAJO RIESGO,CENTRO,MACROREGION CENTRO,-14.0080555555556,-75.0225,1933.0
90607,HUANCAVELICA,HUAYTARA,PILPICHACA,PILPICHACA (HUAYTARA),2025,2026,0.0149253731343283,0.2204,BAJO RIESGO,CENTRO,MACROREGION CENTRO,-13.3302777777778,-74.9772222222222,4090.0
90608,HUANCAVELICA,HUAYTARA,QUERCO,QUERCO (HUAYTARA),2025,2026,0.3,0.5297,BAJO RIESGO,CENTRO,MACROREGION CENTRO,-13.9794444444444,-74.9769444444444,2903.0
90609,HUANCAVELICA,HUAYTARA,QUITO-ARMA,QUITO-ARMA (HUAYTARA),2025,2026,0.1538461538461538,0.3202,BAJO RIESGO,CENTRO,MACROREGION CENTRO,-13.5286111111111,-75.3275,2944.0
90610,HUANCAVELICA,HUAYTARA,SAN ANTONIO DE CUSICANCHA,SAN ANTONIO DE CUSICANCHA (HUAYTARA),2025,2026,0.0294117647058823,0.2952,BAJO RIESGO,CENTRO,MACROREGION CENTRO,-13.5025,-75.2933333333333,3291.0
90611,HUANCAVELICA,HUAYTARA,SAN FRANCISCO DE SANGAYAICO,SAN FRANCISCO DE SANGAYAICO (HUAYTARA),2025,2026,0.1,0.3078,BAJO RIESGO,CENTRO,MACROREGION CENTRO,-13.7952777777778,-75.2491666666667,3420.0
90612,HUANCAVELICA,HUAYTARA,SAN ISIDRO,SAN ISIDRO (HUAYTARA),2025,2026,0.0,0.3172,BAJO RIESGO,CENTRO,MACROREGION CENTRO,-13.9563888888889,-75.2380555555555,3656.0
90613,HUANCAVELICA,HUAYTARA,SANTIAGO DE CHOCORVOS,SANTIAGO DE CHOCORVOS (HUAYTARA),2025,2026,0.0,0.2817,BAJO RIESGO,CENTRO,MACROREGION CENTRO,-13.8252777777778,-75.2575,2638.0
90614,HUANCAVELICA,HUAYTARA,SANTIAGO DE QUIRAHUARA,SANTIAGO DE QUIRAHUARA (HUAYTARA),2025,2026,0.0,0.3629,BAJO RIESGO,CENTRO,MACROREGION CENTRO,-14.0561111111111,-74.9763888888889,2801.0
90615,HUANCAVELICA,HUAYTARA,SANTO DOMINGO DE CAPILLAS,SANTO DOMINGO DE CAPILLAS (HUAYTARA),2025,2026,0.0,0.3364,BAJO RIESGO,CENTRO,MACROREGION CENTRO,-13.7372222222222,-75.2436111111111,3482.0
90616,HUANCAVELICA,HUAYTARA,TAMBO,TAMBO (HUAYTARA),2025,2026,0.0,0.3693,BAJO RIESGO,CENTRO,MACROREGION CENTRO,-13.6894444444444,-75.275,3201.0
90702,HUANCAVELICA,TAYACAJA,ACOSTAMBO,ACOSTAMBO (TAYACAJA),2025,2026,0.0602409638554216,0.2011,BAJO RIESGO,CENTRO,MACROREGION CENTRO,-12.3655555555556,-75.055,3628.0
90703,HUANCAVELICA,TAYACAJA,ACRAQUIA,ACRAQUIA (TAYACAJA),2025,2026,0.0666666666666666,0.2041,BAJO RIESGO,CENTRO,MACROREGION CENTRO,-12.4063888888889,-74.9011111111111,3281.0
90704,HUANCAVELICA,TAYACAJA,AHUAYCHA,AHUAYCHA (TAYACAJA),2025,2026,0.0784313725490196,0.1946,BAJO RIESGO,CENTRO,MACROREGION CENTRO,-12.4077777777778,-74.8911111111111,3279.0
90720,HUANCAVELICA,TAYACAJA,ANDAYMARCA,ANDAYMARCA (TAYACAJA),2025,2026,0.2,0.2894,BAJO RIESGO,CENTRO,MACROREGION CENTRO,-12.3152777777778,-74.6352777777778,2896.0
90725,HUANCAVELICA,TAYACAJA,COCHABAMBA,COCHABAMBA (TAYACAJA),2025,2026,0.0,0.309,BAJO RIESGO,CENTRO,MACROREGION CENTRO,,,
90705,HUANCAVELICA,TAYACAJA,COLCABAMBA,COLCABAMBA (TAYACAJA),2025,2026,0.1567328918322295,0.1939,BAJO RIESGO,CENTRO,MACROREGION CENTRO,-12.4091666666667,-74.6794444444444,2953.0
90706,HUANCAVELICA,TAYACAJA,DANIEL HERNANDEZ,DANIEL HERNANDEZ (TAYACAJA),2025,2026,0.2423208191126279,0.2631,BAJO RIESGO,CENTRO,MACROREGION CENTRO,-12.3894444444444,-74.8591666666667,3288.0
90707,HUANCAVELICA,TAYACAJA,HUACHOCOLPA,HUACHOCOLPA (TAYACAJA),2025,2026,0.1666666666666666,0.3108,BAJO RIESGO,CENTRO,MACROREGION CENTRO,-12.0483333333333,-74.5947222222222,2913.0
90709,HUANCAVELICA,TAYACAJA,HUARIBAMBA,HUARIBAMBA (TAYACAJA),2025,2026,0.0476190476190476,0.2403,BAJO RIESGO,CENTRO,MACROREGION CENTRO,-12.2797222222222,-74.9383333333333,3019.0
90724,HUANCAVELICA,TAYACAJA,LAMBRAS,LAMBRAS (TAYACAJA),2025,2026,0.1052631578947368,0.2523,BAJO RIESGO,CENTRO,MACROREGION CENTRO,,,
90701,HUANCAVELICA,TAYACAJA,PAMPAS,PAMPAS (TAYACAJA),2025,2026,0.1581632653061224,0.1883,BAJO RIESGO,CENTRO,MACROREGION CENTRO,-12.3991666666667,-74.8683333333333,3282.0
90711,HUANCAVELICA,TAYACAJA,PAZOS,PAZOS (TAYACAJA),2025,2026,0.1308411214953271,0.2074,BAJO RIESGO,CENTRO,MACROREGION CENTRO,-12.2594444444444,-75.0705555555556,3820.0
90722,HUANCAVELICA,TAYACAJA,PICHOS,PICHOS (TAYACAJA),2025,2026,0.1875,0.2825,BAJO RIESGO,CENTRO,MACROREGION CENTRO,-12.2363888888889,-74.9386111111111,3297.0
90719,HUANCAVELICA,TAYACAJA,QUICHUAS,QUICHUAS (TAYACAJA),2025,2026,0.0198675496688741,0.1945,BAJO RIESGO,CENTRO,MACROREGION CENTRO,-12.4725,-74.7675,2706.0
90713,HUANCAVELICA,TAYACAJA,QUISHUAR,QUISHUAR (TAYACAJA),2025,2026,0.0,0.2917,BAJO RIESGO,CENTRO,MACROREGION CENTRO,-12.2436111111111,-74.7772222222222,3137.0
90721,HUANCAVELICA,TAYACAJA,ROBLE,ROBLE (TAYACAJA),2025,2026,0.0,0.2876,BAJO RIESGO,CENTRO,MACROREGION CENTRO,-12.2166666666667,-74.4897222222222,2640.0
90714,HUANCAVELICA,TAYACAJA,SALCABAMBA,SALCABAMBA (TAYACAJA),2025,2026,0.0775193798449612,0.1892,BAJO RIESGO,CENTRO,MACROREGION CENTRO,-12.2016666666667,-74.7805555555556,3063.0
90715,HUANCAVELICA,TAYACAJA,SALCAHUASI,SALCAHUASI (TAYACAJA),2025,2026,0.1038961038961039,0.1964,BAJO RIESGO,CENTRO,MACROREGION CENTRO,-12.1041666666667,-74.7516666666667,3196.0
90716,HUANCAVELICA,TAYACAJA,SAN MARCOS DE ROCCHAC,SAN MARCOS DE ROCCHAC (TAYACAJA),2025,2026,0.0161290322580645,0.2363,BAJO RIESGO,CENTRO,MACROREGION CENTRO,-12.0938888888889,-74.8638888888889,3206.0
90723,HUANCAVELICA,TAYACAJA,SANTIAGO DE TUCUMA,SANTIAGO DE TUCUMA (TAYACAJA),2025,2026,0.2682926829268293,0.4796,BAJO RIESGO,CENTRO,MACROREGION CENTRO,-12.3141666666667,-74.89,3538.0
90717,HUANCAVELICA,TAYACAJA,SURCUBAMBA,SURCUBAMBA (TAYACAJA),2025,2026,0.015267175572519,0.2009,BAJO RIESGO,CENTRO,MACROREGION CENTRO,-12.1163888888889,-74.6305555555555,2626.0
90718,HUANCAVELICA,TAYACAJA,TINTAY PUNCU,TINTAY PUNCU (TAYACAJA),2025,2026,0.1126760563380281,0.2201,BAJO RIESGO,CENTRO,MACROREGION CENTRO,-12.1519444444444,-74.5444444444444,2410.0
90710,HUANCAVELICA,TAYACAJA,ÑAHUIMPUQUIO,ÑAHUIMPUQUIO (TAYACAJA),2025,2026,0.1395348837209302,0.2337,BAJO RIESGO,CENTRO,MACROREGION CENTRO,-12.3291666666667,-75.0694444444444,3651.0
100201,HUANUCO,AMBO,AMBO,AMBO (AMBO),2025,2026,0.0737913486005089,0.1791,BAJO RIESGO,CENTRO,MACROREGION CENTRO,-10.1291666666667,-76.2044444444445,2106.0
100202,HUANUCO,AMBO,CAYNA,CAYNA (AMBO),2025,2026,0.0675675675675675,0.1927,BAJO RIESGO,CENTRO,MACROREGION CENTRO,-10.2725,-76.3883333333333,3332.0
100203,HUANUCO,AMBO,COLPAS,COLPAS (AMBO),2025,2026,0.0,0.2485,BAJO RIESGO,CENTRO,MACROREGION CENTRO,-10.2683333333333,-76.4152777777778,2740.0
100204,HUANUCO,AMBO,CONCHAMARCA,CONCHAMARCA (AMBO),2025,2026,0.0316455696202531,0.178,BAJO RIESGO,CENTRO,MACROREGION CENTRO,-10.0358333333333,-76.2169444444445,2185.0
100205,HUANUCO,AMBO,HUACAR,HUACAR (AMBO),2025,2026,0.058252427184466,0.1821,BAJO RIESGO,CENTRO,MACROREGION CENTRO,-10.1594444444444,-76.2366666666667,2157.0
100206,HUANUCO,AMBO,SAN FRANCISCO,SAN FRANCISCO (AMBO),2025,2026,0.173076923076923,0.3082,BAJO RIESGO,CENTRO,MACROREGION CENTRO,-10.3427777777778,-76.2919444444445,3521.0
100207,HUANUCO,AMBO,SAN RAFAEL,SAN RAFAEL (AMBO),2025,2026,0.0635245901639344,0.196,BAJO RIESGO,CENTRO,MACROREGION CENTRO,-10.3377777777778,-76.1822222222222,2720.0
100208,HUANUCO,AMBO,TOMAY KICHWA,TOMAY KICHWA (AMBO),2025,2026,0.1322314049586777,0.1812,BAJO RIESGO,CENTRO,MACROREGION CENTRO,-10.0775,-76.2125,2049.0
100307,HUANUCO,DOS DE MAYO,CHUQUIS,CHUQUIS (DOS DE MAYO),2025,2026,0.3636363636363636,0.5168,BAJO RIESGO,CENTRO,MACROREGION CENTRO,-9.67638888888889,-76.7052777777778,3375.0
100301,HUANUCO,DOS DE MAYO,LA UNION,LA UNION (DOS DE MAYO),2025,2026,0.1054852320675105,0.187,BAJO RIESGO,CENTRO,MACROREGION CENTRO,-9.83777777777778,-76.8036111111111,3275.0
100311,HUANUCO,DOS DE MAYO,MARIAS,MARIAS (DOS DE MAYO),2025,2026,0.2784313725490196,0.4007,BAJO RIESGO,CENTRO,MACROREGION CENTRO,-9.6075,-76.7066666666667,3508.0
100313,HUANUCO,DOS DE MAYO,PACHAS,PACHAS (DOS DE MAYO),2025,2026,0.1104972375690607,0.1802,BAJO RIESGO,CENTRO,MACROREGION CENTRO,-9.70666666666667,-76.7711111111111,3474.0
100316,HUANUCO,DOS DE MAYO,QUIVILLA,QUIVILLA (DOS DE MAYO),2025,2026,0.3333333333333333,0.4867,BAJO RIESGO,CENTRO,MACROREGION CENTRO,-9.6,-76.7258333333333,2972.0
100317,HUANUCO,DOS DE MAYO,RIPAN,RIPAN (DOS DE MAYO),2025,2026,0.2622222222222222,0.3334,BAJO RIESGO,CENTRO,MACROREGION CENTRO,-9.82861111111111,-76.8030555555556,3233.0
100321,HUANUCO,DOS DE MAYO,SHUNQUI,SHUNQUI (DOS DE MAYO),2025,2026,0.0888888888888888,0.218,BAJO RIESGO,CENTRO,MACROREGION CENTRO,-9.73111111111111,-76.7833333333333,3542.0
100322,HUANUCO,DOS DE MAYO,SILLAPATA,SILLAPATA (DOS DE MAYO),2025,2026,0.0,0.2281,BAJO RIESGO,CENTRO,MACROREGION CENTRO,-9.75722222222222,-76.7747222222222,3459.0
100323,HUANUCO,DOS DE MAYO,YANAS,YANAS (DOS DE MAYO),2025,2026,0.1886792452830188,0.2862,BAJO RIESGO,CENTRO,MACROREGION CENTRO,-9.71444444444444,-76.7502777777778,3477.0
100402,HUANUCO,HUACAYBAMBA,CANCHABAMBA,CANCHABAMBA (HUACAYBAMBA),2025,2026,0.1333333333333333,0.1978,BAJO RIESGO,CENTRO,MACROREGION CENTRO,-8.88472222222222,-77.1230555555555,3208.0
100403,HUANUCO,HUACAYBAMBA,COCHABAMBA,COCHABAMBA (HUACAYBAMBA),2025,2026,0.2619047619047619,0.4755,BAJO RIESGO,CENTRO,MACROREGION CENTRO,-9.09527777777778,-76.8363888888889,3293.0
100401,HUANUCO,HUACAYBAMBA,HUACAYBAMBA,HUACAYBAMBA (HUACAYBAMBA),2025,2026,0.0950570342205323,0.1983,BAJO RIESGO,CENTRO,MACROREGION CENTRO,-9.03805555555555,-76.9525,3176.0
100404,HUANUCO,HUACAYBAMBA,PINRA,PINRA (HUACAYBAMBA),2025,2026,0.1944444444444444,0.2265,BAJO RIESGO,CENTRO,MACROREGION CENTRO,-8.92472222222222,-77.015,2874.0
100502,HUANUCO,HUAMALIES,ARANCAY,ARANCAY (HUAMALIES),2025,2026,0.2264150943396226,0.385,BAJO RIESGO,CENTRO,MACROREGION CENTRO,-9.17138888888889,-76.7513888888889,3066.0
100503,HUANUCO,HUAMALIES,CHAVIN DE PARIARCA,CHAVIN DE PARIARCA (HUAMALIES),2025,2026,0.1008403361344537,0.184,BAJO RIESGO,CENTRO,MACROREGION CENTRO,-9.42305555555556,-76.7713888888889,3382.0
100504,HUANUCO,HUAMALIES,JACAS GRANDE,JACAS GRANDE (HUAMALIES),2025,2026,0.1341463414634146,0.1843,BAJO RIESGO,CENTRO,MACROREGION CENTRO,-9.54,-76.7366666666667,3625.0
100505,HUANUCO,HUAMALIES,JIRCAN,JIRCAN (HUAMALIES),2025,2026,0.037037037037037,0.2712,BAJO RIESGO,CENTRO,MACROREGION CENTRO,-9.24694444444444,-76.7191666666667,3211.0
100501,HUANUCO,HUAMALIES,LLATA,LLATA (HUAMALIES),2025,2026,0.1077844311377245,0.1901,BAJO RIESGO,CENTRO,MACROREGION CENTRO,-9.54972222222222,-76.8186111111111,3489.0
100506,HUANUCO,HUAMALIES,MIRAFLORES,MIRAFLORES (HUAMALIES),2025,2026,0.016260162601626,0.1808,BAJO RIESGO,CENTRO,MACROREGION CENTRO,-9.49388888888889,-76.8186111111111,3688.0
100507,HUANUCO,HUAMALIES,MONZON,MONZON (HUAMALIES),2025,2026,0.2429378531073446,0.2691,BAJO RIESGO,CENTRO,MACROREGION CENTRO,-9.28,-76.3966666666667,982.0
100508,HUANUCO,HUAMALIES,PUNCHAO,PUNCHAO (HUAMALIES),2025,2026,0.3559322033898305,0.5223,BAJO RIESGO,CENTRO,MACROREGION CENTRO,-9.46222222222222,-76.8197222222222,3560.0
100509,HUANUCO,HUAMALIES,PUÑOS,PUÑOS (HUAMALIES),2025,2026,0.3024691358024691,0.3852,BAJO RIESGO,CENTRO,MACROREGION CENTRO,-9.50055555555556,-76.8838888888889,3749.0
100510,HUANUCO,HUAMALIES,SINGA,SINGA (HUAMALIES),2025,2026,0.1728395061728395,0.2582,BAJO RIESGO,CENTRO,MACROREGION CENTRO,-9.38861111111111,-76.8125,3649.0
100511,HUANUCO,HUAMALIES,TANTAMAYO,TANTAMAYO (HUAMALIES),2025,2026,0.1224489795918367,0.2419,BAJO RIESGO,CENTRO,MACROREGION CENTRO,-9.3925,-76.72,3517.0
100102,HUANUCO,HUANUCO,AMARILIS,AMARILIS (HUANUCO),2025,2026,0.1903520208604954,0.2024,BAJO RIESGO,CENTRO,MACROREGION CENTRO,-9.94,-76.2405555555556,1950.0
100103,HUANUCO,HUANUCO,CHINCHAO,CHINCHAO (HUANUCO),2025,2026,0.1380597014925373,0.1892,BAJO RIESGO,CENTRO,MACROREGION CENTRO,-9.80166666666667,-76.0708333333333,2122.0
100104,HUANUCO,HUANUCO,CHURUBAMBA,CHURUBAMBA (HUANUCO),2025,2026,0.0633423180592991,0.1831,BAJO RIESGO,CENTRO,MACROREGION CENTRO,-9.82611111111111,-76.1338888888889,1954.0
100101,HUANUCO,HUANUCO,HUANUCO,HUANUCO (HUANUCO),2025,2026,0.2522195318805488,0.3138,BAJO RIESGO,CENTRO,MACROREGION CENTRO,-9.93,-76.2397222222222,1921.0
100105,HUANUCO,HUANUCO,MARGOS,MARGOS (HUANUCO),2025,2026,0.1732283464566929,0.2295,BAJO RIESGO,CENTRO,MACROREGION CENTRO,-10.0052777777778,-76.5233333333333,3555.0
100111,HUANUCO,HUANUCO,PILLCO MARCA,PILLCO MARCA (HUANUCO),2025,2026,0.2368647717484927,0.2475,BAJO RIESGO,CENTRO,MACROREGION CENTRO,-9.96083333333334,-76.2491666666667,1996.0
100106,HUANUCO,HUANUCO,QUISQUI,QUISQUI (HUANUCO),2025,2026,0.0546875,0.1986,BAJO RIESGO,CENTRO,MACROREGION CENTRO,-9.90472222222222,-76.3925,2427.0
100107,HUANUCO,HUANUCO,SAN FRANCISCO DE CAYRAN,SAN FRANCISCO DE CAYRAN (HUANUCO),2025,2026,0.1944444444444444,0.2125,BAJO RIESGO,CENTRO,MACROREGION CENTRO,-9.98083333333333,-76.2841666666667,2247.0
100113,HUANUCO,HUANUCO,SAN PABLO DE PILLAO,SAN PABLO DE PILLAO (HUANUCO),2025,2026,0.2981651376146789,0.3914,BAJO RIESGO,CENTRO,MACROREGION CENTRO,-9.78638888888889,-75.9994444444445,2954.0
100108,HUANUCO,HUANUCO,SAN PEDRO DE CHAULAN,SAN PEDRO DE CHAULAN (HUANUCO),2025,2026,0.0289855072463768,0.1934,BAJO RIESGO,CENTRO,MACROREGION CENTRO,-10.0563888888889,-76.4855555555555,3587.0
100109,HUANUCO,HUANUCO,SANTA MARIA DEL VALLE,SANTA MARIA DEL VALLE (HUANUCO),2025,2026,0.09,0.1831,BAJO RIESGO,CENTRO,MACROREGION CENTRO,-9.86250000000001,-76.17,1939.0
100112,HUANUCO,HUANUCO,YACUS,YACUS (HUANUCO),2025,2026,0.1025641025641025,0.1875,BAJO RIESGO,CENTRO,MACROREGION CENTRO,-9.98611111111111,-76.5058333333333,3243.0
100110,HUANUCO,HUANUCO,YARUMAYO,YARUMAYO (HUANUCO),2025,2026,0.0967741935483871,0.2097,BAJO RIESGO,CENTRO,MACROREGION CENTRO,-10.0044444444444,-76.4686111111111,3055.0
101002,HUANUCO,LAURICOCHA,BAÑOS,BAÑOS (LAURICOCHA),2025,2026,0.196078431372549,0.251,BAJO RIESGO,CENTRO,MACROREGION CENTRO,-10.0763888888889,-76.7355555555555,3442.0
101001,HUANUCO,LAURICOCHA,JESUS,JESUS (LAURICOCHA),2025,2026,0.1239669421487603,0.1988,BAJO RIESGO,CENTRO,MACROREGION CENTRO,-10.0783333333333,-76.6313888888889,3499.0
101003,HUANUCO,LAURICOCHA,JIVIA,JIVIA (LAURICOCHA),2025,2026,0.0869565217391304,0.2719,BAJO RIESGO,CENTRO,MACROREGION CENTRO,-10.0233333333333,-76.6802777777778,3394.0
101004,HUANUCO,LAURICOCHA,QUEROPALCA,QUEROPALCA (LAURICOCHA),2025,2026,0.375,0.5199,BAJO RIESGO,CENTRO,MACROREGION CENTRO,-10.1813888888889,-76.8030555555556,3835.0
101005,HUANUCO,LAURICOCHA,RONDOS,RONDOS (LAURICOCHA),2025,2026,0.0758620689655172,0.189,BAJO RIESGO,CENTRO,MACROREGION CENTRO,-9.98444444444445,-76.6883333333333,3617.0
101006,HUANUCO,LAURICOCHA,SAN FRANCISCO DE ASIS,SAN FRANCISCO DE ASIS (LAURICOCHA),2025,2026,0.0232558139534883,0.2319,BAJO RIESGO,CENTRO,MACROREGION CENTRO,-9.97638888888889,-76.6769444444444,3457.0
101007,HUANUCO,LAURICOCHA,SAN MIGUEL DE CAURI,SAN MIGUEL DE CAURI (LAURICOCHA),2025,2026,0.0763888888888889,0.2056,BAJO RIESGO,CENTRO,MACROREGION CENTRO,-10.1425,-76.6255555555555,3625.0
100608,HUANUCO,LEONCIO PRADO,CASTILLO GRANDE,CASTILLO GRANDE (LEONCIO PRADO),2025,2026,0.095617529880478,0.1653,BAJO RIESGO,CENTRO,MACROREGION CENTRO,-9.27972222222222,-76.0088888888889,675.0
100602,HUANUCO,LEONCIO PRADO,DANIEL ALOMIAS ROBLES,DANIEL ALOMIAS ROBLES (LEONCIO PRADO),2025,2026,0.0830449826989619,0.1859,BAJO RIESGO,CENTRO,MACROREGION CENTRO,-9.18777777777778,-75.9547222222222,669.0
100603,HUANUCO,LEONCIO PRADO,HERMILIO VALDIZAN,HERMILIO VALDIZAN (LEONCIO PRADO),2025,2026,0.1842105263157894,0.2386,BAJO RIESGO,CENTRO,MACROREGION CENTRO,-9.20555555555556,-75.8358333333333,1354.0
100604,HUANUCO,LEONCIO PRADO,JOSE CRESPO Y CASTILLO,JOSE CRESPO Y CASTILLO (LEONCIO PRADO),2025,2026,0.1547314578005115,0.1708,BAJO RIESGO,CENTRO,MACROREGION CENTRO,-8.93222222222222,-76.1161111111111,587.0
100605,HUANUCO,LEONCIO PRADO,LUYANDO,LUYANDO (LEONCIO PRADO),2025,2026,0.0784753363228699,0.1653,BAJO RIESGO,CENTRO,MACROREGION CENTRO,-9.24805555555555,-75.9941666666667,642.0
100606,HUANUCO,LEONCIO PRADO,MARIANO DAMASO BERAUN,MARIANO DAMASO BERAUN (LEONCIO PRADO),2025,2026,0.1670951156812339,0.2078,BAJO RIESGO,CENTRO,MACROREGION CENTRO,-9.44277777777778,-75.9711111111111,736.0
100607,HUANUCO,LEONCIO PRADO,PUCAYACU,PUCAYACU (LEONCIO PRADO),2025,2026,0.0742857142857142,0.1774,BAJO RIESGO,CENTRO,MACROREGION CENTRO,-8.74972222222222,-76.1211111111111,573.0
100609,HUANUCO,LEONCIO PRADO,PUEBLO NUEVO,PUEBLO NUEVO (LEONCIO PRADO),2025,2026,0.1206896551724138,0.1613,BAJO RIESGO,CENTRO,MACROREGION CENTRO,-9.07861111111111,-76.0605555555556,626.0
100601,HUANUCO,LEONCIO PRADO,RUPA-RUPA,RUPA-RUPA (LEONCIO PRADO),2025,2026,0.0864111498257839,0.1678,BAJO RIESGO,CENTRO,MACROREGION CENTRO,-9.29805555555555,-76.0005555555556,667.0
100610,HUANUCO,LEONCIO PRADO,SANTO DOMINGO DE ANDA,SANTO DOMINGO DE ANDA (LEONCIO PRADO),2025,2026,0.1339285714285714,0.1666,BAJO RIESGO,CENTRO,MACROREGION CENTRO,-9.02361111111111,-76.0666666666667,617.0
100702,HUANUCO,MARAÑON,CHOLON,CHOLON (MARAÑON),2025,2026,0.6426116838487973,0.7854,ALTO RIESGO,CENTRO,MACROREGION CENTRO,-8.65583333333334,-76.8752777777778,2447.0
100701,HUANUCO,MARAÑON,HUACRACHUCO,HUACRACHUCO (MARAÑON),2025,2026,0.1746031746031746,0.2269,BAJO RIESGO,CENTRO,MACROREGION CENTRO,-8.60472222222222,-77.1491666666667,2914.0
100704,HUANUCO,MARAÑON,LA MORADA,LA MORADA (MARAÑON),2025,2026,0.0857142857142857,0.1715,BAJO RIESGO,CENTRO,MACROREGION CENTRO,-8.79444444444444,-76.2497222222222,559.0
100703,HUANUCO,MARAÑON,SAN BUENAVENTURA,SAN BUENAVENTURA (MARAÑON),2025,2026,0.3711340206185567,0.52,BAJO RIESGO,CENTRO,MACROREGION CENTRO,-8.76777777777778,-77.1861111111111,3211.0
100705,HUANUCO,MARAÑON,SANTA ROSA DE ALTO YANAJANCA,SANTA ROSA DE ALTO YANAJANCA (MARAÑON),2025,2026,0.1512605042016806,0.2328,BAJO RIESGO,CENTRO,MACROREGION CENTRO,-8.65277777777778,-76.3147222222222,530.0
100802,HUANUCO,PACHITEA,CHAGLLA,CHAGLLA (PACHITEA),2025,2026,0.3680203045685279,0.5802,BAJO RIESGO,CENTRO,MACROREGION CENTRO,-9.84472222222222,-75.9027777777778,3040.0
100803,HUANUCO,PACHITEA,MOLINO,MOLINO (PACHITEA),2025,2026,0.1296596434359805,0.1834,BAJO RIESGO,CENTRO,MACROREGION CENTRO,-9.91083333333333,-76.0166666666667,2396.0
100801,HUANUCO,PACHITEA,PANAO,PANAO (PACHITEA),2025,2026,0.0380658436213991,0.1956,BAJO RIESGO,CENTRO,MACROREGION CENTRO,-9.8975,-75.9941666666667,2536.0
100804,HUANUCO,PACHITEA,UMARI,UMARI (PACHITEA),2025,2026,0.1048951048951049,0.1817,BAJO RIESGO,CENTRO,MACROREGION CENTRO,-9.86416666666667,-76.0444444444444,2524.0
100902,HUANUCO,PUERTO INCA,CODO DEL POZUZO,CODO DEL POZUZO (PUERTO INCA),2025,2026,0.0929368029739776,0.1801,BAJO RIESGO,CENTRO,MACROREGION CENTRO,-9.67,-75.4625,398.0
100903,HUANUCO,PUERTO INCA,HONORIA,HONORIA (PUERTO INCA),2025,2026,0.060200668896321,0.1724,BAJO RIESGO,CENTRO,MACROREGION CENTRO,-8.76944444444445,-74.7091666666667,177.0
100901,HUANUCO,PUERTO INCA,PUERTO INCA,PUERTO INCA (PUERTO INCA),2025,2026,0.0708762886597938,0.166,BAJO RIESGO,CENTRO,MACROREGION CENTRO,-9.37888888888889,-74.9658333333333,215.0
100904,HUANUCO,PUERTO INCA,TOURNAVISTA,TOURNAVISTA (PUERTO INCA),2025,2026,0.0321428571428571,0.1799,BAJO RIESGO,CENTRO,MACROREGION CENTRO,-8.93444444444445,-74.7013888888889,214.0
100905,HUANUCO,PUERTO INCA,YUYAPICHIS,YUYAPICHIS (PUERTO INCA),2025,2026,0.0263157894736842,0.1814,BAJO RIESGO,CENTRO,MACROREGION CENTRO,-9.62833333333333,-74.9747222222222,227.0
101104,HUANUCO,YAROWILCA,APARICIO POMARES,APARICIO POMARES (YAROWILCA),2025,2026,0.0114285714285714,0.1943,BAJO RIESGO,CENTRO,MACROREGION CENTRO,-9.74777777777777,-76.6480555555556,3452.0
101102,HUANUCO,YAROWILCA,CAHUAC,CAHUAC (YAROWILCA),2025,2026,0.0,0.2639,BAJO RIESGO,CENTRO,MACROREGION CENTRO,-9.85277777777778,-76.6305555555555,3413.0
101103,HUANUCO,YAROWILCA,CHACABAMBA,CHACABAMBA (YAROWILCA),2025,2026,0.125,0.2556,BAJO RIESGO,CENTRO,MACROREGION CENTRO,-9.90027777777778,-76.6111111111111,3204.0
101101,HUANUCO,YAROWILCA,CHAVINILLO,CHAVINILLO (YAROWILCA),2025,2026,0.1111111111111111,0.1956,BAJO RIESGO,CENTRO,MACROREGION CENTRO,-9.85888888888889,-76.6088888888889,3475.0
101108,HUANUCO,YAROWILCA,CHORAS,CHORAS (YAROWILCA),2025,2026,0.0163934426229508,0.2097,BAJO RIESGO,CENTRO,MACROREGION CENTRO,-9.91027777777778,-76.6058333333333,3554.0
101105,HUANUCO,YAROWILCA,JACAS CHICO,JACAS CHICO (YAROWILCA),2025,2026,0.3684210526315789,0.4991,BAJO RIESGO,CENTRO,MACROREGION CENTRO,-9.88638888888889,-76.5030555555555,3816.0
101106,HUANUCO,YAROWILCA,OBAS,OBAS (YAROWILCA),2025,2026,0.0186915887850467,0.1972,BAJO RIESGO,CENTRO,MACROREGION CENTRO,-9.79527777777778,-76.6658333333333,3543.0
101107,HUANUCO,YAROWILCA,PAMPAMARCA,PAMPAMARCA (YAROWILCA),2025,2026,0.0769230769230769,0.229,BAJO RIESGO,CENTRO,MACROREGION CENTRO,-9.70527777777778,-76.7025,3436.0
110202,ICA,CHINCHA,ALTO LARAN,ALTO LARAN (CHINCHA),2025,2026,0.1443298969072164,0.1466,BAJO RIESGO,CENTRO,MACROREGION CENTRO,-13.4425,-76.0833333333333,156.0
110203,ICA,CHINCHA,CHAVIN,CHAVIN (CHINCHA),2025,2026,0.4,0.6597,BAJO RIESGO,CENTRO,MACROREGION CENTRO,-13.0763888888889,-75.9130555555556,3183.0
110201,ICA,CHINCHA,CHINCHA ALTA,CHINCHA ALTA (CHINCHA),2025,2026,0.0653907496012759,0.1461,BAJO RIESGO,CENTRO,MACROREGION CENTRO,-13.4183333333333,-76.1325,140.0
110204,ICA,CHINCHA,CHINCHA BAJA,CHINCHA BAJA (CHINCHA),2025,2026,0.0363128491620111,0.1365,BAJO RIESGO,CENTRO,MACROREGION CENTRO,-13.4594444444444,-76.1655555555555,44.0
110205,ICA,CHINCHA,EL CARMEN,EL CARMEN (CHINCHA),2025,2026,0.0688888888888888,0.1486,BAJO RIESGO,CENTRO,MACROREGION CENTRO,-13.4994444444444,-76.0577777777778,160.0
110206,ICA,CHINCHA,GROCIO PRADO,GROCIO PRADO (CHINCHA),2025,2026,0.0648148148148148,0.1383,BAJO RIESGO,CENTRO,MACROREGION CENTRO,-13.3980555555556,-76.1561111111111,134.0
110207,ICA,CHINCHA,PUEBLO NUEVO,PUEBLO NUEVO (CHINCHA),2025,2026,0.0605381165919282,0.1461,BAJO RIESGO,CENTRO,MACROREGION CENTRO,-13.4041666666667,-76.1275,146.0
110208,ICA,CHINCHA,SAN JUAN DE YANAC,SAN JUAN DE YANAC (CHINCHA),2025,2026,0.5555555555555556,0.7977,ALTO RIESGO,CENTRO,MACROREGION CENTRO,-13.2111111111111,-75.7872222222222,2555.0
110209,ICA,CHINCHA,SAN PEDRO DE HUACARPANA,SAN PEDRO DE HUACARPANA (CHINCHA),2025,2026,0.5714285714285714,0.7794,ALTO RIESGO,CENTRO,MACROREGION CENTRO,-13.0491666666667,-75.6477777777778,3812.0
110210,ICA,CHINCHA,SUNAMPE,SUNAMPE (CHINCHA),2025,2026,0.1001451378809869,0.138,BAJO RIESGO,CENTRO,MACROREGION CENTRO,-13.4275,-76.1636111111111,94.0
110211,ICA,CHINCHA,TAMBO DE MORA,TAMBO DE MORA (CHINCHA),2025,2026,0.044776119402985,0.1374,BAJO RIESGO,CENTRO,MACROREGION CENTRO,-13.4605555555556,-76.1766666666667,37.0
110101,ICA,ICA,ICA,ICA (ICA),2025,2026,0.0832856325128792,0.1454,BAJO RIESGO,CENTRO,MACROREGION CENTRO,-14.0636111111111,-75.7291666666667,432.0
110102,ICA,ICA,LA TINGUIÑA,LA TINGUIÑA (ICA),2025,2026,0.0644104803493449,0.1384,BAJO RIESGO,CENTRO,MACROREGION CENTRO,-14.0333333333333,-75.7105555555556,463.0
110103,ICA,ICA,LOS AQUIJES,LOS AQUIJES (ICA),2025,2026,0.0712643678160919,0.1403,BAJO RIESGO,CENTRO,MACROREGION CENTRO,-14.0963888888889,-75.6905555555555,446.0
110104,ICA,ICA,OCUCAJE,OCUCAJE (ICA),2025,2026,0.0684931506849315,0.1594,BAJO RIESGO,CENTRO,MACROREGION CENTRO,-14.3466666666667,-75.6722222222222,332.0
110105,ICA,ICA,PACHACUTEC,PACHACUTEC (ICA),2025,2026,0.0821114369501466,0.1408,BAJO RIESGO,CENTRO,MACROREGION CENTRO,-14.1519444444444,-75.6919444444444,424.0
110106,ICA,ICA,PARCONA,PARCONA (ICA),2025,2026,0.0518867924528301,0.1365,BAJO RIESGO,CENTRO,MACROREGION CENTRO,-14.0538888888889,-75.6855555555555,472.0
110107,ICA,ICA,PUEBLO NUEVO,PUEBLO NUEVO (ICA),2025,2026,0.0426540284360189,0.1384,BAJO RIESGO,CENTRO,MACROREGION CENTRO,-14.1272222222222,-75.7058333333333,417.0
110108,ICA,ICA,SALAS,SALAS (ICA),2025,2026,0.0800667222685571,0.1491,BAJO RIESGO,CENTRO,MACROREGION CENTRO,-13.9858333333333,-75.7722222222222,452.0
110109,ICA,ICA,SAN JOSE DE LOS MOLINOS,SAN JOSE DE LOS MOLINOS (ICA),2025,2026,0.1139896373056994,0.166,BAJO RIESGO,CENTRO,MACROREGION CENTRO,-13.9330555555556,-75.6708333333333,542.0
110110,ICA,ICA,SAN JUAN BAUTISTA,SAN JUAN BAUTISTA (ICA),2025,2026,0.0660377358490566,0.1384,BAJO RIESGO,CENTRO,MACROREGION CENTRO,-14.0113888888889,-75.7352777777778,459.0
110111,ICA,ICA,SANTIAGO,SANTIAGO (ICA),2025,2026,0.0763239875389408,0.1601,BAJO RIESGO,CENTRO,MACROREGION CENTRO,-14.1858333333333,-75.7144444444445,395.0
110112,ICA,ICA,SUBTANJALLA,SUBTANJALLA (ICA),2025,2026,0.0556900726392251,0.1439,BAJO RIESGO,CENTRO,MACROREGION CENTRO,-14.0186111111111,-75.7580555555556,445.0
110113,ICA,ICA,TATE,TATE (ICA),2025,2026,0.040650406504065,0.1449,BAJO RIESGO,CENTRO,MACROREGION CENTRO,-14.1558333333333,-75.7080555555555,417.0
110114,ICA,ICA,YAUCA DEL ROSARIO,YAUCA DEL ROSARIO (ICA),2025,2026,0.4782608695652174,0.6755,BAJO RIESGO,CENTRO,MACROREGION CENTRO,-14.0988888888889,-75.4769444444444,861.0
110302,ICA,NAZCA,CHANGUILLO,CHANGUILLO (NAZCA),2025,2026,0.0363636363636363,0.2087,BAJO RIESGO,CENTRO,MACROREGION CENTRO,-14.6647222222222,-75.2225,260.0
110303,ICA,NAZCA,EL INGENIO,EL INGENIO (NAZCA),2025,2026,0.0866141732283464,0.1717,BAJO RIESGO,CENTRO,MACROREGION CENTRO,-14.6452777777778,-75.0583333333333,463.0
110304,ICA,NAZCA,MARCONA,MARCONA (NAZCA),2025,2026,0.0372549019607843,0.1599,BAJO RIESGO,CENTRO,MACROREGION CENTRO,-15.3619444444444,-75.1658333333333,36.0
110301,ICA,NAZCA,NAZCA,NAZCA (NAZCA),2025,2026,0.1837381203801478,0.1878,BAJO RIESGO,CENTRO,MACROREGION CENTRO,-14.8269444444444,-74.9372222222222,618.0
110305,ICA,NAZCA,VISTA ALEGRE,VISTA ALEGRE (NAZCA),2025,2026,0.3045751633986928,0.3503,BAJO RIESGO,CENTRO,MACROREGION CENTRO,-14.8458333333333,-74.9438888888889,618.0
110402,ICA,PALPA,LLIPATA,LLIPATA (PALPA),2025,2026,0.1034482758620689,0.1918,BAJO RIESGO,CENTRO,MACROREGION CENTRO,-14.5633333333333,-75.2075,317.0
110401,ICA,PALPA,PALPA,PALPA (PALPA),2025,2026,0.1655405405405405,0.168,BAJO RIESGO,CENTRO,MACROREGION CENTRO,-14.5338888888889,-75.185,371.0
110403,ICA,PALPA,RIO GRANDE,RIO GRANDE (PALPA),2025,2026,0.054054054054054,0.1671,BAJO RIESGO,CENTRO,MACROREGION CENTRO,-14.52,-75.2011111111111,369.0
110404,ICA,PALPA,SANTA CRUZ,SANTA CRUZ (PALPA),2025,2026,0.25,0.4453,BAJO RIESGO,CENTRO,MACROREGION CENTRO,-14.4833333333333,-75.2455555555556,546.0
110405,ICA,PALPA,TIBILLO,TIBILLO (PALPA),2025,2026,0.0,0.3465,BAJO RIESGO,CENTRO,MACROREGION CENTRO,-14.0938888888889,-75.1716666666667,2192.0
110502,ICA,PISCO,HUANCANO,HUANCANO (PISCO),2025,2026,0.1951219512195122,0.3336,BAJO RIESGO,CENTRO,MACROREGION CENTRO,-13.6008333333333,-75.6186111111111,1039.0
110503,ICA,PISCO,HUMAY,HUMAY (PISCO),2025,2026,0.020242914979757,0.1505,BAJO RIESGO,CENTRO,MACROREGION CENTRO,-13.7227777777778,-75.8866666666667,426.0
110504,ICA,PISCO,INDEPENDENCIA,INDEPENDENCIA (PISCO),2025,2026,0.0409090909090909,0.1407,BAJO RIESGO,CENTRO,MACROREGION CENTRO,-13.6938888888889,-76.0247222222222,235.0
110505,ICA,PISCO,PARACAS,PARACAS (PISCO),2025,2026,0.0082644628099173,0.156,BAJO RIESGO,CENTRO,MACROREGION CENTRO,-13.8388888888889,-76.2519444444444,14.0
110501,ICA,PISCO,PISCO,PISCO (PISCO),2025,2026,0.0194945848375451,0.1345,BAJO RIESGO,CENTRO,MACROREGION CENTRO,-13.71,-76.2016666666667,39.0
110506,ICA,PISCO,SAN ANDRES,SAN ANDRES (PISCO),2025,2026,0.0414634146341463,0.1383,BAJO RIESGO,CENTRO,MACROREGION CENTRO,-13.7313888888889,-76.2233333333333,16.0
110507,ICA,PISCO,SAN CLEMENTE,SAN CLEMENTE (PISCO),2025,2026,0.0746268656716417,0.1366,BAJO RIESGO,CENTRO,MACROREGION CENTRO,-13.6802777777778,-76.1569444444444,116.0
110508,ICA,PISCO,TUPAC AMARU INCA,TUPAC AMARU INCA (PISCO),2025,2026,0.0397489539748954,0.1384,BAJO RIESGO,CENTRO,MACROREGION CENTRO,-13.7133333333333,-76.1483333333333,113.0
120301,JUNIN,CHANCHAMAYO,CHANCHAMAYO,CHANCHAMAYO (CHANCHAMAYO),2025,2026,0.1038961038961039,0.1819,BAJO RIESGO,CENTRO,MACROREGION CENTRO,-11.0566666666667,-75.3275,804.0
120302,JUNIN,CHANCHAMAYO,PERENE,PERENE (CHANCHAMAYO),2025,2026,0.2217917675544794,0.2272,BAJO RIESGO,CENTRO,MACROREGION CENTRO,-10.9475,-75.2247222222222,666.0
120303,JUNIN,CHANCHAMAYO,PICHANAQUI,PICHANAQUI (CHANCHAMAYO),2025,2026,0.4313627254509018,0.6474,BAJO RIESGO,CENTRO,MACROREGION CENTRO,-10.9263888888889,-74.8727777777777,531.0
120304,JUNIN,CHANCHAMAYO,SAN LUIS DE SHUARO,SAN LUIS DE SHUARO (CHANCHAMAYO),2025,2026,0.1878787878787878,0.2042,BAJO RIESGO,CENTRO,MACROREGION CENTRO,-10.8883333333333,-75.2872222222222,739.0
120305,JUNIN,CHANCHAMAYO,SAN RAMON,SAN RAMON (CHANCHAMAYO),2025,2026,0.2959459459459459,0.3826,BAJO RIESGO,CENTRO,MACROREGION CENTRO,-11.1205555555556,-75.3530555555555,865.0
120306,JUNIN,CHANCHAMAYO,VITOC,VITOC (CHANCHAMAYO),2025,2026,0.2727272727272727,0.4704,BAJO RIESGO,CENTRO,MACROREGION CENTRO,-11.2102777777778,-75.3347222222222,962.0
120902,JUNIN,CHUPACA,AHUAC,AHUAC (CHUPACA),2025,2026,0.244047619047619,0.2694,BAJO RIESGO,CENTRO,MACROREGION CENTRO,-12.0858333333333,-75.3211111111111,3341.0
120903,JUNIN,CHUPACA,CHONGOS BAJO,CHONGOS BAJO (CHUPACA),2025,2026,0.3385826771653543,0.523,BAJO RIESGO,CENTRO,MACROREGION CENTRO,-12.1338888888889,-75.2680555555555,3288.0
120901,JUNIN,CHUPACA,CHUPACA,CHUPACA (CHUPACA),2025,2026,0.3015267175572519,0.3702,BAJO RIESGO,CENTRO,MACROREGION CENTRO,-12.0577777777778,-75.2894444444444,3286.0
120904,JUNIN,CHUPACA,HUACHAC,HUACHAC (CHUPACA),2025,2026,0.2222222222222222,0.284,BAJO RIESGO,CENTRO,MACROREGION CENTRO,-12.0205555555556,-75.3411111111111,3378.0
120905,JUNIN,CHUPACA,HUAMANCACA CHICO,HUAMANCACA CHICO (CHUPACA),2025,2026,0.251063829787234,0.3511,BAJO RIESGO,CENTRO,MACROREGION CENTRO,-12.0808333333333,-75.2422222222222,3203.0
120907,JUNIN,CHUPACA,SAN JUAN DE JARPA,SAN JUAN DE JARPA (CHUPACA),2025,2026,0.3111111111111111,0.4991,BAJO RIESGO,CENTRO,MACROREGION CENTRO,-12.1263888888889,-75.4355555555556,3692.0
120906,JUNIN,CHUPACA,SAN JUAN DE YSCOS,SAN JUAN DE YSCOS (CHUPACA),2025,2026,0.2333333333333333,0.3344,BAJO RIESGO,CENTRO,MACROREGION CENTRO,-12.0983333333333,-75.2927777777778,3280.0
120908,JUNIN,CHUPACA,TRES DE DICIEMBRE,TRES DE DICIEMBRE (CHUPACA),2025,2026,0.3070175438596491,0.416,BAJO RIESGO,CENTRO,MACROREGION CENTRO,-12.1097222222222,-75.2458333333333,3193.0
120909,JUNIN,CHUPACA,YANACANCHA,YANACANCHA (CHUPACA),2025,2026,0.26,0.4599,BAJO RIESGO,CENTRO,MACROREGION CENTRO,-12.2011111111111,-75.3866666666667,3854.0
120202,JUNIN,CONCEPCION,ACO,ACO (CONCEPCION),2025,2026,0.2564102564102564,0.4327,BAJO RIESGO,CENTRO,MACROREGION CENTRO,-11.9580555555556,-75.3683333333333,3474.0
120203,JUNIN,CONCEPCION,ANDAMARCA,ANDAMARCA (CONCEPCION),2025,2026,0.2068965517241379,0.2714,BAJO RIESGO,CENTRO,MACROREGION CENTRO,-11.7283333333333,-74.8016666666667,2508.0
120204,JUNIN,CONCEPCION,CHAMBARA,CHAMBARA (CONCEPCION),2025,2026,0.0684931506849315,0.1935,BAJO RIESGO,CENTRO,MACROREGION CENTRO,-12.0272222222222,-75.3752777777778,3521.0
120205,JUNIN,CONCEPCION,COCHAS,COCHAS (CONCEPCION),2025,2026,0.1052631578947368,0.1986,BAJO RIESGO,CENTRO,MACROREGION CENTRO,-11.66,-75.1022222222222,3231.0
120206,JUNIN,CONCEPCION,COMAS,COMAS (CONCEPCION),2025,2026,0.1538461538461538,0.2107,BAJO RIESGO,CENTRO,MACROREGION CENTRO,-11.7177777777778,-75.0816666666667,3303.0
120201,JUNIN,CONCEPCION,CONCEPCION,CONCEPCION (CONCEPCION),2025,2026,0.2013729977116704,0.2237,BAJO RIESGO,CENTRO,MACROREGION CENTRO,-11.9188888888889,-75.3125,3303.0
120207,JUNIN,CONCEPCION,HEROINAS TOLEDO,HEROINAS TOLEDO (CONCEPCION),2025,2026,0.0333333333333333,0.235,BAJO RIESGO,CENTRO,MACROREGION CENTRO,-11.8355555555556,-75.2908333333333,3764.0
120208,JUNIN,CONCEPCION,MANZANARES,MANZANARES (CONCEPCION),2025,2026,0.175,0.3003,BAJO RIESGO,CENTRO,MACROREGION CENTRO,-12.0161111111111,-75.3458333333333,3381.0
120209,JUNIN,CONCEPCION,MARISCAL CASTILLA,MARISCAL CASTILLA (CONCEPCION),2025,2026,0.0961538461538461,0.2543,BAJO RIESGO,CENTRO,MACROREGION CENTRO,-11.6191666666667,-75.09,2513.0
120210,JUNIN,CONCEPCION,MATAHUASI,MATAHUASI (CONCEPCION),2025,2026,0.1042944785276073,0.1813,BAJO RIESGO,CENTRO,MACROREGION CENTRO,-11.8938888888889,-75.3441666666667,3302.0
120211,JUNIN,CONCEPCION,MITO,MITO (CONCEPCION),2025,2026,0.0625,0.2161,BAJO RIESGO,CENTRO,MACROREGION CENTRO,-11.9372222222222,-75.3391666666667,3296.0
120212,JUNIN,CONCEPCION,NUEVE DE JULIO,NUEVE DE JULIO (CONCEPCION),2025,2026,0.2784810126582278,0.4201,BAJO RIESGO,CENTRO,MACROREGION CENTRO,-11.8977777777778,-75.3180555555555,3339.0
120213,JUNIN,CONCEPCION,ORCOTUNA,ORCOTUNA (CONCEPCION),2025,2026,0.125,0.1857,BAJO RIESGO,CENTRO,MACROREGION CENTRO,-11.9672222222222,-75.3075,3271.0
120214,JUNIN,CONCEPCION,SAN JOSE DE QUERO,SAN JOSE DE QUERO (CONCEPCION),2025,2026,0.1481481481481481,0.1964,BAJO RIESGO,CENTRO,MACROREGION CENTRO,-12.0855555555556,-75.5363888888889,3913.0
120215,JUNIN,CONCEPCION,SANTA ROSA DE OCOPA,SANTA ROSA DE OCOPA (CONCEPCION),2025,2026,0.1346153846153846,0.2205,BAJO RIESGO,CENTRO,MACROREGION CENTRO,-11.8772222222222,-75.295,3396.0
120104,JUNIN,HUANCAYO,CARHUACALLANGA,CARHUACALLANGA (HUANCAYO),2025,2026,0.0,0.3355,BAJO RIESGO,CENTRO,MACROREGION CENTRO,-12.355,-75.2005555555556,3774.0
120105,JUNIN,HUANCAYO,CHACAPAMPA,CHACAPAMPA (HUANCAYO),2025,2026,0.0,0.2708,BAJO RIESGO,CENTRO,MACROREGION CENTRO,-12.345,-75.2475,3413.0
120106,JUNIN,HUANCAYO,CHICCHE,CHICCHE (HUANCAYO),2025,2026,0.0,0.258,BAJO RIESGO,CENTRO,MACROREGION CENTRO,-12.2961111111111,-75.2986111111111,3606.0
120107,JUNIN,HUANCAYO,CHILCA,CHILCA (HUANCAYO),2025,2026,0.2244813278008298,0.2471,BAJO RIESGO,CENTRO,MACROREGION CENTRO,-12.0866666666667,-75.2083333333333,3273.0
120108,JUNIN,HUANCAYO,CHONGOS ALTO,CHONGOS ALTO (HUANCAYO),2025,2026,0.1,0.2729,BAJO RIESGO,CENTRO,MACROREGION CENTRO,-12.3116666666667,-75.2891666666667,3573.0
120111,JUNIN,HUANCAYO,CHUPURO,CHUPURO (HUANCAYO),2025,2026,0.1066666666666666,0.1815,BAJO RIESGO,CENTRO,MACROREGION CENTRO,-12.1555555555556,-75.2455555555556,3197.0
120112,JUNIN,HUANCAYO,COLCA,COLCA (HUANCAYO),2025,2026,0.25,0.4387,BAJO RIESGO,CENTRO,MACROREGION CENTRO,-12.3175,-75.2222222222222,3499.0
120113,JUNIN,HUANCAYO,CULLHUAS,CULLHUAS (HUANCAYO),2025,2026,0.1351351351351351,0.2291,BAJO RIESGO,CENTRO,MACROREGION CENTRO,-12.2205555555556,-75.1669444444445,3549.0
120114,JUNIN,HUANCAYO,EL TAMBO,EL TAMBO (HUANCAYO),2025,2026,0.1732558139534883,0.2094,BAJO RIESGO,CENTRO,MACROREGION CENTRO,-12.0502777777778,-75.2213888888889,3305.0
120116,JUNIN,HUANCAYO,HUACRAPUQUIO,HUACRAPUQUIO (HUANCAYO),2025,2026,0.0588235294117647,0.2118,BAJO RIESGO,CENTRO,MACROREGION CENTRO,-12.1711111111111,-75.2208333333333,3238.0
120117,JUNIN,HUANCAYO,HUALHUAS,HUALHUAS (HUANCAYO),2025,2026,0.1676646706586826,0.2195,BAJO RIESGO,CENTRO,MACROREGION CENTRO,-11.9713888888889,-75.2508333333333,3267.0
120119,JUNIN,HUANCAYO,HUANCAN,HUANCAN (HUANCAYO),2025,2026,0.1738002594033722,0.2089,BAJO RIESGO,CENTRO,MACROREGION CENTRO,-12.1066666666667,-75.2166666666667,3252.0
120101,JUNIN,HUANCAYO,HUANCAYO,HUANCAYO (HUANCAYO),2025,2026,0.2364802933088909,0.2553,BAJO RIESGO,CENTRO,MACROREGION CENTRO,-12.0708333333333,-75.2088888888889,3294.0
120120,JUNIN,HUANCAYO,HUASICANCHA,HUASICANCHA (HUANCAYO),2025,2026,0.1428571428571428,0.3045,BAJO RIESGO,CENTRO,MACROREGION CENTRO,-12.3322222222222,-75.2819444444445,3755.0
120121,JUNIN,HUANCAYO,HUAYUCACHI,HUAYUCACHI (HUANCAYO),2025,2026,0.1525,0.1857,BAJO RIESGO,CENTRO,MACROREGION CENTRO,-12.1386111111111,-75.2236111111111,3251.0
120122,JUNIN,HUANCAYO,INGENIO,INGENIO (HUANCAYO),2025,2026,0.1206896551724138,0.2249,BAJO RIESGO,CENTRO,MACROREGION CENTRO,-11.8905555555556,-75.2663888888889,3486.0
120124,JUNIN,HUANCAYO,PARIAHUANCA,PARIAHUANCA (HUANCAYO),2025,2026,0.1489361702127659,0.2014,BAJO RIESGO,CENTRO,MACROREGION CENTRO,-11.9802777777778,-74.8966666666667,2591.0
120125,JUNIN,HUANCAYO,PILCOMAYO,PILCOMAYO (HUANCAYO),2025,2026,0.288135593220339,0.3684,BAJO RIESGO,CENTRO,MACROREGION CENTRO,-12.0494444444444,-75.2505555555556,3244.0
120126,JUNIN,HUANCAYO,PUCARA,PUCARA (HUANCAYO),2025,2026,0.2066666666666666,0.2308,BAJO RIESGO,CENTRO,MACROREGION CENTRO,-12.1725,-75.1455555555555,3374.0
120127,JUNIN,HUANCAYO,QUICHUAY,QUICHUAY (HUANCAYO),2025,2026,0.1489361702127659,0.2518,BAJO RIESGO,CENTRO,MACROREGION CENTRO,-11.8897222222222,-75.2861111111111,3430.0
120128,JUNIN,HUANCAYO,QUILCAS,QUILCAS (HUANCAYO),2025,2026,0.1625,0.2313,BAJO RIESGO,CENTRO,MACROREGION CENTRO,-11.9380555555556,-75.2597222222222,3323.0
120129,JUNIN,HUANCAYO,SAN AGUSTIN,SAN AGUSTIN (HUANCAYO),2025,2026,0.1599099099099099,0.2045,BAJO RIESGO,CENTRO,MACROREGION CENTRO,-11.9897222222222,-75.2441666666667,3297.0
120130,JUNIN,HUANCAYO,SAN JERONIMO DE TUNAN,SAN JERONIMO DE TUNAN (HUANCAYO),2025,2026,0.2846534653465346,0.3715,BAJO RIESGO,CENTRO,MACROREGION CENTRO,-11.9491666666667,-75.2822222222222,3301.0
120135,JUNIN,HUANCAYO,SANTO DOMINGO DE ACOBAMBA,SANTO DOMINGO DE ACOBAMBA (HUANCAYO),2025,2026,0.1851851851851851,0.256,BAJO RIESGO,CENTRO,MACROREGION CENTRO,-11.7688888888889,-74.7952777777778,2221.0
120133,JUNIN,HUANCAYO,SAPALLANGA,SAPALLANGA (HUANCAYO),2025,2026,0.3189066059225512,0.4173,BAJO RIESGO,CENTRO,MACROREGION CENTRO,-12.1413888888889,-75.1580555555555,3330.0
120132,JUNIN,HUANCAYO,SAÑO,SAÑO (HUANCAYO),2025,2026,0.0666666666666666,0.1702,BAJO RIESGO,CENTRO,MACROREGION CENTRO,-11.9588888888889,-75.2586111111111,3297.0
120134,JUNIN,HUANCAYO,SICAYA,SICAYA (HUANCAYO),2025,2026,0.2094395280235988,0.2309,BAJO RIESGO,CENTRO,MACROREGION CENTRO,-12.0147222222222,-75.28,3305.0
120136,JUNIN,HUANCAYO,VIQUES,VIQUES (HUANCAYO),2025,2026,0.1125,0.1827,BAJO RIESGO,CENTRO,MACROREGION CENTRO,-12.1597222222222,-75.2319444444445,3200.0
120402,JUNIN,JAUJA,ACOLLA,ACOLLA (JAUJA),2025,2026,0.12,0.1842,BAJO RIESGO,CENTRO,MACROREGION CENTRO,-11.7311111111111,-75.5466666666667,3493.0
120403,JUNIN,JAUJA,APATA,APATA (JAUJA),2025,2026,0.1771428571428571,0.2377,BAJO RIESGO,CENTRO,MACROREGION CENTRO,-11.8552777777778,-75.3544444444444,3359.0
120404,JUNIN,JAUJA,ATAURA,ATAURA (JAUJA),2025,2026,0.4074074074074074,0.5723,BAJO RIESGO,CENTRO,MACROREGION CENTRO,-11.8027777777778,-75.4388888888889,3364.0
120405,JUNIN,JAUJA,CANCHAYLLO,CANCHAYLLO (JAUJA),2025,2026,0.0,0.2805,BAJO RIESGO,CENTRO,MACROREGION CENTRO,-11.8022222222222,-75.7180555555556,3632.0
120406,JUNIN,JAUJA,CURICACA,CURICACA (JAUJA),2025,2026,0.0303030303030303,0.2338,BAJO RIESGO,CENTRO,MACROREGION CENTRO,-11.7852777777778,-75.675,3546.0
120407,JUNIN,JAUJA,EL MANTARO,EL MANTARO (JAUJA),2025,2026,0.2,0.2615,BAJO RIESGO,CENTRO,MACROREGION CENTRO,-11.8222222222222,-75.3919444444445,3336.0
120408,JUNIN,JAUJA,HUAMALI,HUAMALI (JAUJA),2025,2026,0.2244897959183673,0.3574,BAJO RIESGO,CENTRO,MACROREGION CENTRO,-11.8072222222222,-75.4241666666667,3366.0
120409,JUNIN,JAUJA,HUARIPAMPA,HUARIPAMPA (JAUJA),2025,2026,0.15,0.2424,BAJO RIESGO,CENTRO,MACROREGION CENTRO,-11.8077777777778,-75.4711111111111,3378.0
120410,JUNIN,JAUJA,HUERTAS,HUERTAS (JAUJA),2025,2026,0.1818181818181818,0.2841,BAJO RIESGO,CENTRO,MACROREGION CENTRO,-11.76,-75.4697222222222,3404.0
120411,JUNIN,JAUJA,JANJAILLO,JANJAILLO (JAUJA),2025,2026,0.0,0.2748,BAJO RIESGO,CENTRO,MACROREGION CENTRO,-11.7644444444444,-75.6102777777778,3830.0
120401,JUNIN,JAUJA,JAUJA,JAUJA (JAUJA),2025,2026,0.2122015915119363,0.2313,BAJO RIESGO,CENTRO,MACROREGION CENTRO,-11.7755555555556,-75.5005555555556,3425.0
120412,JUNIN,JAUJA,JULCAN,JULCAN (JAUJA),2025,2026,0.1764705882352941,0.3154,BAJO RIESGO,CENTRO,MACROREGION CENTRO,-11.7591666666667,-75.4352777777778,3473.0
120413,JUNIN,JAUJA,LEONOR ORDOÑEZ,LEONOR ORDOÑEZ (JAUJA),2025,2026,0.081081081081081,0.2418,BAJO RIESGO,CENTRO,MACROREGION CENTRO,-11.8594444444444,-75.4175,3319.0
120414,JUNIN,JAUJA,LLOCLLAPAMPA,LLOCLLAPAMPA (JAUJA),2025,2026,0.0,0.2744,BAJO RIESGO,CENTRO,MACROREGION CENTRO,-11.8175,-75.6238888888889,3526.0
120415,JUNIN,JAUJA,MARCO,MARCO (JAUJA),2025,2026,0.4117647058823529,0.5797,BAJO RIESGO,CENTRO,MACROREGION CENTRO,-11.7405555555556,-75.5611111111111,3480.0
120416,JUNIN,JAUJA,MASMA,MASMA (JAUJA),2025,2026,0.3880597014925373,0.5289,BAJO RIESGO,CENTRO,MACROREGION CENTRO,-11.7852777777778,-75.4261111111111,3505.0
120417,JUNIN,JAUJA,MASMA CHICCHE,MASMA CHICCHE (JAUJA),2025,2026,0.0,0.2722,BAJO RIESGO,CENTRO,MACROREGION CENTRO,-11.7861111111111,-75.3816666666667,3671.0
120418,JUNIN,JAUJA,MOLINOS,MOLINOS (JAUJA),2025,2026,0.2127659574468085,0.3573,BAJO RIESGO,CENTRO,MACROREGION CENTRO,-11.7377777777778,-75.4461111111111,3459.0
120419,JUNIN,JAUJA,MONOBAMBA,MONOBAMBA (JAUJA),2025,2026,0.4,0.6228,BAJO RIESGO,CENTRO,MACROREGION CENTRO,-11.3605555555556,-75.3266666666667,1495.0
120420,JUNIN,JAUJA,MUQUI,MUQUI (JAUJA),2025,2026,0.037037037037037,0.2287,BAJO RIESGO,CENTRO,MACROREGION CENTRO,-11.8333333333333,-75.435,3358.0
120421,JUNIN,JAUJA,MUQUIYAUYO,MUQUIYAUYO (JAUJA),2025,2026,0.0923076923076923,0.1818,BAJO RIESGO,CENTRO,MACROREGION CENTRO,-11.8138888888889,-75.4538888888889,3373.0
120422,JUNIN,JAUJA,PACA,PACA (JAUJA),2025,2026,0.2142857142857142,0.3445,BAJO RIESGO,CENTRO,MACROREGION CENTRO,-11.7091666666667,-75.5183333333333,3402.0
120423,JUNIN,JAUJA,PACCHA,PACCHA (JAUJA),2025,2026,0.0,0.2423,BAJO RIESGO,CENTRO,MACROREGION CENTRO,-11.8536111111111,-75.5063888888889,3679.0
120424,JUNIN,JAUJA,PANCAN,PANCAN (JAUJA),2025,2026,0.1818181818181818,0.2982,BAJO RIESGO,CENTRO,MACROREGION CENTRO,-11.7488888888889,-75.4861111111111,3398.0
120425,JUNIN,JAUJA,PARCO,PARCO (JAUJA),2025,2026,0.0384615384615384,0.2287,BAJO RIESGO,CENTRO,MACROREGION CENTRO,-11.8011111111111,-75.5427777777778,3437.0
120426,JUNIN,JAUJA,POMACANCHA,POMACANCHA (JAUJA),2025,2026,0.1052631578947368,0.2532,BAJO RIESGO,CENTRO,MACROREGION CENTRO,-11.7391666666667,-75.6233333333333,3824.0
120427,JUNIN,JAUJA,RICRAN,RICRAN (JAUJA),2025,2026,0.037037037037037,0.2571,BAJO RIESGO,CENTRO,MACROREGION CENTRO,-11.5394444444444,-75.5272222222222,3645.0
120428,JUNIN,JAUJA,SAN LORENZO,SAN LORENZO (JAUJA),2025,2026,0.0422535211267605,0.2144,BAJO RIESGO,CENTRO,MACROREGION CENTRO,-11.8463888888889,-75.3816666666667,3337.0
120429,JUNIN,JAUJA,SAN PEDRO DE CHUNAN,SAN PEDRO DE CHUNAN (JAUJA),2025,2026,0.25,0.4463,BAJO RIESGO,CENTRO,MACROREGION CENTRO,-11.7255555555556,-75.4863888888889,3417.0
120430,JUNIN,JAUJA,SAUSA,SAUSA (JAUJA),2025,2026,0.28125,0.4259,BAJO RIESGO,CENTRO,MACROREGION CENTRO,-11.7936111111111,-75.4847222222222,3387.0
120431,JUNIN,JAUJA,SINCOS,SINCOS (JAUJA),2025,2026,0.1063829787234042,0.1827,BAJO RIESGO,CENTRO,MACROREGION CENTRO,-11.8913888888889,-75.3869444444445,3280.0
120432,JUNIN,JAUJA,TUNAN MARCA,TUNAN MARCA (JAUJA),2025,2026,0.125,0.234,BAJO RIESGO,CENTRO,MACROREGION CENTRO,-11.7297222222222,-75.5705555555556,3492.0
120433,JUNIN,JAUJA,YAULI,YAULI (JAUJA),2025,2026,0.075,0.2492,BAJO RIESGO,CENTRO,MACROREGION CENTRO,-11.715,-75.4719444444444,3439.0
120434,JUNIN,JAUJA,YAUYOS,YAUYOS (JAUJA),2025,2026,0.174863387978142,0.2132,BAJO RIESGO,CENTRO,MACROREGION CENTRO,-11.7808333333333,-75.4997222222222,3420.0
120502,JUNIN,JUNIN,CARHUAMAYO,CARHUAMAYO (JUNIN),2025,2026,0.0346534653465346,0.1906,BAJO RIESGO,CENTRO,MACROREGION CENTRO,-10.9227777777778,-76.0577777777778,4154.0
120501,JUNIN,JUNIN,JUNIN,JUNIN (JUNIN),2025,2026,0.0207612456747404,0.1964,BAJO RIESGO,CENTRO,MACROREGION CENTRO,-11.1613888888889,-75.9983333333333,4127.0
120503,JUNIN,JUNIN,ONDORES,ONDORES (JUNIN),2025,2026,0.05,0.265,BAJO RIESGO,CENTRO,MACROREGION CENTRO,-11.0836111111111,-76.1466666666667,4108.0
120504,JUNIN,JUNIN,ULCUMAYO,ULCUMAYO (JUNIN),2025,2026,0.3726708074534161,0.6034,BAJO RIESGO,CENTRO,MACROREGION CENTRO,-10.9675,-75.8780555555555,3636.0
120602,JUNIN,SATIPO,COVIRIALI,COVIRIALI (SATIPO),2025,2026,0.2571428571428571,0.3404,BAJO RIESGO,CENTRO,MACROREGION CENTRO,-11.2913888888889,-74.6275,708.0
120603,JUNIN,SATIPO,LLAYLLA,LLAYLLA (SATIPO),2025,2026,0.2485875706214689,0.331,BAJO RIESGO,CENTRO,MACROREGION CENTRO,-11.3811111111111,-74.5902777777778,1122.0
120604,JUNIN,SATIPO,MAZAMARI,MAZAMARI (SATIPO),2025,2026,0.2728828058169376,0.3315,BAJO RIESGO,CENTRO,MACROREGION CENTRO,-11.325,-74.5302777777778,694.0
120605,JUNIN,SATIPO,PAMPA HERMOSA,PAMPA HERMOSA (SATIPO),2025,2026,0.0384615384615384,0.2128,BAJO RIESGO,CENTRO,MACROREGION CENTRO,-11.4041666666667,-74.7516666666667,1231.0
120606,JUNIN,SATIPO,PANGOA,PANGOA (SATIPO),2025,2026,0.2501366867140513,0.3332,BAJO RIESGO,CENTRO,MACROREGION CENTRO,-11.4283333333333,-74.4888888888889,816.0
120607,JUNIN,SATIPO,RIO NEGRO,RIO NEGRO (SATIPO),2025,2026,0.3834319526627219,0.5637,BAJO RIESGO,CENTRO,MACROREGION CENTRO,-11.2088888888889,-74.6594444444444,665.0
120608,JUNIN,SATIPO,RIO TAMBO,RIO TAMBO (SATIPO),2025,2026,0.2036828260052612,0.2149,BAJO RIESGO,CENTRO,MACROREGION CENTRO,-11.1475,-74.3063888888889,358.0
120601,JUNIN,SATIPO,SATIPO,SATIPO (SATIPO),2025,2026,0.2244177840508116,0.2324,BAJO RIESGO,CENTRO,MACROREGION CENTRO,-11.2538888888889,-74.6361111111111,676.0
120609,JUNIN,SATIPO,VIZCATAN DEL ENE,VIZCATAN DEL ENE (SATIPO),2025,2026,0.3608695652173913,0.5281,BAJO RIESGO,CENTRO,MACROREGION CENTRO,-12.1861111111111,-74.0272222222222,539.0
120702,JUNIN,TARMA,ACOBAMBA,ACOBAMBA (TARMA),2025,2026,0.1195652173913043,0.1798,BAJO RIESGO,CENTRO,MACROREGION CENTRO,-11.3533333333333,-75.6591666666667,2961.0
120703,JUNIN,TARMA,HUARICOLCA,HUARICOLCA (TARMA),2025,2026,0.0754716981132075,0.2259,BAJO RIESGO,CENTRO,MACROREGION CENTRO,-11.5119444444444,-75.6527777777778,3783.0
120704,JUNIN,TARMA,HUASAHUASI,HUASAHUASI (TARMA),2025,2026,0.0883977900552486,0.2026,BAJO RIESGO,CENTRO,MACROREGION CENTRO,-11.265,-75.6502777777778,2768.0
120705,JUNIN,TARMA,LA UNION,LA UNION (TARMA),2025,2026,0.0483870967741935,0.1842,BAJO RIESGO,CENTRO,MACROREGION CENTRO,-11.3772222222222,-75.7519444444444,3556.0
120706,JUNIN,TARMA,PALCA,PALCA (TARMA),2025,2026,0.0666666666666666,0.2067,BAJO RIESGO,CENTRO,MACROREGION CENTRO,-11.3461111111111,-75.5686111111111,2759.0
120707,JUNIN,TARMA,PALCAMAYO,PALCAMAYO (TARMA),2025,2026,0.116504854368932,0.1928,BAJO RIESGO,CENTRO,MACROREGION CENTRO,-11.2958333333333,-75.7727777777777,3351.0
120708,JUNIN,TARMA,SAN PEDRO DE CAJAS,SAN PEDRO DE CAJAS (TARMA),2025,2026,0.0952380952380952,0.2371,BAJO RIESGO,CENTRO,MACROREGION CENTRO,-11.2491666666667,-75.8627777777777,4027.0
120709,JUNIN,TARMA,TAPO,TAPO (TARMA),2025,2026,0.0633802816901408,0.2107,BAJO RIESGO,CENTRO,MACROREGION CENTRO,-11.3902777777778,-75.5638888888889,3146.0
120701,JUNIN,TARMA,TARMA,TARMA (TARMA),2025,2026,0.0495458298926507,0.1903,BAJO RIESGO,CENTRO,MACROREGION CENTRO,-11.42,-75.6880555555555,3094.0
120802,JUNIN,YAULI,CHACAPALPA,CHACAPALPA (YAULI),2025,2026,0.5384615384615384,0.7821,ALTO RIESGO,CENTRO,MACROREGION CENTRO,-11.7327777777778,-75.7555555555555,3775.0
120803,JUNIN,YAULI,HUAY-HUAY,HUAY-HUAY (YAULI),2025,2026,0.1851851851851851,0.3388,BAJO RIESGO,CENTRO,MACROREGION CENTRO,-11.7225,-75.905,3995.0
120801,JUNIN,YAULI,LA OROYA,LA OROYA (YAULI),2025,2026,0.1927710843373494,0.233,BAJO RIESGO,CENTRO,MACROREGION CENTRO,-11.5219444444444,-75.9077777777778,3757.0
120804,JUNIN,YAULI,MARCAPOMACOCHA,MARCAPOMACOCHA (YAULI),2025,2026,0.1428571428571428,0.2861,BAJO RIESGO,CENTRO,MACROREGION CENTRO,-11.4066666666667,-76.3361111111111,4451.0
120805,JUNIN,YAULI,MOROCOCHA,MOROCOCHA (YAULI),2025,2026,0.2241379310344827,0.3727,BAJO RIESGO,CENTRO,MACROREGION CENTRO,-11.5872222222222,-76.0633333333333,4268.0
120806,JUNIN,YAULI,PACCHA,PACCHA (YAULI),2025,2026,0.3428571428571428,0.5674,BAJO RIESGO,CENTRO,MACROREGION CENTRO,-11.4730555555556,-75.9605555555556,3786.0
120807,JUNIN,YAULI,SANTA BARBARA DE CARHUACAYAN,SANTA BARBARA DE CARHUACAYAN (YAULI),2025,2026,0.1111111111111111,0.2799,BAJO RIESGO,CENTRO,MACROREGION CENTRO,-11.2038888888889,-76.2855555555555,4145.0
120808,JUNIN,YAULI,SANTA ROSA DE SACCO,SANTA ROSA DE SACCO (YAULI),2025,2026,0.1696428571428571,0.2441,BAJO RIESGO,CENTRO,MACROREGION CENTRO,-11.5491666666667,-75.9402777777778,3831.0
120809,JUNIN,YAULI,SUITUCANCHA,SUITUCANCHA (YAULI),2025,2026,0.05,0.3106,BAJO RIESGO,CENTRO,MACROREGION CENTRO,-11.7875,-75.9363888888889,4286.0
120810,JUNIN,YAULI,YAULI,YAULI (YAULI),2025,2026,0.1666666666666666,0.3368,BAJO RIESGO,CENTRO,MACROREGION CENTRO,-11.6658333333333,-76.0858333333333,4137.0
130201,LA LIBERTAD,ASCOPE,ASCOPE,ASCOPE (ASCOPE),2025,2026,0.1015625,0.1456,BAJO RIESGO,NORTE,MACROREGION NORTE,-7.71361111111111,-79.1072222222222,242.0
130208,LA LIBERTAD,ASCOPE,CASA GRANDE,CASA GRANDE (ASCOPE),2025,2026,0.0463157894736842,0.1439,BAJO RIESGO,NORTE,MACROREGION NORTE,-7.74527777777778,-79.1880555555555,162.0
130202,LA LIBERTAD,ASCOPE,CHICAMA,CHICAMA (ASCOPE),2025,2026,0.0365535248041775,0.1436,BAJO RIESGO,NORTE,MACROREGION NORTE,-7.8425,-79.1441666666667,150.0
130203,LA LIBERTAD,ASCOPE,CHOCOPE,CHOCOPE (ASCOPE),2025,2026,0.0666666666666666,0.1322,BAJO RIESGO,NORTE,MACROREGION NORTE,-7.79138888888889,-79.2230555555555,118.0
130204,LA LIBERTAD,ASCOPE,MAGDALENA DE CAO,MAGDALENA DE CAO (ASCOPE),2025,2026,0.0,0.1853,BAJO RIESGO,NORTE,MACROREGION NORTE,-7.87638888888889,-79.2958333333333,42.0
130205,LA LIBERTAD,ASCOPE,PAIJAN,PAIJAN (ASCOPE),2025,2026,0.0650969529085872,0.1355,BAJO RIESGO,NORTE,MACROREGION NORTE,-7.73472222222222,-79.3033333333333,97.0
130206,LA LIBERTAD,ASCOPE,RAZURI,RAZURI (ASCOPE),2025,2026,0.0088495575221238,0.1442,BAJO RIESGO,NORTE,MACROREGION NORTE,-7.70222222222222,-79.4377777777778,14.0
130207,LA LIBERTAD,ASCOPE,SANTIAGO DE CAO,SANTIAGO DE CAO (ASCOPE),2025,2026,0.030188679245283,0.1322,BAJO RIESGO,NORTE,MACROREGION NORTE,-7.95777777777778,-79.2436111111111,32.0
130302,LA LIBERTAD,BOLIVAR,BAMBAMARCA,BAMBAMARCA (BOLIVAR),2025,2026,0.529126213592233,0.7261,ALTO RIESGO,NORTE,MACROREGION NORTE,-7.43972222222222,-77.6930555555555,3488.0
130301,LA LIBERTAD,BOLIVAR,BOLIVAR,BOLIVAR (BOLIVAR),2025,2026,0.5066666666666667,0.7168,ALTO RIESGO,NORTE,MACROREGION NORTE,-7.15388888888889,-77.7022222222222,3157.0
130303,LA LIBERTAD,BOLIVAR,CONDORMARCA,CONDORMARCA (BOLIVAR),2025,2026,0.3033707865168539,0.4914,BAJO RIESGO,NORTE,MACROREGION NORTE,-7.54666666666667,-77.5997222222222,2793.0
130304,LA LIBERTAD,BOLIVAR,LONGOTEA,LONGOTEA (BOLIVAR),2025,2026,0.5652173913043478,0.7507,ALTO RIESGO,NORTE,MACROREGION NORTE,-7.04388888888889,-77.8722222222222,2617.0
130305,LA LIBERTAD,BOLIVAR,UCHUMARCA,UCHUMARCA (BOLIVAR),2025,2026,0.0238095238095238,0.2002,BAJO RIESGO,NORTE,MACROREGION NORTE,-7.04722222222222,-77.8055555555555,3043.0
130306,LA LIBERTAD,BOLIVAR,UCUNCHA,UCUNCHA (BOLIVAR),2025,2026,0.1282051282051282,0.2969,BAJO RIESGO,NORTE,MACROREGION NORTE,-7.16527777777778,-77.8591666666667,2634.0
130401,LA LIBERTAD,CHEPEN,CHEPEN,CHEPEN (CHEPEN),2025,2026,0.0661831368993653,0.1343,BAJO RIESGO,NORTE,MACROREGION NORTE,-7.2275,-79.4294444444444,160.0
130402,LA LIBERTAD,CHEPEN,PACANGA,PACANGA (CHEPEN),2025,2026,0.0176544766708701,0.137,BAJO RIESGO,NORTE,MACROREGION NORTE,-7.17138888888889,-79.4855555555555,112.0
130403,LA LIBERTAD,CHEPEN,PUEBLO NUEVO,PUEBLO NUEVO (CHEPEN),2025,2026,0.0204603580562659,0.1343,BAJO RIESGO,NORTE,MACROREGION NORTE,-7.1825,-79.52,84.0
131101,LA LIBERTAD,GRAN CHIMU,CASCAS,CASCAS (GRAN CHIMU),2025,2026,0.2451456310679611,0.279,BAJO RIESGO,NORTE,MACROREGION NORTE,-7.47944444444445,-78.8197222222222,1278.0
131102,LA LIBERTAD,GRAN CHIMU,LUCMA,LUCMA (GRAN CHIMU),2025,2026,0.371900826446281,0.5348,BAJO RIESGO,NORTE,MACROREGION NORTE,-7.64055555555555,-78.5522222222222,2192.0
131103,LA LIBERTAD,GRAN CHIMU,MARMOT,MARMOT (GRAN CHIMU),2025,2026,0.3137254901960784,0.5239,BAJO RIESGO,NORTE,MACROREGION NORTE,-7.69833333333333,-78.6261111111111,1512.0
131104,LA LIBERTAD,GRAN CHIMU,SAYAPULLO,SAYAPULLO (GRAN CHIMU),2025,2026,0.3420289855072463,0.5495,BAJO RIESGO,NORTE,MACROREGION NORTE,-7.59583333333333,-78.465,2384.0
130502,LA LIBERTAD,JULCAN,CALAMARCA,CALAMARCA (JULCAN),2025,2026,0.1940298507462686,0.217,BAJO RIESGO,NORTE,MACROREGION NORTE,-8.17,-78.4122222222222,3377.0
130503,LA LIBERTAD,JULCAN,CARABAMBA,CARABAMBA (JULCAN),2025,2026,0.2869565217391304,0.3982,BAJO RIESGO,NORTE,MACROREGION NORTE,-8.1125,-78.6075,3345.0
130504,LA LIBERTAD,JULCAN,HUASO,HUASO (JULCAN),2025,2026,0.0486725663716814,0.2199,BAJO RIESGO,NORTE,MACROREGION NORTE,-8.22472222222222,-78.4141666666667,3075.0
130501,LA LIBERTAD,JULCAN,JULCAN,JULCAN (JULCAN),2025,2026,0.1605263157894736,0.2113,BAJO RIESGO,NORTE,MACROREGION NORTE,-8.04277777777778,-78.4863888888889,3420.0
130602,LA LIBERTAD,OTUZCO,AGALLPAMPA,AGALLPAMPA (OTUZCO),2025,2026,0.1043689320388349,0.1837,BAJO RIESGO,NORTE,MACROREGION NORTE,-7.98194444444445,-78.5466666666667,3143.0
130604,LA LIBERTAD,OTUZCO,CHARAT,CHARAT (OTUZCO),2025,2026,0.2282608695652173,0.3154,BAJO RIESGO,NORTE,MACROREGION NORTE,-7.82388888888889,-78.4480555555556,2280.0
130605,LA LIBERTAD,OTUZCO,HUARANCHAL,HUARANCHAL (OTUZCO),2025,2026,0.3636363636363636,0.5101,BAJO RIESGO,NORTE,MACROREGION NORTE,-7.68972222222222,-78.4425,2208.0
130606,LA LIBERTAD,OTUZCO,LA CUESTA,LA CUESTA (OTUZCO),2025,2026,0.1875,0.3648,BAJO RIESGO,NORTE,MACROREGION NORTE,-7.91888888888889,-78.7047222222222,1900.0
130608,LA LIBERTAD,OTUZCO,MACHE,MACHE (OTUZCO),2025,2026,0.0869565217391304,0.1919,BAJO RIESGO,NORTE,MACROREGION NORTE,-8.02916666666667,-78.535,3320.0
130601,LA LIBERTAD,OTUZCO,OTUZCO,OTUZCO (OTUZCO),2025,2026,0.1568381430363864,0.1892,BAJO RIESGO,NORTE,MACROREGION NORTE,-7.90222222222222,-78.5655555555555,2701.0
130610,LA LIBERTAD,OTUZCO,PARANDAY,PARANDAY (OTUZCO),2025,2026,0.0714285714285714,0.2939,BAJO RIESGO,NORTE,MACROREGION NORTE,-7.885,-78.7094444444444,3137.0
130611,LA LIBERTAD,OTUZCO,SALPO,SALPO (OTUZCO),2025,2026,0.2203389830508474,0.2402,BAJO RIESGO,NORTE,MACROREGION NORTE,-8.00305555555556,-78.6041666666667,3461.0
130613,LA LIBERTAD,OTUZCO,SINSICAP,SINSICAP (OTUZCO),2025,2026,0.031055900621118,0.2085,BAJO RIESGO,NORTE,MACROREGION NORTE,-7.85166666666667,-78.7541666666667,2335.0
130614,LA LIBERTAD,OTUZCO,USQUIL,USQUIL (OTUZCO),2025,2026,0.2346014492753623,0.2625,BAJO RIESGO,NORTE,MACROREGION NORTE,-7.81527777777778,-78.4166666666667,3049.0
130702,LA LIBERTAD,PACASMAYO,GUADALUPE,GUADALUPE (PACASMAYO),2025,2026,0.0196850393700787,0.132,BAJO RIESGO,NORTE,MACROREGION NORTE,-7.24361111111111,-79.4702777777778,124.0
130703,LA LIBERTAD,PACASMAYO,JEQUETEPEQUE,JEQUETEPEQUE (PACASMAYO),2025,2026,0.0952380952380952,0.1343,BAJO RIESGO,NORTE,MACROREGION NORTE,-7.3375,-79.5630555555556,13.0
130704,LA LIBERTAD,PACASMAYO,PACASMAYO,PACASMAYO (PACASMAYO),2025,2026,0.0241691842900302,0.132,BAJO RIESGO,NORTE,MACROREGION NORTE,-7.40111111111111,-79.5722222222222,21.0
130705,LA LIBERTAD,PACASMAYO,SAN JOSE,SAN JOSE (PACASMAYO),2025,2026,0.0526315789473684,0.1356,BAJO RIESGO,NORTE,MACROREGION NORTE,-7.35,-79.4552777777778,117.0
130701,LA LIBERTAD,PACASMAYO,SAN PEDRO DE LLOC,SAN PEDRO DE LLOC (PACASMAYO),2025,2026,0.0491803278688524,0.1418,BAJO RIESGO,NORTE,MACROREGION NORTE,-7.41833333333333,-79.5147222222222,49.0
130802,LA LIBERTAD,PATAZ,BULDIBUYO,BULDIBUYO (PATAZ),2025,2026,0.2768361581920904,0.3761,BAJO RIESGO,NORTE,MACROREGION NORTE,-8.12694444444445,-77.3952777777778,3189.0
130803,LA LIBERTAD,PATAZ,CHILLIA,CHILLIA (PATAZ),2025,2026,0.110939907550077,0.1924,BAJO RIESGO,NORTE,MACROREGION NORTE,-8.12444444444444,-77.515,3166.0
130804,LA LIBERTAD,PATAZ,HUANCASPATA,HUANCASPATA (PATAZ),2025,2026,0.2301587301587301,0.2732,BAJO RIESGO,NORTE,MACROREGION NORTE,-8.4575,-77.2983333333333,3313.0
130805,LA LIBERTAD,PATAZ,HUAYLILLAS,HUAYLILLAS (PATAZ),2025,2026,0.1351351351351351,0.2868,BAJO RIESGO,NORTE,MACROREGION NORTE,-8.18722222222222,-77.3438888888889,2381.0
130806,LA LIBERTAD,PATAZ,HUAYO,HUAYO (PATAZ),2025,2026,0.0512820512820512,0.1957,BAJO RIESGO,NORTE,MACROREGION NORTE,-8.00444444444445,-77.5922222222222,2188.0
130807,LA LIBERTAD,PATAZ,ONGON,ONGON (PATAZ),2025,2026,0.0416666666666666,0.2876,BAJO RIESGO,NORTE,MACROREGION NORTE,-8.20777777777777,-76.9827777777778,1353.0
130808,LA LIBERTAD,PATAZ,PARCOY,PARCOY (PATAZ),2025,2026,0.1847313854853911,0.2179,BAJO RIESGO,NORTE,MACROREGION NORTE,-8.03333333333333,-77.4797222222222,3121.0
130809,LA LIBERTAD,PATAZ,PATAZ,PATAZ (PATAZ),2025,2026,0.308411214953271,0.4037,BAJO RIESGO,NORTE,MACROREGION NORTE,-7.785,-77.5938888888889,2611.0
130810,LA LIBERTAD,PATAZ,PIAS,PIAS (PATAZ),2025,2026,0.2264150943396226,0.4102,BAJO RIESGO,NORTE,MACROREGION NORTE,-7.87194444444445,-77.5466666666667,2641.0
130811,LA LIBERTAD,PATAZ,SANTIAGO DE CHALLAS,SANTIAGO DE CHALLAS (PATAZ),2025,2026,0.2461538461538461,0.3481,BAJO RIESGO,NORTE,MACROREGION NORTE,-8.43805555555555,-77.3205555555556,3316.0
130812,LA LIBERTAD,PATAZ,TAURIJA,TAURIJA (PATAZ),2025,2026,0.21875,0.2978,BAJO RIESGO,NORTE,MACROREGION NORTE,-8.30777777777778,-77.4236111111111,3123.0
130801,LA LIBERTAD,PATAZ,TAYABAMBA,TAYABAMBA (PATAZ),2025,2026,0.2865731462925852,0.3714,BAJO RIESGO,NORTE,MACROREGION NORTE,-8.275,-77.2961111111111,3222.0
130813,LA LIBERTAD,PATAZ,URPAY,URPAY (PATAZ),2025,2026,0.031055900621118,0.1897,BAJO RIESGO,NORTE,MACROREGION NORTE,-8.34777777777778,-77.38944444444449,2707.0
130902,LA LIBERTAD,SANCHEZ CARRION,CHUGAY,CHUGAY (SANCHEZ CARRION),2025,2026,0.2540792540792541,0.3287,BAJO RIESGO,NORTE,MACROREGION NORTE,-7.78194444444444,-77.8683333333333,3394.0
130903,LA LIBERTAD,SANCHEZ CARRION,COCHORCO,COCHORCO (SANCHEZ CARRION),2025,2026,0.1260794473229706,0.1897,BAJO RIESGO,NORTE,MACROREGION NORTE,-7.80638888888889,-77.7175,2620.0
130904,LA LIBERTAD,SANCHEZ CARRION,CURGOS,CURGOS (SANCHEZ CARRION),2025,2026,0.219753086419753,0.2491,BAJO RIESGO,NORTE,MACROREGION NORTE,-7.86,-77.9438888888889,3244.0
130901,LA LIBERTAD,SANCHEZ CARRION,HUAMACHUCO,HUAMACHUCO (SANCHEZ CARRION),2025,2026,0.0840721491898502,0.1882,BAJO RIESGO,NORTE,MACROREGION NORTE,-7.81111111111111,-78.0466666666667,3183.0
130905,LA LIBERTAD,SANCHEZ CARRION,MARCABAL,MARCABAL (SANCHEZ CARRION),2025,2026,0.1092043681747269,0.1837,BAJO RIESGO,NORTE,MACROREGION NORTE,-7.70583333333333,-78.0336111111111,2943.0
130906,LA LIBERTAD,SANCHEZ CARRION,SANAGORAN,SANAGORAN (SANCHEZ CARRION),2025,2026,0.0807291666666666,0.1876,BAJO RIESGO,NORTE,MACROREGION NORTE,-7.78611111111111,-78.1419444444445,2688.0
130907,LA LIBERTAD,SANCHEZ CARRION,SARIN,SARIN (SANCHEZ CARRION),2025,2026,0.0866425992779783,0.2008,BAJO RIESGO,NORTE,MACROREGION NORTE,-7.91138888888889,-77.9061111111111,2840.0
130908,LA LIBERTAD,SANCHEZ CARRION,SARTIMBAMBA,SARTIMBAMBA (SANCHEZ CARRION),2025,2026,0.1751552795031055,0.2195,BAJO RIESGO,NORTE,MACROREGION NORTE,-7.69916666666667,-77.7436111111111,2697.0
131002,LA LIBERTAD,SANTIAGO DE CHUCO,ANGASMARCA,ANGASMARCA (SANTIAGO DE CHUCO),2025,2026,0.3045454545454545,0.4042,BAJO RIESGO,NORTE,MACROREGION NORTE,-8.13277777777778,-78.0558333333333,2889.0
131003,LA LIBERTAD,SANTIAGO DE CHUCO,CACHICADAN,CACHICADAN (SANTIAGO DE CHUCO),2025,2026,0.3823529411764705,0.6087,BAJO RIESGO,NORTE,MACROREGION NORTE,-8.09444444444445,-78.1488888888889,2897.0
131004,LA LIBERTAD,SANTIAGO DE CHUCO,MOLLEBAMBA,MOLLEBAMBA (SANTIAGO DE CHUCO),2025,2026,0.2195121951219512,0.3747,BAJO RIESGO,NORTE,MACROREGION NORTE,-8.17083333333333,-77.9738888888889,3099.0
131005,LA LIBERTAD,SANTIAGO DE CHUCO,MOLLEPATA,MOLLEPATA (SANTIAGO DE CHUCO),2025,2026,0.1538461538461538,0.2178,BAJO RIESGO,NORTE,MACROREGION NORTE,-8.19333333333333,-77.9572222222222,2694.0
131006,LA LIBERTAD,SANTIAGO DE CHUCO,QUIRUVILCA,QUIRUVILCA (SANTIAGO DE CHUCO),2025,2026,0.4506578947368421,0.7057,ALTO RIESGO,NORTE,MACROREGION NORTE,-8.00194444444445,-78.31,3992.0
131007,LA LIBERTAD,SANTIAGO DE CHUCO,SANTA CRUZ DE CHUCA,SANTA CRUZ DE CHUCA (SANTIAGO DE CHUCO),2025,2026,0.1149425287356321,0.2126,BAJO RIESGO,NORTE,MACROREGION NORTE,-8.12027777777778,-78.1422222222222,2937.0
131001,LA LIBERTAD,SANTIAGO DE CHUCO,SANTIAGO DE CHUCO,SANTIAGO DE CHUCO (SANTIAGO DE CHUCO),2025,2026,0.1386554621848739,0.1962,BAJO RIESGO,NORTE,MACROREGION NORTE,-8.14527777777777,-78.1736111111111,3126.0
131008,LA LIBERTAD,SANTIAGO DE CHUCO,SITABAMBA,SITABAMBA (SANTIAGO DE CHUCO),2025,2026,0.2207792207792207,0.2998,BAJO RIESGO,NORTE,MACROREGION NORTE,-8.02222222222223,-77.73,3080.0
130102,LA LIBERTAD,TRUJILLO,EL PORVENIR,EL PORVENIR (TRUJILLO),2025,2026,0.0353260869565217,0.134,BAJO RIESGO,NORTE,MACROREGION NORTE,-8.08805555555555,-78.9977777777778,92.0
130103,LA LIBERTAD,TRUJILLO,FLORENCIA DE MORA,FLORENCIA DE MORA (TRUJILLO),2025,2026,0.0124345549738219,0.1336,BAJO RIESGO,NORTE,MACROREGION NORTE,-8.08277777777778,-79.0233333333333,92.0
130104,LA LIBERTAD,TRUJILLO,HUANCHACO,HUANCHACO (TRUJILLO),2025,2026,0.0327080327080327,0.1386,BAJO RIESGO,NORTE,MACROREGION NORTE,-8.08,-79.1216666666667,19.0
130105,LA LIBERTAD,TRUJILLO,LA ESPERANZA,LA ESPERANZA (TRUJILLO),2025,2026,0.0316970546984572,0.1301,BAJO RIESGO,NORTE,MACROREGION NORTE,-8.05611111111111,-79.0516666666667,137.0
130106,LA LIBERTAD,TRUJILLO,LAREDO,LAREDO (TRUJILLO),2025,2026,0.0645491803278688,0.1423,BAJO RIESGO,NORTE,MACROREGION NORTE,-8.08972222222222,-78.9602777777778,107.0
130107,LA LIBERTAD,TRUJILLO,MOCHE,MOCHE (TRUJILLO),2025,2026,0.050595238095238,0.132,BAJO RIESGO,NORTE,MACROREGION NORTE,-8.17138888888889,-79.0091666666667,25.0
130108,LA LIBERTAD,TRUJILLO,POROTO,POROTO (TRUJILLO),2025,2026,0.171875,0.213,BAJO RIESGO,NORTE,MACROREGION NORTE,-8.01138888888889,-78.7677777777778,659.0
130109,LA LIBERTAD,TRUJILLO,SALAVERRY,SALAVERRY (TRUJILLO),2025,2026,0.0339622641509433,0.137,BAJO RIESGO,NORTE,MACROREGION NORTE,-8.22444444444444,-78.9761111111111,10.0
130110,LA LIBERTAD,TRUJILLO,SIMBAL,SIMBAL (TRUJILLO),2025,2026,0.2598425196850393,0.3276,BAJO RIESGO,NORTE,MACROREGION NORTE,-7.97666666666667,-78.8133333333333,604.0
130101,LA LIBERTAD,TRUJILLO,TRUJILLO,TRUJILLO (TRUJILLO),2025,2026,0.0301640926640926,0.132,BAJO RIESGO,NORTE,MACROREGION NORTE,-8.1,-79.0305555555556,74.0
130111,LA LIBERTAD,TRUJILLO,VICTOR LARCO HERRERA,VICTOR LARCO HERRERA (TRUJILLO),2025,2026,0.0311958405545927,0.1301,BAJO RIESGO,NORTE,MACROREGION NORTE,-8.13638888888889,-79.0433333333333,24.0
131202,LA LIBERTAD,VIRU,CHAO,CHAO (VIRU),2025,2026,0.0877525252525252,0.1418,BAJO RIESGO,NORTE,MACROREGION NORTE,-8.54055555555555,-78.6788888888888,103.0
131203,LA LIBERTAD,VIRU,GUADALUPITO,GUADALUPITO (VIRU),2025,2026,0.0089686098654708,0.154,BAJO RIESGO,NORTE,MACROREGION NORTE,-8.95166666666667,-78.6247222222222,30.0
131201,LA LIBERTAD,VIRU,VIRU,VIRU (VIRU),2025,2026,0.1040582726326743,0.137,BAJO RIESGO,NORTE,MACROREGION NORTE,-8.41444444444445,-78.7527777777778,88.0
140116,LAMBAYEQUE,CHICLAYO,CAYALTI,CAYALTI (CHICLAYO),2025,2026,0.0437710437710437,0.1322,BAJO RIESGO,NORTE,MACROREGION NORTE,-6.89166666666667,-79.5622222222222,86.0
140101,LAMBAYEQUE,CHICLAYO,CHICLAYO,CHICLAYO (CHICLAYO),2025,2026,0.0864410965670536,0.132,BAJO RIESGO,NORTE,MACROREGION NORTE,-6.76694444444444,-79.8505555555555,28.0
140102,LAMBAYEQUE,CHICLAYO,CHONGOYAPE,CHONGOYAPE (CHICLAYO),2025,2026,0.1046770601336302,0.1418,BAJO RIESGO,NORTE,MACROREGION NORTE,-6.64305555555555,-79.3852777777778,219.0
140103,LAMBAYEQUE,CHICLAYO,ETEN,ETEN (CHICLAYO),2025,2026,0.0331491712707182,0.1384,BAJO RIESGO,NORTE,MACROREGION NORTE,-6.90694444444445,-79.8625,15.0
140104,LAMBAYEQUE,CHICLAYO,ETEN PUERTO,ETEN PUERTO (CHICLAYO),2025,2026,0.125,0.1836,BAJO RIESGO,NORTE,MACROREGION NORTE,-6.92555555555555,-79.8661111111111,14.0
140105,LAMBAYEQUE,CHICLAYO,JOSE LEONARDO ORTIZ,JOSE LEONARDO ORTIZ (CHICLAYO),2025,2026,0.0678654292343387,0.1355,BAJO RIESGO,NORTE,MACROREGION NORTE,-6.76305555555555,-79.8344444444444,41.0
140106,LAMBAYEQUE,CHICLAYO,LA VICTORIA,LA VICTORIA (CHICLAYO),2025,2026,0.046712802768166,0.132,BAJO RIESGO,NORTE,MACROREGION NORTE,-6.79444444444444,-79.8444444444444,36.0
140107,LAMBAYEQUE,CHICLAYO,LAGUNAS,LAGUNAS (CHICLAYO),2025,2026,0.0664739884393063,0.1404,BAJO RIESGO,NORTE,MACROREGION NORTE,-6.99111111111111,-79.6227777777777,34.0
140108,LAMBAYEQUE,CHICLAYO,MONSEFU,MONSEFU (CHICLAYO),2025,2026,0.0585544373284538,0.132,BAJO RIESGO,NORTE,MACROREGION NORTE,-6.87805555555556,-79.8725,40.0
140109,LAMBAYEQUE,CHICLAYO,NUEVA ARICA,NUEVA ARICA (CHICLAYO),2025,2026,0.1538461538461538,0.1581,BAJO RIESGO,NORTE,MACROREGION NORTE,-6.87416666666667,-79.3436111111111,178.0
140110,LAMBAYEQUE,CHICLAYO,OYOTUN,OYOTUN (CHICLAYO),2025,2026,0.1649484536082474,0.1654,BAJO RIESGO,NORTE,MACROREGION NORTE,-6.85444444444444,-79.3063888888889,209.0
140117,LAMBAYEQUE,CHICLAYO,PATAPO,PATAPO (CHICLAYO),2025,2026,0.1023622047244094,0.1356,BAJO RIESGO,NORTE,MACROREGION NORTE,-6.73555555555556,-79.6347222222222,113.0
140111,LAMBAYEQUE,CHICLAYO,PICSI,PICSI (CHICLAYO),2025,2026,0.2011173184357542,0.1648,BAJO RIESGO,NORTE,MACROREGION NORTE,-6.71833333333333,-79.7705555555555,43.0
140112,LAMBAYEQUE,CHICLAYO,PIMENTEL,PIMENTEL (CHICLAYO),2025,2026,0.1673944687045123,0.1511,BAJO RIESGO,NORTE,MACROREGION NORTE,-6.83527777777778,-79.9358333333333,22.0
140118,LAMBAYEQUE,CHICLAYO,POMALCA,POMALCA (CHICLAYO),2025,2026,0.1787941787941788,0.1512,BAJO RIESGO,NORTE,MACROREGION NORTE,-6.77,-79.7752777777778,61.0
140119,LAMBAYEQUE,CHICLAYO,PUCALA,PUCALA (CHICLAYO),2025,2026,0.0573770491803278,0.1343,BAJO RIESGO,NORTE,MACROREGION NORTE,-6.78194444444444,-79.6122222222222,108.0
140113,LAMBAYEQUE,CHICLAYO,REQUE,REQUE (CHICLAYO),2025,2026,0.0840336134453781,0.132,BAJO RIESGO,NORTE,MACROREGION NORTE,-6.865,-79.8191666666667,34.0
140114,LAMBAYEQUE,CHICLAYO,SANTA ROSA,SANTA ROSA (CHICLAYO),2025,2026,0.0724233983286908,0.1311,BAJO RIESGO,NORTE,MACROREGION NORTE,-6.88166666666667,-79.9208333333333,23.0
140115,LAMBAYEQUE,CHICLAYO,SAÑA,SAÑA (CHICLAYO),2025,2026,0.1068249258160237,0.1414,BAJO RIESGO,NORTE,MACROREGION NORTE,-6.91805555555556,-79.5833333333333,70.0
140120,LAMBAYEQUE,CHICLAYO,TUMAN,TUMAN (CHICLAYO),2025,2026,0.1779661016949152,0.1512,BAJO RIESGO,NORTE,MACROREGION NORTE,-6.75111111111111,-79.7011111111111,71.0
140202,LAMBAYEQUE,FERREÑAFE,CAÑARIS,CAÑARIS (FERREÑAFE),2025,2026,0.7417763157894737,0.7736,ALTO RIESGO,NORTE,MACROREGION NORTE,-6.04611111111111,-79.2652777777778,2421.0
140201,LAMBAYEQUE,FERREÑAFE,FERREÑAFE,FERREÑAFE (FERREÑAFE),2025,2026,0.178117048346056,0.1511,BAJO RIESGO,NORTE,MACROREGION NORTE,-6.63888888888889,-79.7883333333333,38.0
140203,LAMBAYEQUE,FERREÑAFE,INCAHUASI,INCAHUASI (FERREÑAFE),2025,2026,0.7779411764705882,0.7842,ALTO RIESGO,NORTE,MACROREGION NORTE,-6.23527777777778,-79.3169444444444,3030.0
140204,LAMBAYEQUE,FERREÑAFE,MANUEL ANTONIO MESONES MURO,MANUEL ANTONIO MESONES MURO (FERREÑAFE),2025,2026,0.1097560975609756,0.1439,BAJO RIESGO,NORTE,MACROREGION NORTE,-6.645,-79.7388888888889,66.0
140205,LAMBAYEQUE,FERREÑAFE,PITIPO,PITIPO (FERREÑAFE),2025,2026,0.1324324324324324,0.139,BAJO RIESGO,NORTE,MACROREGION NORTE,-6.56583333333333,-79.7808333333333,70.0
140206,LAMBAYEQUE,FERREÑAFE,PUEBLO NUEVO,PUEBLO NUEVO (FERREÑAFE),2025,2026,0.0054719562243502,0.139,BAJO RIESGO,NORTE,MACROREGION NORTE,-6.64027777777778,-79.7961111111111,45.0
140302,LAMBAYEQUE,LAMBAYEQUE,CHOCHOPE,CHOCHOPE (LAMBAYEQUE),2025,2026,0.0757575757575757,0.1733,BAJO RIESGO,NORTE,MACROREGION NORTE,-6.15777777777778,-79.6477777777778,198.0
140303,LAMBAYEQUE,LAMBAYEQUE,ILLIMO,ILLIMO (LAMBAYEQUE),2025,2026,0.0898345153664302,0.1322,BAJO RIESGO,NORTE,MACROREGION NORTE,-6.47388888888889,-79.8547222222222,60.0
140304,LAMBAYEQUE,LAMBAYEQUE,JAYANCA,JAYANCA (LAMBAYEQUE),2025,2026,0.0458333333333333,0.1401,BAJO RIESGO,NORTE,MACROREGION NORTE,-6.39277777777778,-79.8227777777777,67.0
140301,LAMBAYEQUE,LAMBAYEQUE,LAMBAYEQUE,LAMBAYEQUE (LAMBAYEQUE),2025,2026,0.1711547238703788,0.1566,BAJO RIESGO,NORTE,MACROREGION NORTE,-6.70694444444445,-79.8952777777778,24.0
140305,LAMBAYEQUE,LAMBAYEQUE,MOCHUMI,MOCHUMI (LAMBAYEQUE),2025,2026,0.0501285347043701,0.1356,BAJO RIESGO,NORTE,MACROREGION NORTE,-6.54777777777778,-79.865,40.0
140306,LAMBAYEQUE,LAMBAYEQUE,MORROPE,MORROPE (LAMBAYEQUE),2025,2026,0.174025974025974,0.1585,BAJO RIESGO,NORTE,MACROREGION NORTE,-6.54027777777778,-80.0155555555556,5.0
140307,LAMBAYEQUE,LAMBAYEQUE,MOTUPE,MOTUPE (LAMBAYEQUE),2025,2026,0.1007984031936127,0.1406,BAJO RIESGO,NORTE,MACROREGION NORTE,-6.15083333333333,-79.7141666666667,140.0
140308,LAMBAYEQUE,LAMBAYEQUE,OLMOS,OLMOS (LAMBAYEQUE),2025,2026,0.0977011494252873,0.1562,BAJO RIESGO,NORTE,MACROREGION NORTE,-5.98777777777778,-79.7475,192.0
140309,LAMBAYEQUE,LAMBAYEQUE,PACORA,PACORA (LAMBAYEQUE),2025,2026,0.103125,0.1356,BAJO RIESGO,NORTE,MACROREGION NORTE,-6.42861111111111,-79.8388888888889,69.0
140310,LAMBAYEQUE,LAMBAYEQUE,SALAS,SALAS (LAMBAYEQUE),2025,2026,0.1628865979381443,0.168,BAJO RIESGO,NORTE,MACROREGION NORTE,-6.27472222222222,-79.6072222222222,174.0
140311,LAMBAYEQUE,LAMBAYEQUE,SAN JOSE,SAN JOSE (LAMBAYEQUE),2025,2026,0.0797385620915032,0.132,BAJO RIESGO,NORTE,MACROREGION NORTE,-6.76944444444445,-79.9680555555556,33.0
140312,LAMBAYEQUE,LAMBAYEQUE,TUCUME,TUCUME (LAMBAYEQUE),2025,2026,0.0481099656357388,0.132,BAJO RIESGO,NORTE,MACROREGION NORTE,-6.51,-79.8591666666667,61.0
150201,LIMA,BARRANCA,BARRANCA,BARRANCA (BARRANCA),2025,2026,0.0354720918101199,0.1365,BAJO RIESGO,CENTRO,LIMA Y CALLAO,-10.7533333333333,-77.765,74.0
150202,LIMA,BARRANCA,PARAMONGA,PARAMONGA (BARRANCA),2025,2026,0.0043763676148796,0.1508,BAJO RIESGO,CENTRO,LIMA Y CALLAO,-10.6747222222222,-77.8180555555555,37.0
150203,LIMA,BARRANCA,PATIVILCA,PATIVILCA (BARRANCA),2025,2026,0.0108499095840868,0.1388,BAJO RIESGO,CENTRO,LIMA Y CALLAO,-10.6961111111111,-77.7802777777778,95.0
150204,LIMA,BARRANCA,SUPE,SUPE (BARRANCA),2025,2026,0.0534591194968553,0.1434,BAJO RIESGO,CENTRO,LIMA Y CALLAO,-10.7961111111111,-77.7161111111111,69.0
150205,LIMA,BARRANCA,SUPE PUERTO,SUPE PUERTO (BARRANCA),2025,2026,0.0567901234567901,0.1355,BAJO RIESGO,CENTRO,LIMA Y CALLAO,-10.8016666666667,-77.7447222222222,41.0
150301,LIMA,CAJATAMBO,CAJATAMBO,CAJATAMBO (CAJATAMBO),2025,2026,0.2727272727272727,0.4687,BAJO RIESGO,CENTRO,LIMA Y CALLAO,-10.4730555555556,-76.9930555555556,3396.0
150302,LIMA,CAJATAMBO,COPA,COPA (CAJATAMBO),2025,2026,0.2,0.4136,BAJO RIESGO,CENTRO,LIMA Y CALLAO,-10.3863888888889,-77.0788888888889,3433.0
150303,LIMA,CAJATAMBO,GORGOR,GORGOR (CAJATAMBO),2025,2026,0.203125,0.344,BAJO RIESGO,CENTRO,LIMA Y CALLAO,-10.6211111111111,-77.0413888888889,3049.0
150304,LIMA,CAJATAMBO,HUANCAPON,HUANCAPON (CAJATAMBO),2025,2026,0.5,0.6362,BAJO RIESGO,CENTRO,LIMA Y CALLAO,-10.5494444444444,-77.1125,3187.0
150305,LIMA,CAJATAMBO,MANAS,MANAS (CAJATAMBO),2025,2026,0.6086956521739131,0.7772,ALTO RIESGO,CENTRO,LIMA Y CALLAO,-10.5955555555556,-77.1672222222222,2457.0
150402,LIMA,CANTA,ARAHUAY,ARAHUAY (CANTA),2025,2026,0.1,0.3222,BAJO RIESGO,CENTRO,LIMA Y CALLAO,-11.6213888888889,-76.6702777777778,2533.0
150401,LIMA,CANTA,CANTA,CANTA (CANTA),2025,2026,0.1692307692307692,0.2826,BAJO RIESGO,CENTRO,LIMA Y CALLAO,-11.4672222222222,-76.6244444444444,2867.0
150403,LIMA,CANTA,HUAMANTANGA,HUAMANTANGA (CANTA),2025,2026,0.2142857142857142,0.3993,BAJO RIESGO,CENTRO,LIMA Y CALLAO,-11.4991666666667,-76.7494444444445,3414.0
150404,LIMA,CANTA,HUAROS,HUAROS (CANTA),2025,2026,0.0454545454545454,0.2736,BAJO RIESGO,CENTRO,LIMA Y CALLAO,-11.4066666666667,-76.5758333333333,3614.0
150405,LIMA,CANTA,LACHAQUI,LACHAQUI (CANTA),2025,2026,0.75,0.761,ALTO RIESGO,CENTRO,LIMA Y CALLAO,-11.5530555555556,-76.6255555555555,3686.0
150406,LIMA,CANTA,SAN BUENAVENTURA,SAN BUENAVENTURA (CANTA),2025,2026,0.1111111111111111,0.3062,BAJO RIESGO,CENTRO,LIMA Y CALLAO,-11.4891666666667,-76.6622222222222,2743.0
150407,LIMA,CANTA,SANTA ROSA DE QUIVES,SANTA ROSA DE QUIVES (CANTA),2025,2026,0.2784810126582278,0.4131,BAJO RIESGO,CENTRO,LIMA Y CALLAO,-11.6952777777778,-76.8461111111111,936.0
150502,LIMA,CAÑETE,ASIA,ASIA (CAÑETE),2025,2026,0.0824742268041237,0.1388,BAJO RIESGO,CENTRO,LIMA Y CALLAO,-12.7791666666667,-76.5566666666667,69.0
150503,LIMA,CAÑETE,CALANGO,CALANGO (CAÑETE),2025,2026,0.0666666666666666,0.1971,BAJO RIESGO,CENTRO,LIMA Y CALLAO,-12.5263888888889,-76.5436111111111,323.0
150504,LIMA,CAÑETE,CERRO AZUL,CERRO AZUL (CAÑETE),2025,2026,0.0437710437710437,0.1383,BAJO RIESGO,CENTRO,LIMA Y CALLAO,-13.025,-76.4788888888889,17.0
150505,LIMA,CAÑETE,CHILCA,CHILCA (CAÑETE),2025,2026,0.0406290956749672,0.1434,BAJO RIESGO,CENTRO,LIMA Y CALLAO,-12.5180555555556,-76.7380555555555,31.0
150506,LIMA,CAÑETE,COAYLLO,COAYLLO (CAÑETE),2025,2026,0.1875,0.2845,BAJO RIESGO,CENTRO,LIMA Y CALLAO,-12.7272222222222,-76.4602777777778,285.0
150507,LIMA,CAÑETE,IMPERIAL,IMPERIAL (CAÑETE),2025,2026,0.0824129141886151,0.14,BAJO RIESGO,CENTRO,LIMA Y CALLAO,-13.0605555555556,-76.3527777777777,112.0
150508,LIMA,CAÑETE,LUNAHUANA,LUNAHUANA (CAÑETE),2025,2026,0.0851063829787234,0.1728,BAJO RIESGO,CENTRO,LIMA Y CALLAO,-12.9705555555556,-76.1511111111111,498.0
150509,LIMA,CAÑETE,MALA,MALA (CAÑETE),2025,2026,0.0514541387024608,0.1365,BAJO RIESGO,CENTRO,LIMA Y CALLAO,-12.6575,-76.6325,58.0
150510,LIMA,CAÑETE,NUEVO IMPERIAL,NUEVO IMPERIAL (CAÑETE),2025,2026,0.0441347270615563,0.1434,BAJO RIESGO,CENTRO,LIMA Y CALLAO,-13.0755555555556,-76.3166666666667,169.0
150511,LIMA,CAÑETE,PACARAN,PACARAN (CAÑETE),2025,2026,0.3048780487804878,0.4742,BAJO RIESGO,CENTRO,LIMA Y CALLAO,-12.8661111111111,-76.0541666666667,721.0
150512,LIMA,CAÑETE,QUILMANA,QUILMANA (CAÑETE),2025,2026,0.0715502555366269,0.1471,BAJO RIESGO,CENTRO,LIMA Y CALLAO,-12.9494444444444,-76.3827777777777,185.0
150513,LIMA,CAÑETE,SAN ANTONIO,SAN ANTONIO (CAÑETE),2025,2026,0.0091743119266055,0.1507,BAJO RIESGO,CENTRO,LIMA Y CALLAO,-12.6422222222222,-76.6494444444445,67.0
150514,LIMA,CAÑETE,SAN LUIS,SAN LUIS (CAÑETE),2025,2026,0.097029702970297,0.1365,BAJO RIESGO,CENTRO,LIMA Y CALLAO,-13.0511111111111,-76.4311111111111,36.0
150501,LIMA,CAÑETE,SAN VICENTE DE CAÑETE,SAN VICENTE DE CAÑETE (CAÑETE),2025,2026,0.0808988764044943,0.1434,BAJO RIESGO,CENTRO,LIMA Y CALLAO,-13.0777777777778,-76.3877777777778,77.0
150515,LIMA,CAÑETE,SANTA CRUZ DE FLORES,SANTA CRUZ DE FLORES (CAÑETE),2025,2026,0.0422535211267605,0.1502,BAJO RIESGO,CENTRO,LIMA Y CALLAO,-12.6197222222222,-76.6397222222222,111.0
150516,LIMA,CAÑETE,ZUÑIGA,ZUÑIGA (CAÑETE),2025,2026,0.4901960784313725,0.6429,BAJO RIESGO,CENTRO,LIMA Y CALLAO,-12.8602777777778,-76.0225,827.0
150602,LIMA,HUARAL,ATAVILLOS ALTO,ATAVILLOS ALTO (HUARAL),2025,2026,0.1428571428571428,0.3387,BAJO RIESGO,CENTRO,LIMA Y CALLAO,-11.2341666666667,-76.6558333333333,3293.0
150603,LIMA,HUARAL,ATAVILLOS BAJO,ATAVILLOS BAJO (HUARAL),2025,2026,0.0,0.3023,BAJO RIESGO,CENTRO,LIMA Y CALLAO,-11.3519444444444,-76.8255555555555,1885.0
150604,LIMA,HUARAL,AUCALLAMA,AUCALLAMA (HUARAL),2025,2026,0.019434628975265,0.1434,BAJO RIESGO,CENTRO,LIMA Y CALLAO,-11.5594444444444,-77.18,154.0
150605,LIMA,HUARAL,CHANCAY,CHANCAY (HUARAL),2025,2026,0.0244349419670128,0.1365,BAJO RIESGO,CENTRO,LIMA Y CALLAO,-11.5630555555556,-77.2705555555555,58.0
150601,LIMA,HUARAL,HUARAL,HUARAL (HUARAL),2025,2026,0.0342490189083125,0.1434,BAJO RIESGO,CENTRO,LIMA Y CALLAO,-11.4952777777778,-77.2069444444444,195.0
150606,LIMA,HUARAL,IHUARI,IHUARI (HUARAL),2025,2026,0.365079365079365,0.5568,BAJO RIESGO,CENTRO,LIMA Y CALLAO,-11.1886111111111,-76.95194444444449,2850.0
150607,LIMA,HUARAL,LAMPIAN,LAMPIAN (HUARAL),2025,2026,0.7777777777777778,0.773,ALTO RIESGO,CENTRO,LIMA Y CALLAO,-11.2377777777778,-76.8391666666667,2467.0
150608,LIMA,HUARAL,PACARAOS,PACARAOS (HUARAL),2025,2026,0.0625,0.2819,BAJO RIESGO,CENTRO,LIMA Y CALLAO,-11.1861111111111,-76.6477777777778,3348.0
150609,LIMA,HUARAL,SAN MIGUEL DE ACOS,SAN MIGUEL DE ACOS (HUARAL),2025,2026,0.1111111111111111,0.3015,BAJO RIESGO,CENTRO,LIMA Y CALLAO,-11.2738888888889,-76.8219444444444,1591.0
150610,LIMA,HUARAL,SANTA CRUZ DE ANDAMARCA,SANTA CRUZ DE ANDAMARCA (HUARAL),2025,2026,0.2,0.4048,BAJO RIESGO,CENTRO,LIMA Y CALLAO,-11.1947222222222,-76.6344444444445,3550.0
150611,LIMA,HUARAL,SUMBILCA,SUMBILCA (HUARAL),2025,2026,0.4444444444444444,0.648,BAJO RIESGO,CENTRO,LIMA Y CALLAO,-11.4066666666667,-76.8197222222222,3396.0
150612,LIMA,HUARAL,VEINTISIETE DE NOVIEMBRE,VEINTISIETE DE NOVIEMBRE (HUARAL),2025,2026,0.0,0.3706,BAJO RIESGO,CENTRO,LIMA Y CALLAO,-11.1922222222222,-76.7797222222222,2640.0
150702,LIMA,HUAROCHIRI,ANTIOQUIA,ANTIOQUIA (HUAROCHIRI),2025,2026,0.25,0.4849,BAJO RIESGO,CENTRO,LIMA Y CALLAO,-12.0808333333333,-76.5108333333333,1573.0
150703,LIMA,HUAROCHIRI,CALLAHUANCA,CALLAHUANCA (HUAROCHIRI),2025,2026,0.0714285714285714,0.2716,BAJO RIESGO,CENTRO,LIMA Y CALLAO,-11.8263888888889,-76.6188888888888,1807.0
150704,LIMA,HUAROCHIRI,CARAMPOMA,CARAMPOMA (HUAROCHIRI),2025,2026,0.25,0.5209,BAJO RIESGO,CENTRO,LIMA Y CALLAO,-11.6563888888889,-76.5163888888889,3459.0
150705,LIMA,HUAROCHIRI,CHICLA,CHICLA (HUAROCHIRI),2025,2026,0.2040816326530612,0.3668,BAJO RIESGO,CENTRO,LIMA Y CALLAO,-11.7063888888889,-76.2680555555555,3703.0
150706,LIMA,HUAROCHIRI,CUENCA,CUENCA (HUAROCHIRI),2025,2026,0.6666666666666666,0.7405,ALTO RIESGO,CENTRO,LIMA Y CALLAO,-12.1322222222222,-76.4352777777778,2784.0
150707,LIMA,HUAROCHIRI,HUACHUPAMPA,HUACHUPAMPA (HUAROCHIRI),2025,2026,0.625,0.7408,ALTO RIESGO,CENTRO,LIMA Y CALLAO,-11.7211111111111,-76.5886111111111,2938.0
150708,LIMA,HUAROCHIRI,HUANZA,HUANZA (HUAROCHIRI),2025,2026,0.0,0.3518,BAJO RIESGO,CENTRO,LIMA Y CALLAO,-11.6561111111111,-76.5036111111111,3431.0
150709,LIMA,HUAROCHIRI,HUAROCHIRI,HUAROCHIRI (HUAROCHIRI),2025,2026,0.1111111111111111,0.2694,BAJO RIESGO,CENTRO,LIMA Y CALLAO,-12.1361111111111,-76.2319444444445,3170.0
150710,LIMA,HUAROCHIRI,LAHUAYTAMBO,LAHUAYTAMBO (HUAROCHIRI),2025,2026,0.25,0.4979,BAJO RIESGO,CENTRO,LIMA Y CALLAO,-12.0963888888889,-76.3888888888889,3362.0
150711,LIMA,HUAROCHIRI,LANGA,LANGA (HUAROCHIRI),2025,2026,0.1904761904761904,0.3218,BAJO RIESGO,CENTRO,LIMA Y CALLAO,-12.1255555555556,-76.4211111111111,2889.0
150712,LIMA,HUAROCHIRI,LARAOS,LARAOS (HUAROCHIRI),2025,2026,0.0,0.3714,BAJO RIESGO,CENTRO,LIMA Y CALLAO,-11.6644444444444,-76.5394444444444,3683.0
150713,LIMA,HUAROCHIRI,MARIATANA,MARIATANA (HUAROCHIRI),2025,2026,0.7843137254901961,0.7538,ALTO RIESGO,CENTRO,LIMA Y CALLAO,-12.2372222222222,-76.3261111111111,3561.0
150701,LIMA,HUAROCHIRI,MATUCANA,MATUCANA (HUAROCHIRI),2025,2026,0.3693693693693693,0.5804,BAJO RIESGO,CENTRO,LIMA Y CALLAO,-11.845,-76.3861111111111,2395.0
150714,LIMA,HUAROCHIRI,RICARDO PALMA,RICARDO PALMA (HUAROCHIRI),2025,2026,0.1446280991735537,0.1837,BAJO RIESGO,CENTRO,LIMA Y CALLAO,-11.9236111111111,-76.665,975.0
150715,LIMA,HUAROCHIRI,SAN ANDRES DE TUPICOCHA,SAN ANDRES DE TUPICOCHA (HUAROCHIRI),2025,2026,0.6176470588235294,0.7597,ALTO RIESGO,CENTRO,LIMA Y CALLAO,-12.0022222222222,-76.4747222222222,3321.0
150716,LIMA,HUAROCHIRI,SAN ANTONIO,SAN ANTONIO (HUAROCHIRI),2025,2026,0.9492798998121478,0.7792,ALTO RIESGO,CENTRO,LIMA Y CALLAO,-11.7436111111111,-76.65,3456.0
150717,LIMA,HUAROCHIRI,SAN BARTOLOME,SAN BARTOLOME (HUAROCHIRI),2025,2026,0.0,0.2629,BAJO RIESGO,CENTRO,LIMA Y CALLAO,-11.9119444444444,-76.5291666666667,1644.0
150718,LIMA,HUAROCHIRI,SAN DAMIAN,SAN DAMIAN (HUAROCHIRI),2025,2026,0.0425531914893617,0.267,BAJO RIESGO,CENTRO,LIMA Y CALLAO,-12.0177777777778,-76.3919444444445,3252.0
150719,LIMA,HUAROCHIRI,SAN JUAN DE IRIS,SAN JUAN DE IRIS (HUAROCHIRI),2025,2026,0.2,0.4336,BAJO RIESGO,CENTRO,LIMA Y CALLAO,-11.6830555555556,-76.525,3436.0
150720,LIMA,HUAROCHIRI,SAN JUAN DE TANTARANCHE,SAN JUAN DE TANTARANCHE (HUAROCHIRI),2025,2026,0.4,0.5825,BAJO RIESGO,CENTRO,LIMA Y CALLAO,-12.1136111111111,-76.1825,3436.0
150721,LIMA,HUAROCHIRI,SAN LORENZO DE QUINTI,SAN LORENZO DE QUINTI (HUAROCHIRI),2025,2026,0.2307692307692307,0.4311,BAJO RIESGO,CENTRO,LIMA Y CALLAO,-12.1452777777778,-76.2125,2682.0
150722,LIMA,HUAROCHIRI,SAN MATEO,SAN MATEO (HUAROCHIRI),2025,2026,0.040983606557377,0.2207,BAJO RIESGO,CENTRO,LIMA Y CALLAO,-11.7591666666667,-76.3005555555555,3164.0
150723,LIMA,HUAROCHIRI,SAN MATEO DE OTAO,SAN MATEO DE OTAO (HUAROCHIRI),2025,2026,0.5,0.6335,BAJO RIESGO,CENTRO,LIMA Y CALLAO,-11.8702777777778,-76.5438888888889,2084.0
150724,LIMA,HUAROCHIRI,SAN PEDRO DE CASTA,SAN PEDRO DE CASTA (HUAROCHIRI),2025,2026,0.3076923076923077,0.5142,BAJO RIESGO,CENTRO,LIMA Y CALLAO,-11.7588888888889,-76.5963888888889,3196.0
150725,LIMA,HUAROCHIRI,SAN PEDRO DE HUANCAYRE,SAN PEDRO DE HUANCAYRE (HUAROCHIRI),2025,2026,0.0,0.3734,BAJO RIESGO,CENTRO,LIMA Y CALLAO,-12.1313888888889,-76.2155555555556,3140.0
150726,LIMA,HUAROCHIRI,SANGALLAYA,SANGALLAYA (HUAROCHIRI),2025,2026,0.1176470588235294,0.2766,BAJO RIESGO,CENTRO,LIMA Y CALLAO,-12.1608333333333,-76.2288888888889,2779.0
150727,LIMA,HUAROCHIRI,SANTA CRUZ DE COCACHACRA,SANTA CRUZ DE COCACHACRA (HUAROCHIRI),2025,2026,0.293103448275862,0.4617,BAJO RIESGO,CENTRO,LIMA Y CALLAO,-11.9116666666667,-76.5394444444444,1440.0
150728,LIMA,HUAROCHIRI,SANTA EULALIA,SANTA EULALIA (HUAROCHIRI),2025,2026,0.1773255813953488,0.2062,BAJO RIESGO,CENTRO,LIMA Y CALLAO,-11.9016666666667,-76.6638888888889,1048.0
150729,LIMA,HUAROCHIRI,SANTIAGO DE ANCHUCAYA,SANTIAGO DE ANCHUCAYA (HUAROCHIRI),2025,2026,0.2,0.4256,BAJO RIESGO,CENTRO,LIMA Y CALLAO,-12.0955555555556,-76.2305555555556,3400.0
150730,LIMA,HUAROCHIRI,SANTIAGO DE TUNA,SANTIAGO DE TUNA (HUAROCHIRI),2025,2026,0.0833333333333333,0.2959,BAJO RIESGO,CENTRO,LIMA Y CALLAO,-11.9838888888889,-76.5252777777778,2913.0
150731,LIMA,HUAROCHIRI,SANTO DOMINGO DE LOS OLLEROS,SANTO DOMINGO DE LOS OLLEROS (HUAROCHIRI),2025,2026,0.8769230769230769,0.7861,ALTO RIESGO,CENTRO,LIMA Y CALLAO,-12.2188888888889,-76.5141666666667,2861.0
150732,LIMA,HUAROCHIRI,SURCO,SURCO (HUAROCHIRI),2025,2026,0.2121212121212121,0.3497,BAJO RIESGO,CENTRO,LIMA Y CALLAO,-11.8825,-76.4361111111111,2049.0
150802,LIMA,HUAURA,AMBAR,AMBAR (HUAURA),2025,2026,0.6266666666666667,0.7823,ALTO RIESGO,CENTRO,LIMA Y CALLAO,-10.7561111111111,-77.2719444444444,2084.0
150803,LIMA,HUAURA,CALETA DE CARQUIN,CALETA DE CARQUIN (HUAURA),2025,2026,0.0109890109890109,0.1394,BAJO RIESGO,CENTRO,LIMA Y CALLAO,-11.0916666666667,-77.6283333333333,28.0
150804,LIMA,HUAURA,CHECRAS,CHECRAS (HUAURA),2025,2026,0.3636363636363636,0.5294,BAJO RIESGO,CENTRO,LIMA Y CALLAO,-10.9180555555556,-76.8255555555555,3305.0
150801,LIMA,HUAURA,HUACHO,HUACHO (HUAURA),2025,2026,0.0889570552147239,0.1434,BAJO RIESGO,CENTRO,LIMA Y CALLAO,-11.1080555555556,-77.6102777777778,46.0
150805,LIMA,HUAURA,HUALMAY,HUALMAY (HUAURA),2025,2026,0.0665610142630744,0.1345,BAJO RIESGO,CENTRO,LIMA Y CALLAO,-11.0966666666667,-77.6130555555555,47.0
150806,LIMA,HUAURA,HUAURA,HUAURA (HUAURA),2025,2026,0.0742526518804243,0.1434,BAJO RIESGO,CENTRO,LIMA Y CALLAO,-11.0697222222222,-77.5991666666667,96.0
150807,LIMA,HUAURA,LEONCIO PRADO,LEONCIO PRADO (HUAURA),2025,2026,0.7662337662337663,0.7698,ALTO RIESGO,CENTRO,LIMA Y CALLAO,-11.0611111111111,-76.9302777777778,3299.0
150808,LIMA,HUAURA,PACCHO,PACCHO (HUAURA),2025,2026,0.4,0.5907,BAJO RIESGO,CENTRO,LIMA Y CALLAO,-10.9575,-76.9333333333333,3275.0
150809,LIMA,HUAURA,SANTA LEONOR,SANTA LEONOR (HUAURA),2025,2026,0.3870967741935484,0.576,BAJO RIESGO,CENTRO,LIMA Y CALLAO,-10.9486111111111,-76.745,3583.0
150810,LIMA,HUAURA,SANTA MARIA,SANTA MARIA (HUAURA),2025,2026,0.0731462925851703,0.1382,BAJO RIESGO,CENTRO,LIMA Y CALLAO,-11.0966666666667,-77.595,83.0
150811,LIMA,HUAURA,SAYAN,SAYAN (HUAURA),2025,2026,0.1894604767879548,0.1962,BAJO RIESGO,CENTRO,LIMA Y CALLAO,-11.1352777777778,-77.1936111111111,689.0
150812,LIMA,HUAURA,VEGUETA,VEGUETA (HUAURA),2025,2026,0.0409617097061442,0.1388,BAJO RIESGO,CENTRO,LIMA Y CALLAO,-11.0233333333333,-77.6438888888889,40.0
150102,LIMA,LIMA,ANCON,ANCON (LIMA),2025,2026,0.1354447439353099,0.136,BAJO RIESGO,LIMA METROPOLITANA,LIMA Y CALLAO,-11.7738888888889,-77.1763888888889,14.0
150103,LIMA,LIMA,ATE,ATE (LIMA),2025,2026,0.1088602801968951,0.132,BAJO RIESGO,LIMA METROPOLITANA,LIMA Y CALLAO,-12.0263888888889,-76.9213888888889,378.0
150104,LIMA,LIMA,BARRANCO,BARRANCO (LIMA),2025,2026,0.1047297297297297,0.1301,BAJO RIESGO,LIMA METROPOLITANA,LIMA Y CALLAO,-12.1491666666667,-77.0216666666667,97.0
150105,LIMA,LIMA,BREÑA,BREÑA (LIMA),2025,2026,0.1179856115107913,0.1387,BAJO RIESGO,LIMA METROPOLITANA,LIMA Y CALLAO,-12.0588888888889,-77.0461111111111,153.0
150106,LIMA,LIMA,CARABAYLLO,CARABAYLLO (LIMA),2025,2026,0.119100062932662,0.1386,BAJO RIESGO,LIMA METROPOLITANA,LIMA Y CALLAO,-11.8902777777778,-77.0269444444444,238.0
150107,LIMA,LIMA,CHACLACAYO,CHACLACAYO (LIMA),2025,2026,0.3043478260869565,0.3324,BAJO RIESGO,LIMA METROPOLITANA,LIMA Y CALLAO,-11.9752777777778,-76.7688888888889,685.0
150108,LIMA,LIMA,CHORRILLOS,CHORRILLOS (LIMA),2025,2026,0.1373667245226878,0.132,BAJO RIESGO,LIMA METROPOLITANA,LIMA Y CALLAO,-12.1769444444444,-77.0163888888889,68.0
150109,LIMA,LIMA,CIENEGUILLA,CIENEGUILLA (LIMA),2025,2026,0.1248185776487663,0.1378,BAJO RIESGO,LIMA METROPOLITANA,LIMA Y CALLAO,-12.1202777777778,-76.8141666666667,287.0
150110,LIMA,LIMA,COMAS,COMAS (LIMA),2025,2026,0.1247767591379926,0.1355,BAJO RIESGO,LIMA METROPOLITANA,LIMA Y CALLAO,-11.9572222222222,-77.0494444444444,107.0
150111,LIMA,LIMA,EL AGUSTINO,EL AGUSTINO (LIMA),2025,2026,0.1598279285241562,0.1455,BAJO RIESGO,LIMA METROPOLITANA,LIMA Y CALLAO,-12.0483333333333,-77.0005555555556,200.0
150112,LIMA,LIMA,INDEPENDENCIA,INDEPENDENCIA (LIMA),2025,2026,0.0982692871809915,0.1301,BAJO RIESGO,LIMA METROPOLITANA,LIMA Y CALLAO,-11.9972222222222,-77.0547222222222,111.0
150113,LIMA,LIMA,JESUS MARIA,JESUS MARIA (LIMA),2025,2026,0.0964187327823691,0.1372,BAJO RIESGO,LIMA METROPOLITANA,LIMA Y CALLAO,-12.0755555555556,-77.0433333333333,142.0
150114,LIMA,LIMA,LA MOLINA,LA MOLINA (LIMA),2025,2026,0.0575635876840696,0.132,BAJO RIESGO,LIMA METROPOLITANA,LIMA Y CALLAO,-12.0780555555556,-76.9166666666667,262.0
150115,LIMA,LIMA,LA VICTORIA,LA VICTORIA (LIMA),2025,2026,0.1175438596491228,0.1352,BAJO RIESGO,LIMA METROPOLITANA,LIMA Y CALLAO,-12.065,-77.0308333333333,142.0
150101,LIMA,LIMA,LIMA,LIMA (LIMA),2025,2026,0.1525262154432793,0.1329,BAJO RIESGO,LIMA METROPOLITANA,LIMA Y CALLAO,-12.0452777777778,-77.0308333333333,162.0
150116,LIMA,LIMA,LINCE,LINCE (LIMA),2025,2026,0.0181268882175226,0.1387,BAJO RIESGO,LIMA METROPOLITANA,LIMA Y CALLAO,-12.0844444444444,-77.0302777777778,150.0
150117,LIMA,LIMA,LOS OLIVOS,LOS OLIVOS (LIMA),2025,2026,0.0967138103161397,0.1336,BAJO RIESGO,LIMA METROPOLITANA,LIMA Y CALLAO,-11.9913888888889,-77.0708333333333,67.0
150118,LIMA,LIMA,LURIGANCHO,LURIGANCHO (LIMA),2025,2026,0.4473157051282051,0.6802,BAJO RIESGO,LIMA METROPOLITANA,LIMA Y CALLAO,-11.9358333333333,-76.6972222222222,879.0
150119,LIMA,LIMA,LURIN,LURIN (LIMA),2025,2026,0.1173893999123959,0.132,BAJO RIESGO,LIMA METROPOLITANA,LIMA Y CALLAO,-12.2747222222222,-76.8702777777778,12.0
150120,LIMA,LIMA,MAGDALENA DEL MAR,MAGDALENA DEL MAR (LIMA),2025,2026,0.0652173913043478,0.1301,BAJO RIESGO,LIMA METROPOLITANA,LIMA Y CALLAO,-12.0916666666667,-77.0672222222222,90.0
150122,LIMA,LIMA,MIRAFLORES,MIRAFLORES (LIMA),2025,2026,0.1481481481481481,0.1341,BAJO RIESGO,LIMA METROPOLITANA,LIMA Y CALLAO,-12.1216666666667,-77.0291666666667,125.0
150123,LIMA,LIMA,PACHACAMAC,PACHACAMAC (LIMA),2025,2026,0.0562395075545607,0.1337,BAJO RIESGO,LIMA METROPOLITANA,LIMA Y CALLAO,-12.1872222222222,-76.8666666666667,68.0
150124,LIMA,LIMA,PUCUSANA,PUCUSANA (LIMA),2025,2026,0.1169354838709677,0.1337,BAJO RIESGO,LIMA METROPOLITANA,LIMA Y CALLAO,-12.4816666666667,-76.7975,26.0
150125,LIMA,LIMA,PUENTE PIEDRA,PUENTE PIEDRA (LIMA),2025,2026,0.0953917050691244,0.1355,BAJO RIESGO,LIMA METROPOLITANA,LIMA Y CALLAO,-11.8666666666667,-77.0769444444444,187.0
150126,LIMA,LIMA,PUNTA HERMOSA,PUNTA HERMOSA (LIMA),2025,2026,0.1011235955056179,0.1337,BAJO RIESGO,LIMA METROPOLITANA,LIMA Y CALLAO,-12.3336111111111,-76.8241666666667,52.0
150127,LIMA,LIMA,PUNTA NEGRA,PUNTA NEGRA (LIMA),2025,2026,0.027027027027027,0.1338,BAJO RIESGO,LIMA METROPOLITANA,LIMA Y CALLAO,-12.3652777777778,-76.7955555555556,42.0
150128,LIMA,LIMA,RIMAC,RIMAC (LIMA),2025,2026,0.1096067053513862,0.1301,BAJO RIESGO,LIMA METROPOLITANA,LIMA Y CALLAO,-12.0422222222222,-77.0269444444444,153.0
150129,LIMA,LIMA,SAN BARTOLO,SAN BARTOLO (LIMA),2025,2026,0.0935251798561151,0.1322,BAJO RIESGO,LIMA METROPOLITANA,LIMA Y CALLAO,-12.3891666666667,-76.7808333333333,25.0
150130,LIMA,LIMA,SAN BORJA,SAN BORJA (LIMA),2025,2026,0.1293188548864758,0.1352,BAJO RIESGO,LIMA METROPOLITANA,LIMA Y CALLAO,-12.1072222222222,-76.9988888888889,170.0
150131,LIMA,LIMA,SAN ISIDRO,SAN ISIDRO (LIMA),2025,2026,0.0806451612903225,0.1317,BAJO RIESGO,LIMA METROPOLITANA,LIMA Y CALLAO,-12.0977777777778,-77.0272222222222,195.0
150132,LIMA,LIMA,SAN JUAN DE LURIGANCHO,SAN JUAN DE LURIGANCHO (LIMA),2025,2026,0.0820759493670886,0.1372,BAJO RIESGO,LIMA METROPOLITANA,LIMA Y CALLAO,-12.0297222222222,-77.01,222.0
150133,LIMA,LIMA,SAN JUAN DE MIRAFLORES,SAN JUAN DE MIRAFLORES (LIMA),2025,2026,0.0899218898837873,0.1301,BAJO RIESGO,LIMA METROPOLITANA,LIMA Y CALLAO,-12.1636111111111,-76.9636111111111,133.0
150134,LIMA,LIMA,SAN LUIS,SAN LUIS (LIMA),2025,2026,0.1193058568329718,0.1352,BAJO RIESGO,LIMA METROPOLITANA,LIMA Y CALLAO,-12.0755555555556,-76.9936111111111,214.0
150135,LIMA,LIMA,SAN MARTIN DE PORRES,SAN MARTIN DE PORRES (LIMA),2025,2026,0.1030226301630004,0.132,BAJO RIESGO,LIMA METROPOLITANA,LIMA Y CALLAO,-12.03,-77.0575,138.0
150136,LIMA,LIMA,SAN MIGUEL,SAN MIGUEL (LIMA),2025,2026,0.0625909752547307,0.1301,BAJO RIESGO,LIMA METROPOLITANA,LIMA Y CALLAO,-12.0922222222222,-77.0794444444444,84.0
150137,LIMA,LIMA,SANTA ANITA,SANTA ANITA (LIMA),2025,2026,0.0975683890577507,0.1301,BAJO RIESGO,LIMA METROPOLITANA,LIMA Y CALLAO,-12.0438888888889,-76.9713888888889,285.0
150138,LIMA,LIMA,SANTA MARIA DEL MAR,SANTA MARIA DEL MAR (LIMA),2025,2026,0.1290322580645161,0.1908,BAJO RIESGO,LIMA METROPOLITANA,LIMA Y CALLAO,-12.4019444444444,-76.7733333333333,52.0
150139,LIMA,LIMA,SANTA ROSA,SANTA ROSA (LIMA),2025,2026,0.1059190031152648,0.1301,BAJO RIESGO,LIMA METROPOLITANA,LIMA Y CALLAO,-11.7872222222222,-77.1569444444444,72.0
150140,LIMA,LIMA,SANTIAGO DE SURCO,SANTIAGO DE SURCO (LIMA),2025,2026,0.0752,0.1355,BAJO RIESGO,LIMA METROPOLITANA,LIMA Y CALLAO,-12.145,-77.005,107.0
150141,LIMA,LIMA,SURQUILLO,SURQUILLO (LIMA),2025,2026,0.0983606557377049,0.1387,BAJO RIESGO,LIMA METROPOLITANA,LIMA Y CALLAO,-12.1186111111111,-77.0216666666667,125.0
150142,LIMA,LIMA,VILLA EL SALVADOR,VILLA EL SALVADOR (LIMA),2025,2026,0.0699822829663376,0.132,BAJO RIESGO,LIMA METROPOLITANA,LIMA Y CALLAO,-12.2133333333333,-76.9372222222222,204.0
150143,LIMA,LIMA,VILLA MARIA DEL TRIUNFO,VILLA MARIA DEL TRIUNFO (LIMA),2025,2026,0.0849287462213905,0.132,BAJO RIESGO,LIMA METROPOLITANA,LIMA Y CALLAO,-12.1625,-76.9436111111111,210.0
150902,LIMA,OYON,ANDAJES,ANDAJES (OYON),2025,2026,0.5714285714285714,0.7805,ALTO RIESGO,CENTRO,LIMA Y CALLAO,-10.7927777777778,-76.9091666666667,3505.0
150903,LIMA,OYON,CAUJUL,CAUJUL (OYON),2025,2026,0.0,0.3121,BAJO RIESGO,CENTRO,LIMA Y CALLAO,-10.8058333333333,-76.9791666666667,3185.0
150904,LIMA,OYON,COCHAMARCA,COCHAMARCA (OYON),2025,2026,0.1515151515151515,0.3145,BAJO RIESGO,CENTRO,LIMA Y CALLAO,-10.8633333333333,-77.1288888888889,3492.0
150905,LIMA,OYON,NAVAN,NAVAN (OYON),2025,2026,0.3846153846153846,0.5381,BAJO RIESGO,CENTRO,LIMA Y CALLAO,-10.8377777777778,-77.01444444444449,3131.0
150901,LIMA,OYON,OYON,OYON (OYON),2025,2026,0.0991735537190082,0.2015,BAJO RIESGO,CENTRO,LIMA Y CALLAO,-10.6680555555556,-76.7733333333333,3648.0
150906,LIMA,OYON,PACHANGARA,PACHANGARA (OYON),2025,2026,0.1320754716981132,0.2199,BAJO RIESGO,CENTRO,LIMA Y CALLAO,-10.8111111111111,-76.875,2283.0
151002,LIMA,YAUYOS,ALIS,ALIS (YAUYOS),2025,2026,0.1111111111111111,0.2833,BAJO RIESGO,CENTRO,LIMA Y CALLAO,-12.2811111111111,-75.7863888888889,3285.0
151003,LIMA,YAUYOS,AYAUCA,AYAUCA (YAUYOS),2025,2026,0.6666666666666666,0.782,ALTO RIESGO,CENTRO,LIMA Y CALLAO,-12.5911111111111,-76.0369444444444,3151.0
151004,LIMA,YAUYOS,AYAVIRI,AYAVIRI (YAUYOS),2025,2026,0.0,0.3673,BAJO RIESGO,CENTRO,LIMA Y CALLAO,-12.3825,-76.1369444444445,3263.0
151005,LIMA,YAUYOS,AZANGARO,AZANGARO (YAUYOS),2025,2026,0.0,0.3153,BAJO RIESGO,CENTRO,LIMA Y CALLAO,-13.0,-75.8372222222222,3435.0
151006,LIMA,YAUYOS,CACRA,CACRA (YAUYOS),2025,2026,0.1,0.3162,BAJO RIESGO,CENTRO,LIMA Y CALLAO,-12.8125,-75.7830555555555,2788.0
151007,LIMA,YAUYOS,CARANIA,CARANIA (YAUYOS),2025,2026,0.3333333333333333,0.5285,BAJO RIESGO,CENTRO,LIMA Y CALLAO,-12.3455555555556,-75.8694444444444,3846.0
151008,LIMA,YAUYOS,CATAHUASI,CATAHUASI (YAUYOS),2025,2026,0.037037037037037,0.2806,BAJO RIESGO,CENTRO,LIMA Y CALLAO,-12.7994444444444,-75.8913888888889,1203.0
151009,LIMA,YAUYOS,CHOCOS,CHOCOS (YAUYOS),2025,2026,0.2857142857142857,0.5308,BAJO RIESGO,CENTRO,LIMA Y CALLAO,-12.9144444444444,-75.8627777777777,2733.0
151010,LIMA,YAUYOS,COCHAS,COCHAS (YAUYOS),2025,2026,0.0,0.3523,BAJO RIESGO,CENTRO,LIMA Y CALLAO,-12.2941666666667,-76.1575,2851.0
151011,LIMA,YAUYOS,COLONIA,COLONIA (YAUYOS),2025,2026,0.6744186046511628,0.7805,ALTO RIESGO,CENTRO,LIMA Y CALLAO,-12.6338888888889,-75.8902777777778,3399.0
151012,LIMA,YAUYOS,HONGOS,HONGOS (YAUYOS),2025,2026,0.0,0.3469,BAJO RIESGO,CENTRO,LIMA Y CALLAO,-12.8108333333333,-75.7652777777778,3215.0
151013,LIMA,YAUYOS,HUAMPARA,HUAMPARA (YAUYOS),2025,2026,0.0,0.35,BAJO RIESGO,CENTRO,LIMA Y CALLAO,-12.3602777777778,-76.1672222222222,2501.0
151014,LIMA,YAUYOS,HUANCAYA,HUANCAYA (YAUYOS),2025,2026,0.25,0.5197,BAJO RIESGO,CENTRO,LIMA Y CALLAO,-12.2033333333333,-75.7991666666667,3591.0
151015,LIMA,YAUYOS,HUANGASCAR,HUANGASCAR (YAUYOS),2025,2026,0.0,0.3238,BAJO RIESGO,CENTRO,LIMA Y CALLAO,-12.8994444444444,-75.8319444444444,2529.0
151016,LIMA,YAUYOS,HUANTAN,HUANTAN (YAUYOS),2025,2026,0.4615384615384615,0.7323,ALTO RIESGO,CENTRO,LIMA Y CALLAO,-12.4563888888889,-75.8116666666667,3315.0
151017,LIMA,YAUYOS,HUAÑEC,HUAÑEC (YAUYOS),2022,2026,0.3333333333333333,0.5261,BAJO RIESGO,CENTRO,LIMA Y CALLAO,-12.2938888888889,-76.1386111111111,3222.0
151018,LIMA,YAUYOS,LARAOS,LARAOS (YAUYOS),2025,2026,0.1,0.309,BAJO RIESGO,CENTRO,LIMA Y CALLAO,-12.3466666666667,-75.7858333333333,3492.0
151019,LIMA,YAUYOS,LINCHA,LINCHA (YAUYOS),2025,2026,0.4,0.5845,BAJO RIESGO,CENTRO,LIMA Y CALLAO,-12.7997222222222,-75.6666666666667,3516.0
151020,LIMA,YAUYOS,MADEAN,MADEAN (YAUYOS),2025,2026,0.0909090909090909,0.3248,BAJO RIESGO,CENTRO,LIMA Y CALLAO,-12.9444444444444,-75.7772222222222,3292.0
151021,LIMA,YAUYOS,MIRAFLORES,MIRAFLORES (YAUYOS),2025,2026,0.0,0.3727,BAJO RIESGO,CENTRO,LIMA Y CALLAO,-12.2744444444444,-75.8502777777778,3677.0
151022,LIMA,YAUYOS,OMAS,OMAS (YAUYOS),2025,2026,0.3333333333333333,0.5421,BAJO RIESGO,CENTRO,LIMA Y CALLAO,-12.5147222222222,-76.2894444444444,1572.0
151023,LIMA,YAUYOS,PUTINZA,PUTINZA (YAUYOS),2025,2026,0.2,0.4074,BAJO RIESGO,CENTRO,LIMA Y CALLAO,-12.6680555555556,-75.9494444444445,1985.0
151024,LIMA,YAUYOS,QUINCHES,QUINCHES (YAUYOS),2025,2026,0.375,0.527,BAJO RIESGO,CENTRO,LIMA Y CALLAO,-12.3077777777778,-76.1433333333333,2981.0
151025,LIMA,YAUYOS,QUINOCAY,QUINOCAY (YAUYOS),2025,2026,0.5,0.6414,BAJO RIESGO,CENTRO,LIMA Y CALLAO,-12.3622222222222,-76.2263888888889,2672.0
151027,LIMA,YAUYOS,SAN PEDRO DE PILAS,SAN PEDRO DE PILAS (YAUYOS),2025,2026,0.0,0.3526,BAJO RIESGO,CENTRO,LIMA Y CALLAO,-12.4544444444444,-76.2269444444444,2678.0
151028,LIMA,YAUYOS,TANTA,TANTA (YAUYOS),2025,2026,0.0909090909090909,0.34,BAJO RIESGO,CENTRO,LIMA Y CALLAO,-12.1222222222222,-76.0133333333333,4293.0
151029,LIMA,YAUYOS,TAURIPAMPA,TAURIPAMPA (YAUYOS),2025,2026,0.3333333333333333,0.5608,BAJO RIESGO,CENTRO,LIMA Y CALLAO,-12.6172222222222,-76.1619444444444,3526.0
151030,LIMA,YAUYOS,TOMAS,TOMAS (YAUYOS),2025,2026,0.0,0.338,BAJO RIESGO,CENTRO,LIMA Y CALLAO,-12.2377777777778,-75.745,3580.0
151031,LIMA,YAUYOS,TUPE,TUPE (YAUYOS),2025,2026,0.0,0.3438,BAJO RIESGO,CENTRO,LIMA Y CALLAO,-12.7411111111111,-75.8094444444444,2841.0
151033,LIMA,YAUYOS,VITIS,VITIS (YAUYOS),2025,2026,0.0,0.3803,BAJO RIESGO,CENTRO,LIMA Y CALLAO,-12.2238888888889,-75.8080555555555,3625.0
151032,LIMA,YAUYOS,VIÑAC,VIÑAC (YAUYOS),2025,2026,0.6444444444444445,0.7605,ALTO RIESGO,CENTRO,LIMA Y CALLAO,-12.9311111111111,-75.78,3315.0
151001,LIMA,YAUYOS,YAUYOS,YAUYOS (YAUYOS),2025,2026,0.7,0.7845,ALTO RIESGO,CENTRO,LIMA Y CALLAO,-12.4597222222222,-75.9183333333333,2895.0
160202,LORETO,ALTO AMAZONAS,BALSAPUERTO,BALSAPUERTO (ALTO AMAZONAS),2025,2026,0.0658935160780179,0.1759,BAJO RIESGO,ORIENTE,MACROREGION ORIENTE,-5.83333333333333,-76.5597222222222,220.0
160205,LORETO,ALTO AMAZONAS,JEBEROS,JEBEROS (ALTO AMAZONAS),2025,2026,0.0533642691415313,0.2102,BAJO RIESGO,ORIENTE,MACROREGION ORIENTE,-5.29083333333333,-76.2833333333333,146.0
160206,LORETO,ALTO AMAZONAS,LAGUNAS,LAGUNAS (ALTO AMAZONAS),2025,2026,0.0450669914738124,0.2118,BAJO RIESGO,ORIENTE,MACROREGION ORIENTE,-5.22388888888889,-75.675,119.0
160210,LORETO,ALTO AMAZONAS,SANTA CRUZ,SANTA CRUZ (ALTO AMAZONAS),2025,2026,0.0609756097560975,0.2127,BAJO RIESGO,ORIENTE,MACROREGION ORIENTE,-5.51333333333333,-75.8588888888889,131.0
160211,LORETO,ALTO AMAZONAS,TENIENTE CESAR LOPEZ ROJAS,TENIENTE CESAR LOPEZ ROJAS (ALTO AMAZONAS),2025,2026,0.0695187165775401,0.1886,BAJO RIESGO,ORIENTE,MACROREGION ORIENTE,-6.02555555555555,-75.8741666666667,149.0
160201,LORETO,ALTO AMAZONAS,YURIMAGUAS,YURIMAGUAS (ALTO AMAZONAS),2025,2026,0.1587261785356068,0.1527,BAJO RIESGO,ORIENTE,MACROREGION ORIENTE,-5.88416666666667,-76.1280555555555,150.0
160706,LORETO,DATEM DEL MARAÑON,ANDOAS,ANDOAS (DATEM DEL MARAÑON),2025,2026,0.2649842271293375,0.3891,BAJO RIESGO,ORIENTE,MACROREGION ORIENTE,-3.47555555555556,-76.4336111111111,172.0
160701,LORETO,DATEM DEL MARAÑON,BARRANCA,BARRANCA (DATEM DEL MARAÑON),2025,2026,0.1778916544655929,0.2371,BAJO RIESGO,ORIENTE,MACROREGION ORIENTE,-4.83111111111111,-76.555,134.0
160702,LORETO,DATEM DEL MARAÑON,CAHUAPANAS,CAHUAPANAS (DATEM DEL MARAÑON),2025,2026,0.1422121896162528,0.2551,BAJO RIESGO,ORIENTE,MACROREGION ORIENTE,-5.24916666666667,-77.0413888888889,162.0
160703,LORETO,DATEM DEL MARAÑON,MANSERICHE,MANSERICHE (DATEM DEL MARAÑON),2025,2026,0.1467639015496809,0.2054,BAJO RIESGO,ORIENTE,MACROREGION ORIENTE,-4.56361111111111,-77.4172222222222,155.0
160704,LORETO,DATEM DEL MARAÑON,MORONA,MORONA (DATEM DEL MARAÑON),2025,2026,0.1359353970390309,0.2492,BAJO RIESGO,ORIENTE,MACROREGION ORIENTE,-4.32638888888889,-77.2161111111111,144.0
160705,LORETO,DATEM DEL MARAÑON,PASTAZA,PASTAZA (DATEM DEL MARAÑON),2025,2026,0.2223926380368098,0.2876,BAJO RIESGO,ORIENTE,MACROREGION ORIENTE,-4.65111111111111,-76.5875,137.0
160301,LORETO,LORETO,NAUTA,NAUTA (LORETO),2025,2026,0.1202046035805626,0.1999,BAJO RIESGO,ORIENTE,MACROREGION ORIENTE,-4.50138888888889,-73.5694444444444,127.0
160302,LORETO,LORETO,PARINARI,PARINARI (LORETO),2025,2026,0.0670926517571885,0.2218,BAJO RIESGO,ORIENTE,MACROREGION ORIENTE,-4.63166666666667,-74.4630555555556,106.0
160303,LORETO,LORETO,TIGRE,TIGRE (LORETO),2025,2026,0.1443298969072164,0.2208,BAJO RIESGO,ORIENTE,MACROREGION ORIENTE,-3.48972222222222,-74.7816666666667,131.0
160304,LORETO,LORETO,TROMPETEROS,TROMPETEROS (LORETO),2025,2026,0.2202283849918433,0.273,BAJO RIESGO,ORIENTE,MACROREGION ORIENTE,-3.805,-75.0605555555556,131.0
160305,LORETO,LORETO,URARINAS,URARINAS (LORETO),2025,2026,0.2558886509635974,0.3643,BAJO RIESGO,ORIENTE,MACROREGION ORIENTE,-4.5875,-74.7672222222222,100.0
160402,LORETO,MARISCAL RAMON CASTILLA,PEBAS,PEBAS (MARISCAL RAMON CASTILLA),2025,2026,0.0368663594470046,0.2139,BAJO RIESGO,ORIENTE,MACROREGION ORIENTE,-3.32027777777778,-71.8619444444444,117.0
160401,LORETO,MARISCAL RAMON CASTILLA,RAMON CASTILLA,RAMON CASTILLA (MARISCAL RAMON CASTILLA),2025,2026,0.163210099188458,0.2371,BAJO RIESGO,ORIENTE,MACROREGION ORIENTE,-3.90611111111111,-70.5169444444445,86.0
160404,LORETO,MARISCAL RAMON CASTILLA,SAN PABLO,SAN PABLO (MARISCAL RAMON CASTILLA),2025,2026,0.1687170474516696,0.2323,BAJO RIESGO,ORIENTE,MACROREGION ORIENTE,-4.02027777777778,-71.1030555555555,85.0
160403,LORETO,MARISCAL RAMON CASTILLA,YAVARI,YAVARI (MARISCAL RAMON CASTILLA),2025,2026,0.2259507829977628,0.2843,BAJO RIESGO,ORIENTE,MACROREGION ORIENTE,-4.35361111111111,-70.0416666666667,75.0
160102,LORETO,MAYNAS,ALTO NANAY,ALTO NANAY (MAYNAS),2025,2026,0.0863309352517985,0.224,BAJO RIESGO,ORIENTE,MACROREGION ORIENTE,-3.88833333333333,-73.6975,115.0
160112,LORETO,MAYNAS,BELEN,BELEN (MAYNAS),2025,2026,0.1764448336252189,0.1749,BAJO RIESGO,ORIENTE,MACROREGION ORIENTE,-3.76916666666667,-73.26,116.0
160103,LORETO,MAYNAS,FERNANDO LORES,FERNANDO LORES (MAYNAS),2025,2026,0.2335216572504708,0.2719,BAJO RIESGO,ORIENTE,MACROREGION ORIENTE,-4.00166666666667,-73.1569444444444,129.0
160104,LORETO,MAYNAS,INDIANA,INDIANA (MAYNAS),2025,2026,0.1039755351681957,0.2014,BAJO RIESGO,ORIENTE,MACROREGION ORIENTE,-3.50027777777778,-73.0411111111111,98.0
160101,LORETO,MAYNAS,IQUITOS,IQUITOS (MAYNAS),2025,2026,0.1247994866859159,0.1501,BAJO RIESGO,ORIENTE,MACROREGION ORIENTE,-3.74805555555556,-73.2441666666667,107.0
160105,LORETO,MAYNAS,LAS AMAZONAS,LAS AMAZONAS (MAYNAS),2025,2026,0.3118971061093247,0.4772,BAJO RIESGO,ORIENTE,MACROREGION ORIENTE,-3.42305555555556,-72.76444444444449,100.0
160106,LORETO,MAYNAS,MAZAN,MAZAN (MAYNAS),2025,2026,0.1484375,0.2156,BAJO RIESGO,ORIENTE,MACROREGION ORIENTE,-3.48861111111111,-73.0816666666667,106.0
160107,LORETO,MAYNAS,NAPO,NAPO (MAYNAS),2025,2026,0.1601085481682496,0.2366,BAJO RIESGO,ORIENTE,MACROREGION ORIENTE,-2.48916666666667,-73.6761111111111,142.0
160108,LORETO,MAYNAS,PUNCHANA,PUNCHANA (MAYNAS),2025,2026,0.1512276785714285,0.1566,BAJO RIESGO,ORIENTE,MACROREGION ORIENTE,-3.72861111111111,-73.2419444444445,124.0
160113,LORETO,MAYNAS,SAN JUAN BAUTISTA,SAN JUAN BAUTISTA (MAYNAS),2025,2026,0.0899458972046889,0.1616,BAJO RIESGO,ORIENTE,MACROREGION ORIENTE,-3.77027777777778,-73.2802777777778,120.0
160110,LORETO,MAYNAS,TORRES CAUSANA,TORRES CAUSANA (MAYNAS),2025,2026,0.0772532188841201,0.2633,BAJO RIESGO,ORIENTE,MACROREGION ORIENTE,-0.970555555555556,-75.1741666666667,196.0
160801,LORETO,PUTUMAYO,PUTUMAYO,PUTUMAYO (PUTUMAYO),2025,2026,0.1208791208791208,0.2195,BAJO RIESGO,ORIENTE,MACROREGION ORIENTE,-2.44694444444444,-72.6680555555555,131.0
160802,LORETO,PUTUMAYO,ROSA PANDURO,ROSA PANDURO (PUTUMAYO),2025,2026,0.4666666666666667,0.6726,BAJO RIESGO,ORIENTE,MACROREGION ORIENTE,-1.78861111111111,-73.4130555555556,132.0
160803,LORETO,PUTUMAYO,TENIENTE MANUEL CLAVERO,TENIENTE MANUEL CLAVERO (PUTUMAYO),2025,2026,0.3354037267080745,0.5635,BAJO RIESGO,ORIENTE,MACROREGION ORIENTE,-0.373333333333333,-74.6758333333333,185.0
160804,LORETO,PUTUMAYO,YAGUAS,YAGUAS (PUTUMAYO),2025,2026,0.0609756097560975,0.2556,BAJO RIESGO,ORIENTE,MACROREGION ORIENTE,-2.40805555555556,-71.1766666666667,94.0
160502,LORETO,REQUENA,ALTO TAPICHE,ALTO TAPICHE (REQUENA),2025,2026,0.3125,0.5297,BAJO RIESGO,ORIENTE,MACROREGION ORIENTE,-6.02555555555555,-74.0941666666667,123.0
160503,LORETO,REQUENA,CAPELO,CAPELO (REQUENA),2025,2026,0.2376237623762376,0.3175,BAJO RIESGO,ORIENTE,MACROREGION ORIENTE,-5.40527777777778,-74.1577777777778,112.0
160504,LORETO,REQUENA,EMILIO SAN MARTIN,EMILIO SAN MARTIN (REQUENA),2025,2026,0.3632075471698113,0.6068,BAJO RIESGO,ORIENTE,MACROREGION ORIENTE,-5.79361111111111,-74.2838888888889,108.0
160510,LORETO,REQUENA,JENARO HERRERA,JENARO HERRERA (REQUENA),2025,2026,0.0978260869565217,0.1916,BAJO RIESGO,ORIENTE,MACROREGION ORIENTE,-4.90361111111111,-73.6705555555555,116.0
160505,LORETO,REQUENA,MAQUIA,MAQUIA (REQUENA),2025,2026,0.0524691358024691,0.2173,BAJO RIESGO,ORIENTE,MACROREGION ORIENTE,-5.74972222222222,-74.5377777777778,108.0
160506,LORETO,REQUENA,PUINAHUA,PUINAHUA (REQUENA),2025,2026,0.1776649746192893,0.2523,BAJO RIESGO,ORIENTE,MACROREGION ORIENTE,-5.25555555555555,-74.3455555555555,113.0
160501,LORETO,REQUENA,REQUENA,REQUENA (REQUENA),2025,2026,0.045929018789144,0.1916,BAJO RIESGO,ORIENTE,MACROREGION ORIENTE,-5.06388888888889,-73.8566666666667,116.0
160507,LORETO,REQUENA,SAQUENA,SAQUENA (REQUENA),2025,2026,0.3057324840764331,0.4634,BAJO RIESGO,ORIENTE,MACROREGION ORIENTE,-4.725,-73.5330555555555,106.0
160508,LORETO,REQUENA,SOPLIN,SOPLIN (REQUENA),2025,2026,0.2083333333333333,0.4244,BAJO RIESGO,ORIENTE,MACROREGION ORIENTE,-6.00777777777778,-73.6925,118.0
160509,LORETO,REQUENA,TAPICHE,TAPICHE (REQUENA),2024,2026,0.0,0.3619,BAJO RIESGO,ORIENTE,MACROREGION ORIENTE,-5.69361111111111,-74.1377777777778,108.0
160511,LORETO,REQUENA,YAQUERANA,YAQUERANA (REQUENA),2025,2026,0.2483660130718954,0.4036,BAJO RIESGO,ORIENTE,MACROREGION ORIENTE,-5.14888888888889,-72.8752777777778,90.0
160601,LORETO,UCAYALI,CONTAMANA,CONTAMANA (UCAYALI),2025,2026,0.062205466540999,0.205,BAJO RIESGO,ORIENTE,MACROREGION ORIENTE,-7.35055555555555,-75.0097222222222,138.0
160602,LORETO,UCAYALI,INAHUAYA,INAHUAYA (UCAYALI),2025,2026,0.1515151515151515,0.2464,BAJO RIESGO,ORIENTE,MACROREGION ORIENTE,-7.11694444444444,-75.2625,140.0
160603,LORETO,UCAYALI,PADRE MARQUEZ,PADRE MARQUEZ (UCAYALI),2025,2026,0.1658986175115207,0.2371,BAJO RIESGO,ORIENTE,MACROREGION ORIENTE,-7.94666666666667,-74.8408333333333,139.0
160604,LORETO,UCAYALI,PAMPA HERMOSA,PAMPA HERMOSA (UCAYALI),2025,2026,0.1968911917098445,0.2515,BAJO RIESGO,ORIENTE,MACROREGION ORIENTE,-7.19638888888889,-75.2944444444444,111.0
160605,LORETO,UCAYALI,SARAYACU,SARAYACU (UCAYALI),2025,2026,0.1711711711711711,0.2375,BAJO RIESGO,ORIENTE,MACROREGION ORIENTE,-6.39305555555555,-75.1169444444444,122.0
160606,LORETO,UCAYALI,VARGAS GUERRA,VARGAS GUERRA (UCAYALI),2025,2026,0.2990430622009569,0.3632,BAJO RIESGO,ORIENTE,MACROREGION ORIENTE,-6.91111111111111,-75.1588888888889,129.0
170202,MADRE DE DIOS,MANU,FITZCARRALD,FITZCARRALD (MANU),2025,2026,0.2521739130434782,0.4372,BAJO RIESGO,SUR,MACROREGION SUR,-12.2652777777778,-70.91,282.0
170204,MADRE DE DIOS,MANU,HUEPETUHE,HUEPETUHE (MANU),2025,2026,0.0806916426512968,0.1597,BAJO RIESGO,SUR,MACROREGION SUR,-12.9936111111111,-70.5272222222222,444.0
170203,MADRE DE DIOS,MANU,MADRE DE DIOS,MADRE DE DIOS (MANU),2025,2026,0.1846846846846846,0.2346,BAJO RIESGO,SUR,MACROREGION SUR,-12.6186111111111,-70.3941666666667,246.0
170201,MADRE DE DIOS,MANU,MANU,MANU (MANU),2025,2026,0.3252032520325203,0.5227,BAJO RIESGO,SUR,MACROREGION SUR,-12.8372222222222,-71.3652777777778,535.0
170302,MADRE DE DIOS,TAHUAMANU,IBERIA,IBERIA (TAHUAMANU),2025,2026,0.2235772357723577,0.2539,BAJO RIESGO,SUR,MACROREGION SUR,-11.4108333333333,-69.4869444444444,268.0
170301,MADRE DE DIOS,TAHUAMANU,IÑAPARI,IÑAPARI (TAHUAMANU),2025,2026,0.046875,0.2376,BAJO RIESGO,SUR,MACROREGION SUR,-10.945,-69.5766666666667,238.0
170303,MADRE DE DIOS,TAHUAMANU,TAHUAMANU,TAHUAMANU (TAHUAMANU),2025,2026,0.1212121212121212,0.2043,BAJO RIESGO,SUR,MACROREGION SUR,-11.4547222222222,-69.3213888888889,261.0
170102,MADRE DE DIOS,TAMBOPATA,INAMBARI,INAMBARI (TAMBOPATA),2025,2026,0.0976532929598788,0.1747,BAJO RIESGO,SUR,MACROREGION SUR,-13.1013888888889,-70.3716666666667,351.0
170104,MADRE DE DIOS,TAMBOPATA,LABERINTO,LABERINTO (TAMBOPATA),2025,2026,0.1626984126984127,0.2049,BAJO RIESGO,SUR,MACROREGION SUR,-12.7172222222222,-69.5866666666667,192.0
170103,MADRE DE DIOS,TAMBOPATA,LAS PIEDRAS,LAS PIEDRAS (TAMBOPATA),2025,2026,0.132,0.1935,BAJO RIESGO,SUR,MACROREGION SUR,-12.2791666666667,-69.1502777777778,239.0
170101,MADRE DE DIOS,TAMBOPATA,TAMBOPATA,TAMBOPATA (TAMBOPATA),2025,2026,0.1323899371069182,0.1739,BAJO RIESGO,SUR,MACROREGION SUR,-12.5936111111111,-69.1766666666667,204.0
180202,MOQUEGUA,GENERAL SANCHEZ CERRO,CHOJATA,CHOJATA (GENERAL SANCHEZ CERRO),2025,2026,0.1666666666666666,0.4093,BAJO RIESGO,SUR,MACROREGION SUR,-16.3883333333333,-70.7302777777778,3634.0
180203,MOQUEGUA,GENERAL SANCHEZ CERRO,COALAQUE,COALAQUE (GENERAL SANCHEZ CERRO),2025,2026,0.2222222222222222,0.4291,BAJO RIESGO,SUR,MACROREGION SUR,-16.6488888888889,-71.0216666666667,2300.0
180204,MOQUEGUA,GENERAL SANCHEZ CERRO,ICHUÑA,ICHUÑA (GENERAL SANCHEZ CERRO),2025,2026,0.320754716981132,0.5054,BAJO RIESGO,SUR,MACROREGION SUR,-16.1405555555556,-70.5355555555555,3794.0
180205,MOQUEGUA,GENERAL SANCHEZ CERRO,LA CAPILLA,LA CAPILLA (GENERAL SANCHEZ CERRO),2025,2026,0.2222222222222222,0.4256,BAJO RIESGO,SUR,MACROREGION SUR,-16.7566666666667,-71.1791666666667,1817.0
180206,MOQUEGUA,GENERAL SANCHEZ CERRO,LLOQUE,LLOQUE (GENERAL SANCHEZ CERRO),2025,2026,0.3333333333333333,0.5353,BAJO RIESGO,SUR,MACROREGION SUR,-16.3238888888889,-70.7386111111111,3325.0
180207,MOQUEGUA,GENERAL SANCHEZ CERRO,MATALAQUE,MATALAQUE (GENERAL SANCHEZ CERRO),2025,2026,0.1428571428571428,0.3564,BAJO RIESGO,SUR,MACROREGION SUR,-16.4811111111111,-70.8266666666667,2577.0
180201,MOQUEGUA,GENERAL SANCHEZ CERRO,OMATE,OMATE (GENERAL SANCHEZ CERRO),2025,2026,0.1636363636363636,0.3006,BAJO RIESGO,SUR,MACROREGION SUR,-16.6736111111111,-70.9705555555555,2169.0
180208,MOQUEGUA,GENERAL SANCHEZ CERRO,PUQUINA,PUQUINA (GENERAL SANCHEZ CERRO),2025,2026,0.2272727272727272,0.4084,BAJO RIESGO,SUR,MACROREGION SUR,-16.6252777777778,-71.1838888888889,3092.0
180209,MOQUEGUA,GENERAL SANCHEZ CERRO,QUINISTAQUILLAS,QUINISTAQUILLAS (GENERAL SANCHEZ CERRO),2025,2026,0.3333333333333333,0.5259,BAJO RIESGO,SUR,MACROREGION SUR,-16.7488888888889,-70.8802777777778,1789.0
180210,MOQUEGUA,GENERAL SANCHEZ CERRO,UBINAS,UBINAS (GENERAL SANCHEZ CERRO),2025,2026,0.3,0.499,BAJO RIESGO,SUR,MACROREGION SUR,-16.3866666666667,-70.8555555555555,3395.0
180211,MOQUEGUA,GENERAL SANCHEZ CERRO,YUNGA,YUNGA (GENERAL SANCHEZ CERRO),2025,2026,0.1818181818181818,0.4068,BAJO RIESGO,SUR,MACROREGION SUR,-16.195,-70.6777777777777,3619.0
180302,MOQUEGUA,ILO,EL ALGARROBAL,EL ALGARROBAL (ILO),2025,2026,0.1388888888888889,0.158,BAJO RIESGO,SUR,MACROREGION SUR,-17.6227777777778,-71.2683333333333,136.0
180301,MOQUEGUA,ILO,ILO,ILO (ILO),2025,2026,0.0623028391167192,0.1439,BAJO RIESGO,SUR,MACROREGION SUR,-17.625,-71.3433333333333,33.0
180303,MOQUEGUA,ILO,PACOCHA,PACOCHA (ILO),2025,2026,0.0,0.1685,BAJO RIESGO,SUR,MACROREGION SUR,-17.6108333333333,-71.3402777777778,77.0
180102,MOQUEGUA,MARISCAL NIETO,CARUMAS,CARUMAS (MARISCAL NIETO),2025,2026,0.0833333333333333,0.272,BAJO RIESGO,SUR,MACROREGION SUR,-16.8091666666667,-70.6947222222222,3054.0
180103,MOQUEGUA,MARISCAL NIETO,CUCHUMBAYA,CUCHUMBAYA (MARISCAL NIETO),2025,2026,0.3,0.4988,BAJO RIESGO,SUR,MACROREGION SUR,-16.7508333333333,-70.6861111111111,3156.0
180101,MOQUEGUA,MARISCAL NIETO,MOQUEGUA,MOQUEGUA (MARISCAL NIETO),2025,2026,0.1785714285714285,0.2147,BAJO RIESGO,SUR,MACROREGION SUR,-17.1941666666667,-70.9333333333333,1428.0
180104,MOQUEGUA,MARISCAL NIETO,SAMEGUA,SAMEGUA (MARISCAL NIETO),2025,2026,0.1220657276995305,0.1851,BAJO RIESGO,SUR,MACROREGION SUR,-17.1822222222222,-70.9002777777778,1615.0
180105,MOQUEGUA,MARISCAL NIETO,SAN CRISTOBAL,SAN CRISTOBAL (MARISCAL NIETO),2025,2026,0.2727272727272727,0.4953,BAJO RIESGO,SUR,MACROREGION SUR,-16.7391666666667,-70.6833333333333,3472.0
180106,MOQUEGUA,MARISCAL NIETO,TORATA,TORATA (MARISCAL NIETO),2025,2026,0.180327868852459,0.3008,BAJO RIESGO,SUR,MACROREGION SUR,-17.0766666666667,-70.8441666666667,2203.0
190202,PASCO,DANIEL ALCIDES CARRION,CHACAYAN,CHACAYAN (DANIEL ALCIDES CARRION),2025,2026,0.0384615384615384,0.2401,BAJO RIESGO,CENTRO,MACROREGION CENTRO,-10.4344444444444,-76.4372222222222,3385.0
190203,PASCO,DANIEL ALCIDES CARRION,GOYLLARISQUIZGA,GOYLLARISQUIZGA (DANIEL ALCIDES CARRION),2025,2026,0.5,0.6015,BAJO RIESGO,CENTRO,MACROREGION CENTRO,-10.4730555555556,-76.4083333333333,4202.0
190204,PASCO,DANIEL ALCIDES CARRION,PAUCAR,PAUCAR (DANIEL ALCIDES CARRION),2025,2026,0.1333333333333333,0.2382,BAJO RIESGO,CENTRO,MACROREGION CENTRO,-10.3711111111111,-76.4433333333333,3381.0
190205,PASCO,DANIEL ALCIDES CARRION,SAN PEDRO DE PILLAO,SAN PEDRO DE PILLAO (DANIEL ALCIDES CARRION),2025,2026,0.1,0.2648,BAJO RIESGO,CENTRO,MACROREGION CENTRO,-10.4388888888889,-76.4952777777778,3648.0
190206,PASCO,DANIEL ALCIDES CARRION,SANTA ANA DE TUSI,SANTA ANA DE TUSI (DANIEL ALCIDES CARRION),2025,2026,0.1212121212121212,0.1988,BAJO RIESGO,CENTRO,MACROREGION CENTRO,-10.4725,-76.3536111111111,3786.0
190207,PASCO,DANIEL ALCIDES CARRION,TAPUC,TAPUC (DANIEL ALCIDES CARRION),2025,2026,0.2727272727272727,0.4388,BAJO RIESGO,CENTRO,MACROREGION CENTRO,-10.4547222222222,-76.4625,3713.0
190208,PASCO,DANIEL ALCIDES CARRION,VILCABAMBA,VILCABAMBA (DANIEL ALCIDES CARRION),2025,2026,0.1666666666666666,0.3706,BAJO RIESGO,CENTRO,MACROREGION CENTRO,-10.4786111111111,-76.4469444444445,3459.0
190201,PASCO,DANIEL ALCIDES CARRION,YANAHUANCA,YANAHUANCA (DANIEL ALCIDES CARRION),2025,2026,0.2254196642685851,0.2659,BAJO RIESGO,CENTRO,MACROREGION CENTRO,-10.4913888888889,-76.5163888888889,3203.0
190302,PASCO,OXAPAMPA,CHONTABAMBA,CHONTABAMBA (OXAPAMPA),2025,2026,0.2515337423312883,0.3799,BAJO RIESGO,CENTRO,MACROREGION CENTRO,-10.6022222222222,-75.4388888888889,1849.0
190308,PASCO,OXAPAMPA,CONSTITUCION,CONSTITUCION (OXAPAMPA),2025,2026,0.1573157315731573,0.1712,BAJO RIESGO,CENTRO,MACROREGION CENTRO,-9.85638888888889,-75.0169444444445,247.0
190303,PASCO,OXAPAMPA,HUANCABAMBA,HUANCABAMBA (OXAPAMPA),2025,2026,0.1383399209486166,0.1955,BAJO RIESGO,CENTRO,MACROREGION CENTRO,-10.4261111111111,-75.5238888888889,1769.0
190301,PASCO,OXAPAMPA,OXAPAMPA,OXAPAMPA (OXAPAMPA),2025,2026,0.2206477732793522,0.2417,BAJO RIESGO,CENTRO,MACROREGION CENTRO,-10.575,-75.4047222222222,1832.0
190304,PASCO,OXAPAMPA,PALCAZU,PALCAZU (OXAPAMPA),2025,2026,0.0697674418604651,0.1801,BAJO RIESGO,CENTRO,MACROREGION CENTRO,-10.1841666666667,-75.1480555555556,302.0
190305,PASCO,OXAPAMPA,POZUZO,POZUZO (OXAPAMPA),2025,2026,0.1945525291828793,0.2254,BAJO RIESGO,CENTRO,MACROREGION CENTRO,-10.0711111111111,-75.5502777777778,750.0
190306,PASCO,OXAPAMPA,PUERTO BERMUDEZ,PUERTO BERMUDEZ (OXAPAMPA),2025,2026,0.1096108022239873,0.2029,BAJO RIESGO,CENTRO,MACROREGION CENTRO,-10.2991666666667,-74.9372222222222,281.0
190307,PASCO,OXAPAMPA,VILLA RICA,VILLA RICA (OXAPAMPA),2025,2026,0.2119741100323624,0.235,BAJO RIESGO,CENTRO,MACROREGION CENTRO,-10.7391666666667,-75.2758333333333,1551.0
190101,PASCO,PASCO,CHAUPIMARCA,CHAUPIMARCA (PASCO),2025,2026,0.2604501607717042,0.3267,BAJO RIESGO,CENTRO,MACROREGION CENTRO,-10.6825,-76.2569444444444,4373.0
190102,PASCO,PASCO,HUACHON,HUACHON (PASCO),2025,2026,0.4307692307692308,0.7032,ALTO RIESGO,CENTRO,MACROREGION CENTRO,-10.6363888888889,-75.9511111111111,3400.0
190103,PASCO,PASCO,HUARIACA,HUARIACA (PASCO),2025,2026,0.2485549132947976,0.337,BAJO RIESGO,CENTRO,MACROREGION CENTRO,-10.4391666666667,-76.1916666666667,2986.0
190104,PASCO,PASCO,HUAYLLAY,HUAYLLAY (PASCO),2025,2026,0.2038216560509554,0.25,BAJO RIESGO,CENTRO,MACROREGION CENTRO,-11.0019444444444,-76.3647222222222,4341.0
190105,PASCO,PASCO,NINACACA,NINACACA (PASCO),2025,2026,0.189873417721519,0.2613,BAJO RIESGO,CENTRO,MACROREGION CENTRO,-10.8555555555556,-76.1130555555555,4172.0
190106,PASCO,PASCO,PALLANCHACRA,PALLANCHACRA (PASCO),2025,2026,0.1538461538461538,0.2417,BAJO RIESGO,CENTRO,MACROREGION CENTRO,-10.4152777777778,-76.2355555555555,3126.0
190107,PASCO,PASCO,PAUCARTAMBO,PAUCARTAMBO (PASCO),2025,2026,0.2780898876404494,0.38,BAJO RIESGO,CENTRO,MACROREGION CENTRO,-10.7744444444444,-75.8133333333333,2954.0
190108,PASCO,PASCO,SAN FRANCISCO DE ASIS DE YARUSYACAN,SAN FRANCISCO DE ASIS DE YARUSYACAN (PASCO),2025,2026,0.3225806451612903,0.4867,BAJO RIESGO,CENTRO,MACROREGION CENTRO,-10.49,-76.1961111111111,3785.0
190109,PASCO,PASCO,SIMON BOLIVAR,SIMON BOLIVAR (PASCO),2025,2026,0.1856060606060606,0.2294,BAJO RIESGO,CENTRO,MACROREGION CENTRO,-10.6891666666667,-76.3163888888889,4234.0
190110,PASCO,PASCO,TICLACAYAN,TICLACAYAN (PASCO),2025,2026,0.0472440944881889,0.2108,BAJO RIESGO,CENTRO,MACROREGION CENTRO,-10.535,-76.1641666666667,3543.0
190111,PASCO,PASCO,TINYAHUARCO,TINYAHUARCO (PASCO),2025,2026,0.1441441441441441,0.2164,BAJO RIESGO,CENTRO,MACROREGION CENTRO,-10.7697222222222,-76.2769444444444,4281.0
190112,PASCO,PASCO,VICCO,VICCO (PASCO),2025,2026,0.0697674418604651,0.1996,BAJO RIESGO,CENTRO,MACROREGION CENTRO,-10.8383333333333,-76.2383333333333,4128.0
190113,PASCO,PASCO,YANACANCHA,YANACANCHA (PASCO),2025,2026,0.1370262390670553,0.186,BAJO RIESGO,CENTRO,MACROREGION CENTRO,-10.6633333333333,-76.2530555555555,4394.0
200201,PIURA,AYABACA,AYABACA,AYABACA (AYABACA),2025,2026,0.4495575221238938,0.6986,BAJO RIESGO,NORTE,MACROREGION NORTE,-4.64055555555555,-79.7152777777778,2735.0
200202,PIURA,AYABACA,FRIAS,FRIAS (AYABACA),2025,2026,0.1354166666666666,0.1795,BAJO RIESGO,NORTE,MACROREGION NORTE,-4.93166666666667,-79.9475,1703.0
200203,PIURA,AYABACA,JILILI,JILILI (AYABACA),2025,2026,0.3152173913043478,0.4602,BAJO RIESGO,NORTE,MACROREGION NORTE,-4.58472222222222,-79.7972222222222,1311.0
200204,PIURA,AYABACA,LAGUNAS,LAGUNAS (AYABACA),2025,2026,0.3872053872053872,0.5876,BAJO RIESGO,NORTE,MACROREGION NORTE,-4.78916666666667,-79.845,2219.0
200205,PIURA,AYABACA,MONTERO,MONTERO (AYABACA),2025,2026,0.3920454545454545,0.5506,BAJO RIESGO,NORTE,MACROREGION NORTE,-4.63222222222222,-79.8288888888889,1058.0
200206,PIURA,AYABACA,PACAIPAMPA,PACAIPAMPA (AYABACA),2025,2026,0.2414089347079037,0.2561,BAJO RIESGO,NORTE,MACROREGION NORTE,-4.99555555555555,-79.6677777777778,1980.0
200207,PIURA,AYABACA,PAIMAS,PAIMAS (AYABACA),2025,2026,0.1836734693877551,0.1738,BAJO RIESGO,NORTE,MACROREGION NORTE,-4.6275,-79.9455555555556,598.0
200208,PIURA,AYABACA,SAPILLICA,SAPILLICA (AYABACA),2025,2026,0.248046875,0.3076,BAJO RIESGO,NORTE,MACROREGION NORTE,-4.77916666666667,-79.9822222222222,1464.0
200209,PIURA,AYABACA,SICCHEZ,SICCHEZ (AYABACA),2025,2026,0.2916666666666667,0.4529,BAJO RIESGO,NORTE,MACROREGION NORTE,-4.57,-79.7638888888889,1452.0
200210,PIURA,AYABACA,SUYO,SUYO (AYABACA),2025,2026,0.0566037735849056,0.1435,BAJO RIESGO,NORTE,MACROREGION NORTE,-4.51277777777778,-80.0025,417.0
200302,PIURA,HUANCABAMBA,CANCHAQUE,CANCHAQUE (HUANCABAMBA),2025,2026,0.2512562814070351,0.3186,BAJO RIESGO,NORTE,MACROREGION NORTE,-5.37583333333333,-79.6055555555555,1152.0
200303,PIURA,HUANCABAMBA,EL CARMEN DE LA FRONTERA,EL CARMEN DE LA FRONTERA (HUANCABAMBA),2025,2026,0.0663507109004739,0.1936,BAJO RIESGO,NORTE,MACROREGION NORTE,-5.14833333333333,-79.4283333333333,2472.0
200301,PIURA,HUANCABAMBA,HUANCABAMBA,HUANCABAMBA (HUANCABAMBA),2025,2026,0.1929347826086956,0.206,BAJO RIESGO,NORTE,MACROREGION NORTE,-5.23861111111111,-79.4502777777778,1955.0
200304,PIURA,HUANCABAMBA,HUARMACA,HUARMACA (HUANCABAMBA),2025,2026,0.2986857825567503,0.37,BAJO RIESGO,NORTE,MACROREGION NORTE,-5.56805555555555,-79.5244444444444,2188.0
200305,PIURA,HUANCABAMBA,LALAQUIZ,LALAQUIZ (HUANCABAMBA),2025,2026,0.1240310077519379,0.1782,BAJO RIESGO,NORTE,MACROREGION NORTE,-5.21583333333333,-79.68,972.0
200306,PIURA,HUANCABAMBA,SAN MIGUEL DE EL FAIQUE,SAN MIGUEL DE EL FAIQUE (HUANCABAMBA),2025,2026,0.245664739884393,0.262,BAJO RIESGO,NORTE,MACROREGION NORTE,-5.40194444444445,-79.6061111111111,1259.0
200307,PIURA,HUANCABAMBA,SONDOR,SONDOR (HUANCABAMBA),2025,2026,0.123015873015873,0.1916,BAJO RIESGO,NORTE,MACROREGION NORTE,-5.31555555555555,-79.4097222222222,2003.0
200308,PIURA,HUANCABAMBA,SONDORILLO,SONDORILLO (HUANCABAMBA),2025,2026,0.1858823529411764,0.209,BAJO RIESGO,NORTE,MACROREGION NORTE,-5.33944444444445,-79.4286111111111,1886.0
200402,PIURA,MORROPON,BUENOS AIRES,BUENOS AIRES (MORROPON),2025,2026,0.0864553314121037,0.1359,BAJO RIESGO,NORTE,MACROREGION NORTE,-5.26694444444444,-79.9669444444445,154.0
200403,PIURA,MORROPON,CHALACO,CHALACO (MORROPON),2025,2026,0.3150684931506849,0.4171,BAJO RIESGO,NORTE,MACROREGION NORTE,-5.04111111111111,-79.7955555555556,2261.0
200401,PIURA,MORROPON,CHULUCANAS,CHULUCANAS (MORROPON),2025,2026,0.0711624441132637,0.1386,BAJO RIESGO,NORTE,MACROREGION NORTE,-5.09722222222222,-80.1602777777778,135.0
200404,PIURA,MORROPON,LA MATANZA,LA MATANZA (MORROPON),2025,2026,0.0465116279069767,0.1472,BAJO RIESGO,NORTE,MACROREGION NORTE,-5.21361111111111,-80.0905555555556,126.0
200405,PIURA,MORROPON,MORROPON,MORROPON (MORROPON),2025,2026,0.0145985401459854,0.1322,BAJO RIESGO,NORTE,MACROREGION NORTE,-5.18611111111111,-79.9691666666667,151.0
200406,PIURA,MORROPON,SALITRAL,SALITRAL (MORROPON),2025,2026,0.0683760683760683,0.1463,BAJO RIESGO,NORTE,MACROREGION NORTE,-5.34194444444444,-79.8336111111111,175.0
200407,PIURA,MORROPON,SAN JUAN DE BIGOTE,SAN JUAN DE BIGOTE (MORROPON),2025,2026,0.0233644859813084,0.1359,BAJO RIESGO,NORTE,MACROREGION NORTE,-5.31944444444445,-79.7861111111111,201.0
200408,PIURA,MORROPON,SANTA CATALINA DE MOSSA,SANTA CATALINA DE MOSSA (MORROPON),2025,2026,0.1797752808988764,0.2469,BAJO RIESGO,NORTE,MACROREGION NORTE,-5.10277777777778,-79.885,881.0
200409,PIURA,MORROPON,SANTO DOMINGO,SANTO DOMINGO (MORROPON),2025,2026,0.3402777777777778,0.5052,BAJO RIESGO,NORTE,MACROREGION NORTE,-5.02944444444445,-79.8758333333333,1490.0
200410,PIURA,MORROPON,YAMANGO,YAMANGO (MORROPON),2025,2026,0.1776859504132231,0.2072,BAJO RIESGO,NORTE,MACROREGION NORTE,-5.18083333333333,-79.7511111111111,1192.0
200502,PIURA,PAITA,AMOTAPE,AMOTAPE (PAITA),2025,2026,0.04,0.1471,BAJO RIESGO,NORTE,MACROREGION NORTE,-4.88194444444445,-81.0152777777778,23.0
200503,PIURA,PAITA,ARENAL,ARENAL (PAITA),2025,2026,0.0512820512820512,0.2019,BAJO RIESGO,NORTE,MACROREGION NORTE,-4.88361111111111,-81.0263888888889,37.0
200504,PIURA,PAITA,COLAN,COLAN (PAITA),2025,2026,0.0768049155145929,0.1322,BAJO RIESGO,NORTE,MACROREGION NORTE,-4.90055555555556,-81.0563888888889,25.0
200505,PIURA,PAITA,LA HUACA,LA HUACA (PAITA),2025,2026,0.0235546038543897,0.1436,BAJO RIESGO,NORTE,MACROREGION NORTE,-4.91027777777778,-80.9613888888889,33.0
200501,PIURA,PAITA,PAITA,PAITA (PAITA),2025,2026,0.0721489526764934,0.1387,BAJO RIESGO,NORTE,MACROREGION NORTE,-5.09305555555555,-81.0994444444444,71.0
200506,PIURA,PAITA,TAMARINDO,TAMARINDO (PAITA),2025,2026,0.0232558139534883,0.1363,BAJO RIESGO,NORTE,MACROREGION NORTE,-4.87833333333333,-80.9758333333333,33.0
200507,PIURA,PAITA,VICHAYAL,VICHAYAL (PAITA),2025,2026,0.0912698412698412,0.1389,BAJO RIESGO,NORTE,MACROREGION NORTE,-4.86416666666667,-81.0730555555555,27.0
200104,PIURA,PIURA,CASTILLA,CASTILLA (PIURA),2025,2026,0.0955350461461711,0.137,BAJO RIESGO,NORTE,MACROREGION NORTE,-5.20138888888889,-80.6227777777777,35.0
200105,PIURA,PIURA,CATACAOS,CATACAOS (PIURA),2025,2026,0.0734597156398104,0.148,BAJO RIESGO,NORTE,MACROREGION NORTE,-5.26722222222222,-80.6725,35.0
200107,PIURA,PIURA,CURA MORI,CURA MORI (PIURA),2025,2026,0.0852417302798982,0.136,BAJO RIESGO,NORTE,MACROREGION NORTE,-5.32361111111111,-80.6655555555555,35.0
200108,PIURA,PIURA,EL TALLAN,EL TALLAN (PIURA),2025,2026,0.0311614730878186,0.1338,BAJO RIESGO,NORTE,MACROREGION NORTE,-5.40916666666667,-80.6811111111111,21.0
200109,PIURA,PIURA,LA ARENA,LA ARENA (PIURA),2025,2026,0.0665163472378805,0.1322,BAJO RIESGO,NORTE,MACROREGION NORTE,-5.34305555555555,-80.7036111111111,33.0
200110,PIURA,PIURA,LA UNION,LA UNION (PIURA),2025,2026,0.0523038605230386,0.1387,BAJO RIESGO,NORTE,MACROREGION NORTE,-5.38833333333333,-80.7372222222222,27.0
200111,PIURA,PIURA,LAS LOMAS,LAS LOMAS (PIURA),2025,2026,0.0159521435692921,0.1386,BAJO RIESGO,NORTE,MACROREGION NORTE,-4.65,-80.2391666666667,257.0
200101,PIURA,PIURA,PIURA,PIURA (PIURA),2025,2026,0.036903039073806,0.132,BAJO RIESGO,NORTE,MACROREGION NORTE,-5.1525,-80.6577777777778,57.0
200114,PIURA,PIURA,TAMBO GRANDE,TAMBO GRANDE (PIURA),2025,2026,0.0433909200482121,0.137,BAJO RIESGO,NORTE,MACROREGION NORTE,-4.92805555555555,-80.3372222222222,76.0
200115,PIURA,PIURA,VEINTISEIS DE OCTUBRE,VEINTISEIS DE OCTUBRE (PIURA),2025,2026,0.0513824884792626,0.132,BAJO RIESGO,NORTE,MACROREGION NORTE,-5.17916666666667,-80.6780555555555,53.0
200802,PIURA,SECHURA,BELLAVISTA DE LA UNION,BELLAVISTA DE LA UNION (SECHURA),2025,2026,0.0702479338842975,0.1339,BAJO RIESGO,NORTE,MACROREGION NORTE,-5.44027777777778,-80.755,23.0
200803,PIURA,SECHURA,BERNAL,BERNAL (SECHURA),2025,2026,0.0436241610738255,0.1356,BAJO RIESGO,NORTE,MACROREGION NORTE,-5.45888888888889,-80.7419444444445,22.0
200804,PIURA,SECHURA,CRISTO NOS VALGA,CRISTO NOS VALGA (SECHURA),2025,2026,0.0365296803652968,0.1448,BAJO RIESGO,NORTE,MACROREGION NORTE,-5.49305555555555,-80.7411111111111,25.0
200806,PIURA,SECHURA,RINCONADA LLICUAR,RINCONADA LLICUAR (SECHURA),2025,2026,0.0,0.1491,BAJO RIESGO,NORTE,MACROREGION NORTE,-5.46361111111111,-80.7652777777778,26.0
200801,PIURA,SECHURA,SECHURA,SECHURA (SECHURA),2025,2026,0.0801792828685259,0.1607,BAJO RIESGO,NORTE,MACROREGION NORTE,-5.55722222222222,-80.8222222222222,12.0
200805,PIURA,SECHURA,VICE,VICE (SECHURA),2025,2026,0.0742526518804243,0.136,BAJO RIESGO,NORTE,MACROREGION NORTE,-5.42222222222222,-80.7763888888889,23.0
200602,PIURA,SULLANA,BELLAVISTA,BELLAVISTA (SULLANA),2025,2026,0.0423645320197044,0.1336,BAJO RIESGO,NORTE,MACROREGION NORTE,-4.89,-80.6802777777778,77.0
200603,PIURA,SULLANA,IGNACIO ESCUDERO,IGNACIO ESCUDERO (SULLANA),2025,2026,0.0872894333843797,0.137,BAJO RIESGO,NORTE,MACROREGION NORTE,-4.84611111111111,-80.8730555555555,39.0
200604,PIURA,SULLANA,LANCONES,LANCONES (SULLANA),2025,2026,0.0172786177105831,0.1511,BAJO RIESGO,NORTE,MACROREGION NORTE,-4.63277777777778,-80.5455555555556,156.0
200605,PIURA,SULLANA,MARCAVELICA,MARCAVELICA (SULLANA),2025,2026,0.0781893004115226,0.1418,BAJO RIESGO,NORTE,MACROREGION NORTE,-4.88166666666667,-80.7036111111111,53.0
200606,PIURA,SULLANA,MIGUEL CHECA,MIGUEL CHECA (SULLANA),2025,2026,0.0215633423180593,0.1387,BAJO RIESGO,NORTE,MACROREGION NORTE,-4.90027777777778,-80.8147222222222,62.0
200607,PIURA,SULLANA,QUERECOTILLO,QUERECOTILLO (SULLANA),2025,2026,0.0289156626506024,0.1343,BAJO RIESGO,NORTE,MACROREGION NORTE,-4.83916666666667,-80.6483333333333,66.0
200608,PIURA,SULLANA,SALITRAL,SALITRAL (SULLANA),2025,2026,0.0236966824644549,0.1322,BAJO RIESGO,NORTE,MACROREGION NORTE,-4.85694444444444,-80.6808333333333,65.0
200601,PIURA,SULLANA,SULLANA,SULLANA (SULLANA),2025,2026,0.0653721682847896,0.137,BAJO RIESGO,NORTE,MACROREGION NORTE,-4.89055555555555,-80.6877777777778,76.0
200702,PIURA,TALARA,EL ALTO,EL ALTO (TALARA),2025,2026,0.037037037037037,0.1418,BAJO RIESGO,NORTE,MACROREGION NORTE,-4.26861111111111,-81.2213888888889,276.0
200703,PIURA,TALARA,LA BREA,LA BREA (TALARA),2025,2026,0.0081632653061224,0.1511,BAJO RIESGO,NORTE,MACROREGION NORTE,-4.65472222222222,-81.3058333333333,8.0
200704,PIURA,TALARA,LOBITOS,LOBITOS (TALARA),2025,2026,0.0714285714285714,0.19,BAJO RIESGO,NORTE,MACROREGION NORTE,-4.45694444444445,-81.285,31.0
200705,PIURA,TALARA,LOS ORGANOS,LOS ORGANOS (TALARA),2025,2026,0.0648967551622418,0.1322,BAJO RIESGO,NORTE,MACROREGION NORTE,-4.17916666666667,-81.1294444444444,7.0
200706,PIURA,TALARA,MANCORA,MANCORA (TALARA),2025,2026,0.1407249466950959,0.1322,BAJO RIESGO,NORTE,MACROREGION NORTE,-4.10694444444444,-81.0538888888889,8.0
200701,PIURA,TALARA,PARIÑAS,PARIÑAS (TALARA),2025,2026,0.0277379244380679,0.137,BAJO RIESGO,NORTE,MACROREGION NORTE,-4.57944444444445,-81.2694444444444,23.0
210202,PUNO,AZANGARO,ACHAYA,ACHAYA (AZANGARO),2025,2026,0.0459770114942528,0.1981,BAJO RIESGO,SUR,MACROREGION SUR,-15.2847222222222,-70.1611111111111,3868.0
210203,PUNO,AZANGARO,ARAPA,ARAPA (AZANGARO),2025,2026,0.1203007518796992,0.1961,BAJO RIESGO,SUR,MACROREGION SUR,-15.1388888888889,-70.11,3846.0
210204,PUNO,AZANGARO,ASILLO,ASILLO (AZANGARO),2025,2026,0.1396103896103896,0.1925,BAJO RIESGO,SUR,MACROREGION SUR,-14.7863888888889,-70.3536111111111,3927.0
210201,PUNO,AZANGARO,AZANGARO,AZANGARO (AZANGARO),2025,2026,0.2644341801385681,0.3437,BAJO RIESGO,SUR,MACROREGION SUR,-14.9080555555556,-70.1955555555556,3878.0
210205,PUNO,AZANGARO,CAMINACA,CAMINACA (AZANGARO),2025,2026,0.2207792207792207,0.2863,BAJO RIESGO,SUR,MACROREGION SUR,-15.3247222222222,-70.0727777777777,3857.0
210206,PUNO,AZANGARO,CHUPA,CHUPA (AZANGARO),2025,2026,0.2672413793103448,0.4249,BAJO RIESGO,SUR,MACROREGION SUR,-15.1058333333333,-69.9872222222222,3847.0
210207,PUNO,AZANGARO,JOSE DOMINGO CHOQUEHUANCA,JOSE DOMINGO CHOQUEHUANCA (AZANGARO),2025,2026,0.1382978723404255,0.1839,BAJO RIESGO,SUR,MACROREGION SUR,-15.0338888888889,-70.3380555555555,3887.0
210208,PUNO,AZANGARO,MUÑANI,MUÑANI (AZANGARO),2025,2026,0.1372549019607843,0.1958,BAJO RIESGO,SUR,MACROREGION SUR,-14.7708333333333,-69.9555555555555,3925.0
210209,PUNO,AZANGARO,POTONI,POTONI (AZANGARO),2025,2026,0.1290322580645161,0.2238,BAJO RIESGO,SUR,MACROREGION SUR,-14.39,-70.105,4133.0
210210,PUNO,AZANGARO,SAMAN,SAMAN (AZANGARO),2025,2026,0.0982905982905982,0.1941,BAJO RIESGO,SUR,MACROREGION SUR,-15.2919444444444,-70.0172222222222,3836.0
210211,PUNO,AZANGARO,SAN ANTON,SAN ANTON (AZANGARO),2025,2026,0.2126436781609195,0.2494,BAJO RIESGO,SUR,MACROREGION SUR,-14.5838888888889,-70.3172222222222,3971.0
210212,PUNO,AZANGARO,SAN JOSE,SAN JOSE (AZANGARO),2025,2026,0.1463414634146341,0.1932,BAJO RIESGO,SUR,MACROREGION SUR,-14.6802777777778,-70.16,4094.0
210213,PUNO,AZANGARO,SAN JUAN DE SALINAS,SAN JUAN DE SALINAS (AZANGARO),2025,2026,0.1785714285714285,0.2744,BAJO RIESGO,SUR,MACROREGION SUR,-14.9913888888889,-70.1061111111111,3841.0
210214,PUNO,AZANGARO,SANTIAGO DE PUPUJA,SANTIAGO DE PUPUJA (AZANGARO),2025,2026,0.24,0.3169,BAJO RIESGO,SUR,MACROREGION SUR,-15.0527777777778,-70.2780555555555,3933.0
210215,PUNO,AZANGARO,TIRAPATA,TIRAPATA (AZANGARO),2025,2026,0.5272727272727272,0.7263,ALTO RIESGO,SUR,MACROREGION SUR,-14.955,-70.4027777777778,3903.0
210302,PUNO,CARABAYA,AJOYANI,AJOYANI (CARABAYA),2025,2026,0.1320754716981132,0.2617,BAJO RIESGO,SUR,MACROREGION SUR,-14.2294444444444,-70.2236111111111,4272.0
210303,PUNO,CARABAYA,AYAPATA,AYAPATA (CARABAYA),2025,2026,0.1180555555555555,0.2152,BAJO RIESGO,SUR,MACROREGION SUR,-13.7766666666667,-70.3227777777777,3481.0
210304,PUNO,CARABAYA,COASA,COASA (CARABAYA),2025,2026,0.1568627450980392,0.2101,BAJO RIESGO,SUR,MACROREGION SUR,-13.9891666666667,-70.0158333333333,3768.0
210305,PUNO,CARABAYA,CORANI,CORANI (CARABAYA),2025,2026,0.0714285714285714,0.2264,BAJO RIESGO,SUR,MACROREGION SUR,-13.8686111111111,-70.6044444444444,4039.0
210306,PUNO,CARABAYA,CRUCERO,CRUCERO (CARABAYA),2025,2026,0.1610486891385767,0.2237,BAJO RIESGO,SUR,MACROREGION SUR,-14.3616666666667,-70.0236111111111,4146.0
210307,PUNO,CARABAYA,ITUATA,ITUATA (CARABAYA),2025,2026,0.0760869565217391,0.2216,BAJO RIESGO,SUR,MACROREGION SUR,-13.8763888888889,-70.2138888888889,3787.0
210301,PUNO,CARABAYA,MACUSANI,MACUSANI (CARABAYA),2025,2026,0.2408759124087591,0.2651,BAJO RIESGO,SUR,MACROREGION SUR,-14.0686111111111,-70.4311111111111,4311.0
210308,PUNO,CARABAYA,OLLACHEA,OLLACHEA (CARABAYA),2025,2026,0.026865671641791,0.2037,BAJO RIESGO,SUR,MACROREGION SUR,-13.7938888888889,-70.4725,2746.0
210309,PUNO,CARABAYA,SAN GABAN,SAN GABAN (CARABAYA),2025,2026,0.2996845425867508,0.3919,BAJO RIESGO,SUR,MACROREGION SUR,-13.4383333333333,-70.4027777777778,641.0
210310,PUNO,CARABAYA,USICAYOS,USICAYOS (CARABAYA),2025,2026,0.0568181818181818,0.2264,BAJO RIESGO,SUR,MACROREGION SUR,-14.1252777777778,-69.9675,3781.0
210402,PUNO,CHUCUITO,DESAGUADERO,DESAGUADERO (CHUCUITO),2025,2026,0.3497942386831276,0.5488,BAJO RIESGO,SUR,MACROREGION SUR,-16.5644444444444,-69.0394444444444,3849.0
210403,PUNO,CHUCUITO,HUACULLANI,HUACULLANI (CHUCUITO),2025,2026,0.1827956989247312,0.2697,BAJO RIESGO,SUR,MACROREGION SUR,-16.6305555555556,-69.3219444444444,3945.0
210401,PUNO,CHUCUITO,JULI,JULI (CHUCUITO),2025,2026,0.2010723860589812,0.2343,BAJO RIESGO,SUR,MACROREGION SUR,-16.2127777777778,-69.4594444444444,3878.0
210404,PUNO,CHUCUITO,KELLUYO,KELLUYO (CHUCUITO),2025,2026,0.2467532467532467,0.3555,BAJO RIESGO,SUR,MACROREGION SUR,-16.7269444444444,-69.2502777777778,3858.0
210405,PUNO,CHUCUITO,PISACOMA,PISACOMA (CHUCUITO),2025,2026,0.2372881355932203,0.3719,BAJO RIESGO,SUR,MACROREGION SUR,-16.9086111111111,-69.3713888888889,3932.0
210406,PUNO,CHUCUITO,POMATA,POMATA (CHUCUITO),2025,2026,0.0871559633027523,0.2015,BAJO RIESGO,SUR,MACROREGION SUR,-16.2736111111111,-69.2927777777778,3878.0
210407,PUNO,CHUCUITO,ZEPITA,ZEPITA (CHUCUITO),2025,2026,0.3149847094801223,0.4253,BAJO RIESGO,SUR,MACROREGION SUR,-16.4969444444444,-69.1033333333333,3836.0
210502,PUNO,EL COLLAO,CAPAZO,CAPAZO (EL COLLAO),2025,2026,0.0909090909090909,0.2783,BAJO RIESGO,SUR,MACROREGION SUR,-17.1838888888889,-69.7444444444445,4402.0
210505,PUNO,EL COLLAO,CONDURIRI,CONDURIRI (EL COLLAO),2025,2026,0.2631578947368421,0.4924,BAJO RIESGO,SUR,MACROREGION SUR,-16.6219444444444,-69.7086111111111,3969.0
210501,PUNO,EL COLLAO,ILAVE,ILAVE (EL COLLAO),2025,2026,0.2177055103884372,0.2323,BAJO RIESGO,SUR,MACROREGION SUR,-16.0869444444444,-69.6380555555555,3907.0
210503,PUNO,EL COLLAO,PILCUYO,PILCUYO (EL COLLAO),2025,2026,0.0714285714285714,0.196,BAJO RIESGO,SUR,MACROREGION SUR,-16.1108333333333,-69.5541666666667,3841.0
210504,PUNO,EL COLLAO,SANTA ROSA,SANTA ROSA (EL COLLAO),2025,2026,0.3461538461538461,0.6059,BAJO RIESGO,SUR,MACROREGION SUR,-16.7422222222222,-69.7166666666667,3981.0
210602,PUNO,HUANCANE,COJATA,COJATA (HUANCANE),2025,2026,0.1159420289855072,0.2084,BAJO RIESGO,SUR,MACROREGION SUR,-15.0152777777778,-69.3655555555555,4354.0
210601,PUNO,HUANCANE,HUANCANE,HUANCANE (HUANCANE),2025,2026,0.2701421800947867,0.3472,BAJO RIESGO,SUR,MACROREGION SUR,-15.2008333333333,-69.7677777777778,3866.0
210603,PUNO,HUANCANE,HUATASANI,HUATASANI (HUANCANE),2025,2026,0.2244897959183673,0.3484,BAJO RIESGO,SUR,MACROREGION SUR,-15.0594444444444,-69.8019444444444,3849.0
210604,PUNO,HUANCANE,INCHUPALLA,INCHUPALLA (HUANCANE),2025,2026,0.1818181818181818,0.3104,BAJO RIESGO,SUR,MACROREGION SUR,-15.0097222222222,-69.6827777777778,3930.0
210605,PUNO,HUANCANE,PUSI,PUSI (HUANCANE),2025,2026,0.0103092783505154,0.1796,BAJO RIESGO,SUR,MACROREGION SUR,-15.4419444444444,-69.9297222222222,3851.0
210606,PUNO,HUANCANE,ROSASPATA,ROSASPATA (HUANCANE),2025,2026,0.0609756097560975,0.2067,BAJO RIESGO,SUR,MACROREGION SUR,-15.2347222222222,-69.5275,3891.0
210607,PUNO,HUANCANE,TARACO,TARACO (HUANCANE),2025,2026,0.1130136986301369,0.1869,BAJO RIESGO,SUR,MACROREGION SUR,-15.2972222222222,-69.9783333333333,3848.0
210608,PUNO,HUANCANE,VILQUE CHICO,VILQUE CHICO (HUANCANE),2025,2026,0.0380952380952381,0.2074,BAJO RIESGO,SUR,MACROREGION SUR,-15.2138888888889,-69.6891666666667,3851.0
210702,PUNO,LAMPA,CABANILLA,CABANILLA (LAMPA),2025,2026,0.1949152542372881,0.2406,BAJO RIESGO,SUR,MACROREGION SUR,-15.6202777777778,-70.3455555555555,3890.0
210703,PUNO,LAMPA,CALAPUJA,CALAPUJA (LAMPA),2025,2026,0.0869565217391304,0.2446,BAJO RIESGO,SUR,MACROREGION SUR,-15.3105555555556,-70.2216666666667,3851.0
210701,PUNO,LAMPA,LAMPA,LAMPA (LAMPA),2025,2026,0.1730103806228373,0.2181,BAJO RIESGO,SUR,MACROREGION SUR,-15.3647222222222,-70.3677777777778,3881.0
210704,PUNO,LAMPA,NICASIO,NICASIO (LAMPA),2025,2026,0.0847457627118644,0.2066,BAJO RIESGO,SUR,MACROREGION SUR,-15.2355555555556,-70.2611111111111,3868.0
210705,PUNO,LAMPA,OCUVIRI,OCUVIRI (LAMPA),2025,2026,0.0909090909090909,0.2686,BAJO RIESGO,SUR,MACROREGION SUR,-15.1138888888889,-70.9091666666667,4227.0
210706,PUNO,LAMPA,PALCA,PALCA (LAMPA),2025,2026,0.0425531914893617,0.2623,BAJO RIESGO,SUR,MACROREGION SUR,-15.2369444444444,-70.5980555555555,4082.0
210707,PUNO,LAMPA,PARATIA,PARATIA (LAMPA),2025,2026,0.032258064516129,0.2698,BAJO RIESGO,SUR,MACROREGION SUR,-15.4541666666667,-70.5997222222222,4352.0
210708,PUNO,LAMPA,PUCARA,PUCARA (LAMPA),2025,2026,0.1428571428571428,0.1946,BAJO RIESGO,SUR,MACROREGION SUR,-15.0416666666667,-70.3677777777778,3894.0
210709,PUNO,LAMPA,SANTA LUCIA,SANTA LUCIA (LAMPA),2025,2026,0.1890547263681592,0.2369,BAJO RIESGO,SUR,MACROREGION SUR,-15.6994444444444,-70.6063888888889,4053.0
210710,PUNO,LAMPA,VILAVILA,VILAVILA (LAMPA),2025,2026,0.0769230769230769,0.3212,BAJO RIESGO,SUR,MACROREGION SUR,-15.1883333333333,-70.66,4316.0
210802,PUNO,MELGAR,ANTAUTA,ANTAUTA (MELGAR),2025,2026,0.1363636363636363,0.2168,BAJO RIESGO,SUR,MACROREGION SUR,-14.2997222222222,-70.2922222222222,4152.0
210801,PUNO,MELGAR,AYAVIRI,AYAVIRI (MELGAR),2025,2026,0.0950639853747714,0.1882,BAJO RIESGO,SUR,MACROREGION SUR,-14.8816666666667,-70.5894444444444,3937.0
210803,PUNO,MELGAR,CUPI,CUPI (MELGAR),2025,2026,0.1923076923076923,0.3301,BAJO RIESGO,SUR,MACROREGION SUR,-14.905,-70.8666666666667,3984.0
210804,PUNO,MELGAR,LLALLI,LLALLI (MELGAR),2025,2026,0.1043478260869565,0.1979,BAJO RIESGO,SUR,MACROREGION SUR,-14.9480555555556,-70.8805555555555,3998.0
210805,PUNO,MELGAR,MACARI,MACARI (MELGAR),2025,2026,0.136094674556213,0.2057,BAJO RIESGO,SUR,MACROREGION SUR,-14.7716666666667,-70.9033333333333,3979.0
210806,PUNO,MELGAR,NUÑOA,NUÑOA (MELGAR),2025,2026,0.0663265306122449,0.206,BAJO RIESGO,SUR,MACROREGION SUR,-14.4761111111111,-70.6363888888889,4038.0
210807,PUNO,MELGAR,ORURILLO,ORURILLO (MELGAR),2025,2026,0.15625,0.1946,BAJO RIESGO,SUR,MACROREGION SUR,-14.7277777777778,-70.5122222222222,3915.0
210808,PUNO,MELGAR,SANTA ROSA,SANTA ROSA (MELGAR),2025,2026,0.0840336134453781,0.2012,BAJO RIESGO,SUR,MACROREGION SUR,-14.6075,-70.7877777777778,4010.0
210809,PUNO,MELGAR,UMACHIRI,UMACHIRI (MELGAR),2025,2026,0.1612903225806451,0.2735,BAJO RIESGO,SUR,MACROREGION SUR,-14.8538888888889,-70.7538888888889,3943.0
210902,PUNO,MOHO,CONIMA,CONIMA (MOHO),2025,2026,0.2083333333333333,0.3321,BAJO RIESGO,SUR,MACROREGION SUR,-15.4577777777778,-69.4377777777778,3862.0
210903,PUNO,MOHO,HUAYRAPATA,HUAYRAPATA (MOHO),2025,2026,0.1147540983606557,0.225,BAJO RIESGO,SUR,MACROREGION SUR,-15.3213888888889,-69.3411111111111,3912.0
210901,PUNO,MOHO,MOHO,MOHO (MOHO),2025,2026,0.0585774058577405,0.1932,BAJO RIESGO,SUR,MACROREGION SUR,-15.3602777777778,-69.4997222222222,3902.0
210904,PUNO,MOHO,TILALI,TILALI (MOHO),2025,2026,0.1224489795918367,0.2219,BAJO RIESGO,SUR,MACROREGION SUR,-15.515,-69.3480555555555,3843.0
210102,PUNO,PUNO,ACORA,ACORA (PUNO),2025,2026,0.1303191489361702,0.1928,BAJO RIESGO,SUR,MACROREGION SUR,-15.9736111111111,-69.7977777777778,3848.0
210103,PUNO,PUNO,AMANTANI,AMANTANI (PUNO),2025,2026,0.2318840579710145,0.2914,BAJO RIESGO,SUR,MACROREGION SUR,-15.6572222222222,-69.7183333333333,3871.0
210104,PUNO,PUNO,ATUNCOLLA,ATUNCOLLA (PUNO),2025,2026,0.2440944881889764,0.2908,BAJO RIESGO,SUR,MACROREGION SUR,-15.6883333333333,-70.1438888888889,3844.0
210105,PUNO,PUNO,CAPACHICA,CAPACHICA (PUNO),2025,2026,0.1893491124260355,0.2296,BAJO RIESGO,SUR,MACROREGION SUR,-15.6416666666667,-69.8308333333333,3872.0
210106,PUNO,PUNO,CHUCUITO,CHUCUITO (PUNO),2025,2026,0.2388059701492537,0.2995,BAJO RIESGO,SUR,MACROREGION SUR,-15.8947222222222,-69.8894444444445,3893.0
210107,PUNO,PUNO,COATA,COATA (PUNO),2025,2026,0.32,0.4031,BAJO RIESGO,SUR,MACROREGION SUR,-15.5713888888889,-69.9505555555556,3839.0
210108,PUNO,PUNO,HUATA,HUATA (PUNO),2025,2026,0.3222222222222222,0.4753,BAJO RIESGO,SUR,MACROREGION SUR,-15.615,-69.9713888888889,3863.0
210109,PUNO,PUNO,MAÑAZO,MAÑAZO (PUNO),2025,2026,0.2439024390243902,0.327,BAJO RIESGO,SUR,MACROREGION SUR,-15.8011111111111,-70.3433333333333,3949.0
210110,PUNO,PUNO,PAUCARCOLLA,PAUCARCOLLA (PUNO),2025,2026,0.1219512195121951,0.1835,BAJO RIESGO,SUR,MACROREGION SUR,-15.7455555555556,-70.0561111111111,3864.0
210111,PUNO,PUNO,PICHACANI,PICHACANI (PUNO),2025,2026,0.3189655172413793,0.4771,BAJO RIESGO,SUR,MACROREGION SUR,-16.15,-70.0633333333333,3962.0
210112,PUNO,PUNO,PLATERIA,PLATERIA (PUNO),2025,2026,0.2110091743119266,0.2812,BAJO RIESGO,SUR,MACROREGION SUR,-15.9483333333333,-69.8333333333333,3835.0
210101,PUNO,PUNO,PUNO,PUNO (PUNO),2025,2026,0.1719015280135823,0.2179,BAJO RIESGO,SUR,MACROREGION SUR,-15.8402777777778,-70.0280555555555,3848.0
210113,PUNO,PUNO,SAN ANTONIO,SAN ANTONIO (PUNO),2025,2026,0.05,0.3227,BAJO RIESGO,SUR,MACROREGION SUR,-16.1405555555556,-70.3438888888889,4330.0
210114,PUNO,PUNO,TIQUILLACA,TIQUILLACA (PUNO),2025,2026,0.1666666666666666,0.3584,BAJO RIESGO,SUR,MACROREGION SUR,-15.7969444444444,-70.1866666666667,3912.0
210115,PUNO,PUNO,VILQUE,VILQUE (PUNO),2025,2026,0.1590909090909091,0.2305,BAJO RIESGO,SUR,MACROREGION SUR,-15.7666666666667,-70.2588888888889,3878.0
211002,PUNO,SAN ANTONIO DE PUTINA,ANANEA,ANANEA (SAN ANTONIO DE PUTINA),2025,2026,0.1595744680851064,0.2576,BAJO RIESGO,SUR,MACROREGION SUR,-14.6786111111111,-69.535,4705.0
211003,PUNO,SAN ANTONIO DE PUTINA,PEDRO VILCA APAZA,PEDRO VILCA APAZA (SAN ANTONIO DE PUTINA),2025,2026,0.024390243902439,0.2334,BAJO RIESGO,SUR,MACROREGION SUR,-15.0636111111111,-69.8816666666667,3873.0
211001,PUNO,SAN ANTONIO DE PUTINA,PUTINA,PUTINA (SAN ANTONIO DE PUTINA),2025,2026,0.204225352112676,0.2389,BAJO RIESGO,SUR,MACROREGION SUR,-14.9141666666667,-69.8688888888888,3878.0
211004,PUNO,SAN ANTONIO DE PUTINA,QUILCAPUNCU,QUILCAPUNCU (SAN ANTONIO DE PUTINA),2025,2026,0.0661157024793388,0.2154,BAJO RIESGO,SUR,MACROREGION SUR,-14.8936111111111,-69.7302777777778,3928.0
211005,PUNO,SAN ANTONIO DE PUTINA,SINA,SINA (SAN ANTONIO DE PUTINA),2025,2026,0.0,0.3016,BAJO RIESGO,SUR,MACROREGION SUR,-14.4966666666667,-69.2802777777778,3181.0
211102,PUNO,SAN ROMAN,CABANA,CABANA (SAN ROMAN),2025,2026,0.008695652173913,0.2127,BAJO RIESGO,SUR,MACROREGION SUR,-15.6491666666667,-70.3219444444444,3912.0
211103,PUNO,SAN ROMAN,CABANILLAS,CABANILLAS (SAN ROMAN),2025,2026,0.1847826086956521,0.2967,BAJO RIESGO,SUR,MACROREGION SUR,-15.6444444444444,-70.3538888888889,3894.0
211104,PUNO,SAN ROMAN,CARACOTO,CARACOTO (SAN ROMAN),2025,2026,0.2058047493403693,0.2305,BAJO RIESGO,SUR,MACROREGION SUR,-15.5675,-70.1025,3844.0
211101,PUNO,SAN ROMAN,JULIACA,JULIACA (SAN ROMAN),2025,2026,0.2894543675067286,0.3681,BAJO RIESGO,SUR,MACROREGION SUR,-15.4838888888889,-70.1333333333333,3877.0
211105,PUNO,SAN ROMAN,SAN MIGUEL,SAN MIGUEL (SAN ROMAN),2025,2026,0.153462879920279,0.1935,BAJO RIESGO,SUR,MACROREGION SUR,-15.4602777777778,-70.1269444444444,3875.0
211209,PUNO,SANDIA,ALTO INAMBARI,ALTO INAMBARI (SANDIA),2025,2026,0.1528662420382165,0.2001,BAJO RIESGO,SUR,MACROREGION SUR,-14.09,-69.2433333333333,1352.0
211202,PUNO,SANDIA,CUYOCUYO,CUYOCUYO (SANDIA),2025,2026,0.1285714285714285,0.2188,BAJO RIESGO,SUR,MACROREGION SUR,-14.4702777777778,-69.5372222222222,3425.0
211203,PUNO,SANDIA,LIMBANI,LIMBANI (SANDIA),2025,2026,0.1617647058823529,0.2672,BAJO RIESGO,SUR,MACROREGION SUR,-14.1497222222222,-69.6905555555555,3333.0
211204,PUNO,SANDIA,PATAMBUCO,PATAMBUCO (SANDIA),2025,2026,0.1595744680851064,0.2693,BAJO RIESGO,SUR,MACROREGION SUR,-14.3616666666667,-69.6194444444444,3650.0
211205,PUNO,SANDIA,PHARA,PHARA (SANDIA),2025,2026,0.3211009174311927,0.4674,BAJO RIESGO,SUR,MACROREGION SUR,-14.1519444444444,-69.6652777777778,3485.0
211206,PUNO,SANDIA,QUIACA,QUIACA (SANDIA),2025,2026,0.0158730158730158,0.245,BAJO RIESGO,SUR,MACROREGION SUR,-14.4222222222222,-69.345,2970.0
211207,PUNO,SANDIA,SAN JUAN DEL ORO,SAN JUAN DEL ORO (SANDIA),2025,2026,0.4358974358974359,0.6105,BAJO RIESGO,SUR,MACROREGION SUR,-14.2208333333333,-69.1536111111111,1308.0
211210,PUNO,SANDIA,SAN PEDRO DE PUTINA PUNCO,SAN PEDRO DE PUTINA PUNCO (SANDIA),2025,2026,0.4064748201438849,0.6297,BAJO RIESGO,SUR,MACROREGION SUR,-14.1125,-69.0477777777778,948.0
211201,PUNO,SANDIA,SANDIA,SANDIA (SANDIA),2025,2026,0.1785714285714285,0.2222,BAJO RIESGO,SUR,MACROREGION SUR,-14.3222222222222,-69.4663888888889,2206.0
211208,PUNO,SANDIA,YANAHUAYA,YANAHUAYA (SANDIA),2025,2026,0.44,0.6248,BAJO RIESGO,SUR,MACROREGION SUR,-14.2586111111111,-69.1694444444445,1419.0
211302,PUNO,YUNGUYO,ANAPIA,ANAPIA (YUNGUYO),2025,2026,0.125,0.2949,BAJO RIESGO,SUR,MACROREGION SUR,-16.3138888888889,-68.8527777777777,3864.0
211303,PUNO,YUNGUYO,COPANI,COPANI (YUNGUYO),2025,2026,0.2891566265060241,0.4539,BAJO RIESGO,SUR,MACROREGION SUR,-16.4,-69.0402777777778,3864.0
211304,PUNO,YUNGUYO,CUTURAPI,CUTURAPI (YUNGUYO),2025,2026,0.1176470588235294,0.2481,BAJO RIESGO,SUR,MACROREGION SUR,-16.2705555555556,-69.1769444444444,3861.0
211305,PUNO,YUNGUYO,OLLARAYA,OLLARAYA (YUNGUYO),2025,2026,0.2142857142857142,0.3333,BAJO RIESGO,SUR,MACROREGION SUR,-16.2197222222222,-68.9911111111111,3852.0
211306,PUNO,YUNGUYO,TINICACHI,TINICACHI (YUNGUYO),2025,2026,0.0,0.2868,BAJO RIESGO,SUR,MACROREGION SUR,-16.1986111111111,-68.9616666666667,3853.0
211307,PUNO,YUNGUYO,UNICACHI,UNICACHI (YUNGUYO),2025,2026,0.3125,0.4734,BAJO RIESGO,SUR,MACROREGION SUR,-16.2236111111111,-68.9811111111111,3827.0
211301,PUNO,YUNGUYO,YUNGUYO,YUNGUYO (YUNGUYO),2025,2026,0.3001841620626151,0.3679,BAJO RIESGO,SUR,MACROREGION SUR,-16.2266666666667,-69.0955555555555,3850.0
220202,SAN MARTIN,BELLAVISTA,ALTO BIAVO,ALTO BIAVO (BELLAVISTA),2025,2026,0.0246478873239436,0.2112,BAJO RIESGO,ORIENTE,MACROREGION ORIENTE,-7.25583333333333,-76.4766666666667,253.0
220203,SAN MARTIN,BELLAVISTA,BAJO BIAVO,BAJO BIAVO (BELLAVISTA),2025,2026,0.0295358649789029,0.1536,BAJO RIESGO,ORIENTE,MACROREGION ORIENTE,-7.10166666666667,-76.4719444444444,256.0
220201,SAN MARTIN,BELLAVISTA,BELLAVISTA,BELLAVISTA (BELLAVISTA),2025,2026,0.0287671232876712,0.1359,BAJO RIESGO,ORIENTE,MACROREGION ORIENTE,-7.05222222222222,-76.5897222222222,330.0
220204,SAN MARTIN,BELLAVISTA,HUALLAGA,HUALLAGA (BELLAVISTA),2025,2026,0.0,0.1939,BAJO RIESGO,ORIENTE,MACROREGION ORIENTE,-7.13111111111111,-76.6486111111111,267.0
220205,SAN MARTIN,BELLAVISTA,SAN PABLO,SAN PABLO (BELLAVISTA),2025,2026,0.0326409495548961,0.1506,BAJO RIESGO,ORIENTE,MACROREGION ORIENTE,-6.80972222222222,-76.5747222222222,278.0
220206,SAN MARTIN,BELLAVISTA,SAN RAFAEL,SAN RAFAEL (BELLAVISTA),2025,2026,0.0357142857142857,0.1361,BAJO RIESGO,ORIENTE,MACROREGION ORIENTE,-7.02305555555555,-76.4658333333333,242.0
220302,SAN MARTIN,EL DORADO,AGUA BLANCA,AGUA BLANCA (EL DORADO),2025,2026,0.0,0.1833,BAJO RIESGO,ORIENTE,MACROREGION ORIENTE,-6.72527777777778,-76.6952777777778,318.0
220301,SAN MARTIN,EL DORADO,SAN JOSE DE SISA,SAN JOSE DE SISA (EL DORADO),2025,2026,0.0190995907230559,0.1427,BAJO RIESGO,ORIENTE,MACROREGION ORIENTE,-6.61388888888889,-76.6952777777778,342.0
220303,SAN MARTIN,EL DORADO,SAN MARTIN,SAN MARTIN (EL DORADO),2025,2026,0.0413793103448275,0.1559,BAJO RIESGO,ORIENTE,MACROREGION ORIENTE,-6.51444444444444,-76.7405555555556,437.0
220304,SAN MARTIN,EL DORADO,SANTA ROSA,SANTA ROSA (EL DORADO),2025,2026,0.0485074626865671,0.1473,BAJO RIESGO,ORIENTE,MACROREGION ORIENTE,-6.74638888888889,-76.6236111111111,288.0
220305,SAN MARTIN,EL DORADO,SHATOJA,SHATOJA (EL DORADO),2025,2026,0.0087719298245614,0.1529,BAJO RIESGO,ORIENTE,MACROREGION ORIENTE,-6.52833333333333,-76.72,413.0
220402,SAN MARTIN,HUALLAGA,ALTO SAPOSOA,ALTO SAPOSOA (HUALLAGA),2025,2026,0.0043859649122807,0.1634,BAJO RIESGO,ORIENTE,MACROREGION ORIENTE,-6.76472222222222,-76.8136111111111,408.0
220403,SAN MARTIN,HUALLAGA,EL ESLABON,EL ESLABON (HUALLAGA),2025,2026,0.0,0.1551,BAJO RIESGO,ORIENTE,MACROREGION ORIENTE,-7.02166666666667,-76.7233333333333,293.0
220404,SAN MARTIN,HUALLAGA,PISCOYACU,PISCOYACU (HUALLAGA),2025,2026,0.0175438596491228,0.151,BAJO RIESGO,ORIENTE,MACROREGION ORIENTE,-6.98111111111111,-76.7694444444444,310.0
220405,SAN MARTIN,HUALLAGA,SACANCHE,SACANCHE (HUALLAGA),2025,2026,0.0,0.1521,BAJO RIESGO,ORIENTE,MACROREGION ORIENTE,-7.07,-76.7136111111111,269.0
220401,SAN MARTIN,HUALLAGA,SAPOSOA,SAPOSOA (HUALLAGA),2025,2026,0.0054249547920434,0.1535,BAJO RIESGO,ORIENTE,MACROREGION ORIENTE,-6.93666666666667,-76.7722222222222,317.0
220406,SAN MARTIN,HUALLAGA,TINGO DE SAPOSOA,TINGO DE SAPOSOA (HUALLAGA),2025,2026,0.0,0.2172,BAJO RIESGO,ORIENTE,MACROREGION ORIENTE,-7.09194444444444,-76.6413888888889,259.0
220502,SAN MARTIN,LAMAS,ALONSO DE ALVARADO,ALONSO DE ALVARADO (LAMAS),2025,2026,0.3320388349514563,0.5137,BAJO RIESGO,ORIENTE,MACROREGION ORIENTE,-6.35583333333333,-76.7752777777778,1090.0
220503,SAN MARTIN,LAMAS,BARRANQUITA,BARRANQUITA (LAMAS),2025,2026,0.0611510791366906,0.1534,BAJO RIESGO,ORIENTE,MACROREGION ORIENTE,-6.25222222222222,-76.0333333333333,173.0
220504,SAN MARTIN,LAMAS,CAYNARACHI,CAYNARACHI (LAMAS),2025,2026,0.1298701298701298,0.1554,BAJO RIESGO,ORIENTE,MACROREGION ORIENTE,-6.33083333333333,-76.2841666666667,193.0
220505,SAN MARTIN,LAMAS,CUÑUMBUQUI,CUÑUMBUQUI (LAMAS),2025,2026,0.0896551724137931,0.146,BAJO RIESGO,ORIENTE,MACROREGION ORIENTE,-6.51055555555555,-76.4816666666667,248.0
220501,SAN MARTIN,LAMAS,LAMAS,LAMAS (LAMAS),2025,2026,0.1931464174454828,0.1931,BAJO RIESGO,ORIENTE,MACROREGION ORIENTE,-6.42388888888889,-76.5233333333333,764.0
220506,SAN MARTIN,LAMAS,PINTO RECODO,PINTO RECODO (LAMAS),2025,2026,0.0746268656716417,0.1535,BAJO RIESGO,ORIENTE,MACROREGION ORIENTE,-6.37916666666667,-76.6044444444444,276.0
220507,SAN MARTIN,LAMAS,RUMISAPA,RUMISAPA (LAMAS),2025,2026,0.0283018867924528,0.1437,BAJO RIESGO,ORIENTE,MACROREGION ORIENTE,-6.44888888888889,-76.4716666666667,328.0
220508,SAN MARTIN,LAMAS,SAN ROQUE DE CUMBAZA,SAN ROQUE DE CUMBAZA (LAMAS),2025,2026,0.2903225806451613,0.4344,BAJO RIESGO,ORIENTE,MACROREGION ORIENTE,-6.38555555555555,-76.4386111111111,611.0
220509,SAN MARTIN,LAMAS,SHANAO,SHANAO (LAMAS),2025,2026,0.1764705882352941,0.2686,BAJO RIESGO,ORIENTE,MACROREGION ORIENTE,-6.41166666666667,-76.5941666666667,260.0
220510,SAN MARTIN,LAMAS,TABALOSOS,TABALOSOS (LAMAS),2025,2026,0.3361702127659574,0.4591,BAJO RIESGO,ORIENTE,MACROREGION ORIENTE,-6.38944444444445,-76.6341666666667,597.0
220511,SAN MARTIN,LAMAS,ZAPATERO,ZAPATERO (LAMAS),2025,2026,0.021551724137931,0.1392,BAJO RIESGO,ORIENTE,MACROREGION ORIENTE,-6.52972222222222,-76.4941666666667,299.0
220602,SAN MARTIN,MARISCAL CACERES,CAMPANILLA,CAMPANILLA (MARISCAL CACERES),2025,2026,0.0533980582524271,0.1746,BAJO RIESGO,ORIENTE,MACROREGION ORIENTE,-7.48305555555556,-76.6497222222222,318.0
220603,SAN MARTIN,MARISCAL CACERES,HUICUNGO,HUICUNGO (MARISCAL CACERES),2025,2026,0.0078125,0.2202,BAJO RIESGO,ORIENTE,MACROREGION ORIENTE,-7.31694444444444,-76.7772222222222,308.0
220601,SAN MARTIN,MARISCAL CACERES,JUANJUI,JUANJUI (MARISCAL CACERES),2025,2026,0.05,0.1386,BAJO RIESGO,ORIENTE,MACROREGION ORIENTE,-7.17666666666667,-76.7238888888889,299.0
220604,SAN MARTIN,MARISCAL CACERES,PACHIZA,PACHIZA (MARISCAL CACERES),2025,2026,0.0427631578947368,0.172,BAJO RIESGO,ORIENTE,MACROREGION ORIENTE,-7.29805555555555,-76.7733333333333,295.0
220605,SAN MARTIN,MARISCAL CACERES,PAJARILLO,PAJARILLO (MARISCAL CACERES),2025,2026,0.0413533834586466,0.1446,BAJO RIESGO,ORIENTE,MACROREGION ORIENTE,-7.17666666666667,-76.6886111111111,286.0
220102,SAN MARTIN,MOYOBAMBA,CALZADA,CALZADA (MOYOBAMBA),2025,2026,0.2074074074074074,0.2328,BAJO RIESGO,ORIENTE,MACROREGION ORIENTE,-6.03027777777778,-77.0666666666667,856.0
220103,SAN MARTIN,MOYOBAMBA,HABANA,HABANA (MOYOBAMBA),2025,2026,0.2929292929292929,0.4163,BAJO RIESGO,ORIENTE,MACROREGION ORIENTE,-6.07972222222222,-77.0913888888889,850.0
220104,SAN MARTIN,MOYOBAMBA,JEPELACIO,JEPELACIO (MOYOBAMBA),2025,2026,0.2156133828996282,0.233,BAJO RIESGO,ORIENTE,MACROREGION ORIENTE,-6.10805555555555,-76.9152777777778,1067.0
220101,SAN MARTIN,MOYOBAMBA,MOYOBAMBA,MOYOBAMBA (MOYOBAMBA),2025,2026,0.2500958956655159,0.3212,BAJO RIESGO,ORIENTE,MACROREGION ORIENTE,-6.03472222222222,-76.9741666666667,895.0
220105,SAN MARTIN,MOYOBAMBA,SORITOR,SORITOR (MOYOBAMBA),2025,2026,0.2858809801633605,0.3739,BAJO RIESGO,ORIENTE,MACROREGION ORIENTE,-6.13944444444445,-77.1025,904.0
220106,SAN MARTIN,MOYOBAMBA,YANTALO,YANTALO (MOYOBAMBA),2025,2026,0.2427184466019417,0.292,BAJO RIESGO,ORIENTE,MACROREGION ORIENTE,-5.97444444444445,-77.0208333333333,862.0
220702,SAN MARTIN,PICOTA,BUENOS AIRES,BUENOS AIRES (PICOTA),2025,2026,0.0181818181818181,0.1515,BAJO RIESGO,ORIENTE,MACROREGION ORIENTE,-6.79166666666667,-76.3277777777778,209.0
220703,SAN MARTIN,PICOTA,CASPISAPA,CASPISAPA (PICOTA),2025,2026,0.0909090909090909,0.1481,BAJO RIESGO,ORIENTE,MACROREGION ORIENTE,-6.95638888888889,-76.4186111111111,238.0
220701,SAN MARTIN,PICOTA,PICOTA,PICOTA (PICOTA),2025,2026,0.0945945945945946,0.1389,BAJO RIESGO,ORIENTE,MACROREGION ORIENTE,-6.92,-76.3302777777778,228.0
220704,SAN MARTIN,PICOTA,PILLUANA,PILLUANA (PICOTA),2025,2026,0.0,0.2219,BAJO RIESGO,ORIENTE,MACROREGION ORIENTE,-6.77666666666667,-76.2916666666667,218.0
220705,SAN MARTIN,PICOTA,PUCACACA,PUCACACA (PICOTA),2025,2026,0.1650485436893204,0.1979,BAJO RIESGO,ORIENTE,MACROREGION ORIENTE,-6.84888888888889,-76.3411111111111,228.0
220706,SAN MARTIN,PICOTA,SAN CRISTOBAL,SAN CRISTOBAL (PICOTA),2025,2026,0.073170731707317,0.2062,BAJO RIESGO,ORIENTE,MACROREGION ORIENTE,-6.99194444444444,-76.4177777777778,238.0
220707,SAN MARTIN,PICOTA,SAN HILARION,SAN HILARION (PICOTA),2025,2026,0.0303030303030303,0.1357,BAJO RIESGO,ORIENTE,MACROREGION ORIENTE,-7.00388888888889,-76.4394444444444,230.0
220708,SAN MARTIN,PICOTA,SHAMBOYACU,SHAMBOYACU (PICOTA),2025,2026,0.0652680652680652,0.1551,BAJO RIESGO,ORIENTE,MACROREGION ORIENTE,-7.02416666666667,-76.1327777777777,289.0
220709,SAN MARTIN,PICOTA,TINGO DE PONASA,TINGO DE PONASA (PICOTA),2025,2026,0.0804597701149425,0.1607,BAJO RIESGO,ORIENTE,MACROREGION ORIENTE,-6.93611111111111,-76.2538888888889,244.0
220710,SAN MARTIN,PICOTA,TRES UNIDOS,TRES UNIDOS (PICOTA),2025,2026,0.0533333333333333,0.1523,BAJO RIESGO,ORIENTE,MACROREGION ORIENTE,-6.80583333333333,-76.2322222222222,237.0
220802,SAN MARTIN,RIOJA,AWAJUN,AWAJUN (RIOJA),2025,2026,0.4254278728606357,0.6931,BAJO RIESGO,ORIENTE,MACROREGION ORIENTE,-5.81611111111111,-77.3827777777777,888.0
220803,SAN MARTIN,RIOJA,ELIAS SOPLIN VARGAS,ELIAS SOPLIN VARGAS (RIOJA),2025,2026,0.5237580993520519,0.7506,ALTO RIESGO,ORIENTE,MACROREGION ORIENTE,-5.98722222222222,-77.2780555555555,853.0
220804,SAN MARTIN,RIOJA,NUEVA CAJAMARCA,NUEVA CAJAMARCA (RIOJA),2025,2026,0.3525046382189239,0.5591,BAJO RIESGO,ORIENTE,MACROREGION ORIENTE,-5.93611111111111,-77.3069444444444,869.0
220805,SAN MARTIN,RIOJA,PARDO MIGUEL,PARDO MIGUEL (RIOJA),2025,2026,0.4203730272596843,0.6931,BAJO RIESGO,ORIENTE,MACROREGION ORIENTE,-5.73944444444445,-77.5044444444444,963.0
220806,SAN MARTIN,RIOJA,POSIC,POSIC (RIOJA),2025,2026,0.2804878048780488,0.4101,BAJO RIESGO,ORIENTE,MACROREGION ORIENTE,-6.01333333333333,-77.1619444444444,838.0
220801,SAN MARTIN,RIOJA,RIOJA,RIOJA (RIOJA),2025,2026,0.3968668407310705,0.5695,BAJO RIESGO,ORIENTE,MACROREGION ORIENTE,-6.0625,-77.1683333333333,850.0
220807,SAN MARTIN,RIOJA,SAN FERNANDO,SAN FERNANDO (RIOJA),2025,2026,0.1869158878504672,0.2347,BAJO RIESGO,ORIENTE,MACROREGION ORIENTE,-5.90194444444445,-77.2694444444444,828.0
220808,SAN MARTIN,RIOJA,YORONGOS,YORONGOS (RIOJA),2025,2026,0.4943820224719101,0.6702,BAJO RIESGO,ORIENTE,MACROREGION ORIENTE,-6.13861111111111,-77.1441666666667,883.0
220809,SAN MARTIN,RIOJA,YURACYACU,YURACYACU (RIOJA),2025,2026,0.2061855670103092,0.2504,BAJO RIESGO,ORIENTE,MACROREGION ORIENTE,-5.93111111111111,-77.2263888888889,812.0
220902,SAN MARTIN,SAN MARTIN,ALBERTO LEVEAU,ALBERTO LEVEAU (SAN MARTIN),2025,2026,0.0,0.2259,BAJO RIESGO,ORIENTE,MACROREGION ORIENTE,-6.66305555555555,-76.2866666666667,215.0
220903,SAN MARTIN,SAN MARTIN,CACATACHI,CACATACHI (SAN MARTIN),2025,2026,0.1395348837209302,0.1372,BAJO RIESGO,ORIENTE,MACROREGION ORIENTE,-6.46194444444445,-76.4513888888889,309.0
220904,SAN MARTIN,SAN MARTIN,CHAZUTA,CHAZUTA (SAN MARTIN),2025,2026,0.1010752688172043,0.1585,BAJO RIESGO,ORIENTE,MACROREGION ORIENTE,-6.57361111111111,-76.1377777777778,189.0
220905,SAN MARTIN,SAN MARTIN,CHIPURANA,CHIPURANA (SAN MARTIN),2025,2026,0.1083333333333333,0.209,BAJO RIESGO,ORIENTE,MACROREGION ORIENTE,-6.35416666666667,-75.7413888888889,152.0
220906,SAN MARTIN,SAN MARTIN,EL PORVENIR,EL PORVENIR (SAN MARTIN),2025,2026,0.0820895522388059,0.1709,BAJO RIESGO,ORIENTE,MACROREGION ORIENTE,-6.21166666666667,-75.8008333333333,152.0
220907,SAN MARTIN,SAN MARTIN,HUIMBAYOC,HUIMBAYOC (SAN MARTIN),2025,2026,0.0379146919431279,0.1829,BAJO RIESGO,ORIENTE,MACROREGION ORIENTE,-6.41777777777778,-75.7680555555555,181.0
220908,SAN MARTIN,SAN MARTIN,JUAN GUERRA,JUAN GUERRA (SAN MARTIN),2025,2026,0.1376146788990825,0.1437,BAJO RIESGO,ORIENTE,MACROREGION ORIENTE,-6.58416666666667,-76.3308333333333,207.0
220909,SAN MARTIN,SAN MARTIN,LA BANDA DE SHILCAYO,LA BANDA DE SHILCAYO (SAN MARTIN),2025,2026,0.0315284441398217,0.1359,BAJO RIESGO,ORIENTE,MACROREGION ORIENTE,-6.49,-76.3405555555556,418.0
220910,SAN MARTIN,SAN MARTIN,MORALES,MORALES (SAN MARTIN),2025,2026,0.1136612021857923,0.1336,BAJO RIESGO,ORIENTE,MACROREGION ORIENTE,-6.47916666666667,-76.3830555555555,290.0
220911,SAN MARTIN,SAN MARTIN,PAPAPLAYA,PAPAPLAYA (SAN MARTIN),2025,2026,0.1313868613138686,0.2279,BAJO RIESGO,ORIENTE,MACROREGION ORIENTE,-6.24527777777778,-75.7905555555556,149.0
220912,SAN MARTIN,SAN MARTIN,SAN ANTONIO,SAN ANTONIO (SAN MARTIN),2025,2026,0.0666666666666666,0.1793,BAJO RIESGO,ORIENTE,MACROREGION ORIENTE,-6.40944444444445,-76.4066666666667,499.0
220913,SAN MARTIN,SAN MARTIN,SAUCE,SAUCE (SAN MARTIN),2025,2026,0.2863247863247863,0.3238,BAJO RIESGO,ORIENTE,MACROREGION ORIENTE,-6.69055555555555,-76.2166666666667,622.0
220914,SAN MARTIN,SAN MARTIN,SHAPAJA,SHAPAJA (SAN MARTIN),2025,2026,0.0727272727272727,0.1718,BAJO RIESGO,ORIENTE,MACROREGION ORIENTE,-6.57972222222222,-76.2619444444445,214.0
220901,SAN MARTIN,SAN MARTIN,TARAPOTO,TARAPOTO (SAN MARTIN),2025,2026,0.0897615708274894,0.1336,BAJO RIESGO,ORIENTE,MACROREGION ORIENTE,-6.48944444444445,-76.3602777777778,342.0
221002,SAN MARTIN,TOCACHE,NUEVO PROGRESO,NUEVO PROGRESO (TOCACHE),2025,2026,0.1376518218623481,0.1555,BAJO RIESGO,ORIENTE,MACROREGION ORIENTE,-8.45055555555556,-76.3263888888889,512.0
221003,SAN MARTIN,TOCACHE,POLVORA,POLVORA (TOCACHE),2025,2026,0.2093023255813953,0.2086,BAJO RIESGO,ORIENTE,MACROREGION ORIENTE,-7.90777777777778,-76.6677777777778,543.0
221006,SAN MARTIN,TOCACHE,SANTA LUCIA,SANTA LUCIA (TOCACHE),2025,2026,0.036036036036036,0.2038,BAJO RIESGO,ORIENTE,MACROREGION ORIENTE,,,
221004,SAN MARTIN,TOCACHE,SHUNTE,SHUNTE (TOCACHE),2025,2026,0.4736842105263157,0.6656,BAJO RIESGO,ORIENTE,MACROREGION ORIENTE,-8.35166666666667,-76.7297222222222,1015.0
221001,SAN MARTIN,TOCACHE,TOCACHE,TOCACHE (TOCACHE),2025,2026,0.2426666666666666,0.2076,BAJO RIESGO,ORIENTE,MACROREGION ORIENTE,-8.18833333333333,-76.5094444444444,519.0
221005,SAN MARTIN,TOCACHE,UCHIZA,UCHIZA (TOCACHE),2025,2026,0.1220338983050847,0.1554,BAJO RIESGO,ORIENTE,MACROREGION ORIENTE,-8.45833333333333,-76.4616666666667,566.0
230202,TACNA,CANDARAVE,CAIRANI,CAIRANI (CANDARAVE),2025,2026,0.8181818181818182,0.7925,ALTO RIESGO,SUR,MACROREGION SUR,-17.2852777777778,-70.3636111111111,3389.0
230203,TACNA,CANDARAVE,CAMILACA,CAMILACA (CANDARAVE),2025,2026,0.75,0.7917,ALTO RIESGO,SUR,MACROREGION SUR,-17.2425,-70.3880555555555,3853.0
230201,TACNA,CANDARAVE,CANDARAVE,CANDARAVE (CANDARAVE),2025,2026,0.4333333333333333,0.7191,ALTO RIESGO,SUR,MACROREGION SUR,-17.2680555555556,-70.2502777777778,3427.0
230204,TACNA,CANDARAVE,CURIBAYA,CURIBAYA (CANDARAVE),2025,2026,0.25,0.5001,BAJO RIESGO,SUR,MACROREGION SUR,-17.3813888888889,-70.3347222222222,2412.0
230205,TACNA,CANDARAVE,HUANUARA,HUANUARA (CANDARAVE),2025,2026,0.6666666666666666,0.756,ALTO RIESGO,SUR,MACROREGION SUR,-17.3136111111111,-70.3225,3226.0
230206,TACNA,CANDARAVE,QUILAHUANI,QUILAHUANI (CANDARAVE),2025,2026,0.5333333333333333,0.7213,ALTO RIESGO,SUR,MACROREGION SUR,-17.3183333333333,-70.2586111111111,3205.0
230302,TACNA,JORGE BASADRE,ILABAYA,ILABAYA (JORGE BASADRE),2025,2026,0.3809523809523809,0.6073,BAJO RIESGO,SUR,MACROREGION SUR,-17.4180555555556,-70.5130555555556,1387.0
230303,TACNA,JORGE BASADRE,ITE,ITE (JORGE BASADRE),2025,2026,0.0,0.1971,BAJO RIESGO,SUR,MACROREGION SUR,-17.8616666666667,-70.9658333333333,160.0
230301,TACNA,JORGE BASADRE,LOCUMBA,LOCUMBA (JORGE BASADRE),2025,2026,0.1444444444444444,0.1827,BAJO RIESGO,SUR,MACROREGION SUR,-17.6138888888889,-70.7627777777778,589.0
230102,TACNA,TACNA,ALTO DE LA ALIANZA,ALTO DE LA ALIANZA (TACNA),2025,2026,0.0795947901591895,0.158,BAJO RIESGO,SUR,MACROREGION SUR,-17.9930555555556,-70.2477777777778,603.0
230103,TACNA,TACNA,CALANA,CALANA (TACNA),2025,2026,0.5492957746478874,0.7841,ALTO RIESGO,SUR,MACROREGION SUR,-17.9433333333333,-70.1883333333333,881.0
230104,TACNA,TACNA,CIUDAD NUEVA,CIUDAD NUEVA (TACNA),2025,2026,0.1992287917737789,0.1969,BAJO RIESGO,SUR,MACROREGION SUR,-17.9819444444444,-70.2380555555555,695.0
230110,TACNA,TACNA,CORONEL GREGORIO ALBARRACIN LANCHIPA,CORONEL GREGORIO ALBARRACIN LANCHIPA (TACNA),2025,2026,0.2491638795986622,0.2727,BAJO RIESGO,SUR,MACROREGION SUR,-18.0430555555556,-70.2516666666667,562.0
230105,TACNA,TACNA,INCLAN,INCLAN (TACNA),2025,2026,0.1451612903225806,0.2114,BAJO RIESGO,SUR,MACROREGION SUR,-17.7938888888889,-70.4947222222222,519.0
230111,TACNA,TACNA,LA YARADA LOS PALOS,LA YARADA LOS PALOS (TACNA),2025,2026,0.1020408163265306,0.1421,BAJO RIESGO,SUR,MACROREGION SUR,-18.2861111111111,-70.4391666666667,42.0
230106,TACNA,TACNA,PACHIA,PACHIA (TACNA),2025,2026,0.28,0.4659,BAJO RIESGO,SUR,MACROREGION SUR,-17.8963888888889,-70.1538888888889,1087.0
230107,TACNA,TACNA,PALCA,PALCA (TACNA),2025,2026,0.064516129032258,0.2701,BAJO RIESGO,SUR,MACROREGION SUR,-17.7783333333333,-69.9597222222222,2939.0
230108,TACNA,TACNA,POCOLLAY,POCOLLAY (TACNA),2025,2026,0.1003039513677811,0.17,BAJO RIESGO,SUR,MACROREGION SUR,-17.9966666666667,-70.2258333333333,690.0
230109,TACNA,TACNA,SAMA,SAMA (TACNA),2025,2026,0.0212765957446808,0.1934,BAJO RIESGO,SUR,MACROREGION SUR,-17.8625,-70.56,397.0
230101,TACNA,TACNA,TACNA,TACNA (TACNA),2025,2026,0.1597510373443983,0.1784,BAJO RIESGO,SUR,MACROREGION SUR,-18.0019444444444,-70.2519444444444,583.0
230403,TACNA,TARATA,ESTIQUE,ESTIQUE (TARATA),2022,2026,1.0,0.7633,ALTO RIESGO,SUR,MACROREGION SUR,-17.5419444444445,-70.0183333333333,3149.0
230404,TACNA,TARATA,ESTIQUE-PAMPA,ESTIQUE-PAMPA (TARATA),2024,2026,1.0,0.7581,ALTO RIESGO,SUR,MACROREGION SUR,-17.5386111111111,-70.0313888888889,3064.0
230402,TACNA,TARATA,HEROES ALBARRACIN CHUCATAMANI,HEROES ALBARRACIN CHUCATAMANI (TARATA),2025,2026,1.0,0.7657,ALTO RIESGO,SUR,MACROREGION SUR,-17.4805555555556,-70.1230555555555,2352.0
230405,TACNA,TARATA,SITAJARA,SITAJARA (TARATA),2024,2026,1.0,0.7642,ALTO RIESGO,SUR,MACROREGION SUR,-17.3752777777778,-70.1338888888889,3163.0
230406,TACNA,TARATA,SUSAPAYA,SUSAPAYA (TARATA),2025,2026,0.7142857142857143,0.7608,ALTO RIESGO,SUR,MACROREGION SUR,-17.3480555555556,-70.1336111111111,3462.0
230401,TACNA,TARATA,TARATA,TARATA (TARATA),2025,2026,0.4264705882352941,0.7242,ALTO RIESGO,SUR,MACROREGION SUR,-17.475,-70.0319444444445,3077.0
230407,TACNA,TARATA,TARUCACHI,TARUCACHI (TARATA),2025,2026,0.3,0.518,BAJO RIESGO,SUR,MACROREGION SUR,-17.5258333333333,-70.0316666666667,3054.0
230408,TACNA,TARATA,TICACO,TICACO (TARATA),2025,2026,0.3,0.5341,BAJO RIESGO,SUR,MACROREGION SUR,-17.4472222222222,-70.0466666666667,3272.0
240203,TUMBES,CONTRALMIRANTE VILLAR,CANOAS DE PUNTA SAL,CANOAS DE PUNTA SAL (CONTRALMIRANTE VILLAR),2025,2026,0.0225806451612903,0.1418,BAJO RIESGO,NORTE,MACROREGION NORTE,-3.95055555555556,-80.94,66.0
240202,TUMBES,CONTRALMIRANTE VILLAR,CASITAS,CASITAS (CONTRALMIRANTE VILLAR),2025,2026,0.056338028169014,0.1636,BAJO RIESGO,NORTE,MACROREGION NORTE,-3.94222222222222,-80.6511111111111,137.0
240201,TUMBES,CONTRALMIRANTE VILLAR,ZORRITOS,ZORRITOS (CONTRALMIRANTE VILLAR),2025,2026,0.1220657276995305,0.1418,BAJO RIESGO,NORTE,MACROREGION NORTE,-3.6775,-80.6680555555555,11.0
240102,TUMBES,TUMBES,CORRALES,CORRALES (TUMBES),2025,2026,0.0515075376884422,0.1322,BAJO RIESGO,NORTE,MACROREGION NORTE,-3.60138888888889,-80.4805555555556,27.0
240103,TUMBES,TUMBES,LA CRUZ,LA CRUZ (TUMBES),2025,2026,0.0431654676258992,0.1332,BAJO RIESGO,NORTE,MACROREGION NORTE,-3.63722222222222,-80.59,10.0
240104,TUMBES,TUMBES,PAMPAS DE HOSPITAL,PAMPAS DE HOSPITAL (TUMBES),2025,2026,0.0567375886524822,0.1478,BAJO RIESGO,NORTE,MACROREGION NORTE,-3.69333333333333,-80.4391666666667,28.0
240105,TUMBES,TUMBES,SAN JACINTO,SAN JACINTO (TUMBES),2025,2026,0.0238095238095238,0.1463,BAJO RIESGO,NORTE,MACROREGION NORTE,-3.64083333333333,-80.4452777777778,23.0
240106,TUMBES,TUMBES,SAN JUAN DE LA VIRGEN,SAN JUAN DE LA VIRGEN (TUMBES),2025,2026,0.0275862068965517,0.1362,BAJO RIESGO,NORTE,MACROREGION NORTE,-3.62777777777778,-80.4336111111111,26.0
240101,TUMBES,TUMBES,TUMBES,TUMBES (TUMBES),2025,2026,0.0801033591731266,0.132,BAJO RIESGO,NORTE,MACROREGION NORTE,-3.57111111111111,-80.4591666666667,9.0
240302,TUMBES,ZARUMILLA,AGUAS VERDES,AGUAS VERDES (ZARUMILLA),2025,2026,0.0961538461538461,0.132,BAJO RIESGO,NORTE,MACROREGION NORTE,-3.48166666666667,-80.245,13.0
240303,TUMBES,ZARUMILLA,MATAPALO,MATAPALO (ZARUMILLA),2025,2026,0.1138613861386138,0.1576,BAJO RIESGO,NORTE,MACROREGION NORTE,-3.68222222222222,-80.1997222222222,69.0
240304,TUMBES,ZARUMILLA,PAPAYAL,PAPAYAL (ZARUMILLA),2025,2026,0.073469387755102,0.1338,BAJO RIESGO,NORTE,MACROREGION NORTE,-3.57138888888889,-80.235,36.0
240301,TUMBES,ZARUMILLA,ZARUMILLA,ZARUMILLA (ZARUMILLA),2025,2026,0.1234735413839891,0.1322,BAJO RIESGO,NORTE,MACROREGION NORTE,-3.50111111111111,-80.2755555555555,15.0
250201,UCAYALI,ATALAYA,RAYMONDI,RAYMONDI (ATALAYA),2025,2026,0.2001560671088568,0.2361,BAJO RIESGO,ORIENTE,MACROREGION ORIENTE,-10.7297222222222,-73.7552777777778,256.0
250202,UCAYALI,ATALAYA,SEPAHUA,SEPAHUA (ATALAYA),2025,2026,0.0795660036166365,0.1995,BAJO RIESGO,ORIENTE,MACROREGION ORIENTE,-11.1372222222222,-73.0455555555556,277.0
250203,UCAYALI,ATALAYA,TAHUANIA,TAHUANIA (ATALAYA),2025,2026,0.1251271617497456,0.205,BAJO RIESGO,ORIENTE,MACROREGION ORIENTE,-10.0305555555556,-73.9563888888889,197.0
250204,UCAYALI,ATALAYA,YURUA,YURUA (ATALAYA),2025,2026,0.3350515463917525,0.5421,BAJO RIESGO,ORIENTE,MACROREGION ORIENTE,-9.53138888888889,-72.76,240.0
250101,UCAYALI,CORONEL PORTILLO,CALLERIA,CALLERIA (CORONEL PORTILLO),2025,2026,0.1808686091258933,0.1976,BAJO RIESGO,ORIENTE,MACROREGION ORIENTE,-8.36805555555556,-74.5433333333333,162.0
250102,UCAYALI,CORONEL PORTILLO,CAMPOVERDE,CAMPOVERDE (CORONEL PORTILLO),2025,2026,0.0925925925925925,0.1488,BAJO RIESGO,ORIENTE,MACROREGION ORIENTE,-8.47194444444444,-74.8052777777778,203.0
250103,UCAYALI,CORONEL PORTILLO,IPARIA,IPARIA (CORONEL PORTILLO),2025,2026,0.237063778580024,0.2734,BAJO RIESGO,ORIENTE,MACROREGION ORIENTE,-9.30611111111111,-74.4355555555556,170.0
250107,UCAYALI,CORONEL PORTILLO,MANANTAY,MANANTAY (CORONEL PORTILLO),2025,2026,0.1720461095100864,0.1642,BAJO RIESGO,ORIENTE,MACROREGION ORIENTE,-8.40027777777778,-74.5413888888889,165.0
250104,UCAYALI,CORONEL PORTILLO,MASISEA,MASISEA (CORONEL PORTILLO),2025,2026,0.2259259259259259,0.2734,BAJO RIESGO,ORIENTE,MACROREGION ORIENTE,-8.60472222222222,-74.3061111111111,150.0
250106,UCAYALI,CORONEL PORTILLO,NUEVA REQUENA,NUEVA REQUENA (CORONEL PORTILLO),2025,2026,0.1854460093896713,0.2109,BAJO RIESGO,ORIENTE,MACROREGION ORIENTE,-8.32055555555556,-74.8513888888888,183.0
250105,UCAYALI,CORONEL PORTILLO,YARINACOCHA,YARINACOCHA (CORONEL PORTILLO),2025,2026,0.2248040313549832,0.193,BAJO RIESGO,ORIENTE,MACROREGION ORIENTE,-8.35555555555556,-74.5758333333333,131.0
250305,UCAYALI,PADRE ABAD,ALEXANDER VON HUMBOLDT,ALEXANDER VON HUMBOLDT (PADRE ABAD),2025,2026,0.0575916230366492,0.1439,BAJO RIESGO,ORIENTE,MACROREGION ORIENTE,-8.8275,-75.0508333333333,237.0
250307,UCAYALI,PADRE ABAD,BOQUERON,BOQUERON (PADRE ABAD),2025,2026,0.2,0.2463,BAJO RIESGO,ORIENTE,MACROREGION ORIENTE,,,
250303,UCAYALI,PADRE ABAD,CURIMANA,CURIMANA (PADRE ABAD),2025,2026,0.1265822784810126,0.1674,BAJO RIESGO,ORIENTE,MACROREGION ORIENTE,-8.43333333333333,-75.1477777777778,181.0
250306,UCAYALI,PADRE ABAD,HUIPOCA,HUIPOCA (PADRE ABAD),2025,2026,0.0774193548387096,0.1998,BAJO RIESGO,ORIENTE,MACROREGION ORIENTE,,,
250302,UCAYALI,PADRE ABAD,IRAZOLA,IRAZOLA (PADRE ABAD),2025,2026,0.1042584434654919,0.1591,BAJO RIESGO,ORIENTE,MACROREGION ORIENTE,-8.82861111111111,-75.2133333333333,228.0
250304,UCAYALI,PADRE ABAD,NESHUYA,NESHUYA (PADRE ABAD),2025,2026,0.1612903225806451,0.1787,BAJO RIESGO,ORIENTE,MACROREGION ORIENTE,-8.64,-74.9644444444445,193.0
250301,UCAYALI,PADRE ABAD,PADRE ABAD,PADRE ABAD (PADRE ABAD),2025,2026,0.1131351869606903,0.1701,BAJO RIESGO,ORIENTE,MACROREGION ORIENTE,-9.03361111111111,-75.5075,275.0
250401,UCAYALI,PURUS,PURUS,PURUS (PURUS),2025,2026,0.2584269662921348,0.364,BAJO RIESGO,ORIENTE,MACROREGION ORIENTE,-9.77222222222223,-70.7097222222222,228.0
130112,,,, (),2025,2026,0.0142397795130914,0.2015,BAJO RIESGO,,,,,
180107,,,, (),2025,2026,0.2667946257197697,0.3833,BAJO RIESGO,,,,,
