ubigeo,distrito,departamento,pct_cultivo,pct_construido,pct_desnudo,pct_agua_visible,n_edificios,area_construida_m2,confianza_media,area_distrito_km2,densidad_edificios_km2,elevacion_media,pendiente_media,pct_agua_permanente,pct_agua_estacional,altitude,superficie,pob_densidad_2020,n_anios_promediados,tau,tau_ci_lower,tau_ci_upper,significativo
10101,CHACHAPOYAS,AMAZONAS,0.00313315,0.030528473,0.0033348780000000003,0.0001068,16298.0,1306565.43,0.78318525,153.7956021,105.97182089999998,2423.265986,21.25283667,0.019573978,0.44858952199999996,2338.0,153.78,201.437118,5,0.009133286055024297,0.005412591189334819,0.01285398092071377,True
10102,ASUNCION,AMAZONAS,0.000308348,0.001398451,0.00136157,0.0,302.0,21432.99951,0.788231125,35.00258069,8.627935257,2819.011116,19.81978082,0.0,0.0,2823.0,25.71,13.96343835,4,0.008913617605852044,-0.0075846496185740485,0.025411884830278134,False
10103,BALSAS,AMAZONAS,0.000516714,0.001680961,0.007187608,0.005965104,1499.0,97138.84757,0.786790794,318.2684209,4.709860927,2332.129471,30.77610403,0.146739287,0.581834417,859.0,357.09,4.046598897,5,0.006656922640629253,0.0015004210257970945,0.011813424255461422,True
10104,CHETO,AMAZONAS,2.49e-05,0.001273017,0.000124275,0.0,772.0,53120.83792,0.773571631,70.59641221,10.93539991,2525.921415,20.67945416,0.0,1.0,2143.0,56.970000000000006,13.56854485,5,0.012944568469743076,0.007391521885182649,0.01849761505430349,True
10105,CHILIQUIN,AMAZONAS,3.92e-05,0.000113061,0.00060738,0.0,732.0,42724.6775,0.798721857,142.1948243,5.147866692,2626.557058,22.79557761,0.0,0.0,2677.0,143.43,6.8326012689999995,5,0.013791781902178871,0.0028768156131976277,0.02470674819116011,True
10106,CHUQUIBAMBA,AMAZONAS,0.001119272,0.0018101329999999998,0.00359197,0.005475828,1324.0,102811.0364,0.790862386,184.5003933,7.176136464,2751.638458,26.1915886,0.27101995,0.642450769,2803.0,278.63,7.913720705,5,0.02311839276307601,0.01014671671391753,0.03609006881223449,True
10107,GRANADA,AMAZONAS,4.09e-05,0.000348115,0.001266063,0.010353011,432.0,38722.7533,0.8073081030000001,171.8409253,2.513952944,3371.819079,15.49428418,0.505293701,0.331375446,3041.0,181.41,3.153078662,5,0.020830936430267087,0.009255741934666573,0.032406130925867596,True
10108,HUANCAS,AMAZONAS,0.005318448,0.00265782,0.007326095,0.000169601,585.0,41305.39519,0.794009914,46.40689589,12.60588515,2198.934832,25.82741355,0.0,0.628198695,2591.0,48.79,10.80139373,5,0.01294262904589145,0.006620068755649191,0.019265189336133706,True
10109,LA JALCA,AMAZONAS,0.010692685,0.002727873,0.000702262,7.07e-06,2729.0,177920.5288,0.797978307,124.5399366,21.91264966,2919.866415,18.88575146,0.0,0.590080972,2869.0,380.39,16.05983333,5,0.018045896992858478,0.011125291977551625,0.02496650200816533,True
10110,LEIMEBAMBA,AMAZONAS,0.000522236,0.000701937,7.43e-05,0.000664214,2319.0,177727.5466,0.785143467,382.1289214,6.068632522,3363.1799830000004,21.66565126,0.423255814,0.562790698,2226.0,373.14,9.755051723,5,0.013404384060816866,0.009146794482968072,0.017661973638665666,True
10111,LEVANTO,AMAZONAS,0.001282892,0.001992746,0.000319993,0.0,773.0,48712.32928,0.79698991,75.11933706,10.29029316,2751.445083,20.70369346,0.0,0.272646929,2681.0,77.54,14.72788238,5,0.022081967135348123,0.006288861807842005,0.03787507246285424,True
10112,MAGDALENA,AMAZONAS,0.00354982,0.00211175,0.000546324,6.64e-06,1682.0,106895.6967,0.781112664,135.9238667,12.37457439,2697.475779,19.86542931,0.0,0.150081948,1892.0,135.47,7.211928840000001,5,0.008007767559812393,0.0008616083470018854,0.0151539267726229,True
10113,MARISCAL CASTILLA,AMAZONAS,0.011932758,0.001947821,0.000378666,0.000113622,1644.0,155613.7299,0.792963018,79.16568118,20.7665743,2925.158444,17.45476896,0.0,0.0,2210.0,83.58,12.96960995,5,0.011000201748284328,0.00556407397003417,0.01643632952653449,True
10114,MOLINOPAMPA,AMAZONAS,8.64e-05,0.001519246,0.001307526,0.000544311,2792.0,212444.8895,0.79152611,341.6644536,8.171760248,2772.364988,16.08505645,0.554447577,0.292601368,2405.0,333.86,7.868567663,5,0.013861233781163154,0.007449959104854678,0.020272508457471628,True
10115,MONTEVIDEO,AMAZONAS,0.000373597,0.000862147,6.47e-05,0.0,613.0,61474.58365,0.791731483,123.4929211,4.963847277,2833.332436,21.03190508,0.0,0.0,2421.0,119.01,6.377615326,4,0.010950303085857736,0.0006076227076412307,0.02129298346407424,True
10116,OLLEROS,AMAZONAS,4.17e-05,4.25e-05,0.000358957,1.67e-05,296.0,24627.71287,0.8110206100000001,107.2108603,2.760914325,3164.66383,19.35665859,0.0,0.181466782,3053.0,125.16,3.755193353,5,0.014188943952352139,-0.00042018800459919965,0.028798075909303476,False
10117,QUINJALCA,AMAZONAS,0.000322947,0.001134645,0.000179391,0.0,752.0,54125.058730000004,0.8055879000000001,82.79942419,9.082188763,3091.287245,16.17551851,0.0,0.0,3151.0,91.59,11.16934163,5,0.013671813424958129,0.0018066110889243363,0.02553701576099192,True
10118,SAN FRANCISCO DE DAGUAS,AMAZONAS,0.0018252439999999997,0.007417977000000001,0.000563347,0.0,1105.0,82520.3061,0.78193457,40.55677319,27.245757320000003,2362.414927,19.56945464,0.0,0.0,2254.0,47.41,7.382408775,5,0.011036893003559124,0.006293706709475295,0.015780079297642954,True
10119,SAN ISIDRO DE MAINO,AMAZONAS,0.00147768,0.0008931040000000001,0.001602779,0.0,692.0,33163.00438,0.78719263,108.3765666,6.385144149,2854.943839,20.06904969,0.0,0.0,2339.0,101.67,6.973541851,5,0.007226208413251399,0.0005891128214187136,0.013863304005084082,True
10120,SOLOCO,AMAZONAS,0.000977137,0.000691864,1.13e-05,0.0,528.0,37538.18508,0.778993751,75.05367743,7.034965082000001,2936.085645,20.85355747,0.0,0.0,2387.0,84.48,19.62594697,5,0.009031596323978928,0.0021576927156971926,0.01590549993226066,True
10121,SONCHE,AMAZONAS,2.19e-05,0.000720997,0.002952517,0.00043888,504.0,30336.93947,0.783594048,120.63401400000001,4.177926135,2388.462761,21.238743,0.0,0.745850879,2089.0,113.26000000000002,3.4169168290000003,5,0.008152683679217341,0.0018973348835361207,0.014408032474898561,True
10201,BAGUA,AMAZONAS,0.153004895,0.030708928000000003,0.004407215,0.016298821,18890.0,1626678.264,0.793957634,133.5488758,141.4463423,595.4209286,12.41001898,0.093032547,0.360514309,408.0,150.99,181.6212994,5,0.010659623652884266,0.00750388687646906,0.013815360429299471,True
10202,ARAMANGO,AMAZONAS,3.35e-05,0.000755843,0.001020017,0.004486775,5709.0,471150.6788,0.794585882,775.0165072,7.366294714,1272.142434,24.54075584,0.021433366,0.8894960229999999,502.0,809.07,15.32129482,5,0.009794564887203606,0.006438854102852798,0.013150275671554409,True
10203,COPALLIN,AMAZONAS,0.036445208,0.00394907,0.00269646,0.005178582,2289.0,183962.9456,0.785646526,99.3678913,23.0356101,1313.532671,16.37485572,0.039554739,0.344507565,693.0,99.05,57.48611812,5,0.007404171334778662,0.0016521304166792405,0.01315621225287808,True
10204,EL PARCO,AMAZONAS,0.094887278,0.008759043,4.87e-05,0.0,1055.0,77805.8769,0.796128625,18.24462738,57.82524235999999,653.8089205,11.54814872,0.0,0.293440736,626.0,18.48,93.01948052,5,0.01007530438169285,0.0049746824766248796,0.015175926286760818,True
10205,IMAZA,AMAZONAS,7.5e-05,0.00022118800000000004,0.000349695,0.005608765,5720.0,341313.1768,0.779834965,4605.115822,1.242096881,907.9757201,19.43509229,0.052248686,0.643072065,317.0,4430.84,9.245199556,5,0.013171676290224543,0.007705998638893116,0.018637353941555967,True
10206,LA PECA,AMAZONAS,0.015549781000000002,0.004707684,0.000759231,6.440000000000001e-06,3477.0,301800.8635,0.78498027,138.6675672,25.07435639,1075.345132,18.25271401,0.0,0.0,892.0,144.29,68.70885023,5,0.008248427607633403,0.0009302108984871943,0.015566644316779614,True
10301,JUMBILLA,AMAZONAS,0.0,0.001311528,0.000978625,0.000190325,1384.0,99712.13729,0.762733671,159.2975612,8.688143055,2687.265106,20.9801979,0.0,0.773276904,2081.0,154.18,7.867427682000001,5,0.006072379275184712,-0.003127510943764745,0.015272269494134176,False
10302,CHISQUILLA,AMAZONAS,0.0,0.000178149,0.00019448,0.0,345.0,27144.43127,0.776369855,162.4748637,2.123405382,2827.586712,21.31406341,0.0,0.140995261,2057.0,174.96,3.006401463,5,0.009773551202460803,0.0006522086266434884,0.018894893778278115,True
10303,CHURUJA,AMAZONAS,0.0,0.003636408,0.0036135470000000004,0.000809099,634.0,42657.0643,0.767788171,31.941661469999996,19.84868572,2189.984818,17.9615557,0.147105889,0.443992319,1399.0,33.34,11.45770846,5,0.007731293060679277,0.0009448045028120416,0.01451778161854651,True
10304,COROSHA,AMAZONAS,9.57e-05,0.000715255,8.95e-06,0.0,274.0,15200.96362,0.765830291,64.44853114,4.251454535,2394.865894,19.93589225,0.0,0.0,2297.0,45.67,21.69914605,5,0.009206074870720274,0.002734964231294953,0.015677185510145596,True
10305,CUISPES,AMAZONAS,0.0,0.001581964,8.41e-05,9.35e-06,1900.0,121861.37379999999,0.783601158,96.84655543,19.61866368,2222.87098,20.81549868,0.0,1.0,1912.0,110.72,7.469291908,5,0.009415289001278745,0.005043125964705182,0.013787452037852307,True
10306,FLORIDA,AMAZONAS,0.000156895,0.00437474,0.000181033,0.019213587,5329.0,359321.1121,0.797804898,222.95812940000002,23.90134872,2396.222776,20.91739959,0.950616592,0.032257619,2251.0,203.22,31.886625330000005,5,0.01213789785498216,0.007203444863455637,0.017072350846508683,True
10307,JAZAN,AMAZONAS,0.00036145,0.007977703,0.000911516,0.000282167,3835.0,303073.0264,0.784598331,76.06520559,50.4172699,1935.159379,25.38913788,0.128479888,0.40563243799999993,1342.0,88.83,94.46133063,5,0.00865030102347113,0.0051975183686215655,0.012103083678320695,True
10308,RECTA,AMAZONAS,3.35e-05,0.0008039849999999999,3.35e-05,0.0,228.0,17678.02326,0.780564472,28.16491206,8.095178836,2440.895708,17.20794335,0.0,0.0,2166.0,24.58,13.87306753,5,0.004127542407491358,-0.000849308841476968,0.009104393656459679,False
10309,SAN CARLOS,AMAZONAS,0.0,0.000674411,0.000561199,0.000207801,686.0,52506.23712,0.792121575,112.9031507,6.076004045,2702.620739,16.8221927,0.010572139,0.190547264,1942.0,100.76,5.11115522,4,0.00791065285873479,0.00026477793435414863,0.01555652778311543,True
10310,SHIPASBAMBA,AMAZONAS,2.81e-05,0.001644477,0.001268687,0.000726276,1813.0,126863.58670000001,0.78689112,125.8724954,14.40346434,2071.596069,29.822381319999998,0.057545306,0.705024478,1668.0,127.29,14.42375678,5,0.010949006719883865,0.005677852763982843,0.016220160675784887,True
10311,VALERA,AMAZONAS,0.000222747,0.001297866,0.001211571,0.000208173,1284.0,81221.56123,0.787527571,78.34138393,16.38980492,2241.528459,23.42595717,0.039148589,0.568000815,1928.0,90.14,12.29199024,5,0.009508378679736262,0.004879109507004415,0.014137647852468106,True
10312,YAMBRASBAMBA,AMAZONAS,0.0,0.000338731,0.000125458,5.34e-05,4858.0,316188.0904,0.8030659119999999,1686.682229,2.880210579,1771.675932,19.44755378,0.0071691640000000004,0.295277188,1887.0,1715.9599999999998,3.919089023,5,0.011600866497475196,0.006407358304211445,0.016794374690738946,True
10401,NIEVA,AMAZONAS,5.32e-06,0.000140945,0.000635933,0.014548021,9872.0,684841.504,0.8037108790000002,4200.773584,2.350043344,506.34471169999995,12.73514154,0.175873543,0.479698375,189.0,4481.63,8.402969455,5,0.014873395017742867,0.007756307064590805,0.021990482970894926,True
10402,EL CENEPA,AMAZONAS,3.18e-07,3.0199999999999995e-05,0.000171206,0.002379607,5816.0,363466.3553,0.799133288,5633.708445,1.032357293,951.8187429,18.26970677,0.20424848300000004,0.358229223,253.0,5458.48,3.312643813,5,0.017766998950563353,0.011080981330769022,0.024453016570357682,True
10403,RIO SANTIAGO,AMAZONAS,6.62e-07,3.88e-05,0.00012872,0.016711998,3491.0,208686.8463,0.800855944,8110.330618,0.430438679,543.8126929,13.06311261,0.577415721,0.252139816,190.0,8035.280000000001,2.507317729,5,0.021079512460346294,0.014414742946361449,0.02774428197433114,True
10501,LAMUD,AMAZONAS,0.018155943,0.007841341,0.001690334,0.000273216,2640.0,227841.4713,0.787304697,73.41009804,35.96235491,2465.634583,18.92526009,0.032807877,0.730207091,2328.0,69.49,31.97582386,5,0.007677662850079886,0.0031035937338783556,0.012251731966281414,True
10502,CAMPORREDONDO,AMAZONAS,3.29e-05,0.0031997860000000005,0.00074147,0.00291659,6054.0,415805.1965,0.78946338,219.65609279999998,27.56126599,1675.8566910000002,24.83290265,0.0,0.9712094710000001,1748.0,376.01,18.20696258,5,0.007481609154563412,0.0030412850829735277,0.011921933226153295,True
10503,COCABAMBA,AMAZONAS,0.000343565,0.000287763,0.006902229,0.003090719,1668.0,110638.79490000001,0.803830456,342.4433656,4.870878421,2232.041988,30.325181300000004,0.29690584,0.664658307,2273.0,355.85,6.536461992000001,5,0.015441095208841358,0.006785269729832151,0.024096920687850562,True
10504,COLCAMAR,AMAZONAS,0.000928312,0.002251942,0.000923853,5.73e-05,2643.0,164047.8398,0.800334544,108.04974689999999,24.46095502,2826.016081,20.73859236,0.0,0.253777473,2355.0,106.6,21.49155722,5,0.014209255836791557,0.0075997735254296865,0.020818738148153423,True
10505,CONILA,AMAZONAS,5.009999999999999e-05,0.000128782,0.000322341,0.0,289.0,16071.110510000002,0.789399308,249.6602336,1.157573218,2544.728113,21.63484852,0.0,0.110250088,2767.0,256.17,8.115704415,5,0.010831858453223894,0.0026717163779732666,0.01899200052847452,True
10506,INGUILPATA,AMAZONAS,0.000261691,0.0009568109999999999,0.00041650599999999997,0.000154815,1496.0,79660.64797,0.786851938,118.99333759999999,12.57213245,2721.334377,23.09611684,0.0,0.550071999,2380.0,118.04,5.066079295,5,0.009352546331728114,0.005038040955468072,0.013667051707988154,True
10507,LONGUITA,AMAZONAS,0.005241979,0.002553815,8.74e-05,0.0,1057.0,65798.62511,0.807746831,58.90223622,17.94498932,3203.303433,24.6303147,0.0,0.0,2799.0,57.90999999999999,18.73596961,5,0.016545656975315553,0.007158824895029101,0.025932489055602005,True
10508,LONYA CHICO,AMAZONAS,0.002698813,0.006601894999999999,0.000594768,0.0,3083.0,179955.4448,0.791362666,69.79296101,44.17350913,2625.628629,19.06070375,0.0,0.0,2329.0,83.82,12.16893343,5,0.010214735614502089,0.005272274876118633,0.015157196352885543,True
10509,LUYA,AMAZONAS,0.033766526,0.014132543000000001,0.005907669,0.000248997,5772.0,441902.6378,0.795233507,83.34497433,69.25432573,2450.940488,15.779155989999998,0.074102057,0.211554109,2359.0,91.21,45.65288894,5,0.011900705256995344,0.006095114562386699,0.01770629595160398,True
10510,LUYA VIEJO,AMAZONAS,0.005552969,0.001465712,9.04e-05,0.0,470.0,35668.93889,0.793342765,68.00991681,6.9107568729999995,2551.475734,21.68961832,0.0,0.425531915,2924.0,73.87,6.633274672000001,5,0.013572470612653867,0.0033455965502388867,0.02379934467506884,True
10511,MARIA,AMAZONAS,0.000282529,0.0005852,0.000300613,0.0,626.0,38617.59467,0.800099202,88.05990836,7.108796859,3168.021717,26.47852869,0.0,0.0,2757.0,80.27,12.819235080000002,5,0.018220593903387722,0.006643175054458043,0.029798012752317398,True
10512,OCALLI,AMAZONAS,1.03e-05,0.0019452739999999999,8.36e-05,0.0,1800.0,133812.5935,0.792008333,172.6199532,10.4275315,2028.538637,26.313297120000005,0.0,1.0,1757.0,177.39,19.6234286,5,0.01231607440349119,0.007595109030698146,0.01703703977628423,True
10513,OCUMAL,AMAZONAS,6.25e-05,0.0016499079999999998,0.000756635,0.002323082,4372.0,298834.3684,0.794757845,365.2988333,11.9682835,2051.535407,27.032072460000002,0.07437124,0.8969908610000001,1898.0,235.86000000000004,16.8404986,5,0.01103153340597104,0.006442750539599811,0.015620316272342265,True
10514,PISUQUIA,AMAZONAS,5.75e-05,0.000614923,0.001937289,0.002244181,1734.0,132114.6508,0.8144803919999999,291.9557959,5.939255271,2364.659054,28.772789080000003,0.204369411,0.771067136,2049.0,306.5,19.09298532,5,0.012088580328400326,0.0031061405571479375,0.021071020099652712,True
10515,PROVIDENCIA,AMAZONAS,7.73e-06,0.000749781,0.001105347,0.004150182,599.0,38974.80691,0.800271954,116.90705640000002,5.123728357,1663.513714,30.931735499999995,0.008929259,0.947250839,1784.0,71.22,22.74641955,5,0.01066583061650153,0.0022123354557280327,0.019119325777275025,True
10516,SAN CRISTOBAL,AMAZONAS,0.00946236,0.004262256,0.005514613,0.000337989,411.0,31669.98051,0.802445985,35.68541584,11.51731009,2375.420969,23.36815426,0.129339767,0.40467223699999993,2636.0,33.36,21.43285372,5,0.011073171759981099,-0.0014614388870842956,0.023607782407046488,False
10517,SAN FRANCISCO DEL YESO,AMAZONAS,0.000539077,0.0008625800000000002,0.000292666,1.95e-05,1353.0,107232.82950000002,0.792002292,182.4971522,7.413814317000001,2895.618898,24.2452977,0.0,0.0,2404.0,113.94000000000001,6.951026856,5,0.011779378026484872,0.0028077184039222783,0.02075103764904746,True
10518,SAN JERONIMO,AMAZONAS,0.000372255,0.002216812,0.001332537,0.000336671,1961.0,152929.0855,0.78457695,208.6903054,9.396699075,2212.888214,25.1783055,0.082868078,0.372906352,2498.0,214.66,4.188018261,5,0.00676093617920502,-0.003772424580323337,0.017294296938733373,False
10519,SAN JUAN DE LOPECANCHA,AMAZONAS,0.001326369,0.002616631,0.000586048,0.0,1190.0,77623.03713,0.796217059,86.66440419,13.73112769,2607.848374,25.85802297,0.0,0.018867925,2164.0,88.02,7.464212679000001,5,0.011997109716426181,0.006357234122943381,0.01763698530990898,True
10520,SANTA CATALINA,AMAZONAS,0.000274592,0.00117545,0.000277925,0.0,837.0,52838.08487,0.779724135,165.3670851,5.061466732,2288.434323,23.52859284,0.0,1.0,2574.0,126.21,16.55970208,5,0.015064774743378867,0.006894813110102907,0.023234736376654824,True
10521,SANTO TOMAS,AMAZONAS,0.000965098,0.003151478,0.00015547,2.59e-06,1709.0,154778.2622,0.800094734,90.32232262,18.92112548,2949.551102,23.42724274,0.0,1.0,2837.0,84.93,43.31802661,5,0.02175203279181742,0.016344436648869403,0.02715962893476544,True
10522,TINGO,AMAZONAS,0.0030966,0.004830964,0.000561206,8.23e-06,2572.0,163050.9487,0.779014736,109.44783750000002,23.49977907,2661.902599,27.154754309999998,0.0,0.353176244,1800.0,102.67,14.54173566,5,0.011759930172806148,0.004814994743620171,0.018704865601992124,True
10523,TRITA,AMAZONAS,0.094377096,0.020633759,6.8e-05,0.0,960.0,101521.0271,0.797908438,14.043902499999998,68.35706811,2880.841266,12.52245643,0.0,0.0,2888.0,12.68,112.5394322,5,0.0188629188723788,0.011240090529390208,0.02648574721536739,True
10601,SAN NICOLAS,AMAZONAS,6.13e-05,0.007740205,0.000823072,0.004871232,3228.0,368427.6099,0.78448228,102.5861907,31.46622347,2169.096627,18.99735641,0.099414594,0.8904091089999999,1616.0,206.01,26.40163099,5,0.009044407934001453,0.005449478965807626,0.01263933690219528,True
10602,CHIRIMOTO,AMAZONAS,0.0,0.001005359,3.21e-05,1.74e-05,1210.0,85897.07707,0.779566115,154.4061281,7.836476536000001,1946.3020949999998,20.37268979,0.0,0.603870338,1663.0,153.0,18.62745098,5,0.009198890302149237,0.005918463426968245,0.012479317177330229,True
10603,COCHAMAL,AMAZONAS,9.89e-06,0.000530416,0.000199841,0.0,1024.0,78117.29402,0.777368554,181.4829605,5.642402997,2386.947948,20.20419741,0.0,0.0,1720.0,199.44,3.92599278,5,0.005496528374543009,-0.002586997822732154,0.013580054571818172,False
10604,HUAMBO,AMAZONAS,0.0,0.002124867,2.28e-05,0.0,2548.0,250286.0804,0.782683203,77.94942085,32.68786313,1768.022336,11.07337744,0.0,0.0,1731.0,99.56,28.66613098,5,0.009478861777633171,0.0031481503490967495,0.0158095732061696,True
10605,LIMABAMBA,AMAZONAS,2.22e-05,0.000304896,0.000368244,0.000182294,1135.0,91431.85511,0.788724141,617.1479265,1.839105264,2248.329337,21.92307721,0.261398028,0.623645416,1677.0,317.88,5.662514156,5,0.005106620849834833,-0.0037470230892117816,0.013960264788881446,False
10606,LONGAR,AMAZONAS,0.0,0.001622229,0.0,0.0,1227.0,118257.2807,0.783192746,82.55798926,14.86228057,2208.696635,19.5680957,0.0,1.0,1623.0,66.24,26.46437198,5,0.013286867065139991,0.004446949735546208,0.022126784394733773,True
10607,MARISCAL BENAVIDES,AMAZONAS,0.000770303,0.0016207079999999998,0.001524976,3.48e-05,1551.0,133469.0408,0.788245003,203.3490583,7.627278987999999,2421.290448,15.134595389999998,0.002260091,0.9966098640000001,1592.0,176.18,11.02281757,5,0.008743141236851772,0.0033391226877081803,0.014147159785995362,True
10608,MILPUC,AMAZONAS,0.0,0.001308685,0.000118699,0.0,648.0,46860.81762,0.77671003,43.12711136,15.025351330000001,1773.211638,17.42565148,0.0,0.374155463,1665.0,26.8,27.7238806,5,0.008904843171998324,0.0002841048902048615,0.017525581453791787,True
10609,OMIA,AMAZONAS,0.0,0.000484666,7.07e-05,0.0,1789.0,137094.2607,0.780847177,226.05703249999996,7.913932073,2143.703632,22.19270159,0.0,1.0,1368.0,175.13,62.27944955,5,0.009973864255450013,0.005467430595971667,0.01448029791492836,True
10610,SANTA ROSA,AMAZONAS,0.0,0.002683584,0.000217588,0.0,435.0,36070.0632,0.788754943,20.3066774,21.42152512,1918.711934,14.10448348,0.0,0.0,1770.0,34.11,19.05599531,4,0.006076532339281104,-0.0020959416123125492,0.014249006290874753,False
10611,TOTORA,AMAZONAS,0.000456028,0.002997865,0.0,0.000304019,451.0,37618.50034,0.790581153,19.52977428,23.09294483,1786.40973,16.38883669,0.0,0.022923821,1674.0,6.02,82.89036545,4,0.004743448726952598,-0.0026840427180813784,0.012170940171986572,False
10612,VISTA ALEGRE,AMAZONAS,6.19e-06,8.98e-05,0.000139019,0.000144525,409.0,21984.45415,0.806686308,864.9969785999999,0.47283402199999996,2337.937379,21.12237396,0.085007728,0.690790072,1504.0,899.0200000000001,3.471557919,5,0.011883112471185162,0.0021818479800318237,0.021584376962338496,True
10701,BAGUA GRANDE,AMAZONAS,0.05188045100000001,0.009698835,0.0018928029999999998,0.002437294,37856.0,3245112.385,0.799716135,730.6154211,51.81385296,1300.51779,12.72055115,0.110316758,0.243848892,444.0,746.64,78.27600986,5,0.011170631714794118,0.005297398827746029,0.017043864601842207,True
10702,CAJARURO,AMAZONAS,0.019913844,0.001476877,0.000694545,0.001050666,19574.0,1527914.931,0.79953219,1806.639806,10.83447843,1843.929963,24.48890275,0.068996151,0.290548998,469.0,1746.23,17.0870962,5,0.011507955426346991,0.004801138631521098,0.018214772221172883,True
10703,CUMBA,AMAZONAS,0.003492028,0.004060807,0.005651072,0.008190029,7213.0,522964.6256999999,0.788575489,302.1933423,23.86882499,1245.447881,16.71140383,0.010859769,0.613345766,477.0,292.66,33.23310326,5,0.009961390975986929,0.006360411469206728,0.013562370482767129,True
10704,EL MILAGRO,AMAZONAS,0.109153313,0.0064781859999999995,0.011670902,0.013421705,6058.0,452845.9721,0.796924414,308.3291582,19.64783362,684.568073,9.143160867,0.022554249,0.382623244,392.0,313.89,19.64382427,5,0.011680705197703478,0.007752806499714525,0.01560860389569243,True
10705,JAMALCA,AMAZONAS,0.004250494,0.002519362,0.000945609,0.0008300129999999999,4941.0,383563.9082,0.793924752,351.9059649,14.040682720000001,1729.877867,18.97525811,0.084092153,0.33967565,1184.0,357.98,22.4286273,5,0.008039407324590218,0.003958588036511462,0.012120226612668969,True
10706,LONYA GRANDE,AMAZONAS,0.000143334,0.001704371,0.00070433,0.002337143,6339.0,510274.6856000001,0.790680439,365.7340778,17.33226512,1689.7558789999998,21.93130268,0.002397221,0.9271018160000001,1269.0,327.92,32.89216882,5,0.00739229135337625,0.002359783059847787,0.01242479964690471,True
10707,YAMON,AMAZONAS,0.00025202,0.002309511,0.00514913,0.005432465,1767.0,141266.4554,0.788911206,135.8746779,13.004630639999998,1435.269175,21.43112061,0.029254022,0.809866062,1052.0,57.61,64.74570387,5,0.0053467095026429115,-1.684188967259609e-05,0.010710260894958419,False
20101,HUARAZ,ANCASH,0.006671871,0.012311132,0.099564017,0.0037448949999999994,33903.0,2414800.739,0.768048872,424.4181882,79.88111948,4157.996953,20.70030642,0.610124652,0.292165467,3073.0,432.98999999999995,166.8398808,5,0.020515345823233038,0.015897296027808754,0.025133395618657323,True
20102,COCHABAMBA,ANCASH,6.5e-05,0.002511196,0.018911371,0.000669623,1782.0,91983.87903,0.771700561,138.8361566,12.8352732,3000.132465,31.316935590000003,0.43678160899999996,0.563218391,2135.0,135.65,16.59417619,5,0.01107999409399967,0.002613780244567418,0.01954620794343192,True
20103,COLCABAMBA,ANCASH,0.000227475,0.002823774,0.0234143,0.0,578.0,35744.94337,0.77764256,52.23101713,11.06622141,2479.794257,30.89211862,0.0,0.0,3154.0,50.65,7.028627838,4,0.017930936612950765,0.004101955032262235,0.03175991819363929,True
20104,HUANCHAY,ANCASH,0.002354745,0.002987284,0.089171113,0.000419659,2453.0,148314.9671,0.778309906,209.7171516,11.69670664,2996.212927,27.28712471,0.0,1.0,2592.0,209.34,10.45189644,5,0.020246278662752654,0.013542117363469715,0.026950439962035593,True
20105,INDEPENDENCIA,ANCASH,0.020394218,0.023488142,0.152033407,0.006873997,53275.0,3497918.6269999994,0.769582303,346.9577797,153.548942,4157.207561,21.9754733,0.692185986,0.239856135,3047.0,342.95,221.0730427,5,0.021215099039662223,0.01772478713362396,0.024705410945700487,True
20106,JANGAS,ANCASH,0.007303572999999999,0.014961962,0.039395475,0.002650222,6333.0,362140.6106,0.771233333,62.52131586,101.2934535,3781.176338,21.23731714,0.175011495,0.48028942699999994,2824.0,59.84000000000001,95.27072193,5,0.02086684211443754,0.013818199153630677,0.02791548507524439,True
20107,LA LIBERTAD,ANCASH,2.42e-05,0.002933011,0.029359069000000005,0.000695991,1057.0,61140.24777,0.76798297,148.9872113,7.094568659000001,3999.54579,23.01458738,0.275862069,0.724137931,3343.0,164.26,10.24595154,5,0.023997249677374478,0.018509237082112162,0.029485262272636793,True
20108,OLLEROS,ANCASH,0.004489823,0.0019299,0.188495386,0.004671971,4140.0,216227.98449999996,0.770980289,231.7266845,17.86587509,4363.865818,22.09360506,0.68687887,0.275801645,3443.0,222.91,14.902875599999998,5,0.022771748188747387,0.015085951853812148,0.030457544523682625,True
20109,PAMPAS,ANCASH,0.000454507,0.002154537,0.28040958,7.23e-05,2273.0,128414.3279,0.777019534,353.118086,6.436940192,2021.513284,25.50747308,0.011111111,0.988888889,3698.0,357.81,3.789720802,5,0.020175627394386136,0.012975725432364657,0.027375529356407614,True
20110,PARIACOTO,ANCASH,0.000170121,0.005348606,0.099834184,0.00150078,4161.0,241722.6773,0.779452103,168.819729,24.64759318,3221.790694,26.264995629999998,0.391428571,0.597142857,1264.0,162.5,34.75076923,5,0.014190303144406738,0.004017006732840537,0.024363599555972937,True
20111,PIRA,ANCASH,0.000993394,0.004754532,0.026407235,0.00058474,3603.0,185801.4415,0.778705356,262.3386442,13.734156520000003,3997.1170320000006,23.49037544,0.136752137,0.8547008550000001,3602.0,243.72999999999996,19.80880483,5,0.025847761015296105,0.01535593534029957,0.036339586690292636,True
20112,TARICA,ANCASH,0.009218681,0.009734717,0.18323296,0.009751472,7392.0,475755.76639999996,0.772701921,117.63125010000002,62.84044413,4222.156082,24.42878182,0.727887258,0.243055866,2832.0,110.28,64.91657599,5,0.019341844563184767,0.015767899871751652,0.022915789254617878,True
20201,AIJA,ANCASH,0.000510609,0.00483765,0.056273794,0.003508564,2925.0,184975.7856,0.764409025,163.0855494,17.93537202,4162.91408,21.40346287,0.313624171,0.68316466,3421.0,159.74,13.93514461,5,0.022394551251437366,0.018215805963425997,0.026573296539448735,True
20202,CORIS,ANCASH,0.002028533,0.004012322,0.142187388,0.00025446,1964.0,100288.7737,0.775985693,260.0887811,7.551267656,2737.407114,26.18924364,0.0,0.898914821,2903.0,267.15,7.606213737999999,5,0.02125960838370186,0.010745557741724263,0.031773659025679454,True
20203,HUACLLAN,ANCASH,0.001547351,0.002920609,0.019009641,0.0,454.0,25497.34616,0.778533921,40.08104417,11.32705022,3520.412494,26.844648130000003,0.0,1.0,3020.0,37.91,14.66631496,5,0.01605800206338202,0.006580301356140836,0.025535702770623198,True
20204,LA MERCED,ANCASH,0.001156113,0.005469719,0.022123945,0.0009745710000000001,2897.0,161951.7485,0.781988678,157.3403883,18.41230997,4107.145105,18.13217328,0.443537597,0.556462403,3311.0,153.08,15.103214009999999,5,0.017401546803348055,0.01181576485161883,0.02298732875507728,True
20205,SUCCHA,ANCASH,0.000848177,0.004617052,0.020670896,0.00117809,1015.0,66342.07553,0.784837734,77.73229457,13.0576359,3733.348046,26.19210475,0.2888146,0.6972105,3167.0,78.84,11.36478945,5,0.021202599774342076,0.016301246242684853,0.026103953305999298,True
20301,LLAMELLIN,ANCASH,0.097810771,0.010313258,0.019771665,0.007589217,3346.0,277304.6884,0.769670771,95.74120817,34.9483787,3138.153074,22.97972792,0.168098818,0.726963513,3400.0,90.82,35.03633561,5,0.01929079480867133,0.01355641822496529,0.025025171392377372,True
20302,ACZO,ANCASH,0.060697585,0.020955649,0.020893909,0.002171702,1960.0,145172.5809,0.784192858,65.74552529,29.81191482,2933.333812,28.060594959999996,0.0,0.8447218170000002,2680.0,69.03,31.42112125,5,0.01589810975164726,0.008506452199943525,0.02328976730335099,True
20303,CHACCHO,ANCASH,0.023774544,0.005050153,0.022284496,0.006605449000000001,1857.0,126575.90430000001,0.774652343,72.28721703,25.689189269999996,3046.245214,28.64351382,0.123420047,0.833578327,3371.0,73.99,24.20597378,5,0.029259469308957686,0.01774683136378372,0.04077210725413166,True
20304,CHINGAS,ANCASH,0.173530623,0.013237621,0.011990958,0.001272495,2548.0,186223.5962,0.778763579,50.73348044,50.22324464,3324.8786370000003,21.54596269,0.025135869999999998,0.924441425,2866.0,48.95,41.57303371,5,0.018783417635522368,0.01329473313133232,0.024272102139712412,True
20305,MIRGAS,ANCASH,0.019057789,0.003851347,0.001972022,0.000318803,4511.0,279150.4671,0.792885303,172.7770956,26.10878476,3981.848132,22.12881642,0.0,0.9566566099999999,3147.0,175.69,30.223689450000002,5,0.03164843698876301,0.01882096486336061,0.04447590911416541,True
20306,SAN JUAN DE RONTOY,ANCASH,0.01305098,0.003099912,0.000653848,0.0018725209999999998,1362.0,97567.68935,0.787617254,102.3646441,13.30537524,4062.127822,23.36628772,0.235928325,0.677404128,3503.0,103.13,14.99078833,5,0.02635255391452601,0.008833981533468399,0.043871126295583616,True
20401,CHACAS,ANCASH,0.001045384,0.001825275,0.063498707,0.008167116,5833.0,397132.7026,0.780018516,453.08840369999996,12.87386733,4355.273543,27.53720376,0.802744887,0.189451023,3387.0,447.68999999999994,10.75744377,5,0.021772235275401994,0.013814453986901135,0.029730016563902853,True
20402,ACOCHACA,ANCASH,0.011195943,0.005272814,0.017620713,0.000444443,4751.0,276647.135,0.780927489,76.86043428,61.81333796,3748.714395,24.46424397,0.349037556,0.582312559,2864.0,80.97,43.02828208,5,0.021068884510325188,0.016372722305038574,0.0257650467156118,True
20501,CHIQUIAN,ANCASH,0.00123907,0.006634516,0.038952951,0.001213507,3958.0,276271.7064,0.782739237,186.5677303,21.21481563,3820.6299979999994,21.18049455,0.15716772,0.818843193,3410.0,184.16,22.43701129,5,0.020280992689942677,0.012976732378299294,0.027585253001586058,True
20502,ABELARDO PARDO LEZAMETA,ANCASH,0.020364886,0.012044934,0.121356328,0.0116771,328.0,21824.89621,0.78042439,11.95530882,27.43551045,2492.307475,26.601595840000005,0.164310018,0.504744644,2108.0,11.31,24.40318302,5,0.008775197474824052,0.0011708599945722499,0.016379534955075853,True
20503,ANTONIO RAYMONDI,ANCASH,0.000989596,0.003601661,0.106385345,4.27e-05,1083.0,73116.12045,0.783915513,122.4135838,8.847057379,2355.311943,29.412576100000003,0.0,1.0,2139.0,118.7,11.18786858,5,0.018054268299668892,0.006419607345966879,0.029688929253370903,True
20504,AQUIA,ANCASH,0.000309736,0.003321798,0.196560487,0.003730819,3647.0,212757.03990000003,0.782019495,438.6286031000001,8.314551249,4495.552925,24.06374467,0.531637078,0.405335932,3356.0,434.6,5.411872987,5,0.024921975102879402,0.020375288900597303,0.029468661305161497,True
20505,CAJACAY,ANCASH,0.000210471,0.006124131,0.093233244,0.000224821,1863.0,126987.5064,0.778653676,185.941388,10.01928629,4037.576502,19.60847436,0.063157895,0.747368421,2616.0,193.06,9.727545841,5,0.017590055578730713,0.009147686324146198,0.026032424833315228,True
20506,CANIS,ANCASH,0.00386853,0.005628504,0.042809318,0.007740334999999999,308.0,18684.02732,0.766438961,20.81739218,14.79532102,3287.624609,27.73873235,0.302604481,0.653873724,2465.0,19.45,19.28020566,5,0.006428328762668183,-0.0033854272643771277,0.01624208478971349,False
20507,COLQUIOC,ANCASH,0.000373745,0.0019937,0.589928208,4.59e-05,2419.0,157426.3039,0.771535882,306.2704804,7.898247317000001,1694.03502,27.44267507,0.166666667,0.166666667,772.0,274.61,7.5306798729999995,5,0.011815638801064076,0.006192823384672704,0.01743845421745545,True
20508,HUALLANCA,ANCASH,0.000190462,0.002345164,0.043387967,0.0038032620000000004,7475.0,482089.7725000001,0.7850958,821.3085075000001,9.101330294,4259.481369,21.46152369,0.413969897,0.5419139,3563.0,873.39,7.924294988,5,0.021473932305622296,0.012963507313875041,0.02998435729736955,True
20509,HUASTA,ANCASH,0.000683647,0.001025766,0.097991771,0.002231706,2504.0,145340.5684,0.788922563,391.3558092,6.398269659,4198.799316,27.761759,0.389177078,0.60668274,3382.0,387.91,4.763991648,5,0.01980269536317545,0.005976080777962309,0.033629309948388586,True
20510,HUAYLLACAYAN,ANCASH,0.0,0.002154428,0.079875636,0.0018879790000000001,1075.0,60049.31791,0.781985767,117.9510809,9.113947846,3804.4138,26.459629920000005,0.5625,0.4375,3287.0,127.98999999999998,9.867958434,5,0.019795165399515795,0.005341199079879198,0.03424913171915239,True
20511,LA PRIMAVERA,ANCASH,0.0016687570000000003,0.000286306,0.064672442,0.005099299,348.0,19078.62834,0.778432185,62.72559361,5.547974598,3313.9005170000005,28.25412338,0.331714551,0.601946247,2658.0,68.61,5.2324734,5,0.009978524968443704,0.002600577730458683,0.017356472206428726,True
20512,MANGAS,ANCASH,0.001626658,0.002727811,0.159483334,0.0019334070000000003,941.0,51445.00481,0.781326779,126.5457502,7.436045845,3488.611382,26.462944720000003,0.075367869,0.879176215,3492.0,115.84,4.488950276,5,0.022169987493645023,0.011759273048791123,0.03258070193849893,True
20513,PACLLON,ANCASH,0.000290525,0.001136663,0.14285423,0.0073499229999999995,1148.0,71978.95279,0.791588763,211.4852512,5.428274517,4257.634308,28.171719869999997,0.687791641,0.295915372,3296.0,211.97999999999996,5.443909803,5,0.024469391476002127,0.011915673462946771,0.03702310948905748,True
20514,SAN MIGUEL DE CORPANQUI,ANCASH,0.001167197,0.004411923,0.130078422,0.000612611,521.0,30543.86103,0.777603264,42.89102737,12.14706273,3799.113902,25.99069339,0.123128923,0.876871077,3405.0,43.78,7.035175878999999,5,0.018316642286481805,0.006807355136309912,0.029825929436653714,True
20515,TICLLOS,ANCASH,0.001266543,0.005278025,0.118848184,0.000488666,899.0,53988.0894,0.78354605,92.93581854,9.673342465,3967.2081549999994,22.45613362,0.084360268,0.831279464,3665.0,89.41,7.1244827200000005,5,0.021447033283115088,0.014454529467818014,0.02843953709841216,True
20601,CARHUAZ,ANCASH,0.016120273,0.00930465,0.031131960999999996,0.002806438,16033.0,1320555.069,0.767373492,196.1410175,81.74220877,3824.112878,21.55068486,0.547529353,0.409344251,2663.0,194.62,86.404275,5,0.015152020972051213,0.010310449311732396,0.01999359263237002,True
20602,ACOPAMPA,ANCASH,0.144093719,0.033770945,0.001194223,0.0,3865.0,358864.9857,0.765448745,14.632911150000002,264.1306272,2971.058825,17.71939109,0.0,0.0,2692.0,14.169999999999998,191.2491179,5,0.015628249937829682,0.006832596878908017,0.02442390299675134,True
20603,AMASHCA,ANCASH,0.038910591,0.014733931,0.005237544,0.0,1659.0,95717.04258,0.772350392,13.26234964,125.09095640000001,3135.097119,19.63213133,0.0,0.0,2905.0,11.99,165.7214345,5,0.01901655793207724,0.0038907800415027456,0.03414233582265174,True
20604,ANTA,ANCASH,0.015155560000000002,0.012840346999999998,0.016593667,0.001822544,3615.0,203577.6068,0.768237123,43.38792731,83.31810768,3661.384958,21.00563373,0.192299166,0.447947752,2800.0,40.77,73.28918322,5,0.021338720106679393,0.01688871564740037,0.025788724565958415,True
20605,ATAQUERO,ANCASH,0.0037465,0.005698492,0.015180134000000001,0.003006922,1876.0,102240.6792,0.77048241,46.55342812,40.2977842,3687.5687640000006,21.73177973,0.128414697,0.637699728,2749.0,47.22,43.32909784,5,0.016119839415099896,0.006547596904316678,0.025692081925883112,True
20606,MARCARA,ANCASH,0.030638110000000003,0.006662253,0.123726275,0.004426805,10798.0,1254593.219,0.776449981,177.7233884,60.75733809999999,4116.641402,24.45906772,0.686360699,0.290519822,2767.0,157.49,70.27747794,5,0.019992273213515075,0.01567122872984071,0.02431331769718944,True
20607,PARIAHUANCA,ANCASH,0.049024252,0.024668913,0.008145133,0.008097041,1866.0,120540.7682,0.770854448,11.97426563,155.8341912,3037.351129,16.85858545,0.092196935,0.505805852,2830.0,11.74,145.1448041,5,0.016482328474550664,0.011370399960496713,0.021594256988604614,True
20608,SAN MIGUEL DE ACO,ANCASH,0.015615753,0.002132329,0.188330995,0.008979892,3373.0,167983.1728,0.773369019,123.43553119999999,27.326005459999998,4510.38835,28.56281795,0.787803844,0.186619133,2956.0,133.89,22.18985735,5,0.020537110745976347,0.009108813607756092,0.0319654078841966,True
20609,SHILLA,ANCASH,0.004847096,0.005684913,0.145403461,0.012766302000000002,3776.0,190693.5765,0.765556065,128.3226454,29.42582729,4475.907348,29.114040699999997,0.87752809,0.116853933,3036.0,130.19,30.97012059,5,0.026013261704312576,0.01719396373963808,0.03483255966898703,True
20610,TINCO,ANCASH,0.113815258,0.042668439,0.005639663,0.004978735,3854.0,264082.2895,0.769067695,15.81380129,243.7111691,2823.361094,16.97971413,0.125047626,0.775813457,2606.0,15.440000000000001,220.46632119999998,5,0.009443746279753779,0.0015265312683020761,0.017360961291205478,True
20611,YUNGAR,ANCASH,0.021363781,0.012296856,0.013172993999999999,0.005507158,3798.0,235172.98810000002,0.771527699,45.45819177,83.54929777,3776.4160629999997,19.6299664,0.302466252,0.395067496,2836.0,46.43,76.45918587,5,0.022016062076790445,0.018049698389949097,0.025982425763631793,True
20701,SAN LUIS,ANCASH,0.011311969,0.005504393,0.0019266489999999997,0.001321193,12667.0,739066.407,0.78365853,248.4589146,50.98227214,3710.954006,19.97334148,0.588986885,0.407936489,3145.0,256.45,44.40241763,5,0.022391521392568288,0.017147882326252598,0.027635160458883975,True
20702,SAN NICOLAS,ANCASH,0.004859516,0.002415549,0.051807387999999996,0.010217378,3599.0,230594.9857,0.789832842,205.77463440000002,17.49000799,3254.770982,25.701382540000004,0.200109826,0.703043592,2890.0,197.39,19.96048432,5,0.017982007023044033,0.012496076950726496,0.02346793709536157,True
20703,YAUYA,ANCASH,0.010329429,0.003659316,0.013380558,0.000184282,6418.0,380004.2875,0.780493347,175.3627702,36.59841819,3576.0663159999995,23.98957608,0.0,0.752917603,3257.0,170.41,29.587465520000002,5,0.02158921797349381,0.01780347992275169,0.02537495602423593,True
20801,CASMA,ANCASH,0.008649146,0.004418227,0.939150871,0.0018035370000000002,28778.0,2226278.783,0.756401699,1212.700124,23.73051625,397.8148716,12.87743887,0.305475895,0.619294786,59.0,1204.85,30.657758230000002,5,0.014646774164303655,0.01166132821188963,0.017632220116717688,True
20802,BUENA VISTA ALTA,ANCASH,0.004568546,0.001201321,0.797281262,3.69e-05,5437.0,374554.0133,0.767918061,482.4254402,11.27013533,900.4455663000001,19.42848707,0.245098039,0.740196078,225.0,476.62,10.71293693,5,0.01242737355067474,0.00863316611012205,0.01622158099122743,True
20803,COMANDANTE NOEL,ANCASH,0.017935505,0.004956116,0.8633450899999999,0.031699772,4236.0,331689.9007,0.758444098,219.4036532,19.30687998,133.6338567,10.64586433,0.27136433,0.640172066,14.0,222.36000000000004,12.21442706,5,0.00908780720371342,0.004258159973908918,0.013917454433517919,True
20804,YAUTAN,ANCASH,0.002717882,0.002529322,0.652584667,0.000368427,7733.0,512405.8273,0.771018311,366.8344757,21.08035234,1206.072229,23.82026341,0.132649452,0.50654404,831.0,357.2,25.10358343,5,0.006813006223444911,0.003055964863339733,0.010570047583550086,True
20901,CORONGO,ANCASH,0.003839409,0.004638253,0.029000358999999996,0.002213283,1678.0,132509.0366,0.789970382,152.2965217,11.0179798,3431.8985860000003,23.92649846,0.44853566999999994,0.55146433,3172.0,143.13,11.09480891,5,0.016518095166701427,0.007026557477236696,0.026009632856166157,True
20902,ACO,ANCASH,0.0037204959999999994,0.001846658,0.003324797,0.002745719,447.0,33065.37795,0.794806934,57.70474469,7.746330087999999,3648.078475,28.28955696,0.295166219,0.704833781,3118.0,56.54,8.135833039,5,0.013176968696994838,0.004230118747709477,0.022123818646280196,True
20903,BAMBAS,ANCASH,0.000404982,0.002936583,0.354238148,0.001748038,444.0,27515.96782,0.786906756,154.4510002,2.87469812,2711.402223,28.850846229999995,0.4213745830000001,0.567345504,2943.0,151.13,3.506914577,5,0.01764953426733822,0.008072261911045374,0.027226806623631063,True
20904,CUSCA,ANCASH,0.000438267,0.002935838,0.056322408000000004,0.008941947,2396.0,151488.8257,0.793059015,427.7157283,5.601851514,3987.9380140000003,24.44402153,0.462670993,0.532898236,3196.0,411.55,7.187462034000001,5,0.020237685649968223,0.011303246621494047,0.0291721246784424,True
20905,LA PAMPA,ANCASH,0.002764592,0.011018082,0.354207433,0.02023979,1326.0,92196.43171,0.785048491,95.06842645,13.947848400000002,2502.100933,26.8045739,0.612875383,0.375583567,1803.0,93.94,11.43282947,5,0.01245019268046832,0.0031679652437204726,0.021732420117216163,True
20906,YANAC,ANCASH,0.001908449,0.006337189,0.058863821999999996,0.001145069,580.0,40940.04254,0.793397931,46.99764731,12.34104329,3470.8917589999996,29.31501358,0.035714286,0.9642857140000001,2877.0,45.85,18.16793893,5,0.020663768131548445,0.008940411895666987,0.032387124367429895,True
20907,YUPAN,ANCASH,0.000727727,0.00333242,0.383707781,0.01896184,450.0,32341.02014,0.785574222,85.26111569,5.277904193,2444.502721,28.87021156,0.566822864,0.427794129,2781.0,85.87,4.495167113,5,0.015061048584089132,0.001648105945107614,0.02847399122307065,True
21001,HUARI,ANCASH,0.004341948,0.00436951,0.0318719,0.00595794,9887.0,755277.3409,0.789544472,401.3168591,24.63639335,4082.45959,24.93832426,0.659869361,0.337188546,3114.0,398.91,23.70710185,5,0.020841640416060042,0.01279692501908098,0.02888635581303911,True
21002,ANRA,ANCASH,0.022811855,0.00547795,0.001321045,0.005063386,1632.0,121526.52739999999,0.792361152,81.00033588,20.1480646,3774.397661,23.71969148,0.295498902,0.704501098,3197.0,80.31,32.81035986,5,0.014541503382598577,0.0032571361468692554,0.025825870618327897,True
21003,CAJAY,ANCASH,0.004687159,0.0036739529999999998,0.001121411,0.000819947,3675.0,212632.44309999997,0.786627837,166.1338585,22.12071659,3981.319106,23.1109807,0.23882367600000004,0.664502165,3175.0,159.35,27.216818320000005,5,0.021504580828128034,0.01544740107820663,0.027561760578049436,True
21004,CHAVIN DE HUANTAR,ANCASH,0.005293787,0.003363963,0.095399114,0.002491726,11154.0,683131.5293,0.786596217,421.104609,26.48748022,4326.981196,25.05040152,0.462518633,0.52307465,3115.0,434.13,21.98650174,5,0.021259345399727767,0.016226707271946375,0.026291983527509156,True
21005,HUACACHI,ANCASH,0.008838613,0.005371891,0.001500958,0.001119701,1956.0,121167.4171,0.790115133,89.40261448,21.8785548,3819.929631,21.54834986,0.0,0.634981702,3498.0,86.7,31.014994230000003,5,0.01999328309153497,0.014124192700605701,0.02586237348246424,True
21006,HUACCHIS,ANCASH,0.0065032069999999996,0.005961536,0.002684958,0.00582485,1200.0,101253.9172,0.805295834,76.58403323,15.669062459999997,3561.847743,26.85161278,0.131224293,0.851299354,3491.0,72.16,29.268292679999995,5,0.02178184039225761,0.01358313878913709,0.029980541995378127,True
21007,HUACHIS,ANCASH,0.004168064,0.006030107,0.0035091290000000006,0.001073241,3745.0,215945.41010000004,0.783721148,152.6987395,24.52541529,3763.766156,28.85902114,0.132352941,0.8455882349999999,3275.0,153.89,33.29001235,5,0.02041320303132515,0.015978703993050156,0.024847702069600137,True
21008,HUANTAR,ANCASH,0.011079325,0.004462441,0.076796242,0.009394294,4060.0,249272.76070000004,0.784489064,162.4234923,24.9963841,4129.274511,26.14703019,0.658023158,0.341348358,3363.0,156.15,20.53154019,5,0.024225865824004385,0.014068326448022228,0.03438340519998654,True
21009,MASIN,ANCASH,0.006024417,0.006960777999999999,0.005918244,0.000737658,2282.0,140937.4865,0.77891411,75.53289461,30.212002489999996,3484.4332609999997,28.52733116,0.0,0.747397641,2547.0,75.33,26.61622196,5,0.016272990368050636,0.009168589842030134,0.023377390894071134,True
21010,PAUCAS,ANCASH,0.017201679,0.005433182,0.004561845,0.005882284,1525.0,132158.0249,0.805671083,139.5534344,10.92771387,3533.2819749999994,24.3645629,0.151353758,0.8276026240000001,3433.0,135.31,18.94907989,5,0.020112210008215566,0.010118615585944393,0.030105804430486736,True
21011,PONTO,ANCASH,0.009842821,0.007406735,0.007255222,0.000607951,2320.0,145667.8172,0.787656552,119.4977691,19.41458838,3675.941951,21.40226584,0.008299701,0.881200365,3142.0,118.29,35.41296813,5,0.023328527007343874,0.01587062814989137,0.030786425864796373,True
21012,RAHUAPAMPA,ANCASH,0.008357987,0.035621631,0.023381118,0.008467488,666.0,54262.67015,0.782847748,9.587047479,69.46872866,2757.154067,30.047255259999996,0.079143389,0.8026070759999999,2521.0,9.02,100.7760532,5,0.00954070262054039,0.0010827931693576532,0.017998612071723125,True
21013,RAPAYAN,ANCASH,0.001689041,0.002547016,0.0009214889999999999,0.007848229,1135.0,91667.1995,0.789684316,146.1162119,7.767789658,3785.623066,29.51155764,0.353655867,0.627955342,3233.0,143.34,15.08999581,5,0.01454608241019069,-0.0017796085652070255,0.0308717733855884,False
21014,SAN MARCOS,ANCASH,0.002856828,0.005890923,0.053210455000000004,0.02057654,19874.0,1234607.048,0.780663807,563.8108613,35.24940962,4254.168582,22.94375481,0.343523473,0.624953196,2988.0,556.75,40.36461608,5,0.02124382305062764,0.015157401284392443,0.027330244816862834,True
21015,SAN PEDRO DE CHANA,ANCASH,0.001418667,0.00567026,0.001802373,0.001590627,2729.0,161901.0763,0.786518395,144.5505177,18.87921291,4025.082953,22.66012917,0.18220339,0.813559322,3439.0,138.65,31.59033538,5,0.023500788552154976,0.01944114609342513,0.027560431010884817,True
21016,UCO,ANCASH,0.065070514,0.018895418,0.016717537,0.001029018,1936.0,154363.6701,0.791113223,52.09947939,37.15968034,3241.65971,20.87918285,0.0,0.926787171,3347.0,53.61,34.32195486,5,0.020791331487250316,0.01611273809987804,0.02546992487462259,True
21101,HUARMEY,ANCASH,0.005369309,0.002916158,0.902672226,0.002434911,20714.0,2411112.086,0.761679275,2920.664161,7.092222473,747.6978263,17.30530088,0.273339819,0.675456544,30.0,2894.38,9.497716264,5,0.012823112973929933,0.010345131235423346,0.015301094712436522,True
21102,COCHAPETI,ANCASH,0.001013187,0.002659633,0.119078757,2.7700000000000002e-05,847.0,52407.64206,0.783962338,98.91698064,8.562736089,2538.79538,29.675253250000004,0.0,1.0,3529.0,100.02,10.24795041,5,0.024186417167628402,0.011144715742252806,0.037228118593004,True
21103,CULEBRAS,ANCASH,0.008439019,0.0032855259999999996,0.958515124,0.002641037,3897.0,320343.2397,0.764293764,632.8848349,6.157518374,481.0056437,16.99838014,0.372611071,0.555507804,41.0,630.25,4.4299881,5,0.011621275157775937,0.006499578873393666,0.016742971442158208,True
21104,HUAYAN,ANCASH,0.00617244,0.003502789,0.351974458,0.001532534,994.0,65840.72564,0.779020624,113.5586709,8.753184516,2291.020243,28.91531208,0.584685547,0.359806491,2702.0,58.99,16.10442448,4,0.015498309597461766,0.005683919933213688,0.025312699261709842,True
21105,MALVAS,ANCASH,0.000572647,0.002405264,0.102095783,0.000587307,871.0,64357.83076,0.780221929,168.3884476,5.172563868,3113.407287,29.59348526,0.103637472,0.896362528,3132.0,219.52,4.209183673,4,0.018006210107513868,0.004224970799331578,0.03178744941569615,True
21201,CARAZ,ANCASH,0.051841128,0.015607404,0.123056686,0.010691305,24109.0,1845656.741,0.776906023,244.8128601,98.47930371,3694.68899,25.48057991,0.764704852,0.21097516499999996,2273.0,246.52000000000004,109.8328736,5,0.009505496413131377,0.005926964304511425,0.013084028521751327,True
21202,HUALLANCA,ANCASH,0.000992617,0.0033624219999999995,0.224103522,0.006819764000000001,1325.0,109339.1857,0.780654565,195.9462853,6.762057254,2436.005474,30.33810606,0.320761519,0.6216934,1391.0,178.8,6.560402685,5,0.011277771139977664,0.002622309420509646,0.019933232859445676,True
21203,HUATA,ANCASH,0.012932072,0.007758935999999999,0.034355391,0.001137328,1881.0,122330.6844,0.769278575,69.72971269,26.97558799,3425.994956,26.260254249999996,0.130085681,0.504231912,2712.0,70.69,23.15744801,5,0.02120543137971712,0.016053459549959542,0.026357403209474693,True
21204,HUAYLAS,ANCASH,0.016298299,0.013113266000000002,0.014730269,0.001186514,2424.0,178810.621,0.766001609,54.22881677,44.69948165,3266.805649,23.13242645,0.0,0.736630088,2735.0,56.89,33.08138513,5,0.021399298152969613,0.009305351639259258,0.03349324466667997,True
21205,MATO,ANCASH,0.021718164,0.00594303,0.053351564,0.001019574,2573.0,175367.2171,0.778004664,106.26997850000001,24.21191795,3408.4397089999998,27.54717397,0.084191989,0.621522253,2209.0,107.12,20.96713966,5,0.01913606972117658,0.01164543758976328,0.026626701852589876,True
21206,PAMPAROMAS,ANCASH,0.000478441,0.003754862,0.05888676899999999,0.000558213,7847.0,443113.4926,0.78378091,502.1762804,15.62598694,3521.1295550000004,27.305570510000003,0.353388541,0.646611459,2772.0,496.35,18.98257278,5,0.017501141454037517,0.01050563759320481,0.02449664531487022,True
21207,PUEBLO LIBRE,ANCASH,0.038902889,0.009469639,0.043921883,0.001097986,9538.0,1862360.8649999998,0.776588886,127.74100289999998,74.66670671,3427.6142919999998,23.05960483,0.10645189800000002,0.632026856,2485.0,130.99,65.577525,5,0.01313811349451552,0.006169537022373053,0.020106689966657987,True
21208,SANTA CRUZ,ANCASH,0.028864207999999995,0.002711859,0.192182885,0.012841630999999997,5938.0,317345.2672,0.775882233,360.863031,16.45499674,4208.80711,29.25325793,0.696515478,0.235061272,2890.0,357.7,15.82051999,5,0.017625094728102732,0.011756193275341595,0.02349399618086387,True
21209,SANTO TORIBIO,ANCASH,0.0072860170000000005,0.004877464,0.088235751,0.001315008,2447.0,154973.6896,0.767865305,84.74211795,28.8758419,3841.901447,27.849207130000003,0.153846154,0.846153846,2926.0,82.02,15.21580102,5,0.024382597667743318,0.019120854258415164,0.029644341077071472,True
21210,YURACMARCA,ANCASH,0.000238351,0.001263448,0.12371511799999999,0.006767146,1934.0,116615.8274,0.779922854,549.5122232,3.519484951,4041.933754,29.9511573,0.60784161,0.37890263,1484.0,565.7,4.355665547,5,0.011771530147207386,0.006709114372629596,0.016833945921785175,True
21301,PISCOBAMBA,ANCASH,0.05063116399999999,0.007751514999999999,0.005083528,0.0,2343.0,210487.44309999997,0.806450918,45.98226145,50.95443168,3353.238523,16.9351266,0.0,0.888764045,3326.0,45.93,68.66971478,5,0.02181826009053135,0.013575417197328837,0.030061102983733858,True
21302,CASCA,ANCASH,0.057834922,0.0031386489999999994,0.001197174,0.00054765,3996.0,212392.6111,0.791152903,76.29695202,52.37430716,3588.1493130000003,18.53731423,0.0,1.0,3176.0,77.38,57.00439389999999,5,0.029646102078322186,0.02281725117569009,0.03647495298095428,True
21303,ELEAZAR GUZMAN BARRON,ANCASH,0.011067252,0.002726899,0.046874955,0.009570793,1082.0,61302.61552,0.788624863,98.86875066,10.94380168,3036.608417,27.84945116,0.107855812,0.783989326,2845.0,93.96,15.3256705,3,0.01952762839000543,0.013417917741720638,0.02563733903829022,True
21304,FIDEL OLIVAS ESCUDERO,ANCASH,0.004762448,0.000899821,0.029608114,0.005607364,1514.0,88456.89914,0.8000941879999999,214.4386295,7.060295077000001,3243.572652,29.23409656,0.342913958,0.618142727,2849.0,204.82,12.6061908,5,0.017966036248318773,0.005066807586438864,0.030865264910198684,True
21305,LLAMA,ANCASH,0.020263086,0.00219813,0.0009079250000000001,0.0,1353.0,86243.95325,0.807769993,49.294345,27.44736744,3193.408865,24.28246038,0.0,0.8039513680000001,2839.0,48.13,25.992104719999997,5,0.023200739578429084,0.017126802204160754,0.02927467695269742,True
21306,LLUMPA,ANCASH,0.023061045,0.004267314,0.008420385,0.000712099,6893.0,316124.9041,0.780515697,139.6834483,49.34729265,3635.061347,25.78018898,0.141862121,0.523654813,2900.0,143.27,46.68807147,5,0.020765329714829393,0.01696740951261972,0.024563249917039072,True
21307,LUCMA,ANCASH,0.016827493,0.006853185,0.03163289,0.004304371,2799.0,178203.9182,0.790565381,75.58723403,37.0300625,3718.22063,25.36550921,0.4288923130000001,0.56834064,3096.0,77.37,41.8896213,5,0.02157825426936806,0.012888959148547298,0.030267549390188823,True
21308,MUSGA,ANCASH,0.020754618,0.003625683,0.005330176,0.000466131,725.0,53983.79277,0.8147587599999999,39.03303309,18.57401136,3227.517528,22.72276625,0.0,1.0,3001.0,39.72,25.12588117,5,0.014694315077196438,-0.0010373377552641665,0.030425967909657042,False
21401,OCROS,ANCASH,0.000163658,0.002910313,0.202771462,0.003195224,1493.0,104584.7099,0.778684125,227.15040559999997,6.572737548000001,3883.177536,24.14415799,0.429211707,0.569379048,3238.0,230.55,5.504229018,5,0.018850589373754154,0.008350114975141371,0.029351063772366934,True
21402,ACAS,ANCASH,0.001481865,0.000766635,0.41285292600000006,0.001016971,735.0,42564.9508,0.777962314,255.8797313,2.872443223,2533.59364,32.63094247,0.050063807,0.840581133,3712.0,252.47999999999996,1.560519645,5,0.01696150985559502,0.008955301440251187,0.024967718270938855,True
21403,CAJAMARQUILLA,ANCASH,0.000176162,0.002235056,0.271964206,0.005240908,341.0,21389.03021,0.7804044,78.93880472,4.319801917,4049.567945,22.21885869,0.315299671,0.671022548,3545.0,75.52,2.502648305,2,0.029011679766707817,0.016483235551547556,0.04154012398186808,True
21404,CARHUAPAMPA,ANCASH,4.07e-05,0.001601037,0.380595789,0.00550688,616.0,27490.91566,0.765072891,106.99919589999999,5.757052611,2597.211484,33.99928279,0.189379106,0.708815136,2250.0,109.78,4.281289852,5,0.009355111093256967,-0.004844842935543121,0.023555065122057052,False
21405,COCHAS,ANCASH,0.011187148,0.0009184080000000001,0.907705194,0.005216026,2278.0,209076.0312,0.762702722,412.75827659999993,5.518968677,1212.812726,24.96167723,0.347725805,0.540431332,1290.0,408.66,3.3891254339999994,5,0.007124597339714029,0.001075988618626949,0.013173206060801107,True
21406,CONGAS,ANCASH,0.00331638,0.0038734610000000004,0.025645561,0.001795333,1011.0,60556.80433,0.789244115,109.43496139999999,9.238363926,3712.0475749999996,24.04725528,0.283018868,0.716981132,3112.0,130.03,8.913327694,5,0.025400670795013784,0.014473576563410643,0.03632776502661691,True
21407,LLIPA,ANCASH,0.000531194,0.010029608,0.267421764,0.007063719,394.0,27783.20082,0.783336547,31.601055960000004,12.4679378,3319.9398410000003,30.07369339,0.198512159,0.774744027,2767.0,33.69,7.034728406000001,5,0.01882297529535748,0.011253460701646928,0.02639248988906803,True
21408,SAN CRISTOBAL DE RAJAN,ANCASH,0.000135956,0.002391752,0.160065396,0.001104706,542.0,31933.47561,0.778398339,70.89514278,7.645093567000001,3428.179249,32.00146501,0.056613954,0.785829909,3634.0,67.75,7.7490774909999995,5,0.020712420260436452,0.010655271005286225,0.030769569515586678,True
21409,SAN PEDRO,ANCASH,0.001934381,0.00025585,0.721689651,0.0,726.0,43049.29162,0.771132782,536.4662596,1.353300393,1492.682586,24.30389927,0.23076923099999996,0.769230769,2243.0,531.21,1.6641252989999997,5,0.01632112680103336,0.007471897196199546,0.02517035640586717,True
21410,SANTIAGO DE CHILCAS,ANCASH,0.000345691,0.004813879,0.142924849,0.001754059,725.0,42727.57066,0.791303861,89.0616026,8.140432901,3470.981804,27.18477712,0.4921875,0.5078125,3692.0,85.76,4.757462687,5,0.018695119089289912,0.005194292636300633,0.032195945542279183,True
21501,CABANA,ANCASH,0.0032910250000000004,0.003085649,0.064840034,0.018372832,3293.0,223408.7262,0.785415852,145.2812882,22.6663739,3879.52471,21.27999405,0.537171364,0.462512342,3156.0,150.29,18.64395502,5,0.015609345327988054,0.004900890513655654,0.02631780014232045,True
21502,BOLOGNESI,ANCASH,0.005535381,0.005087517,0.233823818,0.001064077,1510.0,108490.3366,0.785402053,82.16592607,18.37744759,2426.625027,25.658110619999995,0.081592709,0.8075451959999999,2931.0,86.88,13.69705341,5,0.028764406429641124,0.017219167414096376,0.04030964544518587,True
21503,CONCHUCOS,ANCASH,0.000509075,0.002068258,0.018318913,0.007354887,4025.0,343905.4503,0.797281019,581.952897,6.916367322000001,3830.8673900000003,26.64750724,0.340806662,0.645130894,3206.0,585.24,14.60939102,5,0.019584903207575253,0.01268043348797383,0.026489372927176673,True
21504,HUACASCHUQUE,ANCASH,0.008897313,0.00774608,0.002347081,0.0,658.0,51412.8081,0.791844833,13.61867097,48.31602156,3234.555217,22.79994025,0.0,0.0,3140.0,63.59000000000001,9.87576663,5,0.010472734386355834,-0.0023555072804956508,0.023300976053207315,False
21505,HUANDOVAL,ANCASH,0.000757686,0.001947618,0.03649551,0.00984307,973.0,76271.54125,0.779227236,116.00006479999999,8.38792635,3821.468138,22.77701514,0.506130876,0.493869124,3063.0,116.0,9.00862069,5,0.01526276934801752,0.00011363156169894376,0.030411907134336096,True
21506,LACABAMBA,ANCASH,0.002573776,0.004626847,0.027006996,0.002267067,631.0,57665.314269999995,0.790230428,63.78460170000001,9.892669754,3678.259339,27.012010240000002,0.019425354,0.9676413160000001,3427.0,64.68,9.616573902,5,0.017390459369614895,0.008855245293598256,0.025925673445631528,True
21507,LLAPO,ANCASH,0.002245571,0.003705343,0.008755737,0.001507301,552.0,39592.25894,0.784030615,29.349151510000002,18.80803947,3395.292082,27.316046210000003,0.333333333,0.666666667,3416.0,28.690000000000005,22.34227954,5,0.013494304201736118,0.006412213073548233,0.020576395329923995,True
21508,PALLASCA,ANCASH,0.010219457,0.007877846,0.073264857,0.010227721,2260.0,198119.9874,0.799667124,110.76146220000001,20.40420879,2782.628706,25.11739024,0.265495384,0.623541204,3086.0,59.77,45.37393341,5,0.021574147422174478,0.012329949111670856,0.030818345732678096,True
21509,PAMPAS,ANCASH,0.0015674939999999998,0.002247439,0.01406097,0.008586029,2872.0,259098.8766,0.788715495,441.76697690000003,6.501164981,3811.019007,25.93075971,0.414807551,0.574882905,3216.0,438.18,10.3290885,5,0.0173146175079614,0.010796215327634338,0.023833019688288444,True
21510,SANTA ROSA,ANCASH,0.0008344500000000001,0.004132035,0.647561251,0.003024255,1996.0,124459.42049999998,0.779057315,291.2534521,6.853137657,2105.212557,27.231964139999995,0.166376259,0.755942087,2413.0,298.77,3.313585701,5,0.018657537569017443,0.010539829276308522,0.02677524586172636,True
21511,TAUCA,ANCASH,0.002685597,0.005646226,0.200456833,0.002909175,3518.0,263783.9583,0.777644684,199.6186173,17.62360669,2936.627003,23.62917878,0.118820157,0.607199281,3368.0,209.11999999999998,13.48508034,5,0.01799011058482957,0.009139548215417084,0.02684067295424205,True
21601,POMABAMBA,ANCASH,0.008849947,0.004165349,0.011515851,0.001317668,14387.0,861488.3131000001,0.786752144,345.5056873,41.64041441,3891.786723,21.42805472,0.4096045200000001,0.553672316,2964.0,347.92,44.15670269,5,0.024272662713402834,0.018364825760547165,0.030180499666258506,True
21602,HUAYLLAN,ANCASH,0.016639485,0.005275015,0.011791046,0.000194172,3661.0,208254.9695,0.791089238,89.13469843,41.07266939,3752.0265050000003,24.67648283,0.560809325,0.366065538,2993.0,88.97,41.63201079,5,0.023246124489335804,0.017305885645181054,0.02918636333349056,True
21603,PAROBAMBA,ANCASH,0.010512457,0.00388584,0.055339834,0.001300469,7131.0,372187.8405,0.786236517,340.2234195,20.95975642,3136.45099,27.08039944,0.31976734,0.669901958,3182.0,331.1,20.69163395,5,0.019715880504037036,0.015024324928083487,0.024407436079990585,True
21604,QUINUABAMBA,ANCASH,0.00518171,0.000785623,0.025152482999999996,0.002411936,1993.0,117000.04699999999,0.8008829399999999,150.2696866,13.262821300000002,3191.616391,27.348029680000003,0.327856032,0.653644593,3129.0,146.06,17.25318362,5,0.019363018086488822,0.009040096046681524,0.029685940126296117,True
21701,RECUAY,ANCASH,0.006207356,0.008191168,0.04389428,0.006517682999999999,6308.0,448625.59050000005,0.776665822,149.9423361,42.06950594,3983.112541,14.716317569999998,0.395897855,0.44334309000000005,3428.0,142.96,43.36877448,5,0.023390391291109484,0.02109126806336671,0.025689514518852256,True
21702,CATAC,ANCASH,0.000333329,0.002767033,0.133596012,0.007627040999999999,5771.0,346916.8871,0.774554115,1028.730235,5.609828313,4329.610158,14.73598582,0.540151077,0.431540432,3579.0,1018.2700000000001,4.87886317,5,0.0266284543157235,0.021817869705933836,0.031439038925513155,True
21703,COTAPARACO,ANCASH,0.000142938,0.001276196,0.060107477,0.002572891,488.0,35719.78875,0.781895492,175.7488437,2.776689677,4131.969944,21.03109911,0.450726979,0.546042003,3032.0,172.85,3.9803297659999997,5,0.01945670416433651,0.001543190144204943,0.037370218184468076,True
21704,HUAYLLAPAMPA,ANCASH,0.000230364,0.0017916439999999998,0.041802075,9.87e-05,862.0,50106.5612,0.77545638,111.441202,7.735020659,3470.183309,28.196900579999998,0.360897695,0.639102305,2908.0,105.29,8.281888119,5,0.0154909493431551,0.007408455160418872,0.023573443525891323,True
21705,LLACLLIN,ANCASH,0.002676364,0.005938909,0.1120717,0.0,923.0,63416.34939,0.787631203,96.30311213,9.584321624,2670.16853,27.90558805,0.0,0.0,3020.0,101.1,11.14737883,5,0.021608247570061346,0.013689867715015626,0.029526627425107064,True
21706,MARCA,ANCASH,0.000158579,0.004398858,0.050265906000000006,0.000148968,1387.0,84542.71717,0.775684571,183.2881465,7.56731969,3538.1097280000004,25.01886661,0.211111111,0.788888889,2615.0,184.84,6.005193681,5,0.016163935710797002,0.008176828704318418,0.024151042717275584,True
21707,PAMPAS CHICO,ANCASH,0.000108699,0.004377729,0.002812662,0.0,927.0,45896.90129,0.777200755,105.15160940000001,8.81584224,3953.915753,20.02415264,0.0,1.0,3552.0,100.51,11.37200279,5,0.01736043647379685,0.009680702102822797,0.0250401708447709,True
21708,PARARIN,ANCASH,0.000486652,0.001003689,0.10835502700000002,0.0,602.0,40366.57144,0.806991362,260.031603,2.315103215,2434.286582,27.9606413,0.0,0.0,3402.0,254.85,5.9172062,5,0.017199898508816442,0.005015134067801455,0.029384662949831428,True
21709,TAPACOCHA,ANCASH,0.0,0.0032087989999999996,0.063373202,0.000199856,551.0,32327.340489999995,0.780480399,78.54431939,7.015147681,3942.897997,24.96872875,0.073529412,0.9264705880000002,3596.0,81.23,7.903483935,5,0.018776418215956044,0.003271235375062029,0.034281601056850054,True
21710,TICAPAMPA,ANCASH,0.001370072,0.006428943000000001,0.099154807,0.012508722,3589.0,256912.25240000003,0.778830705,146.7194072,24.46165827,4170.320981,17.36900323,0.651738764,0.254918126,3485.0,142.29,21.56862745,5,0.021607161507646397,0.016479767901405797,0.026734555113886997,True
21801,CHIMBOTE,ANCASH,0.073276613,0.015007434,0.668309961,0.003673236,128483.0,9279694.787,0.762247361,1451.105629,88.54145245,721.4219804,16.41185838,0.131078011,0.373856517,52.0,1461.44,169.8181246,5,0.012767673266147908,0.010062027797685256,0.015473318734610551,True
21802,CACERES DEL PERU,ANCASH,0.000487881,0.000651634,0.104403532,0.001537924,4820.0,340788.6825,0.766805145,530.3667955,9.088050084,2846.573206,29.05839603,0.59,0.404444444,1210.0,549.78,10.59514715,5,0.012088085779051133,0.00784184477257346,0.016334326785528805,True
21803,COISHCO,ANCASH,0.0,0.155900552,0.785480195,0.051579631,9650.0,734000.9719,0.753599005,8.502584557,1134.949019,128.9683018,17.53811837,0.512115196,0.482742125,31.0,9.21,1974.5928339999998,5,0.008729992448884925,0.003512849108011252,0.013947135789758595,True
21804,MACATE,ANCASH,0.0009403629999999999,0.001216055,0.232272232,0.003039743,3480.0,262909.3023,0.783814052,589.3527509,5.904782823,2545.126283,30.066585120000003,0.40165765899999994,0.547471092,2731.0,584.65,6.879329513,5,0.021515548167845292,0.013131301593564166,0.029899794742126416,True
21805,MORO,ANCASH,0.005830024,0.001967557,0.560531916,0.000288834,8979.0,598910.3072,0.770316461,358.4044353,25.05270336,1197.557348,21.16394401,0.02046549,0.777688604,504.0,359.35,26.54515097,5,0.010940240047215171,0.0073551968299676185,0.014525283264462738,True
21806,NEPEÑA,ANCASH,0.103729403,0.004269808,0.73072842,0.004965081,13119.0,1168919.709,0.764828234,458.7731516,28.59583206,485.8702567,13.682647989999998,0.502378126,0.352426475,159.0,458.23999999999995,33.71813897,5,0.008866066517438194,0.0040020821677909475,0.013730050867085439,True
21807,SAMANCO,ANCASH,0.123605436,0.012811961,0.700857582,0.032041487,5406.0,403718.9453,0.765788975,149.9535371,36.05116695,99.13317459,9.577983741,0.635454979,0.273613205,17.0,153.98,33.88102351,5,0.005175927108150867,0.0012158073005331194,0.009136046915768614,True
21808,SANTA,ANCASH,0.4513078139999999,0.04731331,0.30814356,0.041884405,12082.0,959039.9918,0.760971437,41.01960834,294.5420614,52.970575659999994,4.740678139,0.125314223,0.254677678,35.0,42.23,825.7163154,5,0.0070920463571065495,0.003957957327804107,0.01022613538640899,True
21809,NUEVO CHIMBOTE,ANCASH,0.034244813,0.03734432,0.805038411,0.019507154,119111.0,7758237.306999999,0.770185749,402.477064,295.9448144,259.5925142,10.65357619,0.43206492899999993,0.45530803100000006,40.0,389.73,396.0459806,5,0.013830020349311679,0.00826041459594428,0.019399626102679066,True
21901,SIHUAS,ANCASH,0.005016073,0.017323976,0.002582172,0.0,4051.0,292362.7765,0.777390151,46.2095105,87.66593621,3325.52837,22.03175344,0.0,0.0,2767.0,43.81,127.7790459,5,0.014803203137351041,0.011251832681153633,0.01835457359354845,True
21902,ACOBAMBA,ANCASH,0.005617998,0.004489747,0.026622843,0.002103602,1124.0,72083.29305,0.794274199,150.9611853,7.445622512,2879.748921,26.82248488,0.286116021,0.674886231,3147.0,153.04,12.58494511,5,0.017917352881448474,0.006641213858712957,0.029193491904183976,True
21903,ALFONSO UGARTE,ANCASH,0.002457916,0.002591913,0.020944714,0.005406231,649.0,39783.78656,0.784098458,89.48418127,7.252678526999999,3136.685374,30.24914375,0.320555856,0.670417706,3197.0,80.71,7.756164044,5,0.016169720003184392,0.005434403247038517,0.026905036759330266,True
21904,CASHAPAMPA,ANCASH,0.004516382,0.013446698000000002,0.013129429000000001,0.00046745599999999994,3693.0,209468.3071,0.771158895,69.87810215,52.84917428999999,3633.653621,24.12740815,0.118536197,0.8814638030000002,3430.0,66.96,40.06869773,5,0.02392053533772017,0.019003864051745346,0.028837206623694996,True
21905,CHINGALPO,ANCASH,0.0008697210000000001,0.001963382,0.009077734,0.0009322159999999999,851.0,63959.98018,0.783824911,174.1822731,4.885686614,3750.3192260000005,26.660658,0.09009009,0.864864865,3157.0,173.2,6.7147806,5,0.02060368923365257,0.006908941723298558,0.03429843674400658,True
21906,HUAYLLABAMBA,ANCASH,0.004686686,0.00570085,0.01190564,0.001139931,4135.0,238707.15389999998,0.780818549,277.7594993,14.8869796,3518.660982,22.95236494,0.073482428,0.916932907,3329.0,287.58,14.59767717,5,0.020996097959471608,0.016969699573628344,0.025022496345314872,True
21907,QUICHES,ANCASH,0.006514588,0.00859508,0.044519645,0.002845328,2042.0,159443.4647,0.78950906,148.8978712,13.71409801,2962.49748,24.10023125,0.290196019,0.684391487,3035.0,146.98,18.73724316,5,0.02076132004203989,0.01116425228063713,0.030358387803442646,True
21908,RAGASH,ANCASH,0.000141331,0.001620514,0.001188089,0.0016098670000000003,2378.0,137323.3799,0.79531926,209.6499673,11.34271582,3975.153527,20.0022577,0.058558558999999996,0.900900901,3437.0,208.45,16.02782442,5,0.02175592440699155,0.01668886759896333,0.026822981215019765,True
21909,SAN JUAN,ANCASH,0.006399715,0.004490312,0.003021999,0.00042100000000000004,7644.0,393731.6816,0.777095016,212.1962077,36.02326396,3632.088531,23.38888997,0.19047619,0.80952381,2739.0,209.24,39.09864271,5,0.016575156682482595,0.01068606359026433,0.022464249774700858,True
21910,SICSIBAMBA,ANCASH,0.00674556,0.006867099999999999,0.009347314,0.0,2002.0,119642.6711,0.78614016,82.79797058,24.17933659,3250.867544,23.35873715,0.0,0.0,3148.0,86.0,20.95348837,5,0.014772252662101335,0.0053056195857027755,0.024238885738499895,True
22001,YUNGAY,ANCASH,0.047233265,0.012497753,0.122339169,0.007105524,21771.0,1423052.67,0.774170107,274.3569498,79.35282856,4035.205411,24.91869044,0.719516196,0.237039909,2517.0,276.68,81.3430678,5,0.012003207584880249,0.00792163360628214,0.016084781563478354,True
22002,CASCAPARA,ANCASH,0.00046294199999999993,0.003038449,0.10565116700000002,0.000495091,2129.0,96638.66095,0.770719587,137.4999841,15.483638160000002,4025.3436840000004,24.28976624,0.314285714,0.685714286,2742.0,138.32,16.56304222,5,0.024422682491653094,0.01325048287171912,0.03559488211158707,True
22003,MANCOS,ANCASH,0.06603056,0.02403004,0.018334332,0.002751092,9409.0,616251.4994,0.774089701,63.18664731,148.9080431,3317.4580049999995,18.1673098,0.0,0.270722352,2542.0,64.05,116.3466042,5,0.00953656167285295,0.003548476649306833,0.015524646696399063,True
22004,MATACOTO,ANCASH,0.009846839,0.005213167,0.028058725,0.006241784,1969.0,393064.1918,0.771364398,47.21529269,41.70259015,2976.27343,26.15167981,0.081635108,0.563619025,2486.0,43.65,41.46620848,5,0.010492657348092965,0.0008633558596295825,0.020121958836556344,True
22005,QUILLO,ANCASH,0.000167232,0.004087383,0.096135147,0.00054008,9026.0,485003.59680000006,0.780230645,372.2799211,24.24519693,3192.428974,29.36258731,0.427906977,0.56744186,1267.0,373.83,38.72883396,5,0.01193626171187614,0.004780704464799321,0.019091818958952955,True
22006,RANRAHIRCA,ANCASH,0.10756697499999998,0.034492991,0.005911804,0.000323768,4072.0,251561.68080000003,0.771289563,21.76400879,187.0978844,2937.669978,16.13234609,0.0,0.777777778,2496.0,22.89,149.235474,5,0.008042123149710447,0.0009095129888152644,0.015174733310605627,True
22007,SHUPLUY,ANCASH,0.002034606,0.00366707,0.068567537,0.003272965,2849.0,142260.4732,0.77237357,167.2030747,17.03916035,4045.9470229999997,23.56728353,0.21309027499999997,0.611935868,2517.0,162.21,16.89168362,5,0.022295694681577514,0.012961311450476017,0.03163007791267901,True
22008,YANAMA,ANCASH,0.011067345,0.0032433,0.053719125,0.004267715,7143.0,431923.64350000006,0.784128224,285.0047028,25.06274433,4062.617291,27.13160825,0.629219513,0.316920989,3389.0,279.85,24.79542612,5,0.018032174768592927,0.01133742643059128,0.02472692310659457,True
30101,ABANCAY,APURIMAC,0.009317609,0.025909300000000003,0.015501551999999998,0.003929379,45016.0,2868722.343,0.780115856,287.6236358,156.5100861,3399.9769800000004,25.548088,0.199925424,0.797543689,2500.0,313.07,226.0836235,5,0.01038924821408069,0.0052438722594327246,0.015534624168728653,True
30102,CHACOCHE,APURIMAC,0.003826607,0.001127688,0.026343837,0.003706902,1155.0,67956.58444,0.784701385,177.5044862,6.506877796,3988.587019,26.48702619,0.40941594300000006,0.586127699,3482.0,186.1,8.425577646,5,0.019419975411426132,0.004923793104906449,0.03391615771794581,True
30103,CIRCA,APURIMAC,0.003475835,0.002306515,0.02184158,0.005386897,3803.0,215224.59870000003,0.772569656,636.6019171,5.97390598,3913.988119,26.498793749999997,0.34935518,0.56857998,3206.0,641.68,5.058596185,5,0.022658810231966222,0.01233392585434255,0.03298369460958989,True
30104,CURAHUASI,APURIMAC,0.021219571,0.004126137,0.007026968999999999,0.0035323380000000003,16137.0,1046422.6280000001,0.77382441,862.9310422000001,18.70021961,3539.5610509999997,26.24834507,0.301806987,0.630809998,2694.0,817.98,21.16555417,5,0.015381962910758266,0.011887383961510845,0.01887654186000569,True
30105,HUANIPACA,APURIMAC,0.013876032,0.001234234,0.015241425999999999,0.004818727,3081.0,181167.139,0.792705551,428.7128479,7.186628567,2953.2373,32.11621646,0.221493451,0.744621079,3155.0,432.62,10.46646017,5,0.020753871844556217,0.012610907725791065,0.028896835963321366,True
30106,LAMBRAMA,APURIMAC,0.00394622,0.0017205979999999998,0.004831957,0.003833147,4210.0,213364.62479999996,0.77507943,527.5511917,7.980268202,3760.998993,28.47674215,0.20778075899999998,0.773223735,3126.0,521.62,8.187952916,5,0.02127543252361139,0.01597265190022811,0.02657821314699467,True
30107,PICHIRHUA,APURIMAC,0.013864606999999998,0.004354185,0.00564898,0.00951638,5276.0,297564.7622,0.774956311,375.1618606,14.06326323,3334.705616,25.95350244,0.09074579,0.846474355,2766.0,370.69,12.16110497,5,0.020049120432470206,0.009511820096093705,0.030586420768846705,True
30108,SAN PEDRO DE CACHORA,APURIMAC,0.026849974,0.003692131,0.003368665,0.003786685,2625.0,166623.8473,0.783650971,118.377421,22.17483688,3121.02129,29.00698345,0.258556324,0.722690684,2916.0,108.77000000000001,30.596671879999995,5,0.019865591975269985,0.013583973816059981,0.026147210134479987,True
30109,TAMBURCO,APURIMAC,0.013542068,0.028228566,0.05099651000000001,0.001274652,10064.0,624097.1105,0.785454859,54.77316239,183.7396192,3742.291574,23.74629374,0.34,0.66,2620.0,54.6,177.3260073,5,0.015932270596402478,0.011974467765417537,0.01989007342738742,True
30201,ANDAHUAYLAS,APURIMAC,0.187374129,0.037132411,0.002238273,0.000226056,34252.0,2270040.512,0.782804654,197.994069,172.995081,3705.952671,16.18865685,0.0,0.537493624,2836.0,174.11,259.6347137,5,0.01861245546857513,0.014302190624331825,0.022922720312818435,True
30202,ANDARAPA,APURIMAC,0.135378889,0.007245723,0.02204568,0.003612452,6773.0,349554.9958,0.777494508,186.3370409,36.34811397,2668.913082,26.014840979999995,0.331076766,0.635937662,3002.0,172.05,43.38273758,5,0.02097217402005168,0.014833732528684251,0.027110615511419106,True
30203,CHIARA,APURIMAC,0.004309734,0.0032385460000000006,0.013093319,0.00187207,1488.0,74101.87432,0.775555712,147.2751639,10.10353654,3748.847204,17.51987911,0.0,0.9361884650000001,3289.0,148.92,9.448025786,5,0.020767015753301008,0.010060010341580349,0.03147402116502167,True
30204,HUANCARAMA,APURIMAC,0.042404745,0.014727772,0.011591,0.002126732,7491.0,457964.64,0.778257629,156.8799129,47.74989902,3151.335447,26.54689492,0.105948011,0.8827415540000001,2976.0,153.04,39.12049137,5,0.021332029620457972,0.017145451780417608,0.025518607460498346,True
30205,HUANCARAY,APURIMAC,0.03418516,0.006089821,0.002549653,8.68e-05,4924.0,265524.4746,0.779877295,111.55410220000002,44.14001729,3573.2064079999996,18.61248312,0.0,0.662323157,2909.0,112.2,40.0,5,0.020772117472929473,0.013783644764916137,0.027760590180942808,True
30206,HUAYANA,APURIMAC,0.007119752,0.003547104,0.026282384,5.27e-05,1465.0,70238.86562,0.782293924,95.67260893,15.312637720000001,3645.7827310000002,18.61823542,0.0,1.0,3196.0,96.87,9.652111077,5,0.02074899376569669,0.010500224486015716,0.03099776304537765,True
30207,KISHUARA,APURIMAC,0.019832534,0.006861385,0.008545065,0.0069417590000000005,7309.0,400572.9607,0.781183951,310.2017128,23.56208782,3693.775408,23.38782055,0.098177045,0.863742161,3717.0,309.91,25.972056399999996,5,0.023926319871598257,0.01628164627807859,0.03157099346511792,True
30208,PACOBAMBA,APURIMAC,0.009798296,0.002532619,0.009077237,0.004654291,5459.0,308251.1512,0.778257538,260.3459423,20.96825459,2719.496505,32.09715264,0.207535097,0.744641442,2712.0,245.9,20.92720618,5,0.017642086510057158,0.013428975357695523,0.02185519766241879,True
30209,PACUCHA,APURIMAC,0.14121874,0.010649124,0.001198357,0.042906982,11161.0,626200.5008,0.767955255,171.3048921,65.15283869,3289.860398,21.88604688,0.9487756130000001,0.040264968,3162.0,170.39,59.61617466,5,0.021379905095040373,0.016844459488945085,0.02591535070113566,True
30210,PAMPACHIRI,APURIMAC,0.007793362,0.002293422,0.089371479,0.001532702,4765.0,225386.7676,0.774233369,592.8254024,8.037779726,4019.8665310000006,12.16896959,0.779201377,0.194385017,3388.0,602.5,4.627385892,5,0.02122790317433582,0.014237565884363786,0.02821824046430785,True
30211,POMACOCHA,APURIMAC,0.00885148,0.004046412,0.026078614,0.014143405000000001,1478.0,73844.20112,0.778338769,123.3126274,11.98579603,3952.6591739999994,12.86731682,0.461221047,0.520544632,3673.0,129.19,7.539283226,5,0.02235269411243431,0.017259869792164567,0.027445518432704055,True
30212,SAN ANTONIO DE CACHI,APURIMAC,0.014276922000000001,0.002991998,0.017241801,0.005845241,2860.0,169761.8676,0.792337203,179.2259083,15.95751433,3245.254903,25.58940499,0.064554416,0.835824734,3258.0,178.78,18.37453854,5,0.02112264135216391,0.011518864555068424,0.030726418149259395,True
30213,SAN JERONIMO,APURIMAC,0.124555152,0.017933759,0.022892406,0.017775304,20812.0,1303267.909,0.782176975,249.54191759999998,83.40081778,3969.489884,16.27319213,0.20771680100000003,0.758194418,2973.0,237.42,97.96984247,5,0.02623207236657762,0.021515671289862683,0.03094847344329256,True
30214,SAN MIGUEL DE CHACCRAMPA,APURIMAC,0.007050176,0.007618574,0.03917641,0.002121934,2283.0,118681.5609,0.775791985,85.24391264,26.781971039999995,3448.624669,25.43035091,0.004914997,0.943299459,3681.0,83.37,27.16804606,5,0.021791725780186236,0.014785552094453437,0.028797899465919034,True
30215,SANTA MARIA DE CHICMO,APURIMAC,0.105621368,0.017092421,0.000662684,0.000574326,11585.0,669833.3498,0.779914631,156.6757063,73.94254202,3686.1254239999994,15.912213409999998,0.0,0.9953484510000001,3287.0,162.14,62.77291230000001,5,0.027087942668673825,0.024508325629173912,0.029667559708173738,True
30216,TALAVERA,APURIMAC,0.078229594,0.024811714,0.000910796,1.13e-05,22576.0,1322475.83,0.77891351,158.611045,142.335611,3255.681867,22.88857068,0.0,0.78087785,2842.0,148.12,145.2200918,5,0.017722032513432098,0.013969908458587865,0.02147415656827633,True
30217,TUMAY HUARACA,APURIMAC,0.006493509999999999,0.00251684,0.024447036,0.005864882,4435.0,189652.2029,0.778391409,455.1031806,9.745042859,4070.4647190000005,10.91710204,0.308223857,0.647317589,3409.0,446.7099999999999,4.947281234,5,0.02178497175829906,0.01438184517455994,0.029188098342038175,True
30218,TURPO,APURIMAC,0.087993744,0.007340597,0.000437855,0.00010766899999999999,4371.0,241536.41230000003,0.784632716,124.22716719999998,35.18554032,3729.8976300000004,18.97017008,0.0,0.8888888890000001,3327.0,121.67,37.16610504,5,0.025747697551932326,0.016117245560679498,0.03537814954318518,True
30219,KAQUIABAMBA,APURIMAC,0.058769847,0.002592171,0.030376184,0.005545797,2773.0,144870.8677,0.778471691,112.51128739999999,24.64641605,2663.767803,29.96771677,0.146441458,0.813247878,3087.0,97.79,24.70600266,5,0.020980457471115772,0.017361092750453173,0.02459982219177837,True
30220,JOSE MARIA ARGUEDAS,APURIMAC,0.129095576,0.009979388,0.0035814559999999994,0.014829172999999998,5926.0,321716.8602,0.786105873,175.8888459,33.69173281,4054.007834,12.89555129,0.375641576,0.587453287,3590.0,195.92,23.86178032,5,0.025608570099493088,0.021254739110918484,0.02996240108806769,True
30301,ANTABAMBA,APURIMAC,0.002903563,0.001466154,0.276152539,0.000606132,4031.0,221484.7671,0.780641007,604.7194352,6.665901185,4516.675671,18.76305231,0.252921939,0.641332029,3664.0,603.76,5.396183914,5,0.02516773932343174,0.017641780495924984,0.03269369815093849,True
30302,EL ORO,APURIMAC,0.000522821,0.002091282,0.047773702,0.001124064,798.0,35671.49507,0.788687094,66.84982283,11.93720441,4100.568537,27.62466472,0.273927055,0.713028799,3304.0,68.81,8.603400669,4,0.020915978536828243,0.010786595277547942,0.031045361796108534,True
30303,HUAQUIRCA,APURIMAC,0.001490666,0.002038676,0.069048713,0.001250482,1982.0,113461.41069999998,0.777507669,352.028314,5.630228936,4313.982268,19.22723371,0.162971237,0.8085251340000001,3500.0,337.6,5.393957346,5,0.03243790808300095,0.016040780782544815,0.04883503538345708,True
30304,JUAN ESPINOZA MEDRANO,APURIMAC,0.001142322,0.001164289,0.253562919,0.000341873,2797.0,154619.4561,0.794824919,634.6610828,4.407076589,4502.340168,19.26192666,0.094486807,0.743032939,3316.0,623.22,3.335900645,4,0.03127903666881867,0.019021217577641487,0.04353685575999585,True
30305,OROPESA,APURIMAC,0.001379956,0.001035537,0.21065435,0.004816532,3237.0,138471.2021,0.768642323,1174.881094,2.755172431,4573.348139,17.618899,0.653283037,0.324855215,3327.0,1180.12,2.050638918,4,0.03010713858721959,0.013844474189336303,0.046369802985102876,True
30306,PACHACONAS,APURIMAC,0.000951107,0.001075409,0.029004671,0.000404755,1132.0,60453.64931,0.784675619,230.0740407,4.920155252,4047.182811,27.40092206,0.078252864,0.90218392,3465.0,226.73,5.689586733,4,0.021740595647397346,0.008644686911973697,0.034836504382821,True
30307,SABAINO,APURIMAC,0.000860036,0.00131989,0.05805931600000001,0.00193847,1117.0,65233.33493,0.78762453,177.1788677,6.304363576,4000.162684,26.389059420000002,0.340731692,0.653645673,3441.0,178.77,8.552889187,5,0.025312008303504406,0.01422951393302891,0.0363945026739799,True
30401,CHALHUANCA,APURIMAC,0.002547133,0.003709064,0.033993153,0.000563065,4931.0,320799.1025,0.779439992,340.2725744,14.49132364,3863.9998439999995,24.89338825,0.201877934,0.704225352,2929.0,322.34,12.72879568,5,0.016582578721546927,0.01265086471664433,0.020514292726449522,True
30402,CAPAYA,APURIMAC,0.006847481,0.002044396,0.008513296,0.009242884,529.0,32647.394030000003,0.78920208,83.59553976,6.328088813,3829.622599,22.77462824,0.47545582,0.49649368900000007,3311.0,77.75,8.91318328,5,0.013361918980466823,0.005292477085226019,0.021431360875707624,True
30403,CARAYBAMBA,APURIMAC,0.00020216499999999997,0.001714042,0.12255232899999999,0.000519947,678.0,40239.82302,0.771271239,231.1125931,2.933635034,4272.376228,22.58298328,0.432990119,0.524661629,3324.0,234.91,5.495721766,5,0.023730920026408565,0.011362138683186595,0.03609970136963053,True
30404,CHAPIMARCA,APURIMAC,0.018568597,0.00242624,0.016966508,0.001964593,2013.0,118104.46040000001,0.790583855,204.815176,9.828373264,3570.609285,27.17141244,0.131538462,0.694913375,3423.0,213.09,11.07513257,5,0.01884156561020295,0.012634182559277368,0.02504894866112853,True
30405,COLCABAMBA,APURIMAC,0.006977025,0.003671291,0.002634487,0.003046707,1235.0,64541.0199,0.785554898,92.11077629,13.40776888,3587.881757,23.98099261,0.135374715,0.588257055,3174.0,95.75,8.992167102,5,0.01771532678287222,0.005957345209877797,0.02947330835586664,True
30406,COTARUSE,APURIMAC,0.000903093,0.001961897,0.192057634,0.003233055,5455.0,297534.7902,0.779055325,1741.6154080000001,3.132149597,4346.328582,13.457346609999998,0.594987747,0.361138957,3268.0,1749.83,2.168210626,5,0.024525223067384538,0.00943303658399106,0.03961740955077801,True
30407,HUAYLLO,APURIMAC,0.005785502,0.004629893,0.005785871,0.000504894,487.0,30862.600410000003,0.797559138,73.05135163,6.666543317,3331.443905,26.290751710000002,0.0,0.523876077,3172.0,72.89,8.437371382,5,0.0014409506334911188,-0.009857375219205423,0.012739276486187659,False
30408,JUSTO APU SAHUARAURA,APURIMAC,0.005716403,0.002819746,0.018300228,0.00205674,1080.0,54553.24517999999,0.78587037,101.3668142,10.65437449,3431.2386419999993,26.87459033,0.040870642,0.648052554,3133.0,97.64,8.500614502,5,0.013917208020673411,0.002063002185798541,0.025771413855548278,True
30409,LUCRE,APURIMAC,0.009706662,0.004965446,0.016169258,0.009082818,2594.0,136709.3419,0.777465343,104.1509806,24.90615052,3797.0877740000005,25.775566570000002,0.347347347,0.612612613,2822.0,110.47999999999999,18.85409124,5,0.01694603435472233,0.009793712145563568,0.024098356563881092,True
30410,POCOHUANCA,APURIMAC,0.004183331,0.0035952909999999996,0.020879556,0.002279033,1532.0,76719.67149,0.791886815,87.8953222,17.42982404,3668.676552,30.15081548,0.301070137,0.69572699,3374.0,82.55,15.38461538,5,0.023269287818067294,0.013116447368955926,0.033422128267178663,True
30411,SAN JUAN DE CHACÑA,APURIMAC,0.004096616,0.001648935,0.034311632,0.012846335,923.0,66421.5647,0.793245612,96.56703166,9.55812749,3910.328108,25.93906001,0.149859609,0.827013909,2874.0,86.13,9.764309764,5,0.020693748530898445,0.01328785737461768,0.02809963968717921,True
30412,SAÑAYCA,APURIMAC,0.003046791,0.00239975,0.050909801,0.005825018,1970.0,107089.17999999998,0.784472893,366.5831503,5.373951307,4079.455851,13.061528579999997,0.45170860400000007,0.541907309,3373.0,448.91,2.731059678,5,0.021785395866830246,0.014359624358946643,0.029211167374713846,True
30413,SORAYA,APURIMAC,0.015974543,0.004510663,0.009770372,3.31e-05,840.0,57124.12376999999,0.792185833,44.54874917,18.85574827,3546.6902070000006,21.78379304,0.0,0.521575985,2884.0,43.56,17.99816345,5,0.008899104839891788,-0.0005325928496327896,0.01833080252941636,False
30414,TAPAIRIHUA,APURIMAC,0.006014148,0.0027751,0.023594976,0.005685086,2575.0,124942.90589999998,0.788245709,158.7712409,16.21830242,3654.839158,29.49680602,0.28232802,0.661287931,2839.0,163.73,15.40951567,5,0.020018070331902203,0.012828396444844736,0.02720774421895967,True
30415,TINTAY,APURIMAC,0.013106478,0.007902168,0.011514401,0.013420249,4340.0,253162.2357,0.786438687,142.9222898,30.36615217,3316.832028,26.53452577,0.044935962,0.828518699,2824.0,136.58,21.82603602,5,0.018509383973870627,0.01410951273665419,0.02290925521108706,True
30416,TORAYA,APURIMAC,0.013724258999999999,0.002745569,0.002377019,0.00183071,2617.0,145540.1952,0.787667291,169.2401331,15.4632353,3738.882397,22.33485004,0.426166514,0.542726441,3167.0,173.05,8.974284889,5,0.018003086888528145,0.013365851919127036,0.022640321857929246,True
30417,YANACA,APURIMAC,0.005190434,0.004066834,0.028540213,0.002049538,1826.0,97568.9387,0.788530011,104.7501823,17.43195056,3763.219177,26.245179080000003,0.148566527,0.742881187,3339.0,103.88,10.40623797,5,0.022566617557056978,0.011827853368659665,0.03330538174545429,True
30501,TAMBOBAMBA,APURIMAC,0.022253796,0.004059696,0.003453652,0.001252496,15999.0,761782.8645,0.787931302,716.7485984,22.32163416,3920.965175,19.33383974,0.19837342,0.758503294,3267.0,722.23,17.76857788,5,0.024666951598940678,0.01753745345261542,0.03179644974526594,True
30502,COTABAMBAS,APURIMAC,0.006274053999999999,0.004830043,0.004845351,0.002897527,4929.0,249990.65,0.783753926,328.178153,15.01928131,3581.981648,26.047396159999998,0.257628718,0.731169772,3557.0,331.96,14.16134474,5,0.02173173900115555,0.018214036801644212,0.02524944120066689,True
30503,COYLLURQUI,APURIMAC,0.020339575,0.005376557,0.006819382000000001,0.000863719,10567.0,499063.3591,0.785427567,420.53703729999995,25.12739441,4000.075624,19.65120819,0.256539872,0.700286418,3184.0,418.95,18.98794606,5,0.021666541626379966,0.016519463556606585,0.026813619696153354,True
30504,HAQUIRA,APURIMAC,0.021236667,0.00595779,0.037756212,0.005113026,18394.0,733536.7672,0.784582255,485.8412652,37.8601023,4073.7512589999997,18.34504859,0.506277933,0.488981819,3698.0,475.4599999999999,21.69898624,5,0.02119263552066209,0.016325514584835048,0.026059756456489135,True
30505,MARA,APURIMAC,0.051458697,0.009878064,0.002836284,0.000353123,8996.0,408687.6088,0.791923333,222.7439672,40.38717688,3722.0522150000006,24.16185564,0.00166042,0.978544997,3792.0,224.17,27.385466389999998,5,0.02976485653534354,0.026245300241812784,0.03328441282887428,True
30506,CHALLHUAHUACHO,APURIMAC,0.033087366,0.010632203,0.059747947,0.007323691,26678.0,1529461.12,0.793681551,455.1718978,58.61082401,4153.455006,16.41368743,0.471969537,0.48677808300000003,3724.0,439.9599999999999,28.416219660000003,5,0.02283081616359705,0.018876723098022047,0.026784909229172052,True
30601,CHINCHEROS,APURIMAC,0.02027582,0.013762456000000001,0.013445421000000003,0.003121864,7529.0,416819.2185,0.779310865,135.9822389,55.367524890000006,3114.273303,24.42117818,0.14021787,0.637134973,2799.0,132.4,45.41540785,5,0.018900256581223043,0.01607988568699362,0.021720627475452465,True
30602,ANCO-HUALLO,APURIMAC,0.033938372,0.024586317,0.0034578040000000005,0.000511758,12178.0,716281.0264,0.777480358,91.35354734,133.3062629,3715.099868,20.38999759,0.150694376,0.577661775,3239.0,38.9,312.8534704,5,0.023705000249575194,0.019880271072303016,0.02752972942684737,True
30603,COCHARCAS,APURIMAC,0.023008708,0.005139429,0.012053666,0.006259363000000001,2739.0,139603.4755,0.782972216,108.5983324,25.22138175,2984.185041,26.021245470000004,0.204776736,0.677163543,3051.0,109.9,19.04458599,5,0.019347010937952654,0.013298403971057086,0.025395617904848223,True
30604,HUACCANA,APURIMAC,0.013802456,0.004658085,0.017750444,0.007497703999999999,8128.0,442839.8274,0.788366425,307.874635,26.40035611,2755.990513,26.705595510000002,0.213214169,0.618590262,3093.0,472.12,16.22045243,5,0.020354373708797998,0.014670798713180135,0.026037948704415857,True
30605,OCOBAMBA,APURIMAC,0.025350678999999997,0.006978068,0.008588438,0.001254499,8320.0,440244.6451,0.787044603,217.7442501,38.2099642,3108.851931,26.921452999999996,0.26003664,0.662863125,3039.0,58.2,130.1718213,5,0.022045641690324295,0.01670959744101458,0.027381685939634012,True
30606,ONGOY,APURIMAC,0.01628389,0.005429431,0.017738219,0.000686291,3718.0,211704.20890000003,0.787297875,115.1217353,32.29624703,3149.801302,27.99963526,0.274509804,0.68627451,2799.0,118.69000000000001,29.37062937,5,0.01685327260110689,0.012388762804391001,0.021317782397822775,True
30607,URANMARCA,APURIMAC,0.01897951,0.005945496,0.001382688,0.000655337,3179.0,173093.9136,0.780027902,147.4133883,21.56520541,3304.085322,20.93503368,0.262221872,0.675178533,3115.0,148.73,20.4262758,5,0.020894938624560606,0.01724474083345333,0.024545136415667884,True
30608,RANRACANCHA,APURIMAC,0.024090827,0.013031929000000001,0.002308254,0.000985634,5518.0,301522.6316,0.78059759,100.3816158,54.97022494,3809.644894,19.00036726,0.0,1.0,3426.0,44.52,101.3926325,5,0.027998659660623034,0.02266380575452704,0.03333351356671903,True
30609,ROCCHACC,APURIMAC,0.017984008,0.009317676,0.01564084,0.000212729,3129.0,163566.0276,0.787581112,55.61775549,56.25901247,3355.9815220000005,26.23658312,0.5,0.5,3042.0,56.96,48.7008427,5,0.021205717190646626,0.016332133245313733,0.02607930113597952,True
30610,EL PORVENIR,APURIMAC,0.018489148,0.004362745,0.012518538,0.006282095999999999,1121.0,62711.95089,0.78248751,59.95506075000001,18.6973374,2711.114342,30.38453536,0.326365394,0.580241291,3045.0,61.89,28.356761999999996,5,0.017953187572954277,0.010914795617809728,0.024991579528098825,True
30611,LOS CHANKAS,APURIMAC,0.003349262,0.003844673,0.017572322,0.005628506,1210.0,66845.2237,0.784581653,144.6909007,8.362654418,2873.015051,28.7326997,0.175421464,0.583077572,2058.0,142.22,9.077485586,5,0.008882213613280752,0.0003612801718506902,0.017403147054710816,True
30612,AHUAYRO,APURIMAC,0.005401128,0.009164696,0.026059437,0.016937572,934.0,54191.9554,0.778417452,29.25896363,31.92184152,2894.210954,25.05596471,0.139288923,0.7480255,2049.0,29.55,41.52284264,2,0.008078235796647399,0.00039000996901565003,0.01576646162427914,True
30701,CHUQUIBAMBILLA,APURIMAC,0.002208219,0.003133535,0.041790316,0.001886417,5588.0,273261.7913,0.773098801,426.9786073,13.08730673,4195.090552,24.46423035,0.44149766,0.527301092,3360.0,432.5,12.21271676,5,0.016054035320832095,0.010932419138851799,0.021175651502812396,True
30702,CURPAHUASI,APURIMAC,0.002610065,0.002574919,0.011421187,0.010175248,1790.0,92641.72722,0.795374246,311.302862,5.750027444,4134.43605,20.94525258,0.596937794,0.394281859,3490.0,293.42,8.394110831,5,0.021666842955313122,0.017289880991387355,0.026043804919238887,True
30703,GAMARRA,APURIMAC,0.008625945,0.002498206,0.008207494,0.000687964,3641.0,181524.7284,0.78250239,350.9215306,10.37553892,3778.692086,28.12462179,0.032408647,0.894993977,3489.0,370.45,10.12282359,5,0.022657245833645274,0.017024167952435255,0.028290323714855292,True
30704,HUAYLLATI,APURIMAC,0.012755861000000002,0.0049763,0.003872456,0.001023642,2111.0,96672.06364,0.773140313,124.5941605,16.94300914,3620.02336,25.47447635,0.0,0.876012869,3469.0,110.75,16.17155756,5,0.0288580400787654,0.014435107511012304,0.04328097264651849,True
30705,MAMARA,APURIMAC,0.012171264,0.002178353,0.041410077,0.000871629,1121.0,68727.48996,0.776178323,62.899024280000006,17.82221605,4031.550934,21.32122416,0.197605681,0.725062275,3619.0,66.21,13.36656094,5,0.024747363776006837,0.016518390109742147,0.032976337442271526,True
30706,MICAELA BASTIDAS,APURIMAC,0.007404896999999999,0.003689134,0.013244627,0.001349356,646.0,39638.47595,0.797947986,105.1630437,6.142842365,3978.2246189999996,20.76810285,0.549347963,0.436002758,3528.0,110.14000000000001,9.478845106,5,0.019464182437539026,0.007768136144713866,0.031160228730364177,True
30707,PATAYPAMPA,APURIMAC,0.0018983010000000002,0.001667855,0.05286704799999999,0.001200213,1054.0,52577.013060000005,0.783942885,146.9501568,7.172500000000001,4339.801721,18.53305212,0.531143571,0.46403163599999997,3800.0,158.91,6.808885533,5,0.022994114566690385,0.011448538112319186,0.03453969102106158,True
30708,PROGRESO,APURIMAC,0.004487686,0.004513996,0.014096294,0.000590894,3485.0,165998.3752,0.788684476,241.3066889,14.442202229999998,4209.641078,19.35590357,0.311977799,0.672803772,3817.0,254.59,14.96523823,5,0.023305656508660875,0.015073176027486552,0.031538136989835194,True
30709,SAN ANTONIO,APURIMAC,0.006095344,0.003613772,0.006564924,0.000130226,315.0,18101.34602,0.788421587,25.44691492,12.37871078,3770.645242,24.75010542,0.0,0.916530278,3483.0,24.12,14.759535660000001,5,0.010623652044081883,-0.0033131458609441857,0.024560449949107943,False
30710,SANTA ROSA,APURIMAC,0.027366694000000004,0.004180138,0.004099295,2.31e-05,789.0,41046.83683,0.795269962,31.156902100000003,25.32344189,3607.2087620000007,24.91159482,0.0,1.0,3539.0,36.16,20.04977876,5,0.019009983853335664,0.01012125464293342,0.027898713063737906,True
30711,TURPAY,APURIMAC,0.014197305,0.003782851,0.010777923,0.000248555,735.0,47067.14267,0.7728083,51.15712985,14.36749877,3842.702142,23.099719839999995,0.0,0.833967822,3448.0,52.34,13.90905617,3,0.01697673041015467,0.005930649009052021,0.028022811811257313,True
30712,VILCABAMBA,APURIMAC,0.00833486,0.042109636,0.00480955,1.18e-05,944.0,68803.87641,0.787956037,6.603185967,142.9612924,3143.344878,26.35542686,0.0,1.0,2801.0,7.970000000000001,141.5307403,5,0.021119413361086987,0.013751390398905123,0.028487436323268847,True
30713,VIRUNDO,APURIMAC,0.003080855,0.001349955,0.081231282,0.0008501019999999999,681.0,33055.72837,0.772631571,114.6668746,5.938942716,4477.220843,15.84614268,0.096515053,0.814850235,3876.0,117.19000000000001,8.208891544,5,0.02775331586113702,0.015004272853556624,0.04050235886871742,True
30714,CURASCO,APURIMAC,0.010635755,0.003582059,0.011762221,0.000692042,1015.0,51403.06255,0.78122473,136.9067305,7.41380644,3917.376887,23.04748582,0.296465664,0.623818013,3566.0,139.77,10.524433,5,0.02048466746948632,0.010540839104574916,0.030428495834397714,True
40102,ALTO SELVA ALEGRE,AREQUIPA,0.005095549,0.113855862,0.345621313,0.00034227,74330.0,3266070.396,0.762738523,67.85572235,1095.412405,3122.720154,15.948201739999998,0.0,0.8694192019999999,2510.0,6.980000000000001,13422.06304,5,0.01043157239634469,0.004989565534267706,0.01587357925842167,True
40103,CAYMA,AREQUIPA,0.010754706,0.048932016,0.49536585200000005,0.002801203,86253.0,4136289.5660000006,0.763116839,233.65839180000003,369.1414605,3844.093743,16.81169862,0.66022075,0.272549319,2531.0,246.31,437.3391255,5,0.011329152216627484,0.008065465322709036,0.014592839110545939,True
40104,CERRO COLORADO,AREQUIPA,0.063661173,0.189185093,0.4447054469999999,0.000112166,203231.0,11552344.89,0.766377204,175.5356704,1157.776078,3203.699197,13.38087723,0.090909091,0.727272727,2441.0,174.9,1125.260149,5,0.009799309090562477,0.0051769520421112,0.014421666139013752,True
40105,CHARACATO,AREQUIPA,0.043161732,0.029624228999999995,0.189111979,0.000171284,28709.0,1284398.337,0.766652207,86.40565782,332.258335,3349.7271850000006,13.06263006,0.1,0.54,2506.0,86.0,137.7209302,5,0.011506971275705147,0.007695824687434974,0.01531811786397532,True
40106,CHIGUATA,AREQUIPA,0.024969145,0.006019712,0.253518478,0.000316452,6647.0,250918.20410000003,0.785900918,231.03884950000003,28.77005324,3691.361724,15.30928017,0.0,0.0,3006.0,460.81000000000006,10.15385951,5,0.02084294856837443,0.016311797892670732,0.02537409924407815,True
40107,JACOBO HUNTER,AREQUIPA,0.172263503,0.205367866,0.44709768800000005,6.42e-05,33331.0,1844073.6460000002,0.759211515,20.58681947,1619.045625,2316.856747,12.5715945,0.0,0.470588235,2309.0,20.37,2736.917035,5,0.008678666815233068,0.004304044298428592,0.013053289332037544,True
40108,LA JOYA,AREQUIPA,0.030029024000000005,0.015325955999999998,0.8940350020000001,0.000312276,65935.0,4245277.073,0.774273861,697.9116617,94.47470735,1644.8957729999997,7.879053268,0.25,0.682795699,1640.0,670.22,49.48076751,5,0.005860572074827634,0.0013512430107710067,0.01036990113888426,True
40109,MARIANO MELGAR,AREQUIPA,3.08e-05,0.175065119,0.310174203,0.0,54346.0,2319495.651,0.765929724,29.05516118,1870.442214,2962.127897,10.26342013,0.0,0.0,2459.0,29.829999999999995,2318.974187,5,0.00958280628094762,0.007135046824417962,0.012030565737477282,True
40110,MIRAFLORES,AREQUIPA,0.000245579,0.155773299,0.310084786,0.000244893,43157.0,2323927.201,0.757274194,26.21847669,1646.0529149999998,3118.45842,14.405329169999998,0.0,0.0,2450.0,28.68,2372.90795,5,0.009838865849369533,0.007117808543156011,0.012559923155583056,True
40111,MOLLEBAYA,AREQUIPA,0.032595096,0.036198199,0.310582957,8.5e-05,19018.0,569924.2075,0.776714865,31.35068389,606.6215356,2590.501767,11.69627898,0.0,0.0,2515.0,26.7,130.8988764,5,0.010003895996387487,0.0038806570101054573,0.016127134982669517,True
40112,PAUCARPATA,AREQUIPA,0.042861025,0.41154207100000006,0.306951314,0.0,107669.0,5381778.88,0.762479132,28.482682059999995,3780.15665,2603.144312,10.94121169,0.0,0.75,2453.0,31.07,5052.494368,5,0.008344453641827673,0.005962379368738561,0.010726527914916784,True
40113,POCSI,AREQUIPA,0.021061114,0.002458781,0.22313807199999997,2.02e-05,1687.0,61375.59487000001,0.779786841,170.2484033,9.90905035,3615.732985,12.55473556,0.0,1.0,3045.0,172.48,6.238404453,5,0.023543314495906204,0.010655764119081517,0.03643086487273089,True
40114,POLOBAYA,AREQUIPA,0.018725876,0.002560313,0.569984851,0.002434693,2748.0,130996.7434,0.791095524,399.3039159,6.881976085,3069.136058,14.52266051,0.650912106,0.273631841,3116.0,441.61,3.131722561,5,0.019561801573071712,0.0060935456091358205,0.0330300575370076,True
40115,QUEQUEÑA,AREQUIPA,0.040360995,0.034888329,0.175028869,2.36e-05,13167.0,369552.0557,0.78181039,34.98351149,376.3773115,2747.486681,14.33861933,0.0,0.0,2561.0,34.93,60.177497849999995,5,0.008211653044683603,0.0027260328782766595,0.013697273211090547,True
40116,SABANDIA,AREQUIPA,0.065669059,0.048986358,0.252728643,4.74e-05,12941.0,646842.6886,0.767160575,35.95509537,359.9211702,2709.883236,12.28240347,0.0,1.0,2441.0,36.63,148.8124488,5,0.0066057975730421815,0.001829772055681779,0.011381823090402584,True
40117,SACHACA,AREQUIPA,0.46568004700000004,0.218499289,0.096603048,0.000428467,21804.0,1500487.181,0.757908123,14.32505907,1522.087964,2253.010461,4.513429734,0.454545455,0.454545455,2300.0,26.630000000000003,1279.346602,5,0.00848468306564342,0.0031861916361379224,0.013783174495148914,True
40118,SAN JUAN DE SIGUAS,AREQUIPA,0.04315195,0.002191934,0.841709212,0.002615142,434.0,30337.00113,0.762198848,35.8587723,12.10303566,1254.178706,12.5208215,0.091743119,0.419724771,1281.0,93.31,12.76390526,1,0.008257559783012135,-0.0017384720975433428,0.018253591663567617,False
40119,SAN JUAN DE TARUCANI,AREQUIPA,8.28e-06,0.000869686,0.4866784940000001,0.009272841,4256.0,205820.4776,0.785987617,2391.176202,1.779877198,4443.110949,9.525747306,0.472707919,0.440484878,4217.0,2264.59,0.742739304,5,0.03230466590573955,0.022668380894318923,0.04194095091716017,True
40121,SANTA RITA DE SIGUAS,AREQUIPA,0.040863107,0.002659873,0.925731192,0.000464758,7258.0,789155.5918,0.765046666,426.5976549,17.0136894,1188.77639,4.440492101,0.145277518,0.8419548530000001,1283.0,370.16,19.32677761,5,0.005276841307910918,0.0014881422570796952,0.00906554035874214,True
40122,SOCABAYA,AREQUIPA,0.105974871,0.20895567499999998,0.334623899,3.44e-05,51250.0,2766362.211,0.762007778,25.61380473,2000.8741589999997,2343.204476,8.692281597,0.0,0.0,2352.0,18.64,3909.7103,5,0.008343071324290803,0.0036976318723459,0.012988510776235706,True
40123,TIABAYA,AREQUIPA,0.184639601,0.054968861,0.556634426,0.044573923,18819.0,1023439.733,0.756380892,37.34642436,503.9036621,2359.471978,13.2060912,0.617748528,0.375699289,2218.0,31.619999999999997,662.7767236,5,0.008657526203354832,0.004376231790015949,0.012938820616693703,True
40124,UCHUMAYO,AREQUIPA,0.022994715,0.014408604,0.90974708,0.003743067,19473.0,1053415.043,0.765914589,271.4170411,71.74567935,2146.848748,14.15447335,0.086706454,0.8373709569999999,1976.0,227.13999999999996,86.47089901,5,0.007824906717547334,0.00160375655922315,0.014046056875871515,True
40125,VITOR,AREQUIPA,0.015118503,0.001572202,0.8672983540000001,0.001522973,23941.0,1524908.647,0.769050745,1536.9552,15.57690166,1504.483711,7.98835831,0.673094876,0.300385049,1189.0,1543.5,2.229348882,5,0.009449903483697505,0.004980946649690183,0.013918860317704822,True
40126,YANAHUARA,AREQUIPA,0.256060983,0.572893412,0.04701341,0.0,12142.0,935930.3166000001,0.75184855,3.6797510440000005,3299.679748,2345.256467,4.147512188,0.0,0.5,2402.0,2.2,16662.27273,5,0.0076771933054292476,0.004043912413953028,0.011310474196905465,True
40127,YARABAMBA,AREQUIPA,0.0031636629999999997,0.004190587,0.898483683,0.011879614,9122.0,506395.7478,0.772067781,487.2529565,18.72128199,2629.561817,17.2205138,0.45430480200000006,0.528548286,2467.0,492.2,5.802519301,5,0.009361296767172556,0.0049237938508508985,0.013798799683494213,True
40128,YURA,AREQUIPA,0.003570414,0.004965067,0.488144195,0.000336347,78304.0,2455374.103,0.777932937,1925.0543540000003,40.67625406,3565.61948,14.27992901,0.297404544,0.654133796,2495.0,1942.9,15.74913789,5,0.012004354051547055,0.0072891793015407574,0.016719528801553352,True
40129,JOSE LUIS BUSTAMANTE Y RIVERO,AREQUIPA,0.139036763,0.649505252,0.086462261,0.0,51688.0,3372681.6230000006,0.754864036,11.19942386,4615.237413,2359.580088,4.069190524,1.0,0.0,2389.0,10.83,7899.445983,5,0.00771668299778589,0.0034550484216944706,0.011978317573877309,True
40201,CAMANA,AREQUIPA,0.736971027,0.16771582,0.030499551999999996,0.016626196,11051.0,813863.6653,0.764369451,11.16677675,989.632035,11.55509043,1.399103916,0.57465578,0.129677762,20.0,11.67,1554.755784,5,0.004382641247543757,-0.0029890898448535043,0.011754372339941022,False
40202,JOSE MARIA QUIMPER,AREQUIPA,0.518362988,0.042449461,0.386997936,0.020368077,8101.0,396098.6457,0.763713776,16.27623159,497.7196322,78.43140975,6.261273745,0.0,0.687377779,35.0,16.72,310.5861244,5,0.004239343000906746,-0.003306432780181324,0.011785118781994815,False
40203,MARIANO NICOLAS VALCARCEL,AREQUIPA,0.010651348,0.000912805,0.967519878,0.007618505,3895.0,274516.816,0.760481078,556.9317311,6.993675853000001,1592.364571,14.314454770000001,0.10706406900000001,0.52084535,362.0,557.74,7.668447664,5,0.017901339281112677,0.006278789800561704,0.029523888761663647,True
40204,MARISCAL CACERES,AREQUIPA,0.05407858,0.002440265,0.9240822590000001,0.006504174999999999,15110.0,700592.3962,0.755177512,595.1657481,25.38788572,746.4451202,12.75034217,0.4577703000000001,0.330386244,18.0,579.31,13.21399596,5,0.01057464867360387,0.007481254543722391,0.013668042803485348,True
40205,NICOLAS DE PIEROLA,AREQUIPA,0.043774067,0.00260137,0.93599382,0.004794692,8767.0,419230.1018,0.768321866,391.8370151,22.37409857,762.1268873,15.438527679999998,0.02914837,0.654216828,71.0,391.84,20.82482646,5,0.009979874334533912,0.004165208617173259,0.015794540051894564,True
40206,OCOÑA,AREQUIPA,0.012489043,0.000850479,0.975844904,0.005881842,5113.0,300781.3333,0.754960767,1425.818858,3.58600952,1284.214659,10.54199053,0.271764856,0.487458218,16.0,1414.8,3.257704269,5,0.01668514373867256,0.007345590788651973,0.026024696688693144,True
40207,QUILCA,AREQUIPA,0.004266405,0.001229328,0.902262296,0.005941476,2424.0,118161.34040000002,0.758437706,899.1255966000001,2.695952611,646.7034651,14.95316791,0.366378114,0.520624474,82.0,912.25,1.228829816,5,0.012913301424314716,0.007337919275017443,0.018488683573611987,True
40208,SAMUEL PASTOR,AREQUIPA,0.079870468,0.032067841,0.858894769,0.005751362,29341.0,1574604.298,0.763878781,113.42466949999998,258.6827022,398.769593,13.222453300000002,0.431192446,0.511776745,21.0,113.4,154.4091711,5,0.01304755410318637,0.010007468822482914,0.016087639383889827,True
40301,CARAVELI,AREQUIPA,0.000278459,0.000995364,0.9048376599999999,4.56e-06,5354.0,308420.9292,0.759155547,756.7170238,7.075300055,2139.897855,12.03307609,0.0,0.985815603,1811.0,727.68,5.088775286,5,0.011118060092372,0.0024059301909404827,0.019830189993803513,True
40302,ACARI,AREQUIPA,0.006839203,0.001408975,0.964872457,0.0019116620000000002,4769.0,364898.7658,0.752085699,777.7859134,6.131507293,1183.038166,13.24691603,0.001127912,0.505669746,171.0,799.21,5.768196094,5,0.015027152610276553,0.009866038524420997,0.02018826669613211,True
40303,ATICO,AREQUIPA,1.77e-06,0.0006502,0.97405055,0.00273683,8005.0,443314.87129999994,0.759905534,3104.591549,2.578439023,1454.134016,13.416830530000002,0.40651069599999995,0.567075441,101.0,3146.24,1.55137561,5,0.018757834386770818,0.013307997224394668,0.024207671549146968,True
40304,ATIQUIPA,AREQUIPA,0.000294373,0.001424511,0.675150343,0.005143611,1200.0,61258.90728000001,0.762585,424.8281937,2.8246712859999996,1155.054082,17.08900483,0.522905956,0.469413629,330.0,423.55,1.5228426399999997,3,0.008719787657476781,-0.0043050283275035735,0.02174460364245713,False
40305,BELLA UNION,AREQUIPA,0.008206117,0.0018014059999999998,0.933568678,0.001707092,9122.0,494135.1546,0.763172331,1583.033094,5.762355844,809.1388848,11.39027155,0.005216175,0.668198005,218.0,1588.41,1.597824239,5,0.016777267506642317,0.008366748220285103,0.02518778679299953,True
40306,CAHUACHO,AREQUIPA,0.001236355,0.000842884,0.350426909,0.000298964,1781.0,80866.30421,0.778087816,1389.71202,1.281560478,3304.574167,13.39666472,0.262366161,0.621246793,3423.0,1412.1,0.56440762,5,0.03291620717949452,0.01570378752840629,0.050128626830582744,True
40307,CHALA,AREQUIPA,3.77e-05,0.004107621,0.8773233749999999,0.006451845,11904.0,695479.2853,0.765841062,341.6091042,34.84684645,690.868852,14.53681097,0.645860412,0.341938565,21.0,378.38,20.52169776,5,0.009512990282478507,0.006285249030354609,0.012740731534602404,True
40308,CHAPARRA,AREQUIPA,2.5e-05,0.001056818,0.935034842,0.006156784,6960.0,284492.8159,0.761339813,1507.481063,4.616973422,1590.776287,18.54773362,0.745232748,0.24381453999999997,611.0,1473.19,1.7479076020000002,5,0.01315544205565311,0.008335659691078013,0.017975224420228204,True
40309,HUANUHUANU,AREQUIPA,7.379999999999999e-06,0.000322244,0.783245108,1.72e-05,4141.0,177608.7076,0.767508476,708.0517032,5.848442961,2426.356855,22.25381178,0.054794521,0.301369863,972.0,708.52,2.618133574,5,0.011797523733307207,0.007039428466215932,0.016555619000398487,True
40310,JAQUI,AREQUIPA,0.000635009,0.00121303,0.960304603,0.00047829200000000006,1734.0,139505.5925,0.764015456,424.5497546,4.08432694,1316.719898,23.49357241,0.0,0.792634048,271.0,424.73,3.8824665079999994,5,0.01004569309865955,0.004389312887366821,0.01570207330995228,True
40311,LOMAS,AREQUIPA,0.0,0.00296821,0.9802335899999999,0.008685494,2797.0,162804.9662,0.762353558,448.1924215,6.240623148,347.623614,5.443447312,0.193099203,0.757483842,26.0,452.7,2.911420367,5,0.014189813284579378,0.007956832818312207,0.02042279375084655,True
40312,QUICACHA,AREQUIPA,0.00034365600000000007,0.000759786,0.52550251,5.81e-06,3348.0,157685.7493,0.77766374,1039.958527,3.2193591500000003,3089.4072419999998,17.2494383,0.0,0.541666667,1836.0,1048.42,1.8608954429999998,3,0.017536296898656226,0.012975001444645863,0.022097592352666586,True
40313,YAUCA,AREQUIPA,0.001119386,0.002274083,0.968664954,0.007006837,3823.0,234018.9313,0.75751491,545.2310346,7.011706518999999,819.6125949,14.560747429999997,0.244419109,0.597996153,31.0,556.3,3.384864282,5,0.014221882433208117,0.007323104078616387,0.021120660787799846,True
40401,APLAO,AREQUIPA,0.032651357,0.002341833,0.849996727,0.0035349039999999997,13233.0,810141.4657,0.757239795,620.7679909,21.31714295,1535.857129,19.49852678,0.032623897,0.737611565,625.0,640.04,15.606837070000001,5,0.005849146637841795,-9.884535499325806e-05,0.011797138630676846,False
40402,ANDAGUA,AREQUIPA,0.006074994,0.0019209749999999997,0.30359505,0.001802618,2112.0,108527.25380000002,0.788421875,473.3389709,4.461918688,4170.062267,16.37031774,0.183306331,0.664659567,3594.0,480.73999999999995,2.279818613,5,0.02758382279429562,0.009221460431102883,0.04594618515748835,True
40403,AYO,AREQUIPA,0.00073551,0.001177139,0.466032478,0.00148488,643.0,32121.44658,0.748930014,286.2855853,2.246008996,3276.070089,28.84542855,0.1288195,0.73389358,2003.0,327.97,1.146446321,5,0.0105856377383156,-0.003310814737736756,0.024482090214367952,False
40404,CHACHAS,AREQUIPA,0.00022035600000000003,0.000456711,0.536587434,0.01966039,2903.0,114364.1308,0.78033896,1199.981344,2.419204277,4720.618313,12.8744212,0.800838248,0.177572055,3117.0,1190.49,1.759779587,5,0.03640215418515388,0.02710034105244455,0.045703967317863206,True
40405,CHILCAYMARCA,AREQUIPA,0.018821866,0.0035984500000000004,0.125016493,0.003567863,1548.0,97589.83598,0.791561434,182.9815671,8.459868523,3998.385776,13.12329496,0.020212045,0.62912713,3867.0,181.37,6.390251971,5,0.0198384813056824,0.011340031443585275,0.028336931167779522,True
40406,CHOCO,AREQUIPA,0.000131249,0.000262334,0.342381396,0.002691559,1628.0,71657.40717,0.784749754,906.1487001000002,1.796614617,4337.403769,19.76120694,0.191060731,0.711837106,2418.0,904.3300000000002,1.161080579,5,0.019047298725946394,0.006476689238167304,0.03161790821372548,True
40407,HUANCARQUI,AREQUIPA,0.009532851,0.000222846,0.800427618,0.002416177,2856.0,167264.5939,0.761712675,799.9059175,3.5704198929999995,1920.676546,22.60884112,0.100931018,0.727743008,620.0,803.65,2.274622037,5,0.012277029997938043,0.004361001745845862,0.020193058250030222,True
40408,MACHAGUAY,AREQUIPA,0.009403423,0.001116123,0.353842521,0.000325114,1703.0,82099.03637,0.770080329,247.8534397,6.870996029,4176.61162,18.47067456,0.064681665,0.711420265,3131.0,246.88999999999996,2.701608004,5,0.025783565000823096,0.00883878859645637,0.042728341405189815,True
40409,ORCOPAMPA,AREQUIPA,0.004177857,0.00250867,0.391577396,0.010123226,7022.0,531616.6611,0.775671148,731.2317166,9.602975146,4572.97012,9.987988124,0.661403819,0.312844849,3818.0,724.37,7.447851236,5,0.02805888199232566,0.01952468993108853,0.036593074053562796,True
40410,PAMPACOLCA,AREQUIPA,0.02513824,0.002880103,0.26302987,0.000149652,4473.0,237033.9106,0.7673351,266.7692038,16.76730273,3939.819904,18.29188277,0.333333333,0.666666667,2922.0,205.19,11.70134997,5,0.020433265663513396,0.015079273801374894,0.025787257525651894,True
40411,TIPAN,AREQUIPA,0.007051494,0.002563527,0.380345233,1.5099999999999998e-05,881.0,45864.80101,0.758658683,55.67573309000001,15.82377009,2297.732258,30.131906989999997,0.0,1.0,1939.0,57.67999999999999,7.8710124829999994,5,0.013579884492536023,-8.168514180083297e-06,0.027167937499252132,False
40412,UÑON,AREQUIPA,0.000379105,0.000244485,0.645556328,0.000778435,559.0,21728.85894,0.767337924,341.44169,1.637175589,2978.596239,29.47539305,0.151913166,0.834388547,2727.0,296.93,0.744283164,4,0.020085971371872766,0.010107696649816762,0.03006424609392877,True
40413,URACA,AREQUIPA,0.052412978,0.001307361,0.9359367080000001,0.003063075,9045.0,576758.4334,0.762125705,695.5775608,13.003582220000002,1145.163966,15.38934154,0.013584511999999998,0.697901455,452.0,713.83,9.975764538,5,0.009680556856551911,0.0037287979346719872,0.015632315778431834,True
40414,VIRACO,AREQUIPA,0.019090702,0.0037056290000000006,0.304479788,0.000249837,2806.0,147706.5733,0.76433407,137.5736633,20.39634573,4224.230606,19.12864235,0.444444444,0.555555556,3210.0,141.0,9.695035461,5,0.019036009759227077,0.009440845677541273,0.028631173840912877,True
40501,CHIVAY,AREQUIPA,0.008929246,0.005260142,0.269156491,0.001541486,6289.0,345823.2731,0.775331245,243.33759520000004,25.844752820000004,4503.707677,16.04016504,0.016691858,0.8011556360000001,3683.0,240.63999999999996,28.46991356,5,0.02263116226175791,0.01571289239515062,0.0295494321283652,True
40502,ACHOMA,AREQUIPA,0.005588986,0.001369716,0.606162077,0.000352666,2520.0,110565.8604,0.76657131,366.6243491,6.873520556,4396.457751,10.62342535,0.065193726,0.79134709,3524.0,393.54,3.122935407,5,0.025912295083604604,0.015910819035910722,0.03591377113129848,True
40503,CABANACONDE,AREQUIPA,0.028845196,0.002437803,0.321961344,0.011489301,4335.0,196855.7301,0.775503921,463.0794322,9.361244958,4157.928004,18.29728237,0.51039758,0.46634328700000005,3295.0,460.55,5.200303984,5,0.01991378516686692,0.014513933199747548,0.02531363713398629,True
40504,CALLALLI,AREQUIPA,0.000393617,0.0016502880000000002,0.139826492,0.009194601,3301.0,170839.1406,0.774128143,1544.036569,2.137902732,4504.909064,10.93404566,0.49230694399999997,0.45349219500000004,3887.0,1485.1,1.3581577,5,0.029605044900252425,0.023169434673916783,0.03604065512658804,True
40505,CAYLLOMA,AREQUIPA,9.19e-06,0.001208846,0.275573485,0.005425071,5274.0,314052.6588,0.769767975,1510.492438,3.491576566,4641.467987,9.510137477,0.349281009,0.555994225,4361.0,1499.0,2.873915944,5,0.03348633582711134,0.022698767260780687,0.04427390439344198,True
40506,COPORAQUE,AREQUIPA,0.032596908,0.005368377,0.1362137,0.0034895289999999995,3379.0,127255.2158,0.771983042,114.42854689999999,29.529344649999995,4179.529409,15.85733458,0.088399888,0.8670122320000001,3600.0,111.97999999999999,10.31434185,5,0.018665212615639696,0.013569115066765391,0.023761310164514,True
40507,HUAMBO,AREQUIPA,0.002996654,0.0017643860000000002,0.43502808000000004,0.000737702,1384.0,75184.17573,0.778059538,717.7993622,1.928115394,3472.133863,21.83102546,0.094868564,0.714835969,3309.0,705.79,1.273749982,5,0.024390605643770158,0.012326070314049427,0.03645514097349088,True
40508,HUANCA,AREQUIPA,0.004024641,0.001357034,0.348982871,5.49e-05,1892.0,84295.07881,0.779326903,373.193404,5.069757342,3746.903136,16.72333232,0.029651163,0.9406976740000002,3073.0,391.16,3.862869414,5,0.024012296136573102,0.01626537048614033,0.03175922178700588,True
40509,ICHUPAMPA,AREQUIPA,0.033389186,0.002991651,0.252864237,0.00117684,1516.0,58724.10062,0.767235686,74.63628153,20.3118372,4305.935897,18.76825878,0.0,0.9013138250000001,3422.0,74.89,11.68380291,5,0.025570088643443404,0.012139460923501679,0.03900071636338511,True
40510,LARI,AREQUIPA,0.007405167,0.001175817,0.448871544,0.002895902,2116.0,92290.86673,0.768905435,390.4005488,5.420074348,4762.464933,14.5841375,0.48562925099999993,0.47314371599999994,3373.0,384.02,3.3175355449999997,5,0.029728018924316854,0.02159010706573586,0.03786593078289785,True
40511,LLUTA,AREQUIPA,0.002329933,0.001740019,0.442055081,0.000130087,3796.0,129091.9487,0.770774157,1230.897047,3.083929732,3651.2770040000005,16.73467495,0.067627918,0.830079314,3031.0,1226.46,1.182264403,5,0.021857981215270404,0.013077011715564269,0.030638950714976538,True
40512,MACA,AREQUIPA,0.006699544,0.0019167419999999997,0.639053474,0.000244245,1564.0,67537.4794,0.770109719,237.5907864,6.582746847,4635.299112,13.974463,0.005275789,0.9074926550000001,3287.0,227.47999999999996,4.277299103,5,0.028325210651971407,0.01376477883619277,0.04288564246775004,True
40513,MADRIGAL,AREQUIPA,0.007937114,0.002113069,0.455990432,0.002749501,1813.0,107685.535,0.784886763,159.7912351,11.34605411,4436.064169,26.24430932,0.075476325,0.896489611,3300.0,160.09,5.184583672,4,0.022854406592591067,0.014342107161975738,0.031366706023206396,True
40514,SAN ANTONIO DE CHUCA,AREQUIPA,0.0,0.001457104,0.308649491,0.02602864,2739.0,114444.5044,0.770764512,1545.633551,1.772088862,4512.8048,6.129568486,0.540827738,0.390018307,4470.0,1531.27,0.775826601,5,0.03620842520301961,0.021191701873841534,0.05122514853219769,True
40515,SIBAYO,AREQUIPA,0.000299581,0.000935573,0.148631754,0.002229384,1586.0,71413.26538,0.787514564,284.6553778,5.571649524,4465.788717,13.88074022,0.110776181,0.740768022,3836.0,286.03,3.240918785,4,0.03212252606235713,0.02274927312752819,0.041495778997186074,True
40516,TAPAY,AREQUIPA,0.000188715,0.000433422,0.43322231,0.005903256,2522.0,116497.08569999998,0.775721055,415.1687473,6.074638365,4579.257102,17.88568383,0.495527141,0.437461572,3011.0,420.16999999999996,2.213389818,5,0.03661181714183619,0.0217848671338021,0.05143876714987024,True
40517,TISCO,AREQUIPA,4.02e-05,0.000480304,0.122322606,0.002124165,3420.0,114791.2656,0.772581023,1445.925813,2.365266578,4470.35792,12.862338,0.343081198,0.573955359,4195.0,1445.02,1.26019017,5,0.028735602533487028,0.017737030493090396,0.03973417457388365,True
40518,TUTI,AREQUIPA,0.005877122,0.001536436,0.268219316,0.0016968589999999998,1258.0,57201.07233000001,0.791153736,240.23660909999998,5.236504147,4589.186522,12.41250196,0.130593658,0.773139369,3831.0,241.88999999999996,3.964612014,5,0.03711398354264105,0.02899322399993414,0.045234743085347966,True
40519,YANQUE,AREQUIPA,0.002858479,0.001504862,0.3481816,0.005414267,4188.0,203400.1995,0.777958262,1115.743367,3.7535513309999997,4482.927364,8.546529971,0.177559365,0.752169401,3468.0,1108.58,2.386837215,5,0.026914173050430028,0.015577482899898258,0.038250863200961785,True
40520,MAJES,AREQUIPA,0.067194733,0.006501867999999999,0.8346168950000001,0.00015268,105126.0,5998693.608,0.756386679,1651.983709,63.63622076,1381.721933,6.260218933,0.187156221,0.763231109,1392.0,1625.8,43.68310985,5,0.007378687814950051,0.0034437180631811714,0.01131365756671893,True
40601,CHUQUIBAMBA,AREQUIPA,0.002614174,0.000906648,0.750295469,2.9e-06,6282.0,341223.0133,0.76282227,1189.844354,5.279682153,2446.17764,11.59344882,0.002781799,0.559472596,2916.0,1255.04,2.939348547,5,0.021860797309696946,0.01449570827654088,0.02922588634285301,True
40602,ANDARAY,AREQUIPA,0.000977604,0.000686594,0.624194947,0.000525252,1022.0,54887.16036,0.766675831,813.5670532,1.256196396,2899.187188,16.00550993,0.264705488,0.711382604,3047.0,847.56,0.768087215,4,0.021617715305259445,0.006710166311278243,0.036525264299240634,True
40603,CAYARANI,AREQUIPA,0.000994535,0.000721118,0.340713099,0.007282814,5536.0,274688.3974,0.776096171,1397.936932,3.960121428,4620.746983,11.52430916,0.553322079,0.4008945199999999,3951.0,1395.67,2.196794371,5,0.03415884515141836,0.023368881348610364,0.044948808954226344,True
40604,CHICHAS,AREQUIPA,0.000438152,0.000242195,0.385612731,0.001183412,731.0,37554.81471,0.775853215,392.1502143,1.864081603,3223.603598,30.17284344,0.110072142,0.760210877,2174.0,392.16,1.792635659,4,0.011103875653670506,-0.0005702777919203896,0.0227780290992614,False
40605,IRAY,AREQUIPA,0.005983215,0.002049601,0.379132652,0.000150331,1489.0,80434.59061,0.76434755,238.4364325,6.244851025,2510.618436,19.15045895,0.0,1.0,2469.0,247.61999999999998,3.113641871,5,0.016169972969585274,0.010620261062488121,0.021719684876682428,True
40606,RIO GRANDE,AREQUIPA,0.0018290000000000001,0.00098232,0.910364271,0.00459319,3582.0,212329.0197,0.76099182,534.7878579,6.697983035,1560.366626,19.92788359,0.10268085200000002,0.586659514,484.0,527.48,4.891180708,5,0.013342562929070803,0.008404585898159806,0.018280539959981808,True
40607,SALAMANCA,AREQUIPA,0.000111476,0.000668139,0.444231664,0.002858091,1913.0,72836.39268,0.76251976,1245.162012,1.53634626,4657.249224,10.37398448,0.48438769,0.496160297,3226.0,1235.8,0.718562874,4,0.03556778204419227,0.026006006730664305,0.04512955735772023,True
40608,YANAQUIHUA,AREQUIPA,0.00031402,0.000948706,0.596307824,0.0035866450000000003,4536.0,231097.9341,0.764790454,1059.53689,4.281115685,2459.963226,24.49059494,0.207039749,0.674649281,3006.0,1057.07,3.652549027,5,0.02262464105845207,0.01372732114155095,0.03152196097535319,True
40701,MOLLENDO,AREQUIPA,0.011662857,0.007008748,0.917612868,0.00300949,29045.0,2408880.872,0.769414309,935.3046705,31.054052129999995,1053.292481,8.00731727,0.47232603700000003,0.508015605,73.0,960.8300000000002,29.262200389999997,5,0.013028863470424212,0.008427110177440345,0.017630616763408075,True
40702,COCACHACRA,AREQUIPA,0.018324863,0.0012959,0.9597291200000001,0.00205245,10080.0,683149.5194,0.757791637,1555.032979,6.482177637000001,1145.16235,14.21361155,0.060845403,0.8538255400000001,114.0,1536.96,6.512856548,5,0.014051347296125772,0.0074415862189799115,0.02066110837327163,True
40703,DEAN VALDIVIA,AREQUIPA,0.228354279,0.009892747,0.447744664,0.01008474,7725.0,658211.0142,0.765827845,134.8043166,57.30528661999999,212.6097827,9.094823052,0.143368936,0.518524813,16.0,134.08,54.72106205,5,0.008611637006902111,0.0047121900162993,0.012511083997504922,True
40704,ISLAY,AREQUIPA,7.83e-05,0.007162718,0.953243012,0.004790036,6480.0,612627.3348,0.768720231,365.33323,17.73723129,881.2726612999999,11.84812829,0.531101326,0.463495861,110.0,383.78,14.044504659999998,5,0.009861359979273919,0.006191288296561104,0.013531431661986733,True
40705,MEJIA,AREQUIPA,0.018977848,0.010359208,0.640883466,0.031136492000000005,3269.0,431083.5813,0.773327745,103.1707895,31.68532505,546.0650682,13.35174117,0.07841913,0.826975307,9.0,100.78,14.93351856,5,0.008682390406312235,0.00373395479258354,0.01363082602004093,True
40706,PUNTA DE BOMBON,AREQUIPA,0.031014287,0.003234551,0.879722368,0.011058787,8205.0,763886.1808,0.75473922,758.9779794,10.81059032,658.0884951,9.262269321,0.553439464,0.330045881,138.0,769.6,9.688149688,5,0.009455314059828877,0.0045417404906284015,0.014368887629029352,True
40801,COTAHUASI,AREQUIPA,0.013722637,0.006099153,0.258153938,0.00316179,4511.0,275383.5555,0.778805342,167.2951381,26.964322169999996,4146.548975,17.44699754,0.391289287,0.516554231,2696.0,166.5,16.60660661,5,0.018122781429243236,0.011359041977733783,0.02488652088075269,True
40802,ALCA,AREQUIPA,0.00780346,0.002276175,0.43789301700000005,0.00985658,1665.0,94158.05059,0.784135375,192.1364014,8.665718667,4382.416164,20.26464681,0.464725626,0.526609535,2759.0,193.42,11.19842829,5,0.023197047686587466,0.014493000800959837,0.03190109457221509,True
40803,CHARCANA,AREQUIPA,0.0008611530000000001,0.001854976,0.293177809,0.000968695,478.0,30445.43274,0.773652929,162.8133722,2.935876786,3939.795714,23.53000959,0.138935449,0.832420755,3432.0,165.27,4.138682156,5,0.030652501690203636,0.012449498896491985,0.04885550448391528,True
40804,HUAYNACOTAS,AREQUIPA,0.004555988,0.000782657,0.511483868,0.0034704229999999994,2164.0,115517.9253,0.783018577,938.5511601000001,2.30568145,4642.368885,18.23861645,0.40965452100000005,0.46617234099999993,2612.0,932.64,2.578701321,5,0.02411948132623781,0.011559116414053869,0.03667984623842174,True
40805,PAMPAMARCA,AREQUIPA,0.001506772,0.001163274,0.372426247,0.000916754,2151.0,105262.1229,0.782861692,790.4396366,2.721270418,4500.220214,15.84482798,0.099218996,0.715469645,2649.0,782.17,2.214352379,5,0.02408772166111415,0.008979973117534156,0.03919547020469414,True
40806,PUYCA,AREQUIPA,0.00020307,0.000305199,0.531768329,0.008251147,3161.0,117183.6459,0.76133075,1508.814905,2.095021722,4782.962103,14.534105700000001,0.815771947,0.158580956,3675.0,1501.2,2.142286171,5,0.0344516981948719,0.025136854777200093,0.0437665416125437,True
40807,QUECHUALLA,AREQUIPA,0.000102561,0.00033447,0.369354538,0.002362757,289.0,13524.16597,0.769022491,135.8115305,2.127948923,3091.35928,29.29224878,0.172059757,0.756897579,1964.0,138.37,2.948616029,4,0.008446506683435821,-0.003983370753901221,0.020876384120772862,False
40808,SAYLA,AREQUIPA,0.000244415,0.002601245,0.35286229,0.000774364,478.0,30198.85947,0.790179708,70.82964789,6.748586421,3027.165357,26.48972397,0.105005791,0.894994209,3544.0,66.55,6.671675432,3,0.021323806471380626,0.013434348853242762,0.02921326408951849,True
40809,TAURIA,AREQUIPA,3.52e-05,0.000360787,0.464413799,0.002752389,369.0,23891.72509,0.796314091,318.9174096,1.157039374,3029.617972,28.839343540000005,0.22681621899999999,0.652033576,2850.0,314.68,1.121774501,5,0.020755573497028175,0.01253316859403749,0.02897797840001886,True
40810,TOMEPAMPA,AREQUIPA,0.011312996,0.002052122,0.382131479,0.016842012,870.0,57234.9456,0.800462643,96.84461461,8.983462875,4280.096403,18.62274951,0.57970039,0.385037323,2644.0,94.16,8.13508921,4,0.018585859399461682,0.011782776542128403,0.025388942256794955,True
40811,TORO,AREQUIPA,0.00041547,0.000898678,0.427357344,0.002054622,1021.0,54985.30223,0.780272577,527.8301355,1.934334422,3390.335399,24.43306774,0.221067006,0.767445548,2987.0,391.44,1.60944206,4,0.02162477627256347,0.013554597955132806,0.029694954589994133,True
50101,AYACUCHO,AYACUCHO,0.084559338,0.124627615,0.128903613,0.000128453,56716.0,3502241.386,0.772847736,81.63910062,694.7161295,2889.601262,16.62627219,0.0,0.598909091,2797.0,83.11,1353.110336,5,0.015294865675798037,0.010497618436812333,0.02009211291478374,True
50102,ACOCRO,AYACUCHO,0.17296469,0.005199237,0.0034871819999999997,0.001089809,11449.0,553520.862,0.786403826,431.809606,26.51400025,3735.928791,15.44348713,0.080275229,0.8715596330000001,3251.0,436.65,23.42608497,5,0.024133933133377077,0.01761345823706557,0.03065440802968858,True
50103,ACOS VINCHOS,AYACUCHO,0.167221833,0.001965288,0.005963472,6.96e-05,5660.0,259836.1467,0.774275989,155.0846096,36.49620691,3515.609304,19.35955271,0.02279024,0.848154437,2874.0,156.82,37.56536156,5,0.023747289600216583,0.019134532030050118,0.028360047170383037,True
50104,CARMEN ALTO,AYACUCHO,0.121740102,0.20921003099999996,0.008136503,0.001065889,24807.0,1320680.163,0.784519333,25.15840448,986.0323222999999,3150.770212,17.36028879,0.366906475,0.54028777,2921.0,17.52,1613.127854,5,0.01800755098714843,0.015093420113735887,0.02092168186056097,True
50105,CHIARA,AYACUCHO,0.171701145,0.004663016,0.006240838,0.000333134,12829.0,634903.3064,0.798337119,456.5183291,28.10182896,3783.9789210000004,13.22759279,0.06718241,0.667345277,3540.0,461.61,15.214141809999997,5,0.024549154015058382,0.018273778449802658,0.0308245295803141,True
50106,OCROS,AYACUCHO,0.012596086000000001,0.007087021000000001,0.010940411,0.00269571,7024.0,365117.7529,0.783643493,301.9907585,23.25898989,3171.649143,25.53846381,0.268296026,0.555194414,3153.0,305.41,21.89188304,5,0.020329206300150497,0.016708565624315715,0.02394984697598528,True
50107,PACAYCASA,AYACUCHO,0.046399991,0.023024166,0.032728841,0.000574843,4080.0,246755.3662,0.770968039,54.15734156999999,75.33604644,2700.734677,17.35885511,0.0,0.831576318,2571.0,53.55,64.9859944,5,0.00996449341381454,0.0016860807273898736,0.018242906100239202,True
50108,QUINUA,AYACUCHO,0.11833361,0.012507662999999999,0.026121600000000002,0.000774895,9574.0,438714.6714,0.775939451,115.3019524,83.03415341,3279.16385,16.84027509,0.0,0.900732784,3301.0,116.60999999999999,56.55604151,5,0.025455933603346418,0.02013524647471763,0.030776620731975207,True
50109,SAN JOSE DE TICLLAS,AYACUCHO,0.066757381,0.009468812,0.105541423,0.000534009,2540.0,117706.2389,0.785539645,81.27604397,31.251521060000005,3182.672613,19.83350884,0.0,0.76032814,3282.0,82.31,32.62058073,5,0.021733845748940328,0.015890456736037655,0.027577234761843,True
50110,SAN JUAN BAUTISTA,AYACUCHO,0.029628287999999996,0.661232168,0.014023695,0.0,28497.0,1770086.595,0.776570621,7.534134965,3782.3851220000006,2809.521437,9.915794379,0.0,0.5,2786.0,15.190000000000001,3525.608953,5,0.015342021766657686,0.01200224416182616,0.01868179937148921,True
50111,SANTIAGO DE PISCHA,AYACUCHO,0.045166158,0.012630616,0.10276897700000001,0.003358129,2505.0,122822.3564,0.774227784,90.09434266,27.80418755,3051.664499,21.36589018,0.080505799,0.767305839,3210.0,91.09,18.66286091,5,0.022419798285167773,0.017607062627009794,0.02723253394332575,True
50112,SOCOS,AYACUCHO,0.116412044,0.009663868,0.015828382,0.00039983900000000003,10202.0,430244.2732,0.784552225,170.4445784,59.85523328000001,3718.5340850000002,14.98176512,0.166666667,0.466666667,3368.0,172.34,50.58605083,5,0.02464332298075052,0.02174711599903304,0.027539529962467987,True
50113,TAMBILLO,AYACUCHO,0.178128561,0.012806189,0.031840195,7.44e-05,12848.0,607324.2318,0.795535741,151.5415486,84.78202924,3018.551797,17.71884004,0.0,0.919855072,3111.0,153.23,44.42341578,5,0.025292964051552597,0.020714892150299653,0.02987103595280554,True
50114,VINCHOS,AYACUCHO,0.043454775,0.004612593,0.037987612,0.000843274,23096.0,971501.93,0.774497346,918.3418861,25.14967503,3958.604356,16.89016577,0.376347885,0.59333838,3155.0,928.68,21.33027523,5,0.020698852722306788,0.017104542377230872,0.024293163067382703,True
50115,JESUS NAZARENO,AYACUCHO,0.037436664,0.144734347,0.158348899,0.005796674,12989.0,749770.0368,0.776104327,16.17909474,802.826129,2665.155927,17.1585642,0.170473538,0.673259053,2817.0,16.12,1292.80397,5,0.015949741280515368,0.012755995652359367,0.01914348690867137,True
50116,ANDRES AVELINO CACERES DORREGARAY,AYACUCHO,0.082761873,0.479338938,0.014962416000000001,0.0,18774.0,1217708.348,0.783591835,9.171104081,2047.0817730000003,2682.274829,10.3676308,0.0,0.0,2775.0,9.28,1976.6163789999998,5,0.015835152308816276,0.012377301845847934,0.01929300277178462,True
50201,CANGALLO,AYACUCHO,0.179334096,0.00642014,0.016496618,0.0035346080000000003,7914.0,450893.2064,0.785258062,184.9818127,42.78258432,3324.1640940000007,16.67769676,0.09877797,0.662079019,2574.0,187.05,34.16198877,5,0.012357238647486666,0.006222532191945681,0.01849194510302765,True
50202,CHUSCHI,AYACUCHO,0.016757822,0.004927941,0.04567915,0.008479203,9064.0,408430.5266,0.773858573,413.4647256,21.92206357,4075.7899100000004,17.4068051,0.632770181,0.361837894,3157.0,418.0299999999999,19.68758223,5,0.02035606506234781,0.01419446649479492,0.026517663629900698,True
50203,LOS MOROCHUCOS,AYACUCHO,0.320639871,0.008410773,0.0018350869999999998,0.003983997,15906.0,870032.7559,0.790760625,250.4280052,63.51526055000001,3643.7813589999996,9.252744856,0.62467737,0.367360957,3346.0,253.21999999999997,36.97575231,5,0.021823457194337297,0.014966151965772332,0.02868076242290226,True
50204,MARIA PARADO DE BELLIDO,AYACUCHO,0.137350405,0.007691011,0.005196777,0.002016724,5087.0,252645.6571,0.784982819,132.264547,38.4607978,3665.0986810000004,15.02848216,0.26070442,0.665633866,3245.0,129.13,18.5936653,5,0.02471950180478943,0.020065194208818343,0.02937380940076051,True
50205,PARAS,AYACUCHO,0.002666149,0.002267293,0.25272259,0.001721761,6619.0,272632.545,0.776456368,780.5296,8.480139638,4334.457188,20.88872008,0.38264946,0.581593229,3354.0,789.09,7.478234422,5,0.02111544963506805,0.014597857768548819,0.027633041501587283,True
50206,TOTOS,AYACUCHO,0.006350553,0.007457886999999999,0.025900703000000004,0.001818297,3929.0,177783.7693,0.773846195,115.70262829999999,33.95774199,3859.433455,25.11017227,0.500560592,0.47084921699999993,3333.0,112.9,34.63241807,5,0.020481217656211394,0.014727450683921041,0.026234984628501747,True
50301,SANCOS,AYACUCHO,0.002424193,0.000761716,0.10849946000000002,0.001447502,4166.0,217052.9057,0.764339462,1362.07758,3.058562934,4191.157791,10.45317462,0.388596009,0.531023791,3433.0,1289.7,2.56261146,5,0.02314952218059329,0.011928708289867133,0.03437033607131944,True
50302,CARAPO,AYACUCHO,0.019731435,0.003555016,0.029276354999999997,0.002103524,2459.0,130353.4969,0.797375844,197.3965658,12.45715694,3778.983425,22.52280714,0.173203626,0.588284794,3246.0,241.34,9.948620204,5,0.02162909176924175,0.016465191259764013,0.02679299227871949,True
50303,SACSAMARCA,AYACUCHO,0.00101741,0.001004523,0.112396855,0.002331776,1621.0,82267.90254,0.780530538,641.8360567,2.525567056,4117.020814,10.72948272,0.518991933,0.46091187199999994,3463.0,673.03,2.534805284,5,0.025258833566165876,0.014523590869093902,0.03599407626323785,True
50304,SANTIAGO DE LUCANAMARCA,AYACUCHO,0.003310451,0.000812563,0.08926754,0.0036322889999999995,2252.0,114600.44720000001,0.773852798,648.3060915,3.4736678080000005,4247.197701,12.19124481,0.746296155,0.24452046999999996,3512.0,658.26,4.259715006,5,0.02515155412349563,0.017696774611944494,0.032606333635046766,True
50401,HUANTA,AYACUCHO,0.05263482500000001,0.03462022,0.011352436,0.00664772,32007.0,1998065.863,0.779830418,165.3509511,193.5700991,3561.3335610000004,18.45707885,0.193152553,0.775057849,2685.0,193.48,244.16994,5,0.01457276501640717,0.009363801356552511,0.01978172867626183,True
50402,AYAHUANCO,AYACUCHO,0.00010985199999999999,0.002618227,0.005239362,0.000664697,1375.0,71966.64702,0.789848364,371.7953377,3.698271227,3320.415295,30.45723135,0.143447539,0.840110445,2699.0,297.89,7.969384672000001,5,0.019107969064957025,0.013807515094337457,0.0244084230355766,True
50403,HUAMANGUILLA,AYACUCHO,0.155459417,0.011502951,0.0080134,0.003052545,8048.0,381168.3862,0.782690805,94.22830795,85.40957781,3574.2293020000006,17.09834245,0.056980056999999994,0.8917378919999999,3300.0,95.27,52.702844549999995,5,0.024861512066746385,0.021332959835655394,0.028390064297837376,True
50404,IGUAIN,AYACUCHO,0.178135563,0.013178256,0.003168935,1.23e-05,4567.0,234489.73220000003,0.780202715,60.75205570000001,75.17441093,3095.628898,15.532786679999997,0.0,0.67978829,3063.0,61.44,63.99739583,5,0.019560205551666144,0.016393323182522526,0.02272708792080976,True
50405,LURICOCHA,AYACUCHO,0.022285053,0.015026495,0.036058123,0.0034993830000000004,8317.0,484370.1124,0.781263472,142.4380877,58.39028123000001,3045.238643,21.41249723,0.05817784,0.687157353,2598.0,130.04,59.44324823000001,5,0.013012858152746519,0.006907615119371685,0.019118101186121353,True
50406,SANTILLANA,AYACUCHO,0.002238247,0.004088092,0.010007104,0.002531115,4274.0,217153.87940000003,0.772649088,192.9143102,22.15491425,3466.778076,29.983054770000003,0.233563366,0.741871289,3265.0,336.17,17.2085552,5,0.021009491930091218,0.014019705644546368,0.027999278215636067,True
50407,SIVIA,AYACUCHO,4.09e-05,0.001120007,0.003047975,0.004758185,8471.0,479504.35120000003,0.781560087,900.1744719000001,9.410397944,2482.882674,27.007335840000003,0.21114110999999997,0.38057312,561.0,1053.52,10.59685625,5,0.006272969569116648,0.0011372994361538227,0.011408639702079476,True
50408,LLOCHEGUA,AYACUCHO,0.000131242,0.002679041,0.004953643,0.00906291,8451.0,555205.7191,0.787950929,517.9530702,16.31615003,1909.131707,26.07979955,0.074337764,0.350174038,540.0,469.02,21.88392819,5,0.008796869695462391,0.003803593895360778,0.013790145495564003,True
50409,CANAYRE,AYACUCHO,0.00022342199999999998,0.002119222,0.00559633,0.019101727,3240.0,226379.7046,0.798919198,270.2220356,11.99013986,1204.357073,24.5794397,0.096353159,0.412117125,528.0,244.69,10.88315828,5,0.011434608732226903,0.004257341420900473,0.01861187604355333,True
50410,UCHURACCAY,AYACUCHO,0.000818833,0.006857220999999999,0.001774578,0.002597275,3208.0,146435.0685,0.771778741,256.5163745,12.50602425,3789.3962980000006,24.91493873,0.4345059640000001,0.5610077,3898.0,300.28,12.85466898,5,0.022601568313724604,0.015180595570737225,0.030022541056711996,True
50411,PUCACOLPA,AYACUCHO,0.001264302,0.000375149,0.008467518,0.004459816,1747.0,73100.90947,0.77975976,719.2431442,2.428942165,2876.542841,32.22598321,0.338839098,0.573897158,3493.0,562.06,5.458491976,5,0.02048877636686826,0.01317374225363412,0.027803810480102387,True
50412,CHACA,AYACUCHO,0.0038544399999999998,0.006405967,0.006370772999999999,0.001209755,2970.0,120066.7151,0.776661413,106.41923160000002,27.90848944,3938.23016,26.06414711,0.0625,0.8875,3400.0,124.46,17.74063956,5,0.022520028704280017,0.015424791405444886,0.029615266003115148,True
50501,SAN MIGUEL,AYACUCHO,0.014481964,0.005891194,0.004715647,0.001476973,6651.0,357579.1492,0.77912735,256.1111096,25.96919755,3646.568939,23.78166939,0.060606061,0.8552188550000001,2696.0,457.88,31.11295536,5,0.017481697248230094,0.013267825973967695,0.021695568522492492,True
50502,ANCO,AYACUCHO,0.0004520339999999999,0.003075232,0.0034906889999999995,0.00408555,7918.0,424976.3806,0.776169816,751.4838108,10.53648779,2754.061614,29.29283173,0.443601213,0.46995967800000005,3213.0,802.86,13.03589667,5,0.017065914419637722,0.012262467008227546,0.021869361831047898,True
50503,AYNA,AYACUCHO,4.37e-05,0.00370776,0.004503652,0.007656038000000001,7150.0,389680.5415,0.780773035,286.4012761,24.96497256,2345.606659,25.624686810000004,0.22218597999999998,0.342617961,627.0,290.51,35.00740078,5,0.007772824794173704,0.002835193108733809,0.012710456479613597,True
50504,CHILCAS,AYACUCHO,0.019139041,0.003829534,0.029281727,0.001593118,2447.0,118764.2953,0.772730445,154.8341,15.80401216,2891.491843,26.36996382,0.12437507700000001,0.608731231,3192.0,156.58,13.52024524,5,0.019079030730273023,0.013476228448472844,0.0246818330120732,True
50505,CHUNGUI,AYACUCHO,0.000384665,0.0018112699999999998,0.008098127,0.00466146,3030.0,140620.5289,0.783067195,520.5259702,5.821035209,2918.236342,32.29022011,0.319764855,0.615669455,3506.0,1093.05,4.975069759,5,0.02033873416864944,0.015916620085285667,0.02476084825201321,True
50506,LUIS CARRANZA,AYACUCHO,0.00845492,0.002648173,0.013317664000000002,0.0035492169999999995,1396.0,78411.01695,0.777077793,134.3283527,10.39244487,3207.457436,26.4423723,0.148726015,0.554964444,2962.0,135.84,10.46819788,5,0.012193482813187837,0.005185309839880065,0.019201655786495606,True
50507,SANTA ROSA,AYACUCHO,9.9e-05,0.00409348,0.005819326,0.0077773519999999995,10154.0,614629.1152,0.777590959,390.6915117,25.98981472,2114.128301,24.66579848,0.242852312,0.369539495,729.0,396.58,32.35160623,5,0.009651210497202129,0.007437893339378129,0.011864527655026115,True
50508,TAMBO,AYACUCHO,0.024067153,0.011545651,0.004282651,0.00171715,10232.0,492492.5113,0.784000137,310.3516583,32.96905212,3835.6616889999996,22.18882428,0.078365089,0.856138599,3237.0,313.82,45.99451915,5,0.025215002424081007,0.02218055113346443,0.028249453714697583,True
50509,SAMUGARI,AYACUCHO,0.00010743,0.002997214,0.002990371,0.008383331,6837.0,416623.0159,0.780471727,268.6446892,25.44997268,2628.973698,25.15818178,0.471971512,0.4095816340000001,754.0,387.45,24.37475803,5,0.008044221005150195,0.00422725686599639,0.011861185144303999,True
50510,ANCHIHUAY,AYACUCHO,0.00022668200000000002,0.002043472,0.001155595,0.0033705289999999997,2588.0,138253.503,0.784642002,267.9712857,9.657751176,2726.496162,27.923902950000002,0.248875869,0.510708189,769.0,272.07,16.26419671,5,0.01100301072517267,0.003986356811219033,0.018019664639126305,True
50511,ORONCCOY,AYACUCHO,0.00175311,0.000100209,0.024552604,0.007118300999999999,1138.0,53117.46135,0.792775395,555.8263117,2.047402176,2677.997249,32.93488594,0.46621779099999994,0.499319564,3557.0,371.2140678,2.65076161,5,0.014649284048575696,-0.003268520080790394,0.03256708817794178,False
50512,UNION PROGRESO,AYACUCHO,2.25e-05,0.008996295,0.003490562,0.022891425,1415.0,94505.68169,0.798206572,39.24831331,36.0525047,1150.114269,17.35505255,0.402179074,0.403967911,690.0,38.75,52.59354839,1,0.010089381349544763,0.0034553368237904766,0.016723425875299056,True
50513,RIO MAGDALENA,AYACUCHO,2.32e-05,0.001362436,0.005400657,0.009320879,2111.0,105851.4465,0.780603932,112.7101699,18.72945451,2172.764125,29.67978745,0.470514635,0.418539723,667.0,112.07,20.46934951,1,0.008724894305756412,0.002664130660764971,0.014785657950747853,True
50514,NINABAMBA,AYACUCHO,0.009260489,0.004622815,0.011116322,0.000413375,1999.0,102970.1021,0.771211505,100.5212289,19.88634661,3221.987908,24.59584211,0.0,1.0,3003.453782,99.71,19.07531842,1,0.02065148956414942,0.00825622647263838,0.033046752655660455,True
50515,PATIBAMBA,AYACUCHO,0.011976869,0.003646813,0.008914443,0.000233968,1690.0,98764.1967,0.783696391,96.16550364,17.57386938,3264.944769,23.60187005,0.0,1.0,2467.0,96.041,15.49338303,1,0.015363667654974069,0.010502880193154334,0.020224455116793803,True
50601,PUQUIO,AYACUCHO,0.016675523,0.005696374,0.210691486,0.023409186,12784.0,1003964.123,0.776519313,866.8265055,14.74804926,4019.641348,12.45665468,0.781812466,0.202636951,3234.0,866.43,16.95116743,4,0.02024129345588524,0.016076407703612586,0.024406179208157894,True
50602,AUCARA,AYACUCHO,0.00337713,0.002211494,0.098011131,0.0031354730000000006,4290.0,248494.7395,0.780244918,875.6143712,4.899417073,4027.79511,13.0233606,0.537120136,0.442584212,3236.0,903.51,2.689510907,5,0.02177184601940758,0.012755449721261634,0.030788242317553526,True
50603,CABANA,AYACUCHO,0.004299902,0.0018164739999999998,0.090622302,0.0064823829999999995,1827.0,128270.0472,0.783009578,406.7484783,4.491719324,4149.748849,9.677896055,0.4272246519999999,0.49030601799999995,3298.0,402.62,2.719686056,5,0.02130641111077954,0.010786770098367563,0.03182605212319151,True
50604,CARMEN SALCEDO,AYACUCHO,0.002849088,0.00222199,0.082950622,0.00645014,1935.0,127465.7892,0.770527907,465.81167569999997,4.154039285,4186.225543,11.68206966,0.44211536,0.545373816,3478.0,473.66,2.550352574,5,0.023498421260733867,0.015431327976972928,0.031565514544494806,True
50605,CHAVIÑA,AYACUCHO,0.012028243,0.0015682210000000003,0.16239474,0.00287305,2165.0,151471.4353,0.791382772,368.2567248,5.87905082,3497.434068,16.44212113,0.372145429,0.541689896,3338.0,399.09,5.662883059,5,0.025512059831884943,0.015660888139873846,0.03536323152389604,True
50606,CHIPAO,AYACUCHO,0.000631732,0.002215153,0.201567755,0.012481724,3673.0,192267.3214,0.774771385,1160.395023,3.165301408,4333.591294,11.19217294,0.659490935,0.331249922,3440.0,1166.91,2.350652578,5,0.027899968540347223,0.01922814223823016,0.036571794842464284,True
50607,HUAC-HUAS,AYACUCHO,0.008322845,0.00241371,0.119489354,0.000148031,2910.0,133274.2143,0.778475499,313.7632856,9.274507674,2633.618321,22.97911307,0.043519072,0.9564809279999998,3189.0,309.48,4.649735039,5,0.013708458984397315,0.0019238168998427958,0.025493101068951814,True
50608,LARAMATE,AYACUCHO,0.002631781,0.001351285,0.1517139,1.23e-05,2538.0,128582.31399999998,0.776535539,782.8343667,3.242065126,3549.3642950000003,15.931543209999997,0.0,0.035552194,3078.0,785.89,2.009187036,5,0.02181815569204591,0.01714483535323558,0.026491476030856238,True
50609,LEONCIO PRADO,AYACUCHO,0.000507382,0.001770355,0.237047304,7.79e-06,1573.0,95899.29538,0.784494151,1114.687544,1.41115778,3236.268947,14.89266484,0.094339623,0.320754717,2696.0,1053.6,0.914958238,5,0.026560151254420496,0.018855554945619236,0.03426474756322175,True
50610,LLAUTA,AYACUCHO,0.003196013,0.002678738,0.31784467,0.000100376,1764.0,94991.50327,0.775147505,495.3607559,3.561041078,2931.009041,19.88499775,0.24137931000000004,0.425287356,2666.0,482.07,2.335760367,5,0.020415070245461388,0.014030393999164295,0.02679974649175847,True
50611,LUCANAS,AYACUCHO,0.0031572559999999998,0.0016896379999999998,0.174887165,0.002373636,4397.0,240238.5308,0.785016762,1216.072203,3.615739253,4013.952656,10.68819582,0.321794007,0.646138133,3385.0,1205.78,2.530312329,5,0.02590669068255688,0.017137033769462802,0.034676347595650955,True
50612,OCAÑA,AYACUCHO,0.002781625,0.001174081,0.28891507,8.33e-05,3984.0,195103.1025,0.779024297,862.2257492,4.620599656,2631.322414,21.49156023,0.2265625,0.765625,2650.0,848.36,2.996369466,4,0.01789194373268055,0.00804532374511543,0.027738563720245656,True
50613,OTOCA,AYACUCHO,0.00132546,0.001310482,0.145950712,0.000132992,2065.0,112654.8895,0.784115689,719.1865255,2.871299623,3061.995166,21.09453214,0.017045455,0.965909091,1883.0,720.2,2.284087753,5,0.011305406433841987,0.0029824694132160757,0.019628343454467897,True
50614,SAISA,AYACUCHO,0.000856553,0.000430352,0.369785651,0.001200717,860.0,44615.80208,0.779513953,577.7238385,1.488600509,2759.123449,20.12300082,0.05937596700000001,0.682743955,3070.0,585.4,0.671335839,5,0.019580915815736795,0.007459262598578879,0.03170256903289471,True
50615,SAN CRISTOBAL,AYACUCHO,0.006083835,0.000989033,0.272833126,0.0008916550000000001,1392.0,93394.4618,0.8100154459999999,408.9260721,3.404038272,3380.233401,20.06177073,0.012979609,0.955869328,3587.0,391.83,5.655513871,5,0.026765144287823936,0.017278911206530266,0.036251377369117585,True
50616,SAN JUAN,AYACUCHO,0.029917718,0.011641996,0.01389582,0.000577397,858.0,65187.69417000001,0.786232052,47.02487711,18.24566171,3469.340228,18.8437686,0.0,0.8300188869999999,3290.0,44.59,15.653734019999998,5,0.018279333417963645,0.007920652409907362,0.028638014426019924,True
50617,SAN PEDRO,AYACUCHO,0.006765613000000001,0.000961801,0.41490301800000007,0.000684889,3074.0,192642.2493,0.776975439,730.1048999,4.210353882,2772.410914,21.08783298,0.002050282,0.567952206,3115.0,733.03,4.694214425,5,0.023967261493927597,0.01215021284000357,0.03578431014785162,True
50618,SAN PEDRO DE PALCO,AYACUCHO,0.000321385,0.000684669,0.114070284,0.000665048,1358.0,62982.96858999999,0.774412297,522.3764765,2.599657644,4065.107942,11.1467729,0.115906051,0.8328278099999998,2538.0,531.55,2.379832565,5,0.024096711536353625,0.012004672078831664,0.036188750993875585,True
50619,SANCOS,AYACUCHO,0.0035792339999999997,0.001014442,0.446514661,0.000246338,6068.0,354720.1023,0.783105834,1509.465167,4.019966894,2663.143233,18.5400543,0.05509892200000001,0.796364574,2826.0,1520.87,2.054744981,5,0.019992289780768398,0.010801781517096199,0.029182798044440586,True
50620,SANTA ANA DE HUAYCAHUACHO,AYACUCHO,0.021221873,0.008233304,0.031837729,0.000323145,746.0,51139.31496,0.786952815,45.66981577,16.33464001,3529.937064,16.18900243,0.0,0.9629737190000001,2984.0,50.63,10.64586214,5,0.014048971507381729,0.001497142054660585,0.026600800960102873,True
50621,SANTA LUCIA,AYACUCHO,0.000527047,0.000349215,0.566048122,7.02e-05,1844.0,78394.92054,0.764758513,1037.752176,1.776917498,2603.653138,16.32461446,0.009558223,0.643669458,2252.0,1019.14,0.874266538,5,0.019062042139733202,0.011539340580896779,0.026584743698569616,True
50701,CORACORA,AYACUCHO,0.004356166,0.00267827,0.271999233,0.006530748,13420.0,873461.8617,0.778127049,1393.41176,9.631036844,4227.492312,12.48305225,0.642112456,0.336234829,3166.0,1399.41,8.723676406,5,0.021162002316111407,0.016236153818643788,0.026087850813579026,True
50702,CHUMPI,AYACUCHO,0.011975277,0.002660067,0.119481226,0.000709615,3567.0,231768.4524,0.799334903,373.5440414,9.54907482,3555.923541,13.608112389999999,0.015386286000000002,0.868281322,3226.0,366.3,6.68031668,5,0.02158928258936595,0.015559257413653983,0.027619307765077924,True
50703,CORONEL CASTAÑEDA,AYACUCHO,0.000392191,0.000886096,0.434216936,0.004694651,1669.0,89458.17802,0.781020551,1085.526584,1.53750265,4444.827712,17.10900486,0.580693129,0.322455311,3622.0,1108.04,0.933179308,4,0.031783956025711976,0.02180442518534553,0.04176348686607842,True
50704,PACAPAUSA,AYACUCHO,0.000752722,0.001294507,0.195210385,0.000807859,579.0,32675.968319999996,0.762683939,147.5709752,3.923535772,3978.39896,20.38814088,0.05941853300000001,0.9304465329999999,2821.0,144.3,5.502425502,5,0.027833433965221255,0.010253020571088286,0.04541384735935424,True
50705,PULLO,AYACUCHO,0.00461937,0.000937807,0.364960204,0.001419253,9007.0,462251.17869999993,0.77523092,1568.825652,5.741237077,2938.0531,18.21580058,0.054019171,0.526978122,3037.0,1562.34,3.005107723,5,0.02399639152715196,0.014288040736344912,0.033704742317959,True
50706,PUYUSCA,AYACUCHO,0.042149227,0.002297178,0.143601568,0.008463748,4107.0,236500.9614,0.79104787,645.5657782,6.361861392,3620.081392,8.668798292,0.068263717,0.42999238799999995,3307.0,700.75,3.312165537,5,0.025315422171716836,0.015280646184122936,0.03535019815931073,True
50707,SAN FRANCISCO DE RAVACAYCO,AYACUCHO,0.000136012,0.001386993,0.137491962,0.001349657,642.0,38627.85632,0.783022898,103.3510403,6.211838779,3954.528936,20.37546922,0.074892293,0.918932504,2833.0,99.83,10.39767605,5,0.031564850849110544,0.01141287101687416,0.05171683068134693,True
50708,UPAHUACHO,AYACUCHO,0.002590813,0.001097757,0.167037673,0.000444768,931.0,44061.17364,0.775138023,577.7397187,1.611452303,4061.7876000000006,13.68316673,0.047325765,0.815189167,3341.0,587.35,2.684940836,5,0.025952154340369262,0.013077091229489746,0.03882721745124878,True
50801,PAUSA,AYACUCHO,0.002392793,0.006802192,0.348956043,0.002826853,4925.0,380378.3957,0.78816735,252.3185171,19.51897965,3178.864645,22.90222063,0.304875249,0.693498817,2536.0,242.78000000000003,11.14177445,5,0.01513316395539092,0.011742096044061389,0.018524231866720454,True
50802,COLTA,AYACUCHO,0.001567946,0.002212126,0.541512725,0.001791158,1237.0,61975.60544,0.774783266,248.9945234,4.967980754,3860.8838499999997,17.11064389,0.12413295900000001,0.8655655359999999,3267.0,277.29,1.745465037,5,0.025491403338937055,0.01107553170254111,0.03990727497533295,True
50803,CORCULLA,AYACUCHO,0.007562374999999999,0.002259118,0.22896681800000002,0.000239645,672.0,43364.9901,0.792509078,101.2213687,6.638914378,3482.7957689999994,24.51528321,0.398348745,0.601651255,3503.0,97.05,4.502833591,5,0.02171616039236529,0.009838620014883498,0.03359370076984708,True
50804,LAMPA,AYACUCHO,0.001706317,0.002869907,0.21998103899999996,0.000820299,3686.0,240581.16820000001,0.788040885,282.0108258,13.070420219999999,3849.397129,15.291081209999998,0.190258879,0.781428077,2809.0,289.45,6.695456901,5,0.023722323407854382,0.013907853615877732,0.03353679319983103,True
50805,MARCABAMBA,AYACUCHO,0.000440811,0.00174874,0.261727786,0.001104584,908.0,68304.57449,0.784132598,120.7887211,7.517258169,3935.8198449999995,19.02405043,0.054116761,0.90538786,2615.0,122.53,4.390761446,5,0.019718773983242267,0.01055397652396427,0.028883571442520257,True
50806,OYOLO,AYACUCHO,0.000650903,0.000676752,0.47494083299999995,0.005170593,1413.0,112691.87489999998,0.782868719,796.5598315,1.773878049,4544.596082,8.598307307,0.399162519,0.569179222,3410.0,820.1299999999999,1.455866753,5,0.03688856090795189,0.025950110515862605,0.04782701130004117,True
50807,PARARCA,AYACUCHO,0.002958043,0.002948253,0.045693829,0.000104845,883.0,56853.45683,0.783899886,56.86428847,15.52819922,3593.9313630000006,24.66941367,0.0,0.972413793,3047.0,57.90999999999999,8.046969435,5,0.01836297664454734,0.012666017411217204,0.024059935877877473,True
50808,SAN JAVIER DE ALPABAMBA,AYACUCHO,0.000110603,0.003727371,0.253325462,0.001373685,845.0,44807.31006,0.778343076,117.9221687,7.165743382,3876.448609,24.97636372,0.026260639999999995,0.945383043,2628.0,92.87,6.374501992,5,0.0159173651602207,0.0052453285153191125,0.026589401805122287,True
50809,SAN JOSE DE USHUA,AYACUCHO,0.003621574,0.0023262,0.166845765,0.000609466,207.0,14503.602210000001,0.78744396,28.516545580000003,7.258943738000001,3643.100166,23.220993,0.0472111,0.95213707,3034.0,17.33,11.88690133,5,0.018938883874914124,0.003116355490894066,0.03476141225893418,True
50901,QUEROBAMBA,AYACUCHO,0.016488868,0.005368892,0.062422517,0.004238883,3604.0,227992.7342,0.788318563,283.1687386,12.72739363,3613.39856,21.00309583,0.122891642,0.714749567,3516.0,275.65,9.461273354,5,0.019557612481251787,0.013703339721806831,0.025411885240696742,True
50902,BELEN,AYACUCHO,0.0033965430000000006,0.008813702,0.037285262,0.017340335,480.0,24004.11136,0.774013334,36.4875361,13.15517712,2754.173294,27.488999389999996,0.067938038,0.733612148,3223.0,41.46,7.139411480999999,5,0.019038985298930364,0.008667338371652965,0.02941063222620776,True
50903,CHALCOS,AYACUCHO,0.008133013,0.006960219000000001,0.01534375,0.002311937,797.0,49048.81002,0.781827603,55.09468224999999,14.46600593,3229.222795,26.618559060000003,0.067113492,0.723578855,3677.0,58.42999999999999,9.875064179,5,0.020389810537696805,0.01080167061343535,0.029977950461958277,True
50904,CHILCAYOC,AYACUCHO,0.008742191,0.014291198,0.014362059,0.0036702330000000006,768.0,45545.41577,0.786809895,29.87463856,25.707423990000002,3113.506852,28.744107610000004,0.008535851,0.965856598,3404.0,33.06,18.81427707,5,0.020908505788759323,0.011565420155974162,0.03025159142154448,True
50905,HUACAÑA,AYACUCHO,0.001050859,0.002688921,0.07732087,0.005617904,416.0,26392.882519999996,0.771279326,144.5916449,2.877068037,4000.2236130000006,18.88926528,0.255561742,0.712033697,3186.0,132.73,3.2245912759999995,5,0.025250384624026616,0.012042115070348164,0.038458654177705054,True
50906,MORCOLLA,AYACUCHO,0.009951764,0.00232188,0.116470759,0.00127618,1366.0,68483.48377,0.775664129,290.0070139,4.710230907,3831.689996,16.01007286,0.046298915,0.731049514,3504.0,289.34,4.92845787,5,0.028661403409530054,0.021388774887398435,0.03593403193166168,True
50907,PAICO,AYACUCHO,0.008034851,0.003351843,0.037818211,0.0009326499999999999,739.0,46929.98275,0.795622327,79.61804601,9.28181533,3543.356226,25.47013748,0.004699642,0.967040467,3111.0,79.65,8.487131199,5,0.014491449897045003,-0.0014868491278109599,0.030469748921900963,False
50908,SAN PEDRO DE LARCAY,AYACUCHO,0.014077838,0.0029933,0.045948949,0.000584159,1134.0,59649.66302,0.778793562,315.426923,3.595127483,3944.8244060000006,9.316922723,0.05781079099999999,0.9387885739999999,3395.0,310.07,2.892895153,5,0.01697343597544384,0.0061326766242285075,0.02781419532665917,True
50909,SAN SALVADOR DE QUIJE,AYACUCHO,0.002246196,0.002769229,0.041188108,0.002198515,1125.0,47737.16912,0.768077511,142.3553777,7.902757298999999,3707.560644,25.26321258,0.011740331,0.9029268609999999,3222.0,144.63,9.133651386,5,0.01751781122096804,0.011513640593069453,0.023521981848866627,True
50910,SANTIAGO DE PAUCARAY,AYACUCHO,0.022871753,0.004166109,0.021331884,0.000114678,1056.0,57491.25492,0.8010249999999999,61.7729906,17.09484987,3722.449699,18.36977228,0.0,0.9847879259999999,3251.0,62.65,11.14126097,5,0.018500547970794468,0.007353780998149663,0.029647314943439272,True
50911,SORAS,AYACUCHO,0.009261794,0.001321973,0.108679992,0.000715658,1549.0,88159.16457,0.784579857,353.1122446,4.386707127,4041.6785000000004,11.00016977,0.522021407,0.429505176,3432.0,357.97,2.648266615,5,0.02185974915227617,0.011627880128904753,0.03209161817564758,True
51001,HUANCAPI,AYACUCHO,0.004206423,0.003938964,0.022025605,0.0017686069999999997,2298.0,132490.6623,0.772243517,240.2620653,9.564556089,3961.511485,17.6631407,0.042866026,0.820376718,3105.0,223.35,9.133646743,5,0.022260607155554314,0.01677751098662398,0.02774370332448465,True
51002,ALCAMENCA,AYACUCHO,0.023692468,0.007092687,0.025963083000000005,0.008323964,2114.0,103509.1947,0.777998628,116.4559727,18.15278299,3469.4744179999993,25.8011297,0.152884936,0.671878988,3173.0,125.10999999999999,14.89888898,5,0.019752231997751633,0.00851673074751622,0.030987733247987044,True
51003,APONGO,AYACUCHO,0.000976729,0.001381065,0.055419096,0.002119871,636.0,39253.48883,0.775655189,176.4696548,3.604019062,3991.959485,22.44206523,0.197806847,0.790910053,3078.0,171.58,5.088005595,4,0.025213149582967203,0.009919187267746698,0.0405071118981877,True
51004,ASQUIPATA,AYACUCHO,0.001506866,0.002898502,0.016659181,0.00012269,507.0,26544.61593,0.773726627,71.625492,7.078485408000001,3556.9855159999997,29.939174880000003,0.001206273,0.688822326,3332.0,70.72,6.603506786999999,5,0.012121184637813554,-0.0032413814594146936,0.0274837507350418,False
51005,CANARIA,AYACUCHO,0.003075065,0.006666944999999999,0.030934658999999996,0.0034977990000000002,2831.0,197706.2442,0.778989898,266.1955079,10.63504047,3863.3931619999994,20.58948767,0.131502206,0.690545172,3043.0,263.88,11.31953918,5,0.01979704330127384,0.015815184761537645,0.023778901841010034,True
51006,CAYARA,AYACUCHO,0.009918006,0.010178321,0.007497168,0.005689896,1400.0,74998.86929,0.770698,63.74370587,21.96295275,3347.2422610000003,22.36233889,0.090283785,0.8045381839999999,3207.0,69.25,18.16606498,5,0.02534558158266726,0.012952461294359065,0.03773870187097545,True
51007,COLCA,AYACUCHO,0.024558591,0.006590685000000001,0.022645252,0.017371334,1700.0,88998.87984,0.76630153,64.11054417,26.516698959999996,3037.247117,22.96439572,0.144844918,0.699580483,3003.0,69.57,18.75808538,5,0.020106383912423108,0.0110349380697303,0.029177829755115913,True
51008,HUAMANQUIQUIA,AYACUCHO,0.001922377,0.0042083,0.029048163999999998,0.001015092,1479.0,79107.62126,0.785651454,72.71420961,20.33990341,3682.413823,29.42406699,0.0,0.869898754,3390.0,67.33,18.10485668,5,0.024057668908778116,0.016136995267179082,0.031978342550377147,True
51009,HUANCARAYLLA,AYACUCHO,0.012742891000000001,0.0047489,0.010861028,0.001106245,1818.0,98881.96875,0.774494224,162.8101404,11.16638064,4036.396626,15.56696388,0.114864865,0.8716216219999999,3246.0,165.49,10.3692066,5,0.023436795835896227,0.010168327399601659,0.03670526427219079,True
51010,HUAYA,AYACUCHO,0.012064753,0.007066783,0.034278843,0.00235013,2332.0,142631.2793,0.772519854,157.2835685,14.82672362,3731.3343200000004,21.64459586,0.346987082,0.582902534,3423.0,162.23,13.906182580000001,5,0.019597454184876826,0.013084717692295245,0.026110190677458407,True
51011,SARHUA,AYACUCHO,0.002379618,0.001954691,0.052261744,0.000653817,2599.0,117624.1393,0.776743978,380.3416062,6.833330767999999,3984.804382,21.06708648,0.029472916,0.895289412,3184.0,373.14,8.457951439,5,0.02043675928306302,0.013506560174665476,0.027366958391460562,True
51012,VILCANCHOS,AYACUCHO,0.005948856,0.001503837,0.067319816,0.000295228,2891.0,128631.0227,0.770510723,501.8789296,5.760353403,4132.528635,18.31428941,0.026111615999999997,0.935474099,3011.0,498.5400000000001,6.4167368719999995,5,0.018444542558133777,0.005952648677436376,0.03093643643883117,True
51101,VILCAS HUAMAN,AYACUCHO,0.13603957,0.011240094,0.014850937,0.006983371,11658.0,570956.4971,0.788013484,221.1210355,52.72225672,3457.3353880000004,19.03832073,0.16732442,0.707683164,3494.0,216.88999999999996,35.29899949,5,0.023784752787669988,0.020105226654942288,0.027464278920397687,True
51102,ACCOMARCA,AYACUCHO,0.008119994,0.008398004,0.032396001,0.00950969,2142.0,99072.89249,0.784263539,86.79145188,24.67984984,3205.770441,25.48627023,0.195322577,0.608006217,3387.0,82.43,15.98932428,5,0.019612608095304563,0.01320646503900469,0.026018751151604434,True
51103,CARHUANCA,AYACUCHO,0.021186129,0.012844986999999999,0.025047779,0.017405953,2105.0,102544.1248,0.784504513,54.487471549999995,38.6327341,3121.224729,20.63454609,0.04958132,0.8959295710000001,2980.0,56.90999999999999,17.23774381,5,0.022453673939878883,0.010567370952693717,0.034339976927064045,True
51104,CONCEPCION,AYACUCHO,0.023871164,0.006120343,0.024630257,0.007738526,4343.0,222419.42290000003,0.778993369,212.61730419999998,20.42637129,3303.883089,21.44530337,0.074730784,0.764822798,3061.0,215.03000000000003,12.40757104,5,0.02028130208164778,0.011587966565506832,0.028974637597788726,True
51105,HUAMBALPA,AYACUCHO,0.058826051000000004,0.004601897,0.008977922,0.008269168,2856.0,131970.4174,0.783084839,163.5904218,17.45823483,3453.6639989999994,19.97638367,0.10113589,0.788436563,3294.0,150.76,13.4982754,5,0.019212506035088374,0.013920509078301491,0.024504502991875253,True
51106,INDEPENDENCIA,AYACUCHO,0.004074163,0.00662915,0.041408577,0.012998188999999999,2044.0,103500.0666,0.783002104,88.43653406,23.11261993,3159.033455,28.963059620000003,0.18981264,0.664543354,3606.0,85.28,16.88555347,5,0.023192825659694598,0.017025904405584266,0.02935974691380493,True
51107,SAURAMA,AYACUCHO,0.021950668,0.007140295,0.015190144,0.013978855000000002,1662.0,85235.60212,0.789337364,89.56300346,18.55676938,3008.650876,25.618704209999997,0.304988594,0.521879122,3574.0,95.15,13.347346300000002,5,0.014119530955511517,0.004575896241754102,0.02366316566926893,True
51108,VISCHONGO,AYACUCHO,0.07431498,0.004190822,0.007131366,0.001043969,6311.0,311271.3339,0.785250531,265.8771202,23.7365291,3662.639654,18.16741489,0.196655722,0.590330123,3150.0,268.87,16.57306505,5,0.021289971603998294,0.01339473155873741,0.029185211649259177,True
60101,CAJAMARCA,CAJAMARCA,0.178153172,0.052063996,0.03277296,0.016141405,143904.0,10078960.14,0.780853413,380.7349569,377.9637183,3390.598135,12.74461434,0.352219479,0.530788146,2731.0,382.74,644.3120656,5,0.014713125118938044,0.008398533125739373,0.021027717112136714,True
60102,ASUNCION,CAJAMARCA,0.052363232999999995,0.002329963,0.00057309,0.00019837699999999996,8605.0,622037.3675,0.784200732,214.8683101,40.04778552,2843.943514,23.29070889,0.125,0.875,2254.0,210.18,48.58216767,5,0.009174111088291786,0.004115790798326568,0.014232431378257002,True
60103,CHETILLA,CAJAMARCA,0.044935372,0.003210226,4.27e-05,0.0,3371.0,201783.2174,0.787864165,73.83154897,45.65798831,3206.638287,21.1071853,0.0,1.0,2802.0,73.94,63.713822019999995,5,0.020612719853376087,0.014531046503430147,0.026694393203322037,True
60104,COSPAN,CAJAMARCA,0.028139047,0.0009267869999999999,0.005191013,6.51e-05,6670.0,448991.4972,0.788336087,554.8829436,12.0205533,2736.879569,26.815901939999996,0.0,0.990333952,2471.0,558.79,14.7389896,5,0.012731172290599354,0.006381156305347954,0.01908118827585075,True
60105,ENCAÑADA,CAJAMARCA,0.338672979,0.006122844,0.010081469,0.003394989,28372.0,2040361.693,0.798435426,636.0928281,44.60355273,3608.1751789999994,13.84004933,0.168911813,0.763843674,3087.0,635.06,51.06761566,5,0.02352645668827446,0.020617809099961956,0.026435104276586963,True
60106,JESUS,CAJAMARCA,0.23102209899999998,0.006667332,0.006453221,0.002199294,17926.0,1422224.431,0.78945959,296.4337452,60.47219754,3188.429063,17.66427946,0.475329939,0.148841026,2568.0,267.78,66.71521398,5,0.012768930807505376,0.00855826477522603,0.01697959683978472,True
60107,LLACANORA,CAJAMARCA,0.45244330499999996,0.014928349000000002,0.007716414,0.000603122,10551.0,711521.0372,0.792117543,50.97555637,206.98155649999998,2835.904128,11.81834817,0.048192771,0.403614458,2621.0,49.42,126.0420882,5,0.01247646331511791,0.008736926343945598,0.01621600028629022,True
60108,LOS BAÑOS DEL INCA,CAJAMARCA,0.46300304700000006,0.021676861,0.018868149,0.004822815,67048.0,4517377.003,0.789541335,283.1858038,236.7632808,3213.406984,13.22790684,0.081672331,0.664762018,2685.0,276.4,164.3523878,5,0.015878923936475896,0.012097014962498168,0.019660832910453625,True
60109,MAGDALENA,CAJAMARCA,0.038782126,0.006335678,0.001886144,1.72e-05,11381.0,649350.8176,0.787855004,207.85128990000004,54.75549371999999,2530.740218,24.29628343,0.0,0.185185185,1298.0,215.38000000000002,52.001114310000006,5,0.008034768959585,0.004536915355040779,0.011532622564129218,True
60110,MATARA,CAJAMARCA,0.416692556,0.007630573,0.016032348,0.000301038,5377.0,409586.5795,0.778102325,57.804594859999995,93.02028694,2759.960627,13.35364716,0.0,0.719471947,2834.0,59.739999999999995,79.41078005,5,0.018210407328230156,0.01291772565917456,0.023503088997285752,True
60111,NAMORA,CAJAMARCA,0.339630891,0.006384605,0.008715442,0.002646908,10154.0,804113.1362,0.790890949,158.3353067,64.12972704,3206.782479,13.520475100000002,0.476582545,0.43761303900000004,2765.0,180.69,69.44490564,5,0.018997215702459026,0.015439183046481786,0.022555248358436267,True
60112,SAN JUAN,CAJAMARCA,0.143620779,0.011382875,0.001298014,0.0,3446.0,245815.95789999998,0.780941323,72.65145404,47.43194814,2917.562234,23.7509686,0.0,1.0,2336.0,69.66,85.84553546,5,0.01128897823645786,0.0030240445515461543,0.019553911921369564,True
60201,CAJABAMBA,CAJAMARCA,0.16534798,0.017456058,0.0123049,0.001427196,23508.0,1920670.9760000003,0.794202897,190.9034216,123.1407997,3147.690125,16.83415657,0.323809524,0.574953476,2687.0,192.29,203.8951584,5,0.01823900980850739,0.015123258118321827,0.02135476149869296,True
60202,CACHACHI,CAJAMARCA,0.071785753,0.003126765,0.012942107,0.002410006,23486.0,1782589.4099999997,0.798250664,820.9080322,28.609782189999997,3097.955004,19.56630709,0.036756126,0.713576773,3224.0,820.8099999999998,32.67747713,5,0.02385388074024701,0.0175526481671391,0.030155113313354912,True
60203,CONDEBAMBA,CAJAMARCA,0.167138757,0.009952558,0.005323279,0.0036379379999999994,10973.0,959339.9508999999,0.808314946,197.7631515,55.48556399,2539.495575,14.01231037,0.014239048,0.745763185,2829.0,204.6,69.75562072,5,0.01949907320423596,0.013546303806665577,0.02545184260180634,True
60204,SITACOCHA,CAJAMARCA,0.030176704,0.002529325,0.03381096,0.006236434,7209.0,498724.80020000006,0.792189707,583.6587764,12.35139484,2526.951869,27.06037485,0.251491761,0.682914873,3209.0,589.94,16.43217954,5,0.02119155955836352,0.014688447618651082,0.02769467149807596,True
60301,CELENDIN,CAJAMARCA,0.019283532,0.011292139,0.01927288,0.004456773,14840.0,1707045.996,0.786649151,406.5009867,36.50667646,2163.153201,26.65673572,0.393777562,0.544326623,2629.0,409.0,70.09290954,5,0.013439048918479534,0.008338221107381236,0.018539876729577832,True
60302,CHUMUCH,CAJAMARCA,0.0007985260000000001,0.002019684,0.02023031,0.005719218,1786.0,164224.5315,0.8083405930000002,205.7047259,8.682347926,2117.316442,30.7083694,0.311856414,0.62044622,2202.0,196.3,17.28476821,5,0.01808065234886669,0.007362060403263242,0.02879924429447015,True
60303,CORTEGANA,CAJAMARCA,0.001997503,0.002145128,0.0033364749999999998,0.002785662,3465.0,316661.2896,0.8161157290000001,252.7538575,13.708989589999998,2283.94373,30.020659439999996,0.09626506,0.84213083,2352.0,233.31,37.82521109,5,0.016875997478548677,0.010139911801078798,0.02361208315601856,True
60304,HUASMIN,CAJAMARCA,0.186587204,0.004324218,0.001437125,0.000940699,11979.0,1159131.712,0.8268990649999999,447.3768429,26.77608416,3276.061776,17.53351564,0.002994082,0.976047342,2543.0,437.5,31.06971429,5,0.0136121220189432,0.008183416079788522,0.01904082795809788,True
60305,JORGE CHAVEZ,CAJAMARCA,0.015265812,0.003522791,0.009315608,0.002207946,652.0,68056.31061,0.797217945,52.18441295,12.49415224,2177.559528,26.344220940000003,0.365397913,0.542431481,2646.0,53.34000000000001,15.35433071,5,0.012254053992929321,0.0011070834087856182,0.023401024577073024,True
60306,JOSE GALVEZ,CAJAMARCA,0.05093284499999999,0.018659909,0.001539148,0.0,2811.0,312249.8466,0.800806902,50.59704071,55.556608849999996,2920.94595,14.411721230000001,0.0,0.0,2618.0,58.010000000000005,57.07636613999999,5,0.012893831359586489,0.008396638743854067,0.017391023975318907,True
60307,MIGUEL IGLESIAS,CAJAMARCA,0.058917889,0.005199784,0.004840966,6.71e-06,3765.0,372486.7272,0.8291691369999998,263.7441459,14.27519836,2983.230234,22.76393892,0.0,0.947727156,2813.0,235.72999999999996,22.00822975,5,0.02071837413009563,0.016179341975572106,0.02525740628461915,True
60308,OXAMARCA,CAJAMARCA,0.035693807,0.002359889,0.016931818,0.0035332299999999996,5800.0,479177.603,0.805836741,282.8553953,20.50517719,2764.83705,25.06235485,0.167725925,0.697871396,2836.0,292.52,25.47176261,5,0.02189733539347134,0.01667510998946863,0.02711956079747406,True
60309,SOROCHUCO,CAJAMARCA,0.062606228,0.004860243,0.000546859,0.004591198,7351.0,726236.2742,0.833319916,167.2687771,43.94723346,3461.3185160000003,20.00724796,0.04180602,0.954849498,2663.0,170.02,65.66286319,5,0.014238411636955725,0.008171468298911487,0.020305354974999964,True
60310,SUCRE,CAJAMARCA,0.06528745,0.005228237,0.000291193,3.75e-05,6321.0,558289.5443,0.800093182,263.455506,23.99266615,3313.0857499999997,16.83544532,0.0,0.0,2632.0,270.98,21.79496642,5,0.014128529915199348,0.009279829606151844,0.01897723022424685,True
60311,UTCO,CAJAMARCA,0.007368289,0.005286884,0.014534555,0.009109829,1000.0,88709.16424,0.8043907000000001,100.0381565,9.996185808,2005.2330560000003,28.01845735,0.270680004,0.535660913,2225.0,100.79,15.69600159,5,0.01469736460281731,0.005229736284739448,0.024164992920895162,True
60312,LA LIBERTAD DE PALLAN,CAJAMARCA,0.11632965400000002,0.007021808,0.004174545,0.00011838600000000001,4655.0,464727.3715,0.828953255,170.2350049,27.34455232,2974.836614,17.97322008,0.0,0.733341079,2952.0,184.09,43.72861101,5,0.020942521204562154,0.01597609304779699,0.025908949361327316,True
60401,CHOTA,CAJAMARCA,0.100594506,0.016428214,0.001739684,4.64e-05,31360.0,2992819.124,0.8053424999999999,267.885752,117.06483,2903.496664,12.0550216,0.0,1.0,2430.0,261.75,212.93982809999997,5,0.011206956124295632,0.006941340765682983,0.01547257148290828,True
60402,ANGUIA,CAJAMARCA,0.00131037,0.003226346,0.005955736,3.81e-05,4481.0,355496.0075,0.8028527330000002,152.2576463,29.43037746,2253.562816,28.40012362,0.0,0.336843678,2620.0,123.01000000000002,31.76164539,5,0.015880330914852005,0.009338805386348344,0.02242185644335565,True
60403,CHADIN,CAJAMARCA,0.001042501,0.004563964,0.001348634,1.3999999999999998e-05,1634.0,128126.6517,0.783338127,65.05711534,25.11639183,2501.80555,28.17668026,0.0,0.8216788659999998,2429.0,66.53,69.08161732,5,0.02171432748873964,0.011599387930603928,0.03182926704687535,True
60404,CHIGUIRIP,CAJAMARCA,0.014992292,0.005924501,7.34e-05,0.0,3914.0,354846.1763,0.800590547,48.33978336,80.9685052,2723.5705,17.43553816,0.0,0.0,2652.0,51.44,91.23250389,5,0.013422633253457269,0.00766011110440978,0.019185155402504758,True
60405,CHIMBAN,CAJAMARCA,2.41e-05,0.000808534,0.004839539,0.0031945969999999995,1454.0,125994.23559999999,0.801126822,145.3591573,10.00280978,1673.865176,29.22664027,0.001837627,0.9377411890000001,1668.0,198.99,14.50826675,5,0.010579394525905731,0.0018701191529067983,0.019288669898904653,True
60406,CHOROPAMPA,CAJAMARCA,0.000536283,0.001425714,0.004909876,0.002540997,2146.0,172087.6206,0.804518919,208.28937000000002,10.30297417,1912.621151,31.09706221,0.014642736,0.9363230760000001,2215.0,171.59,18.78897372,5,0.01437275956535592,0.005391622356102015,0.023353896774609806,True
60407,COCHABAMBA,CAJAMARCA,0.014842542,0.01120866,0.002606616,0.0,6053.0,480835.5828,0.788987279,118.0277753,51.28453862,2218.237466,18.75446921,0.0,0.663810152,1688.0,130.01,49.43465887,5,0.007916623716522603,0.004344907395733493,0.011488340037311716,True
60408,CONCHAN,CAJAMARCA,0.055773419000000005,0.002930246,0.000502567,8.77e-05,6000.0,524287.3217999999,0.8053664000000001,153.5316019,39.0799023,2806.841144,17.07218579,0.0,0.666666667,2321.0,180.23,35.55456916,5,0.011968954071947539,0.009900708573278212,0.014037199570616856,True
60409,HUAMBOS,CAJAMARCA,0.012778421000000002,0.005931408,0.014582383,1.4400000000000001e-05,6877.0,615314.4242,0.787614861,245.6119913,27.99944727,2206.394826,19.21673509,0.0,0.0,2292.0,240.71999999999997,38.50947159,5,0.010071026965523085,0.005804420896477613,0.014337633034568557,True
60410,LAJAS,CAJAMARCA,0.039125919,0.008341107,0.00044411399999999996,0.0,8482.0,834460.5979,0.815082952,120.966231,70.11874247,2725.749152,15.00066099,0.0,0.0,2151.0,120.72999999999999,122.0823325,5,0.010077938838102889,0.005227686027739829,0.014928191648465948,True
60411,LLAMA,CAJAMARCA,0.025097763000000002,0.005109033,0.003891327,0.000427268,6543.0,551799.4973,0.783131713,492.7990553000001,13.277217009999998,1616.847358,23.14455717,0.016200762,0.435182832,2112.0,494.93999999999994,12.973289689999998,5,0.00431808866410267,-0.0013561755990731117,0.009992352927278451,False
60412,MIRACOSTA,CAJAMARCA,0.002402823,0.000332747,0.00150652,0.0015684279999999997,2479.0,140637.5172,0.776259944,423.43039699999997,5.854563152,2307.101963,24.24307736,0.183381089,0.808022923,2983.0,415.68999999999994,9.872741707,5,0.022018168914660054,0.013328192902627444,0.03070814492669266,True
60413,PACCHA,CAJAMARCA,0.013599778000000002,0.005741442,0.000323264,0.0,4181.0,352460.6064,0.802013728,98.7511395,42.33875195,2847.863103,22.23285815,0.0,0.745740498,2130.0,93.97,60.11493029999999,5,0.009257293993915302,0.00698331727700378,0.011531270710826824,True
60414,PION,CAJAMARCA,2.02e-05,0.000511947,0.00213768,0.009585378,687.0,56813.07398999999,0.79107278,139.6437058,4.919663195,1337.404857,25.49271331,0.00081457,0.909109325,1834.0,141.05,11.64835165,5,0.008486829713642821,-0.0005531499194168579,0.017526809346702497,False
60415,QUEROCOTO,CAJAMARCA,0.000730245,0.002247503,0.001315243,2.68e-05,7082.0,637164.7159,0.789597854,299.6900785,23.63107927,2547.892813,23.90673395,0.0,0.0,2445.0,301.07,30.438104099999997,5,0.012263485370555901,0.0071230336577965585,0.017403937083315245,True
60416,SAN JUAN DE LICUPIS,CAJAMARCA,0.004058422,0.0007820799999999999,0.002271924,0.000380423,1018.0,65163.02158,0.779925737,200.7889837,5.069999266,1716.8562630000001,22.38004292,0.086956522,0.826086957,3031.0,205.01,6.043607629,5,0.026363926002126767,0.007573922824903722,0.04515392917934981,True
60417,TACABAMBA,CAJAMARCA,0.012546033000000002,0.005732625,0.001280626,4.52e-06,10180.0,846125.2117000001,0.795563683,195.0932506,52.18017521,2546.42751,24.6774035,0.0,0.796778056,2077.0,196.25,90.79745223,5,0.010245027753697369,0.006129491233093004,0.014360564274301744,True
60418,TOCMOCHE,CAJAMARCA,0.001838915,0.00041427899999999993,0.001576675,2.05e-05,785.0,52769.10808,0.780563185,217.64062370000002,3.6068634009999996,1194.454062,19.00192553,0.0,1.0,1313.0,222.38000000000002,5.013940103,5,0.004962550108887439,-0.0017720548199448762,0.011697155037719752,False
60419,CHALAMARCA,CAJAMARCA,0.072658252,0.003235691,0.000520811,5.06e-06,8110.0,699463.9702,0.811014439,177.846973,45.60100103,2889.444813,17.96402186,0.0,0.865894924,2667.0,179.74,63.82552575999999,5,0.014749453343230544,0.008083493751697361,0.021415412934763723,True
60501,CONTUMAZA,CAJAMARCA,0.023661171,0.002417458,0.001330453,7.53e-06,6008.0,465062.296,0.785772586,353.3346422,17.0037106,2590.911478,24.62619163,0.0,0.916666667,2695.0,358.28,22.43217595,5,0.017270095102245128,0.009551267028467373,0.024988923176022883,True
60502,CHILETE,CAJAMARCA,0.009897849,0.005922428,0.021982603,4.57e-06,1789.0,150899.6546,0.778373896,131.8621023,13.56720368,1669.0756850000002,25.47635532,0.0,0.9366812230000001,883.0,133.94,23.39107063,5,0.01159967268612573,0.006449088908249815,0.01675025646400164,True
60503,CUPISNIQUE,CAJAMARCA,0.005952499,0.00040757599999999993,0.018520383,2.4e-05,1306.0,106380.2426,0.780401915,294.1330731,4.440167119,1906.0082539999999,25.17243807,0.0,1.0,1904.0,280.2,5.699500357,5,0.005967935776900364,-0.0011805930853539875,0.013116464639154713,False
60504,GUZMANGO,CAJAMARCA,0.030548667,0.002208906,0.002068899,0.0,1067.0,90784.88536,0.8094966259999999,50.60022001,21.08686483,2826.723542,29.14968694,0.0,0.0,2568.0,49.88,59.64314354,5,0.0172832892440561,0.013231280758982288,0.02133529772912991,True
60505,SAN BENITO,CAJAMARCA,0.004287658,0.0008649969999999999,0.431559966,2.32e-05,2712.0,200018.8729,0.788780567,488.5160098,5.551506901,1190.18616,21.21454855,0.088133641,0.504493088,1386.0,486.55,6.87699106,5,0.0068520536877163815,-0.00014496765178492743,0.013849075027217678,False
60506,SANTA CRUZ DE TOLEDO,CAJAMARCA,0.055923749,0.001316058,0.007429088,1.36e-05,1006.0,81607.12496,0.8089438369999999,65.59363503,15.336853940000001,2624.221907,24.58757948,0.0,0.0,2426.0,64.53,19.85123199,5,0.014851031514709397,0.005080772241256415,0.024621290788162376,True
60507,TANTARICA,CAJAMARCA,0.015481890000000002,0.004228092,0.049445119,0.000313402,2105.0,180577.419,0.796682993,147.5793977,14.26350854,2123.850434,27.66237345,0.0,0.55728185,2780.0,149.7,17.48830995,5,0.02512874603633038,0.018350824786671167,0.03190666728598961,True
60508,YONAN,CAJAMARCA,0.021215483,0.0034230759999999997,0.378276432,0.026540613,6815.0,603727.9436,0.777600161,547.2296927,12.4536371,886.4234778,21.7636019,0.672117648,0.285674477,453.0,547.25,12.1589767,5,0.008438719450206154,0.001846858022285373,0.015030580878126934,True
60601,CUTERVO,CAJAMARCA,0.022009532,0.010384579,0.000648127,8.67e-05,38363.0,3209341.425,0.785480841,432.6234184,88.67527363,2444.353613,19.16657224,0.0,0.086533451,2665.0,422.27,133.6040922,5,0.011696382272471858,0.007138560600702852,0.016254203944240864,True
60602,CALLAYUC,CAJAMARCA,0.004178303,0.0038305569999999996,0.001085264,0.000582915,8699.0,621764.1701,0.783641728,309.1453645,28.13886605,1692.7429500000003,24.02313506,0.043770815,0.567080917,1558.0,316.05,32.12149976,5,0.005564809817244367,4.0417263586657766e-05,0.011089202370902076,True
60603,CHOROS,CAJAMARCA,0.011314706,0.002729725,0.01001821,0.010582547,3170.0,222778.35249999998,0.783488517,260.8865824,12.15087403,1044.531465,19.07736725,0.044928409,0.439850172,474.0,276.96,13.326834200000002,5,0.005966560323282544,0.0012600890176150924,0.010673031628949996,True
60604,CUJILLO,CAJAMARCA,6.61e-05,0.001830967,0.009441765,0.011123185,885.0,69388.78465,0.795495367,100.6946871,8.788944335,1196.259999,25.0588968,0.003405449,0.73607906,1598.0,108.93000000000002,26.760304780000002,5,0.01072356240526889,0.005046996968376199,0.016400127842161574,True
60605,LA RAMADA,CAJAMARCA,0.000202593,0.004125159,0.003687506,0.000591624,2782.0,222767.26149999996,0.806355931,64.09044424,43.40740703,1970.189241,24.34541231,0.0,0.707421611,2131.0,30.27,148.1334655,5,0.010757747245060475,0.0045773760259686215,0.016938118464152326,True
60606,PIMPINGOS,CAJAMARCA,0.001149483,0.003498686,0.001315752,0.000242731,4065.0,309537.656,0.796033481,169.8730972,23.92962786,1627.090596,22.33351442,0.010653854,0.650887821,1757.0,186.04,33.50354762,5,0.008992374288262694,0.0036093383341392025,0.014375410242386184,True
60607,QUEROCOTILLO,CAJAMARCA,0.002004207,0.001615898,0.0019125090000000002,0.000381731,8643.0,732649.3867,0.8015863480000001,689.7768525,12.53013923,2107.625576,25.33704021,0.001070383,0.619143064,2003.0,697.1,21.81752977,5,0.011430097247916984,0.001954549959198573,0.020905644536635393,True
60608,SAN ANDRES DE CUTERVO,CAJAMARCA,0.000165429,0.00274891,0.002885851,7.19e-06,3076.0,243896.136,0.800022627,125.0126571,24.60550852,2404.337366,21.20831733,0.0,0.0,2090.0,133.4,38.72563718,5,0.014194849066102697,0.006728080329250203,0.02166161780295519,True
60609,SAN JUAN DE CUTERVO,CAJAMARCA,2.52e-05,0.003192093,0.0034692070000000006,2.52e-05,1347.0,108322.1335,0.8021619149999999,70.4208789,19.12784988,1646.720616,26.0174575,0.0,0.0,1645.0,60.86999999999999,41.87612946,5,0.011956528586775097,0.0044084756809011335,0.019504581492649057,True
60610,SAN LUIS DE LUCMA,CAJAMARCA,0.000125842,0.0036585889999999994,0.008106625,0.00039830100000000005,2054.0,185553.515,0.805983496,71.47047079,28.73914188,1948.481488,28.26356594,0.008179829,0.504105767,1916.0,109.73999999999998,31.939128849999996,5,0.01548421689656358,0.009231495391551105,0.021736938401576054,True
60611,SANTA CRUZ,CAJAMARCA,0.002346189,0.001803221,0.001981471,0.000425852,2961.0,191633.8467,0.781232894,130.0842498,22.76217148,1539.826346,23.37660932,0.045789694,0.552115626,1708.0,128.0,26.375,5,0.006844918287831721,0.003114890278807512,0.01057494629685593,True
60612,SANTO DOMINGO DE LA CAPILLA,CAJAMARCA,0.000149503,0.004623595,0.004066398,8.59e-06,4736.0,326551.0211,0.778443855,105.0367632,45.0889751,2190.666992,24.1558812,0.0,0.0,1761.0,103.73999999999998,58.58877964,5,0.00863514472533521,0.0041450701409673,0.013125219309703118,True
60613,SANTO TOMAS,CAJAMARCA,0.002370966,0.002455637,0.005666659,0.003982206,4511.0,333458.028,0.798445466,230.3499208,19.58324962,1636.650907,23.21542195,0.0,0.695665279,2167.0,279.61,29.065484070000004,5,0.012473520493199091,0.00735702186140859,0.01759001912498959,True
60614,SOCOTA,CAJAMARCA,0.000600072,0.005810309,0.001287145,0.000184637,5997.0,532605.2744,0.802345156,155.4125557,38.58761587,2414.149927,21.1328729,0.2,0.8,1847.0,134.83,77.69784173,5,0.010152736248892362,0.006321065403299406,0.013984407094485321,True
60615,TORIBIO CASANOVA,CAJAMARCA,0.007041222,0.001546887,0.007092372000000001,0.010022379,1100.0,91117.6727,0.795011183,129.8056727,8.474205922,1072.200718,21.34121105,0.006513305,0.726898026,1464.0,40.65,34.4403444,5,0.01280952205984949,0.007806372775237432,0.01781267134446155,True
60701,BAMBAMARCA,CAJAMARCA,0.215008838,0.012342305,0.000717274,0.000125074,60424.0,4938944.71,0.796446528,455.121939,132.7644194,3101.536231,16.50542562,0.026315789,0.921052632,2556.0,451.38,175.2691745,5,0.01352535017138295,0.006944037726456235,0.020106662616309664,True
60702,CHUGUR,CAJAMARCA,0.041711393,0.002290794,0.022421042,0.003930342,2728.0,252181.3882,0.8105248169999999,106.13205020000001,25.70382834,3275.181306,17.13971009,0.092592593,0.8888888890000001,2765.0,99.6,39.36746988,5,0.022752060532130677,0.01565321783378256,0.029850903230478797,True
60703,HUALGAYOC,CAJAMARCA,0.22016580800000002,0.007066059000000001,0.0176961,0.011531133,20316.0,1605014.085,0.807806098,229.7828536,88.41390765,3530.199493,16.78850846,0.62843729,0.364855801,3530.0,226.17,75.09837733,5,0.023973909028598413,0.020067151189648497,0.027880666867548323,True
60801,JAEN,CAJAMARCA,0.014088319999999998,0.018856916,0.0031782450000000005,0.001111796,54785.0,4931645.832,0.781416764,558.3728696,98.11544039,1472.925241,21.98669043,0.117807294,0.4631366069999999,728.0,537.25,217.65844580000004,5,0.009631072939493874,0.006129804460764686,0.01313234141822306,True
60802,BELLAVISTA,CAJAMARCA,0.073380994,0.00414218,0.007643369,0.014938874,14497.0,1226452.611,0.782257164,870.2626179000001,16.65818995,724.7229263,13.39295152,0.082588476,0.412978533,438.0,870.55,20.09763942,5,0.010051592933749603,0.005849747197723113,0.014253438669776092,True
60803,CHONTALI,CAJAMARCA,8.28e-05,0.00102811,0.002980424,0.001200955,7490.0,507716.6699,0.782848558,464.269052,16.13288667,2399.401256,25.35039558,0.11617312100000002,0.740318907,1636.0,428.55,27.499708320000003,5,0.006852752009903097,0.0011115339714345028,0.012593970048371688,True
60804,COLASAY,CAJAMARCA,0.00223614,0.002241523,0.001487194,0.000771461,9661.0,745640.4154,0.791159983,604.7160761,15.97609255,1695.484183,25.09867134,0.062187179,0.48104958700000006,1800.0,735.73,17.84214318,5,0.007380074679693716,0.0027456448493632215,0.01201450451002421,True
60805,HUABAL,CAJAMARCA,0.014500657,0.003410885,0.00118351,0.0,4487.0,330265.4008,0.781832427,85.19078579,52.6700154,1654.806282,22.70739242,0.0,0.0,1380.0,80.69,129.2353451,5,0.00945208625635473,0.006172418209681542,0.012731754303027917,True
60806,LAS PIRIAS,CAJAMARCA,4.03e-06,0.00490973,0.000222194,0.0,3890.0,270105.0404,0.778389974,65.57493271,59.3214486,1365.258936,23.53775298,0.0,0.0,1620.0,60.40999999999999,107.515312,5,0.012372705656045379,0.003937573694142511,0.020807837617948244,True
60807,POMAHUACA,CAJAMARCA,0.005181554,0.001988132,0.003611913,0.000794214,5191.0,382085.4511,0.784312849,815.8966181,6.362325673,2037.2438200000001,27.603471910000003,0.090645584,0.24682392000000003,1097.0,732.8,14.47188865,5,0.007698288321838614,0.0032790170696570106,0.012117559574020217,True
60808,PUCARA,CAJAMARCA,0.019751334,0.006150868,0.00479721,0.001528125,4955.0,415777.8215,0.791255016,222.03838619999996,22.31596115,1611.23056,23.70556074,0.019707276,0.584190774,909.0,240.3,37.81939243,5,0.005594078991422454,3.915274580506157e-05,0.011149005237039846,True
60809,SALLIQUE,CAJAMARCA,0.001237285,0.0018019069999999997,0.012653911,0.004527836,3423.0,271109.8935,0.8105436170000001,367.5579725,9.312816634,2414.355667,26.31666679,0.086942043,0.72489194,1701.0,373.89,22.5868571,5,0.017640193478116902,0.010560067033059655,0.024720319923174132,True
60810,SAN FELIPE,CAJAMARCA,0.002029668,0.003999362,0.008590251,0.005003171,2500.0,208975.5617,0.811473,257.2326519,9.718828389,2137.373339,24.72165674,0.209721258,0.552849698,1861.0,255.49,22.00477514,5,0.016383422781484806,0.005391674015110117,0.027375171547859484,True
60811,SAN JOSE DEL ALTO,CAJAMARCA,0.000208501,0.001445194,0.000457632,8.9e-06,12343.0,926185.3039,0.783677453,506.2806944,24.3797564,1775.448329,25.8102678,0.010673475,0.699886987,1399.0,634.11,13.943952939999999,5,0.007536231338599323,0.0013386709154555882,0.013733791761743056,True
60812,SANTA ROSA,CAJAMARCA,0.005286642,0.002819227,0.004358764,0.012517665,9972.0,727208.9648,0.791597693,312.2772072,31.933166340000003,1061.982098,18.48472845,0.246179433,0.383687638,1238.0,282.8,43.37694484,5,0.007176763607309493,0.0024784853971800917,0.011875041817438895,True
60901,SAN IGNACIO,CAJAMARCA,0.003054274,0.00785647,0.00041566399999999994,0.002849491,25687.0,1912816.9990000003,0.77645006,357.6862197,71.81434058,1298.238007,21.72255876,0.382315863,0.544358806,1295.0,381.88,106.756049,5,0.0069514448497091695,0.0018009597455679342,0.012101929953850404,True
60902,CHIRINOS,CAJAMARCA,0.028358509999999996,0.00467997,0.0009443069999999999,0.006879173,10254.0,756811.2491,0.786656983,357.3222613,28.696784690000005,1191.720303,19.81043489,0.381482125,0.321091667,1850.0,351.91,48.08615839,5,0.006655007049527751,-3.6283310391179574e-05,0.01334629740944668,False
60903,HUARANGO,CAJAMARCA,0.006313977,0.001231701,0.001527683,0.001836444,15386.0,1099261.656,0.775855349,911.5616739,16.8787263,1432.793407,20.3000984,0.379285186,0.345655323,776.0,922.35,25.02303898,5,0.00896107654450771,0.003717225752345994,0.014204927336669424,True
60904,LA COIPA,CAJAMARCA,0.000902892,0.003601229,0.000819662,0.000173041,18670.0,1313097.92,0.78156195,406.2991418,45.95136459,1469.715264,23.04158415,0.02868705,0.424685252,1507.0,376.09,62.37868595,5,0.006656078164537923,0.003758191407192602,0.009553964921883245,True
60905,NAMBALLE,CAJAMARCA,2.53e-05,0.0015836550000000002,0.001310147,0.000572149,8717.0,584566.413,0.786511449,635.5867769,13.7148857,1986.93331,25.65157769,0.041333549,0.766661272,713.0,663.51,16.67194164,5,0.009036668266648647,0.005251214625215711,0.012822121908081578,True
60906,SAN JOSE DE LOURDES,CAJAMARCA,0.000181376,0.000655471,0.000517026,0.0018748269999999997,17257.0,1143905.124,0.78772235,1365.726033,12.63576997,1617.194733,21.14517855,0.41197328899999996,0.510483545,1134.0,1482.75,13.94436014,5,0.0069788344688961135,0.004057082845664816,0.00990058609212741,True
60907,TABACONAS,CAJAMARCA,3.68e-05,0.001151229,0.001222489,0.00073129,11495.0,805221.8831,0.784115033,775.9854121,14.813422800000001,2245.054732,27.17149146,0.270312403,0.703533792,1897.0,798.59,27.07772449,5,0.008091738734504257,0.0026572128154486443,0.013526264653559869,True
61001,PEDRO GALVEZ,CAJAMARCA,0.189925155,0.008768933,0.008640859,0.00014808,14682.0,1339416.189,0.793677469,243.6211425,60.26570539000001,2800.406813,18.75385183,0.0,0.733333333,2280.0,238.74,87.09893608,5,0.011624919732005388,0.008810370408518281,0.014439469055492494,True
61002,CHANCAY,CAJAMARCA,0.12764088,0.009649803,0.022968658,0.0,3191.0,263678.75,0.791661266,68.58336701,46.52731616,2692.565298,16.79133847,0.0,0.0,2699.0,61.8,59.78964401,5,0.01736835092448867,0.011300339376108883,0.02343636247286846,True
61003,EDUARDO VILLANUEVA,CAJAMARCA,0.056681510000000004,0.013738092000000002,0.010931125,0.003387887,4350.0,330467.8064,0.78510115,62.58790681000001,69.50224447,2227.674845,15.00638887,0.0,0.826106963,2026.0,63.13000000000001,47.64771107,5,0.008362740367074508,0.0025150779986322274,0.014210402735516787,True
61004,GREGORIO PITA,CAJAMARCA,0.192096752,0.004158552,0.005361922,0.0,6659.0,594581.5237,0.802179982,221.8664891,30.013545650000005,3398.6204530000005,17.99316325,0.0,0.285714286,2722.0,212.81,31.084065599999995,5,0.01787185150373157,0.013042514411127294,0.022701188596335835,True
61005,ICHOCAN,CAJAMARCA,0.097912839,0.010049454,0.018433383,0.000933351,2856.0,261119.74339999998,0.796684068,68.17125971,41.89448768,2552.762997,24.06267608,0.027143541,0.850710522,2616.0,76.11,30.23255814,5,0.013445726108488319,0.005488656457140112,0.021402795759836522,True
61006,JOSE MANUEL QUIROZ,CAJAMARCA,0.05387284800000001,0.006740487000000001,0.026885129,0.0008812549999999998,3940.0,308021.2556,0.8007314969999999,108.225492,36.40547091,2757.168866,27.66711418,0.009373277,0.77868039,2781.0,115.42,37.54981806,5,0.02029766977257938,0.014613538388246278,0.025981801156912482,True
61007,JOSE SABOGAL,CAJAMARCA,0.037660154,0.002705695,0.021336199,0.007612653,13362.0,1073991.445,0.8124072439999999,585.3626227,22.82687599,2654.82655,26.472048219999998,0.173722768,0.654647838,3331.0,594.31,28.904107279999998,5,0.021312296651022557,0.014571573724528592,0.02805301957751652,True
61101,SAN MIGUEL,CAJAMARCA,0.033424325,0.004464858,0.030082146999999997,0.000359172,12444.0,1064552.914,0.793248007,356.3609344,34.91965251,2226.247774,22.30984298,0.016084607,0.692563235,2612.0,368.26,35.93385108,5,0.010989150633594213,0.006926944073246962,0.015051357193941463,True
61102,BOLIVAR,CAJAMARCA,0.010214877,0.002003069,0.000157267,2.1e-05,1333.0,106089.589,0.780779521,84.80011454,15.719318390000002,1515.12003,25.13970983,0.0,1.0,940.0,78.97,17.86754464,5,0.011465091263303804,0.007352241300893287,0.01557794122571432,True
61103,CALQUIS,CAJAMARCA,0.000706714,0.000871408,6.73e-05,0.0,3599.0,339171.5894,0.8161625170000001,340.4766336,10.57047575,3191.510333,16.88689092,0.0,0.0,2877.0,339.0,14.283185839999998,5,0.016028816821325353,0.010705990656637368,0.021351642986013337,True
61104,CATILLUC,CAJAMARCA,0.035835561,0.003795173,0.00046609900000000004,0.0007981570000000001,3496.0,296099.5386,0.806376917,202.9215022,17.22833688,3474.322125,14.211374080000002,0.110169492,0.813559322,2870.0,197.31,18.0071968,5,0.01933488397085696,0.014032984717499808,0.024636783224214115,True
61105,EL PRADO,CAJAMARCA,0.01045284,0.002002734,0.000100314,0.0,1214.0,99963.48129,0.8035910210000001,70.60967657,17.1931109,2665.846811,20.53827041,0.0,0.0,2857.0,71.44,46.13661814,5,0.02112566097421889,0.01105082651434965,0.031200495434088128,True
61106,LA FLORIDA,CAJAMARCA,0.001066412,0.00249451,0.000151463,1.67e-05,1715.0,168145.6016,0.776732828,55.21246549999999,31.061826059999998,1106.471056,21.15589413,0.0,0.0,993.0,61.33,48.24718735,5,0.0056664995857964315,0.0003293304138807674,0.011003668757712096,True
61107,LLAPA,CAJAMARCA,0.023190451,0.003843282,0.000775576,0.000241761,4208.0,423514.0648,0.811896911,142.9365783,29.43963014,3463.819455,14.4723355,0.0,0.305844676,2952.0,132.68,39.05637624,5,0.0199262246539202,0.01569455923219293,0.024157890075647448,True
61108,NANCHOC,CAJAMARCA,0.030752243000000002,0.00046134899999999995,0.032743085,7.41e-06,1593.0,107758.7971,0.773306152,360.3601526,4.420577548,695.1262944,16.97636547,0.0,1.0,402.0,358.94,3.786148103,5,0.006354029884948208,-0.0030679642634866148,0.01577602403338303,False
61109,NIEPOS,CAJAMARCA,0.001483773,0.001323284,0.000416557,0.0,3210.0,286170.1572,0.790556978,155.6337374,20.62534803,2296.209168,20.16801593,0.0,1.0,2457.0,158.88,23.46424975,5,0.013956298035080661,0.003916195409637006,0.023996400660524317,True
61110,SAN GREGORIO,CAJAMARCA,0.025011944,0.001024253,0.097156891,5.53e-05,2673.0,204580.2053,0.790544183,309.5155102,8.636077716,1077.136754,19.82627579,0.0,1.0,1857.0,308.05,7.813666613,5,0.007201925315907115,0.0025314052205374117,0.011872445411276817,True
61111,SAN SILVESTRE DE COCHAN,CAJAMARCA,0.013368689,0.003005489,3.36e-05,4.71e-05,3507.0,331479.7139,0.8032447959999999,134.8413764,26.0083373,3339.046513,14.7020693,0.0,1.0,2940.0,131.62,34.34888315,5,0.020748986297887,0.01450368915266288,0.026994283443111118,True
61112,TONGOD,CAJAMARCA,0.00071636,0.002434351,0.000276963,5.73e-06,3823.0,315644.0959,0.798449751,161.7672071,23.6327255,3110.643449,17.09635903,0.0,1.0,2628.0,163.89,19.5985112,5,0.018851634718002233,0.012416848745062957,0.02528642069094151,True
61113,UNION AGUA BLANCA,CAJAMARCA,0.01630847,0.002902705,0.032354675,0.001116878,2231.0,198408.1938,0.798479337,170.7385834,13.06675946,1762.345565,24.40781551,0.0,0.642030371,2918.0,171.71,19.83576961,5,0.025697181439720062,0.016653822713319628,0.03474054016612049,True
61201,SAN PABLO,CAJAMARCA,0.019013289,0.007666258,0.000276666,8.8e-06,13100.0,1030790.3019999999,0.787630305,200.8604017,65.21942548,2778.414071,19.76898697,0.0,0.0,2391.0,197.92,76.08629749,5,0.008762500067979573,0.004107141105333116,0.013417859030626025,True
61202,SAN BERNARDINO,CAJAMARCA,0.021616301,0.00516526,0.017995701,1.09e-05,4388.0,317028.6739,0.789835027,167.0578153,26.2663557,1817.9094259999997,26.200883799999996,0.0,0.734121123,1375.0,167.12,29.91263763,5,0.008349839062718991,0.00019254480207381817,0.016507133323364155,True
61203,SAN LUIS,CAJAMARCA,0.035431222,0.007708069,0.025067443000000002,2.19e-05,726.0,59420.16614999999,0.790150276,42.97118316,16.8950433,1461.470683,26.316031039999995,0.0,1.0,1394.0,42.88,36.82369403,5,0.008839113463160674,0.004845195581626723,0.012833031344694623,True
61204,TUMBADEN,CAJAMARCA,0.016260753,0.004267132,0.001132181,0.003454562,4447.0,333477.4213,0.799864313,256.5538885,17.33359033,3385.9191249999994,14.7958027,0.40687708,0.591610366,3041.0,264.37,17.25611832,5,0.021024608182644157,0.016327403175617625,0.02572181318967069,True
61301,SANTA CRUZ,CAJAMARCA,0.018050335,0.013712899,0.008600777,0.00022657200000000003,5498.0,536500.5906,0.8039406509999999,105.1383977,52.29297878999999,1901.191881,18.40150961,0.070257075,0.878556717,2036.0,102.51000000000002,92.66413033,5,0.01325986324167035,0.009351311265332861,0.01716841521800784,True
61302,ANDABAMBA,CAJAMARCA,0.004908501,0.005994152,0.0,0.0,571.0,61720.32838,0.8020826619999999,8.568360149,66.64052281,2330.971357,15.773022639999999,0.0,0.0,2550.0,7.610000000000001,240.3416557,5,0.010672646320884193,-0.0023853410652964636,0.02373063370706485,False
61303,CATACHE,CAJAMARCA,0.012964878000000003,0.001912763,0.002520671,0.00050935,7302.0,548490.2252,0.792751958,566.3997251,12.89195541,2166.08936,22.0681716,0.163228215,0.729893244,1363.0,609.16,15.74627356,5,0.006662935460548688,-0.0024309295863086163,0.01575680050740599,False
61304,CHANCAYBAÑOS,CAJAMARCA,0.004808971,0.002520979,0.005079646,0.0,2724.0,230158.4174,0.813072834,129.206821,21.0824783,2020.171381,18.70019355,0.0,0.728434505,1641.0,120.04,36.47117627,5,0.01104704027602507,0.005419889746521986,0.016674190805528153,True
61305,LA ESPERANZA,CAJAMARCA,0.007192689,0.003357868,0.001238266,0.00010354700000000002,1951.0,191252.1274,0.8150329060000001,60.15001352,32.43557043,2094.223787,17.31317085,0.0,1.0,1727.0,59.7,47.55443886,5,0.014021114871512943,0.005965499134316972,0.022076730608708912,True
61306,NINABAMBA,CAJAMARCA,0.006489835000000001,0.002847045,0.0,0.0,1852.0,170985.665,0.811686662,57.96528649,31.95015693,2760.897019,20.08588667,0.0,0.0,2196.0,60.04,48.61758827,5,0.010879842374080809,0.003175245263921012,0.018584439484240604,True
61307,PULAN,CAJAMARCA,0.001423265,0.00256669,0.014271944,0.00207462,3955.0,347054.8245,0.790681744,158.8060794,24.90458813,2648.032983,21.44843513,0.610294118,0.382352941,2084.0,155.67,30.3655168,5,0.011615901414944412,0.004596466711924088,0.018635336117964734,True
61308,SAUCEPAMPA,CAJAMARCA,0.006201469,0.007413587000000001,0.0,0.0,2677.0,218098.9156,0.789017967,31.851280170000003,84.04685732,2105.673291,19.66868816,0.0,0.0,1931.0,31.579999999999995,69.72767574,5,0.007389043138916244,0.0036810841875373292,0.011097002090295157,True
61309,SEXI,CAJAMARCA,0.001141074,0.000669248,0.032368158,0.000715701,551.0,41189.29893,0.784827042,191.08912,2.883471335,1907.813204,21.34511603,0.246619716,0.703171917,2478.0,192.87,2.649452999,4,0.011421697897174113,0.0024451650833091365,0.0203982307110391,True
61310,UTICYACU,CAJAMARCA,0.001293892,0.001653827,0.000448818,0.0,1236.0,126197.90400000001,0.817120955,43.65879444,28.31044732,2313.998732,21.41991404,0.0,1.0,2346.0,43.38,34.85477178,5,0.014717627324588905,0.007015805821872244,0.022419448827305566,True
61311,YAUYUCAN,CAJAMARCA,0.001265869,0.005865341,2.6e-05,0.0,2093.0,202603.9057,0.795181462,33.97722927,61.60007879,2490.730551,19.13941323,0.0,0.0,2502.0,35.37,98.04919423,5,0.01429742541749443,0.005627752092288501,0.022967098742700358,True
70101,CALLAO,CALLAO,0.0038396600000000004,0.765752979,0.167669045,0.037457524,89749.0,12289732.52,0.765404577,50.23397618,1786.6194719999999,19.405129,2.840945613,0.154804717,0.77092618,27.0,45.65,11572.28916,5,0.012048912965034563,0.009191772578949396,0.014906053351119728,True
70102,BELLAVISTA,CALLAO,0.0001761,0.978562012,0.004121442,0.0,14839.0,1742356.9490000003,0.757203767,4.581609742,3238.817978,36.72379807,2.31064024,0.0,0.0,13.0,4.56,20216.88596,5,0.00915740317376074,0.005478889501575599,0.01283591684594588,True
70103,CARMEN DE LA LEGUA REYNOSO,CALLAO,0.0,0.9733707240000001,0.014934520000000001,0.009629736,5591.0,948434.2723999999,0.772288088,1.9202338239999999,2911.62458,60.07599713,2.351546334,0.0,1.0,82.0,2.12,27323.584909999998,5,0.010453767874427405,0.007325097527401623,0.013582438221453184,True
70105,LA PUNTA,CALLAO,0.0,0.541571629,0.036406549,0.355804881,1422.0,187998.5365,0.764602391,0.796329742,1785.692441,3.118794966,1.6805718070000002,0.599643557,0.303432664,29.0,18.38,420.8378672,5,0.007994192908392444,0.002587702209477187,0.013400683607307695,True
70106,VENTANILLA,CALLAO,0.00037612,0.358026415,0.588665647,0.020332759,152664.0,12262363.3,0.776296473,78.36378059,1948.144906,141.2167722,10.62994831,0.167618864,0.781229684,43.0,69.93,4981.981982,5,0.013452378813465633,0.010400129275643273,0.016504628351287992,True
70107,MI PERU,CALLAO,0.0,0.724478292,0.275194658,0.0,11919.0,1106452.184,0.780067749,2.823066675,4222.004427,159.6000503,10.81448881,0.0,0.857142857,118.0,2.52,16019.84127,5,0.011527907025614181,0.008703177382603997,0.014352636668624366,True
80101,CUSCO,CUSCO,0.049855959,0.11847865500000002,0.002440853,0.001072421,58034.0,3986136.098,0.77595005,86.05611506,674.373924,3864.709813,16.71050993,0.48888888899999994,0.511111111,3439.0,116.22,1176.20031,5,0.02404457212833836,0.021191937079311194,0.026897207177365528,True
80102,CCORCA,CUSCO,0.04283924,0.006662443,0.001660502,3.26e-05,5050.0,302516.1224,0.8082179400000001,162.1865943,31.13697542,3949.645028,17.15628876,0.0,0.9621437050000001,3675.0,188.56,16.58888417,5,0.03326317061618993,0.0184558399096299,0.048070501322749946,True
80103,POROY,CUSCO,0.080194181,0.076233321,0.006225166,3.05e-05,11123.0,599617.0146,0.784007912,29.15205203,381.551185,3767.1390789999996,17.86732562,0.0,0.0,3508.0,14.960000000000003,519.7860963,5,0.023834543515402748,0.020128051432684403,0.02754103559812109,True
80104,SAN JERONIMO,CUSCO,0.082561732,0.075731567,0.002849042,0.000149537,41688.0,2946174.17,0.79172002,95.98289786,434.3273742,3721.8125270000005,17.95644447,0.0,0.9865092749999999,3289.0,103.34,498.7904006,5,0.028933134900914877,0.025582773692450544,0.03228349610937921,True
80105,SAN SEBASTIAN,CUSCO,0.134155166,0.206230426,0.0034357029999999996,0.0,70652.0,4220164.457,0.780097867,68.41016186,1032.770543,3578.8939939999996,16.8775274,0.0,1.0,3301.0,89.44,1116.715116,5,0.0240838217489376,0.020632002204320033,0.02753564129355517,True
80106,SANTIAGO,CUSCO,0.094580609,0.11721007800000001,0.003451211,0.0,44414.0,2685612.125,0.774726998,59.25191672,749.5791268,3777.28626,17.31047242,0.0,1.0,3464.0,69.72,1618.531268,5,0.02533660250709151,0.019679198049650175,0.030994006964532844,True
80107,SAYLLA,CUSCO,0.078197692,0.057380161,0.004067764,7.82e-05,7538.0,450079.45700000005,0.790395529,24.23053103,311.0951218,3613.369427,20.55036269,0.0,0.264317181,3179.0,28.380000000000003,210.0070472,5,0.023951145027127526,0.01876558740066423,0.029136702653590817,True
80108,WANCHAQ,CUSCO,0.098956998,0.86704904,0.001040486,0.000173414,19872.0,1920728.4099999997,0.772966546,5.922719221,3355.2156129999994,3309.359229,3.2639871920000005,0.0,0.0,3424.0,6.38,13399.52978,5,0.01706362895092621,0.01005493281859002,0.0240723250832624,True
80201,ACOMAYO,CUSCO,0.067211249,0.007576926,0.0017384959999999997,0.00025117,7327.0,379816.0173,0.774916787,141.8246501,51.66238728999999,3989.6900990000004,20.9431381,0.12321759000000002,0.821269185,3235.0,141.27,38.32377716,5,0.027657330570704755,0.023164427911680063,0.03215023322972946,True
80202,ACOPIA,CUSCO,0.145473351,0.009253462,0.002957279,0.22601688599999997,4491.0,246896.1992,0.789682721,79.3320566,56.61015474,3829.103587,13.339021550000002,0.9754248779999999,0.019007742,3724.0,91.72,29.91713912,5,0.026649012900899872,0.02357509964615848,0.029722926155641264,True
80203,ACOS,CUSCO,0.056898472,0.004920675,0.003733971,0.0036805660000000006,3371.0,177606.2359,0.784980392,138.188941,24.39413729,3685.362236,24.91399683,0.126749961,0.84487989,3106.0,137.55,18.50963286,5,0.02255742037852467,0.016751701694882524,0.02836313906216682,True
80204,MOSOC LLACTA,CUSCO,0.107109839,0.01110587,0.001205718,0.174985344,2014.0,106480.3229,0.79392984,36.35771152,55.39402552,3871.5091,12.62410802,0.937063126,0.044963626,3820.0,43.61,27.35611098,5,0.023307761133501595,0.018080136414100386,0.028535385852902804,True
80205,POMACANCHI,CUSCO,0.075459224,0.007005716,0.004299431,0.001732295,11189.0,615325.3523,0.774067978,268.264718,41.70880198,4018.954988,19.15524464,0.096221323,0.713780531,3709.0,275.56,31.514007839999998,5,0.026566934768734736,0.02284728203026618,0.030286587507203293,True
80206,RONDOCAN,CUSCO,0.028861348,0.005110888,0.00813003,0.0019202980000000002,3991.0,181466.602,0.791563442,183.6856541,21.72733641,3838.648613,24.10258506,0.185927648,0.742978154,3394.0,180.22,15.9416269,5,0.025614510918446676,0.02035860656064678,0.030870415276246573,True
80207,SANGARARA,CUSCO,0.151837228,0.012171537,0.010727621,0.037085772,6489.0,350694.9066,0.777905424,86.34174885,75.15483629,4013.9949,15.92269593,0.8902967539999999,0.067973583,3788.0,78.29,48.15429812,5,0.02710704148777738,0.021738329768338546,0.03247575320721621,True
80301,ANTA,CUSCO,0.301030044,0.023873062,0.00127092,0.013322534,28694.0,1756363.375,0.78626178,188.1827799,152.4794139,3634.329833,12.6879443,0.8693034199999999,0.102491836,3363.0,202.58,111.0474874,5,0.022464586600109058,0.019475953818438228,0.025453219381779888,True
80302,ANCAHUASI,CUSCO,0.184008311,0.014716138,0.004554829,0.000429986,9972.0,618794.0927,0.788238618,124.5473208,80.06595353,3853.8464529999997,16.85676811,0.200313944,0.799686056,3479.0,123.58,66.16766467,5,0.02885042858410149,0.023822159697310934,0.03387869747089205,True
80303,CACHIMAYO,CUSCO,0.318492487,0.034066652,0.00427923,5.920000000000001e-05,6297.0,429578.5691000001,0.793579863,43.78624678,143.8122804,3696.232619,13.31617225,0.0,0.064516129,3454.0,43.28,63.63216265999999,5,0.026451010477233784,0.01972683030570753,0.03317519064876003,True
80304,CHINCHAYPUJIO,CUSCO,0.018536884,0.004492552,0.006373720000000001,0.001558561,6379.0,307786.1303,0.784356231,397.3541349,16.05368974,3553.279838,21.5674813,0.24634908800000002,0.744635778,3106.0,390.58,15.0468534,5,0.022094749333684223,0.016830631763490988,0.027358866903877455,True
80305,HUAROCONDO,CUSCO,0.100906034,0.004441647,0.06301232,0.001937908,6869.0,392035.6594,0.774101179,221.1348806,31.062489930000005,4071.6215349999998,23.20769791,0.399272806,0.573871409,3353.0,228.61999999999998,28.18651037,5,0.021920372781199484,0.01731648390787997,0.026524261654519,True
80306,LIMATAMBO,CUSCO,0.017939839,0.0036684099999999996,0.040780929,0.001685664,10569.0,610414.1707,0.783932747,507.86304,20.81072881,3586.857241,27.88655321,0.34394968,0.637978421,2633.0,512.92,17.49395617,5,0.014816948215331655,0.01125503106668686,0.018378865363976447,True
80307,MOLLEPATA,CUSCO,0.0206073,0.00227141,0.084807434,0.005488863,4776.0,285306.4564,0.775874099,370.5984617,12.88726342,3378.56256,30.03079414,0.278972111,0.627092261,2864.0,284.48,12.39102925,5,0.018829521940110592,0.01350424922986274,0.02415479465035844,True
80308,PUCYURA,CUSCO,0.278586385,0.018356281,0.002081593,0.001485812,3385.0,207206.8516,0.788596721,34.09509415,99.28114542,3643.294644,16.34394742,0.016666667,0.766666667,3384.0,37.75,110.9933775,5,0.024976059770838194,0.021179298628213522,0.028772820913462865,True
80309,ZURITE,CUSCO,0.282335524,0.013723501000000003,0.002474401,0.0,6167.0,410982.1396,0.783171883,61.126485509999995,100.8891636,3569.115389,12.07878683,0.0,0.0,3424.0,52.33,80.85228358,5,0.02094905064486279,0.01538998254181436,0.02650811874791121,True
80401,CALCA,CUSCO,0.03179692,0.011152795,0.094447113,0.009187183,18844.0,1338492.72,0.781332944,313.617664,60.08590128000001,4100.647467,27.1460825,0.369623217,0.474070345,2955.0,311.01,80.55367995,5,0.02144190972549236,0.018567944444402164,0.024315875006582555,True
80402,COYA,CUSCO,0.087163875,0.01377902,0.001268464,0.025284971,6018.0,337244.6015,0.782949136,70.50433939,85.3564483,3725.6978900000004,22.18351535,0.518850789,0.296734478,2970.0,71.43,55.64888702,5,0.021026915713477198,0.017442291947360543,0.024611539479593852,True
80403,LAMAY,CUSCO,0.040176063,0.009245183,0.002210232,0.004368998,6037.0,337161.4893,0.781474523,95.85054234,62.98347252999999,3950.9077860000007,24.17516288,0.207138553,0.61693398,2960.0,94.22,70.92973891,5,0.02183815094298186,0.01678511631467899,0.02689118557128473,True
80404,LARES,CUSCO,0.004959777,0.002595646,0.027546571,0.005142577,10960.0,484049.035,0.783015173,734.6403275,14.918865180000001,3985.83592,25.72316552,0.47151898699999995,0.507911392,3193.0,527.26,15.28088609,5,0.01793238314249617,0.013737024452471198,0.02212774183252114,True
80405,PISAC,CUSCO,0.066402637,0.012825075,0.001329755,0.005741706,13944.0,749865.2102,0.786636546,148.2633345,94.04887624,3913.645141,20.16957376,0.297445015,0.46913569400000005,2986.0,148.25,77.32209106,5,0.024494232725198333,0.019749445088657412,0.029239020361739254,True
80406,SAN SALVADOR,CUSCO,0.059605845000000005,0.009415724,0.005170568,0.006423493,8144.0,413598.578,0.784281348,128.5272867,63.36397669,3748.75072,27.73182256,0.081302808,0.738622661,3012.0,128.07,49.17623175,5,0.022364962668781137,0.017065223473145163,0.02766470186441711,True
80407,TARAY,CUSCO,0.116381551,0.029842752,0.000292447,0.001668603,8243.0,614910.8986,0.80074997,55.066400290000004,149.6920074,3818.603106,21.51436669,0.083928868,0.611877458,2991.0,53.779999999999994,90.40535515,5,0.02482371267045463,0.020761784383216048,0.028885640957693207,True
80408,YANATILE,CUSCO,2.37e-05,0.000478892,0.0031650189999999994,0.001445287,9855.0,540075.2432,0.769870644,2000.248465,4.92688792,2880.415037,30.0565675,0.141481975,0.453513912,1148.0,3080.47,3.324168065,5,0.011010480251433525,0.0025512027357459492,0.0194697577671211,True
80501,YANAOCA,CUSCO,0.052083954,0.007294265999999999,0.002678433,0.000297716,17240.0,810310.7176,0.781558869,292.1806644,59.00458894999999,4082.062776,13.58102667,0.057070425999999994,0.902562472,3925.0,292.97,35.32102263,5,0.026670184958515062,0.02286463053399966,0.030475739383030463,True
80502,CHECCA,CUSCO,0.016988203,0.002063628,0.014923563,0.001318857,13202.0,506529.6459,0.775963551,505.9077968,26.09566424,4150.752545,12.969893960000002,0.105413758,0.8504669120000001,3834.0,503.76000000000005,13.28410354,5,0.020207325139025335,0.013557914585672699,0.026856735692377967,True
80503,KUNTURKANKI,CUSCO,0.015752118,0.003661024,0.006109935,0.001143092,12016.0,465606.83959999995,0.779856225,395.1951405,30.405232169999998,4172.059803,11.37906565,0.470854165,0.48209281,3961.0,376.19,16.09027353,5,0.020291005747887288,0.016550334354415195,0.024031677141359384,True
80504,LANGUI,CUSCO,0.021702205,0.006068331,0.0036752629999999994,0.010927334,6514.0,280486.4045,0.77582817,171.7486765,37.92751207,4187.376247,16.1953217,0.49799813400000004,0.446638043,3967.0,187.1,16.20523784,5,0.022420121612592325,0.01729248551009096,0.02754775771509369,True
80505,LAYO,CUSCO,0.019688404,0.002535445,0.064909448,0.010727321,14090.0,593276.0959,0.774458084,427.3752731000001,32.96868323,4422.925645,14.267563480000002,0.416025105,0.567542993,3997.0,452.56000000000006,14.44449355,5,0.021128342248200677,0.014887984841633364,0.02736869965476799,True
80506,PAMPAMARCA,CUSCO,0.174353629,0.02188422,0.002681387,0.049054889,3499.0,194918.0414,0.792855701,31.28827789,111.831019,3868.6853340000002,16.05987963,0.8670574240000001,0.091810415,3820.0,29.910000000000004,65.19558676,5,0.027086300245251268,0.022473791001008388,0.03169880948949415,True
80507,QUEHUE,CUSCO,0.022598005,0.004328545,0.004741137,0.00047052099999999995,5492.0,215700.9402,0.772417534,149.405223,36.75908975,4117.15531,14.70304948,0.059713974999999996,0.924880823,3794.0,143.46,24.12519169,5,0.02630263150608649,0.021715232922638578,0.0308900300895344,True
80508,TUPAC AMARU,CUSCO,0.092262294,0.007572914,0.002059267,0.039208218,6300.0,310965.7473,0.788507032,115.59791070000001,54.499254889999996,3908.055227,14.56333013,0.763264819,0.197893835,3809.0,117.80999999999999,28.045157459999995,5,0.026660485439158256,0.021937250195086314,0.0313837206832302,True
80601,SICUANI,CUSCO,0.039547906,0.010709602,0.029065082,0.006137101,51255.0,3090624.876,0.775675731,648.7822922,79.00184795,4283.148464,15.604046640000002,0.683392225,0.299849969,3593.0,645.88,102.7218678,5,0.023003022301555487,0.02052437521805192,0.025481669385059053,True
80602,CHECACUPE,CUSCO,0.008267586,0.001541369,0.102326608,0.00541964,7553.0,355883.8744,0.77831181,940.3957986000001,8.031724526,4702.054968,15.2596648,0.461585786,0.437382834,3459.0,962.3399999999999,5.684061766,5,0.021178970174498855,0.01591974210195887,0.02643819824703884,True
80603,COMBAPATA,CUSCO,0.046200569,0.005641945,0.015841639,0.00145852,7027.0,373518.321,0.779628746,174.0587983,40.3714151,4168.85531,23.28223607,0.051041897,0.57946347,3500.0,182.5,30.323287670000003,5,0.024715784939832036,0.020160903150365356,0.029270666729298716,True
80604,MARANGANI,CUSCO,0.018164682,0.00510335,0.106981719,0.003873932,15912.0,914709.4156,0.768235483,440.3513516,36.13478179,4490.822882,19.84023062,0.751521859,0.22744881,3720.0,432.65,27.13740899,5,0.020659216114374504,0.01352719978720577,0.02779123244154324,True
80605,PITUMARCA,CUSCO,0.00318807,0.001192268,0.174535425,0.038928028,10020.0,479893.6335,0.76932515,1095.119775,9.149684105,4815.837882,17.70809788,0.9083266919999999,0.085423851,3587.0,1117.54,7.682946472,5,0.02586102415603862,0.013463177274571211,0.038258871037506026,True
80606,SAN PABLO,CUSCO,0.013749521,0.001536817,0.079314144,0.000526328,9822.0,405972.9875,0.76883034,524.886284,18.71262462,4488.019724,18.38472978,0.158782401,0.637424612,3501.0,524.06,10.57703316,5,0.021694403255806197,0.013164982255336423,0.03022382425627597,True
80607,SAN PEDRO,CUSCO,0.069526292,0.01102525,0.023782259,0.000311424,5170.0,260803.3542,0.775000832,56.1858384,92.0160693,3876.673403,15.248564609999999,0.0,0.681818182,3515.0,54.90999999999999,60.662902929999994,5,0.026716987322866034,0.020948527422079775,0.032485447223652285,True
80608,TINTA,CUSCO,0.191459365,0.012741015,0.006968133999999999,0.000126679,8307.0,431097.555,0.775708944,82.8994076,100.2057824,3768.0009899999995,16.25779828,0.0,0.3875,3496.0,79.39,76.52097241,5,0.025910769857465977,0.02053211535508859,0.03128942435984336,True
80701,SANTO TOMAS,CUSCO,0.016637094,0.003439195,0.212780005,0.00138235,33984.0,1433715.405,0.767894283,1911.6928629999998,17.7769142,4458.867657,15.76870835,0.440119506,0.412935468,3676.0,1924.08,12.43659307,5,0.019984165224803906,0.015354696228535109,0.024613634221072704,True
80702,CAPACMARCA,CUSCO,0.016745418,0.007822872,0.004712231,0.000719335,7649.0,345599.2638,0.794112603,268.7937133,28.45676673,3940.602774,19.40823357,0.036680059,0.933767287,3563.0,271.81,18.92130532,5,0.029703405990700954,0.026174491456593087,0.03323232052480881,True
80703,CHAMACA,CUSCO,0.032176597,0.003937135,0.00806716,0.000776145,16176.0,669719.5901,0.775368181,653.605094,24.74888912,3999.5052860000005,14.33262296,0.251980983,0.705229794,3779.0,674.19,11.71628176,5,0.020005794981895156,0.016971079861893074,0.023040510101897237,True
80704,COLQUEMARCA,CUSCO,0.073913722,0.006653365,0.003773364,0.000249402,12695.0,510227.01430000004,0.77988601,453.8561667,27.97141679,3863.566515,16.65957141,0.020963068,0.963252975,3606.0,449.48999999999995,22.83921778,5,0.02696035863617556,0.020642952473418817,0.033277764798932304,True
80705,LIVITACA,CUSCO,0.026850332999999997,0.003342811,0.026626678000000004,0.0033271000000000004,20073.0,812993.3574,0.769391416,961.9897928,20.86612576,4197.730816,15.05392406,0.47442975499999995,0.45540479700000003,3774.0,758.2,17.56660512,5,0.019697569962756536,0.016639626844243003,0.02275551308127007,True
80706,LLUSCO,CUSCO,0.034019257,0.004405877,0.114699339,0.000461996,5955.0,234315.042,0.76867869,316.1425937,18.83643684,4229.326711,14.54578382,0.113833841,0.817052756,3522.0,315.42,22.09118001,5,0.022272004887950954,0.01938839174341883,0.025155618032483073,True
80707,QUIÑOTA,CUSCO,0.037007264,0.004653831,0.033526993,0.00010876200000000001,8371.0,327745.4111,0.778220475,226.86944869999996,36.89787253,4018.317092,16.39813705,0.07816092,0.92183908,3607.0,221.05,22.28455101,5,0.024464511486391543,0.0181705356244607,0.030758487348322386,True
80708,VELILLE,CUSCO,0.020654548,0.005402757,0.032984367,0.008217185,11631.0,572072.1863,0.775204247,572.9566987,20.29996338,4160.011639,13.986900979999998,0.612689964,0.344880356,3766.0,756.84,12.04349664,5,0.02095595433401846,0.01665851239455814,0.025253396273478782,True
80801,ESPINAR,CUSCO,0.061917176,0.016645946,0.073787928,0.004578824,38199.0,2455609.425,0.766262261,740.968286,51.55281369000001,4158.869408,9.19545269,0.150745426,0.347013842,3976.0,747.78,43.98619915,5,0.02319346029609526,0.018582027466926353,0.027804893125264164,True
80802,CONDOROMA,CUSCO,0.0,0.0015942499999999997,0.25611917,0.039961034,1883.0,75204.31367,0.772328731,517.0478883,3.641829012,4773.877471,10.14196546,0.675029223,0.311378476,4679.0,513.36,2.08820321,5,0.042778571258671474,0.03190547260956766,0.05365166990777533,True
80803,COPORAQUE,CUSCO,0.025791701,0.003208939,0.049277585,0.002306594,21323.0,822162.2265,0.777858468,1548.622308,13.76901255,4277.013361,10.51589027,0.21416807499999999,0.49550682,3970.0,1564.46,9.569436099,5,0.01885341962466358,0.01319129421879239,0.024515545030534793,True
80804,OCORURO,CUSCO,0.009833013,0.00353582,0.059859079,0.001105894,3677.0,141144.57,0.786323334,360.5243498,10.19903372,4343.821849,10.71971163,0.375516526,0.378487143,4104.0,353.15,4.304120062,5,0.02023049458813479,0.011776151220061294,0.028684837956208284,True
80805,PALLPATA,CUSCO,0.014160410000000002,0.002260492,0.016983787,0.006208128,11679.0,437201.5825,0.777378817,820.1460981,14.24014578,4219.252457,8.422846882,0.651836325,0.311377875,4027.0,815.56,8.114669675,5,0.023106132086258523,0.019404380798654867,0.026807883373862165,True
80806,PICHIGUA,CUSCO,0.028830825999999997,0.004998604,0.009859809,0.0009345950000000001,5804.0,218601.33,0.76992469,274.9222118,21.11142625,4019.688604,8.617845088,0.091261347,0.737028294,3902.0,288.76,16.47388835,5,0.019012267499722135,0.00977014051961964,0.028254394479824627,True
80807,SUYCKUTAMBO,CUSCO,0.001671165,0.001415342,0.153509048,0.003724165,4135.0,159353.4716,0.773237025,630.0390846,6.563084896000001,4432.183439,12.805219,0.529618162,0.4187970529999999,4124.0,652.13,4.612577247,5,0.034714146560792025,0.02411482943398946,0.04531346368759457,True
80808,ALTO PICHIGUA,CUSCO,0.027420920000000005,0.001958584,0.023769147,0.002836069,5716.0,206595.7075,0.774036564,360.8274737,15.8413658,4147.228321,8.199101382,0.288113807,0.516172023,3999.0,375.89,8.015642874,5,0.022149991666567302,0.011596412365553926,0.03270357096758068,True
80901,SANTA ANA,CUSCO,0.000553602,0.011080379,0.001536006,0.008340105,32979.0,2214034.835,0.77693397,393.0235102,83.91101078,2181.3992,28.25631619,0.161019191,0.567814064,1086.0,359.4,115.67334450000001,5,0.009281379297959913,0.006504208306476107,0.012058550289443718,True
80902,ECHARATE,CUSCO,7.3e-05,0.000287595,0.001048209,0.002755532,26416.0,1617238.101,0.766292402,7628.248833,3.462917975,1701.5228579999998,23.3849259,0.234145351,0.415393817,1059.0,19135.5,2.400094066,5,0.010732875662434397,0.006308407754718505,0.015157343570150285,True
80903,HUAYOPATA,CUSCO,2.59e-05,0.001906239,0.017784917,0.002470698,4821.0,358401.7342,0.773557084,532.0502569,9.061174086,3030.777188,30.466293999999998,0.290759163,0.639493891,1597.0,524.02,11.20567917,5,0.011621531168775248,0.006966294475275978,0.016276767862274524,True
80904,MARANURA,CUSCO,0.000128083,0.0033607849999999994,0.001825406,0.008996352,7635.0,472681.2768,0.775149443,165.240422,46.20540124,2082.222461,28.185342960000003,0.11733550699999999,0.43987846699999994,1141.0,150.3,49.12840985,5,0.008232415307192683,0.005423294332924438,0.011041536281460927,True
80905,OCOBAMBA,CUSCO,0.000195591,0.000624254,0.010253043,0.002479223,3606.0,207632.8523,0.762791903,865.7547228999999,4.165151982,2958.087084,29.58121711,0.077482513,0.565758984,1479.0,840.93,7.169443354,5,0.01217146341099076,0.005191087774441957,0.01915183904753956,True
80906,QUELLOUNO,CUSCO,2.71e-05,0.000567382,0.0009266979999999999,0.003383629,14069.0,778557.3801,0.762774597,1972.207583,7.133630414,1872.1386180000002,27.19439438,0.070788926,0.518960688,784.0,799.68,17.88965586,5,0.007365143406470395,0.004510601215648692,0.010219685597292097,True
80907,QUIMBIRI,CUSCO,5.35e-05,0.003025498,0.001401439,0.00445934,10834.0,662140.85,0.783918147,543.6304864,19.92897799,2174.968333,25.806779990000003,0.192573968,0.42284771699999996,590.0,905.6900000000002,22.15217127,5,0.009014074251254695,0.00553081035953838,0.012497338142971008,True
80908,SANTA TERESA,CUSCO,0.000135265,0.000550875,0.049538724,0.004582718,6263.0,364948.3866,0.773608829,1334.411641,4.693454258,3596.739698,32.54181273,0.386610073,0.546618448,1572.0,1340.38,6.188543547,5,0.013190050979064746,0.00961383758419491,0.01676626437393458,True
80909,VILCABAMBA,CUSCO,4.91e-05,0.000426999,0.016586936,0.0016074159999999997,9752.0,520879.1112,0.771815894,2374.90472,4.106269998,3033.495585,29.89824355,0.367645137,0.570121906,2656.0,3318.86,3.957985573,3,0.01469340534019418,0.008117076769210276,0.021269733911178083,True
80910,PICHARI,CUSCO,0.000134816,0.006037725,0.002102278,0.006063061,17237.0,1261411.256,0.784069136,507.9599564,33.93377722,1757.9698309999999,22.77551549,0.085332531,0.23453945699999998,596.0,730.45,40.27654186,5,0.011387376465528771,0.008628367340205806,0.01414638559085174,True
80911,INKAWASI,CUSCO,0.000282399,0.001009558,0.02329869,0.004346295,3482.0,208903.9401,0.808451149,774.3186433,4.496856727,2844.778995,32.61767432,0.396797824,0.546085297,1771.0,1101.65,4.430626787,5,0.022789811445616818,0.009190325669134369,0.036389297222099264,True
80912,VILLA VIRGEN,CUSCO,4.75e-05,0.00033631,0.000272729,0.003232219,1192.0,76934.08023,0.795206963,440.6899728,2.704849381,2442.333528,31.13447525,0.521656528,0.434698327,742.0,625.96,3.302127931,5,0.012190614466054876,0.003811096141559372,0.02057013279055038,True
80913,VILLA KINTIARINA,CUSCO,8.54e-05,0.001218743,0.001716983,0.014629172,1181.0,70516.10449,0.792950212,199.5673141,5.917802748,1545.026718,24.97211294,0.294836084,0.41133424099999993,704.0,229.0,12.68995633,5,0.012882814981252218,0.003405402596758679,0.022360227365745756,True
80914,MEGANTONI,CUSCO,5.86e-07,0.00010990699999999999,0.002004748,0.006733023,11593.0,740369.484,0.789290072,10749.78027,1.078440648,578.1077772,12.04660826,0.254652171,0.368671742,303.0,9507.84,0.781144824,5,0.02479824181796604,0.013565009205198915,0.036031474430733165,True
80916,CIELO PUNCO,CUSCO,2.63e-05,0.003972725,0.001283276,0.005893696,1498.0,91117.79633,0.787179106,102.6408826,14.59457442,1634.860186,26.2439139,0.098740193,0.365116028,662.0,648.527027,3.527994832,2,0.009930088314472407,0.0056466733785343,0.014213503250410512,True
80917,MANITEA,CUSCO,5.44e-05,0.002653741,0.000549353,0.00652805,3751.0,207648.2431,0.784963449,143.2209731,26.19029825,1795.004011,26.61122138,0.349648395,0.463335177,656.0,658.26,5.569227965,2,0.011282877203399093,0.005680024365021245,0.01688573004177693,True
80918,UNION ASHÁNINKA,CUSCO,0.000335059,0.002520537,0.002967283,0.008229456,6456.0,399994.5636,0.793366636,308.3648609,20.93623762,1621.755228,20.82277858,0.044301248,0.307142001,529.0,309.96,19.58962447,2,0.010017158056678022,0.005609776556668236,0.014424539556687807,True
81001,PARURO,CUSCO,0.076244752,0.007385143,0.002084657,0.00046219000000000007,6181.0,310918.7106,0.792876104,153.2472538,40.33351232,3741.5896799999996,20.33751323,0.08492805600000002,0.799234533,3086.0,153.42,23.78438274,3,0.027317390983259842,0.020664287989832813,0.03397049397668687,True
81002,ACCHA,CUSCO,0.047958484,0.004391669,0.0038115499999999995,0.001027597,5572.0,273573.4777,0.8001889089999998,239.6012646,23.25530296,3766.8830109999994,24.24311375,0.025035689,0.947702389,3601.0,244.75,15.754851890000001,5,0.028417467952582095,0.022765183353953403,0.03406975255121079,True
81003,CCAPI,CUSCO,0.02471675,0.005148812,0.003355959,0.005030834,4864.0,233154.3879,0.797337459,326.7319767,14.88681962,3568.626542,26.78879296,0.197205985,0.754810911,3227.0,334.85,12.57279379,4,0.02279450219057051,0.018654411843481395,0.026934592537659622,True
81004,COLCHA,CUSCO,0.023289605,0.004262747,0.006970138,0.0068591,2041.0,102408.934,0.787596129,140.3380374,14.54345549,3503.982451,26.04111003,0.134743787,0.811984426,2827.0,139.98,9.094156308,4,0.020282028375198498,0.01251372913913276,0.028050327611264234,True
81005,HUANOQUITE,CUSCO,0.049215155,0.003039659,0.002592964,0.002949376,7371.0,352673.8374,0.803975363,362.3834512,20.3403328,3596.640872,24.017393,0.175123234,0.818552992,3391.0,362.67,17.57244878,4,0.02288765159547498,0.01999152236963637,0.025783780821313586,True
81006,OMACHA,CUSCO,0.029621876,0.002123602,0.012005455,0.001383328,8682.0,350633.9286,0.774903697,428.8544046,20.24463292,4056.862893,21.05610943,0.08230526,0.875450693,3887.0,436.2099999999999,16.06794892,5,0.024940681487487733,0.016393282282918826,0.033488080692056624,True
81007,PACCARITAMBO,CUSCO,0.055070566,0.007765058,0.003741903,0.00238459,4693.0,215541.9694,0.803424228,142.5883072,32.91293721,3465.427432,24.24074875,0.158705688,0.781772143,3602.0,142.61,17.89495828,4,0.02334073827410886,0.017170938514602278,0.029510538033615443,True
81008,PILLPINTO,CUSCO,0.03558938,0.006872438999999999,0.002993111,0.004363246,1941.0,98201.66659,0.778542195,78.70977221,24.6602162,3694.429389,26.20531366,0.098794557,0.859682343,2869.0,79.13,15.796790089999998,5,0.020942269473969582,0.01572635611649715,0.026158182831442015,True
81009,YAURISQUE,CUSCO,0.07353281,0.010363517,0.001016098,0.000378956,4640.0,227991.9496,0.80421528,101.2150036,45.84300584,3788.858814,19.4403277,0.0,1.0,3324.0,90.8,35.82599119,4,0.0313133757196997,0.023130162605712233,0.039496588833687146,True
81101,PAUCARTAMBO,CUSCO,0.008428906,0.002384211,0.00830179,0.001127441,12618.0,675648.9445,0.776028206,1095.262915,11.52052154,3403.309566,26.632023429999997,0.131179651,0.563213522,2917.0,1079.23,14.08411553,5,0.017344996968818995,0.014415545707173589,0.0202744482304644,True
81102,CAICAY,CUSCO,0.029332972999999995,0.010244126,0.020293449,0.001177744,5774.0,302506.869,0.785055941,107.2232227,53.850274709999994,3900.034356,22.75251425,0.039059128,0.895242891,3128.0,110.72,32.00867052,5,0.0280518894268503,0.02327273155229566,0.032831047301404945,True
81103,CHALLABAMBA,CUSCO,0.0037073740000000003,0.002175181,0.006037717,0.002257128,9662.0,419710.1516,0.777140064,716.812438,13.479118789999998,3623.6859259999997,25.43372283,0.143545387,0.618019373,2845.0,746.56,14.73290827,5,0.018239836451584474,0.014553832645322898,0.021925840257846056,True
81104,COLQUEPATA,CUSCO,0.027714249000000003,0.005840559,0.051664964,0.001941077,16998.0,744036.5949,0.780571026,461.1920516,36.85666295,3853.0722460000006,18.32841906,0.294893605,0.45990252,3690.0,467.68,22.32937051,5,0.024541490623559578,0.02042054217284303,0.028662439074276125,True
81105,HUANCARANI,CUSCO,0.055422576,0.013480296999999999,0.043964753,4.26e-05,10013.0,560339.1971,0.789412174,146.0905821,68.53966802,3831.432123,18.18766333,0.018888889,0.4278370369999999,3871.0,145.14,54.31996693,5,0.03099916978045859,0.02044751232156214,0.041550827239355034,True
81106,KOSÑIPATA,CUSCO,3.44e-05,0.000262787,0.013339529,0.002369768,3481.0,137377.7888,0.763111174,3279.041979,1.061590557,2031.252287,24.66684487,0.094493545,0.332877431,544.0,3745.6799999999994,1.506268555,5,0.012504369980269278,0.0032890657752006943,0.02171967418533786,True
81201,URCOS,CUSCO,0.065075839,0.018513588,0.053919234,0.00717308,11055.0,670217.6599,0.773629028,141.1193843,78.3379268,3719.776536,21.60915577,0.24680158199999996,0.542660473,3179.0,134.65,106.6765689,5,0.02610573541493879,0.020902737399830097,0.031308733430047475,True
81202,ANDAHUAYLILLAS,CUSCO,0.119564076,0.020086193,0.010010101,0.009366067,7456.0,488774.9047,0.771751999,85.9894892,86.70827178,3556.779288,22.47481971,0.145040997,0.610904263,3139.0,84.6,79.63356974,5,0.026266231346167047,0.018799235884290888,0.03373322680804321,True
81203,CAMANTI,CUSCO,3.52e-05,0.000191957,0.009118707,0.0066237299999999995,1839.0,129730.50940000001,0.759807613,3374.08448,0.545036738,1833.1522410000002,24.00560811,0.192193249,0.278719815,647.0,3174.93,0.8923031370000001,5,0.014927977198196718,0.009453585166319299,0.020402369230074137,True
81204,CCARHUAYO,CUSCO,0.005232016,0.001130068,0.119395709,0.00391033,3157.0,149070.2057,0.779083972,304.4655069,10.36899067,4279.612092,22.45139485,0.710739551,0.197747022,3481.0,313.89,12.23039918,5,0.01840249010002176,0.006556821918592566,0.03024815828145095,True
81205,CCATCA,CUSCO,0.053337533000000006,0.009841684,0.025340434000000002,0.003991393,19080.0,994462.7348999999,0.786095933,297.8712641,64.05451717,3892.440806,17.23278152,0.189702212,0.532198749,3714.0,307.72,49.15182634,5,0.027302218673411684,0.022223557110894222,0.032380880235929145,True
81206,CUSIPATA,CUSCO,0.037967271,0.003736186,0.083656809,0.001683193,7317.0,373068.8112,0.782266763,243.4190919,30.059269159999996,4277.81706,23.28509682,0.270140916,0.602265324,3332.0,248.03000000000003,21.39257348,5,0.021934235246559165,0.017346750669996688,0.02652171982312164,True
81207,HUARO,CUSCO,0.032549103,0.006412968,0.009038345,0.000999101,4862.0,299907.8501,0.76916775,108.8495148,44.66717202,4138.188228,20.77581327,0.035294118,0.929411765,3168.0,106.28,44.58976289,5,0.02877816593017833,0.02486657716027693,0.03268975470007973,True
81208,LUCRE,CUSCO,0.048723679,0.012597798999999998,0.003388885,0.011312747,5966.0,375272.8624,0.774743362,118.47446199999999,50.356844,3729.831594,21.70533585,0.49781978699999996,0.4078656929999999,3117.0,118.78,41.43795252,5,0.024465375218587843,0.018285121907656316,0.030645628529519367,True
81209,MARCAPATA,CUSCO,0.000251663,0.001115929,0.183644433,0.00641096,4016.0,172737.7318,0.761041733,1305.070956,3.077227321,4208.074917,26.64372375,0.586497796,0.344538641,3111.0,1687.9100000000003,3.288682453,5,0.02651982774779971,0.015788264047690428,0.03725139144790899,True
81210,OCONGATE,CUSCO,0.009139532,0.003227729,0.172357577,0.011320304,26417.0,1334219.61,0.78896137,951.3566017,27.76771607,4486.861243,16.84020058,0.769222687,0.17957199,3549.0,952.6600000000001,20.12470346,5,0.0246105442239571,0.015167098604805876,0.034053989843108326,True
81211,OROPESA,CUSCO,0.11649137400000001,0.033475515,0.008782509,0.00101927,13794.0,871742.7986,0.789467856,78.60005149,175.4960682,3671.201713,20.4091966,0.0,0.8665620090000001,3139.0,74.44,127.4046212,5,0.027780862162471387,0.022704976408967577,0.0328567479159752,True
81212,QUIQUIJANA,CUSCO,0.038916794,0.00492327,0.022338791,0.003684854,16693.0,853424.2069,0.779297053,365.5404847,45.66662435,4017.057357,22.32665247,0.352076466,0.500142925,3211.0,360.9,34.20892214,5,0.02205817705630789,0.017339039571344875,0.026777314541270903,True
81301,URUBAMBA,CUSCO,0.027170671,0.025828956999999996,0.091817801,0.005511408,20840.0,1546006.371,0.783222807,161.561314,128.9912757,3943.7404159999996,28.287234609999995,0.353784683,0.473594349,2885.0,128.28,200.5768631,5,0.021199898866945885,0.01572833154662568,0.02667146618726609,True
81302,CHINCHERO,CUSCO,0.401193592,0.028421658,0.001598015,0.03566369,19900.0,1091190.322,0.791796598,102.78507340000002,193.6078784,3843.309412,12.964736820000002,0.91400458,0.065740648,3759.0,94.57,136.089669,5,0.025680474186487764,0.022761476601062987,0.028599471771912542,True
81303,HUAYLLABAMBA,CUSCO,0.20198530799999997,0.016319715,0.001694916,0.0036791490000000005,8182.0,490599.0807,0.783196724,77.07286085,106.1592876,3536.995637,24.6624429,0.138800689,0.555013072,2890.0,102.47,56.89470089,5,0.01838470044818264,0.013285931912063988,0.023483468984301308,True
81304,MACHUPICCHU,CUSCO,0.000822986,0.000416042,0.034787399,0.002299916,1705.0,146847.9975,0.762775133,362.5132783,4.703275996,3458.4972330000005,35.36945723,0.11851514700000002,0.69857254,2092.0,271.44,33.11965812,5,0.012698192419532118,0.00661960929017819,0.018776775548886043,True
81305,MARAS,CUSCO,0.441575621,0.02166754,0.01503287,0.00515516,14362.0,728632.866,0.786289054,141.6709496,101.3757587,3444.5860249999996,12.61768712,0.197320041,0.4609863880000001,3381.0,131.85,58.25559348,5,0.02351740909729869,0.0197902083875887,0.027244609807008678,True
81306,OLLANTAYTAMBO,CUSCO,0.019245586,0.003906884,0.086657913,0.0032982290000000006,10964.0,679624.4828,0.772184467,581.3725374,18.85881994,4052.6816170000006,29.43551824,0.077964622,0.728072695,2871.0,640.25,18.6567747,5,0.019528852072383626,0.017357152883701044,0.02170055126106621,True
81307,YUCAY,CUSCO,0.119838332,0.024880627,0.030879073,0.011946673,3409.0,236592.9915,0.772050777,23.86409398,142.850594,3610.9377200000004,26.18892297,0.0,0.651749118,2878.0,70.57,46.88961315,5,0.01617393565699335,0.00856979029090869,0.02377808102307801,True
90101,HUANCAVELICA,HUANCAVELICA,0.001804614,0.00931939,0.1307126,0.002143684,20709.0,1346859.018,0.769704158,512.58754,40.40090401,4444.875719,16.72721292,0.138771546,0.8336274830000001,3746.0,514.1,85.53783311,5,0.023825515477555615,0.019998744803520888,0.027652286151590343,True
90102,ACOBAMBILLA,HUANCAVELICA,0.0008747649999999999,0.000875045,0.161774638,0.030279852000000003,4201.0,180081.9943,0.771191336,739.6917278,5.679392972,4520.44786,16.93592206,0.713450221,0.254169271,3839.0,758.32,3.465555438,5,0.033478351226191784,0.01958625081916163,0.04737045163322192,True
90103,ACORIA,HUANCAVELICA,0.01976219,0.00842051,0.007045163,0.002013078,25526.0,1130457.997,0.774758956,545.6753777,46.77872787,3859.7246440000004,21.49876955,0.123542026,0.773831509,3207.0,535.1,46.0343861,5,0.02438295502099918,0.020614850986792405,0.028151059055205954,True
90104,CONAYCA,HUANCAVELICA,0.005486515,0.010687604,0.001945468,0.0,1937.0,108765.74509999999,0.779202066,41.59463983,46.56850037,4038.898327,22.0145713,0.0,0.0,3709.0,37.79,26.144482669999995,5,0.022381735523904548,0.01500418109974298,0.029759289948066113,True
90105,CUENCA,HUANCAVELICA,0.011717079,0.011082705,0.009533944,0.001116562,2480.0,120719.99110000001,0.779165242,55.27296424,44.86822869,3894.589441,20.93833812,0.20306846100000003,0.700951657,3186.0,50.25,41.45273632,5,0.017431062245663386,0.005403700017951946,0.029458424473374822,True
90106,HUACHOCOLPA,HUANCAVELICA,9.26e-05,0.001085067,0.285747098,0.001031771,2737.0,173485.5922,0.769871429,338.8660768,8.076937136,4559.419674,20.95379727,0.319115324,0.481832543,4020.0,336.28,7.695967646,5,0.027316581298642353,0.016730031379383545,0.037903131217901155,True
90107,HUAYLLAHUARA,HUANCAVELICA,0.008712128,0.006659734,0.002725624,0.0,1201.0,65100.68499,0.7804437969999999,36.56803499,32.84289135,3834.1939560000005,21.12042271,0.0,1.0,3901.0,38.8,19.43298969,3,0.019313315184251927,0.009741551002888612,0.02888507936561524,True
90108,IZCUCHACA,HUANCAVELICA,0.006910518,0.031100922999999996,0.006761001,0.0032558579999999995,1070.0,66232.99873,0.774658692,12.39703262,86.31097724,3352.044983,25.87800945,0.055058605999999996,0.9252776060000001,2930.0,12.19,100.8203445,5,0.02144567042293878,0.01472225039880927,0.028169090447068293,True
90109,LARIA,HUANCAVELICA,0.002872721,0.004282705,0.009965538,0.001367305,1468.0,77126.7735,0.781049456,64.62332855,22.71625484,4338.422551,17.19492786,0.134146341,0.8658536590000001,3893.0,78.45,12.74697259,5,0.024622097344885432,0.017333448368005128,0.03191074632176573,True
90110,MANTA,HUANCAVELICA,0.005998001,0.001357194,0.03219263,0.003061809,1818.0,87785.21265,0.771354071,159.1929688,11.42010237,4261.614726,18.91579579,0.164506842,0.82521148,3735.0,154.14,6.9612041,4,0.024047636514541348,0.014678107386730718,0.033417165642351976,True
90111,MARISCAL CACERES,HUANCAVELICA,0.023028932,0.008292304,0.032147898,0.001918387,383.0,29848.7917,0.776945952,5.254809301,72.88561355,3230.651787,31.978046069999998,0.034055306,0.965944694,2852.0,5.63,188.6323268,5,0.01733921243206123,0.006960846907232827,0.02771757795688963,True
90112,MOYA,HUANCAVELICA,0.010351419,0.006688006,0.002451427,0.0,2241.0,117477.3767,0.782012227,94.90479167,23.6131386,4049.4224,21.0602979,0.113478692,0.760158573,3148.0,94.08,13.74362245,4,0.0177346896638085,0.011728425358364401,0.023740953969252597,True
90113,NUEVO OCCORO,HUANCAVELICA,0.001701814,0.001922033,0.12260343999999998,0.011195992,2978.0,136095.7924,0.771929953,246.9713969,12.05807651,4524.154882,16.81841597,0.152110333,0.8332047429999999,3939.0,211.56,10.38476082,5,0.0275690392617033,0.01925699097012515,0.035881087553281454,True
90114,PALCA,HUANCAVELICA,0.005583689,0.006596014,0.00235059,0.0,4575.0,190702.6088,0.774544699,81.18707597,56.35133358,4141.484112,19.08722873,0.0,0.5,3714.0,82.08,36.90302144,5,0.024160821753450933,0.018343014391090564,0.02997862911581129,True
90115,PILCHACA,HUANCAVELICA,0.02027625,0.007343655,0.007768068,0.000866108,1456.0,69729.91833,0.77930048,39.85716575,36.53044497,3766.607437,17.96326489,0.0,1.0,3604.0,42.97,15.941354429999999,3,0.0247586170342905,0.017397120076150383,0.03212011399243061,True
90116,VILCA,HUANCAVELICA,0.006906624,0.001127394,0.05512690600000001,0.002552,4068.0,175731.2368,0.780909095,309.79998,13.13105314,4230.695144,19.53100519,0.541861828,0.43096927,3280.0,317.76,7.578046324000001,5,0.013445876888226077,0.001184905431044712,0.025706848345407436,True
90117,YAULI,HUANCAVELICA,0.021900089,0.009305706,0.010983832,7.82e-05,18826.0,735120.8506,0.774423914,321.7995817,58.5022513,4079.4953560000004,13.15684024,0.0,0.961866308,3424.0,319.92,85.54326082,5,0.026084915565524742,0.02314088263574531,0.029028948495304175,True
90118,ASCENSION,HUANCAVELICA,0.000472397,0.002104357,0.179341537,0.003744797,6839.0,433747.5669,0.764018336,410.50310989999997,16.66004431,4612.681176,15.79222136,0.253426476,0.72511943,3711.0,432.23999999999995,30.494632610000004,5,0.02760485573318964,0.02040391206096025,0.03480579940541902,True
90119,HUANDO,HUANCAVELICA,0.034290548,0.010586805,0.019185398,0.008279872,9744.0,458133.6886,0.774465271,196.2313074,49.65568506,4079.830811,18.25406702,0.299896675,0.664785254,3610.0,193.9,39.86075297,5,0.02507389740382243,0.021010941247820533,0.029136853559824337,True
90201,ACOBAMBA,HUANCAVELICA,0.216295455,0.016595274,0.008720423,0.001909745,7984.0,464472.4569,0.776496681,123.8814636,64.44870579,3439.031381,20.02585873,0.042668657,0.763749675,3449.0,123.02,85.67712567,4,0.027648028819056678,0.021655366072699925,0.03364069156541343,True
90202,ANDABAMBA,HUANCAVELICA,0.053127122,0.00994784,0.048254781,0.00763856,4577.0,182160.73009999996,0.774395565,82.20778972,55.67598905,3433.6443129999993,26.13916867,0.025030868,0.550890761,3499.0,81.85,50.66585217,3,0.023980803673710197,0.01910023797196541,0.02886136937545498,True
90203,ANTA,HUANCAVELICA,0.087277599,0.010969817,0.003891382,0.001559609,6938.0,262148.9325,0.772205881,90.94777525,76.28553839,3661.6146610000005,19.88881213,0.434509877,0.52290984,3618.0,91.36,75.02189142,5,0.027513856538388847,0.021968706382659235,0.03305900669411846,True
90204,CAJA,HUANCAVELICA,0.159800163,0.007089837999999999,0.011274254,0.001400339,2643.0,160080.7356,0.783146651,87.26874899,30.285755559999995,3235.146569,21.44606398,0.029695882,0.8115733009999999,3383.0,82.39,29.809442890000003,5,0.01942679171035686,0.010261048456467919,0.028592534964245797,True
90205,MARCAS,HUANCAVELICA,0.068865714,0.009256616,0.160511305,0.007867816,2493.0,127366.97659999998,0.777603209,172.4451051,14.456774509999999,2887.876473,20.997792,0.0719399,0.677971384,3411.0,155.87,13.382947330000002,5,0.02011287718701411,0.015533882160500232,0.024691872213527987,True
90206,PAUCARA,HUANCAVELICA,0.039421496,0.013214405000000002,0.009978304,0.000273233,18288.0,685863.0442,0.771249535,221.096975,82.71483589,4041.867622,14.93782272,0.0,0.951321943,3833.0,225.6,58.37322695,5,0.02610810020155229,0.020940195454668492,0.03127600494843609,True
90207,POMACOCHA,HUANCAVELICA,0.337926641,0.012970479000000002,0.010136896,0.0018756100000000002,3635.0,203976.8147,0.785713563,55.426304540000004,65.58257907,3294.780853,18.8637501,0.034859347,0.44320736399999994,3156.0,53.65999999999999,62.98919120000001,5,0.02408440965249806,0.018732401898728875,0.02943641740626724,True
90208,ROSARIO,HUANCAVELICA,0.093908654,0.013117924,0.008237451,0.001082947,5722.0,231601.8226,0.784381981,97.33625867,58.78590443,3645.0874109999995,21.03936204,0.058841418,0.750267023,3687.0,97.07,64.05686618,5,0.027653582918588628,0.022418712637676398,0.03288845319950086,True
90301,LIRCAY,HUANCAVELICA,0.006878858999999999,0.004630001,0.095389271,0.0016621749999999997,27236.0,1227899.944,0.768713805,829.0511215,32.85201514,4278.373705,17.90701457,0.137849481,0.800501973,3345.0,818.84,34.76381222,5,0.021385893114938763,0.018466736025839044,0.02430505020403848,True
90302,ANCHONGA,HUANCAVELICA,0.17363562,0.016782367,0.003180239,5.149999999999999e-05,7940.0,363358.6881,0.77693471,75.68142199,104.91346210000002,3728.2580499999995,16.39743556,0.0,0.774620649,3310.0,72.4,122.0718232,5,0.025718941605287628,0.023093261781145957,0.028344621429429305,True
90303,CALLANMARCA,HUANCAVELICA,0.040418396,0.010494417,0.007359162,0.000347396,567.0,32218.397600000004,0.779820812,24.78525868,22.87650121,3525.503275,24.17765108,0.0,0.748290818,3553.0,26.02,34.31975404,5,0.013913546777050794,0.003028748288615598,0.024798345265485987,True
90304,CCOCHACCASA,HUANCAVELICA,0.005619733,0.01039859,0.022478384,0.000679876,4377.0,261985.7543,0.791457254,107.79034649999998,40.60660478,4143.74089,19.64160327,0.238317757,0.523364486,4190.0,116.6,35.04288165,5,0.023931380508822632,0.020379523952287863,0.0274832370653574,True
90305,CHINCHO,HUANCAVELICA,0.024163889,0.002380777,0.177139747,0.002732512,1536.0,74425.03746,0.769827149,173.3871569,8.858787627,2721.073524,20.02475785,0.016617292,0.668741717,3141.0,182.7,6.710454297,5,0.029925686246964785,0.013855893626849497,0.04599547886708007,True
90306,CONGALLA,HUANCAVELICA,0.019097089,0.005712429,0.017588617,0.000593548,4227.0,202344.3631,0.786942275,210.03552170000003,20.12516724,3688.313078,19.91291649,0.014676259,0.61228777,3537.0,215.63999999999996,20.37655352,5,0.024778102881355027,0.01872616104333747,0.030830044719372583,True
90307,HUANCA-HUANCA,HUANCAVELICA,0.016303354,0.003035114,0.009555277,0.000787305,895.0,55353.50168,0.792446146,107.71224520000001,8.309175978,3934.525705,20.69560145,0.069683555,0.91501339,3590.0,109.96,15.43288469,5,0.01958335112050074,0.008646256846015965,0.030520445394985513,True
90308,HUAYLLAY GRANDE,HUANCAVELICA,0.013010695,0.008438949,0.004336299,0.000674291,1092.0,57043.73757,0.787806959,31.955377469999995,34.17265219,3867.0921910000006,22.52642985,0.0,1.0,3622.0,33.28,42.48798077,5,0.020457337722033793,0.011958216605870629,0.028956458838196947,True
90309,JULCAMARCA,HUANCAVELICA,0.060226884999999994,0.011832719,0.017783994,0.000325367,1877.0,105237.3831,0.778750134,51.45102789,36.48129254,3211.42873,21.57810032,0.0,0.730813113,3431.0,48.61,25.59144209,5,0.023352405239798733,0.01636574115473209,0.030339069324865374,True
90310,SAN ANTONIO DE ANTAPARCO,HUANCAVELICA,0.13821368,0.019767669,0.043596405,0.000735059,1303.0,64716.43426999999,0.777353109,33.98239104,38.34338786,3336.6227339999996,19.78138023,0.0,0.726370995,2767.0,33.42,31.35846798,5,0.0316257692020624,0.018746944161744758,0.04450459424238004,True
90311,SANTO TOMAS DE PATA,HUANCAVELICA,0.023168726,0.003300771,0.015891409,0.002247024,2282.0,107724.0858,0.776020814,139.7253697,16.33203766,3940.6550159999997,17.58826137,0.078323229,0.8787158460000001,3150.0,133.57,10.96054503,5,0.02413846464264092,0.0176854948690345,0.03059143441624733,True
90312,SECCLLA,HUANCAVELICA,0.011708289,0.006285779,0.013694907000000001,0.004014377,4130.0,187145.9888,0.775401477,163.3855851,25.27762775,4089.661089,18.89644361,0.085099282,0.9042633070000001,3363.0,167.99,18.75706887,5,0.02394405402838352,0.019418657755850426,0.02846945030091661,True
90401,CASTROVIRREYNA,HUANCAVELICA,0.00027529,0.002149887,0.298134535,0.006763801,4248.0,243089.3546,0.776347952,926.2250471,4.586358373,4450.558263,17.01091002,0.711431795,0.261064096,3989.0,937.94,4.039704032,4,0.028263435283252064,0.023174371044949498,0.03335249952155463,True
90402,ARMA,HUANCAVELICA,0.000248433,0.002744967,0.21051739600000002,6.47e-05,1041.0,60561.06244999999,0.790654947,301.7084298,3.450351058,4040.2862,21.51919912,0.023840688,0.678664921,3361.0,304.85,5.218960144,5,0.03178050072384616,0.024702271852904644,0.03885872959478767,True
90403,AURAHUA,HUANCAVELICA,0.00020856,0.001376994,0.245369598,0.008065429,1529.0,89210.27657,0.793152911,348.5387578,4.386886582,4451.938295,17.51943939,0.39930736,0.577323526,3483.0,360.97,5.99495803,5,0.038997611010645764,0.020252982775179184,0.05774223924611234,True
90404,CAPILLAS,HUANCAVELICA,0.001953653,0.002173906,0.245650733,0.00084735,1140.0,59096.94876,0.772929298,401.7418934,2.837642821,2869.419016,26.69810893,0.069811099,0.8728538460000002,3224.0,397.95,3.7492147250000003,5,0.029800765743990647,0.01833357924688336,0.04126795224109794,True
90405,CHUPAMARCA,HUANCAVELICA,0.00017995,0.000775399,0.22635792999999998,0.006798692,1229.0,63863.90836,0.78804345,367.4147114,3.344993986,4444.783355,15.575413360000002,0.489626699,0.49427628000000007,3433.0,373.78,3.301407245,5,0.04047947401621422,0.027356982227145953,0.05360196580528248,True
90406,COCAS,HUANCAVELICA,0.002995866,0.003856163,0.097970869,0.00067862,692.0,35482.64425,0.772154045,81.26922687,8.514908123,3812.502958,26.02811855,0.0,0.74782086,3253.0,87.95,12.24559409,5,0.014196204065986387,0.0077049974298499715,0.020687410702122797,True
90407,HUACHOS,HUANCAVELICA,0.000474281,0.0018753719999999997,0.20990392399999996,0.000848383,1112.0,75005.34589,0.780768256,176.0535899,6.316258593,3940.2085940000006,21.48919808,0.172491545,0.8192945720000001,2784.0,172.01,10.38311726,5,0.028646429286421717,0.016542818921743155,0.04075003965110026,True
90408,HUAMATAMBO,HUANCAVELICA,0.000302711,0.001765378,0.050193579,0.000205096,460.0,26737.89195,0.796973477,55.526796,8.284288545,3506.025296,27.86923432,0.0,0.0,3058.0,54.16,12.20457903,4,0.013482009240793793,0.003192436077080023,0.02377158240450756,True
90409,MOLLEPAMPA,HUANCAVELICA,0.002221811,0.002492034,0.118495031,7.54e-05,990.0,57523.64257,0.78362606,171.2751468,5.780173123,3529.7279110000004,25.55162265,0.103333547,0.829632947,2500.0,165.65,8.08330818,5,0.012203684552065485,-0.002697919054980631,0.027105288159111597,False
90410,SAN JUAN,HUANCAVELICA,0.000585328,0.001988753,0.290494364,0.001982935,725.0,47817.95367,0.785579173,196.4078795,3.691297934,2589.407809,30.23195872,0.005924308,0.891968497,1936.0,207.25,4.178528347,5,0.010361412164981163,0.0018084161819715908,0.01891440814799073,True
90411,SANTA ANA,HUANCAVELICA,0.0,0.001905604,0.345627209,0.044840534,1880.0,128002.8729,0.784159149,645.9750104,2.9103293,4717.034621,12.34267221,0.777155778,0.205749268,4518.0,622.1,2.245619675,5,0.04730157431453935,0.035280034397193856,0.05932311423188484,True
90412,TANTARA,HUANCAVELICA,0.0032571829999999994,0.003774762,0.026679816000000002,0.000153772,828.0,59022.19676,0.798652294,111.65370090000002,7.415786432,3412.8050859999994,23.21431623,0.0,1.0,2899.0,113.01000000000002,8.061233519,5,0.017542454417931144,0.005627175946583636,0.029457732889278648,True
90413,TICRAPO,HUANCAVELICA,0.000266836,0.004775185,0.06904509,0.000675086,1650.0,108747.20139999999,0.784221818,183.2649287,9.003359298,3120.919162,29.3463976,0.0,0.975161406,2140.0,187.0,9.989304813,5,0.015195814619375025,0.007101671351026193,0.023289957887723842,True
90501,CHURCAMPA,HUANCAVELICA,0.032607254,0.010948209,0.024405169,0.004220025,4784.0,315621.9838,0.776227989,135.5944971,35.28166778,3343.606842,25.939963009999996,0.211088525,0.768525292,3295.0,135.48,44.98080898,5,0.02318636779761471,0.01983299790360175,0.02653973769162767,True
90502,ANCO,HUANCAVELICA,0.021030459,0.009081266,0.008520081,0.0031810990000000006,6754.0,303452.6623,0.777008395,149.8463155,45.07284665,3610.7988209999994,27.666415270000005,0.06835575,0.682889983,2463.0,150.18,45.93820748,5,0.013733218225252662,0.009211285411516227,0.018255151038989094,True
90503,CHINCHIHUASI,HUANCAVELICA,0.008640454,0.003964441,0.005071343,0.0031443239999999996,3185.0,152813.9805,0.769584522,162.3229578,19.6213773,3291.2469250000004,32.8471262,0.224926029,0.731795133,2803.0,162.21,17.00265088,5,0.018317215847674807,0.012158122326480756,0.024476309368868854,True
90504,EL CARMEN,HUANCAVELICA,0.044825957,0.012243261,0.003814743,0.001665606,3119.0,169711.7571,0.78095412,77.1510599,40.42718278,3478.01195,26.042362439999998,0.088200976,0.756048529,3152.0,77.07,38.89970157,5,0.01890452482845856,0.01081647986369128,0.02699256979322584,True
90505,LA MERCED,HUANCAVELICA,0.004967176,0.007536246,0.097088757,0.005931346,832.0,53324.58229,0.778382091,73.08601382,11.38384701,2781.839041,25.53979715,0.22049966,0.605996628,2683.0,73.32,10.66557556,4,0.019431643767823987,0.014171021192024917,0.024692266343623055,True
90506,LOCROJA,HUANCAVELICA,0.063222407,0.0126935,0.010257476,0.003064018,4605.0,236565.83600000004,0.781277286,92.62884459,49.71453569,3613.635158,19.59360206,0.10225483900000001,0.81448019,3417.0,92.48,48.73486159,5,0.025167983093196927,0.02126432837738365,0.029071637809010224,True
90507,PAUCARBAMBA,HUANCAVELICA,0.047413922,0.01321396,0.004124052,0.000147461,8007.0,404593.5906,0.772108704,97.83540503,81.84153781,3843.75236,22.33915299,0.0,1.0,3382.0,97.72,60.37658616,5,0.027462914503472078,0.021578689685942853,0.03334713932100132,True
90508,SAN MIGUEL DE MAYOCC,HUANCAVELICA,0.031938029,0.016783229,0.17450424100000003,0.004126331,1148.0,75200.42947,0.772872735,29.425417300000003,39.01389021,2699.547094,20.88114219,0.14234519,0.546058665,2228.0,38.43,23.15899037,3,0.014755809096855565,0.006174826257567436,0.023336791936143693,True
90509,SAN PEDRO DE CORIS,HUANCAVELICA,0.001705727,0.014156578999999999,0.028470877999999998,0.003091572,3448.0,262438.2778,0.776552987,129.0254056,26.723419200000002,3292.722052,31.3350703,0.212684565,0.764424351,3580.0,128.9,25.08921645,5,0.021465719520046788,0.015055854405217794,0.02787558463487578,True
90510,PACHAMARCA,HUANCAVELICA,0.003363406,0.003916846,0.010268937,0.002817015,2298.0,115123.345,0.769596737,156.4302564,14.69025272,3352.8661720000005,33.29897864,0.218346278,0.755322307,2792.0,156.29,16.30942479,5,0.018817750266292097,0.012456241946198918,0.025179258586385277,True
90511,COSME,HUANCAVELICA,0.0271519,0.010413178,0.006890752,0.002994993,3621.0,159450.9708,0.787539519,106.834396,33.89357863,3672.447234,27.9650334,0.023814723,0.738722868,3486.0,106.34,34.86928719,5,0.021202175015168044,0.014815851049826648,0.02758849898050944,True
90601,HUAYTARA,HUANCAVELICA,0.000233126,0.005404358,0.161623624,0.000254285,2609.0,174917.3674,0.785164431,395.2269382,6.601270682000001,3174.570237,23.09961094,0.174657534,0.825342466,2732.0,401.25,5.517757009,5,0.01913588323285664,0.013981640902187537,0.024290125563525743,True
90602,AYAVI,HUANCAVELICA,0.00022395,0.004403247,0.115337812,0.000912916,1269.0,73174.69966,0.786314657,180.5209615,7.029654558,3210.47617,23.46246766,0.0,0.905784768,3815.0,201.26,4.268110901,4,0.022626968979322006,0.01541149022238375,0.02984244773626026,True
90603,CORDOVA,HUANCAVELICA,0.009189438,0.005391492,0.004970529,0.000127227,1001.0,71257.23262,0.790298202,103.35917829999998,9.684674513,3423.736506,17.19186799,0.125,0.875,3242.0,104.59,13.80629123,5,0.018756597493223545,0.01207407149929297,0.02543912348715412,True
90604,HUAYACUNDO ARMA,HUANCAVELICA,0.004152484,0.010970344,0.033415937,4.77e-05,545.0,30198.09308,0.797188808,37.88695531,14.384898330000002,3411.190849,21.38395842,0.0,0.0,3116.0,12.809999999999999,37.39266198,5,0.017060840216009388,0.0014063621477370704,0.0327153182842817,True
90605,LARAMARCA,HUANCAVELICA,0.000879333,0.002087543,0.151023815,3.98e-05,446.0,34410.92481,0.764708745,194.0399222,2.298496078,3777.5958330000003,17.72634153,0.0,1.0,3407.0,205.05,3.394294075,5,0.029677920271833313,0.013555714812333246,0.04580012573133338,True
90606,OCOYO,HUANCAVELICA,0.013422925999999998,0.003198722,0.012409896,0.00045031300000000004,1675.0,102802.9755,0.783380716,168.879261,9.918328577,2880.147317,23.55853042,0.532525013,0.292616027,1933.0,154.71,7.872794260000001,5,0.007424955359453608,0.0021013696247698553,0.012748541094137358,True
90607,PILPICHACA,HUANCAVELICA,0.000353947,0.001073119,0.229557379,0.013008133,6813.0,307475.4856,0.777084926,2187.723285,3.114196409,4413.582982,14.253142309999998,0.849418747,0.140778294,4090.0,2162.92,2.464261276,5,0.024500880733645407,0.012993621465914061,0.036008140001376754,True
90608,QUERCO,HUANCAVELICA,0.000997946,0.000604894,0.143507866,1.01e-05,1482.0,61740.68193,0.76271714,688.2432485,2.153308446,4014.836654,17.22233051,0.0,0.150943396,2903.0,697.31,1.372416859,5,0.02354365783055975,0.014711649804390508,0.03237566585672898,True
90609,QUITO-ARMA,HUANCAVELICA,0.002547042,0.001166545,0.081694822,0.00021926000000000004,1267.0,67332.60161,0.788468114,240.12087379999997,5.276509201,3249.206943,23.2297414,0.025835865999999996,0.849392097,2944.0,222.32,4.255127744,5,0.025656891029190453,0.019645685305344957,0.031668096753035946,True
90610,SAN ANTONIO DE CUSICANCHA,HUANCAVELICA,0.000650053,0.002727448,0.213613817,7.97e-05,1800.0,88356.03016,0.8003855,239.77177999999998,7.507138664,4109.02017,19.89537033,0.0,1.0,3291.0,255.86000000000004,7.726881889,5,0.031749116022559296,0.014586864720983934,0.048911367324134654,True
90611,SAN FRANCISCO DE SANGAYAICO,HUANCAVELICA,0.000317624,0.001955784,0.202966418,2.13e-05,1067.0,55108.11536000001,0.775330927,203.055388,5.254723898,3794.8026400000003,18.75648212,0.0,0.129692833,3420.0,70.7,18.86845827,5,0.022162864259409863,0.009364302894056185,0.03496142562476354,True
90612,SAN ISIDRO,HUANCAVELICA,0.002931319,0.002224682,0.027136682000000002,0.00046343,699.0,39102.36954,0.784518741,169.3772252,4.126883051,3312.3667880000003,18.28673577,0.147058824,0.8235294119999998,3656.0,174.95,4.669905687,5,0.024954584173990376,0.016440582990692038,0.033468585357288715,True
90613,SANTIAGO DE CHOCORVOS,HUANCAVELICA,0.000700649,0.001193654,0.197081212,0.00016119,2508.0,129117.86980000001,0.778396252,1024.177649,2.448793921,3285.819349,20.53139373,0.0,0.9207167930000001,2638.0,1150.2,2.53781951,5,0.01839202042557387,0.0076298550584123735,0.029154185792735363,True
90614,SANTIAGO DE QUIRAHUARA,HUANCAVELICA,0.005952505,0.002955989,0.167545985,0.0,694.0,33938.37608,0.782711239,176.1422336,3.939997727,3657.492892,18.64195573,0.0,1.0,2801.0,169.32,4.701157571,4,0.02250452178625213,0.010241132928859269,0.034767910643644984,True
90615,SANTO DOMINGO DE CAPILLAS,HUANCAVELICA,0.000322769,0.001275818,0.252323658,0.001496544,877.0,52409.84504,0.788163511,256.8044979,3.415049219,3960.4735700000006,17.26816017,0.278581222,0.683826456,3482.0,248.56,4.365143225,5,0.03889809159367677,0.028976302037297178,0.04881988115005636,True
90616,TAMBO,HUANCAVELICA,0.000235292,0.002895182,0.277103714,0.004109651,779.0,49597.43628,0.795375867,228.4762811,3.4095442920000005,4171.279871,15.89981306,0.429831384,0.521706078,3201.0,226.58,4.567923029,5,0.030855251544456414,0.01450708386816367,0.04720341922074915,True
90701,PAMPAS,HUANCAVELICA,0.065739901,0.023696618,0.002491196,0.004134202,8343.0,554207.3564,0.778317512,74.88713742,111.4076501,3639.7389730000004,25.88291256,0.587727479,0.377460124,3282.0,109.06999999999998,97.22196754,5,0.0172472760768286,0.005605277288062954,0.02888927486559425,True
90702,ACOSTAMBO,HUANCAVELICA,0.077022392,0.010441539,0.003494998,0.001420705,6295.0,296350.4616,0.779095727,164.9588312,38.16103663,3788.661412,20.89988588,0.10109547,0.848631013,3628.0,168.06,27.2045698,5,0.02790102925138694,0.022384818056955087,0.03341724044581879,True
90703,ACRAQUIA,HUANCAVELICA,0.032017708,0.008175564,0.003323228,1.61e-05,6383.0,356990.7538,0.778116325,108.897364,58.61482563,3902.641259,18.92046838,0.0,0.9523809520000001,3281.0,110.27000000000001,45.28883649,5,0.0274053524105606,0.023474210579022284,0.03133649424209892,True
90704,AHUAYCHA,HUANCAVELICA,0.045572074,0.012497233,0.005635672,0.001472427,7366.0,369163.5736,0.775325686,99.87434654,73.75267278,3716.953658,23.87576601,0.273008413,0.699968939,3279.0,90.96,56.42040457,5,0.02456158558859898,0.020324820021382015,0.02879835115581593,True
90705,COLCABAMBA,HUANCAVELICA,0.032241578,0.009003389,0.007673428,0.004044658,12294.0,683949.2521,0.773876818,325.9650994,37.71569417,3159.789209,29.33535722,0.479146813,0.504419964,2953.0,312.18,49.37215709,5,0.019862325969762406,0.017012133291717777,0.022712518647807035,True
90706,DANIEL HERNANDEZ,HUANCAVELICA,0.106703226,0.013051916,0.0067638030000000005,0.00019701800000000003,10173.0,558095.8781,0.768718126,105.3612861,96.55349115,3359.4452319999996,27.69740109,0.192416357,0.8075836429999999,3288.0,106.92,103.647587,5,0.02339831315761684,0.018383281482623064,0.028413344832610616,True
90707,HUACHOCOLPA,HUANCAVELICA,0.00281558,0.001105744,0.0035216730000000003,0.006913553,2378.0,149374.552,0.779726451,218.645363,10.87605961,2205.923544,33.59137974,0.303842353,0.580813995,2913.0,292.0,12.0,5,0.01824597973201442,0.013742318605536432,0.022749640858492407,True
90709,HUARIBAMBA,HUANCAVELICA,0.027177715,0.005325963,0.0032449859999999996,0.000270845,4823.0,241898.9622,0.773317043,150.0707082,32.13818378,3433.6738679999994,27.56796652,0.089223233,0.910776767,3019.0,150.69,32.84225894,5,0.022996438806393762,0.018997543943244374,0.02699533366954315,True
90710,ÑAHUIMPUQUIO,HUANCAVELICA,0.155653388,0.016859841,0.002502967,0.000302457,2823.0,148238.9969,0.775003117,66.62342224,42.37248561,3866.418101,17.9752036,0.020591701,0.9794082989999999,3651.0,67.39,27.303754270000002,5,0.023384581246410876,0.017254194307839962,0.02951496818498181,True
90711,PAZOS,HUANCAVELICA,0.039147862,0.005509539,0.001601626,0.0009239889999999998,8355.0,457699.1866,0.780311957,227.21205500000002,36.77181653,3969.5964159999994,20.49035196,0.280952381,0.714285714,3820.0,227.86000000000004,31.01465812,5,0.023747552473179296,0.017393449373678548,0.03010165557268004,True
90713,QUISHUAR,HUANCAVELICA,0.023046365,0.004106852,0.026199113000000003,0.003187121,833.0,44205.86642,0.788578031,32.76520915,25.42330788,2550.490092,31.860846380000005,0.14891912,0.846328736,3137.0,31.54,28.44007609,5,0.02058240455310808,0.012750007303400732,0.02841480180281542,True
90714,SALCABAMBA,HUANCAVELICA,0.01189602,0.0034151220000000005,0.007229387000000001,0.002308519,5940.0,281363.796,0.778879798,190.8885832,31.11762841,3182.995322,31.20191117,0.23950094000000002,0.754790616,3063.0,192.52,26.46997715,5,0.019219686442962625,0.012693660788377508,0.025745712097547738,True
90715,SALCAHUASI,HUANCAVELICA,0.005548398,0.007203329999999999,0.011883717,0.003465704,3818.0,180697.367,0.776791907,117.50409729999998,32.49248398,2563.108905,32.1525663,0.233625113,0.748337439,3196.0,117.97999999999999,30.84421088,5,0.021774067446438082,0.01681518153993661,0.026732953352939553,True
90716,SAN MARCOS DE ROCCHAC,HUANCAVELICA,0.000455825,0.002731884,0.003097887,0.002654918,2686.0,129051.28349999999,0.775310275,288.8770004,9.298074947,3927.290391,26.967567710000004,0.518471951,0.462457816,3206.0,281.71,10.83028646,5,0.012308905430339596,0.0021754814395611496,0.02244232942111804,True
90717,SURCUBAMBA,HUANCAVELICA,0.005893194,0.005467451,0.003821348,0.004573529,4951.0,268627.4751,0.76882761,244.4893504,20.25037079,2905.356274,31.13412186,0.560898634,0.432839424,2626.0,271.75,20.21711132,5,0.015270087274675366,0.010439834902030131,0.020100339647320598,True
90718,TINTAY PUNCU,HUANCAVELICA,0.000761161,0.00177182,0.000887864,0.002520687,1802.0,100480.5049,0.77169162,179.81208,10.02157363,2520.89345,32.27758472,0.429087002,0.411191026,2410.0,257.73,12.70321654,5,0.012563816993953626,0.00781491334291546,0.017312720644991793,True
90719,QUICHUAS,HUANCAVELICA,0.01677373,0.011399783,0.002648699,0.002055993,4496.0,197500.0337,0.776966637,118.9474079,37.79821755,3639.394265,29.03085653,0.45830198,0.467891424,2706.0,114.16,45.07708479,5,0.018914865500674016,0.011197285732693539,0.02663244526865449,True
90720,ANDAYMARCA,HUANCAVELICA,0.001733935,0.004881594,0.009766944,0.007804719,2550.0,121039.1348,0.775649216,151.2552344,16.85892069,3036.597647,34.38537764,0.359113754,0.634849492,2896.0,144.94,18.19373534,5,0.01852631708369585,0.012032197184208844,0.025020436983182855,True
90721,ROBLE,HUANCAVELICA,0.00024101399999999998,0.0009357,0.004924592,0.001872493,596.0,28859.29692,0.792789597,185.0640971,3.220505811,3075.850195,31.35725014,0.23574296600000003,0.75721993,2640.0,186.03,7.53104338,5,0.010134279631242776,-0.004891775412873431,0.02516033467535898,False
90722,PICHOS,HUANCAVELICA,0.006035779,0.002860395,0.007119201,0.000551479,2603.0,106575.274,0.782414791,144.0367097,18.07178188,3855.1381370000004,30.055874459999995,0.181818182,0.797979798,3297.0,144.6,17.71092669,5,0.020371759250158585,0.015421126823184205,0.02532239167713296,True
90723,SANTIAGO DE TUCUMA,HUANCAVELICA,0.04784464,0.005771674,0.003815259,0.0,1825.0,88984.91425,0.772100931,34.15682612,53.43002285,3520.363996,27.74509698,0.0,0.0,3538.0,223.4868687,6.313570047,5,0.021332666319249884,0.012970738615926444,0.029694594022573323,True
90724,LAMBRAS,HUANCAVELICA,0.012410644,0.00366192,0.001375844,0.002216523,2705.0,162719.0831,0.770862625,87.41869715,30.94303722,2481.390699,25.80590776,0.19889844,0.735625676,2575.0,223.4868687,6.680481984,2,0.014768136623494743,0.007622754348185233,0.021913518898804253,True
90725,COCHABAMBA,HUANCAVELICA,0.001191136,0.001860939,0.001433597,0.001274648,804.0,38423.75595,0.770727238,77.03128173,10.43731822,3400.248814,29.34905927,0.0,0.90625,2684.0,223.4868687,7.374035037,2,0.019945529846991456,0.008980425851024603,0.030910633842958307,True
100101,HUANUCO,HUANUCO,0.038789233,0.066484756,0.023132116,0.0017357539999999997,50950.0,3015720.705,0.780865529,128.4127974,396.7673084,2603.026522,24.95515059,0.060910963,0.534963028,1921.0,126.22999999999999,787.871346,5,0.005912913509045423,0.002939640422986178,0.008886186595104664,True
100102,AMARILIS,HUANUCO,0.05186208,0.047931127,0.00648576,0.0038462539999999995,47243.0,2801681.013,0.783289281,133.9112981,352.7932345,2818.861502,22.5087159,0.329925819,0.557652191,1950.0,131.68,684.9483597,5,0.00591846381274176,-0.00037024963749362344,0.012207177262977143,False
100103,CHINCHAO,HUANUCO,0.004861596,0.002430353,0.0007981290000000001,0.001040048,13266.0,732043.0899,0.781260139,810.0394102,16.37698096,2392.720659,27.6666461,0.23294865599999998,0.55785121,2122.0,795.78,24.45776471,5,0.008570708720533981,0.004031345262528154,0.013110072178539808,True
100104,CHURUBAMBA,HUANUCO,0.015315856,0.004470417,0.001513434,0.0019202749999999997,18010.0,933161.1802999999,0.788382515,515.8002365,34.91661834,3383.822369,25.743236369999998,0.283455553,0.664996516,1954.0,507.31000000000006,44.11700932,5,0.009894352862178601,0.007351459196214529,0.012437246528142673,True
100105,MARGOS,HUANUCO,0.034162876,0.006148273,0.00192911,0.0003999040000000001,5109.0,275434.2175,0.796302427,209.9937046,24.32930078,3916.6848330000003,18.95030664,0.015873016,0.968253968,3555.0,206.57,36.33635087,5,0.030235560394629837,0.019517442982036566,0.04095367780722311,True
100106,QUISQUI,HUANUCO,0.0065302680000000005,0.00699274,0.0018641980000000003,0.000493939,4107.0,215869.1145,0.784440006,175.1873503,23.44347347,3422.8755279999996,26.026070979999997,0.0,0.925925926,2427.0,172.74,35.67789742,5,0.014423608827751252,0.009071352470714198,0.019775865184788285,True
100107,SAN FRANCISCO DE CAYRAN,HUANUCO,0.020718029,0.004860626,0.001861206,0.000743088,5595.0,301018.9383,0.793421394,148.6934005,37.62776278,3134.821076,29.05471302,0.156626506,0.78313253,2247.0,146.24,40.26258206,5,0.012025174847816456,0.00573560894764631,0.0183147407479866,True
100108,SAN PEDRO DE CHAULAN,HUANUCO,0.010496136,0.002007428,0.000585853,0.002451978,3416.0,155324.1777,0.780789197,270.672605,12.62041277,3896.848958,23.95612301,0.138614653,0.841007168,3587.0,266.36,17.76543024,5,0.021717558951411652,0.01775877402950167,0.025676343873321635,True
100109,SANTA MARIA DEL VALLE,HUANUCO,0.013555543,0.007589123000000001,0.005015097,0.003148348,24068.0,1218449.801,0.793895662,454.00320320000003,53.01284183,3335.474811,25.21584224,0.280493392,0.685271144,1939.0,446.63,55.428430690000006,5,0.010846096741823966,0.005215285924529315,0.016476907559118615,True
100110,YARUMAYO,HUANUCO,0.0209497,0.005870997,0.002243465,0.0,1767.0,97614.84947,0.785941765,61.950140329999996,28.522937809999995,3417.1133739999996,26.61165232,0.0,0.0,3055.0,60.94,48.63800459,5,0.02664893651879425,0.01059501147117025,0.04270286156641824,True
100111,PILLCO MARCA,HUANUCO,0.045337193,0.076799485,0.004902267,0.001701535,27944.0,2031124.216,0.788776678,77.68148483,359.7253588,2853.064834,22.89716809,0.109441559,0.687702283,1996.0,76.61,463.594831,5,0.007559437616411752,0.0029383289913092513,0.012180546241514252,True
100112,YACUS,HUANUCO,0.027972952000000002,0.008643966,0.00042916100000000006,0.0,2297.0,110908.719,0.790467653,71.05638819,32.32643902,3907.14699,19.79470938,0.0,0.0,3243.0,69.9,45.09298999,5,0.024537065600733668,0.01397815428987051,0.03509597691159683,True
100113,SAN PABLO DE PILLAO,HUANUCO,0.027101724,0.001720438,0.002115077,0.003067225,7830.0,471655.8778,0.793077382,595.4659672,13.1493661,2383.391903,26.60730797,0.70199227,0.238892742,2954.0,584.6,14.58091002,5,0.016052006892695772,0.00885908410926132,0.023244929676130222,True
100201,AMBO,HUANUCO,0.024577745,0.010945264,0.00338716,0.012600364,17040.0,1061650.323,0.789237864,288.3118701,59.102665439999996,3340.909407,25.9311558,0.44198524800000005,0.542988218,2106.0,288.8,72.64196676,5,0.008197585580930481,0.003616749421311816,0.012778421740549144,True
100202,CAYNA,HUANUCO,0.006558205,0.003312441,0.005276165,0.00395213,3920.0,187151.8476,0.788880025,157.6922632,24.8585436,3696.49212,26.403370610000003,0.263171352,0.699657485,3332.0,166.05,23.74585968,5,0.019230111639508565,0.012914410085502991,0.02554581319351414,True
100203,COLPAS,HUANUCO,0.001126359,0.001352611,0.002323003,5.75e-05,2062.0,98486.91691,0.784350776,177.6458818,11.60736167,3780.1691579999997,24.76862163,0.0,1.0,2740.0,174.34,17.0012619,5,0.01687355257814434,0.008550346905232488,0.025196758251056193,True
100204,CONCHAMARCA,HUANUCO,0.036518357,0.012586134000000002,0.002288294,0.00842205,7402.0,480076.164,0.795530478,112.6081389,65.73237133,3108.325126,24.47368748,0.332104296,0.651535794,2185.0,104.80999999999999,59.10695544,5,0.010672463363601295,0.00669383232676288,0.014651094400439709,True
100205,HUACAR,HUANUCO,0.014026111000000003,0.007318052,0.005227576,0.001457705,8667.0,447112.326,0.794267763,238.9020713,36.27846319,3078.176793,26.866958829999998,0.029680364999999997,0.764840183,2157.0,234.22999999999996,38.86351022,5,0.01163051326891564,0.006673005502359711,0.01658802103547157,True
100206,SAN FRANCISCO,HUANUCO,0.002946666,0.004578935,0.003121428,0.002124387,2143.0,119449.552,0.798439384,119.3813064,17.95088415,3577.6378580000005,27.82901632,0.037242588,0.926328528,3521.0,121.21,21.21112119,5,0.023237994096546585,0.016205472538713336,0.030270515654379833,True
100207,SAN RAFAEL,HUANUCO,0.009435799,0.005566069,0.008983958,0.007647417000000001,8337.0,457790.42869999993,0.793618232,442.34033689999995,18.84747852,3757.1008589999997,24.76559582,0.580859615,0.405765587,2720.0,443.63,26.83091766,5,0.015988287599756266,0.007506151921130673,0.024470423278381857,True
100208,TOMAY KICHWA,HUANUCO,0.034028974,0.01224942,0.000503176,0.009489678,3991.0,272554.4191,0.788626009,41.77347232,95.53910121,2994.596699,23.97464132,0.129792066,0.858853912,2049.0,42.11,105.77060079999998,5,0.010678522095577245,0.006629837178436214,0.014727207012718275,True
100301,LA UNION,HUANUCO,0.008221015,0.005767169,0.001851438,0.000148719,6669.0,351156.6438,0.783013285,169.9752323,39.23512802,3856.6421629999995,15.117774739999998,0.0,0.748126725,3275.0,167.1,36.37342908,5,0.01659934297241408,0.005017571765076664,0.02818111417975149,True
100307,CHUQUIS,HUANUCO,0.006455581,0.004343001,0.0009053850000000001,0.001749905,5302.0,224071.0284,0.78057897,152.2955558,34.81388522,4050.59883,23.70429374,0.080319273,0.919680727,3375.0,151.25,29.54049587,5,0.02432603980404058,0.018496499480281963,0.0301555801277992,True
100311,MARIAS,HUANUCO,0.000770024,0.001419396,0.000564323,0.007066203,6349.0,271090.3427,0.782026492,645.358567,9.837941766,3716.507063,26.26254727,0.468434944,0.523696333,3508.0,637.24,11.26734041,5,0.017131819719992614,0.013295651511161145,0.020967987928824046,True
100313,PACHAS,HUANUCO,0.011879949,0.005467759,0.001588149,0.001201447,10217.0,518034.4198,0.778879593,270.0606631,37.83224066,3920.277953,18.85714974,0.156708248,0.790470072,3474.0,264.74,27.50623253,5,0.02271299824827561,0.016604288737761052,0.028821707758790168,True
100316,QUIVILLA,HUANUCO,0.020718505,0.0063357,0.000857952,0.003651051,1215.0,70121.15729,0.787897777,37.36098649,32.52055457,3911.3562749999996,22.52998249,0.231582219,0.46938141099999997,2972.0,33.6,38.7202381,5,0.019624558149715504,0.013185428872823337,0.026063687426607668,True
100317,RIPAN,HUANUCO,0.006890499999999999,0.007369624,0.003469931,9.1e-05,6279.0,348406.502,0.779279025,76.53741631,82.03830627,3798.439137,21.58653342,0.0,0.742322681,3233.0,75.04,89.8054371,5,0.021763725561191202,0.016539380481474242,0.026988070640908152,True
100321,SHUNQUI,HUANUCO,0.011783342,0.006264777000000001,0.002823965,8.43e-05,2756.0,125715.03459999998,0.774785668,32.71562656,84.24108874,3622.911574,23.49015988,0.0,0.8067479540000001,3542.0,32.26,71.82269064,5,0.017421639728970588,0.010647114367330058,0.024196165090611114,True
100322,SILLAPATA,HUANUCO,0.0095074,0.004386102,0.001550197,0.000351584,3230.0,146122.7957,0.779731671,73.24618649,44.09785894,3711.769158,19.11028708,0.0,0.767456359,3459.0,70.53,49.15638735,5,0.02044639327514059,0.013737602959601223,0.027155183590679956,True
100323,YANAS,HUANUCO,0.047873596,0.010559754,0.005970056,0.003100905,3809.0,170764.3699,0.779548228,37.49284791,101.5927093,3467.66844,18.48414219,0.23883181000000003,0.729380712,3477.0,36.31,86.00936381,5,0.018269917706224995,0.013141863655334176,0.023397971757115815,True
100401,HUACAYBAMBA,HUANUCO,0.00249307,0.002211001,0.004772001,0.004227333,4985.0,346776.939,0.781202749,553.8767669,9.000196971,3532.5143660000003,26.07999829,0.266233766,0.722703837,3176.0,586.21,11.23658757,5,0.019804945340519912,0.01456944644931452,0.025040444231725304,True
100402,CANCHABAMBA,HUANUCO,0.002412083,0.002463269,0.006503479000000001,0.009143737,1637.0,139814.7429,0.810635492,185.2318966,8.837570795,3541.8651190000005,26.85094688,0.24232353300000004,0.687348202,3208.0,186.83,18.39105069,5,0.014293444797241397,0.006689298610009963,0.021897590984472828,True
100403,COCHABAMBA,HUANUCO,0.000575024,0.000616313,0.001423949,0.0018781829999999998,1452.0,102007.0379,0.791188224,685.5607171,2.117974329,2618.248943,28.62048987,0.182356571,0.739948226,3293.0,684.87,2.600493524,5,0.01796575033804067,0.0041794658705351095,0.031752034805546225,True
100404,PINRA,HUANUCO,0.00913626,0.002650959,0.007840296,0.015522842,3677.0,244735.59650000004,0.801042643,287.0251217,12.81072534,3623.460733,26.29465854,0.728040486,0.263239742,2874.0,283.71,25.7093511,5,0.018661841244437656,0.012614580666595272,0.024709101822280033,True
100501,LLATA,HUANUCO,0.022991463,0.005507654,0.003771216,0.008720955,17657.0,1032751.2320000001,0.783328657,415.61133979999994,42.48440384,4070.844513,18.53716696,0.375363736,0.596357255,3489.0,411.35,35.32028686,5,0.020776760908131253,0.017681095157838295,0.02387242665842421,True
100502,ARANCAY,HUANUCO,0.004949918,0.003607391,0.001428781,0.003995897,1126.0,87155.64698,0.8030943159999999,118.2225083,9.524413046,3302.2820940000006,27.07279847,0.127843894,0.859943803,3066.0,158.33,13.46554664,5,0.016464070075945626,0.01117230044055318,0.02175583971133807,True
100503,CHAVIN DE PARIARCA,HUANUCO,0.021615328,0.008050075,0.0019303049999999998,0.006040427,4002.0,226527.01039999997,0.787092804,93.03143597,43.01771717,3680.236935,22.96632835,0.091213396,0.897925595,3382.0,89.25,51.68627451,5,0.02531232201033821,0.019996766470433695,0.03062787755024272,True
100504,JACAS GRANDE,HUANUCO,0.004699148,0.0032630640000000004,0.000728257,0.000990667,5809.0,280547.7393,0.78713541,220.2577392,26.37364763,4084.039946,22.91795508,0.309339373,0.679337056,3625.0,236.99,30.7270349,5,0.021700126581113952,0.014719271276507575,0.028680981885720328,True
100505,JIRCAN,HUANUCO,0.000663665,0.001355034,0.00209098,0.001057744,1360.0,79741.38108,0.797299118,239.701332,5.673727336,2962.078433,26.00260246,0.091806665,0.8772518760000001,3211.0,84.81,22.54451126,5,0.017289469567953405,0.009633460768059907,0.024945478367846902,True
100506,MIRAFLORES,HUANUCO,0.008840708,0.005380145,0.001326872,0.00045547900000000006,3597.0,208744.5057,0.785712232,95.27842569,37.75251295,3963.4380360000005,19.43996144,0.027417897000000004,0.972582103,3688.0,96.74,41.48232375,5,0.028462833105419177,0.02310228043010304,0.033823385780735314,True
100507,MONZON,HUANUCO,0.000153029,0.001018339,0.003119273,0.004019832,14364.0,919548.8763,0.771752256,1409.532086,10.19061584,2214.703896,26.816852219999998,0.121983887,0.319503886,982.0,1521.39,10.11837859,5,0.0025938410015712557,-0.00190610105498517,0.007093783058127679,False
100508,PUNCHAO,HUANUCO,0.018224212,0.012254463,0.0018886239999999998,0.002085016,2050.0,126460.36110000001,0.792796293,40.92757665,50.08847744,3798.1505779999998,21.87300107,0.046375816,0.924424596,3560.0,42.24,56.58143939,5,0.02373210853062627,0.017826188071594026,0.02963802898965851,True
100509,PUÑOS,HUANUCO,0.002726736,0.00990751,0.001134159,0.000223785,4962.0,270994.8864,0.785199455,98.72360502,50.26153572,3982.3531470000003,20.6471347,0.04258517,0.9148296590000001,3749.0,101.75,55.42997543,5,0.02792171718997448,0.021778330729360574,0.034065103650588374,True
100510,SINGA,HUANUCO,0.010206356,0.005061743,0.001238107,0.002675592,2747.0,171426.1727,0.788682781,160.4057543,17.1253208,3970.144314,22.13439464,0.308020263,0.657273566,3649.0,151.7,24.52867502,5,0.021541654979557314,0.014970938882643609,0.028112371076471018,True
100511,TANTAMAYO,HUANUCO,0.00019753500000000004,0.001530114,0.000712233,0.034816107,2742.0,170725.3121,0.780147994,281.8010786,9.730267939,3936.0959219999995,21.81264868,0.801066194,0.194259931,3517.0,249.95,9.625925185,5,0.017675483751091237,0.010383873503300278,0.02496709399888219,True
100601,RUPA-RUPA,HUANUCO,0.00011296399999999998,0.01469614,0.002303493,0.018118081,24958.0,2107333.353,0.779022422,261.7241457,95.35994448,855.6112722,16.2590075,0.076811547,0.264130051,667.0,266.52,245.2723998,5,0.01180370303083995,0.009807438725641018,0.013799967336038877,True
100602,DANIEL ALOMIAS ROBLES,HUANUCO,1.4800000000000002e-05,0.000497079,0.002287818,0.001709269,3791.0,214806.9714,0.788227486,542.3962293,6.9893553740000005,1570.742977,21.22263839,0.008088592,0.335796174,669.0,702.46,12.38077613,5,0.007660504905907566,0.003504535364668642,0.01181647444714649,True
100603,HERMILIO VALDIZAN,HUANUCO,0.00027493,0.0009713940000000001,0.001204668,0.001398417,4026.0,227532.5747,0.785648808,286.9072762,14.03240815,1294.510922,18.87843586,0.060380833,0.270540874,1354.0,112.2,42.62032086,5,0.004248889233471437,-0.0029784340059009155,0.011476212472843781,False
100604,JOSE CRESPO Y CASTILLO,HUANUCO,0.007684919,0.0018125560000000003,0.000944198,0.0075572899999999995,21916.0,1467951.858,0.787940322,1508.469337,14.528634729999998,1286.369921,17.99287833,0.138023603,0.239825742,587.0,2120.66,13.319438289999999,5,0.009654469402307055,0.004981804110021623,0.014327134694592483,True
100605,LUYANDO,HUANUCO,0.003060572,0.009501214,0.004880749,0.019194513,8889.0,738709.5591,0.783082799,111.8914898,79.44303907,737.014899,13.34766099,0.075672432,0.22966365299999997,642.0,100.32,108.6224083,5,0.008971455520928557,0.005534424825104706,0.012408486216752406,True
100606,MARIANO DAMASO BERAUN,HUANUCO,1.66e-05,0.001409965,0.002046016,0.002508264,13452.0,818542.9882,0.77455162,749.6187929,17.94512108,1408.764703,24.91482402,0.129082789,0.345643148,736.0,766.27,18.18027588,5,0.007544227521017374,0.0044224406511453864,0.01066601439088936,True
100607,PUCAYACU,HUANUCO,0.004350483,0.000443697,0.00024619,0.002009395,4062.0,254918.37310000003,0.784037445,765.3024454,5.307705502,1336.859578,15.414416060000002,0.081511221,0.297089014,573.0,768.35,4.405544348,5,0.00837963500941953,0.003919152581282184,0.012840117437556867,True
100608,CASTILLO GRANDE,HUANUCO,5.94e-05,0.011932516,0.001293285,0.025828852999999995,9253.0,812361.7609,0.787087798,104.79457099999999,88.29655879,741.5878592,14.91606117,0.222442633,0.236444653,675.0,106.10999999999999,74.85628122,5,0.011725681538380965,0.009136115545190414,0.014315247531571516,True
100609,PUEBLO NUEVO,HUANUCO,0.005066267,0.0011579,0.000769001,0.012608398999999998,4454.0,275636.0787,0.780535182,321.6160467,13.84881148,1005.916931,14.39170656,0.11951197399999999,0.21294222899999998,2545.714286,323.55,18.54427446,5,0.008550285789544358,-0.0022676841282574262,0.01936825570734614,False
100610,SANTO DOMINGO DE ANDA,HUANUCO,0.006818334,0.000611044,0.000560649,0.004156309,2329.0,152873.6916,0.79273714,281.9239062,8.261094391,1194.559874,15.666877109999998,0.086006875,0.384745363,617.0,283.54,8.513789941,5,0.008915772657683133,0.004624384952796682,0.013207160362569585,True
100701,HUACRACHUCO,HUANUCO,0.004636636,0.004260397,0.008232201,0.0037357300000000005,6341.0,504509.3611,0.808057247,703.6269076,9.011878215,3492.8153470000007,27.23700956,0.395281418,0.572484936,2914.0,704.63,23.25191945,5,0.01697071219682442,0.012265652517072784,0.021675771876576055,True
100702,CHOLON,HUANUCO,0.0008221289999999999,0.000556302,0.0018555260000000001,0.00298147,5501.0,356688.1291,0.799202127,2210.868414,2.488162554,2647.966316,24.92684788,0.184175598,0.325116115,2447.0,2125.19,3.3145271719999996,5,0.01372758747314734,0.002750012111867083,0.024705162834427596,True
100703,SAN BUENAVENTURA,HUANUCO,0.001500464,0.003110095,0.006829675,0.003927107,1152.0,81673.08155,0.815023265,92.97847052,12.38996505,3511.20657,27.87711699,0.052623726999999995,0.9376048929999999,3211.0,86.54,33.66073492,5,0.019995269784400502,0.01034182033760816,0.029648719231192843,True
100704,LA MORADA,HUANUCO,0.01804293,0.000604576,0.001100527,0.003924501,2216.0,153330.487,0.791825271,910.2303888999999,2.434548469,1313.75025,19.29390033,0.127131821,0.192079653,559.0,878.9400000000002,3.4621248319999998,5,0.008620722283191228,0.005348880612134722,0.011892563954247731,True
100705,SANTA ROSA DE ALTO YANAJANCA,HUANUCO,7.43e-05,0.000216971,0.002107205,0.00437841,397.0,23420.28583,0.79328111,1047.030216,0.379167663,2180.480142,23.8305955,0.215906099,0.347530737,530.0,1005.96,2.497117182,5,0.01574878441155266,0.010165679542307623,0.02133188928079769,True
100801,PANAO,HUANUCO,0.012551802,0.001298329,0.00395575,0.008682699,17768.0,1008381.2210000001,0.785444259,1616.589642,10.99103913,3341.476653,24.79407744,0.524983163,0.458624878,2536.0,1580.86,15.08799008,5,0.008398135838104106,0.0011778888493951265,0.015618382826813083,True
100802,CHAGLLA,HUANUCO,0.005715389,0.001002626,0.002427837,0.003030362,8517.0,521891.84169999993,0.791675848,1083.071965,7.8637433880000005,2218.672369,27.84864814,0.566558614,0.347759691,3040.0,1103.58,11.15823049,5,0.01512519442411325,0.0113645770641976,0.01888581178402889,True
100803,MOLINO,HUANUCO,0.01371792,0.004739098,0.000153456,0.009432349,8223.0,473768.78550000006,0.788581004,238.74243310000003,34.44297645,3470.5462140000004,25.23943274,0.345504087,0.643051771,2396.0,235.5,61.76645434999999,5,0.004316202843263971,-0.005818517000865945,0.014450922687393876,False
100804,UMARI,HUANUCO,0.066997559,0.006799027000000001,0.00423683,0.000170185,9052.0,511684.10310000007,0.776971984,157.7845757,57.36935920999999,2747.314276,24.62682578,0.017615016,0.770934044,2524.0,149.08,88.13388785,5,0.008950929325636042,0.0033899879356518526,0.01451187071562023,True
100901,PUERTO INCA,HUANUCO,1.84e-06,0.00079185,0.00057897,0.01258853,10349.0,711247.9924,0.78641948,2401.222317,4.309888313,407.8431351,10.18327881,0.553858597,0.253237236,215.0,2147.18,6.831285685999999,5,0.0094556575573012,0.0035462013418954995,0.015365113772706898,True
100902,CODO DEL POZUZO,HUANUCO,4.93e-06,0.000230204,0.006953657,0.004073412,8159.0,513654.3244,0.794465229,3236.870725,2.52064438,855.5187106999999,15.0359622,0.05791189100000001,0.363780204,398.0,3322.04,2.53729636,5,0.019378246854872702,0.015848622754618225,0.02290787095512718,True
100903,HONORIA,HUANUCO,0.008710577,0.000694746,7.36e-05,0.030694396999999995,4152.0,271854.7693,0.8046393540000001,953.2422922,4.355660711,184.4552401,4.283403672,0.349827281,0.273830723,177.0,798.05,8.510744941,5,0.01387898712620644,0.009433770465573256,0.01832420378683962,True
100904,TOURNAVISTA,HUANUCO,0.0008743360000000001,0.000354609,0.000177912,0.012929603000000001,5097.0,290913.0624,0.79695048,1748.175156,2.915611735,280.8666088,8.210598165,0.623847225,0.211441606,214.0,2228.46,2.919056209,5,0.012424668338778425,0.005669041738670707,0.019180294938886143,True
100905,YUYAPICHIS,HUANUCO,1.28e-06,0.000359619,0.000201994,0.010458947,5007.0,260568.0795,0.787160356,2075.218961,2.412757446,332.4176343,8.170096267,0.520443757,0.376613666,227.0,1845.6199999999997,3.9390557099999994,5,0.01066084832484054,0.005598174558222313,0.01572352209145876,True
101001,JESUS,HUANUCO,0.004092091,0.002238609,0.051008578000000006,0.005283751,6866.0,355933.2284,0.783065001,456.72391,15.033152089999998,4250.84108,20.50827785,0.639309383,0.335908615,3499.0,449.9,11.691487,5,0.018902217250125926,0.014933096718293435,0.022871337781958417,True
101002,BAÑOS,HUANUCO,0.000888946,0.002842136,0.005073488,0.005372278,3693.0,204322.5189,0.775821392,192.8726454,19.14734975,4183.572172,18.81766864,0.401374993,0.573682298,3442.0,152.66,21.3480938,5,0.02054581773257856,0.016196188137801836,0.024895447327355283,True
101003,JIVIA,HUANUCO,0.009003497,0.006644289,0.003110522,0.000160824,1793.0,82955.6696,0.770085667,62.33589981,28.76352159,3796.198906,18.02403446,0.0,0.777777778,3394.0,61.31,31.69140434,5,0.026135314072181677,0.013829793822955475,0.03844083432140788,True
101004,QUEROPALCA,HUANUCO,8.05e-05,0.000865549,0.053672717,0.008514582,1028.0,48577.81825,0.781360603,133.770949,7.684777656,4453.000235,23.01778274,0.665352899,0.301471398,3835.0,131.15,6.725123904,4,0.021422675621599985,0.009640723254700416,0.033204627988499553,True
101005,RONDOS,HUANUCO,0.004160292,0.0034445579999999995,0.001731816,0.00010940699999999999,4123.0,212318.42349999998,0.782030318,173.3413099,23.78544389,3904.04107,17.7903627,0.12156398100000002,0.838151659,3617.0,169.42,33.59107543,5,0.02168177792612221,0.01771007181549609,0.025653484036748327,True
101006,SAN FRANCISCO DE ASIS,HUANUCO,0.004170233,0.004320303,0.001459225,0.000523276,1921.0,98910.42062,0.779824414,86.65250437,22.16900728,3803.633626,21.65088936,0.178832117,0.821167883,3457.0,84.3,27.41399763,5,0.02074853186262208,0.013774731345222465,0.02772233238002169,True
101007,SAN MIGUEL DE CAURI,HUANUCO,0.000679249,0.001479667,0.046234057,0.017442212,6275.0,341181.7644,0.782543474,824.3744958,7.611831796999999,4239.831744,18.13257501,0.562808974,0.42444667599999997,3625.0,811.75,7.205420388,5,0.019503819127553175,0.015475732434251356,0.023531905820854994,True
101101,CHAVINILLO,HUANUCO,0.003958245,0.005985079,0.000982415,0.002520222,5844.0,253719.2103,0.779172159,207.03046649999996,28.227729469999996,4003.5123699999995,22.26886146,0.25796668,0.727927277,3475.0,205.16,37.2587249,5,0.02201825868230587,0.015124938020716128,0.028911579343895613,True
101102,CAHUAC,HUANUCO,0.008379367,0.009203087,0.0036649250000000003,0.0,1513.0,74327.8678,0.775730535,29.76563064,50.83043657,3772.3599750000003,20.56371732,0.0,0.735556599,3413.0,29.5,75.15254237,5,0.02653511041948579,0.014482632244686657,0.03858758859428492,True
101103,CHACABAMBA,HUANUCO,0.018721582,0.019251945,0.003725653,0.000339948,1325.0,69954.31135,0.791710189,16.51325791,80.23855784,3685.277059,20.11883568,0.07254623,0.92745377,3204.0,16.53,146.5819722,5,0.03152535976438236,0.01510305127141047,0.047947668257354234,True
101104,APARICIO POMARES,HUANUCO,0.0036472449999999995,0.003951905,0.001037388,0.006099956,5953.0,243768.39850000004,0.778834016,184.4815078,32.26881693,4030.148431,23.44048976,0.428786043,0.550433328,3452.0,183.14,40.80484875,5,0.02050260463531502,0.013280669656092939,0.0277245396145371,True
101105,JACAS CHICO,HUANUCO,0.016344054,0.017406917,0.005121351,0.00038461,1279.0,59194.00905000001,0.782330101,38.11090304,33.55994999,3897.126167,20.6158651,0.0,1.0,3816.0,36.16,68.30752212,5,0.023651478132389304,0.014558855979688323,0.03274410028509028,True
101106,OBAS,HUANUCO,0.006425221,0.006613014,0.001120255,0.000387106,4503.0,213656.2717,0.78047082,124.67997640000002,36.11646498,3794.3537420000002,18.16115376,0.05128205100000001,0.948717949,3543.0,123.16,50.94998376,5,0.026848333208901003,0.023532470128250015,0.030164196289551987,True
101107,PAMPAMARCA,HUANUCO,0.003668975,0.00596878,0.001830248,0.000579723,2400.0,114248.6831,0.778041458,73.26635491,32.75719125,3831.013866,18.85268943,0.134615385,0.788461538,3436.0,72.68,27.256466699999997,5,0.02267228318346336,0.013060321541526629,0.03228424482540009,True
101108,CHORAS,HUANUCO,0.011994927,0.008672201,0.000443341,1.19e-05,2695.0,129301.59679999998,0.787945566,61.29611562,43.96689697,3892.7319520000005,20.56308831,0.0,1.0,3554.0,61.14,61.18743866999999,5,0.02367112447136978,0.016461068651170835,0.03088118029156873,True
110101,ICA,ICA,0.008623339,0.016454625,0.960087287,0.001044283,99246.0,7645539.349000001,0.758764372,890.2612535000001,111.4796355,548.7847107,6.002334581,0.415936886,0.502607917,432.0,887.51,209.9108742,5,0.012676898051944727,0.009232670819745867,0.016121125284143587,True
110102,LA TINGUIÑA,ICA,0.175256282,0.039946303,0.605310556,0.000577058,27527.0,1998460.739,0.754863221,81.97591456,335.7937529,608.2858186,7.648155665,0.029905008,0.8803799700000001,463.0,98.34,411.0636567,5,0.012225897503479893,0.008935935292997544,0.015515859713962242,True
110103,LOS AQUIJES,ICA,0.078259339,0.018761942,0.744585776,0.000804029,17934.0,1138120.306,0.758287237,91.06669086,196.9325978,716.9527187,12.61639339,0.407819997,0.33905035,446.0,90.92,206.30224370000002,5,0.01423835352614081,0.00995778889165898,0.01851891816062264,True
110104,OCUCAJE,ICA,0.017921203,0.0004176529999999999,0.954688241,0.0038942199999999995,11835.0,593867.2363,0.759765704,1405.770394,8.41887128,486.7124421,6.194958762,0.339066198,0.4463390589999999,332.0,1417.12,3.827481088,5,0.01533168346417254,0.005727067469067058,0.02493629945927802,True
110105,PACHACUTEC,ICA,0.310254968,0.016453765,0.376124636,0.005445419,5957.0,495578.80540000007,0.761800604,41.60962099,143.1640053,433.3881641,2.831717723,0.251687783,0.736520855,424.0,34.47,227.32811140000004,5,0.009675172514901026,0.004864449133121387,0.014485895896680662,True
110106,PARCONA,ICA,0.065125471,0.273710331,0.384248296,0.000445569,34185.0,2326809.774,0.75518741,17.30622773,1975.300484,440.9853322,4.93507992,0.0,0.120834017,472.0,17.39,3127.19954,5,0.012360326355618149,0.009445614041539749,0.01527503866969655,True
110107,PUEBLO NUEVO,ICA,0.094276608,0.03705541,0.458827787,0.003052502,10475.0,795715.7943,0.756997079,30.8101541,339.9853167,448.8788644,5.789664699,0.546639308,0.156388642,417.0,33.12,185.0543478,5,0.008794921167102673,0.0042375689829879815,0.013352273351217362,True
110108,SALAS,ICA,0.123382876,0.007182115,0.748682338,0.000242469,30658.0,3011217.686,0.757980537,660.2685716,46.43262048,476.8538224,6.892447324,0.068965517,0.373563218,452.0,651.72,36.93457313,5,0.012979290670931119,0.00800770382716005,0.01795087751470218,True
110109,SAN JOSE DE LOS MOLINOS,ICA,0.03561644,0.0034564460000000006,0.788104859,0.003121398,7484.0,501378.8904999999,0.758084326,361.878458,20.68097682,1274.375104,22.02562122,0.016597645,0.823650017,542.0,363.2,22.45870044,5,0.008007461941674874,0.002095070111657311,0.013919853771692435,True
110110,SAN JUAN BAUTISTA,ICA,0.190513044,0.040202664,0.34475566,0.002035575,11901.0,864793.8154,0.754672179,32.64737009,364.5316596,457.3957475,4.56674828,0.0,0.078535293,459.0,26.389999999999997,295.0738916,5,0.010088829526257224,0.0054313631857618085,0.014746295866752638,True
110111,SANTIAGO,ICA,0.025006100999999996,0.001260584,0.9401120630000002,0.001506148,28182.0,2096486.917,0.761953218,2780.010741,10.1373709,582.6809168,8.100068297,0.23691310599999998,0.59306257,395.0,2783.73,10.03940756,5,0.01224738477438064,0.0068686723887502014,0.017626097160011078,True
110112,SUBTANJALLA,ICA,0.021014317,0.013310049,0.9203317,0.000160263,17676.0,1357810.702,0.758567317,186.815719,94.61730575,513.6782506,5.309148599,0.0,0.5,445.0,193.97,144.6151467,5,0.013555791261578336,0.010845980486723512,0.016265602036433166,True
110113,TATE,ICA,0.041544111,0.087877589,0.088301703,0.0,4443.0,299970.1479,0.757661242,6.352799553,699.376702,401.7342073,2.031461137,0.0,0.0,417.0,7.07,790.2404526,5,0.010259392587210413,0.005405820877095017,0.01511296429732581,True
110114,YAUCA DEL ROSARIO,ICA,0.000426381,0.000582351,0.64904207,1.1e-05,3223.0,156464.2256,0.759457928,1267.072107,2.543659499,1680.982643,19.1519368,0.033333333,0.533333333,861.0,1289.1,1.952525017,5,0.019592278977659836,0.005376222375434735,0.03380833557988492,True
110201,CHINCHA ALTA,ICA,0.007797210000000001,0.026658125999999997,0.9411662780000001,1.54e-05,58842.0,4097627.764,0.768797245,226.13871710000004,260.2031212,773.9286924,17.89674397,0.0,0.833333333,140.0,238.34,368.0120836,5,0.013975763476138048,0.01215955718713746,0.015791969765138632,True
110202,ALTO LARAN,ICA,0.028464495,0.004029147,0.8495508920000001,0.002888136,15798.0,1986602.4939999997,0.78275907,366.1794092,43.1427863,895.7741332000002,22.99247786,0.018187062,0.779966014,156.0,298.83,29.257437340000003,5,0.011058258770776461,0.008234554577531611,0.01388196296402131,True
110203,CHAVIN,ICA,0.000315485,0.001937979,0.385147774,5.12e-05,1841.0,114983.46570000002,0.772779739,428.1574896999999,4.29981968,2684.412882,23.36828796,0.0,0.76,3183.0,426.16999999999996,8.226763967,5,0.028982651584651603,0.017213065910167698,0.040752237259135474,True
110204,CHINCHA BAJA,ICA,0.4161932139999999,0.026276897,0.13065525,0.0068543960000000004,15385.0,1560105.227,0.775071381,73.2442564,210.05059999999997,42.13707263,2.024589555,0.143044572,0.457195962,44.0,72.52,211.4726972,5,0.011500773047174485,0.006157761172606841,0.016843784921742128,True
110205,EL CARMEN,ICA,0.05857038400000001,0.002371406,0.827584779,0.00095258,16377.0,1483477.688,0.775883855,758.1992709,21.5998625,1136.269033,18.51934518,0.001998151,0.709100597,160.0,789.9,18.68464363,5,0.010686464267477571,0.007237969770201764,0.014134958764753376,True
110206,GROCIO PRADO,ICA,0.110837363,0.017563884,0.747393064,0.0038202899999999996,30002.0,2713469.773,0.767760073,178.7161788,167.8751202,223.072057,6.69894381,0.118032297,0.613008373,134.0,190.53,136.1517871,5,0.011806809741929597,0.00961754925923386,0.013996070224625335,True
110207,PUEBLO NUEVO,ICA,0.005245868,0.01727265,0.953627637,4.05e-06,44290.0,2717578.005,0.761166166,211.4462938,209.4621722,805.0854162,17.14336619,0.0,1.0,146.0,209.45,284.2730962,5,0.014019722950570274,0.011689644735461156,0.01634980116567939,True
110208,SAN JUAN DE YANAC,ICA,0.000620555,0.0016624360000000002,0.211861678,3.99e-06,737.0,33298.81283,0.772167436,443.2681979,1.662650295,2838.966043,25.1895636,0.0,1.0,2555.0,500.4,2.727817746,5,0.02355599753124786,0.013295343976694485,0.03381665108580123,True
110209,SAN PEDRO DE HUACARPANA,ICA,0.000292241,0.001470422,0.131388432,0.001185428,886.0,55541.11441,0.790048194,211.45925630000002,4.189932452,3981.736593,18.10514679,0.380566802,0.611336032,3812.0,222.45,6.913913239,5,0.032063328874827664,0.018978620712792625,0.045148037036862716,True
110210,SUNAMPE,ICA,0.07038644,0.210804898,0.35269542,0.0,27569.0,1984216.947,0.774108861,16.23042653,1698.599845,63.669598810000004,2.854573364,0.0,0.0,94.0,16.76,1658.949881,5,0.012787165400820887,0.010195256794880368,0.015379074006761405,True
110211,TAMBO DE MORA,ICA,0.138983882,0.075185513,0.23331312200000004,0.174668992,5864.0,473384.8273,0.770689052,12.77948851,458.8603054,8.478571749,1.876861709,0.271885093,0.495414287,37.0,22.0,256.7272727,5,0.008359920239259539,0.0014096145350754744,0.015310225943443601,True
110301,NAZCA,ICA,0.020285081,0.00463252,0.882988205,0.000132179,27511.0,1912429.326,0.764042394,1148.421867,23.95548255,726.6768806,9.76578415,0.21381602699999996,0.681768914,618.0,1252.25,27.068876019999998,5,0.010864488753503859,0.006265550564410647,0.015463426942597069,True
110302,CHANGUILLO,ICA,0.016395289,0.000496692,0.9504919229999998,0.001698236,2256.0,162696.273,0.757857225,958.9030676,2.352688271,434.92116150000004,8.110604989,0.485075812,0.409979579,260.0,946.9400000000002,2.783703297,5,0.011598313177209212,0.0038007066865863408,0.01939591966783208,True
110303,EL INGENIO,ICA,0.01113399,0.00148561,0.83427123,6.4e-05,3017.0,228284.0573,0.75513003,614.0296896,4.913443195,961.0147735,16.68282426,0.23280423300000003,0.703703704,463.0,552.39,6.699976466,5,0.012026768121186767,0.0073408501078719175,0.016712686134501616,True
110304,MARCONA,ICA,4.89e-06,0.002487508,0.9904488729999998,0.006289374,15612.0,1446071.803,0.783808193,1952.284243,7.996786357,755.4623135,8.210056281,0.424312481,0.556988593,36.0,1955.2,9.608224223,5,0.012413582552433806,0.006360808584456576,0.018466356520411023,True
110305,VISTA ALEGRE,ICA,0.032300538,0.007609976,0.892346026,0.000313119,25927.0,1411760.18,0.758682752,536.4446066,48.33117843,1114.449668,16.59391911,0.176878653,0.767747729,618.0,527.3,41.66698274,5,0.011178126578283775,0.0058471585304582544,0.016509094626109295,True
110401,PALPA,ICA,0.027105228,0.007137819000000001,0.8628039120000001,0.000182953,6710.0,530453.3908,0.753995678,131.9080354,50.86877369,814.1956923,20.05649057,0.156505728,0.843494272,371.0,147.44,61.882799780000006,5,0.0135019359056459,0.008999037010366617,0.018004834800925185,True
110402,LLIPATA,ICA,0.01435902,0.00226227,0.940240123,0.00022284100000000002,2452.0,168527.006,0.754567006,183.3062079,13.37652461,598.4580342,11.84089212,0.309367218,0.666209054,317.0,186.18,10.14072403,5,0.013881368928741785,0.009102962745520502,0.018659775111963067,True
110403,RIO GRANDE,ICA,0.022250817,0.002175457,0.716423447,0.00039870999999999993,3989.0,216575.47749999998,0.754002407,315.054109,12.66131717,1207.317278,24.28932323,0.283870968,0.64516129,369.0,315.52,10.32264199,5,0.013581551866457516,0.009206615683005417,0.017956488049909614,True
110404,SANTA CRUZ,ICA,0.007350146,0.001465158,0.9450914960000001,7.19e-05,1692.0,103922.2825,0.757544385,254.8295946,6.639731161,802.3735326,14.830993420000002,0.082352941,0.764705882,546.0,255.7,5.389127884,5,0.014012490005327206,0.008352424865788407,0.019672555144866002,True
110405,TIBILLO,ICA,0.004074277,0.0015834399999999998,0.224522505,0.000155908,756.0,40612.74353,0.773944312,337.3457015,2.241024553,2281.820048,22.23237227,0.0,0.932482525,2192.0,328.04,1.380929155,5,0.014977874313802285,0.008115468676608653,0.021840279950995915,True
110501,PISCO,ICA,0.284512934,0.254676151,0.20963082900000002,0.016933289,27879.0,2760296.811,0.765315158,24.78064469,1125.031263,27.98154564,2.241676931,0.293084677,0.368638598,39.0,24.56,3037.785016,5,0.009448830848612443,0.006049483745125628,0.012848177952099256,True
110502,HUANCANO,ICA,0.000851202,0.001290262,0.538351015,0.001230999,1963.0,124906.59229999999,0.763290626,902.2933688999999,2.175567357,2203.941875,27.20217472,0.042815026,0.92125887,1039.0,905.14,2.349912721,5,0.01064081422097045,0.0019113994830913285,0.019370228958849565,True
110503,HUMAY,ICA,0.036916163,0.001071046,0.896664685,0.0016099209999999998,7189.0,758680.0987,0.764026652,913.5788548,7.8690525309999995,1029.583346,15.69859347,0.061327675000000005,0.720719504,426.0,1112.96,6.569867740000001,5,0.010862507043426544,0.006420643198213096,0.015304370888639991,True
110504,INDEPENDENCIA,ICA,0.23424732500000003,0.004989118,0.540882826,0.0009474379999999999,14941.0,1091043.533,0.760789552,269.7322614,55.39196506,322.6155099,5.644793574,0.052814023,0.589674831,235.0,272.34,52.37570684,5,0.0109684785641552,0.007928644182695194,0.014008312945615206,True
110505,PARACAS,ICA,0.0041321,0.002995932,0.977539907,0.011732689,10784.0,1252158.737,0.757028144,1431.038517,7.535785982999999,251.20434949999998,6.144514216,0.316871693,0.564198514,14.0,1420.0,4.961267606,5,0.011895737651930574,0.008565953018977248,0.0152255222848839,True
110506,SAN ANDRES,ICA,0.070042621,0.024280719,0.785353764,0.001552765,16850.0,1717476.3079999997,0.767146344,233.3716688,72.20242322,166.8713054,6.134919545,0.167617928,0.727463488,16.0,39.45,461.34347280000003,5,0.010332264580017065,0.006262922030451764,0.014401607129582364,True
110507,SAN CLEMENTE,ICA,0.18985496,0.029504229,0.46660258599999993,0.030865028,25834.0,2034102.064,0.766070639,137.4156872,187.9989143,74.43064506,2.959784198,0.102432657,0.460510588,116.0,127.22,195.4095268,5,0.009783454529733568,0.005484374175491857,0.014082534883975279,True
110508,TUPAC AMARU INCA,ICA,0.12486581300000002,0.035221283,0.661681838,0.002764741,14255.0,889867.0251,0.762963374,55.87580428,255.1193702,140.003799,6.761310396000001,0.053848211,0.677164135,113.0,55.48,315.2847873,5,0.007781133981787168,0.004152122073694234,0.011410145889880105,True
120101,HUANCAYO,JUNIN,0.015618324999999999,0.050676577,0.034619778,0.00912484,67539.0,4561336.843,0.761189282,227.7439339,296.5567462,4309.032548,19.76767379,0.594937701,0.268359226,3294.0,237.55,626.0955588,5,0.017510862043656775,0.007674023847851425,0.027347700239462123,True
120104,CARHUACALLANGA,JUNIN,0.044662887000000005,0.006331097,0.007369681,0.0,757.0,35475.97778,0.77359115,13.15160667,57.5595073,3745.305294,20.124858,0.0,1.0,3774.0,13.78,28.95500726,3,0.0189725615076912,0.009694492279018158,0.028250630736364225,True
120105,CHACAPAMPA,JUNIN,0.015581076,0.004260148,0.006122039,0.0,2621.0,115233.54270000002,0.769346051,125.8682804,20.82335591,4014.0702529999994,11.61540277,0.0,0.682476794,3413.0,120.72,9.633863486,5,0.01880304238567612,0.01207465105138025,0.025531433719971987,True
120106,CHICCHE,JUNIN,0.029976132,0.008908342,0.010178732,0.0,2432.0,109467.22,0.785925864,41.64171764,58.40297034,3853.463315,15.08832443,0.0,0.0,3606.0,45.92,24.08536585,5,0.021661044781540705,0.013519684441403338,0.029802405121678067,True
120107,CHILCA,JUNIN,0.11094611800000001,0.279649771,0.028790229,0.002315193,48454.0,2876947.124,0.760017935,26.94935817,1797.9648970000003,3591.536726,13.121830030000002,0.093687682,0.19532857,3273.0,8.3,12801.20482,5,0.02028896994203856,0.015515944902169766,0.02506199498190735,True
120108,CHONGOS ALTO,JUNIN,0.004129854,0.001526592,0.089514877,0.024252593,3043.0,138885.5205,0.769137463,705.1192323,4.315582189,4481.636215,14.23595911,0.621509904,0.347400624,3573.0,701.75,2.208763805,5,0.025640921010208012,0.01828457401563153,0.032997268004784495,True
120111,CHUPURO,JUNIN,0.047055427,0.016370666,0.00941144,0.00273584,2846.0,162338.0722,0.763936788,41.76281183,68.14675246,3869.5141649999996,21.97681337,0.091626735,0.515724455,3197.0,13.559999999999999,194.6902655,5,0.01764346936485384,0.011822479243258893,0.023464459486448784,True
120112,COLCA,JUNIN,0.096166305,0.0069984669999999995,0.004182499,0.00019641,2886.0,144492.3862,0.776141164,111.3246429,25.924179279999997,3743.397821,19.24992723,0.032072947,0.9621430350000001,3499.0,113.25,11.61147903,5,0.022023542754878646,0.016088258628769395,0.027958826880987893,True
120113,CULLHUAS,JUNIN,0.130687209,0.006691449,0.002335993,0.000228691,3189.0,157928.6096,0.76779815,111.3422027,28.64143087,3818.666613,17.14719633,0.001737619,0.690955971,3549.0,108.01000000000002,26.25682807,5,0.019254859394742734,0.011244087346983976,0.0272656314425015,True
120114,EL TAMBO,JUNIN,0.067155972,0.091789058,0.029902978000000004,0.004519674,89874.0,5993882.836,0.765443336,167.1208973,537.7783477,4071.658896,13.990631860000002,0.295913379,0.392991754,3305.0,73.56,2546.615008,5,0.022534207884536268,0.019682357683140923,0.02538605808593162,True
120116,HUACRAPUQUIO,JUNIN,0.374926619,0.022735624,0.007669447,0.000341982,3020.0,145048.6008,0.769886821,24.44205213,123.5575468,3395.745441,13.66086841,0.0,0.928722222,3238.0,24.1,67.30290456,5,0.019009579697145076,0.011412687394971775,0.026606471999318378,True
120117,HUALHUAS,JUNIN,0.329143401,0.068259158,0.001004262,0.000998446,6563.0,410629.5571,0.775002149,13.68190606,479.68462669999997,3450.979464,12.72585115,0.561909759,0.267576076,3267.0,24.82,215.7937147,5,0.021400314545436543,0.015066260927487023,0.027734368163386064,True
120119,HUANCAN,JUNIN,0.512907327,0.298263096,0.010166688,0.014343899999999998,21870.0,1447381.799,0.766952167,12.31869853,1775.349884,3229.082615,3.53819136,0.113831404,0.2206008,3252.0,12.0,1648.583333,5,0.017810926965388038,0.012808030392957546,0.02281382353781853,True
120120,HUASICANCHA,JUNIN,0.028698595,0.006214965,0.004514128,0.000583871,1467.0,73139.93836,0.778039877,52.24071561000001,28.081544880000003,3819.814714,11.40134063,0.442885772,0.45490982,3755.0,47.61,19.65973535,5,0.026999866544288823,0.02059536904200496,0.03340436404657268,True
120121,HUAYUCACHI,JUNIN,0.44053524099999997,0.132546917,0.014712746000000002,0.015359755,11806.0,685439.8172,0.770795723,14.1060608,836.9452088,3230.912202,6.467753103,0.060103804999999996,0.368634909,3251.0,13.13,874.9428789,5,0.017890033113844673,0.011194857456029002,0.02458520877166034,True
120122,INGENIO,JUNIN,0.056017721,0.008200299,0.008365376,0.004509067,3070.0,205050.3861,0.767187232,54.34020327,56.49592411,4094.3131330000006,15.851313110000001,0.090238868,0.9097611320000001,3486.0,53.29,53.218239819999994,5,0.02314624620722361,0.01736608078467463,0.02892641162977256,True
120124,PARIAHUANCA,JUNIN,0.002170633,0.001198642,0.029939829,0.003769713,7547.0,348626.9069,0.773605419,583.0813549,12.943305320000002,3622.481581,30.258535059999996,0.501178523,0.47512925599999994,2591.0,617.5,12.36275304,5,0.01652957592433631,0.011761709799957717,0.0212974420487149,True
120125,PILCOMAYO,JUNIN,0.42328912899999993,0.361957487,0.019512758,0.046896323,15760.0,1102658.036,0.765000749,8.919031965,1767.007907,3213.576396,3.163881096,0.206677152,0.32774589,3244.0,20.18,1070.564916,5,0.018742916537144164,0.014000534549908537,0.023485298524379777,True
120126,PUCARA,JUNIN,0.06487841,0.00892476,0.0033744530000000003,0.008737173,6110.0,355164.3208,0.77815964,111.7619986,54.66974531999999,3965.692695,16.10370862,0.61257425,0.382356449,3374.0,110.48999999999998,58.05955289999999,5,0.022851529566888316,0.01860639030470422,0.027096668829072412,True
120127,QUICHUAY,JUNIN,0.042257473,0.010555017,0.005378715,0.002598722,1742.0,142508.3261,0.765894029,30.59038178,56.94600389,4134.448533,14.52110697,0.473331313,0.507349042,3430.0,34.79,62.20178212,5,0.02427509803375473,0.019690136632774517,0.02886005943473495,True
120128,QUILCAS,JUNIN,0.015814226,0.0035230310000000003,0.060855505,0.002137169,4052.0,287064.0025,0.762183613,160.2854796,25.2798944,4363.488837,17.22122512,0.393678161,0.600574713,3323.0,167.98,30.63459936,5,0.02066860538143463,0.01565536558288467,0.02568184517998459,True
120129,SAN AGUSTIN,JUNIN,0.305296481,0.095973127,0.014016224999999998,0.021084857,15446.0,972268.2345999999,0.768960611,26.324098830000004,586.7627264,3485.334799,10.53065466,0.189326383,0.289956575,3297.0,23.09,691.0350801,5,0.020942441437577876,0.013926542176084064,0.02795834069907169,True
120130,SAN JERONIMO DE TUNAN,JUNIN,0.378804936,0.090072229,0.047018639,0.019505901,12901.0,817418.5206,0.779553856,21.11508136,610.9850953,3367.184584,9.793273929,0.155584132,0.279392854,3301.0,20.99,632.9204383,5,0.02029415895644323,0.011417953920509571,0.029170363992376887,True
120132,SAÑO,JUNIN,0.301362246,0.052843124,0.004985074,0.0038628679999999998,5616.0,347650.303,0.777092236,13.04557384,430.490837,3537.827348,11.9486558,0.12398243,0.291420205,3297.0,11.59,504.3140638,5,0.019554324787394942,0.013721862491715222,0.02538678708307466,True
120133,SAPALLANGA,JUNIN,0.186462931,0.024351419,0.00820285,0.001330755,25275.0,1531411.045,0.77615471,124.0527722,203.7439353,3843.785495,15.01817592,0.40743411400000007,0.574771464,3330.0,119.02000000000001,185.4478239,5,0.02645025219682293,0.02132473630311759,0.03157576809052827,True
120134,SICAYA,JUNIN,0.777869205,0.069568131,0.012467831,0.018337511,16624.0,1074441.52,0.777346992,42.1820857,394.1009489,3266.155783,3.2867326550000002,0.183566711,0.259395776,3305.0,42.73,263.8427334,5,0.022571968940661734,0.014193136018688626,0.03095080186263484,True
120135,SANTO DOMINGO DE ACOBAMBA,JUNIN,0.000565076,0.000365049,0.008464016,0.003173244,4982.0,242146.6769,0.778040064,880.4772667,5.658294869,3046.030696,33.4289242,0.444856669,0.532359472,2221.0,778.02,9.085884682,5,0.013712941811002688,0.007832415677059732,0.019593467944945642,True
120136,VIQUES,JUNIN,0.591949144,0.128916198,0.023035243,0.027512192,4577.0,250119.7346,0.771548241,6.126879829,747.0360327,3200.280459,4.535495932,0.150091447,0.257998622,3200.0,3.5699999999999994,784.8739496,5,0.01692148721200267,0.009715973002105988,0.024127001421899354,True
120201,CONCEPCION,JUNIN,0.354225817,0.130188797,0.037290117,0.000525458,13520.0,936239.2901000001,0.779957175,18.3158819,738.1571947,3329.69067,6.921227372,0.009420487,0.002380628,3303.0,18.29,969.3821761000002,5,0.019296519773373794,0.011039993352382975,0.027553046194364612,True
120202,ACO,JUNIN,0.363866005,0.015370748,0.00199027,0.0,3530.0,213221.48489999998,0.776994023,39.08086202,90.32554089,3785.685882,11.31536127,0.0,0.0,3474.0,37.8,49.86772487,5,0.020369163464423082,0.01618949574562996,0.024548831183216206,True
120203,ANDAMARCA,JUNIN,0.001158564,0.00082159,0.020445253,0.008688123,4696.0,230875.9522,0.769435605,507.8988525,9.24593544,3813.93058,29.89883373,0.568091322,0.42019302300000005,2508.0,694.9,8.487552166,5,0.015950544245365985,0.011379983931978366,0.020521104558753604,True
120204,CHAMBARA,JUNIN,0.089432741,0.005777825,0.002225399,8e-06,4476.0,221324.1224,0.764642717,109.6406097,40.82428959,3829.4010260000005,16.76608227,0.0,0.833511835,3521.0,113.21,27.126578919999996,5,0.02574116346565314,0.0210586123728402,0.03042371455846607,True
120205,COCHAS,JUNIN,0.004301339,0.003983542,0.012272291,0.00178563,2079.0,122418.4415,0.761530014,108.8681277,19.09649815,3686.286379,28.72810438,0.274074074,0.703703704,3231.0,165.05,13.72311421,4,0.022732662803757693,0.009998901659206789,0.035466423948308595,True
120206,COMAS,JUNIN,0.001019309,0.002290869,0.042533202,0.010840031,6947.0,365859.4405,0.765384987,952.8658542999999,7.290637993,4141.240181,25.8559418,0.61228459,0.370221009,3303.0,825.29,9.104678355,5,0.022715625920572077,0.017833596489094404,0.02759765535204975,True
120207,HEROINAS TOLEDO,JUNIN,0.168007977,0.009660759,0.001216947,0.0,1795.0,127040.018,0.780899889,25.2124458,71.19499687,3940.864082,15.61893108,0.0,0.0,3764.0,25.829999999999995,55.51684088,5,0.01994609663607027,0.012573803247537544,0.02731839002460299,True
120208,MANZANARES,JUNIN,0.285048777,0.018493905,0.001388517,0.0,2552.0,143160.1634,0.778792006,17.45991986,146.1633284,3599.427115,12.33650796,0.0,0.0,3381.0,20.58,84.83965015,5,0.014196219397608758,0.008634366185025668,0.019758072610191846,True
120209,MARISCAL CASTILLA,JUNIN,0.019176829,0.006660004999999999,0.001459714,0.000439243,1210.0,67396.58916,0.772757521,56.49326157,21.41848366,3025.813048,33.1200352,0.120996441,0.878766311,2513.0,743.84,2.774790277,5,0.024441574846073958,0.012420688124340249,0.036462461567807664,True
120210,MATAHUASI,JUNIN,0.519740855,0.048878466,0.008694998,0.01433767,7255.0,541103.6385,0.769633714,23.71422683,305.9344946,3295.4517869999995,3.7127071290000004,0.194451722,0.20403978299999997,3302.0,24.74,228.98140659999999,5,0.02035693078670804,0.012907197223999613,0.02780666434941647,True
120211,MITO,JUNIN,0.559901508,0.029956065999999996,0.010615546,0.018592108,3332.0,220544.41239999997,0.787770408,25.32273406,131.5813684,3356.787192,7.950694143,0.192127697,0.271463892,3296.0,25.21,59.06386354999999,5,0.01949688274206524,0.012808638881112958,0.026185126603017528,True
120212,NUEVE DE JULIO,JUNIN,0.182896897,0.0509444,0.002149558,0.0,3272.0,245630.80959999998,0.772605685,6.879360743000001,475.6255881999999,3337.007597,3.6943311549999995,0.0,0.0,3339.0,7.279999999999999,283.2417582,5,0.014026350787873242,0.007869754881205287,0.020182946694541196,True
120213,ORCOTUNA,JUNIN,0.581749388,0.028746636,0.020093875,0.006213088,8311.0,516446.83640000003,0.786385898,45.26916441,183.5907534,3384.333495,7.522017793000001,0.137062978,0.252148936,3271.0,44.61,114.0775611,5,0.019932433498166098,0.016809327428366223,0.023055539567965973,True
120214,SAN JOSE DE QUERO,JUNIN,0.074491074,0.004764493,0.017939757,0.003934325,8020.0,543120.3511,0.786220948,309.3975994,25.9213388,4138.27943,12.71358663,0.503651033,0.457978239,3913.0,314.8,21.5343075,5,0.021636697235146485,0.015077484433235665,0.028195910037057306,True
120215,SANTA ROSA DE OCOPA,JUNIN,0.24846025999999996,0.024761332,0.0073931,0.0,2482.0,213052.7659,0.764546536,16.19685407,153.2396346,3485.576312,14.39177716,0.0,0.666666667,3396.0,13.91,163.263839,5,0.01851114882119538,0.01428705172579385,0.022735245916596918,True
120301,CHANCHAMAYO,JUNIN,0.0001494,0.003878825,0.001894438,0.005868518,15842.0,1454468.843,0.775233316,742.0164724,21.34993034,2044.707427,26.488393910000003,0.193664613,0.46745797199999994,804.0,919.72,37.72887401,5,0.008255589136882362,0.006129003249583634,0.01038217502418109,True
120302,PERENE,JUNIN,0.00044363700000000004,0.004150845,0.00273848,0.00416929,49597.0,3160562.929,0.776784305,1497.183963,33.12685764,1477.999284,22.06978287,0.181381821,0.303823629,666.0,1191.16,49.14704993,5,0.009967829264256423,0.006966654351846879,0.012969004176665968,True
120303,PICHANAQUI,JUNIN,0.000335502,0.0035439499999999997,0.002577956,0.004436765,28918.0,1927311.707,0.774150598,1248.33742,23.16521122,1374.228975,21.8896794,0.126210316,0.371135699,531.0,1496.59,36.00718968,5,0.010028666552946828,0.007433537741995845,0.01262379536389781,True
120304,SAN LUIS DE SHUARO,JUNIN,4.98e-05,0.0018536210000000002,0.001736551,0.001805321,6045.0,336627.4619,0.770053366,193.2734295,31.276932449999997,1398.688536,20.54940816,0.013508498000000002,0.406134329,739.0,212.49,31.794437389999995,5,0.008549116127753898,0.0036038633431481086,0.013494368912359691,True
120305,SAN RAMON,JUNIN,0.0008059459999999999,0.004744244,0.00302797,0.002746106,14712.0,1372080.112,0.770788078,624.2059515,23.56914407,2333.869591,27.33554546,0.212527283,0.509780902,865.0,591.67,48.53212095,5,0.00836286278309207,0.006083095229196613,0.010642630336987528,True
120306,VITOC,JUNIN,8.18e-05,0.000355053,0.0017761560000000003,0.003712806,1892.0,148049.2352,0.766174049,394.908756,4.790980122,2647.036961,26.21011612,0.284557784,0.593674869,962.0,313.85,8.481758802,5,0.010141916059056602,0.0016707478387204648,0.01861308427939274,True
120401,JAUJA,JUNIN,0.540490238,0.338755406,0.008948745,0.000282336,13665.0,1113082.222,0.768312938,9.519318984,1435.501849,3385.702375,4.030806076,0.0,0.0,3425.0,10.1,1772.5742569999998,5,0.016094020757770503,0.0064918203575425396,0.025696221157998467,True
120402,ACOLLA,JUNIN,0.301778069,0.011704474,0.013945858,0.002102005,9293.0,772308.7094,0.771681545,120.62831550000001,77.03829705,3790.560383,12.43731473,0.147444779,0.163135426,3493.0,122.4,63.46405229,5,0.026626173272198753,0.023491669159189186,0.02976067738520831,True
120403,APATA,JUNIN,0.024610087,0.002568231,0.06591806,0.018902812,7406.0,516359.16349999997,0.769719376,421.54581070000006,17.56867181,4096.748218,20.35239284,0.669734437,0.318919334,3359.0,421.62,12.89075471,5,0.021334193180801393,0.016559917634941843,0.026108468726660942,True
120404,ATAURA,JUNIN,0.354771614,0.058644467,0.032827328,0.087424753,1418.0,105091.3851,0.777747038,5.647616566,251.0793683,3386.8692820000006,9.378348403,0.21351870599999997,0.41731931400000005,3364.0,5.9,253.38983049999996,5,0.02184979010629743,0.013675201659259752,0.030024378553335097,True
120405,CANCHAYLLO,JUNIN,0.003370095,0.001537545,0.085902346,0.022300396,2389.0,178053.8165,0.777351025,950.4965700999999,2.513423062,4391.680185,13.921549680000002,0.606898946,0.375863143,3632.0,974.6900000000002,1.8046763589999997,5,0.025508953435486665,0.015883489649752128,0.0351344172212212,True
120406,CURICACA,JUNIN,0.03739112,0.012151797,0.020825032,0.004422352,1871.0,123333.4487,0.782735275,65.80438064,28.43275754,3998.719086,20.82397744,0.320940665,0.645318523,3546.0,64.68,24.10327767,5,0.016924800531603213,0.006253962035080291,0.027595639028126125,True
120407,EL MANTARO,JUNIN,0.34783968,0.033759612,0.01492273,0.013254223,3528.0,278971.4599,0.768558021,17.96534801,196.3780495,3458.957249,11.47188913,0.158793148,0.300668133,3336.0,17.76,162.5563063,5,0.01837203088465123,0.008302678943556033,0.02844138282574643,True
120408,HUAMALI,JUNIN,0.2545386,0.024795832,0.028487061,0.024355025,2914.0,198559.6773,0.779637475,19.74933597,147.5492647,3651.6314680000005,12.86665242,0.173716107,0.278827739,3366.0,20.19,94.5517583,5,0.017960635592050387,0.008137775894065238,0.027783495290035536,True
120409,HUARIPAMPA,JUNIN,0.358390645,0.030583981,0.005266915,0.003464252,2075.0,146479.8007,0.782597783,14.39293429,144.1679618,3556.279426,12.95254908,0.156735164,0.391000593,3378.0,14.190000000000001,80.12684989,5,0.018018185908463345,0.008218253922904416,0.027818117894022273,True
120410,HUERTAS,JUNIN,0.589908731,0.019223057,0.004791584,0.000967637,2942.0,251142.2046,0.768220836,12.09706504,243.1994861,3407.3231440000004,7.415177238,0.0,0.0,3404.0,11.82,205.9221658,5,0.017082848794275123,0.006377731927638434,0.02778796566091181,True
120411,JANJAILLO,JUNIN,0.087500376,0.008044342,0.0032998399999999996,0.000288159,1488.0,113563.495,0.77651492,32.64521568,45.58095173,3940.2754699999996,13.78938741,0.24862923,0.75137077,3830.0,31.57,26.89261958,5,0.02124914207235491,0.010807289493949067,0.03169099465076075,True
120412,JULCAN,JUNIN,0.105404426,0.010113476,0.029934843,0.0,1445.0,136274.1677,0.777981314,19.18864711,75.30494419,3654.0771739999996,16.29325376,0.0,0.0,3473.0,24.78,45.07667474,5,0.0203528871127935,0.012468854357900431,0.028236919867686568,True
120413,LEONOR ORDOÑEZ,JUNIN,0.343538816,0.025117928,0.00458967,0.005596828,2750.0,186083.8034,0.774129091,21.20215416,129.7038018,3659.009764,12.36784046,0.136687857,0.179844477,3319.0,20.34,84.66076696,5,0.01472069815150974,0.0055311633782970885,0.02391023292472239,True
120414,LLOCLLAPAMPA,JUNIN,0.019203442,0.004426529,0.014606670999999998,0.001438635,1793.0,126904.40660000002,0.784541718,109.6857194,16.3467041,4015.235458,15.93221441,0.315659692,0.673946292,3526.0,110.6,13.51717902,5,0.021209232426348364,0.012731062058867737,0.02968740279382899,True
120415,MARCO,JUNIN,0.372520262,0.016034024,0.00304713,0.004594927,2934.0,248471.6082,0.77926135,28.84407658,101.719325,3602.60106,11.55563099,0.049577938,0.22378472499999996,3480.0,28.8,63.99305556,5,0.019670815080914505,0.012240384054635605,0.027101246107193402,True
120416,MASMA,JUNIN,0.258122225,0.015447091,0.028756356,0.0,2439.0,205086.1017,0.776429602,14.56813379,167.4202088,3608.936982,10.85050032,0.0,0.0,3505.0,14.26,157.7840112,5,0.018088800197464023,0.013326419791218983,0.02285118060370906,True
120417,MASMA CHICCHE,JUNIN,0.037720993,0.00459135,0.00289628,0.0,1031.0,76492.58773,0.775497963,33.89812217,30.414664120000005,3968.230507,14.44132606,0.0,0.0,3671.0,29.860000000000003,31.94909578,5,0.02324932260581348,0.013955757534563741,0.03254288767706322,True
120418,MOLINOS,JUNIN,0.0017018389999999997,0.001193685,0.01513203,0.005703741,2178.0,145806.8136,0.768784252,315.4786735,6.903794719999999,3929.810254,25.659104430000003,0.299133231,0.699020268,3459.0,312.17,6.474036583,5,0.022003849771384518,0.01644461946221592,0.027563080080553116,True
120419,MONOBAMBA,JUNIN,0.000192679,0.000187067,0.004625962,0.003386923,1894.0,97237.21236,0.7621434,939.1317428,2.01675645,3001.360447,29.64739525,0.415676432,0.542044453,1495.0,295.83,5.459216442,5,0.00802834470191679,0.00200842089346298,0.014048268510370599,True
120420,MUQUI,JUNIN,0.461432995,0.024689484,0.01002271,0.008478535,1741.0,129461.36400000002,0.769253704,11.99665479,145.1237891,3509.6666830000004,10.14363006,0.332421793,0.21813865400000002,3358.0,11.74,92.41908007,5,0.019367385713421125,0.007290427630406925,0.03144434379643532,True
120421,MUQUIYAUYO,JUNIN,0.367553188,0.035018863,0.003317357,0.004574248,4006.0,278072.4008,0.7817998,20.85824093,192.0583818,3656.41536,9.790453578,0.207478834,0.387720951,3373.0,19.86,127.3413897,5,0.02160662242213802,0.01565364172531801,0.02755960311895803,True
120422,PACA,JUNIN,0.106681637,0.009286758,0.042741926,0.076258291,2440.0,193168.4042,0.767352459,34.15387814,71.44137453,3691.524267,14.678161749999997,0.959771069,0.036324294,3402.0,34.22,33.60607832,5,0.019659484678184895,0.011519476587587807,0.027799492768781978,True
120423,PACCHA,JUNIN,0.078553475,0.004488087,0.002627517,6.67e-05,2161.0,138917.916,0.774968441,89.52333041,24.13895897,4046.8883950000004,14.126524310000002,0.517597888,0.47932248099999997,3679.0,90.86,22.95839753,5,0.01572487073436081,0.006400193602906265,0.025049547865815352,True
120424,PANCAN,JUNIN,0.427482799,0.016988167,0.002440426,0.037952126,1966.0,160929.4143,0.770263378,11.43821471,171.87997,3401.3080959999998,7.367358178000001,0.876280586,0.10906358499999999,3398.0,10.89,156.5656566,5,0.02284833631836432,0.013622619857397867,0.03207405277933077,True
120425,PARCO,JUNIN,0.208211881,0.014935919,0.009757672,0.008118853,2434.0,150957.0417,0.771670008,34.11787591,71.34090077,3768.585129,15.674641500000002,0.198374829,0.554180249,3437.0,32.82,48.5984156,5,0.020392451125373193,0.013600113990510223,0.027184788260236164,True
120426,POMACANCHA,JUNIN,0.04503798,0.0017867750000000002,0.00259448,3.08e-06,1591.0,113323.27900000001,0.780827341,282.6229392,5.629408584,4153.427131,10.91088239,0.0,0.0,3824.0,281.61,6.6616952519999995,5,0.021434159891291747,0.013243405956383424,0.029624913826200062,True
120427,RICRAN,JUNIN,0.007755710000000001,0.000988978,0.051228083,0.010179838,1994.0,138754.6886,0.78010998,321.3335661,6.205389695,4257.794577,23.52616676,0.359949458,0.633874097,3645.0,319.95,5.150804813,5,0.02361726546092299,0.014987006724193815,0.03224752419765216,True
120428,SAN LORENZO,JUNIN,0.532075617,0.028430124,0.008161336,0.005570214,4279.0,316498.6241,0.772694648,24.4288593,175.1616785,3431.27511,5.571934433,0.243445759,0.367573985,3337.0,22.15,117.29119640000002,5,0.02193278796356295,0.014529018228124422,0.029336557699001484,True
120429,SAN PEDRO DE CHUNAN,JUNIN,0.202957178,0.013529913,0.029749103,0.0,1475.0,142539.0591,0.772651255,8.748987321,168.5909404,3466.477766,11.74417581,0.0,0.0,3417.0,8.44,93.48341232,5,0.018160180092729405,0.008397696800310602,0.027922663385148205,True
120430,SAUSA,JUNIN,0.537364298,0.139390117,0.024784749,0.079009327,3233.0,223207.68670000002,0.770530993,4.711103592,686.2510953,3387.4095609999995,5.071178513,0.161726881,0.488768417,3387.0,4.5,675.7777778,5,0.015651174226011484,0.006095723661947779,0.025206624790075183,True
120431,SINCOS,JUNIN,0.1368573,0.004625624,0.005411501,0.0016348499999999998,6071.0,429666.9689999999,0.776153813,232.06092619999998,26.161233169999996,3927.3022919999994,11.45923401,0.22454308100000003,0.258628174,3280.0,236.74,18.066233,5,0.02263179987718001,0.018700698593642626,0.026562901160717394,True
120432,TUNAN MARCA,JUNIN,0.41046979199999994,0.010012715,0.000312075,0.0,2106.0,151642.7712,0.774211538,32.82817153,64.15221749,3713.957606,10.64944612,0.0,0.033333333,3492.0,30.07,42.80013302,5,0.017841715077798602,0.012493105232146404,0.0231903249234508,True
120433,YAULI,JUNIN,0.044090071,0.002767348,0.055874665000000004,3.68e-06,1918.0,172673.5494,0.776743743,93.50744941,20.51173476,3933.40121,20.37382944,0.0,0.833333333,3439.0,93.15,15.856146,5,0.017825713298011886,0.009770121413411948,0.025881305182611822,True
120434,YAUYOS,JUNIN,0.629873093,0.048996119,0.003739956,0.007605792,5876.0,386248.4902,0.768617086,19.68267358,298.5366787,3515.222912,9.861392366,0.219928203,0.600720414,3420.0,20.54,451.41187929999995,5,0.02286564231063951,0.017492237623232577,0.028239046998046437,True
120501,JUNIN,JUNIN,0.008140119,0.005988712,0.002727739,0.012805849,15211.0,946134.2973999999,0.781685708,873.4698003,17.41445439,4298.572218,10.36814662,0.21725327,0.413621653,4127.0,883.8,13.387644259999998,5,0.025186511086774797,0.020765984515587387,0.02960703765796221,True
120502,CARHUAMAYO,JUNIN,0.008519262,0.011703035,0.002865249,0.024902175,8191.0,481406.4881,0.788069296,205.4784467,39.86306171,4299.192901,10.56450994,0.091823975,0.565459116,4154.0,219.68,27.367079390000004,5,0.02543716376344794,0.02176861061913389,0.029105716907761987,True
120503,ONDORES,JUNIN,0.003808885,0.001626232,0.00072925,0.001797556,2980.0,163259.7862,0.805913591,290.732299,10.24997914,4224.00902,10.26516751,0.018882763,0.364291581,4108.0,254.45999999999998,7.313526684,5,0.02325236995627626,0.014631869023837025,0.031872870888715495,True
120504,ULCUMAYO,JUNIN,0.001505935,0.00125217,0.005902754,0.004627664,7940.0,397761.0926,0.782200126,1137.449191,6.980531582,3493.592812,26.555333959999995,0.316293174,0.667294597,3636.0,1129.37,4.908931528,5,0.02065267080829467,0.016653657205746897,0.02465168441084244,True
120601,SATIPO,JUNIN,0.00033988,0.005773278,0.001453286,0.002847975,24111.0,1803790.894,0.783827282,818.9394176,29.44173828,1108.252377,21.47888041,0.185649509,0.408815925,676.0,732.02,60.18278189,5,0.00988327776770002,0.0069403655966259695,0.012826189938774067,True
120602,COVIRIALI,JUNIN,0.000529944,0.002877237,0.002599285,0.000845123,1985.0,136422.1544,0.786811487,98.00293165,20.25449613,1052.556372,21.29030053,0.041632203,0.22679900699999997,708.0,145.13,33.67325846,5,0.006696728714167989,0.0002304628336223932,0.013162994594713585,True
120603,LLAYLLA,JUNIN,0.00071822,0.001012792,0.002829224,0.001071081,2760.0,158734.6012,0.782426015,309.6336664,8.913759386,2145.560725,24.35043897,0.12262563099999998,0.807285405,1122.0,180.39,25.16769222,5,0.009542063042892197,0.005257364874377317,0.013826761211407076,True
120604,MAZAMARI,JUNIN,0.0008282629999999999,0.002418825,0.000977936,0.00712147,23892.0,1445387.951,0.788604407,1263.865175,18.90391513,932.3540817999999,17.80523662,0.315446849,0.381617268,694.0,2219.63,12.14301483,5,0.010451179549071309,0.006714806566651388,0.014187552531491229,True
120605,PAMPA HERMOSA,JUNIN,0.000122179,0.000447066,0.010038314,0.003109967,2844.0,129475.8525,0.764602215,954.5230262000001,2.979498579,2830.415388,28.907748000000005,0.270376272,0.586042758,1231.0,566.82,8.597085495,5,0.009882455741504653,0.003380489817442563,0.01638442166556674,True
120606,PANGOA,JUNIN,0.000375213,0.001158163,0.002736423,0.004529388,32843.0,2186561.174,0.788282541,4433.761021,7.407480882,1563.329463,22.63026431,0.197190378,0.340036106,816.0,3679.4,16.50187531,5,0.008239820119629357,0.004666940159254658,0.011812700080004054,True
120607,RIO NEGRO,JUNIN,0.001807643,0.0032960569999999994,0.000628296,0.002728496,8975.0,590285.3305,0.782809192,490.4556053,18.29931171,981.59051,21.23087141,0.348015238,0.4627568510000001,665.0,714.98,35.16741727,5,0.00910562624270309,0.00629046877131134,0.011920783714094853,True
120608,RIO TAMBO,JUNIN,8.41e-05,0.00021343500000000002,0.0017534859999999998,0.008045345,31055.0,1604918.023,0.79104494,10254.05977,3.028556563,1278.935547,15.83490076,0.251937803,0.336730679,358.0,10349.9,3.171334989,5,0.018737349825426023,0.013994497214778604,0.02348020243607344,True
120609,VIZCATAN DEL ENE,JUNIN,0.00010907900000000002,0.000611441,0.0036140679999999994,0.01277042,3080.0,181016.7847,0.793423149,609.9775913,5.049365819,1355.480995,26.34096827,0.269275271,0.396120276,539.0,631.21,5.516389157,5,0.014877923267246053,0.00881588179731442,0.020939964737177682,True
120701,TARMA,JUNIN,0.017444157,0.0165472,0.009920795,0.0,26431.0,1986770.711,0.769109757,447.37179219999996,59.080613619999994,3993.895564,18.18550055,0.0,0.5,3094.0,459.95,119.14773340000002,5,0.022224002451847517,0.017068760986256284,0.02737924391743875,True
120702,ACOBAMBA,JUNIN,0.082345696,0.019770823,0.0031283039999999997,2.6199999999999996e-05,8755.0,573684.6193,0.775105574,107.678091,81.30716207,3525.1801189999996,24.41137701,0.0,1.0,2961.0,97.84,107.9108749,5,0.02310791300020238,0.019743540440764044,0.026472285559640717,True
120703,HUARICOLCA,JUNIN,0.031489155,0.003366534,0.017948709,0.0,2346.0,146637.1704,0.772148253,165.4096339,14.18297075,4021.2923419999997,17.41762492,0.0,0.0,3783.0,162.31,14.798841720000002,5,0.0134407532075367,0.002859917149808905,0.024021589265264494,True
120704,HUASAHUASI,JUNIN,0.013266717,0.003215034,0.003488313,0.008291722,7423.0,442234.2359999999,0.778528115,639.8496462,11.60116294,3545.1403829999995,26.762754460000004,0.365866486,0.628447368,2768.0,652.15,16.89948631,5,0.016396936532669413,0.01143433934522144,0.021359533720117382,True
120705,LA UNION,JUNIN,0.021309308,0.012772350999999998,0.014774079,3.46e-05,4164.0,349416.7915,0.779160062,152.1384432,27.369808139999996,4059.489092,16.11734667,0.04,0.44000000000000006,3556.0,140.4,25.11396011,5,0.023596080055739294,0.01557647247240635,0.03161568763907224,True
120706,PALCA,JUNIN,0.018157785,0.00488302,0.000577331,0.0008236449999999999,4157.0,255338.91230000003,0.781458793,271.6565887,15.302408160000002,3579.20396,26.86878416,0.397058824,0.602941176,2759.0,378.08,19.0092044,5,0.01789973695504339,0.01107321173410315,0.02472626217598362,True
120707,PALCAMAYO,JUNIN,0.026999979,0.006740619000000001,0.0008581979999999999,0.002044118,5070.0,312808.535,0.786796391,168.5465874,30.08070396,4006.245629,20.97372986,0.057416268000000006,0.940191388,3351.0,169.24,25.91585913,5,0.02494767370355232,0.019294472080292994,0.030600875326811654,True
120708,SAN PEDRO DE CAJAS,JUNIN,0.00548959,0.004115213,0.004413893,0.010299671,7186.0,418055.1465,0.782015043,514.347746,13.971092620000002,4072.8631089999994,20.8681982,0.380476705,0.584405168,4027.0,537.31,7.792522008000001,5,0.02348977847793184,0.016459835621939357,0.030519721333924325,True
120709,TAPO,JUNIN,0.030749461,0.004876841,0.009689369,0.001823993,4420.0,242590.6826,0.780401629,215.9549123,20.46723528,3879.115644,26.16097183,0.47948717900000004,0.512820513,3146.0,151.88,30.794047929999998,5,0.02382305234871323,0.019268599395622563,0.02837750530180389,True
120801,LA OROYA,JUNIN,0.002323386,0.008912285,0.140551769,0.001752525,7439.0,676506.5722,0.765116386,381.614143,19.49351233,4165.377709,17.81749195,0.114599509,0.68929484,3757.0,388.42,46.11245559,5,0.021853102812075493,0.016680329501532934,0.027025876122618052,True
120802,CHACAPALPA,JUNIN,0.012221958,0.0023913,0.012569650999999998,0.00114349,1414.0,81193.33195,0.778261599,186.8647659,7.566969586000001,4213.184255,15.53899687,0.301330689,0.667518018,3775.0,183.06,5.178629957,5,0.027142832138428375,0.019616064344562697,0.034669599932294036,True
120803,HUAY-HUAY,JUNIN,0.000240558,0.003690115,0.172504952,0.005007506,2160.0,152629.028,0.775065046,193.910929,11.13913491,4546.120882,17.70949667,0.435776732,0.44720914599999995,3995.0,179.94,7.763699011,5,0.027877107813011455,0.018385445393220182,0.037368770232802724,True
120804,MARCAPOMACOCHA,JUNIN,9.91e-05,0.001436647,0.137341408,0.025335927,1536.0,106765.55919999999,0.770608203,887.1233692,1.731439001,4499.552219,13.954925989999998,0.730066953,0.24204915,4451.0,888.5599999999998,1.136670568,5,0.030219312185200308,0.018866453913364094,0.04157217045703652,True
120805,MOROCOCHA,JUNIN,9.88e-06,0.003969794,0.238647824,0.017828141,2961.0,329697.0846,0.788395407,265.9617332,11.13318057,4619.022392,16.03780072,0.562611637,0.348019284,4268.0,265.67,18.24067452,5,0.03604132479674521,0.023211882491965784,0.04887076710152463,True
120806,PACCHA,JUNIN,0.001267056,0.003352376,0.009988861,0.005368312,1867.0,126954.7814,0.764991912,324.156025,5.759572107,4240.872003,17.18496061,0.587496198,0.282788423,3786.0,323.69,5.597948655,5,0.021236070198796163,0.014409644680410331,0.028062495717181994,True
120807,SANTA BARBARA DE CARHUACAYAN,JUNIN,0.00010361299999999999,0.002753934,0.115374261,0.026802596,2835.0,180491.6938,0.77952649,683.2021555,4.149577072,4498.343382,12.75634294,0.574914152,0.359077086,4145.0,646.29,1.285800492,5,0.031984257861675955,0.023601495261410227,0.04036702046194168,True
120808,SANTA ROSA DE SACCO,JUNIN,0.001320843,0.01736662,0.026800387,0.000134545,6302.0,493515.7345000001,0.768329895,100.7369162,62.55899263,4262.088515,15.787592499999999,0.06005161400000001,0.755096123,3831.0,101.09,87.09071125,5,0.025544286208724534,0.021614369445044364,0.029474202972404696,True
120809,SUITUCANCHA,JUNIN,0.0,0.001345499,0.216714326,0.014775404,1220.0,51879.73878,0.774290492,216.29624830000003,5.640412211,4692.590351,15.955850989999998,0.64282306,0.328447973,4286.0,216.46999999999997,5.07691597,5,0.03754946026434883,0.02610193422099459,0.048996986307703064,True
120810,YAULI,JUNIN,0.000292135,0.005246587,0.345544455,0.022882687,5327.0,491481.7361,0.778942125,412.4008232,12.91704502,4651.025268,19.02089743,0.508433,0.434263376,4137.0,424.16,8.770275368,5,0.028383897390025652,0.017086617969328234,0.03968117681072306,True
120901,CHUPACA,JUNIN,0.641377552,0.156859139,0.00104591,0.000843027,18530.0,1151995.624,0.769881263,20.56350107,901.1111455,3253.970244,3.465358524,0.0,0.0,3286.0,21.7,1397.834101,5,0.018889430742425,0.015572334200556039,0.022206527284293957,True
120902,AHUAC,JUNIN,0.18068443,0.017243054,0.007059055,0.001101953,9602.0,518110.0394,0.775291772,72.37016199,132.67899,3859.818866,14.74467109,0.232876712,0.739726027,3341.0,70.44,113.8983532,5,0.026450715159094754,0.019311872125585054,0.033589558192604445,True
120903,CHONGOS BAJO,JUNIN,0.108908712,0.012936717,0.002627164,0.001997034,6617.0,368364.0563,0.772794272,96.74606459,68.39554692,3994.2500229999996,12.27109037,0.054583709999999994,0.416400037,3288.0,100.95,52.34274393,5,0.02439439034944218,0.01845883656680853,0.030329944132075827,True
120904,HUACHAC,JUNIN,0.64457897,0.031655912,0.00146519,0.0,5805.0,340347.9795,0.775468889,24.01871665,241.6865183,3388.1909380000006,7.8038404880000005,0.0,0.0,3378.0,22.01,152.2489777,5,0.01946904996018534,0.013888897851612188,0.02504920206875849,True
120905,HUAMANCACA CHICO,JUNIN,0.631097177,0.167908175,0.024851572,0.015630861,8941.0,620127.8927,0.777081747,11.06736382,807.870794,3207.261663,3.614347459,0.142513424,0.269449116,3203.0,9.4,721.9148936,5,0.016829269675809545,0.009536613427429213,0.024121925924189866,True
120906,SAN JUAN DE YSCOS,JUNIN,0.260404807,0.015760878,0.010275251,0.00153423,4085.0,215037.41719999997,0.775576083,26.40879739,154.6833027,3714.539098,11.8773004,0.048780488,0.329268293,3280.0,24.7,120.36437249999999,5,0.0243391268081016,0.01696221739533251,0.031716036220870686,True
120907,SAN JUAN DE JARPA,JUNIN,0.022637211,0.004371439,0.005045617,0.00023177,4148.0,223844.383,0.772844069,136.6043676,30.365061329999996,4163.098831,17.6001958,0.0,0.8636363639999999,3692.0,137.02,27.207706899999998,5,0.02316896525709768,0.015716599355672226,0.030621331158523123,True
120908,TRES DE DICIEMBRE,JUNIN,0.590163916,0.072150083,0.029820195,0.065881781,5308.0,298612.7804,0.776989111,11.81640451,449.20601640000007,3185.056531,3.3449112990000005,0.150514659,0.47899385399999994,3193.0,14.66,206.68485679999998,5,0.019115454921984028,0.011140587130575466,0.027090322713392588,True
120909,YANACANCHA,JUNIN,0.010932088,0.001472544,0.036454593,0.006891312999999999,5226.0,262932.3899,0.775840834,760.4895537,6.871889265,4349.584842,11.94941196,0.366820487,0.502730932,3854.0,743.4,4.669087974,5,0.02480685537924847,0.01866420293300714,0.03094950782548981,True
130101,TRUJILLO,LA LIBERTAD,0.12710086,0.625831605,0.10278384599999998,0.002377169,102265.0,11534095.46,0.772573864,38.53622031,2653.737164,38.13580667,2.361083454,0.089820359,0.4133302019999999,74.0,39.36,10084.45122,5,0.011395011830460796,0.008394706968072868,0.014395316692848725,True
130102,EL PORVENIR,LA LIBERTAD,0.006861233,0.307012019,0.477948458,0.000354917,48797.0,3198585.047,0.765344624,17.9392692,2720.121954,266.5000774,12.12537885,0.0,0.125,92.0,36.7,4854.550409,5,0.012563922683991837,0.010683146968078873,0.014444698399904808,True
130103,FLORENCIA DE MORA,LA LIBERTAD,0.0,0.845146658,0.137148855,0.0,19325.0,1587821.072,0.761123203,3.6108840629999994,5351.87496,107.4424079,3.385724401,0.0,0.0,92.0,1.9899999999999998,35670.35176,5,0.011327651815913505,0.00874551076809787,0.013909792863729138,True
130104,HUANCHACO,LA LIBERTAD,0.017434198,0.030233388,0.862315747,0.012058121,69864.0,5882963.22,0.7776766,317.3513173,220.1471876,401.6805111,11.77337973,0.082200245,0.8920402299999999,19.0,332.14,218.80532309999998,5,0.013674624343298716,0.011244326734127981,0.016104921952469438,True
130105,LA ESPERANZA,LA LIBERTAD,0.000277504,0.488271433,0.46585101800000006,0.002416893,95625.0,6574974.388,0.765300459,21.72356285,4401.902241,119.82454600000001,5.150817825,0.0,0.671647366,137.0,15.55,12278.45659,5,0.012346843262128543,0.010600562634804191,0.014093123889452885,True
130106,LAREDO,LA LIBERTAD,0.051255624,0.01024971,0.689135943,0.000283908,34281.0,2839299.856,0.771196234,495.26618799999994,69.21732359,765.2908719,18.3157777,0.054719562,0.730506156,107.0,335.44,123.7240639,5,0.012740483793393695,0.008541956748443045,0.016939010838344343,True
130107,MOCHE,LA LIBERTAD,0.173538155,0.105387389,0.41677271200000005,0.006141802,18876.0,1816719.75,0.77367838,27.47130643,687.1169397,39.43790574,4.0602019,0.181392914,0.503568217,25.0,25.25,1726.811881,5,0.011665575076875599,0.007503849124652159,0.015827301029099038,True
130108,POROTO,LA LIBERTAD,0.005800658,0.0032746039999999995,0.495312634,4.74e-05,3562.0,241433.7717,0.764342251,150.8586552,23.61150572,1133.918238,23.79142558,0.0,0.731498879,659.0,276.01,16.7022934,5,0.010689355414715131,0.004641990412942259,0.016736720416488,True
130109,SALAVERRY,LA LIBERTAD,0.117049099,0.014145193,0.565437526,0.021391741,20833.0,2276617.559,0.77480481,290.9534723,71.60251373,301.5480301,13.2281228,0.182193353,0.799228085,10.0,295.88,65.86791943,5,0.014588422943084116,0.010670173968103585,0.018506671918064647,True
130110,SIMBAL,LA LIBERTAD,0.001976052,0.002371145,0.386981855,1.82e-05,4960.0,391337.4876,0.780918771,390.1042645,12.71454955,1367.330677,25.01416583,0.015709709,0.79558896,604.0,390.55,13.465625399999999,5,0.013096494192109315,0.007778328328510532,0.018414660055708097,True
130111,VICTOR LARCO HERRERA,LA LIBERTAD,0.21710450899999997,0.401456529,0.143538305,0.023808448,25667.0,2370032.426,0.764128394,11.94912395,2148.023579,10.01928322,1.912256079,0.254977165,0.407927992,24.0,18.02,4348.72364,5,0.009875753251164328,0.006199666439979512,0.013551840062349142,True
130201,ASCOPE,LA LIBERTAD,0.087999686,0.004285142,0.824840028,0.0009210139999999998,4698.0,423512.31109999993,0.756011558,298.9920778,15.712790899999998,515.7556652,14.81584974,0.006238685,0.420108137,242.0,290.18,30.12268247,5,0.012114192174547738,0.006109805224971007,0.018118579124124467,True
130202,CHICAMA,LA LIBERTAD,0.071686996,0.004622571,0.757782932,0.002065035,16376.0,1833670.766,0.76910033,900.4652195000001,18.18615494,645.177584,15.5657344,0.017680074,0.583840801,150.0,870.5800000000002,19.88559351,5,0.012204431512393492,0.007813988449454632,0.016594874575332354,True
130203,CHOCOPE,LA LIBERTAD,0.54965716,0.018287214,0.147838532,0.014377605999999998,5919.0,560530.1633,0.759330411,99.71875356,59.35693927999999,105.0657776,2.889612711,0.327166575,0.635078446,118.0,95.73,131.6306278,5,0.009049452348118424,0.005638647435267401,0.012460257260969446,True
130204,MAGDALENA DE CAO,LA LIBERTAD,0.413422166,0.004590399,0.263045686,0.0065197829999999995,2212.0,292748.555,0.767549277,160.9317216,13.74495953,34.96185096,2.075017851,0.294481928,0.518417313,42.0,163.01,18.25041409,5,0.01001196429391093,0.003152476491880894,0.016871452095940966,True
130205,PAIJAN,LA LIBERTAD,0.299394408,0.037280102,0.322380248,0.0,18128.0,1473077.898,0.768585354,82.56377649,219.5636,98.84964484,4.625457946,0.0,0.0,97.0,79.69,356.5064625,5,0.011064159860221277,0.007548360664909213,0.014579959055533338,True
130206,RAZURI,LA LIBERTAD,0.078009553,0.007296546999999999,0.654909435,0.009460069,10915.0,995175.5667999999,0.774800366,311.6480563,35.02348172,69.71973083,4.544212877,0.284176868,0.663490147,14.0,317.3,26.372518120000002,5,0.011276491660830473,0.006564087186723595,0.015988896134937352,True
130207,SANTIAGO DE CAO,LA LIBERTAD,0.507247491,0.021208124,0.255020491,0.011095217,8401.0,1146236.256,0.764504619,136.5738952,61.51248733999999,49.25435636,3.128724529,0.277759193,0.655402499,32.0,154.55,134.519573,5,0.008894311569058167,0.005137374897725203,0.01265124824039113,True
130208,CASA GRANDE,LA LIBERTAD,0.121309475,0.004223875,0.627573262,0.000358042,11432.0,1328963.132,0.763784543,661.8554672,17.27265327,610.8292749,14.160874580000002,0.028528277,0.833769648,162.0,687.6,44.54043048,5,0.010999179540620815,0.00792924779708464,0.014069111284156997,True
130301,BOLIVAR,LA LIBERTAD,0.002020615,0.00043776700000000004,0.010776695,0.0040351,2713.0,215251.842,0.78894777,739.3240787,3.6695680259999994,2952.77169,30.693862860000003,0.233032088,0.690213557,3157.0,740.58,6.609684301,5,0.01781503289975543,0.013002592349778887,0.02262747344973197,True
130302,BAMBAMARCA,LA LIBERTAD,0.003337555,0.001123471,0.039339877,0.006160403,2028.0,163306.7661,0.806673916,164.9711348,12.29305965,2641.465385,29.14877806,0.160053397,0.741592248,3488.0,165.2,25.55690073,5,0.025598240409110146,0.009956635472803985,0.041239845345416304,True
130303,CONDORMARCA,LA LIBERTAD,0.002442205,0.000165318,0.008804804,0.009505469,1628.0,116917.19580000002,0.8025283169999999,324.8648591,5.011314564,3181.409132,29.44291062,0.587278779,0.390673814,2793.0,331.26,7.40505947,5,0.021744801275245855,0.011341240990659446,0.032148361559832264,True
130304,LONGOTEA,LA LIBERTAD,0.001566072,0.004691565,0.007481211999999999,0.015621039,2398.0,174289.9093,0.785414012,189.6978436,12.64115582,2145.105923,30.05160908,0.151314866,0.749635985,2617.0,192.88,11.31791788,5,0.014092484176841348,0.004097103716986669,0.024087864636696023,True
130305,UCHUMARCA,LA LIBERTAD,0.002769489,0.002110199,0.000743696,0.001315045,2082.0,143551.4822,0.782031556,221.9186936,9.38181442,3359.6269779999993,26.469184419999998,0.716783217,0.27972028,3043.0,190.53,13.95055897,5,0.015957060871461155,0.008324812725868616,0.02358930901705369,True
130306,UCUNCHA,LA LIBERTAD,0.001479109,0.000527465,0.010396616,0.004209483,574.0,44695.50394,0.776641463,100.619183,5.704677608,2372.837594,31.95385615,0.176076421,0.48495900699999994,2634.0,98.41,13.72827965,5,0.011989118211639099,0.004502068537776057,0.01947616788550214,True
130401,CHEPEN,LA LIBERTAD,0.221176634,0.019527009,0.617038622,0.000705086,33105.0,2490321.956,0.771631267,289.7105732,114.26921580000001,376.9795516,13.27712472,0.059472368,0.285887395,160.0,287.34,201.9593513,5,0.009979502006188242,0.0074883828245142165,0.01247062118786227,True
130402,PACANGA,LA LIBERTAD,0.191436864,0.00760475,0.516739201,0.002520078,30066.0,2302935.342,0.778614911,590.4050902,50.9243577,249.65260230000004,8.509203592,0.376218754,0.604519413,112.0,583.93,34.54352405,5,0.012771176791353324,0.010215461188629735,0.015326892394076912,True
130403,PUEBLO NUEVO,LA LIBERTAD,0.207905681,0.006978814,0.624251047,0.002216007,12993.0,971385.1444,0.777827776,271.641774,47.83137662,59.02974455,5.244559562,0.016794077,0.8701903489999999,84.0,271.16,52.34916654,5,0.011936085969721223,0.006614423947001531,0.01725774799244091,True
130501,JULCAN,LA LIBERTAD,0.164001001,0.004288715,0.015814068,1.18e-05,10705.0,744388.0967,0.796028212,228.6468997,46.81891605,3301.971393,18.09454726,0.0,0.9545454550000001,3420.0,208.49,70.84752266,5,0.02788358218201882,0.02389536450814967,0.03187179985588797,True
130502,CALAMARCA,LA LIBERTAD,0.085587971,0.002771295,0.002434074,0.000292578,5478.0,289854.5773,0.780629336,209.70462170000002,26.12245717,3545.7275569999997,17.24657161,0.0,0.967741935,3377.0,207.57,35.21703522,5,0.023356898143795088,0.017504402271515708,0.029209394016074468,True
130503,CARABAMBA,LA LIBERTAD,0.112775384,0.002226729,0.139616567,0.000887956,5578.0,350887.1956,0.794460165,235.2449514,23.71145466,3197.708998,18.15758784,0.378571429,0.607142857,3345.0,254.28000000000003,31.6855435,5,0.024132312804369307,0.01642923644376213,0.03183538916497647,True
130504,HUASO,LA LIBERTAD,0.046651704,0.00195879,0.174406148,3.24e-05,7376.0,332535.7423,0.782330789,440.3863001000001,16.74893156,3059.358059,20.69518859,0.0,1.0,3075.0,431.05,16.52012528,5,0.021334912971080502,0.016445091640798076,0.026224734301362924,True
130601,OTUZCO,LA LIBERTAD,0.089302652,0.0072558150000000005,0.004695322,0.001466805,16999.0,1388223.953,0.788958321,403.6053883,42.1178718,2943.51511,23.62435541,0.0,0.915912945,2701.0,444.13,73.88152118,5,0.021097792211877835,0.012776725500617751,0.0294188589231379,True
130602,AGALLPAMPA,LA LIBERTAD,0.094839943,0.004604869,0.001687146,3.35e-06,9562.0,679156.7289,0.8070396260000001,259.2612013,36.88172373,3378.3888250000005,16.00179863,0.0,1.0,3143.0,258.56,36.92759901,5,0.024512698849357147,0.017600046084592084,0.0314253516141222,True
130604,CHARAT,LA LIBERTAD,0.05634066,0.008248245,0.0018811050000000003,8.52e-06,3065.0,233307.0428,0.790124861,66.06290285,46.39517593,2440.024585,25.695429400000002,0.0,0.704064249,2280.0,68.89,44.05574104,5,0.010550697885652358,0.002782177768318784,0.01831921800298593,True
130605,HUARANCHAL,LA LIBERTAD,0.007172671,0.002924803,0.004673229,0.003601547,3691.0,258612.518,0.787294934,135.6399434,27.21174831,2663.217231,24.63537994,0.275616083,0.580631215,2208.0,149.65,41.02238557,5,0.008388179488490336,0.0019508403536751644,0.014825518623305506,True
130606,LA CUESTA,LA LIBERTAD,0.009448947,0.005087825,0.002151845,0.0,510.0,41137.6627,0.78598549,41.59662474,12.26061016,2862.263922,29.087828339999998,0.0,0.0,1900.0,39.25,24.38216561,5,0.009065885491853673,-0.00042764128118841054,0.018559412264895755,False
130608,MACHE,LA LIBERTAD,0.241106098,0.012196135,0.001162193,0.0,2906.0,299020.7522,0.7964032,37.44606159,77.60495701,3333.064185,17.21822336,0.0,0.0,3320.0,37.32,105.46623789999998,5,0.020824420952576955,0.011723798746318369,0.029925043158835544,True
130610,PARANDAY,LA LIBERTAD,0.013580517,0.005335745,0.000578039,0.0,438.0,35134.92089,0.799158448,22.23567485,19.69807541,3119.180323,27.785354559999995,0.0,0.0,3137.0,21.46,39.8415657,5,0.019065782410990086,0.0035912664615334842,0.03454029836044668,True
130611,SALPO,LA LIBERTAD,0.101906557,0.005575626,0.002468709,2.31e-05,6073.0,465451.1791,0.783626774,196.2305538,30.94828956,2799.443675,23.61452196,0.0,0.971516691,3461.0,192.74,32.67614403,5,0.02310188157378323,0.019030659183245716,0.027173103964320742,True
130613,SINSICAP,LA LIBERTAD,0.01092312,0.002372707,0.10227376800000001,9.69e-06,4849.0,338097.1234,0.796379295,455.37663950000007,10.64832839,2336.767725,25.00261247,0.0,0.9705882349999999,2335.0,452.95,21.82580859,5,0.018025194675198808,0.009521025131334014,0.0265293642190636,True
130614,USQUIL,LA LIBERTAD,0.073142793,0.003966391,0.008457465,0.002149558,22134.0,1552326.913,0.795759126,468.94225910000006,47.19984085,2974.656016,22.35046049,0.440184998,0.49832263900000007,3049.0,445.82,64.23220134,5,0.024168211138440015,0.019471076839791678,0.028865345437088366,True
130701,SAN PEDRO DE LLOC,LA LIBERTAD,0.05663624899999999,0.008634426,0.845603745,0.004106394,16415.0,2264129.93,0.777756625,685.6412302,23.94109233,231.4316147,7.957680773999999,0.196315996,0.792567107,49.0,697.01,27.718397149999998,5,0.011697542190031588,0.00920063562852395,0.014194448751539225,True
130702,GUADALUPE,LA LIBERTAD,0.4170367649999999,0.037648654,0.486624445,0.000450113,35001.0,2825179.616,0.776648013,168.0936275,208.2232415,106.6198355,5.24380124,0.012455894,0.086574776,124.0,165.37,245.93940860000004,5,0.011156641271112353,0.007408551586952473,0.014904730955272233,True
130703,JEQUETEPEQUE,LA LIBERTAD,0.197230604,0.041083408,0.5591905,0.013805857,8279.0,815859.3295,0.784186339,48.85536602,169.4593793,40.35610276,3.29203406,0.014501047,0.399560574,13.0,50.98,82.30678698,5,0.01122419774418493,0.006718240538599711,0.015730154949770148,True
130704,PACASMAYO,LA LIBERTAD,0.02257008,0.150702342,0.666205845,0.03736954,17047.0,1796389.2059999998,0.77998635,34.82444598,489.5124537,34.33556013,3.623225565,0.055770269,0.917771141,21.0,30.839999999999996,1067.28275,5,0.010699069207836589,0.005960948916910149,0.015437189498763028,True
130705,SAN JOSE,LA LIBERTAD,0.24483748300000002,0.014615547000000001,0.655695225,5.94e-05,12494.0,1122959.207,0.780768225,179.0416072,69.78266221,307.3064704,10.22983702,0.018680954,0.131015755,117.0,181.06,72.68308848,5,0.012360646432556913,0.006121498099652263,0.01859979476546156,True
130801,TAYABAMBA,LA LIBERTAD,0.012539636999999998,0.008761074,0.0033652799999999996,0.006142127,8353.0,798651.2518,0.812452077,339.3333124,24.61591508,3725.3289300000006,23.14541378,0.396840517,0.591803157,3222.0,339.13,47.41839413,5,0.024041636964761342,0.019521364712893906,0.028561909216628774,True
130802,BULDIBUYO,LA LIBERTAD,0.008326365,0.005893441,0.00500786,0.007250466,3504.0,288929.6999,0.797094178,230.800949,15.181913310000002,3681.939936,27.22135167,0.419422942,0.565798733,3189.0,227.38999999999996,19.68864066,5,0.023639232528873146,0.016591834911474708,0.030686630146271585,True
130803,CHILLIA,LA LIBERTAD,0.013024475000000002,0.0034909720000000006,0.008687698,0.002426562,8786.0,718308.8096,0.80069094,309.8116978,28.35916158,3084.077895,25.939737459999996,0.064572353,0.903501539,3166.0,300.04,50.70323957,5,0.026627293399366904,0.02180748791519687,0.031447098883536924,True
130804,HUANCASPATA,LA LIBERTAD,0.007622351000000001,0.007960957,0.006974351000000001,0.002030107,3824.0,311582.6734,0.800215716,226.9619276,16.84864083,3441.57509,27.86063796,0.28436227,0.708642517,3313.0,247.47999999999996,26.628414420000002,5,0.024325476461850983,0.017816912547487115,0.03083404037621485,True
130805,HUAYLILLAS,LA LIBERTAD,0.005348285,0.00285547,0.002965965,0.005661461,779.0,70333.09814,0.812269062,93.24741821,8.354118697,3528.4730760000007,29.13975375,0.545292411,0.43886922000000006,2381.0,89.73,15.1677254,5,0.0055946914532103865,-0.0075914399750580805,0.018780822881478854,False
130806,HUAYO,LA LIBERTAD,0.006900865000000001,0.00413507,0.006693664,0.00458809,2730.0,223717.67609999998,0.799095092,125.6705186,21.72347206,2759.662852,28.64155149,0.225510857,0.771616791,2188.0,124.63,36.43585012,5,0.014953874075547496,0.011167906078600569,0.018739842072494423,True
130807,ONGON,LA LIBERTAD,1.41e-05,0.000129064,0.0036864239999999998,0.001342627,1395.0,82852.75706,0.785188172,1317.755926,1.058617891,2982.35366,29.533493729999996,0.10457203200000001,0.881610642,1353.0,1394.89,1.346342722,5,0.009690439051679135,-0.0011482563888400611,0.020529134492198328,False
130808,PARCOY,LA LIBERTAD,0.008455751,0.011999073,0.017477512,0.00412245,8804.0,857530.3496,0.789995627,278.7708931,31.58148938,3181.402545,27.66073859,0.22980739,0.71345531,3121.0,304.99,53.78864881,5,0.02083415795724689,0.01547608356881067,0.026192232345683113,True
130809,PATAZ,LA LIBERTAD,0.001505212,0.005105715,0.02007388,0.011666967,4656.0,379604.7137,0.786200086,394.5420664,11.801023,2871.953024,30.35015514,0.28159686,0.664131968,2611.0,467.43999999999994,17.21290433,5,0.015678213105685568,0.008133477762875096,0.02322294844849604,True
130810,PIAS,LA LIBERTAD,0.00206161,0.002572705,0.010075225,0.014496686,1037.0,103667.968,0.803973577,311.3056308,3.331131523,3346.243795,29.394198080000002,0.714429847,0.268080156,2641.0,371.67,4.670810127,5,0.020256278625327067,0.011670462790861114,0.02884209445979302,True
130811,SANTIAGO DE CHALLAS,LA LIBERTAD,0.015634943,0.006701438,0.017916034,0.002497915,1789.0,138021.6674,0.797027278,130.9868889,13.6578555,2836.231875,26.208253120000002,0.102929947,0.897070053,3316.0,129.44,18.70364648,5,0.019238550163516516,0.010774161400356417,0.02770293892667662,True
130812,TAURIJA,LA LIBERTAD,0.008449628,0.008270983,0.018245348,0.006461083000000001,2398.0,197363.2258,0.795384696,130.9733712,18.30906525,2766.587768,25.24774708,0.145288633,0.646661837,3123.0,130.09,24.2063187,5,0.02439058657076089,0.013425539204826234,0.0353556339366955,True
130813,URPAY,LA LIBERTAD,0.012947312999999998,0.007319538,0.009099239,0.000135995,1945.0,161404.9421,0.8022046269999998,118.8709701,16.36227919,3099.338399,23.20747645,0.057581574,0.9136276389999999,2707.0,99.61,30.41863267,5,0.021036993346578645,0.013716100831182687,0.028357885861974602,True
130901,HUAMACHUCO,LA LIBERTAD,0.088382887,0.019506394,0.023674799,0.007857227,38404.0,3096449.216,0.798827659,417.008148,92.09412379,3357.229285,17.46428591,0.643025956,0.311897803,3183.0,424.13,180.4706104,5,0.021826253074142654,0.016368622196376446,0.02728388395190886,True
130902,CHUGAY,LA LIBERTAD,0.037526021,0.00503639,0.005749974,0.0008763409999999999,11257.0,856808.0563999999,0.8113698320000001,418.59062809999995,26.89262311,3333.833436,21.10954021,0.31458023,0.639464122,3394.0,416.31000000000006,51.399197709999996,5,0.024501295177750317,0.01966782942640442,0.02933476092909621,True
130903,COCHORCO,LA LIBERTAD,0.007770753,0.008167627,0.016253591,0.009022853,4861.0,366768.8248,0.8093934170000001,263.5932683,18.44129037,2589.620165,28.45373722,0.305185031,0.642207719,2620.0,258.04,45.74097039,5,0.01999209235557041,0.014864886759173301,0.025119297951967517,True
130904,CURGOS,LA LIBERTAD,0.12438109,0.01310051,0.012556597999999999,0.002335347,7026.0,494613.5582,0.8010836319999999,98.63019005,71.23579501,3261.58114,18.80500543,0.064926162,0.82747072,3244.0,99.5,98.47236181,5,0.02573118775691285,0.01751451554290727,0.03394785997091843,True
130905,MARCABAL,LA LIBERTAD,0.089446941,0.003606106,0.004305371,0.000257282,10788.0,685860.3948,0.809043391,236.2126219,45.67071782,3240.079155,22.92720812,0.015321757,0.318572373,2943.0,229.57,64.25491136,5,0.021548288068237397,0.017857161773735433,0.02523941436273936,True
130906,SANAGORAN,LA LIBERTAD,0.038312428,0.003079966,0.01668298,0.000312153,12886.0,845470.5289,0.810520511,338.2347479,38.09780066,3233.263988,19.51423998,0.0,0.516077818,2688.0,324.38,51.45200074,5,0.0192549457235207,0.014271300753871312,0.02423859069317008,True
130907,SARIN,LA LIBERTAD,0.005494659,0.00230286,0.01113244,0.0033047640000000004,6667.0,467660.0107,0.8007006750000001,336.7383037,19.79875745,3652.524826,21.5773335,0.489448959,0.503325706,2840.0,340.08,32.92460598,5,0.021482169738006204,0.014548679878869871,0.028415659597142533,True
130908,SARTIMBAMBA,LA LIBERTAD,0.02491037,0.002868229,0.044881668,0.013856868999999999,7656.0,617713.8684,0.815766458,399.0199232,19.18701186,2440.949583,26.589430900000004,0.164147399,0.742368645,2697.0,394.37,40.98435479,5,0.02052295155802823,0.01726670594200156,0.023779197174054897,True
131001,SANTIAGO DE CHUCO,LA LIBERTAD,0.034812966,0.003752661,0.191386188,0.000969488,25595.0,1509215.201,0.782575526,1083.837195,23.61517037,3151.586062,20.73508359,0.09637514,0.710855987,3126.0,1073.63,23.09827408,4,0.019988459939499104,0.015998244835492125,0.023978675043506082,True
131002,ANGASMARCA,LA LIBERTAD,0.028273417000000002,0.00415742,0.075238166,0.003774653,4251.0,323322.9698,0.790996871,146.3794973,29.04095231,3151.689239,21.91208252,0.12187373399999998,0.651237003,2889.0,153.45,37.6344086,5,0.017706963499738073,0.010928430062048392,0.024485496937427752,True
131003,CACHICADAN,LA LIBERTAD,0.010545432,0.004129501,0.028552440000000002,0.006638902,4163.0,343099.5854,0.8022547679999998,271.0681299,15.357762650000002,3677.4988160000003,16.84183918,0.46719918099999996,0.52362115,2897.0,266.5,21.2532833,5,0.01921957677997308,0.014075635083766053,0.02436351847618011,True
131004,MOLLEBAMBA,LA LIBERTAD,0.025146304,0.005872896,0.010663587,0.001212964,1428.0,140506.8765,0.799437325,69.59139352,20.51977878,3420.174232,20.04631333,0.14610564,0.773464637,3099.0,69.69,30.449131869999995,5,0.016287629918381622,0.005160463954313842,0.0274147958824494,True
131005,MOLLEPATA,LA LIBERTAD,0.030108582000000002,0.006962288,0.017904618,0.001858863,2215.0,173645.0481,0.795684198,69.29025749,31.966976019999997,3363.3844509999994,19.75948131,0.26894214,0.708015753,2694.0,71.2,37.16292135,5,0.023973448709906888,0.011756297176269498,0.03619060024354428,True
131006,QUIRUVILCA,LA LIBERTAD,0.00936549,0.005324985,0.023047033,0.004027747,12374.0,876663.0867000001,0.791697357,556.287722,22.24388479,3789.9071620000004,15.206824309999998,0.366235534,0.568073519,3992.0,549.14,21.95979167,5,0.018580487989939547,0.01308745433783319,0.024073521642045903,True
131007,SANTA CRUZ DE CHUCA,LA LIBERTAD,0.025044036,0.002526355,0.07115945,0.006375361,3845.0,249125.5609,0.79341727,168.3266767,22.84248744,2827.474203,23.26359174,0.350026172,0.553942682,2937.0,165.12,20.00968992,5,0.023432092336647257,0.015483153251930523,0.03138103142136399,True
131008,SITABAMBA,LA LIBERTAD,0.001051104,0.0019509779999999997,0.007250245,0.001337142,2478.0,178599.8304,0.8037292170000001,316.0069415,7.841599897,3611.3603859999994,24.61276229,0.21191306299999998,0.771062978,3080.0,310.23,13.31270348,5,0.026422875684450887,0.01846391485498236,0.03438183651391939,True
131101,CASCAS,LA LIBERTAD,0.011672665,0.003777183,0.20729648900000003,0.002558373,10913.0,883474.7219999998,0.788132035,468.5139582,23.29279589,1736.539674,25.62689443,0.000701496,0.715751192,1278.0,465.66999999999996,35.06989928,5,0.009104610900619866,0.003978878062259443,0.014230343738980288,True
131102,LUCMA,LA LIBERTAD,0.009738228,0.001892978,0.051175422000000005,0.000549031,3661.0,296807.3307,0.801467659,288.6546868,12.68297439,1895.0267630000003,24.89738046,0.0,0.613743304,2192.0,280.38,17.94350524,5,0.024711994785624452,0.007093308372383797,0.0423306811988651,True
131103,MARMOT,LA LIBERTAD,0.002072805,0.00130376,0.144310693,0.000897599,2335.0,191603.1749,0.79818938,301.3003348,7.749742467999999,1821.401645,28.063922330000004,0.002534073,0.650596004,1512.0,300.25,7.157368859,5,0.01857436765934099,0.008099218214878986,0.02904951710380299,True
131104,SAYAPULLO,LA LIBERTAD,0.01964343,0.003021759,0.006468048,2.6600000000000003e-05,6379.0,438024.6285,0.793365418,235.31656800000002,27.1081635,2631.363613,26.27467421,0.0,0.619686801,2384.0,238.46999999999997,31.93273787,5,0.011231082679570615,0.007671244898675149,0.014790920460466081,True
131201,VIRU,LA LIBERTAD,0.088073724,0.005754814,0.559299372,0.016686375,31327.0,3246904.984,0.774216995,1088.841199,28.77095395,621.761546,15.06155291,0.094345285,0.792599816,88.0,1072.95,60.15284962,5,0.014517115852427055,0.011214429976784679,0.017819801728069438,True
131202,CHAO,LA LIBERTAD,0.019891916,0.003196338,0.644683261,0.0037106479999999996,28191.0,2521097.405,0.76955705,1679.173748,16.78861406,921.6376263,17.61976162,0.128768682,0.525372645,103.0,1736.8699999999997,20.61812341,5,0.013536935255455417,0.009978323767044295,0.017095546743866537,True
131203,GUADALUPITO,LA LIBERTAD,0.026637625000000005,0.004647208,0.898479013,0.045358581,6684.0,748173.7993,0.771551765,428.4755516,15.59948981,143.6719009,9.421503699,0.091695717,0.840786177,30.0,404.72,17.95068195,5,0.008163330214350778,0.003615620423439516,0.01271104000526204,True
140101,CHICLAYO,LAMBAYEQUE,0.22937462599999997,0.386727335,0.170806331,0.000486373,61441.0,7447287.161999999,0.78364808,47.57713751,1291.397575,31.21121195,1.83327413,0.0,0.676056338,28.0,50.35,6934.915591,5,0.012580956793372539,0.00984842505607586,0.015313488530669217,True
140102,CHONGOYAPE,LAMBAYEQUE,0.112066285,0.005325879,0.08973113,0.026077258,13184.0,1151613.343,0.780272148,724.3866537,18.20022488,342.7444134,10.89524603,0.663358705,0.230146472,219.0,712.0,28.2991573,5,0.009196290406022663,0.00456917959535583,0.013823401216689494,True
140103,ETEN,LAMBAYEQUE,0.028326689,0.017104595,0.891331753,0.000147033,8064.0,745926.8176,0.775555047,83.75800459,96.27736524,22.10890079,2.292102256,0.007043722,0.720945173,15.0,84.78,154.2580797,5,0.011165626690618597,0.0074749429493091175,0.014856310431928074,True
140104,ETEN PUERTO,LAMBAYEQUE,0.0,0.03191507,0.8911324979999999,0.074201395,1598.0,172810.1036,0.771385669,13.351341569999999,119.6883468,22.43977696,4.484302477,0.030263576000000004,0.9469637429999999,14.0,14.48,186.7403315,5,0.010304066083718,0.0071461468100684575,0.013461985357367543,True
140105,JOSE LEONARDO ORTIZ,LAMBAYEQUE,0.418044795,0.301327247,0.166282425,0.0,41007.0,4662194.258,0.783213971,29.27974047,1400.524709,28.34545825,1.784906881,0.0,0.228571429,41.0,28.22,7020.765415,5,0.011828990903913816,0.008607283394711859,0.015050698413115774,True
140106,LA VICTORIA,LAMBAYEQUE,0.41476183899999997,0.163133089,0.255745472,0.000539048,31209.0,3129348.876,0.786924804,41.12918305,758.8042768,19.91108574,1.758343992,0.022222222,0.333333333,36.0,29.360000000000003,3336.273842,5,0.011380728271671046,0.008780905643109122,0.013980550900232971,True
140107,LAGUNAS,LAMBAYEQUE,0.078127041,0.006631824,0.748609912,0.011430089,12639.0,919392.1247000002,0.779771889,432.4118692999999,29.229077409999995,43.29637648,3.169696006,0.050687995,0.779758998,34.0,429.27,24.2225173,5,0.010671558367448476,0.006961638012438227,0.014381478722458724,True
140108,MONSEFU,LAMBAYEQUE,0.296957024,0.076983993,0.194860486,0.005058776,15808.0,1632328.222,0.78546312,46.99466464,336.3786106,14.667486669999999,1.759305664,0.01550087,0.054065441000000006,40.0,44.94,905.7187361,5,0.011687193091487903,0.00919931581079546,0.014175070372180345,True
140109,NUEVA ARICA,LAMBAYEQUE,0.078770607,0.005493632,0.129527062,8.09e-05,3111.0,253585.28569999998,0.780840276,212.3902216,14.647567,414.1801125,12.77602151,0.0,0.935017939,178.0,208.63000000000002,12.55332407,5,0.008556499719320336,0.0015710387923447656,0.015541960646295906,True
140110,OYOTUN,LAMBAYEQUE,0.085238741,0.003956084,0.016534255,0.000593223,10649.0,828077.059,0.779231318,488.769533,21.78736456,710.2487203,17.03706209,0.294605809,0.29253112,209.0,455.4,18.06104523,5,0.00829631996358072,0.0015781635362940956,0.015014476390867334,True
140111,PICSI,LAMBAYEQUE,0.261431962,0.022536012,0.253919801,0.000511079,6596.0,455744.80540000007,0.777341647,52.49946597999999,125.6393732,41.84512114,1.9349072729999999,0.0,0.2862215,43.0,56.92,165.6711174,5,0.011753848553971461,0.006996967830102941,0.016510729277839982,True
140112,PIMENTEL,LAMBAYEQUE,0.213827685,0.161307755,0.440460798,0.003381501,41939.0,3992324.5200000005,0.789482622,66.73526268,628.4383745,15.46756425,2.042645531,0.037274563,0.8907796080000001,22.0,66.53,485.5403577,5,0.012518136063442773,0.010417125405310501,0.014619146721575044,True
140113,REQUE,LAMBAYEQUE,0.155991761,0.04773452,0.610079387,0.004512447,12714.0,881230.8462000001,0.775711106,45.5164779,279.3274125,82.9112871,6.258373347,0.017566016,0.321859931,34.0,47.03,345.5241335,5,0.01091496829213704,0.006179758028009901,0.015650178556264174,True
140114,SANTA ROSA,LAMBAYEQUE,0.073942482,0.083406266,0.571904007,0.010159626,5238.0,548348.4788,0.787717946,13.9715826,374.9038422,5.816354532,1.9036679360000002,0.099485907,0.655010359,23.0,14.09,972.3917672,5,0.010069517014758564,0.0060339285621028044,0.014105105467414322,True
140115,SAÑA,LAMBAYEQUE,0.138664776,0.00816281,0.704699474,0.000373989,11963.0,894424.4225999999,0.776300635,315.4441373,37.92430603,123.6849183,6.262202442,0.00833221,0.20055711400000004,70.0,313.9,31.74259318,5,0.01428493858433957,0.0081319071736112,0.020437969995067938,True
140116,CAYALTI,LAMBAYEQUE,0.134335544,0.012799734000000002,0.561094522,0.000433647,10287.0,1019466.8890000001,0.777413911,165.1338028,62.29493795999999,185.8702208,8.814349211,0.0,0.259566002,86.0,162.86,103.37713370000002,5,0.017004864554241075,0.002573258809583652,0.0314364702988985,True
140117,PATAPO,LAMBAYEQUE,0.201664697,0.016394063,0.354546479,0.000258734,15734.0,1234495.414,0.775431003,184.8492767,85.11799602,257.6436446,10.63682551,0.020840995,0.73160067,113.0,182.81,127.8595263,5,0.0109940182016253,0.004853809823132379,0.017134226580118213,True
140118,POMALCA,LAMBAYEQUE,0.43592143199999994,0.042867358,0.183544699,0.009481185,14984.0,1161013.213,0.770819841,77.00285409,194.5901899,48.67768334,2.661541214,0.406907713,0.312624311,61.0,80.35,342.7255756,5,0.011685951757107876,0.006043569984825802,0.017328333529389953,True
140119,PUCALA,LAMBAYEQUE,0.199182995,0.009362999,0.347227894,0.001819001,6557.0,587404.0564,0.77553436,175.7549725,37.30762155,298.6350457,10.56251165,0.101724762,0.163175636,108.0,175.81,48.13719356,5,0.010622064227314687,0.006413199492874853,0.01483092896175452,True
140120,TUMAN,LAMBAYEQUE,0.088062441,0.033510739,0.41336283199999996,0.0003693,17325.0,1388026.014,0.779608179,126.2228964,137.2571895,80.47264959,3.795784887,0.013214375,0.09029823,71.0,130.34,233.75019179999998,5,0.013249427095201022,0.009107388864484738,0.017391465325917305,True
140201,FERREÑAFE,LAMBAYEQUE,0.782027622,0.056005404,0.064550583,0.000400103,18440.0,1544096.888,0.770451345,60.548541539999995,304.5490367,40.81490888,1.8439234240000002,0.0,0.406109238,38.0,62.17999999999999,641.0903828,5,0.011047090842096204,0.00815616721061178,0.013938014473580626,True
140202,CAÑARIS,LAMBAYEQUE,0.001435977,0.001224093,0.000933355,7.42e-05,3451.0,207958.8878,0.780595017,290.0381391,11.89843519,2743.73948,23.17068408,0.0,0.0,2421.0,284.88,58.78615556999999,5,0.012028767558073899,-0.00035811779630193913,0.024415652912449726,False
140203,INCAHUASI,LAMBAYEQUE,0.006124117,0.002773969,0.000579705,0.000362007,10866.0,643373.6406,0.785026514,437.083551,24.86023547,2588.447871,20.95703067,0.397553517,0.504227379,3030.0,443.91,42.06708567,5,0.018749937170141888,0.011895599716783074,0.025604274623500702,True
140204,MANUEL ANTONIO MESONES MURO,LAMBAYEQUE,0.173478573,0.003741868,0.528094877,2.12e-05,5035.0,313424.9337,0.774236345,210.2973372,23.94229079,191.4490172,8.871853262,0.00112781,0.300497121,66.0,200.57,23.01440893,5,0.010284661611507102,0.00650330491610721,0.014066018306906994,True
140205,PITIPO,LAMBAYEQUE,0.187011549,0.005735756,0.126009782,0.000357652,20770.0,1684547.045,0.786328685,552.2957903,37.60665999,298.3174621,10.66626841,0.017638514,0.386318047,70.0,558.18,39.31348311,5,0.01123735237266389,0.007238443381060045,0.015236261364267742,True
140206,PUEBLO NUEVO,LAMBAYEQUE,0.776543888,0.038954668,0.073793724,0.005266214,7126.0,546667.6344,0.767235308,31.189699,228.4728686,29.49781539,1.831111289,0.038198718,0.372739597,45.0,28.880000000000003,518.9404432,5,0.007890094183126454,0.0016693115427909517,0.014110876823461953,True
140301,LAMBAYEQUE,LAMBAYEQUE,0.40250463300000006,0.024885414,0.414349934,0.018504037,45725.0,3908836.972,0.783975068,326.894782,139.8768121,15.670533850000002,2.288331445,0.009057203,0.849667087,24.0,330.73,245.20908289999997,5,0.013866242041485498,0.011713631306385343,0.016018852776585654,True
140302,CHOCHOPE,LAMBAYEQUE,0.030209176999999997,0.002727035,0.000711477,4.85e-05,1247.0,82384.78259,0.774042101,77.64315472,16.06065602,592.7009904,18.0558501,0.0,0.922844175,198.0,79.27,25.54560363,5,0.011899069666609481,0.003643346702230441,0.020154792630988516,True
140303,ILLIMO,LAMBAYEQUE,0.522941292,0.043041609,0.035077353,0.000605704,4910.0,381123.196,0.777542505,24.13946057,203.4013969,51.37406591,2.21112291,0.0,0.564646021,60.0,24.37,467.8703324,5,0.01116733384490808,0.003617876847576699,0.018716790842239463,True
140304,JAYANCA,LAMBAYEQUE,0.23328728,0.004175899,0.202107767,0.000747639,15439.0,1246485.231,0.776944323,690.3471109,22.36411184,130.4206418,5.325226404,0.0034061010000000004,0.762209647,67.0,680.96,28.98848684,5,0.011548456310218091,0.009169846323643205,0.013927066296792976,True
140305,MOCHUMI,LAMBAYEQUE,0.802132514,0.019659924,0.041887489,0.000271916,14249.0,913112.0788999998,0.77816757,103.11551749999998,138.1848275,32.70034252,2.013262513,0.0,0.315827285,40.0,103.7,212.6036644,5,0.010551180360081366,0.0055683553228155405,0.01553400539734719,True
140306,MORROPE,LAMBAYEQUE,0.076974017,0.005472534,0.8078204509999999,0.01880438,32266.0,2152642.045,0.78410543,1058.332502,30.48758301,7.159539138000001,2.325265879,0.011508321,0.664186843,5.0,1041.66,53.09601981000001,5,0.014996564382887616,0.009146832570035256,0.020846296195739973,True
140307,MOTUPE,LAMBAYEQUE,0.13384862,0.008779679,0.020955691,7.16e-05,26286.0,2184701.718,0.764564346,558.2593391,47.08564311,237.9128843,8.730524573,0.0,0.695458753,140.0,557.37,57.50040368,5,0.008492612067610737,0.0042815277682036615,0.01270369636701781,True
140308,OLMOS,LAMBAYEQUE,0.065918308,0.001802368,0.501335111,0.003497936,48188.0,3686773.8840000005,0.783284913,5706.403124,8.444548861,110.8303276,4.668135834,0.001303515,0.547612846,192.0,5583.47,9.062106539,5,0.013488896691336506,0.010233525198905939,0.01674426818376707,True
140309,PACORA,LAMBAYEQUE,0.43245374300000006,0.01011075,0.174107902,2.02e-05,5835.0,411149.0041,0.772979074,89.11446471,65.4775857,49.63387057,2.373223537,0.0071912009999999995,0.415595037,69.0,87.79,96.8219615,5,0.010410206546724168,0.006730998140249659,0.014089414953198674,True
140310,SALAS,LAMBAYEQUE,0.008440261,0.001418062,0.002713679,0.000130316,14448.0,868167.8028999999,0.78095254,1074.658997,13.44426468,1352.500095,21.66519141,0.365760646,0.419934946,174.0,991.8,17.06493245,5,0.010980257432466691,0.006048547223068159,0.015911967641865223,True
140311,SAN JOSE,LAMBAYEQUE,0.169525784,0.031124627,0.3074778,0.026395610999999996,11188.0,814012.0665,0.789156981,45.72826634,244.6626757,10.39793407,1.983137981,0.166480033,0.42751329499999996,33.0,46.73,377.7016906,5,0.012862295957489818,0.007577275244484566,0.018147316670495062,True
140312,TUCUME,LAMBAYEQUE,0.73564254,0.038024999,0.054316655000000005,0.002218242,13831.0,992943.6258000002,0.777171903,63.67843651,217.2006845,44.08874268,2.272631826,0.002296346,0.385295283,61.0,67.0,410.761194,5,0.010414490274922585,0.006760867722318138,0.01406811282752703,True
150102,ANCON,LIMA,5.89e-05,0.044901724,0.928687133,0.011479189,48936.0,3544592.4630000005,0.782428733,312.0731857,156.8093711,625.1760743,16.0964686,0.36204259,0.613614722,14.0,285.45,189.2695744,5,0.014459662773877413,0.010002605362454295,0.01891672018530053,True
150103,ATE,LIMA,0.000274033,0.40443813500000003,0.578555205,0.006058649,202986.0,17813903.9,0.769175677,84.92638868,2390.140487,578.971413,15.3180922,0.138796697,0.793510873,378.0,77.72,8532.539887,5,0.013344769107530713,0.011561859367450087,0.015127678847611337,True
150104,BARRANCO,LIMA,0.0,0.8217454639999999,0.04918152,0.112404785,8581.0,1023249.502,0.759029425,2.762260374,3106.51381,60.98236419,3.918078242,0.314110884,0.422121268,97.0,3.3299999999999996,16511.11111,5,0.011085110799350473,0.00869965668572019,0.013470564912980756,True
150105,BREÑA,LIMA,0.0,0.9996817410000001,0.0,0.0,10451.0,1690636.766,0.762499636,3.218528406,3247.13617,120.03566859999998,2.231454443,0.0,1.0,153.0,3.22,41155.90062,5,0.009632571215278005,0.0046156339095760135,0.014649508520979992,True
150106,CARABAYLLO,LIMA,0.024502144,0.12439341,0.776581352,0.000625902,196237.0,14517126.01,0.777970994,313.3541083,626.2467757,801.2730558,17.95895139,0.04861217,0.693743328,238.0,303.31,1027.671359,5,0.01296520871260772,0.009938868454266794,0.015991548970948646,True
150107,CHACLACAYO,LIMA,2.11e-05,0.135220639,0.831047986,0.00354497,20988.0,1775611.7849999997,0.76649544,42.96966263,488.43762580000003,1058.662399,23.37995647,0.097916131,0.9020838689999999,685.0,39.5,1343.620253,5,0.010452492379883611,0.007258320065829405,0.013646664693937818,True
150108,CHORRILLOS,LIMA,0.0008605730000000001,0.602472074,0.24186229799999998,0.049887317,94054.0,10054163.84,0.769202759,37.01189299,2541.183182,40.50789936,5.683689106,0.417684523,0.382396928,68.0,38.94,9026.194145,5,0.012608268763075683,0.008591124799881342,0.016625412726270022,True
150109,CIENEGUILLA,LIMA,0.001543736,0.033470014,0.9205530989999999,0.000341158,47635.0,2963267.76,0.772993383,226.1410836,210.64283960000003,858.9759811,22.75265509,0.018518519,0.9722222219999999,287.0,240.33,141.130945,5,0.012355625707499233,0.010090379778512269,0.014620871636486205,True
150110,COMAS,LIMA,0.001538951,0.582035429,0.379962004,0.00022135900000000002,151483.0,13189563.24,0.768399986,49.09923037,3085.241843,278.6203005,12.3235043,0.020859425,0.963434414,107.0,48.75,12239.07692,5,0.013263046778167463,0.009933164982826117,0.01659292857350881,True
150111,EL AGUSTINO,LIMA,0.0,0.699463061,0.247042155,0.026047688000000003,33036.0,3436542.932,0.764440992,13.370189829999997,2470.869929,244.8297842,8.33490801,0.555294084,0.40225601,200.0,12.54,18552.87081,5,0.011546869509783628,0.008630224141737673,0.01446351487782959,True
150112,INDEPENDENCIA,LIMA,0.0,0.55676765,0.361444257,0.000389859,59345.0,4893452.941,0.766576177,16.18094121,3667.586404,219.87049729999998,15.2788109,0.0,1.0,111.0,14.559999999999999,16580.63187,5,0.012319376658063432,0.009628340981311179,0.015010412334815683,True
150114,LA MOLINA,LIMA,0.005775032,0.452546494,0.476928395,0.002761034,51894.0,6928130.534,0.775642307,48.81205126,1063.139095,393.7581668,13.43955754,0.63,0.36,262.0,65.75,3210.874525,5,0.010578527313742286,0.008145326910623325,0.013011727716861248,True
150115,LA VICTORIA,LIMA,0.0,0.9809250759999999,0.011908401,0.0,25390.0,4223678.975,0.767841067,9.150984259,2774.56493,155.8995975,3.016730988,0.0,1.0,142.0,8.74,30021.73913,5,0.009992337566113563,0.006377039193380953,0.01360763593884617,True
150116,LINCE,LIMA,0.0,0.953438777,0.0,0.0,7174.0,1277281.578,0.766309646,2.756575171,2602.504759,116.1392631,2.583321746,0.0,0.0,150.0,3.03,34441.91419,5,0.01007564596833878,0.006213856496091637,0.013937435440585923,True
150117,LOS OLIVOS,LIMA,4.49e-05,0.9280069259999999,0.063264596,0.0,58825.0,6757913.19,0.770636133,18.27217524,3219.375866,76.7881401,3.77937079,0.010751339,0.9412441430000001,67.0,18.25,22143.39726,5,0.012125938452481874,0.00890795101473909,0.01534392589022466,True
150118,LURIGANCHO,LIMA,0.001409172,0.15388304,0.802715156,0.005009991,179461.0,13495976.49,0.767106532,246.4949965,728.0512892,977.9575200000002,21.46893606,0.125008606,0.715317554,879.0,236.46999999999997,845.5871781,5,0.007522583390269129,0.002250254320448831,0.012794912460089425,True
150119,LURIN,LIMA,0.015935837,0.150784731,0.552869112,0.006513542999999999,94322.0,9634414.585,0.773459733,189.0917634,498.8160156,460.9209654,13.57262489,0.32079725,0.539182806,12.0,180.26,515.4831909,5,0.013401434721952703,0.011869802361511491,0.014933067082393914,True
150120,MAGDALENA DEL MAR,LIMA,0.0,0.8594491380000001,0.086070014,0.027283924999999997,8365.0,1172448.298,0.757565093,3.653694462,2289.46347,60.08177821,3.9394433740000006,0.21205318,0.597861929,90.0,3.6100000000000003,24588.91967,5,0.011583273603702166,0.008489678840547542,0.01467686836685679,True
150123,PACHACAMAC,LIMA,0.013188199000000001,0.073088712,0.693268829,0.000897375,105380.0,6682516.645,0.775270781,186.2784694,565.7121854,605.3161478,18.37603733,0.0,0.755555556,68.0,160.23,698.0964863,5,0.014139649379174885,0.01060490852939151,0.01767439022895826,True
150124,PUCUSANA,LIMA,0.0,0.063827151,0.8716338770000001,0.049453895,9940.0,688152.3845,0.754708803,29.530432940000004,336.6019056,86.69300956,11.31780662,0.379608922,0.616586868,26.0,37.39,419.55068199999994,5,0.010510331690863087,0.00584928205589448,0.015171381325831693,True
150125,PUENTE PIEDRA,LIMA,0.002630501,0.585800802,0.383637291,0.00015753,163141.0,12935511.73,0.773046883,50.75661014,3214.182341,217.633671,9.251740847,0.0,0.9642105260000001,187.0,72.81,4861.681088,5,0.01359065866142918,0.011369032865924718,0.015812284456933643,True
150126,PUNTA HERMOSA,LIMA,0.001063728,0.070075224,0.710762022,0.010470248,30291.0,3177700.112,0.767909204,122.3394802,247.5979132,553.5030716,15.776015300000001,0.342836215,0.494083111,52.0,119.5,72.17573222,5,0.013682174853729414,0.010894618185975476,0.01646973152148335,True
150127,PUNTA NEGRA,LIMA,0.001238871,0.022535392,0.821948259,0.008964548,10632.0,1133237.285,0.759154242,130.111546,81.71450059,580.024607,17.61294528,0.445595049,0.527954498,42.0,130.5,62.63601533,5,0.010692884805249788,0.00587781924221097,0.015507950368288606,True
150128,RIMAC,LIMA,7.3e-05,0.6821115619999999,0.264602778,0.001288522,39177.0,3793273.579,0.764417388,12.166712760000001,3220.015199,191.8648747,10.56906428,0.024168325,0.951663349,153.0,11.87,18785.25695,3,0.011671660105181184,0.007976846559258967,0.015366473651103399,True
150129,SAN BARTOLO,LIMA,0.011340636,0.061143967,0.653421887,0.004065188,7014.0,1000435.4629999999,0.752466225,53.86023599,130.2259426,312.3526514,13.41302863,0.383979015,0.616020985,25.0,45.01,190.6909576,5,0.012405584604888536,0.007731393418490022,0.017079775791287048,True
150132,SAN JUAN DE LURIGANCHO,LIMA,0.0,0.306441807,0.66863509,0.000302857,370453.0,27987951.74,0.773149457,140.896853,2629.249639,635.3168128,16.78583635,0.007199950999999999,0.888797364,222.0,131.25,8475.382857,5,0.01240893440552043,0.009677207458103982,0.015140661352936898,True
150133,SAN JUAN DE MIRAFLORES,LIMA,0.000377551,0.837700667,0.110705648,0.005495463,87127.0,8959471.219,0.77793325,22.43487757,3883.551391,160.1197461,7.262047432,0.46464646500000006,0.343434343,133.0,22.97,19683.23901,5,0.011766425437667372,0.008177341966855241,0.0153555089084795,True
150134,SAN LUIS,LIMA,0.0,0.9826529560000001,0.001206035,0.0,9928.0,1440055.665,0.770080369,3.485848047,2848.087428,189.0788104,2.327919362,0.0,1.0,214.0,3.4900000000000007,21872.49284,5,0.01055191293061965,0.006077591881513877,0.015026233979725414,True
150135,SAN MARTIN DE PORRES,LIMA,0.010315698,0.8650353340000001,0.085529241,0.002803345,131237.0,13949879.16,0.762427961,36.58027502,3587.643885,63.51818168999999,3.2961255229999997,0.038604651,0.961395349,138.0,36.82,19331.912,5,0.012269017872680948,0.009195601283959699,0.015342434461402196,True
150136,SAN MIGUEL,LIMA,0.000261751,0.897500943,0.05717947799999999,0.001570508,24797.0,3255669.738,0.760793895,9.72281814,2550.392247,50.3996458,3.006161942,0.056270045000000005,0.8003848619999999,84.0,10.72,16629.10448,5,0.010909865714148929,0.007667904758607173,0.014151826669690679,True
150137,SANTA ANITA,LIMA,0.0,0.918989971,0.070751851,0.001143938,25290.0,4345235.53,0.76999756,10.75741624,2350.93627,272.7443327,4.063002858,0.0,1.0,285.0,10.69,24825.1637,5,0.011771728093197504,0.00861433332708782,0.014929122859307187,True
150138,SANTA MARIA DEL MAR,LIMA,0.0,0.089421986,0.868543232,0.03411332,1063.0,181747.8328,0.753888711,7.84346032,135.5269175,94.2900273,10.47885632,0.183818008,0.808024737,52.0,9.81,177.166157,5,0.010501625429975731,0.005385254077055783,0.015617996782895677,True
150139,SANTA ROSA,LIMA,0.0,0.316428768,0.643593339,0.037410819,26236.0,1769630.391,0.783954193,17.62481492,1488.583007,135.1264261,12.439645,0.318343578,0.665559334,72.0,21.35,1019.9063229999999,5,0.013972047828108423,0.011115071043354003,0.016829024612862842,True
150140,SANTIAGO DE SURCO,LIMA,0.001860618,0.8173422369999999,0.121112755,0.00013002,75969.0,9915604.051,0.761830652,34.76137209,2185.443078,142.4198215,5.200610998,0.0,1.0,107.0,35.89,11733.04542,5,0.012491789432946133,0.010218268683290168,0.014765310182602104,True
150141,SURQUILLO,LIMA,0.0,0.9869190490000002,0.0,0.0,12526.0,2145307.672,0.770142184,4.621710375,2710.252046,117.7210717,2.372740513,0.0,0.0,125.0,3.46,35535.83815,5,0.010358048021453011,0.006410621687701805,0.014305474355204215,True
150142,VILLA EL SALVADOR,LIMA,0.000517687,0.849485993,0.125650217,0.001417041,107017.0,12077286.93,0.784031938,33.99482046,3148.038393,107.8255235,4.753752401,0.184259235,0.677516592,204.0,35.46,13219.458539999998,5,0.012604977722297952,0.010134061175487812,0.015075894269108093,True
150143,VILLA MARIA DEL TRIUNFO,LIMA,0.00039430899999999997,0.362339514,0.4146827699999999,0.000611859,175381.0,14236937.59,0.782595943,66.47891381,2638.144788,344.714223,15.854131720000002,0.293103448,0.620689655,210.0,70.57,6903.627603999999,5,0.013119658608536219,0.009220018098824312,0.017019299118248125,True
150201,BARRANCA,LIMA,0.21684549999999997,0.043514295,0.42636029999999997,0.013542626999999998,37923.0,4018818.951,0.768112966,161.3675711,235.01004410000002,293.4550007,8.804679474,0.017610535,0.622040701,74.0,158.82,486.9034127,5,0.010167878811295196,0.006714031959364545,0.013621725663225847,True
150202,PARAMONGA,LIMA,0.062626285,0.011888808,0.8480928650000001,0.000823986,15738.0,2667170.397,0.770010872,415.11090299999995,37.91275991,541.6024397,17.05306933,0.110301595,0.572276256,37.0,408.59,61.83704936,5,0.011509779999463773,0.008327353026265602,0.014692206972661945,True
150203,PATIVILCA,LIMA,0.134905803,0.008505269,0.6479422,0.01459407,15726.0,1244050.944,0.756795956,282.9798509,55.57286128,418.907849,11.48318956,0.031265635,0.636180631,95.0,278.64,71.97459087,5,0.010618667434238957,0.005837418206622239,0.01539991666185567,True
150204,SUPE,LIMA,0.087197542,0.006055583,0.726729849,0.0016002590000000001,23802.0,1784060.8390000002,0.758479745,521.2094942,45.66685807,532.3899105,14.975859109999998,0.133369575,0.737827308,69.0,512.92,51.934024799999996,5,0.012248793583400351,0.008099950333057767,0.016397636833742932,True
150205,SUPE PUERTO,LIMA,0.165620882,0.10449971500000002,0.294390816,0.034941917,11401.0,857708.4735,0.761678072,15.50584395,735.2711683,84.73203279,5.498075928,0.151037828,0.761458874,41.0,11.51,1146.39444,5,0.007360117739501837,0.0018347908795050827,0.012885444599498592,True
150301,CAJATAMBO,LIMA,0.000745027,0.002035531,0.253071651,0.007543763,3001.0,204289.752,0.793955448,554.4521451,5.412550076,4387.17844,24.09612543,0.58119259,0.388750057,3396.0,567.96,4.009085147,5,0.030660465380210788,0.024189504362432297,0.037131426397989234,True
150302,COPA,LIMA,0.000930983,0.002289516,0.25765065,0.006597693,999.0,55642.66233,0.801643844,206.2279275,4.844154776,3961.575823,30.75355029,0.407714858,0.537075345,3433.0,212.16,4.89724736,5,0.027062417032643227,0.016551477360265906,0.037573356705020544,True
150303,GORGOR,LIMA,0.00010156,0.001487762,0.133433955,0.0016030989999999998,2331.0,165352.2635,0.79557928,337.476619,6.907145174,4190.051775,21.78576383,0.372530935,0.515767009,3049.0,309.95,6.43652202,5,0.02424629374123951,0.018068163093051714,0.0304244243894273,True
150304,HUANCAPON,LIMA,0.002309723,0.005455917,0.186039546,0.001965853,1839.0,109839.89369999999,0.798087493,150.7106419,12.20219075,3096.69714,28.78037718,0.112804583,0.834849264,3187.0,146.1,8.021902806,5,0.02529398081552378,0.014405254064012723,0.03618270756703484,True
150305,MANAS,LIMA,0.000118352,0.0018454390000000002,0.29870425,0.0031805190000000006,1337.0,91814.25294,0.786022214,283.8322383,4.710529037,2781.395639,33.65913867,0.24059827,0.71057265,2457.0,279.04,4.278956422,5,0.013628105948856769,0.007764405566362901,0.019491806331350635,True
150401,CANTA,LIMA,0.004759267,0.009430474,0.10854192599999998,0.001780553,2648.0,205942.1148,0.770765936,134.7028713,19.65808133,3873.7266749999994,21.41645904,0.10767541700000001,0.883095261,2867.0,123.09,29.320009750000004,5,0.021904796714758985,0.017722325910552412,0.02608726751896556,True
150402,ARAHUAY,LIMA,0.001498448,0.001494376,0.075100589,0.00112918,1022.0,55720.07163,0.770643151,135.8013382,7.525699038000001,3079.77241,29.086532190000003,0.237804878,0.75,2533.0,134.29,5.197706456,5,0.01852330792492702,0.010812903471322063,0.026233712378531972,True
150403,HUAMANTANGA,LIMA,0.003070947,0.001420714,0.463724041,0.000272648,2281.0,170724.7666,0.77641666,495.257341,4.6056864,2290.352771,23.90318167,0.204230992,0.781684112,3414.0,488.09,1.776311746,5,0.018832071474018327,-0.00011688418162548661,0.03778102712966214,False
150404,HUAROS,LIMA,0.000279229,0.00203655,0.225209307,0.00904796,1619.0,97082.98816,0.769482828,328.6870786,4.92565758,4493.357925,20.9276024,0.526572539,0.470393432,3614.0,333.45,3.064927275,5,0.03194407127733085,0.02272844900111743,0.04115969355354425,True
150405,LACHAQUI,LIMA,0.000282978,0.003769548,0.075184137,7.59e-05,1192.0,77227.2568,0.774350923,128.8909738,9.248126264,3858.0439510000006,23.24973236,0.0,1.0,3686.0,137.87,7.536084717,5,0.01718317890069375,0.0020685903911860145,0.03229776741020148,True
150406,SAN BUENAVENTURA,LIMA,0.001569326,0.00505837,0.091702592,0.0034104929999999997,1203.0,73195.75411,0.771397174,107.99108329999999,11.13980861,3751.4150999999997,26.790244340000005,0.777479893,0.22252010699999997,2743.0,106.26000000000002,4.639563335,5,0.014830950372339148,0.00577076147816616,0.023891139266512134,True
150407,SANTA ROSA DE QUIVES,LIMA,0.021595882,0.007983064,0.630536019,0.000282392,13134.0,1245705.994,0.775007126,411.02950380000004,31.95391055,1633.426719,26.31410381,0.009348878,0.915860097,936.0,408.11,17.4781309,5,0.008937401196634085,0.0013381119074309241,0.01653669048583725,True
150501,SAN VICENTE DE CAÑETE,LIMA,0.076291386,0.018387665,0.799892642,0.009438912,66618.0,4670162.992,0.77571779,521.8749065,127.65128039999999,354.5432983,9.266377139,0.071419116,0.735384089,77.0,513.15,118.64562019999998,5,0.013598428467394636,0.011219678441706488,0.015977178493082785,True
150502,ASIA,LIMA,0.012991895,0.033645944,0.658197631,0.013829133999999998,26372.0,3497756.4329999997,0.768764834,283.0728544,93.16329558,289.9366282,10.77439588,0.232821498,0.734373156,69.0,277.36,44.1015287,5,0.014130490645796322,0.011474011984977644,0.016786969306615,True
150503,CALANGO,LIMA,1.45e-05,0.000852988,0.863683231,0.001217566,3855.0,272370.1021,0.764215719,529.0245502,7.286996413,1443.577817,28.12986186,0.046829268,0.811707317,323.0,530.89,4.620542862,4,0.012741690917968944,0.008427711172693506,0.017055670663244378,True
150504,CERRO AZUL,LIMA,0.063394449,0.028131073,0.688992488,0.011564623,12002.0,1471108.758,0.760018189,121.4040613,98.85995472,177.474152,10.57646929,0.32559941,0.664617481,17.0,105.08,84.1263799,5,0.010852466086407764,0.00760190927039402,0.014103022902421509,True
150505,CHILCA,LIMA,0.002492968,0.021748334,0.885780595,0.0009515900000000001,37053.0,3837676.5090000005,0.757651399,485.131798,76.37718276,704.8850921,19.06815347,0.085664558,0.85324797,31.0,475.4700000000001,39.93522199,5,0.01302118525061153,0.010880891251713716,0.015161479249509335,True
150506,COAYLLO,LIMA,0.0008647180000000001,0.000582145,0.898556428,1.9e-05,3278.0,286410.4667,0.764995577,602.753076,5.438379546,1208.30214,24.7233186,0.037383178,0.962616822,285.0,590.99,2.52626948,5,0.015104013714413654,0.009466027220628625,0.020742000208198684,True
150507,IMPERIAL,LIMA,0.542696498,0.042033751,0.151584661,0.00024768,24487.0,2021670.6990000003,0.761075881,52.46637036,466.71801070000004,104.2393914,2.769086363,0.0,1.0,112.0,53.15999999999999,861.0421369,5,0.011227286011881983,0.00815697420027916,0.014297597823484803,True
150508,LUNAHUANA,LIMA,0.0009195820000000001,0.00210594,0.8959423520000002,0.0031467,7219.0,522685.63200000004,0.768588503,495.5342063,14.5681164,1442.556356,26.814264219999995,0.030166625999999995,0.651903751,498.0,500.33000000000004,9.183938601,5,0.010240228639863885,0.004913110762709017,0.015567346517018752,True
150509,MALA,LIMA,0.026605893,0.039074236,0.40729933799999996,0.01549845,32705.0,2491926.003,0.765812081,131.6544695,248.41541739999997,242.57970319999998,11.50162516,0.23162920000000004,0.636377604,58.0,129.31,267.3343129,5,0.01202438725293663,0.008112183979503976,0.015936590526369282,True
150510,NUEVO IMPERIAL,LIMA,0.038346471,0.006755220000000001,0.8415421430000001,0.000397846,33603.0,1917539.8510000003,0.765820962,321.5423831,104.5056632,886.3931754000001,18.34836278,0.002981247,0.596989914,169.0,329.3,74.74643183,5,0.01232315806388322,0.009185294594423805,0.015461021533342636,True
150511,PACARAN,LIMA,0.001519393,0.001340604,0.740106357,0.00131686,1622.0,158697.8256,0.7683336,239.4305721,6.774406399,1990.466196,28.921035640000003,0.148207247,0.665860025,721.0,258.72,7.807668522,5,0.012614146549479883,0.0041365705907458195,0.021091722508213943,True
150512,QUILMANA,LIMA,0.0463405,0.004232194,0.782076744,0.000120969,22475.0,3749199.7979999995,0.773363502,450.8392639,49.85146992,751.8732867,13.24133028,0.075,0.925,185.0,437.4,40.85733882,5,0.011767908796752949,0.008932365656701245,0.014603451936804653,True
150513,SAN ANTONIO,LIMA,0.017116736,0.074769724,0.689346888,0.059127048,8955.0,773581.9827,0.766812183,39.45439665,226.97090209999996,69.11025272,9.239167336,0.46135588,0.490577234,67.0,37.15,114.56258410000001,5,0.005711813652617521,-6.424884451709453e-05,0.011487876149752135,False
150514,SAN LUIS,LIMA,0.549632393,0.030448497,0.123557706,0.004365378,9836.0,761486.8918,0.760610634,37.61737595,261.4749103,33.15442393,2.155645847,0.20617776999999998,0.512888001,36.0,38.53,383.2857514,5,0.007641758716217645,0.00216069563180709,0.013122821800628199,True
150515,SANTA CRUZ DE FLORES,LIMA,0.036462234,0.020788928,0.529056829,0.002070136,6769.0,619590.1435,0.773369508,94.69503745,71.48209856,367.7656049,13.068226140000002,0.027121126000000002,0.9042915629999999,111.0,100.06,29.42234659,5,0.010542951636650868,0.006626304416379208,0.01445959885692252,True
150516,ZUÑIGA,LIMA,0.001854319,0.003686276,0.513524442,0.0035511149999999997,1710.0,126277.74879999999,0.764496024,129.8470418,13.16934123,1757.1895639999998,30.474682030000004,0.115666746,0.671242551,827.0,198.01,7.767284481,5,0.011087824618689178,0.004947277763608514,0.01722837147376984,True
150601,HUARAL,LIMA,0.038647006,0.015641363,0.69360353,0.001385947,72228.0,6502084.471,0.766902878,647.7774617,111.50125510000001,665.8753091,16.01622927,0.017185447,0.680816324,195.0,640.76,181.5391098,5,0.012519943395679413,0.010622830601873084,0.01441705618948574,True
150602,ATAVILLOS ALTO,LIMA,3.85e-05,0.001717273,0.212666085,0.012169719,1671.0,87079.96135,0.773639257,346.5256518,4.822153833,4334.640426,23.28913295,0.681493936,0.309710547,3293.0,347.69,2.37855561,5,0.030500846541190483,0.0055482341308714135,0.05545345895150956,True
150603,ATAVILLOS BAJO,LIMA,0.000279193,0.003040948,0.121975166,0.00010854599999999999,1398.0,95678.00134,0.784158441,177.2736083,7.886114655,3430.342299,26.60723246,0.0,1.0,1885.0,164.89,5.439990297,5,0.013426087355128784,0.004395114684076619,0.022457060026180947,True
150604,AUCALLAMA,LIMA,0.034644393,0.0069735560000000005,0.810809964,0.000952451,25632.0,2401717.789,0.767801584,722.3150722,35.48589942,839.8264911999999,17.67214204,0.238069884,0.47731219,154.0,729.41,24.25521997,5,0.012217971590402768,0.009118051443733349,0.015317891737072185,True
150605,CHANCAY,LIMA,0.149657092,0.039599574,0.645175368,0.012313273,49321.0,4365081.265,0.777718311,155.6284123,316.9151395,128.7014974,9.032813156,0.075877485,0.365896868,58.0,150.11,425.7211378,5,0.01103167614920087,0.008267329571946015,0.013796022726455724,True
150606,IHUARI,LIMA,0.001545725,0.002078242,0.141556055,0.00027922,3610.0,217320.3538,0.782782299,476.0175371,7.583754208,2763.021335,26.771777800000002,0.322368421,0.657894737,2850.0,467.66999999999996,6.401950092999999,5,0.020382855328531024,0.00961362464665535,0.031152086010406692,True
150607,LAMPIAN,LIMA,0.000459503,0.002045972,0.16858388,0.000726675,863.0,52929.45,0.784222247,148.5341831,5.810110387,2640.38382,29.93202486,0.491178057,0.44818553,2467.0,144.97,3.849072222,4,0.010524631270699207,0.0009484340903001074,0.020100828451098306,True
150608,PACARAOS,LIMA,6.83e-05,0.003465588,0.249264711,0.003943791,1741.0,107751.9223,0.777988167,306.9061887,5.672743216,4293.774064,24.71024576,0.264248705,0.729147273,3348.0,294.04,3.516528363,4,0.023299589433989236,0.0048846853552853495,0.041714493512693115,True
150609,SAN MIGUEL DE ACOS,LIMA,2.05e-05,0.008000232,0.064311543,0.0,758.0,49041.38812,0.780386676,41.75085464,18.15531697,3177.70006,28.957491179999998,0.0,0.0,1591.0,48.16,16.46594684,5,0.007001933292868976,-0.003758650906631757,0.017762517492369703,False
150610,SANTA CRUZ DE ANDAMARCA,LIMA,0.000104805,0.003558236,0.290667141,0.016107492,2091.0,140788.5432,0.777789861,217.1547649,9.62907722,4464.670086,24.73563038,0.59974211,0.367851209,3550.0,216.92,1.982297621,4,0.020400376458733105,0.0019647169693836827,0.038836035948082534,True
150611,SUMBILCA,LIMA,0.004706368,0.002563056,0.237855757,8.41e-05,1696.0,114051.401,0.780637913,237.7934627,7.132239806,2397.384265,27.46603814,0.107708553,0.740232313,3396.0,259.38,3.697278125,4,0.023879761709104014,0.013706180499165567,0.03405334291904246,True
150612,VEINTISIETE DE NOVIEMBRE,LIMA,3e-05,0.001547442,0.118590279,0.000234375,922.0,50410.66362,0.795843492,207.6464803,4.440239001,3836.59953,28.45302055,0.051282051,0.897435897,2640.0,204.27,2.966661771,4,0.014226521021000884,0.0035064214131186253,0.024946620628883136,True
150701,MATUCANA,LIMA,0.000591369,0.005824261,0.128516815,0.000469079,4177.0,259974.72960000002,0.750229686,181.3093769,23.03797007,3843.74965,28.50438123,0.23076923099999996,0.630769231,2395.0,179.44,32.98038342,5,0.016420940146488202,0.01010548472103433,0.022736395571942073,True
150702,ANTIOQUIA,LIMA,0.00075542,0.002626215,0.705079705,1.47e-05,3250.0,197815.3062,0.770366708,419.26206629999996,7.751714886,1966.165096,28.3944193,0.000316166,0.9614943009999999,1573.0,387.98,4.701273262,5,0.01478363148639152,0.0062468742303844,0.023320388742398633,True
150703,CALLAHUANCA,LIMA,6.36e-05,0.005758608,0.038653913,0.0,852.0,66638.71978,0.772382043,50.83634998,16.75966115,3165.251458,29.25062975,0.0,0.792063061,1807.0,57.470000000000006,16.51296329,5,0.013186002929581645,0.006170746269033312,0.020201259590129972,True
150704,CARAMPOMA,LIMA,7.44e-05,0.001336604,0.44505581,0.0183937,882.0,50311.03862,0.752031066,232.8028723,3.78861305,4570.049266,24.91926734,0.610111738,0.384528753,3459.0,234.21,2.271465779,4,0.029334184871109354,0.008970315185687649,0.04969805455653106,True
150705,CHICLA,LIMA,0.0,0.004221951,0.4820851970000001,0.007320541,2408.0,240006.1451,0.773812126,236.0604672,10.20077622,4643.420106,25.750238680000002,0.42215022700000004,0.512021237,3703.0,244.1,10.87668988,5,0.028184831872307387,0.01253343204184159,0.043836231702773176,True
150706,CUENCA,LIMA,0.003342751,0.010677785,0.060469297,0.001741534,768.0,54411.70022,0.776908855,67.81807213,11.3244151,3128.999362,19.5109906,0.129532666,0.850539231,2784.0,60.02,11.09630123,5,0.030804332747652815,0.01612542591009996,0.04548323958520567,True
150707,HUACHUPAMPA,LIMA,6.73e-05,0.003708911,0.046705651,0.000459799,533.0,32835.7198,0.761718761,79.11862371,6.736719814,3639.661859,27.63138597,0.475,0.525,2938.0,76.02,7.800578795,4,0.01423757701230854,0.004547316820561359,0.02392783720405572,True
150708,HUANZA,LIMA,4.16e-05,0.001406338,0.394023394,0.034717577,1196.0,68247.91344,0.762430016,235.06235139999998,5.088011724,4546.488641,22.92625156,0.806171798,0.190411538,3431.0,227.01,3.176071539,5,0.03130480610911637,0.01912569011098137,0.043483922107251376,True
150709,HUAROCHIRI,LIMA,0.000405672,0.001590088,0.228428075,0.001341703,1753.0,127609.4683,0.766084028,241.4345641,7.260766522,4233.606956,18.08538364,0.120943953,0.876106195,3170.0,249.09,7.113894576,5,0.027074646949912823,0.016622510600194793,0.03752678329963085,True
150710,LAHUAYTAMBO,LIMA,0.001179883,0.007618095,0.101431352,0.001179883,1370.0,76260.22103,0.784926788,82.33388197,16.63956523,3459.001205,22.98661405,0.230769231,0.769230769,3362.0,81.88,8.561309233,4,0.022465755458497435,0.01537954637258492,0.029551964544409948,True
150711,LANGA,LIMA,0.008017166,0.007436653,0.014992180999999999,0.000573491,1644.0,96542.11225,0.779780839,77.03423668,21.34116038,3563.771725,16.88755802,0.125967397,0.8740326030000001,2889.0,80.99,13.92764539,5,0.017141223317748786,0.012413886888667538,0.021868559746830035,True
150712,LARAOS,LIMA,0.000514111,0.00103202,0.14748925,0.004254337,589.0,31934.0184,0.761945163,117.8339423,4.99855974,4339.856484,20.23503534,0.575697211,0.416334661,3683.0,104.51,3.559467993,4,0.036842804337391885,0.020518214435130147,0.0531673942396536,True
150713,MARIATANA,LIMA,0.003009547,0.0018522280000000003,0.028265621,0.000546729,988.0,64583.93301,0.787985021,169.2012095,5.839201759,3253.028973,20.59336946,0.342857143,0.614285714,3561.0,168.63,10.94704382,5,0.028075258670143124,0.017939712198234876,0.03821080514205137,True
150714,RICARDO PALMA,LIMA,0.002507029,0.017539429,0.732700206,0.00043831600000000006,4798.0,324884.2282,0.771102126,35.17220179,136.4145477,1611.803782,29.3430387,0.0,0.359451414,975.0,34.59,242.5267418,5,0.00914356710912115,0.002371132759376505,0.01591600145886579,True
150715,SAN ANDRES DE TUPICOCHA,LIMA,0.004917675,0.007743074,0.06155143,0.002281557,1943.0,99961.15199,0.78129506,96.91316876,20.04887494,3655.215567,23.16808626,0.41737087200000006,0.555143572,3321.0,83.35,23.28734253,5,0.016099934874625486,0.00658984492790147,0.0256100248213495,True
150716,SAN ANTONIO,LIMA,0.000860225,0.00135837,0.530428191,2.54e-06,1922.0,269974.0827,0.768766077,572.503273,3.357186047,2161.618599,23.64873023,0.045434298,0.8296213810000002,3456.0,563.59,78.05496904,5,0.02009465081739633,0.010893745692062732,0.029295555942729923,True
150717,SAN BARTOLOME,LIMA,0.000660051,0.011399219,0.047799797,9.65e-05,1066.0,80180.4706,0.763632646,42.99212705,24.79523748,2419.555131,31.75263278,0.0,0.653072322,1644.0,43.91,33.02209064,5,0.016616602991358954,0.009233269391972224,0.02399993659074568,True
150718,SAN DAMIAN,LIMA,0.000186171,0.00162455,0.300562792,0.0019961,2116.0,103710.3716,0.767276229,334.8791669,6.318697038,4202.359315,24.18634459,0.605263158,0.386996904,3252.0,343.22,5.21240021,5,0.02363444625346316,0.006495543561367594,0.04077334894555872,True
150719,SAN JUAN DE IRIS,LIMA,6.72e-06,0.000736756,0.254456652,0.001383541,287.0,14228.65312,0.743938676,128.9009594,2.226515624,4383.78708,22.05324763,0.458064516,0.541935484,3436.0,124.31,3.274072882,4,0.03390876776109605,0.024971168468589974,0.04284636705360212,True
150720,SAN JUAN DE TANTARANCHE,LIMA,7.62e-05,0.001228855,0.301997194,0.009348383,556.0,30466.41666,0.771554856,139.4297217,3.98767202,4448.762481,22.14035677,0.821086262,0.178115016,3436.0,137.16,3.215223097,5,0.031735839865948995,0.019159638214570146,0.04431204151732784,True
150721,SAN LORENZO DE QUINTI,LIMA,0.00035669,0.000785584,0.255725245,0.016681124,1972.0,111830.5747,0.777726876,451.8909559,4.363884637,4201.981361,23.80419361,0.8008062729999998,0.190613202,2682.0,467.58000000000004,3.09679627,5,0.021129190913980078,0.011674406549436607,0.030583975278523547,True
150722,SAN MATEO,LIMA,1.91e-05,0.002533227,0.333336631,0.010016841,3580.0,281289.0912,0.756122207,418.459074,8.555197443,4467.947527,26.27821549,0.531356576,0.461401605,3164.0,425.6,12.81954887,5,0.026761140623280943,0.01453322730087421,0.03898905394568768,True
150723,SAN MATEO DE OTAO,LIMA,0.000654721,0.00304145,0.159251945,0.000248794,1446.0,87079.18307,0.770700623,135.0578317,10.70652462,3268.696754,30.58098872,0.091250671,0.8668813739999999,2084.0,123.91,17.39165523,5,0.015848719298262544,0.0053366502277507385,0.026360788368774347,True
150724,SAN PEDRO DE CASTA,LIMA,0.000138123,0.002690968,0.189475758,0.000745033,879.0,60508.52581,0.775562116,82.61498539,10.63971622,3795.309505,26.18246224,0.0,0.9849746859999999,3196.0,79.91,14.99186585,5,0.020751223023024745,0.010135157060425821,0.031367288985623666,True
150725,SAN PEDRO DE HUANCAYRE,LIMA,0.00011071,0.002348101,0.169122222,0.000177137,328.0,20519.77655,0.781542376,39.5610645,8.290980137,4042.127214,21.49636851,0.0,1.0,3140.0,41.75,6.491017963999999,5,0.022077741444718607,0.009117719670150475,0.035037763219286755,True
150726,SANGALLAYA,LIMA,0.001974519,0.005391112,0.034536811,0.000110206,1101.0,64042.70246,0.781145141,92.97934296,11.84133986,3090.310674,26.7010779,0.0,0.8505673650000001,2779.0,81.92,7.885742188,5,0.02786062731393253,0.016007762457256026,0.03971349217060904,True
150727,SANTA CRUZ DE COCACHACRA,LIMA,0.002944265,0.023523292,0.4865825220000001,0.000824394,2249.0,186326.6856,0.767761939,33.28204183,67.57397913,1734.979304,27.28269671,0.243288954,0.541870853,1440.0,41.5,64.26506024,5,0.01142660593254981,0.0054633345584051245,0.017389877306694494,True
150728,SANTA EULALIA,LIMA,0.00091666,0.012831272,0.35023275,0.0012325,10344.0,661719.2152,0.767459948,117.2778673,88.20078532,1929.344973,30.68243082,0.0,0.343205969,1048.0,111.12,131.7674586,5,0.009123316129648786,0.005257582121398458,0.012989050137899113,True
150729,SANTIAGO DE ANCHUCAYA,LIMA,0.0,0.000746973,0.332548613,1.88e-05,555.0,34396.10314,0.777556215,95.19248274,5.830292309,4433.523314,20.1133346,0.0,0.076923077,3400.0,94.01,5.276034464,4,0.026438515718480216,0.00960631051312939,0.04327072092383102,True
150730,SANTIAGO DE TUNA,LIMA,0.005137316,0.006239063,0.134572934,0.000635848,1113.0,62902.87765,0.784422911,63.104348349999995,17.63745335,2761.724259,26.08604838,0.357142857,0.642857143,2913.0,54.25,11.37327189,5,0.022271912059285647,0.005361512313603791,0.039182311804967486,True
150731,SANTO DOMINGO DE LOS OLLEROS,LIMA,0.00325608,0.002465723,0.636453016,0.000175578,3694.0,182714.9494,0.776360747,580.0784467,6.368104213,1895.618056,26.02435696,0.164705882,0.694117647,2861.0,552.32,10.93206837,5,0.022246889846075,0.013836836122340948,0.030656943569809053,True
150732,SURCO,LIMA,4.92e-05,0.006080155,0.048609239,0.00022963799999999997,1945.0,124149.6732,0.759955784,107.26527839999999,18.13261503,3218.574764,32.88966175,0.189199216,0.513540728,2049.0,102.58,19.4677325,5,0.01533755234615117,0.004041346068962417,0.026633758623339932,True
150801,HUACHO,LIMA,0.012060202,0.013258875,0.799487001,0.021206065,45313.0,5493134.651,0.777731042,713.9635096,63.46682903,200.1245439,8.516035206,0.214906219,0.687768063,46.0,717.02,97.78527796,5,0.01246142004511604,0.008893788823755477,0.016029051266476604,True
150802,AMBAR,LIMA,0.001081552,0.0009598479999999999,0.41190125,0.00103175,3127.0,181372.9801,0.78113812,945.2315621,3.3081840740000006,2782.825866,25.86310024,0.49548532700000003,0.48758464999999995,2084.0,929.68,2.722442131,5,0.015608764863624709,0.005417977357632031,0.025799552369617392,True
150803,CALETA DE CARQUIN,LIMA,0.326393713,0.185333735,0.161522027,0.076346017,2658.0,271291.8201,0.77280553,3.3058675050000006,804.0249634,16.0956293,2.644369589,0.06193166,0.685497883,28.0,2.04,3317.156863,5,0.007472523823373034,-0.000997500677731823,0.01594254832447789,False
150804,CHECRAS,LIMA,0.000435402,0.005348543,0.086574099,0.000995147,2219.0,120380.79040000001,0.783001983,167.5820602,13.241274139999998,3559.659277,28.027844089999995,0.176460857,0.771363712,3305.0,166.37,6.004688345,5,0.02208153827236195,0.011355162477607678,0.03280791406711622,True
150805,HUALMAY,LIMA,0.115556886,0.366058561,0.294713866,0.001156665,11487.0,1221403.367,0.76972051,6.082128224,1888.648114,43.59712896,2.36091452,0.0,0.385963434,47.0,5.81,5036.144578,5,0.011936732699618029,0.009432896543996901,0.014440568855239156,True
150806,HUAURA,LIMA,0.11565693800000001,0.0070171,0.782808489,0.004321869,18178.0,2014709.9259999997,0.766728694,483.13188389999993,37.62533711,644.2435611,15.8328795,0.037509076,0.433119488,96.0,484.43,79.54916087,5,0.011379633873143308,0.006398700542077667,0.01636056720420895,True
150807,LEONCIO PRADO,LIMA,0.000481732,0.002636271,0.222870767,0.001466825,2217.0,127775.825,0.783847407,295.902276,7.492338451,3745.537066,27.15621306,0.24547204799999997,0.73318359,3299.0,300.13,8.123146636,5,0.026463096239128535,0.014209248856196599,0.03871694362206047,True
150808,PACCHO,LIMA,0.000924852,0.004329865,0.167304191,0.002171982,3185.0,161883.9493,0.782138933,238.44882339999998,13.35716383,3156.553468,28.587611630000005,0.214337492,0.657962289,3275.0,229.25,6.865866957,5,0.02255164437021389,0.017663592615703945,0.02743969612472385,True
150809,SANTA LEONOR,LIMA,3.52e-05,0.00090482,0.264297505,0.006770785999999999,1456.0,79423.86979,0.778986745,376.1011113,3.871299382,4473.840403,24.50327328,0.35382519,0.631712253,3583.0,375.49,3.094623026,5,0.030088252095179076,0.016512118830868984,0.04366438535948917,True
150810,SANTA MARIA,LIMA,0.034868138,0.025533100999999996,0.731945021,0.003178209,29842.0,2443624.839,0.777818417,136.015438,219.4015652,324.8554781,7.84546002,0.023320682,0.4405036809999999,83.0,127.51000000000002,311.5990903,5,0.012461111869577456,0.010363332754995283,0.014558890984159628,True
150811,SAYAN,LIMA,0.027376556000000003,0.0034705,0.79078552,0.00149512,26752.0,2375510.558,0.770931243,1318.763299,20.2856722,1194.79992,20.75746772,0.052090910000000004,0.544636308,689.0,1310.77,19.15591599,5,0.009483717278490312,0.005904141534312707,0.013063293022667921,True
150812,VEGUETA,LIMA,0.117771462,0.022945877,0.625187532,0.022969876,35961.0,3268653.907,0.769153922,258.6918964,139.0109257,180.0015038,5.563396217,0.55277377,0.267023568,40.0,253.7,107.03192749999998,5,0.011410501948488559,0.007330961391271317,0.0154900425057058,True
150901,OYON,LIMA,0.00010359899999999998,0.004111612,0.250575159,0.013130673,9963.0,712611.2661,0.768577607,880.2364271,11.31854999,4448.215558,26.522485690000003,0.51162476,0.463381095,3648.0,890.43,12.52428602,5,0.02164130324785786,0.012563187590350978,0.030719418905364733,True
150902,ANDAJES,LIMA,5.020000000000001e-05,0.006528334999999999,0.099266935,0.001367753,1406.0,90703.09212,0.782726387,153.5853774,9.154517336,3780.102616,27.586686199999995,0.296430995,0.692171753,3505.0,148.18,4.055877986,5,0.02045300987069135,0.010014847453837688,0.03089117228754501,True
150903,CAUJUL,LIMA,2.63e-05,0.002436581,0.224394178,0.004567957,1020.0,57025.68924,0.771679903,104.8349891,9.729576058,4098.607814,25.08010761,0.435270373,0.553779429,3185.0,105.5,5.886255924,5,0.022883654418103982,0.015036599219161062,0.0307307096170469,True
150904,COCHAMARCA,LIMA,5.6999999999999996e-05,0.001845432,0.121697533,0.001886693,1348.0,76158.68679,0.782807047,259.4973334,5.194658389,3427.2354160000004,26.805344779999995,0.261669319,0.688984223,3492.0,265.55,6.800979100000001,5,0.019540331842525554,0.009618630665789017,0.02946203301926209,True
150905,NAVAN,LIMA,7.96e-05,0.002188533,0.181312515,0.003588558,1474.0,74874.96609,0.775772862,231.5607433,6.365500383,3377.524278,28.70608032,0.338668876,0.625870971,3131.0,227.16,4.195280859,5,0.018282187828587065,0.00252581870797711,0.03403855694919702,True
150906,PACHANGARA,LIMA,0.000267575,0.005655083,0.071595767,0.000626982,3031.0,209062.879,0.777850676,256.1519944,11.83281827,3839.3208829999994,28.40763261,0.03742962,0.923242621,2283.0,252.05,12.68795874,5,0.01827155790579194,0.012795367935904162,0.023747747875679716,True
151001,YAUYOS,LIMA,0.000496332,0.002969662,0.202848676,0.005702758999999999,1813.0,120070.9518,0.765094649,333.6877142,5.433223708,3984.814119,25.55572311,0.52870511,0.412674306,2895.0,327.17,5.737078583,3,0.01953731798999299,0.011246007483927617,0.02782862849605836,True
151002,ALIS,LIMA,0.000313055,0.002969458,0.209038207,0.005800719,1047.0,110819.0277,0.785539638,141.2838093,7.410615592000001,4440.334784,26.94362356,0.391694725,0.560044893,3285.0,142.06,2.956497255,5,0.02447322807881785,0.013301215669679418,0.03564524048795628,True
151003,AYAUCA,LIMA,0.000181793,0.0016697549999999998,0.161480388,0.0009291729999999999,1428.0,89620.40274,0.769557003,519.9650949,2.746338195,3470.785424,25.33417493,0.080741203,0.672478381,3151.0,438.7900000000001,3.409375783,5,0.02732096086891794,0.012076231235454794,0.042565690502381084,True
151004,AYAVIRI,LIMA,7.45e-05,0.000745292,0.358160347,0.008355687,614.0,38875.38657,0.767899185,245.7977149,2.497989049,4312.508293,23.51722396,0.728712771,0.263672148,3263.0,238.83,2.650420801,5,0.02880041173440584,0.017198607613323157,0.04040221585548852,True
151005,AZANGARO,LIMA,0.001132756,0.00391365,0.045130852,0.000100939,615.0,35923.15154,0.784974634,77.74685062,7.910288264,3803.38397,17.24649831,0.0,1.0,3435.0,79.84,9.118236473,5,0.015600478765482368,0.004497112768519674,0.026703844762445063,True
151006,CACRA,LIMA,0.00043866,0.001722037,0.251921899,0.000443034,806.0,53520.5999,0.778773077,210.7201068,3.824979078,3647.481676,25.77967168,0.014343302,0.933927065,2788.0,213.79,2.731652556,4,0.022445601350986392,0.016005890111164704,0.02888531259080808,True
151007,CARANIA,LIMA,0.0002872,0.001007844,0.245110445,0.004881772,518.0,30189.2266,0.773826448,122.5540875,4.226705207,4151.229375,29.4588399,0.235217076,0.743199235,3846.0,122.13,2.02243511,4,0.027343573996971893,0.017598577786144105,0.03708857020779968,True
151008,CATAHUASI,LIMA,0.000506558,0.004785429,0.177792658,0.000764435,1039.0,74826.57494,0.775905967,118.7520958,8.74931927,2898.863946,28.91766068,0.11477778899999999,0.557837876,1203.0,123.85999999999999,11.06894881,5,0.012898862028362917,0.0011230644166452496,0.02467465964008058,True
151009,CHOCOS,LIMA,0.0016767360000000003,0.002176565,0.182754501,0.0016480380000000003,780.0,49586.67242,0.783592693,213.08011690000004,3.660594951,2529.215367,27.62248557,0.24991500000000003,0.48882638400000006,2733.0,213.36999999999998,6.917561044,5,0.02209147798772503,0.013022911872485204,0.03116004410296485,True
151010,COCHAS,LIMA,0.000668975,0.00688583,0.013916288,8.63e-05,164.0,10182.62869,0.786094511,38.44218582,4.266146591,2915.88105,31.545227480000005,0.0,1.0,2851.0,27.73,6.2747926430000005,3,0.015827044776858156,-0.0021849119447900148,0.03383900149850633,False
151011,COLONIA,LIMA,0.000349241,0.001965476,0.291218442,0.008770457,1494.0,80352.33028,0.778208166,347.8003302,4.29556809,4086.9006390000004,26.15070705,0.748903383,0.242827986,3399.0,323.96,5.287689838,5,0.021500545367253484,0.010857785926728432,0.032143304807778536,True
151012,HONGOS,LIMA,0.000855555,0.00220093,0.229949609,0.0009050499999999999,326.0,18122.58596,0.780784662,121.5228041,2.682624076,4167.217866,26.70178186,0.085301837,0.84432093,3215.0,103.8,4.672447013,5,0.026227977135300912,0.015495601864832214,0.03696035240576961,True
151013,HUAMPARA,LIMA,0.000955912,0.003847592,0.020599239,6.39e-05,320.0,21126.76067,0.785922189,54.24927985,5.898695815,3004.424009,28.99349779,0.0,1.0,2501.0,54.03,6.959096798,4,0.012594158028332539,0.0003996791679152841,0.024788636888749792,True
151014,HUANCAYA,LIMA,2.78e-05,0.00086818,0.092762902,0.006463164,631.0,37059.44904,0.770684153,278.6394647,2.264575123,4439.295603,23.95414514,0.54321608,0.439698492,3591.0,283.6,1.822990127,4,0.02655175912299442,0.01896239261154497,0.034141125634443895,True
151015,HUANGASCAR,LIMA,0.004366391,0.008761527,0.003933378,1.79e-05,709.0,45249.47596,0.795456418,50.25321667,14.1085496,3170.561712,22.92261109,0.0,1.0,2529.0,50.46,17.02338486,4,0.01859800524096525,0.008531904554515553,0.028664105927414942,True
151016,HUANTAN,LIMA,0.000127514,0.000671093,0.28303031,0.006151552,1127.0,55001.3767,0.771566194,515.288043,2.18712624,4534.964056,22.7406089,0.41463123699999993,0.514913646,3315.0,516.35,1.859204028,5,0.030102910369245336,0.012787319881034286,0.047418500857456386,True
151017,HUAÑEC,LIMA,0.000516893,0.002345899,0.377523791,0.000437371,609.0,35088.24595,0.769659277,42.51096125,14.325716989999998,4326.259671,24.92477707,0.178571429,0.8214285709999999,3222.0,37.54,12.94619073,3,0.02337335271162053,0.014252813765004832,0.03249389165823622,True
151018,LARAOS,LIMA,4.22e-05,0.000567178,0.22979373499999997,0.012830966,1438.0,78976.00457,0.771192907,411.19313709999994,3.497140079,4552.493049,20.82001546,0.46676451099999994,0.523983823,3492.0,402.85,1.30569691,5,0.036638829451987764,0.02783653018529071,0.04544112871868482,True
151019,LINCHA,LIMA,2.8499999999999998e-05,0.000656282,0.24568359600000003,0.0018583329999999998,446.0,20133.99378,0.775538791,219.18259670000003,2.034833088,4301.650088,21.77414659,0.30653678,0.665752473,3516.0,221.21999999999997,5.587198264,5,0.03657695047746808,0.023910147612567406,0.04924375334236876,True
151020,MADEAN,LIMA,0.0008012479999999998,0.001075259,0.231816925,0.002545782,915.0,47280.57914,0.794417268,209.4599711,4.368376426,4155.731755,18.17439356,0.303939962,0.692307692,3292.0,220.71999999999997,4.698260239,5,0.033843006559835506,0.022485728100910693,0.04520028501876032,True
151021,MIRAFLORES,LIMA,8.41e-05,0.000475158,0.339659843,0.008840257,677.0,33181.35989,0.773222452,202.7141433,3.3396781740000003,4546.410758,26.46973954,0.594589464,0.38867837,3677.0,226.24,1.189002829,5,0.031074505564978525,0.016097618524465535,0.04605139260549151,True
151022,OMAS,LIMA,0.001992369,0.003014196,0.205920829,0.00020070399999999998,972.0,65712.05185,0.776825102,295.6321836,3.287869366,2703.119698,26.54115805,0.319444444,0.625,1572.0,295.35,2.610462164,5,0.007835716041914579,0.0013420140629402675,0.014329418020888888,True
151023,PUTINZA,LIMA,0.000401793,0.002233103,0.103713625,0.001228448,379.0,24576.60717,0.779092611,71.65734374,5.289060133,3155.563274,30.73753487,0.039416264,0.547745296,1985.0,66.44,12.3871162,5,0.006923801488895292,-0.004988513519964916,0.018836116497755497,False
151024,QUINCHES,LIMA,0.00204304,0.00252657,0.240989501,0.001420015,1206.0,71570.00162,0.784751409,115.1909402,10.46957337,3894.714508,24.04951116,0.392297958,0.601374656,2981.0,113.33,8.073766875,5,0.02498691701313141,0.017891498251877178,0.03208233577438563,True
151025,QUINOCAY,LIMA,0.000482463,0.001975677,0.221827161,0.000319772,621.0,42551.69297,0.78288116,158.0741344,3.928536457,2506.354858,30.32915889,0.0,0.794217747,2672.0,153.13,4.290472148,4,0.014553724803828664,0.007897295407254952,0.021210154200402367,True
151027,SAN PEDRO DE PILAS,LIMA,0.001452532,0.001397543,0.033372669,8.56e-06,419.0,28722.2967,0.788612412,100.7574624,4.158500919,3513.272817,24.47812184,0.0,0.0,2678.0,97.39,4.117465859,5,0.008053279368900124,-0.003687047405910058,0.019793606143710302,False
151028,TANTA,LIMA,2.51e-06,0.000735733,0.356992567,0.0372861,760.0,37347.93101,0.764248816,347.3518398,2.187983229,4665.027014,20.59354402,0.656527434,0.338597002,4293.0,347.15,1.99913582,4,0.03827106018450587,0.026306997435695943,0.0502351229333158,True
151029,TAURIPAMPA,LIMA,0.000322584,0.000689418,0.277128724,2.14e-05,440.0,27053.451049999996,0.784499771,532.6024369,0.826132157,2894.526935,25.76584331,0.1,0.8,3526.0,530.86,1.480616358,5,0.025155544040273405,0.017642731875442068,0.032668356205104734,True
151030,TOMAS,LIMA,4.82e-05,0.00069795,0.092171519,0.010129823,812.0,53846.94584,0.763022536,292.726764,2.773917865,4498.339055,20.29171225,0.668616889,0.310310796,3580.0,297.93,2.228711442,5,0.02804678828636724,0.011545804917582975,0.0445477716551515,True
151031,TUPE,LIMA,1.8e-05,0.000514407,0.272040257,0.001304463,462.0,22133.1321,0.774740042,291.4402115,1.585230801,4188.258208,24.30954761,0.382081835,0.572392086,2841.0,321.15,2.438113031,5,0.029222685051091185,0.014921848322594154,0.04352352177958821,True
151032,VIÑAC,LIMA,0.001751161,0.003570156,0.144954315,0.000154987,1739.0,81930.0104,0.793864865,157.6039542,11.03398712,3643.12255,23.6340952,0.0,0.955635296,3315.0,165.23,15.03358954,5,0.020228799387589654,0.011893171623927038,0.028564427151252264,True
151033,VITIS,LIMA,5.94e-05,0.000959811,0.144552804,0.010859221,413.0,21782.24938,0.765568522,105.3245182,3.921214234,4468.86394,24.73033254,0.461786002,0.506033789,3625.0,101.79,3.084782395,4,0.030268872554524418,0.017179156075000545,0.04335858903404829,True
160101,IQUITOS,LORETO,0.0,0.025306024,0.000129888,0.038602615,50547.0,5700578.449,0.771670912,368.5552814,137.1490318,107.50948980000001,3.468944311,0.522671908,0.231028007,107.0,358.15,487.2846573,5,0.013704080834874253,0.009326389848687888,0.01808177182106062,True
160102,ALTO NANAY,LORETO,0.0,2.88e-06,6.13e-08,0.0032235239999999997,1452.0,101019.5077,0.804214187,14627.70234,0.09926371,157.8025447,5.101111197,0.292901644,0.4888384439999999,115.0,14290.810000000001,0.32447426,5,0.024956891443827407,0.018295534001253933,0.031618248886400885,True
160103,FERNANDO LORES,LORETO,0.0,9.71e-05,7.209999999999999e-06,0.046039488,6700.0,525240.2263,0.795051433,4588.072956,1.460308078,123.13153,3.62797896,0.45835506600000003,0.139723724,129.0,4476.19,4.210947256,5,0.016889285339683036,0.010628559679474825,0.023150010999891245,True
160104,INDIANA,LORETO,0.0,8.41e-05,6.1e-06,0.029311374,5353.0,408997.4119,0.792189669,3380.4520089999996,1.583516046,122.65776209999999,3.615123648,0.54146922,0.188105248,98.0,3297.7600000000007,4.597666295,5,0.014982462368459239,0.0073404187290775505,0.022624506007840925,True
160105,LAS AMAZONAS,LORETO,0.0,1.61e-05,1.33e-07,0.032897054,1940.0,139136.4089,0.8000225779999999,6749.404618999999,0.28743276,120.5567937,3.799391344,0.470709095,0.182013232,100.0,6593.640000000001,1.878780158,5,0.0211001806979891,0.015150184203816981,0.027050177192161216,True
160106,MAZAN,LORETO,0.0,4.06e-05,1.42e-06,0.016965689,7243.0,506935.6529,0.795342551,10098.37698,0.717243971,138.8232707,3.905127137,0.56282631,0.154179024,106.0,9884.28,1.879651325,5,0.02088405235720358,0.013241029724132061,0.02852707499027509,True
160107,NAPO,LORETO,0.0,5.8e-06,3.56e-06,0.019161133,7127.0,483616.5804,0.798389701,24279.50912,0.293539707,169.7701101,4.247381581,0.601749762,0.151330457,142.0,24049.95,0.772600359,5,0.023792384590711677,0.016610434387103697,0.030974334794319654,True
160108,PUNCHANA,LORETO,0.0,0.002573116,0.000130102,0.020448441,31606.0,2771937.796,0.786659435,1610.066751,19.63024202,122.9559082,3.638464582,0.706819831,0.155521539,124.0,1573.39,64.91651784,5,0.01569851012992442,0.010399541444885887,0.02099747881496295,True
160110,TORRES CAUSANA,LORETO,0.0,6.98e-06,1.81e-06,0.030058800000000004,569.0,32598.2124,0.797155536,6954.485892,0.081817694,186.3358796,4.341161298,0.574948933,0.140838461,196.0,6795.140000000001,1.111971203,5,0.020977863206060744,0.009560036296468117,0.03239569011565337,True
160112,BELEN,LORETO,0.0,0.004128277,6.03e-05,0.086619696,19216.0,1666856.46,0.786056526,655.8020878,29.30152306,97.36469714,3.024444462,0.337636962,0.11849347000000002,116.0,632.8,126.9137168,5,0.016595321933693587,0.01180994403744726,0.021380699829939915,True
160113,SAN JUAN BAUTISTA,LORETO,0.0,0.003620603,0.000239123,0.006066841,89673.0,7881913.282,0.785932195,3214.829079,27.893551359999996,134.8677873,4.281442171,0.4539194220000001,0.23378609,120.0,3117.05,43.14367752,5,0.015589164806183584,0.011219743573837542,0.01995858603852962,True
160201,YURIMAGUAS,LORETO,0.002828094,0.003546519,0.000342941,0.028766902,50931.0,4704703.578,0.79815975,2245.227084,22.68411973,163.5637758,4.788154775,0.278842301,0.313403452,150.0,2187.67,44.01669356,5,0.015666322582698736,0.010869728834420125,0.020462916330977347,True
160202,BALSAPUERTO,LORETO,8.88e-06,4.29e-05,0.000704364,0.004173094,7213.0,401735.8235,0.8024078610000001,3016.901435,2.390863658,495.7975936000001,11.35092373,0.066445987,0.42638143,220.0,2954.17,7.794744378,5,0.01617763499716948,0.00916360445618048,0.023191665538158483,True
160205,JEBEROS,LORETO,0.0,2.4e-05,1.64e-06,0.002148785,2119.0,130125.57950000002,0.803917839,4365.51746,0.48539491999999995,163.0620952,3.6395675590000005,0.171789574,0.461512772,146.0,4253.68,1.334844182,5,0.022607368922715376,0.01146024519720891,0.033754492648221834,True
160206,LAGUNAS,LORETO,4.85e-06,0.000198414,7.35e-07,0.020816121,4740.0,369766.9635,0.792919873,6086.109312,0.778822686,143.6008206,2.733572984,0.35298984,0.199276074,119.0,5929.16,2.657037422,5,0.01950282081693988,0.015482676670903698,0.023522964962976046,True
160210,SANTA CRUZ,LORETO,1.5599999999999999e-06,7.84e-05,2.14e-05,0.014705187,1799.0,111413.49989999998,0.810943191,2281.323933,0.788577183,179.5066986,4.907963805,0.176421197,0.306608484,131.0,2222.31,2.456902952,5,0.02483357703578331,0.018274625000306154,0.031392529071260465,True
160211,TENIENTE CESAR LOPEZ ROJAS,LORETO,0.000238676,0.000276398,2.48e-05,0.020586665,3655.0,257791.3798,0.790894583,1326.287356,2.755813047,178.9122579,5.051622983,0.255080994,0.29179294,149.0,1292.03,5.934846714,5,0.012913670434231434,0.004475734908686597,0.021351605959776268,True
160301,NAUTA,LORETO,3.03e-06,0.00020694,1.4199999999999998e-05,0.035851633,15965.0,1306573.129,0.789684854,6791.522616,2.350724705,117.3120523,3.285052356,0.439984228,0.160700915,127.0,6672.35,5.778923468,5,0.01690817201426927,0.014360444673714244,0.019455899354824294,True
160302,PARINARI,LORETO,7.42e-07,5.8e-06,6.74e-08,0.012271877,2705.0,191147.0612,0.800097079,13280.309969999998,0.203685005,124.5470798,2.822952004,0.45958821600000005,0.256727328,106.0,12934.74,0.626684417,5,0.02517608487689506,0.017091014129982353,0.033261155623807756,True
160303,TIGRE,LORETO,0.0,9.95e-06,3.81e-06,0.009293648,4141.0,315249.0365,0.797303743,20217.78042,0.204819714,174.9749475,4.088732572,0.603189001,0.229541657,131.0,19785.7,0.554491375,5,0.02575935851041365,0.020326901715932984,0.031191815304894312,True
160304,TROMPETEROS,LORETO,0.0,6.41e-05,4.19e-06,0.004305808,4800.0,485881.0593,0.79723975,12628.26879,0.380099607,205.3347845,4.94539404,0.4464042650000001,0.369547641,131.0,12246.01,0.958271306,5,0.02417733491187815,0.019984687491648924,0.028369982332107375,True
160305,URARINAS,LORETO,6.78e-07,2.76e-05,1.02e-06,0.011813459,5669.0,407922.0115,0.813802875,15846.358039999997,0.357747817,140.3789207,2.526513589,0.578980448,0.173043788,100.0,15434.459999999997,1.085298741,5,0.023759085498824238,0.017448326895963175,0.030069844101685297,True
160401,RAMON CASTILLA,LORETO,1.3e-07,0.00021842899999999996,4.16e-06,0.03097358,10814.0,784107.2991,0.791416063,6888.776402999999,1.569799826,108.418652,3.6663362909999995,0.511961177,0.126768257,86.0,7163.07,3.9141038690000003,5,0.016911039232586317,0.011973004698985296,0.02184907376618734,True
160402,PEBAS,LORETO,2.3800000000000001e-07,2.9099999999999996e-05,3.17e-07,0.022356503,6213.0,412276.5805,0.793584065,11281.52085,0.55072362,119.5117945,3.692207633,0.589635786,0.158400685,117.0,11048.35,1.562133712,5,0.018966168122491495,0.008745474964423712,0.029186861280559275,True
160403,YAVARI,LORETO,0.0,4.45e-05,4.36e-07,0.012923264,6472.0,490807.8069,0.787779743,14402.98126,0.449351414,124.76493480000002,3.7979589349999996,0.564722198,0.203140175,75.0,13807.540000000003,1.302549187,5,0.021443592812063268,0.012016778946294528,0.030870406677832016,True
160404,SAN PABLO,LORETO,3.51e-07,8.19e-05,2.28e-06,0.047568445,8707.0,548376.029,0.798416424,5104.788859,1.705653307,107.5848384,3.373303935,0.622656541,0.112961991,85.0,5045.58,3.6604315060000006,5,0.01797909234353171,0.013198252978904996,0.02275993170815842,True
160501,REQUENA,LORETO,0.0,0.00046960200000000006,2.05e-05,0.037332419,8477.0,797815.5709,0.808588758,3087.706514,2.745403413,120.49332589999999,3.6513087210000004,0.277207958,0.24609422799999997,116.0,3038.56,10.7531199,5,0.01930423330920244,0.012289694506138676,0.0263187721122662,True
160502,ALTO TAPICHE,LORETO,9.79e-08,3.52e-06,7.93e-06,0.002653369,602.0,45197.58345,0.765027242,9106.47325,0.066106821,219.3285935,6.205726127,0.283793427,0.34013744,123.0,9013.8,0.249062549,4,0.02374237092746871,0.01191839410022249,0.03556634775471493,True
160503,CAPELO,LORETO,0.0,0.000173191,0.0,0.065908584,1038.0,82715.63435,0.78717341,804.5673116,1.290134443,109.6448067,2.594457513,0.3776536,0.231951244,112.0,842.3700000000001,4.589432197,5,0.011346775044478879,0.005182955171725245,0.01751059491723251,True
160504,EMILIO SAN MARTIN,LORETO,1.96e-05,4.97e-05,2.5e-06,0.019641436,2729.0,177605.8125,0.79007446,4661.108933,0.585482991,139.5167578,3.376471,0.24577295699999996,0.24932629899999997,108.0,4572.56,1.777997446,5,0.019200267738060717,0.012891984632393681,0.025508550843727745,True
160505,MAQUIA,LORETO,2e-06,8.2e-05,6.54e-06,0.027981345,3267.0,208856.8156,0.790622681,4916.534519,0.664492436,157.3915108,4.177421223,0.240385501,0.278443711,108.0,4792.06,2.091793508,5,0.021643646137668154,0.014538797576182268,0.02874849469915404,True
160506,PUINAHUA,LORETO,7.08e-07,4.22e-05,6.94e-06,0.025564489000000003,1337.0,97079.03956,0.778967689,6313.205684,0.211778305,128.9805108,3.120579454,0.314639326,0.310636117,113.0,6149.49,1.028215348,5,0.021257967282934546,0.011938239486092102,0.03057769507977699,True
160507,SAQUENA,LORETO,0.0,3.33e-05,2.75e-06,0.024626965,952.0,66895.62943,0.8051339289999999,2606.948529,0.365177904,134.5572791,3.770151823,0.29659539,0.193297627,106.0,2081.42,2.141326594,5,0.024512797208502905,0.011048339152688382,0.037977255264317424,True
160508,SOPLIN,LORETO,0.0,5.3e-06,6.62e-06,0.001322613,435.0,24836.23463,0.74647885,4718.18548,0.09219646,173.0527249,4.666786207,0.049873296,0.491820783,118.0,4711.38,0.230717964,4,0.02545302808471622,0.01250319618411945,0.03840285998531298,True
160509,TAPICHE,LORETO,0.0,5.53e-06,0.0,0.007217657,332.0,23636.2504,0.763961446,2100.232443,0.158077741,140.5835069,3.588678837,0.250371534,0.407701112,108.0,2014.2300000000002,0.696544089,3,0.02330387056907769,0.01492323639707219,0.03168450474108319,True
160510,JENARO HERRERA,LORETO,2.31e-06,0.000110909,7.7e-07,0.052475245999999996,2318.0,203658.6034,0.787188611,1165.501688,1.988843108,128.4812604,3.97479157,0.364451408,0.273080013,116.0,1517.43,3.6911093100000003,5,0.01453867336599913,0.00830501708834271,0.02077232964365555,True
160511,YAQUERANA,LORETO,0.0,4.99e-06,1.38e-06,0.001616827,1825.0,125002.4957,0.794145753,11096.84904,0.1644611,163.8982567,4.843003166,0.164572235,0.45343494399999995,90.0,10947.16,0.317982015,5,0.022943199221525983,0.014809839752387678,0.031076558690664287,True
160601,CONTAMANA,LORETO,7.09e-06,0.00016197,0.000299052,0.016239357,8756.0,731072.2121,0.8082978410000001,11057.71702,0.791845187,340.803843,8.529806622,0.274020977,0.272358072,138.0,10675.13,2.920339143,5,0.021259280420007184,0.016114715181410826,0.026403845658603535,True
160602,INAHUAYA,LORETO,4.27e-06,0.000180582,1.42e-06,0.026147446,117.0,5731.936117,0.772130768,632.8836771,0.184868095,186.7811264,6.332356302,0.375841133,0.15018687,140.0,646.04,4.835613894,5,0.011652768972067885,0.0034061547692248832,0.019899383174910884,True
160603,PADRE MARQUEZ,LORETO,7.27e-05,4.44e-05,9.42e-05,0.05188666399999999,2095.0,132112.5072,0.786877422,2447.154158,0.856096455,176.6910569,4.49112378,0.178851979,0.310475701,139.0,2475.66,2.849341186,5,0.01574768818031219,0.009295812996988683,0.022199563363635683,True
160604,PAMPA HERMOSA,LORETO,0.00019958199999999996,3.52e-05,0.000152677,0.008231153,1529.0,96124.36005,0.767506212,7508.439277,0.203637526,541.4715087,13.668228289999998,0.22802283399999998,0.26028787,111.0,7346.979999999999,1.055535744,5,0.016673220665483726,0.010235488892349225,0.023110952438618226,True
160605,SARAYACU,LORETO,5.25e-06,0.000154223,3.08e-05,0.043479466,4616.0,339579.8906,0.796119974,6276.325455,0.73546218,163.8714202,4.425117874,0.292211912,0.227098006,122.0,6303.17,2.599009705,5,0.020923976868305685,0.01204658373021779,0.029801370006393577,True
160606,VARGAS GUERRA,LORETO,4.22e-06,0.000261231,3.52e-05,0.032252541,3846.0,286691.2375,0.780141264,1906.3968,2.017418409,206.5627383,7.504403868999999,0.332654596,0.261023673,129.0,1846.4900000000002,5.547823167,5,0.01061024791414949,0.004218926956443381,0.017001568871855596,True
160701,BARRANCA,LORETO,8.440000000000001e-07,0.000153288,6.33e-05,0.015079099000000002,10509.0,926620.5852,0.796358845,7418.868208,1.416523344,493.82240949999994,8.564245349,0.450546702,0.223584065,134.0,7235.530000000001,2.709545811,5,0.019490737344699093,0.016087217321467645,0.02289425736793055,True
160702,CAHUAPANAS,LORETO,0.0,1.49e-06,0.000136394,0.003900034,736.0,40449.19661,0.785040489,4805.416611,0.153160498,373.8958294,7.11448757,0.255860108,0.379060678,162.0,4685.11,2.296424203,5,0.021974278538312672,0.012777199422162459,0.031171357654462883,True
160703,MANSERICHE,LORETO,3e-06,0.000139591,0.000122605,0.023693381,3435.0,251779.5466,0.794473596,3581.663332,0.959051614,389.7124205,8.94432986,0.382433995,0.303000841,155.0,3493.7699999999995,3.574362365,5,0.01687588382986227,0.01038175011050187,0.02337001754922267,True
160704,MORONA,LORETO,4.0500000000000004e-07,7.77e-06,6.3100000000000006e-06,0.010057877,1253.0,71299.32421,0.787793137,11082.54755,0.113060647,226.3438384,4.444003307,0.511829441,0.265017307,144.0,10776.95,1.036471358,5,0.023409506362041314,0.015090862358652644,0.03172815036542998,True
160705,PASTAZA,LORETO,2.94e-07,1.76e-05,3.63e-06,0.01828827,3769.0,274711.7041,0.797592385,9139.896356,0.41236791500000003,161.6161415,2.881686886,0.468082236,0.221564453,137.0,8908.91,1.207891875,5,0.02279916932431642,0.014255863501246729,0.031342475147386105,True
160706,ANDOAS,LORETO,0.0,3.47e-05,5.15e-06,0.017262038,3429.0,289188.4959,0.79454599,11840.02434,0.289610891,218.9186397,4.309210831,0.560936774,0.260394993,172.0,11540.66,1.301745307,5,0.021732934315169698,0.013336701378538953,0.030129167251800447,True
160801,PUTUMAYO,LORETO,0.0,3.05e-05,1.83e-06,0.017595768,1893.0,164203.9437,0.797076176,11119.39134,0.170243131,143.313955,3.925273907,0.655993053,0.17401259,131.0,10886.41,0.511738948,5,0.02430020595731136,0.01808185449646458,0.03051855741815814,True
160802,ROSA PANDURO,LORETO,0.0,1.37e-06,2.89e-08,0.010943813,393.0,23124.4561,0.766370483,7202.355829,0.05456548,172.8055043,4.331224545,0.688666234,0.145734375,132.0,7038.69,0.077429181,5,0.022552889511103593,0.015614997269979307,0.029490781752227878,True
160803,TENIENTE MANUEL CLAVERO,LORETO,0.0,1.38e-05,1.03e-05,0.013929381,1497.0,93661.77331,0.785769873,9665.529937,0.154880282,199.1967827,4.084386311,0.652854416,0.12671137,185.0,9488.52,0.360119386,5,0.023792698006633674,0.01613165641838473,0.03145373959488262,True
160804,YAGUAS,LORETO,0.0,2.83e-06,9.55e-09,0.011426577,1041.0,60938.64534,0.782470414,18041.55417,0.057700129,121.92808110000001,3.9259054210000004,0.724571305,0.12345836800000001,94.0,17725.02,0.08152318,5,0.022635747782464865,0.01280031267638618,0.032471182888543546,True
170101,TAMBOPATA,MADRE DE DIOS,4.84e-05,0.000611151,0.000567507,0.007506821999999999,76545.0,6624185.839,0.796891949,20795.30235,3.6808793980000005,346.4249704,6.516933333,0.300704523,0.331515107,204.0,22218.56,5.061354111,5,0.017433265481628206,0.012928653809201366,0.02193787715405503,True
170102,INAMBARI,MADRE DE DIOS,0.000136044,0.000588544,0.026707462000000005,0.029319118999999998,11246.0,961582.9828,0.789865988,4867.589546,2.310383793,277.2961851,4.294518889,0.205332848,0.320284613,351.0,4256.82,3.5103668939999997,5,0.016662478248697002,0.007961159628956547,0.025363796868437455,True
170103,LAS PIEDRAS,MADRE DE DIOS,0.000414465,0.00043131,0.000146645,0.007713145,20743.0,1640520.37,0.8029678199999999,7771.684962000001,2.669047974,299.2142235,5.464904681,0.396277572,0.381630104,239.0,7032.210000000001,1.710699766,5,0.01885535346071397,0.014037699983060028,0.023673006938367908,True
170104,LABERINTO,MADRE DE DIOS,5.72e-05,0.000422656,0.003078127,0.022105793,7915.0,560793.815,0.796869691,2687.901333,2.944676542,275.0388366,4.811208636,0.298783694,0.334095986,192.0,2760.9,2.667246188,5,0.01821904961840167,0.00902289756957609,0.02741520166722726,True
170201,MANU,MADRE DE DIOS,3.54e-06,4.33e-05,0.002127311,0.006501227,946.0,52590.49277,0.780538478,8727.70104,0.108390514,858.6121879999998,13.59985432,0.09392838,0.282834924,535.0,8166.65,0.391102839,5,0.0195294996111733,0.0074953279495134,0.0315636712728332,True
170202,FITZCARRALD,MADRE DE DIOS,5.32e-06,3.2e-06,0.000826863,0.006303551,386.0,14398.588829999999,0.758476166,10698.50341,0.036079813,481.8622520999999,8.626619712,0.11662794000000001,0.313631344,282.0,10955.29,0.135094552,5,0.022867450196638543,0.009983770438609462,0.03575112995466762,True
170203,MADRE DE DIOS,MADRE DE DIOS,1.58e-05,0.000150618,0.010651541,0.014651440999999998,7402.0,510771.5199,0.776140489,7875.914871999999,0.939827324,413.67652770000007,7.080888569,0.135980068,0.274573044,246.0,7234.81,0.9465348779999999,5,0.019349095763582663,0.014726764247670904,0.02397142727949442,True
170204,HUEPETUHE,MADRE DE DIOS,4.22e-05,0.000917614,0.060623193,0.016695478,6823.0,547832.2474,0.776961718,1529.036349,4.462287638,482.7220119,12.26803988,0.136325026,0.22990149100000004,444.0,1478.42,4.966112471,5,0.012574426321026384,0.008794935777555937,0.01635391686449683,True
170301,IÑAPARI,MADRE DE DIOS,1.4e-06,5.07e-05,0.000238655,0.001840107,3501.0,292994.4875,0.799958869,13873.08419,0.252359169,370.4082658,7.154591739,0.04026243,0.44969588599999993,238.0,14853.66,0.141244649,5,0.022155689264021224,0.017592854682996994,0.026718523845045455,True
170302,IBERIA,MADRE DE DIOS,4.59e-05,0.000558018,0.00020215799999999997,0.002942081,5832.0,465090.09179999994,0.810589901,2594.609647,2.24773696,324.8541929,5.190214723,0.009714407,0.433949684,268.0,2549.32,2.565389986,5,0.01822209364786204,0.010991398251019642,0.025452789044704435,True
170303,TAHUAMANU,MADRE DE DIOS,0.000262065,0.000316761,6.15e-05,0.000718195,4750.0,350501.0275,0.797355074,3526.249721,1.347040163,327.4642469,5.151805949,0.035352864,0.422422655,261.0,3793.9,0.8634913940000001,5,0.019352290487035222,0.014813497799993417,0.023891083174077028,True
180101,MOQUEGUA,MOQUEGUA,0.000527069,0.002389746,0.96712591,0.002292129,64435.0,3437136.473,0.764396393,3495.678577,18.43275878,1661.827425,11.97809331,0.559773073,0.42598613499999993,1428.0,3949.04,17.53666714,5,0.006617479041874184,0.0033780944562217664,0.0098568636275266,True
180102,CARUMAS,MOQUEGUA,0.000721411,0.001394963,0.573581111,0.024271315,7007.0,359607.8326,0.777661167,2271.502642,3.084742175,4465.991823,11.20266184,0.679908613,0.242993026,3054.0,2256.31,1.325615718,4,0.028380702573471195,0.017744003847438402,0.039017401299503984,True
180103,CUCHUMBAYA,MOQUEGUA,0.002333408,0.004386233,0.279441041,0.00015431,1427.0,71919.80498,0.773315838,69.08739029,20.65499933,3779.802105,22.25641467,0.0,0.0,3156.0,67.58,22.63983427,4,0.021895560318672666,0.014922118689175319,0.02886900194817002,True
180104,SAMEGUA,MOQUEGUA,0.002049003,0.015763054,0.792959071,0.0,9549.0,519515.7046,0.769477034,64.80967141,147.3391207,2063.88122,16.77398771,0.0,0.0,1615.0,62.55,160.2238209,5,0.007029290596490592,0.0031602371137451407,0.010898344079236042,True
180105,SAN CRISTOBAL,MOQUEGUA,0.001445932,0.001710066,0.528495864,0.002874094,2586.0,118516.23659999999,0.778095359,541.3369205,4.777061941,4077.9200110000006,19.26065961,0.426846109,0.44218418000000004,3472.0,542.73,6.529950436,5,0.02311467915318911,0.009862293748738378,0.03636706455763983,True
180106,TORATA,MOQUEGUA,0.00060581,0.003268616,0.632032482,0.000612774,15172.0,993534.4003,0.775750613,1774.859953,8.548280089,3559.77199,17.59787164,0.165141487,0.628602697,2203.0,1793.37,4.912538963,4,0.01232896413909862,0.004899521417189434,0.019758406861007806,True
180201,OMATE,MOQUEGUA,0.000553053,0.003919681,0.661573015,0.000314785,5322.0,264229.8964,0.764534122,256.203202,20.7725741,3242.165814,24.67774563,0.157013366,0.546192451,2169.0,250.63999999999996,11.21528886,5,0.013385993376662346,0.00986807209657308,0.01690391465675161,True
180202,CHOJATA,MOQUEGUA,0.000624681,0.00096148,0.454025109,0.002075678,1944.0,87969.94888,0.787538632,861.2774211,2.257112462,4433.961637,14.63592716,0.142188449,0.796298271,3634.0,847.9400000000002,1.273675024,5,0.030728324815450122,0.01669143342150197,0.044765216209398245,True
180203,COALAQUE,MOQUEGUA,0.0035377479999999994,0.001656822,0.634864683,8.1e-05,1692.0,83190.03649,0.76906052,245.4302889,6.894014620999999,3840.28763,22.67305073,0.090909091,0.909090909,2300.0,247.58,4.560142176,5,0.015069509162362835,0.009439680271897417,0.02069933805282824,True
180204,ICHUÑA,MOQUEGUA,0.000372879,0.000769793,0.279523682,0.006247461,4731.0,197434.6564,0.782669245,1002.359931,4.719861452,4455.903919,15.687618320000002,0.694287376,0.22328052,3794.0,1017.74,2.777723191,5,0.02555069889190289,0.016495413063059013,0.03460598472074676,True
180205,LA CAPILLA,MOQUEGUA,0.000525286,0.000308242,0.974195102,0.000894136,1502.0,77357.44462,0.781201464,781.5761105,1.921757817,2125.608502,21.1603498,0.4537577890000001,0.535438277,1817.0,776.04,0.931653008,5,0.012573176986969947,0.0050146917161952975,0.020131662257744595,True
180206,LLOQUE,MOQUEGUA,0.000439741,0.001128985,0.343353363,0.004201504,787.0,36028.44313,0.786708767,256.1536408,3.072374836,4477.873397,13.56894969,0.290062418,0.572492374,3325.0,254.45,2.703871095,5,0.03222212353041962,0.015079144626432738,0.049365102434406505,True
180207,MATALAQUE,MOQUEGUA,0.00043861400000000004,0.000747946,0.620566489,0.003362121,946.0,50067.44524,0.7676537,564.2622542,1.676525397,3806.0095630000005,24.97146676,0.201140067,0.567562263,2577.0,557.23,1.064192524,5,0.021392262085052193,0.0091225445925247,0.03366197957757969,True
180208,PUQUINA,MOQUEGUA,0.008262594,0.002169387,0.655101134,0.001208896,3706.0,189350.1232,0.772126767,595.8270025,6.219926228,3357.7292440000006,19.23213783,0.385194893,0.572785073,3092.0,550.99,4.370315251,5,0.0148538710457936,-0.006251898955454855,0.035959641047042044,False
180209,QUINISTAQUILLAS,MOQUEGUA,0.000504953,0.000989747,0.766182507,0.003217009,499.0,30184.57839,0.771287574,195.2597798,2.555569818,2926.468929,23.23239588,0.229772003,0.627767033,1789.0,193.79,2.884565767,4,0.01271930130607824,0.002162193037583084,0.023276409574573387,True
180210,UBINAS,MOQUEGUA,0.0008811010000000001,0.001418951,0.353050223,0.0017354460000000003,4486.0,207372.4342,0.786757601,883.0683329,5.080014573,4344.008333,15.82750187,0.125235802,0.717071841,3395.0,874.57,2.663022971,5,0.026460918080565252,0.016684252954495993,0.036237583206634505,True
180211,YUNGA,MOQUEGUA,0.00010525700000000001,0.001374757,0.24970760099999997,0.000460994,842.0,44024.50026,0.795796318,111.1182902,7.577510401,4363.922429,18.41268644,0.0,0.585966679,3619.0,110.73999999999998,6.6823189450000005,5,0.028053706634490007,0.016598793511105412,0.039508619757874605,True
180301,ILO,MOQUEGUA,0.001290232,0.039956309,0.8011984630000001,0.010937631,47488.0,3843724.142,0.768244236,280.7914361,169.121967,469.8077442,10.13812712,0.263422933,0.634017617,33.0,295.51,263.7947954,5,0.013651379235584543,0.01015375714025809,0.01714900133091099,True
180302,EL ALGARROBAL,MOQUEGUA,0.00026953,0.001645254,0.989189541,3.44e-06,9636.0,315529.9989,0.760397592,749.6321528,12.85430456,909.4362139000001,11.6916553,0.12037037000000002,0.8796296299999999,136.0,747.0,2.384203481,5,0.02180471252268409,0.011292409270509281,0.0323170157748589,True
180303,PACOCHA,MOQUEGUA,0.00029593,0.008902564,0.9193352019999999,0.025000447,4667.0,511565.3768999999,0.77492567,333.2304179,14.005324089999998,595.8744728,15.83968105,0.625911057,0.372495487,77.0,338.08,17.30359678,5,0.006074338071531301,-0.0006163652409842263,0.012765041384046827,False
190101,CHAUPIMARCA,PASCO,0.0,0.184664187,0.104814495,0.028538325999999996,15508.0,1004951.9439999999,0.785725832,15.60882331,993.5406209,4370.866734,9.163414115,0.072017763,0.142229692,4373.0,6.659999999999999,5233.633634,5,0.027499664208380604,0.0232921946547316,0.031707133762029605,True
190102,HUACHON,PASCO,0.000160968,0.0013015,0.018901222,0.015306192,3089.0,167996.4616,0.776786824,832.0436791,3.71254548,3656.544317,27.27207517,0.557559833,0.41794237599999995,3400.0,846.3,5.663476309,5,0.013659366849076461,0.005194530038540684,0.022124203659612235,True
190103,HUARIACA,PASCO,0.004016812,0.007795386999999999,0.001230223,0.000315719,4680.0,334130.8574,0.779886752,123.6481642,37.84932862,3769.7460609999994,25.49292791,0.0,0.96,2986.0,133.07,59.2921019,5,0.022667869104112247,0.01680157279148585,0.028534165416738633,True
190104,HUAYLLAY,PASCO,3.69e-05,0.003298283,0.072293584,0.05475837,9616.0,571724.6418,0.774673201,1021.9232829999999,9.409708298,4471.984001,10.15959511,0.618486444,0.339853399,4341.0,1026.87,8.352566537,5,0.028494029756466352,0.021848748810223324,0.03513931070270938,True
190105,NINACACA,PASCO,0.009129113,0.003916031,0.0033527429999999996,0.012410606,6269.0,366770.6374,0.797504578,540.1985157,11.60499301,4237.317103,13.098485970000002,0.200164681,0.328065116,4172.0,508.91999999999996,10.56551128,5,0.025207318916124946,0.01919737601350873,0.03121726181874116,True
190106,PALLANCHACRA,PASCO,0.003110475,0.007657926,0.001676741,0.001543087,1752.0,120355.6472,0.786135788,72.90219945,24.03219674,3786.0139470000004,25.90838847,0.266055046,0.660550459,3126.0,73.69,36.54498575,5,0.015318747606460938,0.005659731532630817,0.024977763680291056,True
190107,PAUCARTAMBO,PASCO,0.005030828,0.00408673,0.002546937,0.005460761,9783.0,631172.9152,0.778738138,797.2007781,12.27168898,3509.713811,26.350225549999998,0.38360415,0.59391406,2954.0,782.19,18.34336926,5,0.01568179736508328,0.008554859706245647,0.02280873502392092,True
190108,SAN FRANCISCO DE ASIS DE YARUSYACAN,PASCO,0.0017199300000000002,0.011124867,0.016203722,0.0043591,4534.0,317732.1785,0.788439017,120.69726089999999,37.56506127,4032.653061,23.59953973,0.180762852,0.721393035,3785.0,117.7,60.2548853,5,0.02433791154224765,0.02036039966044862,0.028315423424046672,True
190109,SIMON BOLIVAR,PASCO,0.000382856,0.005322385,0.069385008,0.026769167,13063.0,939805.9779,0.783969808,693.8503354,18.82682667,4363.797967,8.155684511,0.398482689,0.503544727,4234.0,697.15,21.02847307,5,0.02495999536074631,0.018239855560923064,0.031680135160569556,True
190110,TICLACAYAN,PASCO,0.000523707,0.001331759,0.016740861,0.005379319,2844.0,192166.375,0.790247644,716.8879567,3.96714713,4167.447926,23.28777405,0.499385923,0.47687663,3543.0,748.43,6.730088318,5,0.022399392072764524,0.017694646202781352,0.027104137942747696,True
190111,TINYAHUARCO,PASCO,0.002173826,0.023431164,0.073088001,0.036859259,5780.0,457805.95279999997,0.790422128,96.53021767,59.877623189999994,4310.272786,9.95239122,0.318596574,0.518312376,4281.0,94.49,78.38924754,5,0.025646926180669233,0.01989612647411103,0.03139772588722744,True
190112,VICCO,PASCO,0.010796143,0.014141369,0.015309216,0.01103107,5179.0,346917.5248,0.773451323,172.0994445,30.09306634,4115.311903,2.813325481,0.108105611,0.271762431,4128.0,173.3,24.25851125,5,0.02248627658556488,0.016043531876276957,0.028929021294852798,True
190113,YANACANCHA,PASCO,0.000868824,0.022901556,0.0038122630000000006,0.00150875,16694.0,1155206.202,0.784100342,158.3839332,105.40210529999999,4154.708925,20.46524914,0.42627186000000006,0.47694753600000006,4394.0,165.11,177.6270365,5,0.021705601087157095,0.016706709403009307,0.026704492771304884,True
190201,YANAHUANCA,PASCO,0.000768516,0.004146027,0.044937095,0.006080043,12199.0,686752.4208,0.782787802,744.1104451,16.39407171,4285.202294,17.48324343,0.4787295240000001,0.43257616500000007,3203.0,921.0599999999998,15.553818430000002,5,0.019965913245822482,0.016350685813943704,0.023581140677701257,True
190202,CHACAYAN,PASCO,0.00126442,0.006980661000000001,0.003050536,0.002862907,2987.0,160665.0646,0.782445765,160.8061121,18.57516459,3867.115461,19.64485715,0.322810657,0.637233422,3385.0,198.58,12.11098801,5,0.019455279854450516,0.013245137580444582,0.02566542212845645,True
190203,GOYLLARISQUIZGA,PASCO,0.000749351,0.007862536,0.001371861,0.000656995,850.0,57259.785330000006,0.7768519990000001,19.38944502,43.838284140000006,4117.228478,13.36111866,0.0,0.578947368,4202.0,23.17,34.48424687,3,0.020393377644927404,0.014019083048957225,0.02676767224089758,True
190204,PAUCAR,PASCO,0.001954203,0.007152705,0.005534534,0.001131038,2219.0,122896.1101,0.791608562,107.9225405,20.56104303,3460.8205050000006,27.166612309999998,0.003560408,0.909412044,3381.0,134.18,21.31465196,5,0.020547956360818444,0.013463748146222723,0.02763216457541416,True
190205,SAN PEDRO DE PILLAO,PASCO,0.001285188,0.005215419,0.001777744,0.000767637,1449.0,87198.35932,0.780478952,76.89577775,18.84368742,4111.038001,19.87052387,0.21361256499999998,0.759685864,3648.0,92.17,18.29228599,5,0.025679457495516724,0.01895749436009834,0.03240142063093511,True
190206,SANTA ANA DE TUSI,PASCO,0.000669843,0.0036430329999999995,0.001740732,0.011383934,6613.0,352551.2526,0.789329427,286.4557046,23.08559367,4041.417026,20.73265903,0.587778181,0.380471602,3786.0,353.11,19.83801082,5,0.021485026424481784,0.018057099346458202,0.024912953502505365,True
190207,TAPUC,PASCO,0.005982009,0.015939212,0.003136253,1.85e-05,2360.0,147935.4506,0.779433856,46.81617169,50.40993133,3530.203308,25.932941719999995,0.0,1.0,3713.0,60.19,42.34922745,5,0.021323224408330548,0.011309164099309765,0.031337284717351324,True
190208,VILCABAMBA,PASCO,0.000283977,0.002386519,0.000453164,0.000134193,1578.0,82522.5005,0.776457668,82.79936433,19.05811733,4065.260091,20.77509982,0.417834234,0.582165766,3459.0,102.35,16.17977528,5,0.022487020840667775,0.011832208202374824,0.03314183347896073,True
190301,OXAPAMPA,PASCO,0.001952633,0.007067480999999999,0.00048227799999999994,6.86e-05,11630.0,1048529.2049999998,0.774959029,403.8141442,28.800378009999996,2106.581918,24.46092843,0.004044088,0.713615098,1832.0,419.85,44.54686197,5,0.008744097790626302,0.004317852935379416,0.013170342645873186,True
190302,CHONTABAMBA,PASCO,0.001159914,0.001900536,0.001892855,0.00040020999999999996,4617.0,338837.3609,0.772973424,439.6593653,10.50131162,2354.300502,23.86605483,0.143577952,0.622149837,1849.0,457.09,11.60384169,5,0.008824759774749119,0.004820260882997136,0.0128292586665011,True
190303,HUANCABAMBA,PASCO,0.0015911890000000002,0.000727049,0.001754718,0.00125946,5256.0,300834.6728,0.780554528,1139.58181,4.612218232,2702.246249,22.82896384,0.20571301699999997,0.629687861,1769.0,1182.15,6.467030410999999,5,0.009028990020473105,0.0036723074923073725,0.014385672548638834,True
190304,PALCAZU,PASCO,4.1e-06,0.00024314100000000002,0.001975682,0.003874648,7783.0,517570.5246,0.78554569,2801.072687,2.778578377,825.4180252999998,17.86861026,0.22869647100000004,0.40153563800000003,302.0,2912.16,3.9369402780000002,5,0.01634431835826732,0.009723651229135814,0.022964985487398826,True
190305,POZUZO,PASCO,2.81e-05,0.00055597,0.002532708,0.002921566,2646.0,188394.5567,0.793015495,719.4974051,3.67756712,1836.5298909999997,29.14558465,0.171858902,0.610597519,750.0,750.87,10.15355521,5,0.011198053109729773,0.007867515362726785,0.014528590856732759,True
190306,PUERTO BERMUDEZ,PASCO,1.04e-05,0.000176094,0.000147212,0.002457276,14522.0,792772.5932,0.789924425,7709.099737,1.883747843,921.4169721000001,15.47874757,0.281129046,0.372198917,281.0,8014.31,3.315694052,5,0.019420019986577518,0.010930651588174986,0.027909388384980048,True
190307,VILLA RICA,PASCO,2.34e-05,0.002772317,0.000324913,0.000489981,14684.0,1042471.877,0.773329345,826.5350328000001,17.76573214,1439.635243,21.90172303,0.096519446,0.481411622,1551.0,859.2299999999999,22.95194535,5,0.00564077126068215,0.0020993945426385496,0.009182147978725748,True
190308,CONSTITUCION,PASCO,0.0,0.0008381649999999999,0.001121612,0.008292941,9065.0,594070.7813,0.8041805849999999,3065.679666,2.956929943,607.7805238,12.78579482,0.461142794,0.322330238,247.0,3171.49,5.611557974,5,0.016188078057417815,0.008217052202883445,0.02415910391195218,True
200101,PIURA,PIURA,0.044324865,0.088885971,0.398707118,0.007577323999999999,67555.0,6755087.832,0.784111931,195.412818,345.7040366,55.44113069,2.994118648,0.068342701,0.188270813,57.0,196.15,1098.536834,5,0.010363947764823477,0.006592845079387568,0.014135050450259385,True
200104,CASTILLA,PIURA,0.072446198,0.030023395,0.36396408,0.011166319,97111.0,8514699.763,0.785804186,654.1894609,148.4447638,127.08026199999999,2.568479422,0.094273843,0.47324527199999994,35.0,656.69,251.89358750000002,5,0.012480199389997943,0.00861605927512316,0.016344339504872726,True
200105,CATACAOS,PIURA,0.030003634,0.003971652,0.538358289,0.000172881,58618.0,3907862.725,0.769157704,2278.25537,25.72933691,159.5145869,2.75532226,0.009410338,0.43403739799999996,35.0,2286.97,35.99828594,5,0.013026694639986642,0.010247458389079972,0.01580593089089331,True
200107,CURA MORI,PIURA,0.104304146,0.013827223,0.776565697,0.001130007,22169.0,1219858.77,0.772815179,216.5849923,102.3570459,55.74988946999999,3.8951821969999996,0.010955827,0.253407091,35.0,217.41,91.09056621,5,0.011452459528558345,0.008588089037059935,0.014316830020056754,True
200108,EL TALLAN,PIURA,0.12243399400000002,0.009079822,0.748631183,0.003533128,5769.0,367185.6744,0.777948813,100.5932737,57.349758980000004,30.72453618,3.3489713520000004,0.0,0.315088404,21.0,100.98,62.29946524,5,0.008837026502500456,0.0028564702934568836,0.014817582711544026,True
200109,LA ARENA,PIURA,0.323324049,0.030517021,0.551279662,0.0008341040000000001,31624.0,2014301.655,0.768602011,170.5994192,185.369916,32.17948019,2.475172742,0.002792966,0.38069765,33.0,171.24,254.46157439999996,5,0.012663005936271269,0.009506149124758518,0.015819862747784016,True
200110,LA UNION,PIURA,0.10592571400000002,0.017912216,0.830775757,0.003755422,32816.0,2313953.007,0.772151597,319.6961627,102.64746289999998,63.39067471,2.630095246,0.001882226,0.472976607,27.0,320.9,141.7170458,5,0.012589008241301509,0.00840989454744023,0.016768121935162767,True
200111,LAS LOMAS,PIURA,0.057696714999999996,0.012845208,0.011845272,0.014560461,25392.0,1993692.11,0.79297667,555.0850544,45.74434098,372.5434659,9.353287187,0.534600915,0.43658691899999996,257.0,557.69,59.841489,5,0.010379795601456156,0.004404652761789724,0.01635493844112259,True
200114,TAMBO GRANDE,PIURA,0.049455072,0.013245091,0.072881564,0.006156504,97157.0,7380502.487000001,0.787273297,1490.934199,65.16518307,167.9939879,4.908910986,0.214871694,0.388496369,76.0,1496.75,78.73525973,5,0.012287889904879487,0.009841371730296138,0.014734408079462837,True
200115,VEINTISEIS DE OCTUBRE,PIURA,0.009394984,0.23012713,0.583073614,0.007339757,84852.0,7192714.289,0.784005296,71.7420907,1182.73665,48.50431169,2.730999796,0.160120846,0.652567976,53.0,72.01,1812.414942,5,0.012148747939748345,0.009450909813835666,0.014846586065661024,True
200201,AYABACA,PIURA,0.002271873,0.002398634,0.001987552,0.000696001,20001.0,1607164.528,0.796432983,1570.356056,12.73660195,2052.173523,23.65784173,0.112930584,0.716698216,2735.0,1549.99,25.8627475,5,0.01736919918045009,0.010510457100614507,0.024227941260285685,True
200202,FRIAS,PIURA,0.0024105,0.002522352,0.00040168900000000005,9.43e-05,15173.0,1295346.427,0.794463422,562.3623068,26.9808268,1818.0498240000002,20.84193321,0.0,0.533964652,1703.0,565.31,44.49770922,5,0.008158078339574689,0.004311597829673637,0.01200455884947574,True
200203,JILILI,PIURA,0.004566059,0.0017739350000000001,0.001345948,0.000156739,2339.0,205236.0713,0.783608509,97.53504934,23.98112285,1245.532143,23.91378725,0.0,0.675804973,1311.0,104.72999999999999,30.43063115,5,0.0063671521739792755,0.0019322999192911286,0.010802004428667423,True
200204,LAGUNAS,PIURA,0.0036056329999999996,0.001629889,0.002521134,0.000134584,2013.0,177873.4796,0.80295678,190.2029103,10.58343427,2149.001016,25.89953786,0.0397438,0.8745278370000001,2219.0,190.82,41.11204276,5,0.01656229732043387,0.0057952721046096774,0.027329322536258062,True
200205,MONTERO,PIURA,0.007365991,0.005583865,0.000324693,2.04e-05,4884.0,407099.1002,0.785997973,131.7441678,37.07184979,1440.427811,23.73357113,0.0,0.695230769,1058.0,130.57,55.28069235,5,0.005148539076349207,0.00035649551098728034,0.009940582641711132,True
200206,PACAIPAMPA,PIURA,0.002434769,0.001750917,0.000702383,0.00107961,16027.0,1332681.399,0.8035095959999999,967.0232819999999,16.57354099,2323.668588,25.00236876,0.256089,0.735925586,1980.0,981.5,28.38512481,5,0.0118751934989725,0.005812698200830586,0.017937688797114416,True
200207,PAIMAS,PIURA,0.028223105,0.008372615,0.002203288,2.01e-05,9063.0,689984.8026,0.788724296,324.4642821,27.932196240000003,900.4646432,18.39216136,0.0,0.221894055,598.0,319.67,34.76397535,5,0.008282666462119517,0.003216640956136712,0.013348691968102316,True
200208,SAPILLICA,PIURA,0.004326974,0.002906062,0.000270153,0.0,7784.0,588287.1991,0.787684751,276.4910923,28.1528057,1671.2114219999999,22.43723589,0.0,0.333333333,1464.0,267.09,50.33509304,5,0.005872458924001142,0.0018083204613843955,0.009936597386617884,True
200209,SICCHEZ,PIURA,0.001927168,0.004052002,7.74e-05,0.0,1460.0,142873.2065,0.783904794,34.28539946,42.58372435,1467.758114,22.92633739,0.0,0.0,1452.0,33.1,78.94259819,5,0.009672656876537535,0.003196498477118839,0.016148815275956227,True
200210,SUYO,PIURA,0.017866133,0.002803309,0.006025959,0.000700103,14758.0,1073396.807,0.785082504,1074.321585,13.73704131,526.0551031,12.78848726,0.061270071999999995,0.618313382,417.0,1078.61,12.77941054,5,0.00841059954011323,0.004872737800725025,0.011948461279501435,True
200301,HUANCABAMBA,PIURA,0.030382569000000005,0.006785439,0.001595218,5.560000000000001e-05,22258.0,2014118.629,0.800989959,445.5293937,49.95854441,2804.219483,18.72556812,0.0,0.760689501,1955.0,446.75,74.18242865,5,0.010081224045859268,0.0043940808350065,0.015768367256712035,True
200302,CANCHAQUE,PIURA,0.005352088,0.0033305059999999996,0.001966987,2.86e-06,6617.0,524315.1069,0.782911833,312.876782,21.14890072,1554.926032,24.28098416,0.0,1.0,1152.0,306.41,28.546718450000004,5,0.00778968352655854,0.0046510521557243684,0.010928314897392712,True
200303,EL CARMEN DE LA FRONTERA,PIURA,0.001490605,0.001264178,0.002422924,0.0032847760000000005,4825.0,420877.5698,0.8003504249999999,659.3629121,7.317669695000001,2731.303651,26.79200007,0.24237726100000004,0.751937984,2472.0,702.81,20.66988233,5,0.01843891660166104,0.011029912014798485,0.02584792118852359,True
200304,HUARMACA,PIURA,0.003383688,0.00250589,0.02729474,0.0008057090000000002,27368.0,1954477.3620000002,0.793265211,1920.939372,14.24719614,1599.861735,24.81504371,0.12996109,0.588701743,2188.0,1908.22,22.39521648,5,0.01339701196548535,0.0027819627765937223,0.024012061154376974,True
200305,LALAQUIZ,PIURA,0.001054808,0.003721217,2.9900000000000002e-05,0.0,4043.0,303491.9667,0.791900619,146.5172643,27.594017810000004,1640.8576390000003,23.91260334,0.0,1.0,972.0,138.95,38.37351565,5,0.009809489325849095,0.005841638581719477,0.013777340069978713,True
200306,SAN MIGUEL DE EL FAIQUE,PIURA,0.020148819,0.005983635,0.00561308,4.27e-06,5820.0,485836.9367000001,0.788303952,208.350221,27.933735669999997,1561.924836,22.54143969,0.0,0.0,1259.0,201.6,52.76289683,5,0.007119508918959341,0.0023614237543938058,0.011877594083524873,True
200307,SONDOR,PIURA,0.002579261,0.00236793,0.005957514,0.000465181,6571.0,499211.275,0.790408842,344.5166063,19.07310092,2393.443005,27.636110229999996,0.024999929,0.624755999,2003.0,336.53,25.11811726,5,0.012017647750957811,0.006709022905914448,0.017326272596001172,True
200308,SONDORILLO,PIURA,0.03544322,0.009389941,0.05226178,0.000131923,8577.0,674559.2833,0.800060429,229.74474449999997,37.33273646,2399.727598,22.24376575,0.006339922,0.540898375,1886.0,226.09,54.03600336000001,5,0.01316141377109028,0.006094717010872304,0.020228110531308255,True
200401,CHULUCANAS,PIURA,0.045258428,0.015123488,0.01889807,0.000378146,58443.0,4698944.225,0.780134167,838.9485972999998,69.66219407,203.4444081,5.714483704,0.0,0.276393835,135.0,842.26,115.97250260000001,5,0.010610954290677604,0.007292958970680939,0.013928949610674264,True
200402,BUENOS AIRES,PIURA,0.049190592,0.009804013,0.015306717000000001,0.001468575,8158.0,640821.6131,0.784387681,248.6378686,32.81077032,324.8573275,13.945911290000002,0.0,0.295177577,154.0,245.11999999999998,41.44092689,5,0.009370853610631601,0.0041644208619588275,0.014577286359304373,True
200403,CHALACO,PIURA,0.002079819,0.003755042,7.12e-05,0.0,4922.0,553198.301,0.8175566639999999,149.7212131,32.87443308,2028.218104,24.28911391,0.0,1.0,2261.0,151.96,60.48960253,5,0.011485742739656638,0.003845774543561259,0.019125710935752015,True
200404,LA MATANZA,PIURA,0.010947234,0.004812582,0.007105235999999999,0.00010419799999999998,15627.0,2365532.051,0.790494324,986.4548058,15.841577239999998,185.1121241,4.300879917,0.0,0.185383254,126.0,1043.61,16.42471805,5,0.011451949270401267,0.007748120600672965,0.015155777940129567,True
200405,MORROPON,PIURA,0.11155499500000002,0.021503708,0.022118243,0.00046368899999999993,14679.0,1185983.805,0.774667907,172.9273551,84.88535541,234.07787749999997,10.80142273,0.0,0.24513844499999998,151.0,169.96,82.35467169,5,0.009897525248837526,0.00590116349064124,0.013893887007033812,True
200406,SALITRAL,PIURA,0.016400605,0.004349232,0.014438993,0.0007836300000000001,9115.0,705183.4288,0.784841514,611.2717448,14.91153497,513.9695055,19.07214467,0.0,0.419818516,175.0,614.03,15.75493054,5,0.0082644640520494,0.004687523675013017,0.011841404429085784,True
200407,SAN JUAN DE BIGOTE,PIURA,0.061781928,0.006356658999999999,0.009280648,0.00047345699999999994,6526.0,538227.1068,0.786841955,251.47475990000004,25.95091453,500.4704737,16.45486759,0.0,0.5,201.0,245.20999999999998,32.42526814,5,0.008626031976219061,0.00612217904948357,0.01112988490295455,True
200408,SANTA CATALINA DE MOSSA,PIURA,0.013883634,0.008009438,0.000244488,0.0,2021.0,240026.8586,0.807300792,80.75088899,25.02758824,985.8126187,23.64028487,0.0,1.0,881.0,76.76,53.85617509,5,0.011265012845813457,0.007339286442199475,0.015190739249427439,True
200409,SANTO DOMINGO,PIURA,0.000953704,0.002907707,0.000456992,4.66e-06,4893.0,505603.7374,0.801888759,190.4092881,25.697275839999996,1469.533407,23.8579586,0.0,1.0,1490.0,187.32,40.37475977,5,0.009315186664869338,0.004071049830618865,0.01455932349911981,True
200410,YAMANGO,PIURA,0.008201124,0.004140687,0.000657623,0.0,5111.0,475525.08739999996,0.801431618,219.47248529999996,23.28765719,1412.17903,24.94146405,0.0,1.0,1192.0,216.91,48.16283251,5,0.01021203161600041,0.00482785360410905,0.015596209627891763,True
200501,PAITA,PIURA,0.000468611,0.016351897,0.9580352980000001,0.011761271,59656.0,4966118.726,0.784203202,703.675786,84.77767913,94.68092981,3.82865815,0.23090665100000002,0.700114046,71.0,706.31,133.5957299,5,0.012743985581784249,0.010216244523581932,0.015271726639986565,True
200502,AMOTAPE,PIURA,0.099322523,0.005609266,0.8029847629999999,0.009822717,1677.0,136795.6972,0.760948061,64.15289542,26.14067517,74.39264902,7.381650944,0.064913414,0.294450217,23.0,90.82,27.934375690000003,5,0.008940400751518477,0.0038154470046653597,0.014065354498371586,True
200503,ARENAL,PIURA,0.014715095000000001,0.026172198,0.809213042,0.002040756,1148.0,84066.47067,0.774939459,8.32719525,137.8615447,72.34437252,5.753578377,0.0,0.255153242,37.0,8.19,163.3699634,5,0.012344689536357147,0.006200926361288434,0.018488452711425858,True
200504,COLAN,PIURA,0.079439608,0.022376951,0.516179763,0.041511737,16182.0,1336008.119,0.776859029,122.9686678,131.5944971,22.00754513,3.149579061,0.192934021,0.396192396,25.0,124.93000000000002,131.2975266,5,0.012471825362816838,0.009372185600062834,0.015571465125570842,True
200505,LA HUACA,PIURA,0.170225434,0.005269502,0.713253383,0.00345768,10575.0,778584.1394,0.769761021,577.4112136,18.31450403,82.78520394,3.3303062500000005,0.04238613,0.20326090199999997,33.0,599.51,22.33323881,5,0.009614742106724467,0.0037129143045749177,0.015516569908874015,True
200506,TAMARINDO,PIURA,0.247193321,0.010069477,0.611421613,0.003570394,3162.0,300216.5626,0.759790955,65.08721866,48.58096666,63.30977578000001,5.583931147,0.021152912,0.142170473,33.0,63.67,83.65007068,5,0.0074534411789394656,0.004110089389099868,0.010796792968779062,True
200507,VICHAYAL,PIURA,0.005329135,0.004425266,0.8821758519999999,0.022145439,4358.0,292674.0313,0.773268518,158.3651272,27.51868467,30.574919169999998,4.34437943,0.088996137,0.716634704,27.0,134.36,43.13039595,5,0.008998499955086404,0.0023936110529795274,0.015603388857193283,True
200601,SULLANA,PIURA,0.12246472900000001,0.041379022,0.071281816,0.005107423,96192.0,8649447.895,0.77609477,488.8889236,196.7563496,108.82895820000002,3.412182886,0.091653852,0.379901542,76.0,529.73,365.448436,5,0.011313978391037597,0.008968725767139871,0.013659231014935323,True
200602,BELLAVISTA,PIURA,0.0,0.947099379,0.033482436,0.0,14349.0,1002552.793,0.753975894,2.169671043,6613.444949,61.20645463000001,2.258752409,0.0,0.714285714,77.0,3.09,14742.394819999998,5,0.01067186926958746,0.007125395926424576,0.014218342612750345,True
200603,IGNACIO ESCUDERO,PIURA,0.325751673,0.016195264,0.405457735,0.003320086,13613.0,1058642.767,0.767695894,188.6601794,72.15619131,64.77905496,4.638410385,0.011402909,0.3990508,39.0,306.53,70.6586631,5,0.01011614621358637,0.004467954464210814,0.015764337962961925,True
200604,LANCONES,PIURA,0.006931248999999999,0.000989206,0.022597591,0.025425132,14831.0,997887.6835999999,0.787281856,2207.285973,6.719111244999999,348.1685984,9.209497873,0.44343634400000004,0.441972702,156.0,2152.99,6.823533783,5,0.009283142228497682,0.0041471725985656165,0.014419111858429746,True
200605,MARCAVELICA,PIURA,0.020506459,0.002514874,0.095991495,0.00049136,27763.0,1768773.139,0.780278125,1654.154491,16.78380112,368.8681568,9.416011127,0.05900532000000001,0.374299916,53.0,1687.98,18.16431474,5,0.011848457948380384,0.00904621138855512,0.014650704508205655,True
200606,MIGUEL CHECA,PIURA,0.066017651,0.005361366,0.744426339,0.001422286,14479.0,977201.5497,0.782993432,478.464988,30.26135739,74.62881818,2.669510748,0.036223814,0.26155499,62.0,480.26000000000005,19.37283971,5,0.007193895719308611,0.0008818191125132572,0.013505972326103965,True
200607,QUERECOTILLO,PIURA,0.049447957,0.011686973,0.20436713,0.010825397,19917.0,1303743.061,0.775542727,254.49425190000002,78.26109962,113.12370310000001,4.082595599,0.07580652,0.362677972,66.0,270.08,105.1688389,5,0.01120304599174084,0.007806388814596405,0.01459970316888528,True
200608,SALITRAL,PIURA,0.10667322399999998,0.029364219000000004,0.277627775,0.012668781,6210.0,401114.3452,0.77031058,31.393146479999995,197.8138765,64.33629486,3.9519344340000004,0.020029937,0.42853853,65.0,28.27,262.8935267,5,0.008439424710909204,0.0027218938443465783,0.014156955577471828,True
200701,PARIÑAS,PIURA,8.86e-05,0.00802949,0.42092468,0.000687091,38828.0,4023415.592,0.77607772,1123.970359,34.54539498,292.6644384,9.937343052,0.221604548,0.566210171,23.0,1116.99,96.24078998,5,0.0118576956778018,0.008481020039649293,0.015234371315954308,True
200702,EL ALTO,PIURA,3.89e-05,0.0035554789999999994,0.396925355,0.000366286,6174.0,645008.3347,0.788164318,482.4513244,12.79714593,252.60798299999996,6.461138685,0.591995,0.39957207,276.0,491.33000000000004,18.57814503,5,0.010579683813782723,0.0038384934619827265,0.017320874165582718,True
200703,LA BREA,PIURA,0.0,0.003158714,0.856179758,0.0034029829999999996,5741.0,658897.7446,0.799678192,827.965409,6.933864552,149.9354172,4.749002177,0.026809157,0.8506217320000001,8.0,692.96,20.39078735,5,0.013472081673098883,0.00877755610760464,0.018166607238593126,True
200704,LOBITOS,PIURA,6.65e-05,0.001604989,0.8583605669999999,0.018498,1830.0,150883.6905,0.778676831,239.4416547,7.642780460999999,126.06747520000002,6.275883312,0.414544904,0.503477452,31.0,233.01,6.596283421,5,0.01079103359486551,0.0065178200092181875,0.01506424718051283,True
200705,LOS ORGANOS,PIURA,1.6e-05,0.010553595,0.513247371,0.007336219,8462.0,826597.371,0.786501725,165.1672341,51.23292186,165.0008558,9.538637836,0.572991562,0.376022714,7.0,165.01,65.8020726,5,0.010531880083432013,0.005170466277930478,0.01589329388893354,True
200706,MANCORA,PIURA,1.85e-05,0.015823919,0.33200557,0.001008108,9689.0,819901.1438,0.779098544,99.09423972,97.77561267,135.0973321,10.57219149,0.46088956400000003,0.283674736,8.0,100.19,120.3114083,5,0.011333281980628397,0.007405056634714399,0.015261507326542382,True
200801,SECHURA,PIURA,0.00297097,0.001709695,0.945334259,0.022297632,28432.0,2552166.855,0.768644351,5651.743328,5.030660161,41.95486085,3.428505639,0.031859971,0.8154993420000001,12.0,5710.85,8.221192992,5,0.013684538195535305,0.011259654518741904,0.016109421872328708,True
200802,BELLAVISTA DE LA UNION,PIURA,0.799987959,0.049147196,0.029287647,0.000495245,3300.0,244331.37999999998,0.773342758,13.82629814,238.67559969999996,12.69343672,2.108864877,0.0,0.652173913,23.0,13.88,379.6829971,5,0.00875188379767108,0.00396930350146142,0.013534464093880743,True
200803,BERNAL,PIURA,0.520807278,0.018254069,0.216129187,1.26e-05,6089.0,461184.9705,0.773413237,71.47551365,85.19001388,12.31268181,2.40345183,0.0,0.088106667,22.0,71.74,111.4719822,5,0.00913285271050777,0.004605204552325014,0.013660500868690528,True
200804,CRISTO NOS VALGA,PIURA,0.044724632,0.004807191,0.777005414,0.06312646,3826.0,264550.1642,0.76621137,264.1306494,14.485255720000001,18.62797508,2.662697578,0.089305265,0.40987933100000007,25.0,234.36999999999998,20.75350941,5,0.008706746377837547,0.004880859946613789,0.012532632809061306,True
200805,VICE,PIURA,0.066971837,0.009207887,0.86918819,0.018383766,11121.0,1043345.2279999999,0.775184228,260.049696,42.7649029,23.96268725,2.577723644,0.066018514,0.717859298,23.0,261.01,72.52595686,5,0.010989933359724646,0.0038523790969549887,0.018127487622494304,True
200806,RINCONADA LLICUAR,PIURA,0.719318286,0.033769063,0.049270558,4.68e-05,2403.0,192336.366,0.772571411,19.94778317,120.4645137,9.667679124,2.046199176,0.0,0.379464286,26.0,19.44,188.0658436,5,0.01093670553935148,0.005969935083618374,0.015903475995084584,True
210101,PUNO,PUNO,0.021275496,0.032663511,0.015691157,0.001470715,94442.0,5650549.369,0.766078683,461.6714377,204.565395,4084.257898,10.11958229,0.012531988999999999,0.024241282,3848.0,460.63,316.6120313,5,0.02337361083677086,0.02024762511048226,0.02649959656305946,True
210102,ACORA,PUNO,0.085909389,0.002795448,0.114383923,0.002623868,61178.0,2216770.829,0.783444697,1923.818398,31.800298860000005,4204.893701,9.796159717,0.040486227,0.41350668700000004,3848.0,1941.0899999999997,12.32554905,5,0.019609967340151323,0.015289314131060449,0.023930620549242197,True
210103,AMANTANI,PUNO,0.024961294,0.010975185,0.028308391,0.119248471,5607.0,248144.9588,0.782035563,13.891251360000002,403.6353425,3916.734095,13.62910589,0.746907353,0.094172474,3871.0,15.0,352.2,5,0.025485781547371585,0.02062754995823963,0.03034401313650354,True
210104,ATUNCOLLA,PUNO,0.393939599,0.006277508999999999,0.001337707,0.00981644,9757.0,372025.6946,0.775923542,130.9790275,74.492842,3853.147348,4.280296574,0.0073844010000000005,0.732468008,3844.0,124.73999999999998,45.28619529,5,0.027925332170329047,0.022382360020722872,0.03346830431993522,True
210105,CAPACHICA,PUNO,0.214699551,0.012480817,0.011146669,0.042994781,19754.0,630040.0654,0.773855027,104.1837297,189.6073414,3913.1620800000005,11.5083243,0.220485486,0.11081947699999999,3872.0,117.05999999999999,85.94737741,5,0.027683625740245032,0.025224472085497957,0.030142779394992106,True
210106,CHUCUITO,PUNO,0.107375033,0.011562654,0.005871577,0.002885224,14009.0,567303.218,0.780488358,115.6625165,121.1196196,3984.602415,10.52864245,0.082201516,0.058805564,3893.0,121.18000000000002,68.62518567,5,0.02695160424322922,0.02389518570839101,0.03000802277806743,True
210107,COATA,PUNO,0.647257187,0.01524588,0.003059721,0.016674891,14201.0,459956.7098,0.785702704,99.91765086,142.1270404,3845.3848490000005,4.551441974,0.016678769,0.132206844,3839.0,104.0,81.45192308,5,0.025791201471710837,0.0204081360856599,0.03117426685776177,True
210108,HUATA,PUNO,0.575486399,0.004142945,0.000238301,4.09e-05,8032.0,302416.5321,0.783942517,129.0689389,62.230309399999996,3822.745473,2.127161054,0.0,0.003080564,3863.0,130.37,28.44212626,5,0.024925890829347583,0.018523805609389273,0.03132797604930589,True
210109,MAÑAZO,PUNO,0.062585352,0.002925832,0.107914602,0.001252484,8040.0,368741.0434,0.779092164,411.44970329999995,19.54066302,4329.555276,12.35657522,0.397419355,0.530322581,3949.0,410.66999999999996,14.43007768,5,0.018986702772347975,0.012533306750147525,0.02544009879454842,True
210110,PAUCARCOLLA,PUNO,0.369766156,0.009646707,0.00155907,0.006564314,10621.0,423024.3277000001,0.776580491,174.274933,60.94393391,3869.8191080000006,4.797677218,0.021607552,0.028962068,3864.0,170.04,30.9927076,5,0.02584421753876741,0.020978387678401225,0.03071004739913359,True
210111,PICHACANI,PUNO,0.009260398,0.001517635,0.181077667,0.0018329500000000003,13880.0,495493.07060000004,0.775418184,1643.157613,8.447150714,4379.636855,10.69524226,0.27333518,0.527304257,3962.0,1633.48,4.157993976,5,0.022210676974065584,0.015414599616314414,0.02900675433181676,True
210112,PLATERIA,PUNO,0.128790373,0.008861255,0.008633217,0.012570034000000002,18978.0,695558.2243,0.791497376,245.32030909999997,77.36008513,3914.8975679999994,5.820508404,0.037590948,0.265530953,3835.0,238.59,32.60404879,5,0.025160709960352988,0.02032136622681678,0.030000053693889174,True
210113,SAN ANTONIO,PUNO,4.32e-05,0.000482269,0.28802307,0.00056857,1341.0,44907.07258,0.766006189,338.0322544,3.967077055,4601.131179,12.87703268,0.094110989,0.649611869,4330.0,376.75,4.053085601,5,0.04153264498442255,0.02930220979986234,0.053763080168982756,True
210114,TIQUILLACA,PUNO,0.020178457,0.000676038,0.11905495400000002,0.002851493,4299.0,142729.9283,0.75971926,490.54787079999994,8.763670696,4309.677304,12.3067795,0.272805617,0.622033107,3912.0,455.7099999999999,5.964319414,5,0.021980663468488676,0.010070872526313291,0.03389045441066406,True
210115,VILQUE,PUNO,0.190833258,0.00363925,0.019327788,0.021568129,6987.0,319008.5887,0.781529712,195.2858828,35.77831587,3966.446512,7.199931332,0.014048601999999999,0.770181996,3878.0,193.29,17.00036215,5,0.01916821192242402,0.015241225451985068,0.023095198392862972,True
210201,AZANGARO,PUNO,0.11594459900000001,0.00564291,0.024835214,0.012603827000000001,40612.0,1793770.5239999997,0.76441141,722.5171455,56.20904674,4039.7783040000004,10.10929944,0.393701822,0.369372341,3878.0,706.13,51.28659029000001,5,0.02428545454565769,0.02053964455333186,0.028031264537983522,True
210202,ACHAYA,PUNO,0.684949546,0.003108976,0.060839717,0.025718439,8763.0,236691.73279999997,0.78668634,126.85955129999999,69.07639128,3860.410852,3.384686673,0.095836855,0.386645635,3868.0,132.23,32.9501626,5,0.023790743904510275,0.014867040221657742,0.032714447587362805,True
210203,ARAPA,PUNO,0.175241235,0.004033736,0.034582682,0.011773448,19685.0,648690.1914,0.786755687,337.1853968,58.38034560999999,4058.082026,12.06659427,0.036298991,0.487368814,3846.0,329.85,25.94209489,5,0.02282914101331389,0.019791357896715198,0.0258669241299126,True
210204,ASILLO,PUNO,0.12324305399999999,0.004264645,0.029679004,0.01666537,31560.0,1126267.788,0.775082351,404.7736662,77.96949908,3999.63511,8.660388055,0.126045482,0.612558242,3927.0,392.38,43.91151435,5,0.025247644879466263,0.01972605706425008,0.030769232694682444,True
210205,CAMINACA,PUNO,0.759310314,0.002832228,0.011402838,0.024208187,6297.0,216816.10149999996,0.791076846,118.22645129999998,53.26219242,3840.757751,2.957377407,0.131819867,0.394290775,3857.0,146.88,33.65332244,5,0.02368154487754671,0.018079349482472907,0.029283740272620512,True
210206,CHUPA,PUNO,0.123038036,0.005751764,0.030663115,0.000289861,16082.0,544051.48,0.774762517,152.4740287,105.47370029999999,3979.186149,12.36562464,0.001550087,0.24422876300000002,3847.0,143.21,55.87598631000001,5,0.027801182653527795,0.02201622474437622,0.03358614056267937,True
210207,JOSE DOMINGO CHOQUEHUANCA,PUNO,0.21206105700000003,0.018375613,0.007319365999999999,0.003155269,8300.0,348986.0297,0.780033699,67.12377719,123.6521595,3955.23485,7.432449543,0.026284091,0.8322280079999999,3887.0,69.73,68.67919117,5,0.025928245457382197,0.022685826781386444,0.02917066413337795,True
210208,MUÑANI,PUNO,0.01192983,0.001655343,0.025838598,0.0018542140000000003,11488.0,455858.0721,0.76516828,786.4997614,14.606488860000002,4352.376444,13.64271331,0.573957016,0.312684366,3925.0,764.49,9.782992583,5,0.02053405479728162,0.014445682448504471,0.026622427146058766,True
210209,POTONI,PUNO,0.0037224469999999994,0.001820402,0.013099359,0.0016868529999999999,6375.0,256347.0254,0.770245882,623.8412475,10.21894597,4328.973991,10.84381308,0.004909837,0.577585685,4133.0,602.95,6.937557011,5,0.02779514749327763,0.020233294842040284,0.035357000144514976,True
210210,SAMAN,PUNO,0.712934215,0.005699573,0.034566389,0.01623873,22318.0,791799.8825,0.787576369,204.2299721,109.2787693,3841.288196,3.5907967239999996,0.039516806,0.203197535,3836.0,188.59,72.1989501,5,0.025919541229903455,0.02076013142589362,0.03107895103391329,True
210211,SAN ANTON,PUNO,0.005440476,0.002964904,0.020857709,0.000814165,11990.0,475241.51960000006,0.77049739,517.1734643,23.18371074,4379.64433,15.696392749999998,0.038671194,0.562250231,3971.0,514.84,16.71198819,5,0.020031116216093756,0.014620256955604118,0.025441975476583393,True
210212,SAN JOSE,PUNO,0.024074681,0.001486045,0.026145641000000004,0.00119673,10875.0,381691.4809,0.754342528,398.4637262,27.292321199999996,4231.639942,11.93687955,0.050220458,0.516598417,4094.0,372.73,14.92769565,5,0.023276333199195656,0.016791141962099257,0.029761524436292052,True
210213,SAN JUAN DE SALINAS,PUNO,0.348018367,0.003024196,0.049616581,0.064156622,9370.0,257419.88640000002,0.768672263,104.9298024,89.29779515,3897.3888080000006,8.33905028,0.065706514,0.718026739,3841.0,106.0,36.1509434,5,0.027179734177095155,0.021362639435811417,0.03299682891837889,True
210214,SANTIAGO DE PUPUJA,PUNO,0.251011807,0.003242529,0.030090720000000005,0.006002861,14973.0,436404.466,0.779987885,319.8055595,46.81907351,3940.874137,6.188041279,0.02683104,0.576300804,3933.0,301.27,16.83539682,5,0.02159953214793659,0.01836476875799691,0.02483429553787626,True
210215,TIRAPATA,PUNO,0.146594748,0.00314097,0.030336869,0.002637125,8633.0,298644.0077,0.781445001,201.3042125,42.885342,4025.346718,9.807197742,0.016229139,0.8216745490000001,3903.0,198.73,16.11734514,5,0.01538450047516625,0.007656548121343646,0.023112452828988852,True
210301,MACUSANI,PUNO,0.0015799210000000002,0.003622148,0.088128364,0.014823580999999999,11884.0,742315.0149,0.771507834,1020.1549090000001,11.64921121,4639.289713,13.85572299,0.586080196,0.383430796,4311.0,1029.56,14.20898248,5,0.029164192856373113,0.021368442236953326,0.0369599434757929,True
210302,AJOYANI,PUNO,0.000521166,0.001852024,0.11019832599999999,0.006751764,3220.0,172536.845,0.777724409,427.5628211,7.531057055,4612.989311,13.775853379999997,0.586444619,0.399326416,4272.0,413.11,6.206579361,5,0.03165950709211693,0.019885668158161438,0.04343334602607242,True
210303,AYAPATA,PUNO,0.000185638,0.000522567,0.019116023,0.013101424,5407.0,229282.7668,0.765876752,2057.671074,2.62772805,1731.824298,24.04560602,0.429138512,0.379652239,3481.0,1091.61,5.981073827,5,0.019613202478336002,0.013360316154706758,0.025866088801965247,True
210304,COASA,PUNO,0.00021430399999999996,0.000520461,0.023139826,0.00699287,5969.0,261059.88680000004,0.759363662,3130.784717,1.906550766,1749.0284209999998,21.82788844,0.377589394,0.421567782,3768.0,3572.9199999999996,1.9737357680000003,5,0.01944531368135906,0.01363951968336948,0.02525110767934864,True
210305,CORANI,PUNO,0.000760745,0.001251304,0.20607741500000004,0.004801167,4055.0,164770.304,0.76292365,889.7222862000001,4.55760192,4764.284571,17.93798479,0.719719084,0.266900671,4039.0,852.99,5.507684733,5,0.030921636830145156,0.021626178837312597,0.040217094822977716,True
210306,CRUCERO,PUNO,0.002294183,0.004045137,0.135798694,0.024886722,11468.0,529333.1452,0.774549573,857.8490577,13.368319170000001,4490.762306,10.03596896,0.741196646,0.213395076,4146.0,836.3700000000001,10.93774286,5,0.02831511026077425,0.02279382207622288,0.03383639844532562,True
210307,ITUATA,PUNO,0.000494326,0.0009405750000000001,0.046349877,0.011449195,6108.0,229461.5378,0.760310855,1262.45783,4.838181408,3482.570396,26.555508659999997,0.37569261,0.575883885,3787.0,1200.79,5.019195696,5,0.02014178361410074,0.013446720115126324,0.026836847113075154,True
210308,OLLACHEA,PUNO,0.000601298,0.001425878,0.05664188400000001,0.00496905,3713.0,182989.693,0.765712847,712.5096947,5.211157164,3964.6354940000006,27.995598359999995,0.514657608,0.454168516,2746.0,595.79,11.45034324,5,0.020791607739727592,0.011519057888912797,0.03006415759054238,True
210309,SAN GABAN,PUNO,5.86e-06,0.000552805,0.002736034,0.005627015,1805.0,132894.9583,0.763977895,748.0298177,2.413005414,1763.447885,29.34860422,0.21896266,0.304620027,641.0,2029.22,3.4486157240000006,5,0.011828180739225464,0.00433716798318621,0.019319193495264717,True
210310,USICAYOS,PUNO,0.0018972819999999997,0.001307635,0.122794229,0.006097279,3966.0,170452.8876,0.769471785,658.6094424,6.021778226,4289.322694,24.99337338,0.574253722,0.41763916700000003,3781.0,644.04,5.581951432,5,0.026597276363903535,0.015500295423953212,0.037694257303853854,True
210401,JULI,PUNO,0.063679593,0.006661442000000001,0.022306551,0.002925387,36482.0,1489295.453,0.766846406,774.9384621,47.0772865,4087.116969,10.41052969,0.107755253,0.118822325,3878.0,720.38,32.71190205,5,0.021805682011102126,0.01805676110193843,0.02555460292026582,True
210402,DESAGUADERO,PUNO,0.227957469,0.013669009,0.02190476,0.007078817999999999,14066.0,724501.1175,0.780737658,175.1513716,80.30767827,3864.172752,5.774947182,0.05495314999999999,0.276438363,3849.0,178.21,70.56281915,5,0.028783012102116493,0.023355862942050012,0.03421016126218297,True
210403,HUACULLANI,PUNO,0.023607816,0.002142549,0.044464185,0.00021083700000000001,8940.0,324208.1934,0.768910593,629.3051805,14.206143980000002,4189.283785,9.845314158,0.0,0.714285714,3945.0,705.28,6.84834392,5,0.021547365543214368,0.018258575840341733,0.024836155246087004,True
210404,KELLUYO,PUNO,0.161550724,0.002863229,0.023281867,0.0035258169999999997,15046.0,523238.30439999996,0.779510833,493.6569524,30.478655119999996,3938.243976,6.208967151,0.008162787,0.45744714000000003,3858.0,485.77,10.7972909,5,0.02031417786447545,0.01568215559633936,0.02494620013261153,True
210405,PISACOMA,PUNO,0.002394043,0.001158227,0.122599983,0.000195657,5965.0,235566.2682,0.770957787,959.4945969,6.216814581,4314.353344,10.0823902,0.005757507,0.700112892,3932.0,959.3399999999999,2.940563304,5,0.026917683845482373,0.015488623077387824,0.03834674461357691,True
210406,POMATA,PUNO,0.161778607,0.008294028,0.019990825,0.002677772,36865.0,1406740.598,0.764294645,402.3137573,91.63246182,4048.108595,10.40396925,0.05232458999999999,0.054897752,3878.0,382.58,40.94307073,5,0.02521036711196909,0.02175078788292365,0.02866994634101453,True
210407,ZEPITA,PUNO,0.314711368,0.005641542,0.015057541000000002,0.000291888,40828.0,1445375.438,0.78275351,524.6394586,77.82106232,3945.102903,8.351230388,0.009672001,0.072468663,3836.0,546.57,31.805624169999998,5,0.02436923474028647,0.01862428338292335,0.03011418609764959,True
210501,ILAVE,PUNO,0.339434266,0.011551944,0.032933388,0.005141232,105534.0,4072244.3760000006,0.784744025,893.2272601000001,118.1491035,4024.540698,7.293793999,0.015689397,0.169445745,3907.0,874.57,59.95975165,5,0.023924710329900043,0.020199195652988992,0.027650225006811094,True
210502,CAPAZO,PUNO,1.07e-05,0.001136826,0.278916009,0.000339711,2860.0,116353.72099999999,0.776752133,1044.749543,2.737498206,4479.023305,9.445020944,0.013234302,0.78642893,4402.0,1039.25,0.777483762,5,0.03179670217824272,0.02541175496061823,0.03818164939586721,True
210503,PILCUYO,PUNO,0.719049137,0.017245355,0.00397424,0.016051861,38381.0,1331485.138,0.788933777,153.4199098,250.1696165,3826.434272,1.871919041,0.012580572000000002,0.041633331,3841.0,157.0,71.24203822,5,0.02563130345914556,0.020918032214331334,0.030344574703959782,True
210504,SANTA ROSA,PUNO,5.89e-05,0.001235545,0.330697824,0.012343379,8996.0,421179.6219,0.771295642,2703.229343,3.3278715409999995,4495.716443,9.597298216,0.692692744,0.139902892,3981.0,2524.02,1.4888947,5,0.02918662620147258,0.020638623855860693,0.03773462854708446,True
210505,CONDURIRI,PUNO,0.0008559,0.001222191,0.075193805,0.001796836,5711.0,205135.1974,0.764162458,847.2838396,6.740362241,4210.473212,10.43565427,0.010733855,0.574332634,3969.0,1005.6699999999998,2.942317062,5,0.022536643810340696,0.014206085411212483,0.0308672022094689,True
210601,HUANCANE,PUNO,0.330940416,0.009749338,0.03635786,0.028062598,42686.0,1541705.613,0.774527072,388.5396483,109.8626618,3923.4102809999995,9.840524121,0.100290293,0.074429585,3866.0,381.62,60.476390130000006,5,0.026818928502550507,0.022845877813249343,0.03079197919185167,True
210602,COJATA,PUNO,3.57e-05,0.001119753,0.025063099,0.001877954,7041.0,253729.39589999997,0.750076552,882.3356597,7.979956292,4477.980483,7.268030476,0.032154929,0.728656632,4354.0,881.18,5.598175174,5,0.02740970173156988,0.021956534197323612,0.03286286926581614,True
210603,HUATASANI,PUNO,0.163919443,0.00622463,0.026650029,0.001265551,4440.0,160885.3759,0.770577995,106.5301216,41.67835289,3953.7125270000006,10.15020327,0.0,0.214264192,3849.0,106.72999999999999,27.22758362,5,0.02138911894815861,0.01697964260241842,0.025798595293898795,True
210604,INCHUPALLA,PUNO,0.042126202,0.001355282,0.037406958,0.000417004,7805.0,225548.7662,0.762567073,297.607734,26.22579694,4208.668691,11.56893434,0.0,0.54690748,3930.0,289.03,11.99183476,5,0.02358912991746738,0.016314162616326715,0.03086409721860804,True
210605,PUSI,PUNO,0.344112683,0.008377299,0.018113204,0.00024040800000000003,16746.0,577361.2975,0.783334265,198.2735744,84.45906143,3906.381462,8.105677598,0.0,0.072088636,3851.0,148.42,36.94246058,5,0.026250260765655935,0.02183538229753228,0.03066513923377959,True
210606,ROSASPATA,PUNO,0.05362581400000001,0.001463908,0.024296164,0.0031498160000000006,8769.0,277756.0469,0.74687904,306.283366,28.630350110000002,4106.390079,9.211396275,0.165066116,0.35645121,3891.0,301.47,19.26891565,5,0.02308314351493869,0.017028176108089283,0.029138110921788096,True
210607,TARACO,PUNO,0.786129527,0.013524636000000001,0.036785614,0.015643598,29675.0,1320692.025,0.787340256,197.6296454,150.1545982,3829.371457,2.930385524,0.019454361,0.080461811,3848.0,198.02,75.52772447,5,0.025193071055952566,0.018688725890908024,0.0316974162209971,True
210608,VILQUE CHICO,PUNO,0.066862791,0.003636945,0.060317194,0.004112923,20928.0,686225.5017,0.76333146,509.941503,41.04000141,4039.625909,10.0997963,0.265771164,0.338652942,3851.0,499.38,20.60755337,5,0.024610282869416317,0.019330886867149663,0.02988967887168297,True
210701,LAMPA,PUNO,0.072083219,0.002915692,0.028198005000000005,0.005066584,20792.0,836909.9124,0.77493965,662.998599,31.360548919999996,4083.1732490000004,10.86153514,0.001769404,0.79931054,3881.0,675.82,19.79817111,5,0.020361714211742456,0.0169110495007796,0.023812378922705314,True
210702,CABANILLA,PUNO,0.099350604,0.001929746,0.08875154,0.003264215,12776.0,510841.1575999999,0.774972965,386.1068549,33.08928562,4162.555206,10.2489754,0.052350145,0.589694031,3890.0,443.0400000000001,14.129649690000003,5,0.020324102585585743,0.016061444636855562,0.024586760534315924,True
210703,CALAPUJA,PUNO,0.260131578,0.007566443000000001,0.015820144,0.015758393,3629.0,132373.845,0.790536594,138.4032359,26.22048521,3954.333598,9.707884143,0.10173881300000001,0.611396766,3851.0,141.3,15.38570418,5,0.01801646502107323,0.009179841571251573,0.026853088470894883,True
210704,NICASIO,PUNO,0.26366697,0.005065383,0.019219419,0.012171108,4484.0,178846.5611,0.773284545,133.6652622,33.54648713,3888.7697400000006,6.185705354,0.030165090999999998,0.589801551,3868.0,134.35,24.13844436,5,0.022525104434116497,0.018284130272952677,0.026766078595280317,True
210705,OCUVIRI,PUNO,0.001005271,0.000334647,0.179417931,0.015766816,3639.0,170132.7944,0.784368947,882.9194076,4.121553982,4648.3498,14.264007330000002,0.750317762,0.21480318999999998,4227.0,878.26,2.909161296,5,0.030041357294057932,0.016706267095620515,0.043376447492495335,True
210706,PALCA,PUNO,0.000682139,0.000558589,0.193889971,0.001151257,2321.0,97680.38965,0.77788324,496.57832840000003,4.673985688,4563.097118,15.75372517,0.136097601,0.6332285,4082.0,483.9599999999999,4.411521613,5,0.03375086047748583,0.018513303162527237,0.04898841779244442,True
210707,PARATIA,PUNO,0.0,0.000561115,0.22410027999999999,0.002855377,2745.0,100742.3872,0.777691548,749.9572646,3.660208561,4697.42734,14.55647688,0.642582512,0.271871227,4352.0,745.08,3.4680839640000003,5,0.0366058368546457,0.025189194445302446,0.04802247926398895,True
210708,PUCARA,PUNO,0.174573388,0.003481211,0.010247302,0.00314568,14413.0,637741.776,0.78526558,527.1603019,27.34082963,4095.5504369999994,10.52092174,0.046974975,0.772535131,3894.0,537.6,11.74479167,5,0.019090623961257495,0.015869742372780327,0.022311505549734687,True
210709,SANTA LUCIA,PUNO,0.000347366,0.001703066,0.10095615900000002,0.054658237,11464.0,519661.23149999994,0.782131237,1594.081822,7.191600733,4491.741366,10.10813016,0.881770191,0.105186525,4053.0,1595.67,5.038009112,5,0.025219373149821336,0.016685304078107824,0.03375344222153485,True
210710,VILAVILA,PUNO,0.0,0.000747704,0.082062702,0.000753007,986.0,42338.8269,0.779388134,161.633296,6.100228261,4599.156448,15.963190520000001,0.22023809499999997,0.75,4316.0,156.65,7.302904564,5,0.030541536962013522,0.02017020624569587,0.040912867678331175,True
210801,AYAVIRI,PUNO,0.075838966,0.00468572,0.02133702,0.0019427989999999998,27274.0,1560184.06,0.775987662,1020.565253,26.724405830000002,4186.433954,12.22166648,0.030692496000000003,0.748657541,3937.0,1013.14,27.5342006,5,0.021071025856901487,0.017714356060600466,0.02442769565320251,True
210802,ANTAUTA,PUNO,0.002083372,0.0017059539999999998,0.055961744,0.002882602,7869.0,489368.7819,0.779283365,657.2826669,11.97201812,4468.929286,13.168602490000001,0.55342699,0.363558961,4152.0,636.17,9.187795715,5,0.02676232880191124,0.014070329205877821,0.03945432839794466,True
210803,CUPI,PUNO,0.06170057799999999,0.0016932490000000002,0.021239447,0.002053314,4379.0,190775.1963,0.785632017,217.4245513,20.14031982,4246.093816,13.42367542,0.004395604,0.597655678,3984.0,214.25,9.876312719,5,0.016804551340523985,0.006760665394691702,0.026848437286356268,True
210804,LLALLI,PUNO,0.027158479000000003,0.00353752,0.027439477,0.01716186,4611.0,211472.3956,0.785333442,229.65251660000004,20.07816012,4260.029427,14.13236087,0.68607249,0.275172889,3998.0,216.36000000000004,14.882603069999998,5,0.021556599728635037,0.0177797321879746,0.02533346726929547,True
210805,MACARI,PUNO,0.039197378,0.001671069,0.019484348,0.001311336,14781.0,593274.5658,0.780558711,693.9036628,21.30122781,4270.292222,12.42257498,0.389726626,0.570232967,3979.0,673.78,11.48742913,5,0.02063907385429134,0.01328983493152359,0.02798831277705909,True
210806,NUÑOA,PUNO,0.008853687,0.000741382,0.070464205,0.001054798,12669.0,599937.5631,0.768174931,2208.861319,5.735534364,4507.057975,14.10627495,0.237396948,0.596489999,4038.0,2200.16,4.468311396,5,0.02603399104952291,0.02091551080001719,0.031152471299028626,True
210807,ORURILLO,PUNO,0.079812611,0.001430259,0.013214896,0.027389841000000005,17287.0,611686.0108,0.770300804,398.692737,43.35920471,4044.25219,11.09258246,0.502833882,0.33436233,3915.0,379.05,23.4401794,5,0.023618838440974378,0.020562321457062577,0.02667535542488618,True
210808,SANTA ROSA,PUNO,0.013502035,0.002194697,0.079869064,0.000834202,10996.0,485683.67530000006,0.77839066,806.6704219,13.6313415,4339.967566,13.851635050000002,0.287719051,0.607217154,4010.0,790.38,8.401022293,5,0.020289671607655043,0.01294971289795397,0.027629630317356116,True
210809,UMACHIRI,PUNO,0.16705127,0.002952406,0.026935721000000003,0.002363613,9289.0,410261.8368,0.781522026,332.8319604,27.90897842,4026.5001409999995,6.184457348,0.011452988,0.694459147,3943.0,323.56,11.50327605,5,0.017865573664061985,0.011925550437550518,0.02380559689057345,True
210901,MOHO,PUNO,0.034318005,0.003974331,0.025883319,0.004833183,24453.0,880481.1583,0.765617417,506.3944651,48.28844248,4026.311726,10.94260477,0.065624035,0.247862537,3902.0,494.36,32.98810583,5,0.023702000835310873,0.020388379663626884,0.027015622006994876,True
210902,CONIMA,PUNO,0.009192865,0.007686337999999999,0.036787255,0.028550450999999998,5576.0,213720.0722,0.77064661,70.77854713,78.7809333,4047.898996,13.49104873,0.10996068,0.314288268,3862.0,72.95,52.98149417,5,0.028275184851993235,0.02157269596593016,0.03497767373805632,True
210903,HUAYRAPATA,PUNO,0.013420547,0.001409725,0.012978789,1.49e-05,6573.0,228322.84240000002,0.757571596,404.5168444,16.24901433,4268.283436,9.669845423,0.0,0.777777778,3912.0,388.35,9.723187846,5,0.023371249889025864,0.013382939779439992,0.03335955999861173,True
210904,TILALI,PUNO,0.036606315,0.008340055,0.041887235,0.005449387,5019.0,189232.6408,0.77210777,52.09748929,96.3386157,3964.517051,9.66516481,0.039153741,0.272114302,3843.0,48.15,65.54517134,5,0.02840968773758881,0.021079747704644995,0.03573962777053262,True
211001,PUTINA,PUNO,0.016400711,0.002423339,0.028593753,0.002589104,18579.0,879194.1175,0.772733915,1039.696256,17.86964211,4363.399184,10.99926774,0.588934778,0.329028433,3878.0,1021.9199999999998,16.76550023,5,0.018234908390289076,0.013429943692580609,0.023039873087997542,True
211002,ANANEA,PUNO,7.18e-06,0.0035616100000000006,0.21464529700000004,0.044053267,24032.0,970544.5877,0.758547803,968.1834173999999,24.82174304,4748.915988,10.02532596,0.696372755,0.24810598,4705.0,939.5599999999998,5.262037549,5,0.030473029846146575,0.018426965224430696,0.042519094467862464,True
211003,PEDRO VILCA APAZA,PUNO,0.031378036,0.001763345,0.006974224999999999,0.0,4845.0,153525.7612,0.769375955,143.206071,33.83236456,4111.165188,13.390646999999998,0.0,0.6,3873.0,565.81,3.870557254,5,0.022248394948299954,0.017319899266118582,0.027176890630481326,True
211004,QUILCAPUNCU,PUNO,0.018318791,0.002689642,0.076009613,0.001839317,6733.0,265222.6304,0.768797371,525.6815268,12.80813507,4385.550128,12.80967976,0.351854473,0.357546934,3928.0,516.66,11.32466225,5,0.021668037310386565,0.015143876835561697,0.02819219778521142,True
211005,SINA,PUNO,0.000273146,0.001422008,0.111892734,0.006515509,2201.0,74633.835,0.762689595,468.5967583,4.69700219,3919.397166,28.844706969999997,0.739851402,0.22991747,3181.0,163.43,11.34430643,5,0.0140815465095473,-0.0014689143286119085,0.029632007347706504,False
211101,JULIACA,PUNO,0.259565226,0.086855999,0.032317537,0.026944332000000005,198035.0,11244265.95,0.767204304,395.6713878,500.5037162,3891.355285,6.449323398999999,0.377564012,0.45950779099999994,3877.0,533.5,518.4573571,5,0.02500318905865312,0.021912972425455587,0.028093405691850665,True
211102,CABANA,PUNO,0.38109514,0.007384632,0.015752124,0.002793302,10740.0,442829.6271,0.78469364,193.5521217,55.48892932,3879.878618,3.895919025,0.012562797,0.73329244,3912.0,191.23,27.04073629,5,0.02114490076947654,0.01460968040054602,0.02768012113840706,True
211103,CABANILLAS,PUNO,0.00499531,0.001496255,0.085232529,0.015693426,8290.0,414903.6015,0.769505416,1272.853421,6.51292589,4312.853182,12.19272153,0.784423926,0.155663845,3894.0,1267.06,4.085836503,5,0.02357295081017386,0.01846618131018485,0.02867972031016287,True
211104,CARACOTO,PUNO,0.491993671,0.01612507,0.020804302,0.009169862,34666.0,1397660.268,0.785647961,278.3598874,124.5366217,3837.001748,3.4794165999999995,0.084981172,0.293473308,3844.0,285.87,38.818344,5,0.02529544323875741,0.018614658162845216,0.0319762283146696,True
211105,SAN MIGUEL,PUNO,0.347718036,0.080091805,0.019579281,0.009696142,62874.0,3349885.04,0.773597679,121.2644822,518.4865252,3847.569803,3.974970912,0.187186482,0.49650797,3875.0,121.8,234.3596059,5,0.026890776117935573,0.02346291815915318,0.030318634076717966,True
211201,SANDIA,PUNO,0.000960766,0.001226404,0.0037698259999999996,0.000726686,8810.0,382690.7632,0.754099671,703.3922017,12.52501802,3120.807982,30.411546559999998,0.24699540199999998,0.690336134,2206.0,580.13,22.82074707,5,0.014159781133798023,0.010573789255931087,0.017745773011664967,True
211202,CUYOCUYO,PUNO,0.00142972,0.005008013,0.173518425,0.03017299,7038.0,326316.7823,0.768411111,513.5238867,13.70530209,4413.666475,16.43620766,0.695042979,0.250531778,3425.0,503.91,13.159095869999998,5,0.023886344360182634,0.01696704347147279,0.030805645248892476,True
211203,LIMBANI,PUNO,0.00020734999999999997,0.00021092200000000002,0.027783318,0.006453044,3416.0,143768.3402,0.768172336,2401.041125,1.422716156,1674.930057,23.80925209,0.295852343,0.418605724,3333.0,2112.34,1.39608207,5,0.017271968829531567,0.008468694165551793,0.026075243493511344,True
211204,PATAMBUCO,PUNO,0.001338464,0.001417414,0.064349816,0.0070262779999999995,5012.0,207586.9259,0.775882422,473.3640773999999,10.58804468,3898.533166,26.151327099999996,0.68105636,0.283946836,3650.0,462.7200000000001,11.2098029,5,0.020527650774157025,0.012777879681082585,0.028277421867231464,True
211205,PHARA,PUNO,0.000164597,0.001236772,0.00329165,0.002468537,4174.0,184107.5071,0.758294538,433.97798380000006,9.617999429,2811.794103,30.89549428,0.324550429,0.378387363,3485.0,400.9,12.826141180000002,5,0.019805781725554677,0.014706502422697741,0.024905061028411613,True
211206,QUIACA,PUNO,0.00032047,0.001006975,0.090210732,0.002633534,3352.0,142432.4664,0.780326223,414.5607481999999,8.085666611,3867.792311,28.44015357,0.388940977,0.571020981,2970.0,447.9,5.617325296,5,0.01448029289597155,0.0060374472972033,0.022923138494739797,True
211207,SAN JUAN DEL ORO,PUNO,2.61e-05,0.001155729,0.000875563,5.95e-05,1857.0,100548.8573,0.759138288,202.4465513,9.172791476,1758.935734,27.74381508,0.0,0.609459459,1308.0,197.14,21.75611241,5,0.009639887248836914,0.00409324035423453,0.015186534143439297,True
211208,YANAHUAYA,PUNO,4.03e-06,0.00041665899999999994,0.001524582,0.000168443,2603.0,93787.22253,0.76017111,648.5968906,4.013278568,2199.993888,28.8663532,0.0,0.9132402230000001,1419.0,670.61,3.4655015580000006,5,0.008480081376623528,-0.0013118005322910308,0.018271963285538085,False
211209,ALTO INAMBARI,PUNO,2.04e-05,0.00044641500000000003,0.003897785,0.001839749,8537.0,325048.3081,0.770331733,1365.523008,6.251817034,1843.510715,26.5549076,0.081551819,0.48110487200000007,1352.0,1124.88,5.631711827,5,0.00784173702075623,0.0016593953304315347,0.014024078711080919,True
211210,SAN PEDRO DE PUTINA PUNCO,PUNO,2.98e-06,0.000100305,0.002520728,0.0033675280000000003,7888.0,334953.1651,0.759964313,5559.152346,1.418921359,681.0008099,12.78638917,0.12508464,0.29566253,948.0,5361.88,1.653338008,5,0.01648016626767379,0.008613926151560536,0.024346406383787045,True
211301,YUNGUYO,PUNO,0.282741652,0.029407496999999998,0.026004817000000003,0.006522559,48677.0,1935741.008,0.780561536,175.3205128,277.645777,3988.970773,9.635684011,0.05150814299999999,0.041463975,3850.0,170.59,163.1103816,5,0.02659745271566448,0.02234618871533203,0.030848716715996927,True
211302,ANAPIA,PUNO,0.014789866000000002,0.000957212,0.002242242,0.893738072,1352.0,57214.93526,0.779896524,120.6799402,11.20318752,3817.854776,0.9782390189999999,0.9734711879999999,0.007493547000000001,3864.0,9.54,131.6561845,5,0.022359045500944162,0.01671300782048022,0.028005083181408104,True
211303,COPANI,PUNO,0.20379728400000002,0.014078411000000002,0.062639631,4.59e-05,10093.0,370920.4033,0.788041068,59.46435102,169.7319457,4072.683817,11.5112487,0.0,0.0,3864.0,47.37,114.9039476,5,0.027779498778316696,0.019662796347993398,0.03589620120863999,True
211304,CUTURAPI,PUNO,0.159861145,0.017720011,0.051698908,2.19e-05,3314.0,138811.1447,0.77410335,23.79286191,139.285472,4046.475299,12.67822443,0.120617486,0.181327,3861.0,21.74,55.56577737,5,0.01935056651308232,0.010488959558449366,0.02821217346771527,True
211305,OLLARAYA,PUNO,0.178559825,0.017619314,0.00203722,0.035459547,4786.0,194955.0555,0.774935311,27.221393130000003,175.8175997,3874.562314,7.379045727,0.061541252000000005,0.11337697900000002,3852.0,23.67,99.95775243,5,0.025155014058808194,0.021785434192497885,0.0285245939251185,True
211306,TINICACHI,PUNO,0.036114031,0.047279006,0.037258414,0.0,983.0,53492.39829,0.77150061,4.060222505,242.1049582,3921.831929,12.871961539999997,0.081006444,0.126112304,3853.0,6.2,118.3870968,5,0.020865431278033617,0.013757299259863635,0.0279735632962036,True
211307,UNICACHI,PUNO,0.128577746,0.031617946,0.006728415999999999,0.030759195,1850.0,83776.76471,0.778979351,8.041037284,230.0698199,3867.5596649999998,10.04841134,0.22377783,0.077435332,3827.0,11.1,106.1261261,5,0.025754973829187233,0.018779145352447034,0.03273080230592743,True
220101,MOYOBAMBA,SAN MARTIN,0.02272986,0.002985655,0.000359313,0.002727496,58668.0,4587026.938,0.791957237,2709.065786,21.65617398,1127.039411,12.04035229,0.263466921,0.36529078,895.0,2737.57,32.30456208,5,0.006723728084149985,0.002573665750949669,0.0108737904173503,True
220102,CALZADA,SAN MARTIN,0.180658113,0.0076193910000000005,0.000662169,0.0018400690000000002,5334.0,484325.0065,0.793351968,116.3767728,45.83388825,837.5317057,4.067208313,0.0,0.23965339599999996,856.0,95.38,55.98657999999999,5,0.007586004376235437,0.003480517800605953,0.011691490951864919,True
220103,HABANA,SAN MARTIN,0.295370976,0.007230041000000001,0.000622046,0.004883044,3628.0,308383.5424,0.795493495,69.08949948,52.51159767,837.0743209,2.796336423,0.049684124,0.291039342,850.0,91.25,27.528767120000005,5,0.00817831539648771,0.004276420780029521,0.012080210012945895,True
220104,JEPELACIO,SAN MARTIN,0.014220272,0.0035000619999999995,0.000165894,0.000671215,15957.0,955383.4026999999,0.790504099,387.7464624,41.1531801,1216.588042,15.441377710000001,0.210761036,0.405897716,1067.0,360.03,52.52895592,5,0.005872926285809776,0.0013470733398478563,0.010398779231771694,True
220105,SORITOR,SAN MARTIN,0.008117288,0.004583167,0.000109596,0.00041391199999999995,20929.0,1578661.253,0.793016642,585.9384862,35.71876655,1458.563004,17.22021575,0.02092624,0.255535364,904.0,387.76,73.55064989,5,0.006928714421490825,0.003787166854647922,0.010070261988333724,True
220106,YANTALO,SAN MARTIN,0.072524464,0.004853264,0.000250348,0.026131707999999997,2077.0,162626.7834,0.789221136,69.91904526,29.705783199999996,830.1348688,4.345755431,0.249902451,0.367128968,862.0,100.32,41.97567783,5,0.005034432374185354,-0.0018247202633139758,0.01189358501168468,False
220201,BELLAVISTA,SAN MARTIN,0.087271609,0.012078856,0.002003763,0.02458192,13658.0,1266186.269,0.79395071,260.5063946,52.428655430000006,404.7093425,9.653645749,0.46594554199999993,0.198598398,330.0,287.12,65.47088325,5,0.009051060879969845,0.003592471542053449,0.01450965021788624,True
220202,ALTO BIAVO,SAN MARTIN,0.001549264,8.8e-05,8.19e-05,0.001205906,1230.0,106095.8218,0.784045121,5983.651203,0.20556011000000002,990.9530947,14.735413650000002,0.086526454,0.46142157,253.0,6117.12,1.966611739,5,0.016987305926783738,0.012124069492908108,0.021850542360659368,True
220203,BAJO BIAVO,SAN MARTIN,0.061533884,0.000859105,6.65e-05,0.005295315,5891.0,455566.2654999999,0.796458343,1127.193593,5.22625398,543.3917649,12.31671829,0.183944136,0.317332588,256.0,975.43,15.729473160000001,5,0.009243202173833098,0.004899016824385256,0.013587387523280939,True
220204,HUALLAGA,SAN MARTIN,0.026652444000000004,0.000952601,0.000266184,0.002675465,1370.0,90103.11753,0.794597518,257.4048003,5.322356066,458.19206109999993,12.33388888,0.296879733,0.392574262,267.0,210.42,14.109875490000002,5,0.010586440048838807,0.006486335047126613,0.014686545050551003,True
220205,SAN PABLO,SAN MARTIN,0.056563635,0.002535464,0.000117954,0.002853971,6639.0,479945.5053,0.793989351,349.504544,18.99546119,413.1293127999999,11.84329926,0.061662755,0.525993533,278.0,362.49,27.236613420000005,5,0.008118795527779213,0.002550285148900616,0.013687305906657808,True
220206,SAN RAFAEL,SAN MARTIN,0.562252631,0.012034721,0.003973619,0.084209929,4861.0,408726.2015,0.786106419,107.6274682,45.16505015,240.8334692,2.105240928,0.301518126,0.26431637,242.0,98.32,60.3539463,5,0.006544572926023054,0.003044712112407274,0.010044433739638833,True
220301,SAN JOSE DE SISA,SAN MARTIN,0.0037665279999999995,0.003674661,0.000185298,0.000407658,8623.0,694154.0621,0.800293181,309.8091496,27.833264489999998,700.3861147,15.19456179,0.0,0.611940299,342.0,299.9,60.78026009,5,0.013514316537479587,0.009951004475494619,0.017077628599464555,True
220302,AGUA BLANCA,SAN MARTIN,0.005746065,0.00131971,0.00019293,9.93e-05,2487.0,169059.381,0.792754041,153.2961277,16.22350178,536.6298866,14.53764902,0.0,0.444444444,318.0,168.19,16.04138177,5,0.009472041751676373,0.0034515024536663766,0.015492581049686371,True
220303,SAN MARTIN,SAN MARTIN,2.41e-05,0.001029364,9.28e-05,3.61e-05,6491.0,410069.099,0.8071412419999999,522.8580952,12.41445826,1266.203044,18.61918374,0.0,0.198553616,437.0,562.57,22.25500827,5,0.011548349570333608,0.005583329669652665,0.01751336947101455,True
220304,SANTA ROSA,SAN MARTIN,0.02013602,0.001601571,6.14e-05,0.000627308,5969.0,399588.4401,0.791012464,250.2934577,23.84800648,589.5671335,13.44731495,0.0033468080000000006,0.597214931,288.0,243.41,32.59110143,5,0.008813075511913904,0.006187211651441803,0.011438939372386004,True
220305,SHATOJA,SAN MARTIN,0.006308388,0.002999382,0.00021216600000000001,0.000141444,1650.0,130167.75120000001,0.800150182,62.28344122,26.491792480000004,678.2298712,12.78293391,0.0,0.280526811,413.0,24.07,136.8508517,5,0.012489500978075498,0.0027926811899782987,0.022186320766172697,True
220401,SAPOSOA,SAN MARTIN,0.000766657,0.001827426,0.00011431900000000001,0.001556686,11305.0,860070.49,0.796399673,527.6643758,21.42460344,820.7940215000001,15.823149849999998,0.043780146,0.524442869,317.0,545.43,31.49258383,5,0.011768792522880487,0.00850799495073229,0.015029590095028683,True
220402,ALTO SAPOSOA,SAN MARTIN,9.93e-05,0.000200277,0.000621709,0.000504216,7054.0,436310.1146,0.803485753,1384.119706,5.096380008,1397.682843,17.7202841,0.031553708,0.346186068,408.0,1347.34,3.019282438,5,0.014787760595390376,0.009826231010876423,0.01974929017990433,True
220403,EL ESLABON,SAN MARTIN,0.029594319,0.001885868,0.000408572,0.005522518,1415.0,102328.2062,0.795760635,125.1810598,11.30362694,494.8263793,13.80644028,0.030455969,0.419589416,293.0,122.77000000000001,23.95536369,5,0.00887920168728327,0.0047811380501698525,0.012977265324396687,True
220404,PISCOYACU,SAN MARTIN,0.016147893,0.001768556,4.52e-05,0.002115095,3739.0,280043.0415,0.8019036639999999,180.4833846,20.71658845,625.3692189,14.238253570000001,0.041141108,0.627719997,310.0,184.87,25.54227295,5,0.01303433699093204,0.008082346972292993,0.017986327009571083,True
220405,SACANCHE,SAN MARTIN,0.011181725,0.002550451,0.000425972,0.005990161,2298.0,173953.068,0.798194517,162.400203,14.150228620000002,515.7304159,15.19836555,0.013966803,0.311701846,269.0,143.15,20.92909535,5,0.011310058058959103,0.004390569491602408,0.018229546626315797,True
220406,TINGO DE SAPOSOA,SAN MARTIN,0.033492085,0.004283871,0.006293193,0.070127421,725.0,61277.905790000004,0.794941931,47.139878,15.37975979,354.7944424,12.00025566,0.347878931,0.354651598,259.0,37.29,24.2156074,5,0.009461614313270925,0.0052905390652395945,0.013632689561302251,True
220501,LAMAS,SAN MARTIN,0.0,0.011996242,0.000172099,0.001025204,9864.0,945900.591,0.78432719,129.9922065,75.88147216,669.3290638,12.11441158,0.250662516,0.698965213,764.0,79.82,206.8529191,5,0.009173820885217806,0.003382504366913789,0.014965137403521822,True
220502,ALONSO DE ALVARADO,SAN MARTIN,0.0,0.002841431,0.000164078,0.000594961,1190.0,71631.11879,0.793911849,297.5244435,3.9996713749999997,1243.770641,17.33871787,0.020711071,0.488118108,1090.0,294.2,58.24269205,5,0.010240371367726882,0.005689521300728794,0.014791221434724968,True
220503,BARRANQUITA,SAN MARTIN,0.000389932,0.0003153,0.000626289,0.004554322,6803.0,462633.1035,0.779594547,1062.041791,6.405585974999999,295.8483655,9.186164629,0.11705086900000002,0.322000921,173.0,1065.12,7.200127685,5,0.01063543708346173,0.005675878547604303,0.015594995619319155,True
220504,CAYNARACHI,SAN MARTIN,0.001331975,0.000631957,0.0008883790000000001,0.0018768820000000003,7917.0,615786.8947,0.789662284,1277.199089,6.198720361,375.9583077,12.99855866,0.029445251999999998,0.317598211,193.0,1678.69,6.254281612,5,0.011345320473351912,0.006189467542793072,0.016501173403910753,True
220505,CUÑUMBUQUI,SAN MARTIN,0.00039653500000000005,0.001533854,9.65e-06,0.0071015670000000005,4436.0,305038.884,0.778797363,182.8597913,24.25902364,616.7814807,14.111541679999998,0.316748868,0.536534977,248.0,191.46,26.98736028,5,0.011911758215933538,0.005045881673116017,0.018777634758751056,True
220506,PINTO RECODO,SAN MARTIN,0.0,0.000531447,0.000122737,0.00254898,4624.0,308128.9007,0.790884213,562.1324676,8.22581912,1112.165028,18.16515161,0.10872942599999999,0.516360024,276.0,524.07,18.57385464,5,0.0100106167827068,0.004786348021419708,0.015234885543993892,True
220507,RUMISAPA,SAN MARTIN,0.044965742,0.012307984,0.000557662,0.000967798,2473.0,205168.5412,0.794423129,33.39275091,74.05798961,514.8265675,9.673493318,0.091301385,0.807404043,328.0,39.19,99.97448329,5,0.011183060281542107,0.0075330203530197095,0.014833100210064504,True
220508,SAN ROQUE DE CUMBAZA,SAN MARTIN,0.0,0.000107895,0.000118821,0.000271348,1314.0,80529.3541,0.780852131,655.0212257,2.006041863,982.5296537,17.05437473,0.0,0.461111111,611.0,525.15,3.7989145960000004,5,0.01051238508841731,0.004287528651992632,0.016737241524841996,True
220509,SHANAO,SAN MARTIN,0.0,0.004044087,1.64e-05,0.008433027,1094.0,89268.79081,0.791400549,24.4540645,44.73693934,500.5217777,13.07095394,0.211504246,0.541285888,260.0,24.59,117.5274502,5,0.007911865676093286,0.0028071411674837716,0.013016590184702793,True
220510,TABALOSOS,SAN MARTIN,0.0,0.002810059,5.97e-05,0.003415332,7695.0,520504.53669999994,0.790797349,363.5162851,21.16824009,897.0569223999998,19.06145504,0.226289276,0.543842639,597.0,485.25,31.04379186,5,0.009622355681012155,0.006139977893415618,0.013104733468608689,True
220511,ZAPATERO,SAN MARTIN,2.06e-05,0.0016250879999999998,6.84e-05,0.000669923,4708.0,325617.6078,0.789926083,175.1693737,26.876844389999995,715.5352182,12.1564532,0.208915483,0.53307873,299.0,175.0,40.47428571,5,0.010351578404384292,0.0033978442757302742,0.017305312533038304,True
220601,JUANJUI,SAN MARTIN,0.000788089,0.008205631,0.00194556,0.024256331,16354.0,1505808.905,0.781265183,449.5413298,36.37930245,493.5062481,14.703814259999998,0.47235361600000003,0.224677455,299.0,335.19,108.7293774,5,0.008125225282414024,0.0002845277151607654,0.015965922849667285,True
220602,CAMPANILLA,SAN MARTIN,1.37e-05,0.000731029,0.000752582,0.009175742,5036.0,332375.3096,0.776361378,1817.4247360000002,2.770953812,1016.5914300000001,20.22251019,0.4508610940000001,0.24695798,318.0,2249.83,6.418262713,5,0.009056548262923415,0.0046003209684940295,0.0135127755573528,True
220603,HUICUNGO,SAN MARTIN,1.02e-05,8.64e-05,0.000952714,0.002057581,4759.0,332607.5551,0.789009225,9783.252345,0.48644355,2289.692466,27.00886757,0.291701219,0.457945733,308.0,9830.17,1.029178539,5,0.015989124520272464,0.011157850573410313,0.020820398467134616,True
220604,PACHIZA,SAN MARTIN,1.48e-06,0.000216654,0.000350283,0.002956671,3602.0,259842.6946,0.796617907,1808.210054,1.992025203,1056.012282,17.85572271,0.331463953,0.281792216,295.0,1839.5099999999998,3.9575756590000006,5,0.015606663452271893,0.010590836783977015,0.020622490120566772,True
220605,PAJARILLO,SAN MARTIN,0.030311861000000002,0.001509322,0.000954816,0.009921491,4870.0,350050.9364,0.795214908,456.25254770000004,10.673913,412.8989809000001,11.38505038,0.34478344,0.25010176,286.0,244.03000000000003,28.09490636,5,0.010655606826054263,0.005382346489437894,0.01592886716267063,True
220701,PICOTA,SAN MARTIN,0.115890527,0.0073781739999999995,0.001023837,0.042508106,4995.0,493557.2398,0.775679179,218.23103369999998,22.88858699,323.0503502,9.456514459,0.345932483,0.347290459,228.0,218.71999999999997,51.53163862,5,0.008167666632398495,0.0020595901414602446,0.014275743123336748,True
220702,BUENOS AIRES,SAN MARTIN,0.012471651,0.00142176,0.000385127,0.016088067,2218.0,167905.7861,0.781792426,312.5833073,7.095708403000001,507.6638742,13.184983640000002,0.58766244,0.275592853,209.0,272.97,15.280067409999997,5,0.00743247576005842,0.0008529471112408609,0.014012004408875976,True
220703,CASPISAPA,SAN MARTIN,0.162398881,0.005265947,0.000988272,0.029373952,1168.0,104272.4159,0.790008305,76.35305318,15.297358150000003,342.4258679,9.759240265,0.352913216,0.30805825,238.0,81.44,28.978389,5,0.008870825690713966,0.002666973845892739,0.01507467753553519,True
220704,PILLUANA,SAN MARTIN,0.010065287,0.003574993,0.001655008,0.008957073,887.0,62777.60926,0.772429763,68.66367556,12.91803844,393.9578149,12.43747419,0.297358557,0.4380725979999999,218.0,239.27000000000004,4.375809755,5,0.009435452149681698,0.0007402047035634397,0.018130699595799955,True
220705,PUCACACA,SAN MARTIN,0.059068568,0.00400503,0.000617844,0.023727059,2238.0,272804.8486,0.789448168,203.8241783,10.98005163,379.7335776,10.57515061,0.26496055,0.320281821,228.0,230.71999999999997,14.27704577,5,0.007085147645605298,3.915388178608002e-05,0.014131141409424515,True
220706,SAN CRISTOBAL,SAN MARTIN,0.10457089499999998,0.008767594,0.0009049669999999999,0.067137733,819.0,54381.21069,0.773967278,30.21339461,27.10718245,311.8761901,9.99677569,0.381202266,0.384434433,238.0,29.630000000000003,52.37934526,5,0.007800594932085517,-0.002177485965066726,0.01777867582923776,False
220707,SAN HILARION,SAN MARTIN,0.194495929,0.009079904,0.00077576,0.012791681,3052.0,303237.1006,0.790722739,104.4239483,29.22701209,315.6852156,7.774724584,0.148725839,0.269734695,230.0,96.55,44.4329363,5,0.004915301800497432,0.0004311597812887008,0.00939944381970616,True
220708,SHAMBOYACU,SAN MARTIN,3.16e-05,0.000774603,9.25e-05,9.02e-06,4144.0,296126.7065,0.802612428,394.1532961,10.51367587,797.4493881,12.7014583,0.0,0.727272727,289.0,415.58000000000004,25.13114202,5,0.012582352418886127,0.008127652654819538,0.017037052182952712,True
220709,TINGO DE PONASA,SAN MARTIN,0.055321709,0.001523189,7.84e-06,4.81e-05,3571.0,272726.0637,0.796339177,336.7561428,10.60411243,463.40560930000004,11.54185513,0.0,0.826047931,244.0,340.01,15.464251049999998,5,0.011653448050319783,0.006915602022691379,0.016391294077948187,True
220710,TRES UNIDOS,SAN MARTIN,0.0009542540000000001,0.000825479,2.37e-05,0.00010418699999999998,3406.0,244366.4354,0.798442044,372.1145335,9.15309587,817.4790242,12.76291535,0.066666667,0.666666667,237.0,246.52000000000004,19.99837741,5,0.011891330510738506,0.004427301840256343,0.019355359181220666,True
220801,RIOJA,SAN MARTIN,0.033837576,0.021668183,0.001117309,0.001649815,22024.0,2078727.616,0.783621981,209.8474448,104.95243350000001,990.7979399,10.344393,0.014785705,0.232995721,850.0,185.69,159.5293231,5,0.00882504982771804,0.004803713930305083,0.012846385725130995,True
220802,AWAJUN,SAN MARTIN,0.080353926,0.002204681,0.0016928679999999997,0.005122121,6425.0,443959.60750000004,0.78745891,508.58437530000003,12.63310537,1543.146912,15.77195033,0.069609951,0.361826009,888.0,481.08000000000004,26.79803775,5,0.0034509410649104615,-0.003567567661482953,0.010469449791303874,False
220803,ELIAS SOPLIN VARGAS,SAN MARTIN,0.0192149,0.010828356,0.000645294,0.000136404,8675.0,703962.2803,0.789346893,170.0639671,51.01021778,1394.059544,19.66929491,0.0,0.187979163,853.0,199.64,105.00901619999999,5,0.007213606262206902,0.0018536123318534528,0.01257360019256035,True
220804,NUEVA CAJAMARCA,SAN MARTIN,0.060978987,0.015302514,0.000910847,0.0008812290000000001,32202.0,2585277.953,0.777939355,335.4551101,95.99496038,1455.783539,18.57703085,0.0,0.21276855700000002,869.0,330.31,156.5862372,5,0.0070909161614255735,0.0027527726746325075,0.011429059648218639,True
220805,PARDO MIGUEL,SAN MARTIN,0.000164229,0.001365459,0.000811456,0.0009431149999999999,9409.0,759386.2908,0.779886641,1170.573146,8.037942806,1937.060954,21.59991422,0.214399261,0.303793676,963.0,1131.87,19.69395779,5,0.0051215588776521515,0.0018676541096762141,0.008375463645628089,True
220806,POSIC,SAN MARTIN,0.173079436,0.007034812999999999,0.0017364919999999999,0.008491005,1713.0,162787.3452,0.792713777,52.78987988,32.44940136,817.6607236,2.768568778,0.007092199,0.21822610999999997,838.0,54.65,48.69167429,5,0.008194316666153204,0.002549930905620529,0.013838702426685879,True
220807,SAN FERNANDO,SAN MARTIN,0.506835243,0.005755743,0.000101855,0.018862815,2885.0,215809.20780000003,0.776553276,69.41844689,41.55955843,822.9025573000001,2.507411707,0.131885428,0.477945726,828.0,63.529999999999994,60.12907288,5,9.688513657000198e-05,-0.005493440926020387,0.00568721119916039,False
220808,YORONGOS,SAN MARTIN,0.076047696,0.003602164,0.00077249,0.0032436480000000005,2508.0,170629.7474,0.78441571,82.11036058,30.54425754,1123.923314,14.542694989999998,0.046733448,0.345684509,883.0,74.53,44.93492553,5,0.003028666892226922,-0.0021449315445634725,0.008202265329017315,False
220809,YURACYACU,SAN MARTIN,0.598834247,0.01019783,0.000184953,0.009187537,3848.0,303976.0362,0.78951237,62.32728727,61.7386087,818.8439059,2.399990869,0.114140575,0.431340933,812.0,13.74,338.937409,5,0.005950309101896863,0.0023227753405701975,0.00957784286322353,True
220901,TARAPOTO,SAN MARTIN,0.068127837,0.131759645,0.002577718,0.003767864,44998.0,3891598.5699999994,0.775332617,58.721505969999996,766.295061,427.5242507,9.263685555,0.039466053,0.576592341,342.0,67.81,1340.362778,5,0.012338356384516544,0.009830395703303133,0.014846317065729954,True
220902,ALBERTO LEVEAU,SAN MARTIN,3.65e-05,0.001169074,0.000131306,0.006328475,784.0,57058.39793,0.784653572,52.012127299999996,15.0734077,558.5744362,13.75141408,0.23989906099999997,0.622841589,215.0,268.4,4.377794337,5,0.010885450506349943,0.005597739934605193,0.016173161078094692,True
220903,CACATACHI,SAN MARTIN,0.1727975,0.018259876,0.002255181,1.66e-05,7355.0,624768.591,0.79358223,52.67555414000001,139.6283365,377.8433156,6.331154341,0.0,0.147368421,309.0,75.36,53.01220807,5,0.011524741895741894,0.007614252975704934,0.015435230815778852,True
220904,CHAZUTA,SAN MARTIN,0.0,0.00052181,0.00037755,0.010486347,3548.0,245978.69210000001,0.792071872,956.3499497999999,3.7099390249999997,577.2110109,19.97856991,0.630526414,0.302072515,189.0,966.3799999999999,12.40609284,5,0.01003136959700455,0.005842351344401663,0.014220387849607436,True
220905,CHIPURANA,SAN MARTIN,0.001204972,0.000693786,0.000438612,0.043213434,894.0,52149.56486,0.788172818,307.5907155,2.906459639,186.3128637,4.410792635,0.302635851,0.188721229,152.0,500.43999999999994,5.860842459,5,0.011442457840926464,0.0023298202576869514,0.020555095424165976,True
220906,EL PORVENIR,SAN MARTIN,0.0016036470000000001,0.000924527,3.17e-05,0.01895972,1947.0,139169.5867,0.786909964,491.7113279,3.9596403199999997,188.6234795,5.49295759,0.635189367,0.151151975,152.0,483.2099999999999,6.578920137999999,5,0.009266666299782973,0.005147490418968501,0.013385842180597445,True
220907,HUIMBAYOC,SAN MARTIN,3.06e-05,0.000314143,0.000104443,0.006960404000000001,3462.0,244352.408,0.796705459,1721.446074,2.011099885,408.6491253,14.17144341,0.244701071,0.220596669,181.0,1609.07,3.4982940459999994,5,0.015555701940968756,0.011435599695378572,0.01967580418655894,True
220908,JUAN GUERRA,SAN MARTIN,0.0507365,0.0037918549999999994,0.000458163,0.023839506,4247.0,376833.107,0.788524747,192.9940371,22.00586124,346.650931,11.37619193,0.428067068,0.42483174999999995,207.0,196.5,21.02798982,5,0.008089119536447618,0.004413643766386569,0.011764595306508665,True
220909,LA BANDA DE SHILCAYO,SAN MARTIN,0.0036340399999999994,0.019293846,0.001430921,0.000363248,31830.0,2610001.756,0.785870236,267.78497,118.8640273,677.7737367,18.38854248,0.032537961,0.492717694,418.0,286.68,158.0089298,5,0.010285560270404392,0.006977813842278844,0.01359330669852994,True
220910,MORALES,SAN MARTIN,0.085689193,0.053683771000000005,0.0032943100000000004,0.004971288,19760.0,1570384.87,0.782643902,50.90027529,388.2100811,321.3337244,6.719816782,0.029597422,0.824070804,290.0,43.91,716.71601,5,0.01230470281730757,0.010195070019455112,0.014414335615160027,True
220911,PAPAPLAYA,SAN MARTIN,0.000147941,0.000156859,4.2e-05,0.01796429,1062.0,60487.77389,0.797270526,994.9199486,1.067422561,182.4338597,4.488696681,0.49932272,0.20013077800000004,149.0,686.19,4.173771113,5,0.014323264291034874,0.010480170615910653,0.0181663579661591,True
220912,SAN ANTONIO,SAN MARTIN,0.0,0.002231766,0.001441717,0.0,1777.0,136117.0385,0.782669387,78.64284843,22.59582448,765.8175925,18.42427392,0.0,0.857142857,499.0,93.03,21.27270773,5,0.0114519407522634,0.0022298478677296417,0.02067403363679715,True
220913,SAUCE,SAN MARTIN,0.00515646,0.005706483,0.002152098,0.046829254,4496.0,353239.9285,0.779208452,101.2664591,44.39772102,779.8158476,13.086114329999997,0.8299418600000001,0.143895349,622.0,103.0,75.53398058,5,0.0075461158127347215,0.0039039229482902976,0.011188308677179144,True
220914,SHAPAJA,SAN MARTIN,0.0,0.001441707,0.000701936,0.017960564,2855.0,202051.2522,0.791115201,238.7774101,11.95674247,600.0376525,18.24605769,0.605616952,0.349587443,214.0,270.44,9.366218015,5,0.008633573768739466,0.004593259467333904,0.012673888070145032,True
221001,TOCACHE,SAN MARTIN,0.008370115,0.004411423,0.0031688590000000004,0.010001104,18977.0,1777773.361,0.798832676,1010.7799440000001,18.77461075,970.8534404,16.22274612,0.251631305,0.269640653,519.0,1142.04,30.801898360000003,5,0.014918942170538402,0.01085055579409662,0.01898732854698018,True
221002,NUEVO PROGRESO,SAN MARTIN,0.010234435,0.001741097,0.000627967,0.011312161,7809.0,614399.1261,0.778622948,828.3990606,9.426616194,907.7331419,15.98354205,0.161807209,0.259338874,512.0,860.9799999999999,14.57060559,5,0.009482320469293329,0.004180216594026311,0.014784424344560346,True
221003,POLVORA,SAN MARTIN,0.001879256,0.000978738,0.002634317,0.008597975,9513.0,654417.6956,0.801235982,2272.63295,4.185893724,1381.247117,23.13136366,0.331246781,0.38530573,543.0,2174.48,5.620194253,5,0.018399273247399997,0.01250737631175352,0.024291170183046468,True
221004,SHUNTE,SAN MARTIN,5.57e-05,0.000260123,0.004283621,0.00189712,65.0,2341.141706,0.741678461,1064.589774,0.061056382,2925.499212,28.69144637,0.162076918,0.8122461130000002,1015.0,964.21,3.5687246549999996,5,0.008196864687299927,-0.0012700888526928078,0.01766381822729266,False
221005,UCHIZA,SAN MARTIN,0.030929284,0.003410743,0.002338587,0.006090939,11543.0,1020966.146,0.779202469,606.1205244,19.0440672,989.6747601999999,14.787066630000002,0.201169535,0.337941024,566.0,723.73,31.011565089999998,5,0.010897257318567416,0.007499717191447033,0.014294797445687797,True
221006,SANTA LUCIA,SAN MARTIN,0.022494031,0.003962552,0.000846563,0.029550141,4139.0,464695.5383,0.76067741,269.4575578,15.36048955,598.0991054,5.881326021,0.213412824,0.246474386,507.0,666.3088312,9.708711182,2,0.00955688570257415,0.0057424571934306026,0.013371314211717696,True
230101,TACNA,TACNA,0.002540454,0.00993964,0.9411591149999999,0.000293563,113358.0,7320671.402,0.764889634,1914.9021800000003,59.19780195,1223.94694,12.0393983,0.262263536,0.460250712,583.0,1877.78,69.74459202,5,0.00929071558368767,0.003334132292309655,0.015247298875065686,True
230102,ALTO DE LA ALIANZA,TACNA,0.0,0.00902856,0.9665217289999999,7.96e-06,30750.0,1429162.135,0.759347594,375.245609,81.94632865,1245.347249,9.026435722,0.0,0.0,603.0,371.4,104.35648899999998,5,0.011203007010368806,0.008151605086177632,0.01425440893455998,True
230103,CALANA,TACNA,0.018887954,0.008985434,0.9128695449999998,0.0038280479999999997,18241.0,938362.2359999999,0.771692435,110.35995269999998,165.2864065,1054.162359,11.45316107,0.39028777,0.580935252,881.0,108.38,40.97619487,5,0.006002747215720209,-0.0013626029446843664,0.013368097376124778,False
230104,CIUDAD NUEVA,TACNA,0.0,0.015560889999999999,0.9783870799999999,4.11e-05,29986.0,1457850.378,0.760150017,179.0428394,167.4794708,1495.403108,13.48833243,0.0,1.0,695.0,173.42,230.46938069999996,5,0.010853893617817315,0.007814407674430182,0.013893379561204447,True
230105,INCLAN,TACNA,0.012315581,0.000424264,0.92189689,9.16e-05,6472.0,273129.8523,0.773386867,1439.012791,4.497527779,1412.677425,14.08568481,0.01205517,0.828627483,519.0,1414.82,2.109809022,5,0.01438277884315724,0.008036534118071394,0.020729023568243084,True
230106,PACHIA,TACNA,0.001608815,0.001734461,0.758380304,0.000125205,7242.0,344520.7817,0.77397926,613.2994501,11.80826104,2578.283877,21.52007879,0.161016949,0.805084746,1087.0,603.68,4.618340843,5,0.009963499582987406,0.0034229082102675964,0.016504090955707214,True
230107,PALCA,TACNA,5.599999999999999e-05,0.001917431,0.512337048,0.0031437039999999998,3234.0,190984.9629,0.781631416,1457.707932,2.218551418,4278.350963,13.66019107,0.268346291,0.568927559,2939.0,1417.86,1.385186126,5,0.03293323730416142,0.022198452501298472,0.04366802210702437,True
230108,POCOLLAY,TACNA,0.0031951309999999995,0.011937125,0.9642490670000001,5.36e-05,26928.0,1584305.337,0.762739049,269.5975039,99.88223042,1480.356783,18.30281725,0.0,0.648275862,690.0,265.65,67.216262,5,0.009386336793158123,0.004695499187817133,0.014077174398499112,True
230109,SAMA,TACNA,0.006878832999999999,0.002920458,0.9342829499999998,0.0034444340000000006,12166.0,852852.7057,0.763490827,1138.39748,10.68695268,344.0733372,5.267807993,0.20041257100000004,0.741700307,397.0,1115.98,2.461513647,5,0.015825230943791527,0.006269398912849569,0.02538106297473348,True
230110,CORONEL GREGORIO ALBARRACIN LANCHIPA,TACNA,0.006040396,0.065943731,0.9133816099999998,0.000352009,110520.0,5701342.903,0.770279869,187.9106729,588.1517973,504.0277023,7.072331197999999,0.023297491,0.594982079,562.0,187.74,555.8378609,5,0.011647299733038265,0.009354314989353693,0.013940284476722837,True
230111,LA YARADA LOS PALOS,TACNA,0.12761742,0.005289659,0.597163689,0.020691573,31525.0,2248325.564,0.767252187,544.7273743,57.87298654,91.79325806,4.82050912,0.349643506,0.577853892,42.0,529.4,12.01926709,5,0.011223195154251773,0.008548103959360592,0.013898286349142953,True
230201,CANDARAVE,TACNA,0.001795394,0.0016376160000000002,0.579513089,0.00905969,4712.0,237214.4985,0.793238094,1386.038866,3.3996160679999994,4496.03755,11.55661738,0.766713254,0.124213836,3427.0,1111.03,2.373473264,5,0.02855499138456661,0.015306788194675652,0.04180319457445757,True
230202,CAIRANI,TACNA,0.002746782,0.003530036,0.399282571,0.000102797,1747.0,78758.26907,0.792247109,176.9661353,9.871945256,3952.417025,12.24699387,0.0,0.375,3389.0,371.17,3.292291942,4,0.023443343079898905,0.014392008419398422,0.032494677740399415,True
230203,CAMILACA,TACNA,0.000610268,0.002064858,0.552832348,0.000445815,2783.0,139214.5682,0.799762271,494.8401979,5.624037844,4247.859536,14.68529575,0.1796875,0.5703125,3853.0,518.65,2.402390822,3,0.026801426569366835,0.016028448933150058,0.037574404205583604,True
230204,CURIBAYA,TACNA,0.004717465,0.002285623,0.717335519,0.04496689,402.0,23153.9413,0.793056468,112.4160266,3.576002571,2878.680715,25.9676294,0.955075835,0.041487535,2412.0,126.98,3.110726099,4,0.01001482237576369,-0.0015402607639368442,0.021569905515464224,False
230205,HUANUARA,TACNA,0.006017679,0.002750655,0.455687595,4.52e-05,725.0,34272.26763,0.779809932,91.15634477,7.953368488,3574.633877,17.47575,0.0,0.43795620399999996,3226.0,95.61,9.172680682,5,0.016006030262312867,0.005469759688231849,0.02654230083639389,True
230206,QUILAHUANI,TACNA,0.042977443,0.01126791,0.508160519,0.029671312999999998,1207.0,58653.75992,0.776839271,55.403787390000005,21.78551426,3151.782275,18.33683807,0.625851203,0.173938613,3205.0,37.66,24.93361657,5,0.01842681968841056,0.01007450319398941,0.02677913618283171,True
230301,LOCUMBA,TACNA,0.009908267,0.001460207,0.970576176,0.002609893,4509.0,250432.2122,0.758496873,848.7807445,5.31232598,923.3830338,7.882825336,0.850026456,0.132959604,589.0,968.99,3.009318982,4,0.01144312517015556,0.003545242256875542,0.019341008083435578,True
230302,ILABAYA,TACNA,0.002001865,0.002897221,0.8742635,0.000821916,5023.0,586980.71,0.783934482,1061.356201,4.732624161,2232.051579,20.95065648,0.390277067,0.558470804,1387.0,1111.39,4.315316855,1,0.008294405182033199,0.0029392085513528935,0.013649601812713503,True
230303,ITE,TACNA,0.014056876,0.002402336,0.883649695,0.00652052,5881.0,423973.0106,0.762238514,841.7716206,6.986455537,541.2540717,10.49400382,0.139606361,0.294187851,160.0,848.18,4.000330119,4,0.011636542970663154,0.003482166255790684,0.019790919685535622,True
230401,TARATA,TACNA,0.00267152,0.002592511,0.415744383,0.002145359,4503.0,294738.1031,0.772063491,883.0491426000001,5.099376448,4459.393126,11.06015356,0.715266968,0.245226678,3077.0,864.3099999999998,3.965012553,5,0.024689499209303557,0.0157720170418749,0.03360698137673221,True
230402,HEROES ALBARRACIN CHUCATAMANI,TACNA,4.32e-05,0.000344519,0.743623479,1.14e-05,814.0,33931.12824,0.769792629,379.3221667,2.145933118,2715.840128,25.8166208,0.00324477,0.853539981,2352.0,372.41,1.796407186,2,0.015901923069552307,0.007688576619505035,0.024115269519599577,True
230403,ESTIQUE,TACNA,0.000143767,0.002988721,0.608251374,3.61e-05,434.0,24074.04398,0.781963133,296.0677751,1.465880574,3467.027292,20.28338076,0.0,0.5,3149.0,312.85,2.023333866,3,0.021958685287088383,0.00845059163535681,0.03546677893881996,True
230404,ESTIQUE-PAMPA,TACNA,0.000319674,0.001620424,0.656084292,5.83e-06,252.0,17070.13322,0.796603968,148.0355706,1.70229357,3102.007278,20.22739486,0.0,0.832785808,3064.0,185.61,2.198157427,4,0.019526350255589332,0.006706399048800977,0.032346301462377686,True
230405,SITAJARA,TACNA,0.002709354,0.00309889,0.557716903,0.000103578,948.0,44240.34151,0.793719409,233.7752671,4.055176631,3212.286715,19.39139289,0.097560976,0.829268293,3163.0,251.24,1.516478268,4,0.018616169069485232,0.006562835097141588,0.030669503041828874,True
230406,SUSAPAYA,TACNA,0.000201293,0.000905784,0.44341004,0.033470238,1192.0,53827.3134,0.804675419,360.3340259,3.308041746,4474.150081,13.18850286,0.625874179,0.327359838,3462.0,373.21,1.808633209,5,0.03288206831520505,0.022198267286785534,0.043565869343624566,True
230407,TARUCACHI,TACNA,0.0007976810000000001,0.001645586,0.47117329,0.00010233000000000002,466.0,24957.29871,0.791435622,107.0733102,4.352158341,4142.560798,20.49376944,0.0,0.9992236020000002,3054.0,113.27,5.791471705,3,0.025474074951893987,0.016802107110704276,0.0341460427930837,True
230408,TICACO,TACNA,0.001365712,0.001318895,0.516387306,0.006032906,1210.0,74485.35575,0.783371488,356.5909215,3.393243986,4417.639195,13.96740245,0.563550841,0.41509263,3272.0,347.06,2.714228087,4,0.028858999370721793,0.01995751881343831,0.03776047992800526,True
240101,TUMBES,TUMBES,0.140859836,0.072229136,0.104303572,0.11999563500000002,50992.0,4733073.619,0.791364822,162.7468611,313.320943,26.61984372,2.712051258,0.338718466,0.253853621,9.0,158.14,724.7122803,5,0.011330788674384508,0.008185557520194224,0.014476019828574792,True
240102,CORRALES,TUMBES,0.350296498,0.029410933,0.065964126,0.071068876,16547.0,2600302.656,0.783851991,131.22975,126.0918351,33.30394439,3.874588684,0.216841746,0.38944676,27.0,131.6,190.7826748,5,0.012053871453981771,0.009948933045187798,0.014158809862775745,True
240103,LA CRUZ,TUMBES,0.025319453,0.022878035,0.096269396,0.00533334,6338.0,505556.7447,0.77400557,65.58808836,96.63340034,144.9083879,8.335083839,0.180432976,0.332988629,10.0,65.23,153.4876591,5,0.010186511154045036,0.00407928277746285,0.016293739530627224,True
240104,PAMPAS DE HOSPITAL,TUMBES,0.000367372,0.001898697,0.003308401,0.002663806,8674.0,566018.9401,0.786738068,728.9360862,11.89953435,429.8954381,15.21743773,0.199152638,0.369828723,28.0,727.75,10.70285125,5,0.009759502320734807,0.006877772575388335,0.012641232066081278,True
240105,SAN JACINTO,TUMBES,0.002807321,0.003685078,0.007146285,0.002470157,9171.0,633897.6682,0.786177908,588.3955747,15.58645305,365.7804291,12.45071144,0.101122552,0.28550599,23.0,598.72,16.09767504,5,0.009478615512996048,0.005280645571789593,0.013676585454202502,True
240106,SAN JUAN DE LA VIRGEN,TUMBES,0.033861731,0.009984281,0.012981926,0.004361704,4707.0,308608.9548,0.783663565,115.61295379999999,40.71343085,73.28006995,5.467501991,0.06854781,0.295758199,26.0,118.71,43.81265268,5,0.00763432382977821,0.0038555560120307752,0.011413091647525651,True
240201,ZORRITOS,TUMBES,0.000388419,0.003282251,0.12325341199999999,0.006478042000000001,11438.0,933004.2058,0.77474951,651.7899094,17.54859938,143.2097465,8.926831027,0.314493427,0.48000859399999996,11.0,644.52,19.67976168,5,0.012485634757696802,0.008206237086626614,0.01676503242876699,True
240202,CASITAS,TUMBES,0.003931783,0.000638003,0.008346622,4.18e-06,3305.0,224805.662,0.773962602,859.3925806999999,3.845739508,451.92975459999997,12.03108488,0.0,0.150299038,137.0,855.36,3.8486719040000006,5,0.009486871065744754,0.005656403036068474,0.013317339095421031,True
240203,CANOAS DE PUNTA SAL,TUMBES,9.14e-05,0.004098912,0.24562600100000004,0.00699637,8632.0,668571.9121,0.781506268,628.3432633,13.737713930000002,144.2250913,9.749965131,0.394833097,0.499460937,66.0,623.34,10.0442776,5,0.011662401408271345,0.00874290669493696,0.01458189612160573,True
240301,ZARUMILLA,TUMBES,0.01005389,0.046431173,0.131755416,0.217267886,19068.0,1965201.485,0.789542836,114.01634749999998,167.239176,6.441201406999999,2.106423985,0.467492064,0.240720205,15.0,113.25,202.9403974,5,0.011843347917181106,0.007700880709527783,0.015985815124834428,True
240302,AGUAS VERDES,TUMBES,0.008438585,0.0659146,0.151200788,0.083803413,14479.0,1422348.307,0.790641322,47.72200168,303.403032,9.871860961,2.40414921,0.216350387,0.457131602,13.0,46.06,439.2965697000001,5,0.01264120093134528,0.008008712083135755,0.017273689779554804,True
240303,MATAPALO,TUMBES,0.001389421,0.001957073,0.0004093309999999999,0.000151137,3672.0,275179.7299,0.802016231,391.7734927,9.372762754,318.7738458,10.70764658,0.020369362,0.144205996,69.0,392.29,9.227867139,5,0.012428039872147916,0.009182383734836552,0.01567369600945928,True
240304,PAPAYAL,TUMBES,0.071178216,0.008052905,0.01683647,0.00592544,6153.0,463866.9392,0.795096603,203.3299795,30.261154869999995,46.16322101,3.2366651649999993,0.11788684600000002,0.312148052,36.0,193.53,34.46494084,5,0.012277590911851195,0.003205969556669304,0.021349212267033083,True
250101,CALLERIA,UCAYALI,3.32e-05,0.001439746,0.000205625,0.010833715,93548.0,8443152.549,0.790323222,11701.66359,7.994418854,224.9124385,5.543602042,0.165915656,0.28023063,162.0,10485.41,18.12079833,5,0.015260429988651838,0.012630148622965198,0.017890711354338472,True
250102,CAMPOVERDE,UCAYALI,0.005538752,0.002472491,0.001009691,0.00259685,22333.0,1941951.6470000003,0.786131581,1331.284953,16.77552199,190.1572407,3.5465197950000005,0.140186843,0.327156759,203.0,1194.1,16.87044636,5,0.011434966145638976,0.008556225770552803,0.01431370652072515,True
250103,IPARIA,UCAYALI,2.9600000000000005e-05,6.15e-05,0.000318337,0.028912918,9291.0,520581.04409999994,0.799589205,7402.8163,1.255062887,296.1305573,6.09690938,0.16336072,0.278056639,170.0,8029.12,2.244828823,5,0.018955360563189583,0.014605816036215618,0.023304905090163554,True
250104,MASISEA,UCAYALI,4.69e-05,6.65e-05,0.00010815,0.011071277,10635.0,568113.5545,0.786554274,14768.770800000002,0.720100552,225.8599963,4.424570893,0.250609368,0.314139885,150.0,14102.189999999999,1.265973583,5,0.020870750790723418,0.015209318722050818,0.026532182859396018,True
250105,YARINACOCHA,UCAYALI,0.000186477,0.023373837,0.00154701,0.076760805,82147.0,6843977.396,0.791331711,664.4764588,123.6266521,152.2350267,2.895450879,0.206231586,0.335342411,131.0,596.2,205.17108349999998,5,0.014940994733702645,0.011749620433600085,0.018132369033805197,True
250106,NUEVA REQUENA,UCAYALI,0.003932266,0.000334721,0.000508356,0.021709648,3499.0,245855.6938,0.789608117,2070.310118,1.6900849629999999,201.3935997,4.772707645,0.20617076299999998,0.313855713,183.0,1857.8200000000002,4.158637543,5,0.012585467203574674,0.004620683471865715,0.02055025093528363,True
250107,MANANTAY,UCAYALI,0.000311558,0.016678928,0.000762581,0.040592012,51790.0,4465058.684,0.792269067,647.6793088,79.96241241,155.3487485,2.735775166,0.28261484,0.237193123,165.0,579.91,174.2873894,5,0.014707219749534825,0.011093166316819971,0.01832127318224968,True
250201,RAYMONDI,UCAYALI,7.439999999999999e-06,0.00015932,0.000554008,0.008237027,24150.0,1442774.348,0.781871321,14597.74924,1.6543646280000002,509.82987539999993,9.358268406,0.219489428,0.329780833,256.0,14504.99,3.2467447409999997,5,0.021101161980286633,0.01002454020825628,0.03217778375231698,True
250202,SEPAHUA,UCAYALI,2.78e-06,7.02e-05,0.000591507,0.005784565,5472.0,404066.5915,0.787429605,7762.8976569999995,0.704891426,383.9960467,8.074567693,0.327068351,0.341028671,277.0,8223.63,1.063155808,5,0.02169934923549443,0.01715060269146091,0.026248095779527948,True
250203,TAHUANIA,UCAYALI,1.02e-05,7.65e-05,0.000223331,0.018544719,6137.0,352135.5024,0.785247255,7706.178879000001,0.796373935,326.1737591,6.847768209,0.20390105900000002,0.279236715,197.0,7010.089999999999,1.8350691649999997,5,0.01837716137735087,0.013200907905089827,0.02355341484961191,True
250204,YURUA,UCAYALI,9.76e-08,8.1e-06,0.000126465,0.000996762,1122.0,54978.963540000004,0.767858289,9063.931454,0.123787344,325.1719226,7.047118016000001,0.035497683,0.314457023,240.0,9175.58,0.287829216,5,0.02381177084624925,0.013311465696718157,0.034312075995780345,True
250301,PADRE ABAD,UCAYALI,0.0,0.0008676390000000001,0.003376337,0.005527689,13168.0,1072889.102,0.787014429,3590.9306989999995,3.667015909,682.2628218,14.06106957,0.093703964,0.347615832,275.0,4689.2,8.081335836,5,0.012745809458291575,0.008173308693665116,0.017318310222918035,True
250302,IRAZOLA,UCAYALI,0.0,0.000562799,0.000173459,0.002367519,11899.0,702270.4823,0.790982688,1886.1276389999998,6.308692876,273.278022,7.606454783000001,0.076983231,0.574571043,228.0,998.93,16.25639434,5,0.010032046350031763,0.004693870359838053,0.015370222340225472,True
250303,CURIMANA,UCAYALI,0.002378168,0.000774309,0.000336005,0.011542038,7590.0,522108.52070000005,0.788686996,1886.987882,4.022283383,252.85766210000003,8.150833803,0.389560536,0.274273905,181.0,2134.04,5.338700306,5,0.012661112620758523,0.0070040215431029906,0.018318203698414054,True
250304,NESHUYA,UCAYALI,0.000494269,0.002334185,0.000288323,2.41e-05,12260.0,824045.0361,0.801688858,626.4799314,19.56966119,219.3243902,4.843084669,0.0,0.482755271,193.0,579.51,14.62787527,5,0.01140876356731637,0.007495281457765897,0.015322245676866842,True
250305,ALEXANDER VON HUMBOLDT,UCAYALI,3.43e-05,0.003833284,0.000132773,0.0,6632.0,420797.44630000007,0.8097723309999999,206.14663449999998,32.17127466,244.2776903,6.228585719,0.0,0.041666667,237.0,190.8,28.155136270000003,5,0.011888253847865548,0.005137846081696582,0.01863866161403451,True
250306,HUIPOCA,UCAYALI,0.0,0.000481406,0.001364766,0.005152938,3818.0,247600.811,0.776099817,592.6226327,6.44254841,290.4444208,7.665773572,0.12040063,0.306979547,304.0,575.39,8.001529397,2,0.01005847532677013,0.003238828696365322,0.01687812195717494,True
250307,BOQUERON,UCAYALI,0.0,0.001076366,0.002083419,0.000743418,2599.0,163914.3318,0.790088996,551.3938707,4.71350905,1113.442083,21.06512776,0.017673673,0.305597647,397.0,6011.722353,0.645572063,2,0.013809964210182848,0.005303504331784616,0.022316424088581085,True
250401,PURUS,UCAYALI,1e-06,1.62e-05,0.000234361,0.0037397399999999996,2037.0,138347.4253,0.783841974,18496.66419,0.110127966,363.1484507,8.414394005,0.03623921,0.4541860750000001,228.0,17847.76,0.279979112,5,0.01988935093766034,0.010407048466414475,0.029371653408906198,True
