ubigeo,distrito,departamento,tau_actual,delta_tau_agua_segura,delta_tau_dispersion,delta_tau_urbanizacion,mejora_maxima,cuello_de_botella_dominante
10101,CHACHAPOYAS,AMAZONAS,0.009133286055024295,0.00018454560155234216,0.0,1.734723475976807e-18,0.00018454560155234216,agua_segura
10102,ASUNCION,AMAZONAS,0.008913617605852043,0.0010889251095655625,0.000388324284294422,0.0007587014987948063,0.0010889251095655625,agua_segura
10103,BALSAS,AMAZONAS,0.006656922640629253,0.0007497676095797766,0.0008737693778614192,0.0003914602936670869,0.0008737693778614192,dispersion
10104,CHETO,AMAZONAS,0.012944568469743076,-0.0005582360023604765,-0.0002282641980350074,0.0010207485650968844,0.0010207485650968844,urbanizacion
10105,CHILIQUIN,AMAZONAS,0.013791781902178871,0.0003861072323492476,-0.0006463167562910117,0.0009555322944391556,0.0009555322944391556,urbanizacion
10106,CHUQUIBAMBA,AMAZONAS,0.02311839276307601,-0.0002352425890671736,-0.00044430267610216095,-0.0014623329730241441,-0.0002352425890671736,ninguno (ya en percentil 75+)
10107,GRANADA,AMAZONAS,0.020830936430267084,0.0,-0.0017947278073122339,-0.001896810128043134,0.0,ninguno (ya en percentil 75+)
10108,HUANCAS,AMAZONAS,0.012942629045891444,-0.0011526823285303456,-0.000109346016219352,0.000698062870732331,0.000698062870732331,urbanizacion
10109,LA JALCA,AMAZONAS,0.018045896992858478,0.0008410638859593748,2.3185671198026198e-05,7.326511981348496e-05,0.0008410638859593748,agua_segura
10110,LEIMEBAMBA,AMAZONAS,0.013404384060816869,-3.469446951953614e-18,-0.0003692168383884805,-0.0010060461501010184,-3.469446951953614e-18,ninguno (ya en percentil 75+)
10111,LEVANTO,AMAZONAS,0.022081967135348123,-0.0005277564898512263,-0.0010542754012403746,-0.0012309345377253984,-0.0005277564898512263,ninguno (ya en percentil 75+)
10112,MAGDALENA,AMAZONAS,0.008007767559812393,0.00019981749882916865,-0.0002493375992339477,0.0007111335619422697,0.0007111335619422697,urbanizacion
10113,MARISCAL CASTILLA,AMAZONAS,0.011000201748284328,0.0004405914950106962,-0.0003170480778835628,0.0006894373426326143,0.0006894373426326143,urbanizacion
10114,MOLINOPAMPA,AMAZONAS,0.013861233781163154,0.0,-0.000898087618511163,-0.0007511149135394288,0.0,ninguno (ya en percentil 75+)
10115,MONTEVIDEO,AMAZONAS,0.010950303085857736,-0.00034360255720470613,-0.000466314613170123,0.0005975645007049359,0.0005975645007049359,urbanizacion
10116,OLLEROS,AMAZONAS,0.014188943952352139,0.0012461520763892425,-0.00017621248012908257,-0.00046516970247556,0.0012461520763892425,agua_segura
10117,QUINJALCA,AMAZONAS,0.013671813424958133,0.0017316647561924237,0.0007647092254735831,0.000374844321748502,0.0017316647561924237,agua_segura
10118,SAN FRANCISCO DE DAGUAS,AMAZONAS,0.011036893003559124,-0.0005985705363767951,6.0008010474529513e-05,0.00011797926536852126,0.00011797926536852126,urbanizacion
10119,SAN ISIDRO DE MAINO,AMAZONAS,0.007226208413251399,-9.692188943067389e-05,0.00044164654842790505,0.0008910975409024526,0.0008910975409024526,urbanizacion
10120,SOLOCO,AMAZONAS,0.009031596323978928,-0.00045305414505593736,0.00018403591865447967,0.0007821794947557945,0.0007821794947557945,urbanizacion
10121,SONCHE,AMAZONAS,0.008152683679217341,-3.6439307542626004e-05,0.00039797233719476334,0.0006311078015549063,0.0006311078015549063,urbanizacion
10201,BAGUA,AMAZONAS,0.010659623652884266,0.0003421466987775356,0.0,0.0,0.0003421466987775356,agua_segura
10202,ARAMANGO,AMAZONAS,0.009794564887203604,0.0021003835516533575,-2.3034373359053645e-05,0.00021590841847930232,0.0021003835516533575,agua_segura
10203,COPALLIN,AMAZONAS,0.007404171334778662,0.0006142732716911377,0.0002058701404986027,0.0005878406367531173,0.0006142732716911377,agua_segura
10204,EL PARCO,AMAZONAS,0.01007530438169285,-0.0003192569373759134,0.0,4.326479388598245e-05,4.326479388598245e-05,urbanizacion
10205,IMAZA,AMAZONAS,0.013171676290224543,0.0002609064771025918,-0.0016094815405257694,-0.0004305768502466511,0.0002609064771025918,agua_segura
10206,LA PECA,AMAZONAS,0.008248427607633403,-0.0006477509313898332,8.467191005467195e-05,-0.0002815793061243226,8.467191005467195e-05,dispersion
10301,JUMBILLA,AMAZONAS,0.006072379275184712,0.000423778542640179,0.00127114235847347,0.0016777557731670212,0.0016777557731670212,urbanizacion
10302,CHISQUILLA,AMAZONAS,0.009773551202460803,0.0001462547923214881,-0.0013012554836889824,-0.0002663018352397073,0.0001462547923214881,agua_segura
10303,CHURUJA,AMAZONAS,0.007731293060679277,0.00015385381236873632,0.0002306644121253072,6.16561704244109e-05,0.0002306644121253072,dispersion
10304,COROSHA,AMAZONAS,0.009206074870720274,6.259141416891864e-06,0.0005088197938018426,5.233154445297844e-05,0.0005088197938018426,dispersion
10305,CUISPES,AMAZONAS,0.009415289001278745,0.00039708605026811394,-0.0001273550240517736,0.0011432815546878541,0.0011432815546878541,urbanizacion
10306,FLORIDA,AMAZONAS,0.01213789785498216,0.0,-0.0005017166835649504,0.00013062284034022313,0.00013062284034022313,urbanizacion
10307,JAZAN,AMAZONAS,0.00865030102347113,0.0003241469377811279,-2.556365343863755e-05,2.340937426191167e-05,0.0003241469377811279,agua_segura
10308,RECTA,AMAZONAS,0.004127542407491356,-6.902629058977688e-05,0.00047096718721348265,0.0010052711461901757,0.0010052711461901757,urbanizacion
10309,SAN CARLOS,AMAZONAS,0.00791065285873479,-9.355836510726613e-05,-0.00024641055759207046,0.000520014101744088,0.000520014101744088,urbanizacion
10310,SHIPASBAMBA,AMAZONAS,0.010949006719883865,0.0006174961967133179,0.00042094553017323587,0.0002526776748580633,0.0006174961967133179,agua_segura
10311,VALERA,AMAZONAS,0.009508378679736262,-0.00021017991189631498,-0.000511291973827134,0.0010729781394002505,0.0010729781394002505,urbanizacion
10312,YAMBRASBAMBA,AMAZONAS,0.011600866497475196,0.0016348787297305965,-0.00021783934760010067,0.00030472643767500383,0.0016348787297305965,agua_segura
10401,NIEVA,AMAZONAS,0.014873395017742867,0.0011244564197069352,-0.001235335324454993,-0.0006586936093213053,0.0011244564197069352,agua_segura
10402,EL CENEPA,AMAZONAS,0.017766998950563353,0.0011426458577856423,-0.0013126602017937417,-0.0012909122459011588,0.0011426458577856423,agua_segura
10403,RIO SANTIAGO,AMAZONAS,0.021079512460346294,0.0,-0.002248089061541947,-0.0013295622472861007,0.0,ninguno (ya en percentil 75+)
10501,LAMUD,AMAZONAS,0.007677662850079886,0.00037032237069899426,0.00035122405403755375,-9.322861722826231e-05,0.00037032237069899426,agua_segura
10502,CAMPORREDONDO,AMAZONAS,0.007481609154563412,8.903400583072478e-05,0.00017469389526840115,0.0005344899384390695,0.0005344899384390695,urbanizacion
10503,COCABAMBA,AMAZONAS,0.015441095208841358,-5.026139806959401e-06,-0.00016684754383453938,0.00045875741335575475,0.00045875741335575475,urbanizacion
10504,COLCAMAR,AMAZONAS,0.014209255836791557,0.00032697536108862793,-0.000659449951875505,-0.0004706648676000638,0.00032697536108862793,agua_segura
10505,CONILA,AMAZONAS,0.010831858453223894,0.001175237978797308,-6.438453342472172e-06,0.000865408698562678,0.001175237978797308,agua_segura
10506,INGUILPATA,AMAZONAS,0.009352546331728114,-0.0006626510009644041,0.00012694846656559344,0.0014271040905470631,0.0014271040905470631,urbanizacion
10507,LONGUITA,AMAZONAS,0.016545656975315553,0.00022066203178439797,0.0007418459690613326,-3.802226270326753e-05,0.0007418459690613326,dispersion
10508,LONYA CHICO,AMAZONAS,0.010214735614502089,5.2994676011519984e-05,8.16743928570493e-06,0.00015865903047558236,0.00015865903047558236,urbanizacion
10509,LUYA,AMAZONAS,0.011900705256995346,-8.503141874734513e-05,-1.734723475976807e-18,-3.469446951953614e-18,-1.734723475976807e-18,ninguno (ya en percentil 75+)
10510,LUYA VIEJO,AMAZONAS,0.013572470612653867,0.0006538361222262947,0.0005107282153592203,-5.465499657243689e-05,0.0006538361222262947,agua_segura
10511,MARIA,AMAZONAS,0.018220593903387722,0.0004515531973980254,5.262254424177881e-05,-0.0007372567149389816,0.0004515531973980254,agua_segura
10512,OCALLI,AMAZONAS,0.012316074403491185,0.000278178972947336,0.0003465767888169765,5.1198596977108934e-05,0.0003465767888169765,dispersion
10513,OCUMAL,AMAZONAS,0.011031533405971041,0.0008406511213687826,-0.00047966270711847017,8.478896919887277e-05,0.0008406511213687826,agua_segura
10514,PISUQUIA,AMAZONAS,0.012088580328400328,0.0006520004164853738,0.0007990159580123727,0.0006183010386380788,0.0007990159580123727,dispersion
10515,PROVIDENCIA,AMAZONAS,0.01066583061650153,0.0009155537621556575,0.000260771191503268,0.0007232027171888821,0.0009155537621556575,agua_segura
10516,SAN CRISTOBAL,AMAZONAS,0.011073171759981099,-0.00036854118261423277,3.3438518160379405e-05,0.0006726639833154625,0.0006726639833154625,urbanizacion
10517,SAN FRANCISCO DEL YESO,AMAZONAS,0.011779378026484872,0.0006227410953227926,-0.00010296086921835444,0.0012322992512752515,0.0012322992512752515,urbanizacion
10518,SAN JERONIMO,AMAZONAS,0.00676093617920502,0.0005499045047294027,0.0016218838352749015,0.0012406093967930942,0.0016218838352749015,dispersion
10519,SAN JUAN DE LOPECANCHA,AMAZONAS,0.011997109716426181,-0.0003624651480963574,-0.0006681805544411275,-0.00010638814457346671,-0.00010638814457346671,ninguno (ya en percentil 75+)
10520,SANTA CATALINA,AMAZONAS,0.015064774743378867,-0.000509542176907931,0.0004484765801144597,0.0008744445714127125,0.0008744445714127125,urbanizacion
10521,SANTO TOMAS,AMAZONAS,0.02175203279181742,5.755568103046199e-05,-0.00034719152326009514,-0.00041153852802947033,5.755568103046199e-05,agua_segura
10522,TINGO,AMAZONAS,0.011759930172806148,8.491271125555568e-05,-0.0001318220650884938,8.367879211510637e-05,8.491271125555568e-05,agua_segura
10523,TRITA,AMAZONAS,0.018862918872378797,-2.17740606926857e-05,3.469446951953614e-18,3.469446951953614e-18,3.469446951953614e-18,ninguno (ya en percentil 75+)
10601,SAN NICOLAS,AMAZONAS,0.009044407934001453,0.0007109794848763375,0.00028458356682567985,2.994860346515471e-05,0.0007109794848763375,agua_segura
10602,CHIRIMOTO,AMAZONAS,0.009198890302149237,0.00013786474999222254,0.0005915251057033027,0.001365460008901389,0.001365460008901389,urbanizacion
10603,COCHAMAL,AMAZONAS,0.005496528374543007,-0.00018554968168346762,-8.725903438575305e-05,0.001836321310552864,0.001836321310552864,urbanizacion
10604,HUAMBO,AMAZONAS,0.009478861777633171,-8.514505414364444e-05,0.00016450738480130664,-0.00014652502294986922,0.00016450738480130664,dispersion
10605,LIMABAMBA,AMAZONAS,0.005106620849834833,0.0006652888392600139,0.0007531131507740058,0.001333373177926314,0.001333373177926314,urbanizacion
10606,LONGAR,AMAZONAS,0.013286867065139991,-0.0004324358478839264,0.00023016222820004123,0.0001437703116264656,0.00023016222820004123,dispersion
10607,MARISCAL BENAVIDES,AMAZONAS,0.008743141236851772,0.0005640351126647535,0.0007482550645476534,0.0009949425267869096,0.0009949425267869096,urbanizacion
10608,MILPUC,AMAZONAS,0.008904843171998324,0.00025033151476002574,-0.00030592876401984784,-0.00018189178150392407,0.00025033151476002574,agua_segura
10609,OMIA,AMAZONAS,0.00997386425545001,0.0006507607806262253,0.000346905142240261,0.0015944978906388112,0.0015944978906388112,urbanizacion
10610,SANTA ROSA,AMAZONAS,0.006076532339281103,6.517595907839114e-05,0.0001776118049522839,-2.8948257001046307e-05,0.0001776118049522839,dispersion
10611,TOTORA,AMAZONAS,0.004743448726952598,-5.462658682034091e-05,-1.9070688030215638e-05,0.00029621686468490893,0.00029621686468490893,urbanizacion
10612,VISTA ALEGRE,AMAZONAS,0.01188311247118516,0.0011814920411903958,-0.0007111210484674578,-0.0003528748452739181,0.0011814920411903958,agua_segura
10701,BAGUA GRANDE,AMAZONAS,0.011170631714794118,0.0005822338016513561,0.0,0.0,0.0005822338016513561,agua_segura
10702,CAJARURO,AMAZONAS,0.011507955426346991,0.001362794481778569,-0.00028838813591283013,-0.00020423920626632015,0.001362794481778569,agua_segura
10703,CUMBA,AMAZONAS,0.009961390975986929,0.001061674781508747,-2.2492350400391686e-05,-8.220029249865132e-05,0.001061674781508747,agua_segura
10704,EL MILAGRO,AMAZONAS,0.01168070519770348,0.0011393342937018273,-0.00011335081549403159,0.00019929998858580177,0.0011393342937018273,agua_segura
10705,JAMALCA,AMAZONAS,0.008039407324590214,0.0010279311093624316,0.0002272143931466141,0.0004298732078485412,0.0010279311093624316,agua_segura
10706,LONYA GRANDE,AMAZONAS,0.00739229135337625,0.0006746997294864972,0.00037266795745104653,0.00032224771040327387,0.0006746997294864972,agua_segura
10707,YAMON,AMAZONAS,0.0053467095026429115,0.0010858399364357292,0.00047035179940113983,0.0005715365550295346,0.0010858399364357292,agua_segura
20101,HUARAZ,ANCASH,0.020515345823233038,-3.469446951953614e-18,1.0408340855860843e-17,0.0,1.0408340855860843e-17,ninguno (ya en percentil 75+)
20102,COCHABAMBA,ANCASH,0.01107999409399967,0.0,0.0009630997990870797,0.0006172985351541021,0.0009630997990870797,dispersion
20103,COLCABAMBA,ANCASH,0.017930936612950765,0.00031940479787116727,0.0001034729817077501,0.00022253233102735234,0.00031940479787116727,agua_segura
20104,HUANCHAY,ANCASH,0.020246278662752654,-0.00028677201281578774,-0.00018389672127779727,9.509299299197485e-05,9.509299299197485e-05,urbanizacion
20105,INDEPENDENCIA,ANCASH,0.021215099039662223,0.0,0.0,0.0,0.0,ninguno (ya en percentil 75+)
20106,JANGAS,ANCASH,0.020866842114437536,-0.00034409667764968843,0.0,0.0,0.0,ninguno (ya en percentil 75+)
20107,LA LIBERTAD,ANCASH,0.023997249677374478,0.0001476262547105353,-0.00011665070980327805,-5.816098443920531e-05,0.0001476262547105353,agua_segura
20108,OLLEROS,ANCASH,0.022771748188747387,0.0,0.00017288341277168703,-0.0004047355544254984,0.00017288341277168703,dispersion
20109,PAMPAS,ANCASH,0.020175627394386133,0.00014964283198404607,-3.563418395080564e-08,-0.0004397179897593466,0.00014964283198404607,agua_segura
20110,PARIACOTO,ANCASH,0.014190303144406738,0.0,-0.0003745283038641741,4.8363076781601094e-05,4.8363076781601094e-05,urbanizacion
20111,PIRA,ANCASH,0.025847761015296105,-9.86667678651576e-05,-0.000477308079374808,-0.0002140353812974706,-9.86667678651576e-05,ninguno (ya en percentil 75+)
20112,TARICA,ANCASH,0.019341844563184767,0.0,0.0,0.0,0.0,ninguno (ya en percentil 75+)
20201,AIJA,ANCASH,0.022394551251437366,-0.00014382698056121523,-0.0003511753460693316,-0.0003123112600763242,-0.00014382698056121523,ninguno (ya en percentil 75+)
20202,CORIS,ANCASH,0.02125960838370186,0.0003791620361678176,0.0005062055937963411,0.00011355361868179217,0.0005062055937963411,dispersion
20203,HUACLLAN,ANCASH,0.016058002063382017,0.00095919825952058,0.0008677544547734117,0.00034125401798091107,0.00095919825952058,agua_segura
20204,LA MERCED,ANCASH,0.017401546803348055,0.0,0.0003633685284298166,0.0001320213292061237,0.0003633685284298166,dispersion
20205,SUCCHA,ANCASH,0.021202599774342076,6.44702450750996e-05,-5.822476589574521e-05,-0.0002154430977100233,6.44702450750996e-05,agua_segura
20301,LLAMELLIN,ANCASH,0.01929079480867133,0.00021792197675455857,0.0004909159708234613,0.0,0.0004909159708234613,dispersion
20302,ACZO,ANCASH,0.015898109751647255,0.0006178624491809288,0.0002071299916442046,0.0,0.0006178624491809288,agua_segura
20303,CHACCHO,ANCASH,0.029259469308957686,-0.0016109903861717297,-0.0002560619375871903,-0.0006580308305152889,-0.0002560619375871903,ninguno (ya en percentil 75+)
20304,CHINGAS,ANCASH,0.018783417635522368,0.00010335857517485003,-2.140634119786322e-05,0.0,0.00010335857517485003,agua_segura
20305,MIRGAS,ANCASH,0.031648436988763004,-0.0017884223338803865,0.0002816177509855078,-0.0007881712266204904,0.0002816177509855078,dispersion
20306,SAN JUAN DE RONTOY,ANCASH,0.02635255391452601,-0.000506326898194933,-0.0011109701693280578,-0.001109058202472226,-0.000506326898194933,ninguno (ya en percentil 75+)
20401,CHACAS,ANCASH,0.021772235275401994,0.0,4.850317196914214e-05,9.786718748274956e-05,9.786718748274956e-05,urbanizacion
20402,ACOCHACA,ANCASH,0.021068884510325188,0.0,0.0,0.0001703888745896824,0.0001703888745896824,urbanizacion
20501,CHIQUIAN,ANCASH,0.020280992689942677,0.0005350939018128054,0.000850704482522311,0.00024640546157450594,0.000850704482522311,dispersion
20502,ABELARDO PARDO LEZAMETA,ANCASH,0.008775197474824052,-0.00042089285761820125,-0.0003424282305545326,0.0,0.0,ninguno (ya en percentil 75+)
20503,ANTONIO RAYMONDI,ANCASH,0.018054268299668892,-0.0014454139254097172,-0.00011416209605397132,0.0002400711543234478,0.0002400711543234478,urbanizacion
20504,AQUIA,ANCASH,0.024921975102879402,0.0,-0.00018354217883520194,-0.0008175669574178,0.0,ninguno (ya en percentil 75+)
20505,CAJACAY,ANCASH,0.017590055578730713,0.0005507134348497235,0.00029424431499393625,-0.00021168020718541694,0.0005507134348497235,agua_segura
20506,CANIS,ANCASH,0.006428328762668183,-0.00011712422237561242,0.00015201290800207455,0.0008156691157852457,0.0008156691157852457,urbanizacion
20507,COLQUIOC,ANCASH,0.011815638801064076,-9.758499379567374e-05,0.00010032366264639894,-0.00038526622043550535,0.00010032366264639894,dispersion
20508,HUALLANCA,ANCASH,0.021473932305622296,0.0,0.0004985904585650229,-0.0002844952735889042,0.0004985904585650229,dispersion
20509,HUASTA,ANCASH,0.01980269536317545,0.0,-0.0007662529567324834,0.0004792516057606326,0.0004792516057606326,urbanizacion
20510,HUAYLLACAYAN,ANCASH,0.019795165399515795,0.0,0.0002408441988136223,0.00020703668454991747,0.0002408441988136223,dispersion
20511,LA PRIMAVERA,ANCASH,0.009978524968443704,0.0,2.5153028478889367e-06,-0.0002415202345725665,2.5153028478889367e-06,dispersion
20512,MANGAS,ANCASH,0.022169987493645026,0.0008815256935882018,0.000510378392111599,-0.00027736696809548336,0.0008815256935882018,agua_segura
20513,PACLLON,ANCASH,0.024469391476002127,0.0,-0.0007421609526280758,-0.0020783513917769884,0.0,ninguno (ya en percentil 75+)
20514,SAN MIGUEL DE CORPANQUI,ANCASH,0.018316642286481815,0.0007084178377204306,0.0002802850358845678,0.0003910058525445244,0.0007084178377204306,agua_segura
20515,TICLLOS,ANCASH,0.021447033283115088,0.0008704237796753542,0.0005585483132150744,0.0004383099203765853,0.0008704237796753542,agua_segura
20601,CARHUAZ,ANCASH,0.015152020972051209,0.0,0.0,0.0,0.0,ninguno (ya en percentil 75+)
20602,ACOPAMPA,ANCASH,0.015628249937829682,-5.774589905675233e-05,0.0,-3.469446951953614e-18,0.0,ninguno (ya en percentil 75+)
20603,AMASHCA,ANCASH,0.019016557932077245,-0.0004899717071395471,-3.469446951953614e-18,-6.938893903907228e-18,-3.469446951953614e-18,ninguno (ya en percentil 75+)
20604,ANTA,ANCASH,0.021338720106679393,-6.139056172308269e-05,0.0,0.0,0.0,ninguno (ya en percentil 75+)
20605,ATAQUERO,ANCASH,0.016119839415099896,6.406969324419809e-07,-0.00012105880999048468,0.0006555453022422629,0.0006555453022422629,urbanizacion
20606,MARCARA,ANCASH,0.019992273213515075,0.0,0.0,-0.0001056147493055,0.0,ninguno (ya en percentil 75+)
20607,PARIAHUANCA,ANCASH,0.016482328474550664,0.0003768027021879179,-3.469446951953614e-18,0.0,0.0003768027021879179,agua_segura
20608,SAN MIGUEL DE ACO,ANCASH,0.020537110745976347,0.0,0.0001664639232475118,0.0008071419236756021,0.0008071419236756021,urbanizacion
20609,SHILLA,ANCASH,0.02601326170431256,0.0,-3.128040719102207e-05,-0.0003520850164722873,0.0,ninguno (ya en percentil 75+)
20610,TINCO,ANCASH,0.009443746279753779,0.0004321493055554435,0.0,0.0,0.0004321493055554435,agua_segura
20611,YUNGAR,ANCASH,0.022016062076790445,7.810919460492574e-05,0.0,0.0,7.810919460492574e-05,agua_segura
20701,SAN LUIS,ANCASH,0.022391521392568288,0.0,0.0,0.0003139087811656338,0.0003139087811656338,urbanizacion
20702,SAN NICOLAS,ANCASH,0.017982007023044033,-0.00010835285342789686,0.0004494932207562731,-9.685453654862536e-06,0.0004494932207562731,dispersion
20703,YAUYA,ANCASH,0.02158921797349381,-0.00010296114184154409,0.0003713594453129167,0.00032210426487789406,0.0003713594453129167,dispersion
20801,CASMA,ANCASH,0.014646774164303655,6.694159142753113e-05,-0.00035926936093627973,-0.0003852990945498076,6.694159142753113e-05,agua_segura
20802,BUENA VISTA ALTA,ANCASH,0.01242737355067474,0.00025516325073224495,-0.0005010831412975581,-0.0002045564298281833,0.00025516325073224495,agua_segura
20803,COMANDANTE NOEL,ANCASH,0.00908780720371342,-4.402171783185818e-05,-0.00016511788128794475,-0.00013453038547914763,-4.402171783185818e-05,ninguno (ya en percentil 75+)
20804,YAUTAN,ANCASH,0.006813006223444911,0.0005614500853623793,0.00036870541314766234,-0.0003042415178802693,0.0005614500853623793,agua_segura
20901,CORONGO,ANCASH,0.016518095166701427,0.0,0.001306095199755622,-1.2789021586988303e-05,0.001306095199755622,dispersion
20902,ACO,ANCASH,0.013176968696994838,7.54094323115427e-05,0.001018144883172407,-0.00037407625226132044,0.001018144883172407,dispersion
20903,BAMBAS,ANCASH,0.01764953426733822,0.0,-0.0005856396240048675,-0.0007783194606054353,0.0,ninguno (ya en percentil 75+)
20904,CUSCA,ANCASH,0.020237685649968223,0.0,-0.001143163879671144,-0.000419933346446813,0.0,ninguno (ya en percentil 75+)
20905,LA PAMPA,ANCASH,0.01245019268046832,0.0,-0.00036712891939172897,0.0,0.0,ninguno (ya en percentil 75+)
20906,YANAC,ANCASH,0.020663768131548445,0.0006341003083587433,-0.0006250682659324977,0.00044829039993609515,0.0006341003083587433,agua_segura
20907,YUPAN,ANCASH,0.015061048584089133,-1.734723475976807e-18,0.000481853708027084,-2.664117352628101e-05,0.000481853708027084,dispersion
21001,HUARI,ANCASH,0.020841640416060042,-3.469446951953614e-18,0.0004866643270508564,9.644126588441437e-05,0.0004866643270508564,dispersion
21002,ANRA,ANCASH,0.014541503382598577,0.00021513750560817752,0.0017732339366880023,-8.239209883551847e-05,0.0017732339366880023,dispersion
21003,CAJAY,ANCASH,0.021504580828128034,-1.1799787175435783e-05,6.708531146463678e-05,0.0001242017438647311,0.0001242017438647311,urbanizacion
21004,CHAVIN DE HUANTAR,ANCASH,0.021259345399727767,0.0,-2.9788091944708134e-05,0.0002328975255205326,0.0002328975255205326,urbanizacion
21005,HUACACHI,ANCASH,0.019993283091534968,-0.0009638310833242417,0.0010443233974132826,-0.00041048338733530934,0.0010443233974132826,dispersion
21006,HUACCHIS,ANCASH,0.02178184039225761,-0.0004943650198632049,0.000544121751783623,-0.00015101835971805325,0.000544121751783623,dispersion
21007,HUACHIS,ANCASH,0.02041320303132515,-7.612844320934592e-05,0.0009136089907077101,-0.00015935681809301633,0.0009136089907077101,dispersion
21008,HUANTAR,ANCASH,0.024225865824004385,0.0,-8.428182459594216e-05,-0.0003463356148540181,0.0,ninguno (ya en percentil 75+)
21009,MASIN,ANCASH,0.01627299036805064,-0.0005843750002996646,-1.3020570559442446e-05,3.7054754413665125e-05,3.7054754413665125e-05,urbanizacion
21010,PAUCAS,ANCASH,0.02011221000821556,-0.00021183818989841188,0.0007382444588266944,-0.00028309287018119314,0.0007382444588266944,dispersion
21011,PONTO,ANCASH,0.023328527007343874,-0.00043143852320299755,-1.0584385123860868e-05,0.00016292627829016942,0.00016292627829016942,urbanizacion
21012,RAHUAPAMPA,ANCASH,0.00954070262054039,-4.693337017963074e-05,0.0,0.0,0.0,ninguno (ya en percentil 75+)
21013,RAPAYAN,ANCASH,0.01454608241019069,0.0,0.002849029557842256,0.0005579919728959971,0.002849029557842256,dispersion
21014,SAN MARCOS,ANCASH,0.02124382305062764,0.0,0.0002892442133835896,0.0001907817475923987,0.0002892442133835896,dispersion
21015,SAN PEDRO DE CHANA,ANCASH,0.023500788552154976,-0.00035454187410779645,-0.0004368710906197011,0.00027423211314352505,0.00027423211314352505,urbanizacion
21016,UCO,ANCASH,0.020791331487250316,0.0006497641505422806,0.00010006614340795153,0.0,0.0006497641505422806,agua_segura
21101,HUARMEY,ANCASH,0.012823112973929933,-8.388026535454014e-05,0.0002265732653067773,7.821105044678034e-05,0.0002265732653067773,dispersion
21102,COCHAPETI,ANCASH,0.024186417167628402,0.00023686179449370834,0.0005949800150222596,-0.0003998105739939639,0.0005949800150222596,dispersion
21103,CULEBRAS,ANCASH,0.011621275157775937,0.0,0.00016690707978148783,-0.0002502043789229698,0.00016690707978148783,dispersion
21104,HUAYAN,ANCASH,0.015498309597461766,-5.204170427930421e-18,0.0007473815649738577,0.0009561995134543533,0.0009561995134543533,urbanizacion
21105,MALVAS,ANCASH,0.018006210107513868,0.0007322430203302449,0.001976526383218307,0.0005765226813653143,0.001976526383218307,dispersion
21201,CARAZ,ANCASH,0.009505496413131377,0.0,-1.734723475976807e-18,-1.734723475976807e-18,0.0,ninguno (ya en percentil 75+)
21202,HUALLANCA,ANCASH,0.011277771139977666,1.7422394098753208e-05,0.0007625712131179019,0.0006996001728629565,0.0007625712131179019,dispersion
21203,HUATA,ANCASH,0.021205431379717123,-0.0008361195778839349,0.00010502278989776848,5.31186050085862e-05,0.00010502278989776848,dispersion
21204,HUAYLAS,ANCASH,0.021399298152969613,-2.180482967323663e-05,-0.0001333266695847518,0.0,0.0,ninguno (ya en percentil 75+)
21205,MATO,ANCASH,0.01913606972117658,-0.0004932157621721223,-0.0008338706429792467,0.00010528270349373023,0.00010528270349373023,urbanizacion
21206,PAMPAROMAS,ANCASH,0.017501141454037517,0.0,0.0002956727150316696,0.00020757583753904657,0.0002956727150316696,dispersion
21207,PUEBLO LIBRE,ANCASH,0.01313811349451552,-0.00038681423962597973,0.0,0.0,0.0,ninguno (ya en percentil 75+)
21208,SANTA CRUZ,ANCASH,0.017625094728102732,0.0,0.0003519880364104798,0.0008532303981336059,0.0008532303981336059,urbanizacion
21209,SANTO TORIBIO,ANCASH,0.024382597667743318,-0.0005640095203951583,-0.00015471141709566538,0.0005982998705439946,0.0005982998705439946,urbanizacion
21210,YURACMARCA,ANCASH,0.011771530147207386,1.0408340855860843e-17,6.481691142086118e-05,-0.00019153484235849214,6.481691142086118e-05,dispersion
21301,PISCOBAMBA,ANCASH,0.02181826009053135,0.0004776031916627517,0.0,8.420253207936171e-05,0.0004776031916627517,agua_segura
21302,CASCA,ANCASH,0.029646102078322186,-0.0015300569592936325,-6.938893903907228e-18,-0.00017776286467544034,-6.938893903907228e-18,ninguno (ya en percentil 75+)
21303,ELEAZAR GUZMAN BARRON,ANCASH,0.01952762839000543,-0.00015355836515686463,0.0011112600458988466,0.0013928776213426829,0.0013928776213426829,urbanizacion
21304,FIDEL OLIVAS ESCUDERO,ANCASH,0.01796603624831877,6.938893903907228e-18,0.0009747698777333447,-0.0011399123234997893,0.0009747698777333447,dispersion
21305,LLAMA,ANCASH,0.023200739578429087,-0.0006828080806969145,-0.00038626358795371823,-0.0005670765149361594,-0.00038626358795371823,ninguno (ya en percentil 75+)
21306,LLUMPA,ANCASH,0.020765329714829393,-0.0002707740116581099,2.117921511628207e-05,-0.0002146576101418364,2.117921511628207e-05,dispersion
21307,LUCMA,ANCASH,0.02157825426936806,0.0,2.3398547838414385e-06,1.185993826397988e-05,1.185993826397988e-05,urbanizacion
21308,MUSGA,ANCASH,0.014694315077196438,0.0007026925770606592,0.0007700724135314245,0.0015836943682811192,0.0015836943682811192,urbanizacion
21401,OCROS,ANCASH,0.018850589373754154,0.0,-0.0006858565531943535,-0.00010579787971220014,0.0,ninguno (ya en percentil 75+)
21402,ACAS,ANCASH,0.016961509855595015,0.0002641889121866199,0.0015485970038683523,4.3846495198930635e-05,0.0015485970038683523,dispersion
21403,CAJAMARQUILLA,ANCASH,0.02901167976670781,9.569166439191493e-05,-0.002948249191094935,-0.0010649644630177854,9.569166439191493e-05,agua_segura
21404,CARHUAPAMPA,ANCASH,0.009355111093256967,9.445658330265588e-06,0.0002812752015130208,0.0005080868908218707,0.0005080868908218707,urbanizacion
21405,COCHAS,ANCASH,0.00712459733971403,-8.673617379884035e-19,0.00033778589123185064,0.0002297319433241336,0.00033778589123185064,dispersion
21406,CONGAS,ANCASH,0.025400670795013784,9.649193523353708e-05,-0.00024302597460052963,-0.0005409499712238121,9.649193523353708e-05,agua_segura
21407,LLIPA,ANCASH,0.018822975295357477,-0.00019797479021050474,-0.0009969066795478057,0.0,0.0,ninguno (ya en percentil 75+)
21408,SAN CRISTOBAL DE RAJAN,ANCASH,0.020712420260436452,0.0003870366168916631,6.0651504548814295e-05,-0.0009141635457949465,0.0003870366168916631,agua_segura
21409,SAN PEDRO,ANCASH,0.01632112680103336,-0.00017775059756895695,-0.0011895139403117101,0.0005846636386767669,0.0005846636386767669,urbanizacion
21410,SANTIAGO DE CHILCAS,ANCASH,0.018695119089289912,0.0,0.0011489223572431241,1.7257725182934225e-05,0.0011489223572431241,dispersion
21501,CABANA,ANCASH,0.015609345327988054,0.0,0.0006346040432099534,0.0018927480173315733,0.0018927480173315733,urbanizacion
21502,BOLOGNESI,ANCASH,0.028764406429641128,-0.0009402438017896871,-0.0006341833481753011,-0.00059055530909825,-0.00059055530909825,ninguno (ya en percentil 75+)
21503,CONCHUCOS,ANCASH,0.019584903207575253,0.0,0.0005064656655311313,0.0004981520803907201,0.0005064656655311313,dispersion
21504,HUACASCHUQUE,ANCASH,0.010472734386355834,0.0015628006476770626,0.0,0.00031393870937557883,0.0015628006476770626,agua_segura
21505,HUANDOVAL,ANCASH,0.015262769348017522,1.734723475976807e-18,0.0013327571963029031,0.0011054146916788885,0.0013327571963029031,dispersion
21506,LACABAMBA,ANCASH,0.017390459369614912,0.002087731470252846,0.000647645300163209,0.0008668302691149099,0.002087731470252846,agua_segura
21507,LLAPO,ANCASH,0.013494304201736118,0.0,1.3756905225356664e-05,0.001103594629974107,0.001103594629974107,urbanizacion
21508,PALLASCA,ANCASH,0.021574147422174478,-5.743915848729561e-05,-0.0008575755206086354,-0.00016005845031460963,-5.743915848729561e-05,ninguno (ya en percentil 75+)
21509,PAMPAS,ANCASH,0.017314617507961393,0.0,0.0004831403559883707,5.0185102281798816e-05,0.0004831403559883707,dispersion
21510,SANTA ROSA,ANCASH,0.018657537569017443,-0.00036016115633315596,-0.0009585277643327922,-7.38656801975747e-05,-7.38656801975747e-05,ninguno (ya en percentil 75+)
21511,TAUCA,ANCASH,0.017990110584829567,0.00017089461760567276,2.0825331405942976e-05,0.00048562048036332114,0.00048562048036332114,urbanizacion
21601,POMABAMBA,ANCASH,0.024272662713402834,0.0,-7.262588110727372e-05,-0.0003628855909474059,0.0,ninguno (ya en percentil 75+)
21602,HUAYLLAN,ANCASH,0.023246124489335808,0.0,0.00013953881937884757,0.0002943935744564065,0.0002943935744564065,urbanizacion
21603,PAROBAMBA,ANCASH,0.019715880504037036,-8.04626039932789e-05,0.0005863166510744443,0.0008776441938388238,0.0008776441938388238,urbanizacion
21604,QUINUABAMBA,ANCASH,0.01936301808648882,5.199663969374449e-05,0.0002672511637052677,0.0002591889491394238,0.0002672511637052677,dispersion
21701,RECUAY,ANCASH,0.023390391291109484,-3.469446951953614e-18,2.883316410019071e-05,-4.019877560165752e-05,2.883316410019071e-05,dispersion
21702,CATAC,ANCASH,0.026628454315723495,0.0,-0.0015108006390494588,-0.0013304011750785716,0.0,ninguno (ya en percentil 75+)
21703,COTAPARACO,ANCASH,0.019456704164336508,0.0,-0.001177067422720307,-0.0001935520620878553,0.0,ninguno (ya en percentil 75+)
21704,HUAYLLAPAMPA,ANCASH,0.015490949343155102,0.0,0.0011669834518629706,-0.0008770912895475665,0.0011669834518629706,dispersion
21705,LLACLLIN,ANCASH,0.021608247570061346,-0.0005805650926982674,-0.00040260476952538524,9.781566364205907e-05,9.781566364205907e-05,urbanizacion
21706,MARCA,ANCASH,0.016163935710797002,-0.000348865130549051,0.0010121955166488457,0.000389956238194062,0.0010121955166488457,dispersion
21707,PAMPAS CHICO,ANCASH,0.01736043647379685,0.0017419140609184931,0.0016117419522951003,0.0004339834016369275,0.0017419140609184931,agua_segura
21708,PARARIN,ANCASH,0.017199898508816442,0.0009799920627223957,0.0011657965179409854,-0.0005305509021650556,0.0011657965179409854,dispersion
21709,TAPACOCHA,ANCASH,0.018776418215956044,0.001124791914090456,0.0010649561117275358,0.00011448957486182368,0.001124791914090456,agua_segura
21710,TICAPAMPA,ANCASH,0.021607161507646397,0.0,0.0005328426215399501,-0.00015385332417406847,0.0005328426215399501,dispersion
21801,CHIMBOTE,ANCASH,0.012767673266147908,9.865834604719063e-05,0.0,0.0,9.865834604719063e-05,agua_segura
21802,CACERES DEL PERU,ANCASH,0.012088085779051133,0.0,-0.00047060129951658966,-0.00019377459162220508,0.0,ninguno (ya en percentil 75+)
21803,COISHCO,ANCASH,0.008729992448884925,0.0,0.0,0.0,0.0,ninguno (ya en percentil 75+)
21804,MACATE,ANCASH,0.021515548167845292,0.0,-0.0017387738345150672,-0.00030687776432803196,0.0,ninguno (ya en percentil 75+)
21805,MORO,ANCASH,0.010940240047215171,0.0008376069364702896,0.0002513753928028127,-0.0004931493826982412,0.0008376069364702896,agua_segura
21806,NEPEÑA,ANCASH,0.008866066517438194,0.0,-2.3543282702967808e-05,6.352376507167724e-05,6.352376507167724e-05,urbanizacion
21807,SAMANCO,ANCASH,0.005175927108150867,0.0,-8.391861536733575e-05,0.0,0.0,ninguno (ya en percentil 75+)
21808,SANTA,ANCASH,0.0070920463571065495,0.0003714477658937213,-8.673617379884035e-19,0.0,0.0003714477658937213,agua_segura
21809,NUEVO CHIMBOTE,ANCASH,0.013830020349311679,-3.469446951953614e-18,-3.469446951953614e-18,0.0,0.0,ninguno (ya en percentil 75+)
21901,SIHUAS,ANCASH,0.014803203137351041,0.0007205868963569059,0.0,0.0,0.0007205868963569059,agua_segura
21902,ACOBAMBA,ANCASH,0.017917352881448474,3.824719290324019e-05,0.0014898427243841897,0.00010605911108640259,0.0014898427243841897,dispersion
21903,ALFONSO UGARTE,ANCASH,0.016169720003184392,-6.529540681312479e-05,0.0008364996401426482,-0.00048821824072782863,0.0008364996401426482,dispersion
21904,CASHAPAMPA,ANCASH,0.02392053533772017,1.836461901776748e-05,0.0,0.0,1.836461901776748e-05,agua_segura
21905,CHINGALPO,ANCASH,0.02060368923365257,0.0006888189508029059,0.0006331662409865858,-0.0009593522237157301,0.0006888189508029059,agua_segura
21906,HUAYLLABAMBA,ANCASH,0.020996097959471608,0.0006817180972386525,0.0006772015366481622,-2.6456896694979776e-05,0.0006817180972386525,agua_segura
21907,QUICHES,ANCASH,0.02076132004203989,-8.158045548077933e-05,9.275156029835488e-05,1.9563948758585803e-07,9.275156029835488e-05,dispersion
21908,RAGASH,ANCASH,0.021755924406991554,-0.00027015507959688573,0.0006875503387618297,0.0009175715984478007,0.0009175715984478007,urbanizacion
21909,SAN JUAN,ANCASH,0.016575156682482595,0.00016533632242952262,0.0004091895274844423,0.0011166378344785073,0.0011166378344785073,urbanizacion
21910,SICSIBAMBA,ANCASH,0.01477225266210134,0.0001408817711866673,0.0014439933076086774,9.966408519201074e-05,0.0014439933076086774,dispersion
22001,YUNGAY,ANCASH,0.012003207584880249,0.0,0.0,0.0,0.0,ninguno (ya en percentil 75+)
22002,CASCAPARA,ANCASH,0.024422682491653094,-6.53151183802117e-05,-0.0010801901917004003,0.0002839386194954281,0.0002839386194954281,urbanizacion
22003,MANCOS,ANCASH,0.00953656167285295,0.0003425491920222134,0.0,0.0,0.0003425491920222134,agua_segura
22004,MATACOTO,ANCASH,0.010492657348092967,0.00028739985180257707,-1.8004206649898866e-05,-0.00011712529561423192,0.00028739985180257707,agua_segura
22005,QUILLO,ANCASH,0.01193626171187614,0.0,-0.0002330544518683933,0.00019736508567421568,0.00019736508567421568,urbanizacion
22006,RANRAHIRCA,ANCASH,0.008042123149710447,0.000798767194758996,0.0,0.0,0.000798767194758996,agua_segura
22007,SHUPLUY,ANCASH,0.022295694681577514,-0.00048034720739672035,-0.0005976005342077616,-0.0006751050781213172,-0.00048034720739672035,ninguno (ya en percentil 75+)
22008,YANAMA,ANCASH,0.018032174768592927,0.0,0.0004886184880427517,0.0016683140996206075,0.0016683140996206075,urbanizacion
30101,ABANCAY,APURIMAC,0.01038924821408069,-0.0003401429840378719,0.0,0.0,0.0,ninguno (ya en percentil 75+)
30102,CHACOCHE,APURIMAC,0.019419975411426135,-3.469446951953614e-18,-0.0010460595435508868,0.00016484559260126347,0.00016484559260126347,urbanizacion
30103,CIRCA,APURIMAC,0.022658810231966222,0.0,-0.0006862021145859661,-0.0007637532607978996,0.0,ninguno (ya en percentil 75+)
30104,CURAHUASI,APURIMAC,0.01538196291075827,-0.00019295428428857397,0.00040523764582799104,0.00041485256142312354,0.00041485256142312354,urbanizacion
30105,HUANIPACA,APURIMAC,0.020753871844556217,-0.0003321867623124822,-0.00027884264723919416,-5.822809705731402e-05,-5.822809705731402e-05,ninguno (ya en percentil 75+)
30106,LAMBRAMA,APURIMAC,0.02127543252361139,-0.00020784312772459748,0.0001220844529510566,-4.715081012192368e-06,0.0001220844529510566,dispersion
30107,PICHIRHUA,APURIMAC,0.020049120432470206,7.05923744904087e-05,-0.00026978836927782357,5.081024363545045e-05,7.05923744904087e-05,agua_segura
30108,SAN PEDRO DE CACHORA,APURIMAC,0.019865591975269985,-0.00015353614245551886,-0.0001602604140624013,9.536690296502864e-05,9.536690296502864e-05,urbanizacion
30109,TAMBURCO,APURIMAC,0.015932270596402478,0.0,0.0,0.0,0.0,ninguno (ya en percentil 75+)
30201,ANDAHUAYLAS,APURIMAC,0.01861245546857513,0.0005889908466309296,0.0,0.0,0.0005889908466309296,agua_segura
30202,ANDARAPA,APURIMAC,0.02097217402005168,0.0,-0.00010102790960993951,-0.00013911915218967064,0.0,ninguno (ya en percentil 75+)
30203,CHIARA,APURIMAC,0.020767015753301008,0.0005807933463572654,0.0014783035040388144,0.0014355594441469027,0.0014783035040388144,dispersion
30204,HUANCARAMA,APURIMAC,0.021332029620457976,-0.0004894631323411891,-7.946503244066205e-06,0.0,0.0,ninguno (ya en percentil 75+)
30205,HUANCARAY,APURIMAC,0.020772117472929466,-6.178289684319674e-05,-4.280600675772572e-05,0.00017678847647591145,0.00017678847647591145,urbanizacion
30206,HUAYANA,APURIMAC,0.020748993765696683,0.0009350109594348927,0.0006637181243993422,0.0012243527643078442,0.0012243527643078442,urbanizacion
30207,KISHUARA,APURIMAC,0.023926319871598257,-0.0002591757246787757,0.0008729736740468695,0.00014864596814359587,0.0008729736740468695,dispersion
30208,PACOBAMBA,APURIMAC,0.017642086510057164,-1.614905093875671e-05,0.00032926859134925837,7.37111413924782e-05,0.00032926859134925837,dispersion
30209,PACUCHA,APURIMAC,0.021379905095040373,0.0,0.0,0.0,0.0,ninguno (ya en percentil 75+)
30210,PAMPACHIRI,APURIMAC,0.02122790317433582,0.0,0.00014044912858950445,-0.00035501984361759054,0.00014044912858950445,dispersion
30211,POMACOCHA,APURIMAC,0.02235269411243431,3.469446951953614e-18,0.0005294878408355908,0.0005849692595024554,0.0005849692595024554,urbanizacion
30212,SAN ANTONIO DE CACHI,APURIMAC,0.02112264135216391,0.00022747068654720495,-0.00029090038495764234,0.00021954004325452567,0.00022747068654720495,agua_segura
30213,SAN JERONIMO,APURIMAC,0.02623207236657762,-0.0003647709089374604,0.0,0.0,0.0,ninguno (ya en percentil 75+)
30214,SAN MIGUEL DE CHACCRAMPA,APURIMAC,0.021791725780186236,-0.0003604348671569259,0.00040128259441284467,-0.00010948469785465598,0.00040128259441284467,dispersion
30215,SANTA MARIA DE CHICMO,APURIMAC,0.027087942668673825,-0.0006630283695054189,0.0,6.938893903907228e-18,6.938893903907228e-18,ninguno (ya en percentil 75+)
30216,TALAVERA,APURIMAC,0.017722032513432098,0.0001643786401527604,0.0,0.0,0.0001643786401527604,agua_segura
30217,TUMAY HUARACA,APURIMAC,0.021784971758299063,-0.00012930527887372936,0.00027233332297203414,0.00019829002039976548,0.00027233332297203414,dispersion
30218,TURPO,APURIMAC,0.02574769755193234,-0.0006475283517682721,0.0005372922007883807,0.0002524292545072436,0.0005372922007883807,dispersion
30219,KAQUIABAMBA,APURIMAC,0.020980457471115772,-0.00014006805932761587,-5.959070910242434e-05,6.621159961237369e-05,6.621159961237369e-05,urbanizacion
30220,JOSE MARIA ARGUEDAS,APURIMAC,0.025608570099493088,0.0,-0.0002152435421039836,0.0,0.0,ninguno (ya en percentil 75+)
30301,ANTABAMBA,APURIMAC,0.02516773932343174,-3.730993223309553e-05,-0.0005513986319858506,-0.0013236427249539925,-3.730993223309553e-05,ninguno (ya en percentil 75+)
30302,EL ORO,APURIMAC,0.020915978536828243,-0.00018653732268394257,-6.179614050370874e-05,-0.0008146196489392833,-6.179614050370874e-05,ninguno (ya en percentil 75+)
30303,HUAQUIRCA,APURIMAC,0.03243790808300095,3.335990160167196e-05,-0.004436000268075516,-0.0031311934988973653,3.335990160167196e-05,agua_segura
30304,JUAN ESPINOZA MEDRANO,APURIMAC,0.03127903666881867,-0.0003784965363162508,-0.002725029998642818,-0.0027924806204827138,-0.0003784965363162508,ninguno (ya en percentil 75+)
30305,OROPESA,APURIMAC,0.03010713858721959,1.0408340855860843e-17,-0.0019786967955390568,-0.0018152581014060122,1.0408340855860843e-17,ninguno (ya en percentil 75+)
30306,PACHACONAS,APURIMAC,0.021740595647397346,0.00016306402046905796,-3.913792663133922e-05,-0.0011609659591187219,0.00016306402046905796,agua_segura
30307,SABAINO,APURIMAC,0.025312008303504413,-3.469446951953614e-18,-0.00038750353588951417,-0.001154909146447794,-3.469446951953614e-18,ninguno (ya en percentil 75+)
30401,CHALHUANCA,APURIMAC,0.016582578721546927,0.0002610916634207469,0.0009172440812014702,0.0005773517177792981,0.0009172440812014702,dispersion
30402,CAPAYA,APURIMAC,0.013361918980466823,-1.734723475976807e-18,0.00011327365534027391,-0.0004231341261587713,0.00011327365534027391,dispersion
30403,CARAYBAMBA,APURIMAC,0.023730920026408565,0.0,-0.002283061747832049,-0.0017690222693740008,0.0,ninguno (ya en percentil 75+)
30404,CHAPIMARCA,APURIMAC,0.01884156561020295,0.000488605231673319,0.0015561951258511245,-0.0007118760726050125,0.0015561951258511245,dispersion
30405,COLCABAMBA,APURIMAC,0.01771532678287222,-1.6009629601881903e-05,0.000597239103168664,0.0013292566037675334,0.0013292566037675334,urbanizacion
30406,COTARUSE,APURIMAC,0.024525223067384534,0.0,-0.0013749324663220562,-0.0007985513073895528,0.0,ninguno (ya en percentil 75+)
30407,HUAYLLO,APURIMAC,0.001440950633491118,0.0018650218374425733,0.004585562526571654,0.000550901176880416,0.004585562526571654,dispersion
30408,JUSTO APU SAHUARAURA,APURIMAC,0.013917208020673415,0.0007373942532667137,0.001364189722911996,0.0007664786004904986,0.001364189722911996,dispersion
30409,LUCRE,APURIMAC,0.01694603435472233,3.469446951953614e-18,5.196443050994523e-05,0.0003597217311316382,0.0003597217311316382,urbanizacion
30410,POCOHUANCA,APURIMAC,0.023269287818067294,-0.00024367222589945572,2.699418949298274e-05,-0.0013802854352630047,2.699418949298274e-05,dispersion
30411,SAN JUAN DE CHACÑA,APURIMAC,0.020693748530898445,0.00013435382708698596,0.0007601469060213098,0.0010164426242477674,0.0010164426242477674,urbanizacion
30412,SAÑAYCA,APURIMAC,0.021785395866830246,0.0,-0.0014973541245150157,-0.00030313523473606344,0.0,ninguno (ya en percentil 75+)
30413,SORAYA,APURIMAC,0.008899104839891788,0.00113332276928888,0.0011456669223078933,0.0009543143946427416,0.0011456669223078933,dispersion
30414,TAPAIRIHUA,APURIMAC,0.020018070331902203,-0.00017363326062721368,-7.282284637021713e-05,0.0002028457841551784,0.0002028457841551784,urbanizacion
30415,TINTAY,APURIMAC,0.018509383973870627,0.00011567814549035688,0.0003411903133118156,-0.00012074134999881178,0.0003411903133118156,dispersion
30416,TORAYA,APURIMAC,0.01800308688852814,3.469446951953614e-18,0.0005500344346475658,0.0011231337708858986,0.0011231337708858986,urbanizacion
30417,YANACA,APURIMAC,0.022566617557056978,0.0006875864581890566,-0.0004701403557444174,-0.0012959488891929709,0.0006875864581890566,agua_segura
30501,TAMBOBAMBA,APURIMAC,0.024666951598940678,-0.00047768249154484313,0.0001985362500393842,-1.91932103491034e-05,0.0001985362500393842,dispersion
30502,COTABAMBAS,APURIMAC,0.02173173900115555,5.217451035617951e-05,-0.0005146954496831578,6.877444919395695e-05,6.877444919395695e-05,urbanizacion
30503,COYLLURQUI,APURIMAC,0.021666541626379966,8.404102259796861e-05,0.0006408175938773242,0.0007630748685797314,0.0007630748685797314,urbanizacion
30504,HAQUIRA,APURIMAC,0.02119263552066209,0.0,0.0001749977309688823,0.00020903738375080763,0.00020903738375080763,urbanizacion
30505,MARA,APURIMAC,0.02976485653534354,-0.0011773942722705932,0.00017811151479223478,0.0,0.00017811151479223478,dispersion
30506,CHALLHUAHUACHO,APURIMAC,0.02283081616359705,0.0,0.0,-3.469446951953614e-18,0.0,ninguno (ya en percentil 75+)
30601,CHINCHEROS,APURIMAC,0.018900256581223043,-0.00042161253720001887,0.0,0.0,0.0,ninguno (ya en percentil 75+)
30602,ANCO-HUALLO,APURIMAC,0.023705000249575194,-0.00013725477693192142,0.0,-3.469446951953614e-18,0.0,ninguno (ya en percentil 75+)
30603,COCHARCAS,APURIMAC,0.019347010937952654,-0.0001597758774165431,1.5752396875880204e-05,4.1081270650580176e-05,4.1081270650580176e-05,urbanizacion
30604,HUACCANA,APURIMAC,0.020354373708797998,-0.00021348528825884325,8.327071456943821e-05,-0.00020493037414815937,8.327071456943821e-05,dispersion
30605,OCOBAMBA,APURIMAC,0.022045641690324295,-7.607686705289954e-05,0.00016233619601031465,-5.265315025373973e-05,0.00016233619601031465,dispersion
30606,ONGOY,APURIMAC,0.016853272601106885,9.672289057863215e-05,0.0004617197455159365,0.0004194821667244282,0.0004617197455159365,dispersion
30607,URANMARCA,APURIMAC,0.020894938624560606,0.000158696609875459,6.561641087803743e-05,-0.00010413578758610917,0.000158696609875459,agua_segura
30608,RANRACANCHA,APURIMAC,0.027998659660623027,-0.0009516051240181511,6.938893903907228e-18,6.938893903907228e-18,6.938893903907228e-18,ninguno (ya en percentil 75+)
30609,ROCCHACC,APURIMAC,0.021205717190646626,0.0,0.0,0.0,0.0,ninguno (ya en percentil 75+)
30610,EL PORVENIR,APURIMAC,0.017953187572954277,-7.841744037447723e-05,7.494140527658164e-05,0.00041191590183993834,0.00041191590183993834,urbanizacion
30611,LOS CHANKAS,APURIMAC,0.008882213613280754,-0.0002757189150692854,0.0013745377459603355,0.00037714445643404274,0.0013745377459603355,dispersion
30612,AHUAYRO,APURIMAC,0.008078235796647399,0.00017780669998788447,-8.362741352992663e-05,-1.734723475976807e-18,0.00017780669998788447,agua_segura
30701,CHUQUIBAMBILLA,APURIMAC,0.016054035320832098,0.0,0.0011676141719468222,0.001146487572143251,0.0011676141719468222,dispersion
30702,CURPAHUASI,APURIMAC,0.021666842955313122,-3.469446951953614e-18,-0.0009420169659374762,-0.0003116813680532765,-3.469446951953614e-18,ninguno (ya en percentil 75+)
30703,GAMARRA,APURIMAC,0.022657245833645274,-0.0007340816453259534,0.0005900050300389134,0.0007729671668654306,0.0007729671668654306,urbanizacion
30704,HUAYLLATI,APURIMAC,0.0288580400787654,-0.0016980949949859103,-0.001120812091763606,-0.0003576608514638986,-0.0003576608514638986,ninguno (ya en percentil 75+)
30705,MAMARA,APURIMAC,0.024747363776006837,0.00014121461327601392,-0.0003168708728310994,-0.001019404008741058,0.00014121461327601392,agua_segura
30706,MICAELA BASTIDAS,APURIMAC,0.01946418243753903,-3.469446951953614e-18,-0.0008311899252145608,0.0004247178619175111,0.0004247178619175111,urbanizacion
30707,PATAYPAMPA,APURIMAC,0.022994114566690385,0.0,-0.0009577960013618554,-3.854835421703007e-05,0.0,ninguno (ya en percentil 75+)
30708,PROGRESO,APURIMAC,0.023305656508660875,6.237281244169529e-06,6.280476004820804e-05,-0.0002931417867252685,6.280476004820804e-05,dispersion
30709,SAN ANTONIO,APURIMAC,0.010623652044081883,0.002115905643350612,0.0008876097256055593,0.0008138800848387535,0.002115905643350612,agua_segura
30710,SANTA ROSA,APURIMAC,0.019009983853335664,0.000625222859798831,0.00026162203378155,0.00039034031838238586,0.000625222859798831,agua_segura
30711,TURPAY,APURIMAC,0.01697673041015467,0.0013285936165836482,0.00039877434244295004,0.0006306238807009257,0.0013285936165836482,agua_segura
30712,VILCABAMBA,APURIMAC,0.021119413361086987,-0.0004454382235028788,0.0,0.0,0.0,ninguno (ya en percentil 75+)
30713,VIRUNDO,APURIMAC,0.027753315861137023,0.0005945941288065491,-0.0028704220448381584,-0.0028016939751904398,0.0005945941288065491,agua_segura
30714,CURASCO,APURIMAC,0.02048466746948633,-2.2448435427150498e-05,0.0001185555826916651,-0.0001510028019745431,0.0001185555826916651,dispersion
40102,ALTO SELVA ALEGRE,AREQUIPA,0.01043157239634469,9.960225424135265e-05,0.0,0.0,9.960225424135265e-05,agua_segura
40103,CAYMA,AREQUIPA,0.011329152216627487,0.0,0.0,0.0,0.0,ninguno (ya en percentil 75+)
40104,CERRO COLORADO,AREQUIPA,0.00979930909056248,-8.543962623396711e-05,-3.469446951953614e-18,-3.469446951953614e-18,-3.469446951953614e-18,ninguno (ya en percentil 75+)
40105,CHARACATO,AREQUIPA,0.011506971275705147,4.3595257709794916e-06,3.469446951953614e-18,0.0,4.3595257709794916e-06,agua_segura
40106,CHIGUATA,AREQUIPA,0.02084294856837444,-0.00018819010444686216,0.0003777739040322879,0.00010605964313696592,0.0003777739040322879,dispersion
40107,JACOBO HUNTER,AREQUIPA,0.008678666815233068,6.390716404581186e-05,0.0,0.0,6.390716404581186e-05,agua_segura
40108,LA JOYA,AREQUIPA,0.005860572074827634,0.0002614757998200979,-1.734723475976807e-18,0.0,0.0002614757998200979,agua_segura
40109,MARIANO MELGAR,AREQUIPA,0.00958280628094762,0.00042787321848509335,0.0,0.0,0.00042787321848509335,agua_segura
40110,MIRAFLORES,AREQUIPA,0.009838865849369533,0.00015981540552072009,0.0,0.0,0.00015981540552072009,agua_segura
40111,MOLLEBAYA,AREQUIPA,0.010003895996387487,1.3553808416699384e-05,3.469446951953614e-18,0.0,1.3553808416699384e-05,agua_segura
40112,PAUCARPATA,AREQUIPA,0.008344453641827673,0.00027197860527795707,0.0,3.469446951953614e-18,0.00027197860527795707,agua_segura
40113,POCSI,AREQUIPA,0.02354331449590621,0.00017958235654115876,1.3122934531414887e-05,-0.0001275657159447649,0.00017958235654115876,agua_segura
40114,POLOBAYA,AREQUIPA,0.019561801573071712,0.0,0.00043132723779019597,-0.0006735873548588782,0.00043132723779019597,dispersion
40115,QUEQUEÑA,AREQUIPA,0.008211653044683603,0.00045064940931702734,0.0,0.0,0.00045064940931702734,agua_segura
40116,SABANDIA,AREQUIPA,0.006605797573042181,0.0008953394511920145,8.673617379884035e-19,8.673617379884035e-19,0.0008953394511920145,agua_segura
40117,SACHACA,AREQUIPA,0.00848468306564342,0.0,0.0,0.0,0.0,ninguno (ya en percentil 75+)
40118,SAN JUAN DE SIGUAS,AREQUIPA,0.008257559783012135,-0.00041094475527917763,-0.0003299047784182073,-0.0003431263824695153,-0.0003299047784182073,ninguno (ya en percentil 75+)
40119,SAN JUAN DE TARUCANI,AREQUIPA,0.03230466590573955,0.0,-0.0024467932323291412,-0.0006435893512000135,0.0,ninguno (ya en percentil 75+)
40121,SANTA RITA DE SIGUAS,AREQUIPA,0.005276841307910918,0.0004295277521614146,0.0004509701169532901,-3.597167576978224e-05,0.0004509701169532901,dispersion
40122,SOCABAYA,AREQUIPA,0.008343071324290803,-0.00024765115898444864,0.0,0.0,0.0,ninguno (ya en percentil 75+)
40123,TIABAYA,AREQUIPA,0.008657526203354823,3.469446951953614e-18,3.469446951953614e-18,3.469446951953614e-18,3.469446951953614e-18,ninguno (ya en percentil 75+)
40124,UCHUMAYO,AREQUIPA,0.007824906717547334,0.0001999801606130374,0.0,0.0,0.0001999801606130374,agua_segura
40125,VITOR,AREQUIPA,0.009449903483697505,0.0,8.074305613514111e-05,0.00019204021490999527,0.00019204021490999527,urbanizacion
40126,YANAHUARA,AREQUIPA,0.0076771933054292476,0.00035051031735894387,-2.6020852139652106e-18,-2.6020852139652106e-18,0.00035051031735894387,agua_segura
40127,YARABAMBA,AREQUIPA,0.009361296767172556,0.0,-5.511008126367345e-05,0.00037098247009659073,0.00037098247009659073,urbanizacion
40128,YURA,AREQUIPA,0.012004354051547055,-7.606948714517989e-05,2.0809319700599432e-06,0.000318091276343347,0.000318091276343347,urbanizacion
40129,JOSE LUIS BUSTAMANTE Y RIVERO,AREQUIPA,0.00771668299778589,0.0,0.0,0.0,0.0,ninguno (ya en percentil 75+)
40201,CAMANA,AREQUIPA,0.004382641247543759,0.0,0.0,0.0,0.0,ninguno (ya en percentil 75+)
40202,JOSE MARIA QUIMPER,AREQUIPA,0.004239343000906746,0.0009636528242589169,0.0,0.0,0.0009636528242589169,agua_segura
40203,MARIANO NICOLAS VALCARCEL,AREQUIPA,0.017901339281112677,-0.0012114556152862874,-0.001654876193364973,-0.001966865408058918,-0.0012114556152862874,ninguno (ya en percentil 75+)
40204,MARISCAL CACERES,AREQUIPA,0.01057464867360387,0.0,-5.892594368290746e-05,3.2908693413437676e-05,3.2908693413437676e-05,urbanizacion
40205,NICOLAS DE PIEROLA,AREQUIPA,0.009979874334533912,0.0009841549633237377,0.00031947234246826675,-0.00029750317504657377,0.0009841549633237377,agua_segura
40206,OCOÑA,AREQUIPA,0.01668514373867256,-0.00035746524120294776,-0.0008394074847858299,-0.0010053503910548364,-0.00035746524120294776,ninguno (ya en percentil 75+)
40207,QUILCA,AREQUIPA,0.012913301424314716,0.0,-6.030362118231852e-06,-0.00044257409512156107,0.0,ninguno (ya en percentil 75+)
40208,SAMUEL PASTOR,AREQUIPA,0.01304755410318637,0.0,0.0,0.0,0.0,ninguno (ya en percentil 75+)
40301,CARAVELI,AREQUIPA,0.011118060092372,0.00034511291353634364,-0.00045165030760539217,-0.0005778475913974825,0.00034511291353634364,agua_segura
40302,ACARI,AREQUIPA,0.015027152610276553,-0.0005651708546429834,-0.00034448611077481095,-0.0009800332482642858,-0.00034448611077481095,ninguno (ya en percentil 75+)
40303,ATICO,AREQUIPA,0.018757834386770818,0.0,-0.00023064054244005885,-0.0009382496405845112,0.0,ninguno (ya en percentil 75+)
40304,ATIQUIPA,AREQUIPA,0.008719787657476781,-1.734723475976807e-18,0.000666977260113848,0.0005961441638593253,0.000666977260113848,dispersion
40305,BELLA UNION,AREQUIPA,0.016777267506642317,-0.0003151164882281114,-0.0004200430933891802,-0.00034698539947212656,-0.0003151164882281114,ninguno (ya en percentil 75+)
40306,CAHUACHO,AREQUIPA,0.03291620717949452,-0.00026193921685773586,-0.0032756999759936713,-0.0023541882312107312,-0.00026193921685773586,ninguno (ya en percentil 75+)
40307,CHALA,AREQUIPA,0.009512990282478507,0.0,-2.950872335271207e-05,-8.099021462035574e-05,0.0,ninguno (ya en percentil 75+)
40308,CHAPARRA,AREQUIPA,0.01315544205565311,0.0,-6.669532497607066e-05,-0.00024402725621023094,0.0,ninguno (ya en percentil 75+)
40309,HUANUHUANU,AREQUIPA,0.011797523733307207,-0.0003902448959702768,5.7587039663863776e-05,0.0005131603486846631,0.0005131603486846631,urbanizacion
40310,JAQUI,AREQUIPA,0.010045693098659549,0.00017633966741159926,0.001515789514431612,0.0009432588030024586,0.001515789514431612,dispersion
40311,LOMAS,AREQUIPA,0.01418981328457938,-6.420233784179205e-05,0.00041237542077066265,0.00014362142078540308,0.00041237542077066265,dispersion
40312,QUICACHA,AREQUIPA,0.017536296898656226,0.00031954114604421796,-0.0012013360456775493,-0.0007619115870882015,0.00031954114604421796,agua_segura
40313,YAUCA,AREQUIPA,0.014221882433208117,-0.0003947693616573947,-0.0005877906400486473,-0.0006048968309835482,-0.0003947693616573947,ninguno (ya en percentil 75+)
40401,APLAO,AREQUIPA,0.005849146637841795,0.001575702461218265,0.0003853357557823834,0.00040667603385463776,0.001575702461218265,agua_segura
40402,ANDAGUA,AREQUIPA,0.02758382279429562,-2.487434298179339e-05,-0.0028457577052800435,-0.0020302420491949726,-2.487434298179339e-05,ninguno (ya en percentil 75+)
40403,AYO,AREQUIPA,0.0105856377383156,-7.213316151274789e-05,0.0006806612364264053,0.0013278791753118697,0.0013278791753118697,urbanizacion
40404,CHACHAS,AREQUIPA,0.03640215418515388,0.0,-0.002993396007974429,-0.0014112360722308842,0.0,ninguno (ya en percentil 75+)
40405,CHILCAYMARCA,AREQUIPA,0.0198384813056824,0.0012043936243240835,0.000740396171186198,0.0009585745311764676,0.0012043936243240835,agua_segura
40406,CHOCO,AREQUIPA,0.019047298725946394,-7.594789082644368e-05,-7.064164054261524e-05,-9.610123008941748e-05,-7.064164054261524e-05,ninguno (ya en percentil 75+)
40407,HUANCARQUI,AREQUIPA,0.012277029997938043,0.00012707143917985338,0.00028143672821547006,-0.00022374974225639575,0.00028143672821547006,dispersion
40408,MACHAGUAY,AREQUIPA,0.025783565000823096,-5.52208713781345e-05,-0.0005050194377669397,-0.002341790193113289,-5.52208713781345e-05,ninguno (ya en percentil 75+)
40409,ORCOPAMPA,AREQUIPA,0.028058881992325663,3.469446951953614e-18,-0.001085040394994772,-0.0015501803223832503,3.469446951953614e-18,ninguno (ya en percentil 75+)
40410,PAMPACOLCA,AREQUIPA,0.020433265663513396,0.0,0.00032622676434959294,9.85821967469068e-05,0.00032622676434959294,dispersion
40411,TIPAN,AREQUIPA,0.013579884492536026,-0.000200329551287088,-0.00010198795662692134,0.00025324619154088596,0.00025324619154088596,urbanizacion
40412,UÑON,AREQUIPA,0.020085971371872766,7.614808079004984e-05,-0.00014746659488372796,0.0012831778201533098,0.0012831778201533098,urbanizacion
40413,URACA,AREQUIPA,0.009680556856551911,0.0008735146644050958,4.998273007558382e-05,-0.00022955112784128762,0.0008735146644050958,agua_segura
40414,VIRACO,AREQUIPA,0.019036009759227077,0.0,0.000813353878130637,-0.00041210397813769284,0.000813353878130637,dispersion
40501,CHIVAY,AREQUIPA,0.02263116226175791,-0.0004526169770174282,0.00041323075377633356,0.00018327813270410317,0.00041323075377633356,dispersion
40502,ACHOMA,AREQUIPA,0.025912295083604604,-0.0003277278034271268,-0.0008421730179339407,-0.0017644441471365048,-0.0003277278034271268,ninguno (ya en percentil 75+)
40503,CABANACONDE,AREQUIPA,0.019913785166866923,-3.469446951953614e-18,0.0007565142442798427,-4.538209947103217e-06,0.0007565142442798427,dispersion
40504,CALLALLI,AREQUIPA,0.029605044900252415,0.0,-0.0016494183751974596,-0.0015501597471237888,0.0,ninguno (ya en percentil 75+)
40505,CAYLLOMA,AREQUIPA,0.03348633582711134,2.0816681711721685e-17,-0.002168742155818172,-0.0007233425839037397,2.0816681711721685e-17,ninguno (ya en percentil 75+)
40506,COPORAQUE,AREQUIPA,0.018665212615639696,0.0005476803440748468,0.0005186828133271031,-0.0002476262008612798,0.0005476803440748468,agua_segura
40507,HUAMBO,AREQUIPA,0.02439060564377017,9.725195192204078e-05,-0.00025950092416576406,-0.0014557822075897155,9.725195192204078e-05,agua_segura
40508,HUANCA,AREQUIPA,0.024012296136573102,0.0003313957494607521,-0.0010607415387035891,-0.0024814143066713805,0.0003313957494607521,agua_segura
40509,ICHUPAMPA,AREQUIPA,0.025570088643443404,0.001365898029738754,0.00045800202168445187,-0.00017988322172091467,0.001365898029738754,agua_segura
40510,LARI,AREQUIPA,0.029728018924316854,0.0,-0.0029214305011922015,-0.0022183688680925268,0.0,ninguno (ya en percentil 75+)
40511,LLUTA,AREQUIPA,0.021857981215270404,-0.0001299180346408524,-0.0012427106364288724,-0.0010773364052221353,-0.0001299180346408524,ninguno (ya en percentil 75+)
40512,MACA,AREQUIPA,0.028325210651971407,1.9080400048970825e-05,-7.619869757389403e-05,-0.0015858418571556843,1.9080400048970825e-05,agua_segura
40513,MADRIGAL,AREQUIPA,0.022854406592591067,0.0011266897204456339,0.0004420734799349367,-0.0009380274168179492,0.0011266897204456339,agua_segura
40514,SAN ANTONIO DE CHUCA,AREQUIPA,0.03620842520301961,0.0,-0.002872888241129218,-0.00042549110824599556,0.0,ninguno (ya en percentil 75+)
40515,SIBAYO,AREQUIPA,0.03212252606235713,0.0006396366744606946,-0.002311765100325148,-0.0030638368042382493,0.0006396366744606946,agua_segura
40516,TAPAY,AREQUIPA,0.03661181714183617,0.0,-0.002282478507557348,-0.0045508033581328974,0.0,ninguno (ya en percentil 75+)
40517,TISCO,AREQUIPA,0.028735602533487028,0.0,-0.0006311836426060695,-0.0003494451984338877,0.0,ninguno (ya en percentil 75+)
40518,TUTI,AREQUIPA,0.03711398354264105,-0.0004288083532184017,-0.0034373630939966565,-0.001712656461409806,-0.0004288083532184017,ninguno (ya en percentil 75+)
40519,YANQUE,AREQUIPA,0.026914173050430028,0.0005462153735406074,-0.002766760044503245,-0.001651439626375279,0.0005462153735406074,agua_segura
40520,MAJES,AREQUIPA,0.007378687814950051,-0.00016199551661760965,0.0,-3.939176404870511e-05,0.0,ninguno (ya en percentil 75+)
40601,CHUQUIBAMBA,AREQUIPA,0.021860797309696946,-0.0009265121781225939,-0.001844783117057179,-0.001242374425145281,-0.0009265121781225939,ninguno (ya en percentil 75+)
40602,ANDARAY,AREQUIPA,0.021617715305259445,0.00010884560222098813,-0.0009833355304290706,0.0005871827890798487,0.0005871827890798487,urbanizacion
40603,CAYARANI,AREQUIPA,0.03415884515141836,6.938893903907228e-18,-0.002727888261055411,-0.002683996699077873,6.938893903907228e-18,ninguno (ya en percentil 75+)
40604,CHICHAS,AREQUIPA,0.011103875653670506,0.00019607145970275582,5.633796634567888e-05,0.0013239565634718623,0.0013239565634718623,urbanizacion
40605,IRAY,AREQUIPA,0.016169972969585274,-0.0007746106024067514,0.0001163867318876681,0.00020442968218515808,0.00020442968218515808,urbanizacion
40606,RIO GRANDE,AREQUIPA,0.013342562929070807,-0.0005045820088001637,-0.0007681942594173399,-0.0008690533529683818,-0.0005045820088001637,ninguno (ya en percentil 75+)
40607,SALAMANCA,AREQUIPA,0.03556778204419227,0.0,-0.002916614540802359,-0.002300978330319045,0.0,ninguno (ya en percentil 75+)
40608,YANAQUIHUA,AREQUIPA,0.022624641058452064,-7.356572748418166e-05,-0.0012961435794465528,-0.0006981820156746685,-7.356572748418166e-05,ninguno (ya en percentil 75+)
40701,MOLLENDO,AREQUIPA,0.013028863470424212,0.0,-4.382115950679784e-05,-3.736044316374025e-05,0.0,ninguno (ya en percentil 75+)
40702,COCACHACRA,AREQUIPA,0.014051347296125765,-1.818848531746041e-05,-0.0005025274827445952,-0.00027595509312171827,-1.818848531746041e-05,ninguno (ya en percentil 75+)
40703,DEAN VALDIVIA,AREQUIPA,0.008611637006902111,0.00020700585693705746,0.0,0.0,0.00020700585693705746,agua_segura
40704,ISLAY,AREQUIPA,0.009861359979273919,0.0,-8.265585709773052e-05,3.740929342715103e-05,3.740929342715103e-05,urbanizacion
40705,MEJIA,AREQUIPA,0.008682390406312235,0.0006603541717961296,6.32272947405331e-05,0.0,0.0006603541717961296,agua_segura
40706,PUNTA DE BOMBON,AREQUIPA,0.009455314059828877,0.0,-0.00015689433286678045,-3.664806376415565e-05,0.0,ninguno (ya en percentil 75+)
40801,COTAHUASI,AREQUIPA,0.018122781429243236,0.0,0.00010306241636398594,-0.00013139110193353606,0.00010306241636398594,dispersion
40802,ALCA,AREQUIPA,0.02319704768658747,-3.469446951953614e-18,-9.808863666128584e-05,-0.001204727950902873,-3.469446951953614e-18,ninguno (ya en percentil 75+)
40803,CHARCANA,AREQUIPA,0.030652501690203636,-0.00013043665586360068,-0.00382273393001778,-0.0026345932450873855,-0.00013043665586360068,ninguno (ya en percentil 75+)
40804,HUAYNACOTAS,AREQUIPA,0.02411948132623781,0.0,-0.0016160619484311273,-0.0002479491205515001,0.0,ninguno (ya en percentil 75+)
40805,PAMPAMARCA,AREQUIPA,0.02408772166111415,-1.9837652307619358e-05,-0.001847020844148048,-0.0005226425688047986,-1.9837652307619358e-05,ninguno (ya en percentil 75+)
40806,PUYCA,AREQUIPA,0.0344516981948719,0.0,-0.002416370202797169,-0.0019612378614839027,0.0,ninguno (ya en percentil 75+)
40807,QUECHUALLA,AREQUIPA,0.008446506683435821,0.00019757168475233698,0.00023141537206673203,0.002402241964865888,0.002402241964865888,urbanizacion
40808,SAYLA,AREQUIPA,0.021323806471380626,0.00010073319781033277,0.0009821473555066962,-0.0011761439709358189,0.0009821473555066962,dispersion
40809,TAURIA,AREQUIPA,0.020755573497028175,0.0001398752812258111,-0.001076264297656039,-0.0007455147314093594,0.0001398752812258111,agua_segura
40810,TOMEPAMPA,AREQUIPA,0.018585859399461682,-6.938893903907228e-18,0.00042478256690695396,-0.001376945106148296,0.00042478256690695396,dispersion
40811,TORO,AREQUIPA,0.02162477627256347,0.00011110212296816524,0.0002340164346496948,-0.0006664961606991544,0.0002340164346496948,dispersion
50101,AYACUCHO,AYACUCHO,0.015294865675798037,5.337725749862514e-05,0.0,0.0,5.337725749862514e-05,agua_segura
50102,ACOCRO,AYACUCHO,0.024133933133377077,-0.00029689540315027893,0.0003874361215843135,0.0005622045529108839,0.0005622045529108839,urbanizacion
50103,ACOS VINCHOS,AYACUCHO,0.02374728960021658,-0.0004763966513554388,0.0002072636156596197,-0.000586920757434134,0.0002072636156596197,dispersion
50104,CARMEN ALTO,AYACUCHO,0.01800755098714843,0.0,0.0,0.0,0.0,ninguno (ya en percentil 75+)
50105,CHIARA,AYACUCHO,0.02454915401505838,-0.0003075212987561256,0.00015858711058899452,0.0008169806104143945,0.0008169806104143945,urbanizacion
50106,OCROS,AYACUCHO,0.020329206300150497,-6.875102888891094e-05,0.0003036899047337942,9.029395261696271e-05,0.0003036899047337942,dispersion
50107,PACAYCASA,AYACUCHO,0.00996449341381454,0.0007246927362436102,0.0,0.0,0.0007246927362436102,agua_segura
50108,QUINUA,AYACUCHO,0.025455933603346418,1.5091829816373664e-05,0.0,0.0,1.5091829816373664e-05,agua_segura
50109,SAN JOSE DE TICLLAS,AYACUCHO,0.021733845748940328,-0.0016362270431100334,0.0003664945737464134,0.0,0.0003664945737464134,dispersion
50110,SAN JUAN BAUTISTA,AYACUCHO,0.015342021766657691,0.00035233187579315935,-5.204170427930421e-18,-5.204170427930421e-18,0.00035233187579315935,agua_segura
50111,SANTIAGO DE PISCHA,AYACUCHO,0.022419798285167773,-0.0009204175830693703,-0.00020263843757101913,0.0,0.0,ninguno (ya en percentil 75+)
50112,SOCOS,AYACUCHO,0.02464332298075052,-0.00029020259668731743,0.0,0.0,0.0,ninguno (ya en percentil 75+)
50113,TAMBILLO,AYACUCHO,0.02529296405155259,-0.00030813185043901403,6.938893903907228e-18,6.938893903907228e-18,6.938893903907228e-18,ninguno (ya en percentil 75+)
50114,VINCHOS,AYACUCHO,0.020698852722306788,0.0,0.0010175242216855333,0.0006453555905184573,0.0010175242216855333,dispersion
50115,JESUS NAZARENO,AYACUCHO,0.015949741280515368,-2.3757344882798653e-05,0.0,0.0,0.0,ninguno (ya en percentil 75+)
50116,ANDRES AVELINO CACERES DORREGARAY,AYACUCHO,0.015835152308816276,-0.0001559110508427483,0.0,0.0,0.0,ninguno (ya en percentil 75+)
50201,CANGALLO,AYACUCHO,0.012357238647486666,0.00019024354312166883,6.035787233885613e-05,0.00012517452079607687,0.00019024354312166883,agua_segura
50202,CHUSCHI,AYACUCHO,0.02035606506234781,0.0,0.0005297093458182175,0.0003586093010673856,0.0005297093458182175,dispersion
50203,LOS MOROCHUCOS,AYACUCHO,0.021823457194337297,0.0,0.0,4.365163298485075e-05,4.365163298485075e-05,urbanizacion
50204,MARIA PARADO DE BELLIDO,AYACUCHO,0.024719501804789427,-0.00027074481068658715,2.669566147290789e-05,3.559650807418921e-05,3.559650807418921e-05,urbanizacion
50205,PARAS,AYACUCHO,0.02111544963506805,0.0,0.00040527102813055216,-0.0011884004282956516,0.00040527102813055216,dispersion
50206,TOTOS,AYACUCHO,0.020481217656211394,0.0,0.0006576993624072373,9.135263363990037e-05,0.0006576993624072373,dispersion
50301,SANCOS,AYACUCHO,0.023149522180593293,-3.469446951953614e-18,-0.0008624965354756681,-0.0009365556423462443,-3.469446951953614e-18,ninguno (ya en percentil 75+)
50302,CARAPO,AYACUCHO,0.02162909176924175,2.43796415465361e-05,0.0003314341463448167,-4.2413734276863096e-05,0.0003314341463448167,dispersion
50303,SACSAMARCA,AYACUCHO,0.025258833566165876,0.0,-0.003202304306832382,0.0001908256143934861,0.0001908256143934861,urbanizacion
50304,SANTIAGO DE LUCANAMARCA,AYACUCHO,0.02515155412349563,0.0,-0.002241820223491245,-0.0022228860667231863,0.0,ninguno (ya en percentil 75+)
50401,HUANTA,AYACUCHO,0.01457276501640717,6.851161382200217e-05,0.0,-1.734723475976807e-18,6.851161382200217e-05,agua_segura
50402,AYAHUANCO,AYACUCHO,0.019107969064957025,-0.0004495486982819749,0.0017104838055972266,6.937986300890181e-05,0.0017104838055972266,dispersion
50403,HUAMANGUILLA,AYACUCHO,0.024861512066746385,-0.0003925146792355082,0.0,0.0,0.0,ninguno (ya en percentil 75+)
50404,IGUAIN,AYACUCHO,0.019560205551666144,0.0004731436552687131,0.0,0.0,0.0004731436552687131,agua_segura
50405,LURICOCHA,AYACUCHO,0.01301285815274652,-0.00020424833537665936,-1.734723475976807e-18,-1.734723475976807e-18,-1.734723475976807e-18,ninguno (ya en percentil 75+)
50406,SANTILLANA,AYACUCHO,0.021009491930091218,0.0002771790134336767,6.757752123777092e-05,0.0003750310317327567,0.0003750310317327567,urbanizacion
50407,SIVIA,AYACUCHO,0.006272969569116648,0.0006393288329923138,0.0005299901687234251,0.0010935539204110578,0.0010935539204110578,urbanizacion
50408,LLOCHEGUA,AYACUCHO,0.008796869695462386,0.0006124587541986894,0.0005110252591607363,0.0002537725113262775,0.0006124587541986894,agua_segura
50409,CANAYRE,AYACUCHO,0.011434608732226903,0.0017696838879729965,-0.0002849326405246679,-2.9153479604266536e-05,0.0017696838879729965,agua_segura
50410,UCHURACCAY,AYACUCHO,0.022601568313724604,0.0,0.00022187053511266153,0.00014517418377252636,0.00022187053511266153,dispersion
50411,PUCACOLPA,AYACUCHO,0.020488776366868258,3.469446951953614e-18,-0.0004250612171963798,0.00022310680489682697,0.00022310680489682697,urbanizacion
50412,CHACA,AYACUCHO,0.022520028704280017,-0.000415451390238155,0.00015865052234250235,-0.0002146220167516151,0.00015865052234250235,dispersion
50501,SAN MIGUEL,AYACUCHO,0.017481697248230094,-0.0001332075763136112,0.0004364100108488235,0.00016152585343293807,0.0004364100108488235,dispersion
50502,ANCO,AYACUCHO,0.017065914419637722,0.0,0.00036044156138692607,0.0007525982535578242,0.0007525982535578242,urbanizacion
50503,AYNA,AYACUCHO,0.007772824794173704,0.0001479976744215815,6.416783767170843e-05,0.00015791350345499208,0.00015791350345499208,urbanizacion
50504,CHILCAS,AYACUCHO,0.019079030730273023,9.009530205581623e-06,0.0005830012985791506,0.00016604820395386966,0.0005830012985791506,dispersion
50505,CHUNGUI,AYACUCHO,0.02033873416864944,-0.00015946061891543642,-0.0006274788566151407,-0.0005745038429892692,-0.00015946061891543642,ninguno (ya en percentil 75+)
50506,LUIS CARRANZA,AYACUCHO,0.012193482813187835,-0.00013226266451866857,0.0016047953882559786,0.0015340001512010124,0.0016047953882559786,dispersion
50507,SANTA ROSA,AYACUCHO,0.009651210497202122,0.00016986936181324908,-6.083772374940871e-05,0.00020947188407679368,0.00020947188407679368,urbanizacion
50508,TAMBO,AYACUCHO,0.025215002424081007,-0.0007775167359982578,0.0006610185530334795,0.0,0.0006610185530334795,dispersion
50509,SAMUGARI,AYACUCHO,0.008044221005150195,0.0,-6.048822395501516e-05,0.00016657830139497898,0.00016657830139497898,urbanizacion
50510,ANCHIHUAY,AYACUCHO,0.01100301072517267,0.00011417371989842079,-9.63561543326219e-05,0.0001302759279811893,0.0001302759279811893,urbanizacion
50511,ORONCCOY,AYACUCHO,0.014649284048575696,0.0,0.0006772174153853519,0.0008538223510428256,0.0008538223510428256,urbanizacion
50512,UNION PROGRESO,AYACUCHO,0.010089381349544763,0.0,-2.9839127816601307e-05,-9.20520984451327e-06,0.0,ninguno (ya en percentil 75+)
50513,RIO MAGDALENA,AYACUCHO,0.008724894305756412,0.0,-0.0001210885712388237,0.0006670223325032035,0.0006670223325032035,urbanizacion
50514,NINABAMBA,AYACUCHO,0.02065148956414942,-0.0009090910083203799,0.00033464955679282996,0.0004498821756307794,0.0004498821756307794,urbanizacion
50515,PATIBAMBA,AYACUCHO,0.01536366765497407,-0.0010383298468944584,-9.33734310896283e-05,0.0006336693673920837,0.0006336693673920837,urbanizacion
50601,PUQUIO,AYACUCHO,0.02024129345588524,0.0,0.000576981833284914,-5.193710174437177e-06,0.000576981833284914,dispersion
50602,AUCARA,AYACUCHO,0.02177184601940758,0.0,-0.0009002063280920264,-0.0002538624728657887,0.0,ninguno (ya en percentil 75+)
50603,CABANA,AYACUCHO,0.02130641111077954,0.0,-0.0016055348125416057,-0.001341465506683688,0.0,ninguno (ya en percentil 75+)
50604,CARMEN SALCEDO,AYACUCHO,0.023498421260733867,0.0,-0.001631138612810678,-0.0010225891887633252,0.0,ninguno (ya en percentil 75+)
50605,CHAVIÑA,AYACUCHO,0.025512059831884943,-3.469446951953614e-18,-0.001137572592358086,-0.0022415087451483975,-3.469446951953614e-18,ninguno (ya en percentil 75+)
50606,CHIPAO,AYACUCHO,0.027899968540347223,0.0,-0.0012344028535654361,-0.001580739830264525,0.0,ninguno (ya en percentil 75+)
50607,HUAC-HUAS,AYACUCHO,0.013708458984397315,0.0006413833084003701,0.0009362352706890412,0.0008292400353601924,0.0009362352706890412,dispersion
50608,LARAMATE,AYACUCHO,0.02181815569204591,0.00030065291224986787,-0.0006456786781735592,-0.0011066367498507625,0.00030065291224986787,agua_segura
50609,LEONCIO PRADO,AYACUCHO,0.026560151254420496,-0.00027625863652772434,-0.003121990026611565,-0.0009114153812835174,-0.00027625863652772434,ninguno (ya en percentil 75+)
50610,LLAUTA,AYACUCHO,0.020415070245461388,-0.00011725319635839948,-0.0007474798463489377,3.745770194802864e-05,3.745770194802864e-05,urbanizacion
50611,LUCANAS,AYACUCHO,0.02590669068255688,-6.535479893714571e-05,-0.001988420742725292,-0.0009329900974311446,-6.535479893714571e-05,ninguno (ya en percentil 75+)
50612,OCAÑA,AYACUCHO,0.01789194373268055,6.794925187693021e-05,-0.0014474317278222494,-0.00026411338596291425,6.794925187693021e-05,agua_segura
50613,OTOCA,AYACUCHO,0.011305406433841985,0.00042157537053829144,0.0016290755949737497,0.0012304219295730008,0.0016290755949737497,dispersion
50614,SAISA,AYACUCHO,0.019580915815736788,0.001108068213502178,0.00015893279750084366,0.00043492851590304013,0.001108068213502178,agua_segura
50615,SAN CRISTOBAL,AYACUCHO,0.026765144287823936,0.000282805546982047,-0.0015220552780170898,-0.0009420166596154182,0.000282805546982047,agua_segura
50616,SAN JUAN,AYACUCHO,0.018279333417963645,0.0018150973581316752,0.0015118488324328654,0.0,0.0018150973581316752,agua_segura
50617,SAN PEDRO,AYACUCHO,0.0239672614939276,-0.001364301823931633,-0.0025726483438951835,-0.002851902567512561,-0.001364301823931633,ninguno (ya en percentil 75+)
50618,SAN PEDRO DE PALCO,AYACUCHO,0.024096711536353628,-0.0005785830537886373,-0.001061810390105132,-0.0013414418812421926,-0.0005785830537886373,ninguno (ya en percentil 75+)
50619,SANCOS,AYACUCHO,0.019992289780768398,-0.00016944482382956483,-0.0011118906655235572,-0.000837862170902811,-0.00016944482382956483,ninguno (ya en percentil 75+)
50620,SANTA ANA DE HUAYCAHUACHO,AYACUCHO,0.014048971507381729,0.0017935598067668635,0.0013407427781722322,0.0005243269582779798,0.0017935598067668635,agua_segura
50621,SANTA LUCIA,AYACUCHO,0.0190620421397332,-0.0013931262680212664,-0.0012521496722493891,0.00012037730487837045,0.00012037730487837045,urbanizacion
50701,CORACORA,AYACUCHO,0.021162002316111407,0.0,0.00017387411160838667,-0.0004406374634516805,0.00017387411160838667,dispersion
50702,CHUMPI,AYACUCHO,0.021589282589365953,-0.000572367329751567,0.00114419504118108,8.713314504941311e-05,0.00114419504118108,dispersion
50703,CORONEL CASTAÑEDA,AYACUCHO,0.031783956025711976,0.0,-0.002817311044601329,-0.001453936627862501,0.0,ninguno (ya en percentil 75+)
50704,PACAPAUSA,AYACUCHO,0.027833433965221255,0.0005154051860333832,-0.0016928173498970273,-0.0020428905957869843,0.0005154051860333832,agua_segura
50705,PULLO,AYACUCHO,0.02399639152715196,-0.0007785075872286037,-0.0021713952943815742,-0.002700353319373641,-0.0007785075872286037,ninguno (ya en percentil 75+)
50706,PUYUSCA,AYACUCHO,0.025315422171716836,-0.0002518991121436727,-0.0015386553449310628,-0.0011007898735238102,-0.0002518991121436727,ninguno (ya en percentil 75+)
50707,SAN FRANCISCO DE RAVACAYCO,AYACUCHO,0.03156485084911053,0.00047725710217629697,-0.0020460252453418128,-0.0032163465875408026,0.00047725710217629697,agua_segura
50708,UPAHUACHO,AYACUCHO,0.025952154340369262,0.0008882389811803171,-0.0019519940289372713,-0.0009270159576464411,0.0008882389811803171,agua_segura
50801,PAUSA,AYACUCHO,0.01513316395539092,-0.00016529641348187948,-0.0004505710360761875,0.0002698241019987828,0.0002698241019987828,urbanizacion
50802,COLTA,AYACUCHO,0.025491403338937055,-0.00028671734334799123,-0.00040378634398382726,-0.001566684880805816,-0.00028671734334799123,ninguno (ya en percentil 75+)
50803,CORCULLA,AYACUCHO,0.02171616039236529,0.0,0.0003437131419591864,-0.0011269068628959288,0.0003437131419591864,dispersion
50804,LAMPA,AYACUCHO,0.023722323407854382,-0.00029441243248876786,-0.0007501765827114988,-0.0006668684198303139,-0.00029441243248876786,ninguno (ya en percentil 75+)
50805,MARCABAMBA,AYACUCHO,0.019718773983242267,0.0003044938461871406,-3.470714905957559e-05,-0.0008943856414516393,0.0003044938461871406,agua_segura
50806,OYOLO,AYACUCHO,0.03688856090795189,0.0,-0.004030472520024142,-0.001103649221112335,0.0,ninguno (ya en percentil 75+)
50807,PARARCA,AYACUCHO,0.01836297664454734,0.0009884086102080504,0.0004653966013768787,0.0007835195405195665,0.0009884086102080504,agua_segura
50808,SAN JAVIER DE ALPABAMBA,AYACUCHO,0.0159173651602207,0.0007286328900006564,0.00029991945215822324,0.00047033621060486516,0.0007286328900006564,agua_segura
50809,SAN JOSE DE USHUA,AYACUCHO,0.018938883874914124,0.002173297092255475,-0.001135563386934317,-0.0016335918970158021,0.002173297092255475,agua_segura
50901,QUEROBAMBA,AYACUCHO,0.019557612481251787,0.0006074045671943806,0.0007365422662313457,0.00014427059118375316,0.0007365422662313457,dispersion
50902,BELEN,AYACUCHO,0.019038985298930364,-0.00018643931148891804,-0.0008336445541024563,0.0,0.0,ninguno (ya en percentil 75+)
50903,CHALCOS,AYACUCHO,0.02038981053769681,-0.00018808253689809803,-0.00019096042604937677,0.00010009790778742547,0.00010009790778742547,urbanizacion
50904,CHILCAYOC,AYACUCHO,0.020908505788759323,0.00033453016826674037,-6.0940358643124526e-05,0.0,0.00033453016826674037,agua_segura
50905,HUACAÑA,AYACUCHO,0.02525038462402662,-0.0003501460365493529,-0.0027185524373502037,-0.0010978912216537406,-0.0003501460365493529,ninguno (ya en percentil 75+)
50906,MORCOLLA,AYACUCHO,0.02866140340953005,0.0004907975586174729,-0.0013969548426639063,-0.0018008326506362554,0.0004907975586174729,agua_segura
50907,PAICO,AYACUCHO,0.014491449897045003,0.0010608121335818864,0.0018975445515612543,0.000893934020830241,0.0018975445515612543,dispersion
50908,SAN PEDRO DE LARCAY,AYACUCHO,0.01697343597544384,0.0013284934496890534,0.0014446672094478898,0.0006372146882767105,0.0014446672094478898,dispersion
50909,SAN SALVADOR DE QUIJE,AYACUCHO,0.01751781122096804,0.0013468537367785569,0.0014483594678066126,0.0006575673828350601,0.0014483594678066126,dispersion
50910,SANTIAGO DE PAUCARAY,AYACUCHO,0.018500547970794468,0.0012042996579809846,0.0016565290023758672,0.0008334516922789241,0.0016565290023758672,dispersion
50911,SORAS,AYACUCHO,0.02185974915227617,0.0,-0.001313610300264334,-0.0001660012014265376,0.0,ninguno (ya en percentil 75+)
51001,HUANCAPI,AYACUCHO,0.022260607155554314,-4.299429703570612e-06,-2.351756870654087e-05,-0.00041819527533602796,-4.299429703570612e-06,ninguno (ya en percentil 75+)
51002,ALCAMENCA,AYACUCHO,0.019752231997751633,-0.00019243699307420342,0.0004037692655952524,-2.7233401419152897e-05,0.0004037692655952524,dispersion
51003,APONGO,AYACUCHO,0.025213149582967203,-0.00019239771737196779,-0.002356785620301321,-0.0014736191231557068,-0.00019239771737196779,ninguno (ya en percentil 75+)
51004,ASQUIPATA,AYACUCHO,0.012121184637813554,0.0009319172221660989,0.0025659355787992187,0.0007511459147546296,0.0025659355787992187,dispersion
51005,CANARIA,AYACUCHO,0.019797043301273843,0.00016188051796757474,0.0003153328029526191,6.747298543929511e-05,0.0003153328029526191,dispersion
51006,CAYARA,AYACUCHO,0.02534558158266726,-0.0016290178416006225,-0.0001261631393372556,0.0,0.0,ninguno (ya en percentil 75+)
51007,COLCA,AYACUCHO,0.020106383912423108,-0.00014490043808900246,-0.000204070036998686,0.00025268966213124605,0.00025268966213124605,urbanizacion
51008,HUAMANQUIQUIA,AYACUCHO,0.024057668908778116,0.0005768417176611022,0.000435078048773678,-0.0002628926183650959,0.0005768417176611022,agua_segura
51009,HUANCARAYLLA,AYACUCHO,0.023436795835896227,4.4686306750682525e-05,3.1349357770948244e-05,0.00045815166969618085,0.00045815166969618085,urbanizacion
51010,HUAYA,AYACUCHO,0.019597454184876826,-6.938893903907228e-18,0.00019853428735904302,0.00023562580586010753,0.00023562580586010753,urbanizacion
51011,SARHUA,AYACUCHO,0.02043675928306302,-0.00012057958092209428,-1.0176158015892667e-05,-0.0010492040052761456,-1.0176158015892667e-05,ninguno (ya en percentil 75+)
51012,VILCANCHOS,AYACUCHO,0.018444542558133773,0.0008337286952316489,0.0005884947420189621,-0.000460966996124388,0.0008337286952316489,agua_segura
51101,VILCAS HUAMAN,AYACUCHO,0.023784752787669984,0.00022475523076173967,3.469446951953614e-18,3.469446951953614e-18,0.00022475523076173967,agua_segura
51102,ACCOMARCA,AYACUCHO,0.019612608095304563,-0.0003602312163407742,0.0001497764532199658,-8.362213318368131e-05,0.0001497764532199658,dispersion
51103,CARHUANCA,AYACUCHO,0.022453673939878883,-0.000673481565099953,-8.546761938679065e-05,0.0,0.0,ninguno (ya en percentil 75+)
51104,CONCEPCION,AYACUCHO,0.020281302081647773,0.0001267832793746572,0.0008737329336294883,0.0003677185709967702,0.0008737329336294883,dispersion
51105,HUAMBALPA,AYACUCHO,0.019212506035088374,0.0001218158773676932,0.00011535917702348852,-0.00025563832881807594,0.0001218158773676932,agua_segura
51106,INDEPENDENCIA,AYACUCHO,0.023192825659694598,-0.0007302142396516179,0.0002053596043398824,-4.155217769197597e-05,0.0002053596043398824,dispersion
51107,SAURAMA,AYACUCHO,0.014119530955511517,-2.469680677293952e-05,0.0014671057194168627,0.000146602657080162,0.0014671057194168627,dispersion
51108,VISCHONGO,AYACUCHO,0.021289971603998294,5.721256749624537e-05,0.0007579599202041966,0.0012092015856534077,0.0012092015856534077,urbanizacion
60101,CAJAMARCA,CAJAMARCA,0.014713125118938044,0.0,0.0,1.734723475976807e-18,1.734723475976807e-18,ninguno (ya en percentil 75+)
60102,ASUNCION,CAJAMARCA,0.009174111088291786,-0.0002964588100621609,4.438256073285678e-05,0.0003818347156281914,0.0003818347156281914,urbanizacion
60103,CHETILLA,CAJAMARCA,0.020612719853376083,5.47966644279356e-05,-7.744120513065306e-06,-0.00038399603511566835,5.47966644279356e-05,agua_segura
60104,COSPAN,CAJAMARCA,0.012731172290599354,-0.0002637414773477443,-0.00030580393453850593,0.0005744411970896989,0.0005744411970896989,urbanizacion
60105,ENCAÑADA,CAJAMARCA,0.02352645668827446,8.89803644967338e-05,-7.5146430466091485e-06,8.834128312272885e-05,8.89803644967338e-05,agua_segura
60106,JESUS,CAJAMARCA,0.012768930807505376,0.0,0.0,-7.782704616695474e-05,0.0,ninguno (ya en percentil 75+)
60107,LLACANORA,CAJAMARCA,0.01247646331511791,0.0001346005115578884,0.0,0.0,0.0001346005115578884,agua_segura
60108,LOS BAÑOS DEL INCA,CAJAMARCA,0.015878923936475896,2.558857960425695e-05,0.0,0.0,2.558857960425695e-05,agua_segura
60109,MAGDALENA,CAJAMARCA,0.008034768959585,-0.0001731754190424789,0.0,-2.964767639862184e-05,0.0,ninguno (ya en percentil 75+)
60110,MATARA,CAJAMARCA,0.018210407328230156,0.00034563275949160005,0.0,-7.30490114856791e-05,0.00034563275949160005,agua_segura
60111,NAMORA,CAJAMARCA,0.018997215702459026,0.0,0.0,-0.00012630710948932297,0.0,ninguno (ya en percentil 75+)
60112,SAN JUAN,CAJAMARCA,0.01128897823645786,-0.0002754520239534094,-1.0318932691641414e-05,0.0,0.0,ninguno (ya en percentil 75+)
60201,CAJABAMBA,CAJAMARCA,0.01823900980850739,9.064605045162877e-06,0.0,0.0,9.064605045162877e-06,agua_segura
60202,CACHACHI,CAJAMARCA,0.023853880740247007,-0.0008377338208933778,0.0004062714919438569,-0.00014814821125101046,0.0004062714919438569,dispersion
60203,CONDEBAMBA,CAJAMARCA,0.019499073204235957,1.3080877058029017e-05,0.0,0.0,1.3080877058029017e-05,agua_segura
60204,SITACOCHA,CAJAMARCA,0.02119155955836352,-0.00011528328350494596,0.00064892525085989,0.000404768647964196,0.00064892525085989,dispersion
60301,CELENDIN,CAJAMARCA,0.013439048918479534,0.0,6.271388121918686e-06,-5.204170427930421e-18,6.271388121918686e-06,dispersion
60302,CHUMUCH,CAJAMARCA,0.018080652348866695,-7.044561943328823e-05,0.00016393774891859322,0.0002207425148739138,0.0002207425148739138,urbanizacion
60303,CORTEGANA,CAJAMARCA,0.01687599747854868,-5.059806997706473e-06,-0.0012691378682806818,-0.0003014031640648923,-5.059806997706473e-06,ninguno (ya en percentil 75+)
60304,HUASMIN,CAJAMARCA,0.0136121220189432,0.0002130818149905702,0.00010206658360789253,0.00046711185760941673,0.00046711185760941673,urbanizacion
60305,JORGE CHAVEZ,CAJAMARCA,0.012254053992929323,-1.734723475976807e-18,0.00030798526073213747,0.000725403181334067,0.000725403181334067,urbanizacion
60306,JOSE GALVEZ,CAJAMARCA,0.012893831359586489,0.00023165412977160446,-3.469446951953614e-18,0.0,0.00023165412977160446,agua_segura
60307,MIGUEL IGLESIAS,CAJAMARCA,0.02071837413009563,-0.00026368184050774846,-0.00018378113954661476,-9.39682156414004e-05,-9.39682156414004e-05,ninguno (ya en percentil 75+)
60308,OXAMARCA,CAJAMARCA,0.02189733539347134,5.422482943556392e-05,-0.00027608457700312866,-0.0009729205587533721,5.422482943556392e-05,agua_segura
60309,SOROCHUCO,CAJAMARCA,0.014238411636955725,0.00015956293713215858,4.7833489533893186e-05,0.00027113196917648297,0.00027113196917648297,urbanizacion
60310,SUCRE,CAJAMARCA,0.014128529915199348,0.0003513126622290367,-6.320748512182554e-05,0.0005094190584438059,0.0005094190584438059,urbanizacion
60311,UTCO,CAJAMARCA,0.014697364602817306,-0.00023924150677044967,0.0004772178341155824,0.00022660478711185317,0.0004772178341155824,dispersion
60312,LA LIBERTAD DE PALLAN,CAJAMARCA,0.020942521204562154,0.00048270694934944916,-1.8592863704855467e-05,0.00021064170907678786,0.00048270694934944916,agua_segura
60401,CHOTA,CAJAMARCA,0.011206956124295628,0.0004282540891512761,3.469446951953614e-18,3.469446951953614e-18,0.0004282540891512761,agua_segura
60402,ANGUIA,CAJAMARCA,0.015880330914851998,0.0004665801284777643,-0.0001677728494371769,-0.00025833492785497236,0.0004665801284777643,agua_segura
60403,CHADIN,CAJAMARCA,0.02171432748873964,-0.0008631073419336291,-0.0011621791605238158,-0.000485051368797243,-0.000485051368797243,ninguno (ya en percentil 75+)
60404,CHIGUIRIP,CAJAMARCA,0.013422633253457267,0.000471715649188284,1.734723475976807e-18,-0.0004374571662875554,0.000471715649188284,agua_segura
60405,CHIMBAN,CAJAMARCA,0.010579394525905728,0.0013682515104760165,0.0008056831006131998,0.001150614670987522,0.0013682515104760165,agua_segura
60406,CHOROPAMPA,CAJAMARCA,0.01437275956535592,0.0012246795256251088,0.00032730230692644934,9.653150802006044e-05,0.0012246795256251088,agua_segura
60407,COCHABAMBA,CAJAMARCA,0.007916623716522603,-0.00015197770032042424,1.734723475976807e-18,0.0,1.734723475976807e-18,ninguno (ya en percentil 75+)
60408,CONCHAN,CAJAMARCA,0.011968954071947535,0.00020857442435522067,9.235749737019835e-05,-0.00035642839780897564,0.00020857442435522067,agua_segura
60409,HUAMBOS,CAJAMARCA,0.010071026965523085,-0.00017318114587531845,4.222996359699166e-05,0.00015551839276963485,0.00015551839276963485,urbanizacion
60410,LAJAS,CAJAMARCA,0.010077938838102889,0.0002845961334134693,0.0,2.9588948552360453e-05,0.0002845961334134693,agua_segura
60411,LLAMA,CAJAMARCA,0.00431808866410267,0.00044650587571729624,0.0005457806375753545,0.0005955133000630367,0.0005955133000630367,urbanizacion
60412,MIRACOSTA,CAJAMARCA,0.02201816891466005,8.07693004584234e-05,-0.0013628328515771816,0.00022596816697371958,0.00022596816697371958,urbanizacion
60413,PACCHA,CAJAMARCA,0.009257293993915302,0.0005925942705478551,0.0001042912298996352,0.00015306522140534108,0.0005925942705478551,agua_segura
60414,PION,CAJAMARCA,0.008486829713642821,8.542020031554985e-05,-5.5441743445376265e-05,0.0008793657437567923,0.0008793657437567923,urbanizacion
60415,QUEROCOTO,CAJAMARCA,0.012263485370555903,-0.000378506107903874,-0.0001407325433373744,-0.0003675534928151078,-0.0001407325433373744,ninguno (ya en percentil 75+)
60416,SAN JUAN DE LICUPIS,CAJAMARCA,0.026363926002126767,0.0004642134889368543,-0.001978557656975268,-0.0008200276048687082,0.0004642134889368543,agua_segura
60417,TACABAMBA,CAJAMARCA,0.010245027753697372,-0.00015010434149125874,0.0,0.00039474118266472763,0.00039474118266472763,urbanizacion
60418,TOCMOCHE,CAJAMARCA,0.0049625501088874395,0.0009310355484657539,0.001319284460384645,0.0020629917499728114,0.0020629917499728114,urbanizacion
60419,CHALAMARCA,CAJAMARCA,0.014749453343230544,-0.00017519657928802453,6.121616297424456e-05,-0.00035527223088203594,6.121616297424456e-05,dispersion
60501,CONTUMAZA,CAJAMARCA,0.017270095102245128,-0.00023391643587506936,-0.0003196101030904161,0.00014573314263000015,0.00014573314263000015,urbanizacion
60502,CHILETE,CAJAMARCA,0.011599672686125733,-3.60540331925379e-05,0.00015761546263382865,0.0001085927575315785,0.00015761546263382865,dispersion
60503,CUPISNIQUE,CAJAMARCA,0.005967935776900364,0.0011541558034164727,0.001920793985103154,0.002500661597425872,0.002500661597425872,urbanizacion
60504,GUZMANGO,CAJAMARCA,0.0172832892440561,-0.0003963205145269405,-0.000417128510280973,-0.0002364509562919788,-0.0002364509562919788,ninguno (ya en percentil 75+)
60505,SAN BENITO,CAJAMARCA,0.006852053687716376,0.0007501326673929245,0.00036834148537698286,0.0006881631321123101,0.0007501326673929245,agua_segura
60506,SANTA CRUZ DE TOLEDO,CAJAMARCA,0.014851031514709394,0.00019092608581234606,-0.0003015805427061726,-0.00013514431115613235,0.00019092608581234606,agua_segura
60507,TANTARICA,CAJAMARCA,0.02512874603633038,-0.00043650990739611123,-0.0010282265214751098,-0.0002798178280803351,-0.0002798178280803351,ninguno (ya en percentil 75+)
60508,YONAN,CAJAMARCA,0.008438719450206154,0.0,0.000299084223980825,0.00016979699994040288,0.000299084223980825,dispersion
60601,CUTERVO,CAJAMARCA,0.011696382272471858,0.0002344844422832136,0.0,0.0,0.0002344844422832136,agua_segura
60602,CALLAYUC,CAJAMARCA,0.005564809817244367,0.0003678931113157086,0.00026710233751685904,0.0006663320014765797,0.0006663320014765797,urbanizacion
60603,CHOROS,CAJAMARCA,0.005966560323282544,0.0011204579415552479,0.00010949534467440819,0.00043243114512741057,0.0011204579415552479,agua_segura
60604,CUJILLO,CAJAMARCA,0.010723562405268887,-9.328745811724992e-05,-0.0002752593252578154,0.0001561008182400271,0.0001561008182400271,urbanizacion
60605,LA RAMADA,CAJAMARCA,0.010757747245060475,-5.417479017129877e-05,5.3023854403021556e-05,-0.0002951223418069717,5.3023854403021556e-05,dispersion
60606,PIMPINGOS,CAJAMARCA,0.008992374288262694,0.0005964066712244743,9.62604295715614e-05,-9.88219861762403e-05,0.0005964066712244743,agua_segura
60607,QUEROCOTILLO,CAJAMARCA,0.011430097247916986,0.0007485543857819587,-0.00031239325732005177,-0.000377288748776735,0.0007485543857819587,agua_segura
60608,SAN ANDRES DE CUTERVO,CAJAMARCA,0.014194849066102697,-3.559575383618209e-05,-0.0007137207288288525,-0.00043267198366862304,-3.559575383618209e-05,ninguno (ya en percentil 75+)
60609,SAN JUAN DE CUTERVO,CAJAMARCA,0.01195652858677511,0.00026251110670907733,-3.116064775310172e-05,0.0003968294976548995,0.0003968294976548995,urbanizacion
60610,SAN LUIS DE LUCMA,CAJAMARCA,0.01548421689656358,0.0005397322871797446,-5.185513201286587e-06,-9.300559420870672e-05,0.0005397322871797446,agua_segura
60611,SANTA CRUZ,CAJAMARCA,0.006844918287831723,0.0009335234622121092,0.00021150825879228362,0.0003284575199860359,0.0009335234622121092,agua_segura
60612,SANTO DOMINGO DE LA CAPILLA,CAJAMARCA,0.00863514472533521,-0.00018956348180935827,0.00013845519362316872,-0.00014135276671331867,0.00013845519362316872,dispersion
60613,SANTO TOMAS,CAJAMARCA,0.012473520493199091,0.0006156179271226865,-0.0004645222601173827,-0.0006205445090222538,0.0006156179271226865,agua_segura
60614,SOCOTA,CAJAMARCA,0.010152736248892362,0.00042211732248162263,3.900830651551966e-05,0.0003197175227864311,0.00042211732248162263,agua_segura
60615,TORIBIO CASANOVA,CAJAMARCA,0.012809522059849492,-0.0003495747760376335,-0.0006747149382600251,0.00035803589894828347,0.00035803589894828347,urbanizacion
60701,BAMBAMARCA,CAJAMARCA,0.01352535017138295,-9.507951582345305e-05,0.0,0.0,0.0,ninguno (ya en percentil 75+)
60702,CHUGUR,CAJAMARCA,0.022752060532130677,0.00028717816176889593,0.00019759807904507973,-0.0017582692910683428,0.00028717816176889593,agua_segura
60703,HUALGAYOC,CAJAMARCA,0.023973909028598413,-3.469446951953614e-18,0.0,5.02283260612503e-05,5.02283260612503e-05,urbanizacion
60801,JAEN,CAJAMARCA,0.009631072939493874,0.00020461138701560397,0.0,0.0,0.00020461138701560397,agua_segura
60802,BELLAVISTA,CAJAMARCA,0.010051592933749603,-5.586967769497658e-05,-4.7633687196809923e-05,0.0003536069876930604,0.0003536069876930604,urbanizacion
60803,CHONTALI,CAJAMARCA,0.006852752009903097,0.0008533637198812859,0.00022411553654727492,0.0007357890177051834,0.0008533637198812859,agua_segura
60804,COLASAY,CAJAMARCA,0.007380074679693717,0.000233091664844161,0.0002498165010655284,1.5416748214897892e-05,0.0002498165010655284,dispersion
60805,HUABAL,CAJAMARCA,0.00945208625635473,-0.0006390917575949465,0.0,-0.0003320684294225544,0.0,ninguno (ya en percentil 75+)
60806,LAS PIRIAS,CAJAMARCA,0.012372705656045379,-0.0010562630152005231,0.0,-0.000628117512242083,0.0,ninguno (ya en percentil 75+)
60807,POMAHUACA,CAJAMARCA,0.007698288321838614,0.0005014049883034014,0.000309646596447926,9.539345391570801e-05,0.0005014049883034014,agua_segura
60808,PUCARA,CAJAMARCA,0.005594078991422454,0.0003220076688686454,-9.699992469933832e-05,6.800416307286075e-05,0.0003220076688686454,agua_segura
60809,SALLIQUE,CAJAMARCA,0.017640193478116902,0.00120833303046557,-0.0012053112332826577,-0.0004723217003555387,0.00120833303046557,agua_segura
60810,SAN FELIPE,CAJAMARCA,0.016383422781484806,1.4088680813165166e-05,-0.0012042575790659517,0.00010870596011516506,0.00010870596011516506,urbanizacion
60811,SAN JOSE DEL ALTO,CAJAMARCA,0.007536231338599323,0.00039063005527778007,9.458022009412297e-05,0.000436812925759927,0.000436812925759927,urbanizacion
60812,SANTA ROSA,CAJAMARCA,0.007176763607309494,-6.591982484796012e-06,-0.00020630388209464095,0.00033125591399441566,0.00033125591399441566,urbanizacion
60901,SAN IGNACIO,CAJAMARCA,0.0069514448497091695,0.0,0.0,3.946069522832267e-05,3.946069522832267e-05,urbanizacion
60902,CHIRINOS,CAJAMARCA,0.006655007049527751,0.0,6.8771898417115465e-06,0.00036717194422890374,0.00036717194422890374,urbanizacion
60903,HUARANGO,CAJAMARCA,0.008961076544507708,1.734723475976807e-18,0.00015772101806569953,0.00010799233257428181,0.00015772101806569953,dispersion
60904,LA COIPA,CAJAMARCA,0.006656078164537923,0.0003324337688340789,0.00010991905830653927,0.0003979817344673302,0.0003979817344673302,urbanizacion
60905,NAMBALLE,CAJAMARCA,0.009036668266648647,0.0007279684011548323,0.00015797489693579643,-0.0002928938503539407,0.0007279684011548323,agua_segura
60906,SAN JOSE DE LOURDES,CAJAMARCA,0.0069788344688961135,0.0,-0.0001569545334827692,-0.00022034350728758478,0.0,ninguno (ya en percentil 75+)
60907,TABACONAS,CAJAMARCA,0.008091738734504257,0.00022873950352433892,0.00020085431963685722,0.00041174295443410086,0.00041174295443410086,urbanizacion
61001,PEDRO GALVEZ,CAJAMARCA,0.011624919732005388,-0.0004331110440027562,0.0,-0.00010320620680854403,0.0,ninguno (ya en percentil 75+)
61002,CHANCAY,CAJAMARCA,0.01736835092448867,-0.00013439031744109237,-2.1191032357925632e-05,0.0,0.0,ninguno (ya en percentil 75+)
61003,EDUARDO VILLANUEVA,CAJAMARCA,0.008362740367074508,0.00027929910578819266,0.0,0.0,0.00027929910578819266,agua_segura
61004,GREGORIO PITA,CAJAMARCA,0.017871851503731565,0.00013965306637396882,-2.024046637273333e-05,0.0003818837941127161,0.0003818837941127161,urbanizacion
61005,ICHOCAN,CAJAMARCA,0.013445726108488315,0.001035941280988684,3.58782525175811e-05,1.734723475976807e-18,0.001035941280988684,agua_segura
61006,JOSE MANUEL QUIROZ,CAJAMARCA,0.02029766977257938,0.0002423571120378637,-1.9582583188588326e-05,-0.00021514939992286694,0.0002423571120378637,agua_segura
61007,JOSE SABOGAL,CAJAMARCA,0.021312296651022557,-0.0003235027624628635,0.00017880877843645324,1.8509022262313407e-05,0.00017880877843645324,dispersion
61101,SAN MIGUEL,CAJAMARCA,0.010989150633594213,9.475484533081648e-05,-2.204880992294836e-05,0.00040984231270011114,0.00040984231270011114,urbanizacion
61102,BOLIVAR,CAJAMARCA,0.011465091263303804,-0.0004696339787213979,0.00039517297670915545,0.0005019798572783504,0.0005019798572783504,urbanizacion
61103,CALQUIS,CAJAMARCA,0.016028816821325353,0.0007133909278866507,-0.00010649522770854111,0.000786324540097038,0.000786324540097038,urbanizacion
61104,CATILLUC,CAJAMARCA,0.01933488397085696,0.000530860448696456,0.00038245536552156817,0.00029815839204750186,0.000530860448696456,agua_segura
61105,EL PRADO,CAJAMARCA,0.02112566097421889,0.0003972603947760417,-0.00034234347065182844,-0.00043421314892365045,0.0003972603947760417,agua_segura
61106,LA FLORIDA,CAJAMARCA,0.0056664995857964315,0.0003326782519571976,9.955770950760383e-05,0.001209648573803148,0.001209648573803148,urbanizacion
61107,LLAPA,CAJAMARCA,0.0199262246539202,0.00047870909003189244,0.00030518072339694516,0.0008390364002600313,0.0008390364002600313,urbanizacion
61108,NANCHOC,CAJAMARCA,0.006354029884948208,0.001030381850364746,0.0018127679478310973,0.0014457911858876552,0.0018127679478310973,dispersion
61109,NIEPOS,CAJAMARCA,0.013956298035080658,8.151059555835428e-05,-0.0005086942389914608,-0.00019672769653654443,8.151059555835428e-05,agua_segura
61110,SAN GREGORIO,CAJAMARCA,0.0072019253159071135,0.0009389208070340318,0.0003613865759323513,0.0011764080110385359,0.0011764080110385359,urbanizacion
61111,SAN SILVESTRE DE COCHAN,CAJAMARCA,0.020748986297887,0.00031348659204538665,0.0005743844203476116,0.00023920921777371637,0.0005743844203476116,dispersion
61112,TONGOD,CAJAMARCA,0.018851634718002233,-0.00017088206710733425,-0.0004497902953308902,-0.0006915546561516474,-0.00017088206710733425,ninguno (ya en percentil 75+)
61113,UNION AGUA BLANCA,CAJAMARCA,0.025697181439720062,-0.00041226745323817357,-0.0015733416614234566,-0.000366274304750832,-0.000366274304750832,ninguno (ya en percentil 75+)
61201,SAN PABLO,CAJAMARCA,0.008762500067979573,-0.00011535236022935241,0.0,-4.005885469625034e-05,0.0,ninguno (ya en percentil 75+)
61202,SAN BERNARDINO,CAJAMARCA,0.008349839062718991,0.0006325481688955973,-1.137067859855595e-05,7.426724645293037e-06,0.0006325481688955973,agua_segura
61203,SAN LUIS,CAJAMARCA,0.008839113463160674,-0.0005314710436069171,7.543675170495166e-05,0.0002905336493805224,0.0002905336493805224,urbanizacion
61204,TUMBADEN,CAJAMARCA,0.021024608182644157,0.0,7.139509534818955e-05,0.0007604155564532727,0.0007604155564532727,urbanizacion
61301,SANTA CRUZ,CAJAMARCA,0.013259863241670354,0.00033348635877177707,0.0,-3.469446951953614e-18,0.00033348635877177707,agua_segura
61302,ANDABAMBA,CAJAMARCA,0.010672646320884193,-6.176551800467396e-05,0.0,-0.00017700297312630946,0.0,ninguno (ya en percentil 75+)
61303,CATACHE,CAJAMARCA,0.006662935460548688,0.0005834683207605199,0.0005265491865156383,8.746948038591221e-05,0.0005834683207605199,agua_segura
61304,CHANCAYBAÑOS,CAJAMARCA,0.01104704027602507,0.00038492633878625324,-0.0002835338770879117,-0.0005562754963913761,0.00038492633878625324,agua_segura
61305,LA ESPERANZA,CAJAMARCA,0.014021114871512943,-0.00020193956310398178,-0.0001019164970035985,-0.00021935327010286915,-0.0001019164970035985,ninguno (ya en percentil 75+)
61306,NINABAMBA,CAJAMARCA,0.010879842374080809,0.0004212275052606386,-0.00013901210388555726,0.0003089193804823344,0.0004212275052606386,agua_segura
61307,PULAN,CAJAMARCA,0.011615901414944412,0.0,-0.00025257634663235044,-0.0006737405314523725,0.0,ninguno (ya en percentil 75+)
61308,SAUCEPAMPA,CAJAMARCA,0.007389043138916244,-0.0005059018718564269,0.0,-0.00014662839811465257,0.0,ninguno (ya en percentil 75+)
61309,SEXI,CAJAMARCA,0.011421697897174113,-0.00010055542201379934,0.0005617829132249161,0.002110086221977201,0.002110086221977201,urbanizacion
61310,UTICYACU,CAJAMARCA,0.014717627324588905,7.831518302401502e-05,-0.0001340273441438264,-0.0004586042378679524,7.831518302401502e-05,agua_segura
61311,YAUYUCAN,CAJAMARCA,0.01429742541749443,-0.00013946844700532708,0.0,-3.330572510850706e-05,0.0,ninguno (ya en percentil 75+)
70101,CALLAO,CALLAO,0.012048912965034563,0.0002012200359585263,0.0,0.0,0.0002012200359585263,agua_segura
70102,BELLAVISTA,CALLAO,0.00915740317376074,-7.795005900257043e-05,0.0,0.0,0.0,ninguno (ya en percentil 75+)
70103,CARMEN DE LA LEGUA REYNOSO,CALLAO,0.010453767874427405,0.0005407306850553854,0.0,0.0,0.0005407306850553854,agua_segura
70105,LA PUNTA,CALLAO,0.007994192908392444,0.0,0.0,0.0,0.0,ninguno (ya en percentil 75+)
70106,VENTANILLA,CALLAO,0.013452378813465633,0.00018426012671773906,1.734723475976807e-18,0.0,0.00018426012671773906,agua_segura
70107,MI PERU,CALLAO,0.011527907025614181,0.0009556074921075516,0.0,0.0,0.0009556074921075516,agua_segura
80101,CUSCO,CUSCO,0.02404457212833836,0.0,0.0,0.0,0.0,ninguno (ya en percentil 75+)
80102,CCORCA,CUSCO,0.03326317061618995,-0.0012924093203418932,-0.00023148276223684816,-0.00011499576446900861,-0.00011499576446900861,ninguno (ya en percentil 75+)
80103,POROY,CUSCO,0.023834543515402748,-3.566665194567817e-05,0.0,3.469446951953614e-18,3.469446951953614e-18,ninguno (ya en percentil 75+)
80104,SAN JERONIMO,CUSCO,0.028933134900914877,-0.0006816617484475609,0.0,0.0,0.0,ninguno (ya en percentil 75+)
80105,SAN SEBASTIAN,CUSCO,0.0240838217489376,-0.00023237132374158073,0.0,0.0,0.0,ninguno (ya en percentil 75+)
80106,SANTIAGO,CUSCO,0.02533660250709151,7.843036738112985e-06,0.0,0.0,7.843036738112985e-06,agua_segura
80107,SAYLLA,CUSCO,0.023951145027127526,-0.0002650999155523019,0.0,0.0,0.0,ninguno (ya en percentil 75+)
80108,WANCHAQ,CUSCO,0.01706362895092621,0.0006311907502295905,0.0,0.0,0.0006311907502295905,agua_segura
80201,ACOMAYO,CUSCO,0.027657330570704762,-0.00029213178937090994,0.0,-0.0001828350862079879,0.0,ninguno (ya en percentil 75+)
80202,ACOPIA,CUSCO,0.026649012900899872,0.0,0.0,0.0,0.0,ninguno (ya en percentil 75+)
80203,ACOS,CUSCO,0.02255742037852467,-0.00013153596957491548,0.0006016675031204934,-0.0006257512879903823,0.0006016675031204934,dispersion
80204,MOSOC LLACTA,CUSCO,0.023307761133501595,3.469446951953614e-18,0.0,0.0,3.469446951953614e-18,ninguno (ya en percentil 75+)
80205,POMACANCHI,CUSCO,0.026566934768734736,-0.0007550154540803024,2.2398125525291412e-05,-8.79116328488666e-06,2.2398125525291412e-05,dispersion
80206,RONDOCAN,CUSCO,0.025614510918446676,-0.00021994209674666698,-0.0001579910773505909,-0.0010349888567921725,-0.0001579910773505909,ninguno (ya en percentil 75+)
80207,SANGARARA,CUSCO,0.02710704148777738,0.0,0.0,6.938893903907228e-18,6.938893903907228e-18,ninguno (ya en percentil 75+)
80301,ANTA,CUSCO,0.022464586600109054,3.469446951953614e-18,3.469446951953614e-18,0.0,3.469446951953614e-18,ninguno (ya en percentil 75+)
80302,ANCAHUASI,CUSCO,0.02885042858410149,-0.0002852153224678876,0.0,0.0,0.0,ninguno (ya en percentil 75+)
80303,CACHIMAYO,CUSCO,0.02645101047723378,-0.0002137816241563617,3.469446951953614e-18,3.469446951953614e-18,3.469446951953614e-18,ninguno (ya en percentil 75+)
80304,CHINCHAYPUJIO,CUSCO,0.022094749333684223,-2.9666880296454895e-05,0.00046643646055260016,7.637794880954035e-06,0.00046643646055260016,dispersion
80305,HUAROCONDO,CUSCO,0.021920372781199484,0.0,0.0005377694772971571,0.00036550304356983837,0.0005377694772971571,dispersion
80306,LIMATAMBO,CUSCO,0.014816948215331652,1.734723475976807e-18,-0.00011590987487907108,0.0005405021187116204,0.0005405021187116204,urbanizacion
80307,MOLLEPATA,CUSCO,0.018829521940110592,-0.00022097383917549576,0.00025566411670956135,0.00028965008115245175,0.00028965008115245175,urbanizacion
80308,PUCYURA,CUSCO,0.02497605977083819,-0.00029387929411493416,3.469446951953614e-18,3.469446951953614e-18,3.469446951953614e-18,ninguno (ya en percentil 75+)
80309,ZURITE,CUSCO,0.020949050644862785,0.00022519316046648238,0.0,0.0,0.00022519316046648238,agua_segura
80401,CALCA,CUSCO,0.02144190972549236,0.0,0.0,0.0,0.0,ninguno (ya en percentil 75+)
80402,COYA,CUSCO,0.021026915713477198,0.0,-3.469446951953614e-18,0.0,0.0,ninguno (ya en percentil 75+)
80403,LAMAY,CUSCO,0.02183815094298186,-1.7633412707246388e-05,0.0,2.1077987070128312e-05,2.1077987070128312e-05,urbanizacion
80404,LARES,CUSCO,0.01793238314249617,0.0,0.001087100248688827,0.0010642762759965028,0.001087100248688827,dispersion
80405,PISAC,CUSCO,0.024494232725198333,-8.843417743414211e-05,0.0,0.0,0.0,ninguno (ya en percentil 75+)
80406,SAN SALVADOR,CUSCO,0.022364962668781137,-0.00024472240104263243,0.0,0.0,0.0,ninguno (ya en percentil 75+)
80407,TARAY,CUSCO,0.02482371267045463,-0.00011581144322243137,0.0,-3.469446951953614e-18,0.0,ninguno (ya en percentil 75+)
80408,YANATILE,CUSCO,0.011010480251433525,2.7122012331119716e-06,-0.00040963161050196206,0.0003953630178982863,0.0003953630178982863,urbanizacion
80501,YANAOCA,CUSCO,0.026670184958515062,-0.000599048035020467,0.0,-6.978531069492741e-05,0.0,ninguno (ya en percentil 75+)
80502,CHECCA,CUSCO,0.02020732513902533,-0.00014481639010076666,0.0008312490097872778,0.0007057578026842502,0.0008312490097872778,dispersion
80503,KUNTURKANKI,CUSCO,0.020291005747887288,0.0,0.00040831052799726597,0.0012835307216976025,0.0012835307216976025,urbanizacion
80504,LANGUI,CUSCO,0.022420121612592325,0.0,9.04070600631704e-05,0.00035287108196229225,0.00035287108196229225,urbanizacion
80505,LAYO,CUSCO,0.021128342248200677,0.0,0.0001234403618830121,0.00030938903603139334,0.00030938903603139334,urbanizacion
80506,PAMPAMARCA,CUSCO,0.027086300245251268,0.0,0.0,0.0,0.0,ninguno (ya en percentil 75+)
80507,QUEHUE,CUSCO,0.02630263150608649,-0.000690563591254547,0.0001731249330709471,0.0008394905401678983,0.0008394905401678983,urbanizacion
80508,TUPAC AMARU,CUSCO,0.026660485439158253,3.469446951953614e-18,3.469446951953614e-18,0.00018896735962948413,0.00018896735962948413,urbanizacion
80601,SICUANI,CUSCO,0.023003022301555487,0.0,0.0,0.0,0.0,ninguno (ya en percentil 75+)
80602,CHECACUPE,CUSCO,0.021178970174498855,-3.469446951953614e-18,-3.1826614331487146e-06,7.645786978970406e-05,7.645786978970406e-05,urbanizacion
80603,COMBAPATA,CUSCO,0.024715784939832036,-0.00099396407897449,0.0003250455617693701,0.0006426155817700167,0.0006426155817700167,urbanizacion
80604,MARANGANI,CUSCO,0.020659216114374504,0.0,0.00010244684725866163,0.0001008537134651738,0.00010244684725866163,dispersion
80605,PITUMARCA,CUSCO,0.02586102415603862,0.0,-0.00023991872078650903,-0.0008086970241657707,0.0,ninguno (ya en percentil 75+)
80606,SAN PABLO,CUSCO,0.02169440325580619,-6.974582604375029e-05,0.0003367023520521491,-0.00047241523056231263,0.0003367023520521491,dispersion
80607,SAN PEDRO,CUSCO,0.026716987322866034,-0.0001445654543598511,0.0,-3.469446951953614e-18,0.0,ninguno (ya en percentil 75+)
80608,TINTA,CUSCO,0.025910769857465977,4.0232996185156356e-05,0.0,0.0,4.0232996185156356e-05,agua_segura
80701,SANTO TOMAS,CUSCO,0.0199841652248039,6.938893903907228e-18,0.0005334841557914499,7.055270686812457e-05,0.0005334841557914499,dispersion
80702,CAPACMARCA,CUSCO,0.029703405990700954,-0.0009570626526137424,5.47692989105765e-05,-0.00010214665334051798,5.47692989105765e-05,dispersion
80703,CHAMACA,CUSCO,0.020005794981895156,-0.00010936071411737913,0.0010807642044014971,0.0011532562463791862,0.0011532562463791862,urbanizacion
80704,COLQUEMARCA,CUSCO,0.02696035863617556,-0.0007544330218474775,0.0003719452684379787,0.00025829181845713617,0.0003719452684379787,dispersion
80705,LIVITACA,CUSCO,0.019697569962756536,0.0,0.0006692388575163521,0.0006386083138423607,0.0006692388575163521,dispersion
80706,LLUSCO,CUSCO,0.022272004887950954,8.113521245488309e-05,0.0009494180859361406,0.00020711896748502184,0.0009494180859361406,dispersion
80707,QUIÑOTA,CUSCO,0.024464511486391543,-0.0006548607221210472,0.00034580959314874093,0.0010289799690957405,0.0010289799690957405,urbanizacion
80708,VELILLE,CUSCO,0.02095595433401846,0.0,0.00028688843369724035,0.00033587190115718507,0.00033587190115718507,urbanizacion
80801,ESPINAR,CUSCO,0.02319346029609526,-0.00013598808860858236,0.0,0.0,0.0,ninguno (ya en percentil 75+)
80802,CONDOROMA,CUSCO,0.042778571258671495,0.0,-0.00420778561871258,-0.0019524697208552627,0.0,ninguno (ya en percentil 75+)
80803,COPORAQUE,CUSCO,0.01885341962466358,2.7269469266667096e-05,0.0008316086927866624,0.0011668939205930658,0.0011668939205930658,urbanizacion
80804,OCORURO,CUSCO,0.02023049458813479,0.0,-3.2945985670430195e-05,0.0009829948444008835,0.0009829948444008835,urbanizacion
80805,PALLPATA,CUSCO,0.023106132086258516,0.0,-0.0002108140024741842,3.7354319613706888e-06,3.7354319613706888e-06,urbanizacion
80806,PICHIGUA,CUSCO,0.019012267499722135,0.0006087904736083345,0.000951895170161577,0.0003641730328226324,0.000951895170161577,dispersion
80807,SUYCKUTAMBO,CUSCO,0.03471414656079202,0.0,-0.001702390046016626,-0.003332606140823813,0.0,ninguno (ya en percentil 75+)
80808,ALTO PICHIGUA,CUSCO,0.022149991666567302,0.00014764253642409603,0.000290150528740412,0.00015151421412659682,0.000290150528740412,dispersion
80901,SANTA ANA,CUSCO,0.009281379297959913,-0.00018574747553213103,0.0,0.0,0.0,ninguno (ya en percentil 75+)
80902,ECHARATE,CUSCO,0.010732875662434397,0.00019525627263776955,-0.0004804938639944925,-0.0002560211831318278,0.00019525627263776955,agua_segura
80903,HUAYOPATA,CUSCO,0.01162153116877525,-8.004811411890626e-05,7.415334433919299e-05,-0.00026240718909022014,7.415334433919299e-05,dispersion
80904,MARANURA,CUSCO,0.008232415307192683,0.00011782958296571375,1.5962339938037362e-05,0.00043562917460769277,0.00043562917460769277,urbanizacion
80905,OCOBAMBA,CUSCO,0.01217146341099076,-2.547132367076467e-05,-0.00013389465386230183,-0.00028746483585269725,-2.547132367076467e-05,ninguno (ya en percentil 75+)
80906,QUELLOUNO,CUSCO,0.007365143406470395,0.000694330281875254,-1.2022197092954358e-05,0.00031646676661383714,0.000694330281875254,agua_segura
80907,QUIMBIRI,CUSCO,0.009014074251254695,0.00019608398175473447,0.0001860926208189055,0.00042692130437815314,0.00042692130437815314,urbanizacion
80908,SANTA TERESA,CUSCO,0.013190050979064746,0.0,-9.262990204789157e-05,-0.000316846158731985,0.0,ninguno (ya en percentil 75+)
80909,VILCABAMBA,CUSCO,0.01469340534019418,0.0,-9.677951224295114e-06,0.0009685869096472417,0.0009685869096472417,urbanizacion
80910,PICHARI,CUSCO,0.011387376465528773,-8.128817540131034e-05,-0.00022425006374860584,3.6332100401713016e-05,3.6332100401713016e-05,urbanizacion
80911,INKAWASI,CUSCO,0.022789811445616818,0.0,-0.0013701018908407019,-0.001261435360195868,0.0,ninguno (ya en percentil 75+)
80912,VILLA VIRGEN,CUSCO,0.012190614466054876,0.0,-0.0002629753333093666,-0.00015257003671356913,0.0,ninguno (ya en percentil 75+)
80913,VILLA KINTIARINA,CUSCO,0.012882814981252218,-0.0002548493174388978,-0.0008224447712240571,-0.000555404566974076,-0.0002548493174388978,ninguno (ya en percentil 75+)
80914,MEGANTONI,CUSCO,0.02479824181796604,-0.00018180586077737315,-0.0023734969616859107,-0.0016882521808990157,-0.00018180586077737315,ninguno (ya en percentil 75+)
80916,CIELO PUNCO,CUSCO,0.009930088314472405,0.00028108706197712587,-6.404421421929603e-05,0.00024141947683115755,0.00028108706197712587,agua_segura
80917,MANITEA,CUSCO,0.011282877203399093,0.0,-5.4816897852721924e-05,0.00018040298397541815,0.00018040298397541815,urbanizacion
80918,UNION ASHÁNINKA,CUSCO,0.010017158056678022,0.0015024349716260526,9.712921816600745e-05,0.00032542191328054776,0.0015024349716260526,agua_segura
81001,PARURO,CUSCO,0.027317390983259842,-4.556994889408014e-05,0.00041014652185153433,9.073523614786666e-05,0.00041014652185153433,dispersion
81002,ACCHA,CUSCO,0.028417467952582078,-0.0007657978900456296,0.0003369869687776597,0.0005234539143732855,0.0005234539143732855,urbanizacion
81003,CCAPI,CUSCO,0.02279450219057051,-1.4285153631287545e-05,0.0002260545283738792,-0.0003437742164361726,0.0002260545283738792,dispersion
81004,COLCHA,CUSCO,0.02028202837519849,9.439305134385789e-05,0.00020440171636925547,1.1718099254751091e-05,0.00020440171636925547,dispersion
81005,HUANOQUITE,CUSCO,0.02288765159547498,0.00016362289951441303,2.0481890049526413e-05,0.0010283196150572445,0.0010283196150572445,urbanizacion
81006,OMACHA,CUSCO,0.024940681487487727,-0.000789073123954355,0.00039378480275152963,6.131942850147107e-05,0.00039378480275152963,dispersion
81007,PACCARITAMBO,CUSCO,0.02334073827410886,0.00021045769527320776,8.122552837728017e-05,5.702382828709496e-07,0.00021045769527320776,agua_segura
81008,PILLPINTO,CUSCO,0.020942269473969582,-0.0004993175241724754,-9.53861565985703e-05,-0.000112588423836147,-9.53861565985703e-05,ninguno (ya en percentil 75+)
81009,YAURISQUE,CUSCO,0.03131337571969969,-0.0013741220475233934,-1.7059310801800787e-05,0.0,0.0,ninguno (ya en percentil 75+)
81101,PAUCARTAMBO,CUSCO,0.017344996968818995,-0.000325264016073145,0.0006568268346797378,-0.0001638172466093997,0.0006568268346797378,dispersion
81102,CAICAY,CUSCO,0.0280518894268503,-0.0008142095548921077,0.0,3.469446951953614e-18,3.469446951953614e-18,ninguno (ya en percentil 75+)
81103,CHALLABAMBA,CUSCO,0.018239836451584477,-0.0004040553930197213,0.0005620125707108889,-0.000549306439428375,0.0005620125707108889,dispersion
81104,COLQUEPATA,CUSCO,0.024541490623559578,-0.00014013098475460645,9.783706692323077e-05,0.0002445201320839703,0.0002445201320839703,urbanizacion
81105,HUANCARANI,CUSCO,0.03099916978045859,-0.0014906705004293433,0.0,0.0,0.0,ninguno (ya en percentil 75+)
81106,KOSÑIPATA,CUSCO,0.012504369980269278,0.0001492406174000687,-0.0010764177494154894,-0.00017494694763801194,0.0001492406174000687,agua_segura
81201,URCOS,CUSCO,0.026105735414938793,-0.0002700409539117092,-3.469446951953614e-18,0.0,0.0,ninguno (ya en percentil 75+)
81202,ANDAHUAYLILLAS,CUSCO,0.026266231346167047,-0.0007845485206354023,3.469446951953614e-18,0.0,3.469446951953614e-18,ninguno (ya en percentil 75+)
81203,CAMANTI,CUSCO,0.014927977198196715,-0.00015061265756748793,-0.0014508639805898178,-0.0005946821954934435,-0.00015061265756748793,ninguno (ya en percentil 75+)
81204,CCARHUAYO,CUSCO,0.01840249010002176,0.0,0.00028014542268798084,0.0004677620291947543,0.0004677620291947543,urbanizacion
81205,CCATCA,CUSCO,0.027302218673411684,-0.00029221690612962065,0.0,0.0,0.0,ninguno (ya en percentil 75+)
81206,CUSIPATA,CUSCO,0.021934235246559165,-0.0002537552449993173,0.00042549995725072245,0.0008491550926433625,0.0008491550926433625,urbanizacion
81207,HUARO,CUSCO,0.02877816593017833,-0.0010903141621978057,0.00011775975966875352,-0.00020946698357552154,0.00011775975966875352,dispersion
81208,LUCRE,CUSCO,0.024465375218587843,0.0,1.232986759160809e-06,0.0,1.232986759160809e-06,dispersion
81209,MARCAPATA,CUSCO,0.02651982774779971,0.0,-0.002375490291695037,-0.0009146007765338145,0.0,ninguno (ya en percentil 75+)
81210,OCONGATE,CUSCO,0.0246105442239571,0.0,-0.00018836518706280558,-0.0005128118176800298,0.0,ninguno (ya en percentil 75+)
81211,OROPESA,CUSCO,0.027780862162471387,-0.0005669338975496756,0.0,0.0,0.0,ninguno (ya en percentil 75+)
81212,QUIQUIJANA,CUSCO,0.02205817705630789,-3.469446951953614e-18,3.332113213141627e-05,0.00019191013106221663,0.00019191013106221663,urbanizacion
81301,URUBAMBA,CUSCO,0.021199898866945885,0.0,0.0,-6.938893903907228e-18,0.0,ninguno (ya en percentil 75+)
81302,CHINCHERO,CUSCO,0.025680474186487764,0.0,1.0408340855860843e-17,6.938893903907228e-18,1.0408340855860843e-17,ninguno (ya en percentil 75+)
81303,HUAYLLABAMBA,CUSCO,0.018384700448182644,-0.0002271232732135725,0.0,0.0,0.0,ninguno (ya en percentil 75+)
81304,MACHUPICCHU,CUSCO,0.012698192419532118,0.0001070839103115024,0.000662323475163545,0.0006322087010201052,0.000662323475163545,dispersion
81305,MARAS,CUSCO,0.02351740909729869,-8.67701718370098e-05,0.0,0.0,0.0,ninguno (ya en percentil 75+)
81306,OLLANTAYTAMBO,CUSCO,0.019528852072383626,-0.0003939647063287803,0.0005243986941645684,0.0003173587295059871,0.0005243986941645684,dispersion
81307,YUCAY,CUSCO,0.016173935656993346,0.00020817200670926808,3.469446951953614e-18,3.469446951953614e-18,0.00020817200670926808,agua_segura
90101,HUANCAVELICA,HUANCAVELICA,0.023825515477555615,-4.037132791782222e-05,8.848609545171818e-05,0.0,8.848609545171818e-05,dispersion
90102,ACOBAMBILLA,HUANCAVELICA,0.03347835122619178,1.3877787807814457e-17,-0.00207489112284482,-0.002964122919099678,1.3877787807814457e-17,ninguno (ya en percentil 75+)
90103,ACORIA,HUANCAVELICA,0.02438295502099918,-0.0003155585751083677,3.40489867659069e-05,5.460256821767512e-06,3.40489867659069e-05,dispersion
90104,CONAYCA,HUANCAVELICA,0.022381735523904548,-0.0010165577462021257,6.153510701459308e-05,0.0,6.153510701459308e-05,dispersion
90105,CUENCA,HUANCAVELICA,0.017431062245663386,2.034861955479278e-05,4.3522298739936266e-05,0.0,4.3522298739936266e-05,dispersion
90106,HUACHOCOLPA,HUANCAVELICA,0.027316581298642353,-1.6817870711408056e-06,-0.00014652804787835053,-0.0003247912907853312,-1.6817870711408056e-06,ninguno (ya en percentil 75+)
90107,HUAYLLAHUARA,HUANCAVELICA,0.019313315184251927,0.001198275214208816,2.7093377693840348e-05,0.0005821817470527957,0.001198275214208816,agua_segura
90108,IZCUCHACA,HUANCAVELICA,0.02144567042293878,-0.00042867448112150763,0.0,0.0,0.0,ninguno (ya en percentil 75+)
90109,LARIA,HUANCAVELICA,0.02462209734488543,0.0005463917584489983,-8.738528498315398e-05,-0.00046719468730112637,0.0005463917584489983,agua_segura
90110,MANTA,HUANCAVELICA,0.024047636514541348,-0.00016519854301881576,-0.000658463470803592,0.0005477260212819086,0.0005477260212819086,urbanizacion
90111,MARISCAL CACERES,HUANCAVELICA,0.01733921243206123,0.00022274338168909794,0.0,0.00019307247349224788,0.00022274338168909794,agua_segura
90112,MOYA,HUANCAVELICA,0.0177346896638085,0.000809671089374641,0.0005116335726862223,-0.00010483284701541876,0.000809671089374641,agua_segura
90113,NUEVO OCCORO,HUANCAVELICA,0.0275690392617033,0.00040488233692226663,-0.0004886002537060376,-0.0007779311536954374,0.00040488233692226663,agua_segura
90114,PALCA,HUANCAVELICA,0.024160821753450933,-7.241557367833329e-05,0.0,0.00019156032548605165,0.00019156032548605165,urbanizacion
90115,PILCHACA,HUANCAVELICA,0.02475861703429049,0.0004331142595867983,-9.132516998748216e-05,0.00033829217291922106,0.0004331142595867983,agua_segura
90116,VILCA,HUANCAVELICA,0.013445876888226077,-3.469446951953614e-18,0.0006630855812849012,0.0032881265689816055,0.0032881265689816055,urbanizacion
90117,YAULI,HUANCAVELICA,0.026084915565524742,-0.00035486660418060714,0.0,6.427806777238587e-06,6.427806777238587e-06,urbanizacion
90118,ASCENSION,HUANCAVELICA,0.02760485573318964,0.00029793957762995135,-3.225442671564091e-05,-0.0013703755282830424,0.00029793957762995135,agua_segura
90119,HUANDO,HUANCAVELICA,0.02507389740382243,-0.00012365405694240647,3.7194515123656346e-05,0.0,3.7194515123656346e-05,dispersion
90201,ACOBAMBA,HUANCAVELICA,0.02764802881905668,-0.0005452092247360749,-3.469446951953614e-18,-3.469446951953614e-18,-3.469446951953614e-18,ninguno (ya en percentil 75+)
90202,ANDABAMBA,HUANCAVELICA,0.023980803673710197,-0.0005484007147859536,0.0,0.0,0.0,ninguno (ya en percentil 75+)
90203,ANTA,HUANCAVELICA,0.02751385653838884,6.938893903907228e-18,1.0408340855860843e-17,1.0408340855860843e-17,1.0408340855860843e-17,ninguno (ya en percentil 75+)
90204,CAJA,HUANCAVELICA,0.01942679171035686,0.0006497403618709943,0.0008965565345986845,9.49969935255604e-05,0.0008965565345986845,dispersion
90205,MARCAS,HUANCAVELICA,0.020112877187014114,-0.00038520136672091573,5.145838738826111e-05,0.0,5.145838738826111e-05,dispersion
90206,PAUCARA,HUANCAVELICA,0.02610810020155229,-0.00042209698023098,0.0,0.0,0.0,ninguno (ya en percentil 75+)
90207,POMACOCHA,HUANCAVELICA,0.02408440965249806,-0.0008829566781193218,0.0,0.0,0.0,ninguno (ya en percentil 75+)
90208,ROSARIO,HUANCAVELICA,0.027653582918588628,-0.0006455928767306121,0.0,0.0,0.0,ninguno (ya en percentil 75+)
90301,LIRCAY,HUANCAVELICA,0.021385893114938763,-0.00046139002965201945,0.00021624500151838297,0.00022543979301303807,0.00022543979301303807,urbanizacion
90302,ANCHONGA,HUANCAVELICA,0.025718941605287624,-0.0001195474006807952,3.469446951953614e-18,3.469446951953614e-18,3.469446951953614e-18,ninguno (ya en percentil 75+)
90303,CALLANMARCA,HUANCAVELICA,0.013913546777050794,0.002018363285734199,0.0009327213519292454,0.0,0.002018363285734199,agua_segura
90304,CCOCHACCASA,HUANCAVELICA,0.023931380508822632,0.00010613502851922196,0.00021304945379031423,0.0,0.00021304945379031423,dispersion
90305,CHINCHO,HUANCAVELICA,0.02992568624696479,-0.0025311760802406783,-0.0009242015355550998,-0.0013287178336731792,-0.0009242015355550998,ninguno (ya en percentil 75+)
90306,CONGALLA,HUANCAVELICA,0.024778102881355027,-0.0003729331362737655,0.0006141414983470081,0.00024878315285099123,0.0006141414983470081,dispersion
90307,HUANCA-HUANCA,HUANCAVELICA,0.01958335112050074,0.0003643000820587883,0.0025218878385116807,4.7827415234267395e-05,0.0025218878385116807,dispersion
90308,HUAYLLAY GRANDE,HUANCAVELICA,0.020457337722033793,0.001139577885696675,-0.00010699079784636661,0.00030488926193591656,0.001139577885696675,agua_segura
90309,JULCAMARCA,HUANCAVELICA,0.023352405239798733,-0.0015924005659888503,-2.772051578766796e-05,3.469446951953614e-18,3.469446951953614e-18,ninguno (ya en percentil 75+)
90310,SAN ANTONIO DE ANTAPARCO,HUANCAVELICA,0.0316257692020624,-0.002053929649524895,-0.00012061241163817404,0.0,0.0,ninguno (ya en percentil 75+)
90311,SANTO TOMAS DE PATA,HUANCAVELICA,0.02413846464264092,-0.00031947886799765096,-3.272974993637559e-05,-9.548265401667852e-05,-3.272974993637559e-05,ninguno (ya en percentil 75+)
90312,SECCLLA,HUANCAVELICA,0.02394405402838352,-0.0002682810062769568,0.0003817011988686489,-0.00014846575657883124,0.0003817011988686489,dispersion
90401,CASTROVIRREYNA,HUANCAVELICA,0.028263435283252064,0.0,-0.001877912415565522,-0.0017594757520188672,0.0,ninguno (ya en percentil 75+)
90402,ARMA,HUANCAVELICA,0.03178050072384616,0.0009262968511152825,-0.0030819521477623082,-0.001981400611901378,0.0009262968511152825,agua_segura
90403,AURAHUA,HUANCAVELICA,0.038997611010645764,0.0,-0.004143309002095898,-0.0032240845401005774,0.0,ninguno (ya en percentil 75+)
90404,CAPILLAS,HUANCAVELICA,0.029800765743990647,-0.0008943404188961022,-0.0020618127878140775,-0.0007506521168671593,-0.0007506521168671593,ninguno (ya en percentil 75+)
90405,CHUPAMARCA,HUANCAVELICA,0.04047947401621422,0.0,-0.004276468602110103,-0.003285013357783091,0.0,ninguno (ya en percentil 75+)
90406,COCAS,HUANCAVELICA,0.014196204065986387,0.0014968158108445775,0.0003851712685865108,0.000825015250931739,0.0014968158108445775,agua_segura
90407,HUACHOS,HUANCAVELICA,0.028646429286421714,-0.0007523377327211707,-0.0016890082288694153,-0.0012157266229654885,-0.0007523377327211707,ninguno (ya en percentil 75+)
90408,HUAMATAMBO,HUANCAVELICA,0.013482009240793793,0.0003728954785434512,0.000792619705902109,3.833140143859326e-05,0.000792619705902109,dispersion
90409,MOLLEPAMPA,HUANCAVELICA,0.012203684552065485,9.629160757824128e-05,0.0015412856417567674,0.0006279798940094627,0.0015412856417567674,dispersion
90410,SAN JUAN,HUANCAVELICA,0.010361412164981161,-0.00041461947570527874,0.0008469111200624223,0.0003258030479082411,0.0008469111200624223,dispersion
90411,SANTA ANA,HUANCAVELICA,0.04730157431453935,0.0,-0.005358963220807839,-0.00207041827107287,0.0,ninguno (ya en percentil 75+)
90412,TANTARA,HUANCAVELICA,0.017542454417931144,0.0016843579478086623,0.0019281986401357525,0.000725369906706793,0.0019281986401357525,dispersion
90413,TICRAPO,HUANCAVELICA,0.015195814619375025,-0.00041496312008587784,0.0008313920857296146,0.0004152962223072758,0.0008313920857296146,dispersion
90501,CHURCAMPA,HUANCAVELICA,0.02318636779761471,-0.0001369208773903327,4.362247734240529e-05,0.0,4.362247734240529e-05,dispersion
90502,ANCO,HUANCAVELICA,0.013733218225252662,-0.0005567784112410872,-6.414184221194795e-05,-2.190582532326721e-05,-2.190582532326721e-05,ninguno (ya en percentil 75+)
90503,CHINCHIHUASI,HUANCAVELICA,0.018317215847674807,0.00013954492444906777,-0.00010893756666505855,0.000433308196469067,0.000433308196469067,urbanizacion
90504,EL CARMEN,HUANCAVELICA,0.01890452482845856,0.00035686705151800543,0.0002328186365833755,-6.938893903907228e-18,0.00035686705151800543,agua_segura
90505,LA MERCED,HUANCAVELICA,0.019431643767823987,-0.0005456527237054157,-0.0003664602525601593,0.000352017717577445,0.000352017717577445,urbanizacion
90506,LOCROJA,HUANCAVELICA,0.025167983093196927,-0.00027019295889800163,-6.53933855254904e-05,0.0,0.0,ninguno (ya en percentil 75+)
90507,PAUCARBAMBA,HUANCAVELICA,0.027462914503472078,-0.00021796833850110803,0.0,0.0,0.0,ninguno (ya en percentil 75+)
90508,SAN MIGUEL DE MAYOCC,HUANCAVELICA,0.014755809096855565,-0.0008995898279210122,2.217753248885679e-06,0.0,2.217753248885679e-06,dispersion
90509,SAN PEDRO DE CORIS,HUANCAVELICA,0.021465719520046788,-0.00014057926171103657,0.00014387054445058958,0.0,0.00014387054445058958,dispersion
90510,PACHAMARCA,HUANCAVELICA,0.018817750266292097,-0.0001694142429659734,0.00016374387402441973,0.00047028648466505493,0.00047028648466505493,urbanizacion
90511,COSME,HUANCAVELICA,0.021202175015168044,-0.0006539957578489061,0.000670842826927566,0.0,0.000670842826927566,dispersion
90601,HUAYTARA,HUANCAVELICA,0.01913588323285664,-0.00014422289029008412,-0.00015138625538220832,4.839765664114981e-05,4.839765664114981e-05,urbanizacion
90602,AYAVI,HUANCAVELICA,0.022626968979322006,0.0008502933484689189,0.0005196919823309137,5.396220846545785e-05,0.0008502933484689189,agua_segura
90603,CORDOVA,HUANCAVELICA,0.018756597493223545,0.00043035313740216047,0.002060710952939332,0.00017365430757528694,0.002060710952939332,dispersion
90604,HUAYACUNDO ARMA,HUANCAVELICA,0.017060840216009388,0.0013763820768981638,0.0002749787564960103,0.0,0.0013763820768981638,agua_segura
90605,LARAMARCA,HUANCAVELICA,0.029677920271833313,0.0012650928945069258,-0.00464785968728856,-0.001830783457399239,0.0012650928945069258,agua_segura
90606,OCOYO,HUANCAVELICA,0.007424955359453606,0.0,0.001129948446404929,0.0006390861208097152,0.001129948446404929,dispersion
90607,PILPICHACA,HUANCAVELICA,0.024500880733645407,0.0,-0.0004430250634378449,-0.0005639443188299974,0.0,ninguno (ya en percentil 75+)
90608,QUERCO,HUANCAVELICA,0.02354365783055975,0.0006840477946342509,-0.0007871816536635622,-0.0012466266919284041,0.0006840477946342509,agua_segura
90609,QUITO-ARMA,HUANCAVELICA,0.025656891029190453,-0.0005882267817416097,-0.0009650035754204325,-0.0013307971308057776,-0.0005882267817416097,ninguno (ya en percentil 75+)
90610,SAN ANTONIO DE CUSICANCHA,HUANCAVELICA,0.031749116022559296,-3.993277060246325e-05,-0.0003297271068979854,-0.002108943552947301,-3.993277060246325e-05,ninguno (ya en percentil 75+)
90611,SAN FRANCISCO DE SANGAYAICO,HUANCAVELICA,0.022162864259409863,0.001488379022239035,-0.00043087780216148966,-0.0011831093802617092,0.001488379022239035,agua_segura
90612,SAN ISIDRO,HUANCAVELICA,0.024954584173990376,0.00023440911141736978,-0.002595348446254385,-0.0006668521306589861,0.00023440911141736978,agua_segura
90613,SANTIAGO DE CHOCORVOS,HUANCAVELICA,0.01839202042557387,0.00021584418330956867,-3.432906248821213e-05,-0.00016573888980885715,0.00021584418330956867,agua_segura
90614,SANTIAGO DE QUIRAHUARA,HUANCAVELICA,0.02250452178625213,0.0009486736806618989,-0.0023404879688565527,0.00017185494639275142,0.0009486736806618989,agua_segura
90615,SANTO DOMINGO DE CAPILLAS,HUANCAVELICA,0.03889809159367677,-0.00039610472041982925,-0.004557717548684087,-0.0031524512070493296,-0.00039610472041982925,ninguno (ya en percentil 75+)
90616,TAMBO,HUANCAVELICA,0.030855251544456414,-1.0408340855860843e-17,-0.0037110313714877746,-0.0015659621088925345,-1.0408340855860843e-17,ninguno (ya en percentil 75+)
90701,PAMPAS,HUANCAVELICA,0.0172472760768286,0.0,0.0,0.0,0.0,ninguno (ya en percentil 75+)
90702,ACOSTAMBO,HUANCAVELICA,0.02790102925138694,-0.0006194150739985589,0.00035811402065482473,0.0,0.00035811402065482473,dispersion
90703,ACRAQUIA,HUANCAVELICA,0.027405352410560597,-0.0008194304718434423,3.469446951953614e-18,-3.4088022774454024e-05,3.469446951953614e-18,ninguno (ya en percentil 75+)
90704,AHUAYCHA,HUANCAVELICA,0.02456158558859898,-0.00012465769902629542,-6.938893903907228e-18,0.0,0.0,ninguno (ya en percentil 75+)
90705,COLCABAMBA,HUANCAVELICA,0.019862325969762406,0.0,-8.15319876539232e-05,2.7152868776868927e-05,2.7152868776868927e-05,urbanizacion
90706,DANIEL HERNANDEZ,HUANCAVELICA,0.02339831315761684,-0.0004875017329139669,-6.938893903907228e-18,0.0,0.0,ninguno (ya en percentil 75+)
90707,HUACHOCOLPA,HUANCAVELICA,0.01824597973201442,-0.00016974636440081348,-0.0003931945055096926,0.00039201870681862885,0.00039201870681862885,urbanizacion
90709,HUARIBAMBA,HUANCAVELICA,0.022996438806393762,-0.00021321178864911958,0.000323127467594133,2.0870754554678378e-05,0.000323127467594133,dispersion
90710,ÑAHUIMPUQUIO,HUANCAVELICA,0.023384581246410886,-0.0002862374268944451,-0.00012792174409949342,0.0,0.0,ninguno (ya en percentil 75+)
90711,PAZOS,HUANCAVELICA,0.023747552473179296,-0.0001856123658927275,0.0004877865936662139,0.001056944404003654,0.001056944404003654,urbanizacion
90713,QUISHUAR,HUANCAVELICA,0.02058240455310808,-4.2864589517875584e-05,-0.0002994797761498788,0.0008727460623645725,0.0008727460623645725,urbanizacion
90714,SALCABAMBA,HUANCAVELICA,0.019219686442962625,-0.00013082506693338353,0.00046951270230038977,0.0007669399460962963,0.0007669399460962963,urbanizacion
90715,SALCAHUASI,HUANCAVELICA,0.021774067446438096,0.00014483055527510572,0.0002669722210359021,-0.00011096961553153442,0.0002669722210359021,dispersion
90716,SAN MARCOS DE ROCCHAC,HUANCAVELICA,0.012308905430339592,3.469446951953614e-18,0.0017659278674095231,0.001306272346877928,0.0017659278674095231,dispersion
90717,SURCUBAMBA,HUANCAVELICA,0.015270087274675366,0.0,-0.0002326256022352237,0.00029608948963546176,0.00029608948963546176,urbanizacion
90718,TINTAY PUNCU,HUANCAVELICA,0.012563816993953626,0.0,0.0005910696670667018,0.00038083398064774933,0.0005910696670667018,dispersion
90719,QUICHUAS,HUANCAVELICA,0.018914865500674016,-6.938893903907228e-18,0.00017618831134873572,0.0,0.00017618831134873572,dispersion
90720,ANDAYMARCA,HUANCAVELICA,0.01852631708369585,-3.469446951953614e-18,1.4499637535775323e-06,0.00014165153405221176,0.00014165153405221176,urbanizacion
90721,ROBLE,HUANCAVELICA,0.010134279631242776,-0.0001129815708119028,-0.0002855622724440461,0.0010150787082535556,0.0010150787082535556,urbanizacion
90722,PICHOS,HUANCAVELICA,0.020371759250158585,-0.00021971395922277398,-0.0002551049508592411,0.0004305267252383352,0.0004305267252383352,urbanizacion
90723,SANTIAGO DE TUCUMA,HUANCAVELICA,0.02133266631924988,-0.000895826505157786,3.469446951953614e-18,0.000277276251840923,0.000277276251840923,urbanizacion
90724,LAMBRAS,HUANCAVELICA,0.014768136623494743,-0.00019896850189410863,-2.5329198980478945e-05,0.00047963608856932925,0.00047963608856932925,urbanizacion
90725,COCHABAMBA,HUANCAVELICA,0.019945529846991456,-0.000282533747834518,0.0006350941094204858,4.631264394055687e-05,0.0006350941094204858,dispersion
100101,HUANUCO,HUANUCO,0.005912913509045423,0.00017007242893251565,0.0,-8.673617379884035e-19,0.00017007242893251565,agua_segura
100102,AMARILIS,HUANUCO,0.00591846381274176,4.242883698127829e-05,-8.673617379884035e-19,0.0,4.242883698127829e-05,agua_segura
100103,CHINCHAO,HUANUCO,0.008570708720533981,-0.00014646004141502696,-4.8989150140663074e-05,0.0005214968108931042,0.0005214968108931042,urbanizacion
100104,CHURUBAMBA,HUANUCO,0.009894352862178601,-6.219047305772683e-05,6.529266070894393e-05,0.0005306575169006962,0.0005306575169006962,urbanizacion
100105,MARGOS,HUANUCO,0.030235560394629834,-0.0015792940960597836,0.0012700686527244189,0.000186404267991519,0.0012700686527244189,dispersion
100106,QUISQUI,HUANUCO,0.014423608827751252,-0.0005415499485480792,-0.000584042685554214,8.503737761311574e-05,8.503737761311574e-05,urbanizacion
100107,SAN FRANCISCO DE CAYRAN,HUANUCO,0.012025174847816456,-5.4047343510440354e-05,0.0001789877001813732,0.0007503271764969909,0.0007503271764969909,urbanizacion
100108,SAN PEDRO DE CHAULAN,HUANUCO,0.02171755895141165,1.7050411662476034e-05,-0.00015655387223821246,0.00035987421400835926,0.00035987421400835926,urbanizacion
100109,SANTA MARIA DEL VALLE,HUANUCO,0.010846096741823966,-0.00024369721284392756,0.0,9.500572355048906e-05,9.500572355048906e-05,urbanizacion
100110,YARUMAYO,HUANUCO,0.02664893651879425,-0.0012073856491543605,-0.00033056680652491024,5.298707207446185e-06,5.298707207446185e-06,urbanizacion
100111,PILLCO MARCA,HUANUCO,0.007559437616411752,-0.00016127369943084047,1.734723475976807e-18,0.0,1.734723475976807e-18,ninguno (ya en percentil 75+)
100112,YACUS,HUANUCO,0.024537065600733668,-0.001567720596171801,-0.0001058607630138389,-4.631631150045154e-05,-4.631631150045154e-05,ninguno (ya en percentil 75+)
100113,SAN PABLO DE PILLAO,HUANUCO,0.016052006892695765,6.938893903907228e-18,0.0005072790831632777,0.00080885446503293,0.00080885446503293,urbanizacion
100201,AMBO,HUANUCO,0.008197585580930483,0.0,-1.734723475976807e-18,-1.734723475976807e-18,0.0,ninguno (ya en percentil 75+)
100202,CAYNA,HUANUCO,0.019230111639508565,9.429029754605758e-05,0.000661867040227828,0.0006797809035536083,0.0006797809035536083,urbanizacion
100203,COLPAS,HUANUCO,0.01687355257814434,0.0004832497174651895,0.0005462177478469839,0.0013721634151102093,0.0013721634151102093,urbanizacion
100204,CONCHAMARCA,HUANUCO,0.010672463363601295,0.0,0.0,0.0,0.0,ninguno (ya en percentil 75+)
100205,HUACAR,HUANUCO,0.01163051326891564,0.00018999602213928823,1.7948501196685118e-06,0.00016078379044413317,0.00018999602213928823,agua_segura
100206,SAN FRANCISCO,HUANUCO,0.023237994096546585,-0.0003895049521929206,0.0005006939123146509,-0.0005717944726771028,0.0005006939123146509,dispersion
100207,SAN RAFAEL,HUANUCO,0.015988287599756266,0.0,0.0004445366626490213,9.609266335276756e-05,0.0004445366626490213,dispersion
100208,TOMAY KICHWA,HUANUCO,0.010678522095577245,-8.23458128849583e-06,0.0,0.0,0.0,ninguno (ya en percentil 75+)
100301,LA UNION,HUANUCO,0.01659934297241408,0.0009350777659478844,0.0006725010843266592,0.0009038313438964087,0.0009350777659478844,agua_segura
100307,CHUQUIS,HUANUCO,0.02432603980404058,-0.0008761199781142856,0.00023103266763967525,-0.00010546202504943883,0.00023103266763967525,dispersion
100311,MARIAS,HUANUCO,0.017131819719992596,3.469446951953614e-18,0.0006905101965403448,0.002003964612143652,0.002003964612143652,urbanizacion
100313,PACHAS,HUANUCO,0.02271299824827561,-0.00021731880608708357,0.00010654392988081185,0.0008788986724747212,0.0008788986724747212,urbanizacion
100316,QUIVILLA,HUANUCO,0.019624558149715504,-9.279959115874106e-05,-0.00012293691862354933,0.00012025617911125622,0.00012025617911125622,urbanizacion
100317,RIPAN,HUANUCO,0.0217637255611912,-0.0001834167853335747,0.0,9.33088360640516e-05,9.33088360640516e-05,urbanizacion
100321,SHUNQUI,HUANUCO,0.017421639728970588,0.0005750315102956982,0.0,0.0005977793932774658,0.0005977793932774658,urbanizacion
100322,SILLAPATA,HUANUCO,0.02044639327514059,-0.000316650304628352,-3.5426063040078226e-05,-3.136996868054881e-05,-3.136996868054881e-05,ninguno (ya en percentil 75+)
100323,YANAS,HUANUCO,0.018269917706224992,0.000295532741874497,3.469446951953614e-18,3.469446951953614e-18,0.000295532741874497,agua_segura
100401,HUACAYBAMBA,HUANUCO,0.019804945340519912,-0.0001354364199766915,0.0005153507081520695,-0.000484482137437018,0.0005153507081520695,dispersion
100402,CANCHABAMBA,HUANUCO,0.014293444797241397,0.00015379938221552966,0.002567363198780769,0.0004737654616645687,0.002567363198780769,dispersion
100403,COCHABAMBA,HUANUCO,0.01796575033804067,1.528485666782431e-05,0.0014016394961045564,0.0009677662265729914,0.0014016394961045564,dispersion
100404,PINRA,HUANUCO,0.018661841244437656,-3.469446951953614e-18,0.00089513555495567,0.0004535514592363607,0.00089513555495567,dispersion
100501,LLATA,HUANUCO,0.020776760908131253,-3.469446951953614e-18,1.5429358210132527e-05,0.0007970229849326091,0.0007970229849326091,urbanizacion
100502,ARANCAY,HUANUCO,0.016464070075945626,-0.00024850597469672567,0.001288671963773462,0.0003223404280587906,0.001288671963773462,dispersion
100503,CHAVIN DE PARIARCA,HUANUCO,0.025312322010338208,-0.00025587434589128405,-0.0001816867769374765,-8.11235872572938e-05,-8.11235872572938e-05,ninguno (ya en percentil 75+)
100504,JACAS GRANDE,HUANUCO,0.021700126581113952,4.737997210911907e-05,0.000524860917423247,0.0008065041684699667,0.0008065041684699667,urbanizacion
100505,JIRCAN,HUANUCO,0.017289469567953405,-0.00038036225823012346,0.001954228771218893,6.294512821433326e-05,0.001954228771218893,dispersion
100506,MIRAFLORES,HUANUCO,0.028462833105419177,-0.0012229692436792373,0.00033870474680755894,0.00013185319478810353,0.00033870474680755894,dispersion
100507,MONZON,HUANUCO,0.0025938410015712552,0.0013792737169163387,0.0005771814515224704,0.001299449737214926,0.0013792737169163387,agua_segura
100508,PUNCHAO,HUANUCO,0.023732108530626274,-0.0006360622497275058,-7.188490260675098e-05,-3.469446951953614e-18,-3.469446951953614e-18,ninguno (ya en percentil 75+)
100509,PUÑOS,HUANUCO,0.027921717189974476,-0.0008848348741894961,4.0660651771246e-06,0.0,4.0660651771246e-06,dispersion
100510,SINGA,HUANUCO,0.021541654979557314,0.0001519515925820572,-8.544656333742129e-05,0.00038384267628269533,0.00038384267628269533,urbanizacion
100511,TANTAMAYO,HUANUCO,0.017675483751091237,0.0,6.864275280026033e-05,0.0013312803512533847,0.0013312803512533847,urbanizacion
100601,RUPA-RUPA,HUANUCO,0.01180370303083995,0.00011184722390170966,0.0,0.0,0.00011184722390170966,agua_segura
100602,DANIEL ALOMIAS ROBLES,HUANUCO,0.007660504905907566,0.0017487792155460556,0.00017368947098060639,-0.0001202781701841989,0.0017487792155460556,agua_segura
100603,HERMILIO VALDIZAN,HUANUCO,0.004248889233471436,0.0010745609502170305,0.00022252262494427359,0.0008270520558729842,0.0010745609502170305,agua_segura
100604,JOSE CRESPO Y CASTILLO,HUANUCO,0.009654469402307051,0.0008114751736051327,-3.297541396979527e-05,7.872874978601119e-05,0.0008114751736051327,agua_segura
100605,LUYANDO,HUANUCO,0.008971455520928557,6.105111354916606e-05,0.0,0.0,6.105111354916606e-05,agua_segura
100606,MARIANO DAMASO BERAUN,HUANUCO,0.007544227521017374,0.0008049923505888783,0.0002655260280807984,0.0005389719581141393,0.0008049923505888783,agua_segura
100607,PUCAYACU,HUANUCO,0.008379635009419528,0.0007512497515733945,-8.211676482035475e-05,-0.00031656626399020893,0.0007512497515733945,agua_segura
100608,CASTILLO GRANDE,HUANUCO,0.011725681538380965,-0.00033591005554337375,0.0,0.0,0.0,ninguno (ya en percentil 75+)
100609,PUEBLO NUEVO,HUANUCO,0.008550285789544358,-0.0002642602958026225,0.0001378187757514332,0.0008222060881541253,0.0008222060881541253,urbanizacion
100610,SANTO DOMINGO DE ANDA,HUANUCO,0.008915772657683133,0.0011768055177308542,-0.00017403248126808026,-0.00039932798506480023,0.0011768055177308542,agua_segura
100701,HUACRACHUCO,HUANUCO,0.01697071219682442,0.0,0.001459177787111774,0.0010201466215937031,0.001459177787111774,dispersion
100702,CHOLON,HUANUCO,0.01372758747314734,0.0006574864609523133,-0.0010117541940263854,0.0009988130313090208,0.0009988130313090208,urbanizacion
100703,SAN BUENAVENTURA,HUANUCO,0.019995269784400502,-0.0008234522861578185,0.0008467314856320483,-5.426146001693763e-05,0.0008467314856320483,dispersion
100704,LA MORADA,HUANUCO,0.008620722283191228,0.0009335618872876664,-0.00016305314723850071,-5.5528513993834475e-05,0.0009335618872876664,agua_segura
100705,SANTA ROSA DE ALTO YANAJANCA,HUANUCO,0.01574878441155266,4.0730634119356957e-05,-0.0020359500153297183,-0.0016313242430460763,4.0730634119356957e-05,agua_segura
100801,PANAO,HUANUCO,0.008398135838104106,-1.734723475976807e-18,0.0003911264150880441,0.0007246437648590672,0.0007246437648590672,urbanizacion
100802,CHAGLLA,HUANUCO,0.01512519442411325,0.0,0.00043427395987453293,0.0008177886843752091,0.0008177886843752091,urbanizacion
100803,MOLINO,HUANUCO,0.004316202843263971,0.0,0.00023203824144396763,0.0010797621301118637,0.0010797621301118637,urbanizacion
100804,UMARI,HUANUCO,0.008950929325636042,0.0003037406250421242,0.0,0.00011159665287164937,0.0003037406250421242,agua_segura
100901,PUERTO INCA,HUANUCO,0.009455657557301203,-3.469446951953614e-18,-0.00022396649159455578,0.0002878493862712179,0.0002878493862712179,urbanizacion
100902,CODO DEL POZUZO,HUANUCO,0.019378246854872702,0.0010492326755759188,-0.0015446541867821795,-0.0010434382723563812,0.0010492326755759188,agua_segura
100903,HONORIA,HUANUCO,0.013878987126206437,0.0,-0.0004802731294041105,-0.0009293776745650205,0.0,ninguno (ya en percentil 75+)
100904,TOURNAVISTA,HUANUCO,0.012424668338778425,0.0,0.00017535857718052432,-0.00045547066314867435,0.00017535857718052432,dispersion
100905,YUYAPICHIS,HUANUCO,0.01066084832484054,0.0,-0.00046702450484870615,-0.0007526859443070851,0.0,ninguno (ya en percentil 75+)
101001,JESUS,HUANUCO,0.018902217250125926,-6.938893903907228e-18,0.00046572784167268205,0.0012636881685425122,0.0012636881685425122,urbanizacion
101002,BAÑOS,HUANUCO,0.02054581773257856,-3.469446951953614e-18,0.0002899051969681918,0.0007531864363194626,0.0007531864363194626,urbanizacion
101003,JIVIA,HUANUCO,0.026135314072181677,-0.0010857093885149605,-0.00010257635386929503,0.0002769833690213011,0.0002769833690213011,urbanizacion
101004,QUEROPALCA,HUANUCO,0.021422675621599985,0.0,0.00027450924369808866,-0.00028652022216899,0.00027450924369808866,dispersion
101005,RONDOS,HUANUCO,0.02168177792612221,-4.764243137262911e-05,0.000627074219891003,0.000640804361802208,0.000640804361802208,urbanizacion
101006,SAN FRANCISCO DE ASIS,HUANUCO,0.02074853186262208,-6.542401882605325e-05,0.00037080553336388614,-0.00014972422659109696,0.00037080553336388614,dispersion
101007,SAN MIGUEL DE CAURI,HUANUCO,0.019503819127553175,1.3877787807814457e-17,0.000430794080968952,0.0015213088739262567,0.0015213088739262567,urbanizacion
101101,CHAVINILLO,HUANUCO,0.02201825868230587,-4.922998021414035e-05,0.0003245733337768307,0.00020183856943400275,0.0003245733337768307,dispersion
101102,CAHUAC,HUANUCO,0.02653511041948579,-0.0007447609353969896,-1.1106568768314007e-05,-6.105529027650852e-06,-6.105529027650852e-06,ninguno (ya en percentil 75+)
101103,CHACABAMBA,HUANUCO,0.03152535976438235,-0.0013626115671447406,0.0,6.938893903907228e-18,6.938893903907228e-18,ninguno (ya en percentil 75+)
101104,APARICIO POMARES,HUANUCO,0.02050260463531502,6.938893903907228e-18,0.00013943282506977475,0.0008821138743528682,0.0008821138743528682,urbanizacion
101105,JACAS CHICO,HUANUCO,0.023651478132389304,0.00073454191067409,-6.63919392810998e-05,0.0,0.00073454191067409,agua_segura
101106,OBAS,HUANUCO,0.026848333208901003,-0.0009859933027500586,0.0002342064460309802,1.0794251296283863e-05,0.0002342064460309802,dispersion
101107,PAMPAMARCA,HUANUCO,0.02267228318346336,-0.0007280072278176911,0.00012052585179099518,-0.00021455337064288024,0.00012052585179099518,dispersion
101108,CHORAS,HUANUCO,0.02367112447136978,-0.0004217315195464491,-7.398934630227505e-05,-0.00014747547426528784,-7.398934630227505e-05,ninguno (ya en percentil 75+)
110101,ICA,ICA,0.012676898051944727,0.0,0.0,0.0,0.0,ninguno (ya en percentil 75+)
110102,LA TINGUIÑA,ICA,0.012225897503479896,5.811047018980907e-05,0.0,-3.469446951953614e-18,5.811047018980907e-05,agua_segura
110103,LOS AQUIJES,ICA,0.01423835352614081,3.469446951953614e-18,0.0,0.0,3.469446951953614e-18,ninguno (ya en percentil 75+)
110104,OCUCAJE,ICA,0.01533168346417254,0.0,-0.0005569655086688202,-0.0010092084446068437,0.0,ninguno (ya en percentil 75+)
110105,PACHACUTEC,ICA,0.009675172514901026,-6.197862524733554e-05,0.0,0.0,0.0,ninguno (ya en percentil 75+)
110106,PARCONA,ICA,0.012360326355618149,-0.0006894174715114665,0.0,0.0,0.0,ninguno (ya en percentil 75+)
110107,PUEBLO NUEVO,ICA,0.008794921167102673,0.0,0.0,0.0,0.0,ninguno (ya en percentil 75+)
110108,SALAS,ICA,0.012979290670931115,-3.8301698582807187e-05,3.682437727843199e-06,-0.00025818871339379663,3.682437727843199e-06,dispersion
110109,SAN JOSE DE LOS MOLINOS,ICA,0.008007461941674874,0.0013620125470222254,0.0006807472618177782,6.1000366399669576e-05,0.0013620125470222254,agua_segura
110110,SAN JUAN BAUTISTA,ICA,0.010088829526257226,5.909201286658124e-05,-1.734723475976807e-18,-1.734723475976807e-18,5.909201286658124e-05,agua_segura
110111,SANTIAGO,ICA,0.01224738477438064,-0.0001688241951466156,2.9086668198136795e-05,0.0001367684082941422,0.0001367684082941422,urbanizacion
110112,SUBTANJALLA,ICA,0.013555791261578336,-0.0003273628693592663,3.469446951953614e-18,0.0,3.469446951953614e-18,ninguno (ya en percentil 75+)
110113,TATE,ICA,0.010259392587210413,1.9043990410385486e-05,0.0,0.0,1.9043990410385486e-05,agua_segura
110114,YAUCA DEL ROSARIO,ICA,0.019592278977659836,-0.0019595612351712213,-0.0010916620963189391,-0.0019246701596995347,-0.0010916620963189391,ninguno (ya en percentil 75+)
110201,CHINCHA ALTA,ICA,0.013975763476138048,-0.00010226169258664014,0.0,0.0,0.0,ninguno (ya en percentil 75+)
110202,ALTO LARAN,ICA,0.011058258770776461,-4.988477024467537e-05,3.957627223720277e-05,-0.00022370827331584346,3.957627223720277e-05,dispersion
110203,CHAVIN,ICA,0.02898265158465159,-0.0014483423807686337,-0.0026765328400330766,-0.0014447940329221018,-0.0014447940329221018,ninguno (ya en percentil 75+)
110204,CHINCHA BAJA,ICA,0.011500773047174485,2.8718554557058754e-05,0.0,0.0,2.8718554557058754e-05,agua_segura
110205,EL CARMEN,ICA,0.010686464267477571,0.00023415237068275495,0.00030774645584611716,0.0003684131717643629,0.0003684131717643629,urbanizacion
110206,GROCIO PRADO,ICA,0.011806809741929597,2.4894796162196198e-05,-1.734723475976807e-18,0.0,2.4894796162196198e-05,agua_segura
110207,PUEBLO NUEVO,ICA,0.014019722950570274,-3.069352306787898e-05,0.0,0.0,0.0,ninguno (ya en percentil 75+)
110208,SAN JUAN DE YANAC,ICA,0.02355599753124786,2.216785858867934e-05,-0.0018687768367469208,-0.00017249322648000068,2.216785858867934e-05,agua_segura
110209,SAN PEDRO DE HUACARPANA,ICA,0.032063328874827664,0.0,-0.0036307104298422023,-0.002934080252283335,0.0,ninguno (ya en percentil 75+)
110210,SUNAMPE,ICA,0.012787165400820887,-0.0006561289895691616,-1.734723475976807e-18,0.0,0.0,ninguno (ya en percentil 75+)
110211,TAMBO DE MORA,ICA,0.008359920239259539,-0.00029780506345624194,0.0,0.0,0.0,ninguno (ya en percentil 75+)
110301,NAZCA,ICA,0.010864488753503859,9.924949906555368e-05,-2.335336502162083e-06,-0.0002548869619224542,9.924949906555368e-05,agua_segura
110302,CHANGUILLO,ICA,0.01159831317720921,0.0,-3.5477404118262196e-05,-0.00022159697037317863,0.0,ninguno (ya en percentil 75+)
110303,EL INGENIO,ICA,0.012026768121186773,0.00011475650702105593,4.9561037577708356e-05,-0.00035664967052800867,0.00011475650702105593,agua_segura
110304,MARCONA,ICA,0.012413582552433801,5.204170427930421e-18,1.0903293977059317e-05,-4.422490461906785e-05,1.0903293977059317e-05,dispersion
110305,VISTA ALEGRE,ICA,0.011178126578283775,-2.0102688963609394e-05,-5.4980365294301364e-05,-7.157032856196233e-05,-2.0102688963609394e-05,ninguno (ya en percentil 75+)
110401,PALPA,ICA,0.0135019359056459,-8.759270523371783e-05,-5.4140034734940015e-05,-8.808723639956023e-05,-5.4140034734940015e-05,ninguno (ya en percentil 75+)
110402,LLIPATA,ICA,0.013881368928741785,-7.422189359789118e-05,-0.00024923643837262803,0.00019039326631895698,0.00019039326631895698,urbanizacion
110403,RIO GRANDE,ICA,0.01358155186645752,7.507604848026178e-07,-0.0006500191040184223,-0.00020138231380461072,7.507604848026178e-07,ninguno (ya en percentil 75+)
110404,SANTA CRUZ,ICA,0.014012490005327205,-0.0009270714660657535,0.0002334655181902047,-9.993924938569813e-05,0.0002334655181902047,dispersion
110405,TIBILLO,ICA,0.014977874313802283,3.342929338194696e-05,7.861747152713115e-05,0.0004663210342300793,0.0004663210342300793,urbanizacion
110501,PISCO,ICA,0.009448830848612443,9.051709890467788e-05,0.0,0.0,9.051709890467788e-05,agua_segura
110502,HUANCANO,ICA,0.010640814220970449,8.839100253211704e-05,0.0010329437596332813,0.001309854541177902,0.001309854541177902,urbanizacion
110503,HUMAY,ICA,0.01086250704342654,-1.8429253394541822e-05,6.593971630369094e-07,-9.207848464507472e-05,6.593971630369094e-07,ninguno (ya en percentil 75+)
110504,INDEPENDENCIA,ICA,0.0109684785641552,0.0002938121228720659,0.0,-0.00018895373475999455,0.0002938121228720659,agua_segura
110505,PARACAS,ICA,0.011895737651930574,-3.4222208204284094e-05,-7.654138797719666e-05,-1.6928460149787453e-05,-1.6928460149787453e-05,ninguno (ya en percentil 75+)
110506,SAN ANDRES,ICA,0.010332264580017065,0.00028799029435457035,0.0,-6.938893903907228e-18,0.00028799029435457035,agua_segura
110507,SAN CLEMENTE,ICA,0.009783454529733568,0.0005172490853929887,0.0,0.0,0.0005172490853929887,agua_segura
110508,TUPAC AMARU INCA,ICA,0.007781133981787169,0.0008961680865443153,0.0,2.6020852139652106e-18,0.0008961680865443153,agua_segura
120101,HUANCAYO,JUNIN,0.017510862043656778,-3.469446951953614e-18,-3.469446951953614e-18,-3.469446951953614e-18,-3.469446951953614e-18,ninguno (ya en percentil 75+)
120104,CARHUACALLANGA,JUNIN,0.0189725615076912,0.0011996130664544136,0.0,0.000618023852739371,0.0011996130664544136,agua_segura
120105,CHACAPAMPA,JUNIN,0.01880304238567612,0.00028690594125169513,0.0007796569884801555,0.00011509189752196419,0.0007796569884801555,dispersion
120106,CHICCHE,JUNIN,0.021661044781540705,-0.0004928880689269721,0.0,-4.4051923323917136e-05,0.0,ninguno (ya en percentil 75+)
120107,CHILCA,JUNIN,0.02028896994203856,-5.3538214975629855e-05,0.0,0.0,0.0,ninguno (ya en percentil 75+)
120108,CHONGOS ALTO,JUNIN,0.025640921010208012,0.0,-0.002763107862824736,-0.000960840894025667,0.0,ninguno (ya en percentil 75+)
120111,CHUPURO,JUNIN,0.01764346936485384,0.0003204972640590449,0.0,0.0,0.0003204972640590449,agua_segura
120112,COLCA,JUNIN,0.022023542754878646,5.0724797841152774e-05,0.0003267675230518019,-0.00025889013076375866,0.0003267675230518019,dispersion
120113,CULLHUAS,JUNIN,0.019254859394742734,0.001112939784701377,0.0009920528369988454,3.9764925466867496e-06,0.001112939784701377,agua_segura
120114,EL TAMBO,JUNIN,0.02253420788453627,-0.00010682565969595548,0.0,0.0,0.0,ninguno (ya en percentil 75+)
120116,HUACRAPUQUIO,JUNIN,0.019009579697145076,0.0012647743740461133,0.0,0.0,0.0012647743740461133,agua_segura
120117,HUALHUAS,JUNIN,0.021400314545436543,-3.469446951953614e-18,0.0,0.0,0.0,ninguno (ya en percentil 75+)
120119,HUANCAN,JUNIN,0.017810926965388038,9.741680799783478e-05,0.0,0.0,9.741680799783478e-05,agua_segura
120120,HUASICANCHA,JUNIN,0.026999866544288823,0.0,0.00011299487914016859,-6.645224921811299e-05,0.00011299487914016859,dispersion
120121,HUAYUCACHI,JUNIN,0.01789003311384466,0.00014376746073008206,1.3877787807814457e-17,1.3877787807814457e-17,0.00014376746073008206,agua_segura
120122,INGENIO,JUNIN,0.023146246207223595,0.00018995484383436262,0.0,2.833286495508569e-05,0.00018995484383436262,agua_segura
120124,PARIAHUANCA,JUNIN,0.01652957592433631,3.469446951953614e-18,-5.642752983831684e-06,-0.0005497993196951594,3.469446951953614e-18,ninguno (ya en percentil 75+)
120125,PILCOMAYO,JUNIN,0.018742916537144157,-7.454016835454699e-05,0.0,0.0,0.0,ninguno (ya en percentil 75+)
120126,PUCARA,JUNIN,0.022851529566888316,0.0,0.0,3.13845322062363e-05,3.13845322062363e-05,urbanizacion
120127,QUICHUAY,JUNIN,0.024275098033754734,0.0,-3.469446951953614e-18,-3.469446951953614e-18,0.0,ninguno (ya en percentil 75+)
120128,QUILCAS,JUNIN,0.02066860538143463,-6.938893903907228e-18,0.0006616842097354574,0.0001575906730260264,0.0006616842097354574,dispersion
120129,SAN AGUSTIN,JUNIN,0.020942441437577876,-0.00024956074413651913,1.3877787807814457e-17,1.0408340855860843e-17,1.3877787807814457e-17,ninguno (ya en percentil 75+)
120130,SAN JERONIMO DE TUNAN,JUNIN,0.020294158956443237,-1.823903042675115e-05,-3.469446951953614e-18,0.0,0.0,ninguno (ya en percentil 75+)
120132,SAÑO,JUNIN,0.01955432478739494,0.0004951911284187607,0.0,3.469446951953614e-18,0.0004951911284187607,agua_segura
120133,SAPALLANGA,JUNIN,0.02645025219682293,0.0,0.0,0.0,0.0,ninguno (ya en percentil 75+)
120134,SICAYA,JUNIN,0.02257196894066173,-0.0005549626534674459,3.469446951953614e-18,3.469446951953614e-18,3.469446951953614e-18,ninguno (ya en percentil 75+)
120135,SANTO DOMINGO DE ACOBAMBA,JUNIN,0.013712941811002688,0.0,-0.00041550522922458553,0.00020078273290184863,0.00020078273290184863,urbanizacion
120136,VIQUES,JUNIN,0.01692148721200267,0.0003639951510116153,0.0,0.0,0.0003639951510116153,agua_segura
120201,CONCEPCION,JUNIN,0.019296519773373794,0.00017903813669009616,0.0,0.0,0.00017903813669009616,agua_segura
120202,ACO,JUNIN,0.020369163464423082,0.0009451548153989395,0.0,3.469446951953614e-18,0.0009451548153989395,agua_segura
120203,ANDAMARCA,JUNIN,0.015950544245365985,-3.469446951953614e-18,0.00013812293906072595,-4.654430100739515e-05,0.00013812293906072595,dispersion
120204,CHAMBARA,JUNIN,0.02574116346565314,0.00018695446474462432,0.00014290775514640142,-0.00010410782341149435,0.00018695446474462432,agua_segura
120205,COCHAS,JUNIN,0.022732662803757693,-0.00019139888576505393,-0.0002225990898450242,4.978100071207497e-06,4.978100071207497e-06,urbanizacion
120206,COMAS,JUNIN,0.022715625920572077,0.0,-0.00029867049833654305,-0.0008773704856754987,0.0,ninguno (ya en percentil 75+)
120207,HEROINAS TOLEDO,JUNIN,0.01994609663607027,-2.210064608043974e-05,3.469446951953614e-18,0.0,3.469446951953614e-18,ninguno (ya en percentil 75+)
120208,MANZANARES,JUNIN,0.014196219397608756,0.0005892591009443067,0.0,0.0,0.0005892591009443067,agua_segura
120209,MARISCAL CASTILLA,JUNIN,0.024441574846073958,-0.0012312536834181743,-0.0003768748165512599,6.799212051366091e-05,6.799212051366091e-05,urbanizacion
120210,MATAHUASI,JUNIN,0.02035693078670804,-6.583453156965707e-05,0.0,0.0,0.0,ninguno (ya en percentil 75+)
120211,MITO,JUNIN,0.01949688274206524,0.0005065323005126257,0.0,0.0,0.0005065323005126257,agua_segura
120212,NUEVE DE JULIO,JUNIN,0.014026350787873242,0.0015394046889620934,0.0,0.0,0.0015394046889620934,agua_segura
120213,ORCOTUNA,JUNIN,0.019932433498166098,0.00015150661297959334,0.0,0.0,0.00015150661297959334,agua_segura
120214,SAN JOSE DE QUERO,JUNIN,0.021636697235146485,-3.469446951953614e-18,0.0006806844097029877,0.0008306613026151793,0.0008306613026151793,urbanizacion
120215,SANTA ROSA DE OCOPA,JUNIN,0.018511148821195384,0.0008792136577403034,0.0,-3.469446951953614e-18,0.0008792136577403034,agua_segura
120301,CHANCHAMAYO,JUNIN,0.008255589136882367,3.463763661037088e-05,2.4614925788563058e-05,0.00028715708304469234,0.00028715708304469234,urbanizacion
120302,PERENE,JUNIN,0.009967829264256423,0.00043577406139863085,-2.5180200663397004e-05,0.00017155409269120452,0.00043577406139863085,agua_segura
120303,PICHANAQUI,JUNIN,0.010028666552946828,0.0005680211379922983,2.232508549020011e-05,1.1280468026458532e-05,0.0005680211379922983,agua_segura
120304,SAN LUIS DE SHUARO,JUNIN,0.008549116127753898,0.0010976340830377799,0.0001342408518157142,0.00012205728936647009,0.0010976340830377799,agua_segura
120305,SAN RAMON,JUNIN,0.008362862783092073,6.275163966037306e-05,-4.1036093023026285e-05,0.00021045115172474774,0.00021045115172474774,urbanizacion
120306,VITOC,JUNIN,0.010141916059056602,8.018690469221122e-05,6.391111850700092e-05,-0.00028417831936477025,8.018690469221122e-05,agua_segura
120401,JAUJA,JUNIN,0.016094020757770503,0.0006213887654357882,0.0,0.0,0.0006213887654357882,agua_segura
120402,ACOLLA,JUNIN,0.026626173272198753,-0.0003403010988484931,6.938893903907228e-18,0.0,6.938893903907228e-18,ninguno (ya en percentil 75+)
120403,APATA,JUNIN,0.02133419318080138,1.3877787807814457e-17,0.0006979178384916608,-0.00022711467506112207,0.0006979178384916608,dispersion
120404,ATAURA,JUNIN,0.021849790106297427,5.4784851524537076e-05,0.0,0.0,5.4784851524537076e-05,agua_segura
120405,CANCHAYLLO,JUNIN,0.025508953435486665,0.0,-0.0017263547147034278,-0.0004998347307539411,0.0,ninguno (ya en percentil 75+)
120406,CURICACA,JUNIN,0.016924800531603213,-3.773371068970313e-05,0.0009054487207725351,0.0,0.0009054487207725351,dispersion
120407,EL MANTARO,JUNIN,0.01837203088465123,0.0008362169145082234,0.0,0.0,0.0008362169145082234,agua_segura
120408,HUAMALI,JUNIN,0.017960635592050387,0.0007305723149353127,0.0,0.0,0.0007305723149353127,agua_segura
120409,HUARIPAMPA,JUNIN,0.018018185908463345,0.001010856688238835,0.0,0.0,0.001010856688238835,agua_segura
120410,HUERTAS,JUNIN,0.017082848794275123,0.001305281920239966,0.0,0.0,0.001305281920239966,agua_segura
120411,JANJAILLO,JUNIN,0.02124914207235491,-0.00015630815409073753,4.9727843720315246e-06,0.00039273737906831904,0.00039273737906831904,urbanizacion
120412,JULCAN,JUNIN,0.0203528871127935,0.0009570826032354006,0.0,0.0,0.0009570826032354006,agua_segura
120413,LEONOR ORDOÑEZ,JUNIN,0.01472069815150974,0.001395290136364264,0.0,0.0,0.001395290136364264,agua_segura
120414,LLOCLLAPAMPA,JUNIN,0.021209232426348364,-9.305497670887564e-05,-0.00013783621691404804,-0.00031824820757428776,-9.305497670887564e-05,ninguno (ya en percentil 75+)
120415,MARCO,JUNIN,0.019670815080914505,0.00047802576729117155,0.0,0.0,0.00047802576729117155,agua_segura
120416,MASMA,JUNIN,0.018088800197464023,0.000927618667915936,0.0,0.0,0.000927618667915936,agua_segura
120417,MASMA CHICCHE,JUNIN,0.02324932260581348,0.0008315171860913059,-8.756535812186328e-05,0.00045926352617943825,0.0008315171860913059,agua_segura
120418,MOLINOS,JUNIN,0.022003849771384518,9.400225461919653e-05,-0.0007715092359477614,9.194423407499555e-05,9.400225461919653e-05,agua_segura
120419,MONOBAMBA,JUNIN,0.00802834470191679,0.0,0.0012957969881197285,0.00100912706547337,0.0012957969881197285,dispersion
120420,MUQUI,JUNIN,0.01936738571342113,0.0,-3.469446951953614e-18,-3.469446951953614e-18,0.0,ninguno (ya en percentil 75+)
120421,MUQUIYAUYO,JUNIN,0.02160662242213802,0.0003272352807730146,0.0,0.0,0.0003272352807730146,agua_segura
120422,PACA,JUNIN,0.019659484678184895,0.0,0.0,0.0,0.0,ninguno (ya en percentil 75+)
120423,PACCHA,JUNIN,0.015724870734360814,0.0,0.001008025748816463,0.0004289215932590587,0.001008025748816463,dispersion
120424,PANCAN,JUNIN,0.02284833631836432,0.0,0.0,-3.469446951953614e-18,0.0,ninguno (ya en percentil 75+)
120425,PARCO,JUNIN,0.020392451125373193,0.000354999859275236,0.0,0.0,0.000354999859275236,agua_segura
120426,POMACANCHA,JUNIN,0.021434159891291747,0.0010545984817172671,-0.0011614795872211085,-0.001225695926307488,0.0010545984817172671,agua_segura
120427,RICRAN,JUNIN,0.02361726546092299,-3.469446951953614e-18,-0.0021327610019180668,-0.001171560236499388,-3.469446951953614e-18,ninguno (ya en percentil 75+)
120428,SAN LORENZO,JUNIN,0.021932787963562954,1.656400205741343e-05,0.0,0.0,1.656400205741343e-05,agua_segura
120429,SAN PEDRO DE CHUNAN,JUNIN,0.018160180092729405,0.001474816634213779,0.0,0.0,0.001474816634213779,agua_segura
120430,SAUSA,JUNIN,0.01565117422601148,0.0010001037819995784,0.0,0.0,0.0010001037819995784,agua_segura
120431,SINCOS,JUNIN,0.02263179987718001,2.5677617783749496e-06,0.0007468217671321789,0.0006974610786843194,0.0007468217671321789,dispersion
120432,TUNAN MARCA,JUNIN,0.017841715077798602,0.0005873251164257888,0.0,-3.469446951953614e-18,0.0005873251164257888,agua_segura
120433,YAULI,JUNIN,0.017825713298011886,0.000674979373011371,0.0001047544862545699,0.0006406150299240812,0.000674979373011371,agua_segura
120434,YAUYOS,JUNIN,0.022865642310639513,0.00011238097102157091,-3.469446951953614e-18,-3.469446951953614e-18,0.00011238097102157091,agua_segura
120501,JUNIN,JUNIN,0.025186511086774797,-0.0002615227282303789,-0.0004180494654502896,5.023487925427325e-05,5.023487925427325e-05,urbanizacion
120502,CARHUAMAYO,JUNIN,0.02543716376344794,-0.00021376503547618914,0.0001717180485365545,0.0,0.0001717180485365545,dispersion
120503,ONDORES,JUNIN,0.02325236995627626,-3.426389816223868e-05,-0.00030204064245203943,0.00032441180771899947,0.00032441180771899947,urbanizacion
120504,ULCUMAYO,JUNIN,0.020652670808294655,-3.0986873860022746e-05,-0.0008869724460998929,-0.0004391381619147719,-3.0986873860022746e-05,ninguno (ya en percentil 75+)
120601,SATIPO,JUNIN,0.00988327776770002,0.00039376909653604346,-3.3927672454211674e-05,8.242813662105893e-05,0.00039376909653604346,agua_segura
120602,COVIRIALI,JUNIN,0.00669672871416799,0.00114312766806103,0.0005415339137716125,0.0004151329672384251,0.00114312766806103,agua_segura
120603,LLAYLLA,JUNIN,0.009542063042892195,0.0008148695731197558,-0.0003492984497889453,0.0008843699854734193,0.0008843699854734193,urbanizacion
120604,MAZAMARI,JUNIN,0.010451179549071309,-6.519503685595979e-05,-9.519963824960315e-05,0.00010781511603949641,0.00010781511603949641,urbanizacion
120605,PAMPA HERMOSA,JUNIN,0.009882455741504655,-6.484996798221399e-05,0.0006699737212881394,0.00013750381113787624,0.0006699737212881394,dispersion
120606,PANGOA,JUNIN,0.008239820119629357,0.00042650767594717455,-0.00020430162561123864,0.0001321116603449756,0.00042650767594717455,agua_segura
120607,RIO NEGRO,JUNIN,0.009105626242703092,1.734723475976807e-18,0.00012132049913576338,0.00029939560411909594,0.00029939560411909594,urbanizacion
120608,RIO TAMBO,JUNIN,0.018737349825426023,-3.3317494025776606e-05,-0.0009659980489358372,-0.0013655108877659028,-3.3317494025776606e-05,ninguno (ya en percentil 75+)
120609,VIZCATAN DEL ENE,JUNIN,0.014877923267246053,0.00010956682360119957,-0.0012584618458792978,-0.0011423894404121431,0.00010956682360119957,agua_segura
120701,TARMA,JUNIN,0.02222400245184751,-2.177963485494594e-05,6.938893903907228e-18,6.938893903907228e-18,6.938893903907228e-18,ninguno (ya en percentil 75+)
120702,ACOBAMBA,JUNIN,0.02310791300020238,0.00019607294651656157,0.0,0.0,0.00019607294651656157,agua_segura
120703,HUARICOLCA,JUNIN,0.0134407532075367,0.0017089870242138865,0.0008851882788022056,0.00039430908586257293,0.0017089870242138865,agua_segura
120704,HUASAHUASI,JUNIN,0.016396936532669413,0.0,0.0008305524237105302,0.00040079883393545623,0.0008305524237105302,dispersion
120705,LA UNION,JUNIN,0.023596080055739294,-0.000841925312395065,0.0010601709867351927,0.0,0.0010601709867351927,dispersion
120706,PALCA,JUNIN,0.01789973695504339,0.0,0.00027442573788327707,0.00036944781260207435,0.00036944781260207435,urbanizacion
120707,PALCAMAYO,JUNIN,0.024947673703552324,-0.000520611751275591,0.0006430194354073264,7.85434547066581e-05,0.0006430194354073264,dispersion
120708,SAN PEDRO DE CAJAS,JUNIN,0.023489778477931843,-3.469446951953614e-18,-0.00014427851402470243,0.0007534971697756195,0.0007534971697756195,urbanizacion
120709,TAPO,JUNIN,0.02382305234871323,0.0,0.000421120126106643,-0.0005107289985122505,0.000421120126106643,dispersion
120801,LA OROYA,JUNIN,0.021853102812075493,-4.276935973286308e-05,0.0008287578826243654,-4.9253891154843465e-05,0.0008287578826243654,dispersion
120802,CHACAPALPA,JUNIN,0.027142832138428375,7.604297818897959e-05,-0.001143412102912779,-0.0011494487134107861,7.604297818897959e-05,agua_segura
120803,HUAY-HUAY,JUNIN,0.027877107813011455,0.0,-0.0006550094091172347,-0.0002719190601139822,0.0,ninguno (ya en percentil 75+)
120804,MARCAPOMACOCHA,JUNIN,0.030219312185200308,0.0,-0.002206474934925949,0.00030642174282126747,0.00030642174282126747,urbanizacion
120805,MOROCOCHA,JUNIN,0.0360413247967452,0.0,-0.0012436260009125039,-0.0005757281896218783,0.0,ninguno (ya en percentil 75+)
120806,PACCHA,JUNIN,0.021236070198796163,0.0,-0.0009231466611029707,0.00014982165627287422,0.00014982165627287422,urbanizacion
120807,SANTA BARBARA DE CARHUACAYAN,JUNIN,0.031984257861675955,6.938893903907228e-18,-0.0020998075415852024,-0.0004674808131164554,6.938893903907228e-18,ninguno (ya en percentil 75+)
120808,SANTA ROSA DE SACCO,JUNIN,0.025544286208724534,-0.0005017540674521759,0.0,0.0,0.0,ninguno (ya en percentil 75+)
120809,SUITUCANCHA,JUNIN,0.03754946026434883,0.0,-0.0025329200978404243,-0.002035839635629505,0.0,ninguno (ya en percentil 75+)
120810,YAULI,JUNIN,0.028383897390025652,0.0,-0.0005705885295198901,-7.219100151231381e-05,0.0,ninguno (ya en percentil 75+)
120901,CHUPACA,JUNIN,0.018889430742425,0.00021966022526598294,0.0,0.0,0.00021966022526598294,agua_segura
120902,AHUAC,JUNIN,0.02645071515909475,-8.862295014804011e-05,3.469446951953614e-18,3.469446951953614e-18,3.469446951953614e-18,ninguno (ya en percentil 75+)
120903,CHONGOS BAJO,JUNIN,0.02439439034944218,-0.0002129550074375791,0.0,0.0,0.0,ninguno (ya en percentil 75+)
120904,HUACHAC,JUNIN,0.01946904996018534,0.0007668612316329149,0.0,0.0,0.0007668612316329149,agua_segura
120905,HUAMANCACA CHICO,JUNIN,0.016829269675809545,0.00018822428675428424,0.0,0.0,0.00018822428675428424,agua_segura
120906,SAN JUAN DE YSCOS,JUNIN,0.0243391268081016,-0.00014278853134501446,1.0408340855860843e-17,0.0,1.0408340855860843e-17,ninguno (ya en percentil 75+)
120907,SAN JUAN DE JARPA,JUNIN,0.02316896525709768,0.0003762149142831281,0.0006526946455026571,0.0004840288153572063,0.0006526946455026571,dispersion
120908,TRES DE DICIEMBRE,JUNIN,0.019115454921984028,0.00047822714488712087,0.0,0.0,0.00047822714488712087,agua_segura
120909,YANACANCHA,JUNIN,0.024806855379248486,-1.0408340855860843e-17,-0.0012140635760535083,-0.0008743718898737568,-1.0408340855860843e-17,ninguno (ya en percentil 75+)
130101,TRUJILLO,LA LIBERTAD,0.011395011830460796,0.0001972689412876663,1.734723475976807e-18,1.734723475976807e-18,0.0001972689412876663,agua_segura
130102,EL PORVENIR,LA LIBERTAD,0.01256392268399184,-0.0004987415320328679,0.0,0.0,0.0,ninguno (ya en percentil 75+)
130103,FLORENCIA DE MORA,LA LIBERTAD,0.011327651815913505,-7.421836963214523e-06,0.0,0.0,0.0,ninguno (ya en percentil 75+)
130104,HUANCHACO,LA LIBERTAD,0.013674624343298716,0.00035977741697343357,0.0,0.0,0.00035977741697343357,agua_segura
130105,LA ESPERANZA,LA LIBERTAD,0.012346843262128539,0.0002656069059383346,0.0,0.0,0.0002656069059383346,agua_segura
130106,LAREDO,LA LIBERTAD,0.012740483793393695,0.0003166731608098376,0.0,0.0,0.0003166731608098376,agua_segura
130107,MOCHE,LA LIBERTAD,0.011665575076875599,-6.300769602447277e-05,0.0,0.0,0.0,ninguno (ya en percentil 75+)
130108,POROTO,LA LIBERTAD,0.010689355414715131,0.0008605490896339274,-4.46090761455787e-05,-0.00031704602503936953,0.0008605490896339274,agua_segura
130109,SALAVERRY,LA LIBERTAD,0.014588422943084116,-0.0003092333688196995,0.0,0.0,0.0,ninguno (ya en percentil 75+)
130110,SIMBAL,LA LIBERTAD,0.013096494192109316,0.00046394258879636774,-0.0010850453596297303,-0.0006209691521060576,0.00046394258879636774,agua_segura
130111,VICTOR LARCO HERRERA,LA LIBERTAD,0.009875753251164328,-8.977263855881878e-05,0.0,0.0,0.0,ninguno (ya en percentil 75+)
130201,ASCOPE,LA LIBERTAD,0.012114192174547738,-0.00043773893304763223,-5.8479132828345715e-06,-3.529622342680894e-05,-5.8479132828345715e-06,ninguno (ya en percentil 75+)
130202,CHICAMA,LA LIBERTAD,0.012204431512393492,-0.0001839934604757256,7.330981799452164e-05,-6.410692128247693e-05,7.330981799452164e-05,dispersion
130203,CHOCOPE,LA LIBERTAD,0.009049452348118424,-9.16113388598535e-05,3.469446951953614e-18,0.0,3.469446951953614e-18,ninguno (ya en percentil 75+)
130204,MAGDALENA DE CAO,LA LIBERTAD,0.01001196429391093,-7.628449307973441e-05,-0.00052593824233663,-0.00020665776496407197,-7.628449307973441e-05,ninguno (ya en percentil 75+)
130205,PAIJAN,LA LIBERTAD,0.011064159860221277,-6.202819139102325e-06,-1.734723475976807e-18,-1.734723475976807e-18,-1.734723475976807e-18,ninguno (ya en percentil 75+)
130206,RAZURI,LA LIBERTAD,0.011276491660830473,4.230384707538254e-05,-0.00011591911485739001,-9.707194895077799e-05,4.230384707538254e-05,agua_segura
130207,SANTIAGO DE CAO,LA LIBERTAD,0.008894311569058167,-6.949151460627738e-05,0.0,1.734723475976807e-18,1.734723475976807e-18,ninguno (ya en percentil 75+)
130208,CASA GRANDE,LA LIBERTAD,0.010999179540620818,0.000481069916753318,0.00018773809176965937,-0.00012297226342495096,0.000481069916753318,agua_segura
130301,BOLIVAR,LA LIBERTAD,0.01781503289975543,9.481781548986018e-05,0.0003064448358171164,0.00029257294750585985,0.0003064448358171164,dispersion
130302,BAMBAMARCA,LA LIBERTAD,0.02559824040911015,-0.0006644498091314607,-0.00022136726551571367,0.0001091792281305258,0.0001091792281305258,urbanizacion
130303,CONDORMARCA,LA LIBERTAD,0.021744801275245855,-3.469446951953614e-18,-0.0013592449859772884,-0.0011859882596895847,-3.469446951953614e-18,ninguno (ya en percentil 75+)
130304,LONGOTEA,LA LIBERTAD,0.014092484176841348,0.00015070906632109332,-0.0006422210563173918,0.0001871696320060439,0.0001871696320060439,urbanizacion
130305,UCHUMARCA,LA LIBERTAD,0.015957060871461155,0.0,0.0012597273974328423,-0.00035585438045666364,0.0012597273974328423,dispersion
130306,UCUNCHA,LA LIBERTAD,0.011989118211639099,-0.00010102966519237068,6.494872268305099e-05,0.0004305980507154309,0.0004305980507154309,urbanizacion
130401,CHEPEN,LA LIBERTAD,0.009979502006188244,0.0008914816664824018,0.0,0.0,0.0008914816664824018,agua_segura
130402,PACANGA,LA LIBERTAD,0.01277117679135332,3.469446951953614e-18,-2.0679216662719893e-05,-6.00198198303821e-05,3.469446951953614e-18,ninguno (ya en percentil 75+)
130403,PUEBLO NUEVO,LA LIBERTAD,0.011936085969721224,6.841722965944021e-05,-5.7774476764950455e-05,-1.6460772905339816e-05,6.841722965944021e-05,agua_segura
130501,JULCAN,LA LIBERTAD,0.027883582182018828,-0.0005535661404856215,6.226823717027721e-05,0.0001304855453211108,0.0001304855453211108,urbanizacion
130502,CALAMARCA,LA LIBERTAD,0.023356898143795088,-0.00047975327827817424,0.0006294099277510921,0.0015638268217699168,0.0015638268217699168,urbanizacion
130503,CARABAMBA,LA LIBERTAD,0.0241323128043693,0.0,0.00024002836818430573,1.7316719344531717e-05,0.00024002836818430573,dispersion
130504,HUASO,LA LIBERTAD,0.021334912971080502,-0.00014312721043838877,0.0006183395190413644,-2.4889881801829633e-05,0.0006183395190413644,dispersion
130601,OTUZCO,LA LIBERTAD,0.021097792211877825,-0.001454155157617168,-0.0001222693550660403,-2.8736477271820715e-05,-2.8736477271820715e-05,ninguno (ya en percentil 75+)
130602,AGALLPAMPA,LA LIBERTAD,0.024512698849357147,-3.771213196940293e-05,0.00035376693952204885,0.0005666247047837365,0.0005666247047837365,urbanizacion
130604,CHARAT,LA LIBERTAD,0.010550697885652358,-0.0001733580884534184,1.9993058009246112e-05,-4.3245113112487174e-05,1.9993058009246112e-05,dispersion
130605,HUARANCHAL,LA LIBERTAD,0.008388179488490336,-2.4688672171318746e-05,-9.422341799123803e-05,0.0003504890322358987,0.0003504890322358987,urbanizacion
130606,LA CUESTA,LA LIBERTAD,0.009065885491853675,-0.000492818212334746,-0.0006400569119914008,0.00010215437437676236,0.00010215437437676236,urbanizacion
130608,MACHE,LA LIBERTAD,0.020824420952576958,5.7696302914536646e-06,0.0,0.0,5.7696302914536646e-06,agua_segura
130610,PARANDAY,LA LIBERTAD,0.019065782410990086,-0.00047290900706226796,-4.3186855803810376e-05,0.0005946841728709379,0.0005946841728709379,urbanizacion
130611,SALPO,LA LIBERTAD,0.02310188157378323,0.00023115133029852006,0.00030035924260408617,-0.00016164437232622786,0.00030035924260408617,dispersion
130613,SINSICAP,LA LIBERTAD,0.018025194675198808,-0.00033853735000813345,-0.0005995847384652822,-0.0006867011289380422,-0.00033853735000813345,ninguno (ya en percentil 75+)
130614,USQUIL,LA LIBERTAD,0.024168211138440015,0.0,-2.0330371269597358e-05,-0.0005029300251012357,0.0,ninguno (ya en percentil 75+)
130701,SAN PEDRO DE LLOC,LA LIBERTAD,0.011697542190031588,8.273026233346879e-05,9.807635069936094e-05,3.1137964442550653e-06,9.807635069936094e-05,dispersion
130702,GUADALUPE,LA LIBERTAD,0.011156641271112353,-0.00014986910464242012,0.0,0.0,0.0,ninguno (ya en percentil 75+)
130703,JEQUETEPEQUE,LA LIBERTAD,0.01122419774418493,-0.0006251323720931484,-1.734723475976807e-18,0.0,0.0,ninguno (ya en percentil 75+)
130704,PACASMAYO,LA LIBERTAD,0.010699069207836589,0.0004786423253473407,0.0,0.0,0.0004786423253473407,agua_segura
130705,SAN JOSE,LA LIBERTAD,0.012360646432556913,-0.0007969236209440164,0.0,0.0,0.0,ninguno (ya en percentil 75+)
130801,TAYABAMBA,LA LIBERTAD,0.024041636964761342,3.469446951953614e-18,-4.4188237456260077e-05,-1.678204172854414e-05,3.469446951953614e-18,ninguno (ya en percentil 75+)
130802,BULDIBUYO,LA LIBERTAD,0.023639232528873146,0.0,-0.0006232560561092136,-0.00014116815457938456,0.0,ninguno (ya en percentil 75+)
130803,CHILLIA,LA LIBERTAD,0.026627293399366904,-0.000908590866381398,-0.0005416438124399223,-0.0004622275235837657,-0.0004622275235837657,ninguno (ya en percentil 75+)
130804,HUANCASPATA,LA LIBERTAD,0.024325476461850983,3.3100820050039476e-05,-0.001068171391745528,-0.00014707889010186909,3.3100820050039476e-05,agua_segura
130805,HUAYLILLAS,LA LIBERTAD,0.0055946914532103865,0.0,0.0013699088859181058,0.0014600530741805482,0.0014600530741805482,urbanizacion
130806,HUAYO,LA LIBERTAD,0.014953874075547496,-9.753070875678088e-06,-0.0006948076977773537,0.00047314861474030516,0.00047314861474030516,urbanizacion
130807,ONGON,LA LIBERTAD,0.009690439051679135,-0.00011887494787040168,0.0012202973770164324,0.0016799539394484718,0.0016799539394484718,urbanizacion
130808,PARCOY,LA LIBERTAD,0.02083415795724689,0.0001213634815966265,0.00032901148723050305,0.0,0.00032901148723050305,dispersion
130809,PATAZ,LA LIBERTAD,0.015678213105685568,-0.00026990778120084165,0.0001274444720335069,0.00018232569340530247,0.00018232569340530247,urbanizacion
130810,PIAS,LA LIBERTAD,0.020256278625327067,0.0,-0.0017380890845994264,-0.0002950423148602964,0.0,ninguno (ya en percentil 75+)
130811,SANTIAGO DE CHALLAS,LA LIBERTAD,0.019238550163516523,-8.16017595563906e-06,0.0006722469127537455,-0.00014857383302841268,0.0006722469127537455,dispersion
130812,TAURIJA,LA LIBERTAD,0.02439058657076089,-0.0006236709179119337,-0.0006409109660660724,-2.4886138464064872e-05,-2.4886138464064872e-05,ninguno (ya en percentil 75+)
130813,URPAY,LA LIBERTAD,0.021036993346578645,-3.0690689445736496e-06,-0.00014579006510703763,0.00021427841935702657,0.00021427841935702657,urbanizacion
130901,HUAMACHUCO,LA LIBERTAD,0.021826253074142658,-3.469446951953614e-18,-3.469446951953614e-18,-3.469446951953614e-18,-3.469446951953614e-18,ninguno (ya en percentil 75+)
130902,CHUGAY,LA LIBERTAD,0.024501295177750317,-0.0001734210437817664,0.00038612475292130327,0.0001884605195474863,0.00038612475292130327,dispersion
130903,COCHORCO,LA LIBERTAD,0.01999209235557041,-1.824031964097611e-05,-0.0011503059438089346,5.0019716399229974e-05,5.0019716399229974e-05,urbanizacion
130904,CURGOS,LA LIBERTAD,0.02573118775691285,-5.6689074299703934e-05,0.0,0.0,0.0,ninguno (ya en percentil 75+)
130905,MARCABAL,LA LIBERTAD,0.021548288068237397,0.0001566258841830849,1.9121478504503797e-05,4.755224107067316e-05,0.0001566258841830849,agua_segura
130906,SANAGORAN,LA LIBERTAD,0.0192549457235207,-1.9510887751601758e-05,-0.00011510519323900889,-0.000216891135563866,-1.9510887751601758e-05,ninguno (ya en percentil 75+)
130907,SARIN,LA LIBERTAD,0.021482169738006204,0.0,-5.73249339197307e-05,-0.0005756479067594474,0.0,ninguno (ya en percentil 75+)
130908,SARTIMBAMBA,LA LIBERTAD,0.020522951558028225,-0.00021782924446306015,-0.0004456601147197585,-0.00033233943800267327,-0.00021782924446306015,ninguno (ya en percentil 75+)
131001,SANTIAGO DE CHUCO,LA LIBERTAD,0.019988459939499104,4.728776705575227e-05,0.00063329135752253,9.099625173473319e-05,0.00063329135752253,dispersion
131002,ANGASMARCA,LA LIBERTAD,0.01770696349973807,-0.0001106514541890681,0.0005802614604541109,0.0002379403980400513,0.0005802614604541109,dispersion
131003,CACHICADAN,LA LIBERTAD,0.01921957677997308,0.0,0.0007899987594809643,0.0002501106210000652,0.0007899987594809643,dispersion
131004,MOLLEBAMBA,LA LIBERTAD,0.016287629918381622,-7.452441327590251e-05,0.0006267735516204236,0.00036202434886789883,0.0006267735516204236,dispersion
131005,MOLLEPATA,LA LIBERTAD,0.023973448709906888,-0.0001107394655480605,-0.0006016180715343357,5.3147885355302876e-05,5.3147885355302876e-05,urbanizacion
131006,QUIRUVILCA,LA LIBERTAD,0.018580487989939547,0.0,0.001180008469164058,0.0006393078194388939,0.001180008469164058,dispersion
131007,SANTA CRUZ DE CHUCA,LA LIBERTAD,0.023432092336647257,0.0,-0.00025974414064964743,-0.0010470237823332444,0.0,ninguno (ya en percentil 75+)
131008,SITABAMBA,LA LIBERTAD,0.02642287568445088,8.96969905019411e-05,-0.00026696933247287793,-0.0014599265622948637,8.96969905019411e-05,agua_segura
131101,CASCAS,LA LIBERTAD,0.009104610900619866,-9.726571284788578e-05,-0.00013819542527201793,1.3409895022747573e-05,1.3409895022747573e-05,urbanizacion
131102,LUCMA,LA LIBERTAD,0.024711994785624455,-0.0010497271070135615,-0.002217051022238823,-0.0018697679393140064,-0.0010497271070135615,ninguno (ya en percentil 75+)
131103,MARMOT,LA LIBERTAD,0.01857436765934099,-3.7661332666569236e-06,-0.00011065717219227098,-0.000523659704358477,-3.7661332666569236e-06,ninguno (ya en percentil 75+)
131104,SAYAPULLO,LA LIBERTAD,0.011231082679570617,-0.00020519795477388393,-5.814935598049721e-05,-0.00024006019653636558,-5.814935598049721e-05,ninguno (ya en percentil 75+)
131201,VIRU,LA LIBERTAD,0.014517115852427055,-0.0003753812893433888,-9.419196764908454e-05,-4.278827347486448e-05,-4.278827347486448e-05,ninguno (ya en percentil 75+)
131202,CHAO,LA LIBERTAD,0.013536935255455417,-0.00011192502103661572,0.0002543849002022182,-0.00022122912528988598,0.0002543849002022182,dispersion
131203,GUADALUPITO,LA LIBERTAD,0.008163330214350778,0.00044197846880498874,-1.492930414889737e-06,0.00020338460640450043,0.00044197846880498874,agua_segura
140101,CHICLAYO,LAMBAYEQUE,0.012580956793372539,-0.0006644451368666496,0.0,0.0,0.0,ninguno (ya en percentil 75+)
140102,CHONGOYAPE,LAMBAYEQUE,0.009196290406022663,0.0,-0.0002757818133340244,4.3097471473570875e-05,4.3097471473570875e-05,urbanizacion
140103,ETEN,LAMBAYEQUE,0.011165626690618595,0.0003527530282968639,-1.734723475976807e-18,0.0,0.0003527530282968639,agua_segura
140104,ETEN PUERTO,LAMBAYEQUE,0.010304066083718,0.0001832602614687314,0.0,0.0,0.0001832602614687314,agua_segura
140105,JOSE LEONARDO ORTIZ,LAMBAYEQUE,0.011828990903913816,-0.000805977405880183,0.0,0.0,0.0,ninguno (ya en percentil 75+)
140106,LA VICTORIA,LAMBAYEQUE,0.011380728271671046,-0.00015844553495461024,0.0,0.0,0.0,ninguno (ya en percentil 75+)
140107,LAGUNAS,LAMBAYEQUE,0.010671558367448476,0.00026292913102760225,0.00014000014399495088,0.0001366299446629235,0.00026292913102760225,agua_segura
140108,MONSEFU,LAMBAYEQUE,0.011687193091487904,-0.0006645665652070983,6.938893903907228e-18,6.938893903907228e-18,6.938893903907228e-18,ninguno (ya en percentil 75+)
140109,NUEVA ARICA,LAMBAYEQUE,0.008556499719320336,0.0014869562372709227,-1.4387664704624062e-05,0.0001113990721557899,0.0014869562372709227,agua_segura
140110,OYOTUN,LAMBAYEQUE,0.00829631996358072,0.0001535807285622283,0.00027672032626335254,0.000514225851049108,0.000514225851049108,urbanizacion
140111,PICSI,LAMBAYEQUE,0.011753848553971461,-0.0008261482289592063,0.0,0.0,0.0,ninguno (ya en percentil 75+)
140112,PIMENTEL,LAMBAYEQUE,0.012518136063442773,0.00013125663127249582,0.0,0.0,0.00013125663127249582,agua_segura
140113,REQUE,LAMBAYEQUE,0.010914968292137037,0.0001854059466343764,0.0,0.0,0.0001854059466343764,agua_segura
140114,SANTA ROSA,LAMBAYEQUE,0.010069517014758564,0.0001272624343873468,0.0,0.0,0.0001272624343873468,agua_segura
140115,SAÑA,LAMBAYEQUE,0.01428493858433957,-0.00206680177487837,1.4621809777317502e-06,-0.00010493233706844289,1.4621809777317502e-06,dispersion
140116,CAYALTI,LAMBAYEQUE,0.017004864554241075,-0.002944533015117516,0.0,0.0,0.0,ninguno (ya en percentil 75+)
140117,PATAPO,LAMBAYEQUE,0.010994018201625296,3.43171668190697e-05,0.0,0.0,3.43171668190697e-05,agua_segura
140118,POMALCA,LAMBAYEQUE,0.011685951757107875,0.0,3.469446951953614e-18,5.204170427930421e-18,5.204170427930421e-18,ninguno (ya en percentil 75+)
140119,PUCALA,LAMBAYEQUE,0.010622064227314687,0.0002668317697905008,0.00017684496392707597,0.0,0.0002668317697905008,agua_segura
140120,TUMAN,LAMBAYEQUE,0.013249427095201022,-0.000540853374360991,-1.734723475976807e-18,0.0,0.0,ninguno (ya en percentil 75+)
140201,FERREÑAFE,LAMBAYEQUE,0.011047090842096204,-0.0005779063755389103,0.0,0.0,0.0,ninguno (ya en percentil 75+)
140202,CAÑARIS,LAMBAYEQUE,0.012028767558073899,-0.00016300324323420892,-0.0004814921328892708,0.0008306312028560081,0.0008306312028560081,urbanizacion
140203,INCAHUASI,LAMBAYEQUE,0.018749937170141888,0.0,0.00032621201700865077,9.691286802242238e-05,0.00032621201700865077,dispersion
140204,MANUEL ANTONIO MESONES MURO,LAMBAYEQUE,0.0102846616115071,-0.00020649344657280855,0.0002089600641467515,-6.08551404296994e-05,0.0002089600641467515,dispersion
140205,PITIPO,LAMBAYEQUE,0.011237352372663894,0.00021698208549525942,0.00015580117448212895,-0.00022851478020323446,0.00021698208549525942,agua_segura
140206,PUEBLO NUEVO,LAMBAYEQUE,0.007890094183126454,-0.00023527142178444461,0.0,0.0,0.0,ninguno (ya en percentil 75+)
140301,LAMBAYEQUE,LAMBAYEQUE,0.013866242041485498,-0.00040547911159879817,0.0,0.0,0.0,ninguno (ya en percentil 75+)
140302,CHOCHOPE,LAMBAYEQUE,0.011899069666609481,5.432435704305627e-06,0.000533399737879383,0.0004612440087339315,0.000533399737879383,dispersion
140303,ILLIMO,LAMBAYEQUE,0.01116733384490808,-0.0010767470023723292,0.0,5.204170427930421e-18,5.204170427930421e-18,ninguno (ya en percentil 75+)
140304,JAYANCA,LAMBAYEQUE,0.011548456310218091,-0.0003388837558449369,-2.0448233652520242e-05,1.7214981121655912e-05,1.7214981121655912e-05,urbanizacion
140305,MOCHUMI,LAMBAYEQUE,0.010551180360081363,-0.00027821190576650563,3.469446951953614e-18,0.0,3.469446951953614e-18,ninguno (ya en percentil 75+)
140306,MORROPE,LAMBAYEQUE,0.014996564382887616,-0.0009022395338337021,-0.00010941127156938873,-0.0002943296785893647,-0.00010941127156938873,ninguno (ya en percentil 75+)
140307,MOTUPE,LAMBAYEQUE,0.008492612067610735,0.0007059311685408912,4.450583669094593e-05,1.8379176700077104e-05,0.0007059311685408912,agua_segura
140308,OLMOS,LAMBAYEQUE,0.013488896691336506,-0.0008082001097779266,-0.0002070939860327279,-0.000308293759630247,-0.0002070939860327279,ninguno (ya en percentil 75+)
140309,PACORA,LAMBAYEQUE,0.010410206546724166,0.00022899625192604293,1.734723475976807e-18,1.734723475976807e-18,0.00022899625192604293,agua_segura
140310,SALAS,LAMBAYEQUE,0.01098025743246669,1.734723475976807e-18,-0.00021302098397657683,0.0001629278698341459,0.0001629278698341459,urbanizacion
140311,SAN JOSE,LAMBAYEQUE,0.012862295957489814,-0.0006187325879762617,1.734723475976807e-18,0.0,1.734723475976807e-18,ninguno (ya en percentil 75+)
140312,TUCUME,LAMBAYEQUE,0.010414490274922581,-0.0003342074774853338,3.469446951953614e-18,0.0,3.469446951953614e-18,ninguno (ya en percentil 75+)
150102,ANCON,LIMA,0.014459662773877413,0.0,0.0,0.0,0.0,ninguno (ya en percentil 75+)
150103,ATE,LIMA,0.013344769107530713,0.00047504534039311506,0.0,-1.734723475976807e-18,0.00047504534039311506,agua_segura
150104,BARRANCO,LIMA,0.011085110799350473,-0.00010533083950210569,0.0,0.0,0.0,ninguno (ya en percentil 75+)
150105,BREÑA,LIMA,0.009632571215278005,0.0007166499284442622,0.0,-3.469446951953614e-18,0.0007166499284442622,agua_segura
150106,CARABAYLLO,LIMA,0.01296520871260772,9.184521887433891e-05,0.0,0.0,9.184521887433891e-05,agua_segura
150107,CHACLACAYO,LIMA,0.010452492379883611,0.0005814422215118416,0.0,0.0,0.0005814422215118416,agua_segura
150108,CHORRILLOS,LIMA,0.012608268763075683,0.0,0.0,0.0,0.0,ninguno (ya en percentil 75+)
150109,CIENEGUILLA,LIMA,0.012355625707499233,0.00023763327001150893,0.0,0.0,0.00023763327001150893,agua_segura
150110,COMAS,LIMA,0.013263046778167463,0.0003850048091668685,0.0,0.0,0.0003850048091668685,agua_segura
150111,EL AGUSTINO,LIMA,0.011546869509783628,0.0,1.0408340855860843e-17,0.0,1.0408340855860843e-17,ninguno (ya en percentil 75+)
150112,INDEPENDENCIA,LIMA,0.012319376658063432,0.0006074502238364986,0.0,0.0,0.0006074502238364986,agua_segura
150114,LA MOLINA,LIMA,0.010578527313742286,0.0,0.0,1.734723475976807e-18,1.734723475976807e-18,ninguno (ya en percentil 75+)
150115,LA VICTORIA,LIMA,0.009992337566113563,0.000746271183252413,0.0,0.0,0.000746271183252413,agua_segura
150116,LINCE,LIMA,0.01007564596833878,0.00021916334094877234,0.0,0.0,0.00021916334094877234,agua_segura
150117,LOS OLIVOS,LIMA,0.012125938452481874,0.00047904458955251583,0.0,0.0,0.00047904458955251583,agua_segura
150118,LURIGANCHO,LIMA,0.007522583390269129,0.0005558196135028778,-1.734723475976807e-18,0.0,0.0005558196135028778,agua_segura
150119,LURIN,LIMA,0.013401434721952703,3.961446678593314e-05,0.0,0.0,3.961446678593314e-05,agua_segura
150120,MAGDALENA DEL MAR,LIMA,0.011583273603702166,0.00029634267728415216,0.0,0.0,0.00029634267728415216,agua_segura
150123,PACHACAMAC,LIMA,0.014139649379174885,-0.00031511485897434827,0.0,0.0,0.0,ninguno (ya en percentil 75+)
150124,PUCUSANA,LIMA,0.010510331690863087,0.0,0.0,0.0,0.0,ninguno (ya en percentil 75+)
150125,PUENTE PIEDRA,LIMA,0.01359065866142918,-8.256344020493404e-05,6.938893903907228e-18,0.0,6.938893903907228e-18,ninguno (ya en percentil 75+)
150126,PUNTA HERMOSA,LIMA,0.013682174853729417,0.0,0.0,-3.469446951953614e-18,0.0,ninguno (ya en percentil 75+)
150127,PUNTA NEGRA,LIMA,0.010692884805249787,1.734723475976807e-18,1.734723475976807e-18,-3.469446951953614e-18,1.734723475976807e-18,ninguno (ya en percentil 75+)
150128,RIMAC,LIMA,0.011671660105181184,0.0008051146013484892,0.0,0.0,0.0008051146013484892,agua_segura
150129,SAN BARTOLO,LIMA,0.012405584604888536,0.0,0.0,0.0,0.0,ninguno (ya en percentil 75+)
150132,SAN JUAN DE LURIGANCHO,LIMA,0.01240893440552043,0.00048224050155080446,0.0,1.734723475976807e-18,0.00048224050155080446,agua_segura
150133,SAN JUAN DE MIRAFLORES,LIMA,0.011766425437667372,0.0,0.0,0.0,0.0,ninguno (ya en percentil 75+)
150134,SAN LUIS,LIMA,0.010551912930619646,0.000684211913843184,0.0,0.0,0.000684211913843184,agua_segura
150135,SAN MARTIN DE PORRES,LIMA,0.012269017872680948,0.00022428533678745324,0.0,0.0,0.00022428533678745324,agua_segura
150136,SAN MIGUEL,LIMA,0.010909865714148929,0.00044653742908284944,0.0,0.0,0.00044653742908284944,agua_segura
150137,SANTA ANITA,LIMA,0.011771728093197504,0.00038909165837388605,0.0,0.0,0.00038909165837388605,agua_segura
150138,SANTA MARIA DEL MAR,LIMA,0.010501625429975731,0.00010808322259589845,0.0,0.0,0.00010808322259589845,agua_segura
150139,SANTA ROSA,LIMA,0.013972047828108423,3.6241297888140594e-06,-3.469446951953614e-18,0.0,3.6241297888140594e-06,agua_segura
150140,SANTIAGO DE SURCO,LIMA,0.012491789432946133,0.000348536048524542,0.0,0.0,0.000348536048524542,agua_segura
150141,SURQUILLO,LIMA,0.010358048021453011,0.00017277308569804174,0.0,0.0,0.00017277308569804174,agua_segura
150142,VILLA EL SALVADOR,LIMA,0.012604977722297952,0.000275225548261206,0.0,0.0,0.000275225548261206,agua_segura
150143,VILLA MARIA DEL TRIUNFO,LIMA,0.013119658608536219,1.494431734899021e-05,0.0,0.0,1.494431734899021e-05,agua_segura
150201,BARRANCA,LIMA,0.010167878811295196,0.0010756753768096615,0.0,0.0,0.0010756753768096615,agua_segura
150202,PARAMONGA,LIMA,0.011509779999463773,0.0005914820513527111,0.0001981336453233673,0.0,0.0005914820513527111,agua_segura
150203,PATIVILCA,LIMA,0.010618667434238957,0.000702596861546053,1.734723475976807e-18,3.4091647489145616e-05,0.000702596861546053,agua_segura
150204,SUPE,LIMA,0.012248793583400351,0.00025780502530470956,0.00017062859478625056,-1.7367591560634582e-05,0.00025780502530470956,agua_segura
150205,SUPE PUERTO,LIMA,0.007360117739501837,0.00038841934818366255,0.0,0.0,0.00038841934818366255,agua_segura
150301,CAJATAMBO,LIMA,0.030660465380210784,0.0,-0.002387246721287796,-0.002110298184947002,0.0,ninguno (ya en percentil 75+)
150302,COPA,LIMA,0.027062417032643227,0.0,-0.0009248732279307018,-0.0018696172356495976,0.0,ninguno (ya en percentil 75+)
150303,GORGOR,LIMA,0.02424629374123951,0.0,-0.0005151728673262745,-0.0011008645624452015,0.0,ninguno (ya en percentil 75+)
150304,HUANCAPON,LIMA,0.02529398081552378,-2.461825191747008e-06,3.351386977672177e-05,-0.0005914605908388347,3.351386977672177e-05,dispersion
150305,MANAS,LIMA,0.013628105948856769,-9.097900127350705e-05,0.00035299559770782946,0.000607812727095201,0.000607812727095201,urbanizacion
150401,CANTA,LIMA,0.021904796714758982,-0.00038504928092308877,0.0005232696155101843,3.469446951953614e-18,0.0005232696155101843,dispersion
150402,ARAHUAY,LIMA,0.01852330792492702,-0.0005848535880053039,0.0007547352870897125,0.0010087031409729275,0.0010087031409729275,urbanizacion
150403,HUAMANTANGA,LIMA,0.018832071474018323,0.00023211533840712673,-0.00037463910106542986,-0.00041968253736397385,0.00023211533840712673,agua_segura
150404,HUAROS,LIMA,0.03194407127733084,0.0,-0.0031103729724082894,-0.002166470205369784,0.0,ninguno (ya en percentil 75+)
150405,LACHAQUI,LIMA,0.01718317890069375,0.0021966736581192567,0.0008448450347755196,0.0003925974554213965,0.0021966736581192567,agua_segura
150406,SAN BUENAVENTURA,LIMA,0.014830950372339148,0.0,0.0003975778870169873,0.0009355422228464368,0.0009355422228464368,urbanizacion
150407,SANTA ROSA DE QUIVES,LIMA,0.008937401196634085,-8.471111124447837e-05,2.0821492564522884e-05,-5.964396746268447e-06,2.0821492564522884e-05,dispersion
150501,SAN VICENTE DE CAÑETE,LIMA,0.013598428467394636,1.0436887017902657e-05,3.469446951953614e-18,0.0,1.0436887017902657e-05,agua_segura
150502,ASIA,LIMA,0.014130490645796322,-1.6168414507970047e-05,0.0,0.0,0.0,ninguno (ya en percentil 75+)
150503,CALANGO,LIMA,0.012741690917968944,0.000973634417355514,7.450137748023916e-05,0.00031808534766110223,0.000973634417355514,agua_segura
150504,CERRO AZUL,LIMA,0.010852466086407764,6.664585340207703e-05,0.0,0.0,6.664585340207703e-05,agua_segura
150505,CHILCA,LIMA,0.01302118525061153,0.00031131899621525926,0.0,0.0,0.00031131899621525926,agua_segura
150506,COAYLLO,LIMA,0.015104013714413654,0.00023481024591479743,0.0005739974034050434,0.0004613274991519239,0.0005739974034050434,dispersion
150507,IMPERIAL,LIMA,0.011227286011881984,-0.00019987025728648682,-1.734723475976807e-18,-1.734723475976807e-18,-1.734723475976807e-18,ninguno (ya en percentil 75+)
150508,LUNAHUANA,LIMA,0.010240228639863885,0.0009540213870443109,0.00011347990414199184,-0.00017535459701665396,0.0009540213870443109,agua_segura
150509,MALA,LIMA,0.01202438725293663,0.00025515570690885434,0.0,0.0,0.00025515570690885434,agua_segura
150510,NUEVO IMPERIAL,LIMA,0.01232315806388322,0.00019324150771228392,0.0,-5.417000288327964e-05,0.00019324150771228392,agua_segura
150511,PACARAN,LIMA,0.012614146549479881,-5.093134587060878e-05,-5.5586189620461524e-05,0.0003370279530763836,0.0003370279530763836,urbanizacion
150512,QUILMANA,LIMA,0.011767908796752949,-1.7268386793172982e-05,-2.304730294935657e-05,-0.00012965322463248143,-1.7268386793172982e-05,ninguno (ya en percentil 75+)
150513,SAN ANTONIO,LIMA,0.005711813652617521,-8.673617379884035e-19,0.0,0.0,0.0,ninguno (ya en percentil 75+)
150514,SAN LUIS,LIMA,0.007641758716217644,0.00023211595660391823,1.734723475976807e-18,1.734723475976807e-18,0.00023211595660391823,agua_segura
150515,SANTA CRUZ DE FLORES,LIMA,0.010542951636650864,0.0011108936969360123,-1.734723475976807e-18,0.0,0.0011108936969360123,agua_segura
150516,ZUÑIGA,LIMA,0.011087824618689178,9.366319735422748e-05,0.0003434308799932437,0.00029031926855775485,0.0003434308799932437,dispersion
150601,HUARAL,LIMA,0.012519943395679413,0.0002025437192972844,0.0,0.0,0.0002025437192972844,agua_segura
150602,ATAVILLOS ALTO,LIMA,0.03050084654119049,0.0,-0.0031113271036502417,-0.002607853743773196,0.0,ninguno (ya en percentil 75+)
150603,ATAVILLOS BAJO,LIMA,0.013426087355128784,-0.0004086912043738053,0.0009371403232131884,0.0003865273213105088,0.0009371403232131884,dispersion
150604,AUCALLAMA,LIMA,0.012217971590402768,0.0005366470575954296,5.7660015680156135e-06,-3.481858326441316e-05,0.0005366470575954296,agua_segura
150605,CHANCAY,LIMA,0.01103167614920087,0.0006491925321495257,-1.734723475976807e-18,0.0,0.0006491925321495257,agua_segura
150606,IHUARI,LIMA,0.02038285532853102,-4.760942930543549e-05,-0.0004686847931033751,-0.0014710067179665373,-4.760942930543549e-05,ninguno (ya en percentil 75+)
150607,LAMPIAN,LIMA,0.010524631270699207,0.0,0.0009206214561122868,-0.00015422019138585513,0.0009206214561122868,dispersion
150608,PACARAOS,LIMA,0.023299589433989236,-2.880123569280746e-05,-0.0015079845284603245,-0.00023641708224956745,-2.880123569280746e-05,ninguno (ya en percentil 75+)
150609,SAN MIGUEL DE ACOS,LIMA,0.007001933292868974,-0.000770068143593569,9.375692409287727e-06,0.00016800737554304324,0.00016800737554304324,urbanizacion
150610,SANTA CRUZ DE ANDAMARCA,LIMA,0.020400376458733105,1.3877787807814457e-17,0.00018213014691644339,-9.979971630365292e-05,0.00018213014691644339,dispersion
150611,SUMBILCA,LIMA,0.023879761709104014,-0.0008290381407139967,-0.00025010638958710904,-0.0006198737929919013,-0.00025010638958710904,ninguno (ya en percentil 75+)
150612,VEINTISIETE DE NOVIEMBRE,LIMA,0.014226521021000882,0.0002738981319978292,0.0007388156509268058,5.74157334218197e-05,0.0007388156509268058,dispersion
150701,MATUCANA,LIMA,0.016420940146488202,-0.0002350730124571418,-0.00013616392881145994,-0.00013243502850679087,-0.00013243502850679087,ninguno (ya en percentil 75+)
150702,ANTIOQUIA,LIMA,0.014783631486391518,-0.00020091777872590158,-0.0005436939027051897,-0.0003057202688776864,-0.00020091777872590158,ninguno (ya en percentil 75+)
150703,CALLAHUANCA,LIMA,0.01318600292958164,-0.0006692934580729091,0.00018721978422744923,0.0001634458196291405,0.00018721978422744923,dispersion
150704,CARAMPOMA,LIMA,0.029334184871109358,0.0,-0.0034302426667934677,-0.0018359500875489952,0.0,ninguno (ya en percentil 75+)
150705,CHICLA,LIMA,0.028184831872307387,0.0,-0.00020282620857475092,-0.0003085825578234905,0.0,ninguno (ya en percentil 75+)
150706,CUENCA,LIMA,0.030804332747652815,-0.00030383385232879423,-0.00032804876907685174,0.0,0.0,ninguno (ya en percentil 75+)
150707,HUACHUPAMPA,LIMA,0.01423757701230854,0.0,0.001060566506542267,0.0004937057801826343,0.001060566506542267,dispersion
150708,HUANZA,LIMA,0.03130480610911637,0.0,-0.0031039849246686825,-0.0011027744369045342,0.0,ninguno (ya en percentil 75+)
150709,HUAROCHIRI,LIMA,0.027074646949912823,0.0006393074907962322,-0.0006500193436380607,-0.0014920785838592986,0.0006393074907962322,agua_segura
150710,LAHUAYTAMBO,LIMA,0.022465755458497435,-3.0145245254142167e-05,0.0004699819991256654,0.0003782168802661523,0.0004699819991256654,dispersion
150711,LANGA,LIMA,0.017141223317748786,0.0005585181638364627,0.00037859570935121906,0.00040760933567309324,0.0005585181638364627,agua_segura
150712,LARAOS,LIMA,0.03684280433739188,0.0,-0.0031329809873509792,-0.004018101891248647,0.0,ninguno (ya en percentil 75+)
150713,MARIATANA,LIMA,0.028075258670143124,0.0,-0.0017930384131925395,-0.001128667802411415,0.0,ninguno (ya en percentil 75+)
150714,RICARDO PALMA,LIMA,0.00914356710912115,0.0004704412200348899,0.0,0.0,0.0004704412200348899,agua_segura
150715,SAN ANDRES DE TUPICOCHA,LIMA,0.016099934874625486,0.0,0.0009106286909872537,6.131241988477365e-05,0.0009106286909872537,dispersion
150716,SAN ANTONIO,LIMA,0.02009465081739633,0.0006465282469851792,-0.0007899791819282742,0.00013882453792914487,0.0006465282469851792,agua_segura
150717,SAN BARTOLOME,LIMA,0.016616602991358954,-0.0009728504208159905,-0.00013315269676163893,0.0,0.0,ninguno (ya en percentil 75+)
150718,SAN DAMIAN,LIMA,0.02363444625346316,0.0,-0.0006705552772931327,-0.0021216825840943733,0.0,ninguno (ya en percentil 75+)
150719,SAN JUAN DE IRIS,LIMA,0.03390876776109605,0.0,-0.0034819738121667533,-0.002734059728222788,0.0,ninguno (ya en percentil 75+)
150720,SAN JUAN DE TANTARANCHE,LIMA,0.03173583986594899,6.938893903907228e-18,-0.003715507259055544,-0.002611450336491211,6.938893903907228e-18,ninguno (ya en percentil 75+)
150721,SAN LORENZO DE QUINTI,LIMA,0.021129190913980078,0.0,-0.001768058246593731,-0.00024130148559041442,0.0,ninguno (ya en percentil 75+)
150722,SAN MATEO,LIMA,0.026761140623280943,0.0,-0.00012052382440641898,-0.0014389964388576426,0.0,ninguno (ya en percentil 75+)
150723,SAN MATEO DE OTAO,LIMA,0.015848719298262544,-0.0008985739818107782,0.00014015858190863026,0.000940511042550142,0.000940511042550142,urbanizacion
150724,SAN PEDRO DE CASTA,LIMA,0.020751223023024745,0.0018116298407358546,0.0011308122878681062,0.0005335041793687774,0.0018116298407358546,agua_segura
150725,SAN PEDRO DE HUANCAYRE,LIMA,0.022077741444718618,0.00168745493274838,-0.0004830040974187384,-0.001979932589580711,0.00168745493274838,agua_segura
150726,SANGALLAYA,LIMA,0.02786062731393253,-0.0014556125683168816,-0.0006080329848478436,0.00030360783822045226,0.00030360783822045226,urbanizacion
150727,SANTA CRUZ DE COCACHACRA,LIMA,0.01142660593254981,5.7198164051678116e-05,0.0,0.0,5.7198164051678116e-05,agua_segura
150728,SANTA EULALIA,LIMA,0.009123316129648786,0.00040768719813164336,0.0,0.0,0.00040768719813164336,agua_segura
150729,SANTIAGO DE ANCHUCAYA,LIMA,0.026438515718480216,0.002689321059929882,-0.0012873107319221616,-0.0026183283494710455,0.002689321059929882,agua_segura
150730,SANTIAGO DE TUNA,LIMA,0.022271912059285647,-6.938893903907228e-18,-0.0004177597352397755,0.0006385616629213837,0.0006385616629213837,urbanizacion
150731,SANTO DOMINGO DE LOS OLLEROS,LIMA,0.022246889846075,-7.92582952954396e-05,-0.0019351026067137601,-0.00042296789986271885,-7.92582952954396e-05,ninguno (ya en percentil 75+)
150732,SURCO,LIMA,0.015337552346151173,-0.0003685314647909402,-0.0002421304399805417,9.367707204145648e-06,9.367707204145648e-06,urbanizacion
150801,HUACHO,LIMA,0.01246142004511604,7.596673818619643e-05,0.0,0.0,7.596673818619643e-05,agua_segura
150802,AMBAR,LIMA,0.015608764863624712,0.0,-0.0006960274018940355,-0.0002271662476356004,0.0,ninguno (ya en percentil 75+)
150803,CALETA DE CARQUIN,LIMA,0.007472523823373034,7.12134710324332e-05,0.0,0.0,7.12134710324332e-05,agua_segura
150804,CHECRAS,LIMA,0.02208153827236195,-0.00027562688835440843,-0.0003572264615658467,-0.00030289694647840995,-0.00027562688835440843,ninguno (ya en percentil 75+)
150805,HUALMAY,LIMA,0.011936732699618029,-0.00039846441995083047,0.0,0.0,0.0,ninguno (ya en percentil 75+)
150806,HUAURA,LIMA,0.011379633873143308,0.0006058360742517577,7.076373146221518e-05,-4.4054565048171415e-05,0.0006058360742517577,agua_segura
150807,LEONCIO PRADO,LIMA,0.026463096239128535,-0.00010244396018440141,-0.0008714265782383754,-0.0015315086589046227,-0.00010244396018440141,ninguno (ya en percentil 75+)
150808,PACCHO,LIMA,0.02255164437021389,-5.751196044223236e-05,-0.0003925802548372173,-0.000572356055508115,-5.751196044223236e-05,ninguno (ya en percentil 75+)
150809,SANTA LEONOR,LIMA,0.030088252095179076,3.469446951953614e-18,-0.003397113240911267,-0.0018180446493812168,3.469446951953614e-18,ninguno (ya en percentil 75+)
150810,SANTA MARIA,LIMA,0.012461111869577456,0.0002526983312883171,0.0,0.0,0.0002526983312883171,agua_segura
150811,SAYAN,LIMA,0.009483717278490313,0.0002783220403168203,0.0002726282142614337,3.9727945388578004e-05,0.0002783220403168203,agua_segura
150812,VEGUETA,LIMA,0.011410501948488559,0.0,6.938893903907228e-18,0.0,6.938893903907228e-18,ninguno (ya en percentil 75+)
150901,OYON,LIMA,0.021641303247857853,3.469446951953614e-18,-4.0315992359790664e-05,-4.694592748211504e-05,3.469446951953614e-18,ninguno (ya en percentil 75+)
150902,ANDAJES,LIMA,0.02045300987069135,-4.267499149778961e-05,0.0013157470196244019,0.00019106124767858182,0.0013157470196244019,dispersion
150903,CAUJUL,LIMA,0.022883654418103982,0.0,0.0011824610300653071,-0.0007074606192677309,0.0011824610300653071,dispersion
150904,COCHAMARCA,LIMA,0.019540331842525554,-0.00014571575207721066,0.0007019593905126069,-0.0006547817895073589,0.0007019593905126069,dispersion
150905,NAVAN,LIMA,0.018282187828587065,0.0,0.0003342828707355375,-0.0002859162858884351,0.0003342828707355375,dispersion
150906,PACHANGARA,LIMA,0.01827155790579194,-2.2638805147166124e-05,-0.0005452013665504067,0.00014542111092976165,0.00014542111092976165,urbanizacion
151001,YAUYOS,LIMA,0.01953731798999299,0.0,0.0004881633611865041,4.091525407868765e-05,0.0004881633611865041,dispersion
151002,ALIS,LIMA,0.02447322807881785,0.0,0.00019234279641272556,-0.001029039078199949,0.00019234279641272556,dispersion
151003,AYAUCA,LIMA,0.02732096086891794,-0.000193779473484635,-0.002246107133103442,-0.0009940942009588165,-0.000193779473484635,ninguno (ya en percentil 75+)
151004,AYAVIRI,LIMA,0.02880041173440584,0.0,-0.0024245359884872662,-0.002589140579223808,0.0,ninguno (ya en percentil 75+)
151005,AZANGARO,LIMA,0.015600478765482368,0.0020219699124770733,0.0008643313092184541,0.0005972169539354092,0.0020219699124770733,agua_segura
151006,CACRA,LIMA,0.022445601350986392,0.0010019225774511552,-0.0012753869460292375,-0.0010266399923358552,0.0010019225774511552,agua_segura
151007,CARANIA,LIMA,0.027343573996971883,-0.0001606158166692767,-0.00245844463078021,-0.0023921242301320443,-0.0001606158166692767,ninguno (ya en percentil 75+)
151008,CATAHUASI,LIMA,0.012898862028362917,-0.0010249425772641246,0.0005676650868018107,0.0004047881866340291,0.0005676650868018107,dispersion
151009,CHOCOS,LIMA,0.02209147798772503,-0.00034359603090491214,-0.0007568559454996203,-0.0009929938735438286,-0.00034359603090491214,ninguno (ya en percentil 75+)
151010,COCHAS,LIMA,0.015827044776858156,0.0002630019579764435,0.0015009733115305159,-0.00011130700989600908,0.0015009733115305159,dispersion
151011,COLONIA,LIMA,0.02150054536725347,1.3877787807814457e-17,-0.001025990767029885,-0.0012174583114011386,1.3877787807814457e-17,ninguno (ya en percentil 75+)
151012,HONGOS,LIMA,0.026227977135300916,0.000757915988373388,-0.00227827925570738,-0.0022688426618046355,0.000757915988373388,agua_segura
151013,HUAMPARA,LIMA,0.012594158028332542,-6.502215621881184e-05,0.000601267248373432,-1.1555313537778972e-06,0.000601267248373432,dispersion
151014,HUANCAYA,LIMA,0.026551759122994432,0.0,-0.002152042051200169,-0.000604300670132292,0.0,ninguno (ya en percentil 75+)
151015,HUANGASCAR,LIMA,0.018598005240965245,-0.00080332898296381,-0.0004721123313297694,-3.481336265671181e-05,-3.481336265671181e-05,ninguno (ya en percentil 75+)
151016,HUANTAN,LIMA,0.030102910369245336,0.0,-0.0018278703369542307,-0.0017543079476496672,0.0,ninguno (ya en percentil 75+)
151017,HUAÑEC,LIMA,0.023373352711620526,0.0004223770046842268,-0.0002275618769317228,-0.0019503949281519592,0.0004223770046842268,agua_segura
151018,LARAOS,LIMA,0.03663882945198776,6.938893903907228e-18,-0.00384098101505613,-0.0025527654768089866,6.938893903907228e-18,ninguno (ya en percentil 75+)
151019,LINCHA,LIMA,0.03657695047746808,-0.00010310295587499102,-0.003914229953869537,-0.0027044805967223265,-0.00010310295587499102,ninguno (ya en percentil 75+)
151020,MADEAN,LIMA,0.033843006559835506,-0.00015202646118589458,-0.0033729170766216704,-0.003730268282529977,-0.00015202646118589458,ninguno (ya en percentil 75+)
151021,MIRAFLORES,LIMA,0.031074505564978525,0.0,-0.0031750483645612906,-0.0031244183798636374,0.0,ninguno (ya en percentil 75+)
151022,OMAS,LIMA,0.007835716041914579,-5.844465832218881e-05,0.0013912131476268921,0.0005084844005177388,0.0013912131476268921,dispersion
151023,PUTINZA,LIMA,0.0069238014888952926,-0.00033794605544285386,0.00046767299361851356,0.0005899104925709388,0.0005899104925709388,urbanizacion
151024,QUINCHES,LIMA,0.024986917013131403,0.0,0.00029855056055824725,-0.00015609342667592674,0.00029855056055824725,dispersion
151025,QUINOCAY,LIMA,0.014553724803828662,-0.000735817181157377,5.7394341789585024e-05,-0.0002124241203800368,5.7394341789585024e-05,dispersion
151027,SAN PEDRO DE PILAS,LIMA,0.008053279368900124,0.0007488974863052358,0.00010648956282325629,-0.0004370389476552059,0.0007488974863052358,agua_segura
151028,TANTA,LIMA,0.03827106018450587,0.0,-0.004202783108814799,-0.0026447505452261294,0.0,ninguno (ya en percentil 75+)
151029,TAURIPAMPA,LIMA,0.025155544040273398,0.0003443814252700357,-0.0016713601012748013,-0.0007195017278936004,0.0003443814252700357,agua_segura
151030,TOMAS,LIMA,0.02804678828636724,0.0,-0.0021362914836063687,-0.0011383245682313574,0.0,ninguno (ya en percentil 75+)
151031,TUPE,LIMA,0.029222685051091185,0.0,-0.0030631760468570503,-0.0020089686205550725,0.0,ninguno (ya en percentil 75+)
151032,VIÑAC,LIMA,0.020228799387589654,0.0012669380320324206,0.0016161778779951869,0.0006030091768177044,0.0016161778779951869,dispersion
151033,VITIS,LIMA,0.030268872554524432,-1.3877787807814457e-17,-0.0030599296992070424,-0.0018940889298093913,-1.3877787807814457e-17,ninguno (ya en percentil 75+)
160101,IQUITOS,LORETO,0.013704080834874257,-5.204170427930421e-18,-3.469446951953614e-18,0.0,0.0,ninguno (ya en percentil 75+)
160102,ALTO NANAY,LORETO,0.024956891443827407,-0.0001748803147339703,-0.0026872360965144934,-0.00191119963264939,-0.0001748803147339703,ninguno (ya en percentil 75+)
160103,FERNANDO LORES,LORETO,0.016889285339683036,0.0,-0.0008603891891152578,-0.0016642595617192557,0.0,ninguno (ya en percentil 75+)
160104,INDIANA,LORETO,0.014982462368459237,1.734723475976807e-18,-0.0011059719653982378,-0.0010476780963903087,1.734723475976807e-18,ninguno (ya en percentil 75+)
160105,LAS AMAZONAS,LORETO,0.0211001806979891,0.0,-0.002320770961812938,-0.001332919312419599,0.0,ninguno (ya en percentil 75+)
160106,MAZAN,LORETO,0.02088405235720358,-3.469446951953614e-18,-0.001645391238076624,-0.0013776825294364685,-3.469446951953614e-18,ninguno (ya en percentil 75+)
160107,NAPO,LORETO,0.023792384590711677,0.0,-0.0024255480256494683,-0.0016350869054631775,0.0,ninguno (ya en percentil 75+)
160108,PUNCHANA,LORETO,0.01569851012992442,0.0,-0.0005679535532521016,-0.0005490674786630401,0.0,ninguno (ya en percentil 75+)
160110,TORRES CAUSANA,LORETO,0.020977863206060744,0.0,-0.002385473350304295,-0.0021969647979339403,0.0,ninguno (ya en percentil 75+)
160112,BELEN,LORETO,0.016595321933693587,0.0,-0.000345307411225005,-0.0005371806654217437,0.0,ninguno (ya en percentil 75+)
160113,SAN JUAN BAUTISTA,LORETO,0.015589164806183584,0.0,-0.0003873357068945125,-0.00046635523711740894,0.0,ninguno (ya en percentil 75+)
160201,YURIMAGUAS,LORETO,0.015666322582698736,-0.00013201718309068834,-0.0004208703179233251,-0.00016657117911195347,-0.00013201718309068834,ninguno (ya en percentil 75+)
160202,BALSAPUERTO,LORETO,0.01617763499716948,0.0011663355849481256,-0.0014190486348691928,-0.0011775026564508056,0.0011663355849481256,agua_segura
160205,JEBEROS,LORETO,0.022607368922715376,0.00048111142176699567,-0.0023620369224982667,-0.001886310030807685,0.00048111142176699567,agua_segura
160206,LAGUNAS,LORETO,0.01950282081693988,-6.938893903907228e-18,-0.0013781240510353059,-0.0011574772479304753,-6.938893903907228e-18,ninguno (ya en percentil 75+)
160210,SANTA CRUZ,LORETO,0.02483357703578331,0.00027164666163480636,-0.0029313728700581625,-0.002336199652072095,0.00027164666163480636,agua_segura
160211,TENIENTE CESAR LOPEZ ROJAS,LORETO,0.012913670434231434,-0.0003142258492355495,-0.00012936289388262856,-0.0007510327451237999,-0.00012936289388262856,ninguno (ya en percentil 75+)
160301,NAUTA,LORETO,0.01690817201426927,0.0,-0.0006557034004994987,-0.0009920756680970554,0.0,ninguno (ya en percentil 75+)
160302,PARINARI,LORETO,0.025176084876895054,0.0,-0.0027039489835277673,-0.0016444041762374677,0.0,ninguno (ya en percentil 75+)
160303,TIGRE,LORETO,0.02575935851041365,0.0,-0.0031751659536307444,-0.0022834988154307075,0.0,ninguno (ya en percentil 75+)
160304,TROMPETEROS,LORETO,0.02417733491187815,0.0,-0.0023368857384750766,-0.0018214587291172576,0.0,ninguno (ya en percentil 75+)
160305,URARINAS,LORETO,0.023759085498824238,0.0,-0.0022564296780980715,-0.0013599661628943271,0.0,ninguno (ya en percentil 75+)
160401,RAMON CASTILLA,LORETO,0.016911039232586317,0.0,-0.0011053054048554105,-0.001098000723370643,0.0,ninguno (ya en percentil 75+)
160402,PEBAS,LORETO,0.018966168122491495,0.0,-0.0012142410427064612,-0.0009013775783789403,0.0,ninguno (ya en percentil 75+)
160403,YAVARI,LORETO,0.02144359281206327,-3.469446951953614e-18,-0.0022105682852014107,-0.0014764571312864405,-3.469446951953614e-18,ninguno (ya en percentil 75+)
160404,SAN PABLO,LORETO,0.01797909234353171,0.0,-0.0008818303640599351,-0.0014202731312767634,0.0,ninguno (ya en percentil 75+)
160501,REQUENA,LORETO,0.01930423330920244,-0.00020945310464604364,-0.0009969889153973246,-0.0006569655989265913,-0.00020945310464604364,ninguno (ya en percentil 75+)
160502,ALTO TAPICHE,LORETO,0.02374237092746871,-0.00025277143340373884,-0.002675426806310433,-0.002648122850245002,-0.00025277143340373884,ninguno (ya en percentil 75+)
160503,CAPELO,LORETO,0.011346775044478879,0.0,-0.0009624500415213368,-0.0004101234846190637,0.0,ninguno (ya en percentil 75+)
160504,EMILIO SAN MARTIN,LORETO,0.019200267738060717,-4.2581475673573316e-05,-0.001982694787105641,-0.0014226207764532553,-4.2581475673573316e-05,ninguno (ya en percentil 75+)
160505,MAQUIA,LORETO,0.021643646137668154,-0.0001893918285490459,-0.0022640330265296764,-0.0023257610551634667,-0.0001893918285490459,ninguno (ya en percentil 75+)
160506,PUINAHUA,LORETO,0.021257967282934546,-5.093082246893782e-05,-0.0021070826425412595,-0.0014720803145903058,-5.093082246893782e-05,ninguno (ya en percentil 75+)
160507,SAQUENA,LORETO,0.024512797208502905,-0.000362318184121916,-0.002697357066362118,-0.0017372901571013344,-0.000362318184121916,ninguno (ya en percentil 75+)
160508,SOPLIN,LORETO,0.02545302808471622,-0.001434487207594412,-0.002958696819870172,-0.0027464422488222805,-0.001434487207594412,ninguno (ya en percentil 75+)
160509,TAPICHE,LORETO,0.02330387056907769,-0.0007116482629120589,-0.003046325836393183,-0.0021620058345588195,-0.0007116482629120589,ninguno (ya en percentil 75+)
160510,JENARO HERRERA,LORETO,0.01453867336599913,0.0,-0.0008453872477672732,-0.0016701673185809535,0.0,ninguno (ya en percentil 75+)
160511,YAQUERANA,LORETO,0.022943199221525983,0.00017705833180448743,-0.0026106442913590953,-0.0014078355753011432,0.00017705833180448743,agua_segura
160601,CONTAMANA,LORETO,0.02125928042000718,-6.642926047198405e-06,-0.0018130369068608092,-0.0013741187377915229,-6.642926047198405e-06,ninguno (ya en percentil 75+)
160602,INAHUAYA,LORETO,0.011652768972067885,0.0,-0.0013922464654510906,-0.0005732111559875082,0.0,ninguno (ya en percentil 75+)
160603,PADRE MARQUEZ,LORETO,0.01574768818031219,0.00013958562605959068,-0.0017473648617999243,-0.001463922235126966,0.00013958562605959068,agua_segura
160604,PAMPA HERMOSA,LORETO,0.016673220665483726,0.00036455669724805295,-0.0013784980464792325,-0.0013776938744722023,0.00036455669724805295,agua_segura
160605,SARAYACU,LORETO,0.020923976868305685,-0.0003619090019178241,-0.0015997717197422413,-0.0016980014144326767,-0.0003619090019178241,ninguno (ya en percentil 75+)
160606,VARGAS GUERRA,LORETO,0.010610247914149488,0.0,0.0001664827645305178,1.3253219034703098e-05,0.0001664827645305178,dispersion
160701,BARRANCA,LORETO,0.019490737344699097,0.0,-0.0014095859895449196,-0.001471677594360888,0.0,ninguno (ya en percentil 75+)
160702,CAHUAPANAS,LORETO,0.021974278538312676,-0.00038207913176908914,-0.0027740902380277536,-0.0019169350293191771,-0.00038207913176908914,ninguno (ya en percentil 75+)
160703,MANSERICHE,LORETO,0.01687588382986227,0.0,-0.0015445368562778915,-0.0019317912759345222,0.0,ninguno (ya en percentil 75+)
160704,MORONA,LORETO,0.023409506362041317,-3.469446951953614e-18,-0.003029986380771142,-0.0022215540109054646,-3.469446951953614e-18,ninguno (ya en percentil 75+)
160705,PASTAZA,LORETO,0.02279916932431642,0.0,-0.002156590473476421,-0.0014858424313820597,0.0,ninguno (ya en percentil 75+)
160706,ANDOAS,LORETO,0.0217329343151697,0.0,-0.0024316129060407386,-0.0017798095030676642,0.0,ninguno (ya en percentil 75+)
160801,PUTUMAYO,LORETO,0.02430020595731136,0.0,-0.002947734336121971,-0.0014578562730596205,0.0,ninguno (ya en percentil 75+)
160802,ROSA PANDURO,LORETO,0.022552889511103586,-6.938893903907228e-18,-0.003005506948044249,-0.0024834459366048917,-6.938893903907228e-18,ninguno (ya en percentil 75+)
160803,TENIENTE MANUEL CLAVERO,LORETO,0.023792698006633674,0.0,-0.0033973587899971056,-0.0016993142983010752,0.0,ninguno (ya en percentil 75+)
160804,YAGUAS,LORETO,0.022635747782464865,0.0,-0.002813000132714183,-0.0017651177864488367,0.0,ninguno (ya en percentil 75+)
170101,TAMBOPATA,MADRE DE DIOS,0.017433265481628206,-4.037523880058222e-05,-0.0006706983729388369,-0.0004769009418689289,-4.037523880058222e-05,ninguno (ya en percentil 75+)
170102,INAMBARI,MADRE DE DIOS,0.016662478248697002,-0.00016557030557513147,-0.0015278717239305926,-0.0006301755294201121,-0.00016557030557513147,ninguno (ya en percentil 75+)
170103,LAS PIEDRAS,MADRE DE DIOS,0.01885535346071397,-3.469446951953614e-18,-0.000809313869340144,-0.0010177886155870487,-3.469446951953614e-18,ninguno (ya en percentil 75+)
170104,LABERINTO,MADRE DE DIOS,0.018219049618401675,-0.00015340204097568852,-0.00033084201253005124,-0.0007895300863765276,-0.00015340204097568852,ninguno (ya en percentil 75+)
170201,MANU,MADRE DE DIOS,0.0195294996111733,8.672074076806688e-05,-0.001857596017809597,-0.0015469694652520231,8.672074076806688e-05,agua_segura
170202,FITZCARRALD,MADRE DE DIOS,0.022867450196638543,-0.0011747007145759998,-0.0024894555232009945,-0.0029368618866961425,-0.0011747007145759998,ninguno (ya en percentil 75+)
170203,MADRE DE DIOS,MADRE DE DIOS,0.019349095763582663,0.000661318848055828,-0.002029694701455302,-0.0014847667948684057,0.000661318848055828,agua_segura
170204,HUEPETUHE,MADRE DE DIOS,0.012574426321026384,-0.00011040775476338013,-0.0008255904994732988,-0.000455639603005778,-0.00011040775476338013,ninguno (ya en percentil 75+)
170301,IÑAPARI,MADRE DE DIOS,0.022155689264021224,0.0012832884823449214,-0.001615089423087853,-0.0014804235734769446,0.0012832884823449214,agua_segura
170302,IBERIA,MADRE DE DIOS,0.01822209364786204,0.0012672494299816213,-0.0014082980176383132,-0.0006067957140092513,0.0012672494299816213,agua_segura
170303,TAHUAMANU,MADRE DE DIOS,0.019352290487035222,0.0005148936673387491,-0.0014895287700298389,-0.0010581007536285096,0.0005148936673387491,agua_segura
180101,MOQUEGUA,MOQUEGUA,0.006617479041874184,0.0,0.00015633924429801077,0.00021193627079241564,0.00021193627079241564,urbanizacion
180102,CARUMAS,MOQUEGUA,0.028380702573471195,0.0,-0.002099098776323142,-0.0004954926568564826,0.0,ninguno (ya en percentil 75+)
180103,CUCHUMBAYA,MOQUEGUA,0.021895560318672666,0.00014485141925000417,0.00027554993152384064,0.0005628656566120417,0.0005628656566120417,urbanizacion
180104,SAMEGUA,MOQUEGUA,0.007029290596490592,0.000525222681589348,0.0,0.0,0.000525222681589348,agua_segura
180105,SAN CRISTOBAL,MOQUEGUA,0.023114679153189106,-3.469446951953614e-18,-0.0015636240991253741,-0.0015620998547255793,-3.469446951953614e-18,ninguno (ya en percentil 75+)
180106,TORATA,MOQUEGUA,0.01232896413909862,-7.131899607133382e-05,1.376065004133481e-05,-0.00012274167607534414,1.376065004133481e-05,dispersion
180201,OMATE,MOQUEGUA,0.013385993376662346,-0.00020818176646509277,-0.00032125098257243523,0.0003727131510601889,0.0003727131510601889,urbanizacion
180202,CHOJATA,MOQUEGUA,0.030728324815450122,0.0002444570418323744,-0.0025614869586685525,-0.0015653333824665328,0.0002444570418323744,agua_segura
180203,COALAQUE,MOQUEGUA,0.01506950916236283,-0.0005047875568667919,0.001019375316079412,0.0008170424993612195,0.001019375316079412,dispersion
180204,ICHUÑA,MOQUEGUA,0.02555069889190289,0.0,-0.000561518208971365,-0.001217788364633661,0.0,ninguno (ya en percentil 75+)
180205,LA CAPILLA,MOQUEGUA,0.012573176986969947,1.734723475976807e-18,-0.0006200669890015324,0.0003279418641604741,0.0003279418641604741,urbanizacion
180206,LLOQUE,MOQUEGUA,0.03222212353041962,0.0002830360755247535,-0.002948084985036313,-0.0028650615416771774,0.0002830360755247535,agua_segura
180207,MATALAQUE,MOQUEGUA,0.021392262085052193,-0.0001257254923346246,-0.0029327554416890243,-0.0003989628243330594,-0.0001257254923346246,ninguno (ya en percentil 75+)
180208,PUQUINA,MOQUEGUA,0.014853871045793597,8.673617379884035e-18,0.0011603715488913372,0.0006936927072750121,0.0011603715488913372,dispersion
180209,QUINISTAQUILLAS,MOQUEGUA,0.012719301306078238,-0.00043657288545818386,-0.0003935734893526048,-0.00021136857074897757,-0.00021136857074897757,ninguno (ya en percentil 75+)
180210,UBINAS,MOQUEGUA,0.026460918080565252,-0.00019994708033618108,-0.0028439021988739266,-0.001513054060679954,-0.00019994708033618108,ninguno (ya en percentil 75+)
180211,YUNGA,MOQUEGUA,0.02805370663449001,0.0018860199617772334,0.0006821661530495363,-0.0019976457177081387,0.0018860199617772334,agua_segura
180301,ILO,MOQUEGUA,0.013651379235584543,0.00026172263309076627,0.0,0.0,0.00026172263309076627,agua_segura
180302,EL ALGARROBAL,MOQUEGUA,0.02180471252268409,-0.0012790907192321913,-0.000978290639183036,-0.000676028999863014,-0.000676028999863014,ninguno (ya en percentil 75+)
180303,PACOCHA,MOQUEGUA,0.006074338071531301,0.0,0.0002480179770665107,7.424749959840469e-05,0.0002480179770665107,dispersion
190101,CHAUPIMARCA,PASCO,0.027499664208380604,-5.3637825916840604e-05,1.3877787807814457e-17,0.0,1.3877787807814457e-17,ninguno (ya en percentil 75+)
190102,HUACHON,PASCO,0.013659366849076461,0.0,0.00044735760389083383,0.002237162310847224,0.002237162310847224,urbanizacion
190103,HUARIACA,PASCO,0.022667869104112247,-0.0002464669167182229,0.00017851743640712528,3.617324106403377e-05,0.00017851743640712528,dispersion
190104,HUAYLLAY,PASCO,0.02849402975646635,3.469446951953614e-18,-0.0010429518301438186,-0.00017127837584375583,3.469446951953614e-18,ninguno (ya en percentil 75+)
190105,NINACACA,PASCO,0.025207318916124946,0.00012120156407675192,-0.0007036599258504923,0.00024725255465642484,0.00024725255465642484,urbanizacion
190106,PALLANCHACRA,PASCO,0.015318747606460938,-0.0001139301896080705,0.0009324539682038085,0.0001748391849636672,0.0009324539682038085,dispersion
190107,PAUCARTAMBO,PASCO,0.015681797365083277,3.469446951953614e-18,0.0005804138482467733,0.0004390382848006094,0.0005804138482467733,dispersion
190108,SAN FRANCISCO DE ASIS DE YARUSYACAN,PASCO,0.02433791154224765,-8.415526562486134e-05,0.0002826879143345458,0.0,0.0002826879143345458,dispersion
190109,SIMON BOLIVAR,PASCO,0.02495999536074631,0.0,-0.00022567045330554314,-4.48186390600569e-05,0.0,ninguno (ya en percentil 75+)
190110,TICLACAYAN,PASCO,0.022399392072764524,0.0,-0.0022005983120226315,0.0009567088858596952,0.0009567088858596952,urbanizacion
190111,TINYAHUARCO,PASCO,0.025646926180669233,0.00012387937168934285,0.0,0.0,0.00012387937168934285,agua_segura
190112,VICCO,PASCO,0.02248627658556488,0.000317869337345119,0.0005058830120250012,0.0,0.0005058830120250012,dispersion
190113,YANACANCHA,PASCO,0.021705601087157095,0.0,0.0,0.0,0.0,ninguno (ya en percentil 75+)
190201,YANAHUANCA,PASCO,0.019965913245822482,0.0,0.0002245526880092115,0.00032318474594425495,0.00032318474594425495,urbanizacion
190202,CHACAYAN,PASCO,0.019455279854450516,6.327720045024021e-07,-0.0004855798848181804,0.0003342009888389619,0.0003342009888389619,urbanizacion
190203,GOYLLARISQUIZGA,PASCO,0.020393377644927404,0.0013911924638204086,3.9777599364479443e-05,0.000253088656479869,0.0013911924638204086,agua_segura
190204,PAUCAR,PASCO,0.020547956360818444,7.79391792746463e-05,0.0010234778043261596,8.23039969699256e-05,0.0010234778043261596,dispersion
190205,SAN PEDRO DE PILLAO,PASCO,0.025679457495516724,-9.173305228031559e-05,-0.00024576585339692106,-0.00033189859364418303,-9.173305228031559e-05,ninguno (ya en percentil 75+)
190206,SANTA ANA DE TUSI,PASCO,0.021485026424481784,6.938893903907228e-18,0.00027044214212946713,0.0011358320685284813,0.0011358320685284813,urbanizacion
190207,TAPUC,PASCO,0.021323224408330548,0.0008752981373853566,0.0,0.0,0.0008752981373853566,agua_segura
190208,VILCABAMBA,PASCO,0.022487020840667775,0.0,-5.9478378307508545e-05,-0.00021842036627028535,0.0,ninguno (ya en percentil 75+)
190301,OXAPAMPA,PASCO,0.008744097790626302,-0.0003955488580610327,0.00010753795604051541,0.00011285734275531464,0.00011285734275531464,urbanizacion
190302,CHONTABAMBA,PASCO,0.008824759774749117,0.000556843771687774,-0.0004953203968143943,3.5649591839527484e-05,0.000556843771687774,agua_segura
190303,HUANCABAMBA,PASCO,0.009028990020473105,0.00034262811600714073,1.3664675004951277e-05,0.000137256957699795,0.00034262811600714073,agua_segura
190304,PALCAZU,PASCO,0.016344318358267322,-0.0001921043559480265,-0.0010409955605734985,-0.0011134472808426634,-0.0001921043559480265,ninguno (ya en percentil 75+)
190305,POZUZO,PASCO,0.011198053109729773,0.0008244803313030621,-0.00027680110369985265,-1.6136015818266763e-05,0.0008244803313030621,agua_segura
190306,PUERTO BERMUDEZ,PASCO,0.01942001998657752,-0.0001727368690703189,-0.0019970223599034345,-0.0017995118989662384,-0.0001727368690703189,ninguno (ya en percentil 75+)
190307,VILLA RICA,PASCO,0.00564077126068215,0.0008105333641965041,0.0003281445464803634,0.0006767702332530646,0.0008105333641965041,agua_segura
190308,CONSTITUCION,PASCO,0.016188078057417815,0.0,-0.0009116191363226882,-0.0004225233360111817,0.0,ninguno (ya en percentil 75+)
200101,PIURA,PIURA,0.010363947764823477,0.0007427237970671907,0.0,0.0,0.0007427237970671907,agua_segura
200104,CASTILLA,PIURA,0.012480199389997941,0.00046553177139306914,1.734723475976807e-18,1.734723475976807e-18,0.00046553177139306914,agua_segura
200105,CATACAOS,PIURA,0.013026694639986642,4.532009768757651e-05,6.877851783048533e-05,-0.00024372941087133677,6.877851783048533e-05,dispersion
200107,CURA MORI,PIURA,0.011452459528558343,-0.00016313055934530363,1.734723475976807e-18,0.0,1.734723475976807e-18,ninguno (ya en percentil 75+)
200108,EL TALLAN,PIURA,0.008837026502500457,-0.0004907396443862028,-1.734723475976807e-18,7.935882925293007e-05,7.935882925293007e-05,urbanizacion
200109,LA ARENA,PIURA,0.012663005936271267,-0.00032477655946578504,8.673617379884035e-18,0.0,8.673617379884035e-18,ninguno (ya en percentil 75+)
200110,LA UNION,PIURA,0.012589008241301509,-0.00015217752122535268,-1.0408340855860843e-17,0.0,0.0,ninguno (ya en percentil 75+)
200111,LAS LOMAS,PIURA,0.010379795601456156,3.469446951953614e-18,7.447555470307607e-05,0.0,7.447555470307607e-05,dispersion
200114,TAMBO GRANDE,PIURA,0.012287889904879487,0.0004952389089752374,0.0,0.0,0.0004952389089752374,agua_segura
200115,VEINTISEIS DE OCTUBRE,PIURA,0.012148747939748343,0.00028639922331648825,1.734723475976807e-18,1.734723475976807e-18,0.00028639922331648825,agua_segura
200201,AYABACA,PIURA,0.017369199180450098,-2.278716192376587e-05,-0.00047760741658434483,-3.1895208759680216e-06,-3.1895208759680216e-06,ninguno (ya en percentil 75+)
200202,FRIAS,PIURA,0.008158078339574689,0.00020104480910328702,0.00010147037593083962,0.0003733870031596108,0.0003733870031596108,urbanizacion
200203,JILILI,PIURA,0.006367152173979276,0.00044698479394739143,0.00020495110055344153,0.0006775719061048536,0.0006775719061048536,urbanizacion
200204,LAGUNAS,PIURA,0.01656229732043387,0.0007231499999303774,-0.0004603981503078468,-0.0003447624052365546,0.0007231499999303774,agua_segura
200205,MONTERO,PIURA,0.005148539076349207,9.95234648250012e-05,0.00031369210410933136,0.0002957539448201719,0.00031369210410933136,dispersion
200206,PACAIPAMPA,PIURA,0.0118751934989725,9.337632339379356e-05,-0.00047339913948568624,-0.00021581548585301175,9.337632339379356e-05,agua_segura
200207,PAIMAS,PIURA,0.008282666462119517,0.0009806248213280761,0.00011941216891222552,0.00011860811319888351,0.0009806248213280761,agua_segura
200208,SAPILLICA,PIURA,0.005872458924001142,0.00021641937247916104,0.00038296217606188614,0.0007303039763358558,0.0007303039763358558,urbanizacion
200209,SICCHEZ,PIURA,0.009672656876537535,-0.0007814307145654759,0.00017122211577126276,-0.00014611716228704087,0.00017122211577126276,dispersion
200210,SUYO,PIURA,0.008410599540113226,0.0015653882865788622,0.000212927953314377,0.0006621383988878564,0.0015653882865788622,agua_segura
200301,HUANCABAMBA,PIURA,0.010081224045859268,0.0005848622961984757,-1.0329353898682822e-05,5.4036526274618e-06,0.0005848622961984757,agua_segura
200302,CANCHAQUE,PIURA,0.00778968352655854,5.307374946185092e-05,-2.9396770142765642e-05,-3.4122628513981457e-06,5.307374946185092e-05,agua_segura
200303,EL CARMEN DE LA FRONTERA,PIURA,0.01843891660166104,6.628281616611123e-05,-0.0014427479515644395,-2.2600055494249177e-05,6.628281616611123e-05,agua_segura
200304,HUARMACA,PIURA,0.01339701196548535,-0.00048602814759171435,-0.000728736092123124,-0.0005170775578184003,-0.00048602814759171435,ninguno (ya en percentil 75+)
200305,LALAQUIZ,PIURA,0.009809489325849095,-0.00012878845969328465,0.00011664170764055272,-5.618894686376663e-05,0.00011664170764055272,dispersion
200306,SAN MIGUEL DE EL FAIQUE,PIURA,0.007119508918959339,-3.58916470381606e-05,0.00028921955901367504,-9.452960132782292e-05,0.00028921955901367504,dispersion
200307,SONDOR,PIURA,0.012017647750957814,-0.00012076284801479202,-0.0003420342190674254,-0.0005308636855590586,-0.00012076284801479202,ninguno (ya en percentil 75+)
200308,SONDORILLO,PIURA,0.01316141377109028,0.000668808455242715,-0.00011520456724899326,0.0,0.000668808455242715,agua_segura
200401,CHULUCANAS,PIURA,0.010610954290677602,0.00010351612632539774,0.0,0.0,0.00010351612632539774,agua_segura
200402,BUENOS AIRES,PIURA,0.009370853610631601,0.0005643107754851242,1.870719723824979e-06,0.0,0.0005643107754851242,agua_segura
200403,CHALACO,PIURA,0.011485742739656638,0.00015310869631878117,-0.00014821520214327102,-0.00011893849078387433,0.00015310869631878117,agua_segura
200404,LA MATANZA,PIURA,0.011451949270401267,0.0003608537392561454,-0.00012085740094546112,-3.7197434461583995e-05,0.0003608537392561454,agua_segura
200405,MORROPON,PIURA,0.009897525248837526,-0.00010537933127296485,0.0,0.0,0.0,ninguno (ya en percentil 75+)
200406,SALITRAL,PIURA,0.0082644640520494,0.0012722852887997183,0.0005423840763218862,0.00017101689648180846,0.0012722852887997183,agua_segura
200407,SAN JUAN DE BIGOTE,PIURA,0.008626031976219061,0.0008910659399824043,0.0002117350478946043,-7.014749920909898e-05,0.0008910659399824043,agua_segura
200408,SANTA CATALINA DE MOSSA,PIURA,0.011265012845813457,-0.0001595656604229407,-0.0002714779551739911,-3.0602204971239e-05,-3.0602204971239e-05,ninguno (ya en percentil 75+)
200409,SANTO DOMINGO,PIURA,0.009315186664869338,0.0007399786327860307,3.534956072294426e-05,5.045439064323316e-05,0.0007399786327860307,agua_segura
200410,YAMANGO,PIURA,0.01021203161600041,0.00048408718406959574,-0.00014945971882047993,0.00012842026965814886,0.00048408718406959574,agua_segura
200501,PAITA,PIURA,0.012743985581784249,0.00042619000993666424,0.0,0.0,0.00042619000993666424,agua_segura
200502,AMOTAPE,PIURA,0.008940400751518477,0.00023270210102838487,-0.0001586209709357328,-0.00014647767187119486,0.00023270210102838487,agua_segura
200503,ARENAL,PIURA,0.012344689536357147,-0.0009837430045732676,1.734723475976807e-18,0.0,1.734723475976807e-18,ninguno (ya en percentil 75+)
200504,COLAN,PIURA,0.012471825362816834,-0.00027989692057448466,3.469446951953614e-18,0.0,3.469446951953614e-18,ninguno (ya en percentil 75+)
200505,LA HUACA,PIURA,0.009614742106724467,0.00040144701928189475,0.0001905537906056621,-0.0001238512384741236,0.00040144701928189475,agua_segura
200506,TAMARINDO,PIURA,0.0074534411789394656,-0.0003755258630078898,0.0001294214971960415,0.0,0.0001294214971960415,dispersion
200507,VICHAYAL,PIURA,0.00899849995508641,0.0003393910808925128,5.7021471066046395e-05,0.0001531411929121783,0.0003393910808925128,agua_segura
200601,SULLANA,PIURA,0.011313978391037597,0.0005360575169710974,0.0,0.0,0.0005360575169710974,agua_segura
200602,BELLAVISTA,PIURA,0.010671869269587462,0.00025994043183468103,-1.734723475976807e-18,-1.734723475976807e-18,0.00025994043183468103,agua_segura
200603,IGNACIO ESCUDERO,PIURA,0.01011614621358637,0.0001345221558226948,0.0,0.0,0.0001345221558226948,agua_segura
200604,LANCONES,PIURA,0.009283142228497682,0.0,7.916002988422356e-05,-0.00013734969864020313,7.916002988422356e-05,dispersion
200605,MARCAVELICA,PIURA,0.011848457948380388,0.0005903464846090337,-8.559891680741741e-05,-2.8383026620351637e-05,0.0005903464846090337,agua_segura
200606,MIGUEL CHECA,PIURA,0.007193895719308611,0.0011650348703131459,0.0002941418087658836,0.00034124476152248145,0.0011650348703131459,agua_segura
200607,QUERECOTILLO,PIURA,0.01120304599174084,0.0006929194104929159,0.0,0.0,0.0006929194104929159,agua_segura
200608,SALITRAL,PIURA,0.008439424710909204,0.0005524539600727744,0.0,0.0,0.0005524539600727744,agua_segura
200701,PARIÑAS,PIURA,0.0118576956778018,0.0006931645873761889,0.00010227154591600611,-5.348223347284575e-05,0.0006931645873761889,agua_segura
200702,EL ALTO,PIURA,0.010579683813782723,0.0,-6.546898904859384e-05,9.382147228881657e-05,9.382147228881657e-05,urbanizacion
200703,LA BREA,PIURA,0.013472081673098883,0.0024306566303956,0.00048529234511446133,-0.00023160731328876819,0.0024306566303956,agua_segura
200704,LOBITOS,PIURA,0.01079103359486551,0.0,-0.0005259737170618672,-0.0006017263669895762,0.0,ninguno (ya en percentil 75+)
200705,LOS ORGANOS,PIURA,0.010531880083432013,0.0,0.0,0.0,0.0,ninguno (ya en percentil 75+)
200706,MANCORA,PIURA,0.011333281980628397,-5.204170427930421e-18,-5.204170427930421e-18,-5.204170427930421e-18,-5.204170427930421e-18,ninguno (ya en percentil 75+)
200801,SECHURA,PIURA,0.013684538195535305,-0.00032880132699687065,-6.722980160675171e-05,1.8291476600526546e-06,1.8291476600526546e-06,urbanizacion
200802,BELLAVISTA DE LA UNION,PIURA,0.008751883797671082,-0.0003266168080312479,0.0,0.0,0.0,ninguno (ya en percentil 75+)
200803,BERNAL,PIURA,0.009132852710507771,0.00021835609881010187,0.0,0.0,0.00021835609881010187,agua_segura
200804,CRISTO NOS VALGA,PIURA,0.00870674637783755,-0.00021548105890596518,-0.0005327201205120747,-0.00017194292804467888,-0.00017194292804467888,ninguno (ya en percentil 75+)
200805,VICE,PIURA,0.010989933359724643,-8.89586181684679e-05,-1.1223098040993168e-05,5.204170427930421e-18,5.204170427930421e-18,ninguno (ya en percentil 75+)
200806,RINCONADA LLICUAR,PIURA,0.010936705539351482,-0.0007698060628478134,-1.734723475976807e-18,-1.734723475976807e-18,-1.734723475976807e-18,ninguno (ya en percentil 75+)
210101,PUNO,PUNO,0.02337361083677086,-0.0005701060259578096,0.0,0.0,0.0,ninguno (ya en percentil 75+)
210102,ACORA,PUNO,0.019609967340151323,4.074760745303302e-05,0.0003249998885836228,0.0010933499915143571,0.0010933499915143571,urbanizacion
210103,AMANTANI,PUNO,0.025485781547371585,0.0,0.0,0.0,0.0,ninguno (ya en percentil 75+)
210104,ATUNCOLLA,PUNO,0.027925332170329047,-0.0003958160750689478,0.0,0.00015133797345428385,0.00015133797345428385,urbanizacion
210105,CAPACHICA,PUNO,0.027683625740245032,-0.00023004147825196955,0.0,-6.938893903907228e-18,0.0,ninguno (ya en percentil 75+)
210106,CHUCUITO,PUNO,0.02695160424322922,-0.0005748486891525989,0.0,0.0,0.0,ninguno (ya en percentil 75+)
210107,COATA,PUNO,0.025791201471710837,-0.00010896232451818033,0.0,0.0,0.0,ninguno (ya en percentil 75+)
210108,HUATA,PUNO,0.024925890829347583,0.0001163673521734146,0.0,0.0005125334749077233,0.0005125334749077233,urbanizacion
210109,MAÑAZO,PUNO,0.018986702772347975,6.938893903907228e-18,0.0006267281894675077,0.0020767545381757783,0.0020767545381757783,urbanizacion
210110,PAUCARCOLLA,PUNO,0.02584421753876741,-0.0003513277340728184,0.0,0.0,0.0,ninguno (ya en percentil 75+)
210111,PICHACANI,PUNO,0.022210676974065584,0.00023147385409561308,-0.0002046166461646612,-0.000661431002724585,0.00023147385409561308,agua_segura
210112,PLATERIA,PUNO,0.025160709960352978,-0.0006294120637950623,0.0,1.4198048403704644e-05,1.4198048403704644e-05,urbanizacion
210113,SAN ANTONIO,PUNO,0.04153264498442255,-9.231705458993128e-05,-0.0034641489036315726,-0.003026892287116806,-9.231705458993128e-05,ninguno (ya en percentil 75+)
210114,TIQUILLACA,PUNO,0.021980663468488676,0.00012659083561724835,0.00041361810804202426,-0.0013146367003778157,0.00041361810804202426,dispersion
210115,VILQUE,PUNO,0.01916821192242402,0.0008230984138170826,0.0005559210467783009,0.0018709261196866826,0.0018709261196866826,urbanizacion
210201,AZANGARO,PUNO,0.02428545454565769,0.0,0.0,0.0001224109715627815,0.0001224109715627815,urbanizacion
210202,ACHAYA,PUNO,0.023790743904510275,8.383088178986683e-05,0.0,0.0013584389200106996,0.0013584389200106996,urbanizacion
210203,ARAPA,PUNO,0.022829141013313892,0.0001333863550747258,1.0408340855860843e-17,0.0006683137362137881,0.0006683137362137881,urbanizacion
210204,ASILLO,PUNO,0.025247644879466263,-0.00031113421041495046,0.0,0.0004485561902112002,0.0004485561902112002,urbanizacion
210205,CAMINACA,PUNO,0.02368154487754671,0.0004594125361313643,0.0,0.0012613803420107456,0.0012613803420107456,urbanizacion
210206,CHUPA,PUNO,0.027801182653527795,-0.0006226371308596379,0.0,2.322607954657191e-05,2.322607954657191e-05,urbanizacion
210207,JOSE DOMINGO CHOQUEHUANCA,PUNO,0.025928245457382197,-0.0002872037043886201,0.0,0.0,0.0,ninguno (ya en percentil 75+)
210208,MUÑANI,PUNO,0.020534054797281622,-3.469446951953614e-18,0.0005076015310488714,-0.00016673711730647717,0.0005076015310488714,dispersion
210209,POTONI,PUNO,0.02779514749327763,-0.00017709212758392975,-0.0007222648521706433,-0.0017729322305222832,-0.00017709212758392975,ninguno (ya en percentil 75+)
210210,SAMAN,PUNO,0.025919541229903455,-0.0006427186702943344,0.0,-8.321345509580344e-05,0.0,ninguno (ya en percentil 75+)
210211,SAN ANTON,PUNO,0.020031116216093756,-0.00023998589383922644,0.0006673652357888707,0.0008809852462932366,0.0008809852462932366,urbanizacion
210212,SAN JOSE,PUNO,0.023276333199195656,-0.0004862956109708029,0.00011484889358160527,-0.0006693649017130987,0.00011484889358160527,dispersion
210213,SAN JUAN DE SALINAS,PUNO,0.027179734177095155,-0.0008029705174619171,0.0,0.0005609946368591787,0.0005609946368591787,urbanizacion
210214,SANTIAGO DE PUPUJA,PUNO,0.02159953214793659,-0.0001429779085459909,5.420797208242206e-05,0.001579911795856384,0.001579911795856384,urbanizacion
210215,TIRAPATA,PUNO,0.015384500475166252,0.0012766485770565987,0.0002115272996579924,0.002718390932583508,0.002718390932583508,urbanizacion
210301,MACUSANI,PUNO,0.029164192856373113,0.0,-0.0006937098293946335,-0.0006774457202298641,0.0,ninguno (ya en percentil 75+)
210302,AJOYANI,PUNO,0.03165950709211693,0.0,-0.0012085097426395193,-0.0011766498257829473,0.0,ninguno (ya en percentil 75+)
210303,AYAPATA,PUNO,0.019613202478336,3.469446951953614e-18,-0.0009301092367968201,0.0009007762636539518,0.0009007762636539518,urbanizacion
210304,COASA,PUNO,0.01944531368135906,0.0,0.0003657129258003537,0.0009049023809918413,0.0009049023809918413,urbanizacion
210305,CORANI,PUNO,0.030921636830145156,0.0,-0.0010323667679195125,-0.002508026629006274,0.0,ninguno (ya en percentil 75+)
210306,CRUCERO,PUNO,0.02831511026077425,0.0,-0.0006453375896661,-0.0006040805284935682,0.0,ninguno (ya en percentil 75+)
210307,ITUATA,PUNO,0.02014178361410074,0.0,0.00011614751261630057,-3.8860271093371646e-06,0.00011614751261630057,dispersion
210308,OLLACHEA,PUNO,0.020791607739727592,-3.469446951953614e-18,-0.0007113528432023154,0.0005234996648559899,0.0005234996648559899,urbanizacion
210309,SAN GABAN,PUNO,0.011828180739225463,7.344216578152388e-06,-0.00015319691545115886,-5.331005218701945e-05,7.344216578152388e-06,agua_segura
210310,USICAYOS,PUNO,0.026597276363903535,0.0,-0.001836897336427671,-0.0022636221846273306,0.0,ninguno (ya en percentil 75+)
210401,JULI,PUNO,0.021805682011102126,-7.814936896891056e-05,3.08912762914601e-05,0.00022119141193277514,0.00022119141193277514,urbanizacion
210402,DESAGUADERO,PUNO,0.028783012102116493,-0.001030899141979423,0.0,0.0,0.0,ninguno (ya en percentil 75+)
210403,HUACULLANI,PUNO,0.021547365543214368,-0.0001782728650962205,0.0006586083290848928,-0.0006841730807508051,0.0006586083290848928,dispersion
210404,KELLUYO,PUNO,0.02031417786447545,0.0001805995357357891,0.0006413553534041772,0.0013600216272440617,0.0013600216272440617,urbanizacion
210405,PISACOMA,PUNO,0.026917683845482373,0.0002608885856759009,-0.0011797815832123894,-0.0029337554518016028,0.0002608885856759009,agua_segura
210406,POMATA,PUNO,0.025210367111969105,-0.0008317420818622252,-1.734723475976807e-17,1.2204062681955147e-05,1.2204062681955147e-05,urbanizacion
210407,ZEPITA,PUNO,0.02436923474028647,-0.00041356431147639497,3.469446951953614e-18,0.0003110308378426428,0.0003110308378426428,urbanizacion
210501,ILAVE,PUNO,0.023924710329900043,-0.00013081802690549996,0.0,0.0,0.0,ninguno (ya en percentil 75+)
210502,CAPAZO,PUNO,0.03179670217824272,-0.00016437814195666145,-0.0018309686445859216,-0.001058367857852554,-0.00016437814195666145,ninguno (ya en percentil 75+)
210503,PILCUYO,PUNO,0.02563130345914556,4.9203566852038666e-05,0.0,0.0,4.9203566852038666e-05,agua_segura
210504,SANTA ROSA,PUNO,0.02918662620147258,0.0,-0.0016445058997094086,5.448556549464412e-05,5.448556549464412e-05,urbanizacion
210505,CONDURIRI,PUNO,0.022536643810340692,0.00029940208935142626,0.000482235615923015,-0.0009176811581680759,0.000482235615923015,dispersion
210601,HUANCANE,PUNO,0.026818928502550507,-0.0005135530478471394,0.0,0.0,0.0,ninguno (ya en percentil 75+)
210602,COJATA,PUNO,0.02740970173156988,-0.0004534657688080278,6.647462559757067e-05,-0.0006716488995047731,6.647462559757067e-05,dispersion
210603,HUATASANI,PUNO,0.02138911894815861,0.001088270949182145,0.0003055287705061756,0.00044036927992882613,0.001088270949182145,agua_segura
210604,INCHUPALLA,PUNO,0.02358912991746738,-0.0005288192985159305,0.0005996409678249194,-0.001194076433136699,0.0005996409678249194,dispersion
210605,PUSI,PUNO,0.026250260765655935,-0.0001110971599893977,0.0,-3.3868882167654296e-05,0.0,ninguno (ya en percentil 75+)
210606,ROSASPATA,PUNO,0.02308314351493869,1.0809250272424825e-05,0.00011668380638383061,-0.00046430494022003596,0.00011668380638383061,dispersion
210607,TARACO,PUNO,0.025193071055952566,-0.00039166329119932203,0.0,0.0,0.0,ninguno (ya en percentil 75+)
210608,VILQUE CHICO,PUNO,0.024610282869416317,-9.127995595735808e-05,1.350266428893493e-06,-6.139400107531279e-05,1.350266428893493e-06,dispersion
210701,LAMPA,PUNO,0.02036171421174246,0.0005338583450030521,0.0005566821457350137,0.001246599088472168,0.001246599088472168,urbanizacion
210702,CABANILLA,PUNO,0.020324102585585736,0.0002060552218316261,0.0004013208351617177,0.0007257090750537806,0.0007257090750537806,urbanizacion
210703,CALAPUJA,PUNO,0.01801646502107323,0.0001723059246077907,0.0009947749081162423,0.00019611011000267298,0.0009947749081162423,dispersion
210704,NICASIO,PUNO,0.022525104434116497,0.0004044680541766439,0.000968112715261718,0.0005424143413369255,0.000968112715261718,dispersion
210705,OCUVIRI,PUNO,0.03004135729405793,0.0,-0.0009692679110636648,0.00034660131202863056,0.00034660131202863056,urbanizacion
210706,PALCA,PUNO,0.03375086047748583,0.0002593133242923193,-0.0025595721606846526,-0.002515190295550085,0.0002593133242923193,agua_segura
210707,PARATIA,PUNO,0.036605836854645704,-6.938893903907228e-18,-0.0034237435409166586,-0.0012697921375618287,-6.938893903907228e-18,ninguno (ya en percentil 75+)
210708,PUCARA,PUNO,0.01909062396125751,0.0004892017953756142,0.0006198522731834417,0.0015510041445008504,0.0015510041445008504,urbanizacion
210709,SANTA LUCIA,PUNO,0.025219373149821336,0.0,-0.0008353008933049896,-0.00034031868810304594,0.0,ninguno (ya en percentil 75+)
210710,VILAVILA,PUNO,0.030541536962013522,0.00015845344251993673,-0.001995978058384699,-0.0017689591240332286,0.00015845344251993673,agua_segura
210801,AYAVIRI,PUNO,0.021071025856901487,-0.0002724263834239585,0.000921310510630758,0.0007809096684212348,0.000921310510630758,dispersion
210802,ANTAUTA,PUNO,0.02676232880191124,0.0,-0.0008496589524277856,-0.0005653054179062394,0.0,ninguno (ya en percentil 75+)
210803,CUPI,PUNO,0.016804551340523985,0.0008730633504697508,0.000619047434243427,0.00213641493522973,0.00213641493522973,urbanizacion
210804,LLALLI,PUNO,0.021556599728635037,0.0,7.219189018534827e-05,0.0008205597679201843,0.0008205597679201843,urbanizacion
210805,MACARI,PUNO,0.02063907385429134,-3.469446951953614e-18,0.000547359075817825,0.0009806378164365637,0.0009806378164365637,urbanizacion
210806,NUÑOA,PUNO,0.02603399104952291,-0.00012357371592667393,-0.0012497308281317898,-0.0019486422594740295,-0.00012357371592667393,ninguno (ya en percentil 75+)
210807,ORURILLO,PUNO,0.023618838440974378,-3.469446951953614e-18,-1.610740362350052e-05,0.0002747134615053194,0.0002747134615053194,urbanizacion
210808,SANTA ROSA,PUNO,0.020289671607655043,1.1861348253941473e-05,0.00021538378883144763,0.0005466284037898353,0.0005466284037898353,urbanizacion
210809,UMACHIRI,PUNO,0.017865573664061985,0.0004732118923069621,0.0004417717042013193,0.0018982182920481983,0.0018982182920481983,urbanizacion
210901,MOHO,PUNO,0.023702000835310873,-0.0006752793297777858,2.6877864212307423e-05,-7.924440646914221e-05,2.6877864212307423e-05,dispersion
210902,CONIMA,PUNO,0.028275184851993235,-0.0003963518305190733,0.0,-0.00015764711690305355,0.0,ninguno (ya en percentil 75+)
210903,HUAYRAPATA,PUNO,0.023371249889025864,0.00015249326991022272,0.0002491048676014525,-0.0011891863674328602,0.0002491048676014525,dispersion
210904,TILALI,PUNO,0.028409687737588802,-0.0006393967714180167,6.938893903907228e-18,-1.9764757835404045e-05,6.938893903907228e-18,ninguno (ya en percentil 75+)
211001,PUTINA,PUNO,0.018234908390289076,0.0,0.0005606372651355204,0.0008804239145466033,0.0008804239145466033,urbanizacion
211002,ANANEA,PUNO,0.030473029846146575,0.0,-0.00021165587103577632,-0.0005252074598449188,0.0,ninguno (ya en percentil 75+)
211003,PEDRO VILCA APAZA,PUNO,0.022248394948299954,2.12406501957918e-06,0.00016776353145321957,-0.0005207319363624771,0.00016776353145321957,dispersion
211004,QUILCAPUNCU,PUNO,0.021668037310386565,6.938893903907228e-18,0.0006073065010065853,0.00026342653551665596,0.0006073065010065853,dispersion
211005,SINA,PUNO,0.0140815465095473,1.734723475976807e-18,0.0011143324362079907,0.0014770318035404548,0.0014770318035404548,urbanizacion
211101,JULIACA,PUNO,0.025003189058653133,-6.938893903907228e-18,-6.938893903907228e-18,-1.3877787807814457e-17,-6.938893903907228e-18,ninguno (ya en percentil 75+)
211102,CABANA,PUNO,0.02114490076947654,0.0006873189414982606,0.0,0.00032610304750142413,0.0006873189414982606,agua_segura
211103,CABANILLAS,PUNO,0.02357295081017386,0.0,-0.0011000605561789986,-0.0002902693361502111,0.0,ninguno (ya en percentil 75+)
211104,CARACOTO,PUNO,0.025295443238757407,-0.00046580007169961385,0.0,0.0,0.0,ninguno (ya en percentil 75+)
211105,SAN MIGUEL,PUNO,0.026890776117935573,-0.0005313515968625032,0.0,0.0,0.0,ninguno (ya en percentil 75+)
211201,SANDIA,PUNO,0.014159781133798026,-0.00023025543655535996,-0.000250913327152295,-0.00047066283098522003,-0.00023025543655535996,ninguno (ya en percentil 75+)
211202,CUYOCUYO,PUNO,0.023886344360182634,0.0,0.0003290094801123439,-0.0003417095050944341,0.0003290094801123439,dispersion
211203,LIMBANI,PUNO,0.01727196882953157,-4.348438320266393e-05,0.0008746215428921886,0.0010216208107319408,0.0010216208107319408,urbanizacion
211204,PATAMBUCO,PUNO,0.02052765077415702,3.469446951953614e-18,0.0009015081919831157,0.0015212163597244713,0.0015212163597244713,urbanizacion
211205,PHARA,PUNO,0.019805781725554677,-9.386808324824206e-05,-0.00011857755924425326,0.0004879116336353982,0.0004879116336353982,urbanizacion
211206,QUIACA,PUNO,0.01448029289597156,-1.0408340855860843e-17,0.001235145785915874,0.0008881392966252084,0.001235145785915874,dispersion
211207,SAN JUAN DEL ORO,PUNO,0.009639887248836918,5.87182002591731e-05,0.0011885799912912127,0.0014281083830946228,0.0014281083830946228,urbanizacion
211208,YANAHUAYA,PUNO,0.008480081376623528,-0.00014922707101230372,0.001342518970325647,0.001626583660734546,0.001626583660734546,urbanizacion
211209,ALTO INAMBARI,PUNO,0.00784173702075623,0.0005265601376320643,-0.00036876176836859835,-0.00011862036247488154,0.0005265601376320643,agua_segura
211210,SAN PEDRO DE PUTINA PUNCO,PUNO,0.01648016626767379,2.875146065415765e-05,-0.0021563361651033165,-0.0013146855810336096,2.875146065415765e-05,agua_segura
211301,YUNGUYO,PUNO,0.02659745271566448,-0.000712030206474857,0.0,-1.0408340855860843e-17,0.0,ninguno (ya en percentil 75+)
211302,ANAPIA,PUNO,0.022359045500944162,0.0,0.00039428363867655483,0.00026712309772271986,0.00039428363867655483,dispersion
211303,COPANI,PUNO,0.027779498778316696,-0.0001621141595552142,0.0,0.0,0.0,ninguno (ya en percentil 75+)
211304,CUTURAPI,PUNO,0.019350566513082316,7.899164123481919e-05,3.469446951953614e-18,3.469446951953614e-18,7.899164123481919e-05,agua_segura
211305,OLLARAYA,PUNO,0.025155014058808198,0.0002889113043779319,0.0,0.0,0.0002889113043779319,agua_segura
211306,TINICACHI,PUNO,0.020865431278033617,0.0008440893495951819,0.0,0.0,0.0008440893495951819,agua_segura
211307,UNICACHI,PUNO,0.025754973829187226,0.00014978375496475446,3.469446951953614e-18,0.0,0.00014978375496475446,agua_segura
220101,MOYOBAMBA,SAN MARTIN,0.006723728084149983,6.325561552215746e-05,-0.00032051849571541197,0.00013709724295542756,0.00013709724295542756,urbanizacion
220102,CALZADA,SAN MARTIN,0.007586004376235436,-0.00048804338009813403,-3.378790685643323e-05,0.00014530411870415996,0.00014530411870415996,urbanizacion
220103,HABANA,SAN MARTIN,0.00817831539648771,0.00042180473523674954,0.0,9.848930603492852e-05,0.00042180473523674954,agua_segura
220104,JEPELACIO,SAN MARTIN,0.005872926285809776,0.0004529016087342257,5.5449468064535865e-05,0.000282208929343079,0.0004529016087342257,agua_segura
220105,SORITOR,SAN MARTIN,0.006928714421490824,0.0005156684773556389,5.001190343123692e-05,4.944192384920623e-05,0.0005156684773556389,agua_segura
220106,YANTALO,SAN MARTIN,0.005034432374185354,0.00020168807397699575,2.805021434272581e-05,-5.991822281487848e-05,0.00020168807397699575,agua_segura
220201,BELLAVISTA,SAN MARTIN,0.009051060879969845,0.0,0.0,0.0,0.0,ninguno (ya en percentil 75+)
220202,ALTO BIAVO,SAN MARTIN,0.016987305926783738,-4.168734694469725e-05,-0.002511615304620232,-0.000871754156528317,-4.168734694469725e-05,ninguno (ya en percentil 75+)
220203,BAJO BIAVO,SAN MARTIN,0.009243202173833098,0.0012373542672852768,1.3406942983712478e-06,0.0001360082091965923,0.0012373542672852768,agua_segura
220204,HUALLAGA,SAN MARTIN,0.010586440048838807,-2.0053478175480893e-05,0.0003241546418844693,-0.000757546727322542,0.0003241546418844693,dispersion
220205,SAN PABLO,SAN MARTIN,0.008118795527779213,0.0018262496110307922,0.00018905924614763883,0.0002044967305826744,0.0018262496110307922,agua_segura
220206,SAN RAFAEL,SAN MARTIN,0.006544572926023054,-9.306095455253321e-05,0.00022519873759531493,0.0,0.00022519873759531493,dispersion
220301,SAN JOSE DE SISA,SAN MARTIN,0.013514316537479587,0.0006330133885064353,-0.00019889610087307948,-8.8962103691562e-05,0.0006330133885064353,agua_segura
220302,AGUA BLANCA,SAN MARTIN,0.009472041751676373,0.001212025437010657,0.0001828630417552799,0.0004074332643951,0.001212025437010657,agua_segura
220303,SAN MARTIN,SAN MARTIN,0.011548349570333608,0.0012380618953193243,-0.00019395127128325577,-0.00021977985682275665,0.0012380618953193243,agua_segura
220304,SANTA ROSA,SAN MARTIN,0.008813075511913904,0.0007148214187908692,2.9611894704115183e-05,-0.000463735475692768,0.0007148214187908692,agua_segura
220305,SHATOJA,SAN MARTIN,0.012489500978075498,0.00027697471983019646,-3.1293703392384215e-05,-0.00012233060650270432,0.00027697471983019646,agua_segura
220401,SAPOSOA,SAN MARTIN,0.011768792522880484,0.001430346496654895,0.00018705012973627838,-0.00021532151745840868,0.001430346496654895,agua_segura
220402,ALTO SAPOSOA,SAN MARTIN,0.014787760595390376,0.0019021789157977372,-0.0006264325814213309,-0.000742563244486058,0.0019021789157977372,agua_segura
220403,EL ESLABON,SAN MARTIN,0.00887920168728327,0.0010808346229014363,0.0004554908239914404,0.0004359623947725929,0.0010808346229014363,agua_segura
220404,PISCOYACU,SAN MARTIN,0.01303433699093204,0.0007610195943521091,-0.0001825251894794419,-0.0010310754242817792,0.0007610195943521091,agua_segura
220405,SACANCHE,SAN MARTIN,0.011310058058959103,0.001259643975563017,7.92489450366432e-05,0.00018982504412055554,0.001259643975563017,agua_segura
220406,TINGO DE SAPOSOA,SAN MARTIN,0.009461614313270925,0.0,-0.00030790123119500343,0.00013731744616760078,0.00013731744616760078,urbanizacion
220501,LAMAS,SAN MARTIN,0.009173820885217806,0.00026908013773297053,0.0,0.0,0.00026908013773297053,agua_segura
220502,ALONSO DE ALVARADO,SAN MARTIN,0.010240371367726882,0.0003298744085509873,-0.000310844421613516,0.00018002937890460036,0.0003298744085509873,agua_segura
220503,BARRANQUITA,SAN MARTIN,0.01063543708346173,0.0007375571053050908,-0.0005637874913878415,-0.0002562545680999638,0.0007375571053050908,agua_segura
220504,CAYNARACHI,SAN MARTIN,0.011345320473351912,0.0012636231421964197,-0.000259486437513199,-0.00011943298323407146,0.0012636231421964197,agua_segura
220505,CUÑUMBUQUI,SAN MARTIN,0.011911758215933538,-1.2801634919715546e-05,-0.00020999705352869186,-0.0003728154540532085,-1.2801634919715546e-05,ninguno (ya en percentil 75+)
220506,PINTO RECODO,SAN MARTIN,0.0100106167827068,0.0011399783252534785,-0.0001007243564422524,-0.00031848111125010875,0.0011399783252534785,agua_segura
220507,RUMISAPA,SAN MARTIN,0.011183060281542107,0.0003104890368413188,0.0,0.0,0.0003104890368413188,agua_segura
220508,SAN ROQUE DE CUMBAZA,SAN MARTIN,0.01051238508841731,-3.353414278732189e-06,-0.000898342437889825,3.699944185232666e-05,3.699944185232666e-05,urbanizacion
220509,SHANAO,SAN MARTIN,0.007911865676093286,0.0005165991106762993,0.00010422457004028232,0.00023478753281535626,0.0005165991106762993,agua_segura
220510,TABALOSOS,SAN MARTIN,0.009622355681012155,0.0006756358690662434,-6.889161480540772e-05,9.892923095039703e-05,0.0006756358690662434,agua_segura
220511,ZAPATERO,SAN MARTIN,0.010351578404384292,0.0006753468618237168,-6.019449822491918e-05,-0.0004345026093568582,0.0006753468618237168,agua_segura
220601,JUANJUI,SAN MARTIN,0.008125225282414024,0.0,0.00010347462444732815,8.023602328098046e-05,0.00010347462444732815,dispersion
220602,CAMPANILLA,SAN MARTIN,0.00905654826292342,-5.204170427930421e-18,-0.0005466369869524257,-0.00025140239842637996,-5.204170427930421e-18,ninguno (ya en percentil 75+)
220603,HUICUNGO,SAN MARTIN,0.015989124520272464,-0.00012544597424012094,-0.0013540884531196666,-0.00041009779110390797,-0.00012544597424012094,ninguno (ya en percentil 75+)
220604,PACHIZA,SAN MARTIN,0.015606663452271893,0.0,-0.0006475210561446496,-0.0014232268583941644,0.0,ninguno (ya en percentil 75+)
220605,PAJARILLO,SAN MARTIN,0.010655606826054263,-1.734723475976807e-18,-0.0002910408324307903,-0.0006047879962294538,-1.734723475976807e-18,ninguno (ya en percentil 75+)
220701,PICOTA,SAN MARTIN,0.008167666632398497,-1.734723475976807e-18,-0.0003122484211758054,9.953464124450202e-05,9.953464124450202e-05,urbanizacion
220702,BUENOS AIRES,SAN MARTIN,0.007432475760058418,1.734723475976807e-18,-8.20256796554052e-05,-0.00012067743020245138,1.734723475976807e-18,ninguno (ya en percentil 75+)
220703,CASPISAPA,SAN MARTIN,0.008870825690713966,0.0,-2.1578748798496694e-05,0.00011518928115749824,0.00011518928115749824,urbanizacion
220704,PILLUANA,SAN MARTIN,0.009435452149681698,-0.00035579781564513795,-6.408547265964772e-05,0.00039265495590618156,0.00039265495590618156,urbanizacion
220705,PUCACACA,SAN MARTIN,0.007085147645605298,-0.0001561938112334734,0.00024011010039299424,6.458385826806773e-05,0.00024011010039299424,dispersion
220706,SAN CRISTOBAL,SAN MARTIN,0.007800594932085517,0.0,-0.00027292347252608554,2.4698420677406185e-05,2.4698420677406185e-05,urbanizacion
220707,SAN HILARION,SAN MARTIN,0.004915301800497431,0.0009545803076807507,0.0001588171827824527,-3.8364278239975264e-05,0.0009545803076807507,agua_segura
220708,SHAMBOYACU,SAN MARTIN,0.012582352418886127,0.0013092840384771043,-0.0004043002703824801,-0.00037589272011186343,0.0013092840384771043,agua_segura
220709,TINGO DE PONASA,SAN MARTIN,0.01165344805031978,0.0008021519706311805,-0.00043624160582201275,-0.0008721555080469928,0.0008021519706311805,agua_segura
220710,TRES UNIDOS,SAN MARTIN,0.011891330510738507,0.001682358792658139,-0.00032655196504231994,0.0001835095143540577,0.001682358792658139,agua_segura
220801,RIOJA,SAN MARTIN,0.00882504982771804,-0.0005636437161729534,0.0,0.0,0.0,ninguno (ya en percentil 75+)
220802,AWAJUN,SAN MARTIN,0.0034509410649104606,0.00138694366894587,0.0005635269152178251,0.00021115103003483716,0.00138694366894587,agua_segura
220803,ELIAS SOPLIN VARGAS,SAN MARTIN,0.007213606262206902,0.000216421622167777,3.1947370372268497e-05,0.0,0.000216421622167777,agua_segura
220804,NUEVA CAJAMARCA,SAN MARTIN,0.0070909161614255735,-0.00012409815948937353,0.0,0.0,0.0,ninguno (ya en percentil 75+)
220805,PARDO MIGUEL,SAN MARTIN,0.0051215588776521515,0.0007198210516520401,0.0006147916139723512,0.0003222843198737715,0.0007198210516520401,agua_segura
220806,POSIC,SAN MARTIN,0.008194316666153204,-0.0006563495031245061,-0.00021065799199161683,-8.265948547185077e-05,-8.265948547185077e-05,ninguno (ya en percentil 75+)
220807,SAN FERNANDO,SAN MARTIN,9.688513657000194e-05,0.0009389016338884459,0.0003496077399213154,0.000311120790586434,0.0009389016338884459,agua_segura
220808,YORONGOS,SAN MARTIN,0.003028666892226922,0.0009748979938641851,2.451667809312639e-05,0.0005053283439890466,0.0009748979938641851,agua_segura
220809,YURACYACU,SAN MARTIN,0.005950309101896865,0.0006313690919252423,-8.673617379884035e-19,-1.734723475976807e-18,0.0006313690919252423,agua_segura
220901,TARAPOTO,SAN MARTIN,0.012338356384516544,-0.00022716271549355974,0.0,0.0,0.0,ninguno (ya en percentil 75+)
220902,ALBERTO LEVEAU,SAN MARTIN,0.010885450506349943,-0.00012296816562340843,-0.0001269653426082245,-0.0008781313690732814,-0.00012296816562340843,ninguno (ya en percentil 75+)
220903,CACATACHI,SAN MARTIN,0.011524741895741894,-0.0007241627520719589,0.0,0.0,0.0,ninguno (ya en percentil 75+)
220904,CHAZUTA,SAN MARTIN,0.010031369597004552,0.0,-1.2872965414838927e-05,-0.00021786466445750108,0.0,ninguno (ya en percentil 75+)
220905,CHIPURANA,SAN MARTIN,0.011442457840926462,-0.00020131363979373172,-0.0001540848548992977,-4.890508454983428e-05,-4.890508454983428e-05,ninguno (ya en percentil 75+)
220906,EL PORVENIR,SAN MARTIN,0.009266666299782973,0.0,-0.00017945144060880873,-8.123145704232691e-05,0.0,ninguno (ya en percentil 75+)
220907,HUIMBAYOC,SAN MARTIN,0.015555701940968756,-0.0001537353781005113,-0.0005698246588262713,-0.001025156014782506,-0.0001537353781005113,ninguno (ya en percentil 75+)
220908,JUAN GUERRA,SAN MARTIN,0.008089119536447618,0.0,-0.0002634682667376851,0.00018158208056843345,0.00018158208056843345,urbanizacion
220909,LA BANDA DE SHILCAYO,SAN MARTIN,0.010285560270404392,0.0007052395382044462,0.0,0.0,0.0007052395382044462,agua_segura
220910,MORALES,SAN MARTIN,0.01230470281730757,-0.0002103581379620592,0.0,0.0,0.0,ninguno (ya en percentil 75+)
220911,PAPAPLAYA,SAN MARTIN,0.014323264291034874,0.0,-0.000673284340263227,-0.0014457371809012617,0.0,ninguno (ya en percentil 75+)
220912,SAN ANTONIO,SAN MARTIN,0.011451940752263398,0.00046616919384338644,0.00046533027619864373,0.0007086943178656376,0.0007086943178656376,urbanizacion
220913,SAUCE,SAN MARTIN,0.0075461158127347215,0.0,0.00015340709768585023,-9.936828783252156e-05,0.00015340709768585023,dispersion
220914,SHAPAJA,SAN MARTIN,0.008633573768739466,0.0,-9.885008480230682e-05,-0.00027319745463626893,0.0,ninguno (ya en percentil 75+)
221001,TOCACHE,SAN MARTIN,0.014918942170538402,-0.00011626572091798584,-0.00048073296236178856,-0.0003398270301483101,-0.00011626572091798584,ninguno (ya en percentil 75+)
221002,NUEVO PROGRESO,SAN MARTIN,0.00948232046929333,0.000779749557126206,-4.3749317660409306e-05,1.4874503347212659e-05,0.000779749557126206,agua_segura
221003,POLVORA,SAN MARTIN,0.018399273247399997,0.0,-0.0015771377477819953,-0.0007711559507249735,0.0,ninguno (ya en percentil 75+)
221004,SHUNTE,SAN MARTIN,0.008196864687299927,0.00022111152489754336,0.0005483841741048753,0.00125024151301374,0.00125024151301374,urbanizacion
221005,UCHIZA,SAN MARTIN,0.010897257318567416,0.00014369982296843185,-0.00018336068758400756,0.00010896025234486198,0.00014369982296843185,agua_segura
221006,SANTA LUCIA,SAN MARTIN,0.00955688570257415,1.2216402295621084e-05,-2.1071624482114568e-05,6.385179514589376e-05,6.385179514589376e-05,urbanizacion
230101,TACNA,TACNA,0.00929071558368767,0.00030783283777991235,0.0,0.0,0.00030783283777991235,agua_segura
230102,ALTO DE LA ALIANZA,TACNA,0.011203007010368806,0.00011869701927480145,0.0,-1.239213000367445e-05,0.00011869701927480145,agua_segura
230103,CALANA,TACNA,0.006002747215720209,-8.673617379884035e-19,0.0,6.931277106712787e-05,6.931277106712787e-05,urbanizacion
230104,CIUDAD NUEVA,TACNA,0.010853893617817315,0.000627324624853657,0.0,0.0,0.000627324624853657,agua_segura
230105,INCLAN,TACNA,0.014382778843157239,0.0004267800090931289,0.000984438262126297,0.00041022860756399424,0.000984438262126297,dispersion
230106,PACHIA,TACNA,0.009963499582987407,0.00011570579345703512,-0.0003253637889032504,-0.0004788818752632564,0.00011570579345703512,agua_segura
230107,PALCA,TACNA,0.03293323730416142,-0.00031924276312387395,-0.003683403609198662,-0.0022364299647588716,-0.00031924276312387395,ninguno (ya en percentil 75+)
230108,POCOLLAY,TACNA,0.009386336793158123,0.0004511589657954628,-1.734723475976807e-18,0.0,0.0004511589657954628,agua_segura
230109,SAMA,TACNA,0.015825230943791527,-0.00020159310772596868,-0.0005665781360406127,0.00011045672271121909,0.00011045672271121909,urbanizacion
230110,CORONEL GREGORIO ALBARRACIN LANCHIPA,TACNA,0.011647299733038265,-0.00014399834979427102,0.0,0.0,0.0,ninguno (ya en percentil 75+)
230111,LA YARADA LOS PALOS,TACNA,0.011223195154251773,0.0,0.0,-8.24078079190542e-05,0.0,ninguno (ya en percentil 75+)
230201,CANDARAVE,TACNA,0.02855499138456661,0.0,-0.002504970017609867,-0.0010327864691657349,0.0,ninguno (ya en percentil 75+)
230202,CAIRANI,TACNA,0.02344334307989892,0.0006078954445050862,0.0007598841831930464,0.00046083436914921144,0.0007598841831930464,dispersion
230203,CAMILACA,TACNA,0.026801426569366835,-0.00025697857914915023,-0.001497954375863031,-0.0010598114252406213,-0.00025697857914915023,ninguno (ya en percentil 75+)
230204,CURIBAYA,TACNA,0.01001482237576369,0.0,-0.0005738998522259106,0.000483635096297624,0.000483635096297624,urbanizacion
230205,HUANUARA,TACNA,0.016006030262312867,0.0016378658666522591,0.0008814632358072755,7.54933750933863e-05,0.0016378658666522591,agua_segura
230206,QUILAHUANI,TACNA,0.018426819688410565,-3.469446951953614e-18,0.00013469769861686534,-3.469446951953614e-18,0.00013469769861686534,dispersion
230301,LOCUMBA,TACNA,0.01144312517015556,0.0,0.00033115828969134536,6.807623389946428e-05,0.00033115828969134536,dispersion
230302,ILABAYA,TACNA,0.008294405182033197,1.734723475976807e-18,0.00043357930363794456,-0.00018055070258743075,0.00043357930363794456,dispersion
230303,ITE,TACNA,0.011636542970663154,-0.0003802233499526856,-0.0002899303650033512,-5.5052298249964535e-05,-5.5052298249964535e-05,ninguno (ya en percentil 75+)
230401,TARATA,TACNA,0.024689499209303557,0.0,-0.0012917578094469827,-4.034691902143547e-05,0.0,ninguno (ya en percentil 75+)
230402,HEROES ALBARRACIN CHUCATAMANI,TACNA,0.015901923069552307,0.00010076949585703307,6.180298923016275e-05,0.0014093254838172635,0.0014093254838172635,urbanizacion
230403,ESTIQUE,TACNA,0.021958685287088383,0.0014230623532589803,-0.0018413549511731055,-0.0005774921860796992,0.0014230623532589803,agua_segura
230404,ESTIQUE-PAMPA,TACNA,0.019526350255589332,0.0010619625313093572,-0.0007323683128056292,-0.00015518873114912096,0.0010619625313093572,agua_segura
230405,SITAJARA,TACNA,0.018616169069485232,7.321579854860025e-05,0.0009077437600486099,0.0007599579862426625,0.0009077437600486099,dispersion
230406,SUSAPAYA,TACNA,0.03288206831520505,0.0,-0.003011457742178633,-0.002340438663528961,0.0,ninguno (ya en percentil 75+)
230407,TARUCACHI,TACNA,0.025474074951893987,0.0013938955308811368,-0.000860084015549014,-0.003468963973316249,0.0013938955308811368,agua_segura
230408,TICACO,TACNA,0.028858999370721793,-1.0408340855860843e-17,-0.002677590575547492,-0.0023079099017698328,-1.0408340855860843e-17,ninguno (ya en percentil 75+)
240101,TUMBES,TUMBES,0.011330788674384508,0.0,0.0,0.0,0.0,ninguno (ya en percentil 75+)
240102,CORRALES,TUMBES,0.012053871453981773,-0.00019328053130683587,-1.734723475976807e-18,0.0,0.0,ninguno (ya en percentil 75+)
240103,LA CRUZ,TUMBES,0.010186511154045034,0.000333748015880252,3.469446951953614e-18,0.0,0.000333748015880252,agua_segura
240104,PAMPAS DE HOSPITAL,TUMBES,0.009759502320734807,0.0009948621614195088,0.00029597630762188964,-0.0001236523185191244,0.0009948621614195088,agua_segura
240105,SAN JACINTO,TUMBES,0.009478615512996048,0.0010787821888786839,7.481569314254921e-05,-3.0382367166048238e-05,0.0010787821888786839,agua_segura
240106,SAN JUAN DE LA VIRGEN,TUMBES,0.007634323829778213,0.000575434623313123,0.00021742611454593323,-3.469446951953614e-18,0.000575434623313123,agua_segura
240201,ZORRITOS,TUMBES,0.012485634757696802,0.00010935190933176499,0.00011185174379656909,-2.779256476107342e-05,0.00011185174379656909,dispersion
240202,CASITAS,TUMBES,0.00948687106574475,0.0005155798442310674,0.0002993969576058249,0.00014555537819706602,0.0005155798442310674,agua_segura
240203,CANOAS DE PUNTA SAL,TUMBES,0.011662401408271345,-1.734723475976807e-18,0.00017010185130451883,1.3378818511985274e-05,0.00017010185130451883,dispersion
240301,ZARUMILLA,TUMBES,0.011843347917181106,0.0,0.0,0.0,0.0,ninguno (ya en percentil 75+)
240302,AGUAS VERDES,TUMBES,0.012641200931345275,-0.0003099927773094306,5.204170427930421e-18,-1.734723475976807e-18,5.204170427930421e-18,ninguno (ya en percentil 75+)
240303,MATAPALO,TUMBES,0.012428039872147916,0.0016417609468945028,-0.0005876832325125616,-0.0003153206862429314,0.0016417609468945028,agua_segura
240304,PAPAYAL,TUMBES,0.012277590911851197,0.0006120722179005292,-0.000153907281881787,2.077423088996805e-05,0.0006120722179005292,agua_segura
250101,CALLERIA,UCAYALI,0.015260429988651838,0.0006011358919748872,-0.0006235974172193771,-0.00033626793261845936,0.0006011358919748872,agua_segura
250102,CAMPOVERDE,UCAYALI,0.011434966145638976,0.000900446889524004,-0.00019723101532697664,-0.00017070262425609994,0.000900446889524004,agua_segura
250103,IPARIA,UCAYALI,0.018955360563189586,0.0005591454019538457,-0.0011013264080293982,-0.0008803813199519672,0.0005591454019538457,agua_segura
250104,MASISEA,UCAYALI,0.020870750790723418,0.00030247818256130127,-0.0019055761527818002,-0.001289472445567874,0.00030247818256130127,agua_segura
250105,YARINACOCHA,UCAYALI,0.014940994733702646,0.00031076793693972544,-5.204170427930421e-18,-1.734723475976807e-18,0.00031076793693972544,agua_segura
250106,NUEVA REQUENA,UCAYALI,0.012585467203574674,-0.0001374144786037857,-0.0013132205290039972,-0.0005514426488455165,-0.0001374144786037857,ninguno (ya en percentil 75+)
250107,MANANTAY,UCAYALI,0.014707219749534824,-0.00012429015983206858,5.204170427930421e-18,0.0,5.204170427930421e-18,ninguno (ya en percentil 75+)
250201,RAYMONDI,UCAYALI,0.021101161980286633,0.0002676092796439315,-0.0019762609705150647,-0.0015193885621825436,0.0002676092796439315,agua_segura
250202,SEPAHUA,UCAYALI,0.02169934923549443,-2.302613323199379e-05,-0.002410530198483394,-0.00177824379090806,-2.302613323199379e-05,ninguno (ya en percentil 75+)
250203,TAHUANIA,UCAYALI,0.01837716137735087,0.0005959785034496609,-0.001897603544424458,-0.0013704159959314656,0.0005959785034496609,agua_segura
250204,YURUA,UCAYALI,0.02381177084624925,-0.0007108738223142314,-0.0019793350204022203,-0.0017328098844998155,-0.0007108738223142314,ninguno (ya en percentil 75+)
250301,PADRE ABAD,UCAYALI,0.012745809458291575,0.0006732243171798484,-0.0010629923615927423,0.0004973022620269659,0.0006732243171798484,agua_segura
250302,IRAZOLA,UCAYALI,0.010032046350031763,0.0014821473475961564,6.473049183269679e-05,0.00025695854364464477,0.0014821473475961564,agua_segura
250303,CURIMANA,UCAYALI,0.012661112620758523,0.0,-0.00029074192594980355,-0.0003149971053431986,0.0,ninguno (ya en percentil 75+)
250304,NESHUYA,UCAYALI,0.01140876356731637,0.0018132362677900065,-4.323101990093281e-05,-7.166630911117217e-05,0.0018132362677900065,agua_segura
250305,ALEXANDER VON HUMBOLDT,UCAYALI,0.011888253847865548,0.001035260505296818,0.00021630423916137523,-0.0002978912511740345,0.001035260505296818,agua_segura
250306,HUIPOCA,UCAYALI,0.01005847532677013,0.00028597964487974727,-0.00012756521563249586,0.0001300036653580066,0.00028597964487974727,agua_segura
250307,BOQUERON,UCAYALI,0.013809964210182848,0.0012186335109527612,-0.0002179619694670492,-0.00041216193596161493,0.0012186335109527612,agua_segura
250401,PURUS,UCAYALI,0.01988935093766034,0.0006463629921378972,-0.0021951397363184112,-0.001003698473359009,0.0006463629921378972,agua_segura
