ubigeo,distrito,provincia,departamento,gasto_actual_soles,anio_referencia_presupuesto_base,indice_priorizacion_tau,tau_es_confiable,incluido_en_optimizacion,gasto_propuesto_soles,cambio_soles,cambio_porcentual
30506,CHALLHUAHUACHO,COTABAMBAS,APURIMAC,47942242.79,2022,0.022830816163597,True,True,48046482.47309915,104239.68309915066,0.0021742763173543777
210801,AYAVIRI,MELGAR,PUNO,4132748.69,2022,0.0210710258569014,True,True,4236988.373099147,104239.6830991474,0.025222845838987467
30601,CHINCHEROS,CHINCHEROS,APURIMAC,1083560.75,2022,0.018900256581223,True,True,1187800.4330991472,104239.68309914717,0.09620105111702058
210303,AYAPATA,CARABAYA,PUNO,274442.5,2022,0.019613202478336,True,True,378682.18309914717,104239.68309914717,0.37982339870518295
250105,YARINACOCHA,CORONEL PORTILLO,UCAYALI,915634.6,2022,0.0149409947337026,True,True,1019874.2830991471,104239.68309914717,0.113844194069498
21306,LLUMPA,MARISCAL LUZURIAGA,ANCASH,476924.12,2022,0.0207653297148293,True,True,581163.8030991472,104239.68309914717,0.21856659943964915
80201,ACOMAYO,ACOMAYO,CUSCO,528176.94,2022,0.0276573305707047,True,True,632416.6230991471,104239.68309914717,0.197357505042055
81006,OMACHA,PARURO,CUSCO,857449.83,2022,0.0249406814874877,True,True,961689.5130991471,104239.68309914717,0.12156942534952414
20105,INDEPENDENCIA,HUARAZ,ANCASH,366465.85,2022,0.0212150990396622,True,True,470705.53309914714,104239.68309914717,0.2844458306255472
131008,SITABAMBA,SANTIAGO DE CHUCO,LA LIBERTAD,543969.25,2022,0.0264228756844508,True,True,648208.9330991472,104239.68309914717,0.19162789642823957
90501,CHURCAMPA,CHURCAMPA,HUANCAVELICA,790202.29,2022,0.0231863677976147,True,True,894441.9730991472,104239.68309914717,0.13191518731127336
81305,MARAS,URUBAMBA,CUSCO,826491.82,2022,0.0235174090972986,True,True,930731.5030991471,104239.68309914717,0.12612306689151162
120107,CHILCA,HUANCAYO,JUNIN,380406.52,2022,0.0202889699420385,True,True,484646.2030991472,104239.68309914717,0.2740218098763059
211105,SAN MIGUEL,SAN ROMAN,PUNO,172769.0,2022,0.0268907761179355,True,True,277008.68309914717,104239.68309914717,0.6033471461844843
100301,LA UNION,DOS DE MAYO,HUANUCO,1229169.29,2022,0.016599342972414,True,True,1333408.9730991472,104239.68309914717,0.08480498491720954
210301,MACUSANI,CARABAYA,PUNO,1654388.66,2022,0.0291641928563731,True,True,1758628.343099147,104239.68309914717,0.06300797727853573
120608,RIO TAMBO,SATIPO,JUNIN,479220.02,2022,0.018737349825426,True,True,583459.7030991472,104239.68309914717,0.2175194665263508
20101,HUARAZ,HUARAZ,ANCASH,1644148.37,2022,0.020515345823233,True,True,1748388.0530991473,104239.68309914717,0.06340041142342108
250401,PURUS,PURUS,UCAYALI,1127468.86,2022,0.0198893509376603,True,True,1231708.5430991473,104239.68309914717,0.0924546005635554
80403,LAMAY,CALCA,CUSCO,170912.0,2022,0.0218381509429818,True,True,275151.68309914717,104239.68309914717,0.6099026580880639
120114,EL TAMBO,HUANCAYO,JUNIN,1855195.59,2022,0.0225342078845362,True,True,1959435.2730991472,104239.68309914717,0.05618797482110614
130808,PARCOY,PATAZ,LA LIBERTAD,327073.24,2022,0.0208341579572468,True,True,431312.92309914716,104239.68309914717,0.3187044073038417
120401,JAUJA,JAUJA,JUNIN,1321053.85,2022,0.0160940207577705,True,True,1425293.5330991473,104239.68309914717,0.07890646024698172
80703,CHAMACA,CHUMBIVILCAS,CUSCO,296365.9,2022,0.0200057949818951,True,True,400605.5830991472,104239.68309914717,0.35172630555386825
80704,COLQUEMARCA,CHUMBIVILCAS,CUSCO,643226.89,2022,0.0269603586361755,True,True,747466.5730991472,104239.68309914717,0.1620574088548244
130801,TAYABAMBA,PATAZ,LA LIBERTAD,260660.14,2022,0.0240416369647613,True,True,364899.8230991472,104239.68309914717,0.3999064954816151
30216,TALAVERA,ANDAHUAYLAS,APURIMAC,191627.99,2022,0.017722032513432,True,True,295867.67309914716,104239.68309914717,0.5439689843803464
80705,LIVITACA,CHUMBIVILCAS,CUSCO,763278.5,2022,0.0196975699627565,True,True,867518.1830991472,104239.68309914717,0.1365683470701024
150716,SAN ANTONIO,HUAROCHIRI,LIMA,176928.39,2022,0.0200946508173963,True,True,281168.0730991472,104239.68309914717,0.5891631246921263
120810,YAULI,YAULI,JUNIN,302329.4,2022,0.0283838973900256,True,True,406569.0830991472,104239.68309914717,0.34478844300007594
90301,LIRCAY,ANGARAES,HUANCAVELICA,1331930.71,2022,0.0213858931149387,True,True,1436170.3930991471,104239.68309914717,0.07826209150110155
120901,CHUPACA,CHUPACA,JUNIN,1082880.88,2022,0.018889430742425,True,True,1187120.563099147,104239.68309914717,0.09626144945799318
160803,TENIENTE MANUEL CLAVERO,PUTUMAYO,LORETO,383415.77,2022,0.0237926980066336,True,True,487655.4530991472,104239.68309914717,0.27187114160470544
130907,SARIN,SANCHEZ CARRION,LA LIBERTAD,798992.05,2022,0.0214821697380062,True,True,903231.7330991472,104239.68309914717,0.13046398033515746
50116,ANDRES AVELINO CACERES DORREGARAY,HUAMANGA,AYACUCHO,207348.37,2022,0.0158351523088162,True,True,311588.05309914716,104239.68309914717,0.5027272849993814
160601,CONTAMANA,UCAYALI,LORETO,382425.0,2022,0.0212592804200071,True,True,486664.68309914717,104239.68309914717,0.2725754934932266
50114,VINCHOS,HUAMANGA,AYACUCHO,353667.0,2022,0.0206988527223067,True,True,457906.68309914717,104239.68309914717,0.2947396367180064
21001,HUARI,HUARI,ANCASH,588493.06,2022,0.02084164041606,True,True,692732.7430991472,104239.68309914717,0.1771298426172556
210201,AZANGARO,AZANGARO,PUNO,1540328.82,2022,0.0242854545456576,True,True,1644568.5030991472,104239.68309914717,0.06767365626460664
80803,COPORAQUE,ESPINAR,CUSCO,192485.12,2022,0.0188534196246635,True,True,296724.80309914716,104239.68309914717,0.5415467081255276
60703,HUALGAYOC,HUALGAYOC,CAJAMARCA,1271363.72,2022,0.0239739090285984,True,True,1375603.4030991471,104239.68309914717,0.08199044967174866
90601,HUAYTARA,HUAYTARA,HUANCAVELICA,640632.68,2022,0.0191358832328566,True,True,744872.3630991472,104239.68309914717,0.16271365222758719
160701,BARRANCA,DATEM DEL MARAÑON,LORETO,1599709.52,2022,0.019490737344699,True,True,1703949.2030991472,104239.68309914717,0.06516163203126225
90714,SALCABAMBA,TAYACAJA,HUANCAVELICA,353274.9,2022,0.0192196864429626,True,True,457514.5830991472,104239.68309914717,0.2950667683980582
10403,RIO SANTIAGO,CONDORCANQUI,AMAZONAS,171470.0,2022,0.0210795124603462,True,True,275709.68309914717,104239.68309914717,0.6079179045847505
170103,LAS PIEDRAS,TAMBOPATA,MADRE DE DIOS,236870.0,2022,0.0188553534607139,True,True,341109.68309914717,104239.68309914717,0.4400712758016936
140306,MORROPE,LAMBAYEQUE,LAMBAYEQUE,743001.84,2022,0.0149965643828876,True,True,847241.5230991471,104239.68309914717,0.14029532295525293
80105,SAN SEBASTIAN,CUSCO,CUSCO,1128872.96,2022,0.0240838217489376,True,True,1233112.6430991471,104239.68309914717,0.09233960489154348
80302,ANCAHUASI,ANTA,CUSCO,1403898.71,2022,0.0288504285841014,True,True,1508138.3930991471,104239.68309914717,0.07425014522532553
30301,ANTABAMBA,ANTABAMBA,APURIMAC,925318.72,2022,0.0251677393234317,True,True,1029558.4030991471,104239.68309914717,0.11265273342697224
81007,PACCARITAMBO,PARURO,CUSCO,816063.67,2022,0.0233407382741088,True,True,920303.3530991472,104239.68309914717,0.12773474292655027
160108,PUNCHANA,MAYNAS,LORETO,882121.7,2022,0.0156985101299244,True,True,986361.3830991471,104239.68309914717,0.11816927652856422
21702,CATAC,RECUAY,ANCASH,172288.64,2022,0.0266284543157235,True,True,276528.3230991472,104239.68309914717,0.6050293455166119
60202,CACHACHI,CAJABAMBA,CAJAMARCA,662943.2,2022,0.023853880740247,True,True,767182.8830991471,104239.68309914717,0.15723772881167974
120501,JUNIN,JUNIN,JUNIN,872556.61,2022,0.0251865110867747,True,True,976796.2930991472,104239.68309914717,0.11946466499078744
130501,JULCAN,JULCAN,LA LIBERTAD,376229.51,2022,0.0278835821820188,True,True,480469.1930991472,104239.68309914717,0.277064080112023
21014,SAN MARCOS,HUARI,ANCASH,1737261.05,2022,0.0212438230506276,True,True,1841500.7330991472,104239.68309914717,0.06000231404436723
130601,OTUZCO,OTUZCO,LA LIBERTAD,947155.54,2022,0.0210977922118778,True,True,1051395.2230991472,104239.68309914717,0.11005550693305047
100108,SAN PEDRO DE CHAULAN,HUANUCO,HUANUCO,432862.11,2022,0.0217175589514116,True,True,537101.7930991472,104239.68309914717,0.24081498632242765
120136,VIQUES,HUANCAYO,JUNIN,1487152.24,2022,0.0169214872120026,True,True,1591391.9230991472,104239.68309914717,0.07009348491392325
60108,LOS BAÑOS DEL INCA,CAJAMARCA,CAJAMARCA,382319.98,2022,0.0158789239364758,True,True,486559.66309914715,104239.68309914717,0.2726503676296153
21701,RECUAY,RECUAY,ANCASH,823562.91,2022,0.0233903912911094,True,True,927802.5930991472,104239.68309914717,0.12657160956792865
50703,CORONEL CASTAÑEDA,PARINACOCHAS,AYACUCHO,832456.15,2022,0.0317839560257119,True,True,936695.8330991472,104239.68309914717,0.1252194281934816
130804,HUANCASPATA,PATAZ,LA LIBERTAD,1198391.82,2022,0.0243254764618509,True,True,1302631.5030991472,104239.68309914717,0.08698297281363883
80103,POROY,CUSCO,CUSCO,351422.53,2022,0.0238345435154027,True,True,455662.2130991472,104239.68309914717,0.2966220836755889
80406,SAN SALVADOR,CALCA,CUSCO,307286.62,2022,0.0223649626687811,True,True,411526.30309914716,104239.68309914717,0.3392262347743848
21205,MATO,HUAYLAS,ANCASH,264569.97,2022,0.0191360697211765,True,True,368809.65309914714,104239.68309914717,0.39399665464356054
160113,SAN JUAN BAUTISTA,MAYNAS,LORETO,460384.0,2022,0.0155891648061835,True,True,564623.6830991472,104239.68309914717,0.2264189960970563
160112,BELEN,MAYNAS,LORETO,351971.0,2022,0.0165953219336935,True,True,456210.68309914717,104239.68309914717,0.296159862884008
81212,QUIQUIJANA,QUISPICANCHI,CUSCO,198429.5,2022,0.0220581770563078,True,True,302669.18309914717,104239.68309914717,0.5253235184241616
81211,OROPESA,QUISPICANCHI,CUSCO,193383.99,2022,0.0277808621624713,True,True,297623.67309914716,104239.68309914717,0.5390295396177687
120805,MOROCOCHA,YAULI,JUNIN,242304.13,2022,0.0360413247967452,True,True,346543.81309914717,104239.68309914717,0.4302018422019763
81209,MARCAPATA,QUISPICANCHI,CUSCO,698588.14,2022,0.0265198277477997,True,True,802827.8230991472,104239.68309914717,0.14921479070507432
81208,LUCRE,QUISPICANCHI,CUSCO,400095.97,2022,0.0244653752185878,True,True,504335.65309914714,104239.68309914717,0.260536698480485
30201,ANDAHUAYLAS,ANDAHUAYLAS,APURIMAC,1693519.34,2022,0.0186124554685751,True,True,1797759.0230991472,104239.68309914717,0.0615521066911153
210402,DESAGUADERO,CHUCUITO,PUNO,369111.01,2022,0.0287830121021164,True,True,473350.6930991472,104239.68309914717,0.2824074066475209
210404,KELLUYO,CHUCUITO,PUNO,1330590.07,2022,0.0203141778644754,True,True,1434829.7530991472,104239.68309914717,0.0783409447051917
81201,URCOS,QUISPICANCHI,CUSCO,654738.51,2022,0.0261057354149387,True,True,758978.1930991472,104239.68309914717,0.1592081136317263
50601,PUQUIO,LUCANAS,AYACUCHO,270997.4,2022,0.0202412934558852,True,True,375237.0830991472,104239.68309914717,0.3846519675065043
80506,PAMPAMARCA,CANAS,CUSCO,435584.1,2022,0.0270863002452512,True,True,539823.7830991471,104239.68309914717,0.2393101196741276
211301,YUNGUYO,YUNGUYO,PUNO,936532.22,2022,0.0265974527156644,True,True,1040771.9030991471,104239.68309914717,0.11130389416730069
30213,SAN JERONIMO,ANDAHUAYLAS,APURIMAC,1200763.1,2022,0.0262320723665776,True,True,1305002.7830991473,104239.68309914717,0.08681119789502788
210501,ILAVE,EL COLLAO,PUNO,1252853.86,2022,0.0239247103299,True,True,1357093.5430991473,104239.68309914717,0.08320178947219523
81002,ACCHA,PARURO,CUSCO,310523.39,2022,0.028417467952582,True,True,414763.0730991472,104239.68309914717,0.3356902779502284
210405,PISACOMA,CHUCUITO,PUNO,30265.2,2022,0.0269176838454823,True,True,134504.88309914715,104239.68309914715,3.4442092931534285
210606,ROSASPATA,HUANCANE,PUNO,29635.7,2022,0.0230831435149386,True,True,133875.38309914715,104239.68309914715,3.517368683687146
40203,MARIANO NICOLAS VALCARCEL,CAMANA,AREQUIPA,74703.8,2022,0.0179013392811126,True,True,178943.48309914715,104239.68309914715,1.395373235352782
130908,SARTIMBAMBA,SANCHEZ CARRION,LA LIBERTAD,73932.74,2022,0.0205229515580282,True,True,178172.42309914716,104239.68309914715,1.4099258745063032
210407,ZEPITA,CHUCUITO,PUNO,99422.98,2022,0.0243692347402864,True,True,203662.66309914715,104239.68309914715,1.048446577432573
90707,HUACHOCOLPA,TAYACAJA,HUANCAVELICA,30727.95,2022,0.0182459797320144,True,True,134967.63309914715,104239.68309914715,3.3923409501495265
60809,SALLIQUE,JAEN,CAJAMARCA,87424.3,2022,0.0176401934781169,True,True,191663.98309914715,104239.68309914715,1.192342210336796
21008,HUANTAR,HUARI,ANCASH,87439.73,2022,0.0242258658240043,True,True,191679.41309914715,104239.68309914715,1.192131804377108
200303,EL CARMEN DE LA FRONTERA,HUANCABAMBA,PIURA,70780.3,2022,0.018438916601661,True,True,175019.98309914715,104239.68309914715,1.4727216909104248
30502,COTABAMBAS,COTABAMBAS,APURIMAC,83921.98,2022,0.0217317390011555,True,True,188161.66309914715,104239.68309914715,1.2421022847548062
190101,CHAUPIMARCA,PASCO,PASCO,130343.3,2022,0.0274996642083806,True,True,234582.98309914715,104239.68309914715,0.799731808993229
30109,TAMBURCO,ABANCAY,APURIMAC,60496.8,2022,0.0159322705964024,True,True,164736.48309914715,104239.68309914715,1.7230611056972789
30220,JOSE MARIA ARGUEDAS,ANDAHUAYLAS,APURIMAC,105259.79,2022,0.025608570099493,True,True,209499.47309914714,104239.68309914715,0.9903086743679343
210112,PLATERIA,PUNO,PUNO,44428.8,2022,0.0251607099603529,True,True,148668.48309914715,104239.68309914715,2.3462187387268427
60204,SITACOCHA,CAJABAMBA,CAJAMARCA,114378.17,2022,0.0211915595583635,True,True,218617.85309914715,104239.68309914715,0.911359948311353
190304,PALCAZU,OXAPAMPA,PASCO,61112.8,2022,0.0163443183582673,True,True,165352.48309914715,104239.68309914715,1.7056931297395497
30202,ANDARAPA,ANDAHUAYLAS,APURIMAC,32941.11,2022,0.0209721740200516,True,True,137180.79309914715,104239.68309914715,3.1644253365823785
81203,CAMANTI,QUISPICANCHI,CUSCO,2709.6,2022,0.0149279771981967,True,True,106949.28309914714,104239.68309914714,38.470506015333314
81202,ANDAHUAYLILLAS,QUISPICANCHI,CUSCO,14793.0,2022,0.026266231346167,True,True,119032.68309914714,104239.68309914714,7.046554660930652
80507,QUEHUE,CANAS,CUSCO,55408.9,2022,0.0263026315060864,True,True,159648.58309914713,104239.68309914714,1.881280500048677
80309,ZURITE,ANTA,CUSCO,0.0,2022,0.0209490506448627,True,True,104239.68309914714,104239.68309914714,
81004,COLCHA,PARURO,CUSCO,0.0,2022,0.0202820283751984,True,True,104239.68309914714,104239.68309914714,
80401,CALCA,CALCA,CUSCO,50828.18,2022,0.0214419097254923,True,True,155067.86309914713,104239.68309914714,2.0508246232532255
81003,CCAPI,PARURO,CUSCO,14457.0,2022,0.0227945021905705,True,True,118696.68309914714,104239.68309914714,7.210326008103143
80402,COYA,CALCA,CUSCO,50727.85,2022,0.0210269157134771,True,True,154967.53309914714,104239.68309914714,2.0548807627200274
130302,BAMBAMARCA,BOLIVAR,LA LIBERTAD,43117.0,2022,0.0255982404091101,True,True,147356.68309914714,104239.68309914714,2.4176005542859462
81104,COLQUEPATA,PAUCARTAMBO,CUSCO,67606.5,2022,0.0245414906235595,True,True,171846.18309914714,104239.68309914714,1.5418588907745134
81103,CHALLABAMBA,PAUCARTAMBO,CUSCO,97905.0,2022,0.0182398364515844,True,True,202144.68309914714,104239.68309914714,1.0647023451217725
81101,PAUCARTAMBO,PAUCARTAMBO,CUSCO,54946.5,2022,0.0173449969688189,True,True,159186.18309914714,104239.68309914714,1.8971123383499793
81009,YAURISQUE,PARURO,CUSCO,9880.0,2022,0.0313133757196997,True,True,114119.68309914714,104239.68309914714,10.550575212464285
150506,COAYLLO,CAÑETE,LIMA,0.0,2022,0.0151040137144136,True,True,104239.68309914714,104239.68309914714,
80102,CCORCA,CUSCO,CUSCO,24158.0,2022,0.0332631706161899,True,True,128397.68309914714,104239.68309914714,4.3149136145023235
81001,PARURO,PARURO,CUSCO,0.0,0,0.0273173909832598,True,True,104239.68309914714,104239.68309914714,
130602,AGALLPAMPA,OTUZCO,LA LIBERTAD,46119.0,2022,0.0245126988493571,True,True,150358.68309914714,104239.68309914714,2.260232943020168
130504,HUASO,JULCAN,LA LIBERTAD,23815.0,2022,0.0213349129710805,True,True,128054.68309914714,104239.68309914714,4.377059966371914
130503,CARABAMBA,JULCAN,LA LIBERTAD,55884.5,2022,0.0241323128043693,True,True,160124.18309914714,104239.68309914714,1.8652700319256168
130301,BOLIVAR,BOLIVAR,LA LIBERTAD,0.0,2022,0.0178150328997554,True,True,104239.68309914714,104239.68309914714,
80407,TARAY,CALCA,CUSCO,10000.0,2022,0.0248237126704546,True,True,114239.68309914714,104239.68309914714,10.423968309914713
81008,PILLPINTO,PARURO,CUSCO,0.0,2022,0.0209422694739695,True,True,104239.68309914714,104239.68309914714,
80301,ANTA,ANTA,CUSCO,10198.0,2022,0.022464586600109,True,True,114437.68309914714,104239.68309914714,10.221581005995994
81204,CCARHUAYO,QUISPICANCHI,CUSCO,16134.0,2022,0.0184024901000217,True,True,120373.68309914714,104239.68309914714,6.460870404062671
80404,LARES,CALCA,CUSCO,0.0,2022,0.0179323831424961,True,True,104239.68309914714,104239.68309914714,
80303,CACHIMAYO,ANTA,CUSCO,0.0,2022,0.0264510104772337,True,True,104239.68309914714,104239.68309914714,
80304,CHINCHAYPUJIO,ANTA,CUSCO,26100.0,2022,0.0220947493336842,True,True,130339.68309914714,104239.68309914714,3.9938575900056374
81207,HUARO,QUISPICANCHI,CUSCO,2678.0,2022,0.0287781659301783,True,True,106917.68309914714,104239.68309914714,38.924452240159496
80504,LANGUI,CANAS,CUSCO,24476.8,2022,0.0224201216125923,True,True,128716.48309914714,104239.68309914714,4.258713683943454
80205,POMACANCHI,ACOMAYO,CUSCO,30771.0,2022,0.0265669347687347,True,True,135010.68309914714,104239.68309914714,3.387594914014726
80505,LAYO,CANAS,CUSCO,31939.0,2022,0.0211283422482006,True,True,136178.68309914714,104239.68309914714,3.263711546984788
81206,CUSIPATA,QUISPICANCHI,CUSCO,56824.0,2022,0.0219342352465591,True,True,161063.68309914714,104239.68309914714,1.8344305768539197
80405,PISAC,CALCA,CUSCO,32622.0,2022,0.0244942327251983,True,True,136861.68309914714,104239.68309914714,3.1953799000412952
130904,CURGOS,SANCHEZ CARRION,LA LIBERTAD,36357.0,2022,0.0257311877569128,True,True,140596.68309914714,104239.68309914714,2.8671145336289334
130905,MARCABAL,SANCHEZ CARRION,LA LIBERTAD,222339.23,2022,0.0215482880682373,True,True,326578.91309914715,104239.68309914714,0.4688317176377157
80808,ALTO PICHIGUA,ESPINAR,CUSCO,153809.7,2022,0.0221499916665673,True,True,258049.38309914715,104239.68309914714,0.6777185255490852
130906,SANAGORAN,SANCHEZ CARRION,LA LIBERTAD,159158.78,2022,0.0192549457235207,True,True,263398.46309914713,104239.68309914714,0.6549414559419665
80207,SANGARARA,ACOMAYO,CUSCO,9165.5,2022,0.0271070414877773,True,True,113405.18309914714,104239.68309914714,11.373049271632441
80206,RONDOCAN,ACOMAYO,CUSCO,3320.0,2022,0.0256145109184466,True,True,107559.68309914714,104239.68309914714,31.397494909381667
80508,TUPAC AMARU,CANAS,CUSCO,29950.0,2022,0.0266604854391582,True,True,134189.68309914714,104239.68309914714,3.4804568647461482
80602,CHECACUPE,CANCHIS,CUSCO,27624.0,2022,0.0211789701744988,True,True,131863.68309914714,104239.68309914714,3.7735187915995922
80203,ACOS,ACOMAYO,CUSCO,0.0,2022,0.0225574203785246,True,True,104239.68309914714,104239.68309914714,
80707,QUIÑOTA,CHUMBIVILCAS,CUSCO,53550.0,2022,0.0244645114863915,True,True,157789.68309914714,104239.68309914714,1.9465860522716552
80604,MARANGANI,CANCHIS,CUSCO,54647.31,2022,0.0206592161143745,True,True,158886.99309914713,104239.68309914714,1.907498888767757
80605,PITUMARCA,CANCHIS,CUSCO,4168.0,2022,0.0258610241560386,True,True,108407.68309914714,104239.68309914714,25.00952089710824
80706,LLUSCO,CHUMBIVILCAS,CUSCO,207307.67,2022,0.0222720048879509,True,True,311547.35309914715,104239.68309914714,0.5028259837137098
80606,SAN PABLO,CANCHIS,CUSCO,5710.2,2022,0.0216944032558061,True,True,109949.88309914713,104239.68309914714,18.2549968651093
80607,SAN PEDRO,CANCHIS,CUSCO,0.0,2022,0.026716987322866,True,True,104239.68309914714,104239.68309914714,
130802,BULDIBUYO,PATAZ,LA LIBERTAD,18376.0,2022,0.0236392325288731,True,True,122615.68309914714,104239.68309914714,5.672599210880884
80702,CAPACMARCA,CHUMBIVILCAS,CUSCO,21849.8,2022,0.0297034059907009,True,True,126089.48309914714,104239.68309914714,4.7707385467668875
80608,TINTA,CANCHIS,CUSCO,3558.0,2022,0.0259107698574659,True,True,107797.68309914714,104239.68309914714,29.297268999198185
80603,COMBAPATA,CANCHIS,CUSCO,16549.5,2022,0.024715784939832,True,True,120789.18309914714,104239.68309914714,6.2986605697542
80204,MOSOC LLACTA,ACOMAYO,CUSCO,0.0,2022,0.0233077611335015,True,True,104239.68309914714,104239.68309914714,
80202,ACOPIA,ACOMAYO,CUSCO,0.0,2022,0.0266490129008998,True,True,104239.68309914714,104239.68309914714,
80308,PUCYURA,ANTA,CUSCO,4739.5,2022,0.0249760597708381,True,True,108979.18309914714,104239.68309914714,21.993814347325063
80307,MOLLEPATA,ANTA,CUSCO,0.0,2022,0.0188295219401105,True,True,104239.68309914714,104239.68309914714,
80305,HUAROCONDO,ANTA,CUSCO,0.0,2022,0.0219203727811994,True,True,104239.68309914714,104239.68309914714,
130806,HUAYO,PATAZ,LA LIBERTAD,22850.0,2022,0.0149538740755474,True,True,127089.68309914714,104239.68309914714,4.561911733004251
80807,SUYCKUTAMBO,ESPINAR,CUSCO,33640.51,2022,0.034714146560792,True,True,137880.19309914715,104239.68309914714,3.0986356359980016
130809,PATAZ,PATAZ,LA LIBERTAD,64693.1,2022,0.0156782131056855,True,True,168932.78309914714,104239.68309914714,1.6112952246707475
130810,PIAS,PATAZ,LA LIBERTAD,5530.0,2022,0.020256278625327,True,True,109769.68309914714,104239.68309914714,18.84985227832679
130903,COCHORCO,SANCHEZ CARRION,LA LIBERTAD,87873.0,2022,0.0199920923555704,True,True,192112.68309914714,104239.68309914714,1.1862538333634578
80802,CONDOROMA,ESPINAR,CUSCO,2000.0,2022,0.0427785712586714,True,True,106239.68309914714,104239.68309914714,52.119841549573565
130811,SANTIAGO DE CHALLAS,PATAZ,LA LIBERTAD,0.0,2022,0.0192385501635165,True,True,104239.68309914714,104239.68309914714,
130812,TAURIJA,PATAZ,LA LIBERTAD,15364.0,2022,0.0243905865707608,True,True,119603.68309914714,104239.68309914714,6.784670860397497
80501,YANAOCA,CANAS,CUSCO,5600.0,2022,0.026670184958515,True,True,109839.68309914714,104239.68309914714,18.614229124847704
80503,KUNTURKANKI,CANAS,CUSCO,90728.94,2022,0.0202910057478872,True,True,194968.62309914714,104239.68309914714,1.1489132695603754
131005,MOLLEPATA,SANTIAGO DE CHUCO,LA LIBERTAD,62182.5,2022,0.0239734487099068,True,True,166422.18309914714,104239.68309914714,1.6763507916077214
131006,QUIRUVILCA,SANTIAGO DE CHUCO,LA LIBERTAD,0.0,2022,0.0185804879899395,True,True,104239.68309914714,104239.68309914714,
80708,VELILLE,CHUMBIVILCAS,CUSCO,75906.78,2022,0.0209559543340184,True,True,180146.46309914713,104239.68309914714,1.3732591884301657
130813,URPAY,PATAZ,LA LIBERTAD,10716.0,2022,0.0210369933465786,True,True,114955.68309914714,104239.68309914714,9.727480692342958
80805,PALLPATA,ESPINAR,CUSCO,0.0,2022,0.0231061320862585,True,True,104239.68309914714,104239.68309914714,
160202,BALSAPUERTO,ALTO AMAZONAS,LORETO,86031.0,2022,0.0161776349971694,True,True,190270.68309914714,104239.68309914714,1.2116525798740818
160205,JEBEROS,ALTO AMAZONAS,LORETO,43000.0,2022,0.0226073689227153,True,True,147239.68309914714,104239.68309914714,2.424178676724352
151032,VIÑAC,YAUYOS,LIMA,0.0,2022,0.0202287993875896,True,True,104239.68309914714,104239.68309914714,
151033,VITIS,YAUYOS,LIMA,0.0,2021,0.0302688725545244,True,True,104239.68309914714,104239.68309914714,
160102,ALTO NANAY,MAYNAS,LORETO,28171.0,2022,0.0249568914438274,True,True,132410.68309914714,104239.68309914714,3.700247882544004
160103,FERNANDO LORES,MAYNAS,LORETO,39909.0,2022,0.016889285339683,True,True,144148.68309914714,104239.68309914714,2.6119342278470303
60507,TANTARICA,CONTUMAZA,CAJAMARCA,0.0,2022,0.0251287460363303,True,True,104239.68309914714,104239.68309914714,
60501,CONTUMAZA,CONTUMAZA,CAJAMARCA,13410.3,2022,0.0172700951022451,True,True,117649.98309914714,104239.68309914714,7.773105978177009
60504,GUZMANGO,CONTUMAZA,CAJAMARCA,12670.0,2022,0.0172832892440561,True,True,116909.68309914714,104239.68309914714,8.227283591092908
150802,AMBAR,HUAURA,LIMA,14460.0,2022,0.0156087648636247,True,True,118699.68309914714,104239.68309914714,7.2088300898442
150804,CHECRAS,HUAURA,LIMA,1999.89,2022,0.0220815382723619,True,True,106239.57309914714,104239.68309914714,52.122708298529986
150807,LEONCIO PRADO,HUAURA,LIMA,34700.0,2022,0.0264630962391285,True,True,138939.68309914714,104239.68309914714,3.0040254495431453
150808,PACCHO,HUAURA,LIMA,0.0,2022,0.0225516443702138,True,True,104239.68309914714,104239.68309914714,
150725,SAN PEDRO DE HUANCAYRE,HUAROCHIRI,LIMA,0.0,2022,0.0220777414447186,True,True,104239.68309914714,104239.68309914714,
150402,ARAHUAY,CANTA,LIMA,0.0,2022,0.018523307924927,True,True,104239.68309914714,104239.68309914714,
150901,OYON,OYON,LIMA,0.0,2022,0.0216413032478578,True,True,104239.68309914714,104239.68309914714,
150902,ANDAJES,OYON,LIMA,0.0,2022,0.0204530098706913,True,True,104239.68309914714,104239.68309914714,
150903,CAUJUL,OYON,LIMA,0.0,2022,0.0228836544181039,True,True,104239.68309914714,104239.68309914714,
150904,COCHAMARCA,OYON,LIMA,4370.0,2022,0.0195403318425255,True,True,108609.68309914714,104239.68309914714,23.853474393397516
60702,CHUGUR,HUALGAYOC,CAJAMARCA,45841.0,2022,0.0227520605321306,True,True,150080.68309914714,104239.68309914714,2.273939990383001
60610,SAN LUIS DE LUCMA,CUTERVO,CAJAMARCA,0.0,2022,0.0154842168965635,True,True,104239.68309914714,104239.68309914714,
151014,HUANCAYA,YAUYOS,LIMA,0.0,2022,0.0265517591229944,True,True,104239.68309914714,104239.68309914714,
150905,NAVAN,OYON,LIMA,2674.83,2022,0.018282187828587,True,True,106914.51309914714,104239.68309914714,38.970582466604284
150906,PACHANGARA,OYON,LIMA,0.0,2022,0.0182715579057919,True,True,104239.68309914714,104239.68309914714,
151001,YAUYOS,YAUYOS,LIMA,0.0,0,0.0195373179899929,True,True,104239.68309914714,104239.68309914714,
151002,ALIS,YAUYOS,LIMA,0.0,2022,0.0244732280788178,True,True,104239.68309914714,104239.68309914714,
151004,AYAVIRI,YAUYOS,LIMA,0.0,2022,0.0288004117344058,True,True,104239.68309914714,104239.68309914714,
151005,AZANGARO,YAUYOS,LIMA,1062.0,2022,0.0156004787654823,True,True,105301.68309914714,104239.68309914714,98.15412721200295
151006,CACRA,YAUYOS,LIMA,0.0,2022,0.0224456013509863,True,True,104239.68309914714,104239.68309914714,
151019,LINCHA,YAUYOS,LIMA,3420.0,2022,0.036576950477468,True,True,107659.68309914714,104239.68309914714,30.4794395026746
150809,SANTA LEONOR,HUAURA,LIMA,0.0,2022,0.030088252095179,True,True,104239.68309914714,104239.68309914714,
51103,CARHUANCA,VILCAS HUAMAN,AYACUCHO,0.0,2022,0.0224536739398788,True,True,104239.68309914714,104239.68309914714,
51104,CONCEPCION,VILCAS HUAMAN,AYACUCHO,19986.75,2022,0.0202813020816477,True,True,124226.43309914714,104239.68309914714,5.215439383548958
51001,HUANCAPI,VICTOR FAJARDO,AYACUCHO,3000.0,2022,0.0222606071555543,True,True,107239.68309914714,104239.68309914714,34.74656103304905
50704,PACAPAUSA,PARINACOCHAS,AYACUCHO,0.0,2022,0.0278334339652212,True,True,104239.68309914714,104239.68309914714,
60110,MATARA,CAJAMARCA,CAJAMARCA,15688.5,2022,0.0182104073282301,True,True,119928.18309914714,104239.68309914714,6.644337132239993
51105,HUAMBALPA,VILCAS HUAMAN,AYACUCHO,0.0,2022,0.0192125060350883,True,True,104239.68309914714,104239.68309914714,
51106,INDEPENDENCIA,VILCAS HUAMAN,AYACUCHO,0.0,2022,0.0231928256596945,True,True,104239.68309914714,104239.68309914714,
51108,VISCHONGO,VILCAS HUAMAN,AYACUCHO,0.0,2022,0.0212899716039982,True,True,104239.68309914714,104239.68309914714,
51009,HUANCARAYLLA,VICTOR FAJARDO,AYACUCHO,0.0,2022,0.0234367958358962,True,True,104239.68309914714,104239.68309914714,
60302,CHUMUCH,CELENDIN,CAJAMARCA,61511.0,2022,0.0180806523488666,True,True,165750.68309914714,104239.68309914714,1.6946510884093435
60303,CORTEGANA,CELENDIN,CAJAMARCA,47256.0,2022,0.0168759974785486,True,True,151495.68309914714,104239.68309914714,2.2058507512093097
151015,HUANGASCAR,YAUYOS,LIMA,1596.5,2021,0.0185980052409652,True,True,105836.18309914714,104239.68309914714,65.29262956413851
151016,HUANTAN,YAUYOS,LIMA,2100.0,2022,0.0301029103692453,True,True,106339.68309914714,104239.68309914714,49.637944332927205
151017,HUAÑEC,YAUYOS,LIMA,0.0,2022,0.0233733527116205,True,True,104239.68309914714,104239.68309914714,
151031,TUPE,YAUYOS,LIMA,0.0,2022,0.0292226850510911,True,True,104239.68309914714,104239.68309914714,
60412,MIRACOSTA,CHOTA,CAJAMARCA,12700.0,2022,0.02201816891466,True,True,116939.68309914714,104239.68309914714,8.207849062924971
60416,SAN JUAN DE LICUPIS,CHOTA,CAJAMARCA,2580.0,2022,0.0263639260021267,True,True,106819.68309914714,104239.68309914714,40.402977945405866
60402,ANGUIA,CHOTA,CAJAMARCA,6700.0,2022,0.015880330914852,True,True,110939.68309914714,104239.68309914714,15.558161656589125
60403,CHADIN,CHOTA,CAJAMARCA,19095.0,2022,0.0217143274887396,True,True,123334.68309914714,104239.68309914714,5.4590040900312715
60307,MIGUEL IGLESIAS,CELENDIN,CAJAMARCA,19789.4,2022,0.0207183741300956,True,True,124029.08309914713,104239.68309914714,5.2674504077509745
60308,OXAMARCA,CELENDIN,CAJAMARCA,54935.47,2022,0.0218973353934713,True,True,159175.15309914714,104239.68309914714,1.8974932425106608
60312,LA LIBERTAD DE PALLAN,CELENDIN,CAJAMARCA,42425.0,2022,0.0209425212045621,True,True,146664.68309914714,104239.68309914714,2.457034368866167
60201,CAJABAMBA,CAJABAMBA,CAJAMARCA,23083.1,2022,0.0182390098085073,True,True,127322.78309914714,104239.68309914714,4.515844193333961
160104,INDIANA,MAYNAS,LORETO,58587.0,2022,0.0149824623684592,True,True,162826.68309914714,104239.68309914714,1.7792288920604764
160105,LAS AMAZONAS,MAYNAS,LORETO,83622.5,2022,0.0211001806979891,True,True,187862.18309914714,104239.68309914714,1.246550666377436
160106,MAZAN,MAYNAS,LORETO,0.0,2022,0.0208840523572035,True,True,104239.68309914714,104239.68309914714,
151024,QUINCHES,YAUYOS,LIMA,0.0,2022,0.0249869170131314,True,True,104239.68309914714,104239.68309914714,
151028,TANTA,YAUYOS,LIMA,0.0,2021,0.0382710601845058,True,True,104239.68309914714,104239.68309914714,
151029,TAURIPAMPA,YAUYOS,LIMA,0.0,2022,0.0251555440402734,True,True,104239.68309914714,104239.68309914714,
151030,TOMAS,YAUYOS,LIMA,0.0,2022,0.0280467882863672,True,True,104239.68309914714,104239.68309914714,
151018,LARAOS,YAUYOS,LIMA,0.0,2022,0.0366388294519877,True,True,104239.68309914714,104239.68309914714,
150732,SURCO,HUAROCHIRI,LIMA,0.0,2022,0.0153375523461511,True,True,104239.68309914714,104239.68309914714,
150717,SAN BARTOLOME,HUAROCHIRI,LIMA,0.0,2022,0.0166166029913589,True,True,104239.68309914714,104239.68309914714,
150718,SAN DAMIAN,HUAROCHIRI,LIMA,0.0,2022,0.0236344462534631,True,True,104239.68309914714,104239.68309914714,
150719,SAN JUAN DE IRIS,HUAROCHIRI,LIMA,0.0,2021,0.033908767761096,True,True,104239.68309914714,104239.68309914714,
150720,SAN JUAN DE TANTARANCHE,HUAROCHIRI,LIMA,0.0,2022,0.0317358398659489,True,True,104239.68309914714,104239.68309914714,
140116,CAYALTI,CHICLAYO,LAMBAYEQUE,2990.0,2022,0.017004864554241,True,True,107229.68309914714,104239.68309914714,34.86277026727329
131102,LUCMA,GRAN CHIMU,LA LIBERTAD,33896.0,2022,0.0247119947856244,True,True,138135.68309914714,104239.68309914714,3.075279770449231
131103,MARMOT,GRAN CHIMU,LA LIBERTAD,38985.73,2022,0.0185743676593409,True,True,143225.41309914715,104239.68309914714,2.6737907203263123
131002,ANGASMARCA,SANTIAGO DE CHUCO,LA LIBERTAD,0.0,2022,0.017706963499738,True,True,104239.68309914714,104239.68309914714,
131003,CACHICADAN,SANTIAGO DE CHUCO,LA LIBERTAD,1500.0,2022,0.019219576779973,True,True,105739.68309914714,104239.68309914714,69.4931220660981
131004,MOLLEBAMBA,SANTIAGO DE CHUCO,LA LIBERTAD,0.0,2022,0.0162876299183816,True,True,104239.68309914714,104239.68309914714,
150302,COPA,CAJATAMBO,LIMA,0.0,2022,0.0270624170326432,True,True,104239.68309914714,104239.68309914714,
150303,GORGOR,CAJATAMBO,LIMA,10269.45,2022,0.0242462937412395,True,True,114509.13309914713,104239.68309914714,10.15046405592774
150304,HUANCAPON,CAJATAMBO,LIMA,0.0,2022,0.0252939808155237,True,True,104239.68309914714,104239.68309914714,
151020,MADEAN,YAUYOS,LIMA,0.0,2022,0.0338430065598355,True,True,104239.68309914714,104239.68309914714,
130303,CONDORMARCA,BOLIVAR,LA LIBERTAD,9636.0,2022,0.0217448012752458,True,True,113875.68309914714,104239.68309914714,10.81773382099908
150403,HUAMANTANGA,CANTA,LIMA,8606.5,2022,0.0188320714740183,False,True,112846.18309914714,104239.68309914714,12.111739162161987
140203,INCAHUASI,FERREÑAFE,LAMBAYEQUE,151588.3,2022,0.0187499371701418,True,True,255827.98309914712,104239.68309914714,0.6876499248236648
80107,SAYLLA,CUSCO,CUSCO,0.0,2022,0.0239511450271275,True,True,104239.68309914714,104239.68309914714,
61111,SAN SILVESTRE DE COCHAN,SAN MIGUEL,CAJAMARCA,21795.95,2022,0.020748986297887,True,True,126035.63309914713,104239.68309914714,4.78252533608983
61112,TONGOD,SAN MIGUEL,CAJAMARCA,19969.5,2022,0.0188516347180022,True,True,124209.18309914714,104239.68309914714,5.219944570427258
61204,TUMBADEN,SAN PABLO,CAJAMARCA,21410.9,2022,0.0210246081826441,True,True,125650.58309914713,104239.68309914714,4.868533461888437
150404,HUAROS,CANTA,LIMA,0.0,2022,0.0319440712773308,True,True,104239.68309914714,104239.68309914714,
150405,LACHAQUI,CANTA,LIMA,0.0,2022,0.0171831789006937,True,True,104239.68309914714,104239.68309914714,
150301,CAJATAMBO,CAJATAMBO,LIMA,0.0,2022,0.0306604653802107,True,True,104239.68309914714,104239.68309914714,
150606,IHUARI,HUARAL,LIMA,0.0,2022,0.020382855328531,True,True,104239.68309914714,104239.68309914714,
150608,PACARAOS,HUARAL,LIMA,3550.0,2021,0.0232995894339892,True,True,107789.68309914714,104239.68309914714,29.363291013844265
150610,SANTA CRUZ DE ANDAMARCA,HUARAL,LIMA,9008.0,2021,0.0204003764587331,True,True,113247.68309914714,104239.68309914714,11.571900876903545
150611,SUMBILCA,HUARAL,LIMA,0.0,2021,0.023879761709104,True,True,104239.68309914714,104239.68309914714,
150602,ATAVILLOS ALTO,HUARAL,LIMA,1812.76,2022,0.0305008465411904,True,True,106052.44309914713,104239.68309914714,57.503300546761366
150401,CANTA,CANTA,LIMA,1800.0,2022,0.0219047967147589,True,True,106039.68309914714,104239.68309914714,57.910935055081744
151021,MIRAFLORES,YAUYOS,LIMA,0.0,2022,0.0310745055649785,True,True,104239.68309914714,104239.68309914714,
151007,CARANIA,YAUYOS,LIMA,0.0,2021,0.0273435739969718,True,True,104239.68309914714,104239.68309914714,
151009,CHOCOS,YAUYOS,LIMA,12600.6,2022,0.022091477987725,True,True,116840.28309914714,104239.68309914714,8.272596788974107
151010,COCHAS,YAUYOS,LIMA,0.0,0,0.0158270447768581,False,True,104239.68309914714,104239.68309914714,
151011,COLONIA,YAUYOS,LIMA,0.0,2022,0.0215005453672534,True,True,104239.68309914714,104239.68309914714,
151012,HONGOS,YAUYOS,LIMA,0.0,2022,0.0262279771353009,True,True,104239.68309914714,104239.68309914714,
61004,GREGORIO PITA,SAN MARCOS,CAJAMARCA,17116.0,2022,0.0178718515037315,True,True,121355.68309914714,104239.68309914714,6.090189477631873
61007,JOSE SABOGAL,SAN MARCOS,CAJAMARCA,94418.1,2022,0.0213122966510225,True,True,198657.78309914714,104239.68309914714,1.1040222489029872
150701,MATUCANA,HUAROCHIRI,LIMA,0.0,2022,0.0164209401464882,True,True,104239.68309914714,104239.68309914714,
150704,CARAMPOMA,HUAROCHIRI,LIMA,0.0,2021,0.0293341848711093,True,True,104239.68309914714,104239.68309914714,
150705,CHICLA,HUAROCHIRI,LIMA,0.0,2022,0.0281848318723073,True,True,104239.68309914714,104239.68309914714,
150706,CUENCA,HUAROCHIRI,LIMA,1305.0,2022,0.0308043327476528,True,True,105544.68309914714,104239.68309914714,79.87715180011274
150708,HUANZA,HUAROCHIRI,LIMA,0.0,2022,0.0313048061091163,True,True,104239.68309914714,104239.68309914714,
150713,MARIATANA,HUAROCHIRI,LIMA,27206.4,2022,0.0280752586701431,True,True,131446.08309914713,104239.68309914714,3.831439775168605
150730,SANTIAGO DE TUNA,HUAROCHIRI,LIMA,0.0,2022,0.0222719120592856,True,True,104239.68309914714,104239.68309914714,
61103,CALQUIS,SAN MIGUEL,CAJAMARCA,19615.0,2022,0.0160288168213253,True,True,123854.68309914714,104239.68309914714,5.314284124351116
61104,CATILLUC,SAN MIGUEL,CAJAMARCA,19868.0,2022,0.0193348839708569,True,True,124107.68309914714,104239.68309914714,5.2466117927897695
61105,EL PRADO,SAN MIGUEL,CAJAMARCA,25731.0,2022,0.0211256609742188,True,True,129970.68309914714,104239.68309914714,4.051132217914078
61107,LLAPA,SAN MIGUEL,CAJAMARCA,8064.0,2022,0.0199262246539202,True,True,112303.68309914714,104239.68309914714,12.92654800336646
61002,CHANCAY,SAN MARCOS,CAJAMARCA,25510.0,2022,0.0173683509244886,True,True,129749.68309914714,104239.68309914714,4.086228267312706
150721,SAN LORENZO DE QUINTI,HUAROCHIRI,LIMA,0.0,2022,0.02112919091398,True,True,104239.68309914714,104239.68309914714,
150722,SAN MATEO,HUAROCHIRI,LIMA,0.0,2022,0.0267611406232809,True,True,104239.68309914714,104239.68309914714,
150723,SAN MATEO DE OTAO,HUAROCHIRI,LIMA,1517.45,2022,0.0158487192982625,True,True,105757.13309914713,104239.68309914714,68.6939820746299
150724,SAN PEDRO DE CASTA,HUAROCHIRI,LIMA,0.0,2022,0.0207512230230247,True,True,104239.68309914714,104239.68309914714,
150709,HUAROCHIRI,HUAROCHIRI,LIMA,0.0,2022,0.0270746469499128,True,True,104239.68309914714,104239.68309914714,
150710,LAHUAYTAMBO,HUAROCHIRI,LIMA,0.0,2022,0.0224657554584974,True,True,104239.68309914714,104239.68309914714,
150711,LANGA,HUAROCHIRI,LIMA,0.0,2022,0.0171412233177487,True,True,104239.68309914714,104239.68309914714,
150712,LARAOS,HUAROCHIRI,LIMA,12039.01,2022,0.0368428043373918,True,True,116278.69309914713,104239.68309914714,8.658492940793897
150726,SANGALLAYA,HUAROCHIRI,LIMA,16722.0,2022,0.0278606273139325,True,True,120961.68309914714,104239.68309914714,6.233685151246689
150729,SANTIAGO DE ANCHUCAYA,HUAROCHIRI,LIMA,0.0,2021,0.0264385157184802,True,True,104239.68309914714,104239.68309914714,
150715,SAN ANDRES DE TUPICOCHA,HUAROCHIRI,LIMA,0.0,2022,0.0160999348746254,True,True,104239.68309914714,104239.68309914714,
101004,QUEROPALCA,LAURICOCHA,HUANUCO,0.0,2022,0.0214226756215999,True,True,104239.68309914714,104239.68309914714,
101005,RONDOS,LAURICOCHA,HUANUCO,26093.0,2022,0.0216817779261222,True,True,130332.68309914714,104239.68309914714,3.994929026909406
101006,SAN FRANCISCO DE ASIS,LAURICOCHA,HUANUCO,0.0,2022,0.020748531862622,True,True,104239.68309914714,104239.68309914714,
101007,SAN MIGUEL DE CAURI,LAURICOCHA,HUANUCO,24795.5,2022,0.0195038191275531,True,True,129035.18309914714,104239.68309914714,4.20397584638935
101101,CHAVINILLO,YAROWILCA,HUANUCO,257017.78,2022,0.0220182586823058,True,True,361257.46309914713,104239.68309914714,0.40557382099848166
101102,CAHUAC,YAROWILCA,HUANUCO,0.0,2022,0.0265351104194857,True,True,104239.68309914714,104239.68309914714,
100902,CODO DEL POZUZO,PUERTO INCA,HUANUCO,76098.4,2022,0.0193782468548727,True,True,180338.08309914713,104239.68309914714,1.3698012454814705
101001,JESUS,LAURICOCHA,HUANUCO,0.0,2022,0.0189022172501259,True,True,104239.68309914714,104239.68309914714,
120402,ACOLLA,JAUJA,JUNIN,0.0,2022,0.0266261732721987,True,True,104239.68309914714,104239.68309914714,
120403,APATA,JAUJA,JUNIN,0.0,2022,0.0213341931808013,True,True,104239.68309914714,104239.68309914714,
120404,ATAURA,JAUJA,JUNIN,0.0,2022,0.0218497901062974,True,True,104239.68309914714,104239.68309914714,
120405,CANCHAYLLO,JAUJA,JUNIN,0.0,2022,0.0255089534354866,True,True,104239.68309914714,104239.68309914714,
120406,CURICACA,JAUJA,JUNIN,4349.0,2022,0.0169248005316032,True,True,108588.68309914714,104239.68309914714,23.968655575798376
81210,OCONGATE,QUISPICANCHI,CUSCO,248806.65,2022,0.0246105442239571,True,True,353046.33309914713,104239.68309914714,0.4189585893268815
101003,JIVIA,LAURICOCHA,HUANUCO,5697.9,2022,0.0261353140721816,True,True,109937.58309914713,104239.68309914714,18.294403745089795
120422,PACA,JAUJA,JUNIN,0.0,2022,0.0196594846781848,True,True,104239.68309914714,104239.68309914714,
120407,EL MANTARO,JAUJA,JUNIN,0.0,2022,0.0183720308846512,True,True,104239.68309914714,104239.68309914714,
120408,HUAMALI,JAUJA,JUNIN,0.0,2022,0.0179606355920503,True,True,104239.68309914714,104239.68309914714,
120409,HUARIPAMPA,JAUJA,JUNIN,0.0,2022,0.0180181859084633,True,True,104239.68309914714,104239.68309914714,
120410,HUERTAS,JAUJA,JUNIN,0.0,2022,0.0170828487942751,True,True,104239.68309914714,104239.68309914714,
120411,JANJAILLO,JAUJA,JUNIN,2939.0,2022,0.0212491420723549,True,True,107178.68309914714,104239.68309914714,35.46773838011131
120412,JULCAN,JAUJA,JUNIN,0.0,2022,0.0203528871127935,True,True,104239.68309914714,104239.68309914714,
120414,LLOCLLAPAMPA,JAUJA,JUNIN,0.0,2022,0.0212092324263483,True,True,104239.68309914714,104239.68309914714,
120429,SAN PEDRO DE CHUNAN,JAUJA,JUNIN,0.0,2022,0.0181601800927294,True,True,104239.68309914714,104239.68309914714,
120430,SAUSA,JAUJA,JUNIN,18180.2,2022,0.0156511742260114,True,True,122419.88309914713,104239.68309914714,5.7336928691184434
120415,MARCO,JAUJA,JUNIN,0.0,2022,0.0196708150809145,True,True,104239.68309914714,104239.68309914714,
120416,MASMA,JAUJA,JUNIN,0.0,2022,0.018088800197464,True,True,104239.68309914714,104239.68309914714,
120417,MASMA CHICCHE,JAUJA,JUNIN,3692.4,2022,0.0232493226058134,True,True,107932.08309914713,104239.68309914714,28.23087506747566
101002,BAÑOS,LAURICOCHA,HUANUCO,0.0,2022,0.0205458177325785,True,True,104239.68309914714,104239.68309914714,
100206,SAN FRANCISCO,AMBO,HUANUCO,0.0,2022,0.0232379940965465,True,True,104239.68309914714,104239.68309914714,
120423,PACCHA,JAUJA,JUNIN,3670.0,2022,0.0157248707343608,True,True,107909.68309914714,104239.68309914714,28.403183405762164
120424,PANCAN,JAUJA,JUNIN,2518.0,2022,0.0228483363183643,True,True,106757.68309914714,104239.68309914714,41.39780901475264
120425,PARCO,JAUJA,JUNIN,0.0,2022,0.0203924511253731,True,True,104239.68309914714,104239.68309914714,
120426,POMACANCHA,JAUJA,JUNIN,0.0,2022,0.0214341598912917,True,True,104239.68309914714,104239.68309914714,
120427,RICRAN,JAUJA,JUNIN,0.0,2022,0.0236172654609229,True,True,104239.68309914714,104239.68309914714,
120428,SAN LORENZO,JAUJA,JUNIN,0.0,2022,0.0219327879635629,True,True,104239.68309914714,104239.68309914714,
100313,PACHAS,DOS DE MAYO,HUANUCO,611.0,2022,0.0227129982482756,True,True,104850.68309914714,104239.68309914714,170.60504598878418
100316,QUIVILLA,DOS DE MAYO,HUANUCO,0.0,2022,0.0196245581497155,True,True,104239.68309914714,104239.68309914714,
100317,RIPAN,DOS DE MAYO,HUANUCO,1485.9,2022,0.0217637255611912,True,True,105725.58309914713,104239.68309914714,70.15255609337582
100321,SHUNQUI,DOS DE MAYO,HUANUCO,9136.0,2022,0.0174216397289705,True,True,113375.68309914714,104239.68309914714,11.409772668470572
100322,SILLAPATA,DOS DE MAYO,HUANUCO,5859.0,2022,0.0204463932751405,True,True,110098.68309914714,104239.68309914714,17.791377897106525
100323,YANAS,DOS DE MAYO,HUANUCO,0.0,2022,0.0182699177062249,True,True,104239.68309914714,104239.68309914714,
100202,CAYNA,AMBO,HUANUCO,17533.5,2022,0.0192301116395085,True,True,121773.18309914714,104239.68309914714,5.945172561048686
100510,SINGA,HUAMALIES,HUANUCO,46623.1,2022,0.0215416549795573,True,True,150862.78309914714,104239.68309914714,2.235794769098304
100511,TANTAMAYO,HUAMALIES,HUANUCO,13540.0,2022,0.0176754837510912,True,True,117779.68309914714,104239.68309914714,7.698647200823275
100401,HUACAYBAMBA,HUACAYBAMBA,HUANUCO,0.0,2022,0.0198049453405199,True,True,104239.68309914714,104239.68309914714,
100403,COCHABAMBA,HUACAYBAMBA,HUANUCO,5448.0,2022,0.0179657503380406,True,True,109687.68309914714,104239.68309914714,19.133568850797932
100404,PINRA,HUACAYBAMBA,HUANUCO,27970.0,2022,0.0186618412444376,True,True,132209.68309914714,104239.68309914714,3.7268388666123395
100502,ARANCAY,HUAMALIES,HUANUCO,11011.11,2022,0.0164640700759456,True,True,115250.79309914714,104239.68309914714,9.466773386075257
100503,CHAVIN DE PARIARCA,HUAMALIES,HUANUCO,0.0,2022,0.0253123220103382,True,True,104239.68309914714,104239.68309914714,
100504,JACAS GRANDE,HUAMALIES,HUANUCO,52636.84,2022,0.0217001265811139,True,True,156876.52309914713,104239.68309914714,1.980356022495787
100307,CHUQUIS,DOS DE MAYO,HUANUCO,0.0,2022,0.0243260398040405,True,True,104239.68309914714,104239.68309914714,
90713,QUISHUAR,TAYACAJA,HUANCAVELICA,0.0,2022,0.020582404553108,True,True,104239.68309914714,104239.68309914714,
90715,SALCAHUASI,TAYACAJA,HUANCAVELICA,17814.0,2022,0.021774067446438,True,True,122053.68309914714,104239.68309914714,5.85155962159802
100505,JIRCAN,HUAMALIES,HUANUCO,3859.0,2022,0.0172894695679534,True,True,108098.68309914714,104239.68309914714,27.012097201126494
100506,MIRAFLORES,HUAMALIES,HUANUCO,0.0,2022,0.0284628331054191,True,True,104239.68309914714,104239.68309914714,
100508,PUNCHAO,HUAMALIES,HUANUCO,0.0,2022,0.0237321085306262,True,True,104239.68309914714,104239.68309914714,
100509,PUÑOS,HUAMALIES,HUANUCO,18949.73,2022,0.0279217171899744,True,True,123189.41309914713,104239.68309914714,5.50085321000073
100203,COLPAS,AMBO,HUANUCO,12948.86,2022,0.0168735525781443,True,True,117188.54309914714,104239.68309914714,8.050105036207599
220202,ALTO BIAVO,BELLAVISTA,SAN MARTIN,0.0,2022,0.0169873059267837,True,True,104239.68309914714,104239.68309914714,
211306,TINICACHI,YUNGUYO,PUNO,0.0,2022,0.0208654312780336,True,True,104239.68309914714,104239.68309914714,
211307,UNICACHI,YUNGUYO,PUNO,0.0,2022,0.0257549738291872,True,True,104239.68309914714,104239.68309914714,
211210,SAN PEDRO DE PUTINA PUNCO,SANDIA,PUNO,62404.5,2022,0.0164801662676737,True,True,166644.18309914714,104239.68309914714,1.6703872813522604
211302,ANAPIA,YUNGUYO,PUNO,0.0,2022,0.0223590455009441,True,True,104239.68309914714,104239.68309914714,
211303,COPANI,YUNGUYO,PUNO,20911.17,2022,0.0277794987783166,True,True,125150.85309914713,104239.68309914714,4.984880477713449
230406,SUSAPAYA,TARATA,TACNA,0.0,2022,0.032882068315205,True,True,104239.68309914714,104239.68309914714,
10402,EL CENEPA,CONDORCANQUI,AMAZONAS,112016.0,2022,0.0177669989505633,True,True,216255.68309914714,104239.68309914714,0.9305785164543202
10503,COCABAMBA,LUYA,AMAZONAS,6050.0,2022,0.0154410952088413,True,True,110289.68309914714,104239.68309914714,17.229699685809443
230107,PALCA,TACNA,TACNA,37351.21,2022,0.0329332373041614,True,True,141590.89309914713,104239.68309914714,2.7907980249942943
221003,POLVORA,TOCACHE,SAN MARTIN,33658.0,2022,0.0183992732473999,True,True,137897.68309914714,104239.68309914714,3.0970254649458417
220907,HUIMBAYOC,SAN MARTIN,SAN MARTIN,0.0,2022,0.0155557019409687,True,True,104239.68309914714,104239.68309914714,
220603,HUICUNGO,MARISCAL CACERES,SAN MARTIN,10000.0,2022,0.0159891245202724,True,True,114239.68309914714,104239.68309914714,10.423968309914713
220604,PACHIZA,MARISCAL CACERES,SAN MARTIN,0.0,2022,0.0156066634522718,True,True,104239.68309914714,104239.68309914714,
120418,MOLINOS,JAUJA,JUNIN,0.0,2022,0.0220038497713845,True,True,104239.68309914714,104239.68309914714,
230202,CAIRANI,CANDARAVE,TACNA,0.0,2022,0.0234433430798989,True,True,104239.68309914714,104239.68309914714,
230203,CAMILACA,CANDARAVE,TACNA,0.0,0,0.0268014265693668,True,True,104239.68309914714,104239.68309914714,
230205,HUANUARA,CANDARAVE,TACNA,0.0,2022,0.0160060302623128,True,True,104239.68309914714,104239.68309914714,
10520,SANTA CATALINA,LUYA,AMAZONAS,10510.0,2022,0.0150647747433788,True,True,114749.68309914714,104239.68309914714,9.918143016093923
10521,SANTO TOMAS,LUYA,AMAZONAS,16600.5,2022,0.0217520327918174,True,True,120840.18309914714,104239.68309914714,6.279309846037598
10507,LONGUITA,LUYA,AMAZONAS,6558.5,2022,0.0165456569753155,True,True,110798.18309914714,104239.68309914714,15.893829854257397
10511,MARIA,LUYA,AMAZONAS,253812.85,2022,0.0182205939033877,True,True,358052.53309914714,104239.68309914714,0.4106950577921769
230407,TARUCACHI,TARATA,TACNA,0.0,0,0.0254740749518939,True,True,104239.68309914714,104239.68309914714,
230408,TICACO,TARATA,TACNA,0.0,2022,0.0288589993707217,True,True,104239.68309914714,104239.68309914714,
230206,QUILAHUANI,CANDARAVE,TACNA,0.0,2022,0.0184268196884105,True,True,104239.68309914714,104239.68309914714,
230401,TARATA,TARATA,TACNA,0.0,2022,0.0246894992093035,True,True,104239.68309914714,104239.68309914714,
230402,HEROES ALBARRACIN CHUCATAMANI,TARATA,TACNA,0.0,0,0.0159019230695523,True,True,104239.68309914714,104239.68309914714,
230403,ESTIQUE,TARATA,TACNA,0.0,2022,0.0219586852870883,True,True,104239.68309914714,104239.68309914714,
230404,ESTIQUE-PAMPA,TARATA,TACNA,0.0,2021,0.0195263502555893,True,True,104239.68309914714,104239.68309914714,
230201,CANDARAVE,CANDARAVE,TACNA,0.0,2022,0.0285549913845666,True,True,104239.68309914714,104239.68309914714,
120420,MUQUI,JAUJA,JUNIN,2200.0,2022,0.0193673857134211,True,True,106439.68309914714,104239.68309914714,47.38167413597597
120421,MUQUIYAUYO,JAUJA,JUNIN,0.0,2022,0.021606622422138,True,True,104239.68309914714,104239.68309914714,
250203,TAHUANIA,ATALAYA,UCAYALI,115952.0,2022,0.0183771613773508,True,True,220191.68309914714,104239.68309914714,0.8989899535941349
250204,YURUA,ATALAYA,UCAYALI,69042.0,2022,0.0238117708462492,True,True,173281.68309914714,104239.68309914714,1.5098010355891651
250103,IPARIA,CORONEL PORTILLO,UCAYALI,132393.0,2022,0.0189553605631895,True,True,236632.68309914714,104239.68309914714,0.7873504120244056
10109,LA JALCA,CHACHAPOYAS,AMAZONAS,0.0,2022,0.0180458969928584,True,True,104239.68309914714,104239.68309914714,
10111,LEVANTO,CHACHAPOYAS,AMAZONAS,19562.1,2022,0.0220819671353481,True,True,123801.78309914714,104239.68309914714,5.328655057440006
10106,CHUQUIBAMBA,CHACHAPOYAS,AMAZONAS,12173.0,2022,0.023118392763076,True,True,116412.68309914714,104239.68309914714,8.563187636502681
10107,GRANADA,CHACHAPOYAS,AMAZONAS,1691.33,2022,0.020830936430267,True,True,105931.01309914714,104239.68309914714,61.63178273852361
120105,CHACAPAMPA,HUANCAYO,JUNIN,0.0,2022,0.0188030423856761,True,True,104239.68309914714,104239.68309914714,
120106,CHICCHE,HUANCAYO,JUNIN,0.0,2022,0.0216610447815407,True,True,104239.68309914714,104239.68309914714,
120108,CHONGOS ALTO,HUANCAYO,JUNIN,0.0,2022,0.025640921010208,True,True,104239.68309914714,104239.68309914714,
120111,CHUPURO,HUANCAYO,JUNIN,0.0,2022,0.0176434693648538,True,True,104239.68309914714,104239.68309914714,
110405,TIBILLO,PALPA,ICA,0.0,2022,0.0149778743138022,True,True,104239.68309914714,104239.68309914714,
110203,CHAVIN,CHINCHA,ICA,5690.0,2022,0.0289826515846516,True,True,109929.68309914714,104239.68309914714,18.319803708110218
120113,CULLHUAS,HUANCAYO,JUNIN,0.0,2022,0.0192548593947427,True,True,104239.68309914714,104239.68309914714,
120116,HUACRAPUQUIO,HUANCAYO,JUNIN,0.0,2022,0.019009579697145,True,True,104239.68309914714,104239.68309914714,
120117,HUALHUAS,HUANCAYO,JUNIN,22513.28,2022,0.0214003145454365,True,True,126752.96309914713,104239.68309914714,4.630141991710987
120119,HUANCAN,HUANCAYO,JUNIN,98436.5,2022,0.017810926965388,True,True,202676.18309914714,104239.68309914714,1.0589535700593493
120120,HUASICANCHA,HUANCAYO,JUNIN,847.0,2022,0.0269998665442888,True,True,105086.68309914714,104239.68309914714,123.06928347006746
120121,HUAYUCACHI,HUANCAYO,JUNIN,46613.0,2022,0.0178900331138446,True,True,150852.68309914714,104239.68309914714,2.2362792160802165
120104,CARHUACALLANGA,HUANCAYO,JUNIN,0.0,2021,0.0189725615076912,True,True,104239.68309914714,104239.68309914714,
120124,PARIAHUANCA,HUANCAYO,JUNIN,15848.0,2022,0.0165295759243363,True,True,120087.68309914714,104239.68309914714,6.577466121854312
120125,PILCOMAYO,HUANCAYO,JUNIN,69403.75,2022,0.0187429165371441,True,True,173643.43309914714,104239.68309914714,1.5019315685268755
120126,PUCARA,HUANCAYO,JUNIN,0.0,2022,0.0228515295668883,True,True,104239.68309914714,104239.68309914714,
120127,QUICHUAY,HUANCAYO,JUNIN,850.0,2022,0.0242750980337547,True,True,105089.68309914714,104239.68309914714,122.63492129311427
120128,QUILCAS,HUANCAYO,JUNIN,0.0,2022,0.0206686053814346,True,True,104239.68309914714,104239.68309914714,
120129,SAN AGUSTIN,HUANCAYO,JUNIN,66868.38,2022,0.0209424414375778,True,True,171108.06309914714,104239.68309914714,1.5588785476655354
120130,SAN JERONIMO DE TUNAN,HUANCAYO,JUNIN,0.0,2022,0.0202941589564432,True,True,104239.68309914714,104239.68309914714,
250202,SEPAHUA,ATALAYA,UCAYALI,0.0,2022,0.0216993492354944,True,True,104239.68309914714,104239.68309914714,
90119,HUANDO,HUANCAVELICA,HUANCAVELICA,15893.0,2022,0.0250738974038224,True,True,120132.68309914714,104239.68309914714,6.558842452598448
90105,CUENCA,HUANCAVELICA,HUANCAVELICA,12035.0,2022,0.0174310622456633,True,True,116274.68309914714,104239.68309914714,8.661377906036321
90106,HUACHOCOLPA,HUANCAVELICA,HUANCAVELICA,14531.5,2022,0.0273165812986423,True,True,118771.18309914714,104239.68309914714,7.173360155465516
90202,ANDABAMBA,ACOBAMBA,HUANCAVELICA,0.0,0,0.0239808036737101,True,True,104239.68309914714,104239.68309914714,
90203,ANTA,ACOBAMBA,HUANCAVELICA,26722.5,2022,0.0275138565383888,True,True,130962.18309914714,104239.68309914714,3.9008207727251243
90204,CAJA,ACOBAMBA,HUANCAVELICA,0.0,2022,0.0194267917103568,True,True,104239.68309914714,104239.68309914714,
90205,MARCAS,ACOBAMBA,HUANCAVELICA,0.0,2022,0.0201128771870141,True,True,104239.68309914714,104239.68309914714,
90206,PAUCARA,ACOBAMBA,HUANCAVELICA,0.0,2022,0.0261081002015522,True,True,104239.68309914714,104239.68309914714,
90207,POMACOCHA,ACOBAMBA,HUANCAVELICA,0.0,2022,0.024084409652498,True,True,104239.68309914714,104239.68309914714,
90208,ROSARIO,ACOBAMBA,HUANCAVELICA,157084.36,2022,0.0276535829185886,True,True,261324.04309914712,104239.68309914714,0.6635904624696383
90405,CHUPAMARCA,CASTROVIRREYNA,HUANCAVELICA,6120.0,2022,0.0404794740162142,True,True,110359.68309914714,104239.68309914714,17.032627957376985
90302,ANCHONGA,ANGARAES,HUANCAVELICA,27344.0,2022,0.0257189416052876,True,True,131583.68309914714,104239.68309914714,3.8121592707411915
90304,CCOCHACCASA,ANGARAES,HUANCAVELICA,36480.0,2022,0.0239313805088226,True,True,140719.68309914714,104239.68309914714,2.8574474533757437
120706,PALCA,TARMA,JUNIN,7443.26,2022,0.0178997369550433,True,True,111682.94309914713,104239.68309914714,14.004573681309955
90306,CONGALLA,ANGARAES,HUANCAVELICA,55085.5,2022,0.024778102881355,True,True,159325.18309914714,104239.68309914714,1.892325259807883
90307,HUANCA-HUANCA,ANGARAES,HUANCAVELICA,0.0,2022,0.0195833511205007,True,True,104239.68309914714,104239.68309914714,
90308,HUAYLLAY GRANDE,ANGARAES,HUANCAVELICA,0.0,2022,0.0204573377220337,True,True,104239.68309914714,104239.68309914714,
90309,JULCAMARCA,ANGARAES,HUANCAVELICA,0.0,2022,0.0233524052397987,True,True,104239.68309914714,104239.68309914714,
90412,TANTARA,CASTROVIRREYNA,HUANCAVELICA,0.0,2022,0.0175424544179311,True,True,104239.68309914714,104239.68309914714,
90413,TICRAPO,CASTROVIRREYNA,HUANCAVELICA,0.0,2022,0.015195814619375,True,True,104239.68309914714,104239.68309914714,
90310,SAN ANTONIO DE ANTAPARCO,ANGARAES,HUANCAVELICA,7890.3,2022,0.0316257692020624,True,True,112129.98309914714,104239.68309914714,13.211117840785159
90311,SANTO TOMAS DE PATA,ANGARAES,HUANCAVELICA,5299.0,2022,0.0241384646426409,True,True,109538.68309914714,104239.68309914714,19.671576353868115
90312,SECCLLA,ANGARAES,HUANCAVELICA,6458.0,2022,0.0239440540283835,True,True,110697.68309914714,104239.68309914714,16.141171120958056
90402,ARMA,CASTROVIRREYNA,HUANCAVELICA,4632.5,2022,0.0317805007238461,True,True,108872.18309914714,104239.68309914714,22.501820420754914
90403,AURAHUA,CASTROVIRREYNA,HUANCAVELICA,3554.0,2022,0.0389976110106457,True,True,107793.68309914714,104239.68309914714,29.33024285288327
90404,CAPILLAS,CASTROVIRREYNA,HUANCAVELICA,6200.0,2022,0.0298007657439906,True,True,110439.68309914714,104239.68309914714,16.81285211276567
120808,SANTA ROSA DE SACCO,YAULI,JUNIN,12504.0,2022,0.0255442862087245,True,True,116743.68309914714,104239.68309914714,8.336506965702746
120809,SUITUCANCHA,YAULI,JUNIN,0.0,2022,0.0375494602643488,True,True,104239.68309914714,104239.68309914714,
90305,CHINCHO,ANGARAES,HUANCAVELICA,11884.6,2022,0.0299256862469647,True,True,116124.28309914714,104239.68309914714,8.77098792547895
130305,UCHUMARCA,BOLIVAR,LA LIBERTAD,0.0,2022,0.0159570608714611,True,True,104239.68309914714,104239.68309914714,
130803,CHILLIA,PATAZ,LA LIBERTAD,38422.0,2022,0.0266272933993669,True,True,142661.68309914714,104239.68309914714,2.7130207459046156
130608,MACHE,OTUZCO,LA LIBERTAD,6253.06,2022,0.0208244209525769,True,True,110492.74309914713,104239.68309914714,16.670187572028276
130610,PARANDAY,OTUZCO,LA LIBERTAD,1275.0,2022,0.01906578241099,True,True,105514.68309914714,104239.68309914714,81.75661419540951
130611,SALPO,OTUZCO,LA LIBERTAD,41557.0,2022,0.0231018815737832,True,True,145796.68309914714,104239.68309914714,2.508354383115892
130613,SINSICAP,OTUZCO,LA LIBERTAD,45280.5,2022,0.0180251946751988,True,True,149520.18309914714,104239.68309914714,2.3020877220690394
130502,CALAMARCA,JULCAN,LA LIBERTAD,40728.0,2022,0.023356898143795,True,True,144967.68309914714,104239.68309914714,2.559410800902257
81301,URUBAMBA,URUBAMBA,CUSCO,136885.0,2022,0.0211998988669458,True,True,241124.68309914714,104239.68309914714,0.7615128253581265
81303,HUAYLLABAMBA,URUBAMBA,CUSCO,19156.0,2022,0.0183847004481826,True,True,123395.68309914714,104239.68309914714,5.441620541822256
120905,HUAMANCACA CHICO,CHUPACA,JUNIN,0.0,2022,0.0168292696758095,True,True,104239.68309914714,104239.68309914714,
120906,SAN JUAN DE YSCOS,CHUPACA,JUNIN,10691.5,2022,0.0243391268081016,True,True,114931.18309914714,104239.68309914714,9.749771603530574
120907,SAN JUAN DE JARPA,CHUPACA,JUNIN,0.0,2022,0.0231689652570976,True,True,104239.68309914714,104239.68309914714,
120908,TRES DE DICIEMBRE,CHUPACA,JUNIN,0.0,2022,0.019115454921984,True,True,104239.68309914714,104239.68309914714,
120909,YANACANCHA,CHUPACA,JUNIN,8548.0,2022,0.0248068553792484,True,True,112787.68309914714,104239.68309914714,12.194628345712113
90115,PILCHACA,HUANCAVELICA,HUANCAVELICA,0.0,0,0.0247586170342905,True,True,104239.68309914714,104239.68309914714,
90102,ACOBAMBILLA,HUANCAVELICA,HUANCAVELICA,5100.0,2022,0.0334783512261917,True,True,109339.68309914714,104239.68309914714,20.439153548852378
90103,ACORIA,HUANCAVELICA,HUANCAVELICA,202653.41,2022,0.0243829550209991,True,True,306893.09309914714,104239.68309914714,0.5143741874323612
90104,CONAYCA,HUANCAVELICA,HUANCAVELICA,0.0,2022,0.0223817355239045,True,True,104239.68309914714,104239.68309914714,
51102,ACCOMARCA,VILCAS HUAMAN,AYACUCHO,0.0,2022,0.0196126080953045,True,True,104239.68309914714,104239.68309914714,
90107,HUAYLLAHUARA,HUANCAVELICA,HUANCAVELICA,0.0,0,0.0193133151842519,True,True,104239.68309914714,104239.68309914714,
90108,IZCUCHACA,HUANCAVELICA,HUANCAVELICA,0.0,2022,0.0214456704229387,True,True,104239.68309914714,104239.68309914714,
90109,LARIA,HUANCAVELICA,HUANCAVELICA,0.0,2022,0.0246220973448854,True,True,104239.68309914714,104239.68309914714,
90110,MANTA,HUANCAVELICA,HUANCAVELICA,7909.0,2021,0.0240476365145413,True,True,112148.68309914714,104239.68309914714,13.179881539909866
90111,MARISCAL CACERES,HUANCAVELICA,HUANCAVELICA,0.0,2022,0.0173392124320612,True,True,104239.68309914714,104239.68309914714,
90112,MOYA,HUANCAVELICA,HUANCAVELICA,0.0,2022,0.0177346896638085,True,True,104239.68309914714,104239.68309914714,
81307,YUCAY,URUBAMBA,CUSCO,6270.0,2022,0.0161739356569933,True,True,110509.68309914714,104239.68309914714,16.625148819640692
81005,HUANOQUITE,PARURO,CUSCO,0.0,2022,0.0228876515954749,True,True,104239.68309914714,104239.68309914714,
90113,NUEVO OCCORO,HUANCAVELICA,HUANCAVELICA,23021.0,2022,0.0275690392617033,True,True,127260.68309914714,104239.68309914714,4.528025850273539
90114,PALCA,HUANCAVELICA,HUANCAVELICA,29373.85,2022,0.0241608217534509,True,True,133613.53309914714,104239.68309914714,3.548723885331584
120807,SANTA BARBARA DE CARHUACAYAN,YAULI,JUNIN,0.0,2022,0.0319842578616759,True,True,104239.68309914714,104239.68309914714,
90704,AHUAYCHA,TAYACAJA,HUANCAVELICA,19990.4,2022,0.0245615855885989,True,True,124230.08309914713,104239.68309914714,5.214487108769566
90607,PILPICHACA,HUAYTARA,HUANCAVELICA,88166.1,2022,0.0245008807336454,True,True,192405.78309914714,104239.68309914714,1.1823102428160839
90608,QUERCO,HUAYTARA,HUANCAVELICA,0.0,2022,0.0235436578305597,True,True,104239.68309914714,104239.68309914714,
90720,ANDAYMARCA,TAYACAJA,HUANCAVELICA,9220.0,2022,0.0185263170836958,True,True,113459.68309914714,104239.68309914714,11.305822461946544
90722,PICHOS,TAYACAJA,HUANCAVELICA,0.0,2022,0.0203717592501585,True,True,104239.68309914714,104239.68309914714,
90723,SANTIAGO DE TUCUMA,TAYACAJA,HUANCAVELICA,0.0,2022,0.0213326663192498,True,True,104239.68309914714,104239.68309914714,
90706,DANIEL HERNANDEZ,TAYACAJA,HUANCAVELICA,4000.0,2022,0.0233983131576168,True,True,108239.68309914714,104239.68309914714,26.059920774786782
90709,HUARIBAMBA,TAYACAJA,HUANCAVELICA,12174.0,2022,0.0229964388063937,True,True,116413.68309914714,104239.68309914714,8.562484236828253
90710,ÑAHUIMPUQUIO,TAYACAJA,HUANCAVELICA,0.0,2022,0.0233845812464108,True,True,104239.68309914714,104239.68309914714,
90711,PAZOS,TAYACAJA,HUANCAVELICA,0.0,2022,0.0237475524731792,True,True,104239.68309914714,104239.68309914714,
100110,YARUMAYO,HUANUCO,HUANUCO,19100.0,2022,0.0266489365187942,True,True,123339.68309914714,104239.68309914714,5.45757503136896
100112,YACUS,HUANUCO,HUANUCO,0.0,2022,0.0245370656007336,True,True,104239.68309914714,104239.68309914714,
100113,SAN PABLO DE PILLAO,HUANUCO,HUANUCO,138207.2,2022,0.0160520068926957,True,True,242446.88309914715,104239.68309914714,0.7542275879921388
90725,COCHABAMBA,TAYACAJA,HUANCAVELICA,0.0,0,0.0199455298469914,True,True,104239.68309914714,104239.68309914714,
120902,AHUAC,CHUPACA,JUNIN,0.0,2022,0.0264507151590947,True,True,104239.68309914714,104239.68309914714,
90717,SURCUBAMBA,TAYACAJA,HUANCAVELICA,36164.0,2022,0.0152700872746753,True,True,140403.68309914714,104239.68309914714,2.882415747681317
90719,QUICHUAS,TAYACAJA,HUANCAVELICA,34047.6,2022,0.018914865500674,True,True,138287.28309914714,104239.68309914714,3.0615868107927473
120431,SINCOS,JAUJA,JUNIN,0.0,2022,0.02263179987718,True,True,104239.68309914714,104239.68309914714,
120432,TUNAN MARCA,JAUJA,JUNIN,0.0,2022,0.0178417150777986,True,True,104239.68309914714,104239.68309914714,
120433,YAULI,JAUJA,JUNIN,0.0,2022,0.0178257132980118,True,True,104239.68309914714,104239.68309914714,
120434,YAUYOS,JAUJA,JUNIN,23971.0,2022,0.0228656423106395,True,True,128210.68309914714,104239.68309914714,4.348574656841481
120502,CARHUAMAYO,JUNIN,JUNIN,1000.0,2022,0.0254371637634479,True,True,105239.68309914714,104239.68309914714,104.23968309914713
120503,ONDORES,JUNIN,JUNIN,0.0,2022,0.0232523699562762,True,True,104239.68309914714,104239.68309914714,
120504,ULCUMAYO,JUNIN,JUNIN,17806.0,2022,0.0206526708082946,True,True,122045.68309914714,104239.68309914714,5.854188649845397
120804,MARCAPOMACOCHA,YAULI,JUNIN,0.0,2022,0.0302193121852003,True,True,104239.68309914714,104239.68309914714,
120806,PACCHA,YAULI,JUNIN,0.0,2022,0.0212360701987961,True,True,104239.68309914714,104239.68309914714,
120702,ACOBAMBA,TARMA,JUNIN,0.0,2022,0.0231079130002023,True,True,104239.68309914714,104239.68309914714,
120704,HUASAHUASI,TARMA,JUNIN,4680.0,2022,0.0163969365326694,True,True,108919.68309914714,104239.68309914714,22.273436559646825
120705,LA UNION,TARMA,JUNIN,8000.0,2022,0.0235960800557392,True,True,112239.68309914714,104239.68309914714,13.029960387393391
100105,MARGOS,HUANUCO,HUANUCO,2000.0,2022,0.0302355603946298,True,True,106239.68309914714,104239.68309914714,52.119841549573565
120903,CHONGOS BAJO,CHUPACA,JUNIN,0.0,2022,0.0243943903494421,True,True,104239.68309914714,104239.68309914714,
90407,HUACHOS,CASTROVIRREYNA,HUANCAVELICA,3188.0,2022,0.0286464292864217,True,True,107427.68309914714,104239.68309914714,32.69751665594327
90411,SANTA ANA,CASTROVIRREYNA,HUANCAVELICA,52141.0,2022,0.0473015743145393,True,True,156380.68309914714,104239.68309914714,1.9991884140915428
90505,LA MERCED,CHURCAMPA,HUANCAVELICA,8274.33,2021,0.0194316437678239,True,True,112514.01309914714,104239.68309914714,12.597960571931157
90506,LOCROJA,CHURCAMPA,HUANCAVELICA,7716.6,2022,0.0251679830931969,True,True,111956.28309914714,104239.68309914714,13.508498963163456
90507,PAUCARBAMBA,CHURCAMPA,HUANCAVELICA,44648.4,2022,0.027462914503472,True,True,148888.08309914713,104239.68309914714,2.33467902767282
120708,SAN PEDRO DE CAJAS,TARMA,JUNIN,0.0,2022,0.0234897784779318,True,True,104239.68309914714,104239.68309914714,
120709,TAPO,TARMA,JUNIN,39368.18,2022,0.0238230523487132,True,True,143607.86309914713,104239.68309914714,2.6478156495714846
120801,LA OROYA,YAULI,JUNIN,32781.68,2022,0.0218531028120754,True,True,137021.36309914713,104239.68309914714,3.1798151619791035
120802,CHACAPALPA,YAULI,JUNIN,0.0,2022,0.0271428321384283,True,True,104239.68309914714,104239.68309914714,
120803,HUAY-HUAY,YAULI,JUNIN,0.0,2022,0.0278771078130114,True,True,104239.68309914714,104239.68309914714,
90602,AYAVI,HUAYTARA,HUANCAVELICA,0.0,2022,0.022626968979322,True,True,104239.68309914714,104239.68309914714,
90603,CORDOVA,HUAYTARA,HUANCAVELICA,1915.0,2022,0.0187565974932235,True,True,106154.68309914714,104239.68309914714,54.43325488206117
90604,HUAYACUNDO ARMA,HUAYTARA,HUANCAVELICA,150.0,2022,0.0170608402160093,True,True,104389.68309914714,104239.68309914714,694.9312206609809
90703,ACRAQUIA,TAYACAJA,HUANCAVELICA,33904.85,2022,0.0274053524105606,True,True,138144.53309914714,104239.68309914714,3.0744770467690357
90503,CHINCHIHUASI,CHURCAMPA,HUANCAVELICA,20620.0,2022,0.0183172158476748,True,True,124859.68309914714,104239.68309914714,5.055270761355342
90504,EL CARMEN,CHURCAMPA,HUANCAVELICA,19522.0,2022,0.0189045248284585,True,True,123761.68309914714,104239.68309914714,5.339600609525005
90609,QUITO-ARMA,HUAYTARA,HUANCAVELICA,1551.0,2022,0.0256568910291904,True,True,105790.68309914714,104239.68309914714,67.20804841982407
90610,SAN ANTONIO DE CUSICANCHA,HUAYTARA,HUANCAVELICA,7280.0,2022,0.0317491160225592,True,True,111519.68309914714,104239.68309914714,14.318637788344386
90611,SAN FRANCISCO DE SANGAYAICO,HUAYTARA,HUANCAVELICA,14603.4,2022,0.0221628642594098,True,True,118843.08309914713,104239.68309914714,7.138042038097097
90612,SAN ISIDRO,HUAYTARA,HUANCAVELICA,637.0,2022,0.0249545841739903,True,True,104876.68309914714,104239.68309914714,163.64157472393586
90613,SANTIAGO DE CHOCORVOS,HUAYTARA,HUANCAVELICA,13833.1,2022,0.0183920204255738,True,True,118072.78309914714,104239.68309914714,7.535525883507466
90509,SAN PEDRO DE CORIS,CHURCAMPA,HUANCAVELICA,0.0,2022,0.0214657195200467,True,True,104239.68309914714,104239.68309914714,
90510,PACHAMARCA,CHURCAMPA,HUANCAVELICA,20973.02,2022,0.018817750266292,True,True,125212.70309914714,104239.68309914714,4.970179931128046
90511,COSME,CHURCAMPA,HUANCAVELICA,21262.5,2022,0.021202175015168,True,True,125502.18309914714,104239.68309914714,4.902513020536021
90614,SANTIAGO DE QUIRAHUARA,HUAYTARA,HUANCAVELICA,0.0,2021,0.0225045217862521,True,True,104239.68309914714,104239.68309914714,
90615,SANTO DOMINGO DE CAPILLAS,HUAYTARA,HUANCAVELICA,190182.84,2022,0.0388980915936767,True,True,294422.52309914713,104239.68309914714,0.54810246339337
90616,TAMBO,HUAYTARA,HUANCAVELICA,0.0,2022,0.0308552515444564,True,True,104239.68309914714,104239.68309914714,
90702,ACOSTAMBO,TAYACAJA,HUANCAVELICA,25952.4,2022,0.0279010292513869,True,True,130192.08309914713,104239.68309914714,4.016571997162002
90605,LARAMARCA,HUAYTARA,HUANCAVELICA,6140.6,2022,0.0296779202718333,True,True,110380.28309914714,104239.68309914714,16.97548824205243
21510,SANTA ROSA,PALLASCA,ANCASH,7639.0,2022,0.0186575375690174,True,True,111878.68309914714,104239.68309914714,13.645723667907728
21708,PARARIN,RECUAY,ANCASH,4090.0,2022,0.0171998985088164,True,True,108329.68309914714,104239.68309914714,25.48647508536605
21709,TAPACOCHA,RECUAY,ANCASH,0.0,2022,0.018776418215956,True,True,104239.68309914714,104239.68309914714,
21710,TICAPAMPA,RECUAY,ANCASH,0.0,2022,0.0216071615076463,True,True,104239.68309914714,104239.68309914714,
21511,TAUCA,PALLASCA,ANCASH,0.0,2022,0.0179901105848295,True,True,104239.68309914714,104239.68309914714,
21602,HUAYLLAN,POMABAMBA,ANCASH,8223.0,2022,0.0232461244893358,True,True,112462.68309914714,104239.68309914714,12.676600157989437
21603,PAROBAMBA,POMABAMBA,ANCASH,47524.0,2022,0.019715880504037,True,True,151763.68309914714,104239.68309914714,2.1934113942249627
21604,QUINUABAMBA,POMABAMBA,ANCASH,4563.0,2022,0.0193630180864888,True,True,108802.68309914714,104239.68309914714,22.844550317586485
21015,SAN PEDRO DE CHANA,HUARI,ANCASH,3000.0,2022,0.0235007885521549,True,True,107239.68309914714,104239.68309914714,34.74656103304905
21016,UCO,HUARI,ANCASH,0.0,2022,0.0207913314872503,True,True,104239.68309914714,104239.68309914714,
21102,COCHAPETI,HUARMEY,ANCASH,1175.0,2022,0.0241864171676284,True,True,105414.68309914714,104239.68309914714,88.71462391416777
21704,HUAYLLAPAMPA,RECUAY,ANCASH,0.0,2022,0.0154909493431551,True,True,104239.68309914714,104239.68309914714,
21705,LLACLLIN,RECUAY,ANCASH,0.0,2022,0.0216082475700613,True,True,104239.68309914714,104239.68309914714,
21706,MARCA,RECUAY,ANCASH,0.0,2022,0.016163935710797,True,True,104239.68309914714,104239.68309914714,
50905,HUACAÑA,SUCRE,AYACUCHO,0.0,2022,0.0252503846240266,True,True,104239.68309914714,104239.68309914714,
21303,ELEAZAR GUZMAN BARRON,MARISCAL LUZURIAGA,ANCASH,0.0,0,0.0195276283900054,True,True,104239.68309914714,104239.68309914714,
21304,FIDEL OLIVAS ESCUDERO,MARISCAL LUZURIAGA,ANCASH,29819.5,2022,0.0179660362483187,True,True,134059.18309914714,104239.68309914714,3.49568849575436
21104,HUAYAN,HUARMEY,ANCASH,0.0,2022,0.0154983095974617,True,True,104239.68309914714,104239.68309914714,
21105,MALVAS,HUARMEY,ANCASH,0.0,2022,0.0180062101075138,True,True,104239.68309914714,104239.68309914714,
21203,HUATA,HUAYLAS,ANCASH,844.0,2022,0.0212054313797171,True,True,105083.68309914714,104239.68309914714,123.50673352979518
21204,HUAYLAS,HUAYLAS,ANCASH,2919.0,2022,0.0213992981529696,True,True,107158.68309914714,104239.68309914714,35.71075131865267
21206,PAMPAROMAS,HUAYLAS,ANCASH,71821.0,2022,0.0175011414540375,True,True,176060.68309914714,104239.68309914714,1.4513816724794577
210215,TIRAPATA,AZANGARO,PUNO,54130.0,2022,0.0153845004751662,True,True,158369.68309914714,104239.68309914714,1.9257284888074475
210302,AJOYANI,CARABAYA,PUNO,2014.0,2022,0.0316595070921169,True,True,106253.68309914714,104239.68309914714,51.75753877812668
210304,COASA,CARABAYA,PUNO,15000.0,2022,0.019445313681359,True,True,119239.68309914714,104239.68309914714,6.949312206609809
210305,CORANI,CARABAYA,PUNO,6700.0,2022,0.0309216368301451,True,True,110939.68309914714,104239.68309914714,15.558161656589125
210306,CRUCERO,CARABAYA,PUNO,1895.7,2022,0.0283151102607742,True,True,106135.38309914713,104239.68309914714,54.9874363555136
210207,JOSE DOMINGO CHOQUEHUANCA,AZANGARO,PUNO,0.0,2022,0.0259282454573821,True,True,104239.68309914714,104239.68309914714,
21903,ALFONSO UGARTE,SIHUAS,ANCASH,0.0,2022,0.0161697200031843,True,True,104239.68309914714,104239.68309914714,
21707,PAMPAS CHICO,RECUAY,ANCASH,0.0,2022,0.0173604364737968,True,True,104239.68309914714,104239.68309914714,
21307,LUCMA,MARISCAL LUZURIAGA,ANCASH,19517.5,2022,0.021578254269368,True,True,123757.18309914714,104239.68309914714,5.340831720207359
21401,OCROS,OCROS,ANCASH,0.0,2022,0.0188505893737541,True,True,104239.68309914714,104239.68309914714,
21402,ACAS,OCROS,ANCASH,0.0,2022,0.016961509855595,True,True,104239.68309914714,104239.68309914714,
21403,CAJAMARQUILLA,OCROS,ANCASH,0.0,0,0.0290116797667078,True,True,104239.68309914714,104239.68309914714,
21209,SANTO TORIBIO,HUAYLAS,ANCASH,1062.0,2022,0.0243825976677433,True,True,105301.68309914714,104239.68309914714,98.15412721200295
21301,PISCOBAMBA,MARISCAL LUZURIAGA,ANCASH,0.0,2022,0.0218182600905313,True,True,104239.68309914714,104239.68309914714,
21302,CASCA,MARISCAL LUZURIAGA,ANCASH,55266.0,2022,0.0296461020783221,True,True,159505.68309914714,104239.68309914714,1.8861448829143983
210505,CONDURIRI,EL COLLAO,PUNO,41002.4,2022,0.0225366438103406,True,True,145242.08309914713,104239.68309914714,2.5422824785658187
210307,ITUATA,CARABAYA,PUNO,48520.0,2022,0.0201417836141007,True,True,152759.68309914714,104239.68309914714,2.1483858841538983
210308,OLLACHEA,CARABAYA,PUNO,0.0,2022,0.0207916077397275,True,True,104239.68309914714,104239.68309914714,
210310,USICAYOS,CARABAYA,PUNO,986.0,2022,0.0265972763639035,True,True,105225.68309914714,104239.68309914714,105.71975973544335
210403,HUACULLANI,CHUCUITO,PUNO,21178.0,2022,0.0215473655432143,True,True,125417.68309914714,104239.68309914714,4.922073996559974
21305,LLAMA,MARISCAL LUZURIAGA,ANCASH,7439.0,2022,0.023200739578429,True,True,111678.68309914714,104239.68309914714,14.01259350707718
210608,VILQUE CHICO,HUANCANE,PUNO,23295.7,2022,0.0246102828694163,True,True,127535.38309914713,104239.68309914714,4.474631932036691
21509,PAMPAS,PALLASCA,ANCASH,0.0,2022,0.0173146175079614,True,True,104239.68309914714,104239.68309914714,
210502,CAPAZO,EL COLLAO,PUNO,6287.0,2022,0.0317967021782427,True,True,110526.68309914714,104239.68309914714,16.5801945441621
210503,PILCUYO,EL COLLAO,PUNO,26001.0,2022,0.0256313034591455,True,True,130240.68309914714,104239.68309914714,4.009064385952353
210504,SANTA ROSA,EL COLLAO,PUNO,14313.5,2022,0.0291866262014725,True,True,118553.18309914714,104239.68309914714,7.282613134393904
210707,PARATIA,LAMPA,PUNO,0.0,2022,0.0366058368546457,True,True,104239.68309914714,104239.68309914714,
210708,PUCARA,LAMPA,PUNO,0.0,2022,0.0190906239612574,True,True,104239.68309914714,104239.68309914714,
210602,COJATA,HUANCANE,PUNO,0.0,2022,0.0274097017315698,True,True,104239.68309914714,104239.68309914714,
210603,HUATASANI,HUANCANE,PUNO,33400.0,2022,0.0213891189481586,True,True,137639.68309914714,104239.68309914714,3.1209485957828482
210604,INCHUPALLA,HUANCANE,PUNO,11320.5,2022,0.0235891299174673,True,True,115560.18309914714,104239.68309914714,9.208045854789729
210605,PUSI,HUANCANE,PUNO,8700.0,2022,0.0262502607656559,True,True,112939.68309914714,104239.68309914714,11.981572770016912
210607,TARACO,HUANCANE,PUNO,39108.0,2022,0.0251930710559525,True,True,143347.68309914714,104239.68309914714,2.665431193084462
21703,COTAPARACO,RECUAY,ANCASH,18000.0,2022,0.0194567041643365,True,True,122239.68309914714,104239.68309914714,5.791093505508174
21503,CONCHUCOS,PALLASCA,ANCASH,0.0,2022,0.0195849032075752,True,True,104239.68309914714,104239.68309914714,
21505,HUANDOVAL,PALLASCA,ANCASH,0.0,2022,0.0152627693480175,True,True,104239.68309914714,104239.68309914714,
21506,LACABAMBA,PALLASCA,ANCASH,0.0,2022,0.0173904593696148,True,True,104239.68309914714,104239.68309914714,
21508,PALLASCA,PALLASCA,ANCASH,0.0,2022,0.0215741474221744,True,True,104239.68309914714,104239.68309914714,
210406,POMATA,CHUCUITO,PUNO,66268.0,2022,0.025210367111969,True,True,170507.68309914714,104239.68309914714,1.5730017972346704
210110,PAUCARCOLLA,PUNO,PUNO,47243.75,2022,0.0258442175387674,True,True,151483.43309914714,104239.68309914714,2.206422714097571
210111,PICHACANI,PUNO,PUNO,0.0,2022,0.0222106769740655,True,True,104239.68309914714,104239.68309914714,
30302,EL ORO,ANTABAMBA,APURIMAC,0.0,2021,0.0209159785368282,True,True,104239.68309914714,104239.68309914714,
30303,HUAQUIRCA,ANTABAMBA,APURIMAC,0.0,2022,0.0324379080830009,True,True,104239.68309914714,104239.68309914714,
30304,JUAN ESPINOZA MEDRANO,ANTABAMBA,APURIMAC,25.0,2022,0.0312790366688186,True,True,104264.68309914714,104239.68309914714,4169.587323965886
210115,VILQUE,PUNO,PUNO,46940.0,2022,0.019168211922424,True,True,151179.68309914714,104239.68309914714,2.220700534707012
210202,ACHAYA,AZANGARO,PUNO,9600.0,2022,0.0237907439045102,True,True,113839.68309914714,104239.68309914714,10.858300322827827
210204,ASILLO,AZANGARO,PUNO,60274.0,2022,0.0252476448794662,True,True,164513.68309914714,104239.68309914714,1.729430319858432
210205,CAMINACA,AZANGARO,PUNO,9521.8,2022,0.0236815448775467,True,True,113761.48309914714,104239.68309914714,10.947476642982119
210105,CAPACHICA,PUNO,PUNO,36646.0,2022,0.027683625740245,True,True,140885.68309914714,104239.68309914714,2.8445037138882046
210106,CHUCUITO,PUNO,PUNO,82889.0,2022,0.0269516042432292,True,True,187128.68309914714,104239.68309914714,1.2575816224004046
210107,COATA,PUNO,PUNO,57697.5,2022,0.0257912014717108,True,True,161937.18309914714,104239.68309914714,1.8066585744468502
210208,MUÑANI,AZANGARO,PUNO,44469.0,2022,0.0205340547972816,True,True,148708.68309914714,104239.68309914714,2.344097755720775
210209,POTONI,AZANGARO,PUNO,5200.0,2022,0.0277951474932776,True,True,109439.68309914714,104239.68309914714,20.04609290368214
21904,CASHAPAMPA,SIHUAS,ANCASH,21529.44,2022,0.0239205353377201,True,True,125769.12309914714,104239.68309914714,4.841727564634619
210211,SAN ANTON,AZANGARO,PUNO,0.0,2022,0.0200311162160937,True,True,104239.68309914714,104239.68309914714,
210212,SAN JOSE,AZANGARO,PUNO,0.0,2022,0.0232763331991956,True,True,104239.68309914714,104239.68309914714,
210213,SAN JUAN DE SALINAS,AZANGARO,PUNO,11907.8,2022,0.0271797341770951,True,True,116147.48309914714,104239.68309914714,8.753899385205255
210113,SAN ANTONIO,PUNO,PUNO,4535.4,2022,0.0415326449844225,True,True,108775.08309914713,104239.68309914714,22.98356993851637
210114,TIQUILLACA,PUNO,PUNO,23851.0,2022,0.0219806634684886,True,True,128090.68309914714,104239.68309914714,4.370453360410345
30503,COYLLURQUI,COTABAMBAS,APURIMAC,108845.72,2022,0.0216665416263799,True,True,213085.40309914714,104239.68309914714,0.9576828845373722
30504,HAQUIRA,COTABAMBAS,APURIMAC,15000.0,2022,0.021192635520662,True,True,119239.68309914714,104239.68309914714,6.949312206609809
30505,MARA,COTABAMBAS,APURIMAC,124057.0,2022,0.0297648565353435,True,True,228296.68309914714,104239.68309914714,0.8402563587636903
30602,ANCO-HUALLO,CHINCHEROS,APURIMAC,3100.0,2022,0.0237050002495751,True,True,107339.68309914714,104239.68309914714,33.62570422553134
30603,COCHARCAS,CHINCHEROS,APURIMAC,64087.85,2022,0.0193470109379526,True,True,168327.53309914714,104239.68309914714,1.6265124060043696
30203,CHIARA,ANDAHUAYLAS,APURIMAC,0.0,2022,0.020767015753301,True,True,104239.68309914714,104239.68309914714,
30204,HUANCARAMA,ANDAHUAYLAS,APURIMAC,7392.0,2022,0.0213320296204579,True,True,111631.68309914714,104239.68309914714,14.101688730945229
30604,HUACCANA,CHINCHEROS,APURIMAC,9998.0,2022,0.0203543737087979,True,True,114237.68309914714,104239.68309914714,10.426053520618837
30606,ONGOY,CHINCHEROS,APURIMAC,55416.1,2022,0.0168532726011068,True,True,159655.78309914714,104239.68309914714,1.8810360725339232
210210,SAMAN,AZANGARO,PUNO,27016.0,2022,0.0259195412299034,True,True,131255.68309914714,104239.68309914714,3.8584425192162843
21905,CHINGALPO,SIHUAS,ANCASH,0.0,2022,0.0206036892336525,True,True,104239.68309914714,104239.68309914714,
21906,HUAYLLABAMBA,SIHUAS,ANCASH,48745.5,2022,0.0209960979594716,True,True,152985.18309914714,104239.68309914714,2.1384473048619284
21907,QUICHES,SIHUAS,ANCASH,20121.0,2022,0.0207613200420398,True,True,124360.68309914714,104239.68309914714,5.180641275242142
21908,RAGASH,SIHUAS,ANCASH,23194.1,2022,0.0217559244069915,True,True,127433.78309914714,104239.68309914714,4.494232718628752
21804,MACATE,SANTA,ANCASH,10702.0,2022,0.0215155481678452,True,True,114941.68309914714,104239.68309914714,9.740205858638305
210214,SANTIAGO DE PUPUJA,AZANGARO,PUNO,52645.4,2022,0.0215995321479365,True,True,156885.08309914713,104239.68309914714,1.9800340219496315
22008,YANAMA,YUNGAY,ANCASH,53608.0,2022,0.0180321747685929,True,True,157847.68309914714,104239.68309914714,1.944479986180181
30102,CHACOCHE,ABANCAY,APURIMAC,0.0,2022,0.0194199754114261,True,True,104239.68309914714,104239.68309914714,
30103,CIRCA,ABANCAY,APURIMAC,12345.0,2022,0.0226588102319662,True,True,116584.68309914714,104239.68309914714,8.443878744361857
30105,HUANIPACA,ABANCAY,APURIMAC,38337.53,2022,0.0207538718445562,True,True,142577.21309914713,104239.68309914714,2.718998409630123
30106,LAMBRAMA,ABANCAY,APURIMAC,0.0,2022,0.0212754325236113,True,True,104239.68309914714,104239.68309914714,
21909,SAN JUAN,SIHUAS,ANCASH,100888.72,2022,0.0165751566824825,True,True,205128.40309914714,104239.68309914714,1.0332144475531768
22002,CASCAPARA,YUNGAY,ANCASH,35811.5,2022,0.024422682491653,True,True,140051.18309914714,104239.68309914714,2.910787961943709
21902,ACOBAMBA,SIHUAS,ANCASH,0.0,2022,0.0179173528814484,True,True,104239.68309914714,104239.68309914714,
210109,MAÑAZO,PUNO,PUNO,0.0,2022,0.0189867027723479,True,True,104239.68309914714,104239.68309914714,
21407,LLIPA,OCROS,ANCASH,0.0,2022,0.0188229752953574,True,True,104239.68309914714,104239.68309914714,
21408,SAN CRISTOBAL DE RAJAN,OCROS,ANCASH,0.0,2022,0.0207124202604364,True,True,104239.68309914714,104239.68309914714,
21409,SAN PEDRO,OCROS,ANCASH,0.0,2022,0.0163211268010333,True,True,104239.68309914714,104239.68309914714,
21410,SANTIAGO DE CHILCAS,OCROS,ANCASH,0.0,2022,0.0186951190892899,True,True,104239.68309914714,104239.68309914714,
21501,CABANA,PALLASCA,ANCASH,0.0,2022,0.015609345327988,True,True,104239.68309914714,104239.68309914714,
21502,BOLOGNESI,PALLASCA,ANCASH,5252.0,2022,0.0287644064296411,True,True,109491.68309914714,104239.68309914714,19.84761673631895
22007,SHUPLUY,YUNGAY,ANCASH,36534.78,2022,0.0222956946815775,True,True,140774.46309914713,104239.68309914714,2.8531630161491908
30305,OROPESA,ANTABAMBA,APURIMAC,0.0,2021,0.0301071385872195,True,True,104239.68309914714,104239.68309914714,
30306,PACHACONAS,ANTABAMBA,APURIMAC,0.0,2022,0.0217405956473973,True,True,104239.68309914714,104239.68309914714,
30307,SABAINO,ANTABAMBA,APURIMAC,0.0,2022,0.0253120083035044,True,True,104239.68309914714,104239.68309914714,
30214,SAN MIGUEL DE CHACCRAMPA,ANDAHUAYLAS,APURIMAC,24728.5,2022,0.0217917257801862,True,True,128968.18309914714,104239.68309914714,4.215366200907743
30215,SANTA MARIA DE CHICMO,ANDAHUAYLAS,APURIMAC,75745.25,2022,0.0270879426686738,True,True,179984.93309914714,104239.68309914714,1.3761877226512176
30217,TUMAY HUARACA,ANDAHUAYLAS,APURIMAC,25262.0,2022,0.021784971758299,True,True,129501.68309914714,104239.68309914714,4.12634324674005
30218,TURPO,ANDAHUAYLAS,APURIMAC,47361.5,2022,0.0257476975519323,True,True,151601.18309914714,104239.68309914714,2.2009371134602396
210108,HUATA,PUNO,PUNO,11244.5,2022,0.0249258908293475,True,True,115484.18309914714,104239.68309914714,9.27028174655584
21406,CONGAS,OCROS,ANCASH,0.0,2022,0.0254006707950137,True,True,104239.68309914714,104239.68309914714,
110114,YAUCA DEL ROSARIO,ICA,ICA,5620.0,2022,0.0195922789776598,True,True,109859.68309914714,104239.68309914714,18.547986316574224
230405,SITAJARA,TARATA,TACNA,0.0,2022,0.0186161690694852,True,True,104239.68309914714,104239.68309914714,
210808,SANTA ROSA,MELGAR,PUNO,0.0,2022,0.020289671607655,True,True,104239.68309914714,104239.68309914714,
210809,UMACHIRI,MELGAR,PUNO,73673.5,2022,0.0178655736640619,True,True,177913.18309914714,104239.68309914714,1.4148870774314664
210901,MOHO,MOHO,PUNO,0.0,2022,0.0237020008353108,True,True,104239.68309914714,104239.68309914714,
210902,CONIMA,MOHO,PUNO,12138.5,2022,0.0282751848519932,True,True,116378.18309914714,104239.68309914714,8.587525896869229
210903,HUAYRAPATA,MOHO,PUNO,0.0,2022,0.0233712498890258,True,True,104239.68309914714,104239.68309914714,
210904,TILALI,MOHO,PUNO,12188.5,2022,0.0284096877375888,True,True,116428.18309914714,104239.68309914714,8.552297911896225
211001,PUTINA,SAN ANTONIO DE PUTINA,PUNO,0.0,2022,0.018234908390289,True,True,104239.68309914714,104239.68309914714,
210709,SANTA LUCIA,LAMPA,PUNO,0.0,2022,0.0252193731498213,True,True,104239.68309914714,104239.68309914714,
211205,PHARA,SANDIA,PUNO,46393.4,2022,0.0198057817255546,True,True,150633.08309914713,104239.68309914714,2.246864491482563
211002,ANANEA,SAN ANTONIO DE PUTINA,PUNO,8186.2,2022,0.0304730298461465,True,True,112425.88309914713,104239.68309914714,12.733586169302868
211003,PEDRO VILCA APAZA,SAN ANTONIO DE PUTINA,PUNO,7239.0,2022,0.0222483949482999,True,True,111478.68309914714,104239.68309914714,14.399735198113985
211004,QUILCAPUNCU,SAN ANTONIO DE PUTINA,PUNO,0.0,2022,0.0216680373103865,True,True,104239.68309914714,104239.68309914714,
21007,HUACHIS,HUARI,ANCASH,32000.0,2022,0.0204132030313251,True,True,136239.68309914714,104239.68309914714,3.257490096848348
211103,CABANILLAS,SAN ROMAN,PUNO,0.0,2022,0.0235729508101738,True,True,104239.68309914714,104239.68309914714,
211104,CARACOTO,SAN ROMAN,PUNO,33535.0,2022,0.0252954432387574,True,True,137774.68309914714,104239.68309914714,3.108384765145285
210807,ORURILLO,MELGAR,PUNO,51454.0,2022,0.0236188384409743,True,True,155693.68309914714,104239.68309914714,2.0258810413018837
20103,COLCABAMBA,HUARAZ,ANCASH,14467.7,2022,0.0179309366129507,True,True,118707.38309914713,104239.68309914714,7.2049934059420035
20104,HUANCHAY,HUARAZ,ANCASH,15705.0,2022,0.0202462786627526,True,True,119944.68309914714,104239.68309914714,6.6373564533044975
10523,TRITA,LUYA,AMAZONAS,0.0,2022,0.0188629188723788,True,True,104239.68309914714,104239.68309914714,
211202,CUYOCUYO,SANDIA,PUNO,0.0,2022,0.0238863443601826,True,True,104239.68309914714,104239.68309914714,
211203,LIMBANI,SANDIA,PUNO,31221.0,2022,0.0172719688295315,True,True,135460.68309914714,104239.68309914714,3.338768236095805
211204,PATAMBUCO,SANDIA,PUNO,7080.0,2022,0.020527650774157,True,True,111319.68309914714,104239.68309914714,14.723119081800442
211305,OLLARAYA,YUNGUYO,PUNO,6827.9,2022,0.0251550140588081,True,True,111067.58309914713,104239.68309914714,15.266726680113525
20106,JANGAS,HUARAZ,ANCASH,0.0,2022,0.0208668421144375,True,True,104239.68309914714,104239.68309914714,
20107,LA LIBERTAD,HUARAZ,ANCASH,17475.0,2022,0.0239972496773744,True,True,121714.68309914714,104239.68309914714,5.965074855459064
20108,OLLEROS,HUARAZ,ANCASH,0.0,2022,0.0227717481887473,True,True,104239.68309914714,104239.68309914714,
20109,PAMPAS,HUARAZ,ANCASH,2060.0,2022,0.0201756273943861,True,True,106299.68309914714,104239.68309914714,50.60178791220735
211102,CABANA,SAN ROMAN,PUNO,43185.5,2022,0.0211449007694765,True,True,147425.18309914714,104239.68309914714,2.4137658033170193
120122,INGENIO,HUANCAYO,JUNIN,0.0,2022,0.0231462462072236,True,True,104239.68309914714,104239.68309914714,
230109,SAMA,TACNA,TACNA,0.0,2022,0.0158252309437915,True,True,104239.68309914714,104239.68309914714,
120211,MITO,CONCEPCION,JUNIN,249.0,2022,0.0194968827420652,True,True,104488.68309914714,104239.68309914714,418.6332654584222
120132,SAÑO,HUANCAYO,JUNIN,1560.0,2022,0.0195543247873949,True,True,105799.68309914714,104239.68309914714,66.82030967894048
120133,SAPALLANGA,HUANCAYO,JUNIN,101591.0,2022,0.0264502521968229,True,True,205830.68309914714,104239.68309914714,1.0260720250725668
120134,SICAYA,HUANCAYO,JUNIN,115815.6,2022,0.0225719689406617,True,True,220055.28309914714,104239.68309914714,0.9000487248621699
120201,CONCEPCION,CONCEPCION,JUNIN,9015.0,2022,0.0192965197733737,True,True,113254.68309914714,104239.68309914714,11.56291548520767
120202,ACO,CONCEPCION,JUNIN,0.0,2022,0.020369163464423,True,True,104239.68309914714,104239.68309914714,
211304,CUTURAPI,YUNGUYO,PUNO,1622.5,2022,0.0193505665130823,True,True,105862.18309914714,104239.68309914714,64.24633781149284
120214,SAN JOSE DE QUERO,CONCEPCION,JUNIN,2960.0,2022,0.0216366972351464,True,True,107199.68309914714,104239.68309914714,35.21610915511727
120215,SANTA ROSA DE OCOPA,CONCEPCION,JUNIN,0.0,2022,0.0185111488211953,True,True,104239.68309914714,104239.68309914714,
120204,CHAMBARA,CONCEPCION,JUNIN,14413.4,2022,0.0257411634656531,True,True,118653.08309914713,104239.68309914714,7.232136976643064
120205,COCHAS,CONCEPCION,JUNIN,6003.0,2021,0.0227326628037576,True,True,110242.68309914714,104239.68309914714,17.364598217415814
120206,COMAS,CONCEPCION,JUNIN,19649.0,2022,0.022715625920572,True,True,123888.68309914714,104239.68309914714,5.305088457384454
110209,SAN PEDRO DE HUACARPANA,CHINCHA,ICA,39999.35,2022,0.0320633288748276,True,True,144239.03309914714,104239.68309914714,2.6060344255380934
120209,MARISCAL CASTILLA,CONCEPCION,JUNIN,11918.0,2022,0.0244415748460739,True,True,116157.68309914714,104239.68309914714,8.746407375326996
120210,MATAHUASI,CONCEPCION,JUNIN,2700.0,2022,0.020356930786708,True,True,106939.68309914714,104239.68309914714,38.60729003672116
110104,OCUCAJE,ICA,ICA,1472.4,2022,0.0153316834641725,True,True,105712.08309914713,104239.68309914714,70.79576412601679
101103,CHACABAMBA,YAROWILCA,HUANUCO,10836.0,2022,0.0315253597643823,True,True,115075.68309914714,104239.68309914714,9.619756653668064
101104,APARICIO POMARES,YAROWILCA,HUANUCO,35954.23,2022,0.020502604635315,True,True,140193.91309914715,104239.68309914714,2.89923280512883
101105,JACAS CHICO,YAROWILCA,HUANUCO,7901.67,2022,0.0236514781323893,True,True,112141.35309914713,104239.68309914714,13.19210788341542
101106,OBAS,YAROWILCA,HUANUCO,38679.5,2022,0.026848333208901,True,True,142919.18309914714,104239.68309914714,2.694959425513441
101107,PAMPAMARCA,YAROWILCA,HUANUCO,5292.0,2022,0.0226722831834633,True,True,109531.68309914714,104239.68309914714,19.697596957510797
101108,CHORAS,YAROWILCA,HUANUCO,10658.0,2022,0.0236711244713697,True,True,114897.68309914714,104239.68309914714,9.780416879259443
120213,ORCOTUNA,CONCEPCION,JUNIN,9943.69,2022,0.019932433498166,True,True,114183.37309914714,104239.68309914714,10.482998072058475
100701,HUACRACHUCO,MARAÑON,HUANUCO,0.0,2022,0.0169707121968244,True,True,104239.68309914714,104239.68309914714,
100703,SAN BUENAVENTURA,MARAÑON,HUANUCO,10325.0,2022,0.0199952697844005,True,True,114564.68309914714,104239.68309914714,10.09585308466316
100705,SANTA ROSA DE ALTO YANAJANCA,MARAÑON,HUANUCO,0.0,2022,0.0157487844115526,True,True,104239.68309914714,104239.68309914714,
100802,CHAGLLA,PACHITEA,HUANUCO,20000.0,2022,0.0151251944241132,True,True,124239.68309914714,104239.68309914714,5.2119841549573565
110208,SAN JUAN DE YANAC,CHINCHA,ICA,16638.0,2022,0.0235559975312478,True,True,120877.68309914714,104239.68309914714,6.265157056085295
120207,HEROINAS TOLEDO,CONCEPCION,JUNIN,13576.4,2022,0.0199460966360702,True,True,117816.08309914713,104239.68309914714,7.67800617977867
20512,MANGAS,BOLOGNESI,ANCASH,0.0,2022,0.022169987493645,True,True,104239.68309914714,104239.68309914714,
20609,SHILLA,CARHUAZ,ANCASH,5824.0,2022,0.0260132617043125,True,True,110063.68309914714,104239.68309914714,17.898297235430483
20611,YUNGAR,CARHUAZ,ANCASH,22405.2,2022,0.0220160620767904,True,True,126644.88309914713,104239.68309914714,4.65247724185221
20701,SAN LUIS,CARLOS FERMIN FITZCARRALD,ANCASH,36000.0,2022,0.0223915213925682,True,True,140239.68309914714,104239.68309914714,2.895546752754087
210702,CABANILLA,LAMPA,PUNO,22135.2,2022,0.0203241025855857,True,True,126374.88309914713,104239.68309914714,4.709227072678229
210703,CALAPUJA,LAMPA,PUNO,3468.0,2022,0.0180164650210732,True,True,107707.68309914714,104239.68309914714,30.057578748312324
210704,NICASIO,LAMPA,PUNO,3952.0,2022,0.0225251044341164,True,True,108191.68309914714,104239.68309914714,26.376438031160713
210705,OCUVIRI,LAMPA,PUNO,5890.0,2022,0.0300413572940579,True,True,110129.68309914714,104239.68309914714,17.697739066069122
210706,PALCA,LAMPA,PUNO,0.0,2022,0.0337508604774858,True,True,104239.68309914714,104239.68309914714,
21003,CAJAY,HUARI,ANCASH,9688.0,2022,0.021504580828128,True,True,113927.68309914714,104239.68309914714,10.759670014362834
20702,SAN NICOLAS,CARLOS FERMIN FITZCARRALD,ANCASH,18282.0,2022,0.017982007023044,True,True,122521.68309914714,104239.68309914714,5.701765840670995
20703,YAUYA,CARLOS FERMIN FITZCARRALD,ANCASH,51903.0,2022,0.0215892179734938,True,True,156142.68309914714,104239.68309914714,2.008355646092656
20901,CORONGO,CORONGO,ANCASH,0.0,2022,0.0165180951667014,True,True,104239.68309914714,104239.68309914714,
20605,ATAQUERO,CARHUAZ,ANCASH,13091.0,2022,0.0161198394150998,True,True,117330.68309914714,104239.68309914714,7.962698273557951
20111,PIRA,HUARAZ,ANCASH,25350.0,2022,0.0258477610152961,True,True,129589.68309914714,104239.68309914714,4.1120190571655675
20607,PARIAHUANCA,CARHUAZ,ANCASH,0.0,2022,0.0164823284745506,True,True,104239.68309914714,104239.68309914714,
20608,SAN MIGUEL DE ACO,CARHUAZ,ANCASH,11674.0,2022,0.0205371107459763,True,True,115913.68309914714,104239.68309914714,8.929217329034362
21009,MASIN,HUARI,ANCASH,0.0,2022,0.0162729903680506,True,True,104239.68309914714,104239.68309914714,
21010,PAUCAS,HUARI,ANCASH,0.0,2022,0.0201122100082155,True,True,104239.68309914714,104239.68309914714,
21011,PONTO,HUARI,ANCASH,41858.6,2022,0.0233285270073438,True,True,146098.28309914714,104239.68309914714,2.4902811632292323
20903,BAMBAS,CORONGO,ANCASH,0.0,2022,0.0176495342673382,True,True,104239.68309914714,104239.68309914714,
20904,CUSCA,CORONGO,ANCASH,0.0,2022,0.0202376856499682,True,True,104239.68309914714,104239.68309914714,
20906,YANAC,CORONGO,ANCASH,1500.0,2022,0.0206637681315484,True,True,105739.68309914714,104239.68309914714,69.4931220660981
20907,YUPAN,CORONGO,ANCASH,0.0,2022,0.0150610485840891,True,True,104239.68309914714,104239.68309914714,
20301,LLAMELLIN,ANTONIO RAYMONDI,ANCASH,0.0,2022,0.0192907948086713,True,True,104239.68309914714,104239.68309914714,
20302,ACZO,ANTONIO RAYMONDI,ANCASH,0.0,2022,0.0158981097516472,True,True,104239.68309914714,104239.68309914714,
20303,CHACCHO,ANTONIO RAYMONDI,ANCASH,5932.0,2022,0.0292594693089576,True,True,110171.68309914714,104239.68309914714,17.572434777334312
21004,CHAVIN DE HUANTAR,HUARI,ANCASH,49560.54,2022,0.0212593453997277,True,True,153800.22309914714,104239.68309914714,2.1032798088791433
21005,HUACACHI,HUARI,ANCASH,0.0,2022,0.0199932830915349,True,True,104239.68309914714,104239.68309914714,
21006,HUACCHIS,HUARI,ANCASH,0.0,2022,0.0217818403922576,True,True,104239.68309914714,104239.68309914714,
20606,MARCARA,CARHUAZ,ANCASH,0.0,2022,0.019992273213515,True,True,104239.68309914714,104239.68309914714,
20112,TARICA,HUARAZ,ANCASH,29769.4,2022,0.0193418445631847,True,True,134009.08309914713,104239.68309914714,3.5015715163606633
20402,ACOCHACA,ASUNCION,ANCASH,4856.0,2022,0.0210688845103251,True,True,109095.68309914714,104239.68309914714,21.466162087962754
20501,CHIQUIAN,BOLOGNESI,ANCASH,0.0,2022,0.0202809926899426,True,True,104239.68309914714,104239.68309914714,
20503,ANTONIO RAYMONDI,BOLOGNESI,ANCASH,30813.0,2022,0.0180542682996688,True,True,135052.68309914714,104239.68309914714,3.382977415348948
20201,AIJA,AIJA,ANCASH,0.0,2022,0.0223945512514373,True,True,104239.68309914714,104239.68309914714,
20202,CORIS,AIJA,ANCASH,12713.6,2022,0.0212596083837018,True,True,116953.28309914714,104239.68309914714,8.199068957584565
20203,HUACLLAN,AIJA,ANCASH,0.0,2022,0.016058002063382,True,True,104239.68309914714,104239.68309914714,
20204,LA MERCED,AIJA,ANCASH,11654.0,2022,0.017401546803348,True,True,115893.68309914714,104239.68309914714,8.944541196082644
20205,SUCCHA,AIJA,ANCASH,0.0,2022,0.021202599774342,True,True,104239.68309914714,104239.68309914714,
20505,CAJACAY,BOLOGNESI,ANCASH,0.0,2022,0.0175900555787307,True,True,104239.68309914714,104239.68309914714,
20508,HUALLANCA,BOLOGNESI,ANCASH,41250.0,2022,0.0214739323056222,True,True,145489.68309914714,104239.68309914714,2.527022620585385
20509,HUASTA,BOLOGNESI,ANCASH,0.0,2022,0.0198026953631754,True,True,104239.68309914714,104239.68309914714,
20510,HUAYLLACAYAN,BOLOGNESI,ANCASH,3098.0,2022,0.0197951653995157,True,True,107337.68309914714,104239.68309914714,33.647412233423864
20304,CHINGAS,ANTONIO RAYMONDI,ANCASH,0.0,2022,0.0187834176355223,True,True,104239.68309914714,104239.68309914714,
210806,NUÑOA,MELGAR,PUNO,0.0,2022,0.0260339910495229,True,True,104239.68309914714,104239.68309914714,
20306,SAN JUAN DE RONTOY,ANTONIO RAYMONDI,ANCASH,18100.0,2022,0.026352553914526,True,True,122339.68309914714,104239.68309914714,5.759098513765035
20401,CHACAS,ASUNCION,ANCASH,0.0,2022,0.0217722352754019,True,True,104239.68309914714,104239.68309914714,
20513,PACLLON,BOLOGNESI,ANCASH,0.0,2022,0.0244693914760021,True,True,104239.68309914714,104239.68309914714,
20514,SAN MIGUEL DE CORPANQUI,BOLOGNESI,ANCASH,156.3,2022,0.0183166422864818,True,True,104395.98309914714,104239.68309914714,666.9205572562196
20515,TICLLOS,BOLOGNESI,ANCASH,0.0,2022,0.021447033283115,True,True,104239.68309914714,104239.68309914714,
20601,CARHUAZ,CARHUAZ,ANCASH,0.0,2022,0.0151520209720512,True,True,104239.68309914714,104239.68309914714,
20602,ACOPAMPA,CARHUAZ,ANCASH,29076.0,2022,0.0156282499378296,True,True,133315.68309914714,104239.68309914714,3.5850764582180195
20603,AMASHCA,CARHUAZ,ANCASH,2000.0,2022,0.0190165579320772,True,True,106239.68309914714,104239.68309914714,52.119841549573565
20604,ANTA,CARHUAZ,ANCASH,9095.0,2022,0.0213387201066793,True,True,113334.68309914714,104239.68309914714,11.461207597487316
20504,AQUIA,BOLOGNESI,ANCASH,0.0,2022,0.0249219751028794,True,True,104239.68309914714,104239.68309914714,
210710,VILAVILA,LAMPA,PUNO,24762.0,2022,0.0305415369620135,True,True,129001.68309914714,104239.68309914714,4.2096633187604855
210802,ANTAUTA,MELGAR,PUNO,4527.0,2022,0.0267623288019112,True,True,108766.68309914714,104239.68309914714,23.026216721702482
210803,CUPI,MELGAR,PUNO,30691.0,2022,0.0168045513405239,True,True,134930.68309914714,104239.68309914714,3.3964251115684445
210804,LLALLI,MELGAR,PUNO,0.0,2022,0.021556599728635,True,True,104239.68309914714,104239.68309914714,
210805,MACARI,MELGAR,PUNO,0.0,2022,0.0206390738542913,True,True,104239.68309914714,104239.68309914714,
20305,MIRGAS,ANTONIO RAYMONDI,ANCASH,30364.4,2022,0.031648436988763,True,True,134604.08309914713,104239.68309914714,3.432957117517459
50203,LOS MOROCHUCOS,CANGALLO,AYACUCHO,61574.5,2022,0.0218234571943372,True,True,165814.18309914714,104239.68309914714,1.6929034437818762
50204,MARIA PARADO DE BELLIDO,CANGALLO,AYACUCHO,16537.0,2022,0.0247195018047894,True,True,120776.68309914714,104239.68309914714,6.303421606043849
50205,PARAS,CANGALLO,AYACUCHO,35041.65,2022,0.021115449635068,True,True,139281.33309914713,104239.68309914714,2.974736723274935
50406,SANTILLANA,HUANTA,AYACUCHO,26064.0,2022,0.0210094919300912,True,True,130303.68309914714,104239.68309914714,3.9993739678923856
50410,UCHURACCAY,HUANTA,AYACUCHO,24421.0,2022,0.0226015683137246,True,True,128660.68309914714,104239.68309914714,4.268444498552358
50411,PUCACOLPA,HUANTA,AYACUCHO,51286.0,2022,0.0204887763668682,True,True,155525.68309914714,104239.68309914714,2.032517316599991
50412,CHACA,HUANTA,AYACUCHO,0.0,2022,0.02252002870428,True,True,104239.68309914714,104239.68309914714,
50301,SANCOS,HUANCA SANCOS,AYACUCHO,23677.3,2022,0.0231495221805932,True,True,127916.98309914714,104239.68309914714,4.4025156204105675
50302,CARAPO,HUANCA SANCOS,AYACUCHO,0.0,2022,0.0216290917692417,True,True,104239.68309914714,104239.68309914714,
50303,SACSAMARCA,HUANCA SANCOS,AYACUCHO,35000.0,2022,0.0252588335661658,True,True,139239.68309914714,104239.68309914714,2.9782766599756325
50304,SANTIAGO DE LUCANAMARCA,HUANCA SANCOS,AYACUCHO,1597.7,2022,0.0251515541234956,True,True,105837.38309914713,104239.68309914714,65.24358959701266
50602,AUCARA,LUCANAS,AYACUCHO,21600.0,2022,0.0217718460194075,True,True,125839.68309914714,104239.68309914714,4.825911254590145
50603,CABANA,LUCANAS,AYACUCHO,0.0,2022,0.0213064111107795,True,True,104239.68309914714,104239.68309914714,
50604,CARMEN SALCEDO,LUCANAS,AYACUCHO,0.0,2022,0.0234984212607338,True,True,104239.68309914714,104239.68309914714,
30607,URANMARCA,CHINCHEROS,APURIMAC,207487.66,2022,0.0208949386245606,True,True,311727.34309914714,104239.68309914714,0.5023897956107227
50606,CHIPAO,LUCANAS,AYACUCHO,581.0,2022,0.0278999685403472,True,True,104820.68309914714,104239.68309914714,179.4142566250381
50608,LARAMATE,LUCANAS,AYACUCHO,19838.8,2022,0.0218181556920459,True,True,124078.48309914714,104239.68309914714,5.254334087704254
50609,LEONCIO PRADO,LUCANAS,AYACUCHO,0.0,2022,0.0265601512544204,True,True,104239.68309914714,104239.68309914714,
50514,NINABAMBA,LA MAR,AYACUCHO,0.0,0,0.0206514895641494,True,True,104239.68309914714,104239.68309914714,
160504,EMILIO SAN MARTIN,REQUENA,LORETO,5000.0,2022,0.0192002677380607,True,True,109239.68309914714,104239.68309914714,20.847936619829426
50610,LLAUTA,LUCANAS,AYACUCHO,0.0,2022,0.0204150702454613,True,True,104239.68309914714,104239.68309914714,
50611,LUCANAS,LUCANAS,AYACUCHO,10967.8,2022,0.0259066906825568,True,True,115207.48309914714,104239.68309914714,9.504156084095913
50612,OCAÑA,LUCANAS,AYACUCHO,2850.0,2022,0.0178919437326805,True,True,107089.68309914714,104239.68309914714,36.57532740320952
50614,SAISA,LUCANAS,AYACUCHO,3495.0,2022,0.0195809158157367,True,True,107734.68309914714,104239.68309914714,29.825374277295317
50615,SAN CRISTOBAL,LUCANAS,AYACUCHO,401.7,2022,0.0267651442878239,True,True,104641.38309914713,104239.68309914714,259.49634826773
50616,SAN JUAN,LUCANAS,AYACUCHO,0.0,2022,0.0182793334179636,True,True,104239.68309914714,104239.68309914714,
50617,SAN PEDRO,LUCANAS,AYACUCHO,0.0,2022,0.0239672614939275,True,True,104239.68309914714,104239.68309914714,
160509,TAPICHE,REQUENA,LORETO,0.0,2021,0.0233038705690776,True,True,104239.68309914714,104239.68309914714,
160511,YAQUERANA,REQUENA,LORETO,0.0,2022,0.0229431992215259,True,True,104239.68309914714,104239.68309914714,
50605,CHAVIÑA,LUCANAS,AYACUCHO,0.0,2022,0.0255120598318849,True,True,104239.68309914714,104239.68309914714,
40409,ORCOPAMPA,CASTILLA,AREQUIPA,0.0,2022,0.0280588819923256,True,True,104239.68309914714,104239.68309914714,
40810,TOMEPAMPA,LA UNION,AREQUIPA,0.0,2021,0.0185858593994616,True,True,104239.68309914714,104239.68309914714,
40811,TORO,LA UNION,AREQUIPA,0.0,2021,0.0216247762725634,True,True,104239.68309914714,104239.68309914714,
50103,ACOS VINCHOS,HUAMANGA,AYACUCHO,42249.0,2022,0.0237472896002165,True,True,146488.68309914714,104239.68309914714,2.4672698312184225
50104,CARMEN ALTO,HUAMANGA,AYACUCHO,111640.5,2022,0.0180075509871484,True,True,215880.18309914714,104239.68309914714,0.9337084937737392
40410,PAMPACOLCA,CASTILLA,AREQUIPA,0.0,2022,0.0204332656635133,True,True,104239.68309914714,104239.68309914714,
40412,UÑON,CASTILLA,AREQUIPA,0.0,2021,0.0200859713718727,True,True,104239.68309914714,104239.68309914714,
40414,VIRACO,CASTILLA,AREQUIPA,0.0,2022,0.019036009759227,True,True,104239.68309914714,104239.68309914714,
40501,CHIVAY,CAYLLOMA,AREQUIPA,0.0,2022,0.0226311622617579,True,True,104239.68309914714,104239.68309914714,
40502,ACHOMA,CAYLLOMA,AREQUIPA,0.0,2022,0.0259122950836046,True,True,104239.68309914714,104239.68309914714,
40503,CABANACONDE,CAYLLOMA,AREQUIPA,0.0,2022,0.0199137851668669,True,True,104239.68309914714,104239.68309914714,
40402,ANDAGUA,CASTILLA,AREQUIPA,0.0,2022,0.0275838227942956,True,True,104239.68309914714,104239.68309914714,
40404,CHACHAS,CASTILLA,AREQUIPA,0.0,2022,0.0364021541851538,True,True,104239.68309914714,104239.68309914714,
160705,PASTAZA,DATEM DEL MARAÑON,LORETO,9000.0,2022,0.0227991693243164,True,True,113239.68309914714,104239.68309914714,11.582187011016348
50202,CHUSCHI,CANGALLO,AYACUCHO,6649.7,2022,0.0203560650623478,True,True,110889.38309914713,104239.68309914714,15.675847496751302
160801,PUTUMAYO,PUTUMAYO,LORETO,0.0,2022,0.0243002059573113,True,True,104239.68309914714,104239.68309914714,
160802,ROSA PANDURO,PUTUMAYO,LORETO,0.0,2022,0.0225528895111035,True,True,104239.68309914714,104239.68309914714,
160804,YAGUAS,PUTUMAYO,LORETO,8820.0,2022,0.0226357477824648,True,True,113059.68309914714,104239.68309914714,11.818558174506478
160603,PADRE MARQUEZ,UCAYALI,LORETO,0.0,2022,0.0157476881803121,True,True,104239.68309914714,104239.68309914714,
160604,PAMPA HERMOSA,UCAYALI,LORETO,23952.6,2022,0.0166732206654837,True,True,128192.28309914714,104239.68309914714,4.351915161575242
50206,TOTOS,CANGALLO,AYACUCHO,0.0,2022,0.0204812176562113,True,True,104239.68309914714,104239.68309914714,
50108,QUINUA,HUAMANGA,AYACUCHO,11195.2,2022,0.0254559336033464,True,True,115434.88309914713,104239.68309914714,9.311105036010712
50109,SAN JOSE DE TICLLAS,HUAMANGA,AYACUCHO,6316.0,2022,0.0217338457489403,True,True,110555.68309914714,104239.68309914714,16.504066355153125
50111,SANTIAGO DE PISCHA,HUAMANGA,AYACUCHO,13399.74,2022,0.0224197982851677,True,True,117639.42309914714,104239.68309914714,7.779231768612461
50112,SOCOS,HUAMANGA,AYACUCHO,126421.6,2022,0.0246433229807505,True,True,230661.28309914714,104239.68309914714,0.8245401347487069
50113,TAMBILLO,HUAMANGA,AYACUCHO,72858.0,2022,0.0252929640515525,True,True,177097.68309914714,104239.68309914714,1.4307239163735916
160704,MORONA,DATEM DEL MARAÑON,LORETO,0.0,2022,0.0234095063620413,True,True,104239.68309914714,104239.68309914714,
50402,AYAHUANCO,HUANTA,AYACUCHO,1969.7,2022,0.019107969064957,True,True,106209.38309914713,104239.68309914714,52.92160384786878
50404,IGUAIN,HUANTA,AYACUCHO,25333.0,2022,0.0195602055516661,True,True,129572.68309914714,104239.68309914714,4.114778474683106
50115,JESUS NAZARENO,HUAMANGA,AYACUCHO,96145.4,2022,0.0159497412805153,True,True,200385.08309914713,104239.68309914714,1.0841879392997185
160706,ANDOAS,DATEM DEL MARAÑON,LORETO,16023.5,2022,0.0217329343151696,True,True,120263.18309914714,104239.68309914714,6.50542535021357
50805,MARCABAMBA,PAUCAR DEL SARA SARA,AYACUCHO,0.0,2022,0.0197187739832422,True,True,104239.68309914714,104239.68309914714,
50806,OYOLO,PAUCAR DEL SARA SARA,AYACUCHO,0.0,2022,0.0368885609079518,True,True,104239.68309914714,104239.68309914714,
50807,PARARCA,PAUCAR DEL SARA SARA,AYACUCHO,0.0,2022,0.0183629766445473,True,True,104239.68309914714,104239.68309914714,
50808,SAN JAVIER DE ALPABAMBA,PAUCAR DEL SARA SARA,AYACUCHO,2769.21,2022,0.0159173651602207,True,True,107008.89309914714,104239.68309914714,37.64239010372891
50515,PATIBAMBA,LA MAR,AYACUCHO,0.0,0,0.015363667654974,True,True,104239.68309914714,104239.68309914714,
50502,ANCO,LA MAR,AYACUCHO,112195.53,2022,0.0170659144196377,True,True,216435.21309914713,104239.68309914714,0.9290894485649039
50504,CHILCAS,LA MAR,AYACUCHO,7608.0,2022,0.019079030730273,True,True,111847.68309914714,104239.68309914714,13.701325328489371
50508,TAMBO,LA MAR,AYACUCHO,191924.98,2022,0.025215002424081,True,True,296164.66309914715,104239.68309914714,0.5431272317920633
50904,CHILCAYOC,SUCRE,AYACUCHO,0.0,2022,0.0209085057887593,True,True,104239.68309914714,104239.68309914714,
120112,COLCA,HUANCAYO,JUNIN,0.0,2022,0.0220235427548786,True,True,104239.68309914714,104239.68309914714,
50906,MORCOLLA,SUCRE,AYACUCHO,0.0,2022,0.02866140340953,True,True,104239.68309914714,104239.68309914714,
160301,NAUTA,LORETO,LORETO,146811.34,2022,0.0169081720142692,True,True,251051.02309914713,104239.68309914714,0.7100247371841109
160302,PARINARI,LORETO,LORETO,16159.0,2022,0.025176084876895,True,True,120398.68309914714,104239.68309914714,6.4508746270899895
160303,TIGRE,LORETO,LORETO,100865.0,2022,0.0257593585104136,True,True,205104.68309914714,104239.68309914714,1.0334574242715227
160401,RAMON CASTILLA,MARISCAL RAMON CASTILLA,LORETO,0.0,2022,0.0169110392325863,True,True,104239.68309914714,104239.68309914714,
160305,URARINAS,LORETO,LORETO,71420.0,2022,0.0237590854988242,True,True,175659.68309914714,104239.68309914714,1.4595307070729087
160107,NAPO,MAYNAS,LORETO,107596.0,2022,0.0237923845907116,True,True,211835.68309914714,104239.68309914714,0.9688063041297738
160110,TORRES CAUSANA,MAYNAS,LORETO,31087.0,2022,0.0209778632060607,True,True,135326.68309914714,104239.68309914714,3.3531599414271924
51002,ALCAMENCA,VICTOR FAJARDO,AYACUCHO,0.0,2022,0.0197522319977516,True,True,104239.68309914714,104239.68309914714,
51003,APONGO,VICTOR FAJARDO,AYACUCHO,0.0,2021,0.0252131495829672,True,True,104239.68309914714,104239.68309914714,
51005,CANARIA,VICTOR FAJARDO,AYACUCHO,0.0,2022,0.0197970433012738,True,True,104239.68309914714,104239.68309914714,
51006,CAYARA,VICTOR FAJARDO,AYACUCHO,0.0,2022,0.0253455815826672,True,True,104239.68309914714,104239.68309914714,
51007,COLCA,VICTOR FAJARDO,AYACUCHO,6248.0,2022,0.0201063839124231,True,True,110487.68309914714,104239.68309914714,16.683688076047876
51008,HUAMANQUIQUIA,VICTOR FAJARDO,AYACUCHO,0.0,2022,0.0240576689087781,True,True,104239.68309914714,104239.68309914714,
160206,LAGUNAS,ALTO AMAZONAS,LORETO,0.0,2022,0.0195028208169398,True,True,104239.68309914714,104239.68309914714,
160210,SANTA CRUZ,ALTO AMAZONAS,LORETO,104952.0,2022,0.0248335770357833,True,True,209191.68309914714,104239.68309914714,0.9932129268536772
51010,HUAYA,VICTOR FAJARDO,AYACUCHO,0.0,2022,0.0195974541848768,True,True,104239.68309914714,104239.68309914714,
51011,SARHUA,VICTOR FAJARDO,AYACUCHO,2159.45,2022,0.020436759283063,True,True,106399.13309914713,104239.68309914714,48.271403875592
51012,VILCANCHOS,VICTOR FAJARDO,AYACUCHO,25937.7,2022,0.0184445425581337,True,True,130177.38309914713,104239.68309914714,4.01884835969061
51101,VILCAS HUAMAN,VILCAS HUAMAN,AYACUCHO,0.0,2022,0.0237847527876699,True,True,104239.68309914714,104239.68309914714,
160304,TROMPETEROS,LORETO,LORETO,122570.0,2022,0.0241773349118781,True,True,226809.68309914714,104239.68309914714,0.8504502170118882
160403,YAVARI,MARISCAL RAMON CASTILLA,LORETO,58326.0,2022,0.0214435928120632,True,True,162565.68309914714,104239.68309914714,1.7871906713840677
160404,SAN PABLO,MARISCAL RAMON CASTILLA,LORETO,145567.0,2022,0.0179790923435317,True,True,249806.68309914714,104239.68309914714,0.7160941909852311
160501,REQUENA,REQUENA,LORETO,86140.0,2022,0.0193042333092024,True,True,190379.68309914714,104239.68309914714,1.2101193765863378
160502,ALTO TAPICHE,REQUENA,LORETO,0.0,2022,0.0237423709274687,True,True,104239.68309914714,104239.68309914714,
160605,SARAYACU,UCAYALI,LORETO,32000.0,2022,0.0209239768683056,True,True,136239.68309914714,104239.68309914714,3.257490096848348
160702,CAHUAPANAS,DATEM DEL MARAÑON,LORETO,149435.0,2022,0.0219742785383126,True,True,253674.68309914714,104239.68309914714,0.6975586917331759
160703,MANSERICHE,DATEM DEL MARAÑON,LORETO,67518.6,2022,0.0168758838298622,True,True,171758.28309914714,104239.68309914714,1.5438661805657572
160505,MAQUIA,REQUENA,LORETO,51270.0,2022,0.0216436461376681,True,True,155509.68309914714,104239.68309914714,2.0331516110619687
160506,PUINAHUA,REQUENA,LORETO,0.0,2022,0.0212579672829345,True,True,104239.68309914714,104239.68309914714,
160507,SAQUENA,REQUENA,LORETO,19610.0,2022,0.0245127972085029,True,True,123849.68309914714,104239.68309914714,5.315639117753551
160508,SOPLIN,REQUENA,LORETO,10070.0,2022,0.0254530280847162,True,True,114309.68309914714,104239.68309914714,10.351507755625336
50802,COLTA,PAUCAR DEL SARA SARA,AYACUCHO,0.0,2022,0.025491403338937,True,True,104239.68309914714,104239.68309914714,
50803,CORCULLA,PAUCAR DEL SARA SARA,AYACUCHO,0.0,2022,0.0217161603923652,True,True,104239.68309914714,104239.68309914714,
50804,LAMPA,PAUCAR DEL SARA SARA,AYACUCHO,0.0,2022,0.0237223234078543,True,True,104239.68309914714,104239.68309914714,
50911,SORAS,SUCRE,AYACUCHO,0.0,2022,0.0218597491522761,True,True,104239.68309914714,104239.68309914714,
50619,SANCOS,LUCANAS,AYACUCHO,40000.0,2022,0.0199922897807683,True,True,144239.68309914714,104239.68309914714,2.6059920774786782
50621,SANTA LUCIA,LUCANAS,AYACUCHO,1209.92,2022,0.0190620421397332,True,True,105449.60309914713,104239.68309914714,86.15419457414302
50701,CORACORA,PARINACOCHAS,AYACUCHO,20427.0,2022,0.0211620023161114,True,True,124666.68309914714,104239.68309914714,5.103034371133654
50702,CHUMPI,PARINACOCHAS,AYACUCHO,0.0,2022,0.0215892825893659,True,True,104239.68309914714,104239.68309914714,
50809,SAN JOSE DE USHUA,PAUCAR DEL SARA SARA,AYACUCHO,0.0,2022,0.0189388838749141,True,True,104239.68309914714,104239.68309914714,
50901,QUEROBAMBA,SUCRE,AYACUCHO,0.0,2022,0.0195576124812517,True,True,104239.68309914714,104239.68309914714,
50902,BELEN,SUCRE,AYACUCHO,0.0,2022,0.0190389852989303,True,True,104239.68309914714,104239.68309914714,
50903,CHALCOS,SUCRE,AYACUCHO,0.0,2022,0.0203898105376968,True,True,104239.68309914714,104239.68309914714,
50705,PULLO,PARINACOCHAS,AYACUCHO,13596.6,2022,0.0239963915271519,True,True,117836.28309914714,104239.68309914714,7.666599230627299
50706,PUYUSCA,PARINACOCHAS,AYACUCHO,372.5,2022,0.0253154221717168,True,True,104612.18309914714,104239.68309914714,279.83807543395204
50708,UPAHUACHO,PARINACOCHAS,AYACUCHO,17463.0,2022,0.0259521543403692,True,True,121702.68309914714,104239.68309914714,5.969173858967367
50801,PAUSA,PAUCAR DEL SARA SARA,AYACUCHO,2400.0,2022,0.0151331639553909,True,True,106639.68309914714,104239.68309914714,43.433201291311306
50908,SAN PEDRO DE LARCAY,SUCRE,AYACUCHO,5661.6,2022,0.0169734359754438,True,True,109901.28309914714,104239.68309914714,18.411700420225223
50909,SAN SALVADOR DE QUIJE,SUCRE,AYACUCHO,4960.0,2022,0.017517811220968,True,True,109199.68309914714,104239.68309914714,21.016065140957085
50910,SANTIAGO DE PAUCARAY,SUCRE,AYACUCHO,0.0,2022,0.0185005479707944,True,True,104239.68309914714,104239.68309914714,
50618,SAN PEDRO DE PALCO,LUCANAS,AYACUCHO,1548.0,2022,0.0240967115363536,True,True,105787.68309914714,104239.68309914714,67.33829657567644
40113,POCSI,AREQUIPA,AREQUIPA,0.0,2022,0.0235433144959062,True,True,104239.68309914714,104239.68309914714,
40114,POLOBAYA,AREQUIPA,AREQUIPA,0.0,2022,0.0195618015730717,True,True,104239.68309914714,104239.68309914714,
40106,CHIGUATA,AREQUIPA,AREQUIPA,12528.0,2022,0.0208429485683744,True,True,116767.68309914714,104239.68309914714,8.320536645845078
30708,PROGRESO,GRAU,APURIMAC,10000.0,2022,0.0233056565086608,True,True,114239.68309914714,104239.68309914714,10.423968309914713
30710,SANTA ROSA,GRAU,APURIMAC,28500.0,2022,0.0190099838533356,True,True,132739.68309914714,104239.68309914714,3.6575327403209523
30411,SAN JUAN DE CHACÑA,AYMARAES,APURIMAC,0.0,2022,0.0206937485308984,True,True,104239.68309914714,104239.68309914714,
30412,SAÑAYCA,AYMARAES,APURIMAC,0.0,2022,0.0217853958668302,True,True,104239.68309914714,104239.68309914714,
30414,TAPAIRIHUA,AYMARAES,APURIMAC,4091.0,2022,0.0200180703319022,True,True,108330.68309914714,104239.68309914714,25.480245196564933
30415,TINTAY,AYMARAES,APURIMAC,17685.0,2022,0.0185093839738706,True,True,121924.68309914714,104239.68309914714,5.894242753697887
30416,TORAYA,AYMARAES,APURIMAC,3519.0,2022,0.0180030868885281,True,True,107758.68309914714,104239.68309914714,29.62196166500345
30417,YANACA,AYMARAES,APURIMAC,0.0,2022,0.0225666175570569,True,True,104239.68309914714,104239.68309914714,
30403,CARAYBAMBA,AYMARAES,APURIMAC,0.0,2022,0.0237309200264085,True,True,104239.68309914714,104239.68309914714,
30404,CHAPIMARCA,AYMARAES,APURIMAC,0.0,2022,0.0188415656102029,True,True,104239.68309914714,104239.68309914714,
190108,SAN FRANCISCO DE ASIS DE YARUSYACAN,PASCO,PASCO,0.0,2022,0.0243379115422476,True,True,104239.68309914714,104239.68309914714,
40408,MACHAGUAY,CASTILLA,AREQUIPA,0.0,2022,0.025783565000823,True,True,104239.68309914714,104239.68309914714,
190110,TICLACAYAN,PASCO,PASCO,4682.0,2022,0.0223993920727645,True,True,108921.68309914714,104239.68309914714,22.263922063038688
180210,UBINAS,GENERAL SANCHEZ CERRO,MOQUEGUA,0.0,2022,0.0264609180805652,True,True,104239.68309914714,104239.68309914714,
180211,YUNGA,GENERAL SANCHEZ CERRO,MOQUEGUA,0.0,2022,0.02805370663449,True,True,104239.68309914714,104239.68309914714,
180302,EL ALGARROBAL,ILO,MOQUEGUA,60159.6,2022,0.021804712522684,True,True,164399.28309914714,104239.68309914714,1.732719019061748
180202,CHOJATA,GENERAL SANCHEZ CERRO,MOQUEGUA,0.0,2022,0.0307283248154501,True,True,104239.68309914714,104239.68309914714,
190203,GOYLLARISQUIZGA,DANIEL ALCIDES CARRION,PASCO,0.0,0,0.0203933776449274,True,True,104239.68309914714,104239.68309914714,
190204,PAUCAR,DANIEL ALCIDES CARRION,PASCO,1000.0,2022,0.0205479563608184,True,True,105239.68309914714,104239.68309914714,104.23968309914713
190205,SAN PEDRO DE PILLAO,DANIEL ALCIDES CARRION,PASCO,5671.0,2022,0.0256794574955167,True,True,109910.68309914714,104239.68309914714,18.381181995970223
190103,HUARIACA,PASCO,PASCO,0.0,2022,0.0226678691041122,True,True,104239.68309914714,104239.68309914714,
190104,HUAYLLAY,PASCO,PASCO,0.0,2022,0.0284940297564663,True,True,104239.68309914714,104239.68309914714,
190105,NINACACA,PASCO,PASCO,0.0,2022,0.0252073189161249,True,True,104239.68309914714,104239.68309914714,
190106,PALLANCHACRA,PASCO,PASCO,24222.34,2022,0.0153187476064609,True,True,128462.02309914713,104239.68309914714,4.303452230426422
190107,PAUCARTAMBO,PASCO,PASCO,4500.0,2022,0.0156817973650832,True,True,108739.68309914714,104239.68309914714,23.164374022032696
190206,SANTA ANA DE TUSI,DANIEL ALCIDES CARRION,PASCO,45370.0,2022,0.0214850264244817,True,True,149609.68309914714,104239.68309914714,2.297546464605403
190109,SIMON BOLIVAR,PASCO,PASCO,36519.0,2022,0.0249599953607463,True,True,140758.68309914714,104239.68309914714,2.854395878834227
30608,RANRACANCHA,CHINCHEROS,APURIMAC,52511.0,2022,0.027998659660623,True,True,156750.68309914714,104239.68309914714,1.9851018472157669
30609,ROCCHACC,CHINCHEROS,APURIMAC,13196.0,2022,0.0212057171906466,True,True,117435.68309914714,104239.68309914714,7.8993394285501015
30610,EL PORVENIR,CHINCHEROS,APURIMAC,6120.0,2022,0.0179531875729542,True,True,110359.68309914714,104239.68309914714,17.032627957376985
30211,POMACOCHA,ANDAHUAYLAS,APURIMAC,3259.0,2022,0.0223526941124343,True,True,107498.68309914714,104239.68309914714,31.98517431701354
30212,SAN ANTONIO DE CACHI,ANDAHUAYLAS,APURIMAC,6540.0,2022,0.0211226413521639,True,True,110779.68309914714,104239.68309914714,15.938789464701397
30107,PICHIRHUA,ABANCAY,APURIMAC,35735.1,2022,0.0200491204324702,True,True,139974.78309914714,104239.68309914714,2.917011092711288
30108,SAN PEDRO DE CACHORA,ABANCAY,APURIMAC,53871.9,2022,0.0198655919752699,True,True,158111.58309914713,104239.68309914714,1.9349546442421213
30219,KAQUIABAMBA,ANDAHUAYLAS,APURIMAC,8096.5,2022,0.0209804574711157,True,True,112336.18309914714,104239.68309914714,12.874659803513511
30206,HUAYANA,ANDAHUAYLAS,APURIMAC,5932.0,2022,0.0207489937656966,True,True,110171.68309914714,104239.68309914714,17.572434777334312
30207,KISHUARA,ANDAHUAYLAS,APURIMAC,77774.62,2022,0.0239263198715982,True,True,182014.30309914713,104239.68309914714,1.3402789123128747
30208,PACOBAMBA,ANDAHUAYLAS,APURIMAC,73859.4,2022,0.0176420865100571,True,True,178099.08309914713,104239.68309914714,1.4113258853869264
30209,PACUCHA,ANDAHUAYLAS,APURIMAC,60913.34,2022,0.0213799050950403,True,True,165153.02309914713,104239.68309914714,1.7112784014002047
30210,PAMPACHIRI,ANDAHUAYLAS,APURIMAC,16745.0,2022,0.0212279031743358,True,True,120984.68309914714,104239.68309914714,6.225122908279912
30706,MICAELA BASTIDAS,GRAU,APURIMAC,0.0,2022,0.019464182437539,True,True,104239.68309914714,104239.68309914714,
30410,POCOHUANCA,AYMARAES,APURIMAC,0.0,2022,0.0232692878180672,True,True,104239.68309914714,104239.68309914714,
210102,ACORA,PUNO,PUNO,72712.5,2022,0.0196099673401513,True,True,176952.18309914714,104239.68309914714,1.433586839940136
210103,AMANTANI,PUNO,PUNO,19185.1,2022,0.0254857815473715,True,True,123424.78309914714,104239.68309914714,5.433366680348143
210104,ATUNCOLLA,PUNO,PUNO,32212.0,2022,0.027925332170329,True,True,136451.68309914714,104239.68309914714,3.236051257268941
200204,LAGUNAS,AYABACA,PIURA,83839.0,2022,0.0165622973204338,True,True,188078.68309914714,104239.68309914714,1.243331660672803
40312,QUICACHA,CARAVELI,AREQUIPA,0.0,2021,0.0175362968986562,True,True,104239.68309914714,104239.68309914714,
30711,TURPAY,GRAU,APURIMAC,0.0,0,0.0169767304101546,True,True,104239.68309914714,104239.68309914714,
30712,VILCABAMBA,GRAU,APURIMAC,0.0,2022,0.0211194133610869,True,True,104239.68309914714,104239.68309914714,
30713,VIRUNDO,GRAU,APURIMAC,0.0,2022,0.027753315861137,True,True,104239.68309914714,104239.68309914714,
30714,CURASCO,GRAU,APURIMAC,0.0,2022,0.0204846674694863,True,True,104239.68309914714,104239.68309914714,
30702,CURPAHUASI,GRAU,APURIMAC,10505.0,2022,0.0216668429553131,True,True,114744.68309914714,104239.68309914714,9.922863693398108
30703,GAMARRA,GRAU,APURIMAC,43954.4,2022,0.0226572458336452,True,True,148194.08309914713,104239.68309914714,2.3715414861571795
30704,HUAYLLATI,GRAU,APURIMAC,7758.0,2022,0.0288580400787654,True,True,111997.68309914714,104239.68309914714,13.436411845726623
30705,MAMARA,GRAU,APURIMAC,0.0,2022,0.0247473637760068,True,True,104239.68309914714,104239.68309914714,
30405,COLCABAMBA,AYMARAES,APURIMAC,0.0,2022,0.0177153267828722,True,True,104239.68309914714,104239.68309914714,
30409,LUCRE,AYMARAES,APURIMAC,3120.0,2022,0.0169460343547223,True,True,107359.68309914714,104239.68309914714,33.41015483947024
30707,PATAYPAMPA,GRAU,APURIMAC,0.0,2022,0.0229941145666903,True,True,104239.68309914714,104239.68309914714,
170201,MANU,MANU,MADRE DE DIOS,8357.15,2022,0.0195294996111733,True,True,112596.83309914713,104239.68309914714,12.473113812621186
170202,FITZCARRALD,MANU,MADRE DE DIOS,8393.0,2022,0.0228674501966385,True,True,112632.68309914714,104239.68309914714,12.41983594652057
170203,MADRE DE DIOS,MANU,MADRE DE DIOS,20300.0,2022,0.0193490957635826,True,True,124539.68309914714,104239.68309914714,5.134959758578677
170301,IÑAPARI,TAHUAMANU,MADRE DE DIOS,2000.0,2022,0.0221556892640212,True,True,106239.68309914714,104239.68309914714,52.119841549573565
180203,COALAQUE,GENERAL SANCHEZ CERRO,MOQUEGUA,0.0,2022,0.0150695091623628,True,True,104239.68309914714,104239.68309914714,
180204,ICHUÑA,GENERAL SANCHEZ CERRO,MOQUEGUA,11685.0,2022,0.0255506988919028,True,True,115924.68309914714,104239.68309914714,8.92081156175842
180206,LLOQUE,GENERAL SANCHEZ CERRO,MOQUEGUA,0.0,2022,0.0322221235304196,True,True,104239.68309914714,104239.68309914714,
180207,MATALAQUE,GENERAL SANCHEZ CERRO,MOQUEGUA,0.0,2022,0.0213922620850521,True,True,104239.68309914714,104239.68309914714,
170302,IBERIA,TAHUAMANU,MADRE DE DIOS,720.0,2022,0.018222093647862,True,True,104959.68309914714,104239.68309914714,144.77733763770436
170303,TAHUAMANU,TAHUAMANU,MADRE DE DIOS,0.0,2022,0.0193522904870352,True,True,104239.68309914714,104239.68309914714,
180102,CARUMAS,MARISCAL NIETO,MOQUEGUA,0.0,2021,0.0283807025734711,True,True,104239.68309914714,104239.68309914714,
180103,CUCHUMBAYA,MARISCAL NIETO,MOQUEGUA,0.0,2021,0.0218955603186726,True,True,104239.68309914714,104239.68309914714,
40809,TAURIA,LA UNION,AREQUIPA,0.0,2022,0.0207555734970281,True,True,104239.68309914714,104239.68309914714,
40608,YANAQUIHUA,CONDESUYOS,AREQUIPA,19493.9,2022,0.022624641058452,True,True,123733.58309914713,104239.68309914714,5.347297518667231
190207,TAPUC,DANIEL ALCIDES CARRION,PASCO,0.0,2022,0.0213232244083305,True,True,104239.68309914714,104239.68309914714,
40601,CHUQUIBAMBA,CONDESUYOS,AREQUIPA,0.0,2022,0.0218607973096969,True,True,104239.68309914714,104239.68309914714,
40602,ANDARAY,CONDESUYOS,AREQUIPA,4323.0,2021,0.0216177153052594,True,True,108562.68309914714,104239.68309914714,24.11281126512772
40603,CAYARANI,CONDESUYOS,AREQUIPA,18041.0,2022,0.0341588451514183,True,True,122280.68309914714,104239.68309914714,5.777932658896244
40605,IRAY,CONDESUYOS,AREQUIPA,0.0,2022,0.0161699729695852,True,True,104239.68309914714,104239.68309914714,
40607,SALAMANCA,CONDESUYOS,AREQUIPA,0.0,2022,0.0355677820441922,True,True,104239.68309914714,104239.68309914714,
50105,CHIARA,HUAMANGA,AYACUCHO,0.0,2022,0.0245491540150583,True,True,104239.68309914714,104239.68309914714,
50106,OCROS,HUAMANGA,AYACUCHO,50266.1,2022,0.0203292063001504,True,True,154505.78309914714,104239.68309914714,2.0737571265554147
40802,ALCA,LA UNION,AREQUIPA,0.0,2022,0.0231970476865874,True,True,104239.68309914714,104239.68309914714,
40803,CHARCANA,LA UNION,AREQUIPA,0.0,2022,0.0306525016902036,True,True,104239.68309914714,104239.68309914714,
40804,HUAYNACOTAS,LA UNION,AREQUIPA,0.0,2022,0.0241194813262378,True,True,104239.68309914714,104239.68309914714,
40805,PAMPAMARCA,LA UNION,AREQUIPA,0.0,2022,0.0240877216611141,True,True,104239.68309914714,104239.68309914714,
40806,PUYCA,LA UNION,AREQUIPA,0.0,2022,0.0344516981948719,True,True,104239.68309914714,104239.68309914714,
40808,SAYLA,LA UNION,AREQUIPA,0.0,0,0.0213238064713806,True,True,104239.68309914714,104239.68309914714,
40405,CHILCAYMARCA,CASTILLA,AREQUIPA,0.0,2022,0.0198384813056824,True,True,104239.68309914714,104239.68309914714,
40406,CHOCO,CASTILLA,AREQUIPA,0.0,2022,0.0190472987259463,True,True,104239.68309914714,104239.68309914714,
40801,COTAHUASI,LA UNION,AREQUIPA,0.0,2022,0.0181227814292432,True,True,104239.68309914714,104239.68309914714,
190208,VILCABAMBA,DANIEL ALCIDES CARRION,PASCO,0.0,2022,0.0224870208406677,True,True,104239.68309914714,104239.68309914714,
190111,TINYAHUARCO,PASCO,PASCO,0.0,2022,0.0256469261806692,True,True,104239.68309914714,104239.68309914714,
190112,VICCO,PASCO,PASCO,0.0,2022,0.0224862765855648,True,True,104239.68309914714,104239.68309914714,
190201,YANAHUANCA,DANIEL ALCIDES CARRION,PASCO,0.0,2022,0.0199659132458224,True,True,104239.68309914714,104239.68309914714,
190202,CHACAYAN,DANIEL ALCIDES CARRION,PASCO,0.0,2022,0.0194552798544505,True,True,104239.68309914714,104239.68309914714,
40302,ACARI,CARAVELI,AREQUIPA,0.0,2022,0.0150271526102765,True,True,104239.68309914714,104239.68309914714,
40303,ATICO,CARAVELI,AREQUIPA,0.0,2022,0.0187578343867708,True,True,104239.68309914714,104239.68309914714,
40305,BELLA UNION,CARAVELI,AREQUIPA,0.0,2022,0.0167772675066423,True,True,104239.68309914714,104239.68309914714,
40306,CAHUACHO,CARAVELI,AREQUIPA,3097.0,2022,0.0329162071794945,True,True,107336.68309914714,104239.68309914714,33.658276751419805
40206,OCOÑA,CAMANA,AREQUIPA,0.0,2022,0.0166851437386725,True,True,104239.68309914714,104239.68309914714,
40119,SAN JUAN DE TARUCANI,AREQUIPA,AREQUIPA,0.0,2022,0.0323046659057395,True,True,104239.68309914714,104239.68309914714,
190308,CONSTITUCION,OXAPAMPA,PASCO,2850.0,2022,0.0161880780574178,True,True,107089.68309914714,104239.68309914714,36.57532740320952
40504,CALLALLI,CAYLLOMA,AREQUIPA,0.0,2022,0.0296050449002524,True,True,104239.68309914714,104239.68309914714,
40505,CAYLLOMA,CAYLLOMA,AREQUIPA,0.0,2022,0.0334863358271113,True,True,104239.68309914714,104239.68309914714,
170104,LABERINTO,TAMBOPATA,MADRE DE DIOS,2500.0,2022,0.0182190496184016,True,True,106739.68309914714,104239.68309914714,41.69587323965885
40507,HUAMBO,CAYLLOMA,AREQUIPA,0.0,2022,0.0243906056437701,True,True,104239.68309914714,104239.68309914714,
40508,HUANCA,CAYLLOMA,AREQUIPA,0.0,2022,0.0240122961365731,True,True,104239.68309914714,104239.68309914714,
40509,ICHUPAMPA,CAYLLOMA,AREQUIPA,0.0,2022,0.0255700886434434,True,True,104239.68309914714,104239.68309914714,
40510,LARI,CAYLLOMA,AREQUIPA,0.0,2022,0.0297280189243168,True,True,104239.68309914714,104239.68309914714,
40511,LLUTA,CAYLLOMA,AREQUIPA,0.0,2022,0.0218579812152704,True,True,104239.68309914714,104239.68309914714,
40512,MACA,CAYLLOMA,AREQUIPA,0.0,2022,0.0283252106519714,True,True,104239.68309914714,104239.68309914714,
40513,MADRIGAL,CAYLLOMA,AREQUIPA,0.0,2021,0.022854406592591,True,True,104239.68309914714,104239.68309914714,
40514,SAN ANTONIO DE CHUCA,CAYLLOMA,AREQUIPA,600.0,2022,0.0362084252030196,True,True,104839.68309914714,104239.68309914714,173.73280516524522
40515,SIBAYO,CAYLLOMA,AREQUIPA,0.0,2021,0.0321225260623571,True,True,104239.68309914714,104239.68309914714,
40516,TAPAY,CAYLLOMA,AREQUIPA,1460.0,2022,0.0366118171418361,True,True,105699.68309914714,104239.68309914714,71.39704321859394
40517,TISCO,CAYLLOMA,AREQUIPA,0.0,2022,0.028735602533487,True,True,104239.68309914714,104239.68309914714,
40518,TUTI,CAYLLOMA,AREQUIPA,0.0,2022,0.037113983542641,True,True,104239.68309914714,104239.68309914714,
40519,YANQUE,CAYLLOMA,AREQUIPA,0.0,2022,0.02691417305043,True,True,104239.68309914714,104239.68309914714,
180105,SAN CRISTOBAL,MARISCAL NIETO,MOQUEGUA,0.0,2022,0.0231146791531891,True,True,104239.68309914714,104239.68309914714,
170102,INAMBARI,TAMBOPATA,MADRE DE DIOS,0.0,2022,0.016662478248697,True,True,104239.68309914714,104239.68309914714,
40506,COPORAQUE,CAYLLOMA,AREQUIPA,0.0,2022,0.0186652126156396,True,True,104239.68309914714,104239.68309914714,
190306,PUERTO BERMUDEZ,OXAPAMPA,PASCO,50276.2,2022,0.0194200199865775,True,True,154515.88309914712,104239.68309914712,2.0733405289012916
210206,CHUPA,AZANGARO,PUNO,39588.2,2022,0.0278011826535277,True,True,143827.88309914712,104239.68309914712,2.633099840334926
210203,ARAPA,AZANGARO,PUNO,55852.2,2022,0.0228291410133138,True,True,160091.88309914712,104239.68309914712,1.8663487400522651
120203,ANDAMARCA,CONCEPCION,JUNIN,34841.7,2022,0.0159505442453659,True,True,139081.38309914712,104239.68309914712,2.9918081809770225
90118,ASCENSION,HUANCAVELICA,HUANCAVELICA,55576.95,2022,0.0276048557331896,True,True,159816.63309914712,104239.68309914712,1.8755920053034059
120707,PALCAMAYO,TARMA,JUNIN,31626.8,2022,0.0249476737035523,True,True,135866.48309914712,104239.68309914712,3.2959288672628
200201,AYABACA,AYABACA,PIURA,73783.89,2022,0.01736919918045,True,True,178023.57309914712,104239.68309914712,1.4127702280151822
90705,COLCABAMBA,TAYACAJA,HUANCAVELICA,91210.51,2022,0.0198623259697624,True,True,195450.19309914712,104239.68309914712,1.142847278226458
50403,HUAMANGUILLA,HUANTA,AYACUCHO,32329.58,2022,0.0248615120667463,True,True,136569.26309914712,104239.68309914712,3.2242820073489082
50102,ACOCRO,HUAMANGA,AYACUCHO,71894.2,2022,0.024133933133377,True,True,176133.88309914712,104239.68309914712,1.449903929651448
50505,CHUNGUI,LA MAR,AYACUCHO,47959.2,2022,0.0203387341686494,True,True,152198.88309914712,104239.68309914712,2.173507545979648
30406,COTARUSE,AYMARAES,APURIMAC,50282.2,2022,0.0245252230673845,True,True,154521.88309914712,104239.68309914712,2.0730931243888917
131007,SANTA CRUZ DE CHUCA,SANTIAGO DE CHUCO,LA LIBERTAD,31289.8,2022,0.0234320923366472,True,True,135529.48309914712,104239.68309914712,3.3314269538043426
61113,UNION AGUA BLANCA,SAN MIGUEL,CAJAMARCA,69253.77,2022,0.02569718143972,True,True,173493.45309914713,104239.68309914712,1.505184239055103
80804,OCORURO,ESPINAR,CUSCO,32238.8,2022,0.0202304945881347,True,True,136478.48309914712,104239.68309914712,3.2333611393459782
60810,SAN FELIPE,JAEN,CAJAMARCA,63084.2,2022,0.0163834227814848,True,True,167323.88309914712,104239.68309914712,1.6523897124659919
60103,CHETILLA,CAJAMARCA,CAJAMARCA,29400.08,2022,0.020612719853376,True,True,133639.76309914712,104239.68309914712,3.5455578045756035
30205,HUANCARAY,ANDAHUAYLAS,APURIMAC,53920.2,2022,0.0207721174729294,True,True,158159.88309914712,104239.68309914712,1.933221373421225
80502,CHECCA,CANAS,CUSCO,50857.2,2022,0.0202073251390253,True,True,155096.88309914712,104239.68309914712,2.049654387169312
150731,SANTO DOMINGO DE LOS OLLEROS,HUAROCHIRI,LIMA,39573.2,2022,0.022246889846075,True,True,143812.88309914712,104239.68309914712,2.6340979020940214
30605,OCOBAMBA,CHINCHEROS,APURIMAC,110483.27,2022,0.0220456416903242,True,True,214722.95309914713,104239.68309914712,0.9434883951130982
50707,SAN FRANCISCO DE RAVACAYCO,PARINACOCHAS,AYACUCHO,66891.14,2022,0.0315648508491105,True,True,171130.82309914712,104239.68309914712,1.5583481324902988
81105,HUANCARANI,PAUCARTAMBO,CUSCO,439037.8,2022,0.0309991697804585,True,True,543277.4830991471,104239.6830991471,0.23742758163225833
60203,CONDEBAMBA,CAJABAMBA,CAJAMARCA,158890.2,2022,0.0194990732042359,True,True,263129.8830991471,104239.6830991471,0.6560485360276914
81205,CCATCA,QUISPICANCHI,CUSCO,344579.33,2022,0.0273022186734116,True,True,448819.0130991471,104239.6830991471,0.3025128730128621
120904,HUACHAC,CHUPACA,JUNIN,170732.56,2022,0.0194690499601853,True,True,274972.2430991471,104239.6830991471,0.6105436660654951
130902,CHUGAY,SANCHEZ CARRION,LA LIBERTAD,446223.34,2022,0.0245012951777503,True,True,550463.0230991471,104239.6830991471,0.23360428232899494
61006,JOSE MANUEL QUIROZ,SAN MARCOS,CAJAMARCA,430104.34,2022,0.0202976697725793,True,True,534344.0230991471,104239.6830991471,0.2423590589649644
151003,AYAUCA,YAUYOS,LIMA,300342.21,2022,0.0273209608689179,True,True,404581.8930991471,104239.6830991471,0.34706970791467207
50110,SAN JUAN BAUTISTA,HUAMANGA,AYACUCHO,264615.16,2022,0.0153420217666576,True,True,368854.8430991471,104239.6830991471,0.39392936934961365
80806,PICHIGUA,ESPINAR,CUSCO,414366.96,2022,0.0190122674997221,True,True,518606.6430991471,104239.6830991471,0.2515636939275928
250104,MASISEA,CORONEL PORTILLO,UCAYALI,253254.8,2022,0.0208707507907234,True,True,357494.4830991471,104239.6830991471,0.4116000292951885
210701,LAMPA,LAMPA,PUNO,456991.67,2022,0.0203617142117424,True,True,561231.3530991471,104239.6830991471,0.22809974435452426
60105,ENCAÑADA,CAJAMARCA,CAJAMARCA,426270.92,2022,0.0235264566882744,True,True,530510.6030991471,104239.6830991471,0.24453857443324334
21208,SANTA CRUZ,HUAYLAS,ANCASH,375408.33,2022,0.0176250947281027,True,True,479648.0130991471,104239.6830991471,0.27767013880365177
81302,CHINCHERO,URUBAMBA,CUSCO,404063.44,2022,0.0256804741864877,True,True,508303.1230991471,104239.6830991471,0.2579785072837748
90117,YAULI,HUANCAVELICA,HUANCAVELICA,324349.34,2022,0.0260849155655247,True,True,428589.02309914713,104239.6830991471,0.32138090091118143
130614,USQUIL,OTUZCO,LA LIBERTAD,279072.83,2022,0.02416821113844,True,True,383312.5130991471,104239.6830991471,0.3735214320188286
30104,CURAHUASI,ABANCAY,APURIMAC,1008589.91,2022,0.0153819629107582,True,True,1112829.593099147,104239.68309914705,0.10335189958339663
210601,HUANCANE,HUANCANE,PUNO,4259601.58,2022,0.0268189285025505,True,True,4363841.263099147,104239.68309914693,0.024471697913856755
211101,JULIACA,SAN ROMAN,PUNO,6929844.77,2022,0.0250031890586531,True,True,7034084.4530991465,104239.68309914693,0.015042138252563909
30701,CHUQUIBAMBILLA,GRAU,APURIMAC,2638872.2,2022,0.016054035320832,True,True,2743111.883099147,104239.68309914693,0.039501603411922305
21601,POMABAMBA,POMABAMBA,ANCASH,5321840.65,2022,0.0242726627134028,True,True,5426080.333099147,104239.68309914693,0.0195871484989215
210101,PUNO,PUNO,PUNO,23202639.93,2022,0.0233736108367708,True,True,23306879.613099147,104239.68309914693,0.004492578577852668
50501,SAN MIGUEL,LA MAR,AYACUCHO,7620466.17,2022,0.01748169724823,True,True,7724705.853099147,104239.68309914693,0.013678911601171366
100501,LLATA,HUAMALIES,HUANUCO,2224628.25,2022,0.0207767609081312,True,True,2328867.933099147,104239.68309914693,0.046857124600097534
30501,TAMBOBAMBA,COTABAMBAS,APURIMAC,2740826.63,2022,0.0246669515989406,True,True,2845066.313099147,104239.68309914693,0.03803220603528175
100207,SAN RAFAEL,AMBO,HUANUCO,10937485.53,2022,0.0159882875997562,True,True,11041725.213099146,104239.68309914693,0.009530497920498454
120701,TARMA,TARMA,JUNIN,2444228.51,2022,0.0222240024518475,True,True,2548468.1930991467,104239.68309914693,0.04264727404687172
90401,CASTROVIRREYNA,CASTROVIRREYNA,HUANCAVELICA,5484665.69,2021,0.028263435283252,True,True,5588905.373099147,104239.68309914693,0.019005658501520615
210401,JULI,CHUCUITO,PUNO,2235663.36,2022,0.0218056820111021,True,True,2339903.043099147,104239.68309914693,0.046625840439209476
90701,PAMPAS,TAYACAJA,HUANCAVELICA,6742618.54,2022,0.0172472760768286,True,True,6846858.223099147,104239.68309914693,0.015459822097417204
160402,PEBAS,MARISCAL RAMON CASTILLA,LORETO,15065801.0,2022,0.0189661681224914,True,True,15170040.683099147,104239.68309914693,0.006918960571638171
60111,NAMORA,CAJAMARCA,CAJAMARCA,2854245.52,2022,0.018997215702459,True,True,2958485.203099147,104239.68309914693,0.03652092378484207
160201,YURIMAGUAS,ALTO AMAZONAS,LORETO,2600444.49,2022,0.0156663225826987,True,True,2704684.173099147,104239.68309914693,0.04008533291135429
30401,CHALHUANCA,AYMARAES,APURIMAC,4504075.35,2022,0.0165825787215469,True,True,4608315.033099147,104239.68309914693,0.023143414574346974
100311,MARIAS,DOS DE MAYO,HUANUCO,9968399.66,2022,0.0171318197199926,True,True,10072639.343099147,104239.68309914693,0.010457012825983237
80914,MEGANTONI,LA CONVENCION,CUSCO,8497197.59,2022,0.024798241817966,True,True,8601437.273099147,104239.68309914693,0.012267536678424696
80911,INKAWASI,LA CONVENCION,CUSCO,14335658.72,2022,0.0227898114456168,True,True,14439898.403099148,104239.68309914693,0.007271356352374642
120101,HUANCAYO,HUANCAYO,JUNIN,19969460.5,2022,0.0175108620436567,True,True,20073700.183099147,104239.68309914693,0.005219954895584031
90201,ACOBAMBA,ACOBAMBA,HUANCAVELICA,2913024.36,2022,0.0276480288190566,True,True,3017264.043099147,104239.68309914693,0.03578400666005654
90101,HUANCAVELICA,HUANCAVELICA,HUANCAVELICA,8327329.0,2022,0.0238255154775556,True,True,8431568.683099147,104239.68309914693,0.01251778128366814
81102,CAICAY,PAUCARTAMBO,CUSCO,2661382.26,2022,0.0280518894268503,True,True,2765621.9430991467,104239.68309914693,0.03916749753158231
190113,YANACANCHA,PASCO,PASCO,2497112.21,2022,0.021705601087157,True,True,2601351.893099147,104239.68309914693,0.04174409250882119
80106,SANTIAGO,CUSCO,CUSCO,8188297.57,2022,0.0253366025070915,True,True,8292537.253099147,104239.68309914693,0.012730324247259487
80104,SAN JERONIMO,CUSCO,CUSCO,5324832.5,2022,0.0289331349009148,True,True,5429072.183099147,104239.68309914693,0.019576143117956656
80101,CUSCO,CUSCO,CUSCO,5294503.48,2022,0.0240445721283383,True,True,5398743.163099147,104239.68309914693,0.01968828304540975
250201,RAYMONDI,ATALAYA,UCAYALI,2830863.18,2022,0.0211011619802866,True,True,2935102.863099147,104239.68309914693,0.03682257900544205
81306,OLLANTAYTAMBO,URUBAMBA,CUSCO,2665830.1,2022,0.0195288520723836,True,True,2770069.783099147,104239.68309914693,0.03910214799478291
170101,TAMBOPATA,TAMBOPATA,MADRE DE DIOS,21711710.02,2022,0.0174332654816282,True,True,21815949.703099146,104239.68309914693,0.004801081213922133
80801,ESPINAR,ESPINAR,CUSCO,3426213.38,2022,0.0231934602960952,True,True,3530453.063099147,104239.68309914693,0.030424165554787174
131001,SANTIAGO DE CHUCO,SANTIAGO DE CHUCO,LA LIBERTAD,2277870.47,2021,0.0199884599394991,True,True,2382110.153099147,104239.68309914693,0.04576190107032158
130901,HUAMACHUCO,SANCHEZ CARRION,LA LIBERTAD,3088618.63,2022,0.0218262530741426,True,True,3192858.313099147,104239.68309914693,0.033749612880871256
80701,SANTO TOMAS,CHUMBIVILCAS,CUSCO,4850297.58,2022,0.0199841652248039,True,True,4954537.263099147,104239.68309914693,0.02149139952339727
80108,WANCHAQ,CUSCO,CUSCO,4886987.99,2022,0.0170636289509262,True,True,4991227.673099147,104239.68309914693,0.021330046914878324
80601,SICUANI,CANCHIS,CUSCO,2328215.04,2022,0.0230030223015554,True,True,2432454.723099147,104239.68309914693,0.044772360502897075
50101,AYACUCHO,HUAMANGA,AYACUCHO,13182271.42,2022,0.015294865675798,True,True,13286511.103099147,104239.68309914693,0.007907566137729163
250101,CALLERIA,CORONEL PORTILLO,UCAYALI,9069076.19,2022,0.0152604299886518,True,True,9173315.873099146,104239.68309914693,0.011493969277056756
160606,VARGAS GUERRA,UCAYALI,LORETO,0.0,2022,0.0106102479141494,True,True,0.0,0.0,
190302,CHONTABAMBA,OXAPAMPA,PASCO,0.0,2022,0.0088247597747491,True,True,0.0,0.0,
160510,JENARO HERRERA,REQUENA,LORETO,0.0,2022,0.0145386733659991,True,True,0.0,0.0,
160602,INAHUAYA,UCAYALI,LORETO,0.0,2022,0.0116527689720678,True,True,0.0,0.0,
40121,SANTA RITA DE SIGUAS,AREQUIPA,AREQUIPA,0.0,2022,0.0052768413079109,True,True,0.0,0.0,
200107,CURA MORI,PIURA,PIURA,0.0,2022,0.0114524595285583,True,True,0.0,0.0,
40124,UCHUMAYO,AREQUIPA,AREQUIPA,0.0,2022,0.0078249067175473,True,True,0.0,0.0,
130605,HUARANCHAL,OTUZCO,LA LIBERTAD,0.0,2022,0.0083881794884903,True,True,0.0,0.0,
130403,PUEBLO NUEVO,CHEPEN,LA LIBERTAD,0.0,2022,0.0119360859697212,True,True,0.0,0.0,
130306,UCUNCHA,BOLIVAR,LA LIBERTAD,0.0,2022,0.011989118211639,True,True,0.0,0.0,
190102,HUACHON,PASCO,PASCO,0.0,2022,0.0136593668490764,True,True,0.0,0.0,
40403,AYO,CASTILLA,AREQUIPA,0.0,2022,0.0105856377383156,False,True,0.0,0.0,
40407,HUANCARQUI,CASTILLA,AREQUIPA,0.0,2022,0.012277029997938,True,True,0.0,0.0,
40604,CHICHAS,CONDESUYOS,AREQUIPA,0.0,2022,0.0111038756536705,False,True,0.0,0.0,
40606,RIO GRANDE,CONDESUYOS,AREQUIPA,0.0,2022,0.0133425629290708,True,True,0.0,0.0,
40702,COCACHACRA,ISLAY,AREQUIPA,0.0,2022,0.0140513472961257,True,True,0.0,0.0,
140104,ETEN PUERTO,CHICLAYO,LAMBAYEQUE,0.0,2022,0.010304066083718,True,True,0.0,0.0,
140103,ETEN,CHICLAYO,LAMBAYEQUE,0.0,2022,0.0111656266906185,True,True,0.0,0.0,
40703,DEAN VALDIVIA,ISLAY,AREQUIPA,0.0,2022,0.0086116370069021,True,True,0.0,0.0,
140102,CHONGOYAPE,CHICLAYO,LAMBAYEQUE,0.0,2022,0.0091962904060226,True,True,0.0,0.0,
140117,PATAPO,CHICLAYO,LAMBAYEQUE,0.0,2022,0.0109940182016253,True,True,0.0,0.0,
130703,JEQUETEPEQUE,PACASMAYO,LA LIBERTAD,0.0,2022,0.0112241977441849,True,True,0.0,0.0,
140114,SANTA ROSA,CHICLAYO,LAMBAYEQUE,0.0,2022,0.0100695170147585,True,True,0.0,0.0,
140111,PICSI,CHICLAYO,LAMBAYEQUE,0.0,2022,0.0117538485539714,True,True,0.0,0.0,
140110,OYOTUN,CHICLAYO,LAMBAYEQUE,0.0,2022,0.0082963199635807,True,True,0.0,0.0,
40705,MEJIA,ISLAY,AREQUIPA,0.0,2022,0.0086823904063122,True,True,0.0,0.0,
140205,PITIPO,FERREÑAFE,LAMBAYEQUE,0.0,2022,0.0112373523726638,True,True,0.0,0.0,
140204,MANUEL ANTONIO MESONES MURO,FERREÑAFE,LAMBAYEQUE,0.0,2022,0.0102846616115071,True,True,0.0,0.0,
180209,QUINISTAQUILLAS,GENERAL SANCHEZ CERRO,MOQUEGUA,0.0,2021,0.0127193013060782,True,True,0.0,0.0,
180201,OMATE,GENERAL SANCHEZ CERRO,MOQUEGUA,0.0,2022,0.0133859933766623,True,True,0.0,0.0,
180106,TORATA,MARISCAL NIETO,MOQUEGUA,0.0,2021,0.0123289641390986,True,True,0.0,0.0,
160503,CAPELO,REQUENA,LORETO,0.0,2022,0.0113467750444788,True,True,0.0,0.0,
40704,ISLAY,ISLAY,AREQUIPA,0.0,2022,0.0098613599792739,True,True,0.0,0.0,
10104,CHETO,CHACHAPOYAS,AMAZONAS,0.0,2022,0.012944568469743,True,True,0.0,0.0,
10307,JAZAN,BONGARA,AMAZONAS,0.0,2022,0.0086503010234711,True,True,0.0,0.0,
10306,FLORIDA,BONGARA,AMAZONAS,0.0,2022,0.0121378978549821,True,True,0.0,0.0,
230106,PACHIA,TACNA,TACNA,0.0,2022,0.0099634995829874,True,True,0.0,0.0,
10506,INGUILPATA,LUYA,AMAZONAS,0.0,2022,0.0093525463317281,True,True,0.0,0.0,
10505,CONILA,LUYA,AMAZONAS,0.0,2022,0.0108318584532238,True,True,0.0,0.0,
10502,CAMPORREDONDO,LUYA,AMAZONAS,0.0,2022,0.0074816091545634,True,True,0.0,0.0,
10517,SAN FRANCISCO DEL YESO,LUYA,AMAZONAS,0.0,2022,0.0117793780264848,True,True,0.0,0.0,
240105,SAN JACINTO,TUMBES,TUMBES,0.0,2022,0.009478615512996,True,True,0.0,0.0,
130705,SAN JOSE,PACASMAYO,LA LIBERTAD,0.0,2022,0.0123606464325569,True,True,0.0,0.0,
10121,SONCHE,CHACHAPOYAS,AMAZONAS,0.0,2022,0.0081526836792173,True,True,0.0,0.0,
230301,LOCUMBA,JORGE BASADRE,TACNA,0.0,2021,0.0114431251701555,True,True,0.0,0.0,
230204,CURIBAYA,CANDARAVE,TACNA,0.0,2021,0.0100148223757636,False,True,0.0,0.0,
10522,TINGO,LUYA,AMAZONAS,0.0,2022,0.0117599301728061,True,True,0.0,0.0,
61309,SEXI,SANTA CRUZ,CAJAMARCA,0.0,2021,0.0114216978971741,True,True,0.0,0.0,
150508,LUNAHUANA,CAÑETE,LIMA,0.0,2022,0.0102402286398638,True,True,0.0,0.0,
150505,CHILCA,CAÑETE,LIMA,0.0,2022,0.0130211852506115,True,True,0.0,0.0,
150516,ZUÑIGA,CAÑETE,LIMA,0.0,2022,0.0110878246186891,True,True,0.0,0.0,
150515,SANTA CRUZ DE FLORES,CAÑETE,LIMA,0.0,2022,0.0105429516366508,True,True,0.0,0.0,
10509,LUYA,LUYA,AMAZONAS,0.0,2022,0.0119007052569953,True,True,0.0,0.0,
10110,LEIMEBAMBA,CHACHAPOYAS,AMAZONAS,0.0,2022,0.0134043840608168,True,True,0.0,0.0,
10204,EL PARCO,BAGUA,AMAZONAS,0.0,2022,0.0100753043816928,True,True,0.0,0.0,
10203,COPALLIN,BAGUA,AMAZONAS,0.0,2022,0.0074041713347786,True,True,0.0,0.0,
250102,CAMPOVERDE,CORONEL PORTILLO,UCAYALI,0.0,2022,0.0114349661456389,True,True,0.0,0.0,
240304,PAPAYAL,ZARUMILLA,TUMBES,0.0,2022,0.0122775909118511,True,True,0.0,0.0,
10305,CUISPES,BONGARA,AMAZONAS,0.0,2022,0.0094152890012787,True,True,0.0,0.0,
10303,CHURUJA,BONGARA,AMAZONAS,0.0,2022,0.0077312930606792,True,True,0.0,0.0,
250306,HUIPOCA,PADRE ABAD,UCAYALI,0.0,0,0.0100584753267701,True,True,0.0,0.0,
250305,ALEXANDER VON HUMBOLDT,PADRE ABAD,UCAYALI,0.0,2022,0.0118882538478655,True,True,0.0,0.0,
10310,SHIPASBAMBA,BONGARA,AMAZONAS,0.0,2022,0.0109490067198838,True,True,0.0,0.0,
250302,IRAZOLA,PADRE ABAD,UCAYALI,0.0,2022,0.0100320463500317,True,True,0.0,0.0,
150101,LIMA,LIMA,LIMA,0.0,0,,,False,0.0,0.0,
80915,KUMPIRUSHIATO,LA CONVENCION,CUSCO,0.0,0,,,False,0.0,0.0,
70104,LA PERLA,CALLAO,CALLAO,0.0,0,,,False,0.0,0.0,
50810,SARA SARA,PAUCAR DEL SARA SARA,AYACUCHO,0.0,0,,,False,0.0,0.0,
50413,PUTIS,HUANTA,AYACUCHO,0.0,0,,,False,0.0,0.0,
40120,SANTA ISABEL DE SIGUAS,AREQUIPA,AREQUIPA,0.0,0,,,False,0.0,0.0,
40101,AREQUIPA,AREQUIPA,AREQUIPA,0.0,0,,,False,0.0,0.0,
250307,BOQUERON,PADRE ABAD,UCAYALI,0.0,0,0.0138099642101828,True,True,0.0,0.0,
250304,NESHUYA,PADRE ABAD,UCAYALI,0.0,2022,0.0114087635673163,True,True,0.0,0.0,
150811,SAYAN,HUAURA,LIMA,0.0,2022,0.0094837172784903,True,True,0.0,0.0,
60802,BELLAVISTA,JAEN,CAJAMARCA,0.0,2022,0.0100515929337496,True,True,0.0,0.0,
60305,JORGE CHAVEZ,CELENDIN,CAJAMARCA,0.0,2022,0.0122540539929293,True,True,0.0,0.0,
151013,HUAMPARA,YAUYOS,LIMA,0.0,2022,0.0125941580283325,True,True,0.0,0.0,
151023,PUTINZA,YAUYOS,LIMA,0.0,2022,0.0069238014888952,False,True,0.0,0.0,
60414,PION,CHOTA,CAJAMARCA,0.0,2022,0.0084868297136428,False,True,0.0,0.0,
60411,LLAMA,CHOTA,CAJAMARCA,0.0,2022,0.0043180886641026,False,True,0.0,0.0,
140309,PACORA,LAMBAYEQUE,LAMBAYEQUE,0.0,2022,0.0104102065467241,True,True,0.0,0.0,
140307,MOTUPE,LAMBAYEQUE,LAMBAYEQUE,0.0,2022,0.0084926120676107,True,True,0.0,0.0,
150514,SAN LUIS,CAÑETE,LIMA,0.0,2022,0.0076417587162176,True,True,0.0,0.0,
140312,TUCUME,LAMBAYEQUE,LAMBAYEQUE,0.0,2022,0.0104144902749225,True,True,0.0,0.0,
160211,TENIENTE CESAR LOPEZ ROJAS,ALTO AMAZONAS,LORETO,0.0,2022,0.0129136704342314,True,True,0.0,0.0,
151027,SAN PEDRO DE PILAS,YAUYOS,LIMA,0.0,2022,0.0080532793689001,False,True,0.0,0.0,
151025,QUINOCAY,YAUYOS,LIMA,0.0,2021,0.0145537248038286,True,True,0.0,0.0,
50907,PAICO,SUCRE,AYACUCHO,0.0,2022,0.014491449897045,False,True,0.0,0.0,
50513,RIO MAGDALENA,LA MAR,AYACUCHO,0.0,0,0.0087248943057564,True,True,0.0,0.0,
50512,UNION PROGRESO,LA MAR,AYACUCHO,0.0,0,0.0100893813495447,True,True,0.0,0.0,
50509,SAMUGARI,LA MAR,AYACUCHO,0.0,2022,0.0080442210051501,True,True,0.0,0.0,
50507,SANTA ROSA,LA MAR,AYACUCHO,0.0,2022,0.0096512104972021,True,True,0.0,0.0,
140304,JAYANCA,LAMBAYEQUE,LAMBAYEQUE,0.0,2022,0.011548456310218,True,True,0.0,0.0,
150512,QUILMANA,CAÑETE,LIMA,0.0,2022,0.0117679087967529,True,True,0.0,0.0,
150511,PACARAN,CAÑETE,LIMA,0.0,2022,0.0126141465494798,True,True,0.0,0.0,
150510,NUEVO IMPERIAL,CAÑETE,LIMA,0.0,2022,0.0123231580638832,True,True,0.0,0.0,
150128,RIMAC,LIMA,LIMA,0.0,0,0.0116716601051811,True,True,0.0,0.0,
150406,SAN BUENAVENTURA,CANTA,LIMA,0.0,2022,0.0148309503723391,True,True,0.0,0.0,
150305,MANAS,CAJATAMBO,LIMA,0.0,2022,0.0136281059488567,True,True,0.0,0.0,
61110,SAN GREGORIO,SAN MIGUEL,CAJAMARCA,0.0,2022,0.0072019253159071,True,True,0.0,0.0,
150504,CERRO AZUL,CAÑETE,LIMA,0.0,2022,0.0108524660864077,True,True,0.0,0.0,
240201,ZORRITOS,CONTRALMIRANTE VILLAR,TUMBES,0.0,2022,0.0124856347576968,True,True,0.0,0.0,
60508,YONAN,CONTUMAZA,CAJAMARCA,0.0,2022,0.0084387194502061,True,True,0.0,0.0,
60808,PUCARA,JAEN,CAJAMARCA,0.0,2022,0.0055940789914224,True,True,0.0,0.0,
150707,HUACHUPAMPA,HUAROCHIRI,LIMA,0.0,2022,0.0142375770123085,True,True,0.0,0.0,
150703,CALLAHUANCA,HUAROCHIRI,LIMA,0.0,2022,0.0131860029295816,True,True,0.0,0.0,
61102,BOLIVAR,SAN MIGUEL,CAJAMARCA,0.0,2022,0.0114650912633038,True,True,0.0,0.0,
61101,SAN MIGUEL,SAN MIGUEL,CAJAMARCA,0.0,2022,0.0109891506335942,True,True,0.0,0.0,
61003,EDUARDO VILLANUEVA,SAN MARCOS,CAJAMARCA,0.0,2022,0.0083627403670745,True,True,0.0,0.0,
61001,PEDRO GALVEZ,SAN MARCOS,CAJAMARCA,0.0,2022,0.0116249197320053,True,True,0.0,0.0,
150727,SANTA CRUZ DE COCACHACRA,HUAROCHIRI,LIMA,0.0,2022,0.0114266059325498,True,True,0.0,0.0,
150714,RICARDO PALMA,HUAROCHIRI,LIMA,0.0,2022,0.0091435671091211,True,True,0.0,0.0,
60502,CHILETE,CONTUMAZA,CAJAMARCA,0.0,2022,0.0115996726861257,True,True,0.0,0.0,
150603,ATAVILLOS BAJO,HUARAL,LIMA,0.0,2022,0.0134260873551287,True,True,0.0,0.0,
220401,SAPOSOA,HUALLAGA,SAN MARTIN,0.0,2022,0.0117687925228804,True,True,0.0,0.0,
220508,SAN ROQUE DE CUMBAZA,LAMAS,SAN MARTIN,0.0,2022,0.0105123850884173,True,True,0.0,0.0,
220504,CAYNARACHI,LAMAS,SAN MARTIN,0.0,2022,0.0113453204733519,True,True,0.0,0.0,
220503,BARRANQUITA,LAMAS,SAN MARTIN,0.0,2022,0.0106354370834617,True,True,0.0,0.0,
240106,SAN JUAN DE LA VIRGEN,TUMBES,TUMBES,0.0,2022,0.0076343238297782,True,True,0.0,0.0,
220702,BUENOS AIRES,PICOTA,SAN MARTIN,0.0,2022,0.0074324757600584,True,True,0.0,0.0,
220701,PICOTA,PICOTA,SAN MARTIN,0.0,2022,0.0081676666323984,True,True,0.0,0.0,
220511,ZAPATERO,LAMAS,SAN MARTIN,0.0,2022,0.0103515784043842,True,True,0.0,0.0,
10206,LA PECA,BAGUA,AMAZONAS,0.0,2022,0.0082484276076334,True,True,0.0,0.0,
220710,TRES UNIDOS,PICOTA,SAN MARTIN,0.0,2022,0.0118913305107385,True,True,0.0,0.0,
220709,TINGO DE PONASA,PICOTA,SAN MARTIN,0.0,2022,0.0116534480503197,True,True,0.0,0.0,
220706,SAN CRISTOBAL,PICOTA,SAN MARTIN,0.0,2022,0.0078005949320855,False,True,0.0,0.0,
220705,PUCACACA,PICOTA,SAN MARTIN,0.0,2022,0.0070851476456052,True,True,0.0,0.0,
220704,PILLUANA,PICOTA,SAN MARTIN,0.0,2022,0.0094354521496816,True,True,0.0,0.0,
220703,CASPISAPA,PICOTA,SAN MARTIN,0.0,2022,0.0088708256907139,True,True,0.0,0.0,
110303,EL INGENIO,NAZCA,ICA,0.0,2022,0.0120267681211867,True,True,0.0,0.0,
150131,SAN ISIDRO,LIMA,LIMA,0.0,0,,,False,0.0,0.0,
220510,TABALOSOS,LAMAS,SAN MARTIN,0.0,2022,0.0096223556810121,True,True,0.0,0.0,
211208,YANAHUAYA,SANDIA,PUNO,0.0,2022,0.0084800813766235,False,True,0.0,0.0,
220302,AGUA BLANCA,EL DORADO,SAN MARTIN,0.0,2022,0.0094720417516763,True,True,0.0,0.0,
220206,SAN RAFAEL,BELLAVISTA,SAN MARTIN,0.0,2022,0.006544572926023,True,True,0.0,0.0,
220204,HUALLAGA,BELLAVISTA,SAN MARTIN,0.0,2022,0.0105864400488388,True,True,0.0,0.0,
110111,SANTIAGO,ICA,ICA,0.0,2022,0.0122473847743806,True,True,0.0,0.0,
110109,SAN JOSE DE LOS MOLINOS,ICA,ICA,0.0,2022,0.0080074619416748,True,True,0.0,0.0,
110107,PUEBLO NUEVO,ICA,ICA,0.0,2022,0.0087949211671026,True,True,0.0,0.0,
110105,PACHACUTEC,ICA,ICA,0.0,2022,0.009675172514901,True,True,0.0,0.0,
220402,ALTO SAPOSOA,HUALLAGA,SAN MARTIN,0.0,2022,0.0147877605953903,True,True,0.0,0.0,
110204,CHINCHA BAJA,CHINCHA,ICA,0.0,2022,0.0115007730471744,True,True,0.0,0.0,
110202,ALTO LARAN,CHINCHA,ICA,0.0,2022,0.0110582587707764,True,True,0.0,0.0,
110113,TATE,ICA,ICA,0.0,2022,0.0102593925872104,True,True,0.0,0.0,
100604,JOSE CRESPO Y CASTILLO,LEONCIO PRADO,HUANUCO,0.0,2022,0.009654469402307,True,True,0.0,0.0,
110211,TAMBO DE MORA,CHINCHA,ICA,0.0,2022,0.0083599202392595,True,True,0.0,0.0,
100803,MOLINO,PACHITEA,HUANUCO,0.0,2022,0.0043162028432639,False,True,0.0,0.0,
100702,CHOLON,MARAÑON,HUANUCO,0.0,2022,0.0137275874731473,True,True,0.0,0.0,
220406,TINGO DE SAPOSOA,HUALLAGA,SAN MARTIN,0.0,2022,0.0094616143132709,True,True,0.0,0.0,
220405,SACANCHE,HUALLAGA,SAN MARTIN,0.0,2022,0.0113100580589591,True,True,0.0,0.0,
110205,EL CARMEN,CHINCHA,ICA,0.0,2022,0.0106864642674775,True,True,0.0,0.0,
220908,JUAN GUERRA,SAN MARTIN,SAN MARTIN,0.0,2022,0.0080891195364476,True,True,0.0,0.0,
10516,SAN CRISTOBAL,LUYA,AMAZONAS,0.0,2022,0.011073171759981,False,True,0.0,0.0,
10309,SAN CARLOS,BONGARA,AMAZONAS,0.0,2022,0.0079106528587347,True,True,0.0,0.0,
220501,LAMAS,LAMAS,SAN MARTIN,0.0,2022,0.0091738208852178,True,True,0.0,0.0,
150503,CALANGO,CAÑETE,LIMA,0.0,2021,0.0127416909179689,True,True,0.0,0.0,
220911,PAPAPLAYA,SAN MARTIN,SAN MARTIN,0.0,2022,0.0143232642910348,True,True,0.0,0.0,
230105,INCLAN,TACNA,TACNA,0.0,2022,0.0143827788431572,True,True,0.0,0.0,
221006,SANTA LUCIA,TOCACHE,SAN MARTIN,0.0,0,0.0095568857025741,True,True,0.0,0.0,
150130,SAN BORJA,LIMA,LIMA,0.0,0,,,False,0.0,0.0,
10119,SAN ISIDRO DE MAINO,CHACHAPOYAS,AMAZONAS,0.0,2022,0.0072262084132513,True,True,0.0,0.0,
10118,SAN FRANCISCO DE DAGUAS,CHACHAPOYAS,AMAZONAS,0.0,2022,0.0110368930035591,True,True,0.0,0.0,
230303,ITE,JORGE BASADRE,TACNA,0.0,2021,0.0116365429706631,True,True,0.0,0.0,
10116,OLLEROS,CHACHAPOYAS,AMAZONAS,0.0,2022,0.0141889439523521,False,True,0.0,0.0,
10115,MONTEVIDEO,CHACHAPOYAS,AMAZONAS,0.0,2021,0.0109503030858577,True,True,0.0,0.0,
240102,CORRALES,TUMBES,TUMBES,0.0,2022,0.0120538714539817,True,True,0.0,0.0,
10113,MARISCAL CASTILLA,CHACHAPOYAS,AMAZONAS,0.0,2022,0.0110002017482843,True,True,0.0,0.0,
10112,MAGDALENA,CHACHAPOYAS,AMAZONAS,0.0,2022,0.0080077675598123,True,True,0.0,0.0,
230302,ILABAYA,JORGE BASADRE,TACNA,0.0,0,0.0082944051820331,True,True,0.0,0.0,
150122,MIRAFLORES,LIMA,LIMA,0.0,0,,,False,0.0,0.0,
150121,PUEBLO LIBRE,LIMA,LIMA,0.0,0,,,False,0.0,0.0,
150113,JESUS MARIA,LIMA,LIMA,0.0,0,,,False,0.0,0.0,
110503,HUMAY,PISCO,ICA,0.0,2022,0.0108625070434265,True,True,0.0,0.0,
110403,RIO GRANDE,PALPA,ICA,0.0,2022,0.0135815518664575,True,True,0.0,0.0,
110504,INDEPENDENCIA,PISCO,ICA,0.0,2022,0.0109684785641552,True,True,0.0,0.0,
120208,MANZANARES,CONCEPCION,JUNIN,0.0,2022,0.0141962193976087,True,True,0.0,0.0,
220808,YORONGOS,RIOJA,SAN MARTIN,0.0,2022,0.0030286668922269,False,True,0.0,0.0,
10302,CHISQUILLA,BONGARA,AMAZONAS,0.0,2022,0.0097735512024608,True,True,0.0,0.0,
220906,EL PORVENIR,SAN MARTIN,SAN MARTIN,0.0,2022,0.0092666662997829,True,True,0.0,0.0,
220905,CHIPURANA,SAN MARTIN,SAN MARTIN,0.0,2022,0.0114424578409264,True,True,0.0,0.0,
220904,CHAZUTA,SAN MARTIN,SAN MARTIN,0.0,2022,0.0100313695970045,True,True,0.0,0.0,
220809,YURACYACU,RIOJA,SAN MARTIN,0.0,2022,0.0059503091018968,True,True,0.0,0.0,
221002,NUEVO PROGRESO,TOCACHE,SAN MARTIN,0.0,2022,0.0094823204692933,True,True,0.0,0.0,
220914,SHAPAJA,SAN MARTIN,SAN MARTIN,0.0,2022,0.0086335737687394,True,True,0.0,0.0,
220912,SAN ANTONIO,SAN MARTIN,SAN MARTIN,0.0,2022,0.0114519407522634,True,True,0.0,0.0,
240203,CANOAS DE PUNTA SAL,CONTRALMIRANTE VILLAR,TUMBES,0.0,2022,0.0116624014082713,True,True,0.0,0.0,
151026,SAN JOAQUIN,YAUYOS,LIMA,0.0,0,,,False,0.0,0.0,
240103,LA CRUZ,TUMBES,TUMBES,0.0,2022,0.010186511154045,True,True,0.0,0.0,
80916,CIELO PUNCO,LA CONVENCION,CUSCO,0.0,0,0.0099300883144724,True,True,0.0,0.0,
200404,LA MATANZA,MORROPON,PIURA,0.0,2022,0.0114519492704012,True,True,0.0,0.0,
200402,BUENOS AIRES,MORROPON,PIURA,0.0,2022,0.0093708536106316,True,True,0.0,0.0,
200503,ARENAL,PAITA,PIURA,0.0,2022,0.0123446895363571,True,True,0.0,0.0,
200406,SALITRAL,MORROPON,PIURA,0.0,2022,0.0082644640520494,True,True,0.0,0.0,
200603,IGNACIO ESCUDERO,SULLANA,PIURA,0.0,2022,0.0101161462135863,True,True,0.0,0.0,
200505,LA HUACA,PAITA,PIURA,0.0,2022,0.0096147421067244,True,True,0.0,0.0,
200504,COLAN,PAITA,PIURA,0.0,2022,0.0124718253628168,True,True,0.0,0.0,
220102,CALZADA,MOYOBAMBA,SAN MARTIN,0.0,2022,0.0075860043762354,True,True,0.0,0.0,
200702,EL ALTO,TALARA,PIURA,0.0,2022,0.0105796838137827,True,True,0.0,0.0,
200608,SALITRAL,SULLANA,PIURA,0.0,2022,0.0084394247109092,True,True,0.0,0.0,
200605,MARCAVELICA,SULLANA,PIURA,0.0,2022,0.0118484579483803,True,True,0.0,0.0,
200806,RINCONADA LLICUAR,SECHURA,PIURA,0.0,2022,0.0109367055393514,True,True,0.0,0.0,
200805,VICE,SECHURA,PIURA,0.0,2022,0.0109899333597246,True,True,0.0,0.0,
200804,CRISTO NOS VALGA,SECHURA,PIURA,0.0,2022,0.0087067463778375,True,True,0.0,0.0,
200802,BELLAVISTA DE LA UNION,SECHURA,PIURA,0.0,2022,0.008751883797671,True,True,0.0,0.0,
200706,MANCORA,TALARA,PIURA,0.0,2022,0.0113332819806283,True,True,0.0,0.0,
200704,LOBITOS,TALARA,PIURA,0.0,2022,0.0107910335948655,True,True,0.0,0.0,
80903,HUAYOPATA,LA CONVENCION,CUSCO,0.0,2022,0.0116215311687752,True,True,0.0,0.0,
130805,HUAYLILLAS,PATAZ,LA LIBERTAD,0.0,2022,0.0055946914532103,False,True,0.0,0.0,
40307,CHALA,CARAVELI,AREQUIPA,0.0,2022,0.0095129902824785,True,True,0.0,0.0,
40301,CARAVELI,CARAVELI,AREQUIPA,0.0,2022,0.011118060092372,True,True,0.0,0.0,
40208,SAMUEL PASTOR,CAMANA,AREQUIPA,0.0,2022,0.0130475541031863,True,True,0.0,0.0,
40205,NICOLAS DE PIEROLA,CAMANA,AREQUIPA,0.0,2022,0.0099798743345339,True,True,0.0,0.0,
40204,MARISCAL CACERES,CAMANA,AREQUIPA,0.0,2022,0.0105746486736038,True,True,0.0,0.0,
40313,YAUCA,CARAVELI,AREQUIPA,0.0,2022,0.0142218824332081,True,True,0.0,0.0,
80917,MANITEA,LA CONVENCION,CUSCO,0.0,0,0.011282877203399,True,True,0.0,0.0,
40310,JAQUI,CARAVELI,AREQUIPA,0.0,2022,0.0100456930986595,True,True,0.0,0.0,
40308,CHAPARRA,CARAVELI,AREQUIPA,0.0,2022,0.0131554420556531,True,True,0.0,0.0,
130207,SANTIAGO DE CAO,ASCOPE,LA LIBERTAD,0.0,2022,0.0088943115690581,True,True,0.0,0.0,
130206,RAZURI,ASCOPE,LA LIBERTAD,0.0,2022,0.0112764916608304,True,True,0.0,0.0,
130204,MAGDALENA DE CAO,ASCOPE,LA LIBERTAD,0.0,2022,0.0100119642939109,True,True,0.0,0.0,
80909,VILCABAMBA,LA CONVENCION,CUSCO,0.0,0,0.0146934053401941,True,True,0.0,0.0,
130304,LONGOTEA,BOLIVAR,LA LIBERTAD,0.0,2022,0.0140924841768413,True,True,0.0,0.0,
81106,KOSÑIPATA,PAUCARTAMBO,CUSCO,0.0,2022,0.0125043699802692,True,True,0.0,0.0,
80918,UNION ASHÁNINKA,LA CONVENCION,CUSCO,0.0,0,0.010017158056678,True,True,0.0,0.0,
40311,LOMAS,CARAVELI,AREQUIPA,0.0,2022,0.0141898132845793,True,True,0.0,0.0,
90721,ROBLE,TAYACAJA,HUANCAVELICA,0.0,2022,0.0101342796312427,False,True,0.0,0.0,
100507,MONZON,HUAMALIES,HUANUCO,0.0,2022,0.0025938410015712,False,True,0.0,0.0,
21404,CARHUAPAMPA,OCROS,ANCASH,0.0,2022,0.0093551110932569,False,True,0.0,0.0,
21202,HUALLANCA,HUAYLAS,ANCASH,0.0,2022,0.0112777711399776,True,True,0.0,0.0,
20902,ACO,CORONGO,ANCASH,0.0,2022,0.0131769686969948,True,True,0.0,0.0,
20804,YAUTAN,CASMA,ANCASH,0.0,2022,0.0068130062234449,True,True,0.0,0.0,
20803,COMANDANTE NOEL,CASMA,ANCASH,0.0,2022,0.0090878072037134,True,True,0.0,0.0,
20802,BUENA VISTA ALTA,CASMA,ANCASH,0.0,2022,0.0124273735506747,True,True,0.0,0.0,
200705,LOS ORGANOS,TALARA,PIURA,0.0,2022,0.010531880083432,True,True,0.0,0.0,
20502,ABELARDO PARDO LEZAMETA,BOLOGNESI,ANCASH,0.0,2022,0.008775197474824,True,True,0.0,0.0,
20905,LA PAMPA,CORONGO,ANCASH,0.0,2022,0.0124501926804683,True,True,0.0,0.0,
10603,COCHAMAL,RODRIGUEZ DE MENDOZA,AMAZONAS,0.0,2022,0.005496528374543,False,True,0.0,0.0,
10608,MILPUC,RODRIGUEZ DE MENDOZA,AMAZONAS,0.0,2022,0.0089048431719983,True,True,0.0,0.0,
10607,MARISCAL BENAVIDES,RODRIGUEZ DE MENDOZA,AMAZONAS,0.0,2022,0.0087431412368517,True,True,0.0,0.0,
10704,EL MILAGRO,UTCUBAMBA,AMAZONAS,0.0,2022,0.0116807051977034,True,True,0.0,0.0,
220106,YANTALO,MOYOBAMBA,SAN MARTIN,0.0,2022,0.0050344323741853,False,True,0.0,0.0,
220103,HABANA,MOYOBAMBA,SAN MARTIN,0.0,2022,0.0081783153964877,True,True,0.0,0.0,
20506,CANIS,BOLOGNESI,ANCASH,0.0,2022,0.0064283287626681,False,True,0.0,0.0,
30612,AHUAYRO,CHINCHEROS,APURIMAC,0.0,0,0.0080782357966473,True,True,0.0,0.0,
40115,QUEQUEÑA,AREQUIPA,AREQUIPA,0.0,2022,0.0082116530446836,True,True,0.0,0.0,
40118,SAN JUAN DE SIGUAS,AREQUIPA,AREQUIPA,0.0,0,0.0082575597830121,False,True,0.0,0.0,
90303,CALLANMARCA,ANGARAES,HUANCAVELICA,0.0,2022,0.0139135467770507,True,True,0.0,0.0,
90508,SAN MIGUEL DE MAYOCC,CHURCAMPA,HUANCAVELICA,0.0,0,0.0147558090968555,True,True,0.0,0.0,
90408,HUAMATAMBO,CASTROVIRREYNA,HUANCAVELICA,0.0,2022,0.0134820092407937,True,True,0.0,0.0,
30402,CAPAYA,AYMARAES,APURIMAC,0.0,2022,0.0133619189804668,True,True,0.0,0.0,
22001,YUNGAY,YUNGAY,ANCASH,0.0,2022,0.0120032075848802,True,True,0.0,0.0,
90724,LAMBRAS,TAYACAJA,HUANCAVELICA,0.0,0,0.0147681366234947,True,True,0.0,0.0,
21808,SANTA,SANTA,ANCASH,0.0,2022,0.0070920463571065,True,True,0.0,0.0,
21807,SAMANCO,SANTA,ANCASH,0.0,2022,0.0051759271081508,True,True,0.0,0.0,
21806,NEPEÑA,SANTA,ANCASH,0.0,2022,0.0088660665174381,True,True,0.0,0.0,
21504,HUACASCHUQUE,PALLASCA,ANCASH,0.0,2022,0.0104727343863558,False,True,0.0,0.0,
22006,RANRAHIRCA,YUNGAY,ANCASH,0.0,2022,0.0080421231497104,True,True,0.0,0.0,
22003,MANCOS,YUNGAY,ANCASH,0.0,2022,0.0095365616728529,True,True,0.0,0.0,
21103,CULEBRAS,HUARMEY,ANCASH,0.0,2022,0.0116212751577759,True,True,0.0,0.0,
21012,RAHUAPAMPA,HUARI,ANCASH,0.0,2022,0.0095407026205403,True,True,0.0,0.0,
21507,LLAPO,PALLASCA,ANCASH,0.0,2022,0.0134943042017361,True,True,0.0,0.0,
21901,SIHUAS,SIHUAS,ANCASH,0.0,2022,0.014803203137351,True,True,0.0,0.0,
40807,QUECHUALLA,LA UNION,AREQUIPA,80.0,2022,0.0084465066834358,False,True,64.0,-16.0,-0.2
220806,POSIC,RIOJA,SAN MARTIN,132.0,2022,0.0081943166661532,True,True,105.60000000000001,-26.39999999999999,-0.19999999999999993
10703,CUMBA,UTCUBAMBA,AMAZONAS,138.0,2022,0.0099613909759869,True,True,110.4,-27.599999999999994,-0.19999999999999996
151008,CATAHUASI,YAUYOS,LIMA,150.0,2022,0.0128988620283629,True,True,120.0,-30.0,-0.2
220404,PISCOYACU,HUALLAGA,SAN MARTIN,260.0,2022,0.013034336990932,True,True,208.0,-52.0,-0.2
10308,RECTA,BONGARA,AMAZONAS,270.0,2022,0.0041275424074913,False,True,216.0,-54.0,-0.2
110304,MARCONA,NAZCA,ICA,300.0,2022,0.0124135825524338,True,True,240.0,-60.0,-0.2
230103,CALANA,TACNA,TACNA,360.0,2022,0.0060027472157202,False,True,288.0,-72.0,-0.2
10606,LONGAR,RODRIGUEZ DE MENDOZA,AMAZONAS,378.0,2022,0.0132868670651399,True,True,302.40000000000003,-75.59999999999997,-0.1999999999999999
150407,SANTA ROSA DE QUIVES,CANTA,LIMA,452.0,2022,0.008937401196634,True,True,361.6,-90.39999999999998,-0.19999999999999996
140119,PUCALA,CHICLAYO,LAMBAYEQUE,500.0,2022,0.0106220642273146,True,True,400.0,-100.0,-0.2
211207,SAN JUAN DEL ORO,SANDIA,PUNO,510.0,2022,0.0096398872488369,True,True,408.0,-102.0,-0.2
200507,VICHAYAL,PAITA,PIURA,540.0,2022,0.0089984999550864,True,True,432.0,-108.0,-0.2
20507,COLQUIOC,BOLOGNESI,ANCASH,640.0,2022,0.011815638801064,True,True,512.0,-128.0,-0.2
10108,HUANCAS,CHACHAPOYAS,AMAZONAS,650.0,2022,0.0129426290458914,True,True,520.0,-130.0,-0.2
50620,SANTA ANA DE HUAYCAHUACHO,LUCANAS,AYACUCHO,680.0,2022,0.0140489715073817,True,True,544.0,-136.0,-0.2
140107,LAGUNAS,CHICLAYO,LAMBAYEQUE,750.0,2022,0.0106715583674484,True,True,600.0,-150.0,-0.2
10312,YAMBRASBAMBA,BONGARA,AMAZONAS,800.0,2022,0.0116008664974751,True,True,640.0,-160.0,-0.2
60311,UTCO,CELENDIN,CAJAMARCA,828.0,2022,0.0146973646028173,True,True,662.4000000000001,-165.5999999999999,-0.1999999999999999
30407,HUAYLLO,AYMARAES,APURIMAC,894.0,2022,0.0014409506334911,False,True,715.2,-178.79999999999995,-0.19999999999999996
200408,SANTA CATALINA DE MOSSA,MORROPON,PIURA,926.4,2022,0.0112650128458134,True,True,741.12,-185.27999999999997,-0.19999999999999998
30408,JUSTO APU SAHUARAURA,AYMARAES,APURIMAC,966.0,2022,0.0139172080206734,True,True,772.8000000000001,-193.19999999999993,-0.19999999999999993
220902,ALBERTO LEVEAU,SAN MARTIN,SAN MARTIN,1000.0,2022,0.0108854505063499,True,True,800.0,-200.0,-0.2
10519,SAN JUAN DE LOPECANCHA,LUYA,AMAZONAS,1060.0,2022,0.0119971097164261,True,True,848.0,-212.0,-0.2
220509,SHANAO,LAMAS,SAN MARTIN,1071.0,2022,0.0079118656760932,True,True,856.8000000000001,-214.19999999999993,-0.19999999999999993
90409,MOLLEPAMPA,CASTROVIRREYNA,HUANCAVELICA,1142.0,2022,0.0122036845520654,False,True,913.6,-228.39999999999998,-0.19999999999999998
10510,LUYA VIEJO,LUYA,AMAZONAS,1170.0,2022,0.0135724706126538,True,True,936.0,-234.0,-0.2
180205,LA CAPILLA,GENERAL SANCHEZ CERRO,MOQUEGUA,1215.0,2022,0.0125731769869699,True,True,972.0,-243.0,-0.2
10102,ASUNCION,CHACHAPOYAS,AMAZONAS,1400.5,2022,0.008913617605852,False,True,1120.4,-280.0999999999999,-0.19999999999999993
220913,SAUCE,SAN MARTIN,SAN MARTIN,1500.0,2022,0.0075461158127347,True,True,1200.0,-300.0,-0.2
120703,HUARICOLCA,TARMA,JUNIN,1500.0,2022,0.0134407532075367,True,True,1200.0,-300.0,-0.2
220802,AWAJUN,RIOJA,SAN MARTIN,1504.0,2022,0.0034509410649104,False,True,1203.2,-300.79999999999995,-0.19999999999999998
10504,COLCAMAR,LUYA,AMAZONAS,1600.0,2022,0.0142092558367915,True,True,1280.0,-320.0,-0.2
140303,ILLIMO,LAMBAYEQUE,LAMBAYEQUE,1600.0,2022,0.011167333844908,True,True,1280.0,-320.0,-0.2
40411,TIPAN,CASTILLA,AREQUIPA,1604.28,2022,0.013579884492536,False,True,1283.424,-320.856,-0.2
10117,QUINJALCA,CHACHAPOYAS,AMAZONAS,1735.0,2022,0.0136718134249581,True,True,1388.0,-347.0,-0.2
130202,CHICAMA,ASCOPE,LA LIBERTAD,1808.8,2022,0.0122044315123934,True,True,1447.04,-361.76,-0.2
90606,OCOYO,HUAYTARA,HUANCAVELICA,1824.0,2022,0.0074249553594536,True,True,1459.2,-364.79999999999995,-0.19999999999999998
21405,COCHAS,OCROS,ANCASH,1901.0,2022,0.007124597339714,True,True,1520.8000000000002,-380.1999999999998,-0.1999999999999999
140109,NUEVA ARICA,CHICLAYO,LAMBAYEQUE,1930.0,2022,0.0085564997193203,True,True,1544.0,-386.0,-0.2
130606,LA CUESTA,OTUZCO,LA LIBERTAD,2140.0,2022,0.0090658854918536,False,True,1712.0,-428.0,-0.2
150612,VEINTISIETE DE NOVIEMBRE,HUARAL,LIMA,2182.8,2022,0.0142265210210008,True,True,1746.2400000000002,-436.55999999999995,-0.19999999999999996
10602,CHIRIMOTO,RODRIGUEZ DE MENDOZA,AMAZONAS,2246.0,2022,0.0091988903021492,True,True,1796.8000000000002,-449.1999999999998,-0.19999999999999993
40706,PUNTA DE BOMBON,ISLAY,AREQUIPA,2250.0,2022,0.0094553140598288,True,True,1800.0,-450.0,-0.2
10512,OCALLI,LUYA,AMAZONAS,2450.0,2022,0.0123160744034911,True,True,1960.0,-490.0,-0.2
10304,COROSHA,BONGARA,AMAZONAS,2462.0,2022,0.0092060748707202,True,True,1969.6000000000001,-492.39999999999986,-0.19999999999999996
131202,CHAO,VIRU,LA LIBERTAD,2496.0,2022,0.0135369352554554,True,True,1996.8000000000002,-499.1999999999998,-0.19999999999999993
20610,TINCO,CARHUAZ,ANCASH,2500.0,2022,0.0094437462797537,True,True,2000.0,-500.0,-0.2
140115,SAÑA,CHICLAYO,LAMBAYEQUE,2500.0,2022,0.0142849385843395,True,True,2000.0,-500.0,-0.2
90406,COCAS,CASTROVIRREYNA,HUANCAVELICA,2505.0,2022,0.0141962040659863,True,True,2004.0,-501.0,-0.2
151022,OMAS,YAUYOS,LIMA,2530.0,2022,0.0078357160419145,True,True,2024.0,-506.0,-0.2
51004,ASQUIPATA,VICTOR FAJARDO,AYACUCHO,2735.1,2022,0.0121211846378135,False,True,2188.08,-547.02,-0.2
100208,TOMAY KICHWA,AMBO,HUANUCO,2760.0,2022,0.0106785220955772,True,True,2208.0,-552.0,-0.2
130604,CHARAT,OTUZCO,LA LIBERTAD,2807.0,2022,0.0105506978856523,True,True,2245.6,-561.4000000000001,-0.20000000000000004
200209,SICCHEZ,AYABACA,PIURA,2923.0,2022,0.0096726568765375,True,True,2338.4,-584.5999999999999,-0.19999999999999996
10601,SAN NICOLAS,RODRIGUEZ DE MENDOZA,AMAZONAS,3125.8,2022,0.0090444079340014,True,True,2500.6400000000003,-625.1599999999999,-0.19999999999999996
150607,LAMPIAN,HUARAL,LIMA,3128.0,2021,0.0105246312706992,True,True,2502.4,-625.5999999999999,-0.19999999999999998
240104,PAMPAS DE HOSPITAL,TUMBES,TUMBES,3160.0,2022,0.0097595023207348,True,True,2528.0,-632.0,-0.2
110404,SANTA CRUZ,PALPA,ICA,3198.9,2022,0.0140124900053272,True,True,2559.1200000000003,-639.7799999999997,-0.19999999999999993
150138,SANTA MARIA DEL MAR,LIMA,LIMA,3275.0,2022,0.0105016254299757,True,True,2620.0,-655.0,-0.2
120212,NUEVE DE JULIO,CONCEPCION,JUNIN,3303.86,2022,0.0140263507878732,True,True,2643.088,-660.7719999999999,-0.19999999999999998
150609,SAN MIGUEL DE ACOS,HUARAL,LIMA,3350.0,2022,0.0070019332928689,False,True,2680.0,-670.0,-0.2
200502,AMOTAPE,PAITA,PIURA,3600.0,2022,0.0089404007515184,True,True,2880.0,-720.0,-0.2
110505,PARACAS,PISCO,ICA,3802.4,2022,0.0118957376519305,True,True,3041.92,-760.48,-0.2
140305,MOCHUMI,LAMBAYEQUE,LAMBAYEQUE,4000.0,2022,0.0105511803600813,True,True,3200.0,-800.0,-0.2
200108,EL TALLAN,PIURA,PIURA,4017.0,2022,0.0088370265025004,True,True,3213.6000000000004,-803.3999999999996,-0.1999999999999999
40125,VITOR,AREQUIPA,AREQUIPA,4142.5,2022,0.0094499034836975,True,True,3314.0,-828.5,-0.2
131203,GUADALUPITO,VIRU,LA LIBERTAD,4200.0,2022,0.0081633302143507,True,True,3360.0,-840.0,-0.2
50107,PACAYCASA,HUAMANGA,AYACUCHO,4247.1,2022,0.0099644934138145,True,True,3397.6800000000003,-849.4200000000001,-0.2
10611,TOTORA,RODRIGUEZ DE MENDOZA,AMAZONAS,4323.0,2021,0.0047434487269525,False,True,3458.4,-864.5999999999999,-0.19999999999999998
61311,YAUYUCAN,SANTA CRUZ,CAJAMARCA,4390.0,2022,0.0142974254174944,True,True,3512.0,-878.0,-0.2
61308,SAUCEPAMPA,SANTA CRUZ,CAJAMARCA,4427.0,2022,0.0073890431389162,True,True,3541.6000000000004,-885.3999999999996,-0.19999999999999993
40207,QUILCA,CAMANA,AREQUIPA,4479.0,2022,0.0129133014243147,True,True,3583.2000000000003,-895.7999999999997,-0.19999999999999993
10518,SAN JERONIMO,LUYA,AMAZONAS,4590.0,2022,0.006760936179205,False,True,3672.0,-918.0,-0.2
61302,ANDABAMBA,SANTA CRUZ,CAJAMARCA,4651.8,2022,0.0106726463208841,False,True,3721.4400000000005,-930.3599999999997,-0.19999999999999993
250106,NUEVA REQUENA,CORONEL PORTILLO,UCAYALI,4800.0,2022,0.0125854672035746,True,True,3840.0,-960.0,-0.2
50607,HUAC-HUAS,LUCANAS,AYACUCHO,4800.0,2022,0.0137084589843973,True,True,3840.0,-960.0,-0.2
180208,PUQUINA,GENERAL SANCHEZ CERRO,MOQUEGUA,4834.0,2022,0.0148538710457936,False,True,3867.2000000000003,-966.7999999999997,-0.19999999999999996
140302,CHOCHOPE,LAMBAYEQUE,LAMBAYEQUE,4913.0,2022,0.0118990696666094,True,True,3930.4,-982.5999999999999,-0.19999999999999998
220707,SAN HILARION,PICOTA,SAN MARTIN,5000.0,2022,0.0049153018004974,True,True,4000.0,-1000.0,-0.2
200111,LAS LOMAS,PIURA,PIURA,5000.0,2022,0.0103797956014561,True,True,4000.0,-1000.0,-0.2
10610,SANTA ROSA,RODRIGUEZ DE MENDOZA,AMAZONAS,5222.1,2021,0.0060765323392811,False,True,4177.68,-1044.42,-0.2
60609,SAN JUAN DE CUTERVO,CUTERVO,CAJAMARCA,5236.0,2022,0.011956528586775,True,True,4188.8,-1047.1999999999998,-0.19999999999999996
190307,VILLA RICA,OXAPAMPA,PASCO,5318.0,2022,0.0056407712606821,True,True,4254.400000000001,-1063.5999999999995,-0.1999999999999999
10105,CHILIQUIN,CHACHAPOYAS,AMAZONAS,5353.78,2022,0.0137917819021788,True,True,4283.024,-1070.7559999999994,-0.1999999999999999
120413,LEONOR ORDOÑEZ,JAUJA,JUNIN,5500.0,2022,0.0147206981515097,True,True,4400.0,-1100.0,-0.2
90410,SAN JUAN,CASTROVIRREYNA,HUANCAVELICA,5562.0,2022,0.0103614121649811,True,True,4449.6,-1112.3999999999996,-0.19999999999999993
200607,QUERECOTILLO,SULLANA,PIURA,5810.0,2022,0.0112030459917408,True,True,4648.0,-1162.0,-0.2
60418,TOCMOCHE,CHOTA,CAJAMARCA,5840.0,2022,0.0049625501088874,False,True,4672.0,-1168.0,-0.2
70105,LA PUNTA,CALLAO,CALLAO,5913.4,2022,0.0079941929083924,True,True,4730.72,-1182.6799999999994,-0.1999999999999999
150702,ANTIOQUIA,HUAROCHIRI,LIMA,6000.07,2022,0.0147836314863915,True,True,4800.056,-1200.0140000000001,-0.20000000000000004
50511,ORONCCOY,LA MAR,AYACUCHO,6090.0,2022,0.0146492840485756,False,True,4872.0,-1218.0,-0.2
150812,VEGUETA,HUAURA,LIMA,6395.0,2022,0.0114105019484885,True,True,5116.0,-1279.0,-0.2
10114,MOLINOPAMPA,CHACHAPOYAS,AMAZONAS,6403.0,2022,0.0138612337811631,True,True,5122.400000000001,-1280.5999999999995,-0.19999999999999993
10311,VALERA,BONGARA,AMAZONAS,6464.5,2022,0.0095083786797362,True,True,5171.6,-1292.8999999999996,-0.19999999999999996
30413,SORAYA,AYMARAES,APURIMAC,6466.99,2022,0.0088991048398917,False,True,5173.592000000001,-1293.3979999999992,-0.1999999999999999
61108,NANCHOC,SAN MIGUEL,CAJAMARCA,6570.0,2022,0.0063540298849482,False,True,5256.0,-1314.0,-0.2
220903,CACATACHI,SAN MARTIN,SAN MARTIN,6672.0,2022,0.0115247418957418,True,True,5337.6,-1334.3999999999996,-0.19999999999999996
61106,LA FLORIDA,SAN MIGUEL,CAJAMARCA,6680.0,2022,0.0056664995857964,True,True,5344.0,-1336.0,-0.2
50506,LUIS CARRANZA,LA MAR,AYACUCHO,6905.5,2022,0.0121934828131878,True,True,5524.400000000001,-1381.0999999999995,-0.19999999999999993
61203,SAN LUIS,SAN PABLO,CAJAMARCA,7134.0,2022,0.0088391134631606,True,True,5707.200000000001,-1426.7999999999993,-0.1999999999999999
50613,OTOCA,LUCANAS,AYACUCHO,7161.92,2022,0.0113054064338419,True,True,5729.536,-1432.384,-0.2
10120,SOLOCO,CHACHAPOYAS,AMAZONAS,7310.0,2022,0.0090315963239789,True,True,5848.0,-1462.0,-0.2
40304,ATIQUIPA,CARAVELI,AREQUIPA,7390.5,2022,0.0087197876574767,False,True,5912.400000000001,-1478.0999999999995,-0.19999999999999993
61005,ICHOCAN,SAN MARCOS,CAJAMARCA,7592.55,2022,0.0134457261084883,True,True,6074.040000000001,-1518.5099999999993,-0.1999999999999999
221004,SHUNTE,TOCACHE,SAN MARTIN,7616.0,2022,0.0081968646872999,False,True,6092.8,-1523.1999999999998,-0.19999999999999998
100605,LUYANDO,LEONCIO PRADO,HUANUCO,7655.7,2022,0.0089714555209285,True,True,6124.56,-1531.1399999999994,-0.19999999999999993
60404,CHIGUIRIP,CHOTA,CAJAMARCA,7920.0,2022,0.0134226332534572,True,True,6336.0,-1584.0,-0.2
120304,SAN LUIS DE SHUARO,CHANCHAMAYO,JUNIN,8000.0,2022,0.0085491161277538,True,True,6400.0,-1600.0,-0.2
90116,VILCA,HUANCAVELICA,HUANCAVELICA,8038.0,2022,0.013445876888226,True,True,6430.400000000001,-1607.5999999999995,-0.19999999999999993
61306,NINABAMBA,SANTA CRUZ,CAJAMARCA,8120.0,2022,0.0108798423740808,True,True,6496.0,-1624.0,-0.2
60615,TORIBIO CASANOVA,CUTERVO,CAJAMARCA,8190.0,2022,0.0128095220598494,True,True,6552.0,-1638.0,-0.2
120306,VITOC,CHANCHAMAYO,JUNIN,8386.4,2022,0.0101419160590566,True,True,6709.12,-1677.2799999999997,-0.19999999999999998
61310,UTICYACU,SANTA CRUZ,CAJAMARCA,8960.0,2022,0.0147176273245889,True,True,7168.0,-1792.0,-0.2
22004,MATACOTO,YUNGAY,ANCASH,9096.3,2022,0.0104926573480929,True,True,7277.04,-1819.2599999999993,-0.19999999999999993
10604,HUAMBO,RODRIGUEZ DE MENDOZA,AMAZONAS,9212.0,2022,0.0094788617776331,True,True,7369.6,-1842.3999999999996,-0.19999999999999996
220205,SAN PABLO,BELLAVISTA,SAN MARTIN,9240.0,2022,0.0081187955277792,True,True,7392.0,-1848.0,-0.2
130203,CHOCOPE,ASCOPE,LA LIBERTAD,9294.0,2022,0.0090494523481184,True,True,7435.200000000001,-1858.7999999999993,-0.19999999999999993
60406,CHOROPAMPA,CHOTA,CAJAMARCA,9368.0,2022,0.0143727595653559,True,True,7494.400000000001,-1873.5999999999995,-0.19999999999999996
10103,BALSAS,CHACHAPOYAS,AMAZONAS,9512.0,2022,0.0066569226406292,True,True,7609.6,-1902.3999999999996,-0.19999999999999996
60506,SANTA CRUZ DE TOLEDO,CONTUMAZA,CAJAMARCA,9625.9,2022,0.0148510315147093,True,True,7700.72,-1925.1799999999994,-0.19999999999999996
60306,JOSE GALVEZ,CELENDIN,CAJAMARCA,9904.0,2022,0.0128938313595864,True,True,7923.200000000001,-1980.7999999999993,-0.19999999999999993
150604,AUCALLAMA,HUARAL,LIMA,9979.35,2022,0.0122179715904027,True,True,7983.4800000000005,-1995.87,-0.19999999999999998
220807,SAN FERNANDO,RIOJA,SAN MARTIN,10135.0,2022,9.688513657000198e-05,False,True,8108.0,-2027.0,-0.2
90718,TINTAY PUNCU,TAYACAJA,HUANCAVELICA,10376.86,2022,0.0125638169939536,True,True,8301.488000000001,-2075.3719999999994,-0.19999999999999993
211005,SINA,SAN ANTONIO DE PUTINA,PUNO,10451.44,2022,0.0140815465095473,False,True,8361.152,-2090.2880000000005,-0.20000000000000004
60407,COCHABAMBA,CHOTA,CAJAMARCA,10528.0,2022,0.0079166237165226,True,True,8422.4,-2105.6000000000004,-0.20000000000000004
200803,BERNAL,SECHURA,PIURA,10690.0,2022,0.0091328527105077,True,True,8552.0,-2138.0,-0.2
150203,PATIVILCA,BARRANCA,LIMA,10800.0,2022,0.0106186674342389,True,True,8640.0,-2160.0,-0.2
211209,ALTO INAMBARI,SANDIA,PUNO,10866.9,2022,0.0078417370207562,True,True,8693.52,-2173.379999999999,-0.19999999999999993
211206,QUIACA,SANDIA,PUNO,11029.0,2022,0.0144802928959715,True,True,8823.2,-2205.7999999999993,-0.19999999999999993
220305,SHATOJA,EL DORADO,SAN MARTIN,11160.0,2022,0.0124895009780754,True,True,8928.0,-2232.0,-0.2
10612,VISTA ALEGRE,RODRIGUEZ DE MENDOZA,AMAZONAS,11290.0,2022,0.0118831124711851,True,True,9032.0,-2258.0,-0.2
100106,QUISQUI,HUANUCO,HUANUCO,11900.0,2022,0.0144236088277512,True,True,9520.0,-2380.0,-0.2
21308,MUSGA,MARISCAL LUZURIAGA,ANCASH,12169.5,2022,0.0146943150771964,False,True,9735.6,-2433.8999999999996,-0.19999999999999998
60503,CUPISNIQUE,CONTUMAZA,CAJAMARCA,12593.0,2022,0.0059679357769003,False,True,10074.400000000001,-2518.5999999999985,-0.19999999999999987
100402,CANCHABAMBA,HUACAYBAMBA,HUANUCO,12777.0,2022,0.0142934447972413,True,True,10221.6,-2555.3999999999996,-0.19999999999999998
80912,VILLA VIRGEN,LA CONVENCION,CUSCO,13174.0,2022,0.0121906144660548,True,True,10539.2,-2634.7999999999993,-0.19999999999999996
60603,CHOROS,CUTERVO,CAJAMARCA,14144.0,2022,0.0059665603232825,True,True,11315.2,-2828.7999999999993,-0.19999999999999996
21910,SICSIBAMBA,SIHUAS,ANCASH,14199.0,2022,0.0147722526621013,True,True,11359.2,-2839.7999999999993,-0.19999999999999996
130402,PACANGA,CHEPEN,LA LIBERTAD,14500.0,2022,0.0127711767913533,True,True,11600.0,-2900.0,-0.2
120419,MONOBAMBA,JAUJA,JUNIN,14930.0,2022,0.0080283447019167,True,True,11944.0,-2986.0,-0.2
221005,UCHIZA,TOCACHE,SAN MARTIN,15000.0,2022,0.0108972573185674,True,True,12000.0,-3000.0,-0.2
51107,SAURAMA,VILCAS HUAMAN,AYACUCHO,15150.97,2022,0.0141195309555115,True,True,12120.776,-3030.1939999999995,-0.19999999999999998
61307,PULAN,SANTA CRUZ,CAJAMARCA,15420.0,2022,0.0116159014149444,True,True,12336.0,-3084.0,-0.2
30709,SAN ANTONIO,GRAU,APURIMAC,15733.0,2022,0.0106236520440818,False,True,12586.400000000001,-3146.5999999999985,-0.1999999999999999
100204,CONCHAMARCA,AMBO,HUANUCO,15872.0,2022,0.0106724633636012,True,True,12697.6,-3174.3999999999996,-0.19999999999999998
60405,CHIMBAN,CHOTA,CAJAMARCA,16380.0,2022,0.0105793945259057,True,True,13104.0,-3276.0,-0.2
21802,CACERES DEL PERU,SANTA,ANCASH,16561.8,2022,0.0120880857790511,True,True,13249.44,-3312.3599999999988,-0.19999999999999993
180303,PACOCHA,ILO,MOQUEGUA,16824.5,2022,0.0060743380715313,False,True,13459.6,-3364.8999999999996,-0.19999999999999998
60605,LA RAMADA,CUTERVO,CAJAMARCA,16910.0,2022,0.0107577472450604,True,True,13528.0,-3382.0,-0.2
90716,SAN MARCOS DE ROCCHAC,TAYACAJA,HUANCAVELICA,17130.0,2022,0.0123089054303395,True,True,13704.0,-3426.0,-0.2
130108,POROTO,TRUJILLO,LA LIBERTAD,17306.0,2022,0.0106893554147151,True,True,13844.800000000001,-3461.199999999999,-0.19999999999999993
61305,LA ESPERANZA,SANTA CRUZ,CAJAMARCA,17394.75,2022,0.0140211148715129,True,True,13915.800000000001,-3478.949999999999,-0.19999999999999993
10515,PROVIDENCIA,LUYA,AMAZONAS,17603.6,2022,0.0106658306165015,True,True,14082.88,-3520.7199999999993,-0.19999999999999998
60408,CONCHAN,CHOTA,CAJAMARCA,17725.0,2022,0.0119689540719475,True,True,14180.0,-3545.0,-0.2
20102,COCHABAMBA,HUARAZ,ANCASH,17777.0,2022,0.0110799940939996,True,True,14221.6,-3555.3999999999996,-0.19999999999999998
200305,LALAQUIZ,HUANCABAMBA,PIURA,18012.0,2022,0.009809489325849,True,True,14409.6,-3602.3999999999996,-0.19999999999999998
200203,JILILI,AYABACA,PIURA,18525.0,2022,0.0063671521739792,True,True,14820.0,-3705.0,-0.2
200703,LA BREA,TALARA,PIURA,18589.95,2022,0.0134720816730988,True,True,14871.960000000001,-3717.99,-0.19999999999999998
120602,COVIRIALI,SATIPO,JUNIN,18684.0,2022,0.0066967287141679,True,True,14947.2,-3736.7999999999993,-0.19999999999999996
60505,SAN BENITO,CONTUMAZA,CAJAMARCA,19004.9,2022,0.0068520536877163,False,True,15203.920000000002,-3800.9799999999996,-0.19999999999999996
60608,SAN ANDRES DE CUTERVO,CUTERVO,CAJAMARCA,19145.3,2022,0.0141948490661026,True,True,15316.24,-3829.0599999999995,-0.19999999999999998
60604,CUJILLO,CUTERVO,CAJAMARCA,19700.72,2022,0.0107235624052688,True,True,15760.576000000001,-3940.1440000000002,-0.2
100610,SANTO DOMINGO DE ANDA,LEONCIO PRADO,HUANUCO,19742.4,2022,0.0089157726576831,True,True,15793.920000000002,-3948.4799999999996,-0.19999999999999996
40309,HUANUHUANU,CARAVELI,AREQUIPA,20595.0,2022,0.0117975237333072,True,True,16476.0,-4119.0,-0.2
120605,PAMPA HERMOSA,SATIPO,JUNIN,20813.0,2022,0.0098824557415046,True,True,16650.4,-4162.5999999999985,-0.19999999999999993
100607,PUCAYACU,LEONCIO PRADO,HUANUCO,21042.0,2022,0.0083796350094195,True,True,16833.600000000002,-4208.399999999998,-0.1999999999999999
150129,SAN BARTOLO,LIMA,LIMA,21212.0,2022,0.0124055846048885,True,True,16969.600000000002,-4242.399999999998,-0.1999999999999999
60310,SUCRE,CELENDIN,CAJAMARCA,21330.0,2022,0.0141285299151993,True,True,17064.0,-4266.0,-0.2
150127,PUNTA NEGRA,LIMA,LIMA,21790.5,2022,0.0106928848052497,True,True,17432.4,-4358.0999999999985,-0.19999999999999993
61201,SAN PABLO,SAN PABLO,CAJAMARCA,21800.0,2022,0.0087625000679795,True,True,17440.0,-4360.0,-0.2
110502,HUANCANO,PISCO,ICA,22341.5,2022,0.0106408142209704,True,True,17873.2,-4468.299999999999,-0.19999999999999996
40116,SABANDIA,AREQUIPA,AREQUIPA,23403.55,2022,0.0066057975730421,True,True,18722.84,-4680.709999999999,-0.19999999999999996
130701,SAN PEDRO DE LLOC,PACASMAYO,LA LIBERTAD,24900.0,2022,0.0116975421900315,True,True,19920.0,-4980.0,-0.2
220505,CUÑUMBUQUI,LAMAS,SAN MARTIN,25150.0,2022,0.0119117582159335,True,True,20120.0,-5030.0,-0.2
20110,PARIACOTO,HUARAZ,ANCASH,25278.3,2022,0.0141903031444067,True,True,20222.64,-5055.66,-0.2
21210,YURACMARCA,HUAYLAS,ANCASH,25442.38,2022,0.0117715301472073,True,True,20353.904000000002,-5088.475999999999,-0.19999999999999996
50405,LURICOCHA,HUANTA,AYACUCHO,25681.2,2022,0.0130128581527465,True,True,20544.960000000003,-5136.239999999998,-0.19999999999999993
220303,SAN MARTIN,EL DORADO,SAN MARTIN,26533.0,2022,0.0115483495703336,True,True,21226.4,-5306.5999999999985,-0.19999999999999996
80408,YANATILE,CALCA,CUSCO,26860.5,2022,0.0110104802514335,True,True,21488.4,-5372.0999999999985,-0.19999999999999996
220301,SAN JOSE DE SISA,EL DORADO,SAN MARTIN,26887.5,2022,0.0135143165374795,True,True,21510.0,-5377.5,-0.2
200306,SAN MIGUEL DE EL FAIQUE,HUANCABAMBA,PIURA,26920.0,2022,0.0071195089189593,True,True,21536.0,-5384.0,-0.2
110110,SAN JUAN BAUTISTA,ICA,ICA,27730.0,2022,0.0100888295262572,True,True,22184.0,-5546.0,-0.2
100603,HERMILIO VALDIZAN,LEONCIO PRADO,HUANUCO,27990.0,2022,0.0042488892334714,False,True,22392.0,-5598.0,-0.2
220502,ALONSO DE ALVARADO,LAMAS,SAN MARTIN,28205.0,2022,0.0102403713677268,True,True,22564.0,-5641.0,-0.2
61304,CHANCAYBAÑOS,SANTA CRUZ,CAJAMARCA,28220.8,2022,0.011047040276025,True,True,22576.64,-5644.16,-0.2
200302,CANCHAQUE,HUANCABAMBA,PIURA,28737.0,2022,0.0077896835265585,True,True,22989.600000000002,-5747.399999999998,-0.19999999999999993
100704,LA MORADA,MARAÑON,HUANUCO,29000.0,2022,0.0086207222831912,True,True,23200.0,-5800.0,-0.2
10508,LONYA CHICO,LUYA,AMAZONAS,29050.0,2022,0.010214735614502,True,True,23240.0,-5810.0,-0.2
120603,LLAYLLA,SATIPO,JUNIN,29086.5,2022,0.0095420630428921,True,True,23269.2,-5817.299999999999,-0.19999999999999998
220403,EL ESLABON,HUALLAGA,SAN MARTIN,29230.0,2022,0.0088792016872832,True,True,23384.0,-5846.0,-0.2
130110,SIMBAL,TRUJILLO,LA LIBERTAD,30087.0,2022,0.0130964941921093,True,True,24069.600000000002,-6017.399999999998,-0.19999999999999993
230111,LA YARADA LOS PALOS,TACNA,TACNA,30732.96,2022,0.0112231951542517,True,True,24586.368000000002,-6146.591999999997,-0.1999999999999999
140113,REQUE,CHICLAYO,LAMBAYEQUE,30760.6,2022,0.010914968292137,True,True,24608.48,-6152.119999999999,-0.19999999999999998
60806,LAS PIRIAS,JAEN,CAJAMARCA,31003.0,2022,0.0123727056560453,True,True,24802.4,-6200.5999999999985,-0.19999999999999996
210309,SAN GABAN,CARABAYA,PUNO,31130.0,2022,0.0118281807392254,True,True,24904.0,-6226.0,-0.2
220708,SHAMBOYACU,PICOTA,SAN MARTIN,31295.0,2022,0.0125823524188861,True,True,25036.0,-6259.0,-0.2
150202,PARAMONGA,BARRANCA,LIMA,31360.74,2022,0.0115097799994637,True,True,25088.592000000004,-6272.147999999997,-0.1999999999999999
110402,LLIPATA,PALPA,ICA,31570.64,2022,0.0138813689287417,True,True,25256.512000000002,-6314.127999999997,-0.1999999999999999
61202,SAN BERNARDINO,SAN PABLO,CAJAMARCA,32426.5,2022,0.0083498390627189,True,True,25941.2,-6485.299999999999,-0.19999999999999998
250303,CURIMANA,PADRE ABAD,UCAYALI,32721.54,2022,0.0126611126207585,True,True,26177.232000000004,-6544.307999999997,-0.1999999999999999
60805,HUABAL,JAEN,CAJAMARCA,33265.8,2022,0.0094520862563547,True,True,26612.640000000003,-6653.16,-0.19999999999999998
60415,QUEROCOTO,CHOTA,CAJAMARCA,33338.0,2022,0.0122634853705559,True,True,26670.4,-6667.5999999999985,-0.19999999999999996
90502,ANCO,CHURCAMPA,HUANCAVELICA,33613.45,2022,0.0137332182252526,True,True,26890.76,-6722.689999999999,-0.19999999999999998
60611,SANTA CRUZ,CUTERVO,CAJAMARCA,33705.0,2022,0.0068449182878317,True,True,26964.0,-6741.0,-0.2
100107,SAN FRANCISCO DE CAYRAN,HUANUCO,HUANUCO,33938.0,2022,0.0120251748478164,True,True,27150.4,-6787.5999999999985,-0.19999999999999996
60309,SOROCHUCO,CELENDIN,CAJAMARCA,34480.1,2022,0.0142384116369557,True,True,27584.08,-6896.019999999997,-0.19999999999999993
81304,MACHUPICCHU,URUBAMBA,CUSCO,34508.62,2022,0.0126981924195321,True,True,27606.896000000004,-6901.723999999998,-0.19999999999999993
10605,LIMABAMBA,RODRIGUEZ DE MENDOZA,AMAZONAS,34520.0,2022,0.0051066208498348,False,True,27616.0,-6904.0,-0.2
10501,LAMUD,LUYA,AMAZONAS,34742.22,2022,0.0076776628500798,True,True,27793.776,-6948.4439999999995,-0.19999999999999998
200409,SANTO DOMINGO,MORROPON,PIURA,34797.44,2022,0.0093151866648693,True,True,27837.952000000005,-6959.487999999998,-0.19999999999999993
60612,SANTO DOMINGO DE LA CAPILLA,CUTERVO,CAJAMARCA,34847.0,2022,0.0086351447253352,True,True,27877.600000000002,-6969.399999999998,-0.19999999999999993
140311,SAN JOSE,LAMBAYEQUE,LAMBAYEQUE,35020.0,2022,0.0128622959574898,True,True,28016.0,-7004.0,-0.2
180104,SAMEGUA,MARISCAL NIETO,MOQUEGUA,35048.5,2022,0.0070292905964905,True,True,28038.800000000003,-7009.699999999997,-0.19999999999999993
10301,JUMBILLA,BONGARA,AMAZONAS,35500.0,2022,0.0060723792751847,False,True,28400.0,-7100.0,-0.2
220605,PAJARILLO,MARISCAL CACERES,SAN MARTIN,35898.0,2022,0.0106556068260542,True,True,28718.4,-7179.5999999999985,-0.19999999999999996
40413,URACA,CASTILLA,AREQUIPA,36000.0,2022,0.0096805568565519,True,True,28800.0,-7200.0,-0.2
190305,POZUZO,OXAPAMPA,PASCO,36590.5,2022,0.0111980531097297,True,True,29272.4,-7318.0999999999985,-0.19999999999999996
20511,LA PRIMAVERA,BOLOGNESI,ANCASH,36850.0,2022,0.0099785249684437,True,True,29480.0,-7370.0,-0.2
200410,YAMANGO,MORROPON,PIURA,37936.0,2022,0.0102120316160004,True,True,30348.800000000003,-7587.199999999997,-0.19999999999999993
60419,CHALAMARCA,CHOTA,CAJAMARCA,38036.0,2022,0.0147494533432305,True,True,30428.800000000003,-7607.199999999997,-0.19999999999999993
60304,HUASMIN,CELENDIN,CAJAMARCA,39913.0,2022,0.0136121220189432,True,True,31930.4,-7982.5999999999985,-0.19999999999999996
220803,ELIAS SOPLIN VARGAS,RIOJA,SAN MARTIN,40338.0,2022,0.0072136062622069,True,True,32270.4,-8067.5999999999985,-0.19999999999999996
10706,LONYA GRANDE,UTCUBAMBA,AMAZONAS,40508.8,2022,0.0073922913533762,True,True,32407.040000000005,-8101.759999999998,-0.19999999999999996
61109,NIEPOS,SAN MIGUEL,CAJAMARCA,41013.0,2022,0.0139562980350806,True,True,32810.4,-8202.599999999999,-0.19999999999999996
120135,SANTO DOMINGO DE ACOBAMBA,HUANCAYO,JUNIN,41232.0,2022,0.0137129418110026,True,True,32985.6,-8246.400000000001,-0.20000000000000004
40123,TIABAYA,AREQUIPA,AREQUIPA,41625.0,2022,0.0086575262033548,True,True,33300.0,-8325.0,-0.2
60112,SAN JUAN,CAJAMARCA,CAJAMARCA,41892.8,2022,0.0112889782364578,True,True,33514.240000000005,-8378.559999999998,-0.19999999999999993
60905,NAMBALLE,SAN IGNACIO,CAJAMARCA,42520.0,2022,0.0090366682666486,True,True,34016.0,-8504.0,-0.2
150126,PUNTA HERMOSA,LIMA,LIMA,42790.79,2022,0.0136821748537294,True,True,34232.632000000005,-8558.157999999996,-0.1999999999999999
60107,LLACANORA,CAJAMARCA,CAJAMARCA,42860.2,2022,0.0124764633151179,True,True,34288.159999999996,-8572.04,-0.20000000000000004
150205,SUPE PUERTO,BARRANCA,LIMA,43272.1,2022,0.0073601177395018,True,True,34617.68,-8654.419999999998,-0.19999999999999996
150124,PUCUSANA,LIMA,LIMA,43348.0,2022,0.010510331690863,True,True,34678.4,-8669.599999999999,-0.19999999999999996
60102,ASUNCION,CAJAMARCA,CAJAMARCA,43658.0,2022,0.0091741110882917,True,True,34926.4,-8731.599999999999,-0.19999999999999996
60812,SANTA ROSA,JAEN,CAJAMARCA,43956.0,2022,0.0071767636073094,True,True,35164.8,-8791.199999999997,-0.19999999999999993
60606,PIMPINGOS,CUTERVO,CAJAMARCA,44607.5,2022,0.0089923742882626,True,True,35686.0,-8921.5,-0.2
200307,SONDOR,HUANCABAMBA,PIURA,44713.0,2022,0.0120176477509578,True,True,35770.4,-8942.599999999999,-0.19999999999999996
130208,CASA GRANDE,ASCOPE,LA LIBERTAD,44716.0,2022,0.0109991795406208,True,True,35772.8,-8943.199999999997,-0.19999999999999993
100602,DANIEL ALOMIAS ROBLES,LEONCIO PRADO,HUANUCO,44943.6,2022,0.0076605049059075,True,True,35954.88,-8988.720000000001,-0.20000000000000004
100904,TOURNAVISTA,PUERTO INCA,HUANUCO,46310.0,2022,0.0124246683387784,True,True,37048.0,-9262.0,-0.2
220602,CAMPANILLA,MARISCAL CACERES,SAN MARTIN,46510.0,2022,0.0090565482629234,True,True,37208.0,-9302.0,-0.2
240303,MATAPALO,ZARUMILLA,TUMBES,48400.0,2022,0.0124280398721479,True,True,38720.0,-9680.0,-0.2
60804,COLASAY,JAEN,CAJAMARCA,48601.0,2022,0.0073800746796937,True,True,38880.8,-9720.199999999997,-0.19999999999999993
140310,SALAS,LAMBAYEQUE,LAMBAYEQUE,48614.0,2022,0.0109802574324666,True,True,38891.200000000004,-9722.799999999996,-0.1999999999999999
200405,MORROPON,MORROPON,PIURA,48750.0,2022,0.0098975252488375,True,True,39000.0,-9750.0,-0.2
40126,YANAHUARA,AREQUIPA,AREQUIPA,48779.0,2022,0.0076771933054292,True,True,39023.200000000004,-9755.799999999996,-0.1999999999999999
110305,VISTA ALEGRE,NAZCA,ICA,49586.75,2022,0.0111781265782837,True,True,39669.4,-9917.349999999999,-0.19999999999999998
200205,MONTERO,AYABACA,PIURA,50611.1,2022,0.0051485390763492,True,True,40488.880000000005,-10122.219999999994,-0.19999999999999987
100606,MARIANO DAMASO BERAUN,LEONCIO PRADO,HUANUCO,51345.0,2022,0.0075442275210173,True,True,41076.0,-10269.0,-0.2
21207,PUEBLO LIBRE,HUAYLAS,ANCASH,52123.0,2022,0.0131381134945155,True,True,41698.4,-10424.599999999999,-0.19999999999999998
30611,LOS CHANKAS,CHINCHEROS,APURIMAC,52212.1,2022,0.0088822136132807,True,True,41769.68,-10442.419999999998,-0.19999999999999998
10513,OCUMAL,LUYA,AMAZONAS,52335.0,2022,0.011031533405971,True,True,41868.0,-10467.0,-0.2
60807,POMAHUACA,JAEN,CAJAMARCA,52474.0,2022,0.0076982883218386,True,True,41979.200000000004,-10494.799999999996,-0.19999999999999993
150803,CALETA DE CARQUIN,HUAURA,LIMA,52804.73,2022,0.007472523823373,False,True,42243.78400000001,-10560.945999999996,-0.19999999999999993
150502,ASIA,CAÑETE,LIMA,52893.38,2022,0.0141304906457963,True,True,42314.704,-10578.676,-0.2
200407,SAN JUAN DE BIGOTE,MORROPON,PIURA,53193.88,2022,0.008626031976219,True,True,42555.104,-10638.775999999998,-0.19999999999999998
60409,HUAMBOS,CHOTA,CAJAMARCA,53255.67,2022,0.010071026965523,True,True,42604.536,-10651.133999999998,-0.19999999999999998
10202,ARAMANGO,BAGUA,AMAZONAS,53350.0,2022,0.0097945648872036,True,True,42680.0,-10670.0,-0.2
100205,HUACAR,AMBO,HUANUCO,54039.0,2022,0.0116305132689156,True,True,43231.200000000004,-10807.799999999996,-0.19999999999999993
21805,MORO,SANTA,ANCASH,54500.0,2022,0.0109402400472151,True,True,43600.0,-10900.0,-0.2
60607,QUEROCOTILLO,CUTERVO,CAJAMARCA,56059.0,2022,0.0114300972479169,True,True,44847.200000000004,-11211.799999999996,-0.19999999999999993
22005,QUILLO,YUNGAY,ANCASH,56437.2,2022,0.0119362617118761,True,True,45149.76,-11287.439999999995,-0.19999999999999993
220506,PINTO RECODO,LAMAS,SAN MARTIN,56538.0,2022,0.0100106167827068,True,True,45230.4,-11307.599999999999,-0.19999999999999998
100104,CHURUBAMBA,HUANUCO,HUANUCO,59597.0,2022,0.0098943528621786,True,True,47677.600000000006,-11919.399999999994,-0.1999999999999999
140202,CAÑARIS,FERREÑAFE,LAMBAYEQUE,59696.0,2022,0.0120287675580738,False,True,47756.8,-11939.199999999997,-0.19999999999999996
21803,COISHCO,SANTA,ANCASH,59743.2,2022,0.0087299924488849,True,True,47794.56,-11948.64,-0.2
40105,CHARACATO,AREQUIPA,AREQUIPA,59771.2,2022,0.0115069712757051,True,True,47816.96,-11954.239999999998,-0.19999999999999998
140118,POMALCA,CHICLAYO,LAMBAYEQUE,60382.8,2022,0.0116859517571078,True,True,48306.240000000005,-12076.559999999998,-0.19999999999999996
10705,JAMALCA,UTCUBAMBA,AMAZONAS,60427.75,2022,0.0080394073245902,True,True,48342.200000000004,-12085.549999999996,-0.19999999999999993
60613,SANTO TOMAS,CUTERVO,CAJAMARCA,61239.6,2022,0.012473520493199,True,True,48991.68,-12247.919999999998,-0.19999999999999998
60109,MAGDALENA,CAJAMARCA,CAJAMARCA,62482.0,2022,0.008034768959585,True,True,49985.600000000006,-12496.399999999994,-0.1999999999999999
50408,LLOCHEGUA,HUANTA,AYACUCHO,62648.0,2022,0.0087968696954623,True,True,50118.4,-12529.599999999999,-0.19999999999999998
200207,PAIMAS,AYABACA,PIURA,63321.0,2022,0.0082826664621195,True,True,50656.8,-12664.199999999997,-0.19999999999999996
80910,PICHARI,LA CONVENCION,CUSCO,64379.71,2022,0.0113873764655287,True,True,51503.768000000004,-12875.941999999995,-0.19999999999999993
100609,PUEBLO NUEVO,LEONCIO PRADO,HUANUCO,64980.9,2022,0.0085502857895443,False,True,51984.72,-12996.18,-0.2
220507,RUMISAPA,LAMAS,SAN MARTIN,67737.11,2022,0.0111830602815421,True,True,54189.688,-13547.421999999999,-0.19999999999999998
200403,CHALACO,MORROPON,PIURA,68878.0,2022,0.0114857427396566,True,True,55102.4,-13775.599999999999,-0.19999999999999998
130109,SALAVERRY,TRUJILLO,LA LIBERTAD,69312.0,2022,0.0145884229430841,True,True,55449.600000000006,-13862.399999999994,-0.19999999999999993
60614,SOCOTA,CUTERVO,CAJAMARCA,69577.5,2022,0.0101527362488923,True,True,55662.0,-13915.5,-0.2
100903,HONORIA,PUERTO INCA,HUANUCO,70505.0,2022,0.0138789871262064,True,True,56404.0,-14101.0,-0.2
60803,CHONTALI,JAEN,CAJAMARCA,71761.0,2022,0.006852752009903,True,True,57408.8,-14352.199999999997,-0.19999999999999996
150806,HUAURA,HUAURA,LIMA,72831.0,2022,0.0113796338731433,True,True,58264.8,-14566.199999999997,-0.19999999999999996
140206,PUEBLO NUEVO,FERREÑAFE,LAMBAYEQUE,72875.0,2022,0.0078900941831264,True,True,58300.0,-14575.0,-0.2
150104,BARRANCO,LIMA,LIMA,74470.0,2022,0.0110851107993504,True,True,59576.0,-14894.0,-0.2
60104,COSPAN,CAJAMARCA,CAJAMARCA,74937.9,2022,0.0127311722905993,True,True,59950.32,-14987.579999999994,-0.19999999999999996
10609,OMIA,RODRIGUEZ DE MENDOZA,AMAZONAS,76785.8,2022,0.00997386425545,True,True,61428.64000000001,-15357.159999999996,-0.19999999999999996
120305,SAN RAMON,CHANCHAMAYO,JUNIN,79004.5,2022,0.008362862783092,True,True,63203.600000000006,-15800.899999999994,-0.19999999999999993
120604,MAZAMARI,SATIPO,JUNIN,79203.5,2022,0.0104511795490713,True,True,63362.8,-15840.699999999997,-0.19999999999999996
200602,BELLAVISTA,SULLANA,PIURA,79637.5,2022,0.0106718692695874,True,True,63710.0,-15927.5,-0.2
50510,ANCHIHUAY,LA MAR,AYACUCHO,79682.6,2022,0.0110030107251726,True,True,63746.08000000001,-15936.519999999997,-0.19999999999999996
100804,UMARI,PACHITEA,HUANUCO,80287.5,2022,0.008950929325636,True,True,64230.0,-16057.5,-0.2
100608,CASTILLO GRANDE,LEONCIO PRADO,HUANUCO,80581.9,2022,0.0117256815383809,True,True,64465.52,-16116.379999999997,-0.19999999999999998
40111,MOLLEBAYA,AREQUIPA,AREQUIPA,81249.26,2022,0.0100038959963874,True,True,64999.407999999996,-16249.851999999999,-0.2
10514,PISUQUIA,LUYA,AMAZONAS,82319.95,2022,0.0120885803284003,True,True,65855.96,-16463.98999999999,-0.1999999999999999
110301,NAZCA,NAZCA,ICA,82368.0,2022,0.0108644887535038,True,True,65894.40000000001,-16473.59999999999,-0.1999999999999999
140120,TUMAN,CHICLAYO,LAMBAYEQUE,84579.0,2022,0.013249427095201,True,True,67663.2,-16915.800000000003,-0.20000000000000004
220304,SANTA ROSA,EL DORADO,SAN MARTIN,85600.0,2022,0.0088130755119139,True,True,68480.0,-17120.0,-0.2
110302,CHANGUILLO,NAZCA,ICA,86884.88,2022,0.0115983131772092,True,True,69507.90400000001,-17376.975999999995,-0.19999999999999993
40701,MOLLENDO,ISLAY,AREQUIPA,86911.5,2022,0.0130288634704242,True,True,69529.2,-17382.300000000003,-0.20000000000000004
61303,CATACHE,SANTA CRUZ,CAJAMARCA,88316.5,2022,0.0066629354605486,False,True,70653.2,-17663.300000000003,-0.20000000000000004
150204,SUPE,BARRANCA,LIMA,89818.3,2022,0.0122487935834003,True,True,71854.64,-17963.660000000003,-0.20000000000000004
21101,HUARMEY,HUARMEY,ANCASH,90295.5,2022,0.0128231129739299,True,True,72236.40000000001,-18059.09999999999,-0.1999999999999999
130106,LAREDO,TRUJILLO,LA LIBERTAD,91210.5,2022,0.0127404837933936,True,True,72968.40000000001,-18242.09999999999,-0.1999999999999999
100905,YUYAPICHIS,PUERTO INCA,HUANUCO,92836.2,2022,0.0106608483248405,True,True,74268.96,-18567.23999999999,-0.1999999999999999
150120,MAGDALENA DEL MAR,LIMA,LIMA,96778.0,2022,0.0115832736037021,True,True,77422.40000000001,-19355.59999999999,-0.1999999999999999
130205,PAIJAN,ASCOPE,LA LIBERTAD,96984.83,2022,0.0110641598602212,True,True,77587.864,-19396.966,-0.2
110210,SUNAMPE,CHINCHA,ICA,97000.0,2022,0.0127871654008208,True,True,77600.0,-19400.0,-0.2
130704,PACASMAYO,PACASMAYO,LA LIBERTAD,97045.5,2022,0.0106990692078365,True,True,77636.40000000001,-19409.09999999999,-0.1999999999999999
120609,VIZCATAN DEL ENE,SATIPO,JUNIN,97683.5,2022,0.014877923267246,True,True,78146.8,-19536.699999999997,-0.19999999999999998
40117,SACHACA,AREQUIPA,AREQUIPA,102747.73,2022,0.0084846830656434,True,True,82198.18400000001,-20549.545999999988,-0.1999999999999999
21002,ANRA,HUARI,ANCASH,102800.59,2022,0.0145415033825985,True,True,82240.47200000001,-20560.117999999988,-0.1999999999999999
200210,SUYO,AYABACA,PIURA,105726.5,2022,0.0084105995401132,True,True,84581.20000000001,-21145.29999999999,-0.1999999999999999
150141,SURQUILLO,LIMA,LIMA,106464.33,2022,0.010358048021453,True,True,85171.464,-21292.865999999995,-0.19999999999999996
60904,LA COIPA,SAN IGNACIO,CAJAMARCA,107970.28,2022,0.0066560781645379,True,True,86376.224,-21594.055999999997,-0.19999999999999998
240202,CASITAS,CONTRALMIRANTE VILLAR,TUMBES,109530.69,2022,0.0094868710657447,True,True,87624.55200000001,-21906.13799999999,-0.19999999999999993
150805,HUALMAY,HUAURA,LIMA,111755.3,2022,0.011936732699618,True,True,89404.24,-22351.059999999998,-0.19999999999999998
150134,SAN LUIS,LIMA,LIMA,113136.0,2022,0.0105519129306196,True,True,90508.8,-22627.199999999997,-0.19999999999999998
230104,CIUDAD NUEVA,TACNA,TACNA,114205.43,2022,0.0108538936178173,True,True,91364.344,-22841.085999999996,-0.19999999999999998
20801,CASMA,CASMA,ANCASH,114888.8,2022,0.0146467741643036,True,True,91911.04000000001,-22977.759999999995,-0.19999999999999996
131104,SAYAPULLO,GRAN CHIMU,LA LIBERTAD,116025.59,2022,0.0112310826795706,True,True,92820.47200000001,-23205.117999999988,-0.1999999999999999
130807,ONGON,PATAZ,LA LIBERTAD,119006.9,2022,0.0096904390516791,False,True,95205.52,-23801.37999999999,-0.19999999999999993
40110,MIRAFLORES,AREQUIPA,AREQUIPA,119067.8,2022,0.0098388658493695,True,True,95254.24,-23813.559999999998,-0.19999999999999998
130107,MOCHE,TRUJILLO,LA LIBERTAD,119792.0,2022,0.0116655750768755,True,True,95833.6,-23958.399999999994,-0.19999999999999996
200308,SONDORILLO,HUANCABAMBA,PIURA,120468.12,2022,0.0131614137710902,True,True,96374.496,-24093.623999999996,-0.19999999999999998
110206,GROCIO PRADO,CHINCHA,ICA,121096.0,2022,0.0118068097419295,True,True,96876.8,-24219.199999999997,-0.19999999999999998
110506,SAN ANDRES,PISCO,ICA,121232.24,2022,0.010332264580017,True,True,96985.79200000002,-24246.44799999999,-0.1999999999999999
150139,SANTA ROSA,LIMA,LIMA,121637.8,2022,0.0139720478281084,True,True,97310.24,-24327.559999999998,-0.19999999999999998
100111,PILLCO MARCA,HUANUCO,HUANUCO,122214.0,2022,0.0075594376164117,True,True,97771.20000000001,-24442.79999999999,-0.1999999999999999
220105,SORITOR,MOYOBAMBA,SAN MARTIN,123060.0,2022,0.0069287144214908,True,True,98448.0,-24612.0,-0.2
150116,LINCE,LIMA,LIMA,124004.82,2022,0.0100756459683387,True,True,99203.85600000001,-24800.963999999993,-0.19999999999999993
230102,ALTO DE LA ALIANZA,TACNA,TACNA,124623.75,2022,0.0112030070103688,True,True,99699.0,-24924.75,-0.2
110103,LOS AQUIJES,ICA,ICA,127119.79,2022,0.0142383535261408,True,True,101695.832,-25423.958,-0.2
150107,CHACLACAYO,LIMA,LIMA,129082.6,2022,0.0104524923798836,True,True,103266.08000000002,-25816.51999999999,-0.1999999999999999
110106,PARCONA,ICA,ICA,129146.24,2022,0.0123603263556181,True,True,103316.99200000001,-25829.247999999992,-0.19999999999999993
220104,JEPELACIO,MOYOBAMBA,SAN MARTIN,132000.0,2022,0.0058729262858097,True,True,105600.0,-26400.0,-0.2
110508,TUPAC AMARU INCA,PISCO,ICA,132225.5,2022,0.0077811339817871,True,True,105780.40000000001,-26445.09999999999,-0.19999999999999993
150509,MALA,CAÑETE,LIMA,132225.8,2022,0.0120243872529366,True,True,105780.64,-26445.15999999999,-0.19999999999999993
60811,SAN JOSE DEL ALTO,JAEN,CAJAMARCA,133913.06,2022,0.0075362313385993,True,True,107130.448,-26782.611999999994,-0.19999999999999996
40107,JACOBO HUNTER,AREQUIPA,AREQUIPA,135548.25,2022,0.008678666815233,True,True,108438.6,-27109.649999999994,-0.19999999999999996
200604,LANCONES,SULLANA,PIURA,136067.94,2022,0.0092831422284976,True,True,108854.35200000001,-27213.58799999999,-0.19999999999999993
60903,HUARANGO,SAN IGNACIO,CAJAMARCA,137105.5,2022,0.0089610765445077,True,True,109684.40000000001,-27421.09999999999,-0.19999999999999993
200208,SAPILLICA,AYABACA,PIURA,137455.5,2022,0.0058724589240011,True,True,109964.40000000001,-27491.09999999999,-0.19999999999999993
40129,JOSE LUIS BUSTAMANTE Y RIVERO,AREQUIPA,AREQUIPA,137750.0,2022,0.0077166829977858,True,True,110200.0,-27550.0,-0.2
21013,RAPAYAN,HUARI,ANCASH,138761.0,2022,0.0145460824101906,False,True,111008.8,-27752.199999999997,-0.19999999999999998
220910,MORALES,SAN MARTIN,SAN MARTIN,139122.5,2022,0.0123047028173075,True,True,111298.0,-27824.5,-0.2
80913,VILLA KINTIARINA,LA CONVENCION,CUSCO,139970.05,2022,0.0128828149812522,True,True,111976.04,-27994.009999999995,-0.19999999999999998
10707,YAMON,UTCUBAMBA,AMAZONAS,141470.16,2022,0.0053467095026429,False,True,113176.12800000001,-28294.031999999992,-0.19999999999999993
60907,TABACONAS,SAN IGNACIO,CAJAMARCA,141658.6,2022,0.0080917387345042,True,True,113326.88,-28331.72,-0.2
50409,CANAYRE,HUANTA,AYACUCHO,146437.0,2022,0.0114346087322269,True,True,117149.6,-29287.399999999994,-0.19999999999999996
80905,OCOBAMBA,LA CONVENCION,CUSCO,146512.8,2022,0.0121714634109907,True,True,117210.23999999999,-29302.559999999998,-0.2
200206,PACAIPAMPA,AYABACA,PIURA,147140.0,2022,0.0118751934989725,True,True,117712.0,-29428.0,-0.2
110112,SUBTANJALLA,ICA,ICA,147670.53,2022,0.0135557912615783,True,True,118136.424,-29534.106,-0.2
60106,JESUS,CAJAMARCA,CAJAMARCA,148869.78,2022,0.0127689308075053,True,True,119095.82400000001,-29773.95599999999,-0.19999999999999993
200202,FRIAS,AYABACA,PIURA,148953.0,2022,0.0081580783395746,True,True,119162.40000000001,-29790.59999999999,-0.19999999999999993
220203,BAJO BIAVO,BELLAVISTA,SAN MARTIN,152580.5,2022,0.009243202173833,True,True,122064.40000000001,-30516.09999999999,-0.19999999999999996
230108,POCOLLAY,TACNA,TACNA,153363.21,2022,0.0093863367931581,True,True,122690.568,-30672.641999999993,-0.19999999999999996
240302,AGUAS VERDES,ZARUMILLA,TUMBES,153882.0,2022,0.0126412009313452,True,True,123105.6,-30776.399999999994,-0.19999999999999996
140112,PIMENTEL,CHICLAYO,LAMBAYEQUE,158383.0,2022,0.0125181360634427,True,True,126706.40000000001,-31676.59999999999,-0.19999999999999996
60902,CHIRINOS,SAN IGNACIO,CAJAMARCA,158450.33,2022,0.0066550070495277,False,True,126760.264,-31690.06599999999,-0.19999999999999996
60906,SAN JOSE DE LOURDES,SAN IGNACIO,CAJAMARCA,159391.72,2022,0.0069788344688961,True,True,127513.376,-31878.343999999997,-0.19999999999999998
10702,CAJARURO,UTCUBAMBA,AMAZONAS,162034.5,2022,0.0115079554263469,True,True,129627.6,-32406.899999999994,-0.19999999999999996
150810,SANTA MARIA,HUAURA,LIMA,165190.0,2022,0.0124611118695774,True,True,132152.0,-33038.0,-0.2
140108,MONSEFU,CHICLAYO,LAMBAYEQUE,172157.79,2022,0.0116871930914879,True,True,137726.23200000002,-34431.55799999999,-0.19999999999999993
170204,HUEPETUHE,MANU,MADRE DE DIOS,173088.5,2022,0.0125744263210263,True,True,138470.80000000002,-34617.69999999998,-0.1999999999999999
220801,RIOJA,RIOJA,SAN MARTIN,173561.29,2022,0.008825049827718,True,True,138849.032,-34712.258,-0.2
40109,MARIANO MELGAR,AREQUIPA,AREQUIPA,173693.5,2022,0.0095828062809476,True,True,138954.80000000002,-34738.69999999998,-0.1999999999999999
150507,IMPERIAL,CAÑETE,LIMA,175724.5,2022,0.0112272860118819,True,True,140579.6,-35144.899999999994,-0.19999999999999996
100103,CHINCHAO,HUANUCO,HUANUCO,177207.0,2022,0.0085707087205339,True,True,141765.6,-35441.399999999994,-0.19999999999999996
40128,YURA,AREQUIPA,AREQUIPA,179943.53,2022,0.012004354051547,True,True,143954.824,-35988.706000000006,-0.20000000000000004
110507,SAN CLEMENTE,PISCO,ICA,183380.5,2022,0.0097834545297335,True,True,146704.4,-36676.100000000006,-0.20000000000000004
110207,PUEBLO NUEVO,CHINCHA,ICA,183555.7,2022,0.0140197229505702,True,True,146844.56000000003,-36711.139999999985,-0.1999999999999999
240301,ZARUMILLA,ZARUMILLA,TUMBES,184421.7,2022,0.0118433479171811,True,True,147537.36000000002,-36884.34,-0.19999999999999996
140201,FERREÑAFE,FERREÑAFE,LAMBAYEQUE,188204.2,2022,0.0110470908420962,True,True,150563.36000000002,-37640.84,-0.19999999999999996
40102,ALTO SELVA ALEGRE,AREQUIPA,AREQUIPA,191310.6,2022,0.0104315723963446,True,True,153048.48,-38262.119999999995,-0.19999999999999998
100109,SANTA MARIA DEL VALLE,HUANUCO,HUANUCO,196149.1,2022,0.0108460967418239,True,True,156919.28,-39229.82000000001,-0.20000000000000004
150119,LURIN,LIMA,LIMA,199499.0,2022,0.0134014347219527,True,True,159599.2,-39899.79999999999,-0.19999999999999993
130111,VICTOR LARCO HERRERA,TRUJILLO,LA LIBERTAD,200408.0,2022,0.0098757532511643,True,True,160326.40000000002,-40081.59999999998,-0.19999999999999987
150102,ANCON,LIMA,LIMA,207873.8,2022,0.0144596627738774,True,True,166299.04,-41574.75999999998,-0.19999999999999993
70107,MI PERU,CALLAO,CALLAO,208068.5,2022,0.0115279070256141,True,True,166454.80000000002,-41613.69999999998,-0.19999999999999993
80306,LIMATAMBO,ANTA,CUSCO,215064.4,2022,0.0148169482153316,True,True,172051.52000000002,-43012.879999999976,-0.1999999999999999
110102,LA TINGUIÑA,ICA,ICA,224421.8,2022,0.0122258975034798,True,True,179537.44,-44884.359999999986,-0.19999999999999996
200110,LA UNION,PIURA,PIURA,226613.0,2022,0.0125890082413015,True,True,181290.40000000002,-45322.59999999998,-0.1999999999999999
60417,TACABAMBA,CHOTA,CAJAMARCA,229469.61,2022,0.0102450277536973,True,True,183575.688,-45893.92199999999,-0.19999999999999998
110108,SALAS,ICA,ICA,229596.0,2022,0.0129792906709311,True,True,183676.80000000002,-45919.19999999998,-0.19999999999999993
220909,LA BANDA DE SHILCAYO,SAN MARTIN,SAN MARTIN,236511.5,2022,0.0102855602704043,True,True,189209.2,-47302.29999999999,-0.19999999999999996
150136,SAN MIGUEL,LIMA,LIMA,237497.76,2022,0.0109098657141489,True,True,189998.208,-47499.551999999996,-0.19999999999999998
130104,HUANCHACO,TRUJILLO,LA LIBERTAD,240984.27,2022,0.0136746243432987,True,True,192787.416,-48196.85399999999,-0.19999999999999998
190303,HUANCABAMBA,OXAPAMPA,PASCO,245781.3,2022,0.0090289900204731,True,True,196625.04,-49156.25999999998,-0.19999999999999993
220201,BELLAVISTA,BELLAVISTA,SAN MARTIN,246594.33,2022,0.0090510608799698,True,True,197275.464,-49318.86599999998,-0.19999999999999993
220804,NUEVA CAJAMARCA,RIOJA,SAN MARTIN,249844.0,2022,0.0070909161614255,True,True,199875.2,-49968.79999999999,-0.19999999999999996
200506,TAMARINDO,PAITA,PIURA,253001.02,2022,0.0074534411789394,True,True,202400.816,-50600.204,-0.2
200701,PARIÑAS,TALARA,PIURA,260257.65,2022,0.0118576956778018,True,True,208206.12,-52051.53,-0.2
130103,FLORENCIA DE MORA,TRUJILLO,LA LIBERTAD,266027.0,2022,0.0113276518159135,True,True,212821.6,-53205.399999999994,-0.19999999999999998
120607,RIO NEGRO,SATIPO,JUNIN,278938.63,2022,0.009105626242703,True,True,223150.904,-55787.725999999995,-0.19999999999999998
200304,HUARMACA,HUANCABAMBA,PIURA,283796.8,2022,0.0133970119654853,True,True,227037.44,-56759.359999999986,-0.19999999999999996
221001,TOCACHE,TOCACHE,SAN MARTIN,1320497.02,2022,0.0149189421705384,True,True,1261149.8645387888,-59347.15546121122,-0.04494304384057695
150123,PACHACAMAC,LIMA,LIMA,330396.0,2022,0.0141396493791748,True,True,264316.8,-66079.20000000001,-0.20000000000000004
200801,SECHURA,SECHURA,PIURA,336814.0,2022,0.0136845381955353,True,True,269451.2,-67362.79999999999,-0.19999999999999996
40112,PAUCARPATA,AREQUIPA,AREQUIPA,341326.58,2022,0.0083444536418276,True,True,273061.264,-68265.31599999999,-0.19999999999999996
220805,PARDO MIGUEL,RIOJA,SAN MARTIN,352457.74,2022,0.0051215588776521,True,True,281966.192,-70491.54800000001,-0.20000000000000004
60602,CALLAYUC,CUTERVO,CAJAMARCA,358156.65,2022,0.0055648098172443,True,True,286525.32,-71631.33000000002,-0.20000000000000004
60410,LAJAS,CHOTA,CAJAMARCA,365255.72,2022,0.0100779388381028,True,True,292204.576,-73051.14399999997,-0.19999999999999993
200105,CATACAOS,PIURA,PIURA,396660.31,2022,0.0130266946399866,True,True,317328.248,-79332.06199999998,-0.19999999999999993
150114,LA MOLINA,LIMA,LIMA,397858.34,2022,0.0105785273137422,True,True,318286.672,-79571.668,-0.2
150140,SANTIAGO DE SURCO,LIMA,LIMA,410171.5,2022,0.0124917894329461,True,True,328137.2,-82034.29999999999,-0.19999999999999998
230110,CORONEL GREGORIO ALBARRACIN LANCHIPA,TACNA,TACNA,419729.29,2022,0.0116472997330382,True,True,335783.43200000003,-83945.85799999995,-0.1999999999999999
150137,SANTA ANITA,LIMA,LIMA,422246.0,2022,0.0117717280931975,True,True,337796.80000000005,-84449.19999999995,-0.1999999999999999
40127,YARABAMBA,AREQUIPA,AREQUIPA,423593.59,2022,0.0093612967671725,True,True,338874.87200000003,-84718.718,-0.19999999999999998
140308,OLMOS,LAMBAYEQUE,LAMBAYEQUE,430061.1,2022,0.0134888966913365,True,True,344048.88,-86012.21999999997,-0.19999999999999996
10205,IMAZA,BAGUA,AMAZONAS,440029.98,2022,0.0131716762902245,True,True,352023.984,-88005.99599999998,-0.19999999999999998
140106,LA VICTORIA,CHICLAYO,LAMBAYEQUE,451899.47,2022,0.011380728271671,True,True,361519.576,-90379.89399999997,-0.19999999999999996
80904,MARANURA,LA CONVENCION,CUSCO,461968.2,2022,0.0082324153071926,True,True,369574.56000000006,-92393.63999999996,-0.1999999999999999
130401,CHEPEN,CHEPEN,LA LIBERTAD,463731.04,2022,0.0099795020061882,True,True,370984.832,-92746.20799999998,-0.19999999999999998
130105,LA ESPERANZA,TRUJILLO,LA LIBERTAD,495430.0,2022,0.0123468432621285,True,True,396344.0,-99086.0,-0.2
200104,CASTILLA,PIURA,PIURA,520299.25,2022,0.0124801993899979,True,True,416239.4,-104059.84999999998,-0.19999999999999996
131101,CASCAS,GRAN CHIMU,LA LIBERTAD,528839.91,2022,0.0091046109006198,True,True,423071.9280000001,-105767.98199999996,-0.1999999999999999
120601,SATIPO,SATIPO,JUNIN,541716.96,2022,0.0098832777677,True,True,433373.56799999997,-108343.39199999999,-0.2
120303,PICHANAQUI,CHANCHAMAYO,JUNIN,558434.69,2022,0.0100286665529468,True,True,446747.752,-111686.93799999997,-0.19999999999999996
110401,PALPA,PALPA,ICA,588622.55,2022,0.0135019359056459,True,True,470898.04000000004,-117724.51000000001,-0.2
130102,EL PORVENIR,TRUJILLO,LA LIBERTAD,596225.0,2022,0.0125639226839918,True,True,476980.0,-119245.0,-0.2
21201,CARAZ,HUAYLAS,ANCASH,600610.16,2022,0.0095054964131313,True,True,480488.128,-120122.032,-0.2
80908,SANTA TERESA,LA CONVENCION,CUSCO,613274.12,2022,0.0131900509790647,True,True,490619.29600000003,-122654.82399999996,-0.19999999999999996
40104,CERRO COLORADO,AREQUIPA,AREQUIPA,615048.08,2022,0.0097993090905624,True,True,492038.464,-123009.61599999998,-0.19999999999999998
50407,SIVIA,HUANTA,AYACUCHO,618068.16,2022,0.0062729695691166,True,True,494454.52800000005,-123613.63199999998,-0.19999999999999996
140105,JOSE LEONARDO ORTIZ,CHICLAYO,LAMBAYEQUE,619054.85,2022,0.0118289909039138,True,True,495243.88,-123810.96999999997,-0.19999999999999996
130201,ASCOPE,ASCOPE,LA LIBERTAD,632044.31,2022,0.0121141921745477,True,True,505635.4480000001,-126408.86199999996,-0.19999999999999993
180301,ILO,ILO,MOQUEGUA,645023.68,2022,0.0136513792355845,True,True,516018.9440000001,-129004.73599999998,-0.19999999999999996
40520,MAJES,CAYLLOMA,AREQUIPA,662081.89,2022,0.00737868781495,True,True,529665.512,-132416.37800000003,-0.20000000000000004
70103,CARMEN DE LA LEGUA REYNOSO,CALLAO,CALLAO,711781.18,2022,0.0104537678744274,True,True,569424.944,-142356.23600000003,-0.20000000000000004
140301,LAMBAYEQUE,LAMBAYEQUE,LAMBAYEQUE,729365.67,2022,0.0138662420414854,True,True,583492.5360000001,-145873.13399999996,-0.19999999999999993
200301,HUANCABAMBA,HUANCABAMBA,PIURA,741560.0,2022,0.0100812240458592,True,True,593248.0,-148312.0,-0.2
150117,LOS OLIVOS,LIMA,LIMA,746790.7,2022,0.0121259384524818,True,True,597432.5599999999,-149358.14,-0.20000000000000004
200115,VEINTISEIS DE OCTUBRE,PIURA,PIURA,750343.0,2022,0.0121487479397483,True,True,600274.4,-150068.59999999998,-0.19999999999999996
100201,AMBO,AMBO,HUANUCO,862546.61,2022,0.0081975855809304,True,True,690037.2880000001,-172509.32199999993,-0.19999999999999993
131201,VIRU,VIRU,LA LIBERTAD,868976.64,2022,0.014517115852427,True,True,695181.312,-173795.32799999998,-0.19999999999999998
150143,VILLA MARIA DEL TRIUNFO,LIMA,LIMA,892568.0,2022,0.0131196586085362,True,True,714054.4,-178513.59999999998,-0.19999999999999998
150118,LURIGANCHO,LIMA,LIMA,930215.89,2022,0.0075225833902691,True,True,744172.712,-186043.17799999996,-0.19999999999999996
150605,CHANCAY,HUARAL,LIMA,947693.23,2022,0.0110316761492008,True,True,758154.584,-189538.64599999995,-0.19999999999999996
60301,CELENDIN,CELENDIN,CAJAMARCA,962641.3,2022,0.0134390489184795,True,True,770113.04,-192528.26,-0.2
180101,MOQUEGUA,MARISCAL NIETO,MOQUEGUA,972433.27,2022,0.0066174790418741,True,True,777946.616,-194486.65399999998,-0.19999999999999998
200606,MIGUEL CHECA,SULLANA,PIURA,991082.14,2022,0.0071938957193086,True,True,792865.712,-198216.42799999996,-0.19999999999999996
80906,QUELLOUNO,LA CONVENCION,CUSCO,1032292.62,2022,0.0073651434064703,True,True,825834.096,-206458.52399999998,-0.19999999999999998
150106,CARABAYLLO,LIMA,LIMA,1084983.0,2022,0.0129652087126077,True,True,867986.4,-216996.59999999998,-0.19999999999999998
70106,VENTANILLA,CALLAO,CALLAO,1097549.31,2022,0.0134523788134656,True,True,878039.4480000001,-219509.86199999996,-0.19999999999999996
150601,HUARAL,HUARAL,LIMA,1099370.08,2022,0.0125199433956794,True,True,879496.0640000001,-219874.01599999995,-0.19999999999999993
200109,LA ARENA,PIURA,PIURA,1102533.79,2022,0.0126630059362712,True,True,882027.0320000001,-220506.7579999999,-0.19999999999999993
150513,SAN ANTONIO,CAÑETE,LIMA,1117512.84,2022,0.0057118136526175,False,True,894010.2720000001,-223502.56799999997,-0.19999999999999996
150728,SANTA EULALIA,HUAROCHIRI,LIMA,1150618.78,2022,0.0091233161296487,True,True,920495.0240000001,-230123.75599999994,-0.19999999999999993
61301,SANTA CRUZ,SANTA CRUZ,CAJAMARCA,1157025.79,2022,0.0132598632416703,True,True,925620.6320000001,-231405.15799999994,-0.19999999999999993
120606,PANGOA,SATIPO,JUNIN,1200014.96,2022,0.0082398201196293,True,True,960011.968,-240002.99199999997,-0.19999999999999998
70101,CALLAO,CALLAO,CALLAO,1213620.0,2022,0.0120489129650345,True,True,970896.0,-242724.0,-0.2
150105,BREÑA,LIMA,LIMA,1226917.62,2022,0.009632571215278,True,True,981534.0960000001,-245383.52399999998,-0.19999999999999996
50503,AYNA,LA MAR,AYACUCHO,1292935.0,2022,0.0077728247941737,True,True,1034348.0,-258587.0,-0.2
120302,PERENE,CHANCHAMAYO,JUNIN,1331454.04,2022,0.0099678292642564,True,True,1065163.232,-266290.80799999996,-0.19999999999999996
10701,BAGUA GRANDE,UTCUBAMBA,AMAZONAS,1339611.62,2022,0.0111706317147941,True,True,1071689.296,-267922.324,-0.2
120301,CHANCHAMAYO,CHANCHAMAYO,JUNIN,1354590.81,2022,0.0082555891368823,True,True,1083672.648,-270918.162,-0.2
150135,SAN MARTIN DE PORRES,LIMA,LIMA,1372614.78,2022,0.0122690178726809,True,True,1098091.824,-274522.956,-0.2
200114,TAMBO GRANDE,PIURA,PIURA,1390961.34,2022,0.0122878899048794,True,True,1112769.0720000002,-278192.2679999999,-0.19999999999999993
211201,SANDIA,SANDIA,PUNO,1431128.61,2022,0.014159781133798,True,True,1144902.888,-286225.72200000007,-0.20000000000000004
150109,CIENEGUILLA,LIMA,LIMA,1452801.48,2022,0.0123556257074992,True,True,1162241.1840000001,-290560.29599999986,-0.1999999999999999
150110,COMAS,LIMA,LIMA,1482028.93,2022,0.0132630467781674,True,True,1185623.144,-296405.78599999985,-0.1999999999999999
150133,SAN JUAN DE MIRAFLORES,LIMA,LIMA,1518125.45,2022,0.0117664254376673,True,True,1214500.36,-303625.08999999985,-0.1999999999999999
150125,PUENTE PIEDRA,LIMA,LIMA,1543134.99,2022,0.0135906586614291,True,True,1234507.992,-308626.9979999999,-0.19999999999999993
60601,CUTERVO,CUTERVO,CAJAMARCA,1583365.07,2022,0.0116963822724718,True,True,1266692.056,-316673.01399999997,-0.19999999999999998
40401,APLAO,CASTILLA,AREQUIPA,1616488.25,2022,0.0058491466378417,False,True,1293190.6,-323297.6499999999,-0.19999999999999996
110501,PISCO,PISCO,ICA,1629763.59,2022,0.0094488308486124,True,True,1303810.8720000002,-325952.7179999999,-0.19999999999999993
150201,BARRANCA,BARRANCA,LIMA,1645112.09,2022,0.0101678788112951,True,True,1316089.6720000003,-329022.41799999983,-0.1999999999999999
60701,BAMBAMARCA,HUALGAYOC,CAJAMARCA,1655738.98,2022,0.0135253501713829,True,True,1324591.1840000001,-331147.79599999986,-0.19999999999999993
40103,CAYMA,AREQUIPA,AREQUIPA,1694730.18,2022,0.0113291522166274,True,True,1355784.144,-338946.03599999985,-0.19999999999999993
40202,JOSE MARIA QUIMPER,CAMANA,AREQUIPA,1770660.54,2022,0.0042393430009067,False,True,1416528.432,-354132.108,-0.2
40122,SOCABAYA,AREQUIPA,AREQUIPA,1813897.58,2022,0.0083430713242908,True,True,1451118.0640000002,-362779.5159999998,-0.1999999999999999
150103,ATE,LIMA,LIMA,1930253.16,2022,0.0133447691075307,True,True,1544202.528,-386050.632,-0.2
10401,NIEVA,CONDORCANQUI,AMAZONAS,2010662.73,2022,0.0148733950177428,True,True,1608530.1840000001,-402132.54599999986,-0.19999999999999993
21801,CHIMBOTE,SANTA,ANCASH,2065650.11,2022,0.0127676732661479,True,True,1652520.0880000002,-413130.0219999999,-0.19999999999999993
220901,TARAPOTO,SAN MARTIN,SAN MARTIN,2097636.78,2022,0.0123383563845165,True,True,1678109.4239999999,-419527.3559999999,-0.19999999999999998
220601,JUANJUI,MARISCAL CACERES,SAN MARTIN,2132496.21,2022,0.008125225282414,True,True,1705996.968,-426499.24199999985,-0.19999999999999993
80907,QUIMBIRI,LA CONVENCION,CUSCO,2286090.17,2022,0.0090140742512546,True,True,1828872.136,-457218.034,-0.2
200501,PAITA,PAITA,PIURA,2370002.67,2022,0.0127439855817842,True,True,1896002.136,-474000.534,-0.2
190301,OXAPAMPA,OXAPAMPA,PASCO,2452360.52,2022,0.0087440977906263,True,True,1961888.4160000002,-490472.1039999998,-0.19999999999999993
250301,PADRE ABAD,PADRE ABAD,UCAYALI,2457367.79,2022,0.0127458094582915,True,True,1965894.232,-491473.55799999996,-0.19999999999999998
130702,GUADALUPE,PACASMAYO,LA LIBERTAD,2497986.28,2022,0.0111566412711123,True,True,1998389.024,-499597.2559999998,-0.19999999999999996
100801,PANAO,PACHITEA,HUANUCO,2502640.93,2022,0.0083981358381041,True,True,2002112.7440000002,-500528.186,-0.19999999999999998
100901,PUERTO INCA,PUERTO INCA,HUANUCO,2507704.12,2022,0.0094556575573012,True,True,2006163.296,-501540.824,-0.2
10201,BAGUA,BAGUA,AMAZONAS,2687336.49,2022,0.0106596236528842,True,True,2149869.1920000003,-537467.298,-0.19999999999999996
60413,PACCHA,CHOTA,CAJAMARCA,2964769.0,2022,0.0092572939939153,True,True,2371815.2,-592953.7999999998,-0.19999999999999993
40201,CAMANA,CAMANA,AREQUIPA,3028752.07,2022,0.0043826412475437,False,True,2423001.656,-605750.4139999999,-0.19999999999999996
50401,HUANTA,HUANTA,AYACUCHO,3636620.54,2022,0.0145727650164071,True,True,2909296.432,-727324.108,-0.2
21809,NUEVO CHIMBOTE,SANTA,ANCASH,3880791.25,2022,0.0138300203493116,True,True,3104633.0,-776158.25,-0.2
100101,HUANUCO,HUANUCO,HUANUCO,4081262.4,2022,0.0059129135090454,True,True,3265009.92,-816252.48,-0.2
100102,AMARILIS,HUANUCO,HUANUCO,4088232.96,2022,0.0059184638127417,False,True,3270586.3680000002,-817646.5919999997,-0.19999999999999993
80902,ECHARATE,LA CONVENCION,CUSCO,4372331.4,2022,0.0107328756624343,True,True,3497865.1200000006,-874466.2799999998,-0.19999999999999993
70102,BELLAVISTA,CALLAO,CALLAO,4432592.9,2022,0.0091574031737607,True,True,3546074.3200000003,-886518.5800000001,-0.2
60401,CHOTA,CHOTA,CAJAMARCA,4566677.7,2022,0.0112069561242956,True,True,3653342.16,-913335.54,-0.2
150111,EL AGUSTINO,LIMA,LIMA,4638985.94,2022,0.0115468695097836,True,True,3711188.7520000003,-927797.1880000001,-0.2
100601,RUPA-RUPA,LEONCIO PRADO,HUANUCO,4938373.15,2022,0.0118037030308399,True,True,3950698.5200000005,-987674.6299999999,-0.19999999999999996
150801,HUACHO,HUAURA,LIMA,5797051.7,2022,0.012461420045116,True,True,4637641.36,-1159410.3399999999,-0.19999999999999996
110201,CHINCHA ALTA,CHINCHA,ICA,6252390.23,2022,0.013975763476138,True,True,5001912.184,-1250478.046,-0.2
250107,MANANTAY,CORONEL PORTILLO,UCAYALI,6625163.04,2022,0.0147072197495348,True,True,5300130.432,-1325032.608,-0.2
80901,SANTA ANA,LA CONVENCION,CUSCO,7343156.68,2022,0.0092813792979599,True,True,5874525.3440000005,-1468631.3359999992,-0.1999999999999999
150501,SAN VICENTE DE CAÑETE,CAÑETE,LIMA,7420768.96,2022,0.0135984284673946,True,True,5936615.1680000005,-1484153.7919999994,-0.19999999999999993
110101,ICA,ICA,ICA,7444708.18,2022,0.0126768980519447,True,True,5955766.544,-1488941.636,-0.2
150108,CHORRILLOS,LIMA,LIMA,7838240.7,2022,0.0126082687630756,True,True,6270592.5600000005,-1567648.1399999997,-0.19999999999999996
160101,IQUITOS,MAYNAS,LORETO,8088129.42,2022,0.0137040808348742,True,True,6470503.536,-1617625.8839999996,-0.19999999999999996
240101,TUMBES,TUMBES,TUMBES,8138179.75,2022,0.0113307886743845,True,True,6510543.800000001,-1627635.9499999993,-0.1999999999999999
50201,CANGALLO,CANGALLO,AYACUCHO,8184593.8,2022,0.0123572386474866,True,True,6547675.04,-1636918.7599999998,-0.19999999999999998
30101,ABANCAY,ABANCAY,APURIMAC,10199009.34,2022,0.0103892482140806,True,True,8159207.472,-2039801.8679999998,-0.19999999999999998
10101,CHACHAPOYAS,CHACHAPOYAS,AMAZONAS,10204248.58,2022,0.0091332860550242,True,True,8163398.864,-2040849.716,-0.2
60901,SAN IGNACIO,SAN IGNACIO,CAJAMARCA,10414018.42,2022,0.0069514448497091,True,True,8331214.7360000005,-2082803.6839999994,-0.19999999999999996
130101,TRUJILLO,TRUJILLO,LA LIBERTAD,11415131.96,2022,0.0113950118304607,True,True,9132105.568000002,-2283026.391999999,-0.1999999999999999
230101,TACNA,TACNA,TACNA,11596711.73,2022,0.0092907155836876,True,True,9277369.384000001,-2319342.345999999,-0.1999999999999999
150112,INDEPENDENCIA,LIMA,LIMA,12044360.85,2022,0.0123193766580634,True,True,9635488.68,-2408872.17,-0.2
60801,JAEN,JAEN,CAJAMARCA,13849606.94,2022,0.0096310729394938,True,True,11079685.552000001,-2769921.3879999984,-0.1999999999999999
40108,LA JOYA,AREQUIPA,AREQUIPA,15871033.12,2022,0.0058605720748276,True,True,12696826.496,-3174206.624,-0.2
140101,CHICLAYO,CHICLAYO,LAMBAYEQUE,16083941.35,2022,0.0125809567933725,True,True,12867153.08,-3216788.2699999996,-0.19999999999999998
150142,VILLA EL SALVADOR,LIMA,LIMA,16645399.02,2022,0.0126049777222979,True,True,13316319.216,-3329079.8039999995,-0.19999999999999998
220101,MOYOBAMBA,MOYOBAMBA,SAN MARTIN,17056377.74,2022,0.0067237280841499,True,True,13645102.192,-3411275.5479999986,-0.19999999999999993
200401,CHULUCANAS,MORROPON,PIURA,19666748.67,2022,0.0106109542906776,True,True,15733398.936000003,-3933349.7339999992,-0.19999999999999996
60101,CAJAMARCA,CAJAMARCA,CAJAMARCA,23369276.07,2022,0.014713125118938,True,True,18695420.856000002,-4673855.213999998,-0.1999999999999999
150132,SAN JUAN DE LURIGANCHO,LIMA,LIMA,24813851.92,2022,0.0124089344055204,True,True,19851081.536000002,-4962770.384,-0.19999999999999998
200101,PIURA,PIURA,PIURA,33295901.36,2022,0.0103639477648234,True,True,26636721.088,-6659180.272,-0.2
200601,SULLANA,SULLANA,PIURA,44130549.28,2022,0.0113139783910375,True,True,35304439.424,-8826109.855999999,-0.19999999999999996
150115,LA VICTORIA,LIMA,LIMA,46097667.05,2022,0.0099923375661135,True,True,36878133.64,-9219533.409999996,-0.19999999999999993
