ubigeo,anio,log_gasto_anemia_pan_percapita,pred_gasto_oof,residuo_T
10101,2021,12.16123179,2.7280882434593847,9.433143546540617
10101,2022,10.83502951,2.7280882434593847,8.106941266540616
10101,2023,0.0,2.7280882434593847,-2.7280882434593847
10101,2024,0.0,2.7280882434593847,-2.7280882434593847
10101,2025,0.0,2.7280882434593847,-2.7280882434593847
10102,2022,7.245298371,0.8697661522415701,6.37553221875843
10102,2023,0.0,0.8697661522415701,-0.8697661522415701
10102,2024,0.0,0.8697661522415701,-0.8697661522415701
10102,2025,0.0,0.8697661522415701,-0.8697661522415701
10103,2021,6.689599269,1.7369583789931435,4.952640890006856
10103,2022,6.117992305,1.7369583789931435,4.381033926006856
10103,2023,0.0,1.7369583789931435,-1.7369583789931435
10103,2024,0.0,1.7369583789931435,-1.7369583789931435
10103,2025,0.0,1.7369583789931435,-1.7369583789931435
10104,2021,0.0,1.8381237536303843,-1.8381237536303843
10104,2022,0.0,1.8381237536303843,-1.8381237536303843
10104,2023,0.0,1.8381237536303843,-1.8381237536303843
10104,2024,0.0,1.8381237536303843,-1.8381237536303843
10104,2025,0.0,1.8381237536303843,-1.8381237536303843
10105,2021,5.635589283,1.4528200930619146,4.182769189938085
10105,2022,5.644661765,1.4528200930619146,4.191841671938086
10105,2023,0.0,1.4528200930619146,-1.4528200930619146
10105,2024,0.0,1.4528200930619146,-1.4528200930619146
10105,2025,0.0,1.4528200930619146,-1.4528200930619146
10106,2021,5.443556274,1.5824898465970856,3.861066427402914
10106,2022,5.746612708,1.5824898465970856,4.164122861402914
10106,2023,0.0,1.5824898465970856,-1.5824898465970856
10106,2024,0.0,1.5824898465970856,-1.5824898465970856
10106,2025,0.0,1.5824898465970856,-1.5824898465970856
10107,2021,0.0,1.4501624822551882,-1.4501624822551882
10107,2022,6.741305103,1.4501624822551882,5.291142620744812
10107,2023,0.0,1.4501624822551882,-1.4501624822551882
10107,2024,0.0,1.4501624822551882,-1.4501624822551882
10107,2025,0.0,1.4501624822551882,-1.4501624822551882
10108,2021,3.740311628,1.03187454919019,2.70843707880981
10108,2022,4.875197323,1.03187454919019,3.84332277380981
10108,2023,0.0,1.03187454919019,-1.03187454919019
10108,2024,0.0,1.03187454919019,-1.03187454919019
10108,2025,0.0,1.03187454919019,-1.03187454919019
10109,2021,3.602415572,1.6917749818053658,1.9106405901946342
10109,2022,0.0,1.6917749818053658,-1.6917749818053658
10109,2023,0.0,1.6917749818053658,-1.6917749818053658
10109,2024,0.0,1.6917749818053658,-1.6917749818053658
10109,2025,0.0,1.6917749818053658,-1.6917749818053658
10110,2021,0.0,1.9101140944290498,-1.9101140944290498
10110,2022,0.0,1.9101140944290498,-1.9101140944290498
10110,2023,0.0,1.9101140944290498,-1.9101140944290498
10110,2024,0.0,1.9101140944290498,-1.9101140944290498
10110,2025,0.0,1.9101140944290498,-1.9101140944290498
10111,2021,8.721194697,1.2734436575138262,7.447751039486174
10111,2022,9.188304353,1.2734436575138262,7.9148606954861735
10111,2023,0.0,1.2734436575138262,-1.2734436575138262
10111,2024,0.0,1.2734436575138262,-1.2734436575138262
10111,2025,0.0,1.2734436575138262,-1.2734436575138262
10112,2021,4.618415413,1.3215005580718073,3.296914854928193
10112,2022,0.0,1.3215005580718073,-1.3215005580718073
10112,2023,0.0,1.3215005580718073,-1.3215005580718073
10112,2024,0.0,1.3215005580718073,-1.3215005580718073
10112,2025,0.0,1.3215005580718073,-1.3215005580718073
10113,2021,5.525452939,1.4327680171776052,4.092684921822395
10113,2022,0.0,1.4327680171776052,-1.4327680171776052
10113,2023,0.0,1.4327680171776052,-1.4327680171776052
10113,2024,0.0,1.4327680171776052,-1.4327680171776052
10113,2025,0.0,1.4327680171776052,-1.4327680171776052
10114,2021,6.308019243,1.6613911507173837,4.646628092282617
10114,2022,5.510477746,1.6613911507173837,3.8490865952826168
10114,2023,0.0,1.6613911507173837,-1.6613911507173837
10114,2024,0.0,1.6613911507173837,-1.6613911507173837
10114,2025,0.0,1.6613911507173837,-1.6613911507173837
10115,2021,0.0,1.4970972773382216,-1.4970972773382216
10115,2023,0.0,1.4970972773382216,-1.4970972773382216
10115,2024,0.0,1.4970972773382216,-1.4970972773382216
10115,2025,0.0,1.4970972773382216,-1.4970972773382216
10116,2021,0.0,1.5684880721508812,-1.5684880721508812
10116,2022,0.0,1.5684880721508812,-1.5684880721508812
10116,2023,0.0,1.5684880721508812,-1.5684880721508812
10116,2024,0.0,1.5684880721508812,-1.5684880721508812
10116,2025,0.0,1.5684880721508812,-1.5684880721508812
10117,2021,6.735304842,1.835699259308695,4.899605582691304
10117,2022,5.85220248,1.835699259308695,4.016503220691305
10117,2023,0.0,1.835699259308695,-1.835699259308695
10117,2024,0.0,1.835699259308695,-1.835699259308695
10117,2025,0.0,1.835699259308695,-1.835699259308695
10118,2021,0.0,1.215315833355074,-1.215315833355074
10118,2022,0.0,1.215315833355074,-1.215315833355074
10118,2023,0.0,1.215315833355074,-1.215315833355074
10118,2024,0.0,1.215315833355074,-1.215315833355074
10118,2025,0.0,1.215315833355074,-1.215315833355074
10119,2021,5.657738536,1.1610067723176598,4.49673176368234
10119,2022,0.0,1.1610067723176598,-1.1610067723176598
10119,2023,0.0,1.1610067723176598,-1.1610067723176598
10119,2024,0.0,1.1610067723176598,-1.1610067723176598
10119,2025,0.0,1.1610067723176598,-1.1610067723176598
10120,2021,6.204846321,1.5284753562695985,4.676370964730401
10120,2022,5.722222518,1.5284753562695985,4.193747161730402
10120,2023,0.0,1.5284753562695985,-1.5284753562695985
10120,2024,0.0,1.5284753562695985,-1.5284753562695985
10120,2025,0.0,1.5284753562695985,-1.5284753562695985
10121,2021,0.0,1.1015530514839555,-1.1015530514839555
10121,2022,0.0,1.1015530514839555,-1.1015530514839555
10121,2023,0.0,1.1015530514839555,-1.1015530514839555
10121,2024,0.0,1.1015530514839555,-1.1015530514839555
10121,2025,0.0,1.1015530514839555,-1.1015530514839555
10201,2021,10.51520395,2.4323158745359246,8.082888075464076
10201,2022,9.141207792,2.4323158745359246,6.708891917464075
10201,2023,0.0,2.4323158745359246,-2.4323158745359246
10201,2024,0.0,2.4323158745359246,-2.4323158745359246
10201,2025,0.0,2.4323158745359246,-2.4323158745359246
10202,2021,5.772408612,2.1183561025708664,3.654052509429134
10202,2022,6.301497019,2.1183561025708664,4.183140916429133
10202,2023,0.0,2.1183561025708664,-2.1183561025708664
10202,2024,0.0,2.1183561025708664,-2.1183561025708664
10202,2025,0.0,2.1183561025708664,-2.1183561025708664
10203,2021,0.0,1.2886607609633383,-1.2886607609633383
10203,2022,0.0,1.2886607609633383,-1.2886607609633383
10203,2023,0.0,1.2886607609633383,-1.2886607609633383
10203,2024,0.0,1.2886607609633383,-1.2886607609633383
10203,2025,0.0,1.2886607609633383,-1.2886607609633383
10204,2021,4.650047945,1.2619323473183026,3.388115597681697
10204,2022,0.0,1.2619323473183026,-1.2619323473183026
10204,2023,0.0,1.2619323473183026,-1.2619323473183026
10204,2024,0.0,1.2619323473183026,-1.2619323473183026
10204,2025,0.0,1.2619323473183026,-1.2619323473183026
10205,2021,5.45663162,1.6024955639990983,3.8541360560009013
10205,2022,6.248945973,1.6024955639990983,4.646450409000901
10205,2023,0.0,1.6024955639990983,-1.6024955639990983
10205,2024,0.0,1.6024955639990983,-1.6024955639990983
10205,2025,0.0,1.6024955639990983,-1.6024955639990983
10206,2021,0.0,1.6368961312180903,-1.6368961312180903
10206,2022,0.0,1.6368961312180903,-1.6368961312180903
10206,2023,0.0,1.6368961312180903,-1.6368961312180903
10206,2024,0.0,1.6368961312180903,-1.6368961312180903
10206,2025,0.0,1.6368961312180903,-1.6368961312180903
10301,2021,8.508530176,1.6399500764227108,6.86858009957729
10301,2022,7.76966022,1.6399500764227108,6.129710143577289
10301,2023,0.0,1.6399500764227108,-1.6399500764227108
10301,2024,0.0,1.6399500764227108,-1.6399500764227108
10301,2025,0.0,1.6399500764227108,-1.6399500764227108
10302,2021,0.0,1.0570749674421975,-1.0570749674421975
10302,2022,0.0,1.0570749674421975,-1.0570749674421975
10302,2023,0.0,1.0570749674421975,-1.0570749674421975
10302,2024,0.0,1.0570749674421975,-1.0570749674421975
10302,2025,0.0,1.0570749674421975,-1.0570749674421975
10303,2021,0.0,0.9520660022174103,-0.9520660022174103
10303,2022,0.0,0.9520660022174103,-0.9520660022174103
10303,2023,0.0,0.9520660022174103,-0.9520660022174103
10303,2024,0.0,0.9520660022174103,-0.9520660022174103
10303,2025,0.0,0.9520660022174103,-0.9520660022174103
10304,2021,5.809758186,1.4877664171579514,4.321991768842048
10304,2022,5.615153629,1.4877664171579514,4.1273872118420485
10304,2023,0.0,1.4877664171579514,-1.4877664171579514
10304,2024,0.0,1.4877664171579514,-1.4877664171579514
10304,2025,0.0,1.4877664171579514,-1.4877664171579514
10305,2021,2.189416395,1.51251555941243,0.6769008355875699
10305,2022,0.0,1.51251555941243,-1.51251555941243
10305,2023,0.0,1.51251555941243,-1.51251555941243
10305,2024,0.0,1.51251555941243,-1.51251555941243
10305,2025,0.0,1.51251555941243,-1.51251555941243
10306,2021,0.0,2.0283096088504324,-2.0283096088504324
10306,2022,0.0,2.0283096088504324,-2.0283096088504324
10306,2023,0.0,2.0283096088504324,-2.0283096088504324
10306,2024,0.0,2.0283096088504324,-2.0283096088504324
10306,2025,0.0,2.0283096088504324,-2.0283096088504324
10307,2021,0.0,2.050882955811952,-2.050882955811952
10307,2022,0.0,2.050882955811952,-2.050882955811952
10307,2023,0.0,2.050882955811952,-2.050882955811952
10307,2024,0.0,2.050882955811952,-2.050882955811952
10307,2025,0.0,2.050882955811952,-2.050882955811952
10308,2021,7.18860154,0.8253709420054758,6.363230597994524
10308,2022,4.912654886,0.8253709420054758,4.0872839439945245
10308,2023,0.0,0.8253709420054758,-0.8253709420054758
10308,2024,0.0,0.8253709420054758,-0.8253709420054758
10308,2025,0.0,0.8253709420054758,-0.8253709420054758
10309,2022,0.0,1.1561414090168194,-1.1561414090168194
10309,2023,0.0,1.1561414090168194,-1.1561414090168194
10309,2024,0.0,1.1561414090168194,-1.1561414090168194
10309,2025,0.0,1.1561414090168194,-1.1561414090168194
10310,2021,0.0,1.9676060129755555,-1.9676060129755555
10310,2022,0.0,1.9676060129755555,-1.9676060129755555
10310,2023,0.0,1.9676060129755555,-1.9676060129755555
10310,2024,0.0,1.9676060129755555,-1.9676060129755555
10310,2025,0.0,1.9676060129755555,-1.9676060129755555
10311,2021,6.865717268,1.485507584336052,5.380209683663948
10311,2022,6.69587617,1.485507584336052,5.210368585663948
10311,2023,0.0,1.485507584336052,-1.485507584336052
10311,2024,0.0,1.485507584336052,-1.485507584336052
10311,2025,0.0,1.485507584336052,-1.485507584336052
10312,2021,0.0,2.0607142179050126,-2.0607142179050126
10312,2022,2.953962861,2.0607142179050126,0.8932486430949873
10312,2023,0.0,2.0607142179050126,-2.0607142179050126
10312,2024,0.0,2.0607142179050126,-2.0607142179050126
10312,2025,0.0,2.0607142179050126,-2.0607142179050126
10401,2021,9.585625356,2.086616626803947,7.499008729196053
10401,2022,7.750520645,2.086616626803947,5.663904018196053
10401,2023,0.0,2.086616626803947,-2.086616626803947
10401,2024,0.0,2.086616626803947,-2.086616626803947
10401,2025,0.0,2.086616626803947,-2.086616626803947
10402,2021,5.763266225,1.7412686855314208,4.021997539468579
10402,2022,5.592259636,1.7412686855314208,3.850990950468579
10402,2023,0.0,1.7412686855314208,-1.7412686855314208
10402,2024,0.0,1.7412686855314208,-1.7412686855314208
10402,2025,0.0,1.7412686855314208,-1.7412686855314208
10403,2021,5.823309772,1.8557748011778876,3.967534970822112
10403,2022,5.810995642,1.8557748011778876,3.955220840822112
10403,2023,0.0,1.8557748011778876,-1.8557748011778876
10403,2024,0.0,1.8557748011778876,-1.8557748011778876
10403,2025,0.0,1.8557748011778876,-1.8557748011778876
10501,2021,7.233090129,1.781809804522559,5.451280324477441
10501,2022,7.320878525,1.781809804522559,5.539068720477442
10501,2023,0.0,1.781809804522559,-1.781809804522559
10501,2024,0.0,1.781809804522559,-1.781809804522559
10501,2025,0.0,1.781809804522559,-1.781809804522559
10502,2021,0.0,2.242269507292244,-2.242269507292244
10502,2022,0.0,2.242269507292244,-2.242269507292244
10502,2023,0.0,2.242269507292244,-2.242269507292244
10502,2024,0.0,2.242269507292244,-2.242269507292244
10502,2025,0.0,2.242269507292244,-2.242269507292244
10503,2021,6.203393939,2.337073604735255,3.8663203342647448
10503,2022,5.620400866,2.337073604735255,3.283327261264745
10503,2023,0.0,2.337073604735255,-2.337073604735255
10503,2024,0.0,2.337073604735255,-2.337073604735255
10503,2025,0.0,2.337073604735255,-2.337073604735255
10504,2021,4.333765177,2.4392710441751917,1.8944941328248084
10504,2022,4.098656241,2.4392710441751917,1.659385196824808
10504,2023,0.0,2.4392710441751917,-2.4392710441751917
10504,2024,0.0,2.4392710441751917,-2.4392710441751917
10504,2025,0.0,2.4392710441751917,-2.4392710441751917
10505,2021,0.0,1.5104476598043706,-1.5104476598043706
10505,2022,0.0,1.5104476598043706,-1.5104476598043706
10505,2023,0.0,1.5104476598043706,-1.5104476598043706
10505,2024,0.0,1.5104476598043706,-1.5104476598043706
10505,2025,0.0,1.5104476598043706,-1.5104476598043706
10506,2021,6.03068526,1.0753404719532655,4.955344788046735
10506,2022,0.0,1.0753404719532655,-1.0753404719532655
10506,2023,0.0,1.0753404719532655,-1.0753404719532655
10506,2024,0.0,1.0753404719532655,-1.0753404719532655
10506,2025,0.0,1.0753404719532655,-1.0753404719532655
10507,2021,6.176560031,2.455892703047393,3.720667327952607
10507,2022,6.997672153,2.455892703047393,4.541779449952607
10507,2023,0.0,2.455892703047393,-2.455892703047393
10507,2024,0.0,2.455892703047393,-2.455892703047393
10507,2025,0.0,2.455892703047393,-2.455892703047393
10508,2021,6.431331082,1.4225065496234663,5.008824532376534
10508,2022,8.331104548,1.4225065496234663,6.908597998376535
10508,2023,0.0,1.4225065496234663,-1.4225065496234663
10508,2024,0.0,1.4225065496234663,-1.4225065496234663
10508,2025,0.0,1.4225065496234663,-1.4225065496234663
10509,2021,5.121977881,2.3206219650353517,2.8013559159646486
10509,2022,0.0,2.3206219650353517,-2.3206219650353517
10509,2023,0.0,2.3206219650353517,-2.3206219650353517
10509,2024,0.0,2.3206219650353517,-2.3206219650353517
10509,2025,0.0,2.3206219650353517,-2.3206219650353517
10510,2021,0.0,1.030061979422726,-1.030061979422726
10510,2022,5.681877639,1.030061979422726,4.651815659577274
10510,2023,0.0,1.030061979422726,-1.030061979422726
10510,2024,0.0,1.030061979422726,-1.030061979422726
10510,2025,0.0,1.030061979422726,-1.030061979422726
10511,2021,8.755688696,2.111272852007435,6.644415843992565
10511,2022,10.24716334,2.111272852007435,8.135890487992565
10511,2023,0.0,2.111272852007435,-2.111272852007435
10511,2024,0.0,2.111272852007435,-2.111272852007435
10511,2025,0.0,2.111272852007435,-2.111272852007435
10512,2021,8.005569471,1.9009318121538386,6.104637658846161
10512,2022,3.972697689,1.9009318121538386,2.071765876846161
10512,2023,0.0,1.9009318121538386,-1.9009318121538386
10512,2024,0.0,1.9009318121538386,-1.9009318121538386
10512,2025,0.0,1.9009318121538386,-1.9009318121538386
10513,2021,5.936678317,2.354240387411774,3.582437929588226
10513,2022,7.533751004,2.354240387411774,5.179510616588226
10513,2023,0.0,2.354240387411774,-2.354240387411774
10513,2024,0.0,2.354240387411774,-2.354240387411774
10513,2025,0.0,2.354240387411774,-2.354240387411774
10514,2021,7.333991111,2.41327022601603,4.92072088498397
10514,2022,7.68124411,2.41327022601603,5.26797388398397
10514,2023,0.0,2.41327022601603,-2.41327022601603
10514,2024,0.0,2.41327022601603,-2.41327022601603
10514,2025,0.0,2.41327022601603,-2.41327022601603
10515,2021,6.677335319,1.987513547072267,4.689821771927733
10515,2022,6.732528495,1.987513547072267,4.745014947927734
10515,2023,0.0,1.987513547072267,-1.987513547072267
10515,2024,0.0,1.987513547072267,-1.987513547072267
10515,2025,0.0,1.987513547072267,-1.987513547072267
10516,2021,8.294299609,2.062409277929739,6.231890331070261
10516,2022,0.0,2.062409277929739,-2.062409277929739
10516,2023,0.0,2.062409277929739,-2.062409277929739
10516,2024,0.0,2.062409277929739,-2.062409277929739
10516,2025,0.0,2.062409277929739,-2.062409277929739
10517,2021,0.0,1.6116246911325967,-1.6116246911325967
10517,2022,0.0,1.6116246911325967,-1.6116246911325967
10517,2023,0.0,1.6116246911325967,-1.6116246911325967
10517,2024,0.0,1.6116246911325967,-1.6116246911325967
10517,2025,0.0,1.6116246911325967,-1.6116246911325967
10518,2021,8.371936179,1.3642785442619751,7.007657634738026
10518,2022,6.64118217,1.3642785442619751,5.276903625738026
10518,2023,0.0,1.3642785442619751,-1.3642785442619751
10518,2024,0.0,1.3642785442619751,-1.3642785442619751
10518,2025,0.0,1.3642785442619751,-1.3642785442619751
10519,2021,6.431934764,1.601738045446673,4.830196718553327
10519,2022,5.583496309,1.601738045446673,3.981758263553327
10519,2023,0.0,1.601738045446673,-1.601738045446673
10519,2024,0.0,1.601738045446673,-1.601738045446673
10519,2025,0.0,1.601738045446673,-1.601738045446673
10520,2021,6.683756099,1.712454519144873,4.971301579855127
10520,2022,6.08430957,1.712454519144873,4.371855050855127
10520,2023,0.0,1.712454519144873,-1.712454519144873
10520,2024,0.0,1.712454519144873,-1.712454519144873
10520,2025,0.0,1.712454519144873,-1.712454519144873
10521,2021,9.786645807,2.2313463532936866,7.555299453706313
10521,2022,7.153021539,2.2313463532936866,4.921675185706313
10521,2023,0.0,2.2313463532936866,-2.2313463532936866
10521,2024,0.0,2.2313463532936866,-2.2313463532936866
10521,2025,0.0,2.2313463532936866,-2.2313463532936866
10522,2021,0.0,1.5059127419796023,-1.5059127419796023
10522,2022,0.0,1.5059127419796023,-1.5059127419796023
10522,2023,0.0,1.5059127419796023,-1.5059127419796023
10522,2024,0.0,1.5059127419796023,-1.5059127419796023
10522,2025,0.0,1.5059127419796023,-1.5059127419796023
10523,2021,4.91435028,1.411407075059288,3.5029432049407117
10523,2022,0.0,1.411407075059288,-1.411407075059288
10523,2023,0.0,1.411407075059288,-1.411407075059288
10523,2024,0.0,1.411407075059288,-1.411407075059288
10523,2025,0.0,1.411407075059288,-1.411407075059288
10601,2021,0.0,2.040119682926665,-2.040119682926665
10601,2022,3.924265223,2.040119682926665,1.8841455400733351
10601,2023,0.0,2.040119682926665,-2.040119682926665
10601,2024,0.0,2.040119682926665,-2.040119682926665
10601,2025,0.0,2.040119682926665,-2.040119682926665
10602,2021,7.1819721,1.8054034361414621,5.376568663858539
10602,2022,4.362439501,1.8054034361414621,2.5570360648585377
10602,2023,0.0,1.8054034361414621,-1.8054034361414621
10602,2024,0.0,1.8054034361414621,-1.8054034361414621
10602,2025,0.0,1.8054034361414621,-1.8054034361414621
10603,2021,0.0,1.412083318744028,-1.412083318744028
10603,2022,0.0,1.412083318744028,-1.412083318744028
10603,2023,0.0,1.412083318744028,-1.412083318744028
10603,2024,0.0,1.412083318744028,-1.412083318744028
10603,2025,0.0,1.412083318744028,-1.412083318744028
10604,2021,6.642921301,1.6175541005347849,5.025367200465215
10604,2022,7.519366972,1.6175541005347849,5.901812871465215
10604,2023,0.0,1.6175541005347849,-1.6175541005347849
10604,2024,0.0,1.6175541005347849,-1.6175541005347849
10604,2025,0.0,1.6175541005347849,-1.6175541005347849
10605,2021,8.000445304,1.6896105448994327,6.310834759100567
10605,2022,8.051717477,1.6896105448994327,6.362106932100568
10605,2023,0.0,1.6896105448994327,-1.6896105448994327
10605,2024,0.0,1.6896105448994327,-1.6896105448994327
10605,2025,0.0,1.6896105448994327,-1.6896105448994327
10606,2021,0.0,1.798191100680055,-1.798191100680055
10606,2022,4.559126247,1.798191100680055,2.760935146319945
10606,2023,0.0,1.798191100680055,-1.798191100680055
10606,2024,0.0,1.798191100680055,-1.798191100680055
10606,2025,0.0,1.798191100680055,-1.798191100680055
10607,2021,0.0,1.7005274095132001,-1.7005274095132001
10607,2022,0.0,1.7005274095132001,-1.7005274095132001
10607,2023,0.0,1.7005274095132001,-1.7005274095132001
10607,2024,0.0,1.7005274095132001,-1.7005274095132001
10607,2025,0.0,1.7005274095132001,-1.7005274095132001
10608,2021,3.00000883,1.7597541631824842,1.2402546668175158
10608,2022,0.0,1.7597541631824842,-1.7597541631824842
10608,2023,0.0,1.7597541631824842,-1.7597541631824842
10608,2024,0.0,1.7597541631824842,-1.7597541631824842
10608,2025,0.0,1.7597541631824842,-1.7597541631824842
10609,2021,5.73667771,1.908856496113716,3.8278212138862844
10609,2022,6.625129682,1.908856496113716,4.716273185886283
10609,2023,0.0,1.908856496113716,-1.908856496113716
10609,2024,0.0,1.908856496113716,-1.908856496113716
10609,2025,0.0,1.908856496113716,-1.908856496113716
10610,2021,8.560846374,1.6336411308770318,6.927205243122969
10610,2023,0.0,1.6336411308770318,-1.6336411308770318
10610,2024,0.0,1.6336411308770318,-1.6336411308770318
10610,2025,0.0,1.6336411308770318,-1.6336411308770318
10611,2021,8.371936179,1.632201484464119,6.739734694535882
10611,2023,0.0,1.632201484464119,-1.632201484464119
10611,2024,0.0,1.632201484464119,-1.632201484464119
10611,2025,0.0,1.632201484464119,-1.632201484464119
10612,2021,6.195493235,1.5978075860905676,4.597685648909432
10612,2022,6.038224433,1.5978075860905676,4.440416846909432
10612,2023,0.0,1.5978075860905676,-1.5978075860905676
10612,2024,0.0,1.5978075860905676,-1.5978075860905676
10612,2025,0.0,1.5978075860905676,-1.5978075860905676
10701,2021,10.36879687,3.110646166389993,7.258150703610008
10701,2022,7.947036744,3.110646166389993,4.836390577610008
10701,2023,0.0,3.110646166389993,-3.110646166389993
10701,2024,0.0,3.110646166389993,-3.110646166389993
10701,2025,0.0,3.110646166389993,-3.110646166389993
10702,2021,6.237326776,1.9464396408639375,4.290887135136062
10702,2022,6.645007766,1.9464396408639375,4.698568125136062
10702,2023,0.0,1.9464396408639375,-1.9464396408639375
10702,2024,0.0,1.9464396408639375,-1.9464396408639375
10702,2025,0.0,1.9464396408639375,-1.9464396408639375
10703,2021,0.0,1.611025262351576,-1.611025262351576
10703,2022,0.884874536,1.611025262351576,-0.726150726351576
10703,2023,0.0,1.611025262351576,-1.611025262351576
10703,2024,0.0,1.611025262351576,-1.611025262351576
10703,2025,0.0,1.611025262351576,-1.611025262351576
10704,2021,0.0,1.1037893752361105,-1.1037893752361105
10704,2022,0.0,1.1037893752361105,-1.1037893752361105
10704,2023,0.0,1.1037893752361105,-1.1037893752361105
10704,2024,0.0,1.1037893752361105,-1.1037893752361105
10704,2025,0.0,1.1037893752361105,-1.1037893752361105
10705,2021,6.560355203,1.9618384081391658,4.598516794860835
10705,2022,7.296309915,1.9618384081391658,5.334471506860835
10705,2023,0.0,1.9618384081391658,-1.9618384081391658
10705,2024,0.0,1.9618384081391658,-1.9618384081391658
10705,2025,0.0,1.9618384081391658,-1.9618384081391658
10706,2021,6.096441293,2.208972248213844,3.887469044786156
10706,2022,6.241774955,2.208972248213844,4.032802706786157
10706,2023,0.0,2.208972248213844,-2.208972248213844
10706,2024,0.0,2.208972248213844,-2.208972248213844
10706,2025,0.0,2.208972248213844,-2.208972248213844
10707,2021,8.73046263,1.932488477686203,6.797974152313797
10707,2022,8.196558083,1.932488477686203,6.2640696053137965
10707,2023,0.0,1.932488477686203,-1.932488477686203
10707,2024,0.0,1.932488477686203,-1.932488477686203
10707,2025,0.0,1.932488477686203,-1.932488477686203
20101,2021,8.76874201,2.780314609775509,5.9884274002244915
20101,2022,7.956975711,2.780314609775509,5.176661101224491
20101,2023,0.0,2.780314609775509,-2.780314609775509
20101,2024,0.0,2.780314609775509,-2.780314609775509
20101,2025,0.0,2.780314609775509,-2.780314609775509
20102,2021,7.228718256,1.8573317822721203,5.371386473727879
20102,2022,6.742318933,1.8573317822721203,4.88498715072788
20102,2023,0.0,1.8573317822721203,-1.8573317822721203
20102,2024,0.0,1.8573317822721203,-1.8573317822721203
20102,2025,0.0,1.8573317822721203,-1.8573317822721203
20103,2022,7.788329019,0.9573890452934625,6.8309399737065375
20103,2023,0.0,0.9573890452934625,-0.9573890452934625
20103,2024,0.0,0.9573890452934625,-0.9573890452934625
20103,2025,0.0,0.9573890452934625,-0.9573890452934625
20104,2021,7.273439517,1.7327781289912307,5.540661388008769
20104,2022,6.367615268,1.7327781289912307,4.634837139008769
20104,2023,0.0,1.7327781289912307,-1.7327781289912307
20104,2024,0.0,1.7327781289912307,-1.7327781289912307
20104,2025,0.0,1.7327781289912307,-1.7327781289912307
20105,2021,5.764136584,3.379380411705446,2.384756172294554
20105,2022,5.787416705,3.379380411705446,2.408036293294554
20105,2023,0.0,3.379380411705446,-3.379380411705446
20105,2024,0.0,3.379380411705446,-3.379380411705446
20105,2025,0.0,3.379380411705446,-3.379380411705446
20106,2021,0.0,1.8475042143182048,-1.8475042143182048
20106,2022,0.0,1.8475042143182048,-1.8475042143182048
20106,2023,0.0,1.8475042143182048,-1.8475042143182048
20106,2024,0.0,1.8475042143182048,-1.8475042143182048
20106,2025,0.0,1.8475042143182048,-1.8475042143182048
20107,2021,7.434405038,1.3238946506013172,6.1105103873986835
20107,2022,7.284306377,1.3238946506013172,5.960411726398683
20107,2023,0.0,1.3238946506013172,-1.3238946506013172
20107,2024,0.0,1.3238946506013172,-1.3238946506013172
20107,2025,0.0,1.3238946506013172,-1.3238946506013172
20108,2021,5.525452939,1.8297274239289796,3.6957255150710204
20108,2022,0.0,1.8297274239289796,-1.8297274239289796
20108,2023,0.0,1.8297274239289796,-1.8297274239289796
20108,2024,0.0,1.8297274239289796,-1.8297274239289796
20108,2025,0.0,1.8297274239289796,-1.8297274239289796
20109,2021,8.501233172,1.6486154765278869,6.852617695472112
20109,2022,5.84161018,1.6486154765278869,4.192994703472113
20109,2023,0.0,1.6486154765278869,-1.6486154765278869
20109,2024,0.0,1.6486154765278869,-1.6486154765278869
20109,2025,0.0,1.6486154765278869,-1.6486154765278869
20110,2021,6.008796805,2.0836412192955627,3.9251555857044376
20110,2022,5.836559641,2.0836412192955627,3.7529184217044373
20110,2023,0.0,2.0836412192955627,-2.0836412192955627
20110,2024,0.0,2.0836412192955627,-2.0836412192955627
20110,2025,0.0,2.0836412192955627,-2.0836412192955627
20111,2021,7.453892888,1.844507296293612,5.609385591706388
20111,2022,6.963426476,1.844507296293612,5.118919179706388
20111,2023,0.0,1.844507296293612,-1.844507296293612
20111,2024,0.0,1.844507296293612,-1.844507296293612
20111,2025,0.0,1.844507296293612,-1.844507296293612
20112,2021,5.87694541,1.7000938223185817,4.176851587681418
20112,2022,5.509502092,1.7000938223185817,3.809408269681418
20112,2023,0.0,1.7000938223185817,-1.7000938223185817
20112,2024,0.0,1.7000938223185817,-1.7000938223185817
20112,2025,0.0,1.7000938223185817,-1.7000938223185817
20201,2021,0.0,1.1531033312836199,-1.1531033312836199
20201,2022,0.0,1.1531033312836199,-1.1531033312836199
20201,2023,0.0,1.1531033312836199,-1.1531033312836199
20201,2024,0.0,1.1531033312836199,-1.1531033312836199
20201,2025,0.0,1.1531033312836199,-1.1531033312836199
20202,2021,6.219019407,1.5642331990706808,4.65478620792932
20202,2022,6.316740802,1.5642331990706808,4.752507602929319
20202,2023,0.0,1.5642331990706808,-1.5642331990706808
20202,2024,0.0,1.5642331990706808,-1.5642331990706808
20202,2025,0.0,1.5642331990706808,-1.5642331990706808
20203,2021,0.0,1.2263922235381899,-1.2263922235381899
20203,2022,0.0,1.2263922235381899,-1.2263922235381899
20203,2023,0.0,1.2263922235381899,-1.2263922235381899
20203,2024,0.0,1.2263922235381899,-1.2263922235381899
20203,2025,0.0,1.2263922235381899,-1.2263922235381899
20204,2021,6.391246872,1.1960869883230514,5.195159883676949
20204,2022,6.369387152,1.1960869883230514,5.173300163676949
20204,2023,0.0,1.1960869883230514,-1.1960869883230514
20204,2024,0.0,1.1960869883230514,-1.1960869883230514
20204,2025,0.0,1.1960869883230514,-1.1960869883230514
20205,2021,0.0,1.0078731857203986,-1.0078731857203986
20205,2022,0.0,1.0078731857203986,-1.0078731857203986
20205,2023,0.0,1.0078731857203986,-1.0078731857203986
20205,2024,0.0,1.0078731857203986,-1.0078731857203986
20205,2025,0.0,1.0078731857203986,-1.0078731857203986
20301,2021,0.0,1.2594581369952502,-1.2594581369952502
20301,2022,0.0,1.2594581369952502,-1.2594581369952502
20301,2023,0.0,1.2594581369952502,-1.2594581369952502
20301,2024,0.0,1.2594581369952502,-1.2594581369952502
20301,2025,0.0,1.2594581369952502,-1.2594581369952502
20302,2021,9.252145723,1.6975849786318578,7.554560744368143
20302,2022,0.0,1.6975849786318578,-1.6975849786318578
20302,2023,0.0,1.6975849786318578,-1.6975849786318578
20302,2024,0.0,1.6975849786318578,-1.6975849786318578
20302,2025,0.0,1.6975849786318578,-1.6975849786318578
20303,2021,6.499160278,1.421493405094148,5.077666872905851
20303,2022,5.600776088,1.421493405094148,4.179282682905852
20303,2023,0.0,1.421493405094148,-1.421493405094148
20303,2024,0.0,1.421493405094148,-1.421493405094148
20303,2025,0.0,1.421493405094148,-1.421493405094148
20304,2021,0.0,1.9811626163688802,-1.9811626163688802
20304,2022,0.0,1.9811626163688802,-1.9811626163688802
20304,2023,0.0,1.9811626163688802,-1.9811626163688802
20304,2024,0.0,1.9811626163688802,-1.9811626163688802
20304,2025,0.0,1.9811626163688802,-1.9811626163688802
20305,2021,7.811452721,2.2042104779748253,5.6072422430251745
20305,2022,6.133542646,2.2042104779748253,3.929332168025175
20305,2023,0.0,2.2042104779748253,-2.2042104779748253
20305,2024,0.0,2.2042104779748253,-2.2042104779748253
20305,2025,0.0,2.2042104779748253,-2.2042104779748253
20306,2021,6.130228549,0.856879870064264,5.273348678935736
20306,2022,7.319423331,0.856879870064264,6.462543460935736
20306,2023,0.0,0.856879870064264,-0.856879870064264
20306,2024,0.0,0.856879870064264,-0.856879870064264
20306,2025,0.0,0.856879870064264,-0.856879870064264
20401,2021,0.0,2.1684321112228444,-2.1684321112228444
20401,2022,0.0,2.1684321112228444,-2.1684321112228444
20401,2023,0.0,2.1684321112228444,-2.1684321112228444
20401,2024,0.0,2.1684321112228444,-2.1684321112228444
20401,2025,0.0,2.1684321112228444,-2.1684321112228444
20402,2021,6.744893153,2.088167881380803,4.656725271619196
20402,2022,5.274229571,2.088167881380803,3.1860616896191973
20402,2023,0.0,2.088167881380803,-2.088167881380803
20402,2024,0.0,2.088167881380803,-2.088167881380803
20402,2025,0.0,2.088167881380803,-2.088167881380803
20501,2021,0.0,2.0470871878502357,-2.0470871878502357
20501,2022,0.0,2.0470871878502357,-2.0470871878502357
20501,2023,0.0,2.0470871878502357,-2.0470871878502357
20501,2024,0.0,2.0470871878502357,-2.0470871878502357
20501,2025,0.0,2.0470871878502357,-2.0470871878502357
20502,2021,0.0,0.5931562592839341,-0.5931562592839341
20502,2022,0.0,0.5931562592839341,-0.5931562592839341
20502,2023,0.0,0.5931562592839341,-0.5931562592839341
20502,2024,0.0,0.5931562592839341,-0.5931562592839341
20502,2025,0.0,0.5931562592839341,-0.5931562592839341
20503,2021,8.513297613,1.1009562885963522,7.4123413244036485
20503,2022,8.726416301,1.1009562885963522,7.625460012403648
20503,2023,0.0,1.1009562885963522,-1.1009562885963522
20503,2024,0.0,1.1009562885963522,-1.1009562885963522
20503,2025,0.0,1.1009562885963522,-1.1009562885963522
20504,2021,0.0,1.3567925254896442,-1.3567925254896442
20504,2022,0.0,1.3567925254896442,-1.3567925254896442
20504,2023,0.0,1.3567925254896442,-1.3567925254896442
20504,2024,0.0,1.3567925254896442,-1.3567925254896442
20504,2025,0.0,1.3567925254896442,-1.3567925254896442
20505,2021,0.0,1.0026125997970736,-1.0026125997970736
20505,2022,0.0,1.0026125997970736,-1.0026125997970736
20505,2023,0.0,1.0026125997970736,-1.0026125997970736
20505,2024,0.0,1.0026125997970736,-1.0026125997970736
20505,2025,0.0,1.0026125997970736,-1.0026125997970736
20506,2021,0.0,1.317196485858723,-1.317196485858723
20506,2022,0.0,1.317196485858723,-1.317196485858723
20506,2023,0.0,1.317196485858723,-1.317196485858723
20506,2024,0.0,1.317196485858723,-1.317196485858723
20506,2025,0.0,1.317196485858723,-1.317196485858723
20507,2021,0.0,1.6622795436602196,-1.6622795436602196
20507,2022,3.546284555,1.6622795436602196,1.8840050113397806
20507,2023,0.0,1.6622795436602196,-1.6622795436602196
20507,2024,0.0,1.6622795436602196,-1.6622795436602196
20507,2025,0.0,1.6622795436602196,-1.6622795436602196
20508,2021,0.0,1.6170522762455561,-1.6170522762455561
20508,2022,6.065382769,1.6170522762455561,4.448330492754444
20508,2023,0.0,1.6170522762455561,-1.6170522762455561
20508,2024,0.0,1.6170522762455561,-1.6170522762455561
20508,2025,0.0,1.6170522762455561,-1.6170522762455561
20509,2021,0.0,1.4680355133080691,-1.4680355133080691
20509,2022,0.0,1.4680355133080691,-1.4680355133080691
20509,2023,0.0,1.4680355133080691,-1.4680355133080691
20509,2024,0.0,1.4680355133080691,-1.4680355133080691
20509,2025,0.0,1.4680355133080691,-1.4680355133080691
20510,2021,9.481241478,1.1700203724787142,8.311221105521286
20510,2022,6.94086763,1.1700203724787142,5.770847257521286
20510,2023,0.0,1.1700203724787142,-1.1700203724787142
20510,2024,0.0,1.1700203724787142,-1.1700203724787142
20510,2025,0.0,1.1700203724787142,-1.1700203724787142
20511,2021,0.0,0.5076628569795876,-0.5076628569795876
20511,2022,8.56889069,0.5076628569795876,8.061227833020412
20511,2023,0.0,0.5076628569795876,-0.5076628569795876
20511,2024,0.0,0.5076628569795876,-0.5076628569795876
20511,2025,0.0,0.5076628569795876,-0.5076628569795876
20512,2021,0.0,1.0427806786616307,-1.0427806786616307
20512,2022,0.0,1.0427806786616307,-1.0427806786616307
20512,2023,0.0,1.0427806786616307,-1.0427806786616307
20512,2024,0.0,1.0427806786616307,-1.0427806786616307
20512,2025,0.0,1.0427806786616307,-1.0427806786616307
20513,2021,0.0,0.9225645169471639,-0.9225645169471639
20513,2022,0.0,0.9225645169471639,-0.9225645169471639
20513,2023,0.0,0.9225645169471639,-0.9225645169471639
20513,2024,0.0,0.9225645169471639,-0.9225645169471639
20513,2025,0.0,0.9225645169471639,-0.9225645169471639
20514,2021,0.0,0.4907103692813484,-0.4907103692813484
20514,2022,3.297687005,0.4907103692813484,2.806976635718651
20514,2023,0.0,0.4907103692813484,-0.4907103692813484
20514,2024,0.0,0.4907103692813484,-0.4907103692813484
20514,2025,0.0,0.4907103692813484,-0.4907103692813484
20515,2021,9.969488073,0.6184824013380879,9.351005671661913
20515,2022,0.0,0.6184824013380879,-0.6184824013380879
20515,2023,0.0,0.6184824013380879,-0.6184824013380879
20515,2024,0.0,0.6184824013380879,-0.6184824013380879
20515,2025,0.0,0.6184824013380879,-0.6184824013380879
20601,2021,3.370961822,2.4311068063006016,0.9398550156993983
20601,2022,0.0,2.4311068063006016,-2.4311068063006016
20601,2023,0.0,2.4311068063006016,-2.4311068063006016
20601,2024,0.0,2.4311068063006016,-2.4311068063006016
20601,2025,0.0,2.4311068063006016,-2.4311068063006016
20602,2021,6.808537474,1.5422888626924094,5.266248611307591
20602,2022,6.946426391,1.5422888626924094,5.404137528307591
20602,2023,0.0,1.5422888626924094,-1.5422888626924094
20602,2024,0.0,1.5422888626924094,-1.5422888626924094
20602,2025,0.0,1.5422888626924094,-1.5422888626924094
20603,2021,0.0,1.0496905540121046,-1.0496905540121046
20603,2022,5.208492117,1.0496905540121046,4.158801562987895
20603,2023,0.0,1.0496905540121046,-1.0496905540121046
20603,2024,0.0,1.0496905540121046,-1.0496905540121046
20603,2025,0.0,1.0496905540121046,-1.0496905540121046
20604,2021,5.364381712,1.8212776620829607,3.5431040499170394
20604,2022,5.65325643,1.8212776620829607,3.831978767917039
20604,2023,0.0,1.8212776620829607,-1.8212776620829607
20604,2024,0.0,1.8212776620829607,-1.8212776620829607
20604,2025,0.0,1.8212776620829607,-1.8212776620829607
20605,2021,6.253041789,1.096240358257014,5.156801430742986
20605,2022,6.436760683,1.096240358257014,5.340520324742986
20605,2023,0.0,1.096240358257014,-1.096240358257014
20605,2024,0.0,1.096240358257014,-1.096240358257014
20605,2025,0.0,1.096240358257014,-1.096240358257014
20606,2021,0.0,2.339860047173545,-2.339860047173545
20606,2022,0.0,2.339860047173545,-2.339860047173545
20606,2023,0.0,2.339860047173545,-2.339860047173545
20606,2024,0.0,2.339860047173545,-2.339860047173545
20606,2025,0.0,2.339860047173545,-2.339860047173545
20607,2021,0.0,1.42133115239759,-1.42133115239759
20607,2022,0.0,1.42133115239759,-1.42133115239759
20607,2023,0.0,1.42133115239759,-1.42133115239759
20607,2024,0.0,1.42133115239759,-1.42133115239759
20607,2025,0.0,1.42133115239759,-1.42133115239759
20608,2021,6.243252719,1.9299106723252828,4.313342046674717
20608,2022,6.148382822,1.9299106723252828,4.218472149674717
20608,2023,0.0,1.9299106723252828,-1.9299106723252828
20608,2024,0.0,1.9299106723252828,-1.9299106723252828
20608,2025,0.0,1.9299106723252828,-1.9299106723252828
20609,2021,5.534377143,1.656201046736762,3.878176096263238
20609,2022,4.893079505,1.656201046736762,3.236878458263238
20609,2023,0.0,1.656201046736762,-1.656201046736762
20609,2024,0.0,1.656201046736762,-1.656201046736762
20609,2025,0.0,1.656201046736762,-1.656201046736762
20610,2021,7.019875251,1.3430488802731848,5.676826370726816
20610,2022,4.254824377,1.3430488802731848,2.9117754967268157
20610,2023,0.0,1.3430488802731848,-1.3430488802731848
20610,2024,0.0,1.3430488802731848,-1.3430488802731848
20610,2025,0.0,1.3430488802731848,-1.3430488802731848
20611,2021,6.405140948,1.4526462115886654,4.952494736411334
20611,2022,6.12741266,1.4526462115886654,4.674766448411335
20611,2023,0.0,1.4526462115886654,-1.4526462115886654
20611,2024,0.0,1.4526462115886654,-1.4526462115886654
20611,2025,0.0,1.4526462115886654,-1.4526462115886654
20701,2021,0.0,2.6125430389164688,-2.6125430389164688
20701,2022,5.993961427,2.6125430389164688,3.3814183880835316
20701,2023,0.0,2.6125430389164688,-2.6125430389164688
20701,2024,0.0,2.6125430389164688,-2.6125430389164688
20701,2025,0.0,2.6125430389164688,-2.6125430389164688
20702,2021,8.024928478,2.0852633845454163,5.939665093454583
20702,2022,5.722604229,2.0852633845454163,3.6373408444545836
20702,2023,0.0,2.0852633845454163,-2.0852633845454163
20702,2024,0.0,2.0852633845454163,-2.0852633845454163
20702,2025,0.0,2.0852633845454163,-2.0852633845454163
20703,2021,6.575754364,2.3521724194642437,4.223581944535756
20703,2022,5.999801789,2.3521724194642437,3.6476293695357564
20703,2023,0.0,2.3521724194642437,-2.3521724194642437
20703,2024,0.0,2.3521724194642437,-2.3521724194642437
20703,2025,0.0,2.3521724194642437,-2.3521724194642437
20801,2021,5.417837339,1.4648455910551523,3.9529917479448478
20801,2022,5.573306206,1.4648455910551523,4.108460614944848
20801,2023,0.0,1.4648455910551523,-1.4648455910551523
20801,2024,0.0,1.4648455910551523,-1.4648455910551523
20801,2025,0.0,1.4648455910551523,-1.4648455910551523
20802,2021,0.0,0.6622859687236496,-0.6622859687236496
20802,2022,0.0,0.6622859687236496,-0.6622859687236496
20802,2023,0.0,0.6622859687236496,-0.6622859687236496
20802,2024,0.0,0.6622859687236496,-0.6622859687236496
20802,2025,0.0,0.6622859687236496,-0.6622859687236496
20803,2021,0.0,0.9859006095544708,-0.9859006095544708
20803,2022,0.0,0.9859006095544708,-0.9859006095544708
20803,2023,0.0,0.9859006095544708,-0.9859006095544708
20803,2024,0.0,0.9859006095544708,-0.9859006095544708
20803,2025,0.0,0.9859006095544708,-0.9859006095544708
20804,2021,0.0,1.2916528644902834,-1.2916528644902834
20804,2022,0.0,1.2916528644902834,-1.2916528644902834
20804,2023,0.0,1.2916528644902834,-1.2916528644902834
20804,2024,0.0,1.2916528644902834,-1.2916528644902834
20804,2025,0.0,1.2916528644902834,-1.2916528644902834
20901,2021,0.0,1.0336993964554346,-1.0336993964554346
20901,2022,0.0,1.0336993964554346,-1.0336993964554346
20901,2023,0.0,1.0336993964554346,-1.0336993964554346
20901,2024,0.0,1.0336993964554346,-1.0336993964554346
20901,2025,0.0,1.0336993964554346,-1.0336993964554346
20902,2021,0.0,0.899392148166263,-0.899392148166263
20902,2022,0.0,0.899392148166263,-0.899392148166263
20902,2023,0.0,0.899392148166263,-0.899392148166263
20902,2024,0.0,0.899392148166263,-0.899392148166263
20902,2025,0.0,0.899392148166263,-0.899392148166263
20903,2021,0.0,0.328306314604073,-0.328306314604073
20903,2022,0.0,0.328306314604073,-0.328306314604073
20903,2023,0.0,0.328306314604073,-0.328306314604073
20903,2024,0.0,0.328306314604073,-0.328306314604073
20903,2025,0.0,0.328306314604073,-0.328306314604073
20904,2021,0.0,1.3552681440668337,-1.3552681440668337
20904,2022,0.0,1.3552681440668337,-1.3552681440668337
20904,2023,0.0,1.3552681440668337,-1.3552681440668337
20904,2024,0.0,1.3552681440668337,-1.3552681440668337
20904,2025,0.0,1.3552681440668337,-1.3552681440668337
20905,2021,0.0,0.6526029254670447,-0.6526029254670447
20905,2022,0.0,0.6526029254670447,-0.6526029254670447
20905,2023,0.0,0.6526029254670447,-0.6526029254670447
20905,2024,0.0,0.6526029254670447,-0.6526029254670447
20905,2025,0.0,0.6526029254670447,-0.6526029254670447
20906,2021,5.522793363,1.3382194381489232,4.184573924851077
20906,2022,4.615120517,1.3382194381489232,3.2769010788510773
20906,2023,0.0,1.3382194381489232,-1.3382194381489232
20906,2024,0.0,1.3382194381489232,-1.3382194381489232
20906,2025,0.0,1.3382194381489232,-1.3382194381489232
20907,2021,0.0,0.03891902122960527,-0.03891902122960527
20907,2022,0.0,0.03891902122960527,-0.03891902122960527
20907,2023,0.0,0.03891902122960527,-0.03891902122960527
20907,2024,0.0,0.03891902122960527,-0.03891902122960527
20907,2025,0.0,0.03891902122960527,-0.03891902122960527
21001,2021,10.62469287,2.184540288383663,8.440152581616339
21001,2022,8.191847152,2.184540288383663,6.0073068636163365
21001,2023,0.0,2.184540288383663,-2.184540288383663
21001,2024,0.0,2.184540288383663,-2.184540288383663
21001,2025,0.0,2.184540288383663,-2.184540288383663
21002,2021,6.400718764,1.4546543690173026,4.946064394982697
21002,2022,8.901625218,1.4546543690173026,7.446970848982697
21002,2023,0.0,1.4546543690173026,-1.4546543690173026
21002,2024,0.0,1.4546543690173026,-1.4546543690173026
21002,2025,0.0,1.4546543690173026,-1.4546543690173026
21003,2021,5.086309499,2.1019116725657128,2.9843978264342876
21003,2022,5.376614963,2.1019116725657128,3.274703290434287
21003,2023,0.0,2.1019116725657128,-2.1019116725657128
21003,2024,0.0,2.1019116725657128,-2.1019116725657128
21003,2025,0.0,2.1019116725657128,-2.1019116725657128
21004,2021,8.96187714,2.3994915135747177,6.562385626425282
21004,2022,6.455814,2.3994915135747177,4.056322486425282
21004,2023,0.0,2.3994915135747177,-2.3994915135747177
21004,2024,0.0,2.3994915135747177,-2.3994915135747177
21004,2025,0.0,2.3994915135747177,-2.3994915135747177
21005,2021,0.0,1.5109550236711298,-1.5109550236711298
21005,2022,0.0,1.5109550236711298,-1.5109550236711298
21005,2023,0.0,1.5109550236711298,-1.5109550236711298
21005,2024,0.0,1.5109550236711298,-1.5109550236711298
21005,2025,0.0,1.5109550236711298,-1.5109550236711298
21006,2021,0.0,1.1174761797958614,-1.1174761797958614
21006,2022,0.0,1.1174761797958614,-1.1174761797958614
21006,2023,0.0,1.1174761797958614,-1.1174761797958614
21006,2024,0.0,1.1174761797958614,-1.1174761797958614
21006,2025,0.0,1.1174761797958614,-1.1174761797958614
21007,2021,0.0,2.2955348830564115,-2.2955348830564115
21007,2022,6.127181051,2.2955348830564115,3.8316461679435885
21007,2023,0.0,2.2955348830564115,-2.2955348830564115
21007,2024,0.0,2.2955348830564115,-2.2955348830564115
21007,2025,0.0,2.2955348830564115,-2.2955348830564115
21008,2021,7.358580783,2.057157792116945,5.301422990883054
21008,2022,8.434483325,2.057157792116945,6.377325532883056
21008,2023,0.0,2.057157792116945,-2.057157792116945
21008,2024,0.0,2.057157792116945,-2.057157792116945
21008,2025,0.0,2.057157792116945,-2.057157792116945
21009,2021,0.0,1.6985110227258096,-1.6985110227258096
21009,2022,0.0,1.6985110227258096,-1.6985110227258096
21009,2023,0.0,1.6985110227258096,-1.6985110227258096
21009,2024,0.0,1.6985110227258096,-1.6985110227258096
21009,2025,0.0,1.6985110227258096,-1.6985110227258096
21010,2021,0.0,1.2887723554903485,-1.2887723554903485
21010,2022,0.0,1.2887723554903485,-1.2887723554903485
21010,2023,0.0,1.2887723554903485,-1.2887723554903485
21010,2024,0.0,1.2887723554903485,-1.2887723554903485
21010,2025,0.0,1.2887723554903485,-1.2887723554903485
21011,2021,6.786403548,1.636436167085127,5.149967380914873
21011,2022,6.7719976,1.636436167085127,5.135561432914873
21011,2023,0.0,1.636436167085127,-1.636436167085127
21011,2024,0.0,1.636436167085127,-1.636436167085127
21011,2025,0.0,1.636436167085127,-1.636436167085127
21012,2021,9.089979015,0.9789895733068171,8.110989441693183
21012,2022,0.0,0.9789895733068171,-0.9789895733068171
21012,2023,0.0,0.9789895733068171,-0.9789895733068171
21012,2024,0.0,0.9789895733068171,-0.9789895733068171
21012,2025,0.0,0.9789895733068171,-0.9789895733068171
21013,2021,6.26779959,1.1973451624759384,5.070454427524062
21013,2022,8.621812633,1.1973451624759384,7.4244674705240605
21013,2023,0.0,1.1973451624759384,-1.1973451624759384
21013,2024,0.0,1.1973451624759384,-1.1973451624759384
21013,2025,0.0,1.1973451624759384,-1.1973451624759384
21014,2021,8.881332361,2.9857998411800386,5.8955325198199615
21014,2022,8.978874645,2.9857998411800386,5.993074803819961
21014,2023,0.0,2.9857998411800386,-2.9857998411800386
21014,2024,0.0,2.9857998411800386,-2.9857998411800386
21014,2025,0.0,2.9857998411800386,-2.9857998411800386
21015,2021,0.0,1.5776487840349551,-1.5776487840349551
21015,2022,3.739950121,1.5776487840349551,2.162301336965045
21015,2023,0.0,1.5776487840349551,-1.5776487840349551
21015,2024,0.0,1.5776487840349551,-1.5776487840349551
21015,2025,0.0,1.5776487840349551,-1.5776487840349551
21016,2021,6.325390254,1.0868348434557225,5.2385554105442775
21016,2022,0.0,1.0868348434557225,-1.0868348434557225
21016,2023,0.0,1.0868348434557225,-1.0868348434557225
21016,2024,0.0,1.0868348434557225,-1.0868348434557225
21016,2025,0.0,1.0868348434557225,-1.0868348434557225
21101,2021,6.265603621,1.2139259105625746,5.051677710437426
21101,2022,4.973653514,1.2139259105625746,3.759727603437426
21101,2023,0.0,1.2139259105625746,-1.2139259105625746
21101,2024,0.0,1.2139259105625746,-1.2139259105625746
21101,2025,0.0,1.2139259105625746,-1.2139259105625746
21102,2021,9.416672358,1.187393768837608,8.22927858916239
21102,2022,5.686127539,1.187393768837608,4.498733770162392
21102,2023,0.0,1.187393768837608,-1.187393768837608
21102,2024,0.0,1.187393768837608,-1.187393768837608
21102,2025,0.0,1.187393768837608,-1.187393768837608
21103,2021,0.0,0.9434772368347086,-0.9434772368347086
21103,2022,0.0,0.9434772368347086,-0.9434772368347086
21103,2023,0.0,0.9434772368347086,-0.9434772368347086
21103,2024,0.0,0.9434772368347086,-0.9434772368347086
21103,2025,0.0,0.9434772368347086,-0.9434772368347086
21104,2022,0.0,1.1314870663615795,-1.1314870663615795
21104,2023,0.0,1.1314870663615795,-1.1314870663615795
21104,2024,0.0,1.1314870663615795,-1.1314870663615795
21104,2025,0.0,1.1314870663615795,-1.1314870663615795
21105,2022,0.0,1.4892521955836304,-1.4892521955836304
21105,2023,0.0,1.4892521955836304,-1.4892521955836304
21105,2024,0.0,1.4892521955836304,-1.4892521955836304
21105,2025,0.0,1.4892521955836304,-1.4892521955836304
21201,2021,8.326578305,1.665981420186563,6.660596884813437
21201,2022,7.431363175,1.665981420186563,5.765381754813437
21201,2023,0.0,1.665981420186563,-1.665981420186563
21201,2024,0.0,1.665981420186563,-1.665981420186563
21201,2025,0.0,1.665981420186563,-1.665981420186563
21202,2021,0.0,1.363990468913045,-1.363990468913045
21202,2022,0.0,1.363990468913045,-1.363990468913045
21202,2023,0.0,1.363990468913045,-1.363990468913045
21202,2024,0.0,1.363990468913045,-1.363990468913045
21202,2025,0.0,1.363990468913045,-1.363990468913045
21203,2021,6.389761166,1.369462623808012,5.020298542191989
21203,2022,4.353206196,1.369462623808012,2.9837435721919885
21203,2023,0.0,1.369462623808012,-1.369462623808012
21203,2024,0.0,1.369462623808012,-1.369462623808012
21203,2025,0.0,1.369462623808012,-1.369462623808012
21204,2021,6.763422908,1.5961191660811072,5.167303741918893
21204,2022,6.035481433,1.5961191660811072,4.439362266918893
21204,2023,0.0,1.5961191660811072,-1.5961191660811072
21204,2024,0.0,1.5961191660811072,-1.5961191660811072
21204,2025,0.0,1.5961191660811072,-1.5961191660811072
21205,2021,7.777212393,1.854527950926424,5.922684442073576
21205,2022,9.777867525,1.854527950926424,7.923339574073576
21205,2023,0.0,1.854527950926424,-1.854527950926424
21205,2024,0.0,1.854527950926424,-1.854527950926424
21205,2025,0.0,1.854527950926424,-1.854527950926424
21206,2021,5.586947311,2.1908398147048946,3.3961074962951057
21206,2022,5.717166488,2.1908398147048946,3.5263266732951055
21206,2023,0.0,2.1908398147048946,-2.1908398147048946
21206,2024,0.0,2.1908398147048946,-2.1908398147048946
21206,2025,0.0,2.1908398147048946,-2.1908398147048946
21207,2021,6.367858677,2.2893614056308134,4.078497271369187
21207,2022,6.420339762,2.2893614056308134,4.130978356369187
21207,2023,0.0,2.2893614056308134,-2.2893614056308134
21207,2024,0.0,2.2893614056308134,-2.2893614056308134
21207,2025,0.0,2.2893614056308134,-2.2893614056308134
21208,2021,7.564650277,1.860140863972682,5.704509413027318
21208,2022,9.280514759,1.860140863972682,7.420373895027319
21208,2023,0.0,1.860140863972682,-1.860140863972682
21208,2024,0.0,1.860140863972682,-1.860140863972682
21208,2025,0.0,1.860140863972682,-1.860140863972682
21209,2021,6.011092089,1.1603247824587017,4.850767306541298
21209,2022,4.58031847,1.1603247824587017,3.4199936875412984
21209,2023,0.0,1.1603247824587017,-1.1603247824587017
21209,2024,0.0,1.1603247824587017,-1.1603247824587017
21209,2025,0.0,1.1603247824587017,-1.1603247824587017
21210,2021,5.201685212,1.7152673395530114,3.4864178724469888
21210,2022,5.466276241,1.7152673395530114,3.7510089014469887
21210,2023,0.0,1.7152673395530114,-1.7152673395530114
21210,2024,0.0,1.7152673395530114,-1.7152673395530114
21210,2025,0.0,1.7152673395530114,-1.7152673395530114
21301,2021,0.0,1.9544302757530956,-1.9544302757530956
21301,2022,0.0,1.9544302757530956,-1.9544302757530956
21301,2023,0.0,1.9544302757530956,-1.9544302757530956
21301,2024,0.0,1.9544302757530956,-1.9544302757530956
21301,2025,0.0,1.9544302757530956,-1.9544302757530956
21302,2021,6.911600817,1.9623879600892002,4.949212856910799
21302,2022,7.486486732,1.9623879600892002,5.524098771910801
21302,2023,0.0,1.9623879600892002,-1.9623879600892002
21302,2024,0.0,1.9623879600892002,-1.9623879600892002
21302,2025,0.0,1.9623879600892002,-1.9623879600892002
21303,2023,0.0,1.9036156835684117,-1.9036156835684117
21303,2024,0.0,1.9036156835684117,-1.9036156835684117
21303,2025,0.0,1.9036156835684117,-1.9036156835684117
21304,2021,7.541709625,1.963336895117916,5.578372729882084
21304,2022,7.259099372,1.963336895117916,5.295762476882084
21304,2023,0.0,1.963336895117916,-1.963336895117916
21304,2024,0.0,1.963336895117916,-1.963336895117916
21304,2025,0.0,1.963336895117916,-1.963336895117916
21305,2021,6.176560031,2.4636034105372158,3.7129566204627844
21305,2022,6.718476242,2.4636034105372158,4.254872831462785
21305,2023,0.0,2.4636034105372158,-2.4636034105372158
21305,2024,0.0,2.4636034105372158,-2.4636034105372158
21305,2025,0.0,2.4636034105372158,-2.4636034105372158
21306,2021,8.890053276,2.2395511522321563,6.650502123767843
21306,2022,9.104931889,2.2395511522321563,6.865380736767843
21306,2023,0.0,2.2395511522321563,-2.2395511522321563
21306,2024,0.0,2.2395511522321563,-2.2395511522321563
21306,2025,0.0,2.2395511522321563,-2.2395511522321563
21307,2021,7.020827235,1.8383207181027788,5.182506516897221
21307,2022,5.874547614,1.8383207181027788,4.036226895897221
21307,2023,0.0,1.8383207181027788,-1.8383207181027788
21307,2024,0.0,1.8383207181027788,-1.8383207181027788
21307,2025,0.0,1.8383207181027788,-1.8383207181027788
21308,2021,7.842923841,1.7052987225107448,6.137625118489256
21308,2022,8.308322299,1.7052987225107448,6.603023576489256
21308,2023,0.0,1.7052987225107448,-1.7052987225107448
21308,2024,0.0,1.7052987225107448,-1.7052987225107448
21308,2025,0.0,1.7052987225107448,-1.7052987225107448
21401,2021,0.0,1.1791926425327521,-1.1791926425327521
21401,2022,0.0,1.1791926425327521,-1.1791926425327521
21401,2023,0.0,1.1791926425327521,-1.1791926425327521
21401,2024,0.0,1.1791926425327521,-1.1791926425327521
21401,2025,0.0,1.1791926425327521,-1.1791926425327521
21402,2021,0.0,1.0217894638205671,-1.0217894638205671
21402,2022,0.0,1.0217894638205671,-1.0217894638205671
21402,2023,0.0,1.0217894638205671,-1.0217894638205671
21402,2024,0.0,1.0217894638205671,-1.0217894638205671
21402,2025,0.0,1.0217894638205671,-1.0217894638205671
21403,2023,0.0,0.42724022402807144,-0.42724022402807144
21403,2024,0.0,0.42724022402807144,-0.42724022402807144
21404,2021,0.0,0.25943444282203787,-0.25943444282203787
21404,2022,0.0,0.25943444282203787,-0.25943444282203787
21404,2023,0.0,0.25943444282203787,-0.25943444282203787
21404,2024,0.0,0.25943444282203787,-0.25943444282203787
21404,2025,0.0,0.25943444282203787,-0.25943444282203787
21405,2021,5.735880814,1.2937972266490005,4.442083587350999
21405,2022,4.918415572,1.2937972266490005,3.6246183453509992
21405,2023,0.0,1.2937972266490005,-1.2937972266490005
21405,2024,0.0,1.2937972266490005,-1.2937972266490005
21405,2025,0.0,1.2937972266490005,-1.2937972266490005
21406,2021,7.218643272,1.1633941715321072,6.055249100467893
21406,2022,0.0,1.1633941715321072,-1.1633941715321072
21406,2023,0.0,1.1633941715321072,-1.1633941715321072
21406,2024,0.0,1.1633941715321072,-1.1633941715321072
21406,2025,0.0,1.1633941715321072,-1.1633941715321072
21407,2021,0.0,0.33013605603505747,-0.33013605603505747
21407,2022,0.0,0.33013605603505747,-0.33013605603505747
21407,2023,0.0,0.33013605603505747,-0.33013605603505747
21407,2024,0.0,0.33013605603505747,-0.33013605603505747
21407,2025,0.0,0.33013605603505747,-0.33013605603505747
21408,2021,0.0,0.4153720265246342,-0.4153720265246342
21408,2022,0.0,0.4153720265246342,-0.4153720265246342
21408,2023,0.0,0.4153720265246342,-0.4153720265246342
21408,2024,0.0,0.4153720265246342,-0.4153720265246342
21408,2025,0.0,0.4153720265246342,-0.4153720265246342
21409,2021,0.0,1.1519057904008392,-1.1519057904008392
21409,2022,0.0,1.1519057904008392,-1.1519057904008392
21409,2023,0.0,1.1519057904008392,-1.1519057904008392
21409,2024,0.0,1.1519057904008392,-1.1519057904008392
21409,2025,0.0,1.1519057904008392,-1.1519057904008392
21410,2021,0.0,0.8377105807233266,-0.8377105807233266
21410,2022,0.0,0.8377105807233266,-0.8377105807233266
21410,2023,0.0,0.8377105807233266,-0.8377105807233266
21410,2024,0.0,0.8377105807233266,-0.8377105807233266
21410,2025,0.0,0.8377105807233266,-0.8377105807233266
21501,2021,0.0,1.6546942996864034,-1.6546942996864034
21501,2022,0.0,1.6546942996864034,-1.6546942996864034
21501,2023,0.0,1.6546942996864034,-1.6546942996864034
21501,2024,0.0,1.6546942996864034,-1.6546942996864034
21501,2025,0.0,1.6546942996864034,-1.6546942996864034
21502,2021,4.416428061,0.5687416501771653,3.8476864108228352
21502,2022,4.725125801,0.5687416501771653,4.156384150822834
21502,2023,0.0,0.5687416501771653,-0.5687416501771653
21502,2024,0.0,0.5687416501771653,-0.5687416501771653
21502,2025,0.0,0.5687416501771653,-0.5687416501771653
21503,2021,0.0,1.9554177941535802,-1.9554177941535802
21503,2022,0.0,1.9554177941535802,-1.9554177941535802
21503,2023,0.0,1.9554177941535802,-1.9554177941535802
21503,2024,0.0,1.9554177941535802,-1.9554177941535802
21503,2025,0.0,1.9554177941535802,-1.9554177941535802
21504,2021,0.0,1.1999690900090574,-1.1999690900090574
21504,2022,0.0,1.1999690900090574,-1.1999690900090574
21504,2023,0.0,1.1999690900090574,-1.1999690900090574
21504,2024,0.0,1.1999690900090574,-1.1999690900090574
21504,2025,0.0,1.1999690900090574,-1.1999690900090574
21505,2021,0.0,0.9398297878471471,-0.9398297878471471
21505,2022,0.0,0.9398297878471471,-0.9398297878471471
21505,2023,0.0,0.9398297878471471,-0.9398297878471471
21505,2024,0.0,0.9398297878471471,-0.9398297878471471
21505,2025,0.0,0.9398297878471471,-0.9398297878471471
21506,2021,0.0,0.49321573167657845,-0.49321573167657845
21506,2022,0.0,0.49321573167657845,-0.49321573167657845
21506,2023,0.0,0.49321573167657845,-0.49321573167657845
21506,2024,0.0,0.49321573167657845,-0.49321573167657845
21506,2025,0.0,0.49321573167657845,-0.49321573167657845
21507,2021,0.0,1.0670263984449166,-1.0670263984449166
21507,2022,0.0,1.0670263984449166,-1.0670263984449166
21507,2023,0.0,1.0670263984449166,-1.0670263984449166
21507,2024,0.0,1.0670263984449166,-1.0670263984449166
21507,2025,0.0,1.0670263984449166,-1.0670263984449166
21508,2021,0.0,1.6322238834949307,-1.6322238834949307
21508,2022,0.0,1.6322238834949307,-1.6322238834949307
21508,2023,0.0,1.6322238834949307,-1.6322238834949307
21508,2024,0.0,1.6322238834949307,-1.6322238834949307
21508,2025,0.0,1.6322238834949307,-1.6322238834949307
21509,2021,0.0,1.8068495123866504,-1.8068495123866504
21509,2022,0.0,1.8068495123866504,-1.8068495123866504
21509,2023,0.0,1.8068495123866504,-1.8068495123866504
21509,2024,0.0,1.8068495123866504,-1.8068495123866504
21509,2025,0.0,1.8068495123866504,-1.8068495123866504
21510,2021,5.442548884,1.1143064114159535,4.328242472584046
21510,2022,5.51108469,1.1143064114159535,4.396778278584046
21510,2023,0.0,1.1143064114159535,-1.1143064114159535
21510,2024,0.0,1.1143064114159535,-1.1143064114159535
21510,2025,0.0,1.1143064114159535,-1.1143064114159535
21511,2021,0.0,1.2345307024641659,-1.2345307024641659
21511,2022,0.0,1.2345307024641659,-1.2345307024641659
21511,2023,0.0,1.2345307024641659,-1.2345307024641659
21511,2024,0.0,1.2345307024641659,-1.2345307024641659
21511,2025,0.0,1.2345307024641659,-1.2345307024641659
21601,2021,10.76557177,2.381325030857595,8.384246739142405
21601,2022,10.29440676,2.381325030857595,7.913081729142404
21601,2023,0.0,2.381325030857595,-2.381325030857595
21601,2024,0.0,2.381325030857595,-2.381325030857595
21601,2025,0.0,2.381325030857595,-2.381325030857595
21602,2021,5.228560467,2.0311172341867656,3.1974432328132347
21602,2022,4.97854698,2.0311172341867656,2.9474297458132344
21602,2023,0.0,2.0311172341867656,-2.0311172341867656
21602,2024,0.0,2.0311172341867656,-2.0311172341867656
21602,2025,0.0,2.0311172341867656,-2.0311172341867656
21603,2021,6.086198376,2.35946972270421,3.7267286532957895
21603,2022,6.52196674,2.35946972270421,4.16249701729579
21603,2023,0.0,2.35946972270421,-2.35946972270421
21603,2024,0.0,2.35946972270421,-2.35946972270421
21603,2025,0.0,2.35946972270421,-2.35946972270421
21604,2021,5.919240655,2.52190960241005,3.3973310525899505
21604,2022,5.212323653,2.52190960241005,2.6904140505899505
21604,2023,0.0,2.52190960241005,-2.52190960241005
21604,2024,0.0,2.52190960241005,-2.52190960241005
21604,2025,0.0,2.52190960241005,-2.52190960241005
21701,2021,12.3458713,1.98433388644113,10.361537413558871
21701,2022,9.932564333,1.98433388644113,7.9482304465588705
21701,2023,0.0,1.98433388644113,-1.98433388644113
21701,2024,0.0,1.98433388644113,-1.98433388644113
21701,2025,0.0,1.98433388644113,-1.98433388644113
21702,2021,7.745562567,1.579688191523822,6.165874375476179
21702,2022,7.852622676,1.579688191523822,6.2729344844761785
21702,2023,0.0,1.579688191523822,-1.579688191523822
21702,2024,0.0,1.579688191523822,-1.579688191523822
21702,2025,0.0,1.579688191523822,-1.579688191523822
21703,2021,0.0,0.6571866414575613,-0.6571866414575613
21703,2022,8.699681401,0.6571866414575613,8.042494759542437
21703,2023,0.0,0.6571866414575613,-0.6571866414575613
21703,2024,0.0,0.6571866414575613,-0.6571866414575613
21703,2025,0.0,0.6571866414575613,-0.6571866414575613
21704,2021,0.0,1.1888921881524233,-1.1888921881524233
21704,2022,0.0,1.1888921881524233,-1.1888921881524233
21704,2023,0.0,1.1888921881524233,-1.1888921881524233
21704,2024,0.0,1.1888921881524233,-1.1888921881524233
21704,2025,0.0,1.1888921881524233,-1.1888921881524233
21705,2021,0.0,1.3957396712353696,-1.3957396712353696
21705,2022,0.0,1.3957396712353696,-1.3957396712353696
21705,2023,0.0,1.3957396712353696,-1.3957396712353696
21705,2024,0.0,1.3957396712353696,-1.3957396712353696
21705,2025,0.0,1.3957396712353696,-1.3957396712353696
21706,2021,0.0,1.0463636489234769,-1.0463636489234769
21706,2022,0.0,1.0463636489234769,-1.0463636489234769
21706,2023,0.0,1.0463636489234769,-1.0463636489234769
21706,2024,0.0,1.0463636489234769,-1.0463636489234769
21706,2025,0.0,1.0463636489234769,-1.0463636489234769
21707,2021,0.0,1.2455307009786105,-1.2455307009786105
21707,2022,0.0,1.2455307009786105,-1.2455307009786105
21707,2023,0.0,1.2455307009786105,-1.2455307009786105
21707,2024,0.0,1.2455307009786105,-1.2455307009786105
21707,2025,0.0,1.2455307009786105,-1.2455307009786105
21708,2021,6.117625092,1.7930743447083735,4.324550747291626
21708,2022,6.526006697,1.7930743447083735,4.732932352291626
21708,2023,0.0,1.7930743447083735,-1.7930743447083735
21708,2024,0.0,1.7930743447083735,-1.7930743447083735
21708,2025,0.0,1.7930743447083735,-1.7930743447083735
21709,2021,0.0,0.9547277405404246,-0.9547277405404246
21709,2022,0.0,0.9547277405404246,-0.9547277405404246
21709,2023,0.0,0.9547277405404246,-0.9547277405404246
21709,2024,0.0,0.9547277405404246,-0.9547277405404246
21709,2025,0.0,0.9547277405404246,-0.9547277405404246
21710,2021,5.436011956,1.3900793232516917,4.045932632748308
21710,2022,0.0,1.3900793232516917,-1.3900793232516917
21710,2023,0.0,1.3900793232516917,-1.3900793232516917
21710,2024,0.0,1.3900793232516917,-1.3900793232516917
21710,2025,0.0,1.3900793232516917,-1.3900793232516917
21801,2021,7.84601063,3.011652394974396,4.834358235025604
21801,2022,6.6709124,3.011652394974396,3.6592600050256037
21801,2023,0.0,3.011652394974396,-3.011652394974396
21801,2024,0.0,3.011652394974396,-3.011652394974396
21801,2025,0.0,3.011652394974396,-3.011652394974396
21802,2021,4.78816902,1.9436666681210746,2.8445023518789254
21802,2022,5.048465153,1.9436666681210746,3.104798484878926
21802,2023,0.0,1.9436666681210746,-1.9436666681210746
21802,2024,0.0,1.9436666681210746,-1.9436666681210746
21802,2025,0.0,1.9436666681210746,-1.9436666681210746
21803,2021,5.448840211,2.371647621838453,3.0771925891615473
21803,2022,6.668348618,2.371647621838453,4.2967009961615465
21803,2023,0.0,2.371647621838453,-2.371647621838453
21803,2024,0.0,2.371647621838453,-2.371647621838453
21803,2025,0.0,2.371647621838453,-2.371647621838453
21804,2021,5.165471453,1.2769783839573512,3.8884930690426494
21804,2022,5.294234971,1.2769783839573512,4.017256587042649
21804,2023,0.0,1.2769783839573512,-1.2769783839573512
21804,2024,0.0,1.2769783839573512,-1.2769783839573512
21804,2025,0.0,1.2769783839573512,-1.2769783839573512
21805,2021,0.0,0.9485312926200387,-0.9485312926200387
21805,2022,5.525452939,0.9485312926200387,4.576921646379962
21805,2023,0.0,0.9485312926200387,-0.9485312926200387
21805,2024,0.0,0.9485312926200387,-0.9485312926200387
21805,2025,0.0,0.9485312926200387,-0.9485312926200387
21806,2021,0.0,1.2457226414471028,-1.2457226414471028
21806,2022,0.0,1.2457226414471028,-1.2457226414471028
21806,2023,0.0,1.2457226414471028,-1.2457226414471028
21806,2024,0.0,1.2457226414471028,-1.2457226414471028
21806,2025,0.0,1.2457226414471028,-1.2457226414471028
21807,2021,0.0,0.9004921107256688,-0.9004921107256688
21807,2022,0.0,0.9004921107256688,-0.9004921107256688
21807,2023,0.0,0.9004921107256688,-0.9004921107256688
21807,2024,0.0,0.9004921107256688,-0.9004921107256688
21807,2025,0.0,0.9004921107256688,-0.9004921107256688
21808,2021,0.0,1.6881132916383155,-1.6881132916383155
21808,2022,0.0,1.6881132916383155,-1.6881132916383155
21808,2023,0.0,1.6881132916383155,-1.6881132916383155
21808,2024,0.0,1.6881132916383155,-1.6881132916383155
21808,2025,0.0,1.6881132916383155,-1.6881132916383155
21809,2021,9.492713584,2.4032833921733294,7.089430191826671
21809,2022,7.453443737,2.4032833921733294,5.05016034482667
21809,2023,0.0,2.4032833921733294,-2.4032833921733294
21809,2024,0.0,2.4032833921733294,-2.4032833921733294
21809,2025,0.0,2.4032833921733294,-2.4032833921733294
21901,2021,0.0,1.8887315752809732,-1.8887315752809732
21901,2022,0.0,1.8887315752809732,-1.8887315752809732
21901,2023,0.0,1.8887315752809732,-1.8887315752809732
21901,2024,0.0,1.8887315752809732,-1.8887315752809732
21901,2025,0.0,1.8887315752809732,-1.8887315752809732
21902,2021,0.0,1.2893861377317961,-1.2893861377317961
21902,2022,0.0,1.2893861377317961,-1.2893861377317961
21902,2023,0.0,1.2893861377317961,-1.2893861377317961
21902,2024,0.0,1.2893861377317961,-1.2893861377317961
21902,2025,0.0,1.2893861377317961,-1.2893861377317961
21903,2021,0.0,1.1100480403596387,-1.1100480403596387
21903,2022,0.0,1.1100480403596387,-1.1100480403596387
21903,2023,0.0,1.1100480403596387,-1.1100480403596387
21903,2024,0.0,1.1100480403596387,-1.1100480403596387
21903,2025,0.0,1.1100480403596387,-1.1100480403596387
21904,2021,10.90521719,1.3621308366908746,9.543086353309125
21904,2022,6.646271769,1.3621308366908746,5.284140932309126
21904,2023,0.0,1.3621308366908746,-1.3621308366908746
21904,2024,0.0,1.3621308366908746,-1.3621308366908746
21904,2025,0.0,1.3621308366908746,-1.3621308366908746
21905,2021,0.0,1.390098707095759,-1.390098707095759
21905,2022,0.0,1.390098707095759,-1.390098707095759
21905,2023,0.0,1.390098707095759,-1.390098707095759
21905,2024,0.0,1.390098707095759,-1.390098707095759
21905,2025,0.0,1.390098707095759,-1.390098707095759
21906,2021,5.489231842,2.138246253174511,3.350985588825489
21906,2022,6.426539663,2.138246253174511,4.288293409825489
21906,2023,0.0,2.138246253174511,-2.138246253174511
21906,2024,0.0,2.138246253174511,-2.138246253174511
21906,2025,0.0,2.138246253174511,-2.138246253174511
21907,2021,5.851084358,1.3927535528993584,4.458330805100641
21907,2022,5.769510764,1.3927535528993584,4.376757211100641
21907,2023,0.0,1.3927535528993584,-1.3927535528993584
21907,2024,0.0,1.3927535528993584,-1.3927535528993584
21907,2025,0.0,1.3927535528993584,-1.3927535528993584
21908,2021,5.033483388,1.697174430090495,3.3363089579095044
21908,2022,6.224993117,1.697174430090495,4.527818686909505
21908,2023,0.0,1.697174430090495,-1.697174430090495
21908,2024,0.0,1.697174430090495,-1.697174430090495
21908,2025,0.0,1.697174430090495,-1.697174430090495
21909,2021,6.688789735,2.3180046382443633,4.370785096755637
21909,2022,6.735470386,2.3180046382443633,4.417465747755637
21909,2023,0.0,2.3180046382443633,-2.3180046382443633
21909,2024,0.0,2.3180046382443633,-2.3180046382443633
21909,2025,0.0,2.3180046382443633,-2.3180046382443633
21910,2021,5.917985025,1.5000756008059435,4.417909424194057
21910,2022,5.952611334,1.5000756008059435,4.452535733194057
21910,2023,0.0,1.5000756008059435,-1.5000756008059435
21910,2024,0.0,1.5000756008059435,-1.5000756008059435
21910,2025,0.0,1.5000756008059435,-1.5000756008059435
22001,2021,0.0,2.209063622358883,-2.209063622358883
22001,2022,0.0,2.209063622358883,-2.209063622358883
22001,2023,0.0,2.209063622358883,-2.209063622358883
22001,2024,0.0,2.209063622358883,-2.209063622358883
22001,2025,0.0,2.209063622358883,-2.209063622358883
22002,2021,8.872370535,1.7486795473639298,7.123690987636071
22002,2022,7.653285601,1.7486795473639298,5.904606053636071
22002,2023,0.0,1.7486795473639298,-1.7486795473639298
22002,2024,0.0,1.7486795473639298,-1.7486795473639298
22002,2025,0.0,1.7486795473639298,-1.7486795473639298
22003,2021,0.0,1.8465255548889468,-1.8465255548889468
22003,2022,0.0,1.8465255548889468,-1.8465255548889468
22003,2023,0.0,1.8465255548889468,-1.8465255548889468
22003,2024,0.0,1.8465255548889468,-1.8465255548889468
22003,2025,0.0,1.8465255548889468,-1.8465255548889468
22004,2021,5.148122815,1.5112809771034958,3.6368418378965037
22004,2022,6.552101791,1.5112809771034958,5.040820813896504
22004,2023,0.0,1.5112809771034958,-1.5112809771034958
22004,2024,0.0,1.5112809771034958,-1.5112809771034958
22004,2025,0.0,1.5112809771034958,-1.5112809771034958
22005,2021,5.909809333,2.3651642062349048,3.5446451267650954
22005,2022,5.825844654,2.3651642062349048,3.460680447765095
22005,2023,0.0,2.3651642062349048,-2.3651642062349048
22005,2024,0.0,2.3651642062349048,-2.3651642062349048
22005,2025,0.0,2.3651642062349048,-2.3651642062349048
22006,2021,0.0,1.5098132275629965,-1.5098132275629965
22006,2022,0.0,1.5098132275629965,-1.5098132275629965
22006,2023,0.0,1.5098132275629965,-1.5098132275629965
22006,2024,0.0,1.5098132275629965,-1.5098132275629965
22006,2025,0.0,1.5098132275629965,-1.5098132275629965
22007,2021,4.853178502,1.680345282006978,3.172833219993022
22007,2022,6.869473367,1.680345282006978,5.189128084993023
22007,2023,0.0,1.680345282006978,-1.680345282006978
22007,2024,0.0,1.680345282006978,-1.680345282006978
22007,2025,0.0,1.680345282006978,-1.680345282006978
22008,2021,8.16284834,2.1395051568266616,6.023343183173338
22008,2022,7.019147567,2.1395051568266616,4.879642410173338
22008,2023,0.0,2.1395051568266616,-2.1395051568266616
22008,2024,0.0,2.1395051568266616,-2.1395051568266616
22008,2025,0.0,2.1395051568266616,-2.1395051568266616
30101,2021,10.34863584,3.082955702341844,7.265680137658157
30101,2022,9.348916471,3.082955702341844,6.265960768658157
30101,2023,0.0,3.082955702341844,-3.082955702341844
30101,2024,0.0,3.082955702341844,-3.082955702341844
30101,2025,0.0,3.082955702341844,-3.082955702341844
30102,2021,0.0,1.1370144791420997,-1.1370144791420997
30102,2022,0.0,1.1370144791420997,-1.1370144791420997
30102,2023,0.0,1.1370144791420997,-1.1370144791420997
30102,2024,0.0,1.1370144791420997,-1.1370144791420997
30102,2025,0.0,1.1370144791420997,-1.1370144791420997
30103,2021,7.188357347,1.549581352355053,5.638775994644947
30103,2022,7.342212686,1.549581352355053,5.792631333644946
30103,2023,0.0,1.549581352355053,-1.549581352355053
30103,2024,0.0,1.549581352355053,-1.549581352355053
30103,2025,0.0,1.549581352355053,-1.549581352355053
30104,2021,8.664671924,2.5169088438847167,6.147763080115284
30104,2022,8.377556411,2.5169088438847167,5.860647567115284
30104,2023,0.0,2.5169088438847167,-2.5169088438847167
30104,2024,0.0,2.5169088438847167,-2.5169088438847167
30104,2025,0.0,2.5169088438847167,-2.5169088438847167
30105,2021,7.636964343,1.9437859754636069,5.693178367536393
30105,2022,7.782013127,1.9437859754636069,5.838227151536393
30105,2023,0.0,1.9437859754636069,-1.9437859754636069
30105,2024,0.0,1.9437859754636069,-1.9437859754636069
30105,2025,0.0,1.9437859754636069,-1.9437859754636069
30106,2021,0.0,2.397219590998297,-2.397219590998297
30106,2022,0.0,2.397219590998297,-2.397219590998297
30106,2023,0.0,2.397219590998297,-2.397219590998297
30106,2024,0.0,2.397219590998297,-2.397219590998297
30106,2025,0.0,2.397219590998297,-2.397219590998297
30107,2021,9.48159761,1.9824602625139929,7.499137347486007
30107,2022,6.723891138,1.9824602625139929,4.741430875486007
30107,2023,0.0,1.9824602625139929,-1.9824602625139929
30107,2024,0.0,1.9824602625139929,-1.9824602625139929
30107,2025,0.0,1.9824602625139929,-1.9824602625139929
30108,2021,7.744906599,1.9311085853915906,5.81379801360841
30108,2022,7.257483254,1.9311085853915906,5.32637466860841
30108,2023,0.0,1.9311085853915906,-1.9311085853915906
30108,2024,0.0,1.9311085853915906,-1.9311085853915906
30108,2025,0.0,1.9311085853915906,-1.9311085853915906
30109,2021,7.137023289,2.015458932581511,5.121564356418489
30109,2022,5.793043272,2.015458932581511,3.7775843394184894
30109,2023,0.0,2.015458932581511,-2.015458932581511
30109,2024,0.0,2.015458932581511,-2.015458932581511
30109,2025,0.0,2.015458932581511,-2.015458932581511
30201,2021,8.703550282,2.921675553916173,5.781874728083827
30201,2022,7.801698495,2.921675553916173,4.880022941083827
30201,2023,0.0,2.921675553916173,-2.921675553916173
30201,2024,0.0,2.921675553916173,-2.921675553916173
30201,2025,0.0,2.921675553916173,-2.921675553916173
30202,2021,6.15034126,2.3044162186015784,3.845925041398422
30202,2022,5.465075281,2.3044162186015784,3.1606590623984214
30202,2023,0.0,2.3044162186015784,-2.3044162186015784
30202,2024,0.0,2.3044162186015784,-2.3044162186015784
30202,2025,0.0,2.3044162186015784,-2.3044162186015784
30203,2021,7.632885505,1.1046640377766035,6.528221467223396
30203,2022,0.0,1.1046640377766035,-1.1046640377766035
30203,2023,0.0,1.1046640377766035,-1.1046640377766035
30203,2024,0.0,1.1046640377766035,-1.1046640377766035
30203,2025,0.0,1.1046640377766035,-1.1046640377766035
30204,2021,0.0,2.4462375878717637,-2.4462375878717637
30204,2022,4.258952503,2.4462375878717637,1.812714915128236
30204,2023,0.0,2.4462375878717637,-2.4462375878717637
30204,2024,0.0,2.4462375878717637,-2.4462375878717637
30204,2025,0.0,2.4462375878717637,-2.4462375878717637
30205,2021,6.502066462,2.1600499649305633,4.342016497069437
30205,2022,6.785517253,2.1600499649305633,4.625467288069437
30205,2023,0.0,2.1600499649305633,-2.1600499649305633
30205,2024,0.0,2.1600499649305633,-2.1600499649305633
30205,2025,0.0,2.1600499649305633,-2.1600499649305633
30206,2021,8.144969417,1.2147227008064312,6.930246716193569
30206,2022,5.800774741,1.2147227008064312,4.586052040193568
30206,2023,0.0,1.2147227008064312,-1.2147227008064312
30206,2024,0.0,1.2147227008064312,-1.2147227008064312
30206,2025,0.0,1.2147227008064312,-1.2147227008064312
30207,2021,6.234487206,2.2464781123878454,3.9880090936121544
30207,2022,6.110500747,2.2464781123878454,3.8640226346121542
30207,2023,0.0,2.2464781123878454,-2.2464781123878454
30207,2024,0.0,2.2464781123878454,-2.2464781123878454
30207,2025,0.0,2.2464781123878454,-2.2464781123878454
30208,2021,6.508660084,2.484837435373684,4.023822648626316
30208,2022,7.203329761,2.484837435373684,4.7184923256263165
30208,2023,0.0,2.484837435373684,-2.484837435373684
30208,2024,0.0,2.484837435373684,-2.484837435373684
30208,2025,0.0,2.484837435373684,-2.484837435373684
30209,2021,5.884972874,2.1243201939166827,3.760652680083317
30209,2022,6.248458157,2.1243201939166827,4.124137963083317
30209,2023,0.0,2.1243201939166827,-2.1243201939166827
30209,2024,0.0,2.1243201939166827,-2.1243201939166827
30209,2025,0.0,2.1243201939166827,-2.1243201939166827
30210,2021,6.218132649,1.7637448465051058,4.454387802494894
30210,2022,5.426199386,1.7637448465051058,3.6624545394948944
30210,2023,0.0,1.7637448465051058,-1.7637448465051058
30210,2024,0.0,1.7637448465051058,-1.7637448465051058
30210,2025,0.0,1.7637448465051058,-1.7637448465051058
30211,2021,4.104548732,0.7334018484892255,3.3711468835107743
30211,2022,5.099561503,0.7334018484892255,4.366159654510775
30211,2023,0.0,0.7334018484892255,-0.7334018484892255
30211,2024,0.0,0.7334018484892255,-0.7334018484892255
30211,2025,0.0,0.7334018484892255,-0.7334018484892255
30212,2021,0.0,1.739877901940547,-1.739877901940547
30212,2022,4.466512896,1.739877901940547,2.726634994059453
30212,2023,0.0,1.739877901940547,-1.739877901940547
30212,2024,0.0,1.739877901940547,-1.739877901940547
30212,2025,0.0,1.739877901940547,-1.739877901940547
30213,2021,8.028107506,2.637223728811413,5.390883777188586
30213,2022,9.42383763,2.637223728811413,6.786613901188586
30213,2023,0.0,2.637223728811413,-2.637223728811413
30213,2024,0.0,2.637223728811413,-2.637223728811413
30213,2025,0.0,2.637223728811413,-2.637223728811413
30214,2021,3.5361167,0.9994526057386548,2.5366640942613454
30214,2022,5.928722391,0.9994526057386548,4.929269785261345
30214,2023,0.0,0.9994526057386548,-0.9994526057386548
30214,2024,0.0,0.9994526057386548,-0.9994526057386548
30214,2025,0.0,0.9994526057386548,-0.9994526057386548
30215,2021,5.129473709,2.4259473086681274,2.7035264003318726
30215,2022,5.632913501,2.4259473086681274,3.2069661923318726
30215,2023,0.0,2.4259473086681274,-2.4259473086681274
30215,2024,0.0,2.4259473086681274,-2.4259473086681274
30215,2025,0.0,2.4259473086681274,-2.4259473086681274
30216,2021,5.335298301,2.6342448600090087,2.701053440990991
30216,2022,5.971459602,2.6342448600090087,3.3372147419909917
30216,2023,0.0,2.6342448600090087,-2.6342448600090087
30216,2024,0.0,2.6342448600090087,-2.6342448600090087
30216,2025,0.0,2.6342448600090087,-2.6342448600090087
30217,2021,7.293862804,2.0535713966309395,5.24029140736906
30217,2022,6.612041035,2.0535713966309395,4.55846963836906
30217,2023,0.0,2.0535713966309395,-2.0535713966309395
30217,2024,0.0,2.0535713966309395,-2.0535713966309395
30217,2025,0.0,2.0535713966309395,-2.0535713966309395
30218,2021,5.546331852,1.9519992069624803,3.5943326450375195
30218,2022,6.301492073,1.9519992069624803,4.3494928660375205
30218,2023,0.0,1.9519992069624803,-1.9519992069624803
30218,2024,0.0,1.9519992069624803,-1.9519992069624803
30218,2025,0.0,1.9519992069624803,-1.9519992069624803
30219,2021,6.478509642,1.8397225691506407,4.638787072849359
30219,2022,6.292987886,1.8397225691506407,4.453265316849359
30219,2023,0.0,1.8397225691506407,-1.8397225691506407
30219,2024,0.0,1.8397225691506407,-1.8397225691506407
30219,2025,0.0,1.8397225691506407,-1.8397225691506407
30220,2021,6.223829891,2.217270399598262,4.006559491401738
30220,2022,7.345324871,2.217270399598262,5.128054471401738
30220,2023,0.0,2.217270399598262,-2.217270399598262
30220,2024,0.0,2.217270399598262,-2.217270399598262
30220,2025,0.0,2.217270399598262,-2.217270399598262
30301,2021,12.59183217,0.9558179262507424,11.636014243749258
30301,2022,10.90469855,0.9558179262507424,9.94888062374926
30301,2023,0.0,0.9558179262507424,-0.9558179262507424
30301,2024,0.0,0.9558179262507424,-0.9558179262507424
30301,2025,0.0,0.9558179262507424,-0.9558179262507424
30302,2021,0.0,0.9364736085234712,-0.9364736085234712
30302,2023,0.0,0.9364736085234712,-0.9364736085234712
30302,2024,0.0,0.9364736085234712,-0.9364736085234712
30302,2025,0.0,0.9364736085234712,-0.9364736085234712
30303,2021,6.431331082,1.1119176626332468,5.319413419366753
30303,2022,0.0,1.1119176626332468,-1.1119176626332468
30303,2023,0.0,1.1119176626332468,-1.1119176626332468
30303,2024,0.0,1.1119176626332468,-1.1119176626332468
30303,2025,0.0,1.1119176626332468,-1.1119176626332468
30304,2022,1.791759469,1.3715766755055694,0.42018279349443066
30304,2023,0.0,1.3715766755055694,-1.3715766755055694
30304,2024,0.0,1.3715766755055694,-1.3715766755055694
30304,2025,0.0,1.3715766755055694,-1.3715766755055694
30305,2021,0.0,1.2005690467036465,-1.2005690467036465
30305,2023,0.0,1.2005690467036465,-1.2005690467036465
30305,2024,0.0,1.2005690467036465,-1.2005690467036465
30305,2025,0.0,1.2005690467036465,-1.2005690467036465
30306,2022,0.0,1.3737541245842706,-1.3737541245842706
30306,2023,0.0,1.3737541245842706,-1.3737541245842706
30306,2024,0.0,1.3737541245842706,-1.3737541245842706
30306,2025,0.0,1.3737541245842706,-1.3737541245842706
30307,2021,0.0,1.7552987633372492,-1.7552987633372492
30307,2022,0.0,1.7552987633372492,-1.7552987633372492
30307,2023,0.0,1.7552987633372492,-1.7552987633372492
30307,2024,0.0,1.7552987633372492,-1.7552987633372492
30307,2025,0.0,1.7552987633372492,-1.7552987633372492
30401,2021,10.64705215,1.9389614396167316,8.708090710383269
30401,2022,11.33152112,1.9389614396167316,9.392559680383268
30401,2023,0.0,1.9389614396167316,-1.9389614396167316
30401,2024,0.0,1.9389614396167316,-1.9389614396167316
30401,2025,0.0,1.9389614396167316,-1.9389614396167316
30402,2021,0.0,0.6866367330116886,-0.6866367330116886
30402,2022,0.0,0.6866367330116886,-0.6866367330116886
30402,2023,0.0,0.6866367330116886,-0.6866367330116886
30402,2024,0.0,0.6866367330116886,-0.6866367330116886
30402,2025,0.0,0.6866367330116886,-0.6866367330116886
30403,2021,6.352822951,1.1655481279147892,5.187274823085211
30403,2022,0.0,1.1655481279147892,-1.1655481279147892
30403,2023,0.0,1.1655481279147892,-1.1655481279147892
30403,2024,0.0,1.1655481279147892,-1.1655481279147892
30403,2025,0.0,1.1655481279147892,-1.1655481279147892
30404,2021,0.0,1.0539675559922017,-1.0539675559922017
30404,2022,0.0,1.0539675559922017,-1.0539675559922017
30404,2023,0.0,1.0539675559922017,-1.0539675559922017
30404,2024,0.0,1.0539675559922017,-1.0539675559922017
30404,2025,0.0,1.0539675559922017,-1.0539675559922017
30405,2021,0.0,1.1327017842666147,-1.1327017842666147
30405,2022,0.0,1.1327017842666147,-1.1327017842666147
30405,2023,0.0,1.1327017842666147,-1.1327017842666147
30405,2024,0.0,1.1327017842666147,-1.1327017842666147
30405,2025,0.0,1.1327017842666147,-1.1327017842666147
30406,2021,7.34123022,1.944100482991547,5.397129737008453
30406,2022,7.36030672,1.944100482991547,5.416206237008453
30406,2023,0.0,1.944100482991547,-1.944100482991547
30406,2024,0.0,1.944100482991547,-1.944100482991547
30406,2025,0.0,1.944100482991547,-1.944100482991547
30407,2021,8.371889924,0.6241278116242159,7.747762112375783
30407,2022,6.104793232,0.6241278116242159,5.480665420375784
30407,2023,0.0,0.6241278116242159,-0.6241278116242159
30407,2024,0.0,0.6241278116242159,-0.6241278116242159
30407,2025,0.0,0.6241278116242159,-0.6241278116242159
30408,2021,7.008143453,1.0328422737102962,5.975301179289703
30408,2022,5.49100171,1.0328422737102962,4.458159436289703
30408,2023,0.0,1.0328422737102962,-1.0328422737102962
30408,2024,0.0,1.0328422737102962,-1.0328422737102962
30408,2025,0.0,1.0328422737102962,-1.0328422737102962
30409,2021,5.963442231,1.5418461943337514,4.421596036666249
30409,2022,6.43775165,1.5418461943337514,4.895905455666249
30409,2023,0.0,1.5418461943337514,-1.5418461943337514
30409,2024,0.0,1.5418461943337514,-1.5418461943337514
30409,2025,0.0,1.5418461943337514,-1.5418461943337514
30410,2021,5.048022826,1.4949642256885003,3.5530586003115
30410,2022,0.0,1.4949642256885003,-1.4949642256885003
30410,2023,0.0,1.4949642256885003,-1.4949642256885003
30410,2024,0.0,1.4949642256885003,-1.4949642256885003
30410,2025,0.0,1.4949642256885003,-1.4949642256885003
30411,2021,0.0,1.3189285332597083,-1.3189285332597083
30411,2022,0.0,1.3189285332597083,-1.3189285332597083
30411,2023,0.0,1.3189285332597083,-1.3189285332597083
30411,2024,0.0,1.3189285332597083,-1.3189285332597083
30411,2025,0.0,1.3189285332597083,-1.3189285332597083
30412,2021,0.0,1.0748672090275462,-1.0748672090275462
30412,2022,0.0,1.0748672090275462,-1.0748672090275462
30412,2023,0.0,1.0748672090275462,-1.0748672090275462
30412,2024,0.0,1.0748672090275462,-1.0748672090275462
30412,2025,0.0,1.0748672090275462,-1.0748672090275462
30413,2021,7.251061255,1.1914746339856381,6.059586621014361
30413,2022,7.676317553,1.1914746339856381,6.484842919014362
30413,2023,0.0,1.1914746339856381,-1.1914746339856381
30413,2024,0.0,1.1914746339856381,-1.1914746339856381
30413,2025,0.0,1.1914746339856381,-1.1914746339856381
30414,2021,10.26306554,1.6966119010329346,8.566453638967065
30414,2022,5.186656854,1.6966119010329346,3.4900449529670654
30414,2023,0.0,1.6966119010329346,-1.6966119010329346
30414,2024,0.0,1.6966119010329346,-1.6966119010329346
30414,2025,0.0,1.6966119010329346,-1.6966119010329346
30415,2021,7.210390779,2.0483400522343382,5.162050726765662
30415,2022,6.737136406,2.0483400522343382,4.688796353765662
30415,2023,0.0,2.0483400522343382,-2.0483400522343382
30415,2024,0.0,2.0483400522343382,-2.0483400522343382
30415,2025,0.0,2.0483400522343382,-2.0483400522343382
30416,2021,6.289177393,1.3691739052586203,4.92000348774138
30416,2022,6.088761389,1.3691739052586203,4.71958748374138
30416,2023,0.0,1.3691739052586203,-1.3691739052586203
30416,2024,0.0,1.3691739052586203,-1.3691739052586203
30416,2025,0.0,1.3691739052586203,-1.3691739052586203
30417,2021,0.0,0.7842091941048528,-0.7842091941048528
30417,2022,0.0,0.7842091941048528,-0.7842091941048528
30417,2023,0.0,0.7842091941048528,-0.7842091941048528
30417,2024,0.0,0.7842091941048528,-0.7842091941048528
30417,2025,0.0,0.7842091941048528,-0.7842091941048528
30501,2021,10.29737545,2.3998935408858513,7.897481909114149
30501,2022,9.355796448,2.3998935408858513,6.955902907114148
30501,2023,0.0,2.3998935408858513,-2.3998935408858513
30501,2024,0.0,2.3998935408858513,-2.3998935408858513
30501,2025,0.0,2.3998935408858513,-2.3998935408858513
30502,2021,0.0,2.148289088912028,-2.148289088912028
30502,2022,7.553977362,2.148289088912028,5.405688273087972
30502,2023,0.0,2.148289088912028,-2.148289088912028
30502,2024,0.0,2.148289088912028,-2.148289088912028
30502,2025,0.0,2.148289088912028,-2.148289088912028
30503,2021,7.140916028,2.351396185492584,4.789519842507417
30503,2022,6.708558785,2.351396185492584,4.357162599507417
30503,2023,0.0,2.351396185492584,-2.351396185492584
30503,2024,0.0,2.351396185492584,-2.351396185492584
30503,2025,0.0,2.351396185492584,-2.351396185492584
30504,2021,0.0,3.061879934210117,-3.061879934210117
30504,2022,4.712176406,3.061879934210117,1.6502964717898831
30504,2023,0.0,3.061879934210117,-3.061879934210117
30504,2024,0.0,3.061879934210117,-3.061879934210117
30504,2025,0.0,3.061879934210117,-3.061879934210117
30505,2021,6.463363958,2.249023236472331,4.21434072152767
30505,2022,7.175385009,2.249023236472331,4.926361772527669
30505,2023,0.0,2.249023236472331,-2.249023236472331
30505,2024,0.0,2.249023236472331,-2.249023236472331
30505,2025,0.0,2.249023236472331,-2.249023236472331
30506,2021,11.92110653,2.6161306625991014,9.304975867400898
30506,2022,12.26056229,2.6161306625991014,9.644431627400898
30506,2023,0.0,2.6161306625991014,-2.6161306625991014
30506,2024,0.0,2.6161306625991014,-2.6161306625991014
30506,2025,0.0,2.6161306625991014,-2.6161306625991014
30601,2021,11.52727625,2.1773823074807974,9.349893942519202
30601,2022,9.633148812,2.1773823074807974,7.455766504519202
30601,2023,0.0,2.1773823074807974,-2.1773823074807974
30601,2024,0.0,2.1773823074807974,-2.1773823074807974
30601,2025,0.0,2.1773823074807974,-2.1773823074807974
30602,2021,0.0,2.0128086126156135,-2.0128086126156135
30602,2022,3.101572126,2.0128086126156135,1.0887635133843867
30602,2023,0.0,2.0128086126156135,-2.0128086126156135
30602,2024,0.0,2.0128086126156135,-2.0128086126156135
30602,2025,0.0,2.0128086126156135,-2.0128086126156135
30603,2021,7.733425077,1.9015079656914478,5.831917111308552
30603,2022,7.772594419,1.9015079656914478,5.871086453308552
30603,2023,0.0,1.9015079656914478,-1.9015079656914478
30603,2024,0.0,1.9015079656914478,-1.9015079656914478
30603,2025,0.0,1.9015079656914478,-1.9015079656914478
30604,2021,3.791342842,2.1956086555117484,1.5957341864882517
30604,2022,4.576097804,2.1956086555117484,2.3804891484882513
30604,2023,0.0,2.1956086555117484,-2.1956086555117484
30604,2024,0.0,2.1956086555117484,-2.1956086555117484
30604,2025,0.0,2.1956086555117484,-2.1956086555117484
30605,2021,7.136982879,2.0774213155792776,5.059561563420722
30605,2022,7.624123982,2.0774213155792776,5.546702666420723
30605,2023,0.0,2.0774213155792776,-2.0774213155792776
30605,2024,0.0,2.0774213155792776,-2.0774213155792776
30605,2025,0.0,2.0774213155792776,-2.0774213155792776
30606,2021,7.242898061,1.981221977074634,5.261676083925366
30606,2022,6.812851738,1.981221977074634,4.831629760925366
30606,2023,0.0,1.981221977074634,-1.981221977074634
30606,2024,0.0,1.981221977074634,-1.981221977074634
30606,2025,0.0,1.981221977074634,-1.981221977074634
30607,2021,11.3071022,1.9116280830943004,9.3954741169057
30607,2022,8.458849551,1.9116280830943004,6.5472214679056995
30607,2023,0.0,1.9116280830943004,-1.9116280830943004
30607,2024,0.0,1.9116280830943004,-1.9116280830943004
30607,2025,0.0,1.9116280830943004,-1.9116280830943004
30608,2021,7.124153551,1.8106059402390189,5.313547610760981
30608,2022,7.314096194,1.8106059402390189,5.503490253760981
30608,2023,0.0,1.8106059402390189,-1.8106059402390189
30608,2024,0.0,1.8106059402390189,-1.8106059402390189
30608,2025,0.0,1.8106059402390189,-1.8106059402390189
30609,2021,6.45001677,1.882950206778653,4.567066563221347
30609,2022,5.963881732,1.882950206778653,4.080931525221347
30609,2023,0.0,1.882950206778653,-1.882950206778653
30609,2024,0.0,1.882950206778653,-1.882950206778653
30609,2025,0.0,1.882950206778653,-1.882950206778653
30610,2021,5.883411521,1.4530322129421518,4.430379308057848
30610,2022,6.523562306,1.4530322129421518,5.070530093057847
30610,2023,0.0,1.4530322129421518,-1.4530322129421518
30610,2024,0.0,1.4530322129421518,-1.4530322129421518
30610,2025,0.0,1.4530322129421518,-1.4530322129421518
30611,2021,6.683654906,1.5232311325457977,5.160423773454203
30611,2022,7.867720254,1.5232311325457977,6.3444891214542025
30611,2023,0.0,1.5232311325457977,-1.5232311325457977
30611,2024,0.0,1.5232311325457977,-1.5232311325457977
30611,2025,0.0,1.5232311325457977,-1.5232311325457977
30612,2024,0.0,1.0977605732102882,-1.0977605732102882
30612,2025,0.0,1.0977605732102882,-1.0977605732102882
30701,2021,10.52857428,2.2424011330630926,8.286173146936909
30701,2022,9.69832724,2.2424011330630926,7.455926106936907
30701,2023,0.0,2.2424011330630926,-2.2424011330630926
30701,2024,0.0,2.2424011330630926,-2.2424011330630926
30701,2025,0.0,2.2424011330630926,-2.2424011330630926
30702,2021,7.830678964,1.0550664211568774,6.775612542843122
30702,2022,5.861260945,1.0550664211568774,4.806194523843122
30702,2023,0.0,1.0550664211568774,-1.0550664211568774
30702,2024,0.0,1.0550664211568774,-1.0550664211568774
30702,2025,0.0,1.0550664211568774,-1.0550664211568774
30703,2021,6.717466065,1.9863497557938317,4.731116309206168
30703,2022,7.054186011,1.9863497557938317,5.067836255206168
30703,2023,0.0,1.9863497557938317,-1.9863497557938317
30703,2024,0.0,1.9863497557938317,-1.9863497557938317
30703,2025,0.0,1.9863497557938317,-1.9863497557938317
30704,2021,8.201769864,0.9084349087616771,7.293334955238322
30704,2022,8.263590433,0.9084349087616771,7.355155524238322
30704,2023,0.0,0.9084349087616771,-0.9084349087616771
30704,2024,0.0,0.9084349087616771,-0.9084349087616771
30704,2025,0.0,0.9084349087616771,-0.9084349087616771
30705,2021,0.0,0.9733164300817028,-0.9733164300817028
30705,2022,0.0,0.9733164300817028,-0.9733164300817028
30705,2023,0.0,0.9733164300817028,-0.9733164300817028
30705,2024,0.0,0.9733164300817028,-0.9733164300817028
30705,2025,0.0,0.9733164300817028,-0.9733164300817028
30706,2021,0.0,0.8322628755054549,-0.8322628755054549
30706,2022,0.0,0.8322628755054549,-0.8322628755054549
30706,2023,0.0,0.8322628755054549,-0.8322628755054549
30706,2024,0.0,0.8322628755054549,-0.8322628755054549
30706,2025,0.0,0.8322628755054549,-0.8322628755054549
30707,2021,0.0,1.6786402471301696,-1.6786402471301696
30707,2022,0.0,1.6786402471301696,-1.6786402471301696
30707,2023,0.0,1.6786402471301696,-1.6786402471301696
30707,2024,0.0,1.6786402471301696,-1.6786402471301696
30707,2025,0.0,1.6786402471301696,-1.6786402471301696
30708,2021,8.65753016,1.3908713662533334,7.266658793746667
30708,2022,6.439350371,1.3908713662533334,5.0484790047466666
30708,2023,0.0,1.3908713662533334,-1.3908713662533334
30708,2024,0.0,1.3908713662533334,-1.3908713662533334
30708,2025,0.0,1.3908713662533334,-1.3908713662533334
30709,2021,0.0,0.7233703393424294,-0.7233703393424294
30709,2022,8.277475545,0.7233703393424294,7.55410520565757
30709,2023,0.0,0.7233703393424294,-0.7233703393424294
30709,2024,0.0,0.7233703393424294,-0.7233703393424294
30709,2025,0.0,0.7233703393424294,-0.7233703393424294
30710,2021,10.950197,1.0771915760299675,9.873005423970032
30710,2022,8.311994801,1.0771915760299675,7.234803224970033
30710,2023,0.0,1.0771915760299675,-1.0771915760299675
30710,2024,0.0,1.0771915760299675,-1.0771915760299675
30710,2025,0.0,1.0771915760299675,-1.0771915760299675
30711,2023,0.0,0.88950750590568,-0.88950750590568
30711,2024,0.0,0.88950750590568,-0.88950750590568
30711,2025,0.0,0.88950750590568,-0.88950750590568
30712,2021,0.0,1.1527367919357656,-1.1527367919357656
30712,2022,0.0,1.1527367919357656,-1.1527367919357656
30712,2023,0.0,1.1527367919357656,-1.1527367919357656
30712,2024,0.0,1.1527367919357656,-1.1527367919357656
30712,2025,0.0,1.1527367919357656,-1.1527367919357656
30713,2021,4.699495032,0.9504933988047152,3.7490016331952845
30713,2022,0.0,0.9504933988047152,-0.9504933988047152
30713,2023,0.0,0.9504933988047152,-0.9504933988047152
30713,2024,0.0,0.9504933988047152,-0.9504933988047152
30713,2025,0.0,0.9504933988047152,-0.9504933988047152
30714,2021,4.33283639,1.2331866463298837,3.099649743670116
30714,2022,0.0,1.2331866463298837,-1.2331866463298837
30714,2023,0.0,1.2331866463298837,-1.2331866463298837
30714,2024,0.0,1.2331866463298837,-1.2331866463298837
30714,2025,0.0,1.2331866463298837,-1.2331866463298837
40102,2021,5.648171526,2.679783825941343,2.9683877000586567
40102,2022,5.502605336,2.679783825941343,2.8228215100586573
40102,2023,0.0,2.679783825941343,-2.679783825941343
40102,2024,0.0,2.679783825941343,-2.679783825941343
40102,2025,0.0,2.679783825941343,-2.679783825941343
40103,2021,8.405803537,2.6685105970281984,5.737292939971802
40103,2022,7.63665432,2.6685105970281984,4.968143722971801
40103,2023,0.0,2.6685105970281984,-2.6685105970281984
40103,2024,0.0,2.6685105970281984,-2.6685105970281984
40103,2025,0.0,2.6685105970281984,-2.6685105970281984
40104,2021,5.545620707,2.6144349862525247,2.9311857207474756
40104,2022,5.906822363,2.6144349862525247,3.292387376747475
40104,2023,0.0,2.6144349862525247,-2.6144349862525247
40104,2024,0.0,2.6144349862525247,-2.6144349862525247
40104,2025,0.0,2.6144349862525247,-2.6144349862525247
40105,2021,5.866696181,1.8177768818766133,4.048919299123387
40105,2022,5.865320924,1.8177768818766133,4.047544042123386
40105,2023,0.0,1.8177768818766133,-1.8177768818766133
40105,2024,0.0,1.8177768818766133,-1.8177768818766133
40105,2025,0.0,1.8177768818766133,-1.8177768818766133
40106,2021,6.065428781,1.1929247629509565,4.872504018049043
40106,2022,5.801163873,1.1929247629509565,4.608239110049044
40106,2023,0.0,1.1929247629509565,-1.1929247629509565
40106,2024,0.0,1.1929247629509565,-1.1929247629509565
40106,2025,0.0,1.1929247629509565,-1.1929247629509565
40107,2021,5.345735296,2.2998765696460017,3.0458587263539982
40107,2022,5.417954826,2.2998765696460017,3.118078256353998
40107,2023,0.0,2.2998765696460017,-2.2998765696460017
40107,2024,0.0,2.2998765696460017,-2.2998765696460017
40107,2025,0.0,2.2998765696460017,-2.2998765696460017
40108,2021,9.840100761,2.9946659763652232,6.845434784634778
40108,2022,10.506989,2.9946659763652232,7.512323023634778
40108,2023,0.0,2.9946659763652232,-2.9946659763652232
40108,2024,0.0,2.9946659763652232,-2.9946659763652232
40108,2025,0.0,2.9946659763652232,-2.9946659763652232
40109,2021,5.043290499,2.5321650802752935,2.5111254187247067
40109,2022,5.656729307,2.5321650802752935,3.1245642267247065
40109,2023,0.0,2.5321650802752935,-2.5321650802752935
40109,2024,0.0,2.5321650802752935,-2.5321650802752935
40109,2025,0.0,2.5321650802752935,-2.5321650802752935
40110,2021,5.424705249,2.2411767090343093,3.1835285399656903
40110,2022,5.701832371,2.2411767090343093,3.4606556619656907
40110,2023,0.0,2.2411767090343093,-2.2411767090343093
40110,2024,0.0,2.2411767090343093,-2.2411767090343093
40110,2025,0.0,2.2411767090343093,-2.2411767090343093
40111,2021,6.195458238,1.6833302658889884,4.512127972111012
40111,2022,7.393869188,1.6833302658889884,5.710538922111011
40111,2023,0.0,1.6833302658889884,-1.6833302658889884
40111,2024,0.0,1.6833302658889884,-1.6833302658889884
40111,2025,0.0,1.6833302658889884,-1.6833302658889884
40112,2021,5.488911775,2.5866215299065756,2.9022902450934245
40112,2022,5.742561086,2.5866215299065756,3.1559395560934247
40112,2023,0.0,2.5866215299065756,-2.5866215299065756
40112,2024,0.0,2.5866215299065756,-2.5866215299065756
40112,2025,0.0,2.5866215299065756,-2.5866215299065756
40113,2021,0.0,0.8205996091908956,-0.8205996091908956
40113,2022,0.0,0.8205996091908956,-0.8205996091908956
40113,2023,0.0,0.8205996091908956,-0.8205996091908956
40113,2024,0.0,0.8205996091908956,-0.8205996091908956
40113,2025,0.0,0.8205996091908956,-0.8205996091908956
40114,2021,0.0,1.043081304647515,-1.043081304647515
40114,2022,0.0,1.043081304647515,-1.043081304647515
40114,2023,0.0,1.043081304647515,-1.043081304647515
40114,2024,0.0,1.043081304647515,-1.043081304647515
40114,2025,0.0,1.043081304647515,-1.043081304647515
40115,2021,0.0,1.8520450154107806,-1.8520450154107806
40115,2022,0.0,1.8520450154107806,-1.8520450154107806
40115,2023,0.0,1.8520450154107806,-1.8520450154107806
40115,2024,0.0,1.8520450154107806,-1.8520450154107806
40115,2025,0.0,1.8520450154107806,-1.8520450154107806
40116,2021,5.668894155,1.4018009285525563,4.267093226447444
40116,2022,5.873804373,1.4018009285525563,4.472003444447443
40116,2023,0.0,1.4018009285525563,-1.4018009285525563
40116,2024,0.0,1.4018009285525563,-1.4018009285525563
40116,2025,0.0,1.4018009285525563,-1.4018009285525563
40117,2021,5.940566142,2.1587847293863804,3.7817814126136193
40117,2022,6.194966264,2.1587847293863804,4.036181534613619
40117,2023,0.0,2.1587847293863804,-2.1587847293863804
40117,2024,0.0,2.1587847293863804,-2.1587847293863804
40117,2025,0.0,2.1587847293863804,-2.1587847293863804
40118,2024,0.0,0.9597599895031304,-0.9597599895031304
40119,2021,0.0,1.459882105782632,-1.459882105782632
40119,2022,0.0,1.459882105782632,-1.459882105782632
40119,2023,0.0,1.459882105782632,-1.459882105782632
40119,2024,0.0,1.459882105782632,-1.459882105782632
40119,2025,0.0,1.459882105782632,-1.459882105782632
40121,2021,0.0,1.3995043383179797,-1.3995043383179797
40121,2022,0.0,1.3995043383179797,-1.3995043383179797
40121,2023,0.0,1.3995043383179797,-1.3995043383179797
40121,2024,0.0,1.3995043383179797,-1.3995043383179797
40121,2025,0.0,1.3995043383179797,-1.3995043383179797
40122,2021,6.400140023,2.3885052324062115,4.011634790593789
40122,2022,8.081576773,2.3885052324062115,5.693071540593788
40122,2023,0.0,2.3885052324062115,-2.3885052324062115
40122,2024,0.0,2.3885052324062115,-2.3885052324062115
40122,2025,0.0,2.3885052324062115,-2.3885052324062115
40123,2021,5.242848701,1.8047076416265653,3.4381410593734345
40123,2022,5.230177129,1.8047076416265653,3.425469487373435
40123,2023,0.0,1.8047076416265653,-1.8047076416265653
40123,2024,0.0,1.8047076416265653,-1.8047076416265653
40123,2025,0.0,1.8047076416265653,-1.8047076416265653
40124,2021,0.0,1.9437258751221294,-1.9437258751221294
40124,2022,0.0,1.9437258751221294,-1.9437258751221294
40124,2023,0.0,1.9437258751221294,-1.9437258751221294
40124,2024,0.0,1.9437258751221294,-1.9437258751221294
40124,2025,0.0,1.9437258751221294,-1.9437258751221294
40125,2021,1.919592841,1.2792186945119859,0.6403741464880142
40125,2022,4.371475888,1.2792186945119859,3.092257193488014
40125,2023,0.0,1.2792186945119859,-1.2792186945119859
40125,2024,0.0,1.2792186945119859,-1.2792186945119859
40125,2025,0.0,1.2792186945119859,-1.2792186945119859
40126,2021,4.985650431,2.01575700940703,2.9698934215929698
40126,2022,5.899958689,2.01575700940703,3.88420167959297
40126,2023,0.0,2.01575700940703,-2.01575700940703
40126,2024,0.0,2.01575700940703,-2.01575700940703
40126,2025,0.0,2.01575700940703,-2.01575700940703
40127,2021,9.546053575,1.189601302020336,8.356452272979665
40127,2022,9.58930239,1.189601302020336,8.399701087979665
40127,2023,0.0,1.189601302020336,-1.189601302020336
40127,2024,0.0,1.189601302020336,-1.189601302020336
40127,2025,0.0,1.189601302020336,-1.189601302020336
40128,2021,6.515821591,2.798980626548989,3.716840964451011
40128,2022,6.279229068,2.798980626548989,3.4802484414510113
40128,2023,0.0,2.798980626548989,-2.798980626548989
40128,2024,0.0,2.798980626548989,-2.798980626548989
40128,2025,0.0,2.798980626548989,-2.798980626548989
40129,2021,5.417913637,2.8173576657862074,2.6005559712137924
40129,2022,5.859700989,2.8173576657862074,3.042343323213793
40129,2023,0.0,2.8173576657862074,-2.8173576657862074
40129,2024,0.0,2.8173576657862074,-2.8173576657862074
40129,2025,0.0,2.8173576657862074,-2.8173576657862074
40201,2021,11.89804434,1.6280328487102753,10.270011491289726
40201,2022,11.18600548,1.6280328487102753,9.557972631289726
40201,2023,0.0,1.6280328487102753,-1.6280328487102753
40201,2024,0.0,1.6280328487102753,-1.6280328487102753
40201,2025,0.0,1.6280328487102753,-1.6280328487102753
40202,2021,7.686365716,0.9249552530888793,6.761410462911121
40202,2022,10.62568739,0.9249552530888793,9.700732136911121
40202,2023,0.0,0.9249552530888793,-0.9249552530888793
40202,2024,0.0,0.9249552530888793,-0.9249552530888793
40202,2025,0.0,0.9249552530888793,-0.9249552530888793
40203,2021,6.387566513,0.6847661546829908,5.70280035831701
40203,2022,6.477892341,0.6847661546829908,5.79312618631701
40203,2023,0.0,0.6847661546829908,-0.6847661546829908
40203,2024,0.0,0.6847661546829908,-0.6847661546829908
40203,2025,0.0,0.6847661546829908,-0.6847661546829908
40204,2021,0.0,1.2192190118718613,-1.2192190118718613
40204,2022,0.0,1.2192190118718613,-1.2192190118718613
40204,2023,0.0,1.2192190118718613,-1.2192190118718613
40204,2024,0.0,1.2192190118718613,-1.2192190118718613
40204,2025,0.0,1.2192190118718613,-1.2192190118718613
40205,2021,0.0,0.733169232974821,-0.733169232974821
40205,2022,0.0,0.733169232974821,-0.733169232974821
40205,2023,0.0,0.733169232974821,-0.733169232974821
40205,2024,0.0,0.733169232974821,-0.733169232974821
40205,2025,0.0,0.733169232974821,-0.733169232974821
40206,2021,0.0,1.0564796834840713,-1.0564796834840713
40206,2022,0.0,1.0564796834840713,-1.0564796834840713
40206,2023,0.0,1.0564796834840713,-1.0564796834840713
40206,2024,0.0,1.0564796834840713,-1.0564796834840713
40206,2025,0.0,1.0564796834840713,-1.0564796834840713
40207,2021,6.385347691,1.3082783429455536,5.077069348054446
40207,2022,5.638132225,1.3082783429455536,4.329853882054446
40207,2023,0.0,1.3082783429455536,-1.3082783429455536
40207,2024,0.0,1.3082783429455536,-1.3082783429455536
40207,2025,0.0,1.3082783429455536,-1.3082783429455536
40208,2021,0.0,1.937055383940716,-1.937055383940716
40208,2022,0.0,1.937055383940716,-1.937055383940716
40208,2023,0.0,1.937055383940716,-1.937055383940716
40208,2024,0.0,1.937055383940716,-1.937055383940716
40208,2025,0.0,1.937055383940716,-1.937055383940716
40301,2021,0.0,1.205813358569595,-1.205813358569595
40301,2022,0.0,1.205813358569595,-1.205813358569595
40301,2023,0.0,1.205813358569595,-1.205813358569595
40301,2024,0.0,1.205813358569595,-1.205813358569595
40301,2025,0.0,1.205813358569595,-1.205813358569595
40302,2021,4.570360781,0.9089599765426938,3.661400804457306
40302,2022,0.0,0.9089599765426938,-0.9089599765426938
40302,2023,0.0,0.9089599765426938,-0.9089599765426938
40302,2024,0.0,0.9089599765426938,-0.9089599765426938
40302,2025,0.0,0.9089599765426938,-0.9089599765426938
40303,2021,0.0,1.2400919776344765,-1.2400919776344765
40303,2022,0.0,1.2400919776344765,-1.2400919776344765
40303,2023,0.0,1.2400919776344765,-1.2400919776344765
40303,2024,0.0,1.2400919776344765,-1.2400919776344765
40303,2025,0.0,1.2400919776344765,-1.2400919776344765
40304,2021,7.26152601,0.8641845453062474,6.397341464693753
40304,2022,7.522197398,0.8641845453062474,6.658012852693753
40304,2025,0.0,0.8641845453062474,-0.8641845453062474
40305,2021,0.0,0.9337149154370815,-0.9337149154370815
40305,2022,0.0,0.9337149154370815,-0.9337149154370815
40305,2023,0.0,0.9337149154370815,-0.9337149154370815
40305,2024,0.0,0.9337149154370815,-0.9337149154370815
40305,2025,0.0,0.9337149154370815,-0.9337149154370815
40306,2021,7.285734989,1.1582035029710105,6.127531486028989
40306,2022,6.094536732,1.1582035029710105,4.936333229028989
40306,2023,0.0,1.1582035029710105,-1.1582035029710105
40306,2024,0.0,1.1582035029710105,-1.1582035029710105
40306,2025,0.0,1.1582035029710105,-1.1582035029710105
40307,2021,0.0,0.9406569950354339,-0.9406569950354339
40307,2022,0.0,0.9406569950354339,-0.9406569950354339
40307,2023,0.0,0.9406569950354339,-0.9406569950354339
40307,2024,0.0,0.9406569950354339,-0.9406569950354339
40307,2025,0.0,0.9406569950354339,-0.9406569950354339
40308,2021,0.0,1.3027944874156132,-1.3027944874156132
40308,2022,0.0,1.3027944874156132,-1.3027944874156132
40308,2023,0.0,1.3027944874156132,-1.3027944874156132
40308,2024,0.0,1.3027944874156132,-1.3027944874156132
40308,2025,0.0,1.3027944874156132,-1.3027944874156132
40309,2021,5.482551508,1.255679529851492,4.226871978148508
40309,2022,6.12832373,1.255679529851492,4.872644200148508
40309,2023,0.0,1.255679529851492,-1.255679529851492
40309,2024,0.0,1.255679529851492,-1.255679529851492
40309,2025,0.0,1.255679529851492,-1.255679529851492
40310,2021,0.0,1.3948639337556497,-1.3948639337556497
40310,2022,0.0,1.3948639337556497,-1.3948639337556497
40310,2023,0.0,1.3948639337556497,-1.3948639337556497
40310,2024,0.0,1.3948639337556497,-1.3948639337556497
40310,2025,0.0,1.3948639337556497,-1.3948639337556497
40311,2021,0.0,1.1038117948413282,-1.1038117948413282
40311,2022,0.0,1.1038117948413282,-1.1038117948413282
40311,2023,0.0,1.1038117948413282,-1.1038117948413282
40311,2024,0.0,1.1038117948413282,-1.1038117948413282
40311,2025,0.0,1.1038117948413282,-1.1038117948413282
40312,2021,0.0,1.5393385651096905,-1.5393385651096905
40312,2024,0.0,1.5393385651096905,-1.5393385651096905
40312,2025,0.0,1.5393385651096905,-1.5393385651096905
40313,2021,0.0,1.012284074681922,-1.012284074681922
40313,2022,0.0,1.012284074681922,-1.012284074681922
40313,2023,0.0,1.012284074681922,-1.012284074681922
40313,2024,0.0,1.012284074681922,-1.012284074681922
40313,2025,0.0,1.012284074681922,-1.012284074681922
40401,2021,10.66488603,1.084292471412101,9.5805935585879
40401,2022,9.965080281,1.084292471412101,8.8807878095879
40401,2023,0.0,1.084292471412101,-1.084292471412101
40401,2024,0.0,1.084292471412101,-1.084292471412101
40401,2025,0.0,1.084292471412101,-1.084292471412101
40402,2021,0.0,0.7972781583722551,-0.7972781583722551
40402,2022,0.0,0.7972781583722551,-0.7972781583722551
40402,2023,0.0,0.7972781583722551,-0.7972781583722551
40402,2024,0.0,0.7972781583722551,-0.7972781583722551
40402,2025,0.0,0.7972781583722551,-0.7972781583722551
40403,2021,0.0,0.9019982236920768,-0.9019982236920768
40403,2022,0.0,0.9019982236920768,-0.9019982236920768
40403,2023,0.0,0.9019982236920768,-0.9019982236920768
40403,2024,0.0,0.9019982236920768,-0.9019982236920768
40403,2025,0.0,0.9019982236920768,-0.9019982236920768
40404,2021,0.0,1.1650150874309608,-1.1650150874309608
40404,2022,0.0,1.1650150874309608,-1.1650150874309608
40404,2023,0.0,1.1650150874309608,-1.1650150874309608
40404,2024,0.0,1.1650150874309608,-1.1650150874309608
40404,2025,0.0,1.1650150874309608,-1.1650150874309608
40405,2021,0.0,1.0610179848699655,-1.0610179848699655
40405,2022,0.0,1.0610179848699655,-1.0610179848699655
40405,2023,0.0,1.0610179848699655,-1.0610179848699655
40405,2024,0.0,1.0610179848699655,-1.0610179848699655
40405,2025,0.0,1.0610179848699655,-1.0610179848699655
40406,2021,0.0,1.1237313086646081,-1.1237313086646081
40406,2022,0.0,1.1237313086646081,-1.1237313086646081
40406,2023,0.0,1.1237313086646081,-1.1237313086646081
40406,2024,0.0,1.1237313086646081,-1.1237313086646081
40406,2025,0.0,1.1237313086646081,-1.1237313086646081
40407,2021,0.0,0.9202476888002258,-0.9202476888002258
40407,2022,0.0,0.9202476888002258,-0.9202476888002258
40407,2023,0.0,0.9202476888002258,-0.9202476888002258
40407,2024,0.0,0.9202476888002258,-0.9202476888002258
40407,2025,0.0,0.9202476888002258,-0.9202476888002258
40408,2021,0.0,0.42548174668128524,-0.42548174668128524
40408,2022,0.0,0.42548174668128524,-0.42548174668128524
40408,2023,0.0,0.42548174668128524,-0.42548174668128524
40408,2024,0.0,0.42548174668128524,-0.42548174668128524
40408,2025,0.0,0.42548174668128524,-0.42548174668128524
40409,2021,0.0,1.2519513410709748,-1.2519513410709748
40409,2022,0.0,1.2519513410709748,-1.2519513410709748
40409,2023,0.0,1.2519513410709748,-1.2519513410709748
40409,2024,0.0,1.2519513410709748,-1.2519513410709748
40409,2025,0.0,1.2519513410709748,-1.2519513410709748
40410,2021,0.0,1.0451255369609989,-1.0451255369609989
40410,2022,0.0,1.0451255369609989,-1.0451255369609989
40410,2023,0.0,1.0451255369609989,-1.0451255369609989
40410,2024,0.0,1.0451255369609989,-1.0451255369609989
40410,2025,0.0,1.0451255369609989,-1.0451255369609989
40411,2021,6.986335379,1.165350271925645,5.820985107074355
40411,2022,6.2836863,1.165350271925645,5.1183360280743555
40411,2023,0.0,1.165350271925645,-1.165350271925645
40411,2024,0.0,1.165350271925645,-1.165350271925645
40411,2025,0.0,1.165350271925645,-1.165350271925645
40412,2021,0.0,0.7887854459625958,-0.7887854459625958
40412,2023,0.0,0.7887854459625958,-0.7887854459625958
40412,2024,0.0,0.7887854459625958,-0.7887854459625958
40412,2025,0.0,0.7887854459625958,-0.7887854459625958
40413,2021,0.0,0.7262876166793382,-0.7262876166793382
40413,2022,7.026426809,0.7262876166793382,6.300139192320662
40413,2023,0.0,0.7262876166793382,-0.7262876166793382
40413,2024,0.0,0.7262876166793382,-0.7262876166793382
40413,2025,0.0,0.7262876166793382,-0.7262876166793382
40414,2021,0.0,0.7578948759964906,-0.7578948759964906
40414,2022,0.0,0.7578948759964906,-0.7578948759964906
40414,2023,0.0,0.7578948759964906,-0.7578948759964906
40414,2024,0.0,0.7578948759964906,-0.7578948759964906
40414,2025,0.0,0.7578948759964906,-0.7578948759964906
40501,2021,0.0,2.070430818545056,-2.070430818545056
40501,2022,0.0,2.070430818545056,-2.070430818545056
40501,2023,0.0,2.070430818545056,-2.070430818545056
40501,2024,0.0,2.070430818545056,-2.070430818545056
40501,2025,0.0,2.070430818545056,-2.070430818545056
40502,2021,0.0,0.7593703682342078,-0.7593703682342078
40502,2022,0.0,0.7593703682342078,-0.7593703682342078
40502,2023,0.0,0.7593703682342078,-0.7593703682342078
40502,2024,0.0,0.7593703682342078,-0.7593703682342078
40502,2025,0.0,0.7593703682342078,-0.7593703682342078
40503,2021,0.0,1.3759409200098425,-1.3759409200098425
40503,2022,0.0,1.3759409200098425,-1.3759409200098425
40503,2023,0.0,1.3759409200098425,-1.3759409200098425
40503,2024,0.0,1.3759409200098425,-1.3759409200098425
40503,2025,0.0,1.3759409200098425,-1.3759409200098425
40504,2021,0.0,1.0180241080184185,-1.0180241080184185
40504,2022,0.0,1.0180241080184185,-1.0180241080184185
40504,2023,0.0,1.0180241080184185,-1.0180241080184185
40504,2024,0.0,1.0180241080184185,-1.0180241080184185
40504,2025,0.0,1.0180241080184185,-1.0180241080184185
40505,2021,0.0,1.5061537448214257,-1.5061537448214257
40505,2022,0.0,1.5061537448214257,-1.5061537448214257
40505,2023,0.0,1.5061537448214257,-1.5061537448214257
40505,2024,0.0,1.5061537448214257,-1.5061537448214257
40505,2025,0.0,1.5061537448214257,-1.5061537448214257
40506,2021,0.0,1.1915442523096387,-1.1915442523096387
40506,2022,0.0,1.1915442523096387,-1.1915442523096387
40506,2023,0.0,1.1915442523096387,-1.1915442523096387
40506,2024,0.0,1.1915442523096387,-1.1915442523096387
40506,2025,0.0,1.1915442523096387,-1.1915442523096387
40507,2021,0.0,0.9209168879623938,-0.9209168879623938
40507,2022,0.0,0.9209168879623938,-0.9209168879623938
40507,2023,0.0,0.9209168879623938,-0.9209168879623938
40507,2024,0.0,0.9209168879623938,-0.9209168879623938
40507,2025,0.0,0.9209168879623938,-0.9209168879623938
40508,2021,0.0,0.7647513142800899,-0.7647513142800899
40508,2022,0.0,0.7647513142800899,-0.7647513142800899
40508,2023,0.0,0.7647513142800899,-0.7647513142800899
40508,2024,0.0,0.7647513142800899,-0.7647513142800899
40508,2025,0.0,0.7647513142800899,-0.7647513142800899
40509,2021,0.0,0.5957089323881283,-0.5957089323881283
40509,2022,0.0,0.5957089323881283,-0.5957089323881283
40509,2023,0.0,0.5957089323881283,-0.5957089323881283
40509,2024,0.0,0.5957089323881283,-0.5957089323881283
40509,2025,0.0,0.5957089323881283,-0.5957089323881283
40510,2021,0.0,0.4730249497342427,-0.4730249497342427
40510,2022,0.0,0.4730249497342427,-0.4730249497342427
40510,2023,0.0,0.4730249497342427,-0.4730249497342427
40510,2024,0.0,0.4730249497342427,-0.4730249497342427
40510,2025,0.0,0.4730249497342427,-0.4730249497342427
40511,2021,0.0,1.2542879968235556,-1.2542879968235556
40511,2022,0.0,1.2542879968235556,-1.2542879968235556
40511,2023,0.0,1.2542879968235556,-1.2542879968235556
40511,2024,0.0,1.2542879968235556,-1.2542879968235556
40511,2025,0.0,1.2542879968235556,-1.2542879968235556
40512,2021,0.0,0.45904740920504916,-0.45904740920504916
40512,2022,0.0,0.45904740920504916,-0.45904740920504916
40512,2023,0.0,0.45904740920504916,-0.45904740920504916
40512,2024,0.0,0.45904740920504916,-0.45904740920504916
40512,2025,0.0,0.45904740920504916,-0.45904740920504916
40513,2021,0.0,0.25147840021284784,-0.25147840021284784
40513,2023,0.0,0.25147840021284784,-0.25147840021284784
40513,2024,0.0,0.25147840021284784,-0.25147840021284784
40513,2025,0.0,0.25147840021284784,-0.25147840021284784
40514,2021,0.0,1.1153528804136357,-1.1153528804136357
40514,2022,4.33073334,1.1153528804136357,3.215380459586364
40514,2023,0.0,1.1153528804136357,-1.1153528804136357
40514,2024,0.0,1.1153528804136357,-1.1153528804136357
40514,2025,0.0,1.1153528804136357,-1.1153528804136357
40515,2021,0.0,1.1929424699548237,-1.1929424699548237
40515,2023,0.0,1.1929424699548237,-1.1929424699548237
40515,2024,0.0,1.1929424699548237,-1.1929424699548237
40515,2025,0.0,1.1929424699548237,-1.1929424699548237
40516,2021,6.174607526,0.960181624588326,5.214425901411674
40516,2022,5.345064629,0.960181624588326,4.384883004411674
40516,2023,0.0,0.960181624588326,-0.960181624588326
40516,2024,0.0,0.960181624588326,-0.960181624588326
40516,2025,0.0,0.960181624588326,-0.960181624588326
40517,2021,0.0,1.106422862013717,-1.106422862013717
40517,2022,0.0,1.106422862013717,-1.106422862013717
40517,2023,0.0,1.106422862013717,-1.106422862013717
40517,2024,0.0,1.106422862013717,-1.106422862013717
40517,2025,0.0,1.106422862013717,-1.106422862013717
40518,2021,0.0,0.9279048640937178,-0.9279048640937178
40518,2022,0.0,0.9279048640937178,-0.9279048640937178
40518,2023,0.0,0.9279048640937178,-0.9279048640937178
40518,2024,0.0,0.9279048640937178,-0.9279048640937178
40518,2025,0.0,0.9279048640937178,-0.9279048640937178
40519,2021,0.0,1.264046274444405,-1.264046274444405
40519,2022,0.0,1.264046274444405,-1.264046274444405
40519,2023,0.0,1.264046274444405,-1.264046274444405
40519,2024,0.0,1.264046274444405,-1.264046274444405
40519,2025,0.0,1.264046274444405,-1.264046274444405
40520,2021,8.483042879,2.711301877897505,5.7717410011024946
40520,2022,6.675777802,2.711301877897505,3.9644759241024947
40520,2023,0.0,2.711301877897505,-2.711301877897505
40520,2024,0.0,2.711301877897505,-2.711301877897505
40520,2025,0.0,2.711301877897505,-2.711301877897505
40601,2021,0.0,1.2927126007897838,-1.2927126007897838
40601,2022,0.0,1.2927126007897838,-1.2927126007897838
40601,2023,0.0,1.2927126007897838,-1.2927126007897838
40601,2024,0.0,1.2927126007897838,-1.2927126007897838
40601,2025,0.0,1.2927126007897838,-1.2927126007897838
40602,2021,6.581332378,1.517513608676441,5.063818769323559
40602,2023,0.0,1.517513608676441,-1.517513608676441
40602,2024,0.0,1.517513608676441,-1.517513608676441
40602,2025,0.0,1.517513608676441,-1.517513608676441
40603,2021,5.639540206,1.2542470157117602,4.38529319028824
40603,2022,6.164920163,1.2542470157117602,4.9106731472882394
40603,2023,0.0,1.2542470157117602,-1.2542470157117602
40603,2024,0.0,1.2542470157117602,-1.2542470157117602
40603,2025,0.0,1.2542470157117602,-1.2542470157117602
40604,2022,0.0,1.1685948214436703,-1.1685948214436703
40604,2023,0.0,1.1685948214436703,-1.1685948214436703
40604,2024,0.0,1.1685948214436703,-1.1685948214436703
40604,2025,0.0,1.1685948214436703,-1.1685948214436703
40605,2021,0.0,1.1924801984393694,-1.1924801984393694
40605,2022,0.0,1.1924801984393694,-1.1924801984393694
40605,2023,0.0,1.1924801984393694,-1.1924801984393694
40605,2024,0.0,1.1924801984393694,-1.1924801984393694
40605,2025,0.0,1.1924801984393694,-1.1924801984393694
40606,2021,0.0,0.8824242062050648,-0.8824242062050648
40606,2022,0.0,0.8824242062050648,-0.8824242062050648
40606,2023,0.0,0.8824242062050648,-0.8824242062050648
40606,2024,0.0,0.8824242062050648,-0.8824242062050648
40606,2025,0.0,0.8824242062050648,-0.8824242062050648
40607,2021,8.22085151,1.175488596464406,7.045362913535593
40607,2022,0.0,1.175488596464406,-1.175488596464406
40607,2023,0.0,1.175488596464406,-1.175488596464406
40607,2025,0.0,1.175488596464406,-1.175488596464406
40608,2021,6.078957058,1.1990073872123088,4.879949670787692
40608,2022,5.85537376,1.1990073872123088,4.656366372787691
40608,2023,0.0,1.1990073872123088,-1.1990073872123088
40608,2024,0.0,1.1990073872123088,-1.1990073872123088
40608,2025,0.0,1.1990073872123088,-1.1990073872123088
40701,2021,5.85409839,1.6709279671435169,4.183170422856483
40701,2022,6.350512496,1.6709279671435169,4.679584528856483
40701,2023,0.0,1.6709279671435169,-1.6709279671435169
40701,2024,0.0,1.6709279671435169,-1.6709279671435169
40701,2025,0.0,1.6709279671435169,-1.6709279671435169
40702,2021,0.0,0.6085304086661166,-0.6085304086661166
40702,2022,0.0,0.6085304086661166,-0.6085304086661166
40702,2023,0.0,0.6085304086661166,-0.6085304086661166
40702,2024,0.0,0.6085304086661166,-0.6085304086661166
40702,2025,0.0,0.6085304086661166,-0.6085304086661166
40703,2021,0.0,0.810804150595528,-0.810804150595528
40703,2022,0.0,0.810804150595528,-0.810804150595528
40703,2023,0.0,0.810804150595528,-0.810804150595528
40703,2024,0.0,0.810804150595528,-0.810804150595528
40703,2025,0.0,0.810804150595528,-0.810804150595528
40704,2021,0.0,1.0249323526727143,-1.0249323526727143
40704,2022,0.0,1.0249323526727143,-1.0249323526727143
40704,2023,0.0,1.0249323526727143,-1.0249323526727143
40704,2024,0.0,1.0249323526727143,-1.0249323526727143
40704,2025,0.0,1.0249323526727143,-1.0249323526727143
40705,2021,0.0,0.7755924171101207,-0.7755924171101207
40705,2022,0.0,0.7755924171101207,-0.7755924171101207
40705,2023,0.0,0.7755924171101207,-0.7755924171101207
40705,2024,0.0,0.7755924171101207,-0.7755924171101207
40705,2025,0.0,0.7755924171101207,-0.7755924171101207
40706,2021,3.591379378,0.8475834431107826,2.7437959348892176
40706,2022,3.953862664,0.8475834431107826,3.1062792208892174
40706,2023,0.0,0.8475834431107826,-0.8475834431107826
40706,2024,0.0,0.8475834431107826,-0.8475834431107826
40706,2025,0.0,0.8475834431107826,-0.8475834431107826
40801,2021,0.0,1.5527584500778038,-1.5527584500778038
40801,2022,0.0,1.5527584500778038,-1.5527584500778038
40801,2023,0.0,1.5527584500778038,-1.5527584500778038
40801,2024,0.0,1.5527584500778038,-1.5527584500778038
40801,2025,0.0,1.5527584500778038,-1.5527584500778038
40802,2021,0.0,0.26151592665422535,-0.26151592665422535
40802,2022,0.0,0.26151592665422535,-0.26151592665422535
40802,2023,0.0,0.26151592665422535,-0.26151592665422535
40802,2024,0.0,0.26151592665422535,-0.26151592665422535
40802,2025,0.0,0.26151592665422535,-0.26151592665422535
40803,2021,0.0,0.1723708220178274,-0.1723708220178274
40803,2022,0.0,0.1723708220178274,-0.1723708220178274
40803,2023,0.0,0.1723708220178274,-0.1723708220178274
40803,2024,0.0,0.1723708220178274,-0.1723708220178274
40803,2025,0.0,0.1723708220178274,-0.1723708220178274
40804,2021,0.0,0.808746744782796,-0.808746744782796
40804,2022,0.0,0.808746744782796,-0.808746744782796
40804,2023,0.0,0.808746744782796,-0.808746744782796
40804,2024,0.0,0.808746744782796,-0.808746744782796
40804,2025,0.0,0.808746744782796,-0.808746744782796
40805,2021,0.0,0.7370574379736717,-0.7370574379736717
40805,2022,0.0,0.7370574379736717,-0.7370574379736717
40805,2023,0.0,0.7370574379736717,-0.7370574379736717
40805,2024,0.0,0.7370574379736717,-0.7370574379736717
40805,2025,0.0,0.7370574379736717,-0.7370574379736717
40806,2021,0.0,1.3336442976111493,-1.3336442976111493
40806,2022,0.0,1.3336442976111493,-1.3336442976111493
40806,2023,0.0,1.3336442976111493,-1.3336442976111493
40806,2024,0.0,1.3336442976111493,-1.3336442976111493
40806,2025,0.0,1.3336442976111493,-1.3336442976111493
40807,2021,6.889261994,0.41077469077699924,6.478487303223001
40807,2022,4.394449155,0.41077469077699924,3.983674464223001
40807,2023,0.0,0.41077469077699924,-0.41077469077699924
40807,2025,0.0,0.41077469077699924,-0.41077469077699924
40808,2023,0.0,0.34989091658321037,-0.34989091658321037
40808,2024,0.0,0.34989091658321037,-0.34989091658321037
40808,2025,0.0,0.34989091658321037,-0.34989091658321037
40809,2021,0.0,0.4959717015445419,-0.4959717015445419
40809,2022,0.0,0.4959717015445419,-0.4959717015445419
40809,2023,0.0,0.4959717015445419,-0.4959717015445419
40809,2024,0.0,0.4959717015445419,-0.4959717015445419
40809,2025,0.0,0.4959717015445419,-0.4959717015445419
40810,2021,0.0,0.5662205903143154,-0.5662205903143154
40810,2023,0.0,0.5662205903143154,-0.5662205903143154
40810,2024,0.0,0.5662205903143154,-0.5662205903143154
40810,2025,0.0,0.5662205903143154,-0.5662205903143154
40811,2021,0.0,1.063860690487855,-1.063860690487855
40811,2023,0.0,1.063860690487855,-1.063860690487855
40811,2024,0.0,1.063860690487855,-1.063860690487855
40811,2025,0.0,1.063860690487855,-1.063860690487855
50101,2021,9.58027809,2.6853795384833004,6.8948985515167
50101,2022,9.113796357,2.6853795384833004,6.4284168185167
50101,2023,0.0,2.6853795384833004,-2.6853795384833004
50101,2024,0.0,2.6853795384833004,-2.6853795384833004
50101,2025,0.0,2.6853795384833004,-2.6853795384833004
50102,2021,5.76543815,2.0181298526295124,3.747308297370487
50102,2022,5.718181821,2.0181298526295124,3.7000519683704876
50102,2023,0.0,2.0181298526295124,-2.0181298526295124
50102,2024,0.0,2.0181298526295124,-2.0181298526295124
50102,2025,0.0,2.0181298526295124,-2.0181298526295124
50103,2021,5.723125437,2.4370392084112367,3.2860862285887635
50103,2022,5.734592472,2.4370392084112367,3.2975532635887634
50103,2023,0.0,2.4370392084112367,-2.4370392084112367
50103,2024,0.0,2.4370392084112367,-2.4370392084112367
50103,2025,0.0,2.4370392084112367,-2.4370392084112367
50104,2021,4.919611906,2.797982132550413,2.121629773449587
50104,2022,5.081052811,2.797982132550413,2.283070678449587
50104,2023,0.0,2.797982132550413,-2.797982132550413
50104,2024,0.0,2.797982132550413,-2.797982132550413
50104,2025,0.0,2.797982132550413,-2.797982132550413
50105,2021,0.0,2.1663275342812858,-2.1663275342812858
50105,2022,0.0,2.1663275342812858,-2.1663275342812858
50105,2023,0.0,2.1663275342812858,-2.1663275342812858
50105,2024,0.0,2.1663275342812858,-2.1663275342812858
50105,2025,0.0,2.1663275342812858,-2.1663275342812858
50106,2021,5.777335089,2.215412763944385,3.5619223250556153
50106,2022,5.746879643,2.215412763944385,3.531466879055615
50106,2023,0.0,2.215412763944385,-2.215412763944385
50106,2024,0.0,2.215412763944385,-2.215412763944385
50106,2025,0.0,2.215412763944385,-2.215412763944385
50107,2021,2.724579503,1.7382453653477976,0.9863341376522026
50107,2022,4.094136207,1.7382453653477976,2.3558908416522026
50107,2023,0.0,1.7382453653477976,-1.7382453653477976
50107,2024,0.0,1.7382453653477976,-1.7382453653477976
50107,2025,0.0,1.7382453653477976,-1.7382453653477976
50108,2021,0.0,2.263862186358524,-2.263862186358524
50108,2022,5.109788348,2.263862186358524,2.845926161641476
50108,2023,0.0,2.263862186358524,-2.263862186358524
50108,2024,0.0,2.263862186358524,-2.263862186358524
50108,2025,0.0,2.263862186358524,-2.263862186358524
50109,2021,6.005120874,1.4003003067317006,4.6048205672683
50109,2022,5.61898209,1.4003003067317006,4.2186817832683
50109,2023,0.0,1.4003003067317006,-1.4003003067317006
50109,2024,0.0,1.4003003067317006,-1.4003003067317006
50109,2025,0.0,1.4003003067317006,-1.4003003067317006
50110,2021,5.277839557,2.52895713892102,2.74888241807898
50110,2022,5.70829803,2.52895713892102,3.1793408910789798
50110,2023,0.0,2.52895713892102,-2.52895713892102
50110,2024,0.0,2.52895713892102,-2.52895713892102
50110,2025,0.0,2.52895713892102,-2.52895713892102
50111,2021,6.482543858,1.2633283538937148,5.219215504106285
50111,2022,6.508749763,1.2633283538937148,5.245421409106285
50111,2023,0.0,1.2633283538937148,-1.2633283538937148
50111,2024,0.0,1.2633283538937148,-1.2633283538937148
50111,2025,0.0,1.2633283538937148,-1.2633283538937148
50112,2021,6.850465092,2.3290366667190026,4.521428425280998
50112,2022,6.758107146,2.3290366667190026,4.429070479280998
50112,2023,0.0,2.3290366667190026,-2.3290366667190026
50112,2024,0.0,2.3290366667190026,-2.3290366667190026
50112,2025,0.0,2.3290366667190026,-2.3290366667190026
50113,2021,5.251628839,2.140751586205195,3.1108772527948054
50113,2022,5.774428409,2.140751586205195,3.6336768227948055
50113,2023,0.0,2.140751586205195,-2.140751586205195
50113,2024,0.0,2.140751586205195,-2.140751586205195
50113,2025,0.0,2.140751586205195,-2.140751586205195
50114,2021,6.872000748,2.5937300674198243,4.278270680580175
50114,2022,6.93065014,2.5937300674198243,4.336920072580176
50114,2023,0.0,2.5937300674198243,-2.5937300674198243
50114,2024,0.0,2.5937300674198243,-2.5937300674198243
50114,2025,0.0,2.5937300674198243,-2.5937300674198243
50115,2021,5.111969686,1.7811105672202545,3.3308591187797454
50115,2022,5.223271113,1.7811105672202545,3.4421605457797453
50115,2023,0.0,1.7811105672202545,-1.7811105672202545
50115,2024,0.0,1.7811105672202545,-1.7811105672202545
50115,2025,0.0,1.7811105672202545,-1.7811105672202545
50116,2021,5.166670629,2.4758103763080865,2.690860252691914
50116,2022,5.846454981,2.4758103763080865,3.3706446046919134
50116,2023,0.0,2.4758103763080865,-2.4758103763080865
50116,2024,0.0,2.4758103763080865,-2.4758103763080865
50116,2025,0.0,2.4758103763080865,-2.4758103763080865
50201,2021,11.98263388,2.3085075388896894,9.674126341110311
50201,2022,11.41796547,2.3085075388896894,9.109457931110311
50201,2023,0.0,2.3085075388896894,-2.3085075388896894
50201,2024,0.0,2.3085075388896894,-2.3085075388896894
50201,2025,0.0,2.3085075388896894,-2.3085075388896894
50202,2021,4.919884611,2.2714016895428437,2.648482921457156
50202,2022,4.057594868,2.2714016895428437,1.786193178457156
50202,2023,0.0,2.2714016895428437,-2.2714016895428437
50202,2024,0.0,2.2714016895428437,-2.2714016895428437
50202,2025,0.0,2.2714016895428437,-2.2714016895428437
50203,2021,6.81599548,2.6944560253248127,4.121539454675187
50203,2022,6.209733333,2.6944560253248127,3.5152773076751873
50203,2023,0.0,2.6944560253248127,-2.6944560253248127
50203,2024,0.0,2.6944560253248127,-2.6944560253248127
50203,2025,0.0,2.6944560253248127,-2.6944560253248127
50204,2021,6.28360097,1.9608628618038033,4.322738108196197
50204,2022,6.078064655,1.9608628618038033,4.117201793196197
50204,2023,0.0,1.9608628618038033,-1.9608628618038033
50204,2024,0.0,1.9608628618038033,-1.9608628618038033
50204,2025,0.0,1.9608628618038033,-1.9608628618038033
50205,2021,5.552828188,1.2558599894719327,4.296968198528067
50205,2022,5.72263694,1.2558599894719327,4.466776950528067
50205,2023,0.0,1.2558599894719327,-1.2558599894719327
50205,2024,0.0,1.2558599894719327,-1.2558599894719327
50205,2025,0.0,1.2558599894719327,-1.2558599894719327
50206,2021,0.0,2.088286926921734,-2.088286926921734
50206,2022,0.0,2.088286926921734,-2.088286926921734
50206,2023,0.0,2.088286926921734,-2.088286926921734
50206,2024,0.0,2.088286926921734,-2.088286926921734
50206,2025,0.0,2.088286926921734,-2.088286926921734
50301,2021,6.043559236,2.034427327881737,4.009131908118263
50301,2022,6.203096257,2.034427327881737,4.1686689291182635
50301,2023,0.0,2.034427327881737,-2.034427327881737
50301,2024,0.0,2.034427327881737,-2.034427327881737
50301,2025,0.0,2.034427327881737,-2.034427327881737
50302,2021,0.0,1.2730792668526358,-1.2730792668526358
50302,2022,0.0,1.2730792668526358,-1.2730792668526358
50302,2023,0.0,1.2730792668526358,-1.2730792668526358
50302,2024,0.0,1.2730792668526358,-1.2730792668526358
50302,2025,0.0,1.2730792668526358,-1.2730792668526358
50303,2021,5.15224007,1.063643274438517,4.088596795561483
50303,2022,7.898525343,1.063643274438517,6.834882068561483
50303,2023,0.0,1.063643274438517,-1.063643274438517
50303,2024,0.0,1.063643274438517,-1.063643274438517
50303,2025,0.0,1.063643274438517,-1.063643274438517
50304,2021,4.719490443,1.1115628673662494,3.6079275756337505
50304,2022,4.061489261,1.1115628673662494,2.949926393633751
50304,2023,0.0,1.1115628673662494,-1.1115628673662494
50304,2024,0.0,1.1115628673662494,-1.1115628673662494
50304,2025,0.0,1.1115628673662494,-1.1115628673662494
50401,2021,9.840713982,2.750561666411602,7.090152315588398
50401,2022,8.826316375,2.750561666411602,6.075754708588397
50401,2023,0.0,2.750561666411602,-2.750561666411602
50401,2024,0.0,2.750561666411602,-2.750561666411602
50401,2025,0.0,2.750561666411602,-2.750561666411602
50402,2021,2.048564303,1.9672249019919748,0.08133940100802528
50402,2022,4.047901641,1.9672249019919748,2.0806767390080254
50402,2023,0.0,1.9672249019919748,-1.9672249019919748
50402,2024,0.0,1.9672249019919748,-1.9672249019919748
50402,2025,0.0,1.9672249019919748,-1.9672249019919748
50403,2021,6.312805653,1.7075654853041846,4.605240167695815
50403,2022,6.473260251,1.7075654853041846,4.765694765695816
50403,2023,0.0,1.7075654853041846,-1.7075654853041846
50403,2024,0.0,1.7075654853041846,-1.7075654853041846
50403,2025,0.0,1.7075654853041846,-1.7075654853041846
50404,2021,6.311222788,1.8764741494925918,4.434748638507409
50404,2022,6.675389647,1.8764741494925918,4.798915497507409
50404,2023,0.0,1.8764741494925918,-1.8764741494925918
50404,2024,0.0,1.8764741494925918,-1.8764741494925918
50404,2025,0.0,1.8764741494925918,-1.8764741494925918
50405,2021,5.721690633,2.223089151565258,3.4986014814347417
50405,2022,5.582573474,2.223089151565258,3.359484322434742
50405,2023,0.0,2.223089151565258,-2.223089151565258
50405,2024,0.0,2.223089151565258,-2.223089151565258
50405,2025,0.0,2.223089151565258,-2.223089151565258
50406,2021,6.633816714,2.1615941452904646,4.472222568709535
50406,2022,5.801888895,2.1615941452904646,3.6402947497095357
50406,2023,0.0,2.1615941452904646,-2.1615941452904646
50406,2024,0.0,2.1615941452904646,-2.1615941452904646
50406,2025,0.0,2.1615941452904646,-2.1615941452904646
50407,2021,7.101552754,2.0267699919989046,5.074782762001096
50407,2022,7.978110692,2.0267699919989046,5.951340700001095
50407,2023,0.0,2.0267699919989046,-2.0267699919989046
50407,2024,0.0,2.0267699919989046,-2.0267699919989046
50407,2025,0.0,2.0267699919989046,-2.0267699919989046
50408,2021,5.234352755,2.05527673444742,3.17907602055258
50408,2022,5.572631192,2.05527673444742,3.5173544575525804
50408,2023,0.0,2.05527673444742,-2.05527673444742
50408,2024,0.0,2.05527673444742,-2.05527673444742
50408,2025,0.0,2.05527673444742,-2.05527673444742
50409,2021,6.160047872,1.4259277138191997,4.7341201581808
50409,2022,6.801712868,1.4259277138191997,5.3757851541808
50409,2023,0.0,1.4259277138191997,-1.4259277138191997
50409,2024,0.0,1.4259277138191997,-1.4259277138191997
50409,2025,0.0,1.4259277138191997,-1.4259277138191997
50410,2021,5.751717573,1.6925282651332256,4.059189307866774
50410,2022,5.699831591,1.6925282651332256,4.007303325866774
50410,2023,0.0,1.6925282651332256,-1.6925282651332256
50410,2024,0.0,1.6925282651332256,-1.6925282651332256
50410,2025,0.0,1.6925282651332256,-1.6925282651332256
50411,2021,7.207774009,1.9401260822036042,5.267647926796396
50411,2022,6.894942779,1.9401260822036042,4.954816696796396
50411,2023,0.0,1.9401260822036042,-1.9401260822036042
50411,2024,0.0,1.9401260822036042,-1.9401260822036042
50411,2025,0.0,1.9401260822036042,-1.9401260822036042
50412,2021,6.215775837,1.130433900486136,5.0853419365138635
50412,2022,0.0,1.130433900486136,-1.130433900486136
50412,2023,0.0,1.130433900486136,-1.130433900486136
50412,2024,0.0,1.130433900486136,-1.130433900486136
50412,2025,0.0,1.130433900486136,-1.130433900486136
50501,2021,11.28073196,2.1952661494747323,9.085465810525267
50501,2022,10.34104885,2.1952661494747323,8.145782700525267
50501,2023,0.0,2.1952661494747323,-2.1952661494747323
50501,2024,0.0,2.1952661494747323,-2.1952661494747323
50501,2025,0.0,2.1952661494747323,-2.1952661494747323
50502,2021,6.393094353,2.305121578444428,4.087972774555572
50502,2022,6.928498017,2.305121578444428,4.623376438555572
50502,2023,0.0,2.305121578444428,-2.305121578444428
50502,2024,0.0,2.305121578444428,-2.305121578444428
50502,2025,0.0,2.305121578444428,-2.305121578444428
50503,2021,9.920790632,1.5029978134593862,8.417792818540613
50503,2022,8.237879128,1.5029978134593862,6.734881314540614
50503,2023,0.0,1.5029978134593862,-1.5029978134593862
50503,2024,0.0,1.5029978134593862,-1.5029978134593862
50503,2025,0.0,1.5029978134593862,-1.5029978134593862
50504,2021,5.003946306,1.4465638863413697,3.55738241965863
50504,2022,6.166467723,1.4465638863413697,4.719903836658631
50504,2023,0.0,1.4465638863413697,-1.4465638863413697
50504,2024,0.0,1.4465638863413697,-1.4465638863413697
50504,2025,0.0,1.4465638863413697,-1.4465638863413697
50505,2021,5.695278678,1.8566206723520537,3.8386580056479467
50505,2022,6.247443706,1.8566206723520537,4.390823033647947
50505,2023,0.0,1.8566206723520537,-1.8566206723520537
50505,2024,0.0,1.8566206723520537,-1.8566206723520537
50505,2025,0.0,1.8566206723520537,-1.8566206723520537
50506,2021,5.240212804,1.6242646737169086,3.615948130283091
50506,2022,5.798587476,1.6242646737169086,4.174322802283092
50506,2023,0.0,1.6242646737169086,-1.6242646737169086
50506,2024,0.0,1.6242646737169086,-1.6242646737169086
50506,2025,0.0,1.6242646737169086,-1.6242646737169086
50507,2021,0.0,2.083570166162199,-2.083570166162199
50507,2022,0.0,2.083570166162199,-2.083570166162199
50507,2023,0.0,2.083570166162199,-2.083570166162199
50507,2024,0.0,2.083570166162199,-2.083570166162199
50507,2025,0.0,2.083570166162199,-2.083570166162199
50508,2021,6.395770674,2.3476462208298945,4.0481244531701055
50508,2022,6.571549074,2.3476462208298945,4.223902853170106
50508,2023,0.0,2.3476462208298945,-2.3476462208298945
50508,2024,0.0,2.3476462208298945,-2.3476462208298945
50508,2025,0.0,2.3476462208298945,-2.3476462208298945
50509,2021,0.0,1.934835355248592,-1.934835355248592
50509,2022,0.0,1.934835355248592,-1.934835355248592
50509,2023,0.0,1.934835355248592,-1.934835355248592
50509,2024,0.0,1.934835355248592,-1.934835355248592
50509,2025,0.0,1.934835355248592,-1.934835355248592
50510,2021,6.434444117,1.9830983388517314,4.451345778148268
50510,2022,7.479708614,1.9830983388517314,5.496610275148268
50510,2023,0.0,1.9830983388517314,-1.9830983388517314
50510,2024,0.0,1.9830983388517314,-1.9830983388517314
50510,2025,0.0,1.9830983388517314,-1.9830983388517314
50511,2021,6.620073207,2.0910426698752103,4.52903053712479
50511,2022,7.105786129,2.0910426698752103,5.01474345912479
50511,2023,0.0,2.0910426698752103,-2.0910426698752103
50511,2024,0.0,2.0910426698752103,-2.0910426698752103
50511,2025,0.0,2.0910426698752103,-2.0910426698752103
50512,2025,0.0,0.9798176335262381,-0.9798176335262381
50513,2025,0.0,1.5786136014616967,-1.5786136014616967
50514,2025,0.0,1.199451029375724,-1.199451029375724
50515,2025,0.0,1.6137872886631706,-1.6137872886631706
50601,2022,7.486544719,1.8102639887334249,5.676280730266575
50601,2023,0.0,1.8102639887334249,-1.8102639887334249
50601,2024,0.0,1.8102639887334249,-1.8102639887334249
50601,2025,0.0,1.8102639887334249,-1.8102639887334249
50602,2021,6.036630937,1.665476302939214,4.371154634060786
50602,2022,6.268772876,1.665476302939214,4.603296573060786
50602,2023,0.0,1.665476302939214,-1.665476302939214
50602,2024,0.0,1.665476302939214,-1.665476302939214
50602,2025,0.0,1.665476302939214,-1.665476302939214
50603,2021,0.0,1.0196507584138366,-1.0196507584138366
50603,2022,0.0,1.0196507584138366,-1.0196507584138366
50603,2023,0.0,1.0196507584138366,-1.0196507584138366
50603,2024,0.0,1.0196507584138366,-1.0196507584138366
50603,2025,0.0,1.0196507584138366,-1.0196507584138366
50604,2021,4.642285319,1.1239282146627005,3.5183571043372996
50604,2022,0.0,1.1239282146627005,-1.1239282146627005
50604,2023,0.0,1.1239282146627005,-1.1239282146627005
50604,2024,0.0,1.1239282146627005,-1.1239282146627005
50604,2025,0.0,1.1239282146627005,-1.1239282146627005
50605,2021,5.196356085,1.3027795981039572,3.8935764868960425
50605,2022,0.0,1.3027795981039572,-1.3027795981039572
50605,2023,0.0,1.3027795981039572,-1.3027795981039572
50605,2024,0.0,1.3027795981039572,-1.3027795981039572
50605,2025,0.0,1.3027795981039572,-1.3027795981039572
50606,2021,1.476771946,1.33638369314811,0.14038825285189005
50606,2022,3.355735008,1.33638369314811,2.01935131485189
50606,2023,0.0,1.33638369314811,-1.33638369314811
50606,2024,0.0,1.33638369314811,-1.33638369314811
50606,2025,0.0,1.33638369314811,-1.33638369314811
50607,2021,6.791783103,1.742070957637102,5.049712145362898
50607,2022,8.476579509,1.742070957637102,6.734508551362898
50607,2023,0.0,1.742070957637102,-1.742070957637102
50607,2024,0.0,1.742070957637102,-1.742070957637102
50607,2025,0.0,1.742070957637102,-1.742070957637102
50608,2021,0.0,1.3446463926228258,-1.3446463926228258
50608,2022,6.900670239,1.3446463926228258,5.556023846377174
50608,2023,0.0,1.3446463926228258,-1.3446463926228258
50608,2024,0.0,1.3446463926228258,-1.3446463926228258
50608,2025,0.0,1.3446463926228258,-1.3446463926228258
50609,2021,0.0,1.6896247255486703,-1.6896247255486703
50609,2022,0.0,1.6896247255486703,-1.6896247255486703
50609,2023,0.0,1.6896247255486703,-1.6896247255486703
50609,2024,0.0,1.6896247255486703,-1.6896247255486703
50609,2025,0.0,1.6896247255486703,-1.6896247255486703
50610,2021,0.0,1.1960607298712778,-1.1960607298712778
50610,2022,0.0,1.1960607298712778,-1.1960607298712778
50610,2023,0.0,1.1960607298712778,-1.1960607298712778
50610,2024,0.0,1.1960607298712778,-1.1960607298712778
50610,2025,0.0,1.1960607298712778,-1.1960607298712778
50611,2021,5.723701808,1.7073359523416545,4.016365855658346
50611,2022,6.126850989,1.7073359523416545,4.419515036658346
50611,2023,0.0,1.7073359523416545,-1.7073359523416545
50611,2024,0.0,1.7073359523416545,-1.7073359523416545
50611,2025,0.0,1.7073359523416545,-1.7073359523416545
50612,2022,4.744932128,1.6611617464485369,3.0837703815514637
50612,2023,0.0,1.6611617464485369,-1.6611617464485369
50612,2024,0.0,1.6611617464485369,-1.6611617464485369
50612,2025,0.0,1.6611617464485369,-1.6611617464485369
50613,2021,6.960400073,1.7117466107823727,5.248653462217627
50613,2022,5.788558021,1.7117466107823727,4.076811410217627
50613,2023,0.0,1.7117466107823727,-1.7117466107823727
50613,2024,0.0,1.7117466107823727,-1.7117466107823727
50613,2025,0.0,1.7117466107823727,-1.7117466107823727
50614,2021,7.062762735,1.1729922264719372,5.889770508528063
50614,2022,7.466513557,1.1729922264719372,6.293521330528063
50614,2023,0.0,1.1729922264719372,-1.1729922264719372
50614,2024,0.0,1.1729922264719372,-1.1729922264719372
50614,2025,0.0,1.1729922264719372,-1.1729922264719372
50615,2021,0.0,1.4820416015639213,-1.4820416015639213
50615,2022,2.957983204,1.4820416015639213,1.4759416024360787
50615,2023,0.0,1.4820416015639213,-1.4820416015639213
50615,2024,0.0,1.4820416015639213,-1.4820416015639213
50615,2025,0.0,1.4820416015639213,-1.4820416015639213
50616,2021,0.0,0.8839309586238284,-0.8839309586238284
50616,2022,0.0,0.8839309586238284,-0.8839309586238284
50616,2023,0.0,0.8839309586238284,-0.8839309586238284
50616,2024,0.0,0.8839309586238284,-0.8839309586238284
50616,2025,0.0,0.8839309586238284,-0.8839309586238284
50617,2021,1.935589214,1.7693360131336828,0.16625320086631712
50617,2022,0.0,1.7693360131336828,-1.7693360131336828
50617,2023,0.0,1.7693360131336828,-1.7693360131336828
50617,2024,0.0,1.7693360131336828,-1.7693360131336828
50617,2025,0.0,1.7693360131336828,-1.7693360131336828
50618,2021,4.615120517,1.6467762119405276,2.968344305059473
50618,2022,4.86753445,1.6467762119405276,3.2207582380594726
50618,2023,0.0,1.6467762119405276,-1.6467762119405276
50618,2024,0.0,1.6467762119405276,-1.6467762119405276
50618,2025,0.0,1.6467762119405276,-1.6467762119405276
50619,2021,0.0,1.4561538530931415,-1.4561538530931415
50619,2022,6.791096611,1.4561538530931415,5.334942757906859
50619,2023,0.0,1.4561538530931415,-1.4561538530931415
50619,2024,0.0,1.4561538530931415,-1.4561538530931415
50619,2025,0.0,1.4561538530931415,-1.4561538530931415
50620,2021,4.900324273,0.6260292076993591,4.274295065300641
50620,2022,4.054679306,0.6260292076993591,3.4286500983006407
50620,2023,0.0,0.6260292076993591,-0.6260292076993591
50620,2024,0.0,0.6260292076993591,-0.6260292076993591
50620,2025,0.0,0.6260292076993591,-0.6260292076993591
50621,2021,5.341270422,1.6023240297678802,3.73894639223212
50621,2022,4.118972132,1.6023240297678802,2.5166481022321197
50621,2023,0.0,1.6023240297678802,-1.6023240297678802
50621,2024,0.0,1.6023240297678802,-1.6023240297678802
50621,2025,0.0,1.6023240297678802,-1.6023240297678802
50701,2021,3.647840422,1.14038918876272,2.50745123323728
50701,2022,4.768357464,1.14038918876272,3.62796827523728
50701,2023,0.0,1.14038918876272,-1.14038918876272
50701,2024,0.0,1.14038918876272,-1.14038918876272
50701,2025,0.0,1.14038918876272,-1.14038918876272
50702,2021,0.0,1.7711243293438133,-1.7711243293438133
50702,2022,0.0,1.7711243293438133,-1.7711243293438133
50702,2023,0.0,1.7711243293438133,-1.7711243293438133
50702,2024,0.0,1.7711243293438133,-1.7711243293438133
50702,2025,0.0,1.7711243293438133,-1.7711243293438133
50703,2022,11.84038357,0.9367663005311759,10.903617269468825
50703,2023,0.0,0.9367663005311759,-0.9367663005311759
50703,2024,0.0,0.9367663005311759,-0.9367663005311759
50703,2025,0.0,0.9367663005311759,-0.9367663005311759
50704,2021,0.0,0.9743153050211025,-0.9743153050211025
50704,2022,0.0,0.9743153050211025,-0.9743153050211025
50704,2023,0.0,0.9743153050211025,-0.9743153050211025
50704,2024,0.0,0.9743153050211025,-0.9743153050211025
50704,2025,0.0,0.9743153050211025,-0.9743153050211025
50705,2021,5.021250118,1.246724561025681,3.7745255569743192
50705,2022,4.405891379,1.246724561025681,3.159166817974319
50705,2023,0.0,1.246724561025681,-1.246724561025681
50705,2024,0.0,1.246724561025681,-1.246724561025681
50705,2025,0.0,1.246724561025681,-1.246724561025681
50706,2021,1.856801896,1.6381447369811595,0.21865715901884042
50706,2022,2.428972976,1.6381447369811595,0.7908282390188404
50706,2023,0.0,1.6381447369811595,-1.6381447369811595
50706,2024,0.0,1.6381447369811595,-1.6381447369811595
50706,2025,0.0,1.6381447369811595,-1.6381447369811595
50707,2021,10.05927796,1.0267527755866221,9.032525184413377
50707,2022,9.501458634,1.0267527755866221,8.474705858413378
50707,2023,0.0,1.0267527755866221,-1.0267527755866221
50707,2024,0.0,1.0267527755866221,-1.0267527755866221
50707,2025,0.0,1.0267527755866221,-1.0267527755866221
50708,2021,6.606740272,1.3199331198550264,5.2868071521449735
50708,2022,7.688856101,1.3199331198550264,6.368922981144974
50708,2023,0.0,1.3199331198550264,-1.3199331198550264
50708,2024,0.0,1.3199331198550264,-1.3199331198550264
50708,2025,0.0,1.3199331198550264,-1.3199331198550264
50801,2021,3.707864754,1.1011112205940299,2.6067535334059704
50801,2022,3.433987204,1.1011112205940299,2.3328759834059705
50801,2023,0.0,1.1011112205940299,-1.1011112205940299
50801,2024,0.0,1.1011112205940299,-1.1011112205940299
50801,2025,0.0,1.1011112205940299,-1.1011112205940299
50802,2021,0.0,0.4127596569686089,-0.4127596569686089
50802,2022,0.0,0.4127596569686089,-0.4127596569686089
50802,2023,0.0,0.4127596569686089,-0.4127596569686089
50802,2024,0.0,0.4127596569686089,-0.4127596569686089
50802,2025,0.0,0.4127596569686089,-0.4127596569686089
50803,2021,0.0,0.4391395786631553,-0.4391395786631553
50803,2022,0.0,0.4391395786631553,-0.4391395786631553
50803,2023,0.0,0.4391395786631553,-0.4391395786631553
50803,2024,0.0,0.4391395786631553,-0.4391395786631553
50803,2025,0.0,0.4391395786631553,-0.4391395786631553
50804,2021,3.358985533,1.089339996392666,2.269645536607334
50804,2022,0.0,1.089339996392666,-1.089339996392666
50804,2023,0.0,1.089339996392666,-1.089339996392666
50804,2024,0.0,1.089339996392666,-1.089339996392666
50804,2025,0.0,1.089339996392666,-1.089339996392666
50805,2021,0.0,0.909638541359968,-0.909638541359968
50805,2022,0.0,0.909638541359968,-0.909638541359968
50805,2023,0.0,0.909638541359968,-0.909638541359968
50805,2024,0.0,0.909638541359968,-0.909638541359968
50805,2025,0.0,0.909638541359968,-0.909638541359968
50806,2021,0.0,0.8078232003736203,-0.8078232003736203
50806,2022,0.0,0.8078232003736203,-0.8078232003736203
50806,2023,0.0,0.8078232003736203,-0.8078232003736203
50806,2024,0.0,0.8078232003736203,-0.8078232003736203
50806,2025,0.0,0.8078232003736203,-0.8078232003736203
50807,2021,0.0,0.9654208651331581,-0.9654208651331581
50807,2022,0.0,0.9654208651331581,-0.9654208651331581
50807,2023,0.0,0.9654208651331581,-0.9654208651331581
50807,2024,0.0,0.9654208651331581,-0.9654208651331581
50807,2025,0.0,0.9654208651331581,-0.9654208651331581
50808,2021,7.242738312,0.4875777959366316,6.755160516063369
50808,2022,7.233892146,0.4875777959366316,6.746314350063368
50808,2023,0.0,0.4875777959366316,-0.4875777959366316
50808,2024,0.0,0.4875777959366316,-0.4875777959366316
50808,2025,0.0,0.4875777959366316,-0.4875777959366316
50809,2021,0.0,1.1211122954727948,-1.1211122954727948
50809,2022,0.0,1.1211122954727948,-1.1211122954727948
50809,2023,0.0,1.1211122954727948,-1.1211122954727948
50809,2024,0.0,1.1211122954727948,-1.1211122954727948
50809,2025,0.0,1.1211122954727948,-1.1211122954727948
50901,2021,9.27036726,1.4821008328563698,7.788266427143631
50901,2022,0.0,1.4821008328563698,-1.4821008328563698
50901,2023,0.0,1.4821008328563698,-1.4821008328563698
50901,2024,0.0,1.4821008328563698,-1.4821008328563698
50901,2025,0.0,1.4821008328563698,-1.4821008328563698
50902,2021,0.0,0.6792842581137065,-0.6792842581137065
50902,2022,0.0,0.6792842581137065,-0.6792842581137065
50902,2023,0.0,0.6792842581137065,-0.6792842581137065
50902,2024,0.0,0.6792842581137065,-0.6792842581137065
50902,2025,0.0,0.6792842581137065,-0.6792842581137065
50903,2021,0.0,1.0477092206048,-1.0477092206048
50903,2022,0.0,1.0477092206048,-1.0477092206048
50903,2023,0.0,1.0477092206048,-1.0477092206048
50903,2024,0.0,1.0477092206048,-1.0477092206048
50903,2025,0.0,1.0477092206048,-1.0477092206048
50904,2021,0.0,0.8884887885473324,-0.8884887885473324
50904,2022,0.0,0.8884887885473324,-0.8884887885473324
50904,2023,0.0,0.8884887885473324,-0.8884887885473324
50904,2024,0.0,0.8884887885473324,-0.8884887885473324
50904,2025,0.0,0.8884887885473324,-0.8884887885473324
50905,2021,0.0,0.9766425508279856,-0.9766425508279856
50905,2022,0.0,0.9766425508279856,-0.9766425508279856
50905,2023,0.0,0.9766425508279856,-0.9766425508279856
50905,2024,0.0,0.9766425508279856,-0.9766425508279856
50905,2025,0.0,0.9766425508279856,-0.9766425508279856
50906,2021,0.0,1.5587863445571284,-1.5587863445571284
50906,2022,0.0,1.5587863445571284,-1.5587863445571284
50906,2023,0.0,1.5587863445571284,-1.5587863445571284
50906,2024,0.0,1.5587863445571284,-1.5587863445571284
50906,2025,0.0,1.5587863445571284,-1.5587863445571284
50907,2021,0.0,1.1848838159189694,-1.1848838159189694
50907,2022,0.0,1.1848838159189694,-1.1848838159189694
50907,2023,0.0,1.1848838159189694,-1.1848838159189694
50907,2024,0.0,1.1848838159189694,-1.1848838159189694
50907,2025,0.0,1.1848838159189694,-1.1848838159189694
50908,2021,7.881937489,1.2618484604144933,6.620089028585507
50908,2022,6.245507573,1.2618484604144933,4.9836591125855065
50908,2023,0.0,1.2618484604144933,-1.2618484604144933
50908,2024,0.0,1.2618484604144933,-1.2618484604144933
50908,2025,0.0,1.2618484604144933,-1.2618484604144933
50909,2021,7.20306726,1.0140087878253532,6.189058472174647
50909,2022,6.313749314,1.0140087878253532,5.299740526174647
50909,2023,0.0,1.0140087878253532,-1.0140087878253532
50909,2024,0.0,1.0140087878253532,-1.0140087878253532
50909,2025,0.0,1.0140087878253532,-1.0140087878253532
50910,2021,0.0,1.4372221122025772,-1.4372221122025772
50910,2022,0.0,1.4372221122025772,-1.4372221122025772
50910,2023,0.0,1.4372221122025772,-1.4372221122025772
50910,2024,0.0,1.4372221122025772,-1.4372221122025772
50910,2025,0.0,1.4372221122025772,-1.4372221122025772
50911,2021,0.0,1.4844003032323771,-1.4844003032323771
50911,2022,0.0,1.4844003032323771,-1.4844003032323771
50911,2023,0.0,1.4844003032323771,-1.4844003032323771
50911,2024,0.0,1.4844003032323771,-1.4844003032323771
50911,2025,0.0,1.4844003032323771,-1.4844003032323771
51001,2021,4.373057965,1.4842264744008247,2.888831490599175
51001,2022,5.178804895,1.4842264744008247,3.694578420599175
51001,2023,0.0,1.4842264744008247,-1.4842264744008247
51001,2024,0.0,1.4842264744008247,-1.4842264744008247
51001,2025,0.0,1.4842264744008247,-1.4842264744008247
51002,2021,0.0,0.8941084273866379,-0.8941084273866379
51002,2022,0.0,0.8941084273866379,-0.8941084273866379
51002,2023,0.0,0.8941084273866379,-0.8941084273866379
51002,2024,0.0,0.8941084273866379,-0.8941084273866379
51002,2025,0.0,0.8941084273866379,-0.8941084273866379
51003,2021,0.0,1.0740253930406893,-1.0740253930406893
51003,2023,0.0,1.0740253930406893,-1.0740253930406893
51003,2024,0.0,1.0740253930406893,-1.0740253930406893
51003,2025,0.0,1.0740253930406893,-1.0740253930406893
51004,2021,7.401292313,0.5936566336834692,6.8076356793165305
51004,2022,7.914288828,0.5936566336834692,7.320632194316531
51004,2023,0.0,0.5936566336834692,-0.5936566336834692
51004,2024,0.0,0.5936566336834692,-0.5936566336834692
51004,2025,0.0,0.5936566336834692,-0.5936566336834692
51005,2021,2.144876178,1.5938637416479673,0.5510124363520328
51005,2022,0.0,1.5938637416479673,-1.5938637416479673
51005,2023,0.0,1.5938637416479673,-1.5938637416479673
51005,2024,0.0,1.5938637416479673,-1.5938637416479673
51005,2025,0.0,1.5938637416479673,-1.5938637416479673
51006,2021,0.0,1.5404151980688863,-1.5404151980688863
51006,2022,0.0,1.5404151980688863,-1.5404151980688863
51006,2023,0.0,1.5404151980688863,-1.5404151980688863
51006,2024,0.0,1.5404151980688863,-1.5404151980688863
51006,2025,0.0,1.5404151980688863,-1.5404151980688863
51007,2021,5.659482216,1.1382149336844323,4.521267282315567
51007,2022,6.795226274,1.1382149336844323,5.6570113403155675
51007,2023,0.0,1.1382149336844323,-1.1382149336844323
51007,2024,0.0,1.1382149336844323,-1.1382149336844323
51007,2025,0.0,1.1382149336844323,-1.1382149336844323
51008,2021,0.0,1.3336894593662083,-1.3336894593662083
51008,2022,0.0,1.3336894593662083,-1.3336894593662083
51008,2023,0.0,1.3336894593662083,-1.3336894593662083
51008,2024,0.0,1.3336894593662083,-1.3336894593662083
51008,2025,0.0,1.3336894593662083,-1.3336894593662083
51009,2021,0.0,0.9888472205670306,-0.9888472205670306
51009,2022,0.0,0.9888472205670306,-0.9888472205670306
51009,2023,0.0,0.9888472205670306,-0.9888472205670306
51009,2024,0.0,0.9888472205670306,-0.9888472205670306
51009,2025,0.0,0.9888472205670306,-0.9888472205670306
51010,2021,0.0,1.238624498950623,-1.238624498950623
51010,2022,0.0,1.238624498950623,-1.238624498950623
51010,2023,0.0,1.238624498950623,-1.238624498950623
51010,2024,0.0,1.238624498950623,-1.238624498950623
51010,2025,0.0,1.238624498950623,-1.238624498950623
51011,2021,5.73637873,1.5238767122690173,4.212502017730983
51011,2022,3.959201895,1.5238767122690173,2.435325182730983
51011,2023,0.0,1.5238767122690173,-1.5238767122690173
51011,2024,0.0,1.5238767122690173,-1.5238767122690173
51011,2025,0.0,1.5238767122690173,-1.5238767122690173
51012,2021,6.003031117,1.6060716397019192,4.396959477298081
51012,2022,6.253355623,1.6060716397019192,4.647283983298081
51012,2023,0.0,1.6060716397019192,-1.6060716397019192
51012,2024,0.0,1.6060716397019192,-1.6060716397019192
51012,2025,0.0,1.6060716397019192,-1.6060716397019192
51101,2021,0.0,2.430437103793382,-2.430437103793382
51101,2022,0.0,2.430437103793382,-2.430437103793382
51101,2023,0.0,2.430437103793382,-2.430437103793382
51101,2024,0.0,2.430437103793382,-2.430437103793382
51101,2025,0.0,2.430437103793382,-2.430437103793382
51102,2021,4.134023046,0.6257980670117874,3.508224978988213
51102,2022,0.0,0.6257980670117874,-0.6257980670117874
51102,2023,0.0,0.6257980670117874,-0.6257980670117874
51102,2024,0.0,0.6257980670117874,-0.6257980670117874
51102,2025,0.0,0.6257980670117874,-0.6257980670117874
51103,2021,0.0,1.2955215717201065,-1.2955215717201065
51103,2022,0.0,1.2955215717201065,-1.2955215717201065
51103,2023,0.0,1.2955215717201065,-1.2955215717201065
51103,2024,0.0,1.2955215717201065,-1.2955215717201065
51103,2025,0.0,1.2955215717201065,-1.2955215717201065
51104,2021,6.294404622,1.7860952559461332,4.508309366053867
51104,2022,7.070461691,1.7860952559461332,5.284366435053867
51104,2023,0.0,1.7860952559461332,-1.7860952559461332
51104,2024,0.0,1.7860952559461332,-1.7860952559461332
51104,2025,0.0,1.7860952559461332,-1.7860952559461332
51105,2021,0.0,1.0963587539380633,-1.0963587539380633
51105,2022,0.0,1.0963587539380633,-1.0963587539380633
51105,2023,0.0,1.0963587539380633,-1.0963587539380633
51105,2024,0.0,1.0963587539380633,-1.0963587539380633
51105,2025,0.0,1.0963587539380633,-1.0963587539380633
51106,2021,0.0,1.001428947926877,-1.001428947926877
51106,2022,0.0,1.001428947926877,-1.001428947926877
51106,2023,0.0,1.001428947926877,-1.001428947926877
51106,2024,0.0,1.001428947926877,-1.001428947926877
51106,2025,0.0,1.001428947926877,-1.001428947926877
51107,2021,7.218759106,0.6797545926782551,6.539004513321745
51107,2022,7.323894548,0.6797545926782551,6.644139955321745
51107,2023,0.0,0.6797545926782551,-0.6797545926782551
51107,2024,0.0,0.6797545926782551,-0.6797545926782551
51107,2025,0.0,0.6797545926782551,-0.6797545926782551
51108,2021,0.0,2.546667992479759,-2.546667992479759
51108,2022,0.0,2.546667992479759,-2.546667992479759
51108,2023,0.0,2.546667992479759,-2.546667992479759
51108,2024,0.0,2.546667992479759,-2.546667992479759
51108,2025,0.0,2.546667992479759,-2.546667992479759
60101,2021,10.04483506,3.2341290788130896,6.810705981186911
60101,2022,9.329305084,3.2341290788130896,6.09517600518691
60101,2023,0.0,3.2341290788130896,-3.2341290788130896
60101,2024,0.0,3.2341290788130896,-3.2341290788130896
60101,2025,0.0,3.2341290788130896,-3.2341290788130896
60102,2021,6.351159859,2.3947021845437955,3.9564576744562046
60102,2022,6.48098268,2.3947021845437955,4.086280495456204
60102,2023,0.0,2.3947021845437955,-2.3947021845437955
60102,2024,0.0,2.3947021845437955,-2.3947021845437955
60102,2025,0.0,2.3947021845437955,-2.3947021845437955
60103,2021,6.200420979,2.0527344302388215,4.147686548761179
60103,2022,6.67909247,2.0527344302388215,4.626358039761178
60103,2023,0.0,2.0527344302388215,-2.0527344302388215
60103,2024,0.0,2.0527344302388215,-2.0527344302388215
60103,2025,0.0,2.0527344302388215,-2.0527344302388215
60104,2021,5.679531564,2.1861089658920707,3.4934225981079297
60104,2022,6.948709265,2.1861089658920707,4.762600299107929
60104,2023,0.0,2.1861089658920707,-2.1861089658920707
60104,2024,0.0,2.1861089658920707,-2.1861089658920707
60104,2025,0.0,2.1861089658920707,-2.1861089658920707
60105,2021,6.367992041,2.9234448690848835,3.4445471719151164
60105,2022,7.458075781,2.9234448690848835,4.534630911915116
60105,2023,0.0,2.9234448690848835,-2.9234448690848835
60105,2024,0.0,2.9234448690848835,-2.9234448690848835
60105,2025,0.0,2.9234448690848835,-2.9234448690848835
60106,2021,6.173841464,2.428239945049223,3.7456015189507768
60106,2022,6.195839513,2.428239945049223,3.767599567950777
60106,2023,0.0,2.428239945049223,-2.428239945049223
60106,2024,0.0,2.428239945049223,-2.428239945049223
60106,2025,0.0,2.428239945049223,-2.428239945049223
60107,2021,6.749901919,1.681560805546561,5.068341113453439
60107,2022,6.363358897,1.681560805546561,4.681798091453439
60107,2023,0.0,1.681560805546561,-1.681560805546561
60107,2024,0.0,1.681560805546561,-1.681560805546561
60107,2025,0.0,1.681560805546561,-1.681560805546561
60108,2021,6.073015443,3.2623391246646025,2.8106763183353975
60108,2022,6.336637706,3.2623391246646025,3.074298581335398
60108,2023,0.0,3.2623391246646025,-3.2623391246646025
60108,2024,0.0,3.2623391246646025,-3.2623391246646025
60108,2025,0.0,3.2623391246646025,-3.2623391246646025
60109,2021,6.24764511,2.356582674381272,3.8910624356187276
60109,2022,6.490276186,2.356582674381272,4.133693511618728
60109,2023,0.0,2.356582674381272,-2.356582674381272
60109,2024,0.0,2.356582674381272,-2.356582674381272
60109,2025,0.0,2.356582674381272,-2.356582674381272
60110,2021,6.083513888,1.4364569489534702,4.6470569390465295
60110,2022,6.26139626,1.4364569489534702,4.8249393110465295
60110,2023,0.0,1.4364569489534702,-1.4364569489534702
60110,2024,0.0,1.4364569489534702,-1.4364569489534702
60110,2025,0.0,1.4364569489534702,-1.4364569489534702
60111,2021,6.280176117,2.3060816585086794,3.9740944584913205
60111,2022,9.808127299,2.3060816585086794,7.502045640491321
60111,2023,0.0,2.3060816585086794,-2.3060816585086794
60111,2024,0.0,2.3060816585086794,-2.3060816585086794
60111,2025,0.0,2.3060816585086794,-2.3060816585086794
60112,2021,6.782488343,1.7154484009287077,5.067039942071292
60112,2022,6.752217924,1.7154484009287077,5.0367695230712926
60112,2023,0.0,1.7154484009287077,-1.7154484009287077
60112,2024,0.0,1.7154484009287077,-1.7154484009287077
60112,2025,0.0,1.7154484009287077,-1.7154484009287077
60201,2021,3.783500354,2.8162253646964674,0.9672749893035326
60201,2022,4.178966442,2.8162253646964674,1.3627410773035327
60201,2023,0.0,2.8162253646964674,-2.8162253646964674
60201,2024,0.0,2.8162253646964674,-2.8162253646964674
60201,2025,0.0,2.8162253646964674,-2.8162253646964674
60202,2021,6.753850558,2.501841715591357,4.252008842408642
60202,2022,7.338986424,2.501841715591357,4.837144708408642
60202,2023,0.0,2.501841715591357,-2.501841715591357
60202,2024,0.0,2.501841715591357,-2.501841715591357
60202,2025,0.0,2.501841715591357,-2.501841715591357
60203,2021,6.389815668,2.544566073701552,3.8452495942984477
60203,2022,6.505194772,2.544566073701552,3.960628698298448
60203,2023,0.0,2.544566073701552,-2.544566073701552
60203,2024,0.0,2.544566073701552,-2.544566073701552
60203,2025,0.0,2.544566073701552,-2.544566073701552
60204,2021,6.735787676,1.9491346659273008,4.786653010072699
60204,2022,6.852532307,1.9491346659273008,4.903397641072699
60204,2023,0.0,1.9491346659273008,-1.9491346659273008
60204,2024,0.0,1.9491346659273008,-1.9491346659273008
60204,2025,0.0,1.9491346659273008,-1.9491346659273008
60301,2021,8.034640667,2.421458540091152,5.613182126908848
60301,2022,8.260241873,2.421458540091152,5.838783332908848
60301,2023,0.0,2.421458540091152,-2.421458540091152
60301,2024,0.0,2.421458540091152,-2.421458540091152
60301,2025,0.0,2.421458540091152,-2.421458540091152
60302,2021,6.050362188,2.4442263606852284,3.606135827314772
60302,2022,7.695221889,2.4442263606852284,5.250995528314771
60302,2023,0.0,2.4442263606852284,-2.4442263606852284
60302,2024,0.0,2.4442263606852284,-2.4442263606852284
60302,2025,0.0,2.4442263606852284,-2.4442263606852284
60303,2021,6.146853745,2.505178748181804,3.6416749968181956
60303,2022,6.201016145,2.505178748181804,3.6958373968181957
60303,2023,0.0,2.505178748181804,-2.505178748181804
60303,2024,0.0,2.505178748181804,-2.505178748181804
60303,2025,0.0,2.505178748181804,-2.505178748181804
60304,2021,5.608154536,2.242359745858008,3.365794790141992
60304,2022,6.074971148,2.242359745858008,3.8326114021419926
60304,2023,0.0,2.242359745858008,-2.242359745858008
60304,2024,0.0,2.242359745858008,-2.242359745858008
60304,2025,0.0,2.242359745858008,-2.242359745858008
60305,2021,5.525452939,0.9257101553360085,4.5997427836639915
60305,2022,0.0,0.9257101553360085,-0.9257101553360085
60305,2023,0.0,0.9257101553360085,-0.9257101553360085
60305,2024,0.0,0.9257101553360085,-0.9257101553360085
60305,2025,0.0,0.9257101553360085,-0.9257101553360085
60306,2021,5.829104587,2.126536935449401,3.702567651550599
60306,2022,5.566937327,2.126536935449401,3.440400391550599
60306,2023,0.0,2.126536935449401,-2.126536935449401
60306,2024,0.0,2.126536935449401,-2.126536935449401
60306,2025,0.0,2.126536935449401,-2.126536935449401
60307,2021,5.519226539,2.4771593326818357,3.042067206318164
60307,2022,6.066582103,2.4771593326818357,3.5894227703181643
60307,2023,0.0,2.4771593326818357,-2.4771593326818357
60307,2024,0.0,2.4771593326818357,-2.4771593326818357
60307,2025,0.0,2.4771593326818357,-2.4771593326818357
60308,2021,6.355791729,2.48538509276022,3.87040663623978
60308,2022,6.449588808,2.48538509276022,3.9642037152397798
60308,2023,0.0,2.48538509276022,-2.48538509276022
60308,2024,0.0,2.48538509276022,-2.48538509276022
60308,2025,0.0,2.48538509276022,-2.48538509276022
60309,2021,7.180593728,2.1333733271401383,5.047220400859862
60309,2022,6.5993522,2.1333733271401383,4.465978872859862
60309,2023,0.0,2.1333733271401383,-2.1333733271401383
60309,2024,0.0,2.1333733271401383,-2.1333733271401383
60309,2025,0.0,2.1333733271401383,-2.1333733271401383
60310,2021,5.283565792,2.123703885652645,3.159861906347355
60310,2022,5.397696109,2.123703885652645,3.273992223347355
60310,2023,0.0,2.123703885652645,-2.123703885652645
60310,2024,0.0,2.123703885652645,-2.123703885652645
60310,2025,0.0,2.123703885652645,-2.123703885652645
60311,2021,6.03787092,1.6749912182027589,4.36287970179724
60311,2022,4.428433007,1.6749912182027589,2.753441788797241
60311,2023,0.0,1.6749912182027589,-1.6749912182027589
60311,2024,0.0,1.6749912182027589,-1.6749912182027589
60311,2025,0.0,1.6749912182027589,-1.6749912182027589
60312,2021,5.86631282,2.2928225749002835,3.5734902450997166
60312,2022,6.992850291,2.2928225749002835,4.700027716099717
60312,2023,0.0,2.2928225749002835,-2.2928225749002835
60312,2024,0.0,2.2928225749002835,-2.2928225749002835
60312,2025,0.0,2.2928225749002835,-2.2928225749002835
60401,2021,10.61404403,3.000352281448022,7.613691748551979
60401,2022,9.381137487,3.000352281448022,6.3807852055519785
60401,2023,0.0,3.000352281448022,-3.000352281448022
60401,2024,0.0,3.000352281448022,-3.000352281448022
60401,2025,0.0,3.000352281448022,-3.000352281448022
60402,2021,5.622813412,2.3320804064350154,3.290733005564985
60402,2022,5.518047692,2.3320804064350154,3.1859672855649843
60402,2023,0.0,2.3320804064350154,-2.3320804064350154
60402,2024,0.0,2.3320804064350154,-2.3320804064350154
60402,2025,0.0,2.3320804064350154,-2.3320804064350154
60403,2021,8.314190017,1.6413608628031842,6.672829154196815
60403,2022,6.052873175,1.6413608628031842,4.411512312196816
60403,2023,0.0,1.6413608628031842,-1.6413608628031842
60403,2024,0.0,1.6413608628031842,-1.6413608628031842
60403,2025,0.0,1.6413608628031842,-1.6413608628031842
60404,2021,6.691876939,2.293459298701642,4.398417640298359
60404,2022,5.761422254,2.293459298701642,3.467962955298358
60404,2023,0.0,2.293459298701642,-2.293459298701642
60404,2024,0.0,2.293459298701642,-2.293459298701642
60404,2025,0.0,2.293459298701642,-2.293459298701642
60405,2021,7.049092068,1.8890522510206391,5.160039816979361
60405,2022,6.932203959,1.8890522510206391,5.04315170797936
60405,2023,0.0,1.8890522510206391,-1.8890522510206391
60405,2024,0.0,1.8890522510206391,-1.8890522510206391
60405,2025,0.0,1.8890522510206391,-1.8890522510206391
60406,2021,5.850071646,2.493120327863884,3.356951318136116
60406,2022,6.012012847,2.493120327863884,3.5188925191361164
60406,2023,0.0,2.493120327863884,-2.493120327863884
60406,2024,0.0,2.493120327863884,-2.493120327863884
60406,2025,0.0,2.493120327863884,-2.493120327863884
60407,2021,6.159018649,2.2460433179492276,3.9129753310507724
60407,2022,5.830746651,2.2460433179492276,3.5847033330507725
60407,2023,0.0,2.2460433179492276,-2.2460433179492276
60407,2024,0.0,2.2460433179492276,-2.2460433179492276
60407,2025,0.0,2.2460433179492276,-2.2460433179492276
60408,2021,6.432068867,2.2434698193324167,4.188599047667584
60408,2022,6.350491561,2.2434698193324167,4.107021741667584
60408,2023,0.0,2.2434698193324167,-2.2434698193324167
60408,2024,0.0,2.2434698193324167,-2.2434698193324167
60408,2025,0.0,2.2434698193324167,-2.2434698193324167
60409,2021,6.704291798,2.0878597803981376,4.616432017601863
60409,2022,6.913562348,2.0878597803981376,4.825702567601862
60409,2023,0.0,2.0878597803981376,-2.0878597803981376
60409,2024,0.0,2.0878597803981376,-2.0878597803981376
60409,2025,0.0,2.0878597803981376,-2.0878597803981376
60410,2021,7.449115972,2.202427964935462,5.246688007064538
60410,2022,7.956673104,2.202427964935462,5.754245139064539
60410,2023,0.0,2.202427964935462,-2.202427964935462
60410,2024,0.0,2.202427964935462,-2.202427964935462
60410,2025,0.0,2.202427964935462,-2.202427964935462
60411,2021,0.0,2.021485454205308,-2.021485454205308
60411,2022,0.0,2.021485454205308,-2.021485454205308
60411,2023,0.0,2.021485454205308,-2.021485454205308
60411,2024,0.0,2.021485454205308,-2.021485454205308
60411,2025,0.0,2.021485454205308,-2.021485454205308
60412,2021,6.154307498,2.068003503391705,4.086303994608295
60412,2022,5.84134851,2.068003503391705,3.7733450066082956
60412,2023,0.0,2.068003503391705,-2.068003503391705
60412,2024,0.0,2.068003503391705,-2.068003503391705
60412,2025,0.0,2.068003503391705,-2.068003503391705
60413,2021,11.81720618,2.2693472880407413,9.547858891959258
60413,2022,10.89499504,2.2693472880407413,8.625647751959258
60413,2023,0.0,2.2693472880407413,-2.2693472880407413
60413,2024,0.0,2.2693472880407413,-2.2693472880407413
60413,2025,0.0,2.2693472880407413,-2.2693472880407413
60414,2021,0.0,1.7624918073857974,-1.7624918073857974
60414,2022,0.0,1.7624918073857974,-1.7624918073857974
60414,2023,0.0,1.7624918073857974,-1.7624918073857974
60414,2024,0.0,1.7624918073857974,-1.7624918073857974
60414,2025,0.0,1.7624918073857974,-1.7624918073857974
60415,2021,5.428451003,2.234569028955761,3.1938819740442392
60415,2022,5.928482866,2.234569028955761,3.6939138370442395
60415,2023,0.0,2.234569028955761,-2.234569028955761
60415,2024,0.0,2.234569028955761,-2.234569028955761
60415,2025,0.0,2.234569028955761,-2.234569028955761
60416,2021,7.126207845,1.5271899667398403,5.59901787826016
60416,2022,6.248042875,1.5271899667398403,4.72085290826016
60416,2023,0.0,1.5271899667398403,-1.5271899667398403
60416,2024,0.0,1.5271899667398403,-1.5271899667398403
60416,2025,0.0,1.5271899667398403,-1.5271899667398403
60417,2021,6.005868377,2.5417125311390616,3.464155845860938
60417,2022,7.307244167,2.5417125311390616,4.765531635860938
60417,2023,0.0,2.5417125311390616,-2.5417125311390616
60417,2024,0.0,2.5417125311390616,-2.5417125311390616
60417,2025,0.0,2.5417125311390616,-2.5417125311390616
60418,2021,6.644444281,1.6500365852397094,4.994407695760291
60418,2022,8.672657294,1.6500365852397094,7.022620708760291
60418,2023,0.0,1.6500365852397094,-1.6500365852397094
60418,2024,0.0,1.6500365852397094,-1.6500365852397094
60418,2025,0.0,1.6500365852397094,-1.6500365852397094
60419,2021,6.811246859,2.2587661491840425,4.552480709815957
60419,2022,5.761946555,2.2587661491840425,3.5031804058159572
60419,2023,0.0,2.2587661491840425,-2.2587661491840425
60419,2024,0.0,2.2587661491840425,-2.2587661491840425
60419,2025,0.0,2.2587661491840425,-2.2587661491840425
60501,2021,5.195811196,2.456668793907749,2.7391424020922512
60501,2022,5.032982216,2.456668793907749,2.576313422092251
60501,2023,0.0,2.456668793907749,-2.456668793907749
60501,2024,0.0,2.456668793907749,-2.456668793907749
60501,2025,0.0,2.456668793907749,-2.456668793907749
60502,2021,0.0,1.5615638169605481,-1.5615638169605481
60502,2022,0.0,1.5615638169605481,-1.5615638169605481
60502,2023,0.0,1.5615638169605481,-1.5615638169605481
60502,2024,0.0,1.5615638169605481,-1.5615638169605481
60502,2025,0.0,1.5615638169605481,-1.5615638169605481
60503,2021,6.021629961,1.7250284314743567,4.296601529525644
60503,2022,6.95694219,1.7250284314743567,5.231913758525644
60503,2023,0.0,1.7250284314743567,-1.7250284314743567
60503,2024,0.0,1.7250284314743567,-1.7250284314743567
60503,2025,0.0,1.7250284314743567,-1.7250284314743567
60504,2021,5.998142202,2.545462529306403,3.4526796726935975
60504,2022,5.983778838,2.545462529306403,3.4383163086935973
60504,2023,0.0,2.545462529306403,-2.545462529306403
60504,2024,0.0,2.545462529306403,-2.545462529306403
60504,2025,0.0,2.545462529306403,-2.545462529306403
60505,2021,5.779363525,1.3285087878930761,4.450854737106924
60505,2022,6.216863448,1.3285087878930761,4.888354660106923
60505,2023,0.0,1.3285087878930761,-1.3285087878930761
60505,2024,0.0,1.3285087878930761,-1.3285087878930761
60505,2025,0.0,1.3285087878930761,-1.3285087878930761
60506,2021,7.796006554,2.327860172388512,5.468146381611488
60506,2022,7.381076316,2.327860172388512,5.053216143611488
60506,2023,0.0,2.327860172388512,-2.327860172388512
60506,2024,0.0,2.327860172388512,-2.327860172388512
60506,2025,0.0,2.327860172388512,-2.327860172388512
60507,2021,0.0,1.9562607634730973,-1.9562607634730973
60507,2022,0.0,1.9562607634730973,-1.9562607634730973
60507,2023,0.0,1.9562607634730973,-1.9562607634730973
60507,2024,0.0,1.9562607634730973,-1.9562607634730973
60507,2025,0.0,1.9562607634730973,-1.9562607634730973
60508,2021,0.0,1.1513968427984496,-1.1513968427984496
60508,2022,0.0,1.1513968427984496,-1.1513968427984496
60508,2023,0.0,1.1513968427984496,-1.1513968427984496
60508,2024,0.0,1.1513968427984496,-1.1513968427984496
60508,2025,0.0,1.1513968427984496,-1.1513968427984496
60601,2021,10.47781246,3.284672841677773,7.193139618322228
60601,2022,8.403169323,3.284672841677773,5.118496481322227
60601,2023,0.0,3.284672841677773,-3.284672841677773
60601,2024,0.0,3.284672841677773,-3.284672841677773
60601,2025,0.0,3.284672841677773,-3.284672841677773
60602,2021,7.17581176,2.1202673842346136,5.055544375765386
60602,2022,8.183834722,2.1202673842346136,6.063567337765386
60602,2023,0.0,2.1202673842346136,-2.1202673842346136
60602,2024,0.0,2.1202673842346136,-2.1202673842346136
60602,2025,0.0,2.1202673842346136,-2.1202673842346136
60603,2021,6.21349637,1.3823437736630375,4.831152596336962
60603,2022,6.380687349,1.3823437736630375,4.998343575336962
60603,2023,0.0,1.3823437736630375,-1.3823437736630375
60603,2024,0.0,1.3823437736630375,-1.3823437736630375
60603,2025,0.0,1.3823437736630375,-1.3823437736630375
60604,2021,6.762389429,1.344970951518326,5.417418477481673
60604,2022,6.893692865,1.344970951518326,5.548721913481675
60604,2023,0.0,1.344970951518326,-1.344970951518326
60604,2024,0.0,1.344970951518326,-1.344970951518326
60604,2025,0.0,1.344970951518326,-1.344970951518326
60605,2021,6.539585956,2.2955728815175376,4.244013074482462
60605,2022,6.601525444,2.2955728815175376,4.305952562482462
60605,2023,0.0,2.2955728815175376,-2.2955728815175376
60605,2024,0.0,2.2955728815175376,-2.2955728815175376
60605,2025,0.0,2.2955728815175376,-2.2955728815175376
60606,2021,6.795515816,2.1586190638153457,4.636896752184654
60606,2022,7.180058674,2.1586190638153457,5.021439610184654
60606,2023,0.0,2.1586190638153457,-2.1586190638153457
60606,2024,0.0,2.1586190638153457,-2.1586190638153457
60606,2025,0.0,2.1586190638153457,-2.1586190638153457
60607,2021,7.232696643,2.262326799917068,4.970369843082931
60607,2022,6.140525555,2.262326799917068,3.878198755082932
60607,2023,0.0,2.262326799917068,-2.262326799917068
60607,2024,0.0,2.262326799917068,-2.262326799917068
60607,2025,0.0,2.262326799917068,-2.262326799917068
60608,2021,6.253614103,2.1794312528738398,4.07418285012616
60608,2022,5.752119765,2.1794312528738398,3.57268851212616
60608,2023,0.0,2.1794312528738398,-2.1794312528738398
60608,2024,0.0,2.1794312528738398,-2.1794312528738398
60608,2025,0.0,2.1794312528738398,-2.1794312528738398
60609,2021,6.217938909,2.1848306787558704,4.03310823024413
60609,2022,5.236441963,2.1848306787558704,3.0516112842441294
60609,2023,0.0,2.1848306787558704,-2.1848306787558704
60609,2024,0.0,2.1848306787558704,-2.1848306787558704
60609,2025,0.0,2.1848306787558704,-2.1848306787558704
60610,2021,7.206091928,2.3863189901706705,4.819772937829329
60610,2022,0.0,2.3863189901706705,-2.3863189901706705
60610,2023,0.0,2.3863189901706705,-2.3863189901706705
60610,2024,0.0,2.3863189901706705,-2.3863189901706705
60610,2025,0.0,2.3863189901706705,-2.3863189901706705
60611,2021,6.490419998,1.9919728080996129,4.4984471899003875
60611,2022,6.871091295,1.9919728080996129,4.879118486900388
60611,2023,0.0,1.9919728080996129,-1.9919728080996129
60611,2024,0.0,1.9919728080996129,-1.9919728080996129
60611,2025,0.0,1.9919728080996129,-1.9919728080996129
60612,2021,6.296448007,2.274009484598704,4.022438522401297
60612,2022,6.588897821,2.274009484598704,4.314888336401296
60612,2023,0.0,2.274009484598704,-2.274009484598704
60612,2024,0.0,2.274009484598704,-2.274009484598704
60612,2025,0.0,2.274009484598704,-2.274009484598704
60613,2021,6.674696795,2.044693988723426,4.630002806276574
60613,2022,6.864710764,2.044693988723426,4.820016775276574
60613,2023,0.0,2.044693988723426,-2.044693988723426
60613,2024,0.0,2.044693988723426,-2.044693988723426
60613,2025,0.0,2.044693988723426,-2.044693988723426
60614,2021,6.461339743,2.5903287554115315,3.8710109875884684
60614,2022,6.744655119,2.5903287554115315,4.154326363588469
60614,2023,0.0,2.5903287554115315,-2.5903287554115315
60614,2024,0.0,2.5903287554115315,-2.5903287554115315
60614,2025,0.0,2.5903287554115315,-2.5903287554115315
60615,2021,6.315267582,1.7323984677904565,4.582869114209544
60615,2022,6.447305863,1.7323984677904565,4.7149073952095435
60615,2023,0.0,1.7323984677904565,-1.7323984677904565
60615,2024,0.0,1.7323984677904565,-1.7323984677904565
60615,2025,0.0,1.7323984677904565,-1.7323984677904565
60701,2021,8.938870099,3.111332693136215,5.827537405863786
60701,2022,8.107453216,3.111332693136215,4.996120522863785
60701,2023,0.0,3.111332693136215,-3.111332693136215
60701,2024,0.0,3.111332693136215,-3.111332693136215
60701,2025,0.0,3.111332693136215,-3.111332693136215
60702,2021,7.162049936,2.219899616957724,4.942150319042276
60702,2022,7.788909577,2.219899616957724,5.569009960042276
60702,2023,0.0,2.219899616957724,-2.219899616957724
60702,2024,0.0,2.219899616957724,-2.219899616957724
60702,2025,0.0,2.219899616957724,-2.219899616957724
60703,2021,9.380123726,2.583100676402661,6.79702304959734
60703,2022,9.373554395,2.583100676402661,6.790453718597338
60703,2023,0.0,2.583100676402661,-2.583100676402661
60703,2024,0.0,2.583100676402661,-2.583100676402661
60703,2025,0.0,2.583100676402661,-2.583100676402661
60801,2021,9.173955907,3.1939134792637165,5.980042427736283
60801,2022,9.179140407,3.1939134792637165,5.985226927736283
60801,2023,0.0,3.1939134792637165,-3.1939134792637165
60801,2024,0.0,3.1939134792637165,-3.1939134792637165
60801,2025,0.0,3.1939134792637165,-3.1939134792637165
60802,2021,0.0,1.966226503062013,-1.966226503062013
60802,2022,0.0,1.966226503062013,-1.966226503062013
60802,2023,0.0,1.966226503062013,-1.966226503062013
60802,2024,0.0,1.966226503062013,-1.966226503062013
60802,2025,0.0,1.966226503062013,-1.966226503062013
60803,2021,6.282444915,2.399930871478194,3.882514043521806
60803,2022,5.996201911,2.399930871478194,3.596271039521806
60803,2023,0.0,2.399930871478194,-2.399930871478194
60803,2024,0.0,2.399930871478194,-2.399930871478194
60803,2025,0.0,2.399930871478194,-2.399930871478194
60804,2021,5.926847592,2.2749016630081926,3.651945928991807
60804,2022,5.94199935,2.2749016630081926,3.667097686991807
60804,2023,0.0,2.2749016630081926,-2.2749016630081926
60804,2024,0.0,2.2749016630081926,-2.2749016630081926
60804,2025,0.0,2.2749016630081926,-2.2749016630081926
60805,2021,5.592037535,2.1880327890960665,3.4040047459039338
60805,2022,5.904157422,2.1880327890960665,3.7161246329039335
60805,2023,0.0,2.1880327890960665,-2.1880327890960665
60805,2024,0.0,2.1880327890960665,-2.1880327890960665
60805,2025,0.0,2.1880327890960665,-2.1880327890960665
60806,2021,6.178832871,1.8668412430339394,4.31199162796606
60806,2022,6.536627183,1.8668412430339394,4.669785939966061
60806,2023,0.0,1.8668412430339394,-1.8668412430339394
60806,2024,0.0,1.8668412430339394,-1.8668412430339394
60806,2025,0.0,1.8668412430339394,-1.8668412430339394
60807,2021,6.177791959,1.9270418676569272,4.250750091343074
60807,2022,5.980255341,1.9270418676569272,4.053213473343073
60807,2023,0.0,1.9270418676569272,-1.9270418676569272
60807,2024,0.0,1.9270418676569272,-1.9270418676569272
60807,2025,0.0,1.9270418676569272,-1.9270418676569272
60808,2021,0.0,1.7182916991839101,-1.7182916991839101
60808,2022,0.0,1.7182916991839101,-1.7182916991839101
60808,2023,0.0,1.7182916991839101,-1.7182916991839101
60808,2024,0.0,1.7182916991839101,-1.7182916991839101
60808,2025,0.0,1.7182916991839101,-1.7182916991839101
60809,2021,6.607085383,2.821331955886484,3.7857534271135163
60809,2022,6.846992274,2.821331955886484,4.025660318113516
60809,2023,0.0,2.821331955886484,-2.821331955886484
60809,2024,0.0,2.821331955886484,-2.821331955886484
60809,2025,0.0,2.821331955886484,-2.821331955886484
60810,2021,7.214968203,2.344667712791551,4.870300490208448
60810,2022,6.975622998,2.344667712791551,4.630955285208449
60810,2023,0.0,2.344667712791551,-2.344667712791551
60810,2024,0.0,2.344667712791551,-2.344667712791551
60810,2025,0.0,2.344667712791551,-2.344667712791551
60811,2021,6.151840706,2.231535194220617,3.920305511779383
60811,2022,7.328266175,2.231535194220617,5.096730980779384
60811,2023,0.0,2.231535194220617,-2.231535194220617
60811,2024,0.0,2.231535194220617,-2.231535194220617
60811,2025,0.0,2.231535194220617,-2.231535194220617
60812,2021,5.444025428,2.0271518697141877,3.416873558285812
60812,2022,6.020546873,2.0271518697141877,3.993395003285812
60812,2023,0.0,2.0271518697141877,-2.0271518697141877
60812,2024,0.0,2.0271518697141877,-2.0271518697141877
60812,2025,0.0,2.0271518697141877,-2.0271518697141877
60901,2021,10.47309131,2.7156075080133335,7.757483801986666
60901,2022,9.999613411,2.7156075080133335,7.284005902986667
60901,2023,0.0,2.7156075080133335,-2.7156075080133335
60901,2024,0.0,2.7156075080133335,-2.7156075080133335
60901,2025,0.0,2.7156075080133335,-2.7156075080133335
60902,2021,6.602002701,2.075666034392997,4.526336666607003
60902,2022,6.666202786,2.075666034392997,4.5905367516070035
60902,2023,0.0,2.075666034392997,-2.075666034392997
60902,2024,0.0,2.075666034392997,-2.075666034392997
60902,2025,0.0,2.075666034392997,-2.075666034392997
60903,2021,6.404480033,2.1181894750223433,4.286290557977656
60903,2022,6.374890126,2.1181894750223433,4.256700650977657
60903,2023,0.0,2.1181894750223433,-2.1181894750223433
60903,2024,0.0,2.1181894750223433,-2.1181894750223433
60903,2025,0.0,2.1181894750223433,-2.1181894750223433
60904,2021,5.626257651,2.7341148014587615,2.892142849541239
60904,2022,6.06648036,2.7341148014587615,3.3323655585412384
60904,2023,0.0,2.7341148014587615,-2.7341148014587615
60904,2024,0.0,2.7341148014587615,-2.7341148014587615
60904,2025,0.0,2.7341148014587615,-2.7341148014587615
60905,2021,5.935018473,2.0905040246368283,3.844514448363172
60905,2022,5.691297453,2.0905040246368283,3.6007934283631715
60905,2023,0.0,2.0905040246368283,-2.0905040246368283
60905,2024,0.0,2.0905040246368283,-2.0905040246368283
60905,2025,0.0,2.0905040246368283,-2.0905040246368283
60906,2021,6.185581085,2.3888792789973845,3.7967018060026154
60906,2022,6.360449319,2.3888792789973845,3.9715700400026153
60906,2023,0.0,2.3888792789973845,-2.3888792789973845
60906,2024,0.0,2.3888792789973845,-2.3888792789973845
60906,2025,0.0,2.3888792789973845,-2.3888792789973845
60907,2021,6.002830865,2.3590357311392425,3.6437951338607575
60907,2022,6.079641655,2.3590357311392425,3.720605923860757
60907,2023,0.0,2.3590357311392425,-2.3590357311392425
60907,2024,0.0,2.3590357311392425,-2.3590357311392425
60907,2025,0.0,2.3590357311392425,-2.3590357311392425
61001,2021,0.0,2.5552674727109377,-2.5552674727109377
61001,2022,0.0,2.5552674727109377,-2.5552674727109377
61001,2023,0.0,2.5552674727109377,-2.5552674727109377
61001,2024,0.0,2.5552674727109377,-2.5552674727109377
61001,2025,0.0,2.5552674727109377,-2.5552674727109377
61002,2021,6.093913219,1.8672193033833988,4.226693915616601
61002,2022,6.364359505,1.8672193033833988,4.4971402016166016
61002,2023,0.0,1.8672193033833988,-1.8672193033833988
61002,2024,0.0,1.8672193033833988,-1.8672193033833988
61002,2025,0.0,1.8672193033833988,-1.8672193033833988
61003,2021,0.0,1.8436171276801325,-1.8436171276801325
61003,2022,0.0,1.8436171276801325,-1.8436171276801325
61003,2023,0.0,1.8436171276801325,-1.8436171276801325
61003,2024,0.0,1.8436171276801325,-1.8436171276801325
61003,2025,0.0,1.8436171276801325,-1.8436171276801325
61004,2021,5.752663338,1.9085775992957639,3.8440857387042358
61004,2022,5.818918583,1.9085775992957639,3.9103409837042364
61004,2023,0.0,1.9085775992957639,-1.9085775992957639
61004,2024,0.0,1.9085775992957639,-1.9085775992957639
61004,2025,0.0,1.9085775992957639,-1.9085775992957639
61005,2021,6.085258426,1.926696595862053,4.1585618301379474
61005,2022,6.164439172,1.926696595862053,4.237742576137947
61005,2023,0.0,1.926696595862053,-1.926696595862053
61005,2024,0.0,1.926696595862053,-1.926696595862053
61005,2025,0.0,1.926696595862053,-1.926696595862053
61006,2021,6.020471131,2.4005702063821333,3.6199009246178666
61006,2022,9.121744778,2.4005702063821333,6.721174571617867
61006,2023,0.0,2.4005702063821333,-2.4005702063821333
61006,2024,0.0,2.4005702063821333,-2.4005702063821333
61006,2025,0.0,2.4005702063821333,-2.4005702063821333
61007,2021,5.774115968,2.618651274288305,3.1554646937116955
61007,2022,5.909130224,2.618651274288305,3.2904789497116953
61007,2023,0.0,2.618651274288305,-2.618651274288305
61007,2024,0.0,2.618651274288305,-2.618651274288305
61007,2025,0.0,2.618651274288305,-2.618651274288305
61101,2021,0.0,2.4661060257215914,-2.4661060257215914
61101,2022,0.0,2.4661060257215914,-2.4661060257215914
61101,2023,0.0,2.4661060257215914,-2.4661060257215914
61101,2024,0.0,2.4661060257215914,-2.4661060257215914
61101,2025,0.0,2.4661060257215914,-2.4661060257215914
61102,2021,0.0,1.5025320988926487,-1.5025320988926487
61102,2022,0.0,1.5025320988926487,-1.5025320988926487
61102,2023,0.0,1.5025320988926487,-1.5025320988926487
61102,2024,0.0,1.5025320988926487,-1.5025320988926487
61102,2025,0.0,1.5025320988926487,-1.5025320988926487
61103,2021,6.882803704,2.2014176565428576,4.681386047457142
61103,2022,6.302364568,2.2014176565428576,4.100946911457142
61103,2023,0.0,2.2014176565428576,-2.2014176565428576
61103,2024,0.0,2.2014176565428576,-2.2014176565428576
61103,2025,0.0,2.2014176565428576,-2.2014176565428576
61104,2021,6.490331858,2.126977726471809,4.363354131528191
61104,2022,6.90213954,2.126977726471809,4.775161813528191
61104,2023,0.0,2.126977726471809,-2.126977726471809
61104,2024,0.0,2.126977726471809,-2.126977726471809
61104,2025,0.0,2.126977726471809,-2.126977726471809
61105,2021,5.187385806,2.51278995870501,2.67459584729499
61105,2022,6.16856416,2.51278995870501,3.6557742012949896
61105,2023,0.0,2.51278995870501,-2.51278995870501
61105,2024,0.0,2.51278995870501,-2.51278995870501
61105,2025,0.0,2.51278995870501,-2.51278995870501
61106,2021,5.789167015,1.6188597059599785,4.170307309040021
61106,2022,5.76548961,1.6188597059599785,4.146629904040022
61106,2023,0.0,1.6188597059599785,-1.6188597059599785
61106,2024,0.0,1.6188597059599785,-1.6188597059599785
61106,2025,0.0,1.6188597059599785,-1.6188597059599785
61107,2021,5.748827796,2.1458697041666386,3.602958091833361
61107,2022,4.95915731,2.1458697041666386,2.8132876058333616
61107,2023,0.0,2.1458697041666386,-2.1458697041666386
61107,2024,0.0,2.1458697041666386,-2.1458697041666386
61107,2025,0.0,2.1458697041666386,-2.1458697041666386
61108,2021,6.277113304,1.4768014899710638,4.8003118140289365
61108,2022,6.999422468,1.4768014899710638,5.522620978028936
61108,2023,0.0,1.4768014899710638,-1.4768014899710638
61108,2024,0.0,1.4768014899710638,-1.4768014899710638
61108,2025,0.0,1.4768014899710638,-1.4768014899710638
61109,2021,5.929429556,2.1133472658252788,3.816082290174721
61109,2022,7.188412736,2.1133472658252788,5.075065470174721
61109,2023,0.0,2.1133472658252788,-2.1133472658252788
61109,2024,0.0,2.1133472658252788,-2.1133472658252788
61109,2025,0.0,2.1133472658252788,-2.1133472658252788
61110,2021,6.37107189,1.9805244295326878,4.390547460467312
61110,2022,0.0,1.9805244295326878,-1.9805244295326878
61110,2023,0.0,1.9805244295326878,-1.9805244295326878
61110,2024,0.0,1.9805244295326878,-1.9805244295326878
61110,2025,0.0,1.9805244295326878,-1.9805244295326878
61111,2021,5.528063076,2.332093890808819,3.1959691851911805
61111,2022,6.556913519,2.332093890808819,4.224819628191181
61111,2023,0.0,2.332093890808819,-2.332093890808819
61111,2024,0.0,2.332093890808819,-2.332093890808819
61111,2025,0.0,2.332093890808819,-2.332093890808819
61112,2021,6.759641894,2.0134328191322295,4.74620907486777
61112,2022,6.502265171,2.0134328191322295,4.488832351867771
61112,2023,0.0,2.0134328191322295,-2.0134328191322295
61112,2024,0.0,2.0134328191322295,-2.0134328191322295
61112,2025,0.0,2.0134328191322295,-2.0134328191322295
61113,2021,7.489544032,2.0181484201790085,5.471395611820991
61113,2022,7.967825524,2.0181484201790085,5.949677103820992
61113,2023,0.0,2.0181484201790085,-2.0181484201790085
61113,2024,0.0,2.0181484201790085,-2.0181484201790085
61113,2025,0.0,2.0181484201790085,-2.0181484201790085
61201,2021,5.494326866,2.370766715935397,3.123560150064603
61201,2022,5.350033648,2.370766715935397,2.9792669320646032
61201,2023,0.0,2.370766715935397,-2.370766715935397
61201,2024,0.0,2.370766715935397,-2.370766715935397
61201,2025,0.0,2.370766715935397,-2.370766715935397
61202,2021,6.114607868,2.2423997228453842,3.872208145154616
61202,2022,7.168626121,2.2423997228453842,4.926226398154616
61202,2023,0.0,2.2423997228453842,-2.2423997228453842
61202,2024,0.0,2.2423997228453842,-2.2423997228453842
61202,2025,0.0,2.2423997228453842,-2.2423997228453842
61203,2021,6.693661563,1.218113712261309,5.475547850738691
61203,2022,7.486893543,1.218113712261309,6.268779830738691
61203,2023,0.0,1.218113712261309,-1.218113712261309
61203,2024,0.0,1.218113712261309,-1.218113712261309
61203,2025,0.0,1.218113712261309,-1.218113712261309
61204,2021,6.454681083,1.8917126366531833,4.562968446346816
61204,2022,6.677078797,1.8917126366531833,4.7853661603468165
61204,2023,0.0,1.8917126366531833,-1.8917126366531833
61204,2024,0.0,1.8917126366531833,-1.8917126366531833
61204,2025,0.0,1.8917126366531833,-1.8917126366531833
61301,2021,10.10197293,2.172915002886611,7.929057927113389
61301,2022,9.43965423,2.172915002886611,7.266739227113389
61301,2023,0.0,2.172915002886611,-2.172915002886611
61301,2024,0.0,2.172915002886611,-2.172915002886611
61301,2025,0.0,2.172915002886611,-2.172915002886611
61302,2021,6.535882091,1.9130169144229399,4.6228651765770605
61302,2022,6.654539043,1.9130169144229399,4.74152212857706
61302,2023,0.0,1.9130169144229399,-1.9130169144229399
61302,2024,0.0,1.9130169144229399,-1.9130169144229399
61302,2025,0.0,1.9130169144229399,-1.9130169144229399
61303,2021,6.576236933,2.1886798719102187,4.387557061089781
61303,2022,7.328895735,2.1886798719102187,5.1402158630897805
61303,2023,0.0,2.1886798719102187,-2.1886798719102187
61303,2024,0.0,2.1886798719102187,-2.1886798719102187
61303,2025,0.0,2.1886798719102187,-2.1886798719102187
61304,2021,6.771335147,2.256920103782591,4.51441504321741
61304,2022,7.30404863,2.256920103782591,5.047128526217408
61304,2023,0.0,2.256920103782591,-2.256920103782591
61304,2024,0.0,2.256920103782591,-2.256920103782591
61304,2025,0.0,2.256920103782591,-2.256920103782591
61305,2021,7.63987795,2.332107792155348,5.307770157844652
61305,2022,7.199721431,2.332107792155348,4.867613638844652
61305,2023,0.0,2.332107792155348,-2.332107792155348
61305,2024,0.0,2.332107792155348,-2.332107792155348
61305,2025,0.0,2.332107792155348,-2.332107792155348
61306,2021,5.865801279,2.3541386247315716,3.5116626542684286
61306,2022,6.605543923,2.3541386247315716,4.251405298268429
61306,2023,0.0,2.3541386247315716,-2.3541386247315716
61306,2024,0.0,2.3541386247315716,-2.3541386247315716
61306,2025,0.0,2.3541386247315716,-2.3541386247315716
61307,2021,6.085433502,2.0938861280125876,3.9915473739874123
61307,2022,6.42616478,2.0938861280125876,4.332278651987412
61307,2023,0.0,2.0938861280125876,-2.0938861280125876
61307,2024,0.0,2.0938861280125876,-2.0938861280125876
61307,2025,0.0,2.0938861280125876,-2.0938861280125876
61308,2021,6.402067947,1.597088538229074,4.804979408770926
61308,2022,6.317841353,1.597088538229074,4.720752814770926
61308,2023,0.0,1.597088538229074,-1.597088538229074
61308,2024,0.0,1.597088538229074,-1.597088538229074
61308,2025,0.0,1.597088538229074,-1.597088538229074
61309,2021,0.0,1.258199380431414,-1.258199380431414
61309,2023,0.0,1.258199380431414,-1.258199380431414
61309,2024,0.0,1.258199380431414,-1.258199380431414
61309,2025,0.0,1.258199380431414,-1.258199380431414
61310,2021,6.604911223,2.4610032572629383,4.143907965737062
61310,2022,7.155396302,2.4610032572629383,4.694393044737062
61310,2023,0.0,2.4610032572629383,-2.4610032572629383
61310,2024,0.0,2.4610032572629383,-2.4610032572629383
61310,2025,0.0,2.4610032572629383,-2.4610032572629383
61311,2021,5.603143306,1.7896603930182373,3.8134829129817627
61311,2022,4.960133989,1.7896603930182373,3.170473595981763
61311,2023,0.0,1.7896603930182373,-1.7896603930182373
61311,2024,0.0,1.7896603930182373,-1.7896603930182373
61311,2025,0.0,1.7896603930182373,-1.7896603930182373
70101,2021,5.448311677,2.680862094729289,2.7674495822707113
70101,2022,5.541478605,2.680862094729289,2.860616510270711
70101,2023,0.0,2.680862094729289,-2.680862094729289
70101,2024,0.0,2.680862094729289,-2.680862094729289
70101,2025,0.0,2.680862094729289,-2.680862094729289
70102,2021,10.70835735,2.5267529380861498,8.18160441191385
70102,2022,9.39921622,2.5267529380861498,6.87246328191385
70102,2023,0.0,2.5267529380861498,-2.5267529380861498
70102,2024,0.0,2.5267529380861498,-2.5267529380861498
70102,2025,0.0,2.5267529380861498,-2.5267529380861498
70103,2021,8.147769309,2.211284626240542,5.936484682759457
70103,2022,7.589927426,2.211284626240542,5.378642799759458
70103,2023,0.0,2.211284626240542,-2.211284626240542
70103,2024,0.0,2.211284626240542,-2.211284626240542
70103,2025,0.0,2.211284626240542,-2.211284626240542
70105,2021,5.377090037,1.5057705295234023,3.8713195074765983
70105,2022,4.211278298,1.5057705295234023,2.705507768476598
70105,2023,0.0,1.5057705295234023,-1.5057705295234023
70105,2024,0.0,1.5057705295234023,-1.5057705295234023
70105,2025,0.0,1.5057705295234023,-1.5057705295234023
70106,2021,6.394228709,2.6081274742713054,3.7861012347286946
70106,2022,5.444287631,2.6081274742713054,2.8361601567286945
70106,2023,0.0,2.6081274742713054,-2.6081274742713054
70106,2024,0.0,2.6081274742713054,-2.6081274742713054
70106,2025,0.0,2.6081274742713054,-2.6081274742713054
70107,2021,5.303195204,2.1337520282682787,3.169443175731721
70107,2022,5.65744643,2.1337520282682787,3.5236944017317215
70107,2023,0.0,2.1337520282682787,-2.1337520282682787
70107,2024,0.0,2.1337520282682787,-2.1337520282682787
70107,2025,0.0,2.1337520282682787,-2.1337520282682787
80101,2021,8.291840656,3.1394279763981214,5.152412679601879
80101,2022,8.574613339,3.1394279763981214,5.43518536260188
80101,2023,0.0,3.1394279763981214,-3.1394279763981214
80101,2024,0.0,3.1394279763981214,-3.1394279763981214
80101,2025,0.0,3.1394279763981214,-3.1394279763981214
80102,2021,6.925300458,1.9656578114534318,4.959642646546568
80102,2022,6.482983367,1.9656578114534318,4.517325555546568
80102,2023,0.0,1.9656578114534318,-1.9656578114534318
80102,2024,0.0,1.9656578114534318,-1.9656578114534318
80102,2025,0.0,1.9656578114534318,-1.9656578114534318
80103,2021,6.986601939,1.550935178758242,5.435666760241758
80103,2022,7.887318191,1.550935178758242,6.336383012241758
80103,2023,0.0,1.550935178758242,-1.550935178758242
80103,2024,0.0,1.550935178758242,-1.550935178758242
80103,2025,0.0,1.550935178758242,-1.550935178758242
80104,2021,9.666202374,3.0578286835795625,6.608373690420437
80104,2022,8.951329789,3.0578286835795625,5.893501105420438
80104,2023,0.0,3.0578286835795625,-3.0578286835795625
80104,2024,0.0,3.0578286835795625,-3.0578286835795625
80104,2025,0.0,3.0578286835795625,-3.0578286835795625
80105,2021,7.834712158,3.194874816639113,4.639837341360887
80105,2022,7.431538703,3.194874816639113,4.236663886360887
80105,2023,0.0,3.194874816639113,-3.194874816639113
80105,2024,0.0,3.194874816639113,-3.194874816639113
80105,2025,0.0,3.194874816639113,-3.194874816639113
80106,2021,9.157240002,3.083546469774174,6.0736935322258265
80106,2022,8.532562458,3.083546469774174,5.449015988225826
80106,2023,0.0,3.083546469774174,-3.083546469774174
80106,2024,0.0,3.083546469774174,-3.083546469774174
80106,2025,0.0,3.083546469774174,-3.083546469774174
80107,2021,0.0,1.73805473840938,-1.73805473840938
80107,2022,0.0,1.73805473840938,-1.73805473840938
80107,2023,0.0,1.73805473840938,-1.73805473840938
80107,2024,0.0,1.73805473840938,-1.73805473840938
80107,2025,0.0,1.73805473840938,-1.73805473840938
80108,2021,7.985118074,2.745431415287443,5.239686658712557
80108,2022,9.264454402,2.745431415287443,6.519022986712557
80108,2023,0.0,2.745431415287443,-2.745431415287443
80108,2024,0.0,2.745431415287443,-2.745431415287443
80108,2025,0.0,2.745431415287443,-2.745431415287443
80201,2021,8.231182202,2.171748467301922,6.059433734698077
80201,2022,8.957807651,2.171748467301922,6.786059183698077
80201,2023,0.0,2.171748467301922,-2.171748467301922
80201,2024,0.0,2.171748467301922,-2.171748467301922
80201,2025,0.0,2.171748467301922,-2.171748467301922
80202,2021,7.579040213,2.235115795392231,5.343924417607768
80202,2022,0.0,2.235115795392231,-2.235115795392231
80202,2023,0.0,2.235115795392231,-2.235115795392231
80202,2024,0.0,2.235115795392231,-2.235115795392231
80202,2025,0.0,2.235115795392231,-2.235115795392231
80203,2021,0.0,2.111840151042146,-2.111840151042146
80203,2022,0.0,2.111840151042146,-2.111840151042146
80203,2023,0.0,2.111840151042146,-2.111840151042146
80203,2024,0.0,2.111840151042146,-2.111840151042146
80203,2025,0.0,2.111840151042146,-2.111840151042146
80204,2021,7.5111063,1.8681213927744296,5.6429849072255704
80204,2022,0.0,1.8681213927744296,-1.8681213927744296
80204,2023,0.0,1.8681213927744296,-1.8681213927744296
80204,2024,0.0,1.8681213927744296,-1.8681213927744296
80204,2025,0.0,1.8681213927744296,-1.8681213927744296
80205,2021,6.136532083,2.269272141228424,3.8672599417715756
80205,2022,5.794083353,2.269272141228424,3.5248112117715764
80205,2023,0.0,2.269272141228424,-2.269272141228424
80205,2024,0.0,2.269272141228424,-2.269272141228424
80205,2025,0.0,2.269272141228424,-2.269272141228424
80206,2021,5.031060199,1.4492772996395609,3.581782899360439
80206,2022,5.404177757,1.4492772996395609,3.9549004573604396
80206,2023,0.0,1.4492772996395609,-1.4492772996395609
80206,2024,0.0,1.4492772996395609,-1.4492772996395609
80206,2025,0.0,1.4492772996395609,-1.4492772996395609
80207,2021,6.484804857,1.8409101478542913,4.643894709145709
80207,2022,5.278168935,1.8409101478542913,3.4372587871457085
80207,2023,0.0,1.8409101478542913,-1.8409101478542913
80207,2024,0.0,1.8409101478542913,-1.8409101478542913
80207,2025,0.0,1.8409101478542913,-1.8409101478542913
80301,2021,6.223655736,3.0659264616056148,3.1577292743943857
80301,2022,3.526455704,3.0659264616056148,0.4605292423943852
80301,2023,0.0,3.0659264616056148,-3.0659264616056148
80301,2024,0.0,3.0659264616056148,-3.0659264616056148
80301,2025,0.0,3.0659264616056148,-3.0659264616056148
80302,2021,7.522775433,2.1439526411817837,5.378822791818216
80302,2022,9.326539014,2.1439526411817837,7.182586372818216
80302,2023,0.0,2.1439526411817837,-2.1439526411817837
80302,2024,0.0,2.1439526411817837,-2.1439526411817837
80302,2025,0.0,2.1439526411817837,-2.1439526411817837
80303,2021,6.575360589,1.6155577766248386,4.959802812375161
80303,2022,0.0,1.6155577766248386,-1.6155577766248386
80303,2023,0.0,1.6155577766248386,-1.6155577766248386
80303,2024,0.0,1.6155577766248386,-1.6155577766248386
80303,2025,0.0,1.6155577766248386,-1.6155577766248386
80304,2021,6.310783705,1.9206471767668962,4.390136528233104
80304,2022,6.11146734,1.9206471767668962,4.190820163233104
80304,2023,0.0,1.9206471767668962,-1.9206471767668962
80304,2024,0.0,1.9206471767668962,-1.9206471767668962
80304,2025,0.0,1.9206471767668962,-1.9206471767668962
80305,2021,5.911800183,1.9754619670130025,3.936338215986998
80305,2022,0.0,1.9754619670130025,-1.9754619670130025
80305,2023,0.0,1.9754619670130025,-1.9754619670130025
80305,2024,0.0,1.9754619670130025,-1.9754619670130025
80305,2025,0.0,1.9754619670130025,-1.9754619670130025
80306,2021,6.494192961,2.230229704829257,4.263963256170744
80306,2022,7.534295249,2.230229704829257,5.304065544170744
80306,2023,0.0,2.230229704829257,-2.230229704829257
80306,2024,0.0,2.230229704829257,-2.230229704829257
80306,2025,0.0,2.230229704829257,-2.230229704829257
80307,2021,6.411524185,2.3605353621069245,4.050988822893076
80307,2022,0.0,2.3605353621069245,-2.3605353621069245
80307,2023,0.0,2.3605353621069245,-2.3605353621069245
80307,2024,0.0,2.3605353621069245,-2.3605353621069245
80307,2025,0.0,2.3605353621069245,-2.3605353621069245
80308,2021,6.530415315,1.2309744042368747,5.299440910763125
80308,2022,4.688738141,1.2309744042368747,3.457763736763125
80308,2023,0.0,1.2309744042368747,-1.2309744042368747
80308,2024,0.0,1.2309744042368747,-1.2309744042368747
80308,2025,0.0,1.2309744042368747,-1.2309744042368747
80309,2021,3.347070421,1.6000357198591608,1.7470347011408394
80309,2022,0.0,1.6000357198591608,-1.6000357198591608
80309,2023,0.0,1.6000357198591608,-1.6000357198591608
80309,2024,0.0,1.6000357198591608,-1.6000357198591608
80309,2025,0.0,1.6000357198591608,-1.6000357198591608
80401,2021,5.132346809,2.601168818198216,2.531177990801784
80401,2022,5.115380246,2.601168818198216,2.5142114278017837
80401,2023,0.0,2.601168818198216,-2.601168818198216
80401,2024,0.0,2.601168818198216,-2.601168818198216
80401,2025,0.0,2.601168818198216,-2.601168818198216
80402,2021,5.18614357,1.7960662148861346,3.390077355113865
80402,2022,7.433624183,1.7960662148861346,5.637557968113866
80402,2023,0.0,1.7960662148861346,-1.7960662148861346
80402,2024,0.0,1.7960662148861346,-1.7960662148861346
80402,2025,0.0,1.7960662148861346,-1.7960662148861346
80403,2021,7.542795386,2.007189772623858,5.535605613376141
80403,2022,7.815201214,2.007189772623858,5.8080114413761414
80403,2023,0.0,2.007189772623858,-2.007189772623858
80403,2024,0.0,2.007189772623858,-2.007189772623858
80403,2025,0.0,2.007189772623858,-2.007189772623858
80404,2021,5.395222817,2.184046801953685,3.2111760150463144
80404,2022,0.0,2.184046801953685,-2.184046801953685
80404,2023,0.0,2.184046801953685,-2.184046801953685
80404,2024,0.0,2.184046801953685,-2.184046801953685
80404,2025,0.0,2.184046801953685,-2.184046801953685
80405,2021,6.738370323,2.7001707668131085,4.038199556186891
80405,2022,5.4842476,2.7001707668131085,2.7840768331868913
80405,2023,0.0,2.7001707668131085,-2.7001707668131085
80405,2024,0.0,2.7001707668131085,-2.7001707668131085
80405,2025,0.0,2.7001707668131085,-2.7001707668131085
80406,2021,7.082232342,2.352377267304962,4.729855074695038
80406,2022,7.972442008,2.352377267304962,5.620064740695038
80406,2023,0.0,2.352377267304962,-2.352377267304962
80406,2024,0.0,2.352377267304962,-2.352377267304962
80406,2025,0.0,2.352377267304962,-2.352377267304962
80407,2021,3.632372848,1.9582637481633436,1.6741090998366566
80407,2022,5.19057306,1.9582637481633436,3.232309311836657
80407,2023,0.0,1.9582637481633436,-1.9582637481633436
80407,2024,0.0,1.9582637481633436,-1.9582637481633436
80407,2025,0.0,1.9582637481633436,-1.9582637481633436
80408,2021,5.293611188,1.9827295642449636,3.3108816237550363
80408,2022,5.658610756,1.9827295642449636,3.6758811917550362
80408,2023,0.0,1.9827295642449636,-1.9827295642449636
80408,2024,0.0,1.9827295642449636,-1.9827295642449636
80408,2025,0.0,1.9827295642449636,-1.9827295642449636
80501,2021,6.179986262,2.7345413942598467,3.4454448677401532
80501,2022,3.92311174,2.7345413942598467,1.1885703457401533
80501,2023,0.0,2.7345413942598467,-2.7345413942598467
80501,2024,0.0,2.7345413942598467,-2.7345413942598467
80501,2025,0.0,2.7345413942598467,-2.7345413942598467
80502,2021,7.789183406,2.1677634264538157,5.621419979546184
80502,2022,7.030998934,2.1677634264538157,4.863235507546184
80502,2023,0.0,2.1677634264538157,-2.1677634264538157
80502,2024,0.0,2.1677634264538157,-2.1677634264538157
80502,2025,0.0,2.1677634264538157,-2.1677634264538157
80503,2021,6.887109181,2.1289208660358003,4.758188314964199
80503,2022,7.889645807,2.1289208660358003,5.7607249409642
80503,2023,0.0,2.1289208660358003,-2.1289208660358003
80503,2024,0.0,2.1289208660358003,-2.1289208660358003
80503,2025,0.0,2.1289208660358003,-2.1289208660358003
80504,2021,8.145058405,2.1318221973240346,6.013236207675966
80504,2022,7.466995486,2.1318221973240346,5.335173288675966
80504,2023,0.0,2.1318221973240346,-2.1318221973240346
80504,2024,0.0,2.1318221973240346,-2.1318221973240346
80504,2025,0.0,2.1318221973240346,-2.1318221973240346
80505,2021,7.158737708,1.576035237150516,5.582702470849484
80505,2022,6.789190688,1.576035237150516,5.2131554508494835
80505,2023,0.0,1.576035237150516,-1.576035237150516
80505,2024,0.0,1.576035237150516,-1.576035237150516
80505,2025,0.0,1.576035237150516,-1.576035237150516
80506,2021,7.744595072,1.4069331301718155,6.337661941828184
80506,2022,10.90501999,1.4069331301718155,9.498086859828184
80506,2023,0.0,1.4069331301718155,-1.4069331301718155
80506,2024,0.0,1.4069331301718155,-1.4069331301718155
80506,2025,0.0,1.4069331301718155,-1.4069331301718155
80507,2021,7.088466164,2.5651889922020743,4.523277171797925
80507,2022,7.426583343,2.5651889922020743,4.861394350797926
80507,2023,0.0,2.5651889922020743,-2.5651889922020743
80507,2024,0.0,2.5651889922020743,-2.5651889922020743
80507,2025,0.0,2.5651889922020743,-2.5651889922020743
80508,2021,7.964517267,2.017263788320625,5.947253478679375
80508,2022,7.172558039,2.017263788320625,5.1552942506793755
80508,2023,0.0,2.017263788320625,-2.017263788320625
80508,2024,0.0,2.017263788320625,-2.017263788320625
80508,2025,0.0,2.017263788320625,-2.017263788320625
80601,2021,10.25926936,3.224572273179276,7.0346970868207235
80601,2022,8.54491488,3.224572273179276,5.3203426068207245
80601,2023,0.0,3.224572273179276,-3.224572273179276
80601,2024,0.0,3.224572273179276,-3.224572273179276
80601,2025,0.0,3.224572273179276,-3.224572273179276
80602,2021,8.078022253,1.5113904861440361,6.566631766855965
80602,2022,6.67235839,1.5113904861440361,5.160967903855964
80602,2023,0.0,1.5113904861440361,-1.5113904861440361
80602,2024,0.0,1.5113904861440361,-1.5113904861440361
80602,2025,0.0,1.5113904861440361,-1.5113904861440361
80603,2021,6.650602412,2.1099912065396818,4.540611205460317
80603,2022,5.528436532,2.1099912065396818,3.418445325460318
80603,2023,0.0,2.1099912065396818,-2.1099912065396818
80603,2024,0.0,2.1099912065396818,-2.1099912065396818
80603,2025,0.0,2.1099912065396818,-2.1099912065396818
80604,2021,6.35401192,1.8851366388372452,4.468875281162754
80604,2022,6.675810611,1.8851366388372452,4.790673972162755
80604,2023,0.0,1.8851366388372452,-1.8851366388372452
80604,2024,0.0,1.8851366388372452,-1.8851366388372452
80604,2025,0.0,1.8851366388372452,-1.8851366388372452
80605,2021,6.200959827,1.2964346582763644,4.9045251687236355
80605,2022,3.625977021,1.2964346582763644,2.329542362723636
80605,2023,0.0,1.2964346582763644,-1.2964346582763644
80605,2024,0.0,1.2964346582763644,-1.2964346582763644
80605,2025,0.0,1.2964346582763644,-1.2964346582763644
80606,2021,7.309492727,1.5608265382820907,5.74866618871791
80606,2022,5.287779277,1.5608265382820907,3.7269527387179098
80606,2023,0.0,1.5608265382820907,-1.5608265382820907
80606,2024,0.0,1.5608265382820907,-1.5608265382820907
80606,2025,0.0,1.5608265382820907,-1.5608265382820907
80607,2021,6.124369385,1.631397223979486,4.492972161020513
80607,2022,0.0,1.631397223979486,-1.631397223979486
80607,2023,0.0,1.631397223979486,-1.631397223979486
80607,2024,0.0,1.631397223979486,-1.631397223979486
80607,2025,0.0,1.631397223979486,-1.631397223979486
80608,2021,7.203699298,1.6215969938843124,5.582102304115688
80608,2022,4.49925396,1.6215969938843124,2.8776569661156874
80608,2023,0.0,1.6215969938843124,-1.6215969938843124
80608,2024,0.0,1.6215969938843124,-1.6215969938843124
80608,2025,0.0,1.6215969938843124,-1.6215969938843124
80701,2021,9.798578028,2.010410431927425,7.788167596072574
80701,2022,9.881173001,2.010410431927425,7.870762569072575
80701,2023,0.0,2.010410431927425,-2.010410431927425
80701,2024,0.0,2.010410431927425,-2.010410431927425
80701,2025,0.0,2.010410431927425,-2.010410431927425
80702,2021,6.652909623,2.11870045497918,4.53420916802082
80702,2022,5.96915503,2.11870045497918,3.8504545750208194
80702,2023,0.0,2.11870045497918,-2.11870045497918
80702,2024,0.0,2.11870045497918,-2.11870045497918
80702,2025,0.0,2.11870045497918,-2.11870045497918
80703,2021,8.761698232,2.302459847891214,6.459238384108787
80703,2022,8.351091043,2.302459847891214,6.048631195108786
80703,2023,0.0,2.302459847891214,-2.302459847891214
80703,2024,0.0,2.302459847891214,-2.302459847891214
80703,2025,0.0,2.302459847891214,-2.302459847891214
80704,2021,8.422869575,2.0496594500281407,6.373210124971859
80704,2022,8.655928038,2.0496594500281407,6.60626858797186
80704,2023,0.0,2.0496594500281407,-2.0496594500281407
80704,2024,0.0,2.0496594500281407,-2.0496594500281407
80704,2025,0.0,2.0496594500281407,-2.0496594500281407
80705,2021,7.842229817,2.326591513178961,5.515638303821039
80705,2022,8.940339069,2.326591513178961,6.613747555821039
80705,2023,0.0,2.326591513178961,-2.326591513178961
80705,2024,0.0,2.326591513178961,-2.326591513178961
80705,2025,0.0,2.326591513178961,-2.326591513178961
80706,2021,7.916755843,1.959178205034398,5.957577637965602
80706,2022,8.253235699,1.959178205034398,6.294057493965601
80706,2023,0.0,1.959178205034398,-1.959178205034398
80706,2024,0.0,1.959178205034398,-1.959178205034398
80706,2025,0.0,1.959178205034398,-1.959178205034398
80707,2021,7.055708221,2.1886230342808473,4.8670851867191525
80707,2022,6.919068402,2.1886230342808473,4.7304453677191525
80707,2023,0.0,2.1886230342808473,-2.1886230342808473
80707,2024,0.0,2.1886230342808473,-2.1886230342808473
80707,2025,0.0,2.1886230342808473,-2.1886230342808473
80708,2021,7.317798696,1.7402884922993467,5.577510203700653
80708,2022,6.727599902,1.7402884922993467,4.987311409700653
80708,2023,0.0,1.7402884922993467,-1.7402884922993467
80708,2024,0.0,1.7402884922993467,-1.7402884922993467
80708,2025,0.0,1.7402884922993467,-1.7402884922993467
80801,2021,8.189835339,3.059545438551057,5.130289900448943
80801,2022,8.579455457,3.059545438551057,5.519910018448943
80801,2023,0.0,3.059545438551057,-3.059545438551057
80801,2024,0.0,3.059545438551057,-3.059545438551057
80801,2025,0.0,3.059545438551057,-3.059545438551057
80802,2021,1.315676794,1.064023716056887,0.251653077943113
80802,2022,5.993961427,1.064023716056887,4.929937710943113
80802,2023,0.0,1.064023716056887,-1.064023716056887
80802,2024,0.0,1.064023716056887,-1.064023716056887
80802,2025,0.0,1.064023716056887,-1.064023716056887
80803,2021,8.386302416,1.5904991939100654,6.795803222089934
80803,2022,8.107632397,1.5904991939100654,6.5171332030899345
80803,2023,0.0,1.5904991939100654,-1.5904991939100654
80803,2024,0.0,1.5904991939100654,-1.5904991939100654
80803,2025,0.0,1.5904991939100654,-1.5904991939100654
80804,2021,7.329220985,1.1780210937553874,6.151199891244612
80804,2022,7.38581388,1.1780210937553874,6.207792786244612
80804,2023,0.0,1.1780210937553874,-1.1780210937553874
80804,2024,0.0,1.1780210937553874,-1.1780210937553874
80804,2025,0.0,1.1780210937553874,-1.1780210937553874
80805,2021,5.608225876,1.4815667787957025,4.126659097204297
80805,2022,0.0,1.4815667787957025,-1.4815667787957025
80805,2023,0.0,1.4815667787957025,-1.4815667787957025
80805,2024,0.0,1.4815667787957025,-1.4815667787957025
80805,2025,0.0,1.4815667787957025,-1.4815667787957025
80806,2021,9.65294087,2.1840595814354455,7.468881288564555
80806,2022,9.715691743,2.1840595814354455,7.531632161564556
80806,2023,0.0,2.1840595814354455,-2.1840595814354455
80806,2024,0.0,2.1840595814354455,-2.1840595814354455
80806,2025,0.0,2.1840595814354455,-2.1840595814354455
80807,2021,7.892235753,1.6661206314440409,6.226115121555958
80807,2022,7.533649443,1.6661206314440409,5.8675288115559585
80807,2023,0.0,1.6661206314440409,-1.6661206314440409
80807,2024,0.0,1.6661206314440409,-1.6661206314440409
80807,2025,0.0,1.6661206314440409,-1.6661206314440409
80808,2021,9.135218039,1.8349734755143803,7.300244563485619
80808,2022,10.334066,1.8349734755143803,8.49909252448562
80808,2023,0.0,1.8349734755143803,-1.8349734755143803
80808,2024,0.0,1.8349734755143803,-1.8349734755143803
80808,2025,0.0,1.8349734755143803,-1.8349734755143803
80901,2021,10.45079847,3.2629569167661416,7.187841553233859
80901,2022,9.693448936,3.2629569167661416,6.430492019233858
80901,2023,0.0,3.2629569167661416,-3.2629569167661416
80901,2024,0.0,3.2629569167661416,-3.2629569167661416
80901,2025,0.0,3.2629569167661416,-3.2629569167661416
80902,2021,9.482678947,2.326195470753187,7.156483476246813
80902,2022,9.274743533,2.326195470753187,6.948548062246814
80902,2023,0.0,2.326195470753187,-2.326195470753187
80902,2024,0.0,2.326195470753187,-2.326195470753187
80902,2025,0.0,2.326195470753187,-2.326195470753187
80903,2021,6.568311115,2.0216129694501115,4.546698145549889
80903,2022,0.0,2.0216129694501115,-2.0216129694501115
80903,2023,0.0,2.0216129694501115,-2.0216129694501115
80903,2024,0.0,2.0216129694501115,-2.0216129694501115
80903,2025,0.0,2.0216129694501115,-2.0216129694501115
80904,2021,7.400511487,2.537755217669976,4.862756269330024
80904,2022,9.546815206,2.537755217669976,7.009059988330024
80904,2023,0.0,2.537755217669976,-2.537755217669976
80904,2024,0.0,2.537755217669976,-2.537755217669976
80904,2025,0.0,2.537755217669976,-2.537755217669976
80905,2021,7.801381318,1.9064035866361886,5.894977731363811
80905,2022,8.71697804,1.9064035866361886,6.810574453363812
80905,2023,0.0,1.9064035866361886,-1.9064035866361886
80905,2024,0.0,1.9064035866361886,-1.9064035866361886
80905,2025,0.0,1.9064035866361886,-1.9064035866361886
80906,2021,9.813626541,2.241589742624178,7.572036798375821
80906,2022,9.416557301,2.241589742624178,7.174967558375821
80906,2023,0.0,2.241589742624178,-2.241589742624178
80906,2024,0.0,2.241589742624178,-2.241589742624178
80906,2025,0.0,2.241589742624178,-2.241589742624178
80907,2021,9.601406993,2.0118865693912555,7.589520423608744
80907,2022,8.684098144,2.0118865693912555,6.6722115746087445
80907,2023,0.0,2.0118865693912555,-2.0118865693912555
80907,2024,0.0,2.0118865693912555,-2.0118865693912555
80907,2025,0.0,2.0118865693912555,-2.0118865693912555
80908,2021,7.497983406,2.0646285194231893,5.4333548865768115
80908,2022,9.743107054,2.0646285194231893,7.67847853457681
80908,2023,0.0,2.0646285194231893,-2.0646285194231893
80908,2024,0.0,2.0646285194231893,-2.0646285194231893
80908,2025,0.0,2.0646285194231893,-2.0646285194231893
80909,2023,0.0,2.094788237747308,-2.094788237747308
80909,2024,0.0,2.094788237747308,-2.094788237747308
80909,2025,0.0,2.094788237747308,-2.094788237747308
80910,2021,6.097057123,2.565631161133977,3.531425961866023
80910,2022,5.065171483,2.565631161133977,2.4995403218660233
80910,2023,0.0,2.565631161133977,-2.565631161133977
80910,2024,0.0,2.565631161133977,-2.565631161133977
80910,2025,0.0,2.565631161133977,-2.565631161133977
80911,2021,9.324128165,2.1818946338729623,7.142233531127037
80911,2022,12.47093126,2.1818946338729623,10.289036626127038
80911,2023,0.0,2.1818946338729623,-2.1818946338729623
80911,2024,0.0,2.1818946338729623,-2.1818946338729623
80911,2025,0.0,2.1818946338729623,-2.1818946338729623
80912,2021,0.0,1.7051160777278902,-1.7051160777278902
80912,2022,5.577765634,1.7051160777278902,3.87264955627211
80912,2023,0.0,1.7051160777278902,-1.7051160777278902
80912,2024,0.0,1.7051160777278902,-1.7051160777278902
80912,2025,0.0,1.7051160777278902,-1.7051160777278902
80913,2021,6.499945758,1.5029148532901098,4.99703090470989
80913,2022,7.722492219,1.5029148532901098,6.21957736570989
80913,2023,0.0,1.5029148532901098,-1.5029148532901098
80913,2024,0.0,1.5029148532901098,-1.5029148532901098
80913,2025,0.0,1.5029148532901098,-1.5029148532901098
80914,2021,9.491361038,1.854377147235643,7.636983890764358
80914,2022,9.775287159,1.854377147235643,7.920910011764357
80914,2023,0.0,1.854377147235643,-1.854377147235643
80914,2024,0.0,1.854377147235643,-1.854377147235643
80914,2025,0.0,1.854377147235643,-1.854377147235643
80916,2024,0.0,1.4049310038399028,-1.4049310038399028
80916,2025,0.0,1.4049310038399028,-1.4049310038399028
80917,2024,0.0,1.4809309134257305,-1.4809309134257305
80917,2025,0.0,1.4809309134257305,-1.4809309134257305
80918,2024,0.0,1.520525853607372,-1.520525853607372
80918,2025,0.0,1.520525853607372,-1.520525853607372
81001,2023,0.0,2.5223730328100524,-2.5223730328100524
81001,2024,0.0,2.5223730328100524,-2.5223730328100524
81001,2025,0.0,2.5223730328100524,-2.5223730328100524
81002,2021,9.243281527,2.202653470535031,7.0406280564649695
81002,2022,8.585758261,2.202653470535031,6.383104790464969
81002,2023,0.0,2.202653470535031,-2.202653470535031
81002,2024,0.0,2.202653470535031,-2.202653470535031
81002,2025,0.0,2.202653470535031,-2.202653470535031
81003,2022,6.284963005,1.8970919198391976,4.3878710851608025
81003,2023,0.0,1.8970919198391976,-1.8970919198391976
81003,2024,0.0,1.8970919198391976,-1.8970919198391976
81003,2025,0.0,1.8970919198391976,-1.8970919198391976
81004,2022,0.0,1.1823043213427862,-1.1823043213427862
81004,2023,0.0,1.1823043213427862,-1.1823043213427862
81004,2024,0.0,1.1823043213427862,-1.1823043213427862
81004,2025,0.0,1.1823043213427862,-1.1823043213427862
81005,2022,0.0,2.4360446594368472,-2.4360446594368472
81005,2023,0.0,2.4360446594368472,-2.4360446594368472
81005,2024,0.0,2.4360446594368472,-2.4360446594368472
81005,2025,0.0,2.4360446594368472,-2.4360446594368472
81006,2021,10.07130519,1.997626593648686,8.073678596351314
81006,2022,9.195911289,1.997626593648686,7.1982846953513135
81006,2023,0.0,1.997626593648686,-1.997626593648686
81006,2024,0.0,1.997626593648686,-1.997626593648686
81006,2025,0.0,1.997626593648686,-1.997626593648686
81007,2022,11.82049554,2.101128760052972,9.719366779947027
81007,2023,0.0,2.101128760052972,-2.101128760052972
81007,2024,0.0,2.101128760052972,-2.101128760052972
81007,2025,0.0,2.101128760052972,-2.101128760052972
81008,2021,0.0,1.1435746025375437,-1.1435746025375437
81008,2022,0.0,1.1435746025375437,-1.1435746025375437
81008,2023,0.0,1.1435746025375437,-1.1435746025375437
81008,2024,0.0,1.1435746025375437,-1.1435746025375437
81008,2025,0.0,1.1435746025375437,-1.1435746025375437
81009,2022,5.513428746,2.0055993995769708,3.507829346423029
81009,2023,0.0,2.0055993995769708,-2.0055993995769708
81009,2024,0.0,2.0055993995769708,-2.0055993995769708
81009,2025,0.0,2.0055993995769708,-2.0055993995769708
81101,2021,6.770865383,2.135435902088289,4.635429480911711
81101,2022,5.718906932,2.135435902088289,3.583471029911711
81101,2023,0.0,2.135435902088289,-2.135435902088289
81101,2024,0.0,2.135435902088289,-2.135435902088289
81101,2025,0.0,2.135435902088289,-2.135435902088289
81102,2021,12.46871658,2.2943752555072203,10.17434132449278
81102,2022,11.84992435,2.2943752555072203,9.555549094492779
81102,2023,0.0,2.2943752555072203,-2.2943752555072203
81102,2024,0.0,2.2943752555072203,-2.2943752555072203
81102,2025,0.0,2.2943752555072203,-2.2943752555072203
81103,2021,5.415590254,2.1772524210297775,3.238337832970222
81103,2022,6.4694237,2.1772524210297775,4.292171278970223
81103,2023,0.0,2.1772524210297775,-2.1772524210297775
81103,2024,0.0,2.1772524210297775,-2.1772524210297775
81103,2025,0.0,2.1772524210297775,-2.1772524210297775
81104,2021,6.86576098,2.306567998834453,4.5591929811655465
81104,2022,6.558530194,2.306567998834453,4.251962195165547
81104,2023,0.0,2.306567998834453,-2.306567998834453
81104,2024,0.0,2.306567998834453,-2.306567998834453
81104,2025,0.0,2.306567998834453,-2.306567998834453
81105,2021,7.979918406,2.0598476075546635,5.920070798445337
81105,2022,8.329143107,2.0598476075546635,6.269295499445336
81105,2023,0.0,2.0598476075546635,-2.0598476075546635
81105,2024,0.0,2.0598476075546635,-2.0598476075546635
81105,2025,0.0,2.0598476075546635,-2.0598476075546635
81106,2021,0.0,1.91318154008433,-1.91318154008433
81106,2022,0.0,1.91318154008433,-1.91318154008433
81106,2023,0.0,1.91318154008433,-1.91318154008433
81106,2024,0.0,1.91318154008433,-1.91318154008433
81106,2025,0.0,1.91318154008433,-1.91318154008433
81201,2021,7.60660779,2.3937058117577887,5.212901978242211
81201,2022,8.540156428,2.3937058117577887,6.146450616242211
81201,2023,0.0,2.3937058117577887,-2.3937058117577887
81201,2024,0.0,2.3937058117577887,-2.3937058117577887
81201,2025,0.0,2.3937058117577887,-2.3937058117577887
81202,2021,7.103019236,1.713416228639897,5.389603007360103
81202,2022,5.580336111,1.713416228639897,3.8669198823601034
81202,2023,0.0,1.713416228639897,-1.713416228639897
81202,2024,0.0,1.713416228639897,-1.713416228639897
81202,2025,0.0,1.713416228639897,-1.713416228639897
81203,2021,7.585586332,1.483661246504457,6.101925085495543
81203,2022,3.972321782,1.483661246504457,2.488660535495543
81203,2023,0.0,1.483661246504457,-1.483661246504457
81203,2024,0.0,1.483661246504457,-1.483661246504457
81203,2025,0.0,1.483661246504457,-1.483661246504457
81204,2021,8.611314786,1.4664373299394078,7.144877456060591
81204,2022,6.194219845,1.4664373299394078,4.727782515060593
81204,2023,0.0,1.4664373299394078,-1.4664373299394078
81204,2024,0.0,1.4664373299394078,-1.4664373299394078
81204,2025,0.0,1.4664373299394078,-1.4664373299394078
81205,2021,7.66258465,2.541235071659993,5.121349578340007
81205,2022,7.317021973,2.541235071659993,4.775786901340007
81205,2023,0.0,2.541235071659993,-2.541235071659993
81205,2024,0.0,2.541235071659993,-2.541235071659993
81205,2025,0.0,2.541235071659993,-2.541235071659993
81206,2021,6.070462753,1.9850536661022846,4.085409086897716
81206,2022,6.821670159,1.9850536661022846,4.836616492897715
81206,2023,0.0,1.9850536661022846,-1.9850536661022846
81206,2024,0.0,1.9850536661022846,-1.9850536661022846
81206,2025,0.0,1.9850536661022846,-1.9850536661022846
81207,2021,8.201291327,2.053041589571105,6.148249737428895
81207,2022,4.060076105,2.053041589571105,2.007034515428895
81207,2023,0.0,2.053041589571105,-2.053041589571105
81207,2024,0.0,2.053041589571105,-2.053041589571105
81207,2025,0.0,2.053041589571105,-2.053041589571105
81208,2021,6.689324164,2.0096438552907165,4.679680308709283
81208,2022,9.070933292,2.0096438552907165,7.061289436709282
81208,2023,0.0,2.0096438552907165,-2.0096438552907165
81208,2024,0.0,2.0096438552907165,-2.0096438552907165
81208,2025,0.0,2.0096438552907165,-2.0096438552907165
81209,2021,9.68317731,1.729569724793404,7.953607585206596
81209,2022,9.467909884,1.729569724793404,7.738340159206597
81209,2023,0.0,1.729569724793404,-1.729569724793404
81209,2024,0.0,1.729569724793404,-1.729569724793404
81209,2025,0.0,1.729569724793404,-1.729569724793404
81210,2021,6.913963784,2.733020889704658,4.180942894295342
81210,2022,7.12193399,2.733020889704658,4.388913100295341
81210,2023,0.0,2.733020889704658,-2.733020889704658
81210,2024,0.0,2.733020889704658,-2.733020889704658
81210,2025,0.0,2.733020889704658,-2.733020889704658
81211,2021,5.664493542,2.1779221171269696,3.48657142487303
81211,2022,6.985972462,2.1779221171269696,4.808050344873031
81211,2023,0.0,2.1779221171269696,-2.1779221171269696
81211,2024,0.0,2.1779221171269696,-2.1779221171269696
81211,2025,0.0,2.1779221171269696,-2.1779221171269696
81212,2021,8.224531457,2.541015653718889,5.683515803281111
81212,2022,7.507390433,2.541015653718889,4.966374779281111
81212,2023,0.0,2.541015653718889,-2.541015653718889
81212,2024,0.0,2.541015653718889,-2.541015653718889
81212,2025,0.0,2.541015653718889,-2.541015653718889
81301,2021,0.0,2.266776799257437,-2.266776799257437
81301,2022,6.073460069,2.266776799257437,3.8066832697425634
81301,2023,0.0,2.266776799257437,-2.266776799257437
81301,2024,0.0,2.266776799257437,-2.266776799257437
81301,2025,0.0,2.266776799257437,-2.266776799257437
81302,2021,5.655787695,2.339035642764018,3.316752052235982
81302,2022,7.756463639,2.339035642764018,5.417427996235982
81302,2023,0.0,2.339035642764018,-2.339035642764018
81302,2024,0.0,2.339035642764018,-2.339035642764018
81302,2025,0.0,2.339035642764018,-2.339035642764018
81303,2021,6.128171448,1.9226460486346992,4.205525399365301
81303,2022,5.601390943,1.9226460486346992,3.678744894365301
81303,2023,0.0,1.9226460486346992,-1.9226460486346992
81303,2024,0.0,1.9226460486346992,-1.9226460486346992
81303,2025,0.0,1.9226460486346992,-1.9226460486346992
81304,2021,5.851054478,2.0091757834760124,3.8418786945239876
81304,2022,6.356357051,2.0091757834760124,4.347181267523988
81304,2023,0.0,2.0091757834760124,-2.0091757834760124
81304,2024,0.0,2.0091757834760124,-2.0091757834760124
81304,2025,0.0,2.0091757834760124,-2.0091757834760124
81305,2021,7.850255725,1.9715263970998336,5.8787293279001664
81305,2022,8.880152303,1.9715263970998336,6.908625905900165
81305,2023,0.0,1.9715263970998336,-1.9715263970998336
81305,2024,0.0,1.9715263970998336,-1.9715263970998336
81305,2025,0.0,1.9715263970998336,-1.9715263970998336
81306,2021,8.508668403,2.1968330478368046,6.311835355163195
81306,2022,10.12323735,2.1968330478368046,7.926404302163196
81306,2023,0.0,2.1968330478368046,-2.1968330478368046
81306,2024,0.0,2.1968330478368046,-2.1968330478368046
81306,2025,0.0,2.1968330478368046,-2.1968330478368046
81307,2021,6.782663034,1.3215843135496521,5.461078720450347
81307,2022,5.38085034,1.3215843135496521,4.059266026450349
81307,2023,0.0,1.3215843135496521,-1.3215843135496521
81307,2024,0.0,1.3215843135496521,-1.3215843135496521
81307,2025,0.0,1.3215843135496521,-1.3215843135496521
90101,2021,11.79569271,2.1683932990177817,9.62729941098222
90101,2022,10.02159474,2.1683932990177817,7.853201440982218
90101,2023,0.0,2.1683932990177817,-2.1683932990177817
90101,2024,0.0,2.1683932990177817,-2.1683932990177817
90101,2025,0.0,2.1683932990177817,-2.1683932990177817
90102,2021,7.482615621,1.6891386988766162,5.793476922123384
90102,2022,6.141255086,1.6891386988766162,4.452116387123384
90102,2023,0.0,1.6891386988766162,-1.6891386988766162
90102,2024,0.0,1.6891386988766162,-1.6891386988766162
90102,2025,0.0,1.6891386988766162,-1.6891386988766162
90103,2021,7.885714135,2.8137966307091835,5.071917504290816
90103,2022,7.742349789,2.8137966307091835,4.928553158290817
90103,2023,0.0,2.8137966307091835,-2.8137966307091835
90103,2024,0.0,2.8137966307091835,-2.8137966307091835
90103,2025,0.0,2.8137966307091835,-2.8137966307091835
90104,2021,0.0,1.1391733711042336,-1.1391733711042336
90104,2022,0.0,1.1391733711042336,-1.1391733711042336
90104,2023,0.0,1.1391733711042336,-1.1391733711042336
90104,2024,0.0,1.1391733711042336,-1.1391733711042336
90104,2025,0.0,1.1391733711042336,-1.1391733711042336
90105,2021,7.666502917,1.318151524030404,6.348351392969596
90105,2022,9.395657438,1.318151524030404,8.077505913969597
90105,2023,0.0,1.318151524030404,-1.318151524030404
90105,2024,0.0,1.318151524030404,-1.318151524030404
90105,2025,0.0,1.318151524030404,-1.318151524030404
90106,2021,0.0,1.4194231719980142,-1.4194231719980142
90106,2022,6.327765066,1.4194231719980142,4.908341894001986
90106,2023,0.0,1.4194231719980142,-1.4194231719980142
90106,2024,0.0,1.4194231719980142,-1.4194231719980142
90106,2025,0.0,1.4194231719980142,-1.4194231719980142
90107,2023,0.0,1.6017343332307457,-1.6017343332307457
90107,2024,0.0,1.6017343332307457,-1.6017343332307457
90107,2025,0.0,1.6017343332307457,-1.6017343332307457
90108,2021,0.0,0.9473093291313188,-0.9473093291313188
90108,2022,0.0,0.9473093291313188,-0.9473093291313188
90108,2023,0.0,0.9473093291313188,-0.9473093291313188
90108,2024,0.0,0.9473093291313188,-0.9473093291313188
90108,2025,0.0,0.9473093291313188,-0.9473093291313188
90109,2021,0.0,1.0284685250316299,-1.0284685250316299
90109,2022,0.0,1.0284685250316299,-1.0284685250316299
90109,2023,0.0,1.0284685250316299,-1.0284685250316299
90109,2024,0.0,1.0284685250316299,-1.0284685250316299
90109,2025,0.0,1.0284685250316299,-1.0284685250316299
90110,2021,8.282862294,0.884376841648373,7.398485452351626
90110,2023,0.0,0.884376841648373,-0.884376841648373
90110,2024,0.0,0.884376841648373,-0.884376841648373
90110,2025,0.0,0.884376841648373,-0.884376841648373
90111,2021,0.0,0.7532717949227932,-0.7532717949227932
90111,2022,0.0,0.7532717949227932,-0.7532717949227932
90111,2023,0.0,0.7532717949227932,-0.7532717949227932
90111,2024,0.0,0.7532717949227932,-0.7532717949227932
90111,2025,0.0,0.7532717949227932,-0.7532717949227932
90112,2022,0.0,1.1733073857899567,-1.1733073857899567
90112,2023,0.0,1.1733073857899567,-1.1733073857899567
90112,2024,0.0,1.1733073857899567,-1.1733073857899567
90112,2025,0.0,1.1733073857899567,-1.1733073857899567
90113,2021,7.283997528,1.4016410158802095,5.882356512119791
90113,2022,7.211686961,1.4016410158802095,5.81004594511979
90113,2023,0.0,1.4016410158802095,-1.4016410158802095
90113,2024,0.0,1.4016410158802095,-1.4016410158802095
90113,2025,0.0,1.4016410158802095,-1.4016410158802095
90114,2021,6.954484909,2.1290304251035774,4.825454483896422
90114,2022,7.580320429,2.1290304251035774,5.451290003896423
90114,2023,0.0,2.1290304251035774,-2.1290304251035774
90114,2024,0.0,2.1290304251035774,-2.1290304251035774
90114,2025,0.0,2.1290304251035774,-2.1290304251035774
90115,2023,0.0,0.7042521289344376,-0.7042521289344376
90115,2024,0.0,0.7042521289344376,-0.7042521289344376
90115,2025,0.0,0.7042521289344376,-0.7042521289344376
90116,2021,8.887072572,1.8109536798469168,7.076118892153082
90116,2022,7.606138726,1.8109536798469168,5.795185046153083
90116,2023,0.0,1.8109536798469168,-1.8109536798469168
90116,2024,0.0,1.8109536798469168,-1.8109536798469168
90116,2025,0.0,1.8109536798469168,-1.8109536798469168
90117,2021,6.500941452,2.342053921987773,4.158887530012227
90117,2022,6.620172786,2.342053921987773,4.278118864012227
90117,2023,0.0,2.342053921987773,-2.342053921987773
90117,2024,0.0,2.342053921987773,-2.342053921987773
90117,2025,0.0,2.342053921987773,-2.342053921987773
90118,2021,5.583427357,2.1342229147948126,3.449204442205187
90118,2022,5.517900121,2.1342229147948126,3.3836772062051876
90118,2023,0.0,2.1342229147948126,-2.1342229147948126
90118,2024,0.0,2.1342229147948126,-2.1342229147948126
90118,2025,0.0,2.1342229147948126,-2.1342229147948126
90119,2021,5.903005842,2.1570772087583023,3.7459286332416974
90119,2022,5.32182103,2.1570772087583023,3.1647438212416974
90119,2023,0.0,2.1570772087583023,-2.1570772087583023
90119,2024,0.0,2.1570772087583023,-2.1570772087583023
90119,2025,0.0,2.1570772087583023,-2.1570772087583023
90201,2022,10.95289427,1.8828797766913135,9.070014493308687
90201,2023,0.0,1.8828797766913135,-1.8828797766913135
90201,2024,0.0,1.8828797766913135,-1.8828797766913135
90201,2025,0.0,1.8828797766913135,-1.8828797766913135
90202,2023,0.0,2.068600372457523,-2.068600372457523
90202,2024,0.0,2.068600372457523,-2.068600372457523
90202,2025,0.0,2.068600372457523,-2.068600372457523
90203,2021,6.854638881,2.0756580540971648,4.778980826902835
90203,2022,7.249532966,2.0756580540971648,5.1738749119028355
90203,2023,0.0,2.0756580540971648,-2.0756580540971648
90203,2024,0.0,2.0756580540971648,-2.0756580540971648
90203,2025,0.0,2.0756580540971648,-2.0756580540971648
90204,2021,0.0,1.422074802654985,-1.422074802654985
90204,2022,0.0,1.422074802654985,-1.422074802654985
90204,2023,0.0,1.422074802654985,-1.422074802654985
90204,2024,0.0,1.422074802654985,-1.422074802654985
90204,2025,0.0,1.422074802654985,-1.422074802654985
90205,2021,0.0,1.0065055760518438,-1.0065055760518438
90205,2022,0.0,1.0065055760518438,-1.0065055760518438
90205,2023,0.0,1.0065055760518438,-1.0065055760518438
90205,2024,0.0,1.0065055760518438,-1.0065055760518438
90205,2025,0.0,1.0065055760518438,-1.0065055760518438
90206,2021,3.499838122,2.5005961006576913,0.9992420213423086
90206,2022,0.0,2.5005961006576913,-2.5005961006576913
90206,2023,0.0,2.5005961006576913,-2.5005961006576913
90206,2024,0.0,2.5005961006576913,-2.5005961006576913
90206,2025,0.0,2.5005961006576913,-2.5005961006576913
90207,2021,6.383777713,1.5578056790271781,4.825972033972821
90207,2022,0.0,1.5578056790271781,-1.5578056790271781
90207,2023,0.0,1.5578056790271781,-1.5578056790271781
90207,2024,0.0,1.5578056790271781,-1.5578056790271781
90207,2025,0.0,1.5578056790271781,-1.5578056790271781
90208,2021,5.858101208,2.1401257361207753,3.7179754718792246
90208,2022,8.530748387,2.1401257361207753,6.390622650879224
90208,2023,0.0,2.1401257361207753,-2.1401257361207753
90208,2024,0.0,2.1401257361207753,-2.1401257361207753
90208,2025,0.0,2.1401257361207753,-2.1401257361207753
90301,2021,10.54786477,2.5178383647958293,8.030026405204172
90301,2022,8.655576906,2.5178383647958293,6.137738541204171
90301,2023,0.0,2.5178383647958293,-2.5178383647958293
90301,2024,0.0,2.5178383647958293,-2.5178383647958293
90301,2025,0.0,2.5178383647958293,-2.5178383647958293
90302,2021,6.446122153,1.7305378856392113,4.715584267360789
90302,2022,5.492988605,1.7305378856392113,3.7624507193607886
90302,2023,0.0,1.7305378856392113,-1.7305378856392113
90302,2024,0.0,1.7305378856392113,-1.7305378856392113
90302,2025,0.0,1.7305378856392113,-1.7305378856392113
90303,2021,0.0,0.9334701173783149,-0.9334701173783149
90303,2022,0.0,0.9334701173783149,-0.9334701173783149
90303,2023,0.0,0.9334701173783149,-0.9334701173783149
90303,2024,0.0,0.9334701173783149,-0.9334701173783149
90303,2025,0.0,0.9334701173783149,-0.9334701173783149
90304,2021,0.0,2.3791381830511185,-2.3791381830511185
90304,2022,6.535679327,2.3791381830511185,4.156541143948882
90304,2023,0.0,2.3791381830511185,-2.3791381830511185
90304,2024,0.0,2.3791381830511185,-2.3791381830511185
90304,2025,0.0,2.3791381830511185,-2.3791381830511185
90305,2021,6.484751641,1.2149051485870164,5.2698464924129835
90305,2022,6.899101274,1.2149051485870164,5.684196125412984
90305,2023,0.0,1.2149051485870164,-1.2149051485870164
90305,2024,0.0,1.2149051485870164,-1.2149051485870164
90305,2025,0.0,1.2149051485870164,-1.2149051485870164
90306,2021,6.6573747,2.165259612945821,4.492115087054179
90306,2022,7.972547682,2.165259612945821,5.807288069054179
90306,2023,0.0,2.165259612945821,-2.165259612945821
90306,2024,0.0,2.165259612945821,-2.165259612945821
90306,2025,0.0,2.165259612945821,-2.165259612945821
90307,2021,0.0,1.611842885592339,-1.611842885592339
90307,2022,0.0,1.611842885592339,-1.611842885592339
90307,2023,0.0,1.611842885592339,-1.611842885592339
90307,2024,0.0,1.611842885592339,-1.611842885592339
90307,2025,0.0,1.611842885592339,-1.611842885592339
90308,2021,0.0,1.0211056982727114,-1.0211056982727114
90308,2022,0.0,1.0211056982727114,-1.0211056982727114
90308,2023,0.0,1.0211056982727114,-1.0211056982727114
90308,2024,0.0,1.0211056982727114,-1.0211056982727114
90308,2025,0.0,1.0211056982727114,-1.0211056982727114
90309,2021,0.0,1.3458647934604837,-1.3458647934604837
90309,2022,0.0,1.3458647934604837,-1.3458647934604837
90309,2023,0.0,1.3458647934604837,-1.3458647934604837
90309,2024,0.0,1.3458647934604837,-1.3458647934604837
90309,2025,0.0,1.3458647934604837,-1.3458647934604837
90310,2021,6.282540853,1.0299776289617981,5.2525632240382025
90310,2022,6.490002486,1.0299776289617981,5.460024857038202
90310,2023,0.0,1.0299776289617981,-1.0299776289617981
90310,2024,0.0,1.0299776289617981,-1.0299776289617981
90310,2025,0.0,1.0299776289617981,-1.0299776289617981
90311,2021,6.870299324,1.1556240403399831,5.714675283660017
90311,2022,6.012774334,1.1556240403399831,4.857150293660017
90311,2023,0.0,1.1556240403399831,-1.1556240403399831
90311,2024,0.0,1.1556240403399831,-1.1556240403399831
90311,2025,0.0,1.1556240403399831,-1.1556240403399831
90312,2021,6.386317995,2.010184621340223,4.376133373659776
90312,2022,5.34387651,2.010184621340223,3.3336918886597773
90312,2023,0.0,2.010184621340223,-2.010184621340223
90312,2024,0.0,2.010184621340223,-2.010184621340223
90312,2025,0.0,2.010184621340223,-2.010184621340223
90401,2021,12.11627479,1.5595343810950937,10.556740408904906
90401,2023,0.0,1.5595343810950937,-1.5595343810950937
90401,2024,0.0,1.5595343810950937,-1.5595343810950937
90401,2025,0.0,1.5595343810950937,-1.5595343810950937
90402,2021,6.035672802,1.370340586193962,4.665332215806037
90402,2022,7.748136417,1.370340586193962,6.377795830806038
90402,2023,0.0,1.370340586193962,-1.370340586193962
90402,2024,0.0,1.370340586193962,-1.370340586193962
90402,2025,0.0,1.370340586193962,-1.370340586193962
90403,2021,5.841368138,1.010367410231384,4.831000727768616
90403,2022,6.567796973,1.010367410231384,5.5574295627686165
90403,2023,0.0,1.010367410231384,-1.010367410231384
90403,2024,0.0,1.010367410231384,-1.010367410231384
90403,2025,0.0,1.010367410231384,-1.010367410231384
90404,2021,7.881979014,1.3890394807792719,6.492939533220728
90404,2022,7.123672785,1.3890394807792719,5.734633304220728
90404,2023,0.0,1.3890394807792719,-1.3890394807792719
90404,2024,0.0,1.3890394807792719,-1.3890394807792719
90404,2025,0.0,1.3890394807792719,-1.3890394807792719
90405,2021,6.593424979,1.1525135069293047,5.440911472070695
90405,2022,6.64118217,1.1525135069293047,5.488668663070696
90405,2023,0.0,1.1525135069293047,-1.1525135069293047
90405,2024,0.0,1.1525135069293047,-1.1525135069293047
90405,2025,0.0,1.1525135069293047,-1.1525135069293047
90406,2021,7.273786318,0.9073271691475266,6.366459148852473
90406,2022,6.21860012,0.9073271691475266,5.311272950852473
90406,2023,0.0,0.9073271691475266,-0.9073271691475266
90406,2024,0.0,0.9073271691475266,-0.9073271691475266
90406,2025,0.0,0.9073271691475266,-0.9073271691475266
90407,2021,6.043160538,1.2081398392309013,4.8350206987691
90407,2022,5.872743572,1.2081398392309013,4.664603732769098
90407,2023,0.0,1.2081398392309013,-1.2081398392309013
90407,2024,0.0,1.2081398392309013,-1.2081398392309013
90407,2025,0.0,1.2081398392309013,-1.2081398392309013
90408,2022,0.0,0.6933808751102378,-0.6933808751102378
90408,2023,0.0,0.6933808751102378,-0.6933808751102378
90408,2024,0.0,0.6933808751102378,-0.6933808751102378
90408,2025,0.0,0.6933808751102378,-0.6933808751102378
90409,2021,6.895834508,1.2166165160037627,5.679217991996238
90409,2022,5.100737129,1.2166165160037627,3.884120612996237
90409,2023,0.0,1.2166165160037627,-1.2166165160037627
90409,2024,0.0,1.2166165160037627,-1.2166165160037627
90409,2025,0.0,1.2166165160037627,-1.2166165160037627
90410,2021,7.427144133,0.5344383081752455,6.892705824824754
90410,2022,6.833031733,0.5344383081752455,6.298593424824755
90410,2023,0.0,0.5344383081752455,-0.5344383081752455
90410,2024,0.0,0.5344383081752455,-0.5344383081752455
90410,2025,0.0,0.5344383081752455,-0.5344383081752455
90411,2021,7.950784383,0.6508443941286255,7.299939988871374
90411,2022,8.664654883,0.6508443941286255,8.013810488871375
90411,2023,0.0,0.6508443941286255,-0.6508443941286255
90411,2024,0.0,0.6508443941286255,-0.6508443941286255
90411,2025,0.0,0.6508443941286255,-0.6508443941286255
90412,2021,0.0,1.3523398944821083,-1.3523398944821083
90412,2022,0.0,1.3523398944821083,-1.3523398944821083
90412,2023,0.0,1.3523398944821083,-1.3523398944821083
90412,2024,0.0,1.3523398944821083,-1.3523398944821083
90412,2025,0.0,1.3523398944821083,-1.3523398944821083
90413,2021,0.0,1.2141913171036567,-1.2141913171036567
90413,2022,0.0,1.2141913171036567,-1.2141913171036567
90413,2023,0.0,1.2141913171036567,-1.2141913171036567
90413,2024,0.0,1.2141913171036567,-1.2141913171036567
90413,2025,0.0,1.2141913171036567,-1.2141913171036567
90501,2021,11.20620537,2.0949729999035647,9.111232370096435
90501,2022,8.898049692,2.0949729999035647,6.803076692096436
90501,2023,0.0,2.0949729999035647,-2.0949729999035647
90501,2024,0.0,2.0949729999035647,-2.0949729999035647
90501,2025,0.0,2.0949729999035647,-2.0949729999035647
90502,2021,5.656095548,2.513732655591995,3.1423628924080047
90502,2022,5.970889499,2.513732655591995,3.457156843408005
90502,2023,0.0,2.513732655591995,-2.513732655591995
90502,2024,0.0,2.513732655591995,-2.513732655591995
90502,2025,0.0,2.513732655591995,-2.513732655591995
90503,2021,6.789402228,2.229344456232361,4.560057771767639
90503,2022,6.716352613,2.229344456232361,4.487008156767638
90503,2023,0.0,2.229344456232361,-2.229344456232361
90503,2024,0.0,2.229344456232361,-2.229344456232361
90503,2025,0.0,2.229344456232361,-2.229344456232361
90504,2021,7.453037538,1.678219380765581,5.774818157234419
90504,2022,6.354676899,1.678219380765581,4.676457518234419
90504,2023,0.0,1.678219380765581,-1.678219380765581
90504,2024,0.0,1.678219380765581,-1.678219380765581
90504,2025,0.0,1.678219380765581,-1.678219380765581
90505,2021,7.229878632,1.037383219894007,6.192495412105993
90505,2023,0.0,1.037383219894007,-1.037383219894007
90505,2024,0.0,1.037383219894007,-1.037383219894007
90505,2025,0.0,1.037383219894007,-1.037383219894007
90506,2021,6.463289434,1.945726073510796,4.517563360489204
90506,2022,5.81861107,1.945726073510796,3.872884996489204
90506,2023,0.0,1.945726073510796,-1.945726073510796
90506,2024,0.0,1.945726073510796,-1.945726073510796
90506,2025,0.0,1.945726073510796,-1.945726073510796
90507,2021,6.171846111,2.0325960426286813,4.139250068371318
90507,2022,6.431518933,2.0325960426286813,4.398922890371319
90507,2023,0.0,2.0325960426286813,-2.0325960426286813
90507,2024,0.0,2.0325960426286813,-2.0325960426286813
90507,2025,0.0,2.0325960426286813,-2.0325960426286813
90508,2023,0.0,1.3713945948172752,-1.3713945948172752
90508,2024,0.0,1.3713945948172752,-1.3713945948172752
90508,2025,0.0,1.3713945948172752,-1.3713945948172752
90509,2021,0.0,1.66648480871715,-1.66648480871715
90509,2022,0.0,1.66648480871715,-1.66648480871715
90509,2023,0.0,1.66648480871715,-1.66648480871715
90509,2024,0.0,1.66648480871715,-1.66648480871715
90509,2025,0.0,1.66648480871715,-1.66648480871715
90510,2021,8.059118133,2.199166991820533,5.859951141179467
90510,2022,6.694134511,2.199166991820533,4.4949675191794665
90510,2023,0.0,2.199166991820533,-2.199166991820533
90510,2024,0.0,2.199166991820533,-2.199166991820533
90510,2025,0.0,2.199166991820533,-2.199166991820533
90511,2021,5.737936131,1.5355529082117072,4.202383222788292
90511,2022,5.624509673,1.5355529082117072,4.088956764788293
90511,2023,0.0,1.5355529082117072,-1.5355529082117072
90511,2024,0.0,1.5355529082117072,-1.5355529082117072
90511,2025,0.0,1.5355529082117072,-1.5355529082117072
90601,2021,12.03095405,1.7026220222381596,10.32833202776184
90601,2022,9.632607469,1.7026220222381596,7.92998544676184
90601,2023,0.0,1.7026220222381596,-1.7026220222381596
90601,2024,0.0,1.7026220222381596,-1.7026220222381596
90601,2025,0.0,1.7026220222381596,-1.7026220222381596
90602,2022,0.0,0.9985290736031373,-0.9985290736031373
90602,2023,0.0,0.9985290736031373,-0.9985290736031373
90602,2024,0.0,0.9985290736031373,-0.9985290736031373
90602,2025,0.0,0.9985290736031373,-0.9985290736031373
90603,2021,7.848412717,1.025442034187484,6.8229706828125165
90603,2022,6.173265135,1.025442034187484,5.147823100812516
90603,2023,0.0,1.025442034187484,-1.025442034187484
90603,2024,0.0,1.025442034187484,-1.025442034187484
90603,2025,0.0,1.025442034187484,-1.025442034187484
90604,2021,0.0,1.150867251683054,-1.150867251683054
90604,2022,3.650658241,1.150867251683054,2.4997909893169457
90604,2023,0.0,1.150867251683054,-1.150867251683054
90604,2024,0.0,1.150867251683054,-1.150867251683054
90604,2025,0.0,1.150867251683054,-1.150867251683054
90605,2021,0.0,1.055924461176565,-1.055924461176565
90605,2022,7.62455388,1.055924461176565,6.568629418823434
90605,2023,0.0,1.055924461176565,-1.055924461176565
90605,2024,0.0,1.055924461176565,-1.055924461176565
90605,2025,0.0,1.055924461176565,-1.055924461176565
90606,2021,6.176560031,1.6725458835242681,4.504014147475732
90606,2022,4.684850837,1.6725458835242681,3.0123049534757316
90606,2023,0.0,1.6725458835242681,-1.6725458835242681
90606,2024,0.0,1.6725458835242681,-1.6725458835242681
90606,2025,0.0,1.6725458835242681,-1.6725458835242681
90607,2021,6.546747006,1.273122324621542,5.273624681378458
90607,2022,6.782941208,1.273122324621542,5.5098188833784585
90607,2023,0.0,1.273122324621542,-1.273122324621542
90607,2024,0.0,1.273122324621542,-1.273122324621542
90607,2025,0.0,1.273122324621542,-1.273122324621542
90608,2021,0.0,1.4601319136914133,-1.4601319136914133
90608,2022,0.0,1.4601319136914133,-1.4601319136914133
90608,2023,0.0,1.4601319136914133,-1.4601319136914133
90608,2024,0.0,1.4601319136914133,-1.4601319136914133
90608,2025,0.0,1.4601319136914133,-1.4601319136914133
90609,2021,5.961649462,1.567978564399675,4.393670897600325
90609,2022,5.272358327,1.567978564399675,3.704379762600325
90609,2023,0.0,1.567978564399675,-1.567978564399675
90609,2024,0.0,1.567978564399675,-1.567978564399675
90609,2025,0.0,1.567978564399675,-1.567978564399675
90610,2021,5.240835371,1.427028245859366,3.8138071251406345
90610,2022,5.371185074,1.427028245859366,3.944156828140634
90610,2023,0.0,1.427028245859366,-1.427028245859366
90610,2024,0.0,1.427028245859366,-1.427028245859366
90610,2025,0.0,1.427028245859366,-1.427028245859366
90611,2021,7.652379487,1.6205369597129224,6.031842527287077
90611,2022,6.950910549,1.6205369597129224,5.330373589287078
90611,2023,0.0,1.6205369597129224,-1.6205369597129224
90611,2024,0.0,1.6205369597129224,-1.6205369597129224
90611,2025,0.0,1.6205369597129224,-1.6205369597129224
90612,2021,6.260063184,0.8336270621079594,5.42643612189204
90612,2022,4.389808775,0.8336270621079594,3.55618171289204
90612,2023,0.0,0.8336270621079594,-0.8336270621079594
90612,2024,0.0,0.8336270621079594,-0.8336270621079594
90612,2025,0.0,0.8336270621079594,-0.8336270621079594
90613,2021,6.722887626,1.7637290744521932,4.959158551547807
90613,2022,6.400986632,1.7637290744521932,4.637257557547807
90613,2023,0.0,1.7637290744521932,-1.7637290744521932
90613,2024,0.0,1.7637290744521932,-1.7637290744521932
90613,2025,0.0,1.7637290744521932,-1.7637290744521932
90614,2021,0.0,1.0207001377880196,-1.0207001377880196
90614,2023,0.0,1.0207001377880196,-1.0207001377880196
90614,2024,0.0,1.0207001377880196,-1.0207001377880196
90614,2025,0.0,1.0207001377880196,-1.0207001377880196
90615,2021,10.00644478,0.8491259823922916,9.15731879760771
90615,2022,10.54632958,0.8491259823922916,9.69720359760771
90615,2023,0.0,0.8491259823922916,-0.8491259823922916
90615,2024,0.0,0.8491259823922916,-0.8491259823922916
90615,2025,0.0,0.8491259823922916,-0.8491259823922916
90616,2021,0.0,0.6806507116489671,-0.6806507116489671
90616,2022,0.0,0.6806507116489671,-0.6806507116489671
90616,2023,0.0,0.6806507116489671,-0.6806507116489671
90616,2024,0.0,0.6806507116489671,-0.6806507116489671
90616,2025,0.0,0.6806507116489671,-0.6806507116489671
90701,2021,11.72040712,2.0991936834237843,9.621213436576216
90701,2022,10.83362951,2.0991936834237843,8.734435826576215
90701,2023,0.0,2.0991936834237843,-2.0991936834237843
90701,2024,0.0,2.0991936834237843,-2.0991936834237843
90701,2025,0.0,2.0991936834237843,-2.0991936834237843
90702,2021,6.117584382,2.192082003846204,3.9255023781537965
90702,2022,6.123162022,2.192082003846204,3.931080018153796
90702,2023,0.0,2.192082003846204,-2.192082003846204
90702,2024,0.0,2.192082003846204,-2.192082003846204
90702,2025,0.0,2.192082003846204,-2.192082003846204
90703,2021,5.848506001,2.283345341747517,3.5651606592524825
90703,2022,6.389941847,2.283345341747517,4.106596505252483
90703,2023,0.0,2.283345341747517,-2.283345341747517
90703,2024,0.0,2.283345341747517,-2.283345341747517
90703,2025,0.0,2.283345341747517,-2.283345341747517
90704,2021,6.209680725,2.1862893786161437,4.023391346383857
90704,2022,6.408149307,2.1862893786161437,4.221859928383857
90704,2023,0.0,2.1862893786161437,-2.1862893786161437
90704,2024,0.0,2.1862893786161437,-2.1862893786161437
90704,2025,0.0,2.1862893786161437,-2.1862893786161437
90705,2021,5.955416296,2.2946060239697554,3.6608102720302447
90705,2022,6.398709977,2.2946060239697554,4.104103953030245
90705,2023,0.0,2.2946060239697554,-2.2946060239697554
90705,2024,0.0,2.2946060239697554,-2.2946060239697554
90705,2025,0.0,2.2946060239697554,-2.2946060239697554
90706,2021,6.004169122,2.1583351561810304,3.84583396581897
90706,2022,3.577461985,2.1583351561810304,1.4191268288189693
90706,2023,0.0,2.1583351561810304,-2.1583351561810304
90706,2024,0.0,2.1583351561810304,-2.1583351561810304
90706,2025,0.0,2.1583351561810304,-2.1583351561810304
90707,2021,7.21753288,2.24703913134603,4.97049374865397
90707,2022,7.03796937,2.24703913134603,4.79093023865397
90707,2023,0.0,2.24703913134603,-2.24703913134603
90707,2024,0.0,2.24703913134603,-2.24703913134603
90707,2025,0.0,2.24703913134603,-2.24703913134603
90709,2021,6.446932902,2.3640998536341202,4.08283304836588
90709,2022,5.772588194,2.3640998536341202,3.4084883403658797
90709,2023,0.0,2.3640998536341202,-2.3640998536341202
90709,2024,0.0,2.3640998536341202,-2.3640998536341202
90709,2025,0.0,2.3640998536341202,-2.3640998536341202
90710,2021,0.0,1.373741651955385,-1.373741651955385
90710,2022,0.0,1.373741651955385,-1.373741651955385
90710,2023,0.0,1.373741651955385,-1.373741651955385
90710,2024,0.0,1.373741651955385,-1.373741651955385
90710,2025,0.0,1.373741651955385,-1.373741651955385
90711,2021,0.0,2.4929103101761765,-2.4929103101761765
90711,2022,0.0,2.4929103101761765,-2.4929103101761765
90711,2023,0.0,2.4929103101761765,-2.4929103101761765
90711,2024,0.0,2.4929103101761765,-2.4929103101761765
90711,2025,0.0,2.4929103101761765,-2.4929103101761765
90713,2021,0.0,1.3105182119360534,-1.3105182119360534
90713,2022,0.0,1.3105182119360534,-1.3105182119360534
90713,2023,0.0,1.3105182119360534,-1.3105182119360534
90713,2024,0.0,1.3105182119360534,-1.3105182119360534
90713,2025,0.0,1.3105182119360534,-1.3105182119360534
90714,2021,7.428820986,2.352467629361708,5.0763533566382915
90714,2022,8.616299849,2.352467629361708,6.263832219638292
90714,2023,0.0,2.352467629361708,-2.352467629361708
90714,2024,0.0,2.352467629361708,-2.352467629361708
90714,2025,0.0,2.352467629361708,-2.352467629361708
90715,2021,5.984169484,2.1667249050969137,3.817444578903086
90715,2022,6.531101868,2.1667249050969137,4.364376962903087
90715,2023,0.0,2.1667249050969137,-2.1667249050969137
90715,2024,0.0,2.1667249050969137,-2.1667249050969137
90715,2025,0.0,2.1667249050969137,-2.1667249050969137
90716,2021,6.439222567,1.4601622272101573,4.979060339789843
90716,2022,6.916365166,1.4601622272101573,5.456202938789843
90716,2023,0.0,1.4601622272101573,-1.4601622272101573
90716,2024,0.0,1.4601622272101573,-1.4601622272101573
90716,2025,0.0,1.4601622272101573,-1.4601622272101573
90717,2021,5.176752188,2.2302227737074336,2.9465294142925664
90717,2022,6.436978937,2.2302227737074336,4.2067561632925665
90717,2023,0.0,2.2302227737074336,-2.2302227737074336
90717,2024,0.0,2.2302227737074336,-2.2302227737074336
90717,2025,0.0,2.2302227737074336,-2.2302227737074336
90718,2021,6.154108008,1.7765828626909164,4.377525145309083
90718,2022,5.490268764,1.7765828626909164,3.7136859013090833
90718,2023,0.0,1.7765828626909164,-1.7765828626909164
90718,2024,0.0,1.7765828626909164,-1.7765828626909164
90718,2025,0.0,1.7765828626909164,-1.7765828626909164
90719,2021,6.109102645,2.2695597859670937,3.8395428590329064
90719,2022,6.411806539,2.2695597859670937,4.1422467530329055
90719,2023,0.0,2.2695597859670937,-2.2695597859670937
90719,2024,0.0,2.2695597859670937,-2.2695597859670937
90719,2025,0.0,2.2695597859670937,-2.2695597859670937
90720,2021,5.653227596,1.760229643947814,3.892997952052186
90720,2022,6.240708933,1.760229643947814,4.480479289052186
90720,2023,0.0,1.760229643947814,-1.760229643947814
90720,2024,0.0,1.760229643947814,-1.760229643947814
90720,2025,0.0,1.760229643947814,-1.760229643947814
90721,2021,0.0,1.3501719134759433,-1.3501719134759433
90721,2022,0.0,1.3501719134759433,-1.3501719134759433
90721,2023,0.0,1.3501719134759433,-1.3501719134759433
90721,2024,0.0,1.3501719134759433,-1.3501719134759433
90721,2025,0.0,1.3501719134759433,-1.3501719134759433
90722,2021,0.0,1.7373179474637281,-1.7373179474637281
90722,2022,0.0,1.7373179474637281,-1.7373179474637281
90722,2023,0.0,1.7373179474637281,-1.7373179474637281
90722,2024,0.0,1.7373179474637281,-1.7373179474637281
90722,2025,0.0,1.7373179474637281,-1.7373179474637281
90723,2021,0.0,0.9000125920625608,-0.9000125920625608
90723,2022,0.0,0.9000125920625608,-0.9000125920625608
90723,2023,0.0,0.9000125920625608,-0.9000125920625608
90723,2024,0.0,0.9000125920625608,-0.9000125920625608
90723,2025,0.0,0.9000125920625608,-0.9000125920625608
90724,2024,0.0,1.7282070386917217,-1.7282070386917217
90724,2025,0.0,1.7282070386917217,-1.7282070386917217
90725,2024,0.0,1.425859837951371,-1.425859837951371
90725,2025,0.0,1.425859837951371,-1.425859837951371
100101,2021,9.044140931,3.0312529254703335,6.012888005529666
100101,2022,9.295082763,3.0312529254703335,6.263829837529666
100101,2023,0.0,3.0312529254703335,-3.0312529254703335
100101,2024,0.0,3.0312529254703335,-3.0312529254703335
100101,2025,0.0,3.0312529254703335,-3.0312529254703335
100102,2021,10.13902115,3.243200919929061,6.895820230070939
100102,2022,8.429255223,3.243200919929061,5.186054303070939
100102,2023,0.0,3.243200919929061,-3.243200919929061
100102,2024,0.0,3.243200919929061,-3.243200919929061
100102,2025,0.0,3.243200919929061,-3.243200919929061
100103,2021,6.859650831,2.1538862150984124,4.705764615901588
100103,2022,6.706400274,2.1538862150984124,4.552514058901588
100103,2023,0.0,2.1538862150984124,-2.1538862150984124
100103,2024,0.0,2.1538862150984124,-2.1538862150984124
100103,2025,0.0,2.1538862150984124,-2.1538862150984124
100104,2021,6.245404572,2.7006253736185353,3.5447791983814647
100104,2022,5.685554961,2.7006253736185353,2.984929587381465
100104,2023,0.0,2.7006253736185353,-2.7006253736185353
100104,2024,0.0,2.7006253736185353,-2.7006253736185353
100104,2025,0.0,2.7006253736185353,-2.7006253736185353
100105,2021,0.0,2.162383619581267,-2.162383619581267
100105,2022,3.694257125,2.162383619581267,1.5318735054187331
100105,2023,0.0,2.162383619581267,-2.162383619581267
100105,2024,0.0,2.162383619581267,-2.162383619581267
100105,2025,0.0,2.162383619581267,-2.162383619581267
100106,2021,5.862999663,2.069402311380743,3.793597351619257
100106,2022,5.952908129,2.069402311380743,3.8835058176192567
100106,2023,0.0,2.069402311380743,-2.069402311380743
100106,2024,0.0,2.069402311380743,-2.069402311380743
100106,2025,0.0,2.069402311380743,-2.069402311380743
100107,2021,6.10359377,2.343239419387122,3.760354350612878
100107,2022,6.323212527,2.343239419387122,3.979973107612878
100107,2023,0.0,2.343239419387122,-2.343239419387122
100107,2024,0.0,2.343239419387122,-2.343239419387122
100107,2025,0.0,2.343239419387122,-2.343239419387122
100108,2021,8.150527775,1.9437001097160134,6.206827665283987
100108,2022,9.149639371,1.9437001097160134,7.205939261283985
100108,2023,0.0,1.9437001097160134,-1.9437001097160134
100108,2024,0.0,1.9437001097160134,-1.9437001097160134
100108,2025,0.0,1.9437001097160134,-1.9437001097160134
100109,2021,6.271648358,2.7338339222367503,3.53781443576325
100109,2022,6.604489247,2.7338339222367503,3.87065532476325
100109,2023,0.0,2.7338339222367503,-2.7338339222367503
100109,2024,0.0,2.7338339222367503,-2.7338339222367503
100109,2025,0.0,2.7338339222367503,-2.7338339222367503
100110,2021,6.456892293,1.6205664872422372,4.836325805757763
100110,2022,6.680645539,1.6205664872422372,5.060079051757763
100110,2023,0.0,1.6205664872422372,-1.6205664872422372
100110,2024,0.0,1.6205664872422372,-1.6205664872422372
100110,2025,0.0,1.6205664872422372,-1.6205664872422372
100111,2021,5.353690158,2.7971947570954323,2.5564954009045677
100111,2022,5.669611872,2.7971947570954323,2.8724171149045676
100111,2023,0.0,2.7971947570954323,-2.7971947570954323
100111,2024,0.0,2.7971947570954323,-2.7971947570954323
100111,2025,0.0,2.7971947570954323,-2.7971947570954323
100112,2021,0.0,1.3456924870471136,-1.3456924870471136
100112,2022,0.0,1.3456924870471136,-1.3456924870471136
100112,2023,0.0,1.3456924870471136,-1.3456924870471136
100112,2024,0.0,1.3456924870471136,-1.3456924870471136
100112,2025,0.0,1.3456924870471136,-1.3456924870471136
100113,2021,7.076645897,1.7435018657843662,5.3331440312156335
100113,2022,7.049885429,1.7435018657843662,5.3063835632156335
100113,2023,0.0,1.7435018657843662,-1.7435018657843662
100113,2024,0.0,1.7435018657843662,-1.7435018657843662
100113,2025,0.0,1.7435018657843662,-1.7435018657843662
100201,2021,10.03578861,2.6551716754490884,7.380616934550913
100201,2022,7.964209739,2.6551716754490884,5.309038063550911
100201,2023,0.0,2.6551716754490884,-2.6551716754490884
100201,2024,0.0,2.6551716754490884,-2.6551716754490884
100201,2025,0.0,2.6551716754490884,-2.6551716754490884
100202,2021,6.965071352,1.7414093560801738,5.2236619959198265
100202,2022,6.882522937,1.7414093560801738,5.141113580919827
100202,2023,0.0,1.7414093560801738,-1.7414093560801738
100202,2024,0.0,1.7414093560801738,-1.7414093560801738
100202,2025,0.0,1.7414093560801738,-1.7414093560801738
100203,2021,6.943413091,1.7029585015969564,5.240454589403043
100203,2022,6.761870564,1.7029585015969564,5.058912062403043
100203,2023,0.0,1.7029585015969564,-1.7029585015969564
100203,2024,0.0,1.7029585015969564,-1.7029585015969564
100203,2025,0.0,1.7029585015969564,-1.7029585015969564
100204,2021,6.017774196,2.2721713173992826,3.745602878600718
100204,2022,5.428217173,2.2721713173992826,3.1560458556007176
100204,2023,0.0,2.2721713173992826,-2.2721713173992826
100204,2024,0.0,2.2721713173992826,-2.2721713173992826
100204,2025,0.0,2.2721713173992826,-2.2721713173992826
100205,2021,6.972506518,2.410920910876835,4.561585607123165
100205,2022,6.468197714,2.410920910876835,4.057276803123166
100205,2023,0.0,2.410920910876835,-2.410920910876835
100205,2024,0.0,2.410920910876835,-2.410920910876835
100205,2025,0.0,2.410920910876835,-2.410920910876835
100206,2021,0.0,0.9959235671364017,-0.9959235671364017
100206,2022,0.0,0.9959235671364017,-0.9959235671364017
100206,2023,0.0,0.9959235671364017,-0.9959235671364017
100206,2024,0.0,0.9959235671364017,-0.9959235671364017
100206,2025,0.0,0.9959235671364017,-0.9959235671364017
100207,2021,10.46454077,2.2113694244185944,8.253171345581405
100207,2022,11.0486671,2.2113694244185944,8.837297675581405
100207,2023,0.0,2.2113694244185944,-2.2113694244185944
100207,2024,0.0,2.2113694244185944,-2.2113694244185944
100207,2025,0.0,2.2113694244185944,-2.2113694244185944
100208,2021,3.683308409,1.4310947090244714,2.2522136999755284
100208,2022,3.917721027,1.4310947090244714,2.4866263179755284
100208,2023,0.0,1.4310947090244714,-1.4310947090244714
100208,2024,0.0,1.4310947090244714,-1.4310947090244714
100208,2025,0.0,1.4310947090244714,-1.4310947090244714
100301,2021,12.35766879,2.3233805508838583,10.034288239116142
100301,2022,9.94435968,2.3233805508838583,7.620979129116142
100301,2023,0.0,2.3233805508838583,-2.3233805508838583
100301,2024,0.0,2.3233805508838583,-2.3233805508838583
100301,2025,0.0,2.3233805508838583,-2.3233805508838583
100307,2021,0.0,2.248695094744971,-2.248695094744971
100307,2022,0.0,2.248695094744971,-2.248695094744971
100307,2023,0.0,2.248695094744971,-2.248695094744971
100307,2024,0.0,2.248695094744971,-2.248695094744971
100307,2025,0.0,2.248695094744971,-2.248695094744971
100311,2021,11.28874767,2.0844516788101695,9.20429599118983
100311,2022,11.28662942,2.0844516788101695,9.202177741189832
100311,2023,0.0,2.0844516788101695,-2.0844516788101695
100311,2024,0.0,2.0844516788101695,-2.0844516788101695
100311,2025,0.0,2.0844516788101695,-2.0844516788101695
100313,2021,2.635479508,2.16891760177874,0.4665619062212598
100313,2022,1.66823817,2.16891760177874,-0.5006794317787402
100313,2023,0.0,2.16891760177874,-2.16891760177874
100313,2024,0.0,2.16891760177874,-2.16891760177874
100313,2025,0.0,2.16891760177874,-2.16891760177874
100316,2021,0.0,1.4158526176025878,-1.4158526176025878
100316,2022,0.0,1.4158526176025878,-1.4158526176025878
100316,2023,0.0,1.4158526176025878,-1.4158526176025878
100316,2024,0.0,1.4158526176025878,-1.4158526176025878
100316,2025,0.0,1.4158526176025878,-1.4158526176025878
100317,2021,0.0,2.0992269593476607,-2.0992269593476607
100317,2022,3.484769043,2.0992269593476607,1.3855420836523393
100317,2023,0.0,2.0992269593476607,-2.0992269593476607
100317,2024,0.0,2.0992269593476607,-2.0992269593476607
100317,2025,0.0,2.0992269593476607,-2.0992269593476607
100321,2021,6.611828788,1.1885306628953871,5.423298125104614
100321,2022,6.288623629,1.1885306628953871,5.100092966104613
100321,2023,0.0,1.1885306628953871,-1.1885306628953871
100321,2024,0.0,1.1885306628953871,-1.1885306628953871
100321,2025,0.0,1.1885306628953871,-1.1885306628953871
100322,2021,6.32418827,1.6451903131125596,4.67899795688744
100322,2022,4.92184644,1.6451903131125596,3.276656126887441
100322,2023,0.0,1.6451903131125596,-1.6451903131125596
100322,2024,0.0,1.6451903131125596,-1.6451903131125596
100322,2025,0.0,1.6451903131125596,-1.6451903131125596
100323,2021,0.0,1.5341997199063688,-1.5341997199063688
100323,2022,0.0,1.5341997199063688,-1.5341997199063688
100323,2023,0.0,1.5341997199063688,-1.5341997199063688
100323,2024,0.0,1.5341997199063688,-1.5341997199063688
100323,2025,0.0,1.5341997199063688,-1.5341997199063688
100401,2021,5.134661427,2.05997067478205,3.07469075221795
100401,2022,0.0,2.05997067478205,-2.05997067478205
100401,2023,0.0,2.05997067478205,-2.05997067478205
100401,2024,0.0,2.05997067478205,-2.05997067478205
100401,2025,0.0,2.05997067478205,-2.05997067478205
100402,2021,6.812138802,1.720802590445498,5.091336211554502
100402,2022,6.199338259,1.720802590445498,4.478535668554502
100402,2023,0.0,1.720802590445498,-1.720802590445498
100402,2024,0.0,1.720802590445498,-1.720802590445498
100402,2025,0.0,1.720802590445498,-1.720802590445498
100403,2021,6.447899981,1.6420649014317024,4.805835079568298
100403,2022,6.525029658,1.6420649014317024,4.882964756568298
100403,2023,0.0,1.6420649014317024,-1.6420649014317024
100403,2024,0.0,1.6420649014317024,-1.6420649014317024
100403,2025,0.0,1.6420649014317024,-1.6420649014317024
100404,2021,6.594925448,2.26459115446791,4.33033429353209
100404,2022,6.45627003,2.26459115446791,4.19167887553209
100404,2023,0.0,2.26459115446791,-2.26459115446791
100404,2024,0.0,2.26459115446791,-2.26459115446791
100404,2025,0.0,2.26459115446791,-2.26459115446791
100501,2021,11.4553092,2.6721380701649724,8.783171129835027
100501,2022,9.199101114,2.6721380701649724,6.526963043835027
100501,2023,0.0,2.6721380701649724,-2.6721380701649724
100501,2024,0.0,2.6721380701649724,-2.6721380701649724
100501,2025,0.0,2.6721380701649724,-2.6721380701649724
100502,2021,5.987898673,1.9957055427309076,3.9921931302690927
100502,2022,6.474989403,1.9957055427309076,4.479283860269093
100502,2023,0.0,1.9957055427309076,-1.9957055427309076
100502,2024,0.0,1.9957055427309076,-1.9957055427309076
100502,2025,0.0,1.9957055427309076,-1.9957055427309076
100503,2021,0.0,1.9771045237101974,-1.9771045237101974
100503,2022,0.0,1.9771045237101974,-1.9771045237101974
100503,2023,0.0,1.9771045237101974,-1.9771045237101974
100503,2024,0.0,1.9771045237101974,-1.9771045237101974
100503,2025,0.0,1.9771045237101974,-1.9771045237101974
100504,2021,7.491983626,2.4135794846151177,5.0784041413848815
100504,2022,7.134299518,2.4135794846151177,4.720720033384882
100504,2023,0.0,2.4135794846151177,-2.4135794846151177
100504,2024,0.0,2.4135794846151177,-2.4135794846151177
100504,2025,0.0,2.4135794846151177,-2.4135794846151177
100505,2021,6.142916784,2.0484415287770603,4.094475255222939
100505,2022,5.318635857,2.0484415287770603,3.27019432822294
100505,2023,0.0,2.0484415287770603,-2.0484415287770603
100505,2024,0.0,2.0484415287770603,-2.0484415287770603
100505,2025,0.0,2.0484415287770603,-2.0484415287770603
100506,2021,0.0,2.084998979944568,-2.084998979944568
100506,2022,0.0,2.084998979944568,-2.084998979944568
100506,2023,0.0,2.084998979944568,-2.084998979944568
100506,2024,0.0,2.084998979944568,-2.084998979944568
100506,2025,0.0,2.084998979944568,-2.084998979944568
100507,2021,0.0,2.3624377218864394,-2.3624377218864394
100507,2022,0.0,2.3624377218864394,-2.3624377218864394
100507,2023,0.0,2.3624377218864394,-2.3624377218864394
100507,2024,0.0,2.3624377218864394,-2.3624377218864394
100507,2025,0.0,2.3624377218864394,-2.3624377218864394
100508,2021,0.0,1.2207009558070534,-1.2207009558070534
100508,2022,0.0,1.2207009558070534,-1.2207009558070534
100508,2023,0.0,1.2207009558070534,-1.2207009558070534
100508,2024,0.0,1.2207009558070534,-1.2207009558070534
100508,2025,0.0,1.2207009558070534,-1.2207009558070534
100509,2021,6.248042875,2.1820554852833687,4.065987389716632
100509,2022,5.960307116,2.1820554852833687,3.7782516307166314
100509,2023,0.0,2.1820554852833687,-2.1820554852833687
100509,2024,0.0,2.1820554852833687,-2.1820554852833687
100509,2025,0.0,2.1820554852833687,-2.1820554852833687
100510,2021,6.991095711,1.5415922860460083,5.449503424953992
100510,2022,7.316528886,1.5415922860460083,5.7749365999539926
100510,2023,0.0,1.5415922860460083,-1.5415922860460083
100510,2024,0.0,1.5415922860460083,-1.5415922860460083
100510,2025,0.0,1.5415922860460083,-1.5415922860460083
100511,2021,6.641538147,1.4453131043690695,5.196225042630931
100511,2022,7.116320352,1.4453131043690695,5.67100724763093
100511,2023,0.0,1.4453131043690695,-1.4453131043690695
100511,2024,0.0,1.4453131043690695,-1.4453131043690695
100511,2025,0.0,1.4453131043690695,-1.4453131043690695
100601,2021,10.80923228,2.961403539001313,7.847828740998686
100601,2022,9.21416742,2.961403539001313,6.252763880998687
100601,2023,0.0,2.961403539001313,-2.961403539001313
100601,2024,0.0,2.961403539001313,-2.961403539001313
100601,2025,0.0,2.961403539001313,-2.961403539001313
100602,2021,6.257566163,1.4935064930581756,4.764059669941824
100602,2022,6.23778293,1.4935064930581756,4.744276436941824
100602,2023,0.0,1.4935064930581756,-1.4935064930581756
100602,2024,0.0,1.4935064930581756,-1.4935064930581756
100602,2025,0.0,1.4935064930581756,-1.4935064930581756
100603,2021,7.219507819,2.0164749490894147,5.203032869910586
100603,2022,6.90839793,2.0164749490894147,4.891922980910585
100603,2023,0.0,2.0164749490894147,-2.0164749490894147
100603,2024,0.0,2.0164749490894147,-2.0164749490894147
100603,2025,0.0,2.0164749490894147,-2.0164749490894147
100604,2021,0.0,2.2843640005853088,-2.2843640005853088
100604,2022,0.0,2.2843640005853088,-2.2843640005853088
100604,2023,0.0,2.2843640005853088,-2.2843640005853088
100604,2024,0.0,2.2843640005853088,-2.2843640005853088
100604,2025,0.0,2.2843640005853088,-2.2843640005853088
100605,2021,0.0,1.819026019159443,-1.819026019159443
100605,2022,3.965140985,1.819026019159443,2.146114965840557
100605,2023,0.0,1.819026019159443,-1.819026019159443
100605,2024,0.0,1.819026019159443,-1.819026019159443
100605,2025,0.0,1.819026019159443,-1.819026019159443
100606,2021,5.609450743,2.157663415320952,3.451787327679048
100606,2022,5.702172652,2.157663415320952,3.5445092366790476
100606,2023,0.0,2.157663415320952,-2.157663415320952
100606,2024,0.0,2.157663415320952,-2.157663415320952
100606,2025,0.0,2.157663415320952,-2.157663415320952
100607,2021,4.954614242,1.4249005131048735,3.5297137288951266
100607,2022,6.127818041,1.4249005131048735,4.702917527895127
100607,2023,0.0,1.4249005131048735,-1.4249005131048735
100607,2024,0.0,1.4249005131048735,-1.4249005131048735
100607,2025,0.0,1.4249005131048735,-1.4249005131048735
100608,2021,6.36571519,1.6894855214616773,4.676229668538323
100608,2022,5.971706312,1.6894855214616773,4.282220790538323
100608,2023,0.0,1.6894855214616773,-1.6894855214616773
100608,2024,0.0,1.6894855214616773,-1.6894855214616773
100608,2025,0.0,1.6894855214616773,-1.6894855214616773
100609,2021,6.312676708,1.8835259984135932,4.429150709586406
100609,2022,7.022297821,1.8835259984135932,5.138771822586407
100609,2023,0.0,1.8835259984135932,-1.8835259984135932
100609,2024,0.0,1.8835259984135932,-1.8835259984135932
100609,2025,0.0,1.8835259984135932,-1.8835259984135932
100610,2021,7.364516856,1.4087281023382183,5.955788753661782
100610,2022,5.981030299,1.4087281023382183,4.5723021966617825
100610,2023,0.0,1.4087281023382183,-1.4087281023382183
100610,2024,0.0,1.4087281023382183,-1.4087281023382183
100610,2025,0.0,1.4087281023382183,-1.4087281023382183
100701,2021,0.0,2.480777013896845,-2.480777013896845
100701,2022,0.0,2.480777013896845,-2.480777013896845
100701,2023,0.0,2.480777013896845,-2.480777013896845
100701,2024,0.0,2.480777013896845,-2.480777013896845
100701,2025,0.0,2.480777013896845,-2.480777013896845
100702,2021,5.48087699,2.0497007449198916,3.431176245080108
100702,2022,0.0,2.0497007449198916,-2.0497007449198916
100702,2023,0.0,2.0497007449198916,-2.0497007449198916
100702,2024,0.0,2.0497007449198916,-2.0497007449198916
100702,2025,0.0,2.0497007449198916,-2.0497007449198916
100703,2021,4.977487768,1.5785347882118541,3.3989529797881453
100703,2022,5.355237657,1.5785347882118541,3.7767028687881457
100703,2023,0.0,1.5785347882118541,-1.5785347882118541
100703,2024,0.0,1.5785347882118541,-1.5785347882118541
100703,2025,0.0,1.5785347882118541,-1.5785347882118541
100704,2021,6.66799399,1.3807107904134135,5.287283199586587
100704,2022,6.000864672,1.3807107904134135,4.620153881586586
100704,2023,0.0,1.3807107904134135,-1.3807107904134135
100704,2024,0.0,1.3807107904134135,-1.3807107904134135
100704,2025,0.0,1.3807107904134135,-1.3807107904134135
100705,2021,0.0,1.2149532157685803,-1.2149532157685803
100705,2022,0.0,1.2149532157685803,-1.2149532157685803
100705,2023,0.0,1.2149532157685803,-1.2149532157685803
100705,2024,0.0,1.2149532157685803,-1.2149532157685803
100705,2025,0.0,1.2149532157685803,-1.2149532157685803
100801,2021,9.918635896,2.485329776155614,7.433306119844385
100801,2022,9.032532998,2.485329776155614,6.547203221844386
100801,2023,0.0,2.485329776155614,-2.485329776155614
100801,2024,0.0,2.485329776155614,-2.485329776155614
100801,2025,0.0,2.485329776155614,-2.485329776155614
100802,2021,9.045859825,2.0424639782318232,7.003395846768178
100802,2022,4.893729357,2.0424639782318232,2.8512653787681765
100802,2023,0.0,2.0424639782318232,-2.0424639782318232
100802,2024,0.0,2.0424639782318232,-2.0424639782318232
100802,2025,0.0,2.0424639782318232,-2.0424639782318232
100803,2021,0.0,2.4394873422013084,-2.4394873422013084
100803,2022,0.0,2.4394873422013084,-2.4394873422013084
100803,2023,0.0,2.4394873422013084,-2.4394873422013084
100803,2024,0.0,2.4394873422013084,-2.4394873422013084
100803,2025,0.0,2.4394873422013084,-2.4394873422013084
100804,2021,8.679251948,2.243322723870514,6.435929224129485
100804,2022,7.381968784,2.243322723870514,5.138646060129486
100804,2023,0.0,2.243322723870514,-2.243322723870514
100804,2024,0.0,2.243322723870514,-2.243322723870514
100804,2025,0.0,2.243322723870514,-2.243322723870514
100901,2021,10.84719957,1.65735965329825,9.18983991670175
100901,2022,9.237807269,1.65735965329825,7.5804476157017495
100901,2023,0.0,1.65735965329825,-1.65735965329825
100901,2024,0.0,1.65735965329825,-1.65735965329825
100901,2025,0.0,1.65735965329825,-1.65735965329825
100902,2021,5.467642626,1.6435259254615904,3.8241167005384096
100902,2022,5.375126691,1.6435259254615904,3.73160076553841
100902,2023,0.0,1.6435259254615904,-1.6435259254615904
100902,2024,0.0,1.6435259254615904,-1.6435259254615904
100902,2025,0.0,1.6435259254615904,-1.6435259254615904
100903,2021,5.94671788,1.312150951618225,4.6345669283817745
100903,2022,6.501502125,1.312150951618225,5.189351173381775
100903,2023,0.0,1.312150951618225,-1.312150951618225
100903,2024,0.0,1.312150951618225,-1.312150951618225
100903,2025,0.0,1.312150951618225,-1.312150951618225
100904,2021,6.491969236,1.6038270682558353,4.8881421677441645
100904,2022,6.525072783,1.6038270682558353,4.921245714744164
100904,2023,0.0,1.6038270682558353,-1.6038270682558353
100904,2024,0.0,1.6038270682558353,-1.6038270682558353
100904,2025,0.0,1.6038270682558353,-1.6038270682558353
100905,2021,5.430665023,1.4818840656011505,3.94878095739885
100905,2022,6.334422201,1.4818840656011505,4.8525381353988495
100905,2023,0.0,1.4818840656011505,-1.4818840656011505
100905,2024,0.0,1.4818840656011505,-1.4818840656011505
100905,2025,0.0,1.4818840656011505,-1.4818840656011505
101001,2021,4.898974782,1.7934560516557039,3.105518730344296
101001,2022,0.0,1.7934560516557039,-1.7934560516557039
101001,2023,0.0,1.7934560516557039,-1.7934560516557039
101001,2024,0.0,1.7934560516557039,-1.7934560516557039
101001,2025,0.0,1.7934560516557039,-1.7934560516557039
101002,2021,2.541527,1.8244415197699482,0.7170854802300517
101002,2022,0.0,1.8244415197699482,-1.8244415197699482
101002,2023,0.0,1.8244415197699482,-1.8244415197699482
101002,2024,0.0,1.8244415197699482,-1.8244415197699482
101002,2025,0.0,1.8244415197699482,-1.8244415197699482
101003,2021,7.166941422,1.1159075201652815,6.051033901834718
101003,2022,6.569814465,1.1159075201652815,5.453906944834719
101003,2023,0.0,1.1159075201652815,-1.1159075201652815
101003,2024,0.0,1.1159075201652815,-1.1159075201652815
101003,2025,0.0,1.1159075201652815,-1.1159075201652815
101004,2022,0.0,1.7049572667742643,-1.7049572667742643
101004,2023,0.0,1.7049572667742643,-1.7049572667742643
101004,2024,0.0,1.7049572667742643,-1.7049572667742643
101004,2025,0.0,1.7049572667742643,-1.7049572667742643
101005,2021,7.616755303,2.124726720674849,5.492028582325151
101005,2022,6.76937405,2.124726720674849,4.644647329325151
101005,2023,0.0,2.124726720674849,-2.124726720674849
101005,2024,0.0,2.124726720674849,-2.124726720674849
101005,2025,0.0,2.124726720674849,-2.124726720674849
101006,2021,0.0,1.3552089298175876,-1.3552089298175876
101006,2022,0.0,1.3552089298175876,-1.3552089298175876
101006,2023,0.0,1.3552089298175876,-1.3552089298175876
101006,2024,0.0,1.3552089298175876,-1.3552089298175876
101006,2025,0.0,1.3552089298175876,-1.3552089298175876
101007,2021,5.179611603,1.908342576751403,3.2712690262485964
101007,2022,4.96635506,1.908342576751403,3.0580124832485964
101007,2023,0.0,1.908342576751403,-1.908342576751403
101007,2024,0.0,1.908342576751403,-1.908342576751403
101007,2025,0.0,1.908342576751403,-1.908342576751403
101101,2021,2.634119048,2.113386071575311,0.5207329764246889
101101,2022,8.628438108,2.113386071575311,6.515052036424688
101101,2023,0.0,2.113386071575311,-2.113386071575311
101101,2024,0.0,2.113386071575311,-2.113386071575311
101101,2025,0.0,2.113386071575311,-2.113386071575311
101102,2021,0.0,1.0619836919128156,-1.0619836919128156
101102,2022,0.0,1.0619836919128156,-1.0619836919128156
101102,2023,0.0,1.0619836919128156,-1.0619836919128156
101102,2024,0.0,1.0619836919128156,-1.0619836919128156
101102,2025,0.0,1.0619836919128156,-1.0619836919128156
101103,2021,6.941254528,1.0914154365290485,5.849839091470951
101103,2022,6.80682936,1.0914154365290485,5.715413923470951
101103,2023,0.0,1.0914154365290485,-1.0914154365290485
101103,2024,0.0,1.0914154365290485,-1.0914154365290485
101103,2025,0.0,1.0914154365290485,-1.0914154365290485
101104,2021,6.419055935,2.1295536662519834,4.289502268748016
101104,2022,6.003837961,2.1295536662519834,3.874284294748017
101104,2023,0.0,2.1295536662519834,-2.1295536662519834
101104,2024,0.0,2.1295536662519834,-2.1295536662519834
101104,2025,0.0,2.1295536662519834,-2.1295536662519834
101105,2021,6.515185468,0.998114525940321,5.5170709420596795
101105,2022,5.682403717,0.998114525940321,4.684289191059679
101105,2023,0.0,0.998114525940321,-0.998114525940321
101105,2024,0.0,0.998114525940321,-0.998114525940321
101105,2025,0.0,0.998114525940321,-0.998114525940321
101106,2021,7.114458544,2.1306621424942707,4.983796401505729
101106,2022,6.926460813,2.1306621424942707,4.79579867050573
101106,2023,0.0,2.1306621424942707,-2.1306621424942707
101106,2024,0.0,2.1306621424942707,-2.1306621424942707
101106,2025,0.0,2.1306621424942707,-2.1306621424942707
101107,2021,5.418320159,1.3931985825030389,4.025121576496962
101107,2022,5.804381673,1.3931985825030389,4.411183090496961
101107,2023,0.0,1.3931985825030389,-1.3931985825030389
101107,2024,0.0,1.3931985825030389,-1.3931985825030389
101107,2025,0.0,1.3931985825030389,-1.3931985825030389
101108,2021,5.473670254,1.3369306851101659,4.136739568889834
101108,2022,5.811328101,1.3369306851101659,4.474397415889834
101108,2023,0.0,1.3369306851101659,-1.3369306851101659
101108,2024,0.0,1.3369306851101659,-1.3369306851101659
101108,2025,0.0,1.3369306851101659,-1.3369306851101659
110101,2021,8.978214909,2.777129100685167,6.201085808314833
110101,2022,8.383096073,2.777129100685167,5.6059669723148335
110101,2023,0.0,2.777129100685167,-2.777129100685167
110101,2024,0.0,2.777129100685167,-2.777129100685167
110101,2025,0.0,2.777129100685167,-2.777129100685167
110102,2021,5.55060781,2.0579191906946526,3.4926886193053472
110102,2022,6.155889311,2.0579191906946526,4.097970120305348
110102,2023,0.0,2.0579191906946526,-2.0579191906946526
110102,2024,0.0,2.0579191906946526,-2.0579191906946526
110102,2025,0.0,2.0579191906946526,-2.0579191906946526
110103,2021,5.663931218,1.7054561813339055,3.9584750366660946
110103,2022,5.633973089,1.7054561813339055,3.928516907666095
110103,2023,0.0,1.7054561813339055,-1.7054561813339055
110103,2024,0.0,1.7054561813339055,-1.7054561813339055
110103,2025,0.0,1.7054561813339055,-1.7054561813339055
110104,2021,0.0,0.7332119629321249,-0.7332119629321249
110104,2022,3.341683254,0.7332119629321249,2.608471291067875
110104,2023,0.0,0.7332119629321249,-0.7332119629321249
110104,2024,0.0,0.7332119629321249,-0.7332119629321249
110104,2025,0.0,0.7332119629321249,-0.7332119629321249
110105,2021,0.0,0.9204679809764107,-0.9204679809764107
110105,2022,0.0,0.9204679809764107,-0.9204679809764107
110105,2023,0.0,0.9204679809764107,-0.9204679809764107
110105,2024,0.0,0.9204679809764107,-0.9204679809764107
110105,2025,0.0,0.9204679809764107,-0.9204679809764107
110106,2021,5.315449373,2.434341856823236,2.881107516176764
110106,2022,5.277046277,2.434341856823236,2.8427044201767644
110106,2023,0.0,2.434341856823236,-2.434341856823236
110106,2024,0.0,2.434341856823236,-2.434341856823236
110106,2025,0.0,2.434341856823236,-2.434341856823236
110107,2021,0.0,1.7642660025359862,-1.7642660025359862
110107,2022,0.0,1.7642660025359862,-1.7642660025359862
110107,2023,0.0,1.7642660025359862,-1.7642660025359862
110107,2024,0.0,1.7642660025359862,-1.7642660025359862
110107,2025,0.0,1.7642660025359862,-1.7642660025359862
110108,2021,6.079249579,2.0486371379803736,4.030612441019626
110108,2022,6.178635438,2.0486371379803736,4.129998300019626
110108,2023,0.0,2.0486371379803736,-2.0486371379803736
110108,2024,0.0,2.0486371379803736,-2.0486371379803736
110108,2025,0.0,2.0486371379803736,-2.0486371379803736
110109,2021,0.0,1.473332416006055,-1.473332416006055
110109,2022,0.0,1.473332416006055,-1.473332416006055
110109,2023,0.0,1.473332416006055,-1.473332416006055
110109,2024,0.0,1.473332416006055,-1.473332416006055
110109,2025,0.0,1.473332416006055,-1.473332416006055
110110,2021,5.020508317,1.5847570116739793,3.4357513053260207
110110,2022,5.814418208,1.5847570116739793,4.2296611963260204
110110,2023,0.0,1.5847570116739793,-1.5847570116739793
110110,2024,0.0,1.5847570116739793,-1.5847570116739793
110110,2025,0.0,1.5847570116739793,-1.5847570116739793
110111,2021,0.0,1.686927845144909,-1.686927845144909
110111,2022,0.0,1.686927845144909,-1.686927845144909
110111,2023,0.0,1.686927845144909,-1.686927845144909
110111,2024,0.0,1.686927845144909,-1.686927845144909
110111,2025,0.0,1.686927845144909,-1.686927845144909
110112,2021,4.906080352,1.774940667672928,3.131139684327072
110112,2022,5.699516196,1.774940667672928,3.9245755283270722
110112,2023,0.0,1.774940667672928,-1.774940667672928
110112,2024,0.0,1.774940667672928,-1.774940667672928
110112,2025,0.0,1.774940667672928,-1.774940667672928
110113,2021,0.0,1.9953011067435056,-1.9953011067435056
110113,2022,0.0,1.9953011067435056,-1.9953011067435056
110113,2023,0.0,1.9953011067435056,-1.9953011067435056
110113,2024,0.0,1.9953011067435056,-1.9953011067435056
110113,2025,0.0,1.9953011067435056,-1.9953011067435056
110114,2021,5.573631605,1.0796537122109917,4.493977892789008
110114,2022,6.333279628,1.0796537122109917,5.253625915789008
110114,2023,0.0,1.0796537122109917,-1.0796537122109917
110114,2024,0.0,1.0796537122109917,-1.0796537122109917
110114,2025,0.0,1.0796537122109917,-1.0796537122109917
110201,2021,9.120847714,2.6354545259637314,6.4853931880362685
110201,2022,8.975302921,2.6354545259637314,6.339848395036269
110201,2023,0.0,2.6354545259637314,-2.6354545259637314
110201,2024,0.0,2.6354545259637314,-2.6354545259637314
110201,2025,0.0,2.6354545259637314,-2.6354545259637314
110202,2021,0.0,1.4363580719854814,-1.4363580719854814
110202,2022,0.0,1.4363580719854814,-1.4363580719854814
110202,2023,0.0,1.4363580719854814,-1.4363580719854814
110202,2024,0.0,1.4363580719854814,-1.4363580719854814
110202,2025,0.0,1.4363580719854814,-1.4363580719854814
110203,2021,7.430573701,1.3770806284501635,6.053493072549837
110203,2022,6.345636361,1.3770806284501635,4.968555732549837
110203,2023,0.0,1.3770806284501635,-1.3770806284501635
110203,2024,0.0,1.3770806284501635,-1.3770806284501635
110203,2025,0.0,1.3770806284501635,-1.3770806284501635
110204,2021,0.0,1.4271231367097363,-1.4271231367097363
110204,2022,0.0,1.4271231367097363,-1.4271231367097363
110204,2023,0.0,1.4271231367097363,-1.4271231367097363
110204,2024,0.0,1.4271231367097363,-1.4271231367097363
110204,2025,0.0,1.4271231367097363,-1.4271231367097363
110205,2021,0.0,1.0849203306214474,-1.0849203306214474
110205,2022,0.0,1.0849203306214474,-1.0849203306214474
110205,2023,0.0,1.0849203306214474,-1.0849203306214474
110205,2024,0.0,1.0849203306214474,-1.0849203306214474
110205,2025,0.0,1.0849203306214474,-1.0849203306214474
110206,2021,5.672077559,2.208385305049674,3.463692253950326
110206,2022,6.317074018,2.208385305049674,4.108688712950325
110206,2023,0.0,2.208385305049674,-2.208385305049674
110206,2024,0.0,2.208385305049674,-2.208385305049674
110206,2025,0.0,2.208385305049674,-2.208385305049674
110207,2021,5.745096656,2.5638413686611994,3.181255287338801
110207,2022,5.668533779,2.5638413686611994,3.1046924103388003
110207,2023,0.0,2.5638413686611994,-2.5638413686611994
110207,2024,0.0,2.5638413686611994,-2.5638413686611994
110207,2025,0.0,2.5638413686611994,-2.5638413686611994
110208,2021,6.529140732,1.241015874766663,5.288124857233337
110208,2022,6.776146848,1.241015874766663,5.535130973233336
110208,2023,0.0,1.241015874766663,-1.241015874766663
110208,2024,0.0,1.241015874766663,-1.241015874766663
110208,2025,0.0,1.241015874766663,-1.241015874766663
110209,2021,7.06491742,0.9990046991578221,6.065912720842178
110209,2022,9.210424118,0.9990046991578221,8.211419418842178
110209,2023,0.0,0.9990046991578221,-0.9990046991578221
110209,2024,0.0,0.9990046991578221,-0.9990046991578221
110209,2025,0.0,0.9990046991578221,-0.9990046991578221
110210,2021,5.756429139,2.500240139724395,3.256188999275605
110210,2022,5.864906712,2.500240139724395,3.364666572275605
110210,2023,0.0,2.500240139724395,-2.500240139724395
110210,2024,0.0,2.500240139724395,-2.500240139724395
110210,2025,0.0,2.500240139724395,-2.500240139724395
110211,2021,0.0,1.6258259526938001,-1.6258259526938001
110211,2022,0.0,1.6258259526938001,-1.6258259526938001
110211,2023,0.0,1.6258259526938001,-1.6258259526938001
110211,2024,0.0,1.6258259526938001,-1.6258259526938001
110211,2025,0.0,1.6258259526938001,-1.6258259526938001
110301,2021,5.678946342,1.7909090271091603,3.8880373148908394
110301,2022,5.415327156,1.7909090271091603,3.6244181288908397
110301,2023,0.0,1.7909090271091603,-1.7909090271091603
110301,2024,0.0,1.7909090271091603,-1.7909090271091603
110301,2025,0.0,1.7909090271091603,-1.7909090271091603
110302,2021,8.804775955,1.2539863200084596,7.55078963499154
110302,2022,8.153751174,1.2539863200084596,6.89976485399154
110302,2023,0.0,1.2539863200084596,-1.2539863200084596
110302,2024,0.0,1.2539863200084596,-1.2539863200084596
110302,2025,0.0,1.2539863200084596,-1.2539863200084596
110303,2021,0.0,1.2315884891394226,-1.2315884891394226
110303,2022,0.0,1.2315884891394226,-1.2315884891394226
110303,2023,0.0,1.2315884891394226,-1.2315884891394226
110303,2024,0.0,1.2315884891394226,-1.2315884891394226
110303,2025,0.0,1.2315884891394226,-1.2315884891394226
110304,2021,0.0,1.0509691716374103,-1.0509691716374103
110304,2022,1.246842288,1.0509691716374103,0.19587311636258975
110304,2023,0.0,1.0509691716374103,-1.0509691716374103
110304,2024,0.0,1.0509691716374103,-1.0509691716374103
110304,2025,0.0,1.0509691716374103,-1.0509691716374103
110305,2021,5.245263171,1.8885580400801871,3.3567051309198135
110305,2022,4.99816919,1.8885580400801871,3.1096111499198127
110305,2023,0.0,1.8885580400801871,-1.8885580400801871
110305,2024,0.0,1.8885580400801871,-1.8885580400801871
110305,2025,0.0,1.8885580400801871,-1.8885580400801871
110401,2021,9.372583277,0.9720577670536863,8.400525509946315
110401,2022,8.281847221,0.9720577670536863,7.309789453946314
110401,2023,0.0,0.9720577670536863,-0.9720577670536863
110401,2024,0.0,0.9720577670536863,-0.9720577670536863
110401,2025,0.0,0.9720577670536863,-0.9720577670536863
110402,2021,8.141806951,1.0942103295949592,7.04759662140504
110402,2022,7.182688935,1.0942103295949592,6.08847860540504
110402,2023,0.0,1.0942103295949592,-1.0942103295949592
110402,2024,0.0,1.0942103295949592,-1.0942103295949592
110402,2025,0.0,1.0942103295949592,-1.0942103295949592
110403,2021,0.0,1.5546496350804087,-1.5546496350804087
110403,2022,0.0,1.5546496350804087,-1.5546496350804087
110403,2023,0.0,1.5546496350804087,-1.5546496350804087
110403,2024,0.0,1.5546496350804087,-1.5546496350804087
110403,2025,0.0,1.5546496350804087,-1.5546496350804087
110404,2021,5.707110265,0.9700294936935113,4.737080771306489
110404,2022,5.589399901,0.9700294936935113,4.619370407306489
110404,2023,0.0,0.9700294936935113,-0.9700294936935113
110404,2024,0.0,0.9700294936935113,-0.9700294936935113
110404,2025,0.0,0.9700294936935113,-0.9700294936935113
110405,2021,0.0,1.1693872516132635,-1.1693872516132635
110405,2022,0.0,1.1693872516132635,-1.1693872516132635
110405,2023,0.0,1.1693872516132635,-1.1693872516132635
110405,2024,0.0,1.1693872516132635,-1.1693872516132635
110405,2025,0.0,1.1693872516132635,-1.1693872516132635
110501,2021,10.36717913,2.4993819421949355,7.867797187805065
110501,2022,8.315228899,2.4993819421949355,5.815846956805064
110501,2023,0.0,2.4993819421949355,-2.4993819421949355
110501,2024,0.0,2.4993819421949355,-2.4993819421949355
110501,2025,0.0,2.4993819421949355,-2.4993819421949355
110502,2021,7.585309293,1.5356237159341874,6.049685577065812
110502,2022,8.222710268,1.5356237159341874,6.6870865520658125
110502,2023,0.0,1.5356237159341874,-1.5356237159341874
110502,2024,0.0,1.5356237159341874,-1.5356237159341874
110502,2025,0.0,1.5356237159341874,-1.5356237159341874
110503,2021,0.0,0.7619575199462398,-0.7619575199462398
110503,2022,0.0,0.7619575199462398,-0.7619575199462398
110503,2023,0.0,0.7619575199462398,-0.7619575199462398
110503,2024,0.0,0.7619575199462398,-0.7619575199462398
110503,2025,0.0,0.7619575199462398,-0.7619575199462398
110504,2021,3.073552052,1.1306517597780539,1.9429002922219463
110504,2022,0.0,1.1306517597780539,-1.1306517597780539
110504,2023,0.0,1.1306517597780539,-1.1306517597780539
110504,2024,0.0,1.1306517597780539,-1.1306517597780539
110504,2025,0.0,1.1306517597780539,-1.1306517597780539
110505,2021,4.603740593,0.4883162485931185,4.115424344406882
110505,2022,2.982192751,0.4883162485931185,2.4938765024068816
110505,2023,0.0,0.4883162485931185,-0.4883162485931185
110505,2024,0.0,0.4883162485931185,-0.4883162485931185
110505,2025,0.0,0.4883162485931185,-0.4883162485931185
110506,2021,5.762315499,1.6348234925097205,4.127492006490279
110506,2022,6.345926575,1.6348234925097205,4.711103082490279
110506,2023,0.0,1.6348234925097205,-1.6348234925097205
110506,2024,0.0,1.6348234925097205,-1.6348234925097205
110506,2025,0.0,1.6348234925097205,-1.6348234925097205
110507,2021,6.75156107,1.7912453081203474,4.960315761879652
110507,2022,6.921808009,1.7912453081203474,5.130562700879652
110507,2023,0.0,1.7912453081203474,-1.7912453081203474
110507,2024,0.0,1.7912453081203474,-1.7912453081203474
110507,2025,0.0,1.7912453081203474,-1.7912453081203474
110508,2021,5.982786316,1.1924501576726003,4.7903361583274
110508,2022,6.409416356,1.1924501576726003,5.2169661983274
110508,2023,0.0,1.1924501576726003,-1.1924501576726003
110508,2024,0.0,1.1924501576726003,-1.1924501576726003
110508,2025,0.0,1.1924501576726003,-1.1924501576726003
120101,2021,10.02112902,3.299134124502768,6.721994895497232
120101,2022,9.538778159,3.299134124502768,6.239644034497232
120101,2023,0.0,3.299134124502768,-3.299134124502768
120101,2024,0.0,3.299134124502768,-3.299134124502768
120101,2025,0.0,3.299134124502768,-3.299134124502768
120104,2021,0.0,1.595961559524457,-1.595961559524457
120104,2024,0.0,1.595961559524457,-1.595961559524457
120104,2025,0.0,1.595961559524457,-1.595961559524457
120105,2021,0.0,0.9164796440073608,-0.9164796440073608
120105,2022,0.0,0.9164796440073608,-0.9164796440073608
120105,2023,0.0,0.9164796440073608,-0.9164796440073608
120105,2024,0.0,0.9164796440073608,-0.9164796440073608
120105,2025,0.0,0.9164796440073608,-0.9164796440073608
120106,2021,0.0,1.179703940830251,-1.179703940830251
120106,2022,0.0,1.179703940830251,-1.179703940830251
120106,2023,0.0,1.179703940830251,-1.179703940830251
120106,2024,0.0,1.179703940830251,-1.179703940830251
120106,2025,0.0,1.179703940830251,-1.179703940830251
120107,2021,6.051208234,2.943553476055683,3.107654757944317
120107,2022,6.334578143,2.943553476055683,3.391024666944317
120107,2023,0.0,2.943553476055683,-2.943553476055683
120107,2024,0.0,2.943553476055683,-2.943553476055683
120107,2025,0.0,2.943553476055683,-2.943553476055683
120108,2021,0.0,0.9972402627633997,-0.9972402627633997
120108,2022,0.0,0.9972402627633997,-0.9972402627633997
120108,2023,0.0,0.9972402627633997,-0.9972402627633997
120108,2024,0.0,0.9972402627633997,-0.9972402627633997
120108,2025,0.0,0.9972402627633997,-0.9972402627633997
120111,2021,5.525452939,1.2725831858451546,4.252869753154846
120111,2022,0.0,1.2725831858451546,-1.2725831858451546
120111,2023,0.0,1.2725831858451546,-1.2725831858451546
120111,2024,0.0,1.2725831858451546,-1.2725831858451546
120111,2025,0.0,1.2725831858451546,-1.2725831858451546
120112,2021,0.0,0.7975907197104231,-0.7975907197104231
120112,2022,0.0,0.7975907197104231,-0.7975907197104231
120112,2023,0.0,0.7975907197104231,-0.7975907197104231
120112,2024,0.0,0.7975907197104231,-0.7975907197104231
120112,2025,0.0,0.7975907197104231,-0.7975907197104231
120113,2021,0.0,1.6963219639586924,-1.6963219639586924
120113,2022,0.0,1.6963219639586924,-1.6963219639586924
120113,2023,0.0,1.6963219639586924,-1.6963219639586924
120113,2024,0.0,1.6963219639586924,-1.6963219639586924
120113,2025,0.0,1.6963219639586924,-1.6963219639586924
120114,2021,7.414707769,3.0554357781584307,4.3592719908415685
120114,2022,7.181499086,3.0554357781584307,4.126063307841569
120114,2023,0.0,3.0554357781584307,-3.0554357781584307
120114,2024,0.0,3.0554357781584307,-3.0554357781584307
120114,2025,0.0,3.0554357781584307,-3.0554357781584307
120116,2021,0.0,1.2425176641454234,-1.2425176641454234
120116,2022,0.0,1.2425176641454234,-1.2425176641454234
120116,2023,0.0,1.2425176641454234,-1.2425176641454234
120116,2024,0.0,1.2425176641454234,-1.2425176641454234
120116,2025,0.0,1.2425176641454234,-1.2425176641454234
120117,2021,5.050178063,1.4346575719958963,3.615520491004103
120117,2022,5.850356391,1.4346575719958963,4.4156988190041035
120117,2023,0.0,1.4346575719958963,-1.4346575719958963
120117,2024,0.0,1.4346575719958963,-1.4346575719958963
120117,2025,0.0,1.4346575719958963,-1.4346575719958963
120119,2021,6.123241699,2.6335184406688525,3.4897232583311477
120119,2022,6.436175725,2.6335184406688525,3.8026572843311475
120119,2023,0.0,2.6335184406688525,-2.6335184406688525
120119,2024,0.0,2.6335184406688525,-2.6335184406688525
120119,2025,0.0,2.6335184406688525,-2.6335184406688525
120120,2021,6.377576927,1.5162694099429708,4.861307517057029
120120,2022,4.356708827,1.5162694099429708,2.8404394170570297
120120,2023,0.0,1.5162694099429708,-1.5162694099429708
120120,2024,0.0,1.5162694099429708,-1.5162694099429708
120120,2025,0.0,1.5162694099429708,-1.5162694099429708
120121,2021,5.282824638,1.9141529051177837,3.368671732882216
120121,2022,5.365250279,1.9141529051177837,3.4510973738822157
120121,2023,0.0,1.9141529051177837,-1.9141529051177837
120121,2024,0.0,1.9141529051177837,-1.9141529051177837
120121,2025,0.0,1.9141529051177837,-1.9141529051177837
120122,2021,0.0,1.397648982446127,-1.397648982446127
120122,2022,0.0,1.397648982446127,-1.397648982446127
120122,2023,0.0,1.397648982446127,-1.397648982446127
120122,2024,0.0,1.397648982446127,-1.397648982446127
120122,2025,0.0,1.397648982446127,-1.397648982446127
120124,2021,4.937461133,1.9957107952427113,2.9417503377572887
120124,2022,5.032948593,1.9957107952427113,3.037237797757289
120124,2023,0.0,1.9957107952427113,-1.9957107952427113
120124,2024,0.0,1.9957107952427113,-1.9957107952427113
120124,2025,0.0,1.9957107952427113,-1.9957107952427113
120125,2021,6.342718574,1.9664565116045971,4.376262062395403
120125,2022,5.513382109,1.9664565116045971,3.5469255973954033
120125,2023,0.0,1.9664565116045971,-1.9664565116045971
120125,2024,0.0,1.9664565116045971,-1.9664565116045971
120125,2025,0.0,1.9664565116045971,-1.9664565116045971
120126,2021,0.0,2.182013549268135,-2.182013549268135
120126,2022,0.0,2.182013549268135,-2.182013549268135
120126,2023,0.0,2.182013549268135,-2.182013549268135
120126,2024,0.0,2.182013549268135,-2.182013549268135
120126,2025,0.0,2.182013549268135,-2.182013549268135
120127,2021,5.442417711,1.1799549876161657,4.262462723383834
120127,2022,3.555348061,1.1799549876161657,2.3753930733838344
120127,2023,0.0,1.1799549876161657,-1.1799549876161657
120127,2024,0.0,1.1799549876161657,-1.1799549876161657
120127,2025,0.0,1.1799549876161657,-1.1799549876161657
120128,2021,2.589924641,1.827541166246978,0.762383474753022
120128,2022,0.0,1.827541166246978,-1.827541166246978
120128,2023,0.0,1.827541166246978,-1.827541166246978
120128,2024,0.0,1.827541166246978,-1.827541166246978
120128,2025,0.0,1.827541166246978,-1.827541166246978
120129,2021,4.775993242,1.7713537207296872,3.004639521270313
120129,2022,5.82014824,1.7713537207296872,4.048794519270313
120129,2023,0.0,1.7713537207296872,-1.7713537207296872
120129,2024,0.0,1.7713537207296872,-1.7713537207296872
120129,2025,0.0,1.7713537207296872,-1.7713537207296872
120130,2021,0.0,1.7203716397156978,-1.7203716397156978
120130,2022,0.0,1.7203716397156978,-1.7203716397156978
120130,2023,0.0,1.7203716397156978,-1.7203716397156978
120130,2024,0.0,1.7203716397156978,-1.7203716397156978
120130,2025,0.0,1.7203716397156978,-1.7203716397156978
120132,2021,2.899866384,1.2576890644177083,1.6421773195822917
120132,2022,2.631353588,1.2576890644177083,1.3736645235822917
120132,2023,0.0,1.2576890644177083,-1.2576890644177083
120132,2024,0.0,1.2576890644177083,-1.2576890644177083
120132,2025,0.0,1.2576890644177083,-1.2576890644177083
120133,2021,6.771829846,2.470032566709603,4.301797279290398
120133,2022,6.647206789,2.470032566709603,4.177174222290397
120133,2023,0.0,2.470032566709603,-2.470032566709603
120133,2024,0.0,2.470032566709603,-2.470032566709603
120133,2025,0.0,2.470032566709603,-2.470032566709603
120134,2021,5.653190689,2.25927452991236,3.3939161590876394
120134,2022,6.513744091,2.25927452991236,4.254469561087641
120134,2023,0.0,2.25927452991236,-2.25927452991236
120134,2024,0.0,2.25927452991236,-2.25927452991236
120134,2025,0.0,2.25927452991236,-2.25927452991236
120135,2021,5.805905196,2.2947144418435577,3.5111907541564427
120135,2022,6.501338105,2.2947144418435577,4.206623663156442
120135,2023,0.0,2.2947144418435577,-2.2947144418435577
120135,2024,0.0,2.2947144418435577,-2.2947144418435577
120135,2025,0.0,2.2947144418435577,-2.2947144418435577
120136,2021,6.908754779,1.4329984059996956,5.475756373000304
120136,2022,10.65704907,1.4329984059996956,9.224050664000304
120136,2023,0.0,1.4329984059996956,-1.4329984059996956
120136,2024,0.0,1.4329984059996956,-1.4329984059996956
120136,2025,0.0,1.4329984059996956,-1.4329984059996956
120201,2021,0.0,2.159805792827579,-2.159805792827579
120201,2022,4.001145248,2.159805792827579,1.8413394551724211
120201,2023,0.0,2.159805792827579,-2.159805792827579
120201,2024,0.0,2.159805792827579,-2.159805792827579
120201,2025,0.0,2.159805792827579,-2.159805792827579
120202,2021,0.0,1.1852867911011504,-1.1852867911011504
120202,2022,0.0,1.1852867911011504,-1.1852867911011504
120202,2023,0.0,1.1852867911011504,-1.1852867911011504
120202,2024,0.0,1.1852867911011504,-1.1852867911011504
120202,2025,0.0,1.1852867911011504,-1.1852867911011504
120203,2021,7.559096184,1.8824207252550484,5.676675458744952
120203,2022,8.379358266,1.8824207252550484,6.496937540744952
120203,2023,0.0,1.8824207252550484,-1.8824207252550484
120203,2024,0.0,1.8824207252550484,-1.8824207252550484
120203,2025,0.0,1.8824207252550484,-1.8824207252550484
120204,2021,6.037321843,2.073415913840554,3.963905929159446
120204,2022,6.17679546,2.073415913840554,4.103379546159446
120204,2023,0.0,2.073415913840554,-2.073415913840554
120204,2024,0.0,2.073415913840554,-2.073415913840554
120204,2025,0.0,2.073415913840554,-2.073415913840554
120205,2021,5.930087689,0.825415661412887,5.104672027587113
120205,2023,0.0,0.825415661412887,-0.825415661412887
120205,2024,0.0,0.825415661412887,-0.825415661412887
120205,2025,0.0,0.825415661412887,-0.825415661412887
120206,2021,6.500613766,1.8253565740926876,4.6752571919073125
120206,2022,7.401485607,1.8253565740926876,5.576129032907312
120206,2023,0.0,1.8253565740926876,-1.8253565740926876
120206,2024,0.0,1.8253565740926876,-1.8253565740926876
120206,2025,0.0,1.8253565740926876,-1.8253565740926876
120207,2021,7.079906243,0.8358348330077623,6.244071409992237
120207,2022,7.032065117,0.8358348330077623,6.196230283992238
120207,2023,0.0,0.8358348330077623,-0.8358348330077623
120207,2024,0.0,0.8358348330077623,-0.8358348330077623
120207,2025,0.0,0.8358348330077623,-0.8358348330077623
120208,2021,0.0,1.2661034059429015,-1.2661034059429015
120208,2022,0.0,1.2661034059429015,-1.2661034059429015
120208,2023,0.0,1.2661034059429015,-1.2661034059429015
120208,2024,0.0,1.2661034059429015,-1.2661034059429015
120208,2025,0.0,1.2661034059429015,-1.2661034059429015
120209,2021,6.265230124,1.3982894251826488,4.866940698817352
120209,2022,8.287444541,1.3982894251826488,6.889155115817351
120209,2023,0.0,1.3982894251826488,-1.3982894251826488
120209,2024,0.0,1.3982894251826488,-1.3982894251826488
120209,2025,0.0,1.3982894251826488,-1.3982894251826488
120210,2021,0.0,1.5299893515669198,-1.5299893515669198
120210,2022,4.047427642,1.5299893515669198,2.5174382904330797
120210,2023,0.0,1.5299893515669198,-1.5299893515669198
120210,2024,0.0,1.5299893515669198,-1.5299893515669198
120210,2025,0.0,1.5299893515669198,-1.5299893515669198
120211,2021,2.302585093,1.222766928661792,1.0798181643382079
120211,2022,3.003395146,1.222766928661792,1.780628217338208
120211,2023,0.0,1.222766928661792,-1.222766928661792
120211,2024,0.0,1.222766928661792,-1.222766928661792
120211,2025,0.0,1.222766928661792,-1.222766928661792
120212,2021,4.047100078,1.1955328688798297,2.8515672091201703
120212,2022,4.779081475,1.1955328688798297,3.5835486061201705
120212,2023,0.0,1.1955328688798297,-1.1955328688798297
120212,2024,0.0,1.1955328688798297,-1.1955328688798297
120212,2025,0.0,1.1955328688798297,-1.1955328688798297
120213,2021,3.103536609,1.7522314967846515,1.3513051122153483
120213,2022,4.992000984,1.7522314967846515,3.239769487215348
120213,2023,0.0,1.7522314967846515,-1.7522314967846515
120213,2024,0.0,1.7522314967846515,-1.7522314967846515
120213,2025,0.0,1.7522314967846515,-1.7522314967846515
120214,2021,3.647981974,2.0747234122981975,1.5732585617018024
120214,2022,3.918667548,2.0747234122981975,1.8439441357018027
120214,2023,0.0,2.0747234122981975,-2.0747234122981975
120214,2024,0.0,2.0747234122981975,-2.0747234122981975
120214,2025,0.0,2.0747234122981975,-2.0747234122981975
120215,2021,0.0,0.9201474955160523,-0.9201474955160523
120215,2022,0.0,0.9201474955160523,-0.9201474955160523
120215,2023,0.0,0.9201474955160523,-0.9201474955160523
120215,2024,0.0,0.9201474955160523,-0.9201474955160523
120215,2025,0.0,0.9201474955160523,-0.9201474955160523
120301,2021,8.885793421,2.2769226193861325,6.608870801613868
120301,2022,8.498812847,2.2769226193861325,6.2218902276138675
120301,2023,0.0,2.2769226193861325,-2.2769226193861325
120301,2024,0.0,2.2769226193861325,-2.2769226193861325
120301,2025,0.0,2.2769226193861325,-2.2769226193861325
120302,2021,7.413757139,3.1347926770062275,4.278964461993773
120302,2022,7.283545083,3.1347926770062275,4.148752405993772
120302,2023,0.0,3.1347926770062275,-3.1347926770062275
120302,2024,0.0,3.1347926770062275,-3.1347926770062275
120302,2025,0.0,3.1347926770062275,-3.1347926770062275
120303,2021,7.302381296,2.204016677146374,5.098364618853626
120303,2022,6.155831886,2.204016677146374,3.951815208853626
120303,2023,0.0,2.204016677146374,-2.204016677146374
120303,2024,0.0,2.204016677146374,-2.204016677146374
120303,2025,0.0,2.204016677146374,-2.204016677146374
120304,2021,0.0,1.6071179400955105,-1.6071179400955105
120304,2022,4.665918639,1.6071179400955105,3.0588006989044896
120304,2023,0.0,1.6071179400955105,-1.6071179400955105
120304,2024,0.0,1.6071179400955105,-1.6071179400955105
120304,2025,0.0,1.6071179400955105,-1.6071179400955105
120305,2021,4.856664778,2.4793525321462226,2.377312245853777
120305,2022,5.500609222,2.4793525321462226,3.021256689853777
120305,2023,0.0,2.4793525321462226,-2.4793525321462226
120305,2024,0.0,2.4793525321462226,-2.4793525321462226
120305,2025,0.0,2.4793525321462226,-2.4793525321462226
120306,2021,5.83620118,1.7270058400301023,4.109195339969897
120306,2022,5.67052281,1.7270058400301023,3.943516969969897
120306,2023,0.0,1.7270058400301023,-1.7270058400301023
120306,2024,0.0,1.7270058400301023,-1.7270058400301023
120306,2025,0.0,1.7270058400301023,-1.7270058400301023
120401,2021,10.57285586,2.1217439100921,8.4511119499079
120401,2022,8.912291529,2.1217439100921,6.790547618907901
120401,2023,0.0,2.1217439100921,-2.1217439100921
120401,2024,0.0,2.1217439100921,-2.1217439100921
120401,2025,0.0,2.1217439100921,-2.1217439100921
120402,2021,0.0,2.2332824456247415,-2.2332824456247415
120402,2022,0.0,2.2332824456247415,-2.2332824456247415
120402,2023,0.0,2.2332824456247415,-2.2332824456247415
120402,2024,0.0,2.2332824456247415,-2.2332824456247415
120402,2025,0.0,2.2332824456247415,-2.2332824456247415
120403,2021,0.0,1.8371306834674528,-1.8371306834674528
120403,2022,0.0,1.8371306834674528,-1.8371306834674528
120403,2023,0.0,1.8371306834674528,-1.8371306834674528
120403,2024,0.0,1.8371306834674528,-1.8371306834674528
120403,2025,0.0,1.8371306834674528,-1.8371306834674528
120404,2021,0.0,1.0067489082610008,-1.0067489082610008
120404,2022,0.0,1.0067489082610008,-1.0067489082610008
120404,2023,0.0,1.0067489082610008,-1.0067489082610008
120404,2024,0.0,1.0067489082610008,-1.0067489082610008
120404,2025,0.0,1.0067489082610008,-1.0067489082610008
120405,2021,0.0,1.437868606372378,-1.437868606372378
120405,2022,0.0,1.437868606372378,-1.437868606372378
120405,2023,0.0,1.437868606372378,-1.437868606372378
120405,2024,0.0,1.437868606372378,-1.437868606372378
120405,2025,0.0,1.437868606372378,-1.437868606372378
120406,2021,6.12249281,1.1398356794608515,4.982657130539148
120406,2022,6.077412859,1.1398356794608515,4.937577179539148
120406,2023,0.0,1.1398356794608515,-1.1398356794608515
120406,2024,0.0,1.1398356794608515,-1.1398356794608515
120406,2025,0.0,1.1398356794608515,-1.1398356794608515
120407,2021,0.0,0.9696229694408873,-0.9696229694408873
120407,2022,0.0,0.9696229694408873,-0.9696229694408873
120407,2023,0.0,0.9696229694408873,-0.9696229694408873
120407,2024,0.0,0.9696229694408873,-0.9696229694408873
120407,2025,0.0,0.9696229694408873,-0.9696229694408873
120408,2021,0.0,0.7490034881952992,-0.7490034881952992
120408,2022,0.0,0.7490034881952992,-0.7490034881952992
120408,2023,0.0,0.7490034881952992,-0.7490034881952992
120408,2024,0.0,0.7490034881952992,-0.7490034881952992
120408,2025,0.0,0.7490034881952992,-0.7490034881952992
120409,2021,0.0,1.0140782827239891,-1.0140782827239891
120409,2022,0.0,1.0140782827239891,-1.0140782827239891
120409,2023,0.0,1.0140782827239891,-1.0140782827239891
120409,2024,0.0,1.0140782827239891,-1.0140782827239891
120409,2025,0.0,1.0140782827239891,-1.0140782827239891
120410,2021,0.0,1.2386332229958485,-1.2386332229958485
120410,2022,0.0,1.2386332229958485,-1.2386332229958485
120410,2023,0.0,1.2386332229958485,-1.2386332229958485
120410,2024,0.0,1.2386332229958485,-1.2386332229958485
120410,2025,0.0,1.2386332229958485,-1.2386332229958485
120411,2021,7.072421901,0.9669351155108097,6.105486785489191
120411,2022,6.888232612,0.9669351155108097,5.92129749648919
120411,2023,0.0,0.9669351155108097,-0.9669351155108097
120411,2024,0.0,0.9669351155108097,-0.9669351155108097
120411,2025,0.0,0.9669351155108097,-0.9669351155108097
120412,2021,0.0,1.0442035891796035,-1.0442035891796035
120412,2022,0.0,1.0442035891796035,-1.0442035891796035
120412,2023,0.0,1.0442035891796035,-1.0442035891796035
120412,2024,0.0,1.0442035891796035,-1.0442035891796035
120412,2025,0.0,1.0442035891796035,-1.0442035891796035
120413,2021,5.773271955,0.8320270280094022,4.941244926990598
120413,2022,6.534515318,0.8320270280094022,5.702488289990598
120413,2023,0.0,0.8320270280094022,-0.8320270280094022
120413,2024,0.0,0.8320270280094022,-0.8320270280094022
120413,2025,0.0,0.8320270280094022,-0.8320270280094022
120414,2021,0.0,0.8380099464535576,-0.8380099464535576
120414,2022,0.0,0.8380099464535576,-0.8380099464535576
120414,2023,0.0,0.8380099464535576,-0.8380099464535576
120414,2024,0.0,0.8380099464535576,-0.8380099464535576
120414,2025,0.0,0.8380099464535576,-0.8380099464535576
120415,2021,0.0,1.0354971241736328,-1.0354971241736328
120415,2022,0.0,1.0354971241736328,-1.0354971241736328
120415,2023,0.0,1.0354971241736328,-1.0354971241736328
120415,2024,0.0,1.0354971241736328,-1.0354971241736328
120415,2025,0.0,1.0354971241736328,-1.0354971241736328
120416,2021,0.0,1.0097139903584433,-1.0097139903584433
120416,2022,0.0,1.0097139903584433,-1.0097139903584433
120416,2023,0.0,1.0097139903584433,-1.0097139903584433
120416,2024,0.0,1.0097139903584433,-1.0097139903584433
120416,2025,0.0,1.0097139903584433,-1.0097139903584433
120417,2021,6.176560031,1.055927850041081,5.1206321809589195
120417,2022,7.521426258,1.055927850041081,6.465498407958919
120417,2023,0.0,1.055927850041081,-1.055927850041081
120417,2024,0.0,1.055927850041081,-1.055927850041081
120417,2025,0.0,1.055927850041081,-1.055927850041081
120418,2021,0.0,1.678908557594872,-1.678908557594872
120418,2022,0.0,1.678908557594872,-1.678908557594872
120418,2023,0.0,1.678908557594872,-1.678908557594872
120418,2024,0.0,1.678908557594872,-1.678908557594872
120418,2025,0.0,1.678908557594872,-1.678908557594872
120419,2021,5.54406075,2.1508477409072864,3.3932130090927135
120419,2022,6.280797043,2.1508477409072864,4.129949302092713
120419,2023,0.0,2.1508477409072864,-2.1508477409072864
120419,2024,0.0,2.1508477409072864,-2.1508477409072864
120419,2025,0.0,2.1508477409072864,-2.1508477409072864
120420,2021,5.610057704,1.1001071607518693,4.509950543248131
120420,2022,6.311734809,1.1001071607518693,5.211627648248131
120420,2023,0.0,1.1001071607518693,-1.1001071607518693
120420,2024,0.0,1.1001071607518693,-1.1001071607518693
120420,2025,0.0,1.1001071607518693,-1.1001071607518693
120421,2021,0.0,1.3001216916171825,-1.3001216916171825
120421,2022,0.0,1.3001216916171825,-1.3001216916171825
120421,2023,0.0,1.3001216916171825,-1.3001216916171825
120421,2024,0.0,1.3001216916171825,-1.3001216916171825
120421,2025,0.0,1.3001216916171825,-1.3001216916171825
120422,2021,7.39387829,1.5313424013232741,5.862535888676726
120422,2022,0.0,1.5313424013232741,-1.5313424013232741
120422,2023,0.0,1.5313424013232741,-1.5313424013232741
120422,2024,0.0,1.5313424013232741,-1.5313424013232741
120422,2025,0.0,1.5313424013232741,-1.5313424013232741
120423,2021,5.331337578,1.306184921592057,4.025152656407943
120423,2022,5.726304712,1.306184921592057,4.420119790407943
120423,2023,0.0,1.306184921592057,-1.306184921592057
120423,2024,0.0,1.306184921592057,-1.306184921592057
120423,2025,0.0,1.306184921592057,-1.306184921592057
120424,2021,7.993936623,0.9704139814365567,7.023522641563443
120424,2022,5.064965639,0.9704139814365567,4.094551657563444
120424,2023,0.0,0.9704139814365567,-0.9704139814365567
120424,2024,0.0,0.9704139814365567,-0.9704139814365567
120424,2025,0.0,0.9704139814365567,-0.9704139814365567
120425,2021,0.0,0.9593985793271375,-0.9593985793271375
120425,2022,0.0,0.9593985793271375,-0.9593985793271375
120425,2023,0.0,0.9593985793271375,-0.9593985793271375
120425,2024,0.0,0.9593985793271375,-0.9593985793271375
120425,2025,0.0,0.9593985793271375,-0.9593985793271375
120426,2021,0.0,1.2696543955515631,-1.2696543955515631
120426,2022,0.0,1.2696543955515631,-1.2696543955515631
120426,2023,0.0,1.2696543955515631,-1.2696543955515631
120426,2024,0.0,1.2696543955515631,-1.2696543955515631
120426,2025,0.0,1.2696543955515631,-1.2696543955515631
120427,2021,0.0,1.4321894270117648,-1.4321894270117648
120427,2022,0.0,1.4321894270117648,-1.4321894270117648
120427,2023,0.0,1.4321894270117648,-1.4321894270117648
120427,2024,0.0,1.4321894270117648,-1.4321894270117648
120427,2025,0.0,1.4321894270117648,-1.4321894270117648
120428,2021,0.0,1.2420243341146928,-1.2420243341146928
120428,2022,0.0,1.2420243341146928,-1.2420243341146928
120428,2023,0.0,1.2420243341146928,-1.2420243341146928
120428,2024,0.0,1.2420243341146928,-1.2420243341146928
120428,2025,0.0,1.2420243341146928,-1.2420243341146928
120429,2021,0.0,1.039280410232063,-1.039280410232063
120429,2022,0.0,1.039280410232063,-1.039280410232063
120429,2023,0.0,1.039280410232063,-1.039280410232063
120429,2024,0.0,1.039280410232063,-1.039280410232063
120429,2025,0.0,1.039280410232063,-1.039280410232063
120430,2021,5.12622333,1.3370417830486805,3.78918154695132
120430,2022,6.254663628,1.3370417830486805,4.91762184495132
120430,2023,0.0,1.3370417830486805,-1.3370417830486805
120430,2024,0.0,1.3370417830486805,-1.3370417830486805
120430,2025,0.0,1.3370417830486805,-1.3370417830486805
120431,2021,0.0,2.196506206240353,-2.196506206240353
120431,2022,0.0,2.196506206240353,-2.196506206240353
120431,2023,0.0,2.196506206240353,-2.196506206240353
120431,2024,0.0,2.196506206240353,-2.196506206240353
120431,2025,0.0,2.196506206240353,-2.196506206240353
120432,2021,0.0,1.045347045353566,-1.045347045353566
120432,2022,0.0,1.045347045353566,-1.045347045353566
120432,2023,0.0,1.045347045353566,-1.045347045353566
120432,2024,0.0,1.045347045353566,-1.045347045353566
120432,2025,0.0,1.045347045353566,-1.045347045353566
120433,2021,0.0,1.068618515825727,-1.068618515825727
120433,2022,0.0,1.068618515825727,-1.068618515825727
120433,2023,0.0,1.068618515825727,-1.068618515825727
120433,2024,0.0,1.068618515825727,-1.068618515825727
120433,2025,0.0,1.068618515825727,-1.068618515825727
120434,2021,6.046966828,1.4885360253103117,4.5584308026896885
120434,2022,5.353146071,1.4885360253103117,3.8646100456896884
120434,2023,0.0,1.4885360253103117,-1.4885360253103117
120434,2024,0.0,1.4885360253103117,-1.4885360253103117
120434,2025,0.0,1.4885360253103117,-1.4885360253103117
120501,2021,9.578561507,1.4684162388339546,8.110145268166045
120501,2022,8.774062741,1.4684162388339546,7.305646502166045
120501,2023,0.0,1.4684162388339546,-1.4684162388339546
120501,2024,0.0,1.4684162388339546,-1.4684162388339546
120501,2025,0.0,1.4684162388339546,-1.4684162388339546
120502,2021,3.969192207,1.5885755269745954,2.3806166800254047
120502,2022,2.700615223,1.5885755269745954,1.1120396960254044
120502,2023,0.0,1.5885755269745954,-1.5885755269745954
120502,2024,0.0,1.5885755269745954,-1.5885755269745954
120502,2025,0.0,1.5885755269745954,-1.5885755269745954
120503,2021,0.0,1.5458214553927785,-1.5458214553927785
120503,2022,0.0,1.5458214553927785,-1.5458214553927785
120503,2023,0.0,1.5458214553927785,-1.5458214553927785
120503,2024,0.0,1.5458214553927785,-1.5458214553927785
120503,2025,0.0,1.5458214553927785,-1.5458214553927785
120504,2021,5.236300486,2.090823317909662,3.145477168090338
120504,2022,5.528590372,2.090823317909662,3.437767054090338
120504,2023,0.0,2.090823317909662,-2.090823317909662
120504,2024,0.0,2.090823317909662,-2.090823317909662
120504,2025,0.0,2.090823317909662,-2.090823317909662
120601,2021,8.128256697,2.641919075731129,5.48633762126887
120601,2022,6.05336617,2.641919075731129,3.4114470942688713
120601,2023,0.0,2.641919075731129,-2.641919075731129
120601,2024,0.0,2.641919075731129,-2.641919075731129
120601,2025,0.0,2.641919075731129,-2.641919075731129
120602,2021,6.561554547,1.2575651805969144,5.303989366403085
120602,2022,5.177640998,1.2575651805969144,3.920075817403086
120602,2023,0.0,1.2575651805969144,-1.2575651805969144
120602,2024,0.0,1.2575651805969144,-1.2575651805969144
120602,2025,0.0,1.2575651805969144,-1.2575651805969144
120603,2021,4.4524344,2.318893901835611,2.1335404981643884
120603,2022,5.0640138,2.318893901835611,2.7451198981643885
120603,2023,0.0,2.318893901835611,-2.318893901835611
120603,2024,0.0,2.318893901835611,-2.318893901835611
120603,2025,0.0,2.318893901835611,-2.318893901835611
120604,2021,3.578117872,2.1889521478095606,1.3891657241904394
120604,2022,4.493084478,2.1889521478095606,2.3041323301904395
120604,2023,0.0,2.1889521478095606,-2.1889521478095606
120604,2024,0.0,2.1889521478095606,-2.1889521478095606
120604,2025,0.0,2.1889521478095606,-2.1889521478095606
120605,2021,4.477505567,2.1446252441894718,2.332880322810528
120605,2022,4.74260107,2.1446252441894718,2.5979758258105283
120605,2023,0.0,2.1446252441894718,-2.1446252441894718
120605,2024,0.0,2.1446252441894718,-2.1446252441894718
120605,2025,0.0,2.1446252441894718,-2.1446252441894718
120606,2021,7.411622843,2.8960648376676295,4.5155580053323705
120606,2022,6.655060051,2.8960648376676295,3.758995213332371
120606,2023,0.0,2.8960648376676295,-2.8960648376676295
120606,2024,0.0,2.8960648376676295,-2.8960648376676295
120606,2025,0.0,2.8960648376676295,-2.8960648376676295
120607,2021,5.564644754,1.7541583285649642,3.8104864254350357
120607,2022,5.716583399,1.7541583285649642,3.962425070435036
120607,2023,0.0,1.7541583285649642,-1.7541583285649642
120607,2024,0.0,1.7541583285649642,-1.7541583285649642
120607,2025,0.0,1.7541583285649642,-1.7541583285649642
120608,2021,6.142055805,2.4129985375695187,3.7290572674304814
120608,2022,5.546394197,2.4129985375695187,3.133395659430481
120608,2023,0.0,2.4129985375695187,-2.4129985375695187
120608,2024,0.0,2.4129985375695187,-2.4129985375695187
120608,2025,0.0,2.4129985375695187,-2.4129985375695187
120609,2021,6.184303177,1.6953329297956312,4.488970247204369
120609,2022,6.781093416,1.6953329297956312,5.085760486204369
120609,2023,0.0,1.6953329297956312,-1.6953329297956312
120609,2024,0.0,1.6953329297956312,-1.6953329297956312
120609,2025,0.0,1.6953329297956312,-1.6953329297956312
120701,2021,9.558392655,2.85725577108232,6.70113688391768
120701,2022,8.624920271,2.85725577108232,5.7676644999176805
120701,2023,0.0,2.85725577108232,-2.85725577108232
120701,2024,0.0,2.85725577108232,-2.85725577108232
120701,2025,0.0,2.85725577108232,-2.85725577108232
120702,2021,0.0,2.1761259234282933,-2.1761259234282933
120702,2022,0.0,2.1761259234282933,-2.1761259234282933
120702,2023,0.0,2.1761259234282933,-2.1761259234282933
120702,2024,0.0,2.1761259234282933,-2.1761259234282933
120702,2025,0.0,2.1761259234282933,-2.1761259234282933
120703,2021,7.63775213,1.379262583666059,6.258489546333941
120703,2022,4.615120517,1.379262583666059,3.235857933333941
120703,2023,0.0,1.379262583666059,-1.379262583666059
120703,2024,0.0,1.379262583666059,-1.379262583666059
120703,2025,0.0,1.379262583666059,-1.379262583666059
120704,2021,2.733540408,2.2255280408709424,0.5080123671290577
120704,2022,3.056815156,2.2255280408709424,0.8312871151290575
120704,2023,0.0,2.2255280408709424,-2.2255280408709424
120704,2024,0.0,2.2255280408709424,-2.2255280408709424
120704,2025,0.0,2.2255280408709424,-2.2255280408709424
120705,2021,4.319486116,1.9692231618651608,2.3502629541348394
120705,2022,4.365260654,1.9692231618651608,2.3960374921348393
120705,2023,0.0,1.9692231618651608,-1.9692231618651608
120705,2024,0.0,1.9692231618651608,-1.9692231618651608
120705,2025,0.0,1.9692231618651608,-1.9692231618651608
120706,2021,3.740313512,2.2260629737024282,1.514250538297572
120706,2022,4.256508444,2.2260629737024282,2.0304454702975714
120706,2023,0.0,2.2260629737024282,-2.2260629737024282
120706,2024,0.0,2.2260629737024282,-2.2260629737024282
120706,2025,0.0,2.2260629737024282,-2.2260629737024282
120707,2021,7.208583419,2.043751808563699,5.164831610436301
120707,2022,6.995380835,2.043751808563699,4.951629026436301
120707,2023,0.0,2.043751808563699,-2.043751808563699
120707,2024,0.0,2.043751808563699,-2.043751808563699
120707,2025,0.0,2.043751808563699,-2.043751808563699
120708,2021,4.146304301,1.498682176005247,2.647622124994753
120708,2022,0.0,1.498682176005247,-1.498682176005247
120708,2023,0.0,1.498682176005247,-1.498682176005247
120708,2024,0.0,1.498682176005247,-1.498682176005247
120708,2025,0.0,1.498682176005247,-1.498682176005247
120709,2021,6.831902195,2.2238363289556515,4.608065866044348
120709,2022,7.147513078,2.2238363289556515,4.923676749044349
120709,2023,0.0,2.2238363289556515,-2.2238363289556515
120709,2024,0.0,2.2238363289556515,-2.2238363289556515
120709,2025,0.0,2.2238363289556515,-2.2238363289556515
120801,2021,5.288361135,1.9812417853967288,3.307119349603271
120801,2022,5.756401685,1.9812417853967288,3.7751598996032714
120801,2023,0.0,1.9812417853967288,-1.9812417853967288
120801,2024,0.0,1.9812417853967288,-1.9812417853967288
120801,2025,0.0,1.9812417853967288,-1.9812417853967288
120802,2021,5.805887698,1.06461280490394,4.74127489309606
120802,2022,0.0,1.06461280490394,-1.06461280490394
120802,2023,0.0,1.06461280490394,-1.06461280490394
120802,2024,0.0,1.06461280490394,-1.06461280490394
120802,2025,0.0,1.06461280490394,-1.06461280490394
120803,2021,0.0,1.1347156839894348,-1.1347156839894348
120803,2022,0.0,1.1347156839894348,-1.1347156839894348
120803,2023,0.0,1.1347156839894348,-1.1347156839894348
120803,2024,0.0,1.1347156839894348,-1.1347156839894348
120803,2025,0.0,1.1347156839894348,-1.1347156839894348
120804,2021,0.0,0.8596078201786285,-0.8596078201786285
120804,2022,0.0,0.8596078201786285,-0.8596078201786285
120804,2023,0.0,0.8596078201786285,-0.8596078201786285
120804,2024,0.0,0.8596078201786285,-0.8596078201786285
120804,2025,0.0,0.8596078201786285,-0.8596078201786285
120805,2021,7.412977821,1.2897046532437602,6.12327316775624
120805,2022,8.787183728,1.2897046532437602,7.4974790747562405
120805,2023,0.0,1.2897046532437602,-1.2897046532437602
120805,2024,0.0,1.2897046532437602,-1.2897046532437602
120805,2025,0.0,1.2897046532437602,-1.2897046532437602
120806,2021,0.0,1.3539880328232812,-1.3539880328232812
120806,2022,0.0,1.3539880328232812,-1.3539880328232812
120806,2023,0.0,1.3539880328232812,-1.3539880328232812
120806,2024,0.0,1.3539880328232812,-1.3539880328232812
120806,2025,0.0,1.3539880328232812,-1.3539880328232812
120807,2021,0.0,1.0859327580961486,-1.0859327580961486
120807,2022,0.0,1.0859327580961486,-1.0859327580961486
120807,2023,0.0,1.0859327580961486,-1.0859327580961486
120807,2024,0.0,1.0859327580961486,-1.0859327580961486
120807,2025,0.0,1.0859327580961486,-1.0859327580961486
120808,2021,5.114465227,1.8338148634029259,3.2806503635970743
120808,2022,5.264601474,1.8338148634029259,3.430786610597074
120808,2023,0.0,1.8338148634029259,-1.8338148634029259
120808,2024,0.0,1.8338148634029259,-1.8338148634029259
120808,2025,0.0,1.8338148634029259,-1.8338148634029259
120809,2021,0.0,1.487875326061646,-1.487875326061646
120809,2022,0.0,1.487875326061646,-1.487875326061646
120809,2023,0.0,1.487875326061646,-1.487875326061646
120809,2024,0.0,1.487875326061646,-1.487875326061646
120809,2025,0.0,1.487875326061646,-1.487875326061646
120810,2021,0.0,1.420701770054676,-1.420701770054676
120810,2022,9.323524867,1.420701770054676,7.9028230969453235
120810,2023,0.0,1.420701770054676,-1.420701770054676
120810,2024,0.0,1.420701770054676,-1.420701770054676
120810,2025,0.0,1.420701770054676,-1.420701770054676
120901,2021,9.287213551,2.51727425612413,6.76993929487587
120901,2022,7.813321014,2.51727425612413,5.296046757875869
120901,2023,0.0,2.51727425612413,-2.51727425612413
120901,2024,0.0,2.51727425612413,-2.51727425612413
120901,2025,0.0,2.51727425612413,-2.51727425612413
120902,2021,0.0,1.737473710945114,-1.737473710945114
120902,2022,0.0,1.737473710945114,-1.737473710945114
120902,2023,0.0,1.737473710945114,-1.737473710945114
120902,2024,0.0,1.737473710945114,-1.737473710945114
120902,2025,0.0,1.737473710945114,-1.737473710945114
120903,2021,0.0,1.6840485426767158,-1.6840485426767158
120903,2022,0.0,1.6840485426767158,-1.6840485426767158
120903,2023,0.0,1.6840485426767158,-1.6840485426767158
120903,2024,0.0,1.6840485426767158,-1.6840485426767158
120903,2025,0.0,1.6840485426767158,-1.6840485426767158
120904,2021,6.599004067,1.5151515303502172,5.083852536649783
120904,2022,8.614047984,1.5151515303502172,7.098896453649783
120904,2023,0.0,1.5151515303502172,-1.5151515303502172
120904,2024,0.0,1.5151515303502172,-1.5151515303502172
120904,2025,0.0,1.5151515303502172,-1.5151515303502172
120905,2021,0.0,2.098816065027925,-2.098816065027925
120905,2022,0.0,2.098816065027925,-2.098816065027925
120905,2023,0.0,2.098816065027925,-2.098816065027925
120905,2024,0.0,2.098816065027925,-2.098816065027925
120905,2025,0.0,2.098816065027925,-2.098816065027925
120906,2021,8.046711828,1.3089354764948695,6.73777635150513
120906,2022,5.350137483,1.3089354764948695,4.041202006505131
120906,2023,0.0,1.3089354764948695,-1.3089354764948695
120906,2024,0.0,1.3089354764948695,-1.3089354764948695
120906,2025,0.0,1.3089354764948695,-1.3089354764948695
120907,2021,0.0,2.1825790950238324,-2.1825790950238324
120907,2022,0.0,2.1825790950238324,-2.1825790950238324
120907,2023,0.0,2.1825790950238324,-2.1825790950238324
120907,2024,0.0,2.1825790950238324,-2.1825790950238324
120907,2025,0.0,2.1825790950238324,-2.1825790950238324
120908,2021,0.0,1.4117887193058882,-1.4117887193058882
120908,2022,0.0,1.4117887193058882,-1.4117887193058882
120908,2023,0.0,1.4117887193058882,-1.4117887193058882
120908,2024,0.0,1.4117887193058882,-1.4117887193058882
120908,2025,0.0,1.4117887193058882,-1.4117887193058882
120909,2021,6.061770658,1.399755212254222,4.662015445745778
120909,2022,5.230178168,1.399755212254222,3.830422955745778
120909,2023,0.0,1.399755212254222,-1.399755212254222
120909,2024,0.0,1.399755212254222,-1.399755212254222
120909,2025,0.0,1.399755212254222,-1.399755212254222
130101,2021,10.40107737,2.5459151609140505,7.8551622090859485
130101,2022,8.595718263,2.5459151609140505,6.049803102085949
130101,2023,0.0,2.5459151609140505,-2.5459151609140505
130101,2024,0.0,2.5459151609140505,-2.5459151609140505
130101,2025,0.0,2.5459151609140505,-2.5459151609140505
130102,2021,5.000861824,2.512369297198939,2.4884925268010614
130102,2022,5.393075064,2.512369297198939,2.8807057668010607
130102,2023,0.0,2.512369297198939,-2.512369297198939
130102,2024,0.0,2.512369297198939,-2.512369297198939
130102,2025,0.0,2.512369297198939,-2.512369297198939
130103,2021,6.281956821,2.394450348044353,3.8875064729556468
130103,2022,6.364026778,2.394450348044353,3.9695764299556475
130103,2023,0.0,2.394450348044353,-2.394450348044353
130103,2024,0.0,2.394450348044353,-2.394450348044353
130103,2025,0.0,2.394450348044353,-2.394450348044353
130104,2021,5.557150321,2.908667252257243,2.648483068742757
130104,2022,5.06190366,2.908667252257243,2.1532364077427566
130104,2023,0.0,2.908667252257243,-2.908667252257243
130104,2024,0.0,2.908667252257243,-2.908667252257243
130104,2025,0.0,2.908667252257243,-2.908667252257243
130105,2021,5.666478889,2.2738889471962205,3.39258994180378
130105,2022,5.747407096,2.2738889471962205,3.4735181488037794
130105,2023,0.0,2.2738889471962205,-2.2738889471962205
130105,2024,0.0,2.2738889471962205,-2.2738889471962205
130105,2025,0.0,2.2738889471962205,-2.2738889471962205
130106,2021,5.766469595,2.2175595852719083,3.548910009728092
130106,2022,4.968002193,2.2175595852719083,2.750442607728092
130106,2023,0.0,2.2175595852719083,-2.2175595852719083
130106,2024,0.0,2.2175595852719083,-2.2175595852719083
130106,2025,0.0,2.2175595852719083,-2.2175595852719083
130107,2021,4.994491943,2.245757992518646,2.7487339504813537
130107,2022,4.969465188,2.245757992518646,2.723707195481354
130107,2023,0.0,2.245757992518646,-2.245757992518646
130107,2024,0.0,2.245757992518646,-2.245757992518646
130107,2025,0.0,2.245757992518646,-2.245757992518646
130108,2021,6.809284554,0.7874556853280663,6.021828868671934
130108,2022,5.54322241,0.7874556853280663,4.755766724671934
130108,2023,0.0,0.7874556853280663,-0.7874556853280663
130108,2024,0.0,0.7874556853280663,-0.7874556853280663
130108,2025,0.0,0.7874556853280663,-0.7874556853280663
130109,2021,6.392989216,1.1604974622144208,5.232491753785579
130109,2022,6.36896524,1.1604974622144208,5.208467777785579
130109,2023,0.0,1.1604974622144208,-1.1604974622144208
130109,2024,0.0,1.1604974622144208,-1.1604974622144208
130109,2025,0.0,1.1604974622144208,-1.1604974622144208
130110,2021,7.683500604,1.2362559911070987,6.447244612892901
130110,2022,7.134592002,1.2362559911070987,5.898336010892901
130110,2023,0.0,1.2362559911070987,-1.2362559911070987
130110,2024,0.0,1.2362559911070987,-1.2362559911070987
130110,2025,0.0,1.2362559911070987,-1.2362559911070987
130111,2021,6.951138863,2.5934897166944473,4.357649146305553
130111,2022,5.856605566,2.5934897166944473,3.2631158493055525
130111,2023,0.0,2.5934897166944473,-2.5934897166944473
130111,2024,0.0,2.5934897166944473,-2.5934897166944473
130111,2025,0.0,2.5934897166944473,-2.5934897166944473
130201,2021,11.59952461,0.947529687073275,10.651994922926725
130201,2022,9.296363532,0.947529687073275,8.348833844926727
130201,2023,0.0,0.947529687073275,-0.947529687073275
130201,2024,0.0,0.947529687073275,-0.947529687073275
130201,2025,0.0,0.947529687073275,-0.947529687073275
130202,2021,3.475927567,0.8232153045865631,2.652712262413437
130202,2022,2.298020234,0.8232153045865631,1.4748049294134369
130202,2023,0.0,0.8232153045865631,-0.8232153045865631
130202,2024,0.0,0.8232153045865631,-0.8232153045865631
130202,2025,0.0,0.8232153045865631,-0.8232153045865631
130203,2021,4.658018451,1.1597753466413634,3.498243104358637
130203,2022,4.763668544,1.1597753466413634,3.6038931973586363
130203,2023,0.0,1.1597753466413634,-1.1597753466413634
130203,2024,0.0,1.1597753466413634,-1.1597753466413634
130203,2025,0.0,1.1597753466413634,-1.1597753466413634
130204,2021,0.0,0.7698079640456582,-0.7698079640456582
130204,2022,0.0,0.7698079640456582,-0.7698079640456582
130204,2023,0.0,0.7698079640456582,-0.7698079640456582
130204,2024,0.0,0.7698079640456582,-0.7698079640456582
130204,2025,0.0,0.7698079640456582,-0.7698079640456582
130205,2021,5.529737213,2.0933357675472495,3.4364014454527503
130205,2022,5.890368264,2.0933357675472495,3.7970324964527506
130205,2023,0.0,2.0933357675472495,-2.0933357675472495
130205,2024,0.0,2.0933357675472495,-2.0933357675472495
130205,2025,0.0,2.0933357675472495,-2.0933357675472495
130206,2021,0.0,0.5398642919733919,-0.5398642919733919
130206,2022,0.0,0.5398642919733919,-0.5398642919733919
130206,2023,0.0,0.5398642919733919,-0.5398642919733919
130206,2024,0.0,0.5398642919733919,-0.5398642919733919
130206,2025,0.0,0.5398642919733919,-0.5398642919733919
130207,2021,0.0,0.8152360781018907,-0.8152360781018907
130207,2022,0.0,0.8152360781018907,-0.8152360781018907
130207,2023,0.0,0.8152360781018907,-0.8152360781018907
130207,2024,0.0,0.8152360781018907,-0.8152360781018907
130207,2025,0.0,0.8152360781018907,-0.8152360781018907
130208,2021,4.965646341,0.723139948903659,4.242506392096342
130208,2022,5.184277317,0.723139948903659,4.461137368096342
130208,2023,0.0,0.723139948903659,-0.723139948903659
130208,2024,0.0,0.723139948903659,-0.723139948903659
130208,2025,0.0,0.723139948903659,-0.723139948903659
130301,2021,0.0,2.1292887766121606,-2.1292887766121606
130301,2022,0.0,2.1292887766121606,-2.1292887766121606
130301,2023,0.0,2.1292887766121606,-2.1292887766121606
130301,2024,0.0,2.1292887766121606,-2.1292887766121606
130301,2025,0.0,2.1292887766121606,-2.1292887766121606
130302,2021,6.220073655,2.017697385693167,4.202376269306834
130302,2022,6.844097529,2.017697385693167,4.826400143306833
130302,2023,0.0,2.017697385693167,-2.017697385693167
130302,2024,0.0,2.017697385693167,-2.017697385693167
130302,2025,0.0,2.017697385693167,-2.017697385693167
130303,2021,5.222755107,2.6074465803443734,2.615308526655627
130303,2022,5.513738872,2.6074465803443734,2.906292291655627
130303,2023,0.0,2.6074465803443734,-2.6074465803443734
130303,2024,0.0,2.6074465803443734,-2.6074465803443734
130303,2025,0.0,2.6074465803443734,-2.6074465803443734
130304,2021,0.0,1.1994583571073325,-1.1994583571073325
130304,2022,0.0,1.1994583571073325,-1.1994583571073325
130304,2023,0.0,1.1994583571073325,-1.1994583571073325
130304,2024,0.0,1.1994583571073325,-1.1994583571073325
130304,2025,0.0,1.1994583571073325,-1.1994583571073325
130305,2021,0.0,1.6458795339993348,-1.6458795339993348
130305,2022,0.0,1.6458795339993348,-1.6458795339993348
130305,2023,0.0,1.6458795339993348,-1.6458795339993348
130305,2024,0.0,1.6458795339993348,-1.6458795339993348
130305,2025,0.0,1.6458795339993348,-1.6458795339993348
130306,2021,0.0,1.4204700163843662,-1.4204700163843662
130306,2022,0.0,1.4204700163843662,-1.4204700163843662
130306,2023,0.0,1.4204700163843662,-1.4204700163843662
130306,2024,0.0,1.4204700163843662,-1.4204700163843662
130306,2025,0.0,1.4204700163843662,-1.4204700163843662
130401,2021,8.817720695,2.0158162561510133,6.801904438848987
130401,2022,7.089469502,2.0158162561510133,5.073653245848987
130401,2023,0.0,2.0158162561510133,-2.0158162561510133
130401,2024,0.0,2.0158162561510133,-2.0158162561510133
130401,2025,0.0,2.0158162561510133,-2.0158162561510133
130402,2021,3.273326382,2.0330945925928705,1.2402317894071295
130402,2022,3.563286747,2.0330945925928705,1.5301921544071293
130402,2023,0.0,2.0330945925928705,-2.0330945925928705
130402,2024,0.0,2.0330945925928705,-2.0330945925928705
130402,2025,0.0,2.0330945925928705,-2.0330945925928705
130403,2021,0.0,0.842497728970496,-0.842497728970496
130403,2022,0.0,0.842497728970496,-0.842497728970496
130403,2023,0.0,0.842497728970496,-0.842497728970496
130403,2024,0.0,0.842497728970496,-0.842497728970496
130403,2025,0.0,0.842497728970496,-0.842497728970496
130501,2021,10.0503114,2.131335672093901,7.9189757279060995
130501,2022,8.494353855,2.131335672093901,6.363018182906099
130501,2023,0.0,2.131335672093901,-2.131335672093901
130501,2024,0.0,2.131335672093901,-2.131335672093901
130501,2025,0.0,2.131335672093901,-2.131335672093901
130502,2021,4.730395905,2.3771629565504773,2.3532329484495227
130502,2022,7.089145029,2.3771629565504773,4.711982072449523
130502,2023,0.0,2.3771629565504773,-2.3771629565504773
130502,2024,0.0,2.3771629565504773,-2.3771629565504773
130502,2025,0.0,2.3771629565504773,-2.3771629565504773
130503,2021,5.976779751,1.8808503744071916,4.095929376592808
130503,2022,6.889010513,1.8808503744071916,5.0081601385928085
130503,2023,0.0,1.8808503744071916,-1.8808503744071916
130503,2024,0.0,1.8808503744071916,-1.8808503744071916
130503,2025,0.0,1.8808503744071916,-1.8808503744071916
130504,2021,6.05828172,2.0320333636584813,4.026248356341519
130504,2022,6.168145224,2.0320333636584813,4.136111860341519
130504,2023,0.0,2.0320333636584813,-2.0320333636584813
130504,2024,0.0,2.0320333636584813,-2.0320333636584813
130504,2025,0.0,2.0320333636584813,-2.0320333636584813
130601,2021,9.462991202,2.76601603277062,6.696975169229379
130601,2022,7.88106352,2.76601603277062,5.115047487229379
130601,2023,0.0,2.76601603277062,-2.76601603277062
130601,2024,0.0,2.76601603277062,-2.76601603277062
130601,2025,0.0,2.76601603277062,-2.76601603277062
130602,2021,4.868461886,2.4363909773526196,2.432070908647381
130602,2022,4.523355488,2.4363909773526196,2.0869645106473804
130602,2023,0.0,2.4363909773526196,-2.4363909773526196
130602,2024,0.0,2.4363909773526196,-2.4363909773526196
130602,2025,0.0,2.4363909773526196,-2.4363909773526196
130604,2021,4.008014771,1.7545794806904864,2.253435290309514
130604,2022,3.493403576,1.7545794806904864,1.7388240953095135
130604,2023,0.0,1.7545794806904864,-1.7545794806904864
130604,2024,0.0,1.7545794806904864,-1.7545794806904864
130604,2025,0.0,1.7545794806904864,-1.7545794806904864
130605,2021,0.0,2.1376260286816082,-2.1376260286816082
130605,2022,0.0,2.1376260286816082,-2.1376260286816082
130605,2023,0.0,2.1376260286816082,-2.1376260286816082
130605,2024,0.0,2.1376260286816082,-2.1376260286816082
130605,2025,0.0,2.1376260286816082,-2.1376260286816082
130606,2021,5.809066064,1.5761675901312597,4.23289847386874
130606,2022,5.592850914,1.5761675901312597,4.01668332386874
130606,2023,0.0,1.5761675901312597,-1.5761675901312597
130606,2024,0.0,1.5761675901312597,-1.5761675901312597
130606,2025,0.0,1.5761675901312597,-1.5761675901312597
130608,2021,4.193435465,1.301684348545233,2.8917511164547673
130608,2022,4.202027642,1.301684348545233,2.900343293454767
130608,2023,0.0,1.301684348545233,-1.301684348545233
130608,2024,0.0,1.301684348545233,-1.301684348545233
130608,2025,0.0,1.301684348545233,-1.301684348545233
130610,2021,5.099256486,1.4937107915781735,3.605545694421826
130610,2022,4.454347296,1.4937107915781735,2.960636504421826
130610,2023,0.0,1.4937107915781735,-1.4937107915781735
130610,2024,0.0,1.4937107915781735,-1.4937107915781735
130610,2025,0.0,1.4937107915781735,-1.4937107915781735
130611,2021,4.916799619,2.26902274537625,2.6477768736237497
130611,2022,5.316732135,2.26902274537625,3.0477093896237495
130611,2023,0.0,2.26902274537625,-2.26902274537625
130611,2024,0.0,2.26902274537625,-2.26902274537625
130611,2025,0.0,2.26902274537625,-2.26902274537625
130613,2021,4.467547871,2.3106556431852603,2.1568922278147395
130613,2022,5.249432533,2.3106556431852603,2.93877688981474
130613,2023,0.0,2.3106556431852603,-2.3106556431852603
130613,2024,0.0,2.3106556431852603,-2.3106556431852603
130613,2025,0.0,2.3106556431852603,-2.3106556431852603
130614,2021,5.364010688,2.729499271597101,2.6345114164028987
130614,2022,5.545544543,2.729499271597101,2.816045271402899
130614,2023,0.0,2.729499271597101,-2.729499271597101
130614,2024,0.0,2.729499271597101,-2.729499271597101
130614,2025,0.0,2.729499271597101,-2.729499271597101
130701,2021,5.019127993,1.3443221415742421,3.6748058514257576
130701,2022,5.165504996,1.3443221415742421,3.821182854425758
130701,2023,0.0,1.3443221415742421,-1.3443221415742421
130701,2024,0.0,1.3443221415742421,-1.3443221415742421
130701,2025,0.0,1.3443221415742421,-1.3443221415742421
130702,2021,7.854678897,2.436340179599542,5.4183387174004585
130702,2022,8.191686506,2.436340179599542,5.755346326400458
130702,2023,0.0,2.436340179599542,-2.436340179599542
130702,2024,0.0,2.436340179599542,-2.436340179599542
130702,2025,0.0,2.436340179599542,-2.436340179599542
130703,2021,0.0,1.1459710937044623,-1.1459710937044623
130703,2022,0.0,1.1459710937044623,-1.1459710937044623
130703,2023,0.0,1.1459710937044623,-1.1459710937044623
130703,2024,0.0,1.1459710937044623,-1.1459710937044623
130703,2025,0.0,1.1459710937044623,-1.1459710937044623
130704,2021,5.544246305,2.2429577582180023,3.3012885467819975
130704,2022,5.42821263,2.2429577582180023,3.1852548717819977
130704,2023,0.0,2.2429577582180023,-2.2429577582180023
130704,2024,0.0,2.2429577582180023,-2.2429577582180023
130704,2025,0.0,2.2429577582180023,-2.2429577582180023
130705,2021,0.0,1.0221460370049553,-1.0221460370049553
130705,2022,0.0,1.0221460370049553,-1.0221460370049553
130705,2023,0.0,1.0221460370049553,-1.0221460370049553
130705,2024,0.0,1.0221460370049553,-1.0221460370049553
130705,2025,0.0,1.0221460370049553,-1.0221460370049553
130801,2021,5.428190761,2.159144495914558,3.269046265085442
130801,2022,7.267663989,2.159144495914558,5.108519493085442
130801,2023,0.0,2.159144495914558,-2.159144495914558
130801,2024,0.0,2.159144495914558,-2.159144495914558
130801,2025,0.0,2.159144495914558,-2.159144495914558
130802,2021,6.038573913,1.9037446354278644,4.134829277572135
130802,2022,5.453642763,1.9037446354278644,3.5498981275721357
130802,2023,0.0,1.9037446354278644,-1.9037446354278644
130802,2024,0.0,1.9037446354278644,-1.9037446354278644
130802,2025,0.0,1.9037446354278644,-1.9037446354278644
130803,2021,5.104548182,2.4718449383764205,2.6327032436235798
130803,2022,4.710355901,2.4718449383764205,2.2385109626235793
130803,2023,0.0,2.4718449383764205,-2.4718449383764205
130803,2024,0.0,2.4718449383764205,-2.4718449383764205
130803,2025,0.0,2.4718449383764205,-2.4718449383764205
130804,2021,9.686229739,1.9130426109682817,7.773187128031719
130804,2022,10.10471166,1.9130426109682817,8.191669049031718
130804,2023,0.0,1.9130426109682817,-1.9130426109682817
130804,2024,0.0,1.9130426109682817,-1.9130426109682817
130804,2025,0.0,1.9130426109682817,-1.9130426109682817
130805,2021,0.0,1.7642202724577438,-1.7642202724577438
130805,2022,0.0,1.7642202724577438,-1.7642202724577438
130805,2023,0.0,1.7642202724577438,-1.7642202724577438
130805,2024,0.0,1.7642202724577438,-1.7642202724577438
130805,2025,0.0,1.7642202724577438,-1.7642202724577438
130806,2021,5.867069859,2.051556766425911,3.815513092574089
130806,2022,5.670709911,2.051556766425911,3.6191531445740894
130806,2023,0.0,2.051556766425911,-2.051556766425911
130806,2024,0.0,2.051556766425911,-2.051556766425911
130806,2025,0.0,2.051556766425911,-2.051556766425911
130807,2021,6.710193608,1.6933969785403251,5.016796629459675
130807,2022,8.429058666,1.6933969785403251,6.735661687459674
130807,2023,0.0,1.6933969785403251,-1.6933969785403251
130807,2024,0.0,1.6933969785403251,-1.6933969785403251
130807,2025,0.0,1.6933969785403251,-1.6933969785403251
130808,2021,0.0,2.285760683879797,-2.285760683879797
130808,2022,6.104394417,2.285760683879797,3.818633733120203
130808,2023,0.0,2.285760683879797,-2.285760683879797
130808,2024,0.0,2.285760683879797,-2.285760683879797
130808,2025,0.0,2.285760683879797,-2.285760683879797
130809,2021,5.499694413,2.1341814661203298,3.3655129468796705
130809,2022,5.516915738,2.1341814661203298,3.38273427187967
130809,2023,0.0,2.1341814661203298,-2.1341814661203298
130809,2024,0.0,2.1341814661203298,-2.1341814661203298
130809,2025,0.0,2.1341814661203298,-2.1341814661203298
130810,2021,6.241075771,2.083087518486093,4.157988252513907
130810,2022,5.676934031,2.083087518486093,3.593846512513907
130810,2023,0.0,2.083087518486093,-2.083087518486093
130810,2024,0.0,2.083087518486093,-2.083087518486093
130810,2025,0.0,2.083087518486093,-2.083087518486093
130811,2021,0.0,1.643420678226864,-1.643420678226864
130811,2022,0.0,1.643420678226864,-1.643420678226864
130811,2023,0.0,1.643420678226864,-1.643420678226864
130811,2024,0.0,1.643420678226864,-1.643420678226864
130811,2025,0.0,1.643420678226864,-1.643420678226864
130812,2021,5.291054211,1.784070085336093,3.506984125663907
130812,2022,5.262949223,1.784070085336093,3.478879137663907
130812,2023,0.0,1.784070085336093,-1.784070085336093
130812,2024,0.0,1.784070085336093,-1.784070085336093
130812,2025,0.0,1.784070085336093,-1.784070085336093
130813,2021,8.093756651,2.179781844520014,5.9139748064799855
130813,2022,5.914899979,2.179781844520014,3.735118134479986
130813,2023,0.0,2.179781844520014,-2.179781844520014
130813,2024,0.0,2.179781844520014,-2.179781844520014
130813,2025,0.0,2.179781844520014,-2.179781844520014
130901,2021,9.330844948,3.2682630448994554,6.0625819031005435
130901,2022,8.358677493,3.2682630448994554,5.090414448100544
130901,2023,0.0,3.2682630448994554,-3.2682630448994554
130901,2024,0.0,3.2682630448994554,-3.2682630448994554
130901,2025,0.0,3.2682630448994554,-3.2682630448994554
130902,2021,6.881118653,2.1783292973267137,4.702789355673286
130902,2022,7.425674496,2.1783292973267137,5.247345198673287
130902,2023,0.0,2.1783292973267137,-2.1783292973267137
130902,2024,0.0,2.1783292973267137,-2.1783292973267137
130902,2025,0.0,2.1783292973267137,-2.1783292973267137
130903,2021,5.454352766,2.3490646216502302,3.10528814434977
130903,2022,6.273547389,2.3490646216502302,3.9244827673497698
130903,2023,0.0,2.3490646216502302,-2.3490646216502302
130903,2024,0.0,2.3490646216502302,-2.3490646216502302
130903,2025,0.0,2.3490646216502302,-2.3490646216502302
130904,2021,5.613805102,1.867636071057554,3.746169030942446
130904,2022,5.145691345,1.867636071057554,3.2780552739424467
130904,2023,0.0,1.867636071057554,-1.867636071057554
130904,2024,0.0,1.867636071057554,-1.867636071057554
130904,2025,0.0,1.867636071057554,-1.867636071057554
130905,2021,9.321945956,2.295523949647575,7.026422006352425
130905,2022,7.081691644,2.295523949647575,4.786167694352425
130905,2023,0.0,2.295523949647575,-2.295523949647575
130905,2024,0.0,2.295523949647575,-2.295523949647575
130905,2025,0.0,2.295523949647575,-2.295523949647575
130906,2021,5.694287886,2.159598622235266,3.534689263764734
130906,2022,5.875675212,2.159598622235266,3.716076589764734
130906,2023,0.0,2.159598622235266,-2.159598622235266
130906,2024,0.0,2.159598622235266,-2.159598622235266
130906,2025,0.0,2.159598622235266,-2.159598622235266
130907,2021,6.394492982,2.19159075162967,4.20290223037033
130907,2022,7.981976102,2.19159075162967,5.79038535037033
130907,2023,0.0,2.19159075162967,-2.19159075162967
130907,2024,0.0,2.19159075162967,-2.19159075162967
130907,2025,0.0,2.19159075162967,-2.19159075162967
130908,2021,4.683785145,2.3850438824178717,2.298741262582128
130908,2022,5.725241214,2.3850438824178717,3.3401973315821287
130908,2023,0.0,2.3850438824178717,-2.3850438824178717
130908,2024,0.0,2.3850438824178717,-2.3850438824178717
130908,2025,0.0,2.3850438824178717,-2.3850438824178717
131001,2021,10.83210883,2.2535362979686724,8.578572532031327
131001,2023,0.0,2.2535362979686724,-2.2535362979686724
131001,2024,0.0,2.2535362979686724,-2.2535362979686724
131001,2025,0.0,2.2535362979686724,-2.2535362979686724
131002,2021,0.0,2.1267576378096926,-2.1267576378096926
131002,2022,0.0,2.1267576378096926,-2.1267576378096926
131002,2023,0.0,2.1267576378096926,-2.1267576378096926
131002,2024,0.0,2.1267576378096926,-2.1267576378096926
131002,2025,0.0,2.1267576378096926,-2.1267576378096926
131003,2021,6.334167333,2.1834140640321045,4.150753268967895
131003,2022,3.99951046,2.1834140640321045,1.8160963959678957
131003,2023,0.0,2.1834140640321045,-2.1834140640321045
131003,2024,0.0,2.1834140640321045,-2.1834140640321045
131003,2025,0.0,2.1834140640321045,-2.1834140640321045
131004,2021,0.0,1.7201341905597616,-1.7201341905597616
131004,2022,0.0,1.7201341905597616,-1.7201341905597616
131004,2023,0.0,1.7201341905597616,-1.7201341905597616
131004,2024,0.0,1.7201341905597616,-1.7201341905597616
131004,2025,0.0,1.7201341905597616,-1.7201341905597616
131005,2021,7.429143493,1.594789284994353,5.834354208005647
131005,2022,8.7354046,1.594789284994353,7.140615315005648
131005,2023,0.0,1.594789284994353,-1.594789284994353
131005,2024,0.0,1.594789284994353,-1.594789284994353
131005,2025,0.0,1.594789284994353,-1.594789284994353
131006,2021,0.0,2.202906696535266,-2.202906696535266
131006,2022,0.0,2.202906696535266,-2.202906696535266
131006,2023,0.0,2.202906696535266,-2.202906696535266
131006,2024,0.0,2.202906696535266,-2.202906696535266
131006,2025,0.0,2.202906696535266,-2.202906696535266
131007,2021,6.215932406,2.010894628508295,4.205037777491706
131007,2022,6.460791927,2.010894628508295,4.449897298491704
131007,2023,0.0,2.010894628508295,-2.010894628508295
131007,2024,0.0,2.010894628508295,-2.010894628508295
131007,2025,0.0,2.010894628508295,-2.010894628508295
131008,2021,9.17403103,1.8613659341215627,7.312665095878438
131008,2022,10.07119606,1.8613659341215627,8.209830125878437
131008,2023,0.0,1.8613659341215627,-1.8613659341215627
131008,2024,0.0,1.8613659341215627,-1.8613659341215627
131008,2025,0.0,1.8613659341215627,-1.8613659341215627
131101,2021,10.13720714,2.2073904405380196,7.92981669946198
131101,2022,8.614274359,2.2073904405380196,6.40688391846198
131101,2023,0.0,2.2073904405380196,-2.2073904405380196
131101,2024,0.0,2.2073904405380196,-2.2073904405380196
131101,2025,0.0,2.2073904405380196,-2.2073904405380196
131102,2021,9.970924214,2.423464272582261,7.547459941417739
131102,2022,6.561266376,2.423464272582261,4.137802103417739
131102,2023,0.0,2.423464272582261,-2.423464272582261
131102,2024,0.0,2.423464272582261,-2.423464272582261
131102,2025,0.0,2.423464272582261,-2.423464272582261
131103,2021,6.371348828,1.899424502755131,4.471924325244869
131103,2022,7.204398716,1.899424502755131,5.3049742132448685
131103,2023,0.0,1.899424502755131,-1.899424502755131
131103,2024,0.0,1.899424502755131,-1.899424502755131
131103,2025,0.0,1.899424502755131,-1.899424502755131
131104,2021,6.532958406,2.35314539623499,4.1798130097650095
131104,2022,6.952992076,2.35314539623499,4.59984667976501
131104,2023,0.0,2.35314539623499,-2.35314539623499
131104,2024,0.0,2.35314539623499,-2.35314539623499
131104,2025,0.0,2.35314539623499,-2.35314539623499
131201,2021,8.167872183,2.2107270144371065,5.957145168562894
131201,2022,6.817601429,2.2107270144371065,4.606874414562894
131201,2023,0.0,2.2107270144371065,-2.2107270144371065
131201,2024,0.0,2.2107270144371065,-2.2107270144371065
131201,2025,0.0,2.2107270144371065,-2.2107270144371065
131202,2021,2.57142532,1.6630372670570972,0.9083880529429027
131202,2022,1.293869728,1.6630372670570972,-0.3691675390570972
131202,2023,0.0,1.6630372670570972,-1.6630372670570972
131202,2024,0.0,1.6630372670570972,-1.6630372670570972
131202,2025,0.0,1.6630372670570972,-1.6630372670570972
131203,2021,7.679804327,0.5908753785836842,7.088928948416316
131203,2022,3.36729583,0.5908753785836842,2.7764204514163158
131203,2023,0.0,0.5908753785836842,-0.5908753785836842
131203,2024,0.0,0.5908753785836842,-0.5908753785836842
131203,2025,0.0,0.5908753785836842,-0.5908753785836842
140101,2021,9.713933254,2.5963191354698174,7.117614118530183
140101,2022,9.195871828,2.5963191354698174,6.599552692530182
140101,2023,0.0,2.5963191354698174,-2.5963191354698174
140101,2024,0.0,2.5963191354698174,-2.5963191354698174
140101,2025,0.0,2.5963191354698174,-2.5963191354698174
140102,2021,0.0,1.423309988497265,-1.423309988497265
140102,2022,0.0,1.423309988497265,-1.423309988497265
140102,2023,0.0,1.423309988497265,-1.423309988497265
140102,2024,0.0,1.423309988497265,-1.423309988497265
140102,2025,0.0,1.423309988497265,-1.423309988497265
140103,2021,0.0,1.0064810504866695,-1.0064810504866695
140103,2022,0.0,1.0064810504866695,-1.0064810504866695
140103,2023,0.0,1.0064810504866695,-1.0064810504866695
140103,2024,0.0,1.0064810504866695,-1.0064810504866695
140103,2025,0.0,1.0064810504866695,-1.0064810504866695
140104,2021,0.0,1.0469136189430144,-1.0469136189430144
140104,2022,0.0,1.0469136189430144,-1.0469136189430144
140104,2023,0.0,1.0469136189430144,-1.0469136189430144
140104,2024,0.0,1.0469136189430144,-1.0469136189430144
140104,2025,0.0,1.0469136189430144,-1.0469136189430144
140105,2021,5.683610033,2.807823983931029,2.875786049068971
140105,2022,6.06379786,2.807823983931029,3.255973876068971
140105,2023,0.0,2.807823983931029,-2.807823983931029
140105,2024,0.0,2.807823983931029,-2.807823983931029
140105,2025,0.0,2.807823983931029,-2.807823983931029
140106,2021,6.199836187,2.716950362806845,3.4828858241931546
140106,2022,6.388264251,2.716950362806845,3.6713138881931546
140106,2023,0.0,2.716950362806845,-2.716950362806845
140106,2024,0.0,2.716950362806845,-2.716950362806845
140106,2025,0.0,2.716950362806845,-2.716950362806845
140107,2021,0.0,0.7640782864653133,-0.7640782864653133
140107,2022,1.84957904,0.7640782864653133,1.0855007535346868
140107,2023,0.0,0.7640782864653133,-0.7640782864653133
140107,2024,0.0,0.7640782864653133,-0.7640782864653133
140107,2025,0.0,0.7640782864653133,-0.7640782864653133
140108,2021,6.051299205,2.0590881978403566,3.9922110071596437
140108,2022,6.102568969,2.0590881978403566,4.043480771159643
140108,2023,0.0,2.0590881978403566,-2.0590881978403566
140108,2024,0.0,2.0590881978403566,-2.0590881978403566
140108,2025,0.0,2.0590881978403566,-2.0590881978403566
140109,2021,0.0,0.9888335810174401,-0.9888335810174401
140109,2022,4.740831661,0.9888335810174401,3.7519980799825596
140109,2023,0.0,0.9888335810174401,-0.9888335810174401
140109,2024,0.0,0.9888335810174401,-0.9888335810174401
140109,2025,0.0,0.9888335810174401,-0.9888335810174401
140110,2021,0.0,1.4128414504462512,-1.4128414504462512
140110,2022,0.0,1.4128414504462512,-1.4128414504462512
140110,2023,0.0,1.4128414504462512,-1.4128414504462512
140110,2024,0.0,1.4128414504462512,-1.4128414504462512
140110,2025,0.0,1.4128414504462512,-1.4128414504462512
140111,2021,0.0,1.0823453206767788,-1.0823453206767788
140111,2022,0.0,1.0823453206767788,-1.0823453206767788
140111,2023,0.0,1.0823453206767788,-1.0823453206767788
140111,2024,0.0,1.0823453206767788,-1.0823453206767788
140111,2025,0.0,1.0823453206767788,-1.0823453206767788
140112,2021,6.466309839,2.4900685330891545,3.9762413059108455
140112,2022,6.838045764,2.4900685330891545,4.347977230910846
140112,2023,0.0,2.4900685330891545,-2.4900685330891545
140112,2024,0.0,2.4900685330891545,-2.4900685330891545
140112,2025,0.0,2.4900685330891545,-2.4900685330891545
140113,2021,0.0,1.6344835252746996,-1.6344835252746996
140113,2022,4.903359903,1.6344835252746996,3.2688763777253005
140113,2023,0.0,1.6344835252746996,-1.6344835252746996
140113,2024,0.0,1.6344835252746996,-1.6344835252746996
140113,2025,0.0,1.6344835252746996,-1.6344835252746996
140114,2021,0.0,1.2794351177301393,-1.2794351177301393
140114,2022,0.0,1.2794351177301393,-1.2794351177301393
140114,2023,0.0,1.2794351177301393,-1.2794351177301393
140114,2024,0.0,1.2794351177301393,-1.2794351177301393
140114,2025,0.0,1.2794351177301393,-1.2794351177301393
140115,2021,3.76913004,0.6977522477482175,3.0713777922517824
140115,2022,3.297378886,0.6977522477482175,2.5996266382517828
140115,2023,0.0,0.6977522477482175,-0.6977522477482175
140115,2024,0.0,0.6977522477482175,-0.6977522477482175
140115,2025,0.0,0.6977522477482175,-0.6977522477482175
140116,2021,4.091399052,1.1199008154978107,2.971498236502189
140116,2022,5.703782475,1.1199008154978107,4.583881659502189
140116,2023,0.0,1.1199008154978107,-1.1199008154978107
140116,2024,0.0,1.1199008154978107,-1.1199008154978107
140116,2025,0.0,1.1199008154978107,-1.1199008154978107
140117,2021,0.0,1.374735022874781,-1.374735022874781
140117,2022,0.0,1.374735022874781,-1.374735022874781
140117,2023,0.0,1.374735022874781,-1.374735022874781
140117,2024,0.0,1.374735022874781,-1.374735022874781
140117,2025,0.0,1.374735022874781,-1.374735022874781
140118,2021,6.843583505,1.8216759854738076,5.021907519526192
140118,2022,5.561272411,1.8216759854738076,3.7395964255261926
140118,2023,0.0,1.8216759854738076,-1.8216759854738076
140118,2024,0.0,1.8216759854738076,-1.8216759854738076
140118,2025,0.0,1.8216759854738076,-1.8216759854738076
140119,2021,1.834684514,0.6107501379484302,1.2239343760515697
140119,2022,3.124087248,0.6107501379484302,2.5133371100515696
140119,2023,0.0,0.6107501379484302,-0.6107501379484302
140119,2024,0.0,0.6107501379484302,-0.6107501379484302
140119,2025,0.0,0.6107501379484302,-0.6107501379484302
140120,2021,6.101764029,1.7359918146100806,4.365772214389919
140120,2022,6.199978348,1.7359918146100806,4.463986533389919
140120,2023,0.0,1.7359918146100806,-1.7359918146100806
140120,2024,0.0,1.7359918146100806,-1.7359918146100806
140120,2025,0.0,1.7359918146100806,-1.7359918146100806
140201,2021,6.300717967,1.9944527500300266,4.306265216969973
140201,2022,6.453127513,1.9944527500300266,4.458674762969974
140201,2023,0.0,1.9944527500300266,-1.9944527500300266
140201,2024,0.0,1.9944527500300266,-1.9944527500300266
140201,2025,0.0,1.9944527500300266,-1.9944527500300266
140202,2021,5.415207929,2.273036411542808,3.142171517457192
140202,2022,4.680191362,2.273036411542808,2.4071549504571923
140202,2023,0.0,2.273036411542808,-2.273036411542808
140202,2024,0.0,2.273036411542808,-2.273036411542808
140202,2025,0.0,2.273036411542808,-2.273036411542808
140203,2021,5.27943243,2.4300704032325284,2.8493620267674715
140203,2022,6.053540085,2.4300704032325284,3.6234696817674714
140203,2023,0.0,2.4300704032325284,-2.4300704032325284
140203,2024,0.0,2.4300704032325284,-2.4300704032325284
140203,2025,0.0,2.4300704032325284,-2.4300704032325284
140204,2021,0.0,0.8589981810610949,-0.8589981810610949
140204,2022,0.0,0.8589981810610949,-0.8589981810610949
140204,2023,0.0,0.8589981810610949,-0.8589981810610949
140204,2024,0.0,0.8589981810610949,-0.8589981810610949
140204,2025,0.0,0.8589981810610949,-0.8589981810610949
140205,2021,0.0,1.5033636908927357,-1.5033636908927357
140205,2022,0.0,1.5033636908927357,-1.5033636908927357
140205,2023,0.0,1.5033636908927357,-1.5033636908927357
140205,2024,0.0,1.5033636908927357,-1.5033636908927357
140205,2025,0.0,1.5033636908927357,-1.5033636908927357
140206,2021,6.17048204,0.9836511965680111,5.186830843431989
140206,2022,6.194597127,0.9836511965680111,5.210945930431989
140206,2023,0.0,0.9836511965680111,-0.9836511965680111
140206,2024,0.0,0.9836511965680111,-0.9836511965680111
140206,2025,0.0,0.9836511965680111,-0.9836511965680111
140301,2021,8.300222626,2.434210092324491,5.866012533675509
140301,2022,6.8929453,2.434210092324491,4.45873520767551
140301,2023,0.0,2.434210092324491,-2.434210092324491
140301,2024,0.0,2.434210092324491,-2.434210092324491
140301,2025,0.0,2.434210092324491,-2.434210092324491
140302,2021,4.783126167,1.3144310555388499,3.46869511146115
140302,2022,5.937333221,1.3144310555388499,4.62290216546115
140302,2023,0.0,1.3144310555388499,-1.3144310555388499
140302,2024,0.0,1.3144310555388499,-1.3144310555388499
140302,2025,0.0,1.3144310555388499,-1.3144310555388499
140303,2021,2.93354393,0.893740328658791,2.039803601341209
140303,2022,2.533236621,0.893740328658791,1.6394962923412089
140303,2023,0.0,0.893740328658791,-0.893740328658791
140303,2024,0.0,0.893740328658791,-0.893740328658791
140303,2025,0.0,0.893740328658791,-0.893740328658791
140304,2021,0.0,0.5549863729884288,-0.5549863729884288
140304,2022,0.0,0.5549863729884288,-0.5549863729884288
140304,2023,0.0,0.5549863729884288,-0.5549863729884288
140304,2024,0.0,0.5549863729884288,-0.5549863729884288
140304,2025,0.0,0.5549863729884288,-0.5549863729884288
140305,2021,2.84246968,1.1991243098407018,1.6433453701592984
140305,2022,2.932674138,1.1991243098407018,1.733549828159298
140305,2023,0.0,1.1991243098407018,-1.1991243098407018
140305,2024,0.0,1.1991243098407018,-1.1991243098407018
140305,2025,0.0,1.1991243098407018,-1.1991243098407018
140306,2021,5.889903728,1.8412824701115116,4.048621257888488
140306,2022,6.85382605,1.8412824701115116,5.012543579888488
140306,2023,0.0,1.8412824701115116,-1.8412824701115116
140306,2024,0.0,1.8412824701115116,-1.8412824701115116
140306,2025,0.0,1.8412824701115116,-1.8412824701115116
140307,2021,0.0,2.2422942073794183,-2.2422942073794183
140307,2022,0.0,2.2422942073794183,-2.2422942073794183
140307,2023,0.0,2.2422942073794183,-2.2422942073794183
140307,2024,0.0,2.2422942073794183,-2.2422942073794183
140307,2025,0.0,2.2422942073794183,-2.2422942073794183
140308,2021,5.495809509,1.9078460032622888,3.587963505737711
140308,2022,6.180288414,1.9078460032622888,4.27244241073771
140308,2023,0.0,1.9078460032622888,-1.9078460032622888
140308,2024,0.0,1.9078460032622888,-1.9078460032622888
140308,2025,0.0,1.9078460032622888,-1.9078460032622888
140309,2021,0.0,1.0356983698821796,-1.0356983698821796
140309,2022,0.0,1.0356983698821796,-1.0356983698821796
140309,2023,0.0,1.0356983698821796,-1.0356983698821796
140309,2024,0.0,1.0356983698821796,-1.0356983698821796
140309,2025,0.0,1.0356983698821796,-1.0356983698821796
140310,2021,6.275702463,1.680114527574761,4.595587935425239
140310,2022,5.713568801,1.680114527574761,4.033454273425239
140310,2023,0.0,1.680114527574761,-1.680114527574761
140310,2024,0.0,1.680114527574761,-1.680114527574761
140310,2025,0.0,1.680114527574761,-1.680114527574761
140311,2021,4.819602504,1.076699571338057,3.7429029326619427
140311,2022,4.650234059,1.076699571338057,3.573534487661943
140311,2023,0.0,1.076699571338057,-1.076699571338057
140311,2024,0.0,1.076699571338057,-1.076699571338057
140311,2025,0.0,1.076699571338057,-1.076699571338057
140312,2021,0.0,1.5269946875651832,-1.5269946875651832
140312,2022,0.0,1.5269946875651832,-1.5269946875651832
140312,2023,0.0,1.5269946875651832,-1.5269946875651832
140312,2024,0.0,1.5269946875651832,-1.5269946875651832
140312,2025,0.0,1.5269946875651832,-1.5269946875651832
150102,2021,5.814525471,2.583500484110058,3.2310249868899414
150102,2022,5.822781171,2.583500484110058,3.2392806868899418
150102,2023,0.0,2.583500484110058,-2.583500484110058
150102,2024,0.0,2.583500484110058,-2.583500484110058
150102,2025,0.0,2.583500484110058,-2.583500484110058
150103,2021,6.597649161,2.5436620654533404,4.05398709554666
150103,2022,6.095648398,2.5436620654533404,3.5519863325466594
150103,2023,0.0,2.5436620654533404,-2.5436620654533404
150103,2024,0.0,2.5436620654533404,-2.5436620654533404
150103,2025,0.0,2.5436620654533404,-2.5436620654533404
150104,2021,5.531669502,2.215202265322418,3.316467236677582
150104,2022,6.120485019,2.215202265322418,3.9052827536775823
150104,2023,0.0,2.215202265322418,-2.215202265322418
150104,2024,0.0,2.215202265322418,-2.215202265322418
150104,2025,0.0,2.215202265322418,-2.215202265322418
150105,2021,9.608133959,2.5018606877565173,7.106273271243483
150105,2022,7.935873912,2.5018606877565173,5.434013224243483
150105,2023,0.0,2.5018606877565173,-2.5018606877565173
150105,2024,0.0,2.5018606877565173,-2.5018606877565173
150105,2025,0.0,2.5018606877565173,-2.5018606877565173
150106,2021,4.967747015,2.6710182119341273,2.2967288030658723
150106,2022,5.660966641,2.6710182119341273,2.9899484290658727
150106,2023,0.0,2.6710182119341273,-2.6710182119341273
150106,2024,0.0,2.6710182119341273,-2.6710182119341273
150106,2025,0.0,2.6710182119341273,-2.6710182119341273
150107,2021,4.985054098,2.357957670113859,2.627096427886141
150107,2022,5.501309133,2.357957670113859,3.1433514628861414
150107,2023,0.0,2.357957670113859,-2.357957670113859
150107,2024,0.0,2.357957670113859,-2.357957670113859
150107,2025,0.0,2.357957670113859,-2.357957670113859
150108,2021,7.747160092,2.6267074627228832,5.120452629277116
150108,2022,8.121198636,2.6267074627228832,5.494491173277117
150108,2023,0.0,2.6267074627228832,-2.6267074627228832
150108,2024,0.0,2.6267074627228832,-2.6267074627228832
150108,2025,0.0,2.6267074627228832,-2.6267074627228832
150109,2021,5.549093401,2.4887324162296203,3.06036098477038
150109,2022,8.921279673,2.4887324162296203,6.4325472567703805
150109,2023,0.0,2.4887324162296203,-2.4887324162296203
150109,2024,0.0,2.4887324162296203,-2.4887324162296203
150109,2025,0.0,2.4887324162296203,-2.4887324162296203
150110,2021,5.672367008,2.5416315061390127,3.1307355018609875
150110,2022,5.809246997,2.5416315061390127,3.267615490860987
150110,2023,0.0,2.5416315061390127,-2.5416315061390127
150110,2024,0.0,2.5416315061390127,-2.5416315061390127
150110,2025,0.0,2.5416315061390127,-2.5416315061390127
150111,2021,9.38098248,2.444847065954439,6.936135414045561
150111,2022,7.902042548,2.444847065954439,5.457195482045561
150111,2023,0.0,2.444847065954439,-2.444847065954439
150111,2024,0.0,2.444847065954439,-2.444847065954439
150111,2025,0.0,2.444847065954439,-2.444847065954439
150112,2021,9.893919674,2.2289227664694384,7.664996907530561
150112,2022,8.701872082,2.2289227664694384,6.4729493155305615
150112,2023,0.0,2.2289227664694384,-2.2289227664694384
150112,2024,0.0,2.2289227664694384,-2.2289227664694384
150112,2025,0.0,2.2289227664694384,-2.2289227664694384
150114,2021,6.581456863,2.8024650315318484,3.778991831468151
150114,2022,7.031104462,2.8024650315318484,4.228639430468151
150114,2023,0.0,2.8024650315318484,-2.8024650315318484
150114,2024,0.0,2.8024650315318484,-2.8024650315318484
150114,2025,0.0,2.8024650315318484,-2.8024650315318484
150115,2021,11.16244502,2.4341678207620094,8.72827719923799
150115,2022,10.2754472,2.4341678207620094,7.8412793792379905
150115,2023,0.0,2.4341678207620094,-2.4341678207620094
150115,2024,0.0,2.4341678207620094,-2.4341678207620094
150115,2025,0.0,2.4341678207620094,-2.4341678207620094
150116,2021,6.394157136,2.4212349800961204,3.972922155903879
150116,2022,6.732056231,2.4212349800961204,4.31082125090388
150116,2023,0.0,2.4212349800961204,-2.4212349800961204
150116,2024,0.0,2.4212349800961204,-2.4212349800961204
150116,2025,0.0,2.4212349800961204,-2.4212349800961204
150117,2021,5.110601527,2.9503812674331527,2.1602202595668474
150117,2022,5.697667117,2.9503812674331527,2.7472858495668473
150117,2023,0.0,2.9503812674331527,-2.9503812674331527
150117,2024,0.0,2.9503812674331527,-2.9503812674331527
150117,2025,0.0,2.9503812674331527,-2.9503812674331527
150118,2021,6.500896431,2.6061463853700007,3.8947500456299995
150118,2022,5.773474972,2.6061463853700007,3.167328586629999
150118,2023,0.0,2.6061463853700007,-2.6061463853700007
150118,2024,0.0,2.6061463853700007,-2.6061463853700007
150118,2025,0.0,2.6061463853700007,-2.6061463853700007
150119,2021,4.559202997,2.7732724181562975,1.7859305788437023
150119,2022,4.957151898,2.7732724181562975,2.1838794798437027
150119,2023,0.0,2.7732724181562975,-2.7732724181562975
150119,2024,0.0,2.7732724181562975,-2.7732724181562975
150119,2025,0.0,2.7732724181562975,-2.7732724181562975
150120,2021,5.151791857,2.424030766792035,2.727761090207965
150120,2022,5.437164099,2.424030766792035,3.0131333322079654
150120,2023,0.0,2.424030766792035,-2.424030766792035
150120,2024,0.0,2.424030766792035,-2.424030766792035
150120,2025,0.0,2.424030766792035,-2.424030766792035
150123,2021,4.964545383,2.495357007384212,2.4691883756157877
150123,2022,5.2173861,2.495357007384212,2.7220290926157875
150123,2023,0.0,2.495357007384212,-2.495357007384212
150123,2024,0.0,2.495357007384212,-2.495357007384212
150123,2025,0.0,2.495357007384212,-2.495357007384212
150124,2021,4.994505912,1.5705843357622729,3.4239215762377273
150124,2022,5.19776317,1.5705843357622729,3.627178834237727
150124,2023,0.0,1.5705843357622729,-1.5705843357622729
150124,2024,0.0,1.5705843357622729,-1.5705843357622729
150124,2025,0.0,1.5705843357622729,-1.5705843357622729
150125,2021,7.164350664,2.450736626631417,4.713614037368583
150125,2022,6.32235761,2.450736626631417,3.871620983368583
150125,2023,0.0,2.450736626631417,-2.450736626631417
150125,2024,0.0,2.450736626631417,-2.450736626631417
150125,2025,0.0,2.450736626631417,-2.450736626631417
150126,2021,4.712564136,2.440223805048131,2.2723403309518693
150126,2022,5.993746754,2.440223805048131,3.553522948951869
150126,2023,0.0,2.440223805048131,-2.440223805048131
150126,2024,0.0,2.440223805048131,-2.440223805048131
150126,2025,0.0,2.440223805048131,-2.440223805048131
150127,2021,5.525353156,1.1646290314314482,4.360724124568552
150127,2022,5.258248926,1.1646290314314482,4.093619894568552
150127,2023,0.0,1.1646290314314482,-1.1646290314314482
150127,2024,0.0,1.1646290314314482,-1.1646290314314482
150127,2025,0.0,1.1646290314314482,-1.1646290314314482
150128,2023,0.0,2.5587962704241143,-2.5587962704241143
150128,2024,0.0,2.5587962704241143,-2.5587962704241143
150128,2025,0.0,2.5587962704241143,-2.5587962704241143
150129,2021,4.469208705,1.2645357155200245,3.2046729894799753
150129,2022,4.870157649,1.2645357155200245,3.6056219334799757
150129,2023,0.0,1.2645357155200245,-1.2645357155200245
150129,2024,0.0,1.2645357155200245,-1.2645357155200245
150129,2025,0.0,1.2645357155200245,-1.2645357155200245
150132,2021,8.115215745,2.517216029838247,5.5979997151617535
150132,2022,7.468460104,2.517216029838247,4.951244074161753
150132,2023,0.0,2.517216029838247,-2.517216029838247
150132,2024,0.0,2.517216029838247,-2.517216029838247
150132,2025,0.0,2.517216029838247,-2.517216029838247
150133,2021,6.964020206,2.69839968186463,4.26562052413537
150133,2022,6.170756755,2.69839968186463,3.4723570731353703
150133,2023,0.0,2.69839968186463,-2.69839968186463
150133,2024,0.0,2.69839968186463,-2.69839968186463
150133,2025,0.0,2.69839968186463,-2.69839968186463
150134,2021,5.976907547,2.5431299565968346,3.433777590403165
150134,2022,5.761760658,2.5431299565968346,3.2186307014031654
150134,2023,0.0,2.5431299565968346,-2.5431299565968346
150134,2024,0.0,2.5431299565968346,-2.5431299565968346
150134,2025,0.0,2.5431299565968346,-2.5431299565968346
150135,2021,6.025731781,2.5129930958019684,3.512738685198032
150135,2022,5.816468372,2.5129930958019684,3.3034752761980317
150135,2023,0.0,2.5129930958019684,-2.5129930958019684
150135,2024,0.0,2.5129930958019684,-2.5129930958019684
150135,2025,0.0,2.5129930958019684,-2.5129930958019684
150136,2021,5.382999253,2.332003167031236,3.0509960859687646
150136,2022,5.919136432,2.332003167031236,3.5871332649687644
150136,2023,0.0,2.332003167031236,-2.332003167031236
150136,2024,0.0,2.332003167031236,-2.332003167031236
150136,2025,0.0,2.332003167031236,-2.332003167031236
150137,2021,5.298157982,2.5345779769103434,2.763580005089657
150137,2022,5.452147391,2.5345779769103434,2.917569414089656
150137,2023,0.0,2.5345779769103434,-2.5345779769103434
150137,2024,0.0,2.5345779769103434,-2.5345779769103434
150137,2025,0.0,2.5345779769103434,-2.5345779769103434
150138,2021,5.937140348,1.257374132889433,4.679766215110567
150138,2022,5.266037218,1.257374132889433,4.008663085110567
150138,2023,0.0,1.257374132889433,-1.257374132889433
150138,2024,0.0,1.257374132889433,-1.257374132889433
150138,2025,0.0,1.257374132889433,-1.257374132889433
150139,2021,6.183535301,2.302898971392842,3.880636329607158
150139,2022,6.161837572,2.302898971392842,3.8589386006071575
150139,2023,0.0,2.302898971392842,-2.302898971392842
150139,2024,0.0,2.302898971392842,-2.302898971392842
150139,2025,0.0,2.302898971392842,-2.302898971392842
150140,2021,5.274786869,2.481013497288506,2.793773371711494
150140,2022,5.634212813,2.481013497288506,3.1531993157114946
150140,2023,0.0,2.481013497288506,-2.481013497288506
150140,2024,0.0,2.481013497288506,-2.481013497288506
150140,2025,0.0,2.481013497288506,-2.481013497288506
150141,2021,5.204152226,2.5165919492866444,2.6875602767133553
150141,2022,5.877926221,2.5165919492866444,3.3613342717133556
150141,2023,0.0,2.5165919492866444,-2.5165919492866444
150141,2024,0.0,2.5165919492866444,-2.5165919492866444
150141,2025,0.0,2.5165919492866444,-2.5165919492866444
150142,2021,8.887845699,2.506289316303083,6.381556382696917
150142,2022,8.115159935,2.506289316303083,5.608870618696916
150142,2023,0.0,2.506289316303083,-2.506289316303083
150142,2024,0.0,2.506289316303083,-2.506289316303083
150142,2025,0.0,2.506289316303083,-2.506289316303083
150143,2021,4.532316307,2.6811913331006494,1.851124973899351
150143,2022,5.332226108,2.6811913331006494,2.651034774899351
150143,2023,0.0,2.6811913331006494,-2.6811913331006494
150143,2024,0.0,2.6811913331006494,-2.6811913331006494
150143,2025,0.0,2.6811913331006494,-2.6811913331006494
150201,2021,8.566520341,2.58651713431001,5.98000320668999
150201,2022,7.683096347,2.58651713431001,5.09657921268999
150201,2023,0.0,2.58651713431001,-2.58651713431001
150201,2024,0.0,2.58651713431001,-2.58651713431001
150201,2025,0.0,2.58651713431001,-2.58651713431001
150202,2021,5.143947496,1.497307936764513,3.6466395592354868
150202,2022,4.843767683,1.497307936764513,3.346459746235487
150202,2023,0.0,1.497307936764513,-1.497307936764513
150202,2024,0.0,1.497307936764513,-1.497307936764513
150202,2025,0.0,1.497307936764513,-1.497307936764513
150203,2021,3.894802408,1.4272377792899098,2.46756462871009
150203,2022,4.21459369,1.4272377792899098,2.7873559107100903
150203,2023,0.0,1.4272377792899098,-1.4272377792899098
150203,2024,0.0,1.4272377792899098,-1.4272377792899098
150203,2025,0.0,1.4272377792899098,-1.4272377792899098
150204,2021,5.339710202,1.6437895928867516,3.6959206091132484
150204,2022,5.698473706,1.6437895928867516,4.0546841131132485
150204,2023,0.0,1.6437895928867516,-1.6437895928867516
150204,2024,0.0,1.6437895928867516,-1.6437895928867516
150204,2025,0.0,1.6437895928867516,-1.6437895928867516
150205,2021,5.217677693,2.1153743396510425,3.1023033533489572
150205,2022,5.729756627,2.1153743396510425,3.614382287348958
150205,2023,0.0,2.1153743396510425,-2.1153743396510425
150205,2024,0.0,2.1153743396510425,-2.1153743396510425
150205,2025,0.0,2.1153743396510425,-2.1153743396510425
150301,2021,0.0,1.5684055392912535,-1.5684055392912535
150301,2022,0.0,1.5684055392912535,-1.5684055392912535
150301,2023,0.0,1.5684055392912535,-1.5684055392912535
150301,2024,0.0,1.5684055392912535,-1.5684055392912535
150301,2025,0.0,1.5684055392912535,-1.5684055392912535
150302,2021,0.0,0.7914214496834756,-0.7914214496834756
150302,2022,0.0,0.7914214496834756,-0.7914214496834756
150302,2023,0.0,0.7914214496834756,-0.7914214496834756
150302,2024,0.0,0.7914214496834756,-0.7914214496834756
150302,2025,0.0,0.7914214496834756,-0.7914214496834756
150303,2021,6.091478348,1.555881756770004,4.535596591229996
150303,2022,6.348308227,1.555881756770004,4.792426470229996
150303,2023,0.0,1.555881756770004,-1.555881756770004
150303,2024,0.0,1.555881756770004,-1.555881756770004
150303,2025,0.0,1.555881756770004,-1.555881756770004
150304,2021,0.0,1.1248918435638382,-1.1248918435638382
150304,2022,0.0,1.1248918435638382,-1.1248918435638382
150304,2023,0.0,1.1248918435638382,-1.1248918435638382
150304,2024,0.0,1.1248918435638382,-1.1248918435638382
150304,2025,0.0,1.1248918435638382,-1.1248918435638382
150305,2021,0.0,1.4736042854353502,-1.4736042854353502
150305,2022,0.0,1.4736042854353502,-1.4736042854353502
150305,2023,0.0,1.4736042854353502,-1.4736042854353502
150305,2024,0.0,1.4736042854353502,-1.4736042854353502
150305,2025,0.0,1.4736042854353502,-1.4736042854353502
150401,2021,0.0,1.6184735320826087,-1.6184735320826087
150401,2022,4.144228818,1.6184735320826087,2.5257552859173913
150401,2023,0.0,1.6184735320826087,-1.6184735320826087
150401,2024,0.0,1.6184735320826087,-1.6184735320826087
150401,2025,0.0,1.6184735320826087,-1.6184735320826087
150402,2021,0.0,1.5136063577334369,-1.5136063577334369
150402,2022,0.0,1.5136063577334369,-1.5136063577334369
150402,2023,0.0,1.5136063577334369,-1.5136063577334369
150402,2024,0.0,1.5136063577334369,-1.5136063577334369
150402,2025,0.0,1.5136063577334369,-1.5136063577334369
150403,2021,8.354940109,1.012511511474068,7.342428597525931
150403,2022,7.674443307,1.012511511474068,6.661931795525932
150403,2023,0.0,1.012511511474068,-1.012511511474068
150403,2024,0.0,1.012511511474068,-1.012511511474068
150403,2025,0.0,1.012511511474068,-1.012511511474068
150404,2021,0.0,0.8507378532130317,-0.8507378532130317
150404,2022,0.0,0.8507378532130317,-0.8507378532130317
150404,2023,0.0,0.8507378532130317,-0.8507378532130317
150404,2024,0.0,0.8507378532130317,-0.8507378532130317
150404,2025,0.0,0.8507378532130317,-0.8507378532130317
150405,2021,0.0,1.1500450529892552,-1.1500450529892552
150405,2022,0.0,1.1500450529892552,-1.1500450529892552
150405,2023,0.0,1.1500450529892552,-1.1500450529892552
150405,2024,0.0,1.1500450529892552,-1.1500450529892552
150405,2025,0.0,1.1500450529892552,-1.1500450529892552
150406,2021,6.885363589,0.9861433903922562,5.899220198607743
150406,2022,0.0,0.9861433903922562,-0.9861433903922562
150406,2023,0.0,0.9861433903922562,-0.9861433903922562
150406,2024,0.0,0.9861433903922562,-0.9861433903922562
150406,2025,0.0,0.9861433903922562,-0.9861433903922562
150407,2021,0.0,1.5292873261466284,-1.5292873261466284
150407,2022,1.588531228,1.5292873261466284,0.05924390185337147
150407,2023,0.0,1.5292873261466284,-1.5292873261466284
150407,2024,0.0,1.5292873261466284,-1.5292873261466284
150407,2025,0.0,1.5292873261466284,-1.5292873261466284
150501,2021,9.848952626,2.5425576582324636,7.306394967767537
150501,2022,9.424612361,2.5425576582324636,6.882054702767536
150501,2023,0.0,2.5425576582324636,-2.5425576582324636
150501,2024,0.0,2.5425576582324636,-2.5425576582324636
150501,2025,0.0,2.5425576582324636,-2.5425576582324636
150502,2021,4.788316628,1.9415078704502948,2.846808757549705
150502,2022,5.937034383,1.9415078704502948,3.9955265125497057
150502,2023,0.0,1.9415078704502948,-1.9415078704502948
150502,2024,0.0,1.9415078704502948,-1.9415078704502948
150502,2025,0.0,1.9415078704502948,-1.9415078704502948
150503,2021,0.0,0.8959460595342035,-0.8959460595342035
150503,2023,0.0,0.8959460595342035,-0.8959460595342035
150503,2024,0.0,0.8959460595342035,-0.8959460595342035
150503,2025,0.0,0.8959460595342035,-0.8959460595342035
150504,2021,0.0,1.3668599237216292,-1.3668599237216292
150504,2022,0.0,1.3668599237216292,-1.3668599237216292
150504,2023,0.0,1.3668599237216292,-1.3668599237216292
150504,2024,0.0,1.3668599237216292,-1.3668599237216292
150504,2025,0.0,1.3668599237216292,-1.3668599237216292
150505,2021,0.0,2.4385928943313595,-2.4385928943313595
150505,2022,0.0,2.4385928943313595,-2.4385928943313595
150505,2023,0.0,2.4385928943313595,-2.4385928943313595
150505,2024,0.0,2.4385928943313595,-2.4385928943313595
150505,2025,0.0,2.4385928943313595,-2.4385928943313595
150506,2021,0.0,1.2878904748789826,-1.2878904748789826
150506,2022,0.0,1.2878904748789826,-1.2878904748789826
150506,2023,0.0,1.2878904748789826,-1.2878904748789826
150506,2024,0.0,1.2878904748789826,-1.2878904748789826
150506,2025,0.0,1.2878904748789826,-1.2878904748789826
150507,2021,5.112176247,2.1602343579748844,2.9519418890251155
150507,2022,5.878965132,2.1602343579748844,3.718730774025116
150507,2023,0.0,2.1602343579748844,-2.1602343579748844
150507,2024,0.0,2.1602343579748844,-2.1602343579748844
150507,2025,0.0,2.1602343579748844,-2.1602343579748844
150508,2021,0.0,0.960338818967155,-0.960338818967155
150508,2022,0.0,0.960338818967155,-0.960338818967155
150508,2023,0.0,0.960338818967155,-0.960338818967155
150508,2024,0.0,0.960338818967155,-0.960338818967155
150508,2025,0.0,0.960338818967155,-0.960338818967155
150509,2021,5.587310505,2.3346486226013323,3.2526618823986673
150509,2022,6.064493203,2.3346486226013323,3.7298445803986673
150509,2023,0.0,2.3346486226013323,-2.3346486226013323
150509,2024,0.0,2.3346486226013323,-2.3346486226013323
150509,2025,0.0,2.3346486226013323,-2.3346486226013323
150510,2021,0.0,1.8502848251120132,-1.8502848251120132
150510,2022,0.0,1.8502848251120132,-1.8502848251120132
150510,2023,0.0,1.8502848251120132,-1.8502848251120132
150510,2024,0.0,1.8502848251120132,-1.8502848251120132
150510,2025,0.0,1.8502848251120132,-1.8502848251120132
150511,2021,0.0,1.4361193601949653,-1.4361193601949653
150511,2022,0.0,1.4361193601949653,-1.4361193601949653
150511,2023,0.0,1.4361193601949653,-1.4361193601949653
150511,2024,0.0,1.4361193601949653,-1.4361193601949653
150511,2025,0.0,1.4361193601949653,-1.4361193601949653
150512,2021,0.0,1.7269194193335915,-1.7269194193335915
150512,2022,0.0,1.7269194193335915,-1.7269194193335915
150512,2023,0.0,1.7269194193335915,-1.7269194193335915
150512,2024,0.0,1.7269194193335915,-1.7269194193335915
150512,2025,0.0,1.7269194193335915,-1.7269194193335915
150513,2021,10.51917907,0.9247266910251549,9.594452378974845
150513,2022,9.866224984,0.9247266910251549,8.941498292974845
150513,2023,0.0,0.9247266910251549,-0.9247266910251549
150513,2024,0.0,0.9247266910251549,-0.9247266910251549
150513,2025,0.0,0.9247266910251549,-0.9247266910251549
150514,2021,0.0,1.2300122753097729,-1.2300122753097729
150514,2022,0.0,1.2300122753097729,-1.2300122753097729
150514,2023,0.0,1.2300122753097729,-1.2300122753097729
150514,2024,0.0,1.2300122753097729,-1.2300122753097729
150514,2025,0.0,1.2300122753097729,-1.2300122753097729
150515,2021,0.0,0.8609328537129063,-0.8609328537129063
150515,2022,0.0,0.8609328537129063,-0.8609328537129063
150515,2023,0.0,0.8609328537129063,-0.8609328537129063
150515,2024,0.0,0.8609328537129063,-0.8609328537129063
150515,2025,0.0,0.8609328537129063,-0.8609328537129063
150516,2021,0.0,0.9183197837994794,-0.9183197837994794
150516,2022,0.0,0.9183197837994794,-0.9183197837994794
150516,2023,0.0,0.9183197837994794,-0.9183197837994794
150516,2024,0.0,0.9183197837994794,-0.9183197837994794
150516,2025,0.0,0.9183197837994794,-0.9183197837994794
150601,2021,8.256835447,2.891243169700537,5.365592277299463
150601,2022,7.316499165,2.891243169700537,4.425255995299462
150601,2023,0.0,2.891243169700537,-2.891243169700537
150601,2024,0.0,2.891243169700537,-2.891243169700537
150601,2025,0.0,2.891243169700537,-2.891243169700537
150602,2021,6.034292528,0.8473198235824242,5.186972704417576
150602,2022,7.503157318,0.8473198235824242,6.655837494417576
150602,2023,0.0,0.8473198235824242,-0.8473198235824242
150602,2024,0.0,0.8473198235824242,-0.8473198235824242
150602,2025,0.0,0.8473198235824242,-0.8473198235824242
150603,2021,0.0,1.0622851104840045,-1.0622851104840045
150603,2022,0.0,1.0622851104840045,-1.0622851104840045
150603,2023,0.0,1.0622851104840045,-1.0622851104840045
150603,2024,0.0,1.0622851104840045,-1.0622851104840045
150603,2025,0.0,1.0622851104840045,-1.0622851104840045
150604,2021,3.966147903,1.5162846889621218,2.449863214037878
150604,2022,3.814468977,1.5162846889621218,2.2981842880378784
150604,2023,0.0,1.5162846889621218,-1.5162846889621218
150604,2024,0.0,1.5162846889621218,-1.5162846889621218
150604,2025,0.0,1.5162846889621218,-1.5162846889621218
150605,2021,7.857131522,3.07176548414059,4.7853660378594105
150605,2022,7.268729532,3.07176548414059,4.19696404785941
150605,2023,0.0,3.07176548414059,-3.07176548414059
150605,2024,0.0,3.07176548414059,-3.07176548414059
150605,2025,0.0,3.07176548414059,-3.07176548414059
150606,2021,0.0,2.0434636631891023,-2.0434636631891023
150606,2022,0.0,2.0434636631891023,-2.0434636631891023
150606,2023,0.0,2.0434636631891023,-2.0434636631891023
150606,2024,0.0,2.0434636631891023,-2.0434636631891023
150606,2025,0.0,2.0434636631891023,-2.0434636631891023
150607,2021,6.950495433,1.4448465503113463,5.505648882688654
150607,2023,0.0,1.4448465503113463,-1.4448465503113463
150607,2024,0.0,1.4448465503113463,-1.4448465503113463
150607,2025,0.0,1.4448465503113463,-1.4448465503113463
150608,2021,6.384632127,1.0970783775459108,5.287553749454089
150608,2023,0.0,1.0970783775459108,-1.0970783775459108
150608,2024,0.0,1.0970783775459108,-1.0970783775459108
150608,2025,0.0,1.0970783775459108,-1.0970783775459108
150609,2021,6.469250317,0.9441922707914283,5.525058046208572
150609,2022,8.117014088,0.9441922707914283,7.172821817208571
150609,2023,0.0,0.9441922707914283,-0.9441922707914283
150609,2024,0.0,0.9441922707914283,-0.9441922707914283
150609,2025,0.0,0.9441922707914283,-0.9441922707914283
150610,2021,8.41294317,0.8680598973181798,7.544883272681821
150610,2023,0.0,0.8680598973181798,-0.8680598973181798
150610,2024,0.0,0.8680598973181798,-0.8680598973181798
150610,2025,0.0,0.8680598973181798,-0.8680598973181798
150611,2021,0.0,1.3896079726562538,-1.3896079726562538
150611,2023,0.0,1.3896079726562538,-1.3896079726562538
150611,2024,0.0,1.3896079726562538,-1.3896079726562538
150611,2025,0.0,1.3896079726562538,-1.3896079726562538
150612,2022,7.688821758,0.9890437861128325,6.699777971887167
150612,2023,0.0,0.9890437861128325,-0.9890437861128325
150612,2024,0.0,0.9890437861128325,-0.9890437861128325
150612,2025,0.0,0.9890437861128325,-0.9890437861128325
150701,2021,8.200013205,2.1126294390016547,6.087383765998345
150701,2022,0.0,2.1126294390016547,-2.1126294390016547
150701,2023,0.0,2.1126294390016547,-2.1126294390016547
150701,2024,0.0,2.1126294390016547,-2.1126294390016547
150701,2025,0.0,2.1126294390016547,-2.1126294390016547
150702,2021,7.306238739,1.1156574948350713,6.190581244164929
150702,2022,6.136741355,1.1156574948350713,5.021083860164929
150702,2023,0.0,1.1156574948350713,-1.1156574948350713
150702,2024,0.0,1.1156574948350713,-1.1156574948350713
150702,2025,0.0,1.1156574948350713,-1.1156574948350713
150703,2021,0.0,1.717894691112513,-1.717894691112513
150703,2022,0.0,1.717894691112513,-1.717894691112513
150703,2023,0.0,1.717894691112513,-1.717894691112513
150703,2024,0.0,1.717894691112513,-1.717894691112513
150703,2025,0.0,1.717894691112513,-1.717894691112513
150704,2021,0.0,0.3997964548651783,-0.3997964548651783
150704,2023,0.0,0.3997964548651783,-0.3997964548651783
150704,2024,0.0,0.3997964548651783,-0.3997964548651783
150704,2025,0.0,0.3997964548651783,-0.3997964548651783
150705,2021,0.0,1.0414990125998362,-1.0414990125998362
150705,2022,0.0,1.0414990125998362,-1.0414990125998362
150705,2023,0.0,1.0414990125998362,-1.0414990125998362
150705,2024,0.0,1.0414990125998362,-1.0414990125998362
150705,2025,0.0,1.0414990125998362,-1.0414990125998362
150706,2021,7.273786318,0.8361680310748429,6.437618286925157
150706,2022,5.568344504,0.8361680310748429,4.732176472925157
150706,2023,0.0,0.8361680310748429,-0.8361680310748429
150706,2024,0.0,0.8361680310748429,-0.8361680310748429
150706,2025,0.0,0.8361680310748429,-0.8361680310748429
150707,2022,0.0,1.0733504664356026,-1.0733504664356026
150707,2023,0.0,1.0733504664356026,-1.0733504664356026
150707,2024,0.0,1.0733504664356026,-1.0733504664356026
150707,2025,0.0,1.0733504664356026,-1.0733504664356026
150708,2021,0.0,0.4207255780718041,-0.4207255780718041
150708,2022,0.0,0.4207255780718041,-0.4207255780718041
150708,2023,0.0,0.4207255780718041,-0.4207255780718041
150708,2024,0.0,0.4207255780718041,-0.4207255780718041
150708,2025,0.0,0.4207255780718041,-0.4207255780718041
150709,2021,0.0,1.1106347647613655,-1.1106347647613655
150709,2022,0.0,1.1106347647613655,-1.1106347647613655
150709,2023,0.0,1.1106347647613655,-1.1106347647613655
150709,2024,0.0,1.1106347647613655,-1.1106347647613655
150709,2025,0.0,1.1106347647613655,-1.1106347647613655
150710,2022,0.0,1.2118344523111164,-1.2118344523111164
150710,2023,0.0,1.2118344523111164,-1.2118344523111164
150710,2024,0.0,1.2118344523111164,-1.2118344523111164
150710,2025,0.0,1.2118344523111164,-1.2118344523111164
150711,2021,0.0,1.2965226467092499,-1.2965226467092499
150711,2022,0.0,1.2965226467092499,-1.2965226467092499
150711,2023,0.0,1.2965226467092499,-1.2965226467092499
150711,2024,0.0,1.2965226467092499,-1.2965226467092499
150711,2025,0.0,1.2965226467092499,-1.2965226467092499
150712,2022,8.29754436,0.5261256114404932,7.7714187485595065
150712,2023,0.0,0.5261256114404932,-0.5261256114404932
150712,2024,0.0,0.5261256114404932,-0.5261256114404932
150712,2025,0.0,0.5261256114404932,-0.5261256114404932
150713,2021,7.48111476,1.433968238434723,6.047146521565277
150713,2022,7.439206721,1.433968238434723,6.005238482565277
150713,2023,0.0,1.433968238434723,-1.433968238434723
150713,2024,0.0,1.433968238434723,-1.433968238434723
150713,2025,0.0,1.433968238434723,-1.433968238434723
150714,2021,0.0,1.4265009377016447,-1.4265009377016447
150714,2022,0.0,1.4265009377016447,-1.4265009377016447
150714,2023,0.0,1.4265009377016447,-1.4265009377016447
150714,2024,0.0,1.4265009377016447,-1.4265009377016447
150714,2025,0.0,1.4265009377016447,-1.4265009377016447
150715,2021,0.0,1.2571702495997086,-1.2571702495997086
150715,2022,0.0,1.2571702495997086,-1.2571702495997086
150715,2023,0.0,1.2571702495997086,-1.2571702495997086
150715,2024,0.0,1.2571702495997086,-1.2571702495997086
150715,2025,0.0,1.2571702495997086,-1.2571702495997086
150716,2021,4.659263748,1.8354632389944268,2.823800509005573
150716,2022,4.794717101,1.8354632389944268,2.959253862005573
150716,2023,0.0,1.8354632389944268,-1.8354632389944268
150716,2024,0.0,1.8354632389944268,-1.8354632389944268
150716,2025,0.0,1.8354632389944268,-1.8354632389944268
150717,2021,0.0,1.6770845907175382,-1.6770845907175382
150717,2022,0.0,1.6770845907175382,-1.6770845907175382
150717,2023,0.0,1.6770845907175382,-1.6770845907175382
150717,2024,0.0,1.6770845907175382,-1.6770845907175382
150717,2025,0.0,1.6770845907175382,-1.6770845907175382
150718,2021,0.0,0.6207811768011524,-0.6207811768011524
150718,2022,0.0,0.6207811768011524,-0.6207811768011524
150718,2023,0.0,0.6207811768011524,-0.6207811768011524
150718,2024,0.0,0.6207811768011524,-0.6207811768011524
150718,2025,0.0,0.6207811768011524,-0.6207811768011524
150719,2021,0.0,0.601115269668743,-0.601115269668743
150719,2023,0.0,0.601115269668743,-0.601115269668743
150719,2024,0.0,0.601115269668743,-0.601115269668743
150719,2025,0.0,0.601115269668743,-0.601115269668743
150720,2021,0.0,0.26070445987769536,-0.26070445987769536
150720,2022,0.0,0.26070445987769536,-0.26070445987769536
150720,2023,0.0,0.26070445987769536,-0.26070445987769536
150720,2024,0.0,0.26070445987769536,-0.26070445987769536
150720,2025,0.0,0.26070445987769536,-0.26070445987769536
150721,2021,0.0,1.3338413159137699,-1.3338413159137699
150721,2022,0.0,1.3338413159137699,-1.3338413159137699
150721,2023,0.0,1.3338413159137699,-1.3338413159137699
150721,2024,0.0,1.3338413159137699,-1.3338413159137699
150721,2025,0.0,1.3338413159137699,-1.3338413159137699
150722,2021,0.0,1.0466576777656245,-1.0466576777656245
150722,2022,0.0,1.0466576777656245,-1.0466576777656245
150722,2023,0.0,1.0466576777656245,-1.0466576777656245
150722,2024,0.0,1.0466576777656245,-1.0466576777656245
150722,2025,0.0,1.0466576777656245,-1.0466576777656245
150723,2021,6.384561821,1.4739663807079857,4.910595440292014
150723,2022,5.941124745,1.4739663807079857,4.467158364292014
150723,2023,0.0,1.4739663807079857,-1.4739663807079857
150723,2024,0.0,1.4739663807079857,-1.4739663807079857
150723,2025,0.0,1.4739663807079857,-1.4739663807079857
150724,2021,0.0,1.2611768446750218,-1.2611768446750218
150724,2022,0.0,1.2611768446750218,-1.2611768446750218
150724,2023,0.0,1.2611768446750218,-1.2611768446750218
150724,2024,0.0,1.2611768446750218,-1.2611768446750218
150724,2025,0.0,1.2611768446750218,-1.2611768446750218
150725,2021,0.0,0.42810946765036156,-0.42810946765036156
150725,2022,0.0,0.42810946765036156,-0.42810946765036156
150725,2023,0.0,0.42810946765036156,-0.42810946765036156
150725,2024,0.0,0.42810946765036156,-0.42810946765036156
150725,2025,0.0,0.42810946765036156,-0.42810946765036156
150726,2021,6.589201543,1.4939419961425833,5.095259546857417
150726,2022,7.77898887,1.4939419961425833,6.285046873857417
150726,2023,0.0,1.4939419961425833,-1.4939419961425833
150726,2024,0.0,1.4939419961425833,-1.4939419961425833
150726,2025,0.0,1.4939419961425833,-1.4939419961425833
150727,2021,0.0,1.3507689248870032,-1.3507689248870032
150727,2022,0.0,1.3507689248870032,-1.3507689248870032
150727,2023,0.0,1.3507689248870032,-1.3507689248870032
150727,2024,0.0,1.3507689248870032,-1.3507689248870032
150727,2025,0.0,1.3507689248870032,-1.3507689248870032
150728,2021,10.31270578,1.6709501682847645,8.641755611715235
150728,2022,9.119638019,1.6709501682847645,7.448687850715236
150728,2023,0.0,1.6709501682847645,-1.6709501682847645
150728,2024,0.0,1.6709501682847645,-1.6709501682847645
150728,2025,0.0,1.6709501682847645,-1.6709501682847645
150729,2021,0.0,0.7357865948306668,-0.7357865948306668
150729,2023,0.0,0.7357865948306668,-0.7357865948306668
150729,2024,0.0,0.7357865948306668,-0.7357865948306668
150729,2025,0.0,0.7357865948306668,-0.7357865948306668
150730,2021,0.0,1.0933768604785936,-1.0933768604785936
150730,2022,0.0,1.0933768604785936,-1.0933768604785936
150730,2023,0.0,1.0933768604785936,-1.0933768604785936
150730,2024,0.0,1.0933768604785936,-1.0933768604785936
150730,2025,0.0,1.0933768604785936,-1.0933768604785936
150731,2021,6.618738984,1.5710795174719163,5.047659466528084
150731,2022,6.544295465,1.5710795174719163,4.973215947528084
150731,2023,0.0,1.5710795174719163,-1.5710795174719163
150731,2024,0.0,1.5710795174719163,-1.5710795174719163
150731,2025,0.0,1.5710795174719163,-1.5710795174719163
150732,2021,0.0,1.7330877937259994,-1.7330877937259994
150732,2022,0.0,1.7330877937259994,-1.7330877937259994
150732,2023,0.0,1.7330877937259994,-1.7330877937259994
150732,2024,0.0,1.7330877937259994,-1.7330877937259994
150732,2025,0.0,1.7330877937259994,-1.7330877937259994
150801,2021,10.60810151,2.451973247972521,8.156128262027478
150801,2022,9.549483666,2.451973247972521,7.097510418027479
150801,2023,0.0,2.451973247972521,-2.451973247972521
150801,2024,0.0,2.451973247972521,-2.451973247972521
150801,2025,0.0,2.451973247972521,-2.451973247972521
150802,2021,5.55011316,1.4570650838565284,4.0930480761434715
150802,2022,5.893024474,1.4570650838565284,4.435959390143472
150802,2023,0.0,1.4570650838565284,-1.4570650838565284
150802,2024,0.0,1.4570650838565284,-1.4570650838565284
150802,2025,0.0,1.4570650838565284,-1.4570650838565284
150803,2021,5.691568893,1.3857873339094273,4.305781559090573
150803,2022,6.506403157,1.3857873339094273,5.1206158230905725
150803,2023,0.0,1.3857873339094273,-1.3857873339094273
150803,2024,0.0,1.3857873339094273,-1.3857873339094273
150803,2025,0.0,1.3857873339094273,-1.3857873339094273
150804,2021,0.0,0.720071916796822,-0.720071916796822
150804,2022,5.993906563,0.720071916796822,5.273834646203178
150804,2023,0.0,0.720071916796822,-0.720071916796822
150804,2024,0.0,0.720071916796822,-0.720071916796822
150804,2025,0.0,0.720071916796822,-0.720071916796822
150805,2021,5.651508978,2.101150030402175,3.5503589475978248
150805,2022,6.058064099,2.101150030402175,3.956914068597825
150805,2023,0.0,2.101150030402175,-2.101150030402175
150805,2024,0.0,2.101150030402175,-2.101150030402175
150805,2025,0.0,2.101150030402175,-2.101150030402175
150806,2021,5.40227136,1.6118770311008421,3.790394328899158
150806,2022,5.463572067,1.6118770311008421,3.851695035899158
150806,2023,0.0,1.6118770311008421,-1.6118770311008421
150806,2024,0.0,1.6118770311008421,-1.6118770311008421
150806,2025,0.0,1.6118770311008421,-1.6118770311008421
150807,2021,6.977526795,1.4330365968512677,5.544490198148733
150807,2022,6.71803499,1.4330365968512677,5.284998393148732
150807,2023,0.0,1.4330365968512677,-1.4330365968512677
150807,2024,0.0,1.4330365968512677,-1.4330365968512677
150807,2025,0.0,1.4330365968512677,-1.4330365968512677
150808,2021,0.0,1.576951255666408,-1.576951255666408
150808,2022,0.0,1.576951255666408,-1.576951255666408
150808,2023,0.0,1.576951255666408,-1.576951255666408
150808,2024,0.0,1.576951255666408,-1.576951255666408
150808,2025,0.0,1.576951255666408,-1.576951255666408
150809,2021,0.0,0.8869463990028041,-0.8869463990028041
150809,2022,0.0,0.8869463990028041,-0.8869463990028041
150809,2023,0.0,0.8869463990028041,-0.8869463990028041
150809,2024,0.0,0.8869463990028041,-0.8869463990028041
150809,2025,0.0,0.8869463990028041,-0.8869463990028041
150810,2021,5.794616944,2.0997762042379207,3.6948407397620797
150810,2022,5.972397668,2.0997762042379207,3.8726214637620795
150810,2023,0.0,2.0997762042379207,-2.0997762042379207
150810,2024,0.0,2.0997762042379207,-2.0997762042379207
150810,2025,0.0,2.0997762042379207,-2.0997762042379207
150811,2021,0.0,1.9266166677189018,-1.9266166677189018
150811,2022,0.0,1.9266166677189018,-1.9266166677189018
150811,2023,0.0,1.9266166677189018,-1.9266166677189018
150811,2024,0.0,1.9266166677189018,-1.9266166677189018
150811,2025,0.0,1.9266166677189018,-1.9266166677189018
150812,2021,2.897406502,2.8097795693518512,0.08762693264814869
150812,2022,3.164516993,2.8097795693518512,0.35473742364814864
150812,2023,0.0,2.8097795693518512,-2.8097795693518512
150812,2024,0.0,2.8097795693518512,-2.8097795693518512
150812,2025,0.0,2.8097795693518512,-2.8097795693518512
150901,2021,0.0,1.7781387076762076,-1.7781387076762076
150901,2022,0.0,1.7781387076762076,-1.7781387076762076
150901,2023,0.0,1.7781387076762076,-1.7781387076762076
150901,2024,0.0,1.7781387076762076,-1.7781387076762076
150901,2025,0.0,1.7781387076762076,-1.7781387076762076
150902,2021,0.0,0.7601045881527335,-0.7601045881527335
150902,2022,0.0,0.7601045881527335,-0.7601045881527335
150902,2023,0.0,0.7601045881527335,-0.7601045881527335
150902,2024,0.0,0.7601045881527335,-0.7601045881527335
150902,2025,0.0,0.7601045881527335,-0.7601045881527335
150903,2021,0.0,0.8107648998460337,-0.8107648998460337
150903,2022,0.0,0.8107648998460337,-0.8107648998460337
150903,2023,0.0,0.8107648998460337,-0.8107648998460337
150903,2024,0.0,0.8107648998460337,-0.8107648998460337
150903,2025,0.0,0.8107648998460337,-0.8107648998460337
150904,2021,5.376380093,1.2712274622995072,4.105152630700493
150904,2022,6.438208688,1.2712274622995072,5.166981225700493
150904,2023,0.0,1.2712274622995072,-1.2712274622995072
150904,2024,0.0,1.2712274622995072,-1.2712274622995072
150904,2025,0.0,1.2712274622995072,-1.2712274622995072
150905,2021,6.427250996,1.181176200171238,5.246074795828761
150905,2022,6.794149755,1.181176200171238,5.612973554828763
150905,2023,0.0,1.181176200171238,-1.181176200171238
150905,2024,0.0,1.181176200171238,-1.181176200171238
150905,2025,0.0,1.181176200171238,-1.181176200171238
150906,2021,0.0,1.7480061763708719,-1.7480061763708719
150906,2022,0.0,1.7480061763708719,-1.7480061763708719
150906,2023,0.0,1.7480061763708719,-1.7480061763708719
150906,2024,0.0,1.7480061763708719,-1.7480061763708719
150906,2025,0.0,1.7480061763708719,-1.7480061763708719
151001,2023,0.0,1.62023118115621,-1.62023118115621
151001,2024,0.0,1.62023118115621,-1.62023118115621
151001,2025,0.0,1.62023118115621,-1.62023118115621
151002,2021,6.581332378,0.7695798507276601,5.81175252727234
151002,2022,0.0,0.7695798507276601,-0.7695798507276601
151002,2023,0.0,0.7695798507276601,-0.7695798507276601
151002,2024,0.0,0.7695798507276601,-0.7695798507276601
151002,2025,0.0,0.7695798507276601,-0.7695798507276601
151003,2021,0.0,1.652603805423389,-1.652603805423389
151003,2022,11.91953728,1.652603805423389,10.26693347457661
151003,2023,0.0,1.652603805423389,-1.652603805423389
151003,2024,0.0,1.652603805423389,-1.652603805423389
151003,2025,0.0,1.652603805423389,-1.652603805423389
151004,2021,0.0,0.3082603175607212,-0.3082603175607212
151004,2022,0.0,0.3082603175607212,-0.3082603175607212
151004,2023,0.0,0.3082603175607212,-0.3082603175607212
151004,2024,0.0,0.3082603175607212,-0.3082603175607212
151004,2025,0.0,0.3082603175607212,-0.3082603175607212
151005,2021,6.427412672,0.8769252854102324,5.550487386589768
151005,2022,4.779123493,0.8769252854102324,3.902198207589768
151005,2023,0.0,0.8769252854102324,-0.8769252854102324
151005,2024,0.0,0.8769252854102324,-0.8769252854102324
151005,2025,0.0,0.8769252854102324,-0.8769252854102324
151006,2022,0.0,1.11514533111999,-1.11514533111999
151006,2023,0.0,1.11514533111999,-1.11514533111999
151006,2024,0.0,1.11514533111999,-1.11514533111999
151006,2025,0.0,1.11514533111999,-1.11514533111999
151007,2021,0.0,0.5979467817177991,-0.5979467817177991
151007,2023,0.0,0.5979467817177991,-0.5979467817177991
151007,2024,0.0,0.5979467817177991,-0.5979467817177991
151007,2025,0.0,0.5979467817177991,-0.5979467817177991
151008,2021,3.609877871,1.0743640916487445,2.5355137793512554
151008,2022,2.233592222,1.0743640916487445,1.1592281303512555
151008,2023,0.0,1.0743640916487445,-1.0743640916487445
151008,2024,0.0,1.0743640916487445,-1.0743640916487445
151008,2025,0.0,1.0743640916487445,-1.0743640916487445
151009,2021,6.347097281,1.571264366245582,4.775832914754417
151009,2022,6.877581518,1.571264366245582,5.306317151754419
151009,2023,0.0,1.571264366245582,-1.571264366245582
151009,2024,0.0,1.571264366245582,-1.571264366245582
151009,2025,0.0,1.571264366245582,-1.571264366245582
151010,2023,0.0,0.754419134493772,-0.754419134493772
151010,2024,0.0,0.754419134493772,-0.754419134493772
151010,2025,0.0,0.754419134493772,-0.754419134493772
151011,2021,0.0,1.3811012948601886,-1.3811012948601886
151011,2022,0.0,1.3811012948601886,-1.3811012948601886
151011,2023,0.0,1.3811012948601886,-1.3811012948601886
151011,2024,0.0,1.3811012948601886,-1.3811012948601886
151011,2025,0.0,1.3811012948601886,-1.3811012948601886
151012,2021,0.0,0.5555744953325628,-0.5555744953325628
151012,2022,0.0,0.5555744953325628,-0.5555744953325628
151012,2023,0.0,0.5555744953325628,-0.5555744953325628
151012,2024,0.0,0.5555744953325628,-0.5555744953325628
151012,2025,0.0,0.5555744953325628,-0.5555744953325628
151013,2022,0.0,0.7908617247924203,-0.7908617247924203
151013,2023,0.0,0.7908617247924203,-0.7908617247924203
151013,2024,0.0,0.7908617247924203,-0.7908617247924203
151013,2025,0.0,0.7908617247924203,-0.7908617247924203
151014,2022,0.0,1.05342929347851,-1.05342929347851
151014,2023,0.0,1.05342929347851,-1.05342929347851
151014,2024,0.0,1.05342929347851,-1.05342929347851
151014,2025,0.0,1.05342929347851,-1.05342929347851
151015,2021,5.183965936,1.3806068496481236,3.8033590863518763
151015,2023,0.0,1.3806068496481236,-1.3806068496481236
151015,2024,0.0,1.3806068496481236,-1.3806068496481236
151015,2025,0.0,1.3806068496481236,-1.3806068496481236
151016,2021,10.4591252,0.46689054328706714,9.992234656712935
151016,2022,6.957497371,0.46689054328706714,6.4906068277129325
151016,2023,0.0,0.46689054328706714,-0.46689054328706714
151016,2024,0.0,0.46689054328706714,-0.46689054328706714
151016,2025,0.0,0.46689054328706714,-0.46689054328706714
151017,2021,0.0,0.15327597660343886,-0.15327597660343886
151017,2022,0.0,0.15327597660343886,-0.15327597660343886
151017,2023,0.0,0.15327597660343886,-0.15327597660343886
151018,2021,0.0,1.1328115623800994,-1.1328115623800994
151018,2022,0.0,1.1328115623800994,-1.1328115623800994
151018,2023,0.0,1.1328115623800994,-1.1328115623800994
151018,2024,0.0,1.1328115623800994,-1.1328115623800994
151018,2025,0.0,1.1328115623800994,-1.1328115623800994
151019,2021,6.72486213,0.4217493188097101,6.30311281119029
151019,2022,6.060290738,0.4217493188097101,5.63854141919029
151019,2023,0.0,0.4217493188097101,-0.4217493188097101
151019,2024,0.0,0.4217493188097101,-0.4217493188097101
151019,2025,0.0,0.4217493188097101,-0.4217493188097101
151020,2021,0.0,0.8203509164749562,-0.8203509164749562
151020,2022,0.0,0.8203509164749562,-0.8203509164749562
151020,2023,0.0,0.8203509164749562,-0.8203509164749562
151020,2024,0.0,0.8203509164749562,-0.8203509164749562
151020,2025,0.0,0.8203509164749562,-0.8203509164749562
151021,2021,0.0,0.3615503068003253,-0.3615503068003253
151021,2022,0.0,0.3615503068003253,-0.3615503068003253
151021,2023,0.0,0.3615503068003253,-0.3615503068003253
151021,2024,0.0,0.3615503068003253,-0.3615503068003253
151021,2025,0.0,0.3615503068003253,-0.3615503068003253
151022,2021,6.304039212,1.7717355506214958,4.532303661378505
151022,2022,6.45126,1.7717355506214958,4.679524449378505
151022,2023,0.0,1.7717355506214958,-1.7717355506214958
151022,2024,0.0,1.7717355506214958,-1.7717355506214958
151022,2025,0.0,1.7717355506214958,-1.7717355506214958
151023,2021,0.0,1.1847251991721188,-1.1847251991721188
151023,2022,0.0,1.1847251991721188,-1.1847251991721188
151023,2023,0.0,1.1847251991721188,-1.1847251991721188
151023,2024,0.0,1.1847251991721188,-1.1847251991721188
151023,2025,0.0,1.1847251991721188,-1.1847251991721188
151024,2021,0.0,0.9476379579910574,-0.9476379579910574
151024,2022,0.0,0.9476379579910574,-0.9476379579910574
151024,2023,0.0,0.9476379579910574,-0.9476379579910574
151024,2024,0.0,0.9476379579910574,-0.9476379579910574
151024,2025,0.0,0.9476379579910574,-0.9476379579910574
151025,2021,0.0,1.123987632654665,-1.123987632654665
151025,2023,0.0,1.123987632654665,-1.123987632654665
151025,2024,0.0,1.123987632654665,-1.123987632654665
151025,2025,0.0,1.123987632654665,-1.123987632654665
151027,2021,7.411888559,0.8723727681086973,6.539515790891303
151027,2022,0.0,0.8723727681086973,-0.8723727681086973
151027,2023,0.0,0.8723727681086973,-0.8723727681086973
151027,2024,0.0,0.8723727681086973,-0.8723727681086973
151027,2025,0.0,0.8723727681086973,-0.8723727681086973
151028,2021,0.0,0.6745361128025666,-0.6745361128025666
151028,2023,0.0,0.6745361128025666,-0.6745361128025666
151028,2024,0.0,0.6745361128025666,-0.6745361128025666
151028,2025,0.0,0.6745361128025666,-0.6745361128025666
151029,2021,0.0,0.9938433075530102,-0.9938433075530102
151029,2022,0.0,0.9938433075530102,-0.9938433075530102
151029,2023,0.0,0.9938433075530102,-0.9938433075530102
151029,2024,0.0,0.9938433075530102,-0.9938433075530102
151029,2025,0.0,0.9938433075530102,-0.9938433075530102
151030,2021,0.0,0.9868403535915194,-0.9868403535915194
151030,2022,0.0,0.9868403535915194,-0.9868403535915194
151030,2023,0.0,0.9868403535915194,-0.9868403535915194
151030,2024,0.0,0.9868403535915194,-0.9868403535915194
151030,2025,0.0,0.9868403535915194,-0.9868403535915194
151031,2021,0.0,1.2258151133792028,-1.2258151133792028
151031,2022,0.0,1.2258151133792028,-1.2258151133792028
151031,2023,0.0,1.2258151133792028,-1.2258151133792028
151031,2024,0.0,1.2258151133792028,-1.2258151133792028
151031,2025,0.0,1.2258151133792028,-1.2258151133792028
151032,2021,0.0,1.8486334395104695,-1.8486334395104695
151032,2022,0.0,1.8486334395104695,-1.8486334395104695
151032,2023,0.0,1.8486334395104695,-1.8486334395104695
151032,2024,0.0,1.8486334395104695,-1.8486334395104695
151032,2025,0.0,1.8486334395104695,-1.8486334395104695
151033,2021,0.0,0.5517967414360445,-0.5517967414360445
151033,2023,0.0,0.5517967414360445,-0.5517967414360445
151033,2024,0.0,0.5517967414360445,-0.5517967414360445
151033,2025,0.0,0.5517967414360445,-0.5517967414360445
160101,2021,10.16399135,3.1408710820953027,7.023120267904697
160101,2022,8.564614944,3.1408710820953027,5.423743861904698
160101,2023,0.0,3.1408710820953027,-3.1408710820953027
160101,2024,0.0,3.1408710820953027,-3.1408710820953027
160101,2025,0.0,3.1408710820953027,-3.1408710820953027
160102,2021,5.968940037,1.9396664472269454,4.029273589773055
160102,2022,5.818208913,1.9396664472269454,3.878542465773055
160102,2023,0.0,1.9396664472269454,-1.9396664472269454
160102,2024,0.0,1.9396664472269454,-1.9396664472269454
160102,2025,0.0,1.9396664472269454,-1.9396664472269454
160103,2021,5.857692563,1.7657587708919726,4.091933792108027
160103,2022,5.346858185,1.7657587708919726,3.581099414108028
160103,2023,0.0,1.7657587708919726,-1.7657587708919726
160103,2024,0.0,1.7657587708919726,-1.7657587708919726
160103,2025,0.0,1.7657587708919726,-1.7657587708919726
160104,2021,5.281281777,1.4538402019009067,3.8274415750990936
160104,2022,5.713715793,1.4538402019009067,4.259875591099094
160104,2023,0.0,1.4538402019009067,-1.4538402019009067
160104,2024,0.0,1.4538402019009067,-1.4538402019009067
160104,2025,0.0,1.4538402019009067,-1.4538402019009067
160105,2021,6.238149703,1.6739821165737194,4.564167586426281
160105,2022,6.616907487,1.6739821165737194,4.9429253704262806
160105,2023,0.0,1.6739821165737194,-1.6739821165737194
160105,2024,0.0,1.6739821165737194,-1.6739821165737194
160105,2025,0.0,1.6739821165737194,-1.6739821165737194
160106,2021,0.0,1.8652408655626465,-1.8652408655626465
160106,2022,0.0,1.8652408655626465,-1.8652408655626465
160106,2023,0.0,1.8652408655626465,-1.8652408655626465
160106,2024,0.0,1.8652408655626465,-1.8652408655626465
160106,2025,0.0,1.8652408655626465,-1.8652408655626465
160107,2021,5.349523964,1.9532302675783815,3.396293696421619
160107,2022,5.673378841,1.9532302675783815,3.7201485734216186
160107,2023,0.0,1.9532302675783815,-1.9532302675783815
160107,2024,0.0,1.9532302675783815,-1.9532302675783815
160107,2025,0.0,1.9532302675783815,-1.9532302675783815
160108,2021,8.352452302,2.5498437042658515,5.802608597734148
160108,2022,7.164364418,2.5498437042658515,4.614520713734148
160108,2023,0.0,2.5498437042658515,-2.5498437042658515
160108,2024,0.0,2.5498437042658515,-2.5498437042658515
160108,2025,0.0,2.5498437042658515,-2.5498437042658515
160110,2021,4.604937601,1.0770307575688476,3.5279068434311522
160110,2022,4.863361739,1.0770307575688476,3.7863309814311528
160110,2023,0.0,1.0770307575688476,-1.0770307575688476
160110,2024,0.0,1.0770307575688476,-1.0770307575688476
160110,2025,0.0,1.0770307575688476,-1.0770307575688476
160112,2021,6.328343401,2.489287431904802,3.8390559690951975
160112,2022,5.601810327,2.489287431904802,3.1125228950951978
160112,2023,0.0,2.489287431904802,-2.489287431904802
160112,2024,0.0,2.489287431904802,-2.489287431904802
160112,2025,0.0,2.489287431904802,-2.489287431904802
160113,2021,5.457109494,2.535162117667615,2.921947376332385
160113,2022,5.408037093,2.535162117667615,2.872874975332385
160113,2023,0.0,2.535162117667615,-2.535162117667615
160113,2024,0.0,2.535162117667615,-2.535162117667615
160113,2025,0.0,2.535162117667615,-2.535162117667615
160201,2021,9.107283635,2.9568049613336678,6.150478673666332
160201,2022,7.162601744,2.9568049613336678,4.205796782666332
160201,2023,0.0,2.9568049613336678,-2.9568049613336678
160201,2024,0.0,2.9568049613336678,-2.9568049613336678
160201,2025,0.0,2.9568049613336678,-2.9568049613336678
160202,2021,4.461528331,1.8719652627068621,2.5895630682931383
160202,2022,4.278054044,1.8719652627068621,2.406088781293138
160202,2023,0.0,1.8719652627068621,-1.8719652627068621
160202,2024,0.0,1.8719652627068621,-1.8719652627068621
160202,2025,0.0,1.8719652627068621,-1.8719652627068621
160205,2021,0.0,1.9031197220458633,-1.9031197220458633
160205,2022,5.198034593,1.9031197220458633,3.2949148709541367
160205,2023,0.0,1.9031197220458633,-1.9031197220458633
160205,2024,0.0,1.9031197220458633,-1.9031197220458633
160205,2025,0.0,1.9031197220458633,-1.9031197220458633
160206,2021,0.0,1.322742395066775,-1.322742395066775
160206,2022,0.0,1.322742395066775,-1.322742395066775
160206,2023,0.0,1.322742395066775,-1.322742395066775
160206,2024,0.0,1.322742395066775,-1.322742395066775
160206,2025,0.0,1.322742395066775,-1.322742395066775
160210,2021,8.548110294,1.6873297870983979,6.860780506901603
160210,2022,6.957040559,1.6873297870983979,5.269710771901602
160210,2023,0.0,1.6873297870983979,-1.6873297870983979
160210,2024,0.0,1.6873297870983979,-1.6873297870983979
160210,2025,0.0,1.6873297870983979,-1.6873297870983979
160211,2021,0.0,1.129716568344285,-1.129716568344285
160211,2022,0.0,1.129716568344285,-1.129716568344285
160211,2023,0.0,1.129716568344285,-1.129716568344285
160211,2024,0.0,1.129716568344285,-1.129716568344285
160211,2025,0.0,1.129716568344285,-1.129716568344285
160301,2021,8.329957193,2.4211575954441216,5.908799597555879
160301,2022,5.344909093,2.4211575954441216,2.9237514975558785
160301,2023,0.0,2.4211575954441216,-2.4211575954441216
160301,2024,0.0,2.4211575954441216,-2.4211575954441216
160301,2025,0.0,2.4211575954441216,-2.4211575954441216
160302,2021,4.884208287,2.2735365013652684,2.6106717856347315
160302,2022,4.935272974,2.2735365013652684,2.6617364726347317
160302,2023,0.0,2.2735365013652684,-2.2735365013652684
160302,2024,0.0,2.2735365013652684,-2.2735365013652684
160302,2025,0.0,2.2735365013652684,-2.2735365013652684
160303,2021,4.731973193,1.8382260680929579,2.8937471249070423
160303,2022,6.297633945,1.8382260680929579,4.459407876907043
160303,2023,0.0,1.8382260680929579,-1.8382260680929579
160303,2024,0.0,1.8382260680929579,-1.8382260680929579
160303,2025,0.0,1.8382260680929579,-1.8382260680929579
160304,2021,6.517648159,1.7939268892542082,4.723721269745792
160304,2022,6.154044299,1.7939268892542082,4.360117409745792
160304,2023,0.0,1.7939268892542082,-1.7939268892542082
160304,2024,0.0,1.7939268892542082,-1.7939268892542082
160304,2025,0.0,1.7939268892542082,-1.7939268892542082
160305,2021,5.481210655,2.0583262775910414,3.4228843774089586
160305,2022,5.453774777,2.0583262775910414,3.395448499408958
160305,2023,0.0,2.0583262775910414,-2.0583262775910414
160305,2024,0.0,2.0583262775910414,-2.0583262775910414
160305,2025,0.0,2.0583262775910414,-2.0583262775910414
160401,2021,0.0,2.207326454529111,-2.207326454529111
160401,2022,0.0,2.207326454529111,-2.207326454529111
160401,2023,0.0,2.207326454529111,-2.207326454529111
160401,2024,0.0,2.207326454529111,-2.207326454529111
160401,2025,0.0,2.207326454529111,-2.207326454529111
160402,2021,6.602599794,1.4607630700964034,5.141836723903596
160402,2022,11.30220357,1.4607630700964034,9.841440499903596
160402,2023,0.0,1.4607630700964034,-1.4607630700964034
160402,2024,0.0,1.4607630700964034,-1.4607630700964034
160402,2025,0.0,1.4607630700964034,-1.4607630700964034
160403,2021,4.262263089,2.022154286779475,2.2401088022205253
160403,2022,5.406148212,2.022154286779475,3.383993925220525
160403,2023,0.0,2.022154286779475,-2.022154286779475
160403,2024,0.0,2.022154286779475,-2.022154286779475
160403,2025,0.0,2.022154286779475,-2.022154286779475
160404,2021,6.525440846,1.8274685350944548,4.697972310905546
160404,2022,6.892195664,1.8274685350944548,5.064727128905545
160404,2023,0.0,1.8274685350944548,-1.8274685350944548
160404,2024,0.0,1.8274685350944548,-1.8274685350944548
160404,2025,0.0,1.8274685350944548,-1.8274685350944548
160501,2021,5.521930781,1.8648476539204752,3.6570831270795248
160501,2022,5.438495504,1.8648476539204752,3.5736478500795243
160501,2023,0.0,1.8648476539204752,-1.8648476539204752
160501,2024,0.0,1.8648476539204752,-1.8648476539204752
160501,2025,0.0,1.8648476539204752,-1.8648476539204752
160502,2022,0.0,1.4620649195924365,-1.4620649195924365
160502,2023,0.0,1.4620649195924365,-1.4620649195924365
160502,2024,0.0,1.4620649195924365,-1.4620649195924365
160502,2025,0.0,1.4620649195924365,-1.4620649195924365
160503,2021,0.0,0.9410850526646234,-0.9410850526646234
160503,2022,0.0,0.9410850526646234,-0.9410850526646234
160503,2023,0.0,0.9410850526646234,-0.9410850526646234
160503,2024,0.0,0.9410850526646234,-0.9410850526646234
160503,2025,0.0,0.9410850526646234,-0.9410850526646234
160504,2021,4.430434463,1.4280925773738908,3.0023418856261093
160504,2022,4.576295765,1.4280925773738908,3.1482031876261094
160504,2023,0.0,1.4280925773738908,-1.4280925773738908
160504,2024,0.0,1.4280925773738908,-1.4280925773738908
160504,2025,0.0,1.4280925773738908,-1.4280925773738908
160505,2021,5.173895208,1.2295658717616167,3.9443293362383836
160505,2022,6.192946602,1.2295658717616167,4.963380730238383
160505,2023,0.0,1.2295658717616167,-1.2295658717616167
160505,2024,0.0,1.2295658717616167,-1.2295658717616167
160505,2025,0.0,1.2295658717616167,-1.2295658717616167
160506,2021,0.0,1.1905097838319236,-1.1905097838319236
160506,2022,0.0,1.1905097838319236,-1.1905097838319236
160506,2023,0.0,1.1905097838319236,-1.1905097838319236
160506,2024,0.0,1.1905097838319236,-1.1905097838319236
160506,2025,0.0,1.1905097838319236,-1.1905097838319236
160507,2021,5.601613209,1.6974203096074045,3.904192899392595
160507,2022,6.553017234,1.6974203096074045,4.855596924392596
160507,2023,0.0,1.6974203096074045,-1.6974203096074045
160507,2024,0.0,1.6974203096074045,-1.6974203096074045
160507,2025,0.0,1.6974203096074045,-1.6974203096074045
160508,2022,8.524367395,1.3294231730976036,7.1949442219023965
160508,2023,0.0,1.3294231730976036,-1.3294231730976036
160508,2024,0.0,1.3294231730976036,-1.3294231730976036
160508,2025,0.0,1.3294231730976036,-1.3294231730976036
160509,2021,0.0,1.1934895048617042,-1.1934895048617042
160509,2023,0.0,1.1934895048617042,-1.1934895048617042
160509,2025,0.0,1.1934895048617042,-1.1934895048617042
160510,2021,3.947349074,1.0013921058057311,2.9459569681942686
160510,2022,0.0,1.0013921058057311,-1.0013921058057311
160510,2023,0.0,1.0013921058057311,-1.0013921058057311
160510,2024,0.0,1.0013921058057311,-1.0013921058057311
160510,2025,0.0,1.0013921058057311,-1.0013921058057311
160511,2021,0.0,1.8666673632418855,-1.8666673632418855
160511,2022,0.0,1.8666673632418855,-1.8666673632418855
160511,2023,0.0,1.8666673632418855,-1.8666673632418855
160511,2024,0.0,1.8666673632418855,-1.8666673632418855
160511,2025,0.0,1.8666673632418855,-1.8666673632418855
160601,2021,8.528773654,2.1443045077053617,6.384469146294638
160601,2022,6.853928815,2.1443045077053617,4.7096243072946375
160601,2023,0.0,2.1443045077053617,-2.1443045077053617
160601,2024,0.0,2.1443045077053617,-2.1443045077053617
160601,2025,0.0,2.1443045077053617,-2.1443045077053617
160602,2021,0.0,0.9118858521149811,-0.9118858521149811
160602,2022,0.0,0.9118858521149811,-0.9118858521149811
160602,2023,0.0,0.9118858521149811,-0.9118858521149811
160602,2024,0.0,0.9118858521149811,-0.9118858521149811
160602,2025,0.0,0.9118858521149811,-0.9118858521149811
160603,2021,0.0,1.5416858135332128,-1.5416858135332128
160603,2022,0.0,1.5416858135332128,-1.5416858135332128
160603,2023,0.0,1.5416858135332128,-1.5416858135332128
160603,2024,0.0,1.5416858135332128,-1.5416858135332128
160603,2025,0.0,1.5416858135332128,-1.5416858135332128
160604,2021,6.388830613,1.1080964369110204,5.280734176088979
160604,2022,5.796415766,1.1080964369110204,4.68831932908898
160604,2023,0.0,1.1080964369110204,-1.1080964369110204
160604,2024,0.0,1.1080964369110204,-1.1080964369110204
160604,2025,0.0,1.1080964369110204,-1.1080964369110204
160605,2021,4.799403484,1.4376059383385857,3.361797545661414
160605,2022,4.917007314,1.4376059383385857,3.479401375661414
160605,2023,0.0,1.4376059383385857,-1.4376059383385857
160605,2024,0.0,1.4376059383385857,-1.4376059383385857
160605,2025,0.0,1.4376059383385857,-1.4376059383385857
160606,2021,0.0,1.3122963259221465,-1.3122963259221465
160606,2022,0.0,1.3122963259221465,-1.3122963259221465
160606,2023,0.0,1.3122963259221465,-1.3122963259221465
160606,2024,0.0,1.3122963259221465,-1.3122963259221465
160606,2025,0.0,1.3122963259221465,-1.3122963259221465
160701,2021,9.356315082,2.2233374158830657,7.132977666116934
160701,2022,7.977577308,2.2233374158830657,5.754239892116934
160701,2023,0.0,2.2233374158830657,-2.2233374158830657
160701,2024,0.0,2.2233374158830657,-2.2233374158830657
160701,2025,0.0,2.2233374158830657,-2.2233374158830657
160702,2021,5.030369836,1.1458375571851582,3.884532278814842
160702,2022,5.819515971,1.1458375571851582,4.673678413814843
160702,2023,0.0,1.1458375571851582,-1.1458375571851582
160702,2024,0.0,1.1458375571851582,-1.1458375571851582
160702,2025,0.0,1.1458375571851582,-1.1458375571851582
160703,2021,4.64329673,1.2432247693303633,3.400071960669637
160703,2022,5.142084756,1.2432247693303633,3.8988599866696365
160703,2023,0.0,1.2432247693303633,-1.2432247693303633
160703,2024,0.0,1.2432247693303633,-1.2432247693303633
160703,2025,0.0,1.2432247693303633,-1.2432247693303633
160704,2021,0.0,1.4157580349891392,-1.4157580349891392
160704,2022,0.0,1.4157580349891392,-1.4157580349891392
160704,2023,0.0,1.4157580349891392,-1.4157580349891392
160704,2024,0.0,1.4157580349891392,-1.4157580349891392
160704,2025,0.0,1.4157580349891392,-1.4157580349891392
160705,2021,0.0,1.659519128321026,-1.659519128321026
160705,2022,4.551241844,1.659519128321026,2.8917227156789735
160705,2023,0.0,1.659519128321026,-1.659519128321026
160705,2024,0.0,1.659519128321026,-1.659519128321026
160705,2025,0.0,1.659519128321026,-1.659519128321026
160706,2021,3.135218999,1.6751647696228034,1.4600542293771968
160706,2022,3.973942056,1.6751647696228034,2.2987772863771965
160706,2023,0.0,1.6751647696228034,-1.6751647696228034
160706,2024,0.0,1.6751647696228034,-1.6751647696228034
160706,2025,0.0,1.6751647696228034,-1.6751647696228034
160801,2021,3.282452345,1.5078909092825186,1.7745614357174813
160801,2022,0.0,1.5078909092825186,-1.5078909092825186
160801,2023,0.0,1.5078909092825186,-1.5078909092825186
160801,2024,0.0,1.5078909092825186,-1.5078909092825186
160801,2025,0.0,1.5078909092825186,-1.5078909092825186
160802,2021,0.0,1.1205542647512368,-1.1205542647512368
160802,2022,0.0,1.1205542647512368,-1.1205542647512368
160802,2023,0.0,1.1205542647512368,-1.1205542647512368
160802,2024,0.0,1.1205542647512368,-1.1205542647512368
160802,2025,0.0,1.1205542647512368,-1.1205542647512368
160803,2021,4.167804565,1.2079885540993553,2.959816010900645
160803,2022,9.006850214,1.2079885540993553,7.798861659900645
160803,2023,0.0,1.2079885540993553,-1.2079885540993553
160803,2024,0.0,1.2079885540993553,-1.2079885540993553
160803,2025,0.0,1.2079885540993553,-1.2079885540993553
160804,2021,5.117993812,1.87898783856639,3.23900597343361
160804,2022,5.951887249,1.87898783856639,4.07289941043361
160804,2023,0.0,1.87898783856639,-1.87898783856639
160804,2024,0.0,1.87898783856639,-1.87898783856639
160804,2025,0.0,1.87898783856639,-1.87898783856639
170101,2021,8.990592733,2.5211500097530655,6.469442723246934
170101,2022,9.700489339,2.5211500097530655,7.179339329246935
170101,2023,0.0,2.5211500097530655,-2.5211500097530655
170101,2024,0.0,2.5211500097530655,-2.5211500097530655
170101,2025,0.0,2.5211500097530655,-2.5211500097530655
170102,2021,0.0,1.890373183591404,-1.890373183591404
170102,2022,0.0,1.890373183591404,-1.890373183591404
170102,2023,0.0,1.890373183591404,-1.890373183591404
170102,2024,0.0,1.890373183591404,-1.890373183591404
170102,2025,0.0,1.890373183591404,-1.890373183591404
170103,2021,5.652960327,1.8045242529232783,3.848436074076721
170103,2022,6.49345881,1.8045242529232783,4.688934557076721
170103,2023,0.0,1.8045242529232783,-1.8045242529232783
170103,2024,0.0,1.8045242529232783,-1.8045242529232783
170103,2025,0.0,1.8045242529232783,-1.8045242529232783
170104,2021,3.349904087,1.6876080390949215,1.6622960479050786
170104,2022,3.132438446,1.6876080390949215,1.4448304069050786
170104,2023,0.0,1.6876080390949215,-1.6876080390949215
170104,2024,0.0,1.6876080390949215,-1.6876080390949215
170104,2025,0.0,1.6876080390949215,-1.6876080390949215
170201,2021,3.947092424,1.5022391985735828,2.4448532254264173
170201,2022,4.249456999,1.5022391985735828,2.7472178004264176
170201,2023,0.0,1.5022391985735828,-1.5022391985735828
170201,2024,0.0,1.5022391985735828,-1.5022391985735828
170201,2025,0.0,1.5022391985735828,-1.5022391985735828
170202,2021,5.426143958,1.3441986296857829,4.081945328314217
170202,2022,4.73986644,1.3441986296857829,3.395667810314217
170202,2023,0.0,1.3441986296857829,-1.3441986296857829
170202,2024,0.0,1.3441986296857829,-1.3441986296857829
170202,2025,0.0,1.3441986296857829,-1.3441986296857829
170203,2021,0.0,1.828034638029611,-1.828034638029611
170203,2022,4.882557513,1.828034638029611,3.054522874970389
170203,2023,0.0,1.828034638029611,-1.828034638029611
170203,2024,0.0,1.828034638029611,-1.828034638029611
170203,2025,0.0,1.828034638029611,-1.828034638029611
170204,2021,6.666472003,1.116030961637136,5.550441041362864
170204,2022,7.233966479,1.116030961637136,6.117935517362865
170204,2023,0.0,1.116030961637136,-1.116030961637136
170204,2024,0.0,1.116030961637136,-1.116030961637136
170204,2025,0.0,1.116030961637136,-1.116030961637136
170301,2021,0.0,2.2546224100064207,-2.2546224100064207
170301,2022,4.56682528,2.2546224100064207,2.312202869993579
170301,2023,0.0,2.2546224100064207,-2.2546224100064207
170301,2024,0.0,2.2546224100064207,-2.2546224100064207
170301,2025,0.0,2.2546224100064207,-2.2546224100064207
170302,2021,0.0,1.4069474421257802,-1.4069474421257802
170302,2022,1.904237453,1.4069474421257802,0.49729001087421976
170302,2023,0.0,1.4069474421257802,-1.4069474421257802
170302,2024,0.0,1.4069474421257802,-1.4069474421257802
170302,2025,0.0,1.4069474421257802,-1.4069474421257802
170303,2021,0.0,1.5063425768875853,-1.5063425768875853
170303,2022,0.0,1.5063425768875853,-1.5063425768875853
170303,2023,0.0,1.5063425768875853,-1.5063425768875853
170303,2024,0.0,1.5063425768875853,-1.5063425768875853
170303,2025,0.0,1.5063425768875853,-1.5063425768875853
180101,2021,9.895764699,2.3164209924578962,7.5793437065421045
180101,2022,7.616348595,2.3164209924578962,5.299927602542104
180101,2023,0.0,2.3164209924578962,-2.3164209924578962
180101,2024,0.0,2.3164209924578962,-2.3164209924578962
180101,2025,0.0,2.3164209924578962,-2.3164209924578962
180102,2021,0.0,1.1452538745768261,-1.1452538745768261
180102,2023,0.0,1.1452538745768261,-1.1452538745768261
180102,2024,0.0,1.1452538745768261,-1.1452538745768261
180102,2025,0.0,1.1452538745768261,-1.1452538745768261
180103,2021,0.0,1.003861994215858,-1.003861994215858
180103,2023,0.0,1.003861994215858,-1.003861994215858
180103,2024,0.0,1.003861994215858,-1.003861994215858
180103,2025,0.0,1.003861994215858,-1.003861994215858
180104,2021,5.835165923,1.2987582651516059,4.536407657848394
180104,2022,6.12287722,1.2987582651516059,4.8241189548483945
180104,2023,0.0,1.2987582651516059,-1.2987582651516059
180104,2024,0.0,1.2987582651516059,-1.2987582651516059
180104,2025,0.0,1.2987582651516059,-1.2987582651516059
180105,2021,0.0,0.9328637637321506,-0.9328637637321506
180105,2022,0.0,0.9328637637321506,-0.9328637637321506
180105,2023,0.0,0.9328637637321506,-0.9328637637321506
180105,2024,0.0,0.9328637637321506,-0.9328637637321506
180105,2025,0.0,0.9328637637321506,-0.9328637637321506
180106,2021,0.0,1.3527826280565272,-1.3527826280565272
180106,2023,0.0,1.3527826280565272,-1.3527826280565272
180106,2024,0.0,1.3527826280565272,-1.3527826280565272
180106,2025,0.0,1.3527826280565272,-1.3527826280565272
180201,2021,0.0,1.0450181209464384,-1.0450181209464384
180201,2022,0.0,1.0450181209464384,-1.0450181209464384
180201,2023,0.0,1.0450181209464384,-1.0450181209464384
180201,2024,0.0,1.0450181209464384,-1.0450181209464384
180201,2025,0.0,1.0450181209464384,-1.0450181209464384
180202,2021,0.0,0.7978696696540449,-0.7978696696540449
180202,2022,0.0,0.7978696696540449,-0.7978696696540449
180202,2023,0.0,0.7978696696540449,-0.7978696696540449
180202,2024,0.0,0.7978696696540449,-0.7978696696540449
180202,2025,0.0,0.7978696696540449,-0.7978696696540449
180203,2021,0.0,0.5416032529599274,-0.5416032529599274
180203,2022,0.0,0.5416032529599274,-0.5416032529599274
180203,2023,0.0,0.5416032529599274,-0.5416032529599274
180203,2024,0.0,0.5416032529599274,-0.5416032529599274
180203,2025,0.0,0.5416032529599274,-0.5416032529599274
180204,2021,6.284999991,1.5488946833246653,4.736105307675335
180204,2022,6.372039106,1.5488946833246653,4.823144422675335
180204,2023,0.0,1.5488946833246653,-1.5488946833246653
180204,2024,0.0,1.5488946833246653,-1.5488946833246653
180204,2025,0.0,1.5488946833246653,-1.5488946833246653
180205,2021,6.204557763,1.2994849142697447,4.9050728487302555
180205,2022,5.497168225,1.2994849142697447,4.197683310730255
180205,2023,0.0,1.2994849142697447,-1.2994849142697447
180205,2024,0.0,1.2994849142697447,-1.2994849142697447
180205,2025,0.0,1.2994849142697447,-1.2994849142697447
180206,2021,0.0,0.49104314165427104,-0.49104314165427104
180206,2022,0.0,0.49104314165427104,-0.49104314165427104
180206,2023,0.0,0.49104314165427104,-0.49104314165427104
180206,2024,0.0,0.49104314165427104,-0.49104314165427104
180206,2025,0.0,0.49104314165427104,-0.49104314165427104
180207,2021,0.0,1.1216733662158596,-1.1216733662158596
180207,2022,0.0,1.1216733662158596,-1.1216733662158596
180207,2023,0.0,1.1216733662158596,-1.1216733662158596
180207,2024,0.0,1.1216733662158596,-1.1216733662158596
180207,2025,0.0,1.1216733662158596,-1.1216733662158596
180208,2021,7.802838089,0.9718304465640624,6.831007642435937
180208,2022,6.087807252,0.9718304465640624,5.115976805435938
180208,2023,0.0,0.9718304465640624,-0.9718304465640624
180208,2024,0.0,0.9718304465640624,-0.9718304465640624
180208,2025,0.0,0.9718304465640624,-0.9718304465640624
180209,2021,0.0,0.40578566899549534,-0.40578566899549534
180209,2023,0.0,0.40578566899549534,-0.40578566899549534
180209,2024,0.0,0.40578566899549534,-0.40578566899549534
180209,2025,0.0,0.40578566899549534,-0.40578566899549534
180210,2021,0.0,1.2360499925806916,-1.2360499925806916
180210,2022,0.0,1.2360499925806916,-1.2360499925806916
180210,2023,0.0,1.2360499925806916,-1.2360499925806916
180210,2024,0.0,1.2360499925806916,-1.2360499925806916
180210,2025,0.0,1.2360499925806916,-1.2360499925806916
180211,2021,0.0,0.9044038907220676,-0.9044038907220676
180211,2022,0.0,0.9044038907220676,-0.9044038907220676
180211,2023,0.0,0.9044038907220676,-0.9044038907220676
180211,2024,0.0,0.9044038907220676,-0.9044038907220676
180211,2025,0.0,0.9044038907220676,-0.9044038907220676
180301,2021,8.954428716,2.3906713453231694,6.563757370676831
180301,2022,7.39372132,2.3906713453231694,5.003049974676831
180301,2023,0.0,2.3906713453231694,-2.3906713453231694
180301,2024,0.0,2.3906713453231694,-2.3906713453231694
180301,2025,0.0,2.3906713453231694,-2.3906713453231694
180302,2021,7.008238485,0.589758237767424,6.4184802472325755
180302,2022,7.073778063,0.589758237767424,6.484019825232576
180302,2023,0.0,0.589758237767424,-0.589758237767424
180302,2024,0.0,0.589758237767424,-0.589758237767424
180302,2025,0.0,0.589758237767424,-0.589758237767424
180303,2021,5.38596842,0.9245953335096179,4.461373086490382
180303,2022,6.958953256,0.9245953335096179,6.034357922490382
180303,2023,0.0,0.9245953335096179,-0.9245953335096179
180303,2024,0.0,0.9245953335096179,-0.9245953335096179
180303,2025,0.0,0.9245953335096179,-0.9245953335096179
190101,2021,5.580245452,1.8037549833024693,3.7764904686975305
190101,2022,6.564401922,1.8037549833024693,4.760646938697531
190101,2023,0.0,1.8037549833024693,-1.8037549833024693
190101,2024,0.0,1.8037549833024693,-1.8037549833024693
190101,2025,0.0,1.8037549833024693,-1.8037549833024693
190102,2021,0.0,1.828637665665357,-1.828637665665357
190102,2022,0.0,1.828637665665357,-1.828637665665357
190102,2023,0.0,1.828637665665357,-1.828637665665357
190102,2024,0.0,1.828637665665357,-1.828637665665357
190102,2025,0.0,1.828637665665357,-1.828637665665357
190103,2021,0.0,2.3213434731174365,-2.3213434731174365
190103,2022,0.0,2.3213434731174365,-2.3213434731174365
190103,2023,0.0,2.3213434731174365,-2.3213434731174365
190103,2024,0.0,2.3213434731174365,-2.3213434731174365
190103,2025,0.0,2.3213434731174365,-2.3213434731174365
190104,2021,3.421816669,1.1797307761370273,2.2420858928629728
190104,2022,0.0,1.1797307761370273,-1.1797307761370273
190104,2023,0.0,1.1797307761370273,-1.1797307761370273
190104,2024,0.0,1.1797307761370273,-1.1797307761370273
190104,2025,0.0,1.1797307761370273,-1.1797307761370273
190105,2021,0.0,1.4074937987781742,-1.4074937987781742
190105,2022,0.0,1.4074937987781742,-1.4074937987781742
190105,2023,0.0,1.4074937987781742,-1.4074937987781742
190105,2024,0.0,1.4074937987781742,-1.4074937987781742
190105,2025,0.0,1.4074937987781742,-1.4074937987781742
190106,2021,0.0,1.4326993048791452,-1.4326993048791452
190106,2022,7.323102234,1.4326993048791452,5.890402929120855
190106,2023,0.0,1.4326993048791452,-1.4326993048791452
190106,2024,0.0,1.4326993048791452,-1.4326993048791452
190106,2025,0.0,1.4326993048791452,-1.4326993048791452
190107,2021,2.665545971,2.4342475210564443,0.23129844994355553
190107,2022,3.528952319,2.4342475210564443,1.0947047979435558
190107,2023,0.0,2.4342475210564443,-2.4342475210564443
190107,2024,0.0,2.4342475210564443,-2.4342475210564443
190107,2025,0.0,2.4342475210564443,-2.4342475210564443
190108,2021,2.302585093,1.8757071682514097,0.4268779247485901
190108,2022,0.0,1.8757071682514097,-1.8757071682514097
190108,2023,0.0,1.8757071682514097,-1.8757071682514097
190108,2024,0.0,1.8757071682514097,-1.8757071682514097
190108,2025,0.0,1.8757071682514097,-1.8757071682514097
190109,2021,7.137897338,1.4542847534429562,5.683612584557044
190109,2022,5.560681631,1.4542847534429562,4.106396877557043
190109,2023,0.0,1.4542847534429562,-1.4542847534429562
190109,2024,0.0,1.4542847534429562,-1.4542847534429562
190109,2025,0.0,1.4542847534429562,-1.4542847534429562
190110,2021,0.0,1.4540715606788372,-1.4540715606788372
190110,2022,5.125238677,1.4540715606788372,3.671167116321162
190110,2023,0.0,1.4540715606788372,-1.4540715606788372
190110,2024,0.0,1.4540715606788372,-1.4540715606788372
190110,2025,0.0,1.4540715606788372,-1.4540715606788372
190111,2021,0.0,1.433198711198346,-1.433198711198346
190111,2022,0.0,1.433198711198346,-1.433198711198346
190111,2023,0.0,1.433198711198346,-1.433198711198346
190111,2024,0.0,1.433198711198346,-1.433198711198346
190111,2025,0.0,1.433198711198346,-1.433198711198346
190112,2021,0.0,1.9956431472277776,-1.9956431472277776
190112,2022,0.0,1.9956431472277776,-1.9956431472277776
190112,2023,0.0,1.9956431472277776,-1.9956431472277776
190112,2024,0.0,1.9956431472277776,-1.9956431472277776
190112,2025,0.0,1.9956431472277776,-1.9956431472277776
190113,2021,11.22130113,2.751066299297849,8.470234830702152
190113,2022,9.612718569,2.751066299297849,6.861652269702152
190113,2023,0.0,2.751066299297849,-2.751066299297849
190113,2024,0.0,2.751066299297849,-2.751066299297849
190113,2025,0.0,2.751066299297849,-2.751066299297849
190201,2021,5.382252311,2.1382126310866503,3.24403967991335
190201,2022,0.0,2.1382126310866503,-2.1382126310866503
190201,2023,0.0,2.1382126310866503,-2.1382126310866503
190201,2024,0.0,2.1382126310866503,-2.1382126310866503
190201,2025,0.0,2.1382126310866503,-2.1382126310866503
190202,2021,0.0,1.1284000731142367,-1.1284000731142367
190202,2022,0.0,1.1284000731142367,-1.1284000731142367
190202,2023,0.0,1.1284000731142367,-1.1284000731142367
190202,2024,0.0,1.1284000731142367,-1.1284000731142367
190202,2025,0.0,1.1284000731142367,-1.1284000731142367
190203,2023,0.0,1.32606314761227,-1.32606314761227
190203,2024,0.0,1.32606314761227,-1.32606314761227
190203,2025,0.0,1.32606314761227,-1.32606314761227
190204,2021,5.40054139,0.9152956393684337,4.485245750631567
190204,2022,3.753417975,0.9152956393684337,2.8381223356315664
190204,2023,0.0,0.9152956393684337,-0.9152956393684337
190204,2024,0.0,0.9152956393684337,-0.9152956393684337
190204,2025,0.0,0.9152956393684337,-0.9152956393684337
190205,2021,6.086363387,1.2261049899679375,4.860258397032062
190205,2022,5.755918007,1.2261049899679375,4.529813017032063
190205,2023,0.0,1.2261049899679375,-1.2261049899679375
190205,2024,0.0,1.2261049899679375,-1.2261049899679375
190205,2025,0.0,1.2261049899679375,-1.2261049899679375
190206,2021,6.535137596,2.1986697013728325,4.336467894627168
190206,2022,7.196994961,2.1986697013728325,4.998325259627167
190206,2023,0.0,2.1986697013728325,-2.1986697013728325
190206,2024,0.0,2.1986697013728325,-2.1986697013728325
190206,2025,0.0,2.1986697013728325,-2.1986697013728325
190207,2021,3.5361167,1.3344501029053633,2.2016665970946367
190207,2022,0.0,1.3344501029053633,-1.3344501029053633
190207,2023,0.0,1.3344501029053633,-1.3344501029053633
190207,2024,0.0,1.3344501029053633,-1.3344501029053633
190207,2025,0.0,1.3344501029053633,-1.3344501029053633
190208,2021,0.0,1.4629941876687667,-1.4629941876687667
190208,2022,0.0,1.4629941876687667,-1.4629941876687667
190208,2023,0.0,1.4629941876687667,-1.4629941876687667
190208,2024,0.0,1.4629941876687667,-1.4629941876687667
190208,2025,0.0,1.4629941876687667,-1.4629941876687667
190301,2021,10.51562906,2.311182405187537,8.204446654812463
190301,2022,9.625031318,2.311182405187537,7.313848912812462
190301,2023,0.0,2.311182405187537,-2.311182405187537
190301,2024,0.0,2.311182405187537,-2.311182405187537
190301,2025,0.0,2.311182405187537,-2.311182405187537
190302,2021,3.187693368,2.0600768865594534,1.1276164814405467
190302,2022,0.0,2.0600768865594534,-2.0600768865594534
190302,2023,0.0,2.0600768865594534,-2.0600768865594534
190302,2024,0.0,2.0600768865594534,-2.0600768865594534
190302,2025,0.0,2.0600768865594534,-2.0600768865594534
190303,2021,0.0,1.9800229870458186,-1.9800229870458186
190303,2022,7.890783065,1.9800229870458186,5.910760077954182
190303,2023,0.0,1.9800229870458186,-1.9800229870458186
190303,2024,0.0,1.9800229870458186,-1.9800229870458186
190303,2025,0.0,1.9800229870458186,-1.9800229870458186
190304,2021,5.466548346,1.6146473586271723,3.8519009873728276
190304,2022,5.376138757,1.6146473586271723,3.7614913983728275
190304,2023,0.0,1.6146473586271723,-1.6146473586271723
190304,2024,0.0,1.6146473586271723,-1.6146473586271723
190304,2025,0.0,1.6146473586271723,-1.6146473586271723
190305,2021,7.801850805,1.761226127658374,6.040624677341626
190305,2022,6.20549917,1.761226127658374,4.444273042341626
190305,2023,0.0,1.761226127658374,-1.761226127658374
190305,2024,0.0,1.761226127658374,-1.761226127658374
190305,2025,0.0,1.761226127658374,-1.761226127658374
190306,2021,2.676192788,2.162503723042107,0.5136890649578927
190306,2022,4.879672276,2.162503723042107,2.717168552957893
190306,2023,0.0,2.162503723042107,-2.162503723042107
190306,2024,0.0,2.162503723042107,-2.162503723042107
190306,2025,0.0,2.162503723042107,-2.162503723042107
190307,2021,2.108036377,2.2723591545133415,-0.16432277751334157
190307,2022,2.747904695,2.2723591545133415,0.4755455404866584
190307,2023,0.0,2.2723591545133415,-2.2723591545133415
190307,2024,0.0,2.2723591545133415,-2.2723591545133415
190307,2025,0.0,2.2723591545133415,-2.2723591545133415
190308,2021,1.568088353,2.018754123742545,-0.450665770742545
190308,2022,2.052290553,2.018754123742545,0.03353642925745515
190308,2023,0.0,2.018754123742545,-2.018754123742545
190308,2024,0.0,2.018754123742545,-2.018754123742545
190308,2025,0.0,2.018754123742545,-2.018754123742545
200101,2021,10.08703185,2.687200459245631,7.39983139075437
200101,2022,10.03685382,2.687200459245631,7.349653360754369
200101,2023,0.0,2.687200459245631,-2.687200459245631
200101,2024,0.0,2.687200459245631,-2.687200459245631
200101,2025,0.0,2.687200459245631,-2.687200459245631
200104,2021,5.492919493,3.16877447015593,2.3241450228440694
200104,2022,5.525547224,3.16877447015593,2.35677275384407
200104,2023,0.0,3.16877447015593,-3.16877447015593
200104,2024,0.0,3.16877447015593,-3.16877447015593
200104,2025,0.0,3.16877447015593,-3.16877447015593
200105,2021,5.347599436,2.1780584868748227,3.1695409491251776
200105,2022,5.922786792,2.1780584868748227,3.7447283051251774
200105,2023,0.0,2.1780584868748227,-2.1780584868748227
200105,2024,0.0,2.1780584868748227,-2.1780584868748227
200105,2025,0.0,2.1780584868748227,-2.1780584868748227
200107,2021,0.0,1.5360843131105353,-1.5360843131105353
200107,2022,0.0,1.5360843131105353,-1.5360843131105353
200107,2023,0.0,1.5360843131105353,-1.5360843131105353
200107,2024,0.0,1.5360843131105353,-1.5360843131105353
200107,2025,0.0,1.5360843131105353,-1.5360843131105353
200108,2021,2.871679625,0.4309020698624121,2.440777555137588
200108,2022,3.477627804,0.4309020698624121,3.046725734137588
200108,2023,0.0,0.4309020698624121,-0.4309020698624121
200108,2024,0.0,0.4309020698624121,-0.4309020698624121
200108,2025,0.0,0.4309020698624121,-0.4309020698624121
200109,2021,6.419711419,2.469056713899709,3.9506547051002916
200109,2022,7.441361898,2.469056713899709,4.972305184100291
200109,2023,0.0,2.469056713899709,-2.469056713899709
200109,2024,0.0,2.469056713899709,-2.469056713899709
200109,2025,0.0,2.469056713899709,-2.469056713899709
200110,2021,5.323657233,2.485409035913055,2.8382481970869446
200110,2022,5.989626303,2.485409035913055,3.5042172670869447
200110,2023,0.0,2.485409035913055,-2.485409035913055
200110,2024,0.0,2.485409035913055,-2.485409035913055
200110,2025,0.0,2.485409035913055,-2.485409035913055
200111,2021,4.838213002,2.2746783404557593,2.5635346615442405
200111,2022,2.718944373,2.2746783404557593,0.44426603254424046
200111,2023,0.0,2.2746783404557593,-2.2746783404557593
200111,2024,0.0,2.2746783404557593,-2.2746783404557593
200111,2025,0.0,2.2746783404557593,-2.2746783404557593
200114,2021,6.442007095,2.974182176738951,3.467824918261049
200114,2022,6.547539012,2.974182176738951,3.5733568352610487
200114,2023,0.0,2.974182176738951,-2.974182176738951
200114,2024,0.0,2.974182176738951,-2.974182176738951
200114,2025,0.0,2.974182176738951,-2.974182176738951
200115,2021,6.029052556,2.7376026228967794,3.2914499331032205
200115,2022,6.035694181,2.7376026228967794,3.298091558103221
200115,2023,0.0,2.7376026228967794,-2.7376026228967794
200115,2024,0.0,2.7376026228967794,-2.7376026228967794
200115,2025,0.0,2.7376026228967794,-2.7376026228967794
200201,2021,3.544238964,2.721552373383215,0.8226865906167848
200201,2022,5.162550064,2.721552373383215,2.4409976906167854
200201,2023,0.0,2.721552373383215,-2.721552373383215
200201,2024,0.0,2.721552373383215,-2.721552373383215
200201,2025,0.0,2.721552373383215,-2.721552373383215
200202,2021,6.096090922,2.3228140684238836,3.7732768535761165
200202,2022,6.322196727,2.3228140684238836,3.999382658576116
200202,2023,0.0,2.3228140684238836,-2.3228140684238836
200202,2024,0.0,2.3228140684238836,-2.3228140684238836
200202,2025,0.0,2.3228140684238836,-2.3228140684238836
200203,2021,6.860244296,1.963914195020085,4.896330100979915
200203,2022,5.388803093,1.963914195020085,3.424888897979915
200203,2023,0.0,1.963914195020085,-1.963914195020085
200203,2024,0.0,1.963914195020085,-1.963914195020085
200203,2025,0.0,1.963914195020085,-1.963914195020085
200204,2021,6.086629029,2.4355442408881607,3.6510847881118393
200204,2022,6.575874196,2.4355442408881607,4.14032995511184
200204,2023,0.0,2.4355442408881607,-2.4355442408881607
200204,2024,0.0,2.4355442408881607,-2.4355442408881607
200204,2025,0.0,2.4355442408881607,-2.4355442408881607
200205,2021,5.376694417,2.2752282181169803,3.10146619888302
200205,2022,5.527641777,2.2752282181169803,3.25241355888302
200205,2023,0.0,2.2752282181169803,-2.2752282181169803
200205,2024,0.0,2.2752282181169803,-2.2752282181169803
200205,2025,0.0,2.2752282181169803,-2.2752282181169803
200206,2021,5.79575836,2.4364533868379126,3.359304973162087
200206,2022,6.032245863,2.4364533868379126,3.5957924761620874
200206,2023,0.0,2.4364533868379126,-2.4364533868379126
200206,2024,0.0,2.4364533868379126,-2.4364533868379126
200206,2025,0.0,2.4364533868379126,-2.4364533868379126
200207,2021,5.893123635,1.5266755235649128,4.366448111435087
200207,2022,5.989575972,1.5266755235649128,4.462900448435088
200207,2023,0.0,1.5266755235649128,-1.5266755235649128
200207,2024,0.0,1.5266755235649128,-1.5266755235649128
200207,2025,0.0,1.5266755235649128,-1.5266755235649128
200208,2021,6.356889113,2.166579995400304,4.190309117599696
200208,2022,6.429991891,2.166579995400304,4.263411895599696
200208,2023,0.0,2.166579995400304,-2.166579995400304
200208,2024,0.0,2.166579995400304,-2.166579995400304
200208,2025,0.0,2.166579995400304,-2.166579995400304
200209,2021,3.557942097,1.6822433031230928,1.8756987938769074
200209,2022,5.096133181,1.6822433031230928,3.4138898778769073
200209,2023,0.0,1.6822433031230928,-1.6822433031230928
200209,2024,0.0,1.6822433031230928,-1.6822433031230928
200209,2025,0.0,1.6822433031230928,-1.6822433031230928
200210,2021,6.797905194,0.7953849793286577,6.002520214671343
200210,2022,6.287268686,0.7953849793286577,5.491883706671342
200210,2023,0.0,0.7953849793286577,-0.7953849793286577
200210,2024,0.0,0.7953849793286577,-0.7953849793286577
200210,2025,0.0,0.7953849793286577,-0.7953849793286577
200301,2021,7.245337591,2.6436476663159665,4.601689924684034
200301,2022,7.53563101,2.6436476663159665,4.891983343684034
200301,2023,0.0,2.6436476663159665,-2.6436476663159665
200301,2024,0.0,2.6436476663159665,-2.6436476663159665
200301,2025,0.0,2.6436476663159665,-2.6436476663159665
200302,2021,5.644658104,2.2348771489051527,3.4097809550948477
200302,2022,5.715364269,2.2348771489051527,3.4804871200948475
200302,2023,0.0,2.2348771489051527,-2.2348771489051527
200302,2024,0.0,2.2348771489051527,-2.2348771489051527
200302,2025,0.0,2.2348771489051527,-2.2348771489051527
200303,2021,6.104774316,2.3465606242010475,3.758213691798953
200303,2022,6.20650966,2.3465606242010475,3.8599490357989525
200303,2023,0.0,2.3465606242010475,-2.3465606242010475
200303,2024,0.0,2.3465606242010475,-2.3465606242010475
200303,2025,0.0,2.3465606242010475,-2.3465606242010475
200304,2021,5.883189056,2.103492641458362,3.779696414541638
200304,2022,6.298273476,2.103492641458362,4.194780834541638
200304,2023,0.0,2.103492641458362,-2.103492641458362
200304,2024,0.0,2.103492641458362,-2.103492641458362
200304,2025,0.0,2.103492641458362,-2.103492641458362
200305,2021,5.995207533,2.0179236110887273,3.977283921911273
200305,2022,5.99462621,2.0179236110887273,3.9767025989112725
200305,2023,0.0,2.0179236110887273,-2.0179236110887273
200305,2024,0.0,2.0179236110887273,-2.0179236110887273
200305,2025,0.0,2.0179236110887273,-2.0179236110887273
200306,2021,6.436874646,2.0843185460273226,4.352556099972677
200306,2022,5.264169479,2.0843185460273226,3.179850932972678
200306,2023,0.0,2.0843185460273226,-2.0843185460273226
200306,2024,0.0,2.0843185460273226,-2.0843185460273226
200306,2025,0.0,2.0843185460273226,-2.0843185460273226
200307,2021,6.045715962,2.300941158695692,3.744774803304308
200307,2022,6.378984512,2.300941158695692,4.078043353304308
200307,2023,0.0,2.300941158695692,-2.300941158695692
200307,2024,0.0,2.300941158695692,-2.300941158695692
200307,2025,0.0,2.300941158695692,-2.300941158695692
200308,2021,7.039441394,2.3587985396911866,4.680642854308813
200308,2022,6.999572755,2.3587985396911866,4.640774215308813
200308,2023,0.0,2.3587985396911866,-2.3587985396911866
200308,2024,0.0,2.3587985396911866,-2.3587985396911866
200308,2025,0.0,2.3587985396911866,-2.3587985396911866
200401,2021,10.18358312,2.600044759943459,7.583538360056541
200401,2022,9.820015326,2.600044759943459,7.219970566056541
200401,2023,0.0,2.600044759943459,-2.600044759943459
200401,2024,0.0,2.600044759943459,-2.600044759943459
200401,2025,0.0,2.600044759943459,-2.600044759943459
200402,2021,0.0,1.3058743457495543,-1.3058743457495543
200402,2022,0.0,1.3058743457495543,-1.3058743457495543
200402,2023,0.0,1.3058743457495543,-1.3058743457495543
200402,2024,0.0,1.3058743457495543,-1.3058743457495543
200402,2025,0.0,1.3058743457495543,-1.3058743457495543
200403,2021,6.566069724,2.3061798371908697,4.25988988680913
200403,2022,6.710494108,2.3061798371908697,4.40431427080913
200403,2023,0.0,2.3061798371908697,-2.3061798371908697
200403,2024,0.0,2.3061798371908697,-2.3061798371908697
200403,2025,0.0,2.3061798371908697,-2.3061798371908697
200404,2021,0.0,1.7267366967481568,-1.7267366967481568
200404,2022,0.0,1.7267366967481568,-1.7267366967481568
200404,2023,0.0,1.7267366967481568,-1.7267366967481568
200404,2024,0.0,1.7267366967481568,-1.7267366967481568
200404,2025,0.0,1.7267366967481568,-1.7267366967481568
200405,2021,5.196428038,1.062134488255233,4.134293549744767
200405,2022,5.813844251,1.062134488255233,4.751709762744767
200405,2023,0.0,1.062134488255233,-1.062134488255233
200405,2024,0.0,1.062134488255233,-1.062134488255233
200405,2025,0.0,1.062134488255233,-1.062134488255233
200406,2021,0.0,1.3186067236555568,-1.3186067236555568
200406,2022,0.0,1.3186067236555568,-1.3186067236555568
200406,2023,0.0,1.3186067236555568,-1.3186067236555568
200406,2024,0.0,1.3186067236555568,-1.3186067236555568
200406,2025,0.0,1.3186067236555568,-1.3186067236555568
200407,2021,5.563167227,1.136650793514954,4.426516433485046
200407,2022,6.755729115,1.136650793514954,5.619078321485047
200407,2023,0.0,1.136650793514954,-1.136650793514954
200407,2024,0.0,1.136650793514954,-1.136650793514954
200407,2025,0.0,1.136650793514954,-1.136650793514954
200408,2021,2.579458967,1.7834507584810426,0.7960082085189573
200408,2022,2.784201362,1.7834507584810426,1.0007506035189575
200408,2023,0.0,1.7834507584810426,-1.7834507584810426
200408,2024,0.0,1.7834507584810426,-1.7834507584810426
200408,2025,0.0,1.7834507584810426,-1.7834507584810426
200409,2021,6.658916775,2.1758933484730147,4.4830234265269855
200409,2022,6.744904587,2.1758933484730147,4.5690112385269845
200409,2023,0.0,2.1758933484730147,-2.1758933484730147
200409,2024,0.0,2.1758933484730147,-2.1758933484730147
200409,2025,0.0,2.1758933484730147,-2.1758933484730147
200410,2021,5.883758287,2.377876749875395,3.505881537124605
200410,2022,6.325938991,2.377876749875395,3.948062241124605
200410,2023,0.0,2.377876749875395,-2.377876749875395
200410,2024,0.0,2.377876749875395,-2.377876749875395
200410,2025,0.0,2.377876749875395,-2.377876749875395
200501,2021,7.514752765,3.166419702224237,4.3483330627757635
200501,2022,7.511910448,3.166419702224237,4.345490745775763
200501,2023,0.0,3.166419702224237,-3.166419702224237
200501,2024,0.0,3.166419702224237,-3.166419702224237
200501,2025,0.0,3.166419702224237,-3.166419702224237
200502,2021,4.602007295,0.7306575849111908,3.871349710088809
200502,2022,4.351512589,0.7306575849111908,3.6208550040888094
200502,2023,0.0,0.7306575849111908,-0.7306575849111908
200502,2024,0.0,0.7306575849111908,-0.7306575849111908
200502,2025,0.0,0.7306575849111908,-0.7306575849111908
200503,2021,0.0,0.9508753991041028,-0.9508753991041028
200503,2022,0.0,0.9508753991041028,-0.9508753991041028
200503,2023,0.0,0.9508753991041028,-0.9508753991041028
200503,2024,0.0,0.9508753991041028,-0.9508753991041028
200503,2025,0.0,0.9508753991041028,-0.9508753991041028
200504,2021,0.0,1.2468188090890255,-1.2468188090890255
200504,2022,0.0,1.2468188090890255,-1.2468188090890255
200504,2023,0.0,1.2468188090890255,-1.2468188090890255
200504,2024,0.0,1.2468188090890255,-1.2468188090890255
200504,2025,0.0,1.2468188090890255,-1.2468188090890255
200505,2021,0.0,0.885699726473439,-0.885699726473439
200505,2022,0.0,0.885699726473439,-0.885699726473439
200505,2023,0.0,0.885699726473439,-0.885699726473439
200505,2024,0.0,0.885699726473439,-0.885699726473439
200505,2025,0.0,0.885699726473439,-0.885699726473439
200506,2021,3.985181103,0.7255094196823438,3.259671683317656
200506,2022,8.509524726,0.7255094196823438,7.784015306317657
200506,2023,0.0,0.7255094196823438,-0.7255094196823438
200506,2024,0.0,0.7255094196823438,-0.7255094196823438
200506,2025,0.0,0.7255094196823438,-0.7255094196823438
200507,2021,0.0,0.6051063197423632,-0.6051063197423632
200507,2022,2.036881927,0.6051063197423632,1.4317756072576369
200507,2023,0.0,0.6051063197423632,-0.6051063197423632
200507,2024,0.0,0.6051063197423632,-0.6051063197423632
200507,2025,0.0,0.6051063197423632,-0.6051063197423632
200601,2021,10.27301744,2.797299474233757,7.475717965766243
200601,2022,9.999308921,2.797299474233757,7.202009446766244
200601,2023,0.0,2.797299474233757,-2.797299474233757
200601,2024,0.0,2.797299474233757,-2.797299474233757
200601,2025,0.0,2.797299474233757,-2.797299474233757
200602,2021,5.555596295,2.457078331193585,3.098517963806415
200602,2022,5.164105768,2.457078331193585,2.7070274368064147
200602,2023,0.0,2.457078331193585,-2.457078331193585
200602,2024,0.0,2.457078331193585,-2.457078331193585
200602,2025,0.0,2.457078331193585,-2.457078331193585
200603,2021,0.0,0.9879268706621828,-0.9879268706621828
200603,2022,0.0,0.9879268706621828,-0.9879268706621828
200603,2023,0.0,0.9879268706621828,-0.9879268706621828
200603,2024,0.0,0.9879268706621828,-0.9879268706621828
200603,2025,0.0,0.9879268706621828,-0.9879268706621828
200604,2021,4.89162195,1.5011548606390017,3.3904670893609987
200604,2022,5.883527176,1.5011548606390017,4.382372315360999
200604,2023,0.0,1.5011548606390017,-1.5011548606390017
200604,2024,0.0,1.5011548606390017,-1.5011548606390017
200604,2025,0.0,1.5011548606390017,-1.5011548606390017
200605,2021,0.0,1.5215060404715446,-1.5215060404715446
200605,2022,0.0,1.5215060404715446,-1.5215060404715446
200605,2023,0.0,1.5215060404715446,-1.5215060404715446
200605,2024,0.0,1.5215060404715446,-1.5215060404715446
200605,2025,0.0,1.5215060404715446,-1.5215060404715446
200606,2021,8.713143586,0.7582249412072154,7.954918644792784
200606,2022,9.106183314,0.7582249412072154,8.347958372792785
200606,2023,0.0,0.7582249412072154,-0.7582249412072154
200606,2024,0.0,0.7582249412072154,-0.7582249412072154
200606,2025,0.0,0.7582249412072154,-0.7582249412072154
200607,2021,1.286327337,1.6979777245936383,-0.41165038759363837
200607,2022,2.730833937,1.6979777245936383,1.0328562124063616
200607,2023,0.0,1.6979777245936383,-1.6979777245936383
200607,2024,0.0,1.6979777245936383,-1.6979777245936383
200607,2025,0.0,1.6979777245936383,-1.6979777245936383
200608,2021,0.0,0.8430192566712363,-0.8430192566712363
200608,2022,0.0,0.8430192566712363,-0.8430192566712363
200608,2023,0.0,0.8430192566712363,-0.8430192566712363
200608,2024,0.0,0.8430192566712363,-0.8430192566712363
200608,2025,0.0,0.8430192566712363,-0.8430192566712363
200701,2021,5.356501677,2.237578362910419,3.1189233140895807
200701,2022,5.305822453,2.237578362910419,3.068244090089581
200701,2023,0.0,2.237578362910419,-2.237578362910419
200701,2024,0.0,2.237578362910419,-2.237578362910419
200701,2025,0.0,2.237578362910419,-2.237578362910419
200702,2021,8.276056541,0.9788852524867206,7.2971712885132805
200702,2022,0.0,0.9788852524867206,-0.9788852524867206
200702,2023,0.0,0.9788852524867206,-0.9788852524867206
200702,2024,0.0,0.9788852524867206,-0.9788852524867206
200702,2025,0.0,0.9788852524867206,-0.9788852524867206
200703,2021,0.0,0.6286947946610456,-0.6286947946610456
200703,2022,4.239099878,0.6286947946610456,3.6104050833389545
200703,2023,0.0,0.6286947946610456,-0.6286947946610456
200703,2024,0.0,0.6286947946610456,-0.6286947946610456
200703,2025,0.0,0.6286947946610456,-0.6286947946610456
200704,2021,10.96376131,0.8507489619260676,10.113012348073934
200704,2022,0.0,0.8507489619260676,-0.8507489619260676
200704,2023,0.0,0.8507489619260676,-0.8507489619260676
200704,2024,0.0,0.8507489619260676,-0.8507489619260676
200704,2025,0.0,0.8507489619260676,-0.8507489619260676
200705,2021,0.0,0.7454164406709131,-0.7454164406709131
200705,2022,0.0,0.7454164406709131,-0.7454164406709131
200705,2023,0.0,0.7454164406709131,-0.7454164406709131
200705,2024,0.0,0.7454164406709131,-0.7454164406709131
200705,2025,0.0,0.7454164406709131,-0.7454164406709131
200706,2021,2.50610065,0.9256811849287349,1.580419465071265
200706,2022,0.0,0.9256811849287349,-0.9256811849287349
200706,2023,0.0,0.9256811849287349,-0.9256811849287349
200706,2024,0.0,0.9256811849287349,-0.9256811849287349
200706,2025,0.0,0.9256811849287349,-0.9256811849287349
200801,2021,5.426777995,1.3872868257437425,4.039491169256258
200801,2022,5.581926939,1.3872868257437425,4.194640113256257
200801,2023,0.0,1.3872868257437425,-1.3872868257437425
200801,2024,0.0,1.3872868257437425,-1.3872868257437425
200801,2025,0.0,1.3872868257437425,-1.3872868257437425
200802,2021,0.0,1.126718686769205,-1.126718686769205
200802,2022,0.0,1.126718686769205,-1.126718686769205
200802,2023,0.0,1.126718686769205,-1.126718686769205
200802,2024,0.0,1.126718686769205,-1.126718686769205
200802,2025,0.0,1.126718686769205,-1.126718686769205
200803,2021,3.878016157,0.9770954012039251,2.900920755796075
200803,2022,4.854074304,0.9770954012039251,3.876978902796075
200803,2023,0.0,0.9770954012039251,-0.9770954012039251
200803,2024,0.0,0.9770954012039251,-0.9770954012039251
200803,2025,0.0,0.9770954012039251,-0.9770954012039251
200804,2021,0.0,0.44802151000504753,-0.44802151000504753
200804,2022,0.0,0.44802151000504753,-0.44802151000504753
200804,2023,0.0,0.44802151000504753,-0.44802151000504753
200804,2024,0.0,0.44802151000504753,-0.44802151000504753
200804,2025,0.0,0.44802151000504753,-0.44802151000504753
200805,2021,0.0,0.9003116380746535,-0.9003116380746535
200805,2022,0.0,0.9003116380746535,-0.9003116380746535
200805,2023,0.0,0.9003116380746535,-0.9003116380746535
200805,2024,0.0,0.9003116380746535,-0.9003116380746535
200805,2025,0.0,0.9003116380746535,-0.9003116380746535
200806,2021,2.591736673,0.9387041489116295,1.6530325240883708
200806,2022,0.0,0.9387041489116295,-0.9387041489116295
200806,2023,0.0,0.9387041489116295,-0.9387041489116295
200806,2024,0.0,0.9387041489116295,-0.9387041489116295
200806,2025,0.0,0.9387041489116295,-0.9387041489116295
210101,2021,9.94958826,3.3841685222356115,6.565419737764389
210101,2022,10.00422922,3.3841685222356115,6.620060697764387
210101,2023,0.0,3.3841685222356115,-3.3841685222356115
210101,2024,0.0,3.3841685222356115,-3.3841685222356115
210101,2025,0.0,3.3841685222356115,-3.3841685222356115
210102,2021,5.761126714,3.0200466305131273,2.741080083486873
210102,2022,5.817351147,3.0200466305131273,2.797304516486873
210102,2023,0.0,3.0200466305131273,-3.0200466305131273
210102,2024,0.0,3.0200466305131273,-3.0200466305131273
210102,2025,0.0,3.0200466305131273,-3.0200466305131273
210103,2021,4.743568448,2.1717705001333494,2.571797947866651
210103,2022,5.690884265,2.1717705001333494,3.519113764866651
210103,2023,0.0,2.1717705001333494,-2.1717705001333494
210103,2024,0.0,2.1717705001333494,-2.1717705001333494
210103,2025,0.0,2.1717705001333494,-2.1717705001333494
210104,2021,6.304936993,2.220752285695668,4.084184707304332
210104,2022,6.552879957,2.220752285695668,4.332127671304332
210104,2023,0.0,2.220752285695668,-2.220752285695668
210104,2024,0.0,2.220752285695668,-2.220752285695668
210104,2025,0.0,2.220752285695668,-2.220752285695668
210105,2021,5.255775963,2.296871296605269,2.9589046663947305
210105,2022,5.600108988,2.296871296605269,3.3032376913947306
210105,2023,0.0,2.296871296605269,-2.296871296605269
210105,2024,0.0,2.296871296605269,-2.296871296605269
210105,2025,0.0,2.296871296605269,-2.296871296605269
210106,2021,6.92406766,2.280416527519091,4.64365113248091
210106,2022,7.198870966,2.280416527519091,4.918454438480909
210106,2023,0.0,2.280416527519091,-2.280416527519091
210106,2024,0.0,2.280416527519091,-2.280416527519091
210106,2025,0.0,2.280416527519091,-2.280416527519091
210107,2021,6.203318807,2.0692868819971597,4.13403192500284
210107,2022,6.673774103,2.0692868819971597,4.604487221002841
210107,2023,0.0,2.0692868819971597,-2.0692868819971597
210107,2024,0.0,2.0692868819971597,-2.0692868819971597
210107,2025,0.0,2.0692868819971597,-2.0692868819971597
210108,2021,5.401585695,2.204844320821286,3.1967413741787136
210108,2022,5.929101436,2.204844320821286,3.724257115178714
210108,2023,0.0,2.204844320821286,-2.204844320821286
210108,2024,0.0,2.204844320821286,-2.204844320821286
210108,2025,0.0,2.204844320821286,-2.204844320821286
210109,2021,0.0,1.8604900240726667,-1.8604900240726667
210109,2022,0.0,1.8604900240726667,-1.8604900240726667
210109,2023,0.0,1.8604900240726667,-1.8604900240726667
210109,2024,0.0,1.8604900240726667,-1.8604900240726667
210109,2025,0.0,1.8604900240726667,-1.8604900240726667
210110,2021,6.395860708,2.1475012003011553,4.2483595076988445
210110,2022,7.050371046,2.1475012003011553,4.902869845698845
210110,2023,0.0,2.1475012003011553,-2.1475012003011553
210110,2024,0.0,2.1475012003011553,-2.1475012003011553
210110,2025,0.0,2.1475012003011553,-2.1475012003011553
210111,2021,0.0,1.807961467640476,-1.807961467640476
210111,2022,0.0,1.807961467640476,-1.807961467640476
210111,2023,0.0,1.807961467640476,-1.807961467640476
210111,2024,0.0,1.807961467640476,-1.807961467640476
210111,2025,0.0,1.807961467640476,-1.807961467640476
210112,2021,6.141892088,2.4189980281681134,3.7228940598318863
210112,2022,6.941410444,2.4189980281681134,4.522412415831886
210112,2023,0.0,2.4189980281681134,-2.4189980281681134
210112,2024,0.0,2.4189980281681134,-2.4189980281681134
210112,2025,0.0,2.4189980281681134,-2.4189980281681134
210113,2021,6.532691337,0.9923403927419883,5.540350944258012
210113,2022,6.224426407,0.9923403927419883,5.232086014258012
210113,2023,0.0,0.9923403927419883,-0.9923403927419883
210113,2024,0.0,0.9923403927419883,-0.9923403927419883
210113,2025,0.0,0.9923403927419883,-0.9923403927419883
210114,2021,7.77139507,1.8551581032610662,5.916236966738934
210114,2022,7.882734118,1.8551581032610662,6.0275760147389335
210114,2023,0.0,1.8551581032610662,-1.8551581032610662
210114,2024,0.0,1.8551581032610662,-1.8551581032610662
210114,2025,0.0,1.8551581032610662,-1.8551581032610662
210115,2021,7.157720789,2.085883722652945,5.0718370663470544
210115,2022,6.928963567,2.085883722652945,4.843079844347056
210115,2023,0.0,2.085883722652945,-2.085883722652945
210115,2024,0.0,2.085883722652945,-2.085883722652945
210115,2025,0.0,2.085883722652945,-2.085883722652945
210201,2021,10.01388264,3.151741244350869,6.862141395649131
210201,2022,8.827118183,3.151741244350869,5.67537693864913
210201,2023,0.0,3.151741244350869,-3.151741244350869
210201,2024,0.0,3.151741244350869,-3.151741244350869
210201,2025,0.0,3.151741244350869,-3.151741244350869
210202,2021,5.583524681,2.2168091614622365,3.3667155195377636
210202,2022,5.876490064,2.2168091614622365,3.659680902537764
210202,2023,0.0,2.2168091614622365,-2.2168091614622365
210202,2024,0.0,2.2168091614622365,-2.2168091614622365
210202,2025,0.0,2.2168091614622365,-2.2168091614622365
210203,2021,7.007029922,2.3812887370868,4.6257411849132
210203,2022,7.598760882,2.3812887370868,5.2174721449131995
210203,2023,0.0,2.3812887370868,-2.3812887370868
210203,2024,0.0,2.3812887370868,-2.3812887370868
210203,2025,0.0,2.3812887370868,-2.3812887370868
210204,2021,7.305369358,3.0357380807423926,4.2696312772576075
210204,2022,6.290013698,3.0357380807423926,3.2542756172576075
210204,2023,0.0,3.0357380807423926,-3.0357380807423926
210204,2024,0.0,3.0357380807423926,-3.0357380807423926
210204,2025,0.0,3.0357380807423926,-3.0357380807423926
210205,2021,5.527955571,2.2422359937900898,3.28571957720991
210205,2022,5.452063783,2.2422359937900898,3.20982778920991
210205,2023,0.0,2.2422359937900898,-2.2422359937900898
210205,2024,0.0,2.2422359937900898,-2.2422359937900898
210205,2025,0.0,2.2422359937900898,-2.2422359937900898
210206,2021,6.450459651,2.2384981481919515,4.211961502808048
210206,2022,6.949659635,2.2384981481919515,4.711161486808049
210206,2023,0.0,2.2384981481919515,-2.2384981481919515
210206,2024,0.0,2.2384981481919515,-2.2384981481919515
210206,2025,0.0,2.2384981481919515,-2.2384981481919515
210207,2021,0.0,1.8532531680581898,-1.8532531680581898
210207,2022,0.0,1.8532531680581898,-1.8532531680581898
210207,2023,0.0,1.8532531680581898,-1.8532531680581898
210207,2024,0.0,1.8532531680581898,-1.8532531680581898
210207,2025,0.0,1.8532531680581898,-1.8532531680581898
210208,2021,6.688309051,1.2493649466362986,5.438944104363701
210208,2022,6.942313979,1.2493649466362986,5.6929490323637015
210208,2023,0.0,1.2493649466362986,-1.2493649466362986
210208,2024,0.0,1.2493649466362986,-1.2493649466362986
210208,2025,0.0,1.2493649466362986,-1.2493649466362986
210209,2021,5.033976574,1.2121318567867068,3.8218447172132937
210209,2022,4.875197323,1.2121318567867068,3.6630654662132933
210209,2023,0.0,1.2121318567867068,-1.2121318567867068
210209,2024,0.0,1.2121318567867068,-1.2121318567867068
210209,2025,0.0,1.2121318567867068,-1.2121318567867068
210210,2021,6.012320111,2.5352141793686203,3.47710593163138
210210,2022,5.311292525,2.5352141793686203,2.7760783456313796
210210,2023,0.0,2.5352141793686203,-2.5352141793686203
210210,2024,0.0,2.5352141793686203,-2.5352141793686203
210210,2025,0.0,2.5352141793686203,-2.5352141793686203
210211,2021,0.0,1.970992063588664,-1.970992063588664
210211,2022,0.0,1.970992063588664,-1.970992063588664
210211,2023,0.0,1.970992063588664,-1.970992063588664
210211,2024,0.0,1.970992063588664,-1.970992063588664
210211,2025,0.0,1.970992063588664,-1.970992063588664
210212,2021,4.520799946,1.8917859362022615,2.629014009797739
210212,2022,0.0,1.8917859362022615,-1.8917859362022615
210212,2023,0.0,1.8917859362022615,-1.8917859362022615
210212,2024,0.0,1.8917859362022615,-1.8917859362022615
210212,2025,0.0,1.8917859362022615,-1.8917859362022615
210213,2021,7.04297067,2.3319266688792597,4.71104400112074
210213,2022,6.5531622,2.3319266688792597,4.22123553112074
210213,2023,0.0,2.3319266688792597,-2.3319266688792597
210213,2024,0.0,2.3319266688792597,-2.3319266688792597
210213,2025,0.0,2.3319266688792597,-2.3319266688792597
210214,2021,8.080230811,2.137818756238978,5.9424120547610215
210214,2022,7.406205897,2.137818756238978,5.268387140761023
210214,2023,0.0,2.137818756238978,-2.137818756238978
210214,2024,0.0,2.137818756238978,-2.137818756238978
210214,2025,0.0,2.137818756238978,-2.137818756238978
210215,2021,8.195715662,2.1924896624784287,6.003225999521571
210215,2022,8.702085515,2.1924896624784287,6.509595852521572
210215,2023,0.0,2.1924896624784287,-2.1924896624784287
210215,2024,0.0,2.1924896624784287,-2.1924896624784287
210215,2025,0.0,2.1924896624784287,-2.1924896624784287
210301,2021,9.899014308,1.3426478692414228,8.556366438758577
210301,2022,9.126094054,1.3426478692414228,7.783446184758576
210301,2023,0.0,1.3426478692414228,-1.3426478692414228
210301,2024,0.0,1.3426478692414228,-1.3426478692414228
210301,2025,0.0,1.3426478692414228,-1.3426478692414228
210302,2021,5.922864456,1.4144444488089178,4.5084200071910825
210302,2022,4.783070218,1.4144444488089178,3.368625769191082
210302,2023,0.0,1.4144444488089178,-1.4144444488089178
210302,2024,0.0,1.4144444488089178,-1.4144444488089178
210302,2025,0.0,1.4144444488089178,-1.4144444488089178
210303,2021,6.737012876,1.839719295368749,4.897293580631251
210303,2022,8.153337009,1.839719295368749,6.313617713631251
210303,2023,0.0,1.839719295368749,-1.839719295368749
210303,2024,0.0,1.839719295368749,-1.839719295368749
210303,2025,0.0,1.839719295368749,-1.839719295368749
210304,2021,0.0,2.4314716900734514,-2.4314716900734514
210304,2022,5.430541086,2.4314716900734514,2.9990693959265484
210304,2023,0.0,2.4314716900734514,-2.4314716900734514
210304,2024,0.0,2.4314716900734514,-2.4314716900734514
210304,2025,0.0,2.4314716900734514,-2.4314716900734514
210305,2021,0.0,1.8382405872909195,-1.8382405872909195
210305,2022,4.966705639,1.8382405872909195,3.12846505170908
210305,2023,0.0,1.8382405872909195,-1.8382405872909195
210305,2024,0.0,1.8382405872909195,-1.8382405872909195
210305,2025,0.0,1.8382405872909195,-1.8382405872909195
210306,2021,0.0,1.341072008080863,-1.341072008080863
210306,2022,3.307954508,1.341072008080863,1.966882499919137
210306,2023,0.0,1.341072008080863,-1.341072008080863
210306,2024,0.0,1.341072008080863,-1.341072008080863
210306,2025,0.0,1.341072008080863,-1.341072008080863
210307,2021,5.749018244,2.018427965705778,3.730590278294222
210307,2022,6.487190252,2.018427965705778,4.468762286294222
210307,2023,0.0,2.018427965705778,-2.018427965705778
210307,2024,0.0,2.018427965705778,-2.018427965705778
210307,2025,0.0,2.018427965705778,-2.018427965705778
210308,2021,0.0,2.0197302852698438,-2.0197302852698438
210308,2022,0.0,2.0197302852698438,-2.0197302852698438
210308,2023,0.0,2.0197302852698438,-2.0197302852698438
210308,2024,0.0,2.0197302852698438,-2.0197302852698438
210308,2025,0.0,2.0197302852698438,-2.0197302852698438
210309,2021,5.22208908,1.5793601245259659,3.642728955474034
210309,2022,5.115506328,1.5793601245259659,3.5361462034740345
210309,2023,0.0,1.5793601245259659,-1.5793601245259659
210309,2024,0.0,1.5793601245259659,-1.5793601245259659
210309,2025,0.0,1.5793601245259659,-1.5793601245259659
210310,2021,3.011705711,1.8619351838113873,1.1497705271886125
210310,2022,3.153124447,1.8619351838113873,1.2911892631886128
210310,2023,0.0,1.8619351838113873,-1.8619351838113873
210310,2024,0.0,1.8619351838113873,-1.8619351838113873
210310,2025,0.0,1.8619351838113873,-1.8619351838113873
210401,2021,11.3059739,2.894518559691129,8.411455340308871
210401,2022,9.557524184,2.894518559691129,6.663005624308871
210401,2023,0.0,2.894518559691129,-2.894518559691129
210401,2024,0.0,2.894518559691129,-2.894518559691129
210401,2025,0.0,2.894518559691129,-2.894518559691129
210402,2021,7.015413154,2.015651758651061,4.999761395348939
210402,2022,8.660143009,2.015651758651061,6.644491250348939
210402,2023,0.0,2.015651758651061,-2.015651758651061
210402,2024,0.0,2.015651758651061,-2.015651758651061
210402,2025,0.0,2.015651758651061,-2.015651758651061
210403,2021,7.235891711,1.9468300599161996,5.2890616510838
210403,2022,6.407021419,1.9468300599161996,4.460191359083801
210403,2023,0.0,1.9468300599161996,-1.9468300599161996
210403,2024,0.0,1.9468300599161996,-1.9468300599161996
210403,2025,0.0,1.9468300599161996,-1.9468300599161996
210404,2021,10.71249301,1.8047193681198879,8.907773641880112
210404,2022,10.66716916,1.8047193681198879,8.862449791880113
210404,2023,0.0,1.8047193681198879,-1.8047193681198879
210404,2024,0.0,1.8047193681198879,-1.8047193681198879
210404,2025,0.0,1.8047193681198879,-1.8047193681198879
210405,2021,7.372573613,1.536574844961257,5.835998768038743
210405,2022,7.183019261,1.536574844961257,5.646444416038743
210405,2023,0.0,1.536574844961257,-1.536574844961257
210405,2024,0.0,1.536574844961257,-1.536574844961257
210405,2025,0.0,1.536574844961257,-1.536574844961257
210406,2021,6.693524357,2.6755551137891405,4.01796924321086
210406,2022,5.679932018,2.6755551137891405,3.0043769042108592
210406,2023,0.0,2.6755551137891405,-2.6755551137891405
210406,2024,0.0,2.6755551137891405,-2.6755551137891405
210406,2025,0.0,2.6755551137891405,-2.6755551137891405
210407,2021,6.48208097,2.7754272423540503,3.70665372764595
210407,2022,5.773679396,2.7754272423540503,2.99825215364595
210407,2023,0.0,2.7754272423540503,-2.7754272423540503
210407,2024,0.0,2.7754272423540503,-2.7754272423540503
210407,2025,0.0,2.7754272423540503,-2.7754272423540503
210501,2021,9.284806962,3.0954048475979565,6.189402114402043
210501,2022,7.768480533,3.0954048475979565,4.673075685402043
210501,2023,0.0,3.0954048475979565,-3.0954048475979565
210501,2024,0.0,3.0954048475979565,-3.0954048475979565
210501,2025,0.0,3.0954048475979565,-3.0954048475979565
210502,2021,6.042815532,1.389153397663514,4.653662134336486
210502,2022,5.976192267,1.389153397663514,4.587038869336486
210502,2023,0.0,1.389153397663514,-1.389153397663514
210502,2024,0.0,1.389153397663514,-1.389153397663514
210502,2025,0.0,1.389153397663514,-1.389153397663514
210503,2021,6.019850918,2.953728051879219,3.0661228661207813
210503,2022,6.453893832,2.953728051879219,3.5001657801207813
210503,2023,0.0,2.953728051879219,-2.953728051879219
210503,2024,0.0,2.953728051879219,-2.953728051879219
210503,2025,0.0,2.953728051879219,-2.953728051879219
210504,2021,5.593370462,0.974772274694853,4.618598187305147
210504,2022,5.858246694,0.974772274694853,4.883474419305147
210504,2023,0.0,0.974772274694853,-0.974772274694853
210504,2024,0.0,0.974772274694853,-0.974772274694853
210504,2025,0.0,0.974772274694853,-0.974772274694853
210505,2021,7.15755699,2.06808548664156,5.08947150335844
210505,2022,7.731453025,2.06808548664156,5.6633675383584405
210505,2023,0.0,2.06808548664156,-2.06808548664156
210505,2024,0.0,2.06808548664156,-2.06808548664156
210505,2025,0.0,2.06808548664156,-2.06808548664156
210601,2021,10.92600094,3.0168979216531935,7.909103018346807
210601,2022,10.0124576,3.0168979216531935,6.995559678346806
210601,2023,0.0,3.0168979216531935,-3.0168979216531935
210601,2024,0.0,3.0168979216531935,-3.0168979216531935
210601,2025,0.0,3.0168979216531935,-3.0168979216531935
210602,2021,0.0,1.5818293572636344,-1.5818293572636344
210602,2022,0.0,1.5818293572636344,-1.5818293572636344
210602,2023,0.0,1.5818293572636344,-1.5818293572636344
210602,2024,0.0,1.5818293572636344,-1.5818293572636344
210602,2025,0.0,1.5818293572636344,-1.5818293572636344
210603,2021,6.377576927,2.2414655459003248,4.136111381099675
210603,2022,7.325927191,2.2414655459003248,5.084461645099675
210603,2023,0.0,2.2414655459003248,-2.2414655459003248
210603,2024,0.0,2.2414655459003248,-2.2414655459003248
210603,2025,0.0,2.2414655459003248,-2.2414655459003248
210604,2021,5.36158555,2.0268171488545605,3.3347684011454395
210604,2022,6.040915868,2.0268171488545605,4.014098719145439
210604,2023,0.0,2.0268171488545605,-2.0268171488545605
210604,2024,0.0,2.0268171488545605,-2.0268171488545605
210604,2025,0.0,2.0268171488545605,-2.0268171488545605
210605,2021,4.643621372,2.4572822748547085,2.1863390971452916
210605,2022,5.247710335,2.4572822748547085,2.7904280601452913
210605,2023,0.0,2.4572822748547085,-2.4572822748547085
210605,2024,0.0,2.4572822748547085,-2.4572822748547085
210605,2025,0.0,2.4572822748547085,-2.4572822748547085
210606,2021,6.637761672,2.4547239812046318,4.183037690795368
210606,2022,6.560481583,2.4547239812046318,4.105757601795368
210606,2023,0.0,2.4547239812046318,-2.4547239812046318
210606,2024,0.0,2.4547239812046318,-2.4547239812046318
210606,2025,0.0,2.4547239812046318,-2.4547239812046318
210607,2021,6.284521894,2.494576686440063,3.789945207559937
210607,2022,6.033188263,2.494576686440063,3.5386115765599375
210607,2023,0.0,2.494576686440063,-2.494576686440063
210607,2024,0.0,2.494576686440063,-2.494576686440063
210607,2025,0.0,2.494576686440063,-2.494576686440063
210608,2021,5.588134255,2.325302654986736,3.2628316000132638
210608,2022,6.126385293,2.325302654986736,3.801082638013264
210608,2023,0.0,2.325302654986736,-2.325302654986736
210608,2024,0.0,2.325302654986736,-2.325302654986736
210608,2025,0.0,2.325302654986736,-2.325302654986736
210701,2021,11.27633873,2.4052038154932767,8.871134914506724
210701,2022,8.989493895,2.4052038154932767,6.584290079506724
210701,2023,0.0,2.4052038154932767,-2.4052038154932767
210701,2024,0.0,2.4052038154932767,-2.4052038154932767
210701,2025,0.0,2.4052038154932767,-2.4052038154932767
210702,2021,6.107675021,1.9301864083489215,4.177488612651079
210702,2022,6.018376916,1.9301864083489215,4.0881905076510785
210702,2023,0.0,1.9301864083489215,-1.9301864083489215
210702,2024,0.0,1.9301864083489215,-1.9301864083489215
210702,2025,0.0,1.9301864083489215,-1.9301864083489215
210703,2021,5.489573252,1.496464645020334,3.9931086069796655
210703,2022,5.756604902,1.496464645020334,4.260140256979666
210703,2023,0.0,1.496464645020334,-1.496464645020334
210703,2024,0.0,1.496464645020334,-1.496464645020334
210703,2025,0.0,1.496464645020334,-1.496464645020334
210704,2021,5.970333765,2.0499853114619704,3.92034845353803
210704,2022,5.453056109,2.0499853114619704,3.40307079753803
210704,2023,0.0,2.0499853114619704,-2.0499853114619704
210704,2024,0.0,2.0499853114619704,-2.0499853114619704
210704,2025,0.0,2.0499853114619704,-2.0499853114619704
210705,2021,6.150215021,1.0891505990547847,5.061064421945216
210705,2022,6.044328037,1.0891505990547847,4.955177437945215
210705,2023,0.0,1.0891505990547847,-1.0891505990547847
210705,2024,0.0,1.0891505990547847,-1.0891505990547847
210705,2025,0.0,1.0891505990547847,-1.0891505990547847
210706,2021,0.0,1.414812912724252,-1.414812912724252
210706,2022,0.0,1.414812912724252,-1.414812912724252
210706,2023,0.0,1.414812912724252,-1.414812912724252
210706,2024,0.0,1.414812912724252,-1.414812912724252
210706,2025,0.0,1.414812912724252,-1.414812912724252
210707,2021,0.0,1.3451545377899856,-1.3451545377899856
210707,2022,0.0,1.3451545377899856,-1.3451545377899856
210707,2023,0.0,1.3451545377899856,-1.3451545377899856
210707,2024,0.0,1.3451545377899856,-1.3451545377899856
210707,2025,0.0,1.3451545377899856,-1.3451545377899856
210708,2021,0.0,2.488704378230838,-2.488704378230838
210708,2022,0.0,2.488704378230838,-2.488704378230838
210708,2023,0.0,2.488704378230838,-2.488704378230838
210708,2024,0.0,2.488704378230838,-2.488704378230838
210708,2025,0.0,2.488704378230838,-2.488704378230838
210709,2021,0.0,1.288872638491655,-1.288872638491655
210709,2022,0.0,1.288872638491655,-1.288872638491655
210709,2023,0.0,1.288872638491655,-1.288872638491655
210709,2024,0.0,1.288872638491655,-1.288872638491655
210709,2025,0.0,1.288872638491655,-1.288872638491655
210710,2021,12.1776037,0.8950007757869851,11.282602924213016
210710,2022,8.037946981,0.8950007757869851,7.142946205213014
210710,2023,0.0,0.8950007757869851,-0.8950007757869851
210710,2024,0.0,0.8950007757869851,-0.8950007757869851
210710,2025,0.0,0.8950007757869851,-0.8950007757869851
210801,2021,10.71373549,3.082524384057988,7.631211105942011
210801,2022,9.666172176,3.082524384057988,6.5836477919420116
210801,2023,0.0,3.082524384057988,-3.082524384057988
210801,2024,0.0,3.082524384057988,-3.082524384057988
210801,2025,0.0,3.082524384057988,-3.082524384057988
210802,2021,0.0,1.1671179014295856,-1.1671179014295856
210802,2022,4.557160967,1.1671179014295856,3.3900430655704143
210802,2023,0.0,1.1671179014295856,-1.1671179014295856
210802,2024,0.0,1.1671179014295856,-1.1671179014295856
210802,2025,0.0,1.1671179014295856,-1.1671179014295856
210803,2021,7.684393899,1.704409255478152,5.979984643521847
210803,2022,8.386042636,1.704409255478152,6.681633380521848
210803,2023,0.0,1.704409255478152,-1.704409255478152
210803,2024,0.0,1.704409255478152,-1.704409255478152
210803,2025,0.0,1.704409255478152,-1.704409255478152
210804,2021,1.967650136,1.6355065328974616,0.33214360310253843
210804,2022,0.0,1.6355065328974616,-1.6355065328974616
210804,2023,0.0,1.6355065328974616,-1.6355065328974616
210804,2024,0.0,1.6355065328974616,-1.6355065328974616
210804,2025,0.0,1.6355065328974616,-1.6355065328974616
210805,2021,0.0,2.662572891514379,-2.662572891514379
210805,2022,0.0,2.662572891514379,-2.662572891514379
210805,2023,0.0,2.662572891514379,-2.662572891514379
210805,2024,0.0,2.662572891514379,-2.662572891514379
210805,2025,0.0,2.662572891514379,-2.662572891514379
210806,2021,0.0,1.3999686175677222,-1.3999686175677222
210806,2022,0.0,1.3999686175677222,-1.3999686175677222
210806,2023,0.0,1.3999686175677222,-1.3999686175677222
210806,2024,0.0,1.3999686175677222,-1.3999686175677222
210806,2025,0.0,1.3999686175677222,-1.3999686175677222
210807,2021,6.125199571,2.186632566891382,3.9385670041086174
210807,2022,6.587142529,2.186632566891382,4.400509962108618
210807,2023,0.0,2.186632566891382,-2.186632566891382
210807,2024,0.0,2.186632566891382,-2.186632566891382
210807,2025,0.0,2.186632566891382,-2.186632566891382
210808,2021,0.0,1.671194801383468,-1.671194801383468
210808,2022,0.0,1.671194801383468,-1.671194801383468
210808,2023,0.0,1.671194801383468,-1.671194801383468
210808,2024,0.0,1.671194801383468,-1.671194801383468
210808,2025,0.0,1.671194801383468,-1.671194801383468
210809,2021,6.596081957,1.9520995205711995,4.6439824364288
210809,2022,7.519061782,1.9520995205711995,5.566962261428801
210809,2023,0.0,1.9520995205711995,-1.9520995205711995
210809,2024,0.0,1.9520995205711995,-1.9520995205711995
210809,2025,0.0,1.9520995205711995,-1.9520995205711995
210901,2021,0.0,2.604140845520977,-2.604140845520977
210901,2022,0.0,2.604140845520977,-2.604140845520977
210901,2023,0.0,2.604140845520977,-2.604140845520977
210901,2024,0.0,2.604140845520977,-2.604140845520977
210901,2025,0.0,2.604140845520977,-2.604140845520977
210902,2021,6.23334807,1.9819892286150085,4.251358841384992
210902,2022,6.005408543,1.9819892286150085,4.0234193143849915
210902,2023,0.0,1.9819892286150085,-1.9819892286150085
210902,2024,0.0,1.9819892286150085,-1.9819892286150085
210902,2025,0.0,1.9819892286150085,-1.9819892286150085
210903,2021,0.0,1.9609408056231017,-1.9609408056231017
210903,2022,0.0,1.9609408056231017,-1.9609408056231017
210903,2023,0.0,1.9609408056231017,-1.9609408056231017
210903,2024,0.0,1.9609408056231017,-1.9609408056231017
210903,2025,0.0,1.9609408056231017,-1.9609408056231017
210904,2021,6.445402309,1.8188529422802078,4.626549366719793
210904,2022,5.56194924,1.8188529422802078,3.743096297719792
210904,2023,0.0,1.8188529422802078,-1.8188529422802078
210904,2024,0.0,1.8188529422802078,-1.8188529422802078
210904,2025,0.0,1.8188529422802078,-1.8188529422802078
211001,2021,0.0,2.8364449506304545,-2.8364449506304545
211001,2022,0.0,2.8364449506304545,-2.8364449506304545
211001,2023,0.0,2.8364449506304545,-2.8364449506304545
211001,2024,0.0,2.8364449506304545,-2.8364449506304545
211001,2025,0.0,2.8364449506304545,-2.8364449506304545
211002,2021,0.0,2.079003955803867,-2.079003955803867
211002,2022,5.104271346,2.079003955803867,3.025267390196133
211002,2023,0.0,2.079003955803867,-2.079003955803867
211002,2024,0.0,2.079003955803867,-2.079003955803867
211002,2025,0.0,2.079003955803867,-2.079003955803867
211003,2021,7.872912363,1.8037355955483467,6.069176767451653
211003,2022,6.490861475,1.8037355955483467,4.687125879451653
211003,2023,0.0,1.8037355955483467,-1.8037355955483467
211003,2024,0.0,1.8037355955483467,-1.8037355955483467
211003,2025,0.0,1.8037355955483467,-1.8037355955483467
211004,2021,0.0,1.883308288775511,-1.883308288775511
211004,2022,0.0,1.883308288775511,-1.883308288775511
211004,2023,0.0,1.883308288775511,-1.883308288775511
211004,2024,0.0,1.883308288775511,-1.883308288775511
211004,2025,0.0,1.883308288775511,-1.883308288775511
211005,2021,6.171586717,1.2910667166771548,4.8805200003228455
211005,2022,6.547879026,1.2910667166771548,5.256812309322846
211005,2023,0.0,1.2910667166771548,-1.2910667166771548
211005,2024,0.0,1.2910667166771548,-1.2910667166771548
211005,2025,0.0,1.2910667166771548,-1.2910667166771548
211101,2021,8.815480325,3.268365150393199,5.5471151746068
211101,2022,8.283658282,3.268365150393199,5.0152931316068
211101,2023,0.0,3.268365150393199,-3.268365150393199
211101,2024,0.0,3.268365150393199,-3.268365150393199
211101,2025,0.0,3.268365150393199,-3.268365150393199
211102,2021,5.867665857,2.303788556579096,3.5638773004209043
211102,2022,6.803169926,2.303788556579096,4.499381369420904
211102,2023,0.0,2.303788556579096,-2.303788556579096
211102,2024,0.0,2.303788556579096,-2.303788556579096
211102,2025,0.0,2.303788556579096,-2.303788556579096
211103,2021,0.0,1.8324001851997698,-1.8324001851997698
211103,2022,0.0,1.8324001851997698,-1.8324001851997698
211103,2023,0.0,1.8324001851997698,-1.8324001851997698
211103,2024,0.0,1.8324001851997698,-1.8324001851997698
211103,2025,0.0,1.8324001851997698,-1.8324001851997698
211104,2021,6.168112991,2.671912800700027,3.496200190299973
211104,2022,5.687540169,2.671912800700027,3.015627368299973
211104,2023,0.0,2.671912800700027,-2.671912800700027
211104,2024,0.0,2.671912800700027,-2.671912800700027
211104,2025,0.0,2.671912800700027,-2.671912800700027
211105,2021,5.469261324,3.187636670088811,2.2816246539111886
211105,2022,5.461379568,3.187636670088811,2.273742897911189
211105,2023,0.0,3.187636670088811,-3.187636670088811
211105,2024,0.0,3.187636670088811,-3.187636670088811
211105,2025,0.0,3.187636670088811,-3.187636670088811
211201,2021,10.01769339,2.3719026644900922,7.645790725509908
211201,2022,9.361875516,2.3719026644900922,6.989972851509908
211201,2023,0.0,2.3719026644900922,-2.3719026644900922
211201,2024,0.0,2.3719026644900922,-2.3719026644900922
211201,2025,0.0,2.3719026644900922,-2.3719026644900922
211202,2021,0.0,1.4708119653053957,-1.4708119653053957
211202,2022,0.0,1.4708119653053957,-1.4708119653053957
211202,2023,0.0,1.4708119653053957,-1.4708119653053957
211202,2024,0.0,1.4708119653053957,-1.4708119653053957
211202,2025,0.0,1.4708119653053957,-1.4708119653053957
211203,2021,0.0,1.6362604900077573,-1.6362604900077573
211203,2022,7.71023721,1.6362604900077573,6.073976719992243
211203,2023,0.0,1.6362604900077573,-1.6362604900077573
211203,2024,0.0,1.6362604900077573,-1.6362604900077573
211203,2025,0.0,1.6362604900077573,-1.6362604900077573
211204,2021,7.018816587,2.0685534556683454,4.9502631313316545
211204,2022,5.232795906,2.0685534556683454,3.1642424503316544
211204,2023,0.0,2.0685534556683454,-2.0685534556683454
211204,2024,0.0,2.0685534556683454,-2.0685534556683454
211204,2025,0.0,2.0685534556683454,-2.0685534556683454
211205,2021,6.929574949,2.1696905820323433,4.759884366967657
211205,2022,6.984638798,2.1696905820323433,4.814948215967656
211205,2023,0.0,2.1696905820323433,-2.1696905820323433
211205,2024,0.0,2.1696905820323433,-2.1696905820323433
211205,2025,0.0,2.1696905820323433,-2.1696905820323433
211206,2021,6.145585465,1.581472220674556,4.564113244325444
211206,2022,6.265663269,1.581472220674556,4.684191048325444
211206,2023,0.0,1.581472220674556,-1.581472220674556
211206,2024,0.0,1.581472220674556,-1.581472220674556
211206,2025,0.0,1.581472220674556,-1.581472220674556
211207,2021,3.985834438,2.0615259184345134,1.9243085195654865
211207,2022,2.26634299,2.0615259184345134,0.20481707156548667
211207,2023,0.0,2.0615259184345134,-2.0615259184345134
211207,2024,0.0,2.0615259184345134,-2.0615259184345134
211207,2025,0.0,2.0615259184345134,-2.0615259184345134
211208,2021,0.0,2.183323904782856,-2.183323904782856
211208,2022,0.0,2.183323904782856,-2.183323904782856
211208,2023,0.0,2.183323904782856,-2.183323904782856
211208,2024,0.0,2.183323904782856,-2.183323904782856
211208,2025,0.0,2.183323904782856,-2.183323904782856
211209,2021,4.936715495,2.2486154118318322,2.6881000831681674
211209,2022,4.668181449,2.2486154118318322,2.419566037168168
211209,2023,0.0,2.2486154118318322,-2.2486154118318322
211209,2024,0.0,2.2486154118318322,-2.2486154118318322
211209,2025,0.0,2.2486154118318322,-2.2486154118318322
211210,2021,5.739994758,1.5648798351665965,4.175114922833403
211210,2022,5.975033118,1.5648798351665965,4.410153282833403
211210,2023,0.0,1.5648798351665965,-1.5648798351665965
211210,2024,0.0,1.5648798351665965,-1.5648798351665965
211210,2025,0.0,1.5648798351665965,-1.5648798351665965
211301,2021,9.121280915,3.059280902161374,6.0620000128386256
211301,2022,8.23677523,3.059280902161374,5.177494327838625
211301,2023,0.0,3.059280902161374,-3.059280902161374
211301,2024,0.0,3.059280902161374,-3.059280902161374
211301,2025,0.0,3.059280902161374,-3.059280902161374
211302,2021,7.100118838,1.8167596831245316,5.283359154875469
211302,2022,0.0,1.8167596831245316,-1.8167596831245316
211302,2023,0.0,1.8167596831245316,-1.8167596831245316
211302,2024,0.0,1.8167596831245316,-1.8167596831245316
211302,2025,0.0,1.8167596831245316,-1.8167596831245316
211303,2021,5.467570268,1.6898060866017401,3.7777641813982603
211303,2022,5.890365532,1.6898060866017401,4.20055944539826
211303,2023,0.0,1.6898060866017401,-1.6898060866017401
211303,2024,0.0,1.6898060866017401,-1.6898060866017401
211303,2025,0.0,1.6898060866017401,-1.6898060866017401
211304,2021,7.456454555,1.3841635554991503,6.072290999500849
211304,2022,5.785362462,1.3841635554991503,4.40119890650085
211304,2023,0.0,1.3841635554991503,-1.3841635554991503
211304,2024,0.0,1.3841635554991503,-1.3841635554991503
211304,2025,0.0,1.3841635554991503,-1.3841635554991503
211305,2021,6.231827736,1.4544997998768756,4.777327936123124
211305,2022,6.750501874,1.4544997998768756,5.296002074123125
211305,2023,0.0,1.4544997998768756,-1.4544997998768756
211305,2024,0.0,1.4544997998768756,-1.4544997998768756
211305,2025,0.0,1.4544997998768756,-1.4544997998768756
211306,2021,5.988961417,1.2126276749808873,4.776333742019112
211306,2022,0.0,1.2126276749808873,-1.2126276749808873
211306,2023,0.0,1.2126276749808873,-1.2126276749808873
211306,2024,0.0,1.2126276749808873,-1.2126276749808873
211306,2025,0.0,1.2126276749808873,-1.2126276749808873
211307,2021,4.957586073,1.4895775304596233,3.4680085425403764
211307,2022,0.0,1.4895775304596233,-1.4895775304596233
211307,2023,0.0,1.4895775304596233,-1.4895775304596233
211307,2024,0.0,1.4895775304596233,-1.4895775304596233
211307,2025,0.0,1.4895775304596233,-1.4895775304596233
220101,2021,10.54375143,2.501372162270129,8.04237926772987
220101,2022,10.03333968,2.501372162270129,7.53196751772987
220101,2023,0.0,2.501372162270129,-2.501372162270129
220101,2024,0.0,2.501372162270129,-2.501372162270129
220101,2025,0.0,2.501372162270129,-2.501372162270129
220102,2021,0.0,1.2324762537918397,-1.2324762537918397
220102,2022,0.0,1.2324762537918397,-1.2324762537918397
220102,2023,0.0,1.2324762537918397,-1.2324762537918397
220102,2024,0.0,1.2324762537918397,-1.2324762537918397
220102,2025,0.0,1.2324762537918397,-1.2324762537918397
220103,2021,0.0,1.0849821932386512,-1.0849821932386512
220103,2022,0.0,1.0849821932386512,-1.0849821932386512
220103,2023,0.0,1.0849821932386512,-1.0849821932386512
220103,2024,0.0,1.0849821932386512,-1.0849821932386512
220103,2025,0.0,1.0849821932386512,-1.0849821932386512
220104,2021,7.315669766,2.264315266812974,5.051354499187026
220104,2022,6.801237632,2.264315266812974,4.536922365187026
220104,2023,0.0,2.264315266812974,-2.264315266812974
220104,2024,0.0,2.264315266812974,-2.264315266812974
220104,2025,0.0,2.264315266812974,-2.264315266812974
220105,2021,5.907656164,2.289535237036838,3.6181209269631616
220105,2022,6.288564468,2.289535237036838,3.9990292309631617
220105,2023,0.0,2.289535237036838,-2.289535237036838
220105,2024,0.0,2.289535237036838,-2.289535237036838
220105,2025,0.0,2.289535237036838,-2.289535237036838
220106,2021,0.0,1.140341547066106,-1.140341547066106
220106,2022,0.0,1.140341547066106,-1.140341547066106
220106,2023,0.0,1.140341547066106,-1.140341547066106
220106,2024,0.0,1.140341547066106,-1.140341547066106
220106,2025,0.0,1.140341547066106,-1.140341547066106
220201,2021,6.797552728,1.9292847064133005,4.8682680215867
220201,2022,7.439353972,1.9292847064133005,5.5100692655867
220201,2023,0.0,1.9292847064133005,-1.9292847064133005
220201,2024,0.0,1.9292847064133005,-1.9292847064133005
220201,2025,0.0,1.9292847064133005,-1.9292847064133005
220202,2021,0.0,1.6195509756029702,-1.6195509756029702
220202,2022,0.0,1.6195509756029702,-1.6195509756029702
220202,2023,0.0,1.6195509756029702,-1.6195509756029702
220202,2024,0.0,1.6195509756029702,-1.6195509756029702
220202,2025,0.0,1.6195509756029702,-1.6195509756029702
220203,2021,6.362315706,1.0758067892537746,5.286508916746226
220203,2022,6.760457243,1.0758067892537746,5.684650453746226
220203,2023,0.0,1.0758067892537746,-1.0758067892537746
220203,2024,0.0,1.0758067892537746,-1.0758067892537746
220203,2025,0.0,1.0758067892537746,-1.0758067892537746
220204,2021,0.0,1.3227312493982941,-1.3227312493982941
220204,2022,0.0,1.3227312493982941,-1.3227312493982941
220204,2023,0.0,1.3227312493982941,-1.3227312493982941
220204,2024,0.0,1.3227312493982941,-1.3227312493982941
220204,2025,0.0,1.3227312493982941,-1.3227312493982941
220205,2021,4.676371964,1.1809389641369248,3.4954329998630755
220205,2022,4.567029302,1.1809389641369248,3.386090337863075
220205,2023,0.0,1.1809389641369248,-1.1809389641369248
220205,2024,0.0,1.1809389641369248,-1.1809389641369248
220205,2025,0.0,1.1809389641369248,-1.1809389641369248
220206,2021,6.251510585,0.9735958567757867,5.277914728224213
220206,2022,0.0,0.9735958567757867,-0.9735958567757867
220206,2023,0.0,0.9735958567757867,-0.9735958567757867
220206,2024,0.0,0.9735958567757867,-0.9735958567757867
220206,2025,0.0,0.9735958567757867,-0.9735958567757867
220301,2021,4.886375304,1.5379207726078057,3.3484545313921945
220301,2022,4.782873902,1.5379207726078057,3.2449531293921945
220301,2023,0.0,1.5379207726078057,-1.5379207726078057
220301,2024,0.0,1.5379207726078057,-1.5379207726078057
220301,2025,0.0,1.5379207726078057,-1.5379207726078057
220302,2021,0.0,1.1551719218560426,-1.1551719218560426
220302,2022,0.0,1.1551719218560426,-1.1551719218560426
220302,2023,0.0,1.1551719218560426,-1.1551719218560426
220302,2024,0.0,1.1551719218560426,-1.1551719218560426
220302,2025,0.0,1.1551719218560426,-1.1551719218560426
220303,2021,5.171583098,1.7438958790587666,3.4276872189412337
220303,2022,4.774091145,1.7438958790587666,3.0301952659412335
220303,2023,0.0,1.7438958790587666,-1.7438958790587666
220303,2024,0.0,1.7438958790587666,-1.7438958790587666
220303,2025,0.0,1.7438958790587666,-1.7438958790587666
220304,2021,6.834588652,1.315998856005651,5.518589795994349
220304,2022,6.753437919,1.315998856005651,5.437439062994349
220304,2023,0.0,1.315998856005651,-1.315998856005651
220304,2024,0.0,1.315998856005651,-1.315998856005651
220304,2025,0.0,1.315998856005651,-1.315998856005651
220305,2021,4.844437024,1.7329081599078193,3.1115288640921808
220305,2022,5.317674262,1.7329081599078193,3.58476610209218
220305,2023,0.0,1.7329081599078193,-1.7329081599078193
220305,2024,0.0,1.7329081599078193,-1.7329081599078193
220305,2025,0.0,1.7329081599078193,-1.7329081599078193
220401,2021,0.912255757,1.7337204262947863,-0.8214646692947863
220401,2022,0.0,1.7337204262947863,-1.7337204262947863
220401,2023,0.0,1.7337204262947863,-1.7337204262947863
220401,2024,0.0,1.7337204262947863,-1.7337204262947863
220401,2025,0.0,1.7337204262947863,-1.7337204262947863
220402,2021,0.0,1.8367282081669751,-1.8367282081669751
220402,2022,0.0,1.8367282081669751,-1.8367282081669751
220402,2023,0.0,1.8367282081669751,-1.8367282081669751
220402,2024,0.0,1.8367282081669751,-1.8367282081669751
220402,2025,0.0,1.8367282081669751,-1.8367282081669751
220403,2021,7.668794726,1.3581036720791368,6.310691053920863
220403,2022,7.025743422,1.3581036720791368,5.667639749920863
220403,2023,0.0,1.3581036720791368,-1.3581036720791368
220403,2024,0.0,1.3581036720791368,-1.3581036720791368
220403,2025,0.0,1.3581036720791368,-1.3581036720791368
220404,2021,4.306141937,1.8082959258682583,2.4978460111317413
220404,2022,2.059507327,1.8082959258682583,0.2512114011317417
220404,2023,0.0,1.8082959258682583,-1.8082959258682583
220404,2024,0.0,1.8082959258682583,-1.8082959258682583
220404,2025,0.0,1.8082959258682583,-1.8082959258682583
220405,2021,0.0,1.4666833603653704,-1.4666833603653704
220405,2022,0.0,1.4666833603653704,-1.4666833603653704
220405,2023,0.0,1.4666833603653704,-1.4666833603653704
220405,2024,0.0,1.4666833603653704,-1.4666833603653704
220405,2025,0.0,1.4666833603653704,-1.4666833603653704
220406,2021,0.0,1.058729456046306,-1.058729456046306
220406,2022,0.0,1.058729456046306,-1.058729456046306
220406,2023,0.0,1.058729456046306,-1.058729456046306
220406,2024,0.0,1.058729456046306,-1.058729456046306
220406,2025,0.0,1.058729456046306,-1.058729456046306
220501,2021,5.965595425,1.7181621837514203,4.247433241248579
220501,2022,0.0,1.7181621837514203,-1.7181621837514203
220501,2023,0.0,1.7181621837514203,-1.7181621837514203
220501,2024,0.0,1.7181621837514203,-1.7181621837514203
220501,2025,0.0,1.7181621837514203,-1.7181621837514203
220502,2021,5.105635779,1.9079922678538506,3.1976435111461496
220502,2022,5.033436424,1.9079922678538506,3.1254441561461492
220502,2023,0.0,1.9079922678538506,-1.9079922678538506
220502,2024,0.0,1.9079922678538506,-1.9079922678538506
220502,2025,0.0,1.9079922678538506,-1.9079922678538506
220503,2021,0.0,1.2553707461469037,-1.2553707461469037
220503,2022,0.0,1.2553707461469037,-1.2553707461469037
220503,2023,0.0,1.2553707461469037,-1.2553707461469037
220503,2024,0.0,1.2553707461469037,-1.2553707461469037
220503,2025,0.0,1.2553707461469037,-1.2553707461469037
220504,2021,2.51280141,1.3880565566583754,1.1247448533416244
220504,2022,0.0,1.3880565566583754,-1.3880565566583754
220504,2023,0.0,1.3880565566583754,-1.3880565566583754
220504,2024,0.0,1.3880565566583754,-1.3880565566583754
220504,2025,0.0,1.3880565566583754,-1.3880565566583754
220505,2021,6.305565845,1.7152795066105586,4.590286338389442
220505,2022,6.183434917,1.7152795066105586,4.468155410389441
220505,2023,0.0,1.7152795066105586,-1.7152795066105586
220505,2024,0.0,1.7152795066105586,-1.7152795066105586
220505,2025,0.0,1.7152795066105586,-1.7152795066105586
220506,2021,5.734944044,1.6044157603628706,4.130528283637129
220506,2022,6.262445428,1.6044157603628706,4.65802966763713
220506,2023,0.0,1.6044157603628706,-1.6044157603628706
220506,2024,0.0,1.6044157603628706,-1.6044157603628706
220506,2025,0.0,1.6044157603628706,-1.6044157603628706
220507,2021,7.943115743,1.071866058955519,6.871249684044481
220507,2022,7.658125863,1.071866058955519,6.586259804044482
220507,2023,0.0,1.071866058955519,-1.071866058955519
220507,2024,0.0,1.071866058955519,-1.071866058955519
220507,2025,0.0,1.071866058955519,-1.071866058955519
220508,2021,6.537640672,1.4391078549277199,5.098532817072281
220508,2022,0.0,1.4391078549277199,-1.4391078549277199
220508,2023,0.0,1.4391078549277199,-1.4391078549277199
220508,2024,0.0,1.4391078549277199,-1.4391078549277199
220508,2025,0.0,1.4391078549277199,-1.4391078549277199
220509,2021,0.0,1.3077891733709144,-1.3077891733709144
220509,2022,4.588671187,1.3077891733709144,3.2808820136290855
220509,2023,0.0,1.3077891733709144,-1.3077891733709144
220509,2024,0.0,1.3077891733709144,-1.3077891733709144
220509,2025,0.0,1.3077891733709144,-1.3077891733709144
220510,2021,2.527386256,1.863792945323785,0.6635933106762153
220510,2022,0.0,1.863792945323785,-1.863792945323785
220510,2023,0.0,1.863792945323785,-1.863792945323785
220510,2024,0.0,1.863792945323785,-1.863792945323785
220510,2025,0.0,1.863792945323785,-1.863792945323785
220511,2021,4.484346819,1.6581665851596878,2.826180233840312
220511,2022,0.0,1.6581665851596878,-1.6581665851596878
220511,2023,0.0,1.6581665851596878,-1.6581665851596878
220511,2024,0.0,1.6581665851596878,-1.6581665851596878
220511,2025,0.0,1.6581665851596878,-1.6581665851596878
220601,2021,10.18248163,2.69447696519099,7.48800466480901
220601,2022,9.016097166,2.69447696519099,6.32162020080901
220601,2023,0.0,2.69447696519099,-2.69447696519099
220601,2024,0.0,2.69447696519099,-2.69447696519099
220601,2025,0.0,2.69447696519099,-2.69447696519099
220602,2021,6.115212662,1.4567310135725617,4.658481648427438
220602,2022,5.520326585,1.4567310135725617,4.063595571427438
220602,2023,0.0,1.4567310135725617,-1.4567310135725617
220602,2024,0.0,1.4567310135725617,-1.4567310135725617
220602,2025,0.0,1.4567310135725617,-1.4567310135725617
220603,2021,0.0,1.8915321073387472,-1.8915321073387472
220603,2022,4.605269191,1.8915321073387472,2.713737083661252
220603,2023,0.0,1.8915321073387472,-1.8915321073387472
220603,2024,0.0,1.8915321073387472,-1.8915321073387472
220603,2025,0.0,1.8915321073387472,-1.8915321073387472
220604,2021,0.0,1.1671508739995067,-1.1671508739995067
220604,2022,0.0,1.1671508739995067,-1.1671508739995067
220604,2023,0.0,1.1671508739995067,-1.1671508739995067
220604,2024,0.0,1.1671508739995067,-1.1671508739995067
220604,2025,0.0,1.1671508739995067,-1.1671508739995067
220605,2021,6.03637816,1.6187152402810292,4.417662919718971
220605,2022,6.173035823,1.6187152402810292,4.5543205827189706
220605,2023,0.0,1.6187152402810292,-1.6187152402810292
220605,2024,0.0,1.6187152402810292,-1.6187152402810292
220605,2025,0.0,1.6187152402810292,-1.6187152402810292
220701,2021,0.0,1.1155245679167276,-1.1155245679167276
220701,2022,0.0,1.1155245679167276,-1.1155245679167276
220701,2023,0.0,1.1155245679167276,-1.1155245679167276
220701,2024,0.0,1.1155245679167276,-1.1155245679167276
220701,2025,0.0,1.1155245679167276,-1.1155245679167276
220702,2021,0.0,1.4041905426159293,-1.4041905426159293
220702,2022,0.0,1.4041905426159293,-1.4041905426159293
220702,2023,0.0,1.4041905426159293,-1.4041905426159293
220702,2024,0.0,1.4041905426159293,-1.4041905426159293
220702,2025,0.0,1.4041905426159293,-1.4041905426159293
220703,2021,0.0,1.1064243560987346,-1.1064243560987346
220703,2022,0.0,1.1064243560987346,-1.1064243560987346
220703,2023,0.0,1.1064243560987346,-1.1064243560987346
220703,2024,0.0,1.1064243560987346,-1.1064243560987346
220703,2025,0.0,1.1064243560987346,-1.1064243560987346
220704,2021,0.0,1.0804448603755137,-1.0804448603755137
220704,2022,0.0,1.0804448603755137,-1.0804448603755137
220704,2023,0.0,1.0804448603755137,-1.0804448603755137
220704,2024,0.0,1.0804448603755137,-1.0804448603755137
220704,2025,0.0,1.0804448603755137,-1.0804448603755137
220705,2021,0.0,0.8913848041678919,-0.8913848041678919
220705,2022,0.0,0.8913848041678919,-0.8913848041678919
220705,2023,0.0,0.8913848041678919,-0.8913848041678919
220705,2024,0.0,0.8913848041678919,-0.8913848041678919
220705,2025,0.0,0.8913848041678919,-0.8913848041678919
220706,2021,0.0,0.605976710339677,-0.605976710339677
220706,2022,0.0,0.605976710339677,-0.605976710339677
220706,2023,0.0,0.605976710339677,-0.605976710339677
220706,2024,0.0,0.605976710339677,-0.605976710339677
220706,2025,0.0,0.605976710339677,-0.605976710339677
220707,2021,4.227309671,0.7738607549329753,3.453448916067025
220707,2022,4.787888489,0.7738607549329753,4.0140277340670245
220707,2023,0.0,0.7738607549329753,-0.7738607549329753
220707,2024,0.0,0.7738607549329753,-0.7738607549329753
220707,2025,0.0,0.7738607549329753,-0.7738607549329753
220708,2021,5.173020112,1.6696050858621725,3.5034150261378274
220708,2022,5.226700599,1.6696050858621725,3.5570955131378277
220708,2023,0.0,1.6696050858621725,-1.6696050858621725
220708,2024,0.0,1.6696050858621725,-1.6696050858621725
220708,2025,0.0,1.6696050858621725,-1.6696050858621725
220709,2021,0.0,1.392591052717038,-1.392591052717038
220709,2022,0.0,1.392591052717038,-1.392591052717038
220709,2023,0.0,1.392591052717038,-1.392591052717038
220709,2024,0.0,1.392591052717038,-1.392591052717038
220709,2025,0.0,1.392591052717038,-1.392591052717038
220710,2021,0.0,1.3863358921672047,-1.3863358921672047
220710,2022,0.0,1.3863358921672047,-1.3863358921672047
220710,2023,0.0,1.3863358921672047,-1.3863358921672047
220710,2024,0.0,1.3863358921672047,-1.3863358921672047
220710,2025,0.0,1.3863358921672047,-1.3863358921672047
220801,2021,7.247049614,2.6656027861702682,4.581446827829732
220801,2022,6.310362886,2.6656027861702682,3.644760099829732
220801,2023,0.0,2.6656027861702682,-2.6656027861702682
220801,2024,0.0,2.6656027861702682,-2.6656027861702682
220801,2025,0.0,2.6656027861702682,-2.6656027861702682
220802,2021,2.432262916,1.7914749027628338,0.6407880132371662
220802,2022,2.091165005,1.7914749027628338,0.2996901022371663
220802,2023,0.0,1.7914749027628338,-1.7914749027628338
220802,2024,0.0,1.7914749027628338,-1.7914749027628338
220802,2025,0.0,1.7914749027628338,-1.7914749027628338
220803,2021,7.080143086,1.9350126937195038,5.145130392280496
220803,2022,4.817114481,1.9350126937195038,2.8821017872804964
220803,2023,0.0,1.9350126937195038,-1.9350126937195038
220803,2024,0.0,1.9350126937195038,-1.9350126937195038
220803,2025,0.0,1.9350126937195038,-1.9350126937195038
220804,2021,5.601407132,3.2104814855572688,2.3909256464427315
220804,2022,5.341649353,3.2104814855572688,2.1311678674427315
220804,2023,0.0,3.2104814855572688,-3.2104814855572688
220804,2024,0.0,3.2104814855572688,-3.2104814855572688
220804,2025,0.0,3.2104814855572688,-3.2104814855572688
220805,2021,5.849534347,2.0951542443687603,3.7543801026312393
220805,2022,6.962492197,2.0951542443687603,4.867337952631241
220805,2023,0.0,2.0951542443687603,-2.0951542443687603
220805,2024,0.0,2.0951542443687603,-2.0951542443687603
220805,2025,0.0,2.0951542443687603,-2.0951542443687603
220806,2021,3.883035469,1.0670515486279635,2.8159839203720365
220806,2022,1.353142154,1.0670515486279635,0.28609060537203646
220806,2023,0.0,1.0670515486279635,-1.0670515486279635
220806,2024,0.0,1.0670515486279635,-1.0670515486279635
220806,2025,0.0,1.0670515486279635,-1.0670515486279635
220807,2021,7.873788103,0.7065015748825643,7.167286528117436
220807,2022,5.277623958,0.7065015748825643,4.571122383117436
220807,2023,0.0,0.7065015748825643,-0.7065015748825643
220807,2024,0.0,0.7065015748825643,-0.7065015748825643
220807,2025,0.0,0.7065015748825643,-0.7065015748825643
220808,2021,0.0,1.3304563305392445,-1.3304563305392445
220808,2022,0.0,1.3304563305392445,-1.3304563305392445
220808,2023,0.0,1.3304563305392445,-1.3304563305392445
220808,2024,0.0,1.3304563305392445,-1.3304563305392445
220808,2025,0.0,1.3304563305392445,-1.3304563305392445
220809,2021,0.0,1.2997603819336803,-1.2997603819336803
220809,2022,0.0,1.2997603819336803,-1.2997603819336803
220809,2023,0.0,1.2997603819336803,-1.2997603819336803
220809,2024,0.0,1.2997603819336803,-1.2997603819336803
220809,2025,0.0,1.2997603819336803,-1.2997603819336803
220901,2021,9.045664563,3.0091134514581603,6.03655111154184
220901,2022,8.064396681,3.0091134514581603,5.055283229541839
220901,2023,0.0,3.0091134514581603,-3.0091134514581603
220901,2024,0.0,3.0091134514581603,-3.0091134514581603
220901,2025,0.0,3.0091134514581603,-3.0091134514581603
220902,2021,0.0,1.1525140578075384,-1.1525140578075384
220902,2022,5.525452939,1.1525140578075384,4.372938881192462
220902,2023,0.0,1.1525140578075384,-1.1525140578075384
220902,2024,0.0,1.1525140578075384,-1.1525140578075384
220902,2025,0.0,1.1525140578075384,-1.1525140578075384
220903,2021,0.0,1.2070112326042541,-1.2070112326042541
220903,2022,4.88146413,1.2070112326042541,3.674452897395746
220903,2023,0.0,1.2070112326042541,-1.2070112326042541
220903,2024,0.0,1.2070112326042541,-1.2070112326042541
220903,2025,0.0,1.2070112326042541,-1.2070112326042541
220904,2021,0.0,1.5655935101136054,-1.5655935101136054
220904,2022,0.0,1.5655935101136054,-1.5655935101136054
220904,2023,0.0,1.5655935101136054,-1.5655935101136054
220904,2024,0.0,1.5655935101136054,-1.5655935101136054
220904,2025,0.0,1.5655935101136054,-1.5655935101136054
220905,2021,0.0,1.057211185268456,-1.057211185268456
220905,2022,0.0,1.057211185268456,-1.057211185268456
220905,2023,0.0,1.057211185268456,-1.057211185268456
220905,2024,0.0,1.057211185268456,-1.057211185268456
220905,2025,0.0,1.057211185268456,-1.057211185268456
220906,2021,0.0,1.0468871776427857,-1.0468871776427857
220906,2022,0.0,1.0468871776427857,-1.0468871776427857
220906,2023,0.0,1.0468871776427857,-1.0468871776427857
220906,2024,0.0,1.0468871776427857,-1.0468871776427857
220906,2025,0.0,1.0468871776427857,-1.0468871776427857
220907,2021,0.0,1.2893071273137602,-1.2893071273137602
220907,2022,0.0,1.2893071273137602,-1.2893071273137602
220907,2023,0.0,1.2893071273137602,-1.2893071273137602
220907,2024,0.0,1.2893071273137602,-1.2893071273137602
220907,2025,0.0,1.2893071273137602,-1.2893071273137602
220908,2021,0.0,0.9713703170723829,-0.9713703170723829
220908,2022,0.0,0.9713703170723829,-0.9713703170723829
220908,2023,0.0,0.9713703170723829,-0.9713703170723829
220908,2024,0.0,0.9713703170723829,-0.9713703170723829
220908,2025,0.0,0.9713703170723829,-0.9713703170723829
220909,2021,6.607697816,3.1131969548964338,3.494500861103566
220909,2022,6.300243625,3.1131969548964338,3.1870466701035665
220909,2023,0.0,3.1131969548964338,-3.1131969548964338
220909,2024,0.0,3.1131969548964338,-3.1131969548964338
220909,2025,0.0,3.1131969548964338,-3.1131969548964338
220910,2021,6.259820303,2.6100570470745277,3.649763255925472
220910,2022,5.813016772,2.6100570470745277,3.2029597249254724
220910,2023,0.0,2.6100570470745277,-2.6100570470745277
220910,2024,0.0,2.6100570470745277,-2.6100570470745277
220910,2025,0.0,2.6100570470745277,-2.6100570470745277
220911,2021,5.533181437,1.2007225064121017,4.332458930587898
220911,2022,0.0,1.2007225064121017,-1.2007225064121017
220911,2023,0.0,1.2007225064121017,-1.2007225064121017
220911,2024,0.0,1.2007225064121017,-1.2007225064121017
220911,2025,0.0,1.2007225064121017,-1.2007225064121017
220912,2021,0.0,1.5173102131066796,-1.5173102131066796
220912,2022,0.0,1.5173102131066796,-1.5173102131066796
220912,2023,0.0,1.5173102131066796,-1.5173102131066796
220912,2024,0.0,1.5173102131066796,-1.5173102131066796
220912,2025,0.0,1.5173102131066796,-1.5173102131066796
220913,2021,2.80117117,1.4224087609448646,1.3787624090551354
220913,2022,2.830707077,1.4224087609448646,1.4082983160551354
220913,2023,0.0,1.4224087609448646,-1.4224087609448646
220913,2024,0.0,1.4224087609448646,-1.4224087609448646
220913,2025,0.0,1.4224087609448646,-1.4224087609448646
220914,2021,0.0,1.4331527809775562,-1.4331527809775562
220914,2022,0.0,1.4331527809775562,-1.4331527809775562
220914,2023,0.0,1.4331527809775562,-1.4331527809775562
220914,2024,0.0,1.4331527809775562,-1.4331527809775562
220914,2025,0.0,1.4331527809775562,-1.4331527809775562
221001,2021,10.19996429,1.9864281466524358,8.213536143347564
221001,2022,8.172222764,1.9864281466524358,6.185794617347565
221001,2023,0.0,1.9864281466524358,-1.9864281466524358
221001,2024,0.0,1.9864281466524358,-1.9864281466524358
221001,2025,0.0,1.9864281466524358,-1.9864281466524358
221002,2021,3.866665468,1.6789469214040815,2.187718546595918
221002,2022,0.0,1.6789469214040815,-1.6789469214040815
221002,2023,0.0,1.6789469214040815,-1.6789469214040815
221002,2024,0.0,1.6789469214040815,-1.6789469214040815
221002,2025,0.0,1.6789469214040815,-1.6789469214040815
221003,2021,6.238331314,1.9239600886502086,4.314371225349792
221003,2022,5.792332581,1.9239600886502086,3.8683724923497915
221003,2023,0.0,1.9239600886502086,-1.9239600886502086
221003,2024,0.0,1.9239600886502086,-1.9239600886502086
221003,2025,0.0,1.9239600886502086,-1.9239600886502086
221004,2021,6.919622089,1.4652632647299795,5.45435882427002
221004,2022,5.18243659,1.4652632647299795,3.7171733252700205
221004,2023,0.0,1.4652632647299795,-1.4652632647299795
221004,2024,0.0,1.4652632647299795,-1.4652632647299795
221004,2025,0.0,1.4652632647299795,-1.4652632647299795
221005,2021,4.957159026,1.9653235368168307,2.9918354891831695
221005,2022,4.59551589,1.9653235368168307,2.630192353183169
221005,2023,0.0,1.9653235368168307,-1.9653235368168307
221005,2024,0.0,1.9653235368168307,-1.9653235368168307
221005,2025,0.0,1.9653235368168307,-1.9653235368168307
221006,2024,0.0,1.3120844597781807,-1.3120844597781807
221006,2025,0.0,1.3120844597781807,-1.3120844597781807
230101,2021,10.43716906,2.8532367215829075,7.5839323384170925
230101,2022,9.607005483,2.8532367215829075,6.753768761417092
230101,2023,0.0,2.8532367215829075,-2.8532367215829075
230101,2024,0.0,2.8532367215829075,-2.8532367215829075
230101,2025,0.0,2.8532367215829075,-2.8532367215829075
230102,2021,6.005963374,2.059635454785041,3.9463279192149594
230102,2022,6.133107841,2.059635454785041,4.073472386214959
230102,2023,0.0,2.059635454785041,-2.059635454785041
230102,2024,0.0,2.059635454785041,-2.059635454785041
230102,2025,0.0,2.059635454785041,-2.059635454785041
230103,2021,2.106840516,1.6700120841291353,0.43682843187086484
230103,2022,2.505525937,1.6700120841291353,0.8355138528708645
230103,2023,0.0,1.6700120841291353,-1.6700120841291353
230103,2024,0.0,1.6700120841291353,-1.6700120841291353
230103,2025,0.0,1.6700120841291353,-1.6700120841291353
230104,2021,5.14729128,2.3052227457066015,2.8420685342933987
230104,2022,5.874018091,2.3052227457066015,3.5687953452933985
230104,2023,0.0,2.3052227457066015,-2.3052227457066015
230104,2024,0.0,2.3052227457066015,-2.3052227457066015
230104,2025,0.0,2.3052227457066015,-2.3052227457066015
230105,2021,0.0,1.0788654705130778,-1.0788654705130778
230105,2022,0.0,1.0788654705130778,-1.0788654705130778
230105,2023,0.0,1.0788654705130778,-1.0788654705130778
230105,2024,0.0,1.0788654705130778,-1.0788654705130778
230105,2025,0.0,1.0788654705130778,-1.0788654705130778
230106,2021,0.0,1.4035812280903994,-1.4035812280903994
230106,2022,0.0,1.4035812280903994,-1.4035812280903994
230106,2023,0.0,1.4035812280903994,-1.4035812280903994
230106,2024,0.0,1.4035812280903994,-1.4035812280903994
230106,2025,0.0,1.4035812280903994,-1.4035812280903994
230107,2021,7.089019459,0.8707078459020718,6.218311613097928
230107,2022,8.130519772,0.8707078459020718,7.259811926097928
230107,2023,0.0,0.8707078459020718,-0.8707078459020718
230107,2024,0.0,0.8707078459020718,-0.8707078459020718
230107,2025,0.0,0.8707078459020718,-0.8707078459020718
230108,2021,6.329938077,1.7505923001742791,4.579345776825721
230108,2022,6.737743643,1.7505923001742791,4.987151342825721
230108,2023,0.0,1.7505923001742791,-1.7505923001742791
230108,2024,0.0,1.7505923001742791,-1.7505923001742791
230108,2025,0.0,1.7505923001742791,-1.7505923001742791
230109,2021,0.0,0.6183585600285031,-0.6183585600285031
230109,2022,0.0,0.6183585600285031,-0.6183585600285031
230109,2023,0.0,0.6183585600285031,-0.6183585600285031
230109,2024,0.0,0.6183585600285031,-0.6183585600285031
230109,2025,0.0,0.6183585600285031,-0.6183585600285031
230110,2021,5.500942405,2.83041222970332,2.67053017529668
230110,2022,5.940590244,2.83041222970332,3.11017801429668
230110,2023,0.0,2.83041222970332,-2.83041222970332
230110,2024,0.0,2.83041222970332,-2.83041222970332
230110,2025,0.0,2.83041222970332,-2.83041222970332
230111,2021,6.335330392,1.671370615446494,4.663959776553506
230111,2022,5.870009692,1.671370615446494,4.198639076553506
230111,2023,0.0,1.671370615446494,-1.671370615446494
230111,2024,0.0,1.671370615446494,-1.671370615446494
230111,2025,0.0,1.671370615446494,-1.671370615446494
230201,2021,0.0,0.8045959528993106,-0.8045959528993106
230201,2022,0.0,0.8045959528993106,-0.8045959528993106
230201,2023,0.0,0.8045959528993106,-0.8045959528993106
230201,2024,0.0,0.8045959528993106,-0.8045959528993106
230201,2025,0.0,0.8045959528993106,-0.8045959528993106
230202,2022,0.0,0.47019786365596655,-0.47019786365596655
230202,2023,0.0,0.47019786365596655,-0.47019786365596655
230202,2024,0.0,0.47019786365596655,-0.47019786365596655
230202,2025,0.0,0.47019786365596655,-0.47019786365596655
230203,2023,0.0,0.984582590803582,-0.984582590803582
230203,2024,0.0,0.984582590803582,-0.984582590803582
230203,2025,0.0,0.984582590803582,-0.984582590803582
230204,2021,0.0,0.21423792624455226,-0.21423792624455226
230204,2023,0.0,0.21423792624455226,-0.21423792624455226
230204,2024,0.0,0.21423792624455226,-0.21423792624455226
230204,2025,0.0,0.21423792624455226,-0.21423792624455226
230205,2021,0.0,0.6530292084923643,-0.6530292084923643
230205,2022,0.0,0.6530292084923643,-0.6530292084923643
230205,2023,0.0,0.6530292084923643,-0.6530292084923643
230205,2024,0.0,0.6530292084923643,-0.6530292084923643
230205,2025,0.0,0.6530292084923643,-0.6530292084923643
230206,2021,0.0,0.5946103432591356,-0.5946103432591356
230206,2022,0.0,0.5946103432591356,-0.5946103432591356
230206,2023,0.0,0.5946103432591356,-0.5946103432591356
230206,2024,0.0,0.5946103432591356,-0.5946103432591356
230206,2025,0.0,0.5946103432591356,-0.5946103432591356
230301,2021,0.0,1.1065414054210254,-1.1065414054210254
230301,2023,0.0,1.1065414054210254,-1.1065414054210254
230301,2024,0.0,1.1065414054210254,-1.1065414054210254
230301,2025,0.0,1.1065414054210254,-1.1065414054210254
230302,2024,0.0,1.429418748888883,-1.429418748888883
230303,2021,0.0,0.5919532268658833,-0.5919532268658833
230303,2023,0.0,0.5919532268658833,-0.5919532268658833
230303,2024,0.0,0.5919532268658833,-0.5919532268658833
230303,2025,0.0,0.5919532268658833,-0.5919532268658833
230401,2021,0.0,0.6910705018373294,-0.6910705018373294
230401,2022,0.0,0.6910705018373294,-0.6910705018373294
230401,2023,0.0,0.6910705018373294,-0.6910705018373294
230401,2024,0.0,0.6910705018373294,-0.6910705018373294
230401,2025,0.0,0.6910705018373294,-0.6910705018373294
230402,2023,0.0,0.90102749462388,-0.90102749462388
230402,2025,0.0,0.90102749462388,-0.90102749462388
230403,2022,0.0,0.36113871034493694,-0.36113871034493694
230403,2023,0.0,0.36113871034493694,-0.36113871034493694
230403,2025,0.0,0.36113871034493694,-0.36113871034493694
230404,2021,0.0,0.5610924395225826,-0.5610924395225826
230404,2023,0.0,0.5610924395225826,-0.5610924395225826
230404,2024,0.0,0.5610924395225826,-0.5610924395225826
230404,2025,0.0,0.5610924395225826,-0.5610924395225826
230405,2022,0.0,0.4587764906382136,-0.4587764906382136
230405,2023,0.0,0.4587764906382136,-0.4587764906382136
230405,2024,0.0,0.4587764906382136,-0.4587764906382136
230405,2025,0.0,0.4587764906382136,-0.4587764906382136
230406,2021,0.0,0.9540149638857629,-0.9540149638857629
230406,2022,0.0,0.9540149638857629,-0.9540149638857629
230406,2023,0.0,0.9540149638857629,-0.9540149638857629
230406,2024,0.0,0.9540149638857629,-0.9540149638857629
230406,2025,0.0,0.9540149638857629,-0.9540149638857629
230407,2023,0.0,0.04055061087368049,-0.04055061087368049
230407,2024,0.0,0.04055061087368049,-0.04055061087368049
230407,2025,0.0,0.04055061087368049,-0.04055061087368049
230408,2022,0.0,0.4345495192766444,-0.4345495192766444
230408,2023,0.0,0.4345495192766444,-0.4345495192766444
230408,2024,0.0,0.4345495192766444,-0.4345495192766444
230408,2025,0.0,0.4345495192766444,-0.4345495192766444
240101,2021,9.701580989,2.6863467641135883,7.015234224886411
240101,2022,8.892023877,2.6863467641135883,6.205677112886411
240101,2023,0.0,2.6863467641135883,-2.6863467641135883
240101,2024,0.0,2.6863467641135883,-2.6863467641135883
240101,2025,0.0,2.6863467641135883,-2.6863467641135883
240102,2021,0.0,2.0237189649093605,-2.0237189649093605
240102,2022,0.0,2.0237189649093605,-2.0237189649093605
240102,2023,0.0,2.0237189649093605,-2.0237189649093605
240102,2024,0.0,2.0237189649093605,-2.0237189649093605
240102,2025,0.0,2.0237189649093605,-2.0237189649093605
240103,2021,0.0,1.0699456066390745,-1.0699456066390745
240103,2022,0.0,1.0699456066390745,-1.0699456066390745
240103,2023,0.0,1.0699456066390745,-1.0699456066390745
240103,2024,0.0,1.0699456066390745,-1.0699456066390745
240103,2025,0.0,1.0699456066390745,-1.0699456066390745
240104,2021,0.0,1.4066901421148013,-1.4066901421148013
240104,2022,4.068249451,1.4066901421148013,2.6615593088851988
240104,2023,0.0,1.4066901421148013,-1.4066901421148013
240104,2024,0.0,1.4066901421148013,-1.4066901421148013
240104,2025,0.0,1.4066901421148013,-1.4066901421148013
240105,2021,0.0,1.158718903370817,-1.158718903370817
240105,2022,0.0,1.158718903370817,-1.158718903370817
240105,2023,0.0,1.158718903370817,-1.158718903370817
240105,2024,0.0,1.158718903370817,-1.158718903370817
240105,2025,0.0,1.158718903370817,-1.158718903370817
240106,2021,0.0,0.6981672237236748,-0.6981672237236748
240106,2022,0.0,0.6981672237236748,-0.6981672237236748
240106,2023,0.0,0.6981672237236748,-0.6981672237236748
240106,2024,0.0,0.6981672237236748,-0.6981672237236748
240106,2025,0.0,0.6981672237236748,-0.6981672237236748
240201,2021,0.0,0.7439947164067873,-0.7439947164067873
240201,2022,0.0,0.7439947164067873,-0.7439947164067873
240201,2023,0.0,0.7439947164067873,-0.7439947164067873
240201,2024,0.0,0.7439947164067873,-0.7439947164067873
240201,2025,0.0,0.7439947164067873,-0.7439947164067873
240202,2021,7.077496623,1.095189676630064,5.9823069463699365
240202,2022,7.915445737,1.095189676630064,6.820256060369935
240202,2023,0.0,1.095189676630064,-1.095189676630064
240202,2024,0.0,1.095189676630064,-1.095189676630064
240202,2025,0.0,1.095189676630064,-1.095189676630064
240203,2021,0.0,1.1335675207621017,-1.1335675207621017
240203,2022,0.0,1.1335675207621017,-1.1335675207621017
240203,2023,0.0,1.1335675207621017,-1.1335675207621017
240203,2024,0.0,1.1335675207621017,-1.1335675207621017
240203,2025,0.0,1.1335675207621017,-1.1335675207621017
240301,2021,5.649800527,2.094693157163705,3.555107369836295
240301,2022,6.339849008,2.094693157163705,4.245155850836294
240301,2023,0.0,2.094693157163705,-2.094693157163705
240301,2024,0.0,2.094693157163705,-2.094693157163705
240301,2025,0.0,2.094693157163705,-2.094693157163705
240302,2021,5.142341158,1.428235655678976,3.714105502321024
240302,2022,5.894610235,1.428235655678976,4.466374579321024
240302,2023,0.0,1.428235655678976,-1.428235655678976
240302,2024,0.0,1.428235655678976,-1.428235655678976
240302,2025,0.0,1.428235655678976,-1.428235655678976
240303,2021,5.230392838,1.3389967724218765,3.8913960655781237
240303,2022,5.581542802,1.3389967724218765,4.242546029578124
240303,2023,0.0,1.3389967724218765,-1.3389967724218765
240303,2024,0.0,1.3389967724218765,-1.3389967724218765
240303,2025,0.0,1.3389967724218765,-1.3389967724218765
240304,2021,0.0,0.829805660027381,-0.829805660027381
240304,2022,0.0,0.829805660027381,-0.829805660027381
240304,2023,0.0,0.829805660027381,-0.829805660027381
240304,2024,0.0,0.829805660027381,-0.829805660027381
240304,2025,0.0,0.829805660027381,-0.829805660027381
250101,2021,9.587282708,2.400521056882392,7.1867616511176085
250101,2022,8.252954208,2.400521056882392,5.852433151117609
250101,2023,0.0,2.400521056882392,-2.400521056882392
250101,2024,0.0,2.400521056882392,-2.400521056882392
250101,2025,0.0,2.400521056882392,-2.400521056882392
250102,2021,0.0,2.032013520371006,-2.032013520371006
250102,2022,0.0,2.032013520371006,-2.032013520371006
250102,2023,0.0,2.032013520371006,-2.032013520371006
250102,2024,0.0,2.032013520371006,-2.032013520371006
250102,2025,0.0,2.032013520371006,-2.032013520371006
250103,2021,5.173269635,1.747577555471503,3.4256920795284964
250103,2022,6.009092009,1.747577555471503,4.261514453528497
250103,2023,0.0,1.747577555471503,-1.747577555471503
250103,2024,0.0,1.747577555471503,-1.747577555471503
250103,2025,0.0,1.747577555471503,-1.747577555471503
250104,2021,5.673861548,1.9558552006493726,3.7180063473506273
250104,2022,6.565824249,1.9558552006493726,4.609969048350628
250104,2023,0.0,1.9558552006493726,-1.9558552006493726
250104,2024,0.0,1.9558552006493726,-1.9558552006493726
250104,2025,0.0,1.9558552006493726,-1.9558552006493726
250105,2021,7.130230396,3.242998926994156,3.887231469005844
250105,2022,6.06816368,3.242998926994156,2.8251647530058435
250105,2023,0.0,3.242998926994156,-3.242998926994156
250105,2024,0.0,3.242998926994156,-3.242998926994156
250105,2025,0.0,3.242998926994156,-3.242998926994156
250106,2021,0.0,0.8488555812806318,-0.8488555812806318
250106,2022,3.516104024,0.8488555812806318,2.6672484427193686
250106,2023,0.0,0.8488555812806318,-0.8488555812806318
250106,2024,0.0,0.8488555812806318,-0.8488555812806318
250106,2025,0.0,0.8488555812806318,-0.8488555812806318
250107,2021,9.372751653,3.1047489286927816,6.268002724307218
250107,2022,8.217802427,3.1047489286927816,5.1130534983072184
250107,2023,0.0,3.1047489286927816,-3.1047489286927816
250107,2024,0.0,3.1047489286927816,-3.1047489286927816
250107,2025,0.0,3.1047489286927816,-3.1047489286927816
250201,2021,8.775544075,2.5819980491160033,6.193546025883998
250201,2022,7.866219288,2.5819980491160033,5.284221238883997
250201,2023,0.0,2.5819980491160033,-2.5819980491160033
250201,2024,0.0,2.5819980491160033,-2.5819980491160033
250201,2025,0.0,2.5819980491160033,-2.5819980491160033
250202,2021,0.0,1.8576572118547054,-1.8576572118547054
250202,2022,0.0,1.8576572118547054,-1.8576572118547054
250202,2023,0.0,1.8576572118547054,-1.8576572118547054
250202,2024,0.0,1.8576572118547054,-1.8576572118547054
250202,2025,0.0,1.8576572118547054,-1.8576572118547054
250203,2021,5.596179482,1.7696173088574156,3.8265621731425847
250203,2022,5.797503273,1.7696173088574156,4.027885964142585
250203,2023,0.0,1.7696173088574156,-1.7696173088574156
250203,2024,0.0,1.7696173088574156,-1.7696173088574156
250203,2025,0.0,1.7696173088574156,-1.7696173088574156
250204,2021,5.614055726,1.1959598930755717,4.418095832924428
250204,2022,7.172945735,1.1959598930755717,5.976985841924428
250204,2023,0.0,1.1959598930755717,-1.1959598930755717
250204,2024,0.0,1.1959598930755717,-1.1959598930755717
250204,2025,0.0,1.1959598930755717,-1.1959598930755717
250301,2021,9.218852442,1.7343578936627813,7.484494548337218
250301,2022,8.415873435,1.7343578936627813,6.681515541337219
250301,2023,0.0,1.7343578936627813,-1.7343578936627813
250301,2024,0.0,1.7343578936627813,-1.7343578936627813
250301,2025,0.0,1.7343578936627813,-1.7343578936627813
250302,2021,0.0,1.5922996883229732,-1.5922996883229732
250302,2022,0.0,1.5922996883229732,-1.5922996883229732
250302,2023,0.0,1.5922996883229732,-1.5922996883229732
250302,2024,0.0,1.5922996883229732,-1.5922996883229732
250302,2025,0.0,1.5922996883229732,-1.5922996883229732
250303,2021,7.366222633,1.4240070146158708,5.942215618384129
250303,2022,5.282885735,1.4240070146158708,3.858878720384129
250303,2023,0.0,1.4240070146158708,-1.4240070146158708
250303,2024,0.0,1.4240070146158708,-1.4240070146158708
250303,2025,0.0,1.4240070146158708,-1.4240070146158708
250304,2021,0.0,1.2679171131726892,-1.2679171131726892
250304,2022,0.0,1.2679171131726892,-1.2679171131726892
250304,2023,0.0,1.2679171131726892,-1.2679171131726892
250304,2024,0.0,1.2679171131726892,-1.2679171131726892
250304,2025,0.0,1.2679171131726892,-1.2679171131726892
250305,2021,0.0,1.522725288897347,-1.522725288897347
250305,2022,0.0,1.522725288897347,-1.522725288897347
250305,2023,0.0,1.522725288897347,-1.522725288897347
250305,2024,0.0,1.522725288897347,-1.522725288897347
250305,2025,0.0,1.522725288897347,-1.522725288897347
250306,2024,0.0,1.2083146944544028,-1.2083146944544028
250306,2025,0.0,1.2083146944544028,-1.2083146944544028
250307,2024,0.0,1.653983480947471,-1.653983480947471
250307,2025,0.0,1.653983480947471,-1.653983480947471
250401,2021,10.25654943,1.2502655141237828,9.006283915876217
250401,2022,9.892485018,1.2502655141237828,8.642219503876218
250401,2023,0.0,1.2502655141237828,-1.2502655141237828
250401,2024,0.0,1.2502655141237828,-1.2502655141237828
250401,2025,0.0,1.2502655141237828,-1.2502655141237828
