ubigeo,anio,prevalencia_anemia,pred_anemia_oof,residuo_Y
10101,2021,0.303418803,0.2259813391631845,0.07743746383681552
10101,2022,0.378109453,0.2259813391631845,0.1521281138368155
10101,2023,0.191158901,0.2259813391631845,-0.034822438163184505
10101,2024,0.162022704,0.2259813391631845,-0.06395863516318451
10101,2025,0.116812227,0.2259813391631845,-0.10916911216318449
10102,2022,0.0,0.330372249348677,-0.330372249348677
10102,2023,0.571428571,0.330372249348677,0.241056321651323
10102,2024,0.0,0.330372249348677,-0.330372249348677
10102,2025,0.0,0.330372249348677,-0.330372249348677
10103,2021,0.0,0.24833271869363058,-0.24833271869363058
10103,2022,0.047619048,0.24833271869363058,-0.20071367069363058
10103,2023,0.205128205,0.24833271869363058,-0.04320451369363057
10103,2024,0.163265306,0.24833271869363058,-0.08506741269363058
10103,2025,0.178571429,0.24833271869363058,-0.06976128969363057
10104,2021,0.333333333,0.19501851757012284,0.13831481542987717
10104,2022,0.0,0.19501851757012284,-0.19501851757012284
10104,2023,0.266666667,0.19501851757012284,0.07164814942987718
10104,2024,0.105263158,0.19501851757012284,-0.08975535957012284
10104,2025,0.066666667,0.19501851757012284,-0.12835185057012283
10105,2021,0.1,0.14805211071452576,-0.04805211071452575
10105,2022,0.210526316,0.14805211071452576,0.06247420528547423
10105,2023,0.151515152,0.14805211071452576,0.0034630412854742276
10105,2024,0.115384615,0.14805211071452576,-0.03266749571452576
10105,2025,0.0,0.14805211071452576,-0.14805211071452576
10106,2021,0.789473684,0.4506385336082586,0.33883515039174134
10106,2022,0.948717949,0.4506385336082586,0.49807941539174133
10106,2023,0.615384615,0.4506385336082586,0.16474608139174135
10106,2024,0.578125,0.4506385336082586,0.12748646639174138
10106,2025,0.364864865,0.4506385336082586,-0.08577366860825864
10107,2021,0.5,0.29566195642974286,0.20433804357025714
10107,2022,0.5,0.29566195642974286,0.20433804357025714
10107,2023,0.0,0.29566195642974286,-0.29566195642974286
10107,2024,0.0,0.29566195642974286,-0.29566195642974286
10107,2025,0.0,0.29566195642974286,-0.29566195642974286
10108,2021,0.333333333,0.1507968401896368,0.18253649281036322
10108,2022,0.0,0.1507968401896368,-0.1507968401896368
10108,2023,0.3,0.1507968401896368,0.1492031598103632
10108,2024,0.3125,0.1507968401896368,0.1617031598103632
10108,2025,0.166666667,0.1507968401896368,0.015869826810363197
10109,2021,0.385542169,0.20948341556240288,0.1760587534375971
10109,2022,0.54,0.20948341556240288,0.3305165844375971
10109,2023,0.350230415,0.20948341556240288,0.14074699943759714
10109,2024,0.279069767,0.20948341556240288,0.06958635143759714
10109,2025,0.319148936,0.20948341556240288,0.10966552043759711
10110,2021,0.155555556,0.3158139625053312,-0.1602584065053312
10110,2022,0.2,0.3158139625053312,-0.11581396250533121
10110,2023,0.094202899,0.3158139625053312,-0.22161106350533122
10110,2024,0.109375,0.3158139625053312,-0.20643896250533122
10110,2025,0.153153153,0.3158139625053312,-0.16266080950533124
10111,2021,1.0,0.24851331326355044,0.7514866867364496
10111,2022,0.5,0.24851331326355044,0.2514866867364496
10111,2023,0.2,0.24851331326355044,-0.048513313263550434
10111,2024,0.058823529,0.24851331326355044,-0.18968978426355043
10111,2025,0.444444444,0.24851331326355044,0.19593113073644955
10112,2021,0.0,0.13019103733192997,-0.13019103733192997
10112,2022,0.0,0.13019103733192997,-0.13019103733192997
10112,2023,0.269230769,0.13019103733192997,0.13903973166807002
10112,2024,0.12,0.13019103733192997,-0.01019103733192997
10112,2025,0.136363636,0.13019103733192997,0.006172598668070045
10113,2021,0.166666667,0.17951149311434142,-0.012844826114341429
10113,2022,0.333333333,0.17951149311434142,0.1538218398856586
10113,2023,0.0625,0.17951149311434142,-0.11701149311434142
10113,2024,0.333333333,0.17951149311434142,0.1538218398856586
10113,2025,0.117647059,0.17951149311434142,-0.06186443411434142
10114,2021,0.565217391,0.2470116065034318,0.3182057844965682
10114,2022,0.230769231,0.2470116065034318,-0.0162423755034318
10114,2023,0.341463415,0.2470116065034318,0.0944518084965682
10114,2024,0.358490566,0.2470116065034318,0.11147895949656822
10114,2025,0.245283019,0.2470116065034318,-0.0017285875034318
10115,2021,0.0,0.2104101137005523,-0.2104101137005523
10115,2022,0.0,0.2104101137005523,-0.2104101137005523
10115,2023,0.222222222,0.2104101137005523,0.011812108299447704
10115,2024,0.166666667,0.2104101137005523,-0.0437434467005523
10115,2025,0.25,0.2104101137005523,0.03958988629944771
10116,2021,0.0,0.16428709574800274,-0.16428709574800274
10116,2022,0.5,0.16428709574800274,0.3357129042519973
10116,2023,0.333333333,0.16428709574800274,0.16904623725199727
10116,2024,0.0,0.16428709574800274,-0.16428709574800274
10116,2025,0.6,0.16428709574800274,0.43571290425199727
10117,2021,0.0,0.28440796813910857,-0.28440796813910857
10117,2022,0.4,0.28440796813910857,0.11559203186089145
10117,2023,0.2,0.28440796813910857,-0.08440796813910856
10117,2024,0.25,0.28440796813910857,-0.03440796813910857
10117,2025,0.375,0.28440796813910857,0.09059203186089143
10118,2021,0.2,0.15256337994035385,0.04743662005964616
10118,2022,0.0,0.15256337994035385,-0.15256337994035385
10118,2023,0.0,0.15256337994035385,-0.15256337994035385
10118,2024,0.0,0.15256337994035385,-0.15256337994035385
10118,2025,0.0,0.15256337994035385,-0.15256337994035385
10119,2021,0.0,0.1580209897855498,-0.1580209897855498
10119,2022,0.166666667,0.1580209897855498,0.008645677214450198
10119,2023,0.166666667,0.1580209897855498,0.008645677214450198
10119,2024,0.0,0.1580209897855498,-0.1580209897855498
10119,2025,0.0,0.1580209897855498,-0.1580209897855498
10120,2021,0.178571429,0.21645975340067944,-0.037888324400679435
10120,2022,0.333333333,0.21645975340067944,0.11687357959932057
10120,2023,0.382352941,0.21645975340067944,0.16589318759932056
10120,2024,0.533333333,0.21645975340067944,0.3168735795993205
10120,2025,0.206896552,0.21645975340067944,-0.009563201400679427
10121,2021,0.0,0.18559309836118626,-0.18559309836118626
10121,2022,0.181818182,0.18559309836118626,-0.0037749163611862646
10121,2023,0.090909091,0.18559309836118626,-0.09468400736118626
10121,2024,0.0,0.18559309836118626,-0.18559309836118626
10121,2025,0.0,0.18559309836118626,-0.18559309836118626
10201,2021,0.161931818,0.12976499316605197,0.03216682483394803
10201,2022,0.131944444,0.12976499316605197,0.002179450833948021
10201,2023,0.100622407,0.12976499316605197,-0.029142586166051976
10201,2024,0.077830189,0.12976499316605197,-0.05193480416605198
10201,2025,0.034855769,0.12976499316605197,-0.09490922416605196
10202,2021,0.107142857,0.17121354690868484,-0.06407068990868485
10202,2022,0.12244898,0.17121354690868484,-0.048764566908684845
10202,2023,0.064367816,0.17121354690868484,-0.10684573090868485
10202,2024,0.049107143,0.17121354690868484,-0.12210640390868485
10202,2025,0.138702461,0.17121354690868484,-0.032511085908684845
10203,2021,0.033333333,0.2658886033905879,-0.2325552703905879
10203,2022,0.1875,0.2658886033905879,-0.0783886033905879
10203,2023,0.080745342,0.2658886033905879,-0.1851432613905879
10203,2024,0.163265306,0.2658886033905879,-0.1026232973905879
10203,2025,0.096774194,0.2658886033905879,-0.16911440939058792
10204,2021,0.05,0.1927970079953272,-0.14279700799532719
10204,2022,0.166666667,0.1927970079953272,-0.02613034099532721
10204,2023,0.13559322,0.1927970079953272,-0.057203787995327215
10204,2024,0.242424242,0.1927970079953272,0.04962723400467281
10204,2025,0.084745763,0.1927970079953272,-0.1080512449953272
10205,2021,0.350180505,0.23483226372809865,0.11534824127190133
10205,2022,0.343896714,0.23483226372809865,0.10906445027190134
10205,2023,0.25159129,0.23483226372809865,0.016759026271901373
10205,2024,0.195795419,0.23483226372809865,-0.03903684472809865
10205,2025,0.127950311,0.23483226372809865,-0.10688195272809864
10206,2021,0.046511628,0.23248698007765367,-0.18597535207765367
10206,2022,0.170212766,0.23248698007765367,-0.06227421407765368
10206,2023,0.085858586,0.23248698007765367,-0.14662839407765366
10206,2024,0.046242775,0.23248698007765367,-0.18624420507765366
10206,2025,0.233333333,0.23248698007765367,0.0008463529223463329
10301,2021,0.0,0.2060328353466717,-0.2060328353466717
10301,2022,0.133333333,0.2060328353466717,-0.07269950234667169
10301,2023,0.121212121,0.2060328353466717,-0.08482071434667168
10301,2024,0.2,0.2060328353466717,-0.006032835346671678
10301,2025,0.054054054,0.2060328353466717,-0.1519787813466717
10302,2021,0.375,0.271408958377722,0.103591041622278
10302,2022,0.0,0.271408958377722,-0.271408958377722
10302,2023,0.071428571,0.271408958377722,-0.199980387377722
10302,2024,0.076923077,0.271408958377722,-0.194485881377722
10302,2025,0.0,0.271408958377722,-0.271408958377722
10303,2021,0.142857143,0.16674967204802527,-0.023892529048025274
10303,2022,0.285714286,0.16674967204802527,0.11896461395197472
10303,2023,0.1,0.16674967204802527,-0.06674967204802526
10303,2024,0.0,0.16674967204802527,-0.16674967204802527
10303,2025,0.5,0.16674967204802527,0.33325032795197473
10304,2021,0.461538462,0.23069774961240652,0.23084071238759346
10304,2022,0.333333333,0.23069774961240652,0.10263558338759349
10304,2023,0.424242424,0.23069774961240652,0.19354467438759348
10304,2024,0.133333333,0.23069774961240652,-0.09736441661240652
10304,2025,0.0,0.23069774961240652,-0.23069774961240652
10305,2021,0.0,0.14735081823588525,-0.14735081823588525
10305,2022,0.571428571,0.14735081823588525,0.42407775276411475
10305,2023,0.176470588,0.14735081823588525,0.02911976976411476
10305,2024,0.0,0.14735081823588525,-0.14735081823588525
10305,2025,0.0,0.14735081823588525,-0.14735081823588525
10306,2021,0.220779221,0.230658566905331,-0.009879345905330988
10306,2022,0.128205128,0.230658566905331,-0.10245343890533098
10306,2023,0.300970874,0.230658566905331,0.07031230709466901
10306,2024,0.086757991,0.230658566905331,-0.14390057590533098
10306,2025,0.131067961,0.230658566905331,-0.09959060590533098
10307,2021,0.096385542,0.19351802068314408,-0.09713247868314408
10307,2022,0.126213592,0.19351802068314408,-0.06730442868314407
10307,2023,0.127340824,0.19351802068314408,-0.06617719668314409
10307,2024,0.152091255,0.19351802068314408,-0.04142676568314407
10307,2025,0.124401914,0.19351802068314408,-0.06911610668314408
10308,2021,0.0,0.18973179975936677,-0.18973179975936677
10308,2022,0.0,0.18973179975936677,-0.18973179975936677
10308,2023,0.0,0.18973179975936677,-0.18973179975936677
10308,2024,0.0,0.18973179975936677,-0.18973179975936677
10308,2025,0.0,0.18973179975936677,-0.18973179975936677
10309,2021,0.0,0.14928397761953555,-0.14928397761953555
10309,2022,0.25,0.14928397761953555,0.10071602238046445
10309,2023,0.285714286,0.14928397761953555,0.13643030838046444
10309,2024,0.0,0.14928397761953555,-0.14928397761953555
10309,2025,0.25,0.14928397761953555,0.10071602238046445
10310,2021,0.0,0.1950583450294972,-0.1950583450294972
10310,2022,0.0,0.1950583450294972,-0.1950583450294972
10310,2023,0.090909091,0.1950583450294972,-0.1041492540294972
10310,2024,0.038461538,0.1950583450294972,-0.1565968070294972
10310,2025,0.219512195,0.1950583450294972,0.02445384997050279
10311,2021,0.333333333,0.1366855768001441,0.19664775619985592
10311,2022,0.25,0.1366855768001441,0.11331442319985591
10311,2023,0.166666667,0.1366855768001441,0.029981090199855898
10311,2024,0.333333333,0.1366855768001441,0.19664775619985592
10311,2025,0.285714286,0.1366855768001441,0.1490287091998559
10312,2021,0.277777778,0.25527711633552874,0.022500661664471233
10312,2022,0.136363636,0.25527711633552874,-0.11891348033552873
10312,2023,0.100456621,0.25527711633552874,-0.15482049533552875
10312,2024,0.148,0.25527711633552874,-0.10727711633552875
10312,2025,0.045248869,0.25527711633552874,-0.21002824733552874
10401,2021,0.206578947,0.23536998250142624,-0.028791035501426226
10401,2022,0.203233256,0.23536998250142624,-0.03213672650142624
10401,2023,0.123158884,0.23536998250142624,-0.11221109850142624
10401,2024,0.134430727,0.23536998250142624,-0.10093925550142624
10401,2025,0.144404332,0.23536998250142624,-0.09096565050142624
10402,2021,0.162464986,0.25026915235931013,-0.08780416635931013
10402,2022,0.14797136,0.25026915235931013,-0.10229779235931014
10402,2023,0.148148148,0.25026915235931013,-0.10212100435931012
10402,2024,0.146517214,0.25026915235931013,-0.10375193835931013
10402,2025,0.139433551,0.25026915235931013,-0.11083560135931014
10403,2021,0.384976526,0.2795729981557415,0.1054035278442585
10403,2022,0.363106796,0.2795729981557415,0.08353379784425852
10403,2023,0.380434783,0.2795729981557415,0.1008617848442585
10403,2024,0.19776339,0.2795729981557415,-0.08180960815574148
10403,2025,0.143888889,0.2795729981557415,-0.1356841091557415
10501,2021,0.0,0.19328444605475342,-0.19328444605475342
10501,2022,0.086956522,0.19328444605475342,-0.10632792405475343
10501,2023,0.09375,0.19328444605475342,-0.09953444605475342
10501,2024,0.08,0.19328444605475342,-0.11328444605475342
10501,2025,0.057971014,0.19328444605475342,-0.13531343205475344
10502,2021,0.340277778,0.19816552192008022,0.14211225607991976
10502,2022,0.308943089,0.19816552192008022,0.11077756707991979
10502,2023,0.234113712,0.19816552192008022,0.035948190079919784
10502,2024,0.130813953,0.19816552192008022,-0.06735156892008021
10502,2025,0.072327044,0.19816552192008022,-0.12583847792008024
10503,2021,0.363636364,0.26739974825116075,0.09623661574883924
10503,2022,0.5,0.26739974825116075,0.23260025174883925
10503,2023,0.434343434,0.26739974825116075,0.16694368574883922
10503,2024,0.362745098,0.26739974825116075,0.09534534974883924
10503,2025,0.127906977,0.26739974825116075,-0.13949277125116075
10504,2021,0.230769231,0.2169694032278611,0.013799827772138895
10504,2022,0.111111111,0.2169694032278611,-0.1058582922278611
10504,2023,0.169491525,0.2169694032278611,-0.04747787822786109
10504,2024,0.25,0.2169694032278611,0.033030596772138904
10504,2025,0.153846154,0.2169694032278611,-0.06312324922786108
10505,2021,0.833333333,0.29829905039403826,0.5350342826059618
10505,2022,0.85,0.29829905039403826,0.5517009496059617
10505,2023,0.560606061,0.29829905039403826,0.26230701060596173
10505,2024,0.523076923,0.29829905039403826,0.22477787260596171
10505,2025,0.095238095,0.29829905039403826,-0.20306095539403826
10506,2021,0.0,0.20215604066470405,-0.20215604066470405
10506,2022,0.0,0.20215604066470405,-0.20215604066470405
10506,2023,0.0,0.20215604066470405,-0.20215604066470405
10506,2024,0.0,0.20215604066470405,-0.20215604066470405
10506,2025,0.0,0.20215604066470405,-0.20215604066470405
10507,2021,0.0,0.24491054797012446,-0.24491054797012446
10507,2022,0.0,0.24491054797012446,-0.24491054797012446
10507,2023,0.03125,0.24491054797012446,-0.21366054797012446
10507,2024,0.0,0.24491054797012446,-0.24491054797012446
10507,2025,0.111111111,0.24491054797012446,-0.13379943697012447
10508,2021,0.0,0.20160431125006636,-0.20160431125006636
10508,2022,0.285714286,0.20160431125006636,0.08410997474993362
10508,2023,0.074074074,0.20160431125006636,-0.12753023725006635
10508,2024,0.19047619,0.20160431125006636,-0.011128121250066375
10508,2025,0.052631579,0.20160431125006636,-0.14897273225006635
10509,2021,0.133333333,0.21808101020330264,-0.08474767720330265
10509,2022,0.074074074,0.21808101020330264,-0.14400693620330263
10509,2023,0.064285714,0.21808101020330264,-0.15379529620330265
10509,2024,0.062893082,0.21808101020330264,-0.15518792820330263
10509,2025,0.124031008,0.21808101020330264,-0.09405000220330265
10510,2021,0.0,0.31336237224058483,-0.31336237224058483
10510,2022,0.25,0.31336237224058483,-0.06336237224058483
10510,2023,0.052631579,0.31336237224058483,-0.26073079324058485
10510,2024,0.1875,0.31336237224058483,-0.12586237224058483
10510,2025,0.142857143,0.31336237224058483,-0.17050522924058484
10511,2021,0.571428571,0.22966701123147,0.34176155976853
10511,2022,0.555555556,0.22966701123147,0.32588854476852996
10511,2023,0.384615385,0.22966701123147,0.15494837376853
10511,2024,0.32,0.22966701123147,0.09033298876853002
10511,2025,0.083333333,0.22966701123147,-0.14633367823146998
10512,2021,0.285714286,0.15711670055853405,0.12859758544146593
10512,2022,0.382978723,0.15711670055853405,0.22586202244146597
10512,2023,0.22754491,0.15711670055853405,0.07042820944146594
10512,2024,0.208860759,0.15711670055853405,0.05174405844146596
10512,2025,0.035714286,0.15711670055853405,-0.12140241455853405
10513,2021,0.15,0.23742296713424915,-0.08742296713424916
10513,2022,0.071428571,0.23742296713424915,-0.16599439613424916
10513,2023,0.115107914,0.23742296713424915,-0.12231505313424915
10513,2024,0.040462428,0.23742296713424915,-0.19696053913424916
10513,2025,0.067567568,0.23742296713424915,-0.16985539913424916
10514,2021,0.023809524,0.20560757972853122,-0.18179805572853122
10514,2022,0.052631579,0.20560757972853122,-0.15297600072853124
10514,2023,0.045918367,0.20560757972853122,-0.1596892127285312
10514,2024,0.014925373,0.20560757972853122,-0.19068220672853123
10514,2025,0.04787234,0.20560757972853122,-0.1577352397285312
10515,2021,0.133333333,0.17875885590017582,-0.04542552290017582
10515,2022,0.476190476,0.17875885590017582,0.29743162009982416
10515,2023,0.192307692,0.17875885590017582,0.013548836099824185
10515,2024,0.157894737,0.17875885590017582,-0.02086411890017581
10515,2025,0.125,0.17875885590017582,-0.05375885590017582
10516,2021,0.0,0.2545373647434298,-0.2545373647434298
10516,2022,0.0,0.2545373647434298,-0.2545373647434298
10516,2023,0.0,0.2545373647434298,-0.2545373647434298
10516,2024,0.25,0.2545373647434298,-0.004537364743429806
10516,2025,0.0,0.2545373647434298,-0.2545373647434298
10517,2021,0.0,0.19163934061916835,-0.19163934061916835
10517,2022,0.0,0.19163934061916835,-0.19163934061916835
10517,2023,0.0,0.19163934061916835,-0.19163934061916835
10517,2024,0.0,0.19163934061916835,-0.19163934061916835
10517,2025,0.0,0.19163934061916835,-0.19163934061916835
10518,2021,0.0,0.38402608554856765,-0.38402608554856765
10518,2022,0.0,0.38402608554856765,-0.38402608554856765
10518,2023,0.0,0.38402608554856765,-0.38402608554856765
10518,2024,0.0,0.38402608554856765,-0.38402608554856765
10518,2025,0.0,0.38402608554856765,-0.38402608554856765
10519,2021,0.125,0.16011787324149465,-0.03511787324149465
10519,2022,0.0,0.16011787324149465,-0.16011787324149465
10519,2023,0.0,0.16011787324149465,-0.16011787324149465
10519,2024,0.0,0.16011787324149465,-0.16011787324149465
10519,2025,0.0,0.16011787324149465,-0.16011787324149465
10520,2021,0.315789474,0.2788623803285398,0.03692709367146019
10520,2022,0.375,0.2788623803285398,0.09613761967146017
10520,2023,0.282828283,0.2788623803285398,0.003965902671460186
10520,2024,0.237623762,0.2788623803285398,-0.04123861832853984
10520,2025,0.392156863,0.2788623803285398,0.1132944826714602
10521,2021,0.666666667,0.2567708887764288,0.4098957782235712
10521,2022,0.307692308,0.2567708887764288,0.05092141922357124
10521,2023,0.20212766,0.2567708887764288,-0.0546432287764288
10521,2024,0.266666667,0.2567708887764288,0.009895778223571239
10521,2025,0.564356436,0.2567708887764288,0.3075855472235712
10522,2021,0.133333333,0.19491655381070677,-0.061583220810706774
10522,2022,0.076923077,0.19491655381070677,-0.11799347681070677
10522,2023,0.0,0.19491655381070677,-0.19491655381070677
10522,2024,0.022727273,0.19491655381070677,-0.17218928081070678
10522,2025,0.319148936,0.19491655381070677,0.12423238218929322
10523,2021,0.230769231,0.20041289607854512,0.03035633492145487
10523,2022,0.1,0.20041289607854512,-0.10041289607854512
10523,2023,0.033898305,0.20041289607854512,-0.16651459107854513
10523,2024,0.038461538,0.20041289607854512,-0.1619513580785451
10523,2025,0.142857143,0.20041289607854512,-0.05755575307854513
10601,2021,0.162790698,0.17691518243963128,-0.014124484439631269
10601,2022,0.317460317,0.17691518243963128,0.1405451345603687
10601,2023,0.259887006,0.17691518243963128,0.0829718235603687
10601,2024,0.203125,0.17691518243963128,0.02620981756036872
10601,2025,0.023809524,0.17691518243963128,-0.15310565843963128
10602,2021,0.266666667,0.17078220360823293,0.0958844633917671
10602,2022,0.379310345,0.17078220360823293,0.20852814139176706
10602,2023,0.315789474,0.17078220360823293,0.14500727039176708
10602,2024,0.394736842,0.17078220360823293,0.22395463839176705
10602,2025,0.13592233,0.17078220360823293,-0.03485987360823292
10603,2021,1.0,0.1796590255346729,0.8203409744653272
10603,2022,0.0,0.1796590255346729,-0.1796590255346729
10603,2023,0.0,0.1796590255346729,-0.1796590255346729
10603,2024,0.266666667,0.1796590255346729,0.08700764146532713
10603,2025,0.0,0.1796590255346729,-0.1796590255346729
10604,2021,0.0,0.16791626182939254,-0.16791626182939254
10604,2022,0.4,0.16791626182939254,0.23208373817060748
10604,2023,0.2,0.16791626182939254,0.03208373817060747
10604,2024,0.022727273,0.16791626182939254,-0.14518898882939255
10604,2025,0.032258065,0.16791626182939254,-0.13565819682939254
10605,2021,0.142857143,0.2543008317406461,-0.11144368874064611
10605,2022,0.090909091,0.2543008317406461,-0.1633917407406461
10605,2023,0.037735849,0.2543008317406461,-0.21656498274064612
10605,2024,0.041666667,0.2543008317406461,-0.21263416474064611
10605,2025,0.044444444,0.2543008317406461,-0.2098563877406461
10606,2021,0.0,0.1625871500150807,-0.1625871500150807
10606,2022,0.75,0.1625871500150807,0.5874128499849193
10606,2023,0.242424242,0.1625871500150807,0.07983709198491931
10606,2024,0.193548387,0.1625871500150807,0.030961236984919288
10606,2025,0.083333333,0.1625871500150807,-0.0792538170150807
10607,2021,0.15,0.19630541727258596,-0.04630541727258597
10607,2022,0.333333333,0.19630541727258596,0.13702791572741405
10607,2023,0.161290323,0.19630541727258596,-0.03501509427258595
10607,2024,0.28125,0.19630541727258596,0.08494458272741404
10607,2025,0.118644068,0.19630541727258596,-0.07766134927258596
10608,2021,0.0,0.1699205878103128,-0.1699205878103128
10608,2022,0.5,0.1699205878103128,0.33007941218968717
10608,2023,0.0,0.1699205878103128,-0.1699205878103128
10608,2024,0.090909091,0.1699205878103128,-0.0790114968103128
10608,2025,0.0,0.1699205878103128,-0.1699205878103128
10609,2021,0.248366013,0.20193767804296972,0.046428334957030276
10609,2022,0.235294118,0.20193767804296972,0.033356439957030276
10609,2023,0.170588235,0.20193767804296972,-0.031349443042969716
10609,2024,0.193083573,0.20193767804296972,-0.008854105042969712
10609,2025,0.177570093,0.20193767804296972,-0.02436758504296971
10610,2021,0.0,0.1489060748006046,-0.1489060748006046
10610,2023,0.0,0.1489060748006046,-0.1489060748006046
10610,2024,0.0,0.1489060748006046,-0.1489060748006046
10610,2025,0.0,0.1489060748006046,-0.1489060748006046
10611,2021,0.0,0.16504084767843222,-0.16504084767843222
10611,2022,0.0,0.16504084767843222,-0.16504084767843222
10611,2023,0.0,0.16504084767843222,-0.16504084767843222
10611,2024,0.555555556,0.16504084767843222,0.39051470832156776
10611,2025,0.0,0.16504084767843222,-0.16504084767843222
10612,2021,0.133333333,0.3219837728823785,-0.1886504398823785
10612,2022,0.481481481,0.3219837728823785,0.15949770811762148
10612,2023,0.198630137,0.3219837728823785,-0.12335363588237849
10612,2024,0.146596859,0.3219837728823785,-0.1753869138823785
10612,2025,0.030120482,0.3219837728823785,-0.2918632908823785
10701,2021,0.087523277,0.1696215325088092,-0.08209825550880921
10701,2022,0.099156118,0.1696215325088092,-0.07046541450880921
10701,2023,0.038793103,0.1696215325088092,-0.1308284295088092
10701,2024,0.032608696,0.1696215325088092,-0.13701283650880922
10701,2025,0.035172832,0.1696215325088092,-0.1344487005088092
10702,2021,0.233898305,0.152968138939015,0.08093016606098499
10702,2022,0.184834123,0.152968138939015,0.03186598406098498
10702,2023,0.079533404,0.152968138939015,-0.073434734939015
10702,2024,0.070021882,0.152968138939015,-0.08294625693901501
10702,2025,0.012391574,0.152968138939015,-0.14057656493901502
10703,2021,0.133333333,0.16212080834946738,-0.02878747534946738
10703,2022,0.195876289,0.16212080834946738,0.03375548065053263
10703,2023,0.052173913,0.16212080834946738,-0.10994689534946737
10703,2024,0.008498584,0.16212080834946738,-0.15362222434946737
10703,2025,0.016286645,0.16212080834946738,-0.1458341633494674
10704,2021,0.184782609,0.12753739025126476,0.05724521874873523
10704,2022,0.263888889,0.12753739025126476,0.13635149874873526
10704,2023,0.051546392,0.12753739025126476,-0.07599099825126476
10704,2024,0.055172414,0.12753739025126476,-0.07236497625126476
10704,2025,0.04296875,0.12753739025126476,-0.08456864025126476
10705,2021,0.101449275,0.2401198046047273,-0.13867052960472728
10705,2022,0.219512195,0.2401198046047273,-0.020607609604727295
10705,2023,0.051162791,0.2401198046047273,-0.18895701360472728
10705,2024,0.052419355,0.2401198046047273,-0.1877004496047273
10705,2025,0.036734694,0.2401198046047273,-0.2033851106047273
10706,2021,0.141304348,0.22716909039367145,-0.08586474239367145
10706,2022,0.151898734,0.22716909039367145,-0.07527035639367144
10706,2023,0.025974026,0.22716909039367145,-0.20119506439367144
10706,2024,0.070776256,0.22716909039367145,-0.15639283439367146
10706,2025,0.045212766,0.22716909039367145,-0.18195632439367143
10707,2021,0.047619048,0.25176633916471397,-0.20414729116471397
10707,2022,0.025641026,0.25176633916471397,-0.22612531316471396
10707,2023,0.044871795,0.25176633916471397,-0.20689454416471398
10707,2024,0.015503876,0.25176633916471397,-0.23626246316471397
10707,2025,0.008130081,0.25176633916471397,-0.24363625816471396
20101,2021,0.462246777,0.30178264549310096,0.16046413150689903
20101,2022,0.427083333,0.30178264549310096,0.12530068750689904
20101,2023,0.333333333,0.30178264549310096,0.031550687506899044
20101,2024,0.26984127,0.30178264549310096,-0.03194137549310094
20101,2025,0.249506254,0.30178264549310096,-0.052276391493100954
20102,2021,0.0,0.2175787158852293,-0.2175787158852293
20102,2022,0.333333333,0.2175787158852293,0.1157546171147707
20102,2023,0.140625,0.2175787158852293,-0.07695371588522931
20102,2024,0.254237288,0.2175787158852293,0.03665857211477069
20102,2025,0.263157895,0.2175787158852293,0.04557917911477066
20103,2021,1.0,0.3961270875889752,0.6038729124110248
20103,2022,0.666666667,0.3961270875889752,0.2705395794110248
20103,2023,0.375,0.3961270875889752,-0.02112708758897519
20103,2024,0.5,0.3961270875889752,0.10387291241102481
20103,2025,0.6,0.3961270875889752,0.2038729124110248
20104,2021,0.666666667,0.42523076545925487,0.24143590154074512
20104,2022,0.851851852,0.42523076545925487,0.42662108654074515
20104,2023,0.805555556,0.42523076545925487,0.3803247905407451
20104,2024,0.7,0.42523076545925487,0.2747692345407451
20104,2025,0.666666667,0.42523076545925487,0.24143590154074512
20105,2021,0.407951599,0.29043301757225315,0.11751858142774685
20105,2022,0.412599823,0.29043301757225315,0.12216680542774683
20105,2023,0.2773801,0.29043301757225315,-0.013052917572253131
20105,2024,0.186204432,0.29043301757225315,-0.10422858557225315
20105,2025,0.144963145,0.29043301757225315,-0.14546987257225316
20106,2021,0.191176471,0.29029219545997625,-0.09911572445997627
20106,2022,0.288461538,0.29029219545997625,-0.001830657459976237
20106,2023,0.331210191,0.29029219545997625,0.04091799554002373
20106,2024,0.06918239,0.29029219545997625,-0.22110980545997627
20106,2025,0.093959732,0.29029219545997625,-0.19633246345997624
20107,2021,0.5,0.2807727091707762,0.21922729082922382
20107,2022,0.5,0.2807727091707762,0.21922729082922382
20107,2023,0.176470588,0.2807727091707762,-0.10430212117077617
20107,2024,0.264705882,0.2807727091707762,-0.016066827170776177
20107,2025,0.147058824,0.2807727091707762,-0.13371388517077618
20108,2021,0.318181818,0.29520195436782487,0.022979863632175135
20108,2022,0.333333333,0.29520195436782487,0.03813137863217514
20108,2023,0.130952381,0.29520195436782487,-0.16424957336782486
20108,2024,0.096774194,0.29520195436782487,-0.1984277603678249
20108,2025,0.111111111,0.29520195436782487,-0.18409084336782489
20109,2021,0.5,0.5000609787507978,-6.097875079780213e-05
20109,2022,0.666666667,0.5000609787507978,0.1666056882492022
20109,2023,0.571428571,0.5000609787507978,0.0713675922492022
20109,2024,0.263157895,0.5000609787507978,-0.23690308375079783
20109,2025,0.411764706,0.5000609787507978,-0.08829627275079782
20110,2021,0.613333333,0.24350869276383577,0.36982464023616424
20110,2022,0.5,0.24350869276383577,0.2564913072361642
20110,2023,0.268085106,0.24350869276383577,0.024576413236164246
20110,2024,0.408450704,0.24350869276383577,0.16494201123616423
20110,2025,0.291005291,0.24350869276383577,0.04749659823616423
20111,2021,0.761904762,0.3065592352652723,0.4553455267347277
20111,2022,0.791666667,0.3065592352652723,0.4851074317347277
20111,2023,0.598214286,0.3065592352652723,0.29165505073472775
20111,2024,0.357142857,0.3065592352652723,0.05058362173472769
20111,2025,0.24742268,0.3065592352652723,-0.059136555265272284
20112,2021,0.384615385,0.3300320126206812,0.05458337237931876
20112,2022,0.421487603,0.3300320126206812,0.09145559037931877
20112,2023,0.59375,0.3300320126206812,0.2637179873793188
20112,2024,0.193133047,0.3300320126206812,-0.1368989656206812
20112,2025,0.301507538,0.3300320126206812,-0.028524474620681195
20201,2021,0.5,0.27031183964096006,0.22968816035903994
20201,2022,0.2,0.27031183964096006,-0.07031183964096005
20201,2023,0.307692308,0.27031183964096006,0.037380468359039964
20201,2024,0.087719298,0.27031183964096006,-0.18259254164096006
20201,2025,0.314285714,0.27031183964096006,0.04397387435903993
20202,2021,0.315789474,0.5466853616823798,-0.23089588768237979
20202,2022,0.304347826,0.5466853616823798,-0.2423375356823798
20202,2023,0.245614035,0.5466853616823798,-0.3010713266823798
20202,2024,0.142857143,0.5466853616823798,-0.40382821868237984
20202,2025,0.152542373,0.5466853616823798,-0.3941429886823798
20203,2021,0.0,0.2886662995303565,-0.2886662995303565
20203,2022,0.0,0.2886662995303565,-0.2886662995303565
20203,2023,0.333333333,0.2886662995303565,0.04466703346964351
20203,2024,0.0,0.2886662995303565,-0.2886662995303565
20203,2025,0.0,0.2886662995303565,-0.2886662995303565
20204,2021,0.266666667,0.3119602501874431,-0.04529358318744309
20204,2022,0.2,0.3119602501874431,-0.1119602501874431
20204,2023,0.192307692,0.3119602501874431,-0.11965255818744311
20204,2024,0.071428571,0.3119602501874431,-0.24053167918744311
20204,2025,0.14,0.3119602501874431,-0.1719602501874431
20205,2021,0.0,0.35645352595450003,-0.35645352595450003
20205,2022,0.5,0.35645352595450003,0.14354647404549997
20205,2023,0.105263158,0.35645352595450003,-0.2511903679545
20205,2024,0.0,0.35645352595450003,-0.35645352595450003
20205,2025,0.071428571,0.35645352595450003,-0.28502495495450003
20301,2021,0.979591837,0.2717938781947294,0.7077979588052705
20301,2022,0.739130435,0.2717938781947294,0.4673365568052706
20301,2023,0.645669291,0.2717938781947294,0.37387541280527065
20301,2024,0.196078431,0.2717938781947294,-0.07571544719472939
20301,2025,0.238095238,0.2717938781947294,-0.0336986401947294
20302,2021,0.25,0.2700824749237182,-0.020082474923718174
20302,2022,0.5,0.2700824749237182,0.22991752507628183
20302,2023,0.212121212,0.2700824749237182,-0.05796126292371817
20302,2024,0.185185185,0.2700824749237182,-0.08489728992371817
20302,2025,0.169491525,0.2700824749237182,-0.10059094992371817
20303,2021,0.916666667,0.24727335178426252,0.6693933152157374
20303,2022,0.681818182,0.24727335178426252,0.4345448302157375
20303,2023,0.25,0.24727335178426252,0.0027266482157374816
20303,2024,0.25,0.24727335178426252,0.0027266482157374816
20303,2025,0.041666667,0.24727335178426252,-0.20560668478426253
20304,2021,1.0,0.2768842249978531,0.7231157750021469
20304,2022,0.25,0.2768842249978531,-0.02688422499785309
20304,2023,0.3,0.2768842249978531,0.0231157750021469
20304,2024,0.211538462,0.2768842249978531,-0.06534576299785308
20304,2025,0.255319149,0.2768842249978531,-0.021565075997853067
20305,2021,0.93877551,0.24879070522265517,0.6899848047773449
20305,2022,0.424242424,0.24879070522265517,0.17545171877734483
20305,2023,0.225988701,0.24879070522265517,-0.022802004222655187
20305,2024,0.17218543,0.24879070522265517,-0.07660527522265517
20305,2025,0.128378378,0.24879070522265517,-0.12041232722265519
20306,2021,0.941176471,0.22982752777093016,0.7113489432290698
20306,2022,0.333333333,0.22982752777093016,0.10350580522906985
20306,2023,0.292682927,0.22982752777093016,0.06285539922906982
20306,2024,0.269230769,0.22982752777093016,0.039403241229069824
20306,2025,0.044444444,0.22982752777093016,-0.18538308377093016
20401,2021,0.108695652,0.3301173575202337,-0.22142170552023369
20401,2022,0.23255814,0.3301173575202337,-0.0975592175202337
20401,2023,0.207317073,0.3301173575202337,-0.1228002845202337
20401,2024,0.035714286,0.3301173575202337,-0.2944030715202337
20401,2025,0.135714286,0.3301173575202337,-0.1944030715202337
20402,2021,0.333333333,0.2561505643106293,0.07718276868937068
20402,2022,0.32,0.2561505643106293,0.06384943568937068
20402,2023,0.065789474,0.2561505643106293,-0.1903610903106293
20402,2024,0.028169014,0.2561505643106293,-0.22798155031062933
20402,2025,0.0,0.2561505643106293,-0.2561505643106293
20501,2021,0.4,0.31426421984710795,0.08573578015289207
20501,2022,0.571428571,0.31426421984710795,0.25716435115289205
20501,2023,0.366071429,0.31426421984710795,0.05180720915289205
20501,2024,0.330357143,0.31426421984710795,0.01609292315289207
20501,2025,0.168224299,0.31426421984710795,-0.14603992084710796
20502,2021,0.142857143,0.22216149819399902,-0.07930435519399903
20502,2022,0.0,0.22216149819399902,-0.22216149819399902
20502,2023,0.0,0.22216149819399902,-0.22216149819399902
20502,2024,0.0,0.22216149819399902,-0.22216149819399902
20502,2025,0.0,0.22216149819399902,-0.22216149819399902
20503,2021,0.4,0.21790924083030455,0.18209075916969547
20503,2022,0.6,0.21790924083030455,0.3820907591696954
20503,2023,0.625,0.21790924083030455,0.40709075916969545
20503,2024,0.058823529,0.21790924083030455,-0.15908571183030457
20503,2025,0.0,0.21790924083030455,-0.21790924083030455
20504,2021,0.387096774,0.33772025150790613,0.049376522492093844
20504,2022,0.19047619,0.33772025150790613,-0.14724406150790614
20504,2023,0.176470588,0.33772025150790613,-0.16124966350790612
20504,2024,0.09375,0.33772025150790613,-0.24397025150790613
20504,2025,0.157894737,0.33772025150790613,-0.17982551450790613
20505,2021,0.351351351,0.249920980300388,0.10143037069961197
20505,2022,0.615384615,0.249920980300388,0.36546363469961196
20505,2023,0.6,0.249920980300388,0.35007901969961197
20505,2024,0.2,0.249920980300388,-0.049920980300387996
20505,2025,0.147058824,0.249920980300388,-0.102862156300388
20506,2021,0.625,0.23468045106219212,0.39031954893780785
20506,2022,0.8,0.23468045106219212,0.5653195489378079
20506,2023,0.4,0.23468045106219212,0.1653195489378079
20506,2024,0.333333333,0.23468045106219212,0.09865288193780788
20506,2025,0.4,0.23468045106219212,0.1653195489378079
20507,2021,0.344827586,0.2564090602168195,0.08841852578318055
20507,2022,0.315789474,0.2564090602168195,0.05938041378318054
20507,2023,0.246153846,0.2564090602168195,-0.010255214216819464
20507,2024,0.2,0.2564090602168195,-0.05640906021681946
20507,2025,0.118644068,0.2564090602168195,-0.13776499221681948
20508,2021,0.026548673,0.2852897976988072,-0.25874112469880717
20508,2022,0.166666667,0.2852897976988072,-0.1186231306988072
20508,2023,0.054421769,0.2852897976988072,-0.23086802869880718
20508,2024,0.010869565,0.2852897976988072,-0.27442023269880716
20508,2025,0.079136691,0.2852897976988072,-0.2061531066988072
20509,2021,0.242424242,0.22799397246313685,0.01443026953686316
20509,2022,0.227272727,0.22799397246313685,-0.0007212454631368437
20509,2023,0.2,0.22799397246313685,-0.02799397246313684
20509,2024,0.128205128,0.22799397246313685,-0.09978884446313685
20509,2025,0.166666667,0.22799397246313685,-0.06132730546313686
20510,2021,0.6,0.418648444240583,0.18135155575941697
20510,2022,1.0,0.418648444240583,0.581351555759417
20510,2023,0.782608696,0.418648444240583,0.36396025175941704
20510,2024,0.68,0.418648444240583,0.26135155575941704
20510,2025,0.578947368,0.418648444240583,0.160298923759417
20511,2021,0.333333333,0.4148999241600217,-0.08156659116002168
20511,2022,0.428571429,0.4148999241600217,0.01367150483997831
20511,2023,0.375,0.4148999241600217,-0.039899924160021694
20511,2024,0.222222222,0.4148999241600217,-0.1926777021600217
20511,2025,0.333333333,0.4148999241600217,-0.08156659116002168
20512,2021,0.941176471,0.45902684845530317,0.48214962254469684
20512,2022,0.3125,0.45902684845530317,-0.14652684845530317
20512,2023,0.0,0.45902684845530317,-0.45902684845530317
20512,2024,0.1,0.45902684845530317,-0.3590268484553032
20512,2025,0.285714286,0.45902684845530317,-0.1733125624553032
20513,2021,0.125,0.3323084316556431,-0.2073084316556431
20513,2022,0.363636364,0.3323084316556431,0.03132793234435688
20513,2023,0.19047619,0.3323084316556431,-0.14183224165564312
20513,2024,0.052631579,0.3323084316556431,-0.2796768526556431
20513,2025,0.0,0.3323084316556431,-0.3323084316556431
20514,2021,0.8,0.37385451377420187,0.4261454862257982
20514,2022,0.5,0.37385451377420187,0.12614548622579813
20514,2023,0.5,0.37385451377420187,0.12614548622579813
20514,2024,0.333333333,0.37385451377420187,-0.04052118077420186
20514,2025,0.0,0.37385451377420187,-0.37385451377420187
20515,2021,0.636363636,0.42494849491384695,0.21141514108615306
20515,2022,0.75,0.42494849491384695,0.32505150508615305
20515,2023,0.357142857,0.42494849491384695,-0.06780563791384697
20515,2024,0.15,0.42494849491384695,-0.274948494913847
20515,2025,0.090909091,0.42494849491384695,-0.33403940391384696
20601,2021,0.526627219,0.2725911363915577,0.2540360826084423
20601,2022,0.524444444,0.2725911363915577,0.2518533076084423
20601,2023,0.296491228,0.2725911363915577,0.02390009160844231
20601,2024,0.253258845,0.2725911363915577,-0.019332291391557677
20601,2025,0.153225806,0.2725911363915577,-0.1193653303915577
20602,2021,0.272727273,0.19733403020726561,0.07539324279273438
20602,2022,0.535714286,0.19733403020726561,0.33838025579273445
20602,2023,0.141414141,0.19733403020726561,-0.05591988920726562
20602,2024,0.072916667,0.19733403020726561,-0.12441736320726561
20602,2025,0.06,0.19733403020726561,-0.13733403020726562
20603,2021,0.083333333,0.2664521473498798,-0.1831188143498798
20603,2022,0.090909091,0.2664521473498798,-0.17554305634987982
20603,2023,0.054054054,0.2664521473498798,-0.21239809334987983
20603,2024,0.142857143,0.2664521473498798,-0.12359500434987983
20603,2025,0.162162162,0.2664521473498798,-0.10428998534987982
20604,2021,0.431818182,0.2632455254464511,0.16857265655354892
20604,2022,0.71875,0.2632455254464511,0.4555044745535489
20604,2023,0.372340426,0.2632455254464511,0.10909490055354892
20604,2024,0.340425532,0.2632455254464511,0.0771800065535489
20604,2025,0.287356322,0.2632455254464511,0.02411079655354892
20605,2021,0.090909091,0.2940585167426478,-0.20314942574264783
20605,2022,0.19047619,0.2940585167426478,-0.10358232674264783
20605,2023,0.096153846,0.2940585167426478,-0.19790467074264784
20605,2024,0.15,0.2940585167426478,-0.14405851674264783
20605,2025,0.06122449,0.2940585167426478,-0.23283402674264783
20606,2021,0.30952381,0.26998645144929456,0.03953735855070545
20606,2022,0.289308176,0.26998645144929456,0.01932172455070541
20606,2023,0.117333333,0.26998645144929456,-0.15265311844929458
20606,2024,0.126943005,0.26998645144929456,-0.14304344644929456
20606,2025,0.137535817,0.26998645144929456,-0.13245063444929456
20607,2021,0.565217391,0.2062604486648964,0.3589569423351036
20607,2022,0.470588235,0.2062604486648964,0.2643277863351036
20607,2023,0.344262295,0.2062604486648964,0.1380018463351036
20607,2024,0.232142857,0.2062604486648964,0.025882408335103607
20607,2025,0.31372549,0.2062604486648964,0.1074650413351036
20608,2021,0.058823529,0.3231140556079101,-0.26429052660791014
20608,2022,0.12,0.3231140556079101,-0.20311405560791013
20608,2023,0.195402299,0.3231140556079101,-0.12771175660791012
20608,2024,0.064102564,0.3231140556079101,-0.25901149160791015
20608,2025,0.092105263,0.3231140556079101,-0.23100879260791013
20609,2021,0.933333333,0.3285997562885347,0.6047335767114652
20609,2022,0.863636364,0.3285997562885347,0.5350366077114652
20609,2023,0.78021978,0.3285997562885347,0.4516200237114653
20609,2024,0.454545455,0.3285997562885347,0.12594569871146527
20609,2025,0.126760563,0.3285997562885347,-0.20183919328853472
20610,2021,0.205882353,0.25230358966771105,-0.04642123666771106
20610,2022,0.194444444,0.25230358966771105,-0.057859145667711054
20610,2023,0.137614679,0.25230358966771105,-0.11468891066771106
20610,2024,0.159292035,0.25230358966771105,-0.09301155466771105
20610,2025,0.13592233,0.25230358966771105,-0.11638125966771104
20611,2021,0.5,0.24140066836019522,0.25859933163980475
20611,2022,0.387755102,0.24140066836019522,0.1463544336398048
20611,2023,0.46969697,0.24140066836019522,0.22829630163980477
20611,2024,0.357664234,0.24140066836019522,0.1162635656398048
20611,2025,0.341269841,0.24140066836019522,0.0998691726398048
20701,2021,0.552083333,0.28886617277728693,0.2632171602227131
20701,2022,0.533333333,0.28886617277728693,0.24446716022271303
20701,2023,0.273556231,0.28886617277728693,-0.01530994177728695
20701,2024,0.181268882,0.28886617277728693,-0.10759729077728694
20701,2025,0.123188406,0.28886617277728693,-0.16567776677728693
20702,2021,0.324324324,0.3408682558001383,-0.0165439318001383
20702,2022,0.333333333,0.3408682558001383,-0.007534922800138288
20702,2023,0.175675676,0.3408682558001383,-0.1651925798001383
20702,2024,0.136363636,0.3408682558001383,-0.2045046198001383
20702,2025,0.207920792,0.3408682558001383,-0.1329474638001383
20703,2021,0.486666667,0.24587577684893763,0.24079089015106236
20703,2022,0.356589147,0.24587577684893763,0.11071337015106236
20703,2023,0.260869565,0.24587577684893763,0.014993788151062393
20703,2024,0.165413534,0.24587577684893763,-0.08046224284893763
20703,2025,0.18487395,0.24587577684893763,-0.061001826848937624
20801,2021,0.382300885,0.16545901859155837,0.2168418664084416
20801,2022,0.246575342,0.16545901859155837,0.08111632340844163
20801,2023,0.182072829,0.16545901859155837,0.01661381040844162
20801,2024,0.121330724,0.16545901859155837,-0.04412829459155837
20801,2025,0.116774791,0.16545901859155837,-0.04868422759155837
20802,2021,0.454545455,0.15749796779244804,0.2970474872075519
20802,2022,0.362573099,0.15749796779244804,0.20507513120755197
20802,2023,0.402597403,0.15749796779244804,0.24509943520755198
20802,2024,0.288209607,0.15749796779244804,0.13071163920755194
20802,2025,0.23699422,0.15749796779244804,0.07949625220755197
20803,2021,0.423728814,0.1406331159657123,0.2830956980342877
20803,2022,0.351351351,0.1406331159657123,0.2107182350342877
20803,2023,0.183673469,0.1406331159657123,0.043040353034287715
20803,2024,0.144329897,0.1406331159657123,0.0036967810342877216
20803,2025,0.138297872,0.1406331159657123,-0.0023352439657123025
20804,2021,0.472222222,0.2720728144221038,0.20014940757789623
20804,2022,0.54494382,0.2720728144221038,0.2728710055778962
20804,2023,0.30848329,0.2720728144221038,0.03641047557789623
20804,2024,0.312661499,0.2720728144221038,0.04058868457789622
20804,2025,0.291770574,0.2720728144221038,0.019697759577896212
20901,2021,0.909090909,0.3335169439970938,0.5755739650029061
20901,2022,0.714285714,0.3335169439970938,0.38076877000290615
20901,2023,0.5625,0.3335169439970938,0.2289830560029062
20901,2024,0.2,0.3335169439970938,-0.1335169439970938
20901,2025,0.38,0.3335169439970938,0.0464830560029062
20902,2021,0.272727273,0.32994043460215805,-0.05721316160215806
20902,2022,1.0,0.32994043460215805,0.670059565397842
20902,2023,0.105263158,0.32994043460215805,-0.22467727660215805
20902,2024,0.375,0.32994043460215805,0.04505956539784195
20902,2025,0.181818182,0.32994043460215805,-0.14812225260215806
20903,2021,0.8125,0.4433079076555476,0.3691920923444524
20903,2022,1.0,0.4433079076555476,0.5566920923444524
20903,2023,0.3,0.4433079076555476,-0.14330790765554763
20903,2024,0.5,0.4433079076555476,0.05669209234445238
20903,2025,0.333333333,0.4433079076555476,-0.10997457465554761
20904,2021,0.375,0.25916369413379947,0.11583630586620053
20904,2022,0.432835821,0.25916369413379947,0.17367212686620054
20904,2023,0.344594595,0.25916369413379947,0.08543090086620053
20904,2024,0.218543046,0.25916369413379947,-0.04062064813379948
20904,2025,0.171171171,0.25916369413379947,-0.08799252313379946
20905,2021,0.090909091,0.26263633216517557,-0.17172724116517557
20905,2022,0.0,0.26263633216517557,-0.26263633216517557
20905,2023,0.048780488,0.26263633216517557,-0.21385584416517556
20905,2024,0.358974359,0.26263633216517557,0.09633802683482445
20905,2025,0.107142857,0.26263633216517557,-0.1554934751651756
20906,2021,0.555555556,0.3230861636268361,0.23246939237316383
20906,2022,0.666666667,0.3230861636268361,0.34358050337316387
20906,2023,0.333333333,0.3230861636268361,0.010247169373163889
20906,2024,0.214285714,0.3230861636268361,-0.10880044962683613
20906,2025,0.066666667,0.3230861636268361,-0.2564194966268361
20907,2021,0.333333333,0.5311968400476137,-0.19786350704761368
20907,2022,0.0,0.5311968400476137,-0.5311968400476137
20907,2023,0.428571429,0.5311968400476137,-0.10262541104761369
20907,2024,0.466666667,0.5311968400476137,-0.06453017304761371
20907,2025,0.5,0.5311968400476137,-0.031196840047613694
21001,2021,0.555023923,0.33316939398158407,0.22185452901841596
21001,2022,0.503067485,0.33316939398158407,0.1698980910184159
21001,2023,0.437352246,0.33316939398158407,0.10418285201841593
21001,2024,0.35207824,0.33316939398158407,0.018908846018415915
21001,2025,0.308457711,0.33316939398158407,-0.02471168298158405
21002,2021,0.0,0.2537133058214609,-0.2537133058214609
21002,2022,0.071428571,0.2537133058214609,-0.1822847348214609
21002,2023,0.058823529,0.2537133058214609,-0.1948897768214609
21002,2024,0.0,0.2537133058214609,-0.2537133058214609
21002,2025,0.021276596,0.2537133058214609,-0.2324367098214609
21003,2021,0.375,0.2632091786843634,0.11179082131563661
21003,2022,0.244444444,0.2632091786843634,-0.018764734684363377
21003,2023,0.236842105,0.2632091786843634,-0.02636707368436339
21003,2024,0.176470588,0.2632091786843634,-0.08673859068436338
21003,2025,0.17721519,0.2632091786843634,-0.08599398868436339
21004,2021,0.480392157,0.27648056218444583,0.20391159481555415
21004,2022,0.294871795,0.27648056218444583,0.01839123281555416
21004,2023,0.302052786,0.27648056218444583,0.025572223815554185
21004,2024,0.201954397,0.27648056218444583,-0.07452616518444583
21004,2025,0.124223602,0.27648056218444583,-0.15225696018444584
21005,2021,0.536585366,0.23983262759972448,0.2967527384002755
21005,2022,0.19047619,0.23983262759972448,-0.049356437599724495
21005,2023,0.202898551,0.23983262759972448,-0.036934076599724475
21005,2024,0.227272727,0.23983262759972448,-0.012559900599724477
21005,2025,0.126984127,0.23983262759972448,-0.11284850059972448
21006,2021,0.2,0.3016243542234528,-0.10162435422345278
21006,2022,0.48,0.3016243542234528,0.1783756457765472
21006,2023,0.132075472,0.3016243542234528,-0.1695488822234528
21006,2024,0.294117647,0.3016243542234528,-0.007506707223452813
21006,2025,0.209302326,0.3016243542234528,-0.09232202822345278
21007,2021,0.642857143,0.2295328793387534,0.4133242636612465
21007,2022,0.428571429,0.2295328793387534,0.1990385496612466
21007,2023,0.440860215,0.2295328793387534,0.2113273356612466
21007,2024,0.265822785,0.2295328793387534,0.036289905661246596
21007,2025,0.185714286,0.2295328793387534,-0.0438185933387534
21008,2021,0.894736842,0.32660487447157,0.56813196752843
21008,2022,0.736842105,0.32660487447157,0.41023723052843003
21008,2023,0.31884058,0.32660487447157,-0.00776429447157001
21008,2024,0.210526316,0.32660487447157,-0.11607855847157
21008,2025,0.125,0.32660487447157,-0.20160487447157
21009,2021,0.3,0.26205193466744153,0.037948065332558456
21009,2022,0.6875,0.26205193466744153,0.42544806533255847
21009,2023,0.528301887,0.26205193466744153,0.2662499523325585
21009,2024,0.254901961,0.26205193466744153,-0.007149973667441523
21009,2025,0.14893617,0.26205193466744153,-0.11311576466744153
21010,2021,0.40625,0.2653029938255457,0.14094700617445433
21010,2022,0.185185185,0.2653029938255457,-0.08011780882554567
21010,2023,0.107142857,0.2653029938255457,-0.1581601368255457
21010,2024,0.120689655,0.2653029938255457,-0.14461333882554567
21010,2025,0.211538462,0.2653029938255457,-0.053764531825545664
21011,2021,0.526315789,0.31065500006581287,0.2156607889341871
21011,2022,0.416666667,0.31065500006581287,0.10601166693418712
21011,2023,0.256756757,0.31065500006581287,-0.05389824306581287
21011,2024,0.253968254,0.31065500006581287,-0.056686746065812865
21011,2025,0.06,0.31065500006581287,-0.25065500006581287
21012,2021,0.25,0.2741675603804086,-0.024167560380408626
21012,2022,0.352941176,0.2741675603804086,0.0787736156195914
21012,2023,0.225,0.2741675603804086,-0.04916756038040862
21012,2024,0.238095238,0.2741675603804086,-0.03607232238040864
21012,2025,0.111111111,0.2741675603804086,-0.16305644938040864
21013,2021,0.526315789,0.37072098034797935,0.15559480865202063
21013,2022,0.16,0.37072098034797935,-0.21072098034797934
21013,2023,0.155172414,0.37072098034797935,-0.21554856634797934
21013,2024,0.277777778,0.37072098034797935,-0.09294320234797937
21013,2025,0.265306122,0.37072098034797935,-0.10541485834797937
21014,2021,0.364963504,0.3074116612432395,0.05755184275676051
21014,2022,0.305936073,0.3074116612432395,-0.0014755882432395118
21014,2023,0.066126856,0.3074116612432395,-0.24128480524323948
21014,2024,0.077975376,0.3074116612432395,-0.2294362852432395
21014,2025,0.053545586,0.3074116612432395,-0.2538660752432395
21015,2021,0.536082474,0.27341769812207994,0.26266477587792003
21015,2022,0.739726027,0.27341769812207994,0.46630832887792006
21015,2023,0.386666667,0.27341769812207994,0.11324896887792008
21015,2024,0.125,0.27341769812207994,-0.14841769812207994
21015,2025,0.167785235,0.27341769812207994,-0.10563246312207994
21016,2021,0.575757576,0.4019308504709805,0.1738267255290195
21016,2022,0.863636364,0.4019308504709805,0.4617055135290195
21016,2023,0.531914894,0.4019308504709805,0.12998404352901954
21016,2024,0.515151515,0.4019308504709805,0.11322066452901952
21016,2025,0.363636364,0.4019308504709805,-0.03829448647098049
21101,2021,0.189393939,0.17984337107126527,0.009550567928734738
21101,2022,0.284578696,0.17984337107126527,0.10473532492873475
21101,2023,0.137123746,0.17984337107126527,-0.04271962507126528
21101,2024,0.124004551,0.17984337107126527,-0.05583882007126527
21101,2025,0.132404181,0.17984337107126527,-0.047439190071265264
21102,2021,0.8,0.4944447916648518,0.30555520833514827
21102,2022,1.0,0.4944447916648518,0.5055552083351482
21102,2023,0.45,0.4944447916648518,-0.04444479166485177
21102,2024,0.333333333,0.4944447916648518,-0.16111145866485177
21102,2025,0.6,0.4944447916648518,0.1055552083351482
21103,2021,0.5,0.13656797163838302,0.363432028361617
21103,2022,0.336734694,0.13656797163838302,0.20016672236161698
21103,2023,0.177966102,0.13656797163838302,0.041398130361616964
21103,2024,0.154639175,0.13656797163838302,0.018071203361616966
21103,2025,0.114942529,0.13656797163838302,-0.02162544263838302
21104,2022,0.65,0.3204072981966686,0.32959270180333144
21104,2023,0.608695652,0.3204072981966686,0.2882883538033314
21104,2024,0.681818182,0.3204072981966686,0.3614108838033314
21104,2025,0.863636364,0.3204072981966686,0.5432290658033314
21105,2022,0.9375,0.42234542878651743,0.5151545712134826
21105,2023,0.857142857,0.42234542878651743,0.4347974282134826
21105,2024,0.777777778,0.42234542878651743,0.3554323492134826
21105,2025,0.823529412,0.42234542878651743,0.40118398321348253
21201,2021,0.252019386,0.24595558332020184,0.006063802679798169
21201,2022,0.289325843,0.24595558332020184,0.043370259679798184
21201,2023,0.379963899,0.24595558332020184,0.13400831567979815
21201,2024,0.14893617,0.24595558332020184,-0.09701941332020184
21201,2025,0.270893372,0.24595558332020184,0.02493778867979818
21202,2021,0.16,0.24041287727319136,-0.08041287727319135
21202,2022,0.464285714,0.24041287727319136,0.22387283672680866
21202,2023,0.432432432,0.24041287727319136,0.19201955472680862
21202,2024,0.292682927,0.24041287727319136,0.052270049726808626
21202,2025,0.15625,0.24041287727319136,-0.08416287727319136
21203,2021,0.428571429,0.27659078175967283,0.15198064724032717
21203,2022,0.454545455,0.27659078175967283,0.17795467324032715
21203,2023,0.028571429,0.27659078175967283,-0.24801935275967282
21203,2024,0.181818182,0.27659078175967283,-0.09477259975967284
21203,2025,0.113636364,0.27659078175967283,-0.16295441775967284
21204,2021,0.8,0.2770702481830944,0.5229297518169056
21204,2022,0.571428571,0.2770702481830944,0.2943583228169056
21204,2023,0.684210526,0.2770702481830944,0.4071402778169056
21204,2024,0.434782609,0.2770702481830944,0.1577123608169056
21204,2025,0.4,0.2770702481830944,0.12292975181690563
21205,2021,0.461538462,0.2521106150406512,0.2094278469593488
21205,2022,0.666666667,0.2521106150406512,0.4145560519593488
21205,2023,0.311688312,0.2521106150406512,0.059577696959348836
21205,2024,0.373333333,0.2521106150406512,0.1212227179593488
21205,2025,0.162162162,0.2521106150406512,-0.08994845304065119
21206,2021,0.291044776,0.31575206155581836,-0.02470728555581836
21206,2022,0.291139241,0.31575206155581836,-0.02461282055581837
21206,2023,0.224226804,0.31575206155581836,-0.09152525755581836
21206,2024,0.213720317,0.31575206155581836,-0.10203174455581837
21206,2025,0.153153153,0.31575206155581836,-0.16259890855581838
21207,2021,0.404255319,0.28508655554715373,0.11916876345284627
21207,2022,0.411764706,0.28508655554715373,0.12667815045284625
21207,2023,0.366533865,0.28508655554715373,0.08144730945284628
21207,2024,0.20610687,0.28508655554715373,-0.07897968554715373
21207,2025,0.259911894,0.28508655554715373,-0.025174661547153754
21208,2021,0.294117647,0.3166071201562864,-0.02248947315628641
21208,2022,0.371428571,0.3166071201562864,0.05482145084371359
21208,2023,0.458823529,0.3166071201562864,0.14221640884371362
21208,2024,0.245989305,0.3166071201562864,-0.0706178151562864
21208,2025,0.25,0.3166071201562864,-0.06660712015628639
21209,2021,0.714285714,0.3684942889556946,0.3457914250443054
21209,2022,0.727272727,0.3684942889556946,0.3587784380443054
21209,2023,0.64,0.3684942889556946,0.27150571104430543
21209,2024,0.244444444,0.3684942889556946,-0.12404984495569457
21209,2025,0.15,0.3684942889556946,-0.2184942889556946
21210,2021,0.100917431,0.2523354348410902,-0.15141800384109022
21210,2022,0.185185185,0.2523354348410902,-0.06715024984109022
21210,2023,0.054945055,0.2523354348410902,-0.19739037984109023
21210,2024,0.195652174,0.2523354348410902,-0.05668326084109021
21210,2025,0.220779221,0.2523354348410902,-0.031556213841090225
21301,2021,0.862068966,0.3177450081250104,0.5443239578749897
21301,2022,0.53125,0.3177450081250104,0.2135049918749896
21301,2023,0.422764228,0.3177450081250104,0.10501921987498963
21301,2024,0.054945055,0.3177450081250104,-0.26279995312501037
21301,2025,0.3,0.3177450081250104,-0.017745008125010397
21302,2021,0.911764706,0.2791912349261091,0.632573471073891
21302,2022,0.451612903,0.2791912349261091,0.17242166807389092
21302,2023,0.144927536,0.2791912349261091,-0.1342636989261091
21302,2024,0.098360656,0.2791912349261091,-0.1808305789261091
21302,2025,0.116666667,0.2791912349261091,-0.1625245679261091
21303,2021,1.0,0.20581439333260235,0.7941856066673977
21303,2022,0.642857143,0.20581439333260235,0.43704274966739765
21303,2023,0.23255814,0.20581439333260235,0.02674374666739765
21303,2024,0.153846154,0.20581439333260235,-0.051968239332602334
21303,2025,0.261904762,0.20581439333260235,0.056090368667397666
21304,2021,0.5625,0.42247348376142463,0.14002651623857537
21304,2022,0.047619048,0.42247348376142463,-0.37485443576142463
21304,2023,0.180327869,0.42247348376142463,-0.24214561476142463
21304,2024,0.028571429,0.42247348376142463,-0.39390205476142465
21304,2025,0.055555556,0.42247348376142463,-0.3669179277614246
21305,2021,0.777777778,0.20113905783832997,0.5766387201616701
21305,2022,0.222222222,0.20113905783832997,0.021083164161670026
21305,2023,0.096774194,0.20113905783832997,-0.10436486383832998
21305,2024,0.172413793,0.20113905783832997,-0.02872526483832996
21305,2025,0.25,0.20113905783832997,0.04886094216167003
21306,2021,0.5,0.2552883246554973,0.24471167534450272
21306,2022,0.41509434,0.2552883246554973,0.15980601534450273
21306,2023,0.738461538,0.2552883246554973,0.48317321334450275
21306,2024,0.286363636,0.2552883246554973,0.0310753113445027
21306,2025,0.072222222,0.2552883246554973,-0.18306610265549728
21307,2021,0.875,0.36709874901021744,0.5079012509897826
21307,2022,0.163636364,0.36709874901021744,-0.20346238501021743
21307,2023,0.169491525,0.36709874901021744,-0.19760722401021744
21307,2024,0.148514851,0.36709874901021744,-0.21858389801021744
21307,2025,0.071428571,0.36709874901021744,-0.29567017801021744
21308,2021,0.714285714,0.32788436998372333,0.3864013440162766
21308,2022,0.0,0.32788436998372333,-0.32788436998372333
21308,2023,0.166666667,0.32788436998372333,-0.16121770298372334
21308,2024,0.375,0.32788436998372333,0.047115630016276666
21308,2025,0.133333333,0.32788436998372333,-0.19455103698372334
21401,2021,0.272727273,0.42630465296100084,-0.15357737996100085
21401,2022,0.615384615,0.42630465296100084,0.18907996203899913
21401,2023,0.444444444,0.42630465296100084,0.018139791038999153
21401,2024,0.3125,0.42630465296100084,-0.11380465296100084
21401,2025,0.5,0.42630465296100084,0.07369534703899916
21402,2021,1.0,0.44502571678386765,0.5549742832161324
21402,2022,1.0,0.44502571678386765,0.5549742832161324
21402,2023,1.0,0.44502571678386765,0.5549742832161324
21402,2024,1.0,0.44502571678386765,0.5549742832161324
21402,2025,0.909090909,0.44502571678386765,0.46406519221613235
21403,2023,0.666666667,0.2769250466411597,0.3897416203588403
21403,2024,0.0,0.2769250466411597,-0.2769250466411597
21404,2021,0.25,0.266533074321301,-0.016533074321301022
21404,2022,1.0,0.266533074321301,0.733466925678699
21404,2023,0.714285714,0.266533074321301,0.44775263967869894
21404,2024,0.636363636,0.266533074321301,0.369830561678699
21404,2025,0.285714286,0.266533074321301,0.01918121167869896
21405,2021,0.0,0.2741449914357208,-0.2741449914357208
21405,2022,0.0,0.2741449914357208,-0.2741449914357208
21405,2023,0.041666667,0.2741449914357208,-0.2324783244357208
21405,2024,0.0,0.2741449914357208,-0.2741449914357208
21405,2025,0.073170732,0.2741449914357208,-0.20097425943572078
21406,2021,0.909090909,0.2631079144397653,0.6459829945602347
21406,2022,0.692307692,0.2631079144397653,0.4291997775602347
21406,2023,0.4,0.2631079144397653,0.13689208556023474
21406,2024,0.45,0.2631079144397653,0.18689208556023473
21406,2025,0.176470588,0.2631079144397653,-0.08663732643976527
21407,2021,1.0,0.323168215140781,0.676831784859219
21407,2022,0.666666667,0.323168215140781,0.343498451859219
21407,2023,1.0,0.323168215140781,0.676831784859219
21407,2024,0.0,0.323168215140781,-0.323168215140781
21407,2025,0.0,0.323168215140781,-0.323168215140781
21408,2021,1.0,0.4607617808720261,0.5392382191279739
21408,2022,1.0,0.4607617808720261,0.5392382191279739
21408,2023,0.285714286,0.4607617808720261,-0.17504749487202614
21408,2024,0.166666667,0.4607617808720261,-0.29409511387202614
21408,2025,0.0,0.4607617808720261,-0.4607617808720261
21409,2021,0.5,0.407063184619878,0.092936815380122
21409,2022,0.0,0.407063184619878,-0.407063184619878
21409,2023,0.1,0.407063184619878,-0.307063184619878
21409,2024,0.285714286,0.407063184619878,-0.12134889861987802
21409,2025,0.0625,0.407063184619878,-0.344563184619878
21410,2021,1.0,0.4451348864273743,0.5548651135726257
21410,2022,1.0,0.4451348864273743,0.5548651135726257
21410,2023,0.375,0.4451348864273743,-0.07013488642737431
21410,2024,0.2,0.4451348864273743,-0.2451348864273743
21410,2025,0.125,0.4451348864273743,-0.3201348864273743
21501,2021,0.918367347,0.31969177101054336,0.5986755759894566
21501,2022,0.922222222,0.31969177101054336,0.6025304509894567
21501,2023,0.8125,0.31969177101054336,0.49280822898945664
21501,2024,0.826530612,0.31969177101054336,0.5068388409894566
21501,2025,0.104166667,0.31969177101054336,-0.21552510401054337
21502,2021,0.9,0.38065917500144236,0.5193408249985576
21502,2022,0.765957447,0.38065917500144236,0.38529827199855765
21502,2023,0.80952381,0.38065917500144236,0.4288646349985576
21502,2024,0.942307692,0.38065917500144236,0.5616485169985577
21502,2025,0.139534884,0.38065917500144236,-0.24112429100144236
21503,2021,0.681818182,0.36753147862444546,0.31428670337555453
21503,2022,0.798969072,0.36753147862444546,0.43143759337555454
21503,2023,0.883233533,0.36753147862444546,0.5157020543755545
21503,2024,0.230994152,0.36753147862444546,-0.13653732662444545
21503,2025,0.189922481,0.36753147862444546,-0.17760899762444546
21504,2021,1.0,0.21565167037556446,0.7843483296244356
21504,2022,1.0,0.21565167037556446,0.7843483296244356
21504,2023,0.958333333,0.21565167037556446,0.7426816626244356
21504,2024,0.181818182,0.21565167037556446,-0.03383348837556446
21504,2025,0.0,0.21565167037556446,-0.21565167037556446
21505,2021,0.893617021,0.36524342223178535,0.5283735987682145
21505,2022,0.967741935,0.36524342223178535,0.6024985127682148
21505,2023,0.692307692,0.36524342223178535,0.3270642697682146
21505,2024,0.766666667,0.36524342223178535,0.4014232447682146
21505,2025,0.269230769,0.36524342223178535,-0.09601265323178537
21506,2021,0.769230769,0.233518309884742,0.535712459115258
21506,2022,1.0,0.233518309884742,0.766481690115258
21506,2023,1.0,0.233518309884742,0.766481690115258
21506,2024,0.36,0.233518309884742,0.12648169011525798
21506,2025,0.277777778,0.233518309884742,0.044259468115257966
21507,2021,0.625,0.30706448228096894,0.31793551771903106
21507,2022,0.857142857,0.30706448228096894,0.5500783747190311
21507,2023,1.0,0.30706448228096894,0.6929355177190311
21507,2024,1.0,0.30706448228096894,0.6929355177190311
21507,2025,0.0,0.30706448228096894,-0.30706448228096894
21508,2021,0.85,0.4097875343005011,0.4402124656994989
21508,2022,0.88,0.4097875343005011,0.4702124656994989
21508,2023,0.906976744,0.4097875343005011,0.49718920969949887
21508,2024,0.34939759,0.4097875343005011,-0.0603899443005011
21508,2025,0.25974026,0.4097875343005011,-0.15004727430050108
21509,2021,0.764705882,0.38745114489100646,0.37725473710899354
21509,2022,0.8,0.38745114489100646,0.4125488551089936
21509,2023,0.972027972,0.38745114489100646,0.5845768271089935
21509,2024,0.592356688,0.38745114489100646,0.2049055431089935
21509,2025,0.278787879,0.38745114489100646,-0.10866326589100644
21510,2021,0.878787879,0.4400660778868919,0.4387218011131081
21510,2022,0.838709677,0.4400660778868919,0.3986435991131081
21510,2023,0.724137931,0.4400660778868919,0.2840718531131081
21510,2024,0.785714286,0.4400660778868919,0.34564820811310815
21510,2025,0.060606061,0.4400660778868919,-0.3794600168868919
21511,2021,0.989473684,0.4498440600889957,0.5396296239110043
21511,2022,0.987951807,0.4498440600889957,0.5381077469110043
21511,2023,0.882352941,0.4498440600889957,0.43250888091100426
21511,2024,0.933333333,0.4498440600889957,0.4834892729110043
21511,2025,0.23880597,0.4498440600889957,-0.21103809008899568
21601,2021,0.662857143,0.27630642172371495,0.38655072127628504
21601,2022,0.555555556,0.27630642172371495,0.279249134276285
21601,2023,0.394480519,0.27630642172371495,0.11817409727628503
21601,2024,0.133956386,0.27630642172371495,-0.14235003572371493
21601,2025,0.094684385,0.27630642172371495,-0.18162203672371496
21602,2021,0.58974359,0.2890103533998802,0.3007332366001198
21602,2022,0.105263158,0.2890103533998802,-0.1837471953998802
21602,2023,0.133333333,0.2890103533998802,-0.15567702039988018
21602,2024,0.066666667,0.2890103533998802,-0.22234368639988017
21602,2025,0.037037037,0.2890103533998802,-0.2519733163998802
21603,2021,0.169014085,0.35393924741275895,-0.18492516241275894
21603,2022,0.314285714,0.35393924741275895,-0.03965353341275896
21603,2023,0.170854271,0.35393924741275895,-0.18308497641275895
21603,2024,0.131147541,0.35393924741275895,-0.22279170641275894
21603,2025,0.111111111,0.35393924741275895,-0.24282813641275897
21604,2021,0.161290323,0.34351685345268346,-0.18222653045268344
21604,2022,0.12,0.34351685345268346,-0.22351685345268346
21604,2023,0.0625,0.34351685345268346,-0.28101685345268346
21604,2024,0.085365854,0.34351685345268346,-0.25815099945268344
21604,2025,0.158536585,0.34351685345268346,-0.18498026845268345
21701,2021,0.606060606,0.3070186441888554,0.2990419618111446
21701,2022,0.45,0.3070186441888554,0.14298135581114463
21701,2023,0.436781609,0.3070186441888554,0.12976296481114463
21701,2024,0.205555556,0.3070186441888554,-0.10146308818885538
21701,2025,0.227941176,0.3070186441888554,-0.07907746818885539
21702,2021,0.487804878,0.3240585432723923,0.1637463347276077
21702,2022,0.731343284,0.3240585432723923,0.40728474072760773
21702,2023,0.395209581,0.3240585432723923,0.07115103772760767
21702,2024,0.182857143,0.3240585432723923,-0.1412014002723923
21702,2025,0.170886076,0.3240585432723923,-0.1531724672723923
21703,2021,0.0,0.2938259154564492,-0.2938259154564492
21703,2022,0.0,0.2938259154564492,-0.2938259154564492
21703,2023,0.142857143,0.2938259154564492,-0.1509687724564492
21703,2024,0.076923077,0.2938259154564492,-0.2169028384564492
21703,2025,0.0,0.2938259154564492,-0.2938259154564492
21704,2021,0.666666667,0.36334620002039114,0.30332046697960885
21704,2022,1.0,0.36334620002039114,0.6366537999796089
21704,2023,0.857142857,0.36334620002039114,0.4937966569796089
21704,2024,0.076923077,0.36334620002039114,-0.28642312302039113
21704,2025,0.0,0.36334620002039114,-0.36334620002039114
21705,2021,0.75,0.4885839727690613,0.2614160272309387
21705,2022,0.333333333,0.4885839727690613,-0.15525063976906128
21705,2023,0.5,0.4885839727690613,0.011416027230938708
21705,2024,0.92,0.4885839727690613,0.43141602723093875
21705,2025,0.217391304,0.4885839727690613,-0.2711926687690613
21706,2021,0.0,0.2517417720602832,-0.2517417720602832
21706,2022,0.6,0.2517417720602832,0.3482582279397168
21706,2023,0.541666667,0.2517417720602832,0.2899248949397168
21706,2024,0.142857143,0.2517417720602832,-0.1088846290602832
21706,2025,0.0,0.2517417720602832,-0.2517417720602832
21707,2021,0.5,0.2735209893146707,0.22647901068532927
21707,2022,1.0,0.2735209893146707,0.7264790106853293
21707,2023,0.736842105,0.2735209893146707,0.4633211156853293
21707,2024,0.368421053,0.2735209893146707,0.09490006368532927
21707,2025,0.315789474,0.2735209893146707,0.04226848468532929
21708,2021,0.857142857,0.43291825740067924,0.4242245995993208
21708,2022,0.666666667,0.43291825740067924,0.23374840959932075
21708,2023,0.944444444,0.43291825740067924,0.5115261865993208
21708,2024,0.909090909,0.43291825740067924,0.47617265159932076
21708,2025,0.875,0.43291825740067924,0.44208174259932076
21709,2021,1.0,0.3620532514221216,0.6379467485778785
21709,2022,0.916666667,0.3620532514221216,0.5546134155778784
21709,2023,0.5,0.3620532514221216,0.13794674857787842
21709,2024,0.0,0.3620532514221216,-0.3620532514221216
21709,2025,0.0,0.3620532514221216,-0.3620532514221216
21710,2021,0.175,0.3757902803065815,-0.20079028030658153
21710,2022,0.166666667,0.3757902803065815,-0.20912361330658152
21710,2023,0.06741573,0.3757902803065815,-0.3083745503065815
21710,2024,0.081395349,0.3757902803065815,-0.2943949313065815
21710,2025,0.36,0.3757902803065815,-0.015790280306581528
21801,2021,0.282110757,0.17418423759248539,0.1079265194075146
21801,2022,0.305608546,0.17418423759248539,0.1314243084075146
21801,2023,0.245344507,0.17418423759248539,0.0711602694075146
21801,2024,0.157182194,0.17418423759248539,-0.01700204359248539
21801,2025,0.112567283,0.17418423759248539,-0.06161695459248538
21802,2021,0.471544715,0.2791055044034918,0.1924392105965082
21802,2022,0.327102804,0.2791055044034918,0.047997299596508225
21802,2023,0.2,0.2791055044034918,-0.07910550440349179
21802,2024,0.317647059,0.2791055044034918,0.03854155459650821
21802,2025,0.180645161,0.2791055044034918,-0.0984603434034918
21803,2021,0.051162791,0.17282366728498108,-0.12166087628498108
21803,2022,0.131578947,0.17282366728498108,-0.04124472028498108
21803,2023,0.049586777,0.17282366728498108,-0.12323689028498108
21803,2024,0.06888361,0.17282366728498108,-0.10394005728498108
21803,2025,0.025404157,0.17282366728498108,-0.14741951028498107
21804,2021,0.62,0.4623562466941006,0.15764375330589941
21804,2022,0.962962963,0.4623562466941006,0.5006067163058994
21804,2023,0.706422018,0.4623562466941006,0.24406577130589946
21804,2024,0.696078431,0.4623562466941006,0.23372218430589942
21804,2025,0.633333333,0.4623562466941006,0.17097708630589947
21805,2021,0.281081081,0.1866401853393251,0.0944408956606749
21805,2022,0.325688073,0.1866401853393251,0.1390478876606749
21805,2023,0.125295508,0.1866401853393251,-0.06134467733932511
21805,2024,0.035989717,0.1866401853393251,-0.1506504683393251
21805,2025,0.173913043,0.1866401853393251,-0.01272714233932512
21806,2021,0.376237624,0.13486754317484176,0.24137008082515823
21806,2022,0.349056604,0.13486754317484176,0.21418906082515823
21806,2023,0.203846154,0.13486754317484176,0.06897861082515824
21806,2024,0.107361963,0.13486754317484176,-0.027505580174841754
21806,2025,0.102167183,0.13486754317484176,-0.032700360174841764
21807,2021,1.0,0.12820293065537622,0.8717970693446238
21807,2022,0.676470588,0.12820293065537622,0.5482676573446238
21807,2023,0.378378378,0.12820293065537622,0.2501754473446238
21807,2024,0.141666667,0.12820293065537622,0.013463736344623778
21807,2025,0.097345133,0.12820293065537622,-0.030857797655376218
21808,2021,0.350917431,0.1443660067659573,0.2065514242340427
21808,2022,0.339759036,0.1443660067659573,0.19539302923404273
21808,2023,0.25664528,0.1443660067659573,0.11227927323404269
21808,2024,0.142566191,0.1443660067659573,-0.00179981576595728
21808,2025,0.133187773,0.1443660067659573,-0.01117823376595728
21809,2021,0.34587156,0.13865157677304407,0.20721998322695595
21809,2022,0.452,0.13865157677304407,0.31334842322695594
21809,2023,0.330818559,0.13865157677304407,0.19216698222695594
21809,2024,0.1925304,0.13865157677304407,0.05387882322695592
21809,2025,0.143343816,0.13865157677304407,0.004692239226955941
21901,2021,0.663716814,0.2521211450691196,0.41159566893088045
21901,2022,0.573033708,0.2521211450691196,0.3209125629308804
21901,2023,0.341346154,0.2521211450691196,0.08922500893088042
21901,2024,0.305555556,0.2521211450691196,0.053434410930880416
21901,2025,0.287878788,0.2521211450691196,0.03575764293088041
21902,2021,0.615384615,0.4192105183357596,0.19617409666424035
21902,2022,0.386363636,0.4192105183357596,-0.03284688233575961
21902,2023,0.357142857,0.4192105183357596,-0.06206766133575964
21902,2024,0.141025641,0.4192105183357596,-0.2781848773357596
21902,2025,0.357142857,0.4192105183357596,-0.06206766133575964
21903,2021,0.833333333,0.5195274005337955,0.3138059324662045
21903,2022,0.666666667,0.5195274005337955,0.14713926646620445
21903,2023,0.090909091,0.5195274005337955,-0.42861830953379554
21903,2024,0.1,0.5195274005337955,-0.41952740053379556
21903,2025,0.384615385,0.5195274005337955,-0.13491201553379556
21904,2021,0.517241379,0.31640694825615673,0.20083443074384327
21904,2022,0.464285714,0.31640694825615673,0.1478787657438433
21904,2023,0.272727273,0.31640694825615673,-0.043679675256156736
21904,2024,0.03125,0.31640694825615673,-0.28515694825615673
21904,2025,0.142857143,0.31640694825615673,-0.17354980525615674
21905,2021,0.266666667,0.305405661794633,-0.038738994794633
21905,2022,0.117647059,0.305405661794633,-0.18775860279463302
21905,2023,0.189189189,0.305405661794633,-0.11621647279463301
21905,2024,0.095238095,0.305405661794633,-0.21016756679463303
21905,2025,0.090909091,0.305405661794633,-0.21449657079463302
21906,2021,0.322033898,0.3125553756652384,0.009478522334761597
21906,2022,0.240506329,0.3125553756652384,-0.0720490466652384
21906,2023,0.35483871,0.3125553756652384,0.04228333433476161
21906,2024,0.086538462,0.3125553756652384,-0.2260169136652384
21906,2025,0.076923077,0.3125553756652384,-0.23563229866523838
21907,2021,0.425925926,0.28760677454521916,0.13831915145478085
21907,2022,0.380952381,0.28760677454521916,0.09334560645478085
21907,2023,0.28440367,0.28760677454521916,-0.0032031045452191598
21907,2024,0.333333333,0.28760677454521916,0.04572655845478085
21907,2025,0.356321839,0.28760677454521916,0.06871506445478082
21908,2021,0.2,0.32819628777104337,-0.12819628777104336
21908,2022,0.108695652,0.32819628777104337,-0.21950063577104337
21908,2023,0.053571429,0.32819628777104337,-0.27462485877104337
21908,2024,0.026666667,0.32819628777104337,-0.3015296207710434
21908,2025,0.072727273,0.32819628777104337,-0.2554690147710434
21909,2021,0.084337349,0.24073185658267118,-0.15639450758267118
21909,2022,0.125,0.24073185658267118,-0.11573185658267118
21909,2023,0.079497908,0.24073185658267118,-0.16123394858267118
21909,2024,0.048327138,0.24073185658267118,-0.1924047185826712
21909,2025,0.067264574,0.24073185658267118,-0.1734672825826712
21910,2021,0.137931034,0.3783718860104699,-0.24044085201046989
21910,2022,0.27027027,0.3783718860104699,-0.10810161601046991
21910,2023,0.272727273,0.3783718860104699,-0.1056446130104699
21910,2024,0.205882353,0.3783718860104699,-0.1724895330104699
21910,2025,0.068965517,0.3783718860104699,-0.3094063690104699
22001,2021,0.373088685,0.2565687689947725,0.11651991600522749
22001,2022,0.455128205,0.2565687689947725,0.19855943600522752
22001,2023,0.347394541,0.2565687689947725,0.09082577200522751
22001,2024,0.322139303,0.2565687689947725,0.0655705340052275
22001,2025,0.348238482,0.2565687689947725,0.09166971300522753
22002,2021,0.5,0.31472620366666354,0.18527379633333646
22002,2022,1.0,0.31472620366666354,0.6852737963333364
22002,2023,0.866666667,0.31472620366666354,0.5519404633333365
22002,2024,0.15,0.31472620366666354,-0.16472620366666355
22002,2025,0.272727273,0.31472620366666354,-0.04199893066666355
22003,2021,0.75,0.24589435712705798,0.504105642872942
22003,2022,0.556603774,0.24589435712705798,0.31070941687294207
22003,2023,0.404,0.24589435712705798,0.15810564287294204
22003,2024,0.168181818,0.24589435712705798,-0.07771253912705797
22003,2025,0.142045455,0.24589435712705798,-0.103848902127058
22004,2021,0.297297297,0.27104039062727475,0.026256906372725264
22004,2022,0.307692308,0.27104039062727475,0.03665191737272527
22004,2023,0.295454545,0.27104039062727475,0.02441415437272526
22004,2024,0.5,0.27104039062727475,0.22895960937272525
22004,2025,0.473684211,0.27104039062727475,0.20264382037272527
22005,2021,0.489655172,0.2625340356502365,0.22712113634976355
22005,2022,0.550898204,0.2625340356502365,0.2883641683497635
22005,2023,0.476091476,0.2625340356502365,0.21355744034976354
22005,2024,0.359281437,0.2625340356502365,0.0967474013497635
22005,2025,0.331848552,0.2625340356502365,0.06931451634976354
22006,2021,0.541666667,0.24814054493629698,0.293526122063703
22006,2022,0.787234043,0.24814054493629698,0.539093498063703
22006,2023,0.390977444,0.24814054493629698,0.14283689906370303
22006,2024,0.327868852,0.24814054493629698,0.07972830706370301
22006,2025,0.438202247,0.24814054493629698,0.19006170206370301
22007,2021,0.676470588,0.3073884047462429,0.36908218325375713
22007,2022,0.868421053,0.3073884047462429,0.5610326482537571
22007,2023,0.417475728,0.3073884047462429,0.11008732325375709
22007,2024,0.173469388,0.3073884047462429,-0.1339190167462429
22007,2025,0.085714286,0.3073884047462429,-0.2216741187462429
22008,2021,0.316666667,0.27468247519687905,0.04198419180312096
22008,2022,0.375,0.27468247519687905,0.10031752480312095
22008,2023,0.843575419,0.27468247519687905,0.5688929438031209
22008,2024,0.314285714,0.27468247519687905,0.039603238803120944
22008,2025,0.218934911,0.27468247519687905,-0.05574756419687904
30101,2021,0.247148289,0.27891550827815076,-0.031767219278150766
30101,2022,0.287162162,0.27891550827815076,0.00824665372184924
30101,2023,0.159622302,0.27891550827815076,-0.11929320627815077
30101,2024,0.224774775,0.27891550827815076,-0.05414073327815075
30101,2025,0.223887588,0.27891550827815076,-0.05502792027815076
30102,2021,0.851851852,0.32988993374001313,0.5219619182599868
30102,2022,0.928571429,0.32988993374001313,0.5986814952599868
30102,2023,0.819672131,0.32988993374001313,0.4897821972599869
30102,2024,0.690140845,0.32988993374001313,0.3602509112599868
30102,2025,0.676923077,0.32988993374001313,0.34703314325998685
30103,2021,0.6,0.27925084152765434,0.32074915847234564
30103,2022,0.625,0.27925084152765434,0.34574915847234566
30103,2023,0.463414634,0.27925084152765434,0.18416379247234566
30103,2024,0.25,0.27925084152765434,-0.029250841527654337
30103,2025,0.318181818,0.27925084152765434,0.03893097647234567
30104,2021,0.265780731,0.2334333283740972,0.0323474026259028
30104,2022,0.314655172,0.2334333283740972,0.08122184362590279
30104,2023,0.168654174,0.2334333283740972,-0.0647791543740972
30104,2024,0.074303406,0.2334333283740972,-0.15912992237409718
30104,2025,0.041237113,0.2334333283740972,-0.1921962153740972
30105,2021,0.566666667,0.36473210708971693,0.20193455991028308
30105,2022,0.5625,0.36473210708971693,0.19776789291028307
30105,2023,0.410714286,0.36473210708971693,0.045982178910283056
30105,2024,0.309278351,0.36473210708971693,-0.05545375608971692
30105,2025,0.146341463,0.36473210708971693,-0.21839064408971692
30106,2021,0.485714286,0.40054019886717734,0.08517408713282265
30106,2022,0.473684211,0.40054019886717734,0.07314401213282268
30106,2023,0.290909091,0.40054019886717734,-0.10963110786717734
30106,2024,0.260869565,0.40054019886717734,-0.13967063386717732
30106,2025,0.258064516,0.40054019886717734,-0.14247568286717732
30107,2021,0.5,0.19667593898807922,0.3033240610119208
30107,2022,0.418604651,0.19667593898807922,0.22192871201192077
30107,2023,0.297297297,0.19667593898807922,0.10062135801192079
30107,2024,0.272727273,0.19667593898807922,0.07605133401192077
30107,2025,0.453125,0.19667593898807922,0.2564490610119208
30108,2021,0.37037037,0.23442337126970073,0.13594699873029928
30108,2022,0.342105263,0.23442337126970073,0.10768189173029927
30108,2023,0.169014085,0.23442337126970073,-0.06540928626970072
30108,2024,0.103448276,0.23442337126970073,-0.13097509526970072
30108,2025,0.024390244,0.23442337126970073,-0.21003312726970072
30109,2021,0.369458128,0.2865838582115732,0.08287426978842682
30109,2022,0.324324324,0.2865838582115732,0.037740465788426825
30109,2023,0.230593607,0.2865838582115732,-0.05599025121157317
30109,2024,0.127962085,0.2865838582115732,-0.15862177321157317
30109,2025,0.13022113,0.2865838582115732,-0.15636272821157318
30201,2021,0.198824682,0.25162551033976976,-0.05280082833976976
30201,2022,0.258297258,0.25162551033976976,0.0066717476602302095
30201,2023,0.19665272,0.25162551033976976,-0.05497279033976976
30201,2024,0.175324675,0.25162551033976976,-0.07630083533976975
30201,2025,0.10558531,0.25162551033976976,-0.14604020033976978
30202,2021,0.378947368,0.2995325110809361,0.07941485691906391
30202,2022,0.192857143,0.2995325110809361,-0.10667536808093608
30202,2023,0.15,0.2995325110809361,-0.1495325110809361
30202,2024,0.094527363,0.2995325110809361,-0.2050051480809361
30202,2025,0.142857143,0.2995325110809361,-0.1566753680809361
30203,2021,0.333333333,0.2576162458401978,0.07571708715980219
30203,2022,0.1875,0.2576162458401978,-0.07011624584019782
30203,2023,0.225,0.2576162458401978,-0.032616245840197816
30203,2024,0.108108108,0.2576162458401978,-0.14950813784019784
30203,2025,0.037037037,0.2576162458401978,-0.22057920884019783
30204,2021,0.24742268,0.26617293126880665,-0.01875025126880664
30204,2022,0.254716981,0.26617293126880665,-0.011455950268806636
30204,2023,0.2,0.26617293126880665,-0.06617293126880663
30204,2024,0.148148148,0.26617293126880665,-0.11802478326880664
30204,2025,0.141732283,0.26617293126880665,-0.12444064826880666
30205,2021,0.166666667,0.22404940911067495,-0.057382742110674956
30205,2022,0.37704918,0.22404940911067495,0.15299977088932504
30205,2023,0.1875,0.22404940911067495,-0.036549409110674946
30205,2024,0.074324324,0.22404940911067495,-0.14972508511067495
30205,2025,0.086538462,0.22404940911067495,-0.13751094711067496
30206,2021,0.25,0.21032611041104993,0.03967388958895007
30206,2022,0.222222222,0.21032611041104993,0.01189611158895007
30206,2023,0.111111111,0.21032611041104993,-0.09921499941104993
30206,2024,0.181818182,0.21032611041104993,-0.028507928411049932
30206,2025,0.2,0.21032611041104993,-0.010326110411049916
30207,2021,0.577639752,0.31227010747123013,0.2653696445287698
30207,2022,0.705202312,0.31227010747123013,0.3929322045287699
30207,2023,0.575539568,0.31227010747123013,0.2632694605287698
30207,2024,0.398467433,0.31227010747123013,0.08619732552876985
30207,2025,0.446808511,0.31227010747123013,0.1345384035287699
30208,2021,0.109756098,0.21377671391681802,-0.10402061591681802
30208,2022,0.254545455,0.21377671391681802,0.04076874108318196
30208,2023,0.076190476,0.21377671391681802,-0.137586237916818
30208,2024,0.079545455,0.21377671391681802,-0.13423125891681803
30208,2025,0.056338028,0.21377671391681802,-0.15743868591681803
30209,2021,0.226027397,0.2777242635296314,-0.05169686652963143
30209,2022,0.305084746,0.2777242635296314,0.027360482470368597
30209,2023,0.148,0.2777242635296314,-0.12972426352963143
30209,2024,0.068181818,0.2777242635296314,-0.20954244552963142
30209,2025,0.055555556,0.2777242635296314,-0.22216870752963142
30210,2021,0.269230769,0.25723034699138125,0.012000422008618727
30210,2022,0.459459459,0.25723034699138125,0.20222911200861876
30210,2023,0.239583333,0.25723034699138125,-0.017647013991381244
30210,2024,0.192771084,0.25723034699138125,-0.06445926299138124
30210,2025,0.144578313,0.25723034699138125,-0.11265203399138124
30211,2021,0.307692308,0.20431246041892426,0.10337984758107577
30211,2022,0.3,0.20431246041892426,0.09568753958107573
30211,2023,0.25,0.20431246041892426,0.04568753958107574
30211,2024,0.166666667,0.20431246041892426,-0.03764579341892427
30211,2025,0.0,0.20431246041892426,-0.20431246041892426
30212,2021,0.098360656,0.33782831189527257,-0.23946765589527258
30212,2022,0.144736842,0.33782831189527257,-0.19309146989527257
30212,2023,0.123287671,0.33782831189527257,-0.21454064089527258
30212,2024,0.130434783,0.33782831189527257,-0.20739352889527257
30212,2025,0.025974026,0.33782831189527257,-0.3118542858952726
30213,2021,0.686486486,0.2682363448702402,0.4182501411297598
30213,2022,0.494845361,0.2682363448702402,0.2266090161297598
30213,2023,0.129506008,0.2682363448702402,-0.13873033687024017
30213,2024,0.12745098,0.2682363448702402,-0.14078536487024018
30213,2025,0.064705882,0.2682363448702402,-0.20353046287024018
30214,2021,0.24,0.3809267741051916,-0.1409267741051916
30214,2022,0.318181818,0.3809267741051916,-0.0627449561051916
30214,2023,0.278688525,0.3809267741051916,-0.10223824910519158
30214,2024,0.032258065,0.3809267741051916,-0.3486687091051916
30214,2025,0.015151515,0.3809267741051916,-0.3657752591051916
30215,2021,0.345679012,0.27865879805283406,0.06702021394716595
30215,2022,0.393382353,0.27865879805283406,0.11472355494716596
30215,2023,0.190625,0.27865879805283406,-0.08803379805283407
30215,2024,0.097472924,0.27865879805283406,-0.18118587405283404
30215,2025,0.112612613,0.27865879805283406,-0.16604618505283406
30216,2021,0.243589744,0.247826080174881,-0.004236336174881006
30216,2022,0.271428571,0.247826080174881,0.023602490825119005
30216,2023,0.230769231,0.247826080174881,-0.01705684917488101
30216,2024,0.166172107,0.247826080174881,-0.08165397317488099
30216,2025,0.173643411,0.247826080174881,-0.074182669174881
30217,2021,0.285714286,0.245367035603449,0.04034725039655099
30217,2022,0.352941176,0.245367035603449,0.10757414039655103
30217,2023,0.034482759,0.245367035603449,-0.210884276603449
30217,2024,0.081967213,0.245367035603449,-0.16339982260344899
30217,2025,0.03030303,0.245367035603449,-0.215064005603449
30218,2021,0.11827957,0.2669235362185884,-0.14864396621858839
30218,2022,0.333333333,0.2669235362185884,0.06640979678141162
30218,2023,0.055555556,0.2669235362185884,-0.21136798021858838
30218,2024,0.009259259,0.2669235362185884,-0.25766427721858837
30218,2025,0.012048193,0.2669235362185884,-0.2548753432185884
30219,2021,0.444444444,0.2897311247725809,0.1547133192274191
30219,2022,0.066666667,0.2897311247725809,-0.22306445777258088
30219,2023,0.032258065,0.2897311247725809,-0.2574730597725809
30219,2024,0.076923077,0.2897311247725809,-0.2128080477725809
30219,2025,0.12,0.2897311247725809,-0.1697311247725809
30220,2021,0.5,0.25360375209256447,0.24639624790743553
30220,2022,0.455882353,0.25360375209256447,0.20227860090743555
30220,2023,0.258333333,0.25360375209256447,0.004729580907435527
30220,2024,0.116883117,0.25360375209256447,-0.1367206350925645
30220,2025,0.114130435,0.25360375209256447,-0.13947331709256447
30301,2021,0.615384615,0.32380181053219625,0.2915828044678037
30301,2022,0.529411765,0.32380181053219625,0.20560995446780372
30301,2023,0.438202247,0.32380181053219625,0.11440043646780373
30301,2024,0.222222222,0.32380181053219625,-0.10157958853219626
30301,2025,0.086419753,0.32380181053219625,-0.23738205753219627
30302,2021,0.0,0.29482757231853896,-0.29482757231853896
30302,2023,0.0,0.29482757231853896,-0.29482757231853896
30302,2024,0.117647059,0.29482757231853896,-0.17718051331853896
30302,2025,0.05,0.29482757231853896,-0.24482757231853897
30303,2021,1.0,0.24633778752402072,0.7536622124759793
30303,2022,0.333333333,0.24633778752402072,0.08699554547597929
30303,2023,0.205882353,0.24633778752402072,-0.04045543452402073
30303,2024,0.227272727,0.24633778752402072,-0.01906506052402071
30303,2025,0.142857143,0.24633778752402072,-0.10348064452402073
30304,2022,0.6,0.36408065357351643,0.23591934642648354
30304,2023,0.205882353,0.36408065357351643,-0.15819830057351644
30304,2024,0.111111111,0.36408065357351643,-0.25296954257351645
30304,2025,0.043478261,0.36408065357351643,-0.3206023925735164
30305,2021,0.083333333,0.2453487498686416,-0.16201541686864163
30305,2022,0.0,0.2453487498686416,-0.2453487498686416
30305,2023,0.216216216,0.2453487498686416,-0.02913253386864162
30305,2024,0.180851064,0.2453487498686416,-0.0644976858686416
30305,2025,0.208333333,0.2453487498686416,-0.0370154168686416
30306,2022,0.0,0.31595937295865983,-0.31595937295865983
30306,2023,0.555555556,0.31595937295865983,0.23959618304134012
30306,2024,0.733333333,0.31595937295865983,0.4173739600413402
30306,2025,0.45,0.31595937295865983,0.13404062704134018
30307,2021,0.0,0.3887894144650044,-0.3887894144650044
30307,2022,0.047619048,0.3887894144650044,-0.3411703664650044
30307,2023,0.083333333,0.3887894144650044,-0.3054560814650044
30307,2024,0.235294118,0.3887894144650044,-0.15349529646500443
30307,2025,0.068965517,0.3887894144650044,-0.3198238974650044
30401,2021,0.261904762,0.29133210168640516,-0.029427339686405152
30401,2022,0.296296296,0.29133210168640516,0.00496419431359485
30401,2023,0.297142857,0.29133210168640516,0.0058107553135948176
30401,2024,0.195402299,0.29133210168640516,-0.09592980268640516
30401,2025,0.288732394,0.29133210168640516,-0.0025997076864051616
30402,2021,0.714285714,0.3498389746324868,0.36444673936751315
30402,2022,0.857142857,0.3498389746324868,0.5073038823675132
30402,2023,0.304347826,0.3498389746324868,-0.04549114863248682
30402,2024,0.090909091,0.3498389746324868,-0.2589298836324868
30402,2025,0.052631579,0.3498389746324868,-0.2972073956324868
30403,2021,0.111111111,0.32658835816260096,-0.21547724716260097
30403,2022,0.375,0.32658835816260096,0.048411641837399044
30403,2023,0.111111111,0.32658835816260096,-0.21547724716260097
30403,2024,0.038461538,0.32658835816260096,-0.28812682016260094
30403,2025,0.2,0.32658835816260096,-0.12658835816260094
30404,2021,0.588235294,0.26471392506235436,0.3235213689376456
30404,2022,0.533333333,0.26471392506235436,0.2686194079376456
30404,2023,0.456790123,0.26471392506235436,0.19207619793764563
30404,2024,0.426470588,0.26471392506235436,0.16175666293764562
30404,2025,0.491803279,0.26471392506235436,0.22708935393764562
30405,2021,0.0,0.20161675555264053,-0.20161675555264053
30405,2022,0.142857143,0.20161675555264053,-0.05875961255264053
30405,2023,0.176470588,0.20161675555264053,-0.025146167552640514
30405,2024,0.0,0.20161675555264053,-0.20161675555264053
30405,2025,0.0,0.20161675555264053,-0.20161675555264053
30406,2021,0.173913043,0.411649449726144,-0.237736406726144
30406,2022,0.21875,0.411649449726144,-0.19289944972614398
30406,2023,0.107142857,0.411649449726144,-0.304506592726144
30406,2024,0.047244094,0.411649449726144,-0.36440535572614396
30406,2025,0.097345133,0.411649449726144,-0.314304316726144
30407,2021,0.0,0.35224243783482817,-0.35224243783482817
30407,2022,0.0,0.35224243783482817,-0.35224243783482817
30407,2023,0.111111111,0.35224243783482817,-0.24113132683482819
30407,2024,0.0,0.35224243783482817,-0.35224243783482817
30407,2025,0.2,0.35224243783482817,-0.15224243783482816
30408,2021,0.4,0.343705111958572,0.056294888041428015
30408,2022,0.0,0.343705111958572,-0.343705111958572
30408,2023,0.263157895,0.343705111958572,-0.08054721695857203
30408,2024,0.238095238,0.343705111958572,-0.10560987395857202
30408,2025,0.0,0.343705111958572,-0.343705111958572
30409,2021,0.133333333,0.23774106457552138,-0.10440773157552138
30409,2022,0.2,0.23774106457552138,-0.03774106457552137
30409,2023,0.0,0.23774106457552138,-0.23774106457552138
30409,2024,0.066666667,0.23774106457552138,-0.1710743975755214
30409,2025,0.038461538,0.23774106457552138,-0.1992795265755214
30410,2021,0.857142857,0.2882574525535792,0.5688854044464209
30410,2022,0.0,0.2882574525535792,-0.2882574525535792
30410,2023,0.090909091,0.2882574525535792,-0.1973483615535792
30410,2024,0.095238095,0.2882574525535792,-0.1930193575535792
30410,2025,0.178571429,0.2882574525535792,-0.1096860235535792
30411,2021,0.166666667,0.3003861204493379,-0.1337194534493379
30411,2022,0.4,0.3003861204493379,0.09961387955066214
30411,2023,0.095238095,0.3003861204493379,-0.20514802544933788
30411,2024,0.157894737,0.3003861204493379,-0.14249138344933787
30411,2025,0.058823529,0.3003861204493379,-0.2415625914493379
30412,2021,0.0,0.22826571919903108,-0.22826571919903108
30412,2022,0.25,0.22826571919903108,0.021734280800968925
30412,2023,0.28,0.22826571919903108,0.05173428080096895
30412,2024,0.272727273,0.22826571919903108,0.04446155380096892
30412,2025,0.125,0.22826571919903108,-0.10326571919903108
30413,2021,0.0,0.24937137354381847,-0.24937137354381847
30413,2022,0.0,0.24937137354381847,-0.24937137354381847
30413,2023,0.0,0.24937137354381847,-0.24937137354381847
30413,2024,0.0,0.24937137354381847,-0.24937137354381847
30413,2025,0.0625,0.24937137354381847,-0.18687137354381847
30414,2021,0.461538462,0.24135933636387558,0.2201791256361244
30414,2022,0.434782609,0.24135933636387558,0.1934232726361244
30414,2023,0.256097561,0.24135933636387558,0.014738224636124397
30414,2024,0.117647059,0.24135933636387558,-0.12371227736387558
30414,2025,0.166666667,0.24135933636387558,-0.07469266936387559
30415,2021,0.263157895,0.2338606314746472,0.02929726352535278
30415,2022,0.095238095,0.2338606314746472,-0.1386225364746472
30415,2023,0.092592593,0.2338606314746472,-0.1412680384746472
30415,2024,0.039215686,0.2338606314746472,-0.1946449454746472
30415,2025,0.065217391,0.2338606314746472,-0.16864324047464718
30416,2021,0.3,0.2985880450402273,0.0014119549597726988
30416,2022,0.25,0.2985880450402273,-0.04858804504022729
30416,2023,0.176470588,0.2985880450402273,-0.12211745704022728
30416,2024,0.088235294,0.2985880450402273,-0.21035275104022727
30416,2025,0.0,0.2985880450402273,-0.2985880450402273
30417,2021,0.666666667,0.22184725708177944,0.44481940991822055
30417,2022,0.166666667,0.22184725708177944,-0.055180590081779446
30417,2023,0.125,0.22184725708177944,-0.09684725708177944
30417,2024,0.133333333,0.22184725708177944,-0.08851392408177944
30417,2025,0.291666667,0.22184725708177944,0.06981940991822055
30501,2021,0.790909091,0.24526861866489613,0.5456404723351038
30501,2022,0.257383966,0.24526861866489613,0.012115347335103888
30501,2023,0.235483871,0.24526861866489613,-0.00978474766489612
30501,2024,0.119626168,0.24526861866489613,-0.12564245066489613
30501,2025,0.128309572,0.24526861866489613,-0.11695904666489612
30502,2021,0.274193548,0.3347376184276798,-0.060544070427679786
30502,2022,0.272727273,0.3347376184276798,-0.0620103454276798
30502,2023,0.19379845,0.3347376184276798,-0.14093916842767978
30502,2024,0.082644628,0.3347376184276798,-0.2520929904276798
30502,2025,0.066666667,0.3347376184276798,-0.2680709514276798
30503,2021,0.163265306,0.28448039377612444,-0.12121508777612444
30503,2022,0.248120301,0.28448039377612444,-0.03636009277612445
30503,2023,0.146929825,0.28448039377612444,-0.13755056877612445
30503,2024,0.072639225,0.28448039377612444,-0.21184116877612444
30503,2025,0.091690544,0.28448039377612444,-0.19278984977612446
30504,2021,0.546153846,0.27594945134950954,0.2702043946504905
30504,2022,0.382352941,0.27594945134950954,0.10640348965049046
30504,2023,0.343065693,0.27594945134950954,0.06711624165049046
30504,2024,0.119402985,0.27594945134950954,-0.15654646634950953
30504,2025,0.111111111,0.27594945134950954,-0.16483834034950956
30505,2021,0.393063584,0.3461386232719851,0.04692496072801494
30505,2022,0.6,0.3461386232719851,0.2538613767280149
30505,2023,0.429864253,0.3461386232719851,0.0837256297280149
30505,2024,0.147058824,0.3461386232719851,-0.19907979927198508
30505,2025,0.104761905,0.3461386232719851,-0.2413767182719851
30506,2021,0.355555556,0.3201098405838128,0.035445715416187185
30506,2022,0.577092511,0.3201098405838128,0.2569826704161872
30506,2023,0.369276219,0.3201098405838128,0.049166378416187206
30506,2024,0.061196106,0.3201098405838128,-0.25891373458381284
30506,2025,0.078651685,0.3201098405838128,-0.2414581555838128
30601,2021,0.411764706,0.2578389882594823,0.15392571774051766
30601,2022,0.38028169,0.2578389882594823,0.12244270174051769
30601,2023,0.236842105,0.2578389882594823,-0.02099688325948232
30601,2024,0.130208333,0.2578389882594823,-0.1276306552594823
30601,2025,0.212121212,0.2578389882594823,-0.04571777625948231
30602,2021,0.367021277,0.2913619707703802,0.0756593062296198
30602,2022,0.315068493,0.2913619707703802,0.02370652222961983
30602,2023,0.201923077,0.2913619707703802,-0.08943889377038017
30602,2024,0.168618267,0.2913619707703802,-0.12274370377038019
30602,2025,0.163538874,0.2913619707703802,-0.12782309677038017
30603,2021,0.322580645,0.26947077392681595,0.053109871073184045
30603,2022,0.259259259,0.26947077392681595,-0.010211514926815934
30603,2023,0.046511628,0.26947077392681595,-0.22295914592681595
30603,2024,0.142857143,0.26947077392681595,-0.12661363092681596
30603,2025,0.132075472,0.26947077392681595,-0.13739530192681595
30604,2021,0.32173913,0.3816093539160829,-0.05987022391608293
30604,2022,0.403846154,0.3816093539160829,0.022236800083917097
30604,2023,0.334645669,0.3816093539160829,-0.04696368491608294
30604,2024,0.134146341,0.3816093539160829,-0.24746301291608291
30604,2025,0.098484848,0.3816093539160829,-0.2831245059160829
30605,2021,0.364864865,0.33733461303193735,0.027530251968062636
30605,2022,0.462962963,0.33733461303193735,0.12562834996806266
30605,2023,0.174545455,0.33733461303193735,-0.16278915803193736
30605,2024,0.083333333,0.33733461303193735,-0.25400128003193734
30605,2025,0.060869565,0.33733461303193735,-0.27646504803193733
30606,2021,0.018181818,0.2184630546399324,-0.20028123663993241
30606,2022,0.06557377,0.2184630546399324,-0.1528892846399324
30606,2023,0.176470588,0.2184630546399324,-0.04199246663993239
30606,2024,0.071428571,0.2184630546399324,-0.1470344836399324
30606,2025,0.186666667,0.2184630546399324,-0.031796387639932394
30607,2021,0.533333333,0.2739848853806728,0.2593484476193272
30607,2022,0.5,0.2739848853806728,0.22601511461932722
30607,2023,0.358024691,0.2739848853806728,0.08403980561932722
30607,2024,0.306666667,0.2739848853806728,0.03268178161932722
30607,2025,0.383333333,0.2739848853806728,0.10934844761932722
30608,2021,0.483870968,0.2904016080747588,0.19346935992524122
30608,2022,0.485714286,0.2904016080747588,0.1953126779252412
30608,2023,0.342857143,0.2904016080747588,0.05245553492524119
30608,2024,0.23943662,0.2904016080747588,-0.0509649880747588
30608,2025,0.204545455,0.2904016080747588,-0.0858561530747588
30609,2021,0.483870968,0.3352897508227931,0.1485812171772069
30609,2022,0.441176471,0.3352897508227931,0.1058867201772069
30609,2023,0.383561644,0.3352897508227931,0.04827189317720687
30609,2024,0.23015873,0.3352897508227931,-0.1051310208227931
30609,2025,0.192982456,0.3352897508227931,-0.1423072948227931
30610,2021,0.12,0.29502481046323775,-0.17502481046323776
30610,2022,0.333333333,0.29502481046323775,0.03830852253676226
30610,2023,0.114285714,0.29502481046323775,-0.18073909646323777
30610,2024,0.060606061,0.29502481046323775,-0.23441874946323776
30610,2025,0.070175439,0.29502481046323775,-0.22484937146323775
30611,2021,0.054545455,0.22263089537434744,-0.16808544037434744
30611,2022,0.1,0.22263089537434744,-0.12263089537434743
30611,2023,0.169811321,0.22263089537434744,-0.05281957437434745
30611,2024,0.061538462,0.22263089537434744,-0.16109243337434742
30611,2025,0.022222222,0.22263089537434744,-0.20040867337434742
30612,2024,0.666666667,0.2072194777419016,0.45944718925809835
30612,2025,0.695652174,0.2072194777419016,0.4884326962580984
30701,2021,0.238709677,0.2629949517584409,-0.02428527475844089
30701,2022,0.166666667,0.2629949517584409,-0.09632828475844091
30701,2023,0.19047619,0.2629949517584409,-0.07251876175844091
30701,2024,0.188405797,0.2629949517584409,-0.07458915475844088
30701,2025,0.137096774,0.2629949517584409,-0.1258981777584409
30702,2021,0.35,0.30802824076093877,0.04197175923906121
30702,2022,0.4,0.30802824076093877,0.09197175923906126
30702,2023,0.235294118,0.30802824076093877,-0.07273412276093877
30702,2024,0.333333333,0.30802824076093877,0.025305092239061244
30702,2025,0.431818182,0.30802824076093877,0.12378994123906123
30703,2021,0.6,0.3389910062370743,0.2610089937629257
30703,2022,0.473684211,0.3389910062370743,0.13469320476292573
30703,2023,0.430379747,0.3389910062370743,0.09138874076292569
30703,2024,0.297297297,0.3389910062370743,-0.04169370923707427
30703,2025,0.275862069,0.3389910062370743,-0.0631289372370743
30704,2021,0.4,0.236393230713204,0.16360676928679602
30704,2022,1.0,0.236393230713204,0.763606769286796
30704,2023,0.0,0.236393230713204,-0.236393230713204
30704,2024,0.129032258,0.236393230713204,-0.107360972713204
30704,2025,0.214285714,0.236393230713204,-0.022107516713204017
30705,2021,0.0,0.2542903171108473,-0.2542903171108473
30705,2022,1.0,0.2542903171108473,0.7457096828891527
30705,2023,0.411764706,0.2542903171108473,0.15747438888915266
30705,2024,0.214285714,0.2542903171108473,-0.04000460311084733
30705,2025,0.1,0.2542903171108473,-0.1542903171108473
30706,2021,0.384615385,0.3214146857051563,0.06320069929484368
30706,2022,0.375,0.3214146857051563,0.0535853142948437
30706,2023,0.210526316,0.3214146857051563,-0.11088836970515631
30706,2024,0.333333333,0.3214146857051563,0.01191864729484371
30706,2025,0.157894737,0.3214146857051563,-0.1635199487051563
30707,2021,0.611111111,0.3833451097709055,0.22776600122909452
30707,2022,0.928571429,0.3833451097709055,0.5452263192290945
30707,2023,0.36,0.3833451097709055,-0.023345109770905537
30707,2024,0.423076923,0.3833451097709055,0.03973181322909447
30707,2025,0.263157895,0.3833451097709055,-0.12018721477090555
30708,2021,0.529411765,0.32615604449256125,0.20325572050743873
30708,2022,0.5625,0.32615604449256125,0.23634395550743875
30708,2023,0.48,0.32615604449256125,0.15384395550743873
30708,2024,0.128654971,0.32615604449256125,-0.19750107349256124
30708,2025,0.178807947,0.32615604449256125,-0.14734809749256125
30709,2021,0.166666667,0.2934619847469679,-0.1267953177469679
30709,2022,0.0,0.2934619847469679,-0.2934619847469679
30709,2023,0.2,0.2934619847469679,-0.09346198474696787
30709,2024,0.333333333,0.2934619847469679,0.039871348253032124
30709,2025,0.166666667,0.2934619847469679,-0.1267953177469679
30710,2021,0.333333333,0.2985698566289397,0.03476347637106031
30710,2022,0.714285714,0.2985698566289397,0.41571585737106026
30710,2023,0.5,0.2985698566289397,0.2014301433710603
30710,2024,0.157894737,0.2985698566289397,-0.1406751196289397
30710,2025,0.133333333,0.2985698566289397,-0.1652365236289397
30711,2023,0.0,0.27160295119232736,-0.27160295119232736
30711,2024,0.0,0.27160295119232736,-0.27160295119232736
30711,2025,0.0,0.27160295119232736,-0.27160295119232736
30712,2021,0.318181818,0.26868011141430204,0.04950170658569797
30712,2022,0.344827586,0.26868011141430204,0.07614747458569798
30712,2023,0.234042553,0.26868011141430204,-0.03463755841430205
30712,2024,0.173913043,0.26868011141430204,-0.09476706841430205
30712,2025,0.148148148,0.26868011141430204,-0.12053196341430203
30713,2021,0.583333333,0.38575103201533806,0.19758230098466195
30713,2022,0.727272727,0.38575103201533806,0.34152169498466195
30713,2023,0.357142857,0.38575103201533806,-0.028608175015338078
30713,2024,0.05,0.38575103201533806,-0.33575103201533807
30713,2025,0.05,0.38575103201533806,-0.33575103201533807
30714,2021,0.32,0.3533254147167927,-0.03332541471679268
30714,2022,0.368421053,0.3533254147167927,0.015095638283207313
30714,2023,0.235294118,0.3533254147167927,-0.11803129671679269
30714,2024,0.0,0.3533254147167927,-0.3533254147167927
30714,2025,0.068965517,0.3533254147167927,-0.2843598977167927
40101,2021,0.233333333,0.253469149012961,-0.020135816012961022
40101,2022,0.388888889,0.253469149012961,0.135419739987039
40101,2023,0.413333333,0.253469149012961,0.159864183987039
40101,2024,0.325301205,0.253469149012961,0.07183205598703896
40101,2025,0.377358491,0.253469149012961,0.12388934198703899
40102,2021,0.255757576,0.2850603900317057,-0.029302814031705704
40102,2022,0.251596424,0.2850603900317057,-0.033463966031705705
40102,2023,0.258679374,0.2850603900317057,-0.026381016031705673
40102,2024,0.208852006,0.2850603900317057,-0.07620838403170568
40102,2025,0.097929936,0.2850603900317057,-0.1871304540317057
40103,2021,0.291709314,0.2719279526285766,0.01978136137142339
40103,2022,0.298288509,0.2719279526285766,0.02636055637142337
40103,2023,0.252625438,0.2719279526285766,-0.019302514628576628
40103,2024,0.265164645,0.2719279526285766,-0.006763307628576631
40103,2025,0.202605863,0.2719279526285766,-0.06932208962857661
40104,2021,0.315629742,0.2629583644307948,0.0526713775692052
40104,2022,0.320619785,0.2629583644307948,0.0576614205692052
40104,2023,0.253157122,0.2629583644307948,-0.009801242430794777
40104,2024,0.284345048,0.2629583644307948,0.0213866835692052
40104,2025,0.278477218,0.2629583644307948,0.015518853569205238
40105,2021,0.355704698,0.2719755805679795,0.0837291174320205
40105,2022,0.364705882,0.2719755805679795,0.09273030143202049
40105,2023,0.272131148,0.2719755805679795,0.00015556743202049805
40105,2024,0.247678019,0.2719755805679795,-0.024297561567979492
40105,2025,0.2,0.2719755805679795,-0.07197558056797948
40106,2021,0.43902439,0.27747605445042384,0.16154833554957615
40106,2022,0.552631579,0.27747605445042384,0.2751555245495762
40106,2023,0.567567568,0.27747605445042384,0.29009151354957613
40106,2024,0.472527473,0.27747605445042384,0.19505141854957614
40106,2025,0.340909091,0.27747605445042384,0.06343303654957616
40107,2021,0.286163522,0.23583313209887707,0.05033038990112293
40107,2022,0.205298013,0.23583313209887707,-0.030535119098877073
40107,2023,0.195361285,0.23583313209887707,-0.04047184709887708
40107,2024,0.265381084,0.23583313209887707,0.029547951901122915
40107,2025,0.215932914,0.23583313209887707,-0.01990021809887707
40108,2021,0.160649819,0.2674870303284958,-0.1068372113284958
40108,2022,0.18202765,0.2674870303284958,-0.08545938032849579
40108,2023,0.125545852,0.2674870303284958,-0.1419411783284958
40108,2024,0.209543568,0.2674870303284958,-0.05794346232849579
40108,2025,0.25,0.2674870303284958,-0.0174870303284958
40109,2021,0.238450075,0.26163992119922863,-0.02318984619922862
40109,2022,0.228243021,0.26163992119922863,-0.03339690019922864
40109,2023,0.189208129,0.26163992119922863,-0.07243179219922863
40109,2024,0.22877193,0.26163992119922863,-0.03286799119922862
40109,2025,0.28021555,0.26163992119922863,0.01857562880077135
40110,2021,0.207407407,0.2717353337407419,-0.06432792674074189
40110,2022,0.318295739,0.2717353337407419,0.04656040525925814
40110,2023,0.201323251,0.2717353337407419,-0.07041208274074187
40110,2024,0.246975806,0.2717353337407419,-0.024759527740741888
40110,2025,0.212837838,0.2717353337407419,-0.05889749574074188
40111,2021,0.4,0.23857700834194573,0.1614229916580543
40111,2022,0.54,0.23857700834194573,0.3014229916580543
40111,2023,0.375,0.23857700834194573,0.13642299165805427
40111,2024,0.412162162,0.23857700834194573,0.17358515365805427
40111,2025,0.226027397,0.23857700834194573,-0.012549611341945738
40112,2021,0.301167315,0.2818050780613996,0.019362236938600397
40112,2022,0.270491803,0.2818050780613996,-0.01131327506139962
40112,2023,0.244331509,0.2818050780613996,-0.03747356906139959
40112,2024,0.26674277,0.2818050780613996,-0.015062308061399576
40112,2025,0.282815735,0.2818050780613996,0.0010106569386004183
40113,2021,0.166666667,0.3421118246657778,-0.17544515766577778
40113,2022,0.0,0.3421118246657778,-0.3421118246657778
40113,2023,0.0,0.3421118246657778,-0.3421118246657778
40113,2024,0.0,0.3421118246657778,-0.3421118246657778
40113,2025,0.111111111,0.3421118246657778,-0.2310007136657778
40114,2021,0.916666667,0.44700933201057236,0.46965733498942763
40114,2022,0.8,0.44700933201057236,0.3529906679894277
40114,2023,0.318181818,0.44700933201057236,-0.12882751401057235
40114,2024,0.210526316,0.44700933201057236,-0.23648301601057237
40114,2025,0.1,0.44700933201057236,-0.3470093320105724
40115,2021,0.394736842,0.23708607037422558,0.1576507716257744
40115,2022,0.529411765,0.23708607037422558,0.2923256946257744
40115,2023,0.4,0.23708607037422558,0.16291392962577445
40115,2024,0.558441558,0.23708607037422558,0.32135548762577437
40115,2025,0.396825397,0.23708607037422558,0.15973932662577445
40116,2021,0.150537634,0.29747331450596665,-0.14693568050596664
40116,2022,0.106060606,0.29747331450596665,-0.19141270850596664
40116,2023,0.109589041,0.29747331450596665,-0.18788427350596665
40116,2024,0.257575758,0.29747331450596665,-0.03989755650596666
40116,2025,0.360655738,0.29747331450596665,0.06318242349403336
40117,2021,0.328947368,0.2399739179228143,0.08897345007718571
40117,2022,0.40952381,0.2399739179228143,0.16954989207718568
40117,2023,0.291560102,0.2399739179228143,0.05158618407718568
40117,2024,0.344117647,0.2399739179228143,0.10414372907718572
40117,2025,0.341040462,0.2399739179228143,0.10106654407718568
40118,2022,0.0,0.213348430269185,-0.213348430269185
40118,2023,0.384615385,0.213348430269185,0.17126695473081496
40118,2024,0.117647059,0.213348430269185,-0.09570137126918501
40118,2025,0.2,0.213348430269185,-0.013348430269185002
40119,2021,0.5,0.3925013291745926,0.10749867082540743
40119,2022,0.666666667,0.3925013291745926,0.2741653378254074
40119,2023,0.75,0.3925013291745926,0.3574986708254074
40119,2024,0.384615385,0.3925013291745926,-0.007885944174592596
40119,2025,0.5,0.3925013291745926,0.10749867082540743
40120,2025,0.0,0.2582253829709684,-0.2582253829709684
40121,2021,0.225,0.22523582551540985,-0.00023582551540984875
40121,2022,0.303797468,0.22523582551540985,0.07856164248459016
40121,2023,0.276315789,0.22523582551540985,0.051079963484590124
40121,2024,0.43125,0.22523582551540985,0.20601417448459017
40121,2025,0.296296296,0.22523582551540985,0.07106047048459016
40122,2021,0.221052632,0.22090149926135705,0.00015113273864295063
40122,2022,0.25311943,0.22090149926135705,0.03221793073864293
40122,2023,0.195616883,0.22090149926135705,-0.025284616261357057
40122,2024,0.254313578,0.22090149926135705,0.033412078738642936
40122,2025,0.254330709,0.22090149926135705,0.03342920973864294
40123,2021,0.382575758,0.22938965358804875,0.15318610441195124
40123,2022,0.375,0.22938965358804875,0.14561034641195125
40123,2023,0.240088106,0.22938965358804875,0.010698452411951248
40123,2024,0.228381375,0.22938965358804875,-0.00100827858804875
40123,2025,0.266233766,0.22938965358804875,0.036844112411951235
40124,2021,0.25443787,0.2452137289804441,0.009224141019555904
40124,2022,0.280612245,0.2452137289804441,0.035398516019555876
40124,2023,0.269480519,0.2452137289804441,0.024266790019555867
40124,2024,0.322289157,0.2452137289804441,0.07707542801955589
40124,2025,0.242138365,0.2452137289804441,-0.0030753639804441124
40125,2021,0.218181818,0.2446780421869018,-0.026496224186901812
40125,2022,0.320754717,0.2446780421869018,0.07607667481309821
40125,2023,0.303030303,0.2446780421869018,0.05835226081309819
40125,2024,0.358974359,0.2446780421869018,0.11429631681309821
40125,2025,0.288461538,0.2446780421869018,0.043783495813098205
40126,2021,0.173160173,0.2417446538082526,-0.06858448080825261
40126,2022,0.231343284,0.2417446538082526,-0.010401369808252597
40126,2023,0.159090909,0.2417446538082526,-0.0826537448082526
40126,2024,0.146706587,0.2417446538082526,-0.09503806680825261
40126,2025,0.220394737,0.2417446538082526,-0.0213499168082526
40127,2021,0.43902439,0.4403189570422419,-0.0012945670422419009
40127,2022,0.482758621,0.4403189570422419,0.04243966395775811
40127,2023,0.21875,0.4403189570422419,-0.2215689570422419
40127,2024,0.322033898,0.4403189570422419,-0.1182850590422419
40127,2025,0.31147541,0.4403189570422419,-0.12884354704224188
40128,2021,0.403846154,0.3448028037979918,0.05904335020200824
40128,2022,0.369822485,0.3448028037979918,0.025019681202008204
40128,2023,0.337601863,0.3448028037979918,-0.007200940797991773
40128,2024,0.325128205,0.3448028037979918,-0.01967459879799177
40128,2025,0.240170032,0.3448028037979918,-0.10463277179799177
40129,2021,0.165217391,0.25371181445795005,-0.08849442345795006
40129,2022,0.182741117,0.25371181445795005,-0.07097069745795004
40129,2023,0.181818182,0.25371181445795005,-0.07189363245795005
40129,2024,0.254464286,0.25371181445795005,0.0007524715420499373
40129,2025,0.254569191,0.25371181445795005,0.0008573765420499257
40201,2021,0.043478261,0.140381998456707,-0.09690373745670702
40201,2022,0.023809524,0.140381998456707,-0.11657247445670701
40201,2023,0.0,0.140381998456707,-0.140381998456707
40201,2024,0.0,0.140381998456707,-0.140381998456707
40201,2025,0.0,0.140381998456707,-0.140381998456707
40202,2021,0.061538462,0.15459879525759151,-0.09306033325759151
40202,2022,0.023255814,0.15459879525759151,-0.13134298125759153
40202,2023,0.024,0.15459879525759151,-0.13059879525759152
40202,2024,0.00729927,0.15459879525759151,-0.14729952525759152
40202,2025,0.007936508,0.15459879525759151,-0.1466622872575915
40203,2021,0.416666667,0.12983089712595117,0.2868357698740488
40203,2022,0.591304348,0.12983089712595117,0.4614734508740488
40203,2023,0.251231527,0.12983089712595117,0.12140062987404884
40203,2024,0.101293103,0.12983089712595117,-0.02853779412595117
40203,2025,0.055066079,0.12983089712595117,-0.07476481812595118
40204,2021,0.056179775,0.1423378130004375,-0.08615803800043749
40204,2022,0.081081081,0.1423378130004375,-0.06125673200043749
40204,2023,0.009756098,0.1423378130004375,-0.1325817150004375
40204,2024,0.028169014,0.1423378130004375,-0.1141687990004375
40204,2025,0.01010101,0.1423378130004375,-0.1322368030004375
40205,2021,0.108108108,0.1491188999366745,-0.04101079193667449
40205,2022,0.114754098,0.1491188999366745,-0.03436480193667449
40205,2023,0.072625698,0.1491188999366745,-0.07649320193667448
40205,2024,0.038647343,0.1491188999366745,-0.11047155693667449
40205,2025,0.052910053,0.1491188999366745,-0.09620884693667449
40206,2021,0.176470588,0.1617723996033738,0.014698188396626205
40206,2022,0.135135135,0.1617723996033738,-0.026637264603373817
40206,2023,0.133333333,0.1617723996033738,-0.028439066603373808
40206,2024,0.052631579,0.1617723996033738,-0.10914082060337381
40206,2025,0.0,0.1617723996033738,-0.1617723996033738
40207,2021,0.090909091,0.24198954035970374,-0.15108044935970374
40207,2022,0.1875,0.24198954035970374,-0.05448954035970374
40207,2023,0.0,0.24198954035970374,-0.24198954035970374
40207,2024,0.035714286,0.24198954035970374,-0.20627525435970373
40207,2025,0.1,0.24198954035970374,-0.14198954035970374
40208,2021,0.085585586,0.14281806264803062,-0.05723247664803062
40208,2022,0.104938272,0.14281806264803062,-0.037879790648030626
40208,2023,0.043678161,0.14281806264803062,-0.09913990164803063
40208,2024,0.052238806,0.14281806264803062,-0.09057925664803063
40208,2025,0.037634409,0.14281806264803062,-0.10518365364803062
40301,2021,0.454545455,0.27280385468695983,0.18174160031304015
40301,2022,0.526315789,0.27280385468695983,0.25351193431304014
40301,2023,0.270935961,0.27280385468695983,-0.0018678936869598317
40301,2024,0.475095785,0.27280385468695983,0.20229193031304016
40301,2025,0.375,0.27280385468695983,0.10219614531304017
40302,2021,0.315789474,0.17815549824577254,0.13763397575422748
40302,2022,0.325,0.17815549824577254,0.14684450175422747
40302,2023,0.184466019,0.17815549824577254,0.006310520754227472
40302,2024,0.177083333,0.17815549824577254,-0.0010721652457725273
40302,2025,0.08411215,0.17815549824577254,-0.09404334824577254
40303,2021,0.121621622,0.2557942612932473,-0.1341726392932473
40303,2022,0.245614035,0.2557942612932473,-0.010180226293247274
40303,2023,0.155555556,0.2557942612932473,-0.10023870529324727
40303,2024,0.047619048,0.2557942612932473,-0.20817521329324729
40303,2025,0.019736842,0.2557942612932473,-0.23605741929324728
40304,2021,0.142857143,0.19047782215391446,-0.047620679153914464
40304,2022,0.0,0.19047782215391446,-0.19047782215391446
40304,2025,0.076923077,0.19047782215391446,-0.11355474515391445
40305,2021,0.081081081,0.180055443052751,-0.09897436205275101
40305,2022,0.136363636,0.180055443052751,-0.043691807052751
40305,2023,0.25974026,0.180055443052751,0.079684816947249
40305,2024,0.088607595,0.180055443052751,-0.09144784805275101
40305,2025,0.085106383,0.180055443052751,-0.09494906005275101
40306,2021,1.0,0.39362108329263096,0.606378916707369
40306,2022,1.0,0.39362108329263096,0.606378916707369
40306,2023,0.538461538,0.39362108329263096,0.144840454707369
40306,2024,0.277777778,0.39362108329263096,-0.11584330529263098
40306,2025,0.142857143,0.39362108329263096,-0.25076394029263094
40307,2021,0.214285714,0.14758218599637637,0.06670352800362361
40307,2022,0.147826087,0.14758218599637637,0.00024390100362362
40307,2023,0.166666667,0.14758218599637637,0.019084481003623616
40307,2024,0.098039216,0.14758218599637637,-0.049542969996376376
40307,2025,0.067278287,0.14758218599637637,-0.08030389899637637
40308,2021,0.403846154,0.27085289361053816,0.13299326038946185
40308,2022,0.34375,0.27085289361053816,0.07289710638946184
40308,2023,0.25,0.27085289361053816,-0.02085289361053816
40308,2024,0.13559322,0.27085289361053816,-0.13525967361053817
40308,2025,0.308943089,0.27085289361053816,0.038090195389461845
40309,2021,0.297297297,0.37320987898669283,-0.07591258198669282
40309,2022,0.222222222,0.37320987898669283,-0.15098765698669284
40309,2023,0.0,0.37320987898669283,-0.37320987898669283
40309,2024,0.063694268,0.37320987898669283,-0.30951561098669284
40309,2025,0.124137931,0.37320987898669283,-0.24907194798669283
40310,2021,0.095238095,0.17652369570625684,-0.08128560070625684
40310,2022,0.058823529,0.17652369570625684,-0.11770016670625684
40310,2023,0.18,0.17652369570625684,0.0034763042937431543
40310,2024,0.12,0.17652369570625684,-0.056523695706256843
40310,2025,0.125,0.17652369570625684,-0.05152369570625684
40311,2021,0.368421053,0.17069989923238002,0.19772115376761998
40311,2022,0.277777778,0.17069989923238002,0.10707787876761996
40311,2023,0.290322581,0.17069989923238002,0.11962268176762
40311,2024,0.037037037,0.17069989923238002,-0.13366286223238003
40311,2025,0.083333333,0.17069989923238002,-0.08736656623238002
40312,2021,0.153846154,0.361686481217812,-0.20784032721781198
40312,2024,0.142857143,0.361686481217812,-0.218829338217812
40312,2025,0.487804878,0.361686481217812,0.126118396782188
40313,2021,0.151515152,0.17511821627718868,-0.023603064277188696
40313,2022,0.147058824,0.17511821627718868,-0.028059392277188677
40313,2023,0.154929577,0.17511821627718868,-0.02018863927718867
40313,2024,0.096385542,0.17511821627718868,-0.07873267427718868
40313,2025,0.042253521,0.17511821627718868,-0.1328646952771887
40401,2021,0.130434783,0.22584338245915447,-0.09540859945915448
40401,2022,0.223684211,0.22584338245915447,-0.0021591714591544797
40401,2023,0.239316239,0.22584338245915447,0.013472856540845513
40401,2024,0.175115207,0.22584338245915447,-0.05072817545915448
40401,2025,0.193396226,0.22584338245915447,-0.03244715645915447
40402,2021,0.5,0.35893710753472313,0.14106289246527687
40402,2022,0.8,0.35893710753472313,0.4410628924652769
40402,2023,0.458333333,0.35893710753472313,0.09939622546527688
40402,2024,0.24,0.35893710753472313,-0.11893710753472314
40402,2025,0.222222222,0.35893710753472313,-0.13671488553472314
40403,2021,0.25,0.2899870007137797,-0.0399870007137797
40403,2022,0.5,0.2899870007137797,0.2100129992862203
40403,2023,0.444444444,0.2899870007137797,0.1544574432862203
40403,2024,0.1,0.2899870007137797,-0.1899870007137797
40403,2025,0.2,0.2899870007137797,-0.08998700071377969
40404,2021,0.40625,0.3958137545869698,0.010436245413030176
40404,2022,0.4,0.3958137545869698,0.0041862454130301985
40404,2023,0.196969697,0.3958137545869698,-0.19884405758696982
40404,2024,0.169811321,0.3958137545869698,-0.22600243358696984
40404,2025,0.19047619,0.3958137545869698,-0.20533756458696983
40405,2021,0.727272727,0.2937940848791657,0.4334786421208343
40405,2022,0.875,0.2937940848791657,0.5812059151208343
40405,2023,0.7,0.2937940848791657,0.40620591512083426
40405,2024,0.444444444,0.2937940848791657,0.1506503591208343
40405,2025,0.636363636,0.2937940848791657,0.3425695511208343
40406,2021,0.0,0.20930070999764072,-0.20930070999764072
40406,2022,1.0,0.20930070999764072,0.7906992900023593
40406,2023,0.75,0.20930070999764072,0.5406992900023593
40406,2024,0.090909091,0.20930070999764072,-0.11839161899764072
40406,2025,0.142857143,0.20930070999764072,-0.06644356699764073
40407,2021,0.166666667,0.27121704700106863,-0.10455038000106864
40407,2022,0.125,0.27121704700106863,-0.14621704700106863
40407,2023,0.173913043,0.27121704700106863,-0.09730400400106864
40407,2024,0.25,0.27121704700106863,-0.021217047001068634
40407,2025,0.157894737,0.27121704700106863,-0.11332231000106863
40408,2021,0.0,0.3319388014071312,-0.3319388014071312
40408,2022,0.0,0.3319388014071312,-0.3319388014071312
40408,2023,0.0,0.3319388014071312,-0.3319388014071312
40408,2024,0.0,0.3319388014071312,-0.3319388014071312
40408,2025,0.0,0.3319388014071312,-0.3319388014071312
40409,2021,0.310344828,0.40132137209203367,-0.09097654409203365
40409,2022,0.163265306,0.40132137209203367,-0.23805606609203367
40409,2023,0.153846154,0.40132137209203367,-0.24747521809203366
40409,2024,0.185185185,0.40132137209203367,-0.21613618709203367
40409,2025,0.139240506,0.40132137209203367,-0.2620808660920336
40410,2021,0.444444444,0.3138250709796746,0.1306193730203254
40410,2022,0.473684211,0.3138250709796746,0.15985914002032542
40410,2023,0.276595745,0.3138250709796746,-0.0372293259796746
40410,2024,0.317073171,0.3138250709796746,0.003248100020325384
40410,2025,0.314814815,0.3138250709796746,0.0009897440203254226
40411,2021,0.5,0.28361080868320204,0.21638919131679796
40411,2022,0.0,0.28361080868320204,-0.28361080868320204
40411,2023,0.428571429,0.28361080868320204,0.14496062031679796
40411,2024,0.166666667,0.28361080868320204,-0.11694414168320205
40411,2025,0.333333333,0.28361080868320204,0.04972252431679797
40412,2021,0.0,0.4128011506875274,-0.4128011506875274
40412,2023,0.0,0.4128011506875274,-0.4128011506875274
40412,2024,0.333333333,0.4128011506875274,-0.07946781768752736
40412,2025,0.0,0.4128011506875274,-0.4128011506875274
40413,2021,0.292682927,0.16059852691343326,0.13208440008656672
40413,2022,0.1875,0.16059852691343326,0.026901473086566735
40413,2023,0.269503546,0.16059852691343326,0.10890501908656672
40413,2024,0.056603774,0.16059852691343326,-0.10399475291343327
40413,2025,0.039370079,0.16059852691343326,-0.12122844791343326
40414,2021,0.68,0.3615785104068162,0.31842148959318384
40414,2022,0.607142857,0.3615785104068162,0.24556434659318382
40414,2023,0.2,0.3615785104068162,-0.1615785104068162
40414,2024,0.32,0.3615785104068162,-0.041578510406816205
40414,2025,0.25,0.3615785104068162,-0.11157851040681621
40501,2021,0.718309859,0.34819525910930044,0.37011459989069956
40501,2022,0.425,0.34819525910930044,0.07680474089069955
40501,2023,0.433333333,0.34819525910930044,0.08513807389069955
40501,2024,0.312195122,0.34819525910930044,-0.036000137109300445
40501,2025,0.225988701,0.34819525910930044,-0.12220655810930045
40502,2021,0.666666667,0.3257177932614817,0.3409488737385183
40502,2022,0.428571429,0.3257177932614817,0.1028536357385183
40502,2023,0.166666667,0.3257177932614817,-0.1590511262614817
40502,2024,0.470588235,0.3257177932614817,0.14487044173851832
40502,2025,0.333333333,0.3257177932614817,0.007615539738518307
40503,2021,0.4,0.2732505438997817,0.12674945610021832
40503,2022,0.777777778,0.2732505438997817,0.5045272341002183
40503,2023,0.282051282,0.2732505438997817,0.008800738100218308
40503,2024,0.216216216,0.2732505438997817,-0.05703432789978172
40503,2025,0.324324324,0.2732505438997817,0.05107378010021829
40504,2021,0.333333333,0.4805495503440064,-0.14721621734400642
40504,2022,0.666666667,0.4805495503440064,0.18611711665599356
40504,2023,0.52173913,0.4805495503440064,0.041189579655993624
40504,2024,0.209302326,0.4805495503440064,-0.2712472243440064
40504,2025,0.3,0.4805495503440064,-0.18054955034400644
40505,2021,0.444444444,0.3675532527233712,0.0768911912766288
40505,2022,0.451612903,0.3675532527233712,0.08405965027662882
40505,2023,0.3,0.3675532527233712,-0.0675532527233712
40505,2024,0.179775281,0.3675532527233712,-0.18777797172337118
40505,2025,0.233766234,0.3675532527233712,-0.1337870187233712
40506,2021,0.466666667,0.33708894644048004,0.12957772055951994
40506,2022,0.888888889,0.33708894644048004,0.5517999425595199
40506,2023,1.0,0.33708894644048004,0.66291105355952
40506,2024,0.857142857,0.33708894644048004,0.52005391055952
40506,2025,0.352941176,0.33708894644048004,0.01585222955951998
40507,2021,1.0,0.3642766510711865,0.6357233489288134
40507,2022,1.0,0.3642766510711865,0.6357233489288134
40507,2023,0.416666667,0.3642766510711865,0.05239001592881348
40507,2024,0.1,0.3642766510711865,-0.2642766510711865
40507,2025,0.0,0.3642766510711865,-0.3642766510711865
40508,2021,0.25,0.3135365755078236,-0.0635365755078236
40508,2022,1.0,0.3135365755078236,0.6864634244921763
40508,2023,0.45,0.3135365755078236,0.1364634244921764
40508,2024,0.416666667,0.3135365755078236,0.10313009149217639
40508,2025,0.066666667,0.3135365755078236,-0.2468699085078236
40509,2021,0.75,0.3480288130524391,0.4019711869475609
40509,2022,0.666666667,0.3480288130524391,0.3186378539475609
40509,2023,0.0,0.3480288130524391,-0.3480288130524391
40509,2024,0.0,0.3480288130524391,-0.3480288130524391
40509,2025,0.166666667,0.3480288130524391,-0.1813621460524391
40510,2021,0.928571429,0.3579742900732312,0.5705971389267688
40510,2022,0.2,0.3579742900732312,-0.15797429007323122
40510,2023,0.4,0.3579742900732312,0.042025709926768795
40510,2024,0.608695652,0.3579742900732312,0.25072136192676875
40510,2025,0.3,0.3579742900732312,-0.05797429007323124
40511,2021,0.8,0.45724303958581336,0.3427569604141867
40511,2022,0.727272727,0.45724303958581336,0.27002968741418665
40511,2023,0.411764706,0.45724303958581336,-0.04547833358581338
40511,2024,0.705882353,0.45724303958581336,0.24863931341418666
40511,2025,0.0,0.45724303958581336,-0.45724303958581336
40512,2021,0.571428571,0.2579759214848888,0.3134526495151112
40512,2022,0.25,0.2579759214848888,-0.007975921484888793
40512,2023,0.666666667,0.2579759214848888,0.4086907455151112
40512,2024,1.0,0.2579759214848888,0.7420240785151112
40512,2025,0.25,0.2579759214848888,-0.007975921484888793
40513,2021,0.25,0.421983519022221,-0.17198351902222098
40513,2023,0.666666667,0.421983519022221,0.24468314797777901
40513,2024,0.166666667,0.421983519022221,-0.255316852022221
40513,2025,0.0,0.421983519022221,-0.421983519022221
40514,2021,0.888888889,0.3237158174869916,0.5651730715130083
40514,2022,0.875,0.3237158174869916,0.5512841825130084
40514,2023,0.409090909,0.3237158174869916,0.08537509151300843
40514,2024,0.291666667,0.3237158174869916,-0.032049150486991584
40514,2025,0.461538462,0.3237158174869916,0.1378226445130084
40515,2021,0.5,0.41727734124861265,0.08272265875138735
40515,2022,0.0,0.41727734124861265,-0.41727734124861265
40515,2023,0.2,0.41727734124861265,-0.21727734124861264
40515,2024,0.75,0.41727734124861265,0.33272265875138735
40515,2025,0.333333333,0.41727734124861265,-0.08394400824861264
40516,2021,1.0,0.3381418466235196,0.6618581533764805
40516,2022,0.571428571,0.3381418466235196,0.2332867243764804
40516,2023,0.5,0.3381418466235196,0.1618581533764804
40516,2024,0.181818182,0.3381418466235196,-0.1563236646235196
40516,2025,0.285714286,0.3381418466235196,-0.05242756062351961
40517,2021,0.8,0.34110899051978577,0.4588910094802143
40517,2022,0.777777778,0.34110899051978577,0.43666878748021426
40517,2023,0.777777778,0.34110899051978577,0.43666878748021426
40517,2024,0.388888889,0.34110899051978577,0.047779898480214245
40517,2025,0.1875,0.34110899051978577,-0.15360899051978577
40518,2021,0.333333333,0.32049885084960394,0.012834482150396065
40518,2022,0.0,0.32049885084960394,-0.32049885084960394
40518,2023,0.133333333,0.32049885084960394,-0.18716551784960395
40518,2024,0.210526316,0.32049885084960394,-0.10997253484960395
40518,2025,0.266666667,0.32049885084960394,-0.05383218384960392
40519,2021,0.666666667,0.32583963092142526,0.34082703607857473
40519,2022,0.75,0.32583963092142526,0.42416036907857474
40519,2023,0.8,0.32583963092142526,0.4741603690785748
40519,2024,0.421052632,0.32583963092142526,0.09521300107857472
40519,2025,0.133333333,0.32583963092142526,-0.19250629792142526
40520,2021,0.30994152,0.2610598342303948,0.04888168576960522
40520,2022,0.362440191,0.2610598342303948,0.10138035676960522
40520,2023,0.257614868,0.2610598342303948,-0.003444966230394808
40520,2024,0.30338809,0.2610598342303948,0.042328255769605194
40520,2025,0.307652264,0.2610598342303948,0.046592429769605204
40601,2021,0.524590164,0.46945459943064366,0.055135564569356366
40601,2022,0.644444444,0.46945459943064366,0.17498984456935635
40601,2023,0.525,0.46945459943064366,0.05554540056935636
40601,2024,0.462686567,0.46945459943064366,-0.006768032430643667
40601,2025,0.330508475,0.46945459943064366,-0.13894612443064364
40602,2021,0.333333333,0.3192460275564885,0.0140873054435115
40602,2023,0.666666667,0.3192460275564885,0.3474206394435115
40602,2024,0.444444444,0.3192460275564885,0.12519841644351148
40602,2025,0.25,0.3192460275564885,-0.06924602755648851
40603,2021,0.803030303,0.374388213445113,0.428642089554887
40603,2022,0.710526316,0.374388213445113,0.336138102554887
40603,2023,0.413043478,0.374388213445113,0.03865526455488699
40603,2024,0.410958904,0.374388213445113,0.036570690554886987
40603,2025,0.31372549,0.374388213445113,-0.06066272344511303
40604,2021,1.0,0.24449245755000298,0.7555075424499971
40604,2022,0.0,0.24449245755000298,-0.24449245755000298
40604,2023,0.285714286,0.24449245755000298,0.041221828449997
40604,2024,0.666666667,0.24449245755000298,0.422174209449997
40604,2025,0.727272727,0.24449245755000298,0.482780269449997
40605,2021,0.3,0.3059018476707686,-0.005901847670768623
40605,2022,0.25,0.3059018476707686,-0.05590184767076861
40605,2023,0.0,0.3059018476707686,-0.3059018476707686
40605,2024,0.125,0.3059018476707686,-0.1809018476707686
40605,2025,0.111111111,0.3059018476707686,-0.19479073667076863
40606,2021,0.209677419,0.18413658597600457,0.02554083302399543
40606,2022,0.444444444,0.18413658597600457,0.2603078580239954
40606,2023,0.356846473,0.18413658597600457,0.17270988702399542
40606,2024,0.190909091,0.18413658597600457,0.006772505023995429
40606,2025,0.047368421,0.18413658597600457,-0.13676816497600458
40607,2021,0.666666667,0.33135126210681976,0.33531540489318024
40607,2022,0.0,0.33135126210681976,-0.33135126210681976
40607,2023,1.0,0.33135126210681976,0.6686487378931802
40607,2024,1.0,0.33135126210681976,0.6686487378931802
40607,2025,0.25,0.33135126210681976,-0.08135126210681976
40608,2021,0.75,0.4517994502692307,0.2982005497307693
40608,2022,0.732142857,0.4517994502692307,0.28034340673076935
40608,2023,0.644230769,0.4517994502692307,0.1924313187307693
40608,2024,0.545454545,0.4517994502692307,0.09365509473076933
40608,2025,0.471698113,0.4517994502692307,0.01989866273076929
40701,2021,0.261744966,0.17310895364160114,0.08863601235839888
40701,2022,0.276315789,0.17310895364160114,0.10320683535839884
40701,2023,0.085784314,0.17310895364160114,-0.08732463964160114
40701,2024,0.077720207,0.17310895364160114,-0.09538874664160114
40701,2025,0.046195652,0.17310895364160114,-0.12691330164160114
40702,2021,0.265306122,0.15711069526058896,0.10819542673941102
40702,2022,0.22,0.15711069526058896,0.06288930473941104
40702,2023,0.273972603,0.15711069526058896,0.11686190773941102
40702,2024,0.175213675,0.15711069526058896,0.01810297973941105
40702,2025,0.12987013,0.15711069526058896,-0.02724056526058896
40703,2021,0.035714286,0.13921376088909798,-0.10349947488909798
40703,2022,0.111111111,0.13921376088909798,-0.028102649889097983
40703,2023,0.117977528,0.13921376088909798,-0.021236232889097983
40703,2024,0.073593074,0.13921376088909798,-0.06562068688909799
40703,2025,0.124324324,0.13921376088909798,-0.014889436889097982
40704,2021,0.2,0.14827355625504224,0.05172644374495777
40704,2022,0.04,0.14827355625504224,-0.10827355625504223
40704,2023,0.176100629,0.14827355625504224,0.02782707274495777
40704,2024,0.03,0.14827355625504224,-0.11827355625504224
40704,2025,0.060810811,0.14827355625504224,-0.08746274525504225
40705,2021,0.083333333,0.1333973422909774,-0.050064009290977415
40705,2022,0.0,0.1333973422909774,-0.1333973422909774
40705,2023,0.192307692,0.1333973422909774,0.05891034970902259
40705,2024,0.083333333,0.1333973422909774,-0.050064009290977415
40705,2025,0.047619048,0.1333973422909774,-0.08577829429097741
40706,2021,0.022727273,0.14670924020670525,-0.12398196720670526
40706,2022,0.25,0.14670924020670525,0.10329075979329475
40706,2023,0.181818182,0.14670924020670525,0.03510894179329474
40706,2024,0.07027027,0.14670924020670525,-0.07643897020670526
40706,2025,0.01754386,0.14670924020670525,-0.12916538020670526
40801,2021,0.20754717,0.2999646718888786,-0.0924175018888786
40801,2022,0.317073171,0.2999646718888786,0.01710849911112139
40801,2023,0.339285714,0.2999646718888786,0.03932104211112142
40801,2024,0.309090909,0.2999646718888786,0.009126237111121427
40801,2025,0.336842105,0.2999646718888786,0.036877433111121405
40802,2021,0.125,0.3294345258828354,-0.2044345258828354
40802,2022,0.257575758,0.3294345258828354,-0.0718587678828354
40802,2023,0.134328358,0.3294345258828354,-0.19510616788283539
40802,2024,0.098039216,0.3294345258828354,-0.2313953098828354
40802,2025,0.130434783,0.3294345258828354,-0.1989997428828354
40803,2021,0.6,0.3633300341243854,0.23666996587561456
40803,2022,0.5,0.3633300341243854,0.13666996587561459
40803,2023,0.263157895,0.3633300341243854,-0.10017213912438544
40803,2024,0.4,0.3633300341243854,0.03666996587561461
40803,2025,0.125,0.3633300341243854,-0.23833003412438541
40804,2021,0.076923077,0.2937550376500018,-0.21683196065000182
40804,2022,0.25,0.2937550376500018,-0.04375503765000183
40804,2023,0.161290323,0.2937550376500018,-0.1324647146500018
40804,2024,0.063829787,0.2937550376500018,-0.22992525065000183
40804,2025,0.0,0.2937550376500018,-0.2937550376500018
40805,2021,0.0,0.22158831795556586,-0.22158831795556586
40805,2022,0.0,0.22158831795556586,-0.22158831795556586
40805,2023,0.035714286,0.22158831795556586,-0.18587403195556584
40805,2024,0.466666667,0.22158831795556586,0.24507834904443412
40805,2025,0.115384615,0.22158831795556586,-0.10620370295556586
40806,2021,0.418181818,0.40314116595799393,0.015040652042006053
40806,2022,0.305555556,0.40314116595799393,-0.09758560995799392
40806,2023,0.333333333,0.40314116595799393,-0.06980783295799392
40806,2024,0.072463768,0.40314116595799393,-0.33067739795799395
40806,2025,0.131147541,0.40314116595799393,-0.27199362495799395
40807,2021,0.666666667,0.3073464919471274,0.3593201750528726
40807,2022,0.0,0.3073464919471274,-0.3073464919471274
40807,2023,0.0,0.3073464919471274,-0.3073464919471274
40807,2025,0.0,0.3073464919471274,-0.3073464919471274
40808,2022,1.0,0.5186603564270315,0.48133964357296855
40808,2023,0.0,0.5186603564270315,-0.5186603564270315
40808,2024,0.0,0.5186603564270315,-0.5186603564270315
40808,2025,0.470588235,0.5186603564270315,-0.04807212142703143
40809,2021,0.4,0.47377182265348133,-0.07377182265348131
40809,2022,0.0,0.47377182265348133,-0.47377182265348133
40809,2023,0.214285714,0.47377182265348133,-0.2594861086534813
40809,2024,0.076923077,0.47377182265348133,-0.3968487456534813
40809,2025,0.0,0.47377182265348133,-0.47377182265348133
40810,2021,0.0,0.279352180720432,-0.279352180720432
40810,2022,0.0,0.279352180720432,-0.279352180720432
40810,2023,0.090909091,0.279352180720432,-0.188443089720432
40810,2024,0.0,0.279352180720432,-0.279352180720432
40810,2025,0.181818182,0.279352180720432,-0.097533998720432
40811,2021,0.25,0.40585712409317226,-0.15585712409317226
40811,2022,1.0,0.40585712409317226,0.5941428759068277
40811,2023,0.6,0.40585712409317226,0.19414287590682772
40811,2024,1.0,0.40585712409317226,0.5941428759068277
40811,2025,0.285714286,0.40585712409317226,-0.12014283809317228
50101,2021,0.325783972,0.2929009663456862,0.03288300565431379
50101,2022,0.284435262,0.2929009663456862,-0.008465704345686165
50101,2023,0.208361204,0.2929009663456862,-0.08453976234568619
50101,2024,0.150824272,0.2929009663456862,-0.14207669434568618
50101,2025,0.211832851,0.2929009663456862,-0.0810681153456862
50102,2021,0.310344828,0.27573010324461644,0.034614724755383575
50102,2022,0.540084388,0.27573010324461644,0.2643542847553836
50102,2023,0.57712766,0.27573010324461644,0.3013975567553836
50102,2024,0.315942029,0.27573010324461644,0.04021192575538357
50102,2025,0.216783217,0.27573010324461644,-0.05894688624461644
50103,2021,0.46875,0.23588826573071103,0.23286173426928897
50103,2022,0.459854015,0.23588826573071103,0.22396574926928897
50103,2023,0.11627907,0.23588826573071103,-0.11960919573071103
50103,2024,0.10619469,0.23588826573071103,-0.12969357573071105
50103,2025,0.091954023,0.23588826573071103,-0.14393424273071104
50104,2021,0.226775956,0.2632803108200718,-0.036504354820071805
50104,2022,0.194842407,0.2632803108200718,-0.06843790382007181
50104,2023,0.111638955,0.2632803108200718,-0.15164135582007182
50104,2024,0.176755448,0.2632803108200718,-0.0865248628200718
50104,2025,0.19346049,0.2632803108200718,-0.06981982082007179
50105,2021,0.336065574,0.29816053780807467,0.03790503619192531
50105,2022,0.326732673,0.29816053780807467,0.028572135191925307
50105,2023,0.336283186,0.29816053780807467,0.038122648191925346
50105,2024,0.078534031,0.29816053780807467,-0.21962650680807466
50105,2025,0.082872928,0.29816053780807467,-0.21528760980807465
50106,2021,0.496688742,0.2906299848121872,0.2060587571878128
50106,2022,0.546583851,0.2906299848121872,0.25595386618781274
50106,2023,0.470119522,0.2906299848121872,0.1794895371878128
50106,2024,0.36492891,0.2906299848121872,0.07429892518781278
50106,2025,0.284916201,0.2906299848121872,-0.005713783812187234
50107,2021,0.216666667,0.3000333401795225,-0.08336667317952248
50107,2022,0.194444444,0.3000333401795225,-0.1055888961795225
50107,2023,0.11023622,0.3000333401795225,-0.1897971201795225
50107,2024,0.149122807,0.3000333401795225,-0.1509105331795225
50107,2025,0.148514851,0.3000333401795225,-0.1515184891795225
50108,2021,0.661971831,0.33962589240702534,0.32234593859297467
50108,2022,0.617647059,0.33962589240702534,0.2780211665929747
50108,2023,0.502793296,0.33962589240702534,0.16316740359297466
50108,2024,0.256410256,0.33962589240702534,-0.08321563640702534
50108,2025,0.279069767,0.33962589240702534,-0.06055612540702532
50109,2021,0.476190476,0.4757631851004113,0.0004272908995886504
50109,2022,0.434782609,0.4757631851004113,-0.04098057610041134
50109,2023,0.236363636,0.4757631851004113,-0.23939954910041134
50109,2024,0.113636364,0.4757631851004113,-0.36212682110041133
50109,2025,0.085714286,0.4757631851004113,-0.3900488991004113
50110,2021,0.268995633,0.24577972536201645,0.023215907637983563
50110,2022,0.349602724,0.24577972536201645,0.10382299863798353
50110,2023,0.211135612,0.24577972536201645,-0.03464411336201645
50110,2024,0.209862385,0.24577972536201645,-0.03591734036201644
50110,2025,0.219745223,0.24577972536201645,-0.02603450236201646
50111,2021,0.526315789,0.36711097748585775,0.15920481151414223
50111,2022,0.8,0.36711097748585775,0.4328890225141423
50111,2023,0.722222222,0.36711097748585775,0.3551112445141422
50111,2024,0.517241379,0.36711097748585775,0.15013040151414225
50111,2025,0.538461538,0.36711097748585775,0.17135056051414221
50112,2021,0.404255319,0.278504751940978,0.125750567059022
50112,2022,0.43537415,0.278504751940978,0.156869398059022
50112,2023,0.496453901,0.278504751940978,0.21794914905902196
50112,2024,0.390909091,0.278504751940978,0.11240433905902197
50112,2025,0.364779874,0.278504751940978,0.08627512205902199
50113,2021,0.528846154,0.3030225826190863,0.2258235713809137
50113,2022,0.497797357,0.3030225826190863,0.19477477438091367
50113,2023,0.446866485,0.3030225826190863,0.14384390238091366
50113,2024,0.229007634,0.3030225826190863,-0.07401494861908633
50113,2025,0.24260355,0.3030225826190863,-0.06041903261908632
50114,2021,0.177111717,0.30107545817735226,-0.12396374117735226
50114,2022,0.24566474,0.30107545817735226,-0.05541071817735227
50114,2023,0.190402477,0.30107545817735226,-0.11067298117735228
50114,2024,0.087188612,0.30107545817735226,-0.21388684617735226
50114,2025,0.083333333,0.30107545817735226,-0.21774212517735225
50115,2021,0.280467446,0.2759536578116798,0.004513788188320211
50115,2022,0.27831094,0.2759536578116798,0.002357282188320209
50115,2023,0.198208287,0.2759536578116798,-0.07774537081167979
50115,2024,0.191194969,0.2759536578116798,-0.0847586888116798
50115,2025,0.208450704,0.2759536578116798,-0.06750295381167981
50116,2021,0.346938776,0.23498205565218233,0.11195672034781767
50116,2022,0.399334443,0.23498205565218233,0.16435238734781765
50116,2023,0.283266129,0.23498205565218233,0.048284073347817646
50116,2024,0.17979798,0.23498205565218233,-0.055184075652182335
50116,2025,0.165751921,0.23498205565218233,-0.06923013465218233
50201,2021,0.247524752,0.2275468879041879,0.019977864095812092
50201,2022,0.3,0.2275468879041879,0.0724531120958121
50201,2023,0.166666667,0.2275468879041879,-0.060880220904187904
50201,2024,0.098901099,0.2275468879041879,-0.12864578890418787
50201,2025,0.063583815,0.2275468879041879,-0.16396307290418788
50202,2021,0.166666667,0.2632820104608393,-0.09661534346083933
50202,2022,0.307692308,0.2632820104608393,0.044410297539160704
50202,2023,0.125523013,0.2632820104608393,-0.13775899746083933
50202,2024,0.104761905,0.2632820104608393,-0.15852010546083933
50202,2025,0.096774194,0.2632820104608393,-0.16650781646083934
50203,2021,0.161764706,0.27056812850115525,-0.10880342250115524
50203,2022,0.193548387,0.27056812850115525,-0.07701974150115526
50203,2023,0.172222222,0.27056812850115525,-0.09834590650115524
50203,2024,0.066666667,0.27056812850115525,-0.20390146150115523
50203,2025,0.061433447,0.27056812850115525,-0.20913468150115525
50204,2021,0.428571429,0.24575422386645895,0.18281720513354105
50204,2022,0.368421053,0.24575422386645895,0.12266682913354104
50204,2023,0.21875,0.24575422386645895,-0.027004223866458954
50204,2024,0.096774194,0.24575422386645895,-0.14898002986645897
50204,2025,0.101449275,0.24575422386645895,-0.14430494886645895
50205,2021,0.406779661,0.34899611301220473,0.05778354798779528
50205,2022,0.408695652,0.34899611301220473,0.059699538987795286
50205,2023,0.25,0.34899611301220473,-0.09899611301220473
50205,2024,0.136054422,0.34899611301220473,-0.21294169101220473
50205,2025,0.105263158,0.34899611301220473,-0.24373295501220474
50206,2021,0.333333333,0.3233266954347979,0.010006637565202092
50206,2022,0.214285714,0.3233266954347979,-0.10904098143479793
50206,2023,0.4625,0.3233266954347979,0.1391733045652021
50206,2024,0.220779221,0.3233266954347979,-0.10254747443479792
50206,2025,0.416666667,0.3233266954347979,0.09333997156520207
50301,2021,0.078431373,0.31289982260339416,-0.23446844960339416
50301,2022,0.229166667,0.31289982260339416,-0.08373315560339417
50301,2023,0.092436975,0.31289982260339416,-0.22046284760339416
50301,2024,0.008403361,0.31289982260339416,-0.30449646160339416
50301,2025,0.065420561,0.31289982260339416,-0.24747926160339417
50302,2021,0.321428571,0.3350093272391111,-0.013580756239111091
50302,2022,0.173913043,0.3350093272391111,-0.1610962842391111
50302,2023,0.08,0.3350093272391111,-0.25500932723911107
50302,2024,0.020833333,0.3350093272391111,-0.3141759942391111
50302,2025,0.078947368,0.3350093272391111,-0.25606195923911107
50303,2021,0.272727273,0.27397833284886647,-0.001251059848866476
50303,2022,0.384615385,0.27397833284886647,0.11063705215113351
50303,2023,0.166666667,0.27397833284886647,-0.10731166584886648
50303,2024,0.081081081,0.27397833284886647,-0.19289725184886647
50303,2025,0.034482759,0.27397833284886647,-0.23949557384886647
50304,2021,0.311111111,0.25979979133426373,0.051311319665736266
50304,2022,0.321428571,0.25979979133426373,0.061628779665736266
50304,2023,0.125,0.25979979133426373,-0.13479979133426373
50304,2024,0.035087719,0.25979979133426373,-0.2247120723342637
50304,2025,0.02173913,0.25979979133426373,-0.23806066133426373
50401,2021,0.162921348,0.2386601099924219,-0.07573876199242191
50401,2022,0.191011236,0.2386601099924219,-0.0476488739924219
50401,2023,0.105331599,0.2386601099924219,-0.1333285109924219
50401,2024,0.154582763,0.2386601099924219,-0.08407734699242189
50401,2025,0.1394453,0.2386601099924219,-0.09921480999242191
50402,2021,0.783783784,0.46800984843153753,0.3157739355684625
50402,2022,0.685714286,0.46800984843153753,0.21770443756846242
50402,2023,0.514285714,0.46800984843153753,0.04627586556846247
50402,2024,0.479452055,0.46800984843153753,0.011442206568462454
50402,2025,0.140350877,0.46800984843153753,-0.32765897143153755
50403,2021,0.403508772,0.32040653429352495,0.08310223770647507
50403,2022,0.4,0.32040653429352495,0.07959346570647508
50403,2023,0.34,0.32040653429352495,0.019593465706475077
50403,2024,0.144927536,0.32040653429352495,-0.17547899829352495
50403,2025,0.211864407,0.32040653429352495,-0.10854212729352494
50404,2021,0.384615385,0.2671650005128662,0.1174503844871338
50404,2022,0.21875,0.2671650005128662,-0.04841500051286618
50404,2023,0.382113821,0.2671650005128662,0.11494882048713384
50404,2024,0.32173913,0.2671650005128662,0.054574129487133805
50404,2025,0.255102041,0.2671650005128662,-0.012062959512866178
50405,2021,0.355140187,0.2433168107266173,0.11182337627338271
50405,2022,0.412371134,0.2433168107266173,0.16905432327338268
50405,2023,0.155279503,0.2433168107266173,-0.08803730772661728
50405,2024,0.221518987,0.2433168107266173,-0.021797823726617288
50405,2025,0.1,0.2433168107266173,-0.14331681072661728
50406,2021,0.515151515,0.389389466008291,0.125762048991709
50406,2022,0.455696203,0.389389466008291,0.06630673699170903
50406,2023,0.413043478,0.389389466008291,0.023654011991709023
50406,2024,0.259259259,0.389389466008291,-0.13013020700829098
50406,2025,0.1953125,0.389389466008291,-0.194076966008291
50407,2021,0.063380282,0.24247057337724237,-0.17909029137724236
50407,2022,0.037735849,0.24247057337724237,-0.20473472437724238
50407,2023,0.028056112,0.24247057337724237,-0.21441446137724238
50407,2024,0.033039648,0.24247057337724237,-0.20943092537724237
50407,2025,0.069053708,0.24247057337724237,-0.17341686537724238
50408,2021,0.081018519,0.20393459985234036,-0.12291608085234036
50408,2022,0.071129707,0.20393459985234036,-0.13280489285234037
50408,2023,0.027139875,0.20393459985234036,-0.17679472485234035
50408,2024,0.023809524,0.20393459985234036,-0.18012507585234036
50408,2025,0.120283019,0.20393459985234036,-0.08365158085234035
50409,2021,0.230434783,0.22464494174491167,0.005789841255088329
50409,2022,0.208588957,0.22464494174491167,-0.016055984744911683
50409,2023,0.111498258,0.22464494174491167,-0.11314668374491167
50409,2024,0.108974359,0.22464494174491167,-0.11567058274491167
50409,2025,0.16,0.22464494174491167,-0.06464494174491167
50410,2021,0.730769231,0.30784556550636016,0.42292366549363986
50410,2022,0.609756098,0.30784556550636016,0.3019105324936398
50410,2023,0.446511628,0.30784556550636016,0.13866606249363983
50410,2024,0.210526316,0.30784556550636016,-0.09731924950636017
50410,2025,0.214285714,0.30784556550636016,-0.09355985150636018
50411,2021,0.727272727,0.5267673508412826,0.20050537615871744
50411,2022,0.596153846,0.5267673508412826,0.06938649515871742
50411,2023,0.488721805,0.5267673508412826,-0.03804554584128256
50411,2024,0.242424242,0.5267673508412826,-0.28434310884128255
50411,2025,0.25862069,0.5267673508412826,-0.2681466608412826
50412,2021,0.315789474,0.24531927775596232,0.07047019624403769
50412,2022,0.285714286,0.24531927775596232,0.04039500824403766
50412,2023,0.305263158,0.24531927775596232,0.059943880244037656
50412,2024,0.024390244,0.24531927775596232,-0.22092903375596232
50412,2025,0.092307692,0.24531927775596232,-0.15301158575596233
50501,2021,0.284046693,0.26622444310883575,0.017822249891164266
50501,2022,0.288617886,0.26622444310883575,0.02239344289116424
50501,2023,0.044247788,0.26622444310883575,-0.22197665510883574
50501,2024,0.090909091,0.26622444310883575,-0.17531535210883575
50501,2025,0.041666667,0.26622444310883575,-0.22455777610883576
50502,2021,0.780645161,0.5022867891671602,0.27835837183283985
50502,2022,0.681818182,0.5022867891671602,0.1795313928328398
50502,2023,0.729977117,0.5022867891671602,0.22769032783283982
50502,2024,0.688607595,0.5022867891671602,0.18632080583283983
50502,2025,0.606796117,0.5022867891671602,0.10450932783283984
50503,2021,0.250980392,0.22641443718216822,0.024565954817831775
50503,2022,0.064327485,0.22641443718216822,-0.16208695218216823
50503,2023,0.140161725,0.22641443718216822,-0.08625271218216823
50503,2024,0.057142857,0.22641443718216822,-0.16927158018216823
50503,2025,0.122377622,0.22641443718216822,-0.10403681518216822
50504,2021,0.333333333,0.30206742480165266,0.03126590819834735
50504,2022,0.25,0.30206742480165266,-0.05206742480165266
50504,2023,0.431372549,0.30206742480165266,0.12930512419834733
50504,2024,0.380952381,0.30206742480165266,0.07888495619834734
50504,2025,0.351351351,0.30206742480165266,0.049283926198347316
50505,2021,0.725806452,0.4438499871178278,0.28195646488217224
50505,2022,0.741935484,0.4438499871178278,0.2980854968821722
50505,2023,0.678030303,0.4438499871178278,0.2341803158821722
50505,2024,0.618025751,0.4438499871178278,0.1741757638821722
50505,2025,0.611428571,0.4438499871178278,0.16757858388217223
50506,2021,0.205128205,0.27686804559869704,-0.07173984059869704
50506,2022,0.095238095,0.27686804559869704,-0.18162995059869705
50506,2023,0.394736842,0.27686804559869704,0.11786879640130293
50506,2024,0.52238806,0.27686804559869704,0.245520014401303
50506,2025,0.545454545,0.27686804559869704,0.26858649940130297
50507,2021,0.076704545,0.22309475943072155,-0.14639021443072153
50507,2022,0.097378277,0.22309475943072155,-0.12571648243072153
50507,2023,0.08492569,0.22309475943072155,-0.13816906943072155
50507,2024,0.036446469,0.22309475943072155,-0.18664829043072154
50507,2025,0.14516129,0.22309475943072155,-0.07793346943072155
50508,2021,0.35097493,0.3319949830699083,0.018979946930091696
50508,2022,0.449814126,0.3319949830699083,0.11781914293009166
50508,2023,0.210227273,0.3319949830699083,-0.12176771006990833
50508,2024,0.127753304,0.3319949830699083,-0.2042416790699083
50508,2025,0.101204819,0.3319949830699083,-0.23079016406990832
50509,2021,0.242307692,0.17986052303177041,0.06244716896822958
50509,2022,0.272321429,0.17986052303177041,0.09246090596822959
50509,2023,0.217877095,0.17986052303177041,0.03801657196822958
50509,2024,0.14861461,0.17986052303177041,-0.031245913031770406
50509,2025,0.136,0.17986052303177041,-0.043860523031770404
50510,2021,0.344827586,0.20437094061718766,0.14045664538281236
50510,2022,0.2,0.20437094061718766,-0.004370940617187652
50510,2023,0.155778894,0.20437094061718766,-0.04859204661718766
50510,2024,0.108571429,0.20437094061718766,-0.09579951161718767
50510,2025,0.102362205,0.20437094061718766,-0.10200873561718767
50511,2021,0.0,0.45959319548288036,-0.45959319548288036
50511,2022,0.0,0.45959319548288036,-0.45959319548288036
50511,2023,0.0,0.45959319548288036,-0.45959319548288036
50511,2024,0.076923077,0.45959319548288036,-0.38267011848288035
50511,2025,0.111111111,0.45959319548288036,-0.34848208448288037
50512,2025,0.903846154,0.18193190451630198,0.7219142494836981
50513,2025,0.130434783,0.17027350138875072,-0.03983871838875072
50514,2025,0.607142857,0.2210072738305868,0.3861355831694132
50515,2025,0.272727273,0.2092361804645435,0.06349109253545648
50601,2021,0.466666667,0.30414472496331996,0.16252194203668002
50601,2022,0.427631579,0.30414472496331996,0.12348685403668003
50601,2023,0.33032491,0.30414472496331996,0.02618018503668007
50601,2024,0.312727273,0.30414472496331996,0.008582548036680016
50601,2025,0.387218045,0.30414472496331996,0.08307332003668005
50602,2021,0.461538462,0.28284727575755547,0.1786911862424445
50602,2022,0.268292683,0.28284727575755547,-0.014554592757555496
50602,2023,0.169811321,0.28284727575755547,-0.11303595475755548
50602,2024,0.177777778,0.28284727575755547,-0.10506949775755547
50602,2025,0.076923077,0.28284727575755547,-0.20592419875755547
50603,2021,0.333333333,0.2062892715931356,0.12704406140686442
50603,2022,0.615384615,0.2062892715931356,0.4090953434068644
50603,2023,0.194444444,0.2062892715931356,-0.011844827593135598
50603,2024,0.103448276,0.2062892715931356,-0.10284099559313559
50603,2025,0.185185185,0.2062892715931356,-0.02110408659313559
50604,2021,0.375,0.2539883740851889,0.12101162591481113
50604,2022,0.318181818,0.2539883740851889,0.06419344391481113
50604,2023,0.225806452,0.2539883740851889,-0.028181922085188882
50604,2024,0.344827586,0.2539883740851889,0.09083921191481115
50604,2025,0.482758621,0.2539883740851889,0.22877024691481113
50605,2021,0.64516129,0.3703311545535639,0.2748301354464361
50605,2022,0.307692308,0.3703311545535639,-0.06263884655356389
50605,2023,0.243589744,0.3703311545535639,-0.12674141055356392
50605,2024,0.06,0.3703311545535639,-0.3103311545535639
50605,2025,0.391304348,0.3703311545535639,0.02097319344643611
50606,2021,0.348484848,0.4063664891787391,-0.05788164117873906
50606,2022,0.333333333,0.4063664891787391,-0.07303315617873907
50606,2023,0.222222222,0.4063664891787391,-0.18414426717873908
50606,2024,0.296875,0.4063664891787391,-0.10949148917873908
50606,2025,0.296875,0.4063664891787391,-0.10949148917873908
50607,2021,0.357142857,0.41297549109964166,-0.055832634099641676
50607,2022,0.0,0.41297549109964166,-0.41297549109964166
50607,2023,0.416666667,0.41297549109964166,0.0036911759003583344
50607,2024,0.485714286,0.41297549109964166,0.07273879490035834
50607,2025,0.575757576,0.41297549109964166,0.16278208490035834
50608,2021,0.058823529,0.2818036227086416,-0.22298009370864164
50608,2022,0.35,0.2818036227086416,0.06819637729135836
50608,2023,0.230769231,0.2818036227086416,-0.05103439170864163
50608,2024,0.146341463,0.2818036227086416,-0.13546215970864162
50608,2025,0.2,0.2818036227086416,-0.08180362270864161
50609,2021,0.071428571,0.33542828769359134,-0.26399971669359135
50609,2022,0.0,0.33542828769359134,-0.33542828769359134
50609,2023,0.047619048,0.33542828769359134,-0.28780923969359135
50609,2024,0.19047619,0.33542828769359134,-0.14495209769359135
50609,2025,0.1875,0.33542828769359134,-0.14792828769359134
50610,2021,0.230769231,0.4286070766331406,-0.19783784563314064
50610,2022,0.4,0.4286070766331406,-0.028607076633140605
50610,2023,0.36,0.4286070766331406,-0.06860707663314064
50610,2024,0.4,0.4286070766331406,-0.028607076633140605
50610,2025,0.416666667,0.4286070766331406,-0.011940409633140636
50611,2021,0.446428571,0.41271042221666077,0.03371814878333923
50611,2022,0.583333333,0.41271042221666077,0.17062291078333924
50611,2023,0.285714286,0.41271042221666077,-0.12699613621666078
50611,2024,0.193181818,0.41271042221666077,-0.21952860421666076
50611,2025,0.162790698,0.41271042221666077,-0.24991972421666075
50612,2022,0.36,0.5283964968977167,-0.16839649689771674
50612,2023,0.113636364,0.5283964968977167,-0.41476013289771674
50612,2024,0.083333333,0.5283964968977167,-0.4450631638977167
50612,2025,0.173076923,0.5283964968977167,-0.35531957389771673
50613,2021,0.103448276,0.2341701537903051,-0.13072187779030509
50613,2022,0.181818182,0.2341701537903051,-0.052351971790305096
50613,2023,0.138461538,0.2341701537903051,-0.0957086157903051
50613,2024,0.245283019,0.2341701537903051,0.0111128652096949
50613,2025,0.377777778,0.2341701537903051,0.14360762420969492
50614,2021,0.0,0.3876274297104496,-0.3876274297104496
50614,2022,0.5,0.3876274297104496,0.11237257028955039
50614,2023,0.0,0.3876274297104496,-0.3876274297104496
50614,2024,0.111111111,0.3876274297104496,-0.2765163187104496
50614,2025,0.125,0.3876274297104496,-0.2626274297104496
50615,2021,0.625,0.3425588557884257,0.2824411442115743
50615,2022,0.772727273,0.3425588557884257,0.4301684172115743
50615,2023,0.22,0.3425588557884257,-0.12255885578842571
50615,2024,0.318181818,0.3425588557884257,-0.024377037788425704
50615,2025,0.459459459,0.3425588557884257,0.1169006032115743
50616,2021,0.666666667,0.17786836748439427,0.4887982995156057
50616,2022,0.6,0.17786836748439427,0.4221316325156057
50616,2023,0.708333333,0.17786836748439427,0.5304649655156057
50616,2024,0.103448276,0.17786836748439427,-0.07442009148439427
50616,2025,0.142857143,0.17786836748439427,-0.03501122448439428
50617,2021,0.25,0.4529582348684738,-0.2029582348684738
50617,2022,0.236842105,0.4529582348684738,-0.2161161298684738
50617,2023,0.070422535,0.4529582348684738,-0.3825356998684738
50617,2024,0.116883117,0.4529582348684738,-0.3360751178684738
50617,2025,0.09375,0.4529582348684738,-0.3592082348684738
50618,2021,1.0,0.24459237210887008,0.7554076278911299
50618,2022,0.25,0.24459237210887008,0.005407627891129918
50618,2023,0.147058824,0.24459237210887008,-0.09753354810887008
50618,2024,0.238095238,0.24459237210887008,-0.006497134108870095
50618,2025,0.090909091,0.24459237210887008,-0.15368328110887008
50619,2021,0.782608696,0.42706516047545623,0.3555435355245438
50619,2022,0.511111111,0.42706516047545623,0.08404595052454372
50619,2023,0.371794872,0.42706516047545623,-0.05527028847545623
50619,2024,0.3507109,0.42706516047545623,-0.07635426047545624
50619,2025,0.45814978,0.42706516047545623,0.031084619524543777
50620,2021,0.0,0.21212839227747313,-0.21212839227747313
50620,2022,0.0,0.21212839227747313,-0.21212839227747313
50620,2023,0.055555556,0.21212839227747313,-0.15657283627747312
50620,2024,0.277777778,0.21212839227747313,0.06564938572252685
50620,2025,0.071428571,0.21212839227747313,-0.14069982127747313
50621,2021,0.622222222,0.3972622642428127,0.2249599577571873
50621,2022,0.85,0.3972622642428127,0.4527377357571873
50621,2023,0.788888889,0.3972622642428127,0.3916266247571873
50621,2024,0.686046512,0.3972622642428127,0.2887842477571873
50621,2025,0.8,0.3972622642428127,0.40273773575718735
50701,2021,0.391666667,0.32803397204683077,0.06363269495316926
50701,2022,0.462857143,0.32803397204683077,0.13482317095316926
50701,2023,0.31302521,0.32803397204683077,-0.01500876204683077
50701,2024,0.183982684,0.32803397204683077,-0.14405128804683076
50701,2025,0.08490566,0.32803397204683077,-0.24312831204683077
50702,2021,0.357142857,0.36730676093029424,-0.01016390393029426
50702,2022,0.409090909,0.36730676093029424,0.04178414806970576
50702,2023,0.448979592,0.36730676093029424,0.08167283106970574
50702,2024,0.177777778,0.36730676093029424,-0.18952898293029424
50702,2025,0.472222222,0.36730676093029424,0.10491546106970578
50703,2022,0.666666667,0.40881353539369286,0.25785313160630713
50703,2023,0.111111111,0.40881353539369286,-0.2977024243936929
50703,2024,0.0,0.40881353539369286,-0.40881353539369286
50703,2025,0.222222222,0.40881353539369286,-0.18659131339369286
50704,2021,1.0,0.2658855862236723,0.7341144137763277
50704,2022,0.333333333,0.2658855862236723,0.0674477467763277
50704,2023,0.166666667,0.2658855862236723,-0.09921891922367232
50704,2024,0.444444444,0.2658855862236723,0.17855885777632768
50704,2025,0.470588235,0.2658855862236723,0.2047026487763277
50705,2021,0.788732394,0.3279960622232757,0.46073633177672424
50705,2022,0.880952381,0.3279960622232757,0.5529563187767242
50705,2023,0.684210526,0.3279960622232757,0.3562144637767243
50705,2024,0.828973843,0.3279960622232757,0.5009777807767243
50705,2025,0.800936768,0.3279960622232757,0.4729407057767243
50706,2021,0.741935484,0.2973199711290848,0.44461551287091516
50706,2022,0.444444444,0.2973199711290848,0.14712447287091518
50706,2023,0.091836735,0.2973199711290848,-0.2054832361290848
50706,2024,0.087912088,0.2973199711290848,-0.20940788312908482
50706,2025,0.015873016,0.2973199711290848,-0.2814469551290848
50707,2021,1.0,0.2748738566311037,0.7251261433688962
50707,2022,0.6,0.2748738566311037,0.3251261433688963
50707,2023,0.08,0.2748738566311037,-0.19487385663110368
50707,2024,0.0,0.2748738566311037,-0.2748738566311037
50707,2025,0.166666667,0.2748738566311037,-0.1082071896311037
50708,2021,0.6,0.3625255155720215,0.23747448442797847
50708,2022,0.125,0.3625255155720215,-0.2375255155720215
50708,2023,0.0,0.3625255155720215,-0.3625255155720215
50708,2024,0.083333333,0.3625255155720215,-0.2791921825720215
50708,2025,0.0,0.3625255155720215,-0.3625255155720215
50801,2021,0.3,0.42641703661810376,-0.12641703661810377
50801,2022,0.6375,0.42641703661810376,0.2110829633818962
50801,2023,0.103448276,0.42641703661810376,-0.32296876061810376
50801,2024,0.219354839,0.42641703661810376,-0.20706219761810377
50801,2025,0.297709924,0.42641703661810376,-0.12870711261810375
50802,2021,0.25,0.5599736821423222,-0.30997368214232224
50802,2022,0.0,0.5599736821423222,-0.5599736821423222
50802,2023,0.133333333,0.5599736821423222,-0.42664034914232224
50802,2024,0.090909091,0.5599736821423222,-0.46906459114232224
50802,2025,0.090909091,0.5599736821423222,-0.46906459114232224
50803,2021,0.857142857,0.3493108595296876,0.5078319974703125
50803,2022,0.833333333,0.3493108595296876,0.4840224734703124
50803,2023,0.5,0.3493108595296876,0.1506891404703124
50803,2024,0.4,0.3493108595296876,0.05068914047031242
50803,2025,0.2,0.3493108595296876,-0.1493108595296876
50804,2021,0.6,0.3514603778961279,0.2485396221038721
50804,2022,0.52,0.3514603778961279,0.16853962210387213
50804,2023,0.569620253,0.3514603778961279,0.21815987510387208
50804,2024,0.304347826,0.3514603778961279,-0.0471125518961279
50804,2025,0.212765957,0.3514603778961279,-0.13869442089612788
50805,2021,0.333333333,0.26610074237560005,0.06723259062439996
50805,2022,0.0,0.26610074237560005,-0.26610074237560005
50805,2023,0.2,0.26610074237560005,-0.06610074237560004
50805,2024,0.285714286,0.26610074237560005,0.01961354362439993
50805,2025,0.142857143,0.26610074237560005,-0.12324359937560006
50806,2021,0.19047619,0.49016970788482844,-0.29969351788482845
50806,2022,0.230769231,0.49016970788482844,-0.2594004768848285
50806,2023,0.133333333,0.49016970788482844,-0.35683637488482844
50806,2024,0.079365079,0.49016970788482844,-0.41080462888482844
50806,2025,0.06,0.49016970788482844,-0.43016970788482845
50807,2021,0.285714286,0.21542358988931634,0.07029069611068364
50807,2022,0.333333333,0.21542358988931634,0.11790974311068367
50807,2023,0.066666667,0.21542358988931634,-0.14875692288931636
50807,2024,0.0,0.21542358988931634,-0.21542358988931634
50807,2025,0.0,0.21542358988931634,-0.21542358988931634
50808,2021,0.666666667,0.34317697347882886,0.32348969352117113
50808,2022,0.0,0.34317697347882886,-0.34317697347882886
50808,2023,0.357142857,0.34317697347882886,0.013965883521171119
50808,2024,0.0,0.34317697347882886,-0.34317697347882886
50808,2025,0.0,0.34317697347882886,-0.34317697347882886
50809,2021,0.5,0.3166505605321647,0.18334943946783527
50809,2022,1.0,0.3166505605321647,0.6833494394678352
50809,2023,0.181818182,0.3166505605321647,-0.13483237853216473
50809,2024,0.0,0.3166505605321647,-0.3166505605321647
50809,2025,0.0,0.3166505605321647,-0.3166505605321647
50810,2021,0.571428571,0.4486558925062864,0.1227726784937136
50810,2022,0.142857143,0.4486558925062864,-0.3057987495062864
50810,2023,0.0,0.4486558925062864,-0.4486558925062864
50810,2024,0.0,0.4486558925062864,-0.4486558925062864
50810,2025,0.0,0.4486558925062864,-0.4486558925062864
50901,2021,0.254901961,0.3000075353660521,-0.045105574366052115
50901,2022,0.361702128,0.3000075353660521,0.06169459263394789
50901,2023,0.279569892,0.3000075353660521,-0.02043764336605214
50901,2024,0.113402062,0.3000075353660521,-0.18660547336605213
50901,2025,0.076923077,0.3000075353660521,-0.22308445836605212
50902,2021,0.0,0.3096859241331672,-0.3096859241331672
50902,2022,0.0,0.3096859241331672,-0.3096859241331672
50902,2023,0.0,0.3096859241331672,-0.3096859241331672
50902,2024,0.0,0.3096859241331672,-0.3096859241331672
50902,2025,0.0,0.3096859241331672,-0.3096859241331672
50903,2021,0.428571429,0.36454341043833594,0.06402801856166407
50903,2022,0.25,0.36454341043833594,-0.11454341043833594
50903,2023,0.333333333,0.36454341043833594,-0.031210077438335926
50903,2024,0.181818182,0.36454341043833594,-0.18272522843833594
50903,2025,0.083333333,0.36454341043833594,-0.2812100774383359
50904,2021,0.285714286,0.386148864019611,-0.10043457801961103
50904,2022,0.0,0.386148864019611,-0.386148864019611
50904,2023,0.148148148,0.386148864019611,-0.238000716019611
50904,2024,0.032258065,0.386148864019611,-0.353890799019611
50904,2025,0.076923077,0.386148864019611,-0.309225787019611
50905,2021,0.0,0.34486234234790997,-0.34486234234790997
50905,2022,0.0,0.34486234234790997,-0.34486234234790997
50905,2023,0.125,0.34486234234790997,-0.21986234234790997
50905,2024,0.0,0.34486234234790997,-0.34486234234790997
50905,2025,0.0,0.34486234234790997,-0.34486234234790997
50906,2021,0.0,0.322083021645536,-0.322083021645536
50906,2022,0.1,0.322083021645536,-0.22208302164553598
50906,2023,0.107142857,0.322083021645536,-0.214940164645536
50906,2024,0.0,0.322083021645536,-0.322083021645536
50906,2025,0.090909091,0.322083021645536,-0.23117393064553599
50907,2021,0.25,0.24709568359143258,0.00290431640856742
50907,2022,0.2,0.24709568359143258,-0.04709568359143257
50907,2023,0.5,0.24709568359143258,0.2529043164085674
50907,2024,0.1875,0.24709568359143258,-0.05959568359143258
50907,2025,0.153846154,0.24709568359143258,-0.09324952959143257
50908,2021,0.0,0.2583968962742182,-0.2583968962742182
50908,2022,0.090909091,0.2583968962742182,-0.1674878052742182
50908,2023,0.103448276,0.2583968962742182,-0.15494862027421819
50908,2024,0.03030303,0.2583968962742182,-0.22809386627421818
50908,2025,0.0,0.2583968962742182,-0.2583968962742182
50909,2021,0.363636364,0.3231881367104132,0.0404482272895868
50909,2022,0.111111111,0.3231881367104132,-0.2120770257104132
50909,2023,0.225806452,0.3231881367104132,-0.0973816847104132
50909,2024,0.121212121,0.3231881367104132,-0.20197601571041318
50909,2025,0.307692308,0.3231881367104132,-0.015495828710413162
50910,2021,0.25,0.25106981557759755,-0.0010698155775975549
50910,2022,0.1,0.25106981557759755,-0.15106981557759755
50910,2023,0.130434783,0.25106981557759755,-0.12063503257759756
50910,2024,0.045454545,0.25106981557759755,-0.20561527057759754
50910,2025,0.071428571,0.25106981557759755,-0.17964124457759756
50911,2021,0.25,0.21664330173010074,0.03335669826989926
50911,2022,0.384615385,0.21664330173010074,0.16797208326989924
50911,2023,0.361111111,0.21664330173010074,0.14446780926989924
50911,2024,0.157894737,0.21664330173010074,-0.05874856473010073
50911,2025,0.038461538,0.21664330173010074,-0.17818176373010075
51001,2021,0.428571429,0.22782952414687735,0.20074190485312265
51001,2022,0.411764706,0.22782952414687735,0.18393518185312263
51001,2023,0.285714286,0.22782952414687735,0.057884761853122635
51001,2024,0.068181818,0.22782952414687735,-0.15964770614687734
51001,2025,0.256410256,0.22782952414687735,0.028580731853122654
51002,2021,0.105263158,0.23318027145474396,-0.12791711345474396
51002,2022,0.047619048,0.23318027145474396,-0.18556122345474396
51002,2023,0.048780488,0.23318027145474396,-0.18439978345474395
51002,2024,0.027777778,0.23318027145474396,-0.20540249345474396
51002,2025,0.055555556,0.23318027145474396,-0.17762471545474395
51003,2021,0.25,0.24776443516549565,0.00223556483450435
51003,2022,1.0,0.24776443516549565,0.7522355648345044
51003,2023,0.230769231,0.24776443516549565,-0.01699520416549566
51003,2024,0.125,0.24776443516549565,-0.12276443516549565
51003,2025,0.285714286,0.24776443516549565,0.037949850834504334
51004,2021,0.6,0.2778355282870448,0.3221644717129552
51004,2022,0.0,0.2778355282870448,-0.2778355282870448
51004,2023,0.444444444,0.2778355282870448,0.16660891571295522
51004,2024,0.0,0.2778355282870448,-0.2778355282870448
51004,2025,0.25,0.2778355282870448,-0.027835528287044775
51005,2021,0.196721311,0.3447990790288327,-0.1480777680288327
51005,2022,0.3125,0.3447990790288327,-0.03229907902883272
51005,2023,0.126126126,0.3447990790288327,-0.21867295302883272
51005,2024,0.045454545,0.3447990790288327,-0.2993445340288327
51005,2025,0.074468085,0.3447990790288327,-0.2703309940288327
51006,2021,0.0,0.2695428085319376,-0.2695428085319376
51006,2022,0.0,0.2695428085319376,-0.2695428085319376
51006,2023,0.055555556,0.2695428085319376,-0.21398725253193762
51006,2024,0.1,0.2695428085319376,-0.16954280853193762
51006,2025,0.166666667,0.2695428085319376,-0.10287614153193764
51007,2021,0.0,0.23294191660373295,-0.23294191660373295
51007,2022,0.428571429,0.23294191660373295,0.19562951239626705
51007,2023,0.409090909,0.23294191660373295,0.17614899239626705
51007,2024,0.0,0.23294191660373295,-0.23294191660373295
51007,2025,0.055555556,0.23294191660373295,-0.17738636060373295
51008,2021,0.384615385,0.35293319275578583,0.03168219224421415
51008,2022,0.333333333,0.35293319275578583,-0.01959985975578582
51008,2023,0.37037037,0.35293319275578583,0.017437177244214175
51008,2024,0.027777778,0.35293319275578583,-0.32515541475578585
51008,2025,0.057142857,0.35293319275578583,-0.29579033575578584
51009,2021,0.294117647,0.2154196183537851,0.07869802864621489
51009,2022,0.2,0.2154196183537851,-0.01541961835378508
51009,2023,0.071428571,0.2154196183537851,-0.1439910473537851
51009,2024,0.09375,0.2154196183537851,-0.12166961835378509
51009,2025,0.129032258,0.2154196183537851,-0.08638736035378508
51010,2021,0.461538462,0.23952634315838597,0.222012118841614
51010,2022,0.368421053,0.23952634315838597,0.12889470984161402
51010,2023,0.338709677,0.23952634315838597,0.09918333384161401
51010,2024,0.12,0.23952634315838597,-0.11952634315838598
51010,2025,0.3,0.23952634315838597,0.060473656841614015
51011,2021,0.166666667,0.32658431138168575,-0.15991764438168576
51011,2022,0.30952381,0.32658431138168575,-0.017060501381685744
51011,2023,0.341463415,0.32658431138168575,0.014879103618314238
51011,2024,0.175,0.32658431138168575,-0.15158431138168577
51011,2025,0.073529412,0.32658431138168575,-0.25305489938168574
51012,2021,0.023255814,0.22010828682405437,-0.19685247282405438
51012,2022,0.12,0.22010828682405437,-0.10010828682405437
51012,2023,0.075,0.22010828682405437,-0.14510828682405436
51012,2024,0.056338028,0.22010828682405437,-0.16377025882405438
51012,2025,0.1,0.22010828682405437,-0.12010828682405436
51101,2021,0.339130435,0.3128177229425041,0.026312712057495913
51101,2022,0.394736842,0.3128177229425041,0.08191911905749588
51101,2023,0.236,0.3128177229425041,-0.07681772294250411
51101,2024,0.133928571,0.3128177229425041,-0.1788891519425041
51101,2025,0.134020619,0.3128177229425041,-0.1787971039425041
51102,2021,0.285714286,0.22931007623893776,0.056404209761062224
51102,2022,0.333333333,0.22931007623893776,0.10402325676106225
51102,2023,0.115384615,0.22931007623893776,-0.11392546123893776
51102,2024,0.235294118,0.22931007623893776,0.0059840417610622365
51102,2025,0.0,0.22931007623893776,-0.22931007623893776
51103,2021,0.0,0.19990315934158345,-0.19990315934158345
51103,2022,0.0,0.19990315934158345,-0.19990315934158345
51103,2023,0.0,0.19990315934158345,-0.19990315934158345
51103,2024,0.052631579,0.19990315934158345,-0.14727158034158344
51103,2025,0.071428571,0.19990315934158345,-0.12847458834158346
51104,2021,0.333333333,0.2481033687975795,0.08522996420242052
51104,2022,0.058823529,0.2481033687975795,-0.1892798397975795
51104,2023,0.134615385,0.2481033687975795,-0.11348798379757949
51104,2024,0.04,0.2481033687975795,-0.20810336879757949
51104,2025,0.048780488,0.2481033687975795,-0.19932288079757948
51105,2021,0.263157895,0.18008581911809796,0.08307207588190202
51105,2022,0.222222222,0.18008581911809796,0.04213640288190204
51105,2023,0.230769231,0.18008581911809796,0.050683411881902035
51105,2024,0.023809524,0.18008581911809796,-0.15627629511809796
51105,2025,0.138888889,0.18008581911809796,-0.04119693011809797
51106,2021,0.111111111,0.2878886842497429,-0.17677757324974291
51106,2022,0.0,0.2878886842497429,-0.2878886842497429
51106,2023,0.058823529,0.2878886842497429,-0.2290651552497429
51106,2024,0.1875,0.2878886842497429,-0.1003886842497429
51106,2025,0.066666667,0.2878886842497429,-0.22122201724974289
51107,2021,0.0,0.2932573683521634,-0.2932573683521634
51107,2022,0.3,0.2932573683521634,0.006742631647836617
51107,2023,0.045454545,0.2932573683521634,-0.24780282335216336
51107,2024,0.037037037,0.2932573683521634,-0.2562203313521634
51107,2025,0.0,0.2932573683521634,-0.2932573683521634
51108,2021,0.467741935,0.24032164954173088,0.22742028545826912
51108,2022,0.418604651,0.24032164954173088,0.1782830014582691
51108,2023,0.352112676,0.24032164954173088,0.11179102645826913
51108,2024,0.240875912,0.24032164954173088,0.0005542624582691169
51108,2025,0.170212766,0.24032164954173088,-0.0701088835417309
60101,2021,0.155230126,0.24483783391675257,-0.08960770791675257
60101,2022,0.172048193,0.24483783391675257,-0.07278964091675258
60101,2023,0.115971357,0.24483783391675257,-0.12886647691675257
60101,2024,0.150449102,0.24483783391675257,-0.09438873191675257
60101,2025,0.071053051,0.24483783391675257,-0.17378478291675256
60102,2021,0.131578947,0.22621073690103277,-0.09463178990103277
60102,2022,0.23880597,0.22621073690103277,0.012595233098967235
60102,2023,0.084249084,0.22621073690103277,-0.14196165290103277
60102,2024,0.18503937,0.22621073690103277,-0.04117136690103276
60102,2025,0.101321586,0.22621073690103277,-0.12488915090103277
60103,2021,0.282608696,0.20650489155029678,0.07610380444970322
60103,2022,0.243243243,0.20650489155029678,0.03673835144970322
60103,2023,0.168831169,0.20650489155029678,-0.03767372255029677
60103,2024,0.13740458,0.20650489155029678,-0.06910031155029678
60103,2025,0.19,0.20650489155029678,-0.016504891550296774
60104,2021,0.35106383,0.2530610623273698,0.09800276767263022
60104,2022,0.194444444,0.2530610623273698,-0.05861661832736981
60104,2023,0.161048689,0.2530610623273698,-0.0920123733273698
60104,2024,0.211604096,0.2530610623273698,-0.04145696632736981
60104,2025,0.188888889,0.2530610623273698,-0.0641721733273698
60105,2021,0.288590604,0.30582442507790897,-0.017233821077908995
60105,2022,0.243902439,0.30582442507790897,-0.06192198607790897
60105,2023,0.184705882,0.30582442507790897,-0.12111854307790898
60105,2024,0.114355231,0.30582442507790897,-0.19146919407790897
60105,2025,0.105691057,0.30582442507790897,-0.20013336807790896
60106,2021,0.262237762,0.20553775837372892,0.05670000362627106
60106,2022,0.355263158,0.20553775837372892,0.1497253996262711
60106,2023,0.197747184,0.20553775837372892,-0.007790574373728931
60106,2024,0.177108434,0.20553775837372892,-0.028429324373728915
60106,2025,0.148091603,0.20553775837372892,-0.057446155373728935
60107,2021,0.211538462,0.211946629472702,-0.00040816747270197573
60107,2022,0.310810811,0.211946629472702,0.09886418152729803
60107,2023,0.114551084,0.211946629472702,-0.09739554547270199
60107,2024,0.2,0.211946629472702,-0.011946629472701975
60107,2025,0.081712062,0.211946629472702,-0.13023456747270198
60108,2021,0.229555237,0.23298743335831085,-0.0034321963583108517
60108,2022,0.336283186,0.23298743335831085,0.10329575264168916
60108,2023,0.170064644,0.23298743335831085,-0.06292278935831086
60108,2024,0.149360614,0.23298743335831085,-0.08362681935831084
60108,2025,0.088727679,0.23298743335831085,-0.14425975435831084
60109,2021,0.129310345,0.20466701123664605,-0.07535666623664605
60109,2022,0.2,0.20466701123664605,-0.004667011236646035
60109,2023,0.15542522,0.20466701123664605,-0.04924179123664604
60109,2024,0.11550152,0.20466701123664605,-0.08916549123664605
60109,2025,0.08490566,0.20466701123664605,-0.11976135123664605
60110,2021,0.378378378,0.27227448393231357,0.10610389406768644
60110,2022,0.3,0.27227448393231357,0.027725516067686418
60110,2023,0.072072072,0.27227448393231357,-0.20020241193231358
60110,2024,0.1875,0.27227448393231357,-0.08477448393231357
60110,2025,0.209302326,0.27227448393231357,-0.06297215793231356
60111,2021,0.340782123,0.22375848453914254,0.11702363846085745
60111,2022,0.299363057,0.22375848453914254,0.07560457246085744
60111,2023,0.183752418,0.22375848453914254,-0.04000606653914254
60111,2024,0.16122449,0.22375848453914254,-0.06253399453914255
60111,2025,0.053488372,0.22375848453914254,-0.17027011253914254
60112,2021,0.204545455,0.2022111180164094,0.0023343369835905903
60112,2022,0.265306122,0.2022111180164094,0.06309500398359058
60112,2023,0.154320988,0.2022111180164094,-0.047890130016409405
60112,2024,0.171974522,0.2022111180164094,-0.030236596016409406
60112,2025,0.154362416,0.2022111180164094,-0.047848702016409395
60201,2021,0.28606357,0.21869459349201625,0.06736897650798374
60201,2022,0.286908078,0.21869459349201625,0.06821348450798376
60201,2023,0.154787617,0.21869459349201625,-0.06390697649201627
60201,2024,0.162404976,0.21869459349201625,-0.05628961749201625
60201,2025,0.105882353,0.21869459349201625,-0.11281224049201626
60202,2021,0.618181818,0.29958995586728127,0.3185918621327188
60202,2022,0.591647332,0.29958995586728127,0.2920573761327187
60202,2023,0.429289304,0.29958995586728127,0.12969934813271872
60202,2024,0.370579915,0.29958995586728127,0.07098995913271872
60202,2025,0.346891788,0.29958995586728127,0.04730183213271871
60203,2021,0.49122807,0.21550052533225156,0.27572754466774846
60203,2022,0.432773109,0.21550052533225156,0.21727258366774843
60203,2023,0.333793103,0.21550052533225156,0.11829257766774842
60203,2024,0.295081967,0.21550052533225156,0.07958144166774844
60203,2025,0.31433506,0.21550052533225156,0.09883453466774844
60204,2021,0.516129032,0.33908791613917344,0.1770411158608266
60204,2022,0.438016529,0.33908791613917344,0.09892861286082655
60204,2023,0.247011952,0.33908791613917344,-0.09207596413917343
60204,2024,0.233261339,0.33908791613917344,-0.10582657713917343
60204,2025,0.363636364,0.33908791613917344,0.02454844786082655
60301,2021,0.340996169,0.24223165036143732,0.0987645186385627
60301,2022,0.40562249,0.24223165036143732,0.16339083963856268
60301,2023,0.231023102,0.24223165036143732,-0.01120854836143731
60301,2024,0.289285714,0.24223165036143732,0.04705406363856271
60301,2025,0.221674877,0.24223165036143732,-0.020556773361437325
60302,2021,0.466666667,0.2599931019175516,0.20667356508244838
60302,2022,0.285714286,0.2599931019175516,0.02572118408244839
60302,2023,0.28125,0.2599931019175516,0.021256898082448406
60302,2024,0.136842105,0.2599931019175516,-0.1231509969175516
60302,2025,0.08988764,0.2599931019175516,-0.1701054619175516
60303,2021,0.41,0.34860222048976275,0.06139777951023723
60303,2022,0.25,0.34860222048976275,-0.09860222048976275
60303,2023,0.202898551,0.34860222048976275,-0.14570366948976274
60303,2024,0.193442623,0.34860222048976275,-0.15515959748976274
60303,2025,0.07063197,0.34860222048976275,-0.27797025048976276
60304,2021,0.0703125,0.229591814786767,-0.159279314786767
60304,2022,0.184782609,0.229591814786767,-0.044809205786767003
60304,2023,0.142857143,0.229591814786767,-0.086734671786767
60304,2024,0.150485437,0.229591814786767,-0.07910637778676699
60304,2025,0.052770449,0.229591814786767,-0.176821365786767
60305,2021,0.0,0.24379219837018404,-0.24379219837018404
60305,2022,0.5,0.24379219837018404,0.25620780162981593
60305,2023,0.111111111,0.24379219837018404,-0.13268108737018403
60305,2024,0.142857143,0.24379219837018404,-0.10093505537018405
60305,2025,0.0,0.24379219837018404,-0.24379219837018404
60306,2021,0.162162162,0.22075438418362459,-0.05859222218362459
60306,2022,0.263157895,0.22075438418362459,0.04240351081637539
60306,2023,0.20754717,0.22075438418362459,-0.013207214183624583
60306,2024,0.13559322,0.22075438418362459,-0.0851611641836246
60306,2025,0.045454545,0.22075438418362459,-0.17529983918362457
60307,2021,0.289855072,0.21456156253745765,0.07529350946254235
60307,2022,0.260869565,0.21456156253745765,0.04630800246254238
60307,2023,0.225806452,0.21456156253745765,0.011244889462542346
60307,2024,0.182432432,0.21456156253745765,-0.03212913053745764
60307,2025,0.190789474,0.21456156253745765,-0.02377208853745766
60308,2021,0.272727273,0.2627274728129662,0.00999980018703378
60308,2022,0.310344828,0.2627274728129662,0.047617355187033805
60308,2023,0.158844765,0.2627274728129662,-0.10388270781296621
60308,2024,0.118110236,0.2627274728129662,-0.14461723681296623
60308,2025,0.115740741,0.2627274728129662,-0.14698673181296623
60309,2021,0.15,0.21504279639776458,-0.06504279639776459
60309,2022,0.021276596,0.21504279639776458,-0.19376620039776457
60309,2023,0.08097166,0.21504279639776458,-0.13407113639776458
60309,2024,0.080645161,0.21504279639776458,-0.13439763539776456
60309,2025,0.026200873,0.21504279639776458,-0.18884192339776457
60310,2021,0.151785714,0.19353854618573924,-0.04175283218573925
60310,2022,0.278350515,0.19353854618573924,0.08481196881426079
60310,2023,0.172248804,0.19353854618573924,-0.02128974218573923
60310,2024,0.127853881,0.19353854618573924,-0.06568466518573923
60310,2025,0.047619048,0.19353854618573924,-0.14591949818573924
60311,2021,0.416666667,0.23606058266850755,0.18060608433149244
60311,2022,0.1,0.23606058266850755,-0.13606058266850754
60311,2023,0.228571429,0.23606058266850755,-0.007489153668507553
60311,2024,0.0,0.23606058266850755,-0.23606058266850755
60311,2025,0.222222222,0.23606058266850755,-0.013838360668507549
60312,2021,0.219178082,0.28021300373251684,-0.061034921732516845
60312,2022,0.256410256,0.28021300373251684,-0.023802747732516838
60312,2023,0.115555556,0.28021300373251684,-0.16465744773251684
60312,2024,0.068965517,0.28021300373251684,-0.21124748673251684
60312,2025,0.025510204,0.28021300373251684,-0.25470279973251686
60401,2021,0.183574879,0.20816171122877467,-0.02458683222877467
60401,2022,0.249350649,0.20816171122877467,0.04118893777122534
60401,2023,0.129239766,0.20816171122877467,-0.07892194522877466
60401,2024,0.191413238,0.20816171122877467,-0.016748473228774652
60401,2025,0.180745342,0.20816171122877467,-0.027416369228774662
60402,2021,0.303030303,0.36903694441028057,-0.06600664141028056
60402,2022,0.111111111,0.36903694441028057,-0.2579258334102806
60402,2023,0.137614679,0.36903694441028057,-0.23142226541028058
60402,2024,0.145631068,0.36903694441028057,-0.22340587641028056
60402,2025,0.25,0.36903694441028057,-0.11903694441028057
60403,2021,0.85,0.22998971358287507,0.6200102864171249
60403,2022,0.8,0.22998971358287507,0.570010286417125
60403,2023,0.627272727,0.22998971358287507,0.39728301341712496
60403,2024,0.352941176,0.22998971358287507,0.12295146241712496
60403,2025,0.084210526,0.22998971358287507,-0.14577918758287506
60404,2021,0.0,0.21784957044221676,-0.21784957044221676
60404,2022,0.0,0.21784957044221676,-0.21784957044221676
60404,2023,0.0,0.21784957044221676,-0.21784957044221676
60404,2024,0.059405941,0.21784957044221676,-0.15844362944221677
60404,2025,0.011363636,0.21784957044221676,-0.20648593444221675
60405,2021,0.125,0.20606771273477453,-0.08106771273477453
60405,2022,0.0,0.20606771273477453,-0.20606771273477453
60405,2023,0.038461538,0.20606771273477453,-0.16760617473477452
60405,2024,0.083333333,0.20606771273477453,-0.12273437973477454
60405,2025,0.088235294,0.20606771273477453,-0.11783241873477453
60406,2021,0.037037037,0.31319102599012993,-0.27615398899012994
60406,2022,0.0,0.31319102599012993,-0.31319102599012993
60406,2023,0.0875,0.31319102599012993,-0.22569102599012994
60406,2024,0.037974684,0.31319102599012993,-0.27521634199012995
60406,2025,0.092592593,0.31319102599012993,-0.22059843299012993
60407,2021,0.259259259,0.1889683194552568,0.07029093954474322
60407,2022,0.096774194,0.1889683194552568,-0.0921941254552568
60407,2023,0.053691275,0.1889683194552568,-0.1352770444552568
60407,2024,0.171232877,0.1889683194552568,-0.017735442455256795
60407,2025,0.1,0.1889683194552568,-0.0889683194552568
60408,2021,0.270833333,0.18722112151083722,0.08361221148916279
60408,2022,0.129032258,0.18722112151083722,-0.05818886351083721
60408,2023,0.094972067,0.18722112151083722,-0.09224905451083723
60408,2024,0.105263158,0.18722112151083722,-0.08195796351083723
60408,2025,0.038461538,0.18722112151083722,-0.14875958351083723
60409,2021,0.35,0.23152546607968333,0.11847453392031665
60409,2022,0.283018868,0.23152546607968333,0.05149340192031665
60409,2023,0.2875,0.23152546607968333,0.05597453392031665
60409,2024,0.222672065,0.23152546607968333,-0.008853401079683326
60409,2025,0.130653266,0.23152546607968333,-0.10087220007968334
60410,2021,0.279069767,0.17265822829335017,0.10641153870664985
60410,2022,0.0546875,0.17265822829335017,-0.11797072829335017
60410,2023,0.021798365,0.17265822829335017,-0.15085986329335016
60410,2024,0.061688312,0.17265822829335017,-0.11096991629335018
60410,2025,0.032490975,0.17265822829335017,-0.14016725329335017
60411,2021,0.656716418,0.22880460476656472,0.4279118132334353
60411,2022,0.586206897,0.22880460476656472,0.3574022922334352
60411,2023,0.398305085,0.22880460476656472,0.16950048023343528
60411,2024,0.539473684,0.22880460476656472,0.31066907923343523
60411,2025,0.586387435,0.22880460476656472,0.3575828302334353
60412,2021,0.666666667,0.41095600667769633,0.25571066032230366
60412,2022,0.648648649,0.41095600667769633,0.23769264232230364
60412,2023,0.625,0.41095600667769633,0.21404399332230367
60412,2024,0.528735632,0.41095600667769633,0.11777962532230363
60412,2025,0.422535211,0.41095600667769633,0.011579204322303693
60413,2021,0.166666667,0.16738988607571328,-0.0007232190757132939
60413,2022,0.127272727,0.16738988607571328,-0.04011715907571328
60413,2023,0.073298429,0.16738988607571328,-0.09409145707571329
60413,2024,0.157303371,0.16738988607571328,-0.010086515075713287
60413,2025,0.083870968,0.16738988607571328,-0.08351891807571328
60414,2021,0.272727273,0.18963974475675596,0.08308752824324403
60414,2022,0.055555556,0.18963974475675596,-0.13408418875675596
60414,2023,0.146341463,0.18963974475675596,-0.04329828175675596
60414,2024,0.394736842,0.18963974475675596,0.20509709724324401
60414,2025,0.25,0.18963974475675596,0.06036025524324404
60415,2021,0.514563107,0.33549068797559173,0.17907241902440824
60415,2022,0.460674157,0.33549068797559173,0.12518346902440824
60415,2023,0.228571429,0.33549068797559173,-0.10691925897559174
60415,2024,0.197761194,0.33549068797559173,-0.13772949397559173
60415,2025,0.158119658,0.33549068797559173,-0.17737102997559173
60416,2021,1.0,0.2668763572587065,0.7331236427412935
60416,2022,0.8,0.2668763572587065,0.5331236427412935
60416,2023,0.64,0.2668763572587065,0.3731236427412935
60416,2024,0.5,0.2668763572587065,0.2331236427412935
60416,2025,0.526315789,0.2668763572587065,0.25943943174129347
60417,2021,0.251612903,0.19959126924324944,0.05202163375675056
60417,2022,0.12987013,0.19959126924324944,-0.06972113924324944
60417,2023,0.095238095,0.19959126924324944,-0.10435317424324944
60417,2024,0.11622807,0.19959126924324944,-0.08336319924324943
60417,2025,0.042895442,0.19959126924324944,-0.15669582724324943
60418,2021,0.428571429,0.25328477803007476,0.17528665096992524
60418,2022,0.0,0.25328477803007476,-0.25328477803007476
60418,2023,0.083333333,0.25328477803007476,-0.16995144503007475
60418,2024,0.181818182,0.25328477803007476,-0.07146659603007477
60418,2025,0.166666667,0.25328477803007476,-0.08661811103007477
60419,2021,0.171171171,0.17726222594938754,-0.0060910549493875255
60419,2022,0.225,0.17726222594938754,0.04773777405061247
60419,2023,0.105882353,0.17726222594938754,-0.07137987294938754
60419,2024,0.107266436,0.17726222594938754,-0.06999578994938753
60419,2025,0.115107914,0.17726222594938754,-0.06215431194938753
60501,2021,0.430107527,0.2336895887236612,0.1964179382763388
60501,2022,0.477272727,0.2336895887236612,0.24358313827633882
60501,2023,0.243589744,0.2336895887236612,0.009900155276338807
60501,2024,0.294392523,0.2336895887236612,0.06070293427633883
60501,2025,0.277777778,0.2336895887236612,0.044088189276338785
60502,2021,0.090909091,0.24462793716784095,-0.15371884616784096
60502,2022,0.184210526,0.24462793716784095,-0.06041741116784094
60502,2023,0.153333333,0.24462793716784095,-0.09129460416784096
60502,2024,0.211678832,0.24462793716784095,-0.03294910516784094
60502,2025,0.274193548,0.24462793716784095,0.029565610832159056
60503,2021,0.0625,0.20164499667803876,-0.13914499667803876
60503,2022,0.0,0.20164499667803876,-0.20164499667803876
60503,2023,0.116666667,0.20164499667803876,-0.08497832967803876
60503,2024,0.155555556,0.20164499667803876,-0.046089440678038746
60503,2025,0.255813953,0.20164499667803876,0.054168956321961226
60504,2021,0.16,0.206023035277228,-0.04602303527722801
60504,2022,0.5625,0.206023035277228,0.356476964722772
60504,2023,0.195652174,0.206023035277228,-0.010370861277228
60504,2024,0.233333333,0.206023035277228,0.027310297722771992
60504,2025,0.101123596,0.206023035277228,-0.10489943927722802
60505,2021,0.042553191,0.2649724907238929,-0.2224192997238929
60505,2022,0.263157895,0.2649724907238929,-0.00181459572389292
60505,2023,0.243243243,0.2649724907238929,-0.021729247723892897
60505,2024,0.315217391,0.2649724907238929,0.05024490027610712
60505,2025,0.178947368,0.2649724907238929,-0.0860251227238929
60506,2021,0.0,0.16354007079288155,-0.16354007079288155
60506,2022,0.333333333,0.16354007079288155,0.16979326220711846
60506,2023,0.076923077,0.16354007079288155,-0.08661699379288154
60506,2024,0.0,0.16354007079288155,-0.16354007079288155
60506,2025,0.0,0.16354007079288155,-0.16354007079288155
60507,2021,0.0,0.39030130843161004,-0.39030130843161004
60507,2022,0.0,0.39030130843161004,-0.39030130843161004
60507,2023,0.045454545,0.39030130843161004,-0.34484676343161
60507,2024,0.0,0.39030130843161004,-0.39030130843161004
60507,2025,0.0,0.39030130843161004,-0.39030130843161004
60508,2021,0.058823529,0.16824700524177705,-0.10942347624177705
60508,2022,0.183098592,0.16824700524177705,0.014851586758222957
60508,2023,0.056338028,0.16824700524177705,-0.11190897724177705
60508,2024,0.009389671,0.16824700524177705,-0.15885733424177706
60508,2025,0.005347594,0.16824700524177705,-0.16289941124177704
60601,2021,0.265206813,0.2576537040309714,0.00755310896902861
60601,2022,0.284507042,0.2576537040309714,0.026853337969028612
60601,2023,0.347587719,0.2576537040309714,0.08993401496902864
60601,2024,0.141463415,0.2576537040309714,-0.11619028903097137
60601,2025,0.073216521,0.2576537040309714,-0.18443718303097137
60602,2021,0.116071429,0.25077355931360507,-0.13470213031360506
60602,2022,0.14,0.25077355931360507,-0.11077355931360505
60602,2023,0.0675,0.25077355931360507,-0.18327355931360506
60602,2024,0.193548387,0.25077355931360507,-0.05722517231360508
60602,2025,0.108033241,0.25077355931360507,-0.14274031831360506
60603,2021,0.037037037,0.1561816876398652,-0.11914465063986521
60603,2022,0.041666667,0.1561816876398652,-0.11451502063986521
60603,2023,0.074074074,0.1561816876398652,-0.0821076136398652
60603,2024,0.013157895,0.1561816876398652,-0.1430237926398652
60603,2025,0.012987013,0.1561816876398652,-0.1431946746398652
60604,2021,0.176470588,0.19612301146865183,-0.019652423468651814
60604,2022,0.3,0.19612301146865183,0.10387698853134816
60604,2023,0.14893617,0.19612301146865183,-0.04718684146865182
60604,2024,0.096385542,0.19612301146865183,-0.09973746946865182
60604,2025,0.154929577,0.19612301146865183,-0.04119343446865181
60605,2021,0.0,0.1793211210204935,-0.1793211210204935
60605,2022,0.0,0.1793211210204935,-0.1793211210204935
60605,2023,0.0,0.1793211210204935,-0.1793211210204935
60605,2024,0.048611111,0.1793211210204935,-0.13071001002049348
60605,2025,0.016528926,0.1793211210204935,-0.1627921950204935
60606,2021,0.076923077,0.2076390753677219,-0.13071599836772188
60606,2022,0.117647059,0.2076390753677219,-0.08999201636772189
60606,2023,0.053191489,0.2076390753677219,-0.15444758636772188
60606,2024,0.034482759,0.2076390753677219,-0.17315631636772189
60606,2025,0.220858896,0.2076390753677219,0.013219820632278112
60607,2021,0.101010101,0.2999114326826223,-0.1989013316826223
60607,2022,0.115702479,0.2999114326826223,-0.18420895368262233
60607,2023,0.06042885,0.2999114326826223,-0.23948258268262232
60607,2024,0.108559499,0.2999114326826223,-0.19135193368262232
60607,2025,0.119804401,0.2999114326826223,-0.18010703168262232
60608,2021,0.345454545,0.16063652899600647,0.18481801600399353
60608,2022,0.573770492,0.16063652899600647,0.4131339630039935
60608,2023,0.295302013,0.16063652899600647,0.1346654840039935
60608,2024,0.087837838,0.16063652899600647,-0.07279869099600647
60608,2025,0.030075188,0.16063652899600647,-0.13056134099600647
60609,2021,0.227272727,0.21839597186150023,0.008876755138499781
60609,2022,0.142857143,0.21839597186150023,-0.07553882886150023
60609,2023,0.162162162,0.21839597186150023,-0.05623380986150023
60609,2024,0.095652174,0.21839597186150023,-0.12274379786150022
60609,2025,0.0375,0.21839597186150023,-0.18089597186150022
60610,2021,0.076923077,0.2318794567970821,-0.1549563797970821
60610,2022,0.066666667,0.2318794567970821,-0.1652127897970821
60610,2023,0.012048193,0.2318794567970821,-0.2198312637970821
60610,2024,0.049382716,0.2318794567970821,-0.1824967407970821
60610,2025,0.044776119,0.2318794567970821,-0.1871033377970821
60611,2021,0.2,0.2240931683594614,-0.024093168359461375
60611,2022,0.257142857,0.2240931683594614,0.033049688640538616
60611,2023,0.298969072,0.2240931683594614,0.07487590364053862
60611,2024,0.4125,0.2240931683594614,0.1884068316405386
60611,2025,0.024691358,0.2240931683594614,-0.1994018103594614
60612,2021,0.128205128,0.20413438032748749,-0.07592925232748748
60612,2022,0.208333333,0.20413438032748749,0.004198952672512524
60612,2023,0.106741573,0.20413438032748749,-0.09739280732748748
60612,2024,0.367021277,0.20413438032748749,0.1628868966725125
60612,2025,0.086092715,0.20413438032748749,-0.11804166532748749
60613,2021,0.246376812,0.23174705649078886,0.01462975550921114
60613,2022,0.140625,0.23174705649078886,-0.09112205649078886
60613,2023,0.125490196,0.23174705649078886,-0.10625686049078886
60613,2024,0.229571984,0.23174705649078886,-0.002175072490788854
60613,2025,0.195918367,0.23174705649078886,-0.03582868949078885
60614,2021,0.095890411,0.2006590826298277,-0.10476867162982771
60614,2022,0.073170732,0.2006590826298277,-0.12748835062982772
60614,2023,0.035135135,0.2006590826298277,-0.1655239476298277
60614,2024,0.106936416,0.2006590826298277,-0.0937226666298277
60614,2025,0.049808429,0.2006590826298277,-0.1508506536298277
60615,2021,0.4,0.20283991004502544,0.19716008995497458
60615,2022,0.307692308,0.20283991004502544,0.10485239795497459
60615,2023,0.128205128,0.20283991004502544,-0.07463478204502544
60615,2024,0.135135135,0.20283991004502544,-0.06770477504502545
60615,2025,0.135135135,0.20283991004502544,-0.06770477504502545
60701,2021,0.19266055,0.2043589652074714,-0.011698415207471391
60701,2022,0.270541082,0.2043589652074714,0.06618211679252858
60701,2023,0.120711563,0.2043589652074714,-0.08364740220747141
60701,2024,0.138038171,0.2043589652074714,-0.06632079420747142
60701,2025,0.061620573,0.2043589652074714,-0.14273839220747142
60702,2021,0.448275862,0.22687719962772485,0.22139866237227518
60702,2022,0.368421053,0.22687719962772485,0.14154385337227515
60702,2023,0.2,0.22687719962772485,-0.026877199627724835
60702,2024,0.142857143,0.22687719962772485,-0.08402005662772485
60702,2025,0.073529412,0.22687719962772485,-0.15334778762772483
60703,2021,0.45631068,0.2953761845817455,0.1609344954182545
60703,2022,0.509259259,0.2953761845817455,0.2138830744182545
60703,2023,0.32987013,0.2953761845817455,0.03449394541825446
60703,2024,0.162464986,0.2953761845817455,-0.13291119858174552
60703,2025,0.164037855,0.2953761845817455,-0.13133832958174552
60801,2021,0.329062711,0.2273107708281921,0.10175194017180791
60801,2022,0.370188943,0.2273107708281921,0.1428781721718079
60801,2023,0.212378641,0.2273107708281921,-0.014932129828192087
60801,2024,0.216326531,0.2273107708281921,-0.010984239828192105
60801,2025,0.155910908,0.2273107708281921,-0.0713998628281921
60802,2021,0.195121951,0.16288618397552795,0.032235767024472034
60802,2022,0.244897959,0.16288618397552795,0.08201177502447204
60802,2023,0.097264438,0.16288618397552795,-0.06562174597552796
60802,2024,0.064250412,0.16288618397552795,-0.09863577197552795
60802,2025,0.062962963,0.16288618397552795,-0.09992322097552796
60803,2021,0.211678832,0.23205682693103977,-0.020377994931039756
60803,2022,0.301675978,0.23205682693103977,0.06961915106896024
60803,2023,0.189701897,0.23205682693103977,-0.04235492993103976
60803,2024,0.352480418,0.23205682693103977,0.12042359106896025
60803,2025,0.623036649,0.23205682693103977,0.3909798220689602
60804,2021,0.286764706,0.24595204110604485,0.04081266489395513
60804,2022,0.2890625,0.24595204110604485,0.04311045889395515
60804,2023,0.209606987,0.24595204110604485,-0.036345054106044855
60804,2024,0.334963325,0.24595204110604485,0.08901128389395513
60804,2025,0.347826087,0.24595204110604485,0.10187404589395516
60805,2021,0.258928571,0.21380470248446984,0.04512386851553016
60805,2022,0.373626374,0.21380470248446984,0.15982167151553014
60805,2023,0.197568389,0.21380470248446984,-0.016236313484469828
60805,2024,0.383116883,0.21380470248446984,0.16931218051553018
60805,2025,0.097142857,0.21380470248446984,-0.11666184548446984
60806,2021,0.547619048,0.19911553062662413,0.3485035173733759
60806,2022,0.844444444,0.19911553062662413,0.6453289133733758
60806,2023,0.445054945,0.19911553062662413,0.24593941437337585
60806,2024,0.439759036,0.19911553062662413,0.24064350537337587
60806,2025,0.316176471,0.19911553062662413,0.11706094037337589
60807,2021,0.15,0.23181980410283567,-0.08181980410283568
60807,2022,0.218045113,0.23181980410283567,-0.013774691102835662
60807,2023,0.137554585,0.23181980410283567,-0.09426521910283567
60807,2024,0.2147806,0.23181980410283567,-0.017039204102835687
60807,2025,0.248780488,0.23181980410283567,0.01696068389716432
60808,2021,0.454545455,0.2371411564137888,0.2174042985862112
60808,2022,0.346666667,0.2371411564137888,0.10952551058621118
60808,2023,0.14516129,0.2371411564137888,-0.0919798664137888
60808,2024,0.347490347,0.2371411564137888,0.11034919058621118
60808,2025,0.340080972,0.2371411564137888,0.10293981558621118
60809,2021,0.336538462,0.27391400464818877,0.06262445735181121
60809,2022,0.462365591,0.27391400464818877,0.18845158635181125
60809,2023,0.201612903,0.27391400464818877,-0.07230110164818876
60809,2024,0.476744186,0.27391400464818877,0.20283018135181125
60809,2025,0.1625,0.27391400464818877,-0.11141400464818876
60810,2021,0.543478261,0.24937757635652166,0.29410068464347827
60810,2022,0.440677966,0.24937757635652166,0.1913003896434783
60810,2023,0.459459459,0.24937757635652166,0.21008188264347835
60810,2024,0.515923567,0.24937757635652166,0.2665459906434783
60810,2025,0.510948905,0.24937757635652166,0.2615713286434783
60811,2021,0.333333333,0.2531156283761467,0.0802177046238533
60811,2022,0.272727273,0.2531156283761467,0.019611644623853286
60811,2023,0.284431138,0.2531156283761467,0.031315509623853266
60811,2024,0.405144695,0.2531156283761467,0.1520290666238533
60811,2025,0.235294118,0.2531156283761467,-0.01782151037614671
60812,2021,0.159292035,0.23613014308002303,-0.07683810808002303
60812,2022,0.252336449,0.23613014308002303,0.016206305919976988
60812,2023,0.097421203,0.23613014308002303,-0.13870894008002305
60812,2024,0.069620253,0.23613014308002303,-0.16650989008002304
60812,2025,0.190909091,0.23613014308002303,-0.04522105208002303
60901,2021,0.201149425,0.2695764315007657,-0.06842700650076572
60901,2022,0.285412262,0.2695764315007657,0.015835830499234316
60901,2023,0.160797342,0.2695764315007657,-0.1087790895007657
60901,2024,0.217602218,0.2695764315007657,-0.051974213500765726
60901,2025,0.177728614,0.2695764315007657,-0.0918478175007657
60902,2021,0.420289855,0.25033253991140364,0.16995731508859635
60902,2022,0.495049505,0.25033253991140364,0.24471696508859636
60902,2023,0.326298701,0.25033253991140364,0.07596616108859638
60902,2024,0.420783646,0.25033253991140364,0.17045110608859637
60902,2025,0.274305556,0.25033253991140364,0.023973016088596366
60903,2021,0.274509804,0.25296095017346254,0.021548853826537484
60903,2022,0.243589744,0.25296095017346254,-0.009371206173462543
60903,2023,0.144772118,0.25296095017346254,-0.10818883217346253
60903,2024,0.14673913,0.25296095017346254,-0.10622182017346254
60903,2025,0.128275862,0.25296095017346254,-0.12468508817346255
60904,2021,0.250980392,0.2899814439701279,-0.039001051970127876
60904,2022,0.247011952,0.2899814439701279,-0.042969491970127865
60904,2023,0.164309032,0.2899814439701279,-0.12567241197012788
60904,2024,0.25,0.2899814439701279,-0.03998144397012787
60904,2025,0.148058252,0.2899814439701279,-0.14192319197012787
60905,2021,0.174496644,0.23955476557099412,-0.06505812157099411
60905,2022,0.263888889,0.23955476557099412,0.0243341234290059
60905,2023,0.125773196,0.23955476557099412,-0.11378156957099411
60905,2024,0.129817444,0.23955476557099412,-0.10973732157099411
60905,2025,0.09375,0.23955476557099412,-0.14580476557099412
60906,2021,0.277955272,0.2779204715464581,3.480045354187222e-05
60906,2022,0.235507246,0.2779204715464581,-0.0424132255464581
60906,2023,0.161731207,0.2779204715464581,-0.11618926454645812
60906,2024,0.259541985,0.2779204715464581,-0.018378486546458128
60906,2025,0.134048257,0.2779204715464581,-0.1438722145464581
60907,2021,0.434782609,0.22317612985795196,0.21160647914204803
60907,2022,0.464615385,0.22317612985795196,0.24143925514204803
60907,2023,0.421686747,0.22317612985795196,0.198510617142048
60907,2024,0.546428571,0.22317612985795196,0.323252441142048
60907,2025,0.503614458,0.22317612985795196,0.28043832814204805
61001,2021,0.172566372,0.2143505682634732,-0.04178419626347321
61001,2022,0.222748815,0.2143505682634732,0.008398246736526782
61001,2023,0.099710983,0.2143505682634732,-0.1146395852634732
61001,2024,0.151724138,0.2143505682634732,-0.0626264302634732
61001,2025,0.109970674,0.2143505682634732,-0.1043798942634732
61002,2021,0.326086957,0.23345276004495305,0.09263419695504696
61002,2022,0.204545455,0.23345276004495305,-0.028907305044953063
61002,2023,0.151898734,0.23345276004495305,-0.08155402604495304
61002,2024,0.143884892,0.23345276004495305,-0.08956786804495306
61002,2025,0.094890511,0.23345276004495305,-0.13856224904495307
61003,2021,0.184210526,0.21279158036691492,-0.02858105436691491
61003,2022,0.085714286,0.21279158036691492,-0.12707729436691492
61003,2023,0.125925926,0.21279158036691492,-0.08686565436691493
61003,2024,0.230769231,0.21279158036691492,0.01797765063308507
61003,2025,0.139344262,0.21279158036691492,-0.07344731836691493
61004,2021,0.042857143,0.18377131630618188,-0.1409141733061819
61004,2022,0.098039216,0.18377131630618188,-0.08573210030618188
61004,2023,0.03125,0.18377131630618188,-0.15252131630618188
61004,2024,0.030674847,0.18377131630618188,-0.15309646930618187
61004,2025,0.01369863,0.18377131630618188,-0.17007268630618189
61005,2021,0.166666667,0.24558846984710958,-0.07892180284710959
61005,2022,0.0,0.24558846984710958,-0.24558846984710958
61005,2023,0.206349206,0.24558846984710958,-0.03923926384710957
61005,2024,0.171875,0.24558846984710958,-0.07371346984710958
61005,2025,0.094339623,0.24558846984710958,-0.1512488468471096
61006,2021,0.31372549,0.19610836456253655,0.11761712543746344
61006,2022,0.234042553,0.19610836456253655,0.037934188437463434
61006,2023,0.111111111,0.19610836456253655,-0.08499725356253655
61006,2024,0.048951049,0.19610836456253655,-0.14715731556253656
61006,2025,0.11965812,0.19610836456253655,-0.07645024456253655
61007,2021,0.045112782,0.3454000430259742,-0.3002872610259742
61007,2022,0.140077821,0.3454000430259742,-0.20532222202597422
61007,2023,0.111494253,0.3454000430259742,-0.23390579002597423
61007,2024,0.088122605,0.3454000430259742,-0.2572774380259742
61007,2025,0.066864785,0.3454000430259742,-0.27853525802597423
61101,2021,0.508474576,0.24456278841433185,0.26391178758566813
61101,2022,0.445544554,0.24456278841433185,0.20098176558566813
61101,2023,0.28113879,0.24456278841433185,0.03657600158566818
61101,2024,0.352941176,0.24456278841433185,0.10837838758566817
61101,2025,0.242857143,0.24456278841433185,-0.0017056454143318522
61102,2021,0.0,0.19806164794078018,-0.19806164794078018
61102,2022,0.0,0.19806164794078018,-0.19806164794078018
61102,2023,0.192307692,0.19806164794078018,-0.005753955940780181
61102,2024,0.086956522,0.19806164794078018,-0.11110512594078019
61102,2025,0.269230769,0.19806164794078018,0.0711691210592198
61103,2021,0.178571429,0.2566657399901293,-0.07809431099012931
61103,2022,0.277777778,0.2566657399901293,0.02111203800987066
61103,2023,0.341085271,0.2566657399901293,0.08441953100987071
61103,2024,0.220338983,0.2566657399901293,-0.03632675699012933
61103,2025,0.225490196,0.2566657399901293,-0.031175543990129312
61104,2021,0.161290323,0.20054958534445588,-0.03925926234445587
61104,2022,0.15,0.20054958534445588,-0.05054958534445589
61104,2023,0.068965517,0.20054958534445588,-0.13158406834445588
61104,2024,0.04494382,0.20054958534445588,-0.1556057653444559
61104,2025,0.097560976,0.20054958534445588,-0.10298860934445589
61105,2021,0.566666667,0.2178341552736309,0.3488325117263691
61105,2022,0.592592593,0.2178341552736309,0.3747584377263691
61105,2023,0.38028169,0.2178341552736309,0.1624475347263691
61105,2024,0.367647059,0.2178341552736309,0.1498129037263691
61105,2025,0.325203252,0.2178341552736309,0.1073690967263691
61106,2021,0.111111111,0.2612817143038686,-0.1501706033038686
61106,2022,0.047619048,0.2612817143038686,-0.2136626663038686
61106,2023,0.25,0.2612817143038686,-0.011281714303868595
61106,2024,0.14,0.2612817143038686,-0.12128171430386858
61106,2025,0.166666667,0.2612817143038686,-0.0946150473038686
61107,2021,0.322580645,0.2244815649780559,0.09809908002194409
61107,2022,0.298245614,0.2244815649780559,0.07376404902194408
61107,2023,0.25,0.2244815649780559,0.02551843502194409
61107,2024,0.194690265,0.2244815649780559,-0.029791299978055907
61107,2025,0.173913043,0.2244815649780559,-0.05056852197805592
61108,2021,0.0,0.1808114467361942,-0.1808114467361942
61108,2022,0.0,0.1808114467361942,-0.1808114467361942
61108,2023,0.045454545,0.1808114467361942,-0.1353569017361942
61108,2024,0.047619048,0.1808114467361942,-0.1331923987361942
61108,2025,0.071428571,0.1808114467361942,-0.10938287573619421
61109,2021,0.16,0.2539485484543053,-0.09394854845430531
61109,2022,0.580645161,0.2539485484543053,0.32669661254569465
61109,2023,0.447058824,0.2539485484543053,0.1931102755456947
61109,2024,0.144578313,0.2539485484543053,-0.1093702354543053
61109,2025,0.216216216,0.2539485484543053,-0.03773233245430532
61110,2021,0.315789474,0.2363731797247883,0.07941629427521171
61110,2022,0.5,0.2363731797247883,0.26362682027521167
61110,2023,0.253731343,0.2363731797247883,0.017358163275211697
61110,2024,0.392857143,0.2363731797247883,0.15648396327521172
61110,2025,0.604166667,0.2363731797247883,0.36779348727521166
61111,2021,0.24,0.2517330046553747,-0.01173300465537469
61111,2022,0.225806452,0.2517330046553747,-0.02592655265537469
61111,2023,0.222222222,0.2517330046553747,-0.029510782655374684
61111,2024,0.175925926,0.2517330046553747,-0.07580707865537467
61111,2025,0.102272727,0.2517330046553747,-0.14946027765537467
61112,2021,0.444444444,0.23653489755068682,0.20790954644931317
61112,2022,0.5,0.23653489755068682,0.2634651024493132
61112,2023,0.162162162,0.23653489755068682,-0.07437273555068682
61112,2024,0.285714286,0.23653489755068682,0.04917938844931316
61112,2025,0.084745763,0.23653489755068682,-0.15178913455068682
61113,2021,0.642857143,0.2721948910411465,0.37066225195885344
61113,2022,0.75,0.2721948910411465,0.4778051089588535
61113,2023,0.506666667,0.2721948910411465,0.23447177595885343
61113,2024,0.189873418,0.2721948910411465,-0.08232147304114654
61113,2025,0.214285714,0.2721948910411465,-0.05790917704114654
61201,2021,0.346153846,0.23673013708549234,0.10942370891450764
61201,2022,0.25,0.23673013708549234,0.013269862914507657
61201,2023,0.158150852,0.23673013708549234,-0.07857928508549233
61201,2024,0.235294118,0.23673013708549234,-0.001436019085492346
61201,2025,0.175637394,0.23673013708549234,-0.06109274308549234
61202,2021,0.023255814,0.21044094781832126,-0.18718513381832125
61202,2022,0.0,0.21044094781832126,-0.21044094781832126
61202,2023,0.033898305,0.21044094781832126,-0.17654264281832127
61202,2024,0.058823529,0.21044094781832126,-0.15161741881832125
61202,2025,0.04040404,0.21044094781832126,-0.17003690781832126
61203,2021,0.0,0.21480213423575445,-0.21480213423575445
61203,2022,0.25,0.21480213423575445,0.03519786576424555
61203,2023,0.076923077,0.21480213423575445,-0.13787905723575444
61203,2024,0.083333333,0.21480213423575445,-0.13146880123575444
61203,2025,0.0,0.21480213423575445,-0.21480213423575445
61204,2021,0.35483871,0.26104951302211105,0.09378919697788896
61204,2022,0.37037037,0.26104951302211105,0.10932085697788896
61204,2023,0.309278351,0.26104951302211105,0.04822883797788896
61204,2024,0.121495327,0.26104951302211105,-0.13955418602211106
61204,2025,0.06185567,0.26104951302211105,-0.19919384302211104
61301,2021,0.398148148,0.178447384169976,0.219700763830024
61301,2022,0.315217391,0.178447384169976,0.13677000683002402
61301,2023,0.275303644,0.178447384169976,0.09685625983002402
61301,2024,0.332167832,0.178447384169976,0.153720447830024
61301,2025,0.102112676,0.178447384169976,-0.07633470816997599
61302,2021,0.083333333,0.18597560282750608,-0.10264226982750609
61302,2022,0.0,0.18597560282750608,-0.18597560282750608
61302,2023,0.125,0.18597560282750608,-0.06097560282750608
61302,2024,0.071428571,0.18597560282750608,-0.11454703182750609
61302,2025,0.0,0.18597560282750608,-0.18597560282750608
61303,2021,0.077922078,0.24730563818225368,-0.16938356018225367
61303,2022,0.120689655,0.24730563818225368,-0.12661598318225367
61303,2023,0.047761194,0.24730563818225368,-0.19954444418225367
61303,2024,0.112804878,0.24730563818225368,-0.13450076018225368
61303,2025,0.026229508,0.24730563818225368,-0.2210761301822537
61304,2021,0.04,0.17930182926053545,-0.13930182926053544
61304,2022,0.315789474,0.17930182926053545,0.13648764473946456
61304,2023,0.234567901,0.17930182926053545,0.055266071739464545
61304,2024,0.229885057,0.17930182926053545,0.050583227739464554
61304,2025,0.012820513,0.17930182926053545,-0.16648131626053544
61305,2021,0.3,0.1597974519187906,0.14020254808120938
61305,2022,0.384615385,0.1597974519187906,0.22481793308120937
61305,2023,0.083333333,0.1597974519187906,-0.07646411891879061
61305,2024,0.358490566,0.1597974519187906,0.1986931140812094
61305,2025,0.0,0.1597974519187906,-0.1597974519187906
61306,2021,0.0,0.22223921270179853,-0.22223921270179853
61306,2022,0.0,0.22223921270179853,-0.22223921270179853
61306,2023,0.0,0.22223921270179853,-0.22223921270179853
61306,2024,0.163636364,0.22223921270179853,-0.05860284870179852
61306,2025,0.022727273,0.22223921270179853,-0.19951193970179854
61307,2021,0.153846154,0.20812977743817393,-0.05428362343817392
61307,2022,0.4,0.20812977743817393,0.1918702225618261
61307,2023,0.256198347,0.20812977743817393,0.04806856956182606
61307,2024,0.285714286,0.20812977743817393,0.07758450856182605
61307,2025,0.012048193,0.20812977743817393,-0.19608158443817392
61308,2021,0.090909091,0.17000485742129592,-0.07909576642129593
61308,2022,0.125,0.17000485742129592,-0.045004857421295924
61308,2023,0.023255814,0.17000485742129592,-0.1467490434212959
61308,2024,0.119047619,0.17000485742129592,-0.05095723842129593
61308,2025,0.033333333,0.17000485742129592,-0.13667152442129593
61309,2021,1.0,0.3519030182220815,0.6480969817779185
61309,2023,0.666666667,0.3519030182220815,0.3147636487779185
61309,2024,0.0,0.3519030182220815,-0.3519030182220815
61309,2025,0.0,0.3519030182220815,-0.3519030182220815
61310,2021,0.428571429,0.23628842200628827,0.19228300699371173
61310,2022,0.0,0.23628842200628827,-0.23628842200628827
61310,2023,0.0,0.23628842200628827,-0.23628842200628827
61310,2024,0.133333333,0.23628842200628827,-0.10295508900628828
61310,2025,0.060606061,0.23628842200628827,-0.17568236100628826
61311,2021,0.472222222,0.18474083823276552,0.28748138376723453
61311,2022,0.290322581,0.18474083823276552,0.1055817427672345
61311,2023,0.155555556,0.18474083823276552,-0.029185282232765508
61311,2024,0.222222222,0.18474083823276552,0.03748138376723448
61311,2025,0.0375,0.18474083823276552,-0.14724083823276551
70101,2021,0.186567164,0.15890042001620622,0.02766674398379379
70101,2022,0.164538413,0.15890042001620622,0.005637992983793777
70101,2023,0.121825497,0.15890042001620622,-0.03707492301620621
70101,2024,0.073489182,0.15890042001620622,-0.08541123801620622
70101,2025,0.070043777,0.15890042001620622,-0.08885664301620622
70102,2021,0.198380567,0.1672256326327733,0.031154934367226716
70102,2022,0.0626703,0.1672256326327733,-0.10455533263277329
70102,2023,0.123376623,0.1672256326327733,-0.043849009632773286
70102,2024,0.119089317,0.1672256326327733,-0.04813631563277329
70102,2025,0.114107884,0.1672256326327733,-0.053117748632773285
70103,2021,0.194805195,0.1517076203274725,0.04309757467252748
70103,2022,0.225,0.1517076203274725,0.0732923796725275
70103,2023,0.193758127,0.1517076203274725,0.04205050667252749
70103,2024,0.126520681,0.1517076203274725,-0.025186939327472513
70103,2025,0.134863702,0.1517076203274725,-0.016843918327472507
70104,2021,0.170040486,0.1601557882880518,0.009884697711948193
70104,2022,0.175595238,0.1601557882880518,0.015439449711948189
70104,2023,0.180633147,0.1601557882880518,0.020477358711948196
70104,2024,0.088235294,0.1601557882880518,-0.07192049428805179
70104,2025,0.086092715,0.1601557882880518,-0.0740630732880518
70105,2021,0.1,0.18724631143008372,-0.08724631143008371
70105,2022,0.0,0.18724631143008372,-0.18724631143008372
70105,2023,0.02173913,0.18724631143008372,-0.16550718143008372
70105,2024,0.015625,0.18724631143008372,-0.17162131143008372
70105,2025,0.007246377,0.18724631143008372,-0.17999993443008372
70106,2021,0.228298611,0.17938656719126833,0.04891204380873168
70106,2022,0.232836448,0.17938656719126833,0.05344988080873167
70106,2023,0.182025895,0.17938656719126833,0.002639327808731662
70106,2024,0.129208804,0.17938656719126833,-0.05017776319126832
70106,2025,0.092936355,0.17938656719126833,-0.08645021219126833
70107,2021,0.124513619,0.17460386495739538,-0.05009024595739538
70107,2022,0.159122085,0.17460386495739538,-0.015481779957395386
70107,2023,0.105590062,0.17460386495739538,-0.06901380295739538
70107,2024,0.079759863,0.17460386495739538,-0.09484400195739538
70107,2025,0.057755776,0.17460386495739538,-0.11684808895739537
80101,2021,0.428947368,0.29488525816201383,0.13406210983798617
80101,2022,0.393,0.29488525816201383,0.09811474183798619
80101,2023,0.302024747,0.29488525816201383,0.007139488837986152
80101,2024,0.14980436,0.29488525816201383,-0.14508089816201383
80101,2025,0.183449074,0.29488525816201383,-0.11143618416201384
80102,2021,0.977777778,0.24620044238429234,0.7315773356157076
80102,2022,0.945945946,0.24620044238429234,0.6997455036157076
80102,2023,0.343137255,0.24620044238429234,0.09693681261570763
80102,2024,0.159090909,0.24620044238429234,-0.08710953338429234
80102,2025,0.166666667,0.24620044238429234,-0.07953377538429235
80103,2021,0.429530201,0.256938213977699,0.172591987022301
80103,2022,0.424242424,0.256938213977699,0.167304210022301
80103,2023,0.309734513,0.256938213977699,0.052796299022300985
80103,2024,0.094276094,0.256938213977699,-0.162662119977699
80103,2025,0.097122302,0.256938213977699,-0.159815911977699
80104,2021,0.630565584,0.26783084806398266,0.3627347359360173
80104,2022,0.501449275,0.26783084806398266,0.23361842693601736
80104,2023,0.328897338,0.26783084806398266,0.06106648993601732
80104,2024,0.250639386,0.26783084806398266,-0.017191462063982643
80104,2025,0.299426934,0.26783084806398266,0.031596085936017315
80105,2021,0.427203065,0.2889013206030155,0.1383017443969845
80105,2022,0.458893871,0.2889013206030155,0.16999255039698452
80105,2023,0.229951263,0.2889013206030155,-0.0589500576030155
80105,2024,0.195710456,0.2889013206030155,-0.09319086460301548
80105,2025,0.24074964,0.2889013206030155,-0.0481516806030155
80106,2021,0.376515987,0.29727337573149876,0.07924261126850124
80106,2022,0.424054557,0.29727337573149876,0.12678118126850124
80106,2023,0.298644068,0.29727337573149876,0.001370692268501228
80106,2024,0.188660142,0.29727337573149876,-0.10861323373149875
80106,2025,0.242836676,0.29727337573149876,-0.054436699731498756
80107,2021,0.59375,0.262986663490825,0.330763336509175
80107,2022,0.56,0.262986663490825,0.29701333650917505
80107,2023,0.317880795,0.262986663490825,0.05489413150917499
80107,2024,0.189393939,0.262986663490825,-0.07359272449082499
80107,2025,0.142857143,0.262986663490825,-0.12012952049082501
80108,2021,0.219512195,0.24453795097994818,-0.02502575597994819
80108,2022,0.151187905,0.24453795097994818,-0.09335004597994817
80108,2023,0.040831477,0.24453795097994818,-0.20370647397994818
80108,2024,0.067883212,0.24453795097994818,-0.17665473897994818
80108,2025,0.040458015,0.24453795097994818,-0.20407993597994817
80201,2021,0.64,0.28337264412596963,0.3566273558740304
80201,2022,0.573529412,0.28337264412596963,0.29015676787403033
80201,2023,0.467625899,0.28337264412596963,0.18425325487403038
80201,2024,0.366666667,0.28337264412596963,0.08329402287403037
80201,2025,0.228070175,0.28337264412596963,-0.05530246912596962
80202,2021,0.5,0.2639121902590254,0.2360878097409746
80202,2022,0.466666667,0.2639121902590254,0.20275447674097458
80202,2023,0.173333333,0.2639121902590254,-0.0905788572590254
80202,2024,0.111111111,0.2639121902590254,-0.15280107925902542
80202,2025,0.081081081,0.2639121902590254,-0.1828311092590254
80203,2021,0.111111111,0.22937767678906365,-0.11826656578906365
80203,2022,0.25,0.22937767678906365,0.02062232321093635
80203,2023,0.26984127,0.22937767678906365,0.04046359321093637
80203,2024,0.087719298,0.22937767678906365,-0.14165837878906365
80203,2025,0.029411765,0.22937767678906365,-0.19996591178906364
80204,2021,0.214285714,0.21072391677639263,0.0035617972236073603
80204,2022,0.214285714,0.21072391677639263,0.0035617972236073603
80204,2023,0.137931034,0.21072391677639263,-0.07279288277639262
80204,2024,0.0625,0.21072391677639263,-0.14822391677639263
80204,2025,0.038461538,0.21072391677639263,-0.1722623787763926
80205,2021,0.670588235,0.2850276175335413,0.3855606174664587
80205,2022,0.680851064,0.2850276175335413,0.3958234464664587
80205,2023,0.474654378,0.2850276175335413,0.1896267604664587
80205,2024,0.240196078,0.2850276175335413,-0.04483153953354127
80205,2025,0.307692308,0.2850276175335413,0.022664690466458748
80206,2021,0.666666667,0.3200536517958762,0.3466130152041238
80206,2022,0.466666667,0.3200536517958762,0.1466130152041238
80206,2023,0.113207547,0.3200536517958762,-0.20684610479587617
80206,2024,0.1,0.3200536517958762,-0.2200536517958762
80206,2025,0.04,0.3200536517958762,-0.2800536517958762
80207,2021,0.611111111,0.2950352715263379,0.31607583947366213
80207,2022,0.617021277,0.2950352715263379,0.3219860054736621
80207,2023,0.535714286,0.2950352715263379,0.24067901447366213
80207,2024,0.275862069,0.2950352715263379,-0.019173202526337918
80207,2025,0.232876712,0.2950352715263379,-0.06215855952633789
80301,2021,0.440111421,0.2529820702386576,0.1871293507613424
80301,2022,0.54368932,0.2529820702386576,0.29070724976134243
80301,2023,0.308965517,0.2529820702386576,0.055983446761342426
80301,2024,0.189907039,0.2529820702386576,-0.0630750312386576
80301,2025,0.192520776,0.2529820702386576,-0.06046129423865759
80302,2021,0.540816327,0.3251310021283879,0.21568532487161213
80302,2022,0.536,0.3251310021283879,0.21086899787161212
80302,2023,0.288389513,0.3251310021283879,-0.03674148912838793
80302,2024,0.314159292,0.3251310021283879,-0.010971710128387935
80302,2025,0.151515152,0.3251310021283879,-0.17361585012838793
80303,2021,0.612903226,0.2622300725221522,0.35067315347784783
80303,2022,0.6,0.2622300725221522,0.3377699274778478
80303,2023,0.257142857,0.2622300725221522,-0.005087215522152189
80303,2024,0.258064516,0.2622300725221522,-0.0041655565221521695
80303,2025,0.3,0.2622300725221522,0.0377699274778478
80304,2021,0.555555556,0.3002793454651628,0.2552762105348372
80304,2022,0.362068966,0.3002793454651628,0.06178962053483722
80304,2023,0.3,0.3002793454651628,-0.0002793454651627836
80304,2024,0.164556962,0.3002793454651628,-0.13572238346516277
80304,2025,0.06504065,0.3002793454651628,-0.23523869546516277
80305,2021,0.459016393,0.2815274750450593,0.1774889179549407
80305,2022,0.568807339,0.2815274750450593,0.2872798639549407
80305,2023,0.365079365,0.2815274750450593,0.08355188995494067
80305,2024,0.222222222,0.2815274750450593,-0.05930525304505932
80305,2025,0.27607362,0.2815274750450593,-0.005453855045059297
80306,2021,0.102150538,0.23209222165249863,-0.12994168365249864
80306,2022,0.069565217,0.23209222165249863,-0.16252700465249864
80306,2023,0.040740741,0.23209222165249863,-0.19135148065249863
80306,2024,0.077821012,0.23209222165249863,-0.15427120965249863
80306,2025,0.067567568,0.23209222165249863,-0.16452465365249863
80307,2021,0.302325581,0.26505416839081447,0.03727141260918554
80307,2022,0.169811321,0.26505416839081447,-0.09524284739081448
80307,2023,0.159574468,0.26505416839081447,-0.10547970039081447
80307,2024,0.218390805,0.26505416839081447,-0.04666336339081448
80307,2025,0.105263158,0.26505416839081447,-0.15979101039081448
80308,2021,0.414634146,0.2886642597123189,0.12596988628768108
80308,2022,0.522727273,0.2886642597123189,0.2340630132876811
80308,2023,0.331081081,0.2886642597123189,0.042416821287681095
80308,2024,0.127819549,0.2886642597123189,-0.1608447107123189
80308,2025,0.245762712,0.2886642597123189,-0.04290154771231891
80309,2021,0.096774194,0.26880287830098226,-0.17202868430098228
80309,2022,0.612244898,0.26880287830098226,0.3434420196990178
80309,2023,0.216,0.26880287830098226,-0.052802878300982264
80309,2024,0.115384615,0.26880287830098226,-0.15341826330098227
80309,2025,0.197916667,0.26880287830098226,-0.07088621130098227
80401,2021,0.359693878,0.2879984210022197,0.07169545699778035
80401,2022,0.283387622,0.2879984210022197,-0.004610799002219668
80401,2023,0.153284672,0.2879984210022197,-0.13471374900221966
80401,2024,0.177809388,0.2879984210022197,-0.11018903300221966
80401,2025,0.148318043,0.2879984210022197,-0.13968037800221966
80402,2021,0.12962963,0.244961976709467,-0.11533234670946702
80402,2022,0.333333333,0.244961976709467,0.088371356290533
80402,2023,0.095744681,0.244961976709467,-0.149217295709467
80402,2024,0.133333333,0.244961976709467,-0.11162864370946701
80402,2025,0.2,0.244961976709467,-0.044961976709467
80403,2021,0.163043478,0.2402375666463207,-0.07719408864632071
80403,2022,0.376811594,0.2402375666463207,0.13657402735367932
80403,2023,0.157894737,0.2402375666463207,-0.0823428296463207
80403,2024,0.153846154,0.2402375666463207,-0.08639141264632069
80403,2025,0.129251701,0.2402375666463207,-0.11098586564632071
80404,2021,0.20661157,0.35192831902486377,-0.14531674902486377
80404,2022,0.388235294,0.35192831902486377,0.03630697497513624
80404,2023,0.196078431,0.35192831902486377,-0.15584988802486377
80404,2024,0.196721311,0.35192831902486377,-0.15520700802486376
80404,2025,0.219178082,0.35192831902486377,-0.13275023702486377
80405,2021,0.464088398,0.243211200963597,0.22087719703640302
80405,2022,0.367647059,0.243211200963597,0.124435858036403
80405,2023,0.151685393,0.243211200963597,-0.091525807963597
80405,2024,0.171428571,0.243211200963597,-0.071782629963597
80405,2025,0.141935484,0.243211200963597,-0.101275716963597
80406,2021,0.253731343,0.27790974693813,-0.024178403938129978
80406,2022,0.433962264,0.27790974693813,0.15605251706187
80406,2023,0.232876712,0.27790974693813,-0.04503303493812996
80406,2024,0.087209302,0.27790974693813,-0.19070044493813
80406,2025,0.151724138,0.27790974693813,-0.12618560893812997
80407,2021,0.325301205,0.258834136189634,0.06646706881036596
80407,2022,0.428571429,0.258834136189634,0.16973729281036598
80407,2023,0.304347826,0.258834136189634,0.045513689810365965
80407,2024,0.092857143,0.258834136189634,-0.16597699318963402
80407,2025,0.024,0.258834136189634,-0.23483413618963403
80408,2021,0.152439024,0.3142837273670872,-0.1618447033670872
80408,2022,0.223404255,0.3142837273670872,-0.09087947236708721
80408,2023,0.092465753,0.3142837273670872,-0.22181797436708722
80408,2024,0.104918033,0.3142837273670872,-0.2093656943670872
80408,2025,0.11627907,0.3142837273670872,-0.19800465736708722
80501,2021,0.458715596,0.2916225947663348,0.16709300123366522
80501,2022,0.539823009,0.2916225947663348,0.24820041423366523
80501,2023,0.227467811,0.2916225947663348,-0.0641547837663348
80501,2024,0.105263158,0.2916225947663348,-0.1863594367663348
80501,2025,0.082608696,0.2916225947663348,-0.2090138987663348
80502,2021,0.119047619,0.33802703196738004,-0.21897941296738005
80502,2022,0.111111111,0.33802703196738004,-0.22691592096738006
80502,2023,0.078431373,0.33802703196738004,-0.25959565896738
80502,2024,0.0625,0.33802703196738004,-0.27552703196738004
80502,2025,0.06779661,0.33802703196738004,-0.27023042196738006
80503,2021,0.360655738,0.2945873793550402,0.0660683586449598
80503,2022,0.235294118,0.2945873793550402,-0.059293261355040205
80503,2023,0.191082803,0.2945873793550402,-0.1035045763550402
80503,2024,0.067669173,0.2945873793550402,-0.2269182063550402
80503,2025,0.116504854,0.2945873793550402,-0.1780825253550402
80504,2021,0.333333333,0.2640816435493076,0.06925168945069243
80504,2022,0.214285714,0.2640816435493076,-0.04979592954930759
80504,2023,0.052631579,0.2640816435493076,-0.2114500645493076
80504,2024,0.088235294,0.2640816435493076,-0.17584634954930756
80504,2025,0.03030303,0.2640816435493076,-0.23377861354930757
80505,2021,0.3125,0.2799740414357318,0.03252595856426821
80505,2022,0.305555556,0.2799740414357318,0.025581514564268215
80505,2023,0.28030303,0.2799740414357318,0.00032898856426821776
80505,2024,0.15625,0.2799740414357318,-0.12372404143573179
80505,2025,0.09375,0.2799740414357318,-0.1862240414357318
80506,2021,0.75,0.2698723803343758,0.4801276196656242
80506,2022,0.5,0.2698723803343758,0.23012761966562417
80506,2023,0.176470588,0.2698723803343758,-0.09340179233437582
80506,2024,0.1,0.2698723803343758,-0.16987238033437582
80506,2025,0.090909091,0.2698723803343758,-0.17896328933437583
80507,2021,0.40625,0.2809331382896634,0.12531686171033662
80507,2022,0.515151515,0.2809331382896634,0.23421837671033663
80507,2023,0.14084507,0.2809331382896634,-0.1400880682896634
80507,2024,0.114754098,0.2809331382896634,-0.16617904028966338
80507,2025,0.025,0.2809331382896634,-0.25593313828966335
80508,2021,0.36,0.270081123790783,0.08991887620921701
80508,2022,0.47826087,0.270081123790783,0.20817974620921703
80508,2023,0.253968254,0.270081123790783,-0.01611286979078297
80508,2024,0.153846154,0.270081123790783,-0.11623496979078296
80508,2025,0.16,0.270081123790783,-0.11008112379078297
80601,2021,0.463983051,0.29283488783718087,0.1711481631628191
80601,2022,0.406181015,0.29283488783718087,0.11334612716281911
80601,2023,0.291139241,0.29283488783718087,-0.0016956468371808753
80601,2024,0.138707765,0.29283488783718087,-0.15412712283718086
80601,2025,0.121192893,0.29283488783718087,-0.17164199483718087
80602,2021,0.176470588,0.24729509454600715,-0.07082450654600714
80602,2022,0.028571429,0.24729509454600715,-0.21872366554600714
80602,2023,0.096153846,0.24729509454600715,-0.15114124854600713
80602,2024,0.079646018,0.24729509454600715,-0.16764907654600714
80602,2025,0.112244898,0.24729509454600715,-0.13505019654600714
80603,2021,0.385964912,0.2876921926789152,0.09827271932108478
80603,2022,0.409090909,0.2876921926789152,0.12139871632108479
80603,2023,0.095890411,0.2876921926789152,-0.1918017816789152
80603,2024,0.07253886,0.2876921926789152,-0.21515333267891523
80603,2025,0.069892473,0.2876921926789152,-0.2177997196789152
80604,2021,0.225490196,0.286515866186851,-0.06102567018685098
80604,2022,0.202898551,0.286515866186851,-0.08361731518685098
80604,2023,0.159533074,0.286515866186851,-0.126982792186851
80604,2024,0.136363636,0.286515866186851,-0.15015223018685098
80604,2025,0.147959184,0.286515866186851,-0.138556682186851
80605,2021,0.416666667,0.2919702871199409,0.1246963798800591
80605,2022,0.228070175,0.2919702871199409,-0.06390011211994087
80605,2023,0.149305556,0.2919702871199409,-0.14266473111994088
80605,2024,0.089928058,0.2919702871199409,-0.20204222911994088
80605,2025,0.11440678,0.2919702871199409,-0.1775635071199409
80606,2021,0.189189189,0.23260206195642524,-0.043412872956425236
80606,2022,0.379310345,0.23260206195642524,0.14670828304357475
80606,2023,0.043859649,0.23260206195642524,-0.18874241295642524
80606,2024,0.027272727,0.23260206195642524,-0.20532933495642525
80606,2025,0.0,0.23260206195642524,-0.23260206195642524
80607,2021,0.391304348,0.2938185605135957,0.09748578748640435
80607,2022,0.473684211,0.2938185605135957,0.17986565048640435
80607,2023,0.046153846,0.2938185605135957,-0.24766471451359567
80607,2024,0.063492063,0.2938185605135957,-0.23032649751359568
80607,2025,0.038461538,0.2938185605135957,-0.25535702251359566
80608,2021,0.340425532,0.30414920257102634,0.03627632942897363
80608,2022,0.375,0.30414920257102634,0.07085079742897366
80608,2023,0.226890756,0.30414920257102634,-0.07725844657102635
80608,2024,0.15,0.30414920257102634,-0.15414920257102635
80608,2025,0.060869565,0.30414920257102634,-0.24327963757102633
80701,2021,0.368613139,0.30782048581588434,0.06079265318411564
80701,2022,0.383064516,0.30782048581588434,0.07524403018411568
80701,2023,0.297823597,0.30782048581588434,-0.009996888815884342
80701,2024,0.047619048,0.30782048581588434,-0.26020143781588434
80701,2025,0.056,0.30782048581588434,-0.25182048581588434
80702,2021,0.537037037,0.3497215849455498,0.18731545205445027
80702,2022,0.464285714,0.3497215849455498,0.11456412905445024
80702,2023,0.275,0.3497215849455498,-0.07472158494554976
80702,2024,0.14375,0.3497215849455498,-0.2059715849455498
80702,2025,0.141666667,0.3497215849455498,-0.20805491794554978
80703,2021,0.323943662,0.2770072589571987,0.04693640304280133
80703,2022,0.285714286,0.2770072589571987,0.008707027042801296
80703,2023,0.28685259,0.2770072589571987,0.00984533104280133
80703,2024,0.11790393,0.2770072589571987,-0.1591033289571987
80703,2025,0.085,0.2770072589571987,-0.19200725895719867
80704,2021,0.598484848,0.31860450485773056,0.27988034314226945
80704,2022,0.464285714,0.31860450485773056,0.14568120914226945
80704,2023,0.410126582,0.31860450485773056,0.09152207714226945
80704,2024,0.090909091,0.31860450485773056,-0.22769541385773057
80704,2025,0.083333333,0.31860450485773056,-0.23527117185773055
80705,2021,0.326732673,0.3043098917984297,0.022422781201570263
80705,2022,0.33,0.3043098917984297,0.025690108201570305
80705,2023,0.184729064,0.3043098917984297,-0.11958082779842971
80705,2024,0.1328125,0.3043098917984297,-0.1714973917984297
80705,2025,0.189759036,0.3043098917984297,-0.11455085579842972
80706,2021,0.483333333,0.2723775653956471,0.21095576760435286
80706,2022,0.37037037,0.2723775653956471,0.09799280460435289
80706,2023,0.261363636,0.2723775653956471,-0.011013929395647104
80706,2024,0.105590062,0.2723775653956471,-0.16678750339564713
80706,2025,0.049586777,0.2723775653956471,-0.22279078839564712
80707,2021,0.416666667,0.290892524531626,0.12577414246837398
80707,2022,0.396226415,0.290892524531626,0.10533389046837399
80707,2023,0.378378378,0.290892524531626,0.08748585346837401
80707,2024,0.094594595,0.290892524531626,-0.196297929531626
80707,2025,0.09375,0.290892524531626,-0.197142524531626
80708,2021,0.349056604,0.28261079507630393,0.06644580892369606
80708,2022,0.483516484,0.28261079507630393,0.2009056889236961
80708,2023,0.311355311,0.28261079507630393,0.02874451592369609
80708,2024,0.173285199,0.28261079507630393,-0.10932559607630393
80708,2025,0.288389513,0.28261079507630393,0.005778717923696053
80801,2021,0.371621622,0.30275217664270815,0.06886944535729184
80801,2022,0.517080745,0.30275217664270815,0.21432856835729186
80801,2023,0.379912664,0.30275217664270815,0.07716048735729186
80801,2024,0.235927152,0.30275217664270815,-0.06682502464270815
80801,2025,0.287111111,0.30275217664270815,-0.015641065642708174
80802,2021,0.181818182,0.3966306539769863,-0.21481247197698633
80802,2022,0.6,0.3966306539769863,0.20336934602301365
80802,2023,0.1875,0.3966306539769863,-0.20913065397698632
80802,2024,0.125,0.3966306539769863,-0.2716306539769863
80802,2025,0.142857143,0.3966306539769863,-0.2537735109769863
80803,2021,0.265625,0.27823019046667136,-0.012605190466671357
80803,2022,0.224137931,0.27823019046667136,-0.054092259466671344
80803,2023,0.080213904,0.27823019046667136,-0.19801628646667135
80803,2024,0.052023121,0.27823019046667136,-0.22620706946667135
80803,2025,0.082706767,0.27823019046667136,-0.19552342346667134
80804,2021,0.303030303,0.30244305476293387,0.0005872482370661292
80804,2022,0.3,0.30244305476293387,-0.002443054762933883
80804,2023,0.612903226,0.30244305476293387,0.31046017123706615
80804,2024,0.127659574,0.30244305476293387,-0.17478348076293387
80804,2025,0.023809524,0.30244305476293387,-0.27863353076293385
80805,2021,0.560606061,0.2594063415294134,0.3011997194705866
80805,2022,0.603174603,0.2594063415294134,0.34376826147058664
80805,2023,0.392156863,0.2594063415294134,0.13275052147058664
80805,2024,0.186363636,0.2594063415294134,-0.07304270552941339
80805,2025,0.111675127,0.2594063415294134,-0.1477312145294134
80806,2021,0.085714286,0.2668962077740372,-0.18118192177403722
80806,2022,0.16,0.2668962077740372,-0.10689620777403722
80806,2023,0.168316832,0.2668962077740372,-0.09857937577403722
80806,2024,0.139784946,0.2668962077740372,-0.12711126177403723
80806,2025,0.144444444,0.2668962077740372,-0.12245176377403721
80807,2021,0.947368421,0.3691582654601126,0.5782101555398873
80807,2022,1.0,0.3691582654601126,0.6308417345398873
80807,2023,0.914285714,0.3691582654601126,0.5451274485398874
80807,2024,0.176470588,0.3691582654601126,-0.1926876774601126
80807,2025,0.0,0.3691582654601126,-0.3691582654601126
80808,2021,0.272727273,0.275799677047606,-0.0030724040476060033
80808,2022,0.8,0.275799677047606,0.524200322952394
80808,2023,0.444444444,0.275799677047606,0.168644766952394
80808,2024,0.236842105,0.275799677047606,-0.038957572047606
80808,2025,0.119047619,0.275799677047606,-0.156752058047606
80901,2021,0.291196388,0.24163731242628939,0.04955907557371059
80901,2022,0.253863135,0.24163731242628939,0.012225822573710632
80901,2023,0.116324536,0.24163731242628939,-0.12531277642628938
80901,2024,0.128794848,0.24163731242628939,-0.1128424644262894
80901,2025,0.097633136,0.24163731242628939,-0.14400417642628938
80902,2021,0.261764706,0.2635545474484348,-0.0017898414484348035
80902,2022,0.307317073,0.2635545474484348,0.04376252555156518
80902,2023,0.246089677,0.2635545474484348,-0.01746487044843481
80902,2024,0.21888412,0.2635545474484348,-0.04467042744843483
80902,2025,0.381798002,0.2635545474484348,0.11824345455156521
80903,2021,0.090909091,0.2787415475616156,-0.18783245656161562
80903,2022,0.16,0.2787415475616156,-0.11874154756161562
80903,2023,0.114754098,0.2787415475616156,-0.16398744956161562
80903,2024,0.101694915,0.2787415475616156,-0.17704663256161562
80903,2025,0.073684211,0.2787415475616156,-0.20505733656161562
80904,2021,0.224489796,0.20426092925519793,0.020228866744802065
80904,2022,0.151515152,0.20426092925519793,-0.05274577725519794
80904,2023,0.119402985,0.20426092925519793,-0.08485794425519792
80904,2024,0.128378378,0.20426092925519793,-0.07588255125519794
80904,2025,0.049180328,0.20426092925519793,-0.15508060125519793
80905,2021,0.305555556,0.2956387958319744,0.009916760168025618
80905,2022,0.416666667,0.2956387958319744,0.1210278711680256
80905,2023,0.291338583,0.2956387958319744,-0.004300212831974404
80905,2024,0.333333333,0.2956387958319744,0.03769453716802562
80905,2025,0.186440678,0.2956387958319744,-0.10919811783197439
80906,2021,0.247311828,0.2707259547676356,-0.0234141267676356
80906,2022,0.357142857,0.2707259547676356,0.08641690223236437
80906,2023,0.155477032,0.2707259547676356,-0.11524892276763563
80906,2024,0.151291513,0.2707259547676356,-0.11943444176763562
80906,2025,0.10460251,0.2707259547676356,-0.16612344476763563
80907,2021,0.291666667,0.20896431190194845,0.08270235509805154
80907,2022,0.258397933,0.20896431190194845,0.04943362109805158
80907,2023,0.129251701,0.20896431190194845,-0.07971261090194845
80907,2024,0.055072464,0.20896431190194845,-0.15389184790194843
80907,2025,0.102819237,0.20896431190194845,-0.10614507490194845
80908,2021,0.265306122,0.2827073221703802,-0.017401200170380215
80908,2022,0.333333333,0.2827073221703802,0.050626010829619816
80908,2023,0.117647059,0.2827073221703802,-0.1650602631703802
80908,2024,0.191082803,0.2827073221703802,-0.0916245191703802
80908,2025,0.111888112,0.2827073221703802,-0.1708192101703802
80909,2021,1.0,0.36986822724885793,0.6301317727511421
80909,2022,1.0,0.36986822724885793,0.6301317727511421
80909,2023,0.671875,0.36986822724885793,0.30200677275114207
80909,2024,0.474789916,0.36986822724885793,0.10492168875114205
80909,2025,0.32,0.36986822724885793,-0.04986822724885792
80910,2021,0.426116838,0.2257241016852595,0.2003927363147405
80910,2022,0.35207824,0.2257241016852595,0.1263541383147405
80910,2023,0.18503937,0.2257241016852595,-0.04068473168525949
80910,2024,0.12160414,0.2257241016852595,-0.1041199616852595
80910,2025,0.101449275,0.2257241016852595,-0.12427482668525949
80911,2021,0.659090909,0.25737044729173886,0.40172046170826115
80911,2022,0.836363636,0.25737044729173886,0.5789931887082611
80911,2023,0.390243902,0.25737044729173886,0.13287345470826112
80911,2024,0.260606061,0.25737044729173886,0.0032356137082611425
80911,2025,0.047297297,0.25737044729173886,-0.21007315029173884
80912,2021,0.256410256,0.22808720310406272,0.028323052895937284
80912,2022,0.46,0.22808720310406272,0.2319127968959373
80912,2023,0.296875,0.22808720310406272,0.06878779689593728
80912,2024,0.289256198,0.22808720310406272,0.0611689948959373
80912,2025,0.283018868,0.22808720310406272,0.05493166489593726
80913,2021,0.388888889,0.23807992134867006,0.15080896765132995
80913,2022,0.467741935,0.23807992134867006,0.22966201365132993
80913,2023,0.155913978,0.23807992134867006,-0.08216594334867006
80913,2024,0.244755245,0.23807992134867006,0.006675323651329945
80913,2025,0.089041096,0.23807992134867006,-0.14903882534867008
80914,2021,0.705882353,0.25417633342884066,0.45170601957115936
80914,2022,0.778467909,0.25417633342884066,0.5242915755711592
80914,2023,0.514764565,0.25417633342884066,0.26058823157115935
80914,2024,0.519341564,0.25417633342884066,0.2651652305711593
80914,2025,0.292244898,0.25417633342884066,0.038068564571159313
80916,2024,0.058252427,0.23341148631422,-0.17515905931422002
80916,2025,0.086956522,0.23341148631422,-0.14645496431422
80917,2024,0.034013605,0.19562464173298133,-0.16161103673298133
80917,2025,0.084033613,0.19562464173298133,-0.11159102873298134
80918,2024,0.061827957,0.20820902603287494,-0.14638106903287496
80918,2025,0.076923077,0.20820902603287494,-0.13128594903287494
81001,2022,0.642857143,0.32064551174037054,0.3222116312596294
81001,2023,0.11827957,0.32064551174037054,-0.20236594174037054
81001,2024,0.065934066,0.32064551174037054,-0.2547114457403705
81001,2025,0.078947368,0.32064551174037054,-0.24169814374037052
81002,2021,0.5,0.294173736460241,0.20582626353975902
81002,2022,0.75862069,0.294173736460241,0.464446953539759
81002,2023,0.584158416,0.294173736460241,0.289984679539759
81002,2024,0.290322581,0.294173736460241,-0.0038511554602409515
81002,2025,0.359550562,0.294173736460241,0.06537682553975904
81003,2022,0.333333333,0.3267836161249003,0.006549716875099698
81003,2023,0.205128205,0.3267836161249003,-0.1216554111249003
81003,2024,0.178082192,0.3267836161249003,-0.1487014241249003
81003,2025,0.175675676,0.3267836161249003,-0.1511079401249003
81004,2022,0.0,0.19400308051330586,-0.19400308051330586
81004,2023,0.125,0.19400308051330586,-0.06900308051330586
81004,2024,0.1,0.19400308051330586,-0.09400308051330586
81004,2025,0.0,0.19400308051330586,-0.19400308051330586
81005,2022,0.5,0.30322742431097527,0.19677257568902473
81005,2023,0.493333333,0.30322742431097527,0.19010590868902472
81005,2024,0.388888889,0.30322742431097527,0.08566146468902475
81005,2025,0.385714286,0.30322742431097527,0.08248686168902475
81006,2021,0.636363636,0.30374407105597495,0.33261956494402506
81006,2022,0.735632184,0.30374407105597495,0.431888112944025
81006,2023,0.505050505,0.30374407105597495,0.2013064339440251
81006,2024,0.382653061,0.30374407105597495,0.07890898994402507
81006,2025,0.257861635,0.30374407105597495,-0.04588243605597497
81007,2022,0.333333333,0.3107872471941928,0.022546085805807192
81007,2023,0.205882353,0.3107872471941928,-0.10490489419419283
81007,2024,0.081081081,0.3107872471941928,-0.22970616619419282
81007,2025,0.0,0.3107872471941928,-0.3107872471941928
81008,2021,0.714285714,0.19911434783261556,0.5151713661673845
81008,2022,0.0,0.19911434783261556,-0.19911434783261556
81008,2023,0.0,0.19911434783261556,-0.19911434783261556
81008,2024,0.0,0.19911434783261556,-0.19911434783261556
81008,2025,0.0,0.19911434783261556,-0.19911434783261556
81009,2021,1.0,0.2801312487252194,0.7198687512747806
81009,2022,0.775,0.2801312487252194,0.49486875127478064
81009,2023,0.429906542,0.2801312487252194,0.14977529327478062
81009,2024,0.198019802,0.2801312487252194,-0.08211144672521939
81009,2025,0.22826087,0.2801312487252194,-0.05187037872521938
81101,2021,0.463302752,0.3544008398217625,0.10890191217823747
81101,2022,0.425414365,0.3544008398217625,0.0710135251782375
81101,2023,0.373033708,0.3544008398217625,0.018632868178237505
81101,2024,0.299516908,0.3544008398217625,-0.05488393182176249
81101,2025,0.209638554,0.3544008398217625,-0.1447622858217625
81102,2021,0.666666667,0.30264930525079425,0.36401736174920574
81102,2022,0.578947368,0.30264930525079425,0.27629806274920576
81102,2023,0.355932203,0.30264930525079425,0.05328289774920575
81102,2024,0.366666667,0.30264930525079425,0.06401736174920575
81102,2025,0.057692308,0.30264930525079425,-0.24495699725079426
81103,2021,0.513661202,0.38652587360104224,0.12713532839895775
81103,2022,0.453947368,0.38652587360104224,0.06742149439895778
81103,2023,0.336363636,0.38652587360104224,-0.050162237601042214
81103,2024,0.227424749,0.38652587360104224,-0.15910112460104223
81103,2025,0.26459144,0.38652587360104224,-0.12193443360104222
81104,2021,0.752475248,0.2628301763792114,0.4896450716207886
81104,2022,0.458333333,0.2628301763792114,0.1955031566207886
81104,2023,0.481099656,0.2628301763792114,0.21826947962078858
81104,2024,0.189964158,0.2628301763792114,-0.07286601837921142
81104,2025,0.142857143,0.2628301763792114,-0.11997303337921142
81105,2021,0.917431193,0.3147897696123433,0.6026414233876567
81105,2022,0.79245283,0.3147897696123433,0.4776630603876567
81105,2023,0.65480427,0.3147897696123433,0.3400145003876567
81105,2024,0.372262774,0.3147897696123433,0.057473004387656734
81105,2025,0.358024691,0.3147897696123433,0.04323492138765672
81106,2021,0.636363636,0.2725477995519406,0.3638158364480594
81106,2022,0.543307087,0.2725477995519406,0.2707592874480594
81106,2023,0.337950139,0.2725477995519406,0.0654023394480594
81106,2024,0.49235474,0.2725477995519406,0.21980694044805943
81106,2025,0.294520548,0.2725477995519406,0.02197274844805941
81201,2021,0.76969697,0.32716290756942,0.44253406243058
81201,2022,0.5546875,0.32716290756942,0.22752459243057999
81201,2023,0.377245509,0.32716290756942,0.050082601430579965
81201,2024,0.275449102,0.32716290756942,-0.05171380556942001
81201,2025,0.280821918,0.32716290756942,-0.04634098956942001
81202,2021,0.590909091,0.2990631620190619,0.2918459289809381
81202,2022,0.839285714,0.2990631620190619,0.540222551980938
81202,2023,0.435233161,0.2990631620190619,0.13616999898093807
81202,2024,0.328431373,0.2990631620190619,0.029368210980938114
81202,2025,0.298913043,0.2990631620190619,-0.00015011901906192282
81203,2021,0.386363636,0.31577041686468627,0.07059321913531375
81203,2022,0.5,0.31577041686468627,0.18422958313531373
81203,2023,0.2,0.31577041686468627,-0.11577041686468625
81203,2024,0.298387097,0.31577041686468627,-0.017383319864686275
81203,2025,0.253846154,0.31577041686468627,-0.061924262864686275
81204,2021,0.333333333,0.2499661891948102,0.08336714380518981
81204,2022,0.424242424,0.2499661891948102,0.1742762348051898
81204,2023,0.280991736,0.2499661891948102,0.03102554680518979
81204,2024,0.333333333,0.2499661891948102,0.08336714380518981
81204,2025,0.196078431,0.2499661891948102,-0.053887758194810204
81205,2021,0.647887324,0.32687848837393696,0.3210088356260631
81205,2022,0.663755459,0.32687848837393696,0.33687697062606303
81205,2023,0.414141414,0.32687848837393696,0.08726292562606303
81205,2024,0.147540984,0.32687848837393696,-0.17933750437393697
81205,2025,0.279909707,0.32687848837393696,-0.04696878137393695
81206,2021,0.476190476,0.2832992462620216,0.1928912297379784
81206,2022,0.5,0.2832992462620216,0.21670075373797842
81206,2023,0.402515723,0.2832992462620216,0.11921647673797842
81206,2024,0.317073171,0.2832992462620216,0.03377392473797841
81206,2025,0.306122449,0.2832992462620216,0.022823202737978443
81207,2021,0.6,0.338150789095032,0.261849210904968
81207,2022,0.489361702,0.338150789095032,0.15121091290496802
81207,2023,0.307692308,0.338150789095032,-0.030458481095031964
81207,2024,0.12195122,0.338150789095032,-0.216199569095032
81207,2025,0.105263158,0.338150789095032,-0.232887631095032
81208,2021,0.461538462,0.2892423877852435,0.17229607421475646
81208,2022,0.52173913,0.2892423877852435,0.23249674221475652
81208,2023,0.492957746,0.2892423877852435,0.20371535821475645
81208,2024,0.198473282,0.2892423877852435,-0.09076910578524353
81208,2025,0.221238938,0.2892423877852435,-0.06800344978524353
81209,2021,0.611111111,0.23745432329950064,0.37365678770049937
81209,2022,0.648148148,0.23745432329950064,0.4106938247004993
81209,2023,0.503401361,0.23745432329950064,0.2659470377004993
81209,2024,0.375796178,0.23745432329950064,0.13834185470049934
81209,2025,0.3125,0.23745432329950064,0.07504567670049936
81210,2021,0.715151515,0.33984167032449175,0.3753098446755082
81210,2022,0.696517413,0.33984167032449175,0.3566757426755083
81210,2023,0.444108761,0.33984167032449175,0.10426709067550827
81210,2024,0.325945241,0.33984167032449175,-0.013896429324491755
81210,2025,0.242009132,0.33984167032449175,-0.09783253832449176
81211,2021,0.511627907,0.3235200132017652,0.18810789379823484
81211,2022,0.536312849,0.3235200132017652,0.21279283579823477
81211,2023,0.411057692,0.3235200132017652,0.08753767879823476
81211,2024,0.32460733,0.3235200132017652,0.0010873167982348164
81211,2025,0.343930636,0.3235200132017652,0.0204106227982348
81212,2021,0.287037037,0.28927601493385074,-0.00223897793385075
81212,2022,0.256880734,0.28927601493385074,-0.032395280933850745
81212,2023,0.117924528,0.28927601493385074,-0.17135148693385074
81212,2024,0.083333333,0.28927601493385074,-0.20594268193385074
81212,2025,0.097264438,0.28927601493385074,-0.19201157693385074
81301,2021,0.319290466,0.3280156750651539,-0.008725209065153894
81301,2022,0.357594937,0.3280156750651539,0.029579261934846113
81301,2023,0.167924528,0.3280156750651539,-0.1600911470651539
81301,2024,0.155635063,0.3280156750651539,-0.1723806120651539
81301,2025,0.144444444,0.3280156750651539,-0.18357123106515388
81302,2021,0.235294118,0.2552158785570639,-0.019921760557063906
81302,2022,0.416184971,0.2552158785570639,0.1609690924429361
81302,2023,0.308235294,0.2552158785570639,0.05301941544293609
81302,2024,0.127320955,0.2552158785570639,-0.1278949235570639
81302,2025,0.15451895,0.2552158785570639,-0.10069692855706391
81303,2021,0.174603175,0.24802358657352286,-0.07342041157352286
81303,2022,0.309859155,0.24802358657352286,0.06183556842647714
81303,2023,0.141935484,0.24802358657352286,-0.10608810257352286
81303,2024,0.121621622,0.24802358657352286,-0.12640196457352287
81303,2025,0.092307692,0.24802358657352286,-0.15571589457352286
81304,2021,0.166666667,0.32206254630365544,-0.15539587930365545
81304,2022,0.166666667,0.32206254630365544,-0.15539587930365545
81304,2023,0.223021583,0.32206254630365544,-0.09904096330365544
81304,2024,0.204379562,0.32206254630365544,-0.11768298430365545
81304,2025,0.078571429,0.32206254630365544,-0.24349111730365544
81305,2021,0.465968586,0.29177433607319325,0.17419424992680677
81305,2022,0.330434783,0.29177433607319325,0.03866044692680676
81305,2023,0.216346154,0.29177433607319325,-0.07542818207319324
81305,2024,0.181818182,0.29177433607319325,-0.10995615407319326
81305,2025,0.206666667,0.29177433607319325,-0.08510766907319325
81306,2021,0.43062201,0.2813496477488171,0.1492723622511829
81306,2022,0.345794393,0.2813496477488171,0.06444474525118288
81306,2023,0.197411003,0.2813496477488171,-0.0839386447488171
81306,2024,0.122807018,0.2813496477488171,-0.1585426297488171
81306,2025,0.141176471,0.2813496477488171,-0.1401731767488171
81307,2021,0.1,0.2675846721938149,-0.16758467219381487
81307,2022,0.034482759,0.2675846721938149,-0.23310191319381487
81307,2023,0.041666667,0.2675846721938149,-0.22591800519381489
81307,2024,0.111111111,0.2675846721938149,-0.1564735611938149
81307,2025,0.121621622,0.2675846721938149,-0.1459630501938149
90101,2021,0.695090439,0.36368276163071883,0.3314076773692812
90101,2022,0.6,0.36368276163071883,0.23631723836928115
90101,2023,0.451640034,0.36368276163071883,0.08795727236928119
90101,2024,0.279646018,0.36368276163071883,-0.08403674363071884
90101,2025,0.356122449,0.36368276163071883,-0.007560312630718824
90102,2021,0.941176471,0.3043014553159457,0.6368750156840544
90102,2022,0.454545455,0.3043014553159457,0.15024399968405427
90102,2023,0.352112676,0.3043014553159457,0.0478112206840543
90102,2024,0.176470588,0.3043014553159457,-0.1278308673159457
90102,2025,0.06122449,0.3043014553159457,-0.24307696531594572
90103,2021,0.475,0.3221786481625484,0.1528213518374516
90103,2022,0.215909091,0.3221786481625484,-0.10626955716254838
90103,2023,0.245901639,0.3221786481625484,-0.07627700916254837
90103,2024,0.146031746,0.3221786481625484,-0.17614690216254839
90103,2025,0.137254902,0.3221786481625484,-0.18492374616254836
90104,2021,0.0,0.3181341770130942,-0.3181341770130942
90104,2022,0.1,0.3181341770130942,-0.2181341770130942
90104,2023,0.12,0.3181341770130942,-0.19813417701309421
90104,2024,0.181818182,0.3181341770130942,-0.13631599501309422
90104,2025,0.142857143,0.3181341770130942,-0.17527703401309422
90105,2021,0.4,0.22420561767053196,0.17579438232946806
90105,2022,0.0,0.22420561767053196,-0.22420561767053196
90105,2023,0.25,0.22420561767053196,0.02579438232946804
90105,2024,0.034482759,0.22420561767053196,-0.18972285867053196
90105,2025,0.0,0.22420561767053196,-0.22420561767053196
90106,2021,0.046511628,0.33972624705168086,-0.2932146190516809
90106,2022,0.038461538,0.33972624705168086,-0.30126470905168085
90106,2023,0.04040404,0.33972624705168086,-0.2993222070516809
90106,2024,0.032608696,0.33972624705168086,-0.30711755105168087
90106,2025,0.05952381,0.33972624705168086,-0.28020243705168085
90107,2023,0.7,0.23506470313951774,0.4649352968604822
90107,2024,0.25,0.23506470313951774,0.014935296860482256
90107,2025,0.625,0.23506470313951774,0.38993529686048223
90108,2021,0.789473684,0.29899079803397693,0.490482885966023
90108,2022,0.538461538,0.29899079803397693,0.23947073996602303
90108,2023,0.482758621,0.29899079803397693,0.18376782296602306
90108,2024,0.416666667,0.29899079803397693,0.11767586896602306
90108,2025,0.352941176,0.29899079803397693,0.05395037796602309
90109,2021,0.6,0.3243603565667005,0.2756396434332995
90109,2022,0.0,0.3243603565667005,-0.3243603565667005
90109,2023,0.4,0.3243603565667005,0.07563964343329954
90109,2024,0.071428571,0.3243603565667005,-0.2529317855667005
90109,2025,0.066666667,0.3243603565667005,-0.25769368956670047
90110,2021,0.5,0.30480737407760816,0.19519262592239184
90110,2022,0.0,0.30480737407760816,-0.30480737407760816
90110,2023,0.4,0.30480737407760816,0.09519262592239186
90110,2024,0.09375,0.30480737407760816,-0.21105737407760816
90110,2025,0.0,0.30480737407760816,-0.30480737407760816
90111,2021,0.666666667,0.31403762031677335,0.35262904668322664
90111,2022,1.0,0.31403762031677335,0.6859623796832266
90111,2023,0.366666667,0.31403762031677335,0.052629046683226655
90111,2024,0.111111111,0.31403762031677335,-0.20292650931677336
90111,2025,0.157894737,0.31403762031677335,-0.15614288331677334
90112,2022,0.5,0.26230384482880675,0.23769615517119325
90112,2023,0.923076923,0.26230384482880675,0.6607730781711932
90112,2024,0.235294118,0.26230384482880675,-0.027009726828806757
90112,2025,0.238095238,0.26230384482880675,-0.024208606828806767
90113,2021,0.333333333,0.35940518967844187,-0.026071856678441863
90113,2022,0.764705882,0.35940518967844187,0.40530069232155813
90113,2023,0.62962963,0.35940518967844187,0.2702244403215582
90113,2024,0.25,0.35940518967844187,-0.10940518967844187
90113,2025,0.169491525,0.35940518967844187,-0.18991366467844187
90114,2021,0.6,0.3316735164277093,0.26832648357229066
90114,2022,0.4,0.3316735164277093,0.06832648357229071
90114,2023,0.298507463,0.3316735164277093,-0.03316605342770934
90114,2024,0.055555556,0.3316735164277093,-0.2761179604277093
90114,2025,0.134615385,0.3316735164277093,-0.1970581314277093
90115,2023,0.555555556,0.2667261788940646,0.28882937710593537
90115,2024,0.444444444,0.2667261788940646,0.1777182651059354
90115,2025,0.0,0.2667261788940646,-0.2667261788940646
90116,2021,0.0,0.23393946618157954,-0.23393946618157954
90116,2022,0.0,0.23393946618157954,-0.23393946618157954
90116,2023,0.049180328,0.23393946618157954,-0.18475913818157955
90116,2024,0.142857143,0.23393946618157954,-0.09108232318157955
90116,2025,0.095238095,0.23393946618157954,-0.13870137118157955
90117,2021,0.418732782,0.27412675174936446,0.14460603025063556
90117,2022,0.41108545,0.27412675174936446,0.13695869825063556
90117,2023,0.227356747,0.27412675174936446,-0.04677000474936446
90117,2024,0.162055336,0.27412675174936446,-0.11207141574936447
90117,2025,0.12924425,0.27412675174936446,-0.14488250174936446
90118,2021,0.620087336,0.30954904436964187,0.3105382916303581
90118,2022,0.772321429,0.30954904436964187,0.46277238463035814
90118,2023,0.591448931,0.30954904436964187,0.2818998866303581
90118,2024,0.263707572,0.30954904436964187,-0.04584147236964187
90118,2025,0.344155844,0.30954904436964187,0.03460679963035812
90119,2021,0.441558442,0.29673227777916117,0.14482616422083883
90119,2022,0.538461538,0.29673227777916117,0.2417292602208388
90119,2023,0.39380531,0.29673227777916117,0.09707303222083885
90119,2024,0.212669683,0.29673227777916117,-0.08406259477916117
90119,2025,0.178378378,0.29673227777916117,-0.11835389977916116
90201,2021,0.647058824,0.31230272519819846,0.33475609880180157
90201,2022,0.823529412,0.31230272519819846,0.5112266868018015
90201,2023,0.521186441,0.31230272519819846,0.20888371580180154
90201,2024,0.296428571,0.31230272519819846,-0.015874154198198487
90201,2025,0.286259542,0.31230272519819846,-0.026043183198198483
90202,2021,1.0,0.30499183641356675,0.6950081635864332
90202,2022,0.0,0.30499183641356675,-0.30499183641356675
90202,2023,0.192982456,0.30499183641356675,-0.11200938041356676
90202,2024,0.182539683,0.30499183641356675,-0.12245215341356674
90202,2025,0.1484375,0.30499183641356675,-0.15655433641356675
90203,2021,0.481481481,0.3123398039587054,0.16914167704129457
90203,2022,0.526315789,0.3123398039587054,0.21397598504129456
90203,2023,0.259259259,0.3123398039587054,-0.0530805449587054
90203,2024,0.076923077,0.3123398039587054,-0.2354167269587054
90203,2025,0.071428571,0.3123398039587054,-0.24091123295870542
90204,2021,0.428571429,0.30892483563868306,0.11964659336131694
90204,2022,0.769230769,0.30892483563868306,0.4603059333613169
90204,2023,0.559322034,0.30892483563868306,0.25039719836131696
90204,2024,0.333333333,0.30892483563868306,0.02440849736131695
90204,2025,0.153846154,0.30892483563868306,-0.15507868163868305
90205,2021,1.0,0.4215696035348156,0.5784303964651845
90205,2022,0.25,0.4215696035348156,-0.1715696035348156
90205,2023,0.4375,0.4215696035348156,0.015930396465184404
90205,2024,0.161290323,0.4215696035348156,-0.2602792805348156
90205,2025,0.230769231,0.4215696035348156,-0.1908003725348156
90206,2021,0.853211009,0.29272358800235854,0.5604874209976415
90206,2022,0.724489796,0.29272358800235854,0.4317662079976414
90206,2023,0.520576132,0.29272358800235854,0.22785254399764143
90206,2024,0.31120332,0.29272358800235854,0.01847973199764147
90206,2025,0.334146341,0.29272358800235854,0.04142275299764148
90207,2021,0.75,0.30841900685986756,0.44158099314013244
90207,2022,0.684210526,0.30841900685986756,0.3757915191401324
90207,2023,0.209876543,0.30841900685986756,-0.09854246385986756
90207,2024,0.2,0.30841900685986756,-0.10841900685986755
90207,2025,0.125,0.30841900685986756,-0.18341900685986756
90208,2021,0.294117647,0.31741423264382945,-0.02329658564382947
90208,2022,0.677419355,0.31741423264382945,0.3600051223561705
90208,2023,0.20625,0.31741423264382945,-0.11116423264382946
90208,2024,0.185185185,0.31741423264382945,-0.13222904764382945
90208,2025,0.115384615,0.31741423264382945,-0.20202961764382946
90301,2021,0.386740331,0.2768228658071262,0.10991746519287382
90301,2022,0.314655172,0.2768228658071262,0.03783230619287381
90301,2023,0.26627907,0.2768228658071262,-0.010543795807126166
90301,2024,0.192671395,0.2768228658071262,-0.08415147080712618
90301,2025,0.205191595,0.2768228658071262,-0.07163127080712617
90302,2021,0.521126761,0.31415256317255735,0.20697419782744264
90302,2022,0.504424779,0.31415256317255735,0.1902722158274427
90302,2023,0.232704403,0.31415256317255735,-0.08144816017255735
90302,2024,0.175,0.31415256317255735,-0.13915256317255736
90302,2025,0.141666667,0.31415256317255735,-0.17248589617255736
90303,2021,1.0,0.31946353115843745,0.6805364688415625
90303,2022,0.625,0.31946353115843745,0.30553646884156255
90303,2023,0.458333333,0.31946353115843745,0.13886980184156256
90303,2024,0.25,0.31946353115843745,-0.06946353115843745
90303,2025,0.0,0.31946353115843745,-0.31946353115843745
90304,2021,0.701754386,0.378221047427081,0.32353333857291894
90304,2022,0.339622642,0.378221047427081,-0.03859840542708104
90304,2023,0.455696203,0.378221047427081,0.07747515557291901
90304,2024,0.298136646,0.378221047427081,-0.08008440142708101
90304,2025,0.089552239,0.378221047427081,-0.288668808427081
90305,2021,1.0,0.2781112858772189,0.7218887141227811
90305,2022,0.75,0.2781112858772189,0.4718887141227811
90305,2023,0.65,0.2781112858772189,0.3718887141227811
90305,2024,0.515151515,0.2781112858772189,0.2370402291227811
90305,2025,0.318181818,0.2781112858772189,0.04007053212278111
90306,2021,0.333333333,0.26905817259898507,0.06427516040101494
90306,2022,0.578947368,0.26905817259898507,0.30988919540101495
90306,2023,0.405940594,0.26905817259898507,0.13688242140101492
90306,2024,0.126126126,0.26905817259898507,-0.14293204659898506
90306,2025,0.113402062,0.26905817259898507,-0.15565611059898507
90307,2021,0.666666667,0.2984288126703743,0.3682378543296257
90307,2022,0.818181818,0.2984288126703743,0.5197530053296258
90307,2023,0.423076923,0.2984288126703743,0.1246481103296257
90307,2024,0.166666667,0.2984288126703743,-0.1317621456703743
90307,2025,0.04,0.2984288126703743,-0.2584288126703743
90308,2021,0.555555556,0.31056390330933464,0.2449916526906653
90308,2022,0.9,0.31056390330933464,0.5894360966906653
90308,2023,0.261904762,0.31056390330933464,-0.04865914130933463
90308,2024,0.2,0.31056390330933464,-0.11056390330933463
90308,2025,0.117647059,0.31056390330933464,-0.19291684430933465
90309,2021,0.352941176,0.36627984034853445,-0.013338664348534424
90309,2022,0.461538462,0.36627984034853445,0.09525862165146554
90309,2023,0.170731707,0.36627984034853445,-0.19554813334853444
90309,2024,0.051282051,0.36627984034853445,-0.31499778934853445
90309,2025,0.027027027,0.36627984034853445,-0.33925281334853447
90310,2021,0.733333333,0.23153306746119648,0.5018002655388035
90310,2022,0.666666667,0.23153306746119648,0.4351335995388035
90310,2023,0.086956522,0.23153306746119648,-0.14457654546119647
90310,2024,0.0,0.23153306746119648,-0.23153306746119648
90310,2025,0.0,0.23153306746119648,-0.23153306746119648
90311,2021,0.473684211,0.22227062275600565,0.2514135882439944
90311,2022,0.461538462,0.22227062275600565,0.23926783924399433
90311,2023,0.153846154,0.22227062275600565,-0.06842446875600564
90311,2024,0.057142857,0.22227062275600565,-0.16512776575600566
90311,2025,0.0625,0.22227062275600565,-0.15977062275600565
90312,2021,0.41025641,0.24292620303489698,0.16733020696510303
90312,2022,0.419354839,0.24292620303489698,0.176428635965103
90312,2023,0.251908397,0.24292620303489698,0.008982193965103025
90312,2024,0.192982456,0.24292620303489698,-0.049943747034896985
90312,2025,0.151515152,0.24292620303489698,-0.091411051034897
90401,2021,0.633333333,0.33118033285908915,0.3021530001409109
90401,2022,0.75,0.33118033285908915,0.41881966714091085
90401,2023,0.342592593,0.33118033285908915,0.011412260140910846
90401,2024,0.055045872,0.33118033285908915,-0.27613446085908916
90401,2025,0.095744681,0.33118033285908915,-0.23543565185908916
90402,2021,0.733333333,0.3782691258083415,0.35506420719165854
90402,2022,0.5,0.3782691258083415,0.12173087419165851
90402,2023,0.619047619,0.3782691258083415,0.24077849319165856
90402,2024,0.117647059,0.3782691258083415,-0.2606220668083415
90402,2025,0.142857143,0.3782691258083415,-0.2354119828083415
90403,2021,0.625,0.3712874096051743,0.2537125903948257
90403,2022,1.0,0.3712874096051743,0.6287125903948256
90403,2023,0.341463415,0.3712874096051743,-0.02982399460517432
90403,2024,0.078947368,0.3712874096051743,-0.2923400416051743
90403,2025,0.090909091,0.3712874096051743,-0.2803783186051743
90404,2021,0.75,0.466257921910539,0.283742078089461
90404,2022,1.0,0.466257921910539,0.5337420780894611
90404,2023,0.411764706,0.466257921910539,-0.05449321591053902
90404,2024,0.212121212,0.466257921910539,-0.254136709910539
90404,2025,0.09375,0.466257921910539,-0.372507921910539
90405,2021,1.0,0.3739529800765424,0.6260470199234576
90405,2022,0.75,0.3739529800765424,0.3760470199234576
90405,2023,0.24137931,0.3739529800765424,-0.13257367007654236
90405,2024,0.045454545,0.3739529800765424,-0.32849843507654236
90405,2025,0.0,0.3739529800765424,-0.3739529800765424
90406,2021,0.333333333,0.33409295614309803,-0.0007596231430980205
90406,2022,0.0,0.33409295614309803,-0.33409295614309803
90406,2023,0.269230769,0.33409295614309803,-0.06486218714309805
90406,2024,0.045454545,0.33409295614309803,-0.288638411143098
90406,2025,0.0625,0.33409295614309803,-0.27159295614309803
90407,2021,0.555555556,0.32546415390021943,0.23009140209978052
90407,2022,0.333333333,0.32546415390021943,0.007869179099780577
90407,2023,0.142857143,0.32546415390021943,-0.18260701090021944
90407,2024,0.028571429,0.32546415390021943,-0.29689272490021945
90407,2025,0.066666667,0.32546415390021943,-0.2587974869002194
90408,2022,1.0,0.3327698851634979,0.6672301148365021
90408,2023,0.5,0.3327698851634979,0.16723011483650208
90408,2024,0.0,0.3327698851634979,-0.3327698851634979
90408,2025,0.076923077,0.3327698851634979,-0.2558468081634979
90409,2021,0.0,0.3705996183180737,-0.3705996183180737
90409,2022,0.142857143,0.3705996183180737,-0.2277424753180737
90409,2023,0.125,0.3705996183180737,-0.2455996183180737
90409,2024,0.055555556,0.3705996183180737,-0.3150440623180737
90409,2025,0.0625,0.3705996183180737,-0.3080996183180737
90410,2021,0.333333333,0.26328815435876235,0.07004517864123766
90410,2022,0.5,0.26328815435876235,0.23671184564123765
90410,2023,0.545454545,0.26328815435876235,0.28216639064123766
90410,2024,0.3,0.26328815435876235,0.03671184564123764
90410,2025,0.1,0.26328815435876235,-0.16328815435876234
90411,2021,0.9,0.28631400875074653,0.6136859912492535
90411,2022,1.0,0.28631400875074653,0.7136859912492535
90411,2023,0.060606061,0.28631400875074653,-0.22570794775074654
90411,2024,0.03125,0.28631400875074653,-0.25506400875074653
90411,2025,0.034482759,0.28631400875074653,-0.25183124975074656
90412,2021,0.285714286,0.3102640799505081,-0.024549793950508103
90412,2022,0.454545455,0.3102640799505081,0.1442813750494919
90412,2023,0.133333333,0.3102640799505081,-0.1769307469505081
90412,2024,0.076923077,0.3102640799505081,-0.23334100295050808
90412,2025,0.1875,0.3102640799505081,-0.12276407995050809
90413,2021,0.277777778,0.2220934209477305,0.055684357052269484
90413,2022,0.333333333,0.2220934209477305,0.11123991205226952
90413,2023,0.115384615,0.2220934209477305,-0.1067088059477305
90413,2024,0.195121951,0.2220934209477305,-0.026971469947730503
90413,2025,0.090909091,0.2220934209477305,-0.1311843299477305
90501,2021,0.6,0.31514113670140687,0.2848588632985931
90501,2022,0.657407407,0.31514113670140687,0.34226627029859313
90501,2023,0.554455446,0.31514113670140687,0.2393143092985931
90501,2024,0.265895954,0.31514113670140687,-0.049245182701406875
90501,2025,0.363013699,0.31514113670140687,0.04787256229859316
90502,2021,0.461538462,0.23233741758614987,0.2292010444138501
90502,2022,0.197674419,0.23233741758614987,-0.03466299858614988
90502,2023,0.187022901,0.23233741758614987,-0.04531451658614988
90502,2024,0.211469534,0.23233741758614987,-0.020867883586149882
90502,2025,0.179039301,0.23233741758614987,-0.05329811658614986
90503,2021,0.264705882,0.21253126114556137,0.052174620854438636
90503,2022,0.24,0.21253126114556137,0.027468738854438624
90503,2023,0.094594595,0.21253126114556137,-0.11793666614556136
90503,2024,0.013888889,0.21253126114556137,-0.19864237214556138
90503,2025,0.087719298,0.21253126114556137,-0.12481196314556137
90504,2021,0.285714286,0.34257525350359924,-0.05686096750359926
90504,2022,0.205882353,0.34257525350359924,-0.13669290050359925
90504,2023,0.36,0.34257525350359924,0.017424746496400745
90504,2024,0.139240506,0.34257525350359924,-0.20333474750359923
90504,2025,0.114754098,0.34257525350359924,-0.22782115550359924
90505,2021,0.5,0.3597407342180179,0.1402592657819821
90505,2023,0.066666667,0.3597407342180179,-0.2930740672180179
90505,2024,0.166666667,0.3597407342180179,-0.1930740672180179
90505,2025,0.058823529,0.3597407342180179,-0.3009172052180179
90506,2021,0.571428571,0.3222018616317055,0.2492267093682945
90506,2022,0.217391304,0.3222018616317055,-0.10481055763170549
90506,2023,0.203389831,0.3222018616317055,-0.1188120306317055
90506,2024,0.147826087,0.3222018616317055,-0.1743757746317055
90506,2025,0.086956522,0.3222018616317055,-0.23524533963170552
90507,2021,0.529411765,0.3177431500384462,0.21166861496155376
90507,2022,0.305555556,0.3177431500384462,-0.012187594038446214
90507,2023,0.257383966,0.3177431500384462,-0.0603591840384462
90507,2024,0.147679325,0.3177431500384462,-0.17006382503844622
90507,2025,0.160621762,0.3177431500384462,-0.15712138803844622
90508,2021,0.0,0.32366976341781356,-0.32366976341781356
90508,2023,0.12,0.32366976341781356,-0.20366976341781357
90508,2024,0.0625,0.32366976341781356,-0.26116976341781356
90508,2025,0.090909091,0.32366976341781356,-0.23276067241781356
90509,2021,0.694444444,0.3530507001660429,0.34139374383395715
90509,2022,0.421052632,0.3530507001660429,0.06800193183395709
90509,2023,0.47,0.3530507001660429,0.11694929983395708
90509,2024,0.382022472,0.3530507001660429,0.028971771833957105
90509,2025,0.151898734,0.3530507001660429,-0.2011519661660429
90510,2021,0.0,0.22921695122897195,-0.22921695122897195
90510,2022,0.192307692,0.22921695122897195,-0.03690925922897195
90510,2023,0.044444444,0.22921695122897195,-0.18477250722897196
90510,2024,0.042105263,0.22921695122897195,-0.18711168822897195
90510,2025,0.042253521,0.22921695122897195,-0.18696343022897194
90511,2021,0.134615385,0.30416722931968815,-0.16955184431968814
90511,2022,0.480519481,0.30416722931968815,0.17635225168031188
90511,2023,0.243421053,0.30416722931968815,-0.06074617631968815
90511,2024,0.258741259,0.30416722931968815,-0.04542597031968815
90511,2025,0.138211382,0.30416722931968815,-0.16595584731968815
90601,2021,0.527777778,0.430265276726612,0.09751250127338801
90601,2022,0.523809524,0.430265276726612,0.093544247273388
90601,2023,0.386363636,0.430265276726612,-0.04390164072661201
90601,2024,0.291139241,0.430265276726612,-0.13912603572661203
90601,2025,0.114754098,0.430265276726612,-0.31551117872661205
90602,2022,0.714285714,0.44282754493264725,0.2714581690673527
90602,2023,0.214285714,0.44282754493264725,-0.22854183093264727
90602,2024,0.230769231,0.44282754493264725,-0.21205831393264726
90602,2025,0.166666667,0.44282754493264725,-0.27616087793264726
90603,2021,0.5,0.2732534112479212,0.22674658875207881
90603,2022,0.0,0.2732534112479212,-0.2732534112479212
90603,2023,0.375,0.2732534112479212,0.10174658875207881
90603,2024,0.043478261,0.2732534112479212,-0.2297751502479212
90603,2025,0.0,0.2732534112479212,-0.2732534112479212
90604,2021,0.5,0.3533086298105953,0.1466913701894047
90604,2022,0.75,0.3533086298105953,0.3966913701894047
90604,2023,0.4,0.3533086298105953,0.046691370189404724
90604,2024,0.0,0.3533086298105953,-0.3533086298105953
90604,2025,0.0,0.3533086298105953,-0.3533086298105953
90605,2021,0.888888889,0.3555199383273903,0.5333689506726096
90605,2022,1.0,0.3555199383273903,0.6444800616726096
90605,2023,0.8,0.3555199383273903,0.4444800616726097
90605,2024,0.0,0.3555199383273903,-0.3555199383273903
90605,2025,0.0,0.3555199383273903,-0.3555199383273903
90606,2021,0.0,0.18256241144097082,-0.18256241144097082
90606,2022,0.0,0.18256241144097082,-0.18256241144097082
90606,2023,0.0,0.18256241144097082,-0.18256241144097082
90606,2024,0.0,0.18256241144097082,-0.18256241144097082
90606,2025,0.0,0.18256241144097082,-0.18256241144097082
90607,2021,0.363636364,0.4298176076494886,-0.06618124364948863
90607,2022,0.21,0.4298176076494886,-0.21981760764948863
90607,2023,0.195266272,0.4298176076494886,-0.23455133564948863
90607,2024,0.011111111,0.4298176076494886,-0.4187064966494886
90607,2025,0.014925373,0.4298176076494886,-0.4148922346494886
90608,2021,0.333333333,0.2313912905584319,0.1019420424415681
90608,2022,0.5,0.2313912905584319,0.2686087094415681
90608,2023,0.266666667,0.2313912905584319,0.03527537644156811
90608,2024,0.333333333,0.2313912905584319,0.1019420424415681
90608,2025,0.3,0.2313912905584319,0.06860870944156808
90609,2021,0.583333333,0.41138319002848533,0.17195014297151467
90609,2022,0.625,0.41138319002848533,0.21361680997151467
90609,2023,0.090909091,0.41138319002848533,-0.32047409902848534
90609,2024,0.086956522,0.41138319002848533,-0.32442666802848535
90609,2025,0.153846154,0.41138319002848533,-0.2575370360284853
90610,2021,0.611111111,0.31763110149643753,0.2934800095035625
90610,2022,0.882352941,0.31763110149643753,0.5647218395035625
90610,2023,0.157894737,0.31763110149643753,-0.15973636449643752
90610,2024,0.087719298,0.31763110149643753,-0.22991180349643753
90610,2025,0.029411765,0.31763110149643753,-0.28821933649643755
90611,2021,0.3,0.4428139349995101,-0.14281393499951012
90611,2022,0.285714286,0.4428139349995101,-0.15709964899951012
90611,2023,0.235294118,0.4428139349995101,-0.2075198169995101
90611,2024,0.171428571,0.4428139349995101,-0.2713853639995101
90611,2025,0.1,0.4428139349995101,-0.3428139349995101
90612,2021,0.6,0.37233806710429523,0.22766193289570474
90612,2022,0.375,0.37233806710429523,0.002661932895704766
90612,2023,0.428571429,0.37233806710429523,0.05623336189570477
90612,2024,0.0,0.37233806710429523,-0.37233806710429523
90612,2025,0.0,0.37233806710429523,-0.37233806710429523
90613,2021,0.357142857,0.32442964519818474,0.032713211801815245
90613,2022,0.086956522,0.32442964519818474,-0.23747312319818475
90613,2023,0.078431373,0.32442964519818474,-0.24599827219818474
90613,2024,0.034482759,0.32442964519818474,-0.28994688619818476
90613,2025,0.0,0.32442964519818474,-0.32442964519818474
90614,2021,0.0,0.2905993717535017,-0.2905993717535017
90614,2023,0.0,0.2905993717535017,-0.2905993717535017
90614,2024,0.1,0.2905993717535017,-0.1905993717535017
90614,2025,0.0,0.2905993717535017,-0.2905993717535017
90615,2021,1.0,0.41137973859388444,0.5886202614061156
90615,2022,0.8,0.41137973859388444,0.3886202614061156
90615,2023,0.153846154,0.41137973859388444,-0.2575335845938844
90615,2024,0.384615385,0.41137973859388444,-0.02676435359388446
90615,2025,0.0,0.41137973859388444,-0.41137973859388444
90616,2021,0.0,0.339673966792795,-0.339673966792795
90616,2022,0.5,0.339673966792795,0.160326033207205
90616,2023,0.333333333,0.339673966792795,-0.006340633792794981
90616,2024,0.125,0.339673966792795,-0.214673966792795
90616,2025,0.0,0.339673966792795,-0.339673966792795
90701,2021,0.15625,0.3008325058314369,-0.1445825058314369
90701,2022,0.308270677,0.3008325058314369,0.007438171168563101
90701,2023,0.138248848,0.3008325058314369,-0.16258365783143688
90701,2024,0.114285714,0.3008325058314369,-0.1865467918314369
90701,2025,0.158163265,0.3008325058314369,-0.1426692408314369
90702,2021,0.465517241,0.30990459385298186,0.15561264714701817
90702,2022,0.368421053,0.30990459385298186,0.05851645914701814
90702,2023,0.206896552,0.30990459385298186,-0.10300804185298185
90702,2024,0.053191489,0.30990459385298186,-0.2567131048529819
90702,2025,0.060240964,0.30990459385298186,-0.24966362985298185
90703,2021,0.36,0.29801719336984805,0.06198280663015193
90703,2022,0.385964912,0.29801719336984805,0.08794771863015194
90703,2023,0.141843972,0.29801719336984805,-0.15617322136984804
90703,2024,0.046875,0.29801719336984805,-0.25114219336984805
90703,2025,0.066666667,0.29801719336984805,-0.23135052636984804
90704,2021,0.288135593,0.3118640811900705,-0.02372848819007045
90704,2022,0.242424242,0.3118640811900705,-0.06943983919007046
90704,2023,0.077586207,0.3118640811900705,-0.23427787419007046
90704,2024,0.008695652,0.3118640811900705,-0.3031684291900705
90704,2025,0.078431373,0.3118640811900705,-0.23343270819007048
90705,2021,0.425,0.3271561883244475,0.0978438116755525
90705,2022,0.302631579,0.3271561883244475,-0.0245246093244475
90705,2023,0.148080439,0.3271561883244475,-0.17907574932444748
90705,2024,0.172727273,0.3271561883244475,-0.1544289153244475
90705,2025,0.156732892,0.3271561883244475,-0.17042329632444747
90706,2021,0.588235294,0.30092313749172506,0.2873121565082749
90706,2022,0.539130435,0.30092313749172506,0.23820729750827496
90706,2023,0.493573265,0.30092313749172506,0.19265012750827493
90706,2024,0.359649123,0.30092313749172506,0.05872598550827496
90706,2025,0.242320819,0.30092313749172506,-0.058602318491725064
90707,2021,0.5,0.3929888989456945,0.1070111010543055
90707,2022,0.333333333,0.3929888989456945,-0.05965556594569449
90707,2023,0.161904762,0.3929888989456945,-0.2310841369456945
90707,2024,0.192982456,0.3929888989456945,-0.2000064429456945
90707,2025,0.166666667,0.3929888989456945,-0.2263222319456945
90709,2021,0.333333333,0.26690431548759264,0.06642901751240737
90709,2022,0.236842105,0.26690431548759264,-0.03006221048759264
90709,2023,0.15,0.26690431548759264,-0.11690431548759264
90709,2024,0.095744681,0.26690431548759264,-0.17115963448759264
90709,2025,0.047619048,0.26690431548759264,-0.21928526748759264
90710,2021,0.285714286,0.2976185315810783,-0.011904245581078332
90710,2022,0.315789474,0.2976185315810783,0.0181709424189217
90710,2023,0.155555556,0.2976185315810783,-0.1420629755810783
90710,2024,0.02173913,0.2976185315810783,-0.2758794015810783
90710,2025,0.139534884,0.2976185315810783,-0.15808364758107832
90711,2021,0.396551724,0.30886437017396556,0.08768735382603443
90711,2022,0.5,0.30886437017396556,0.19113562982603444
90711,2023,0.43718593,0.30886437017396556,0.12832155982603444
90711,2024,0.175182482,0.30886437017396556,-0.13368188817396556
90711,2025,0.130841121,0.30886437017396556,-0.17802324917396556
90713,2021,0.5,0.31981042157089035,0.18018957842910965
90713,2022,0.166666667,0.31981042157089035,-0.15314375457089036
90713,2023,0.35,0.31981042157089035,0.03018957842910963
90713,2024,0.193548387,0.31981042157089035,-0.12626203457089036
90713,2025,0.0,0.31981042157089035,-0.31981042157089035
90714,2021,0.141025641,0.28400911066673,-0.14298346966673
90714,2022,0.265625,0.28400911066673,-0.018384110666730014
90714,2023,0.09375,0.28400911066673,-0.19025911066673
90714,2024,0.098765432,0.28400911066673,-0.18524367866673003
90714,2025,0.07751938,0.28400911066673,-0.20648973066673001
90715,2021,0.518518519,0.37343126113471586,0.14508725786528415
90715,2022,0.384615385,0.37343126113471586,0.011184123865284112
90715,2023,0.27027027,0.37343126113471586,-0.10316099113471588
90715,2024,0.029411765,0.37343126113471586,-0.3440194961347159
90715,2025,0.103896104,0.37343126113471586,-0.2695351571347159
90716,2021,0.24,0.3624095457941644,-0.12240954579416441
90716,2022,0.058823529,0.3624095457941644,-0.3035860167941644
90716,2023,0.038961039,0.3624095457941644,-0.32344850679416437
90716,2024,0.067567568,0.3624095457941644,-0.29484197779416443
90716,2025,0.016129032,0.3624095457941644,-0.3462805137941644
90717,2021,0.2,0.2612470364491669,-0.0612470364491669
90717,2022,0.120689655,0.2612470364491669,-0.1405573814491669
90717,2023,0.043478261,0.2612470364491669,-0.21776877544916692
90717,2024,0.027972028,0.2612470364491669,-0.2332750084491669
90717,2025,0.015267176,0.2612470364491669,-0.24597986044916692
90718,2021,0.210526316,0.3308914717446622,-0.12036515574466222
90718,2022,0.302325581,0.3308914717446622,-0.028565890744662203
90718,2023,0.094017094,0.3308914717446622,-0.23687437774466222
90718,2024,0.111111111,0.3308914717446622,-0.21978036074466223
90718,2025,0.112676056,0.3308914717446622,-0.21821541574466222
90719,2021,0.130434783,0.23643683828183998,-0.10600205528183998
90719,2022,0.196428571,0.23643683828183998,-0.04000826728183998
90719,2023,0.04845815,0.23643683828183998,-0.18797868828183997
90719,2024,0.046632124,0.23643683828183998,-0.18980471428183998
90719,2025,0.01986755,0.23643683828183998,-0.21656928828183997
90720,2021,0.368421053,0.3928613148510015,-0.02444026185100151
90720,2022,0.277777778,0.3928613148510015,-0.11508353685100153
90720,2023,0.118181818,0.3928613148510015,-0.2746794968510015
90720,2024,0.138613861,0.3928613148510015,-0.2542474538510015
90720,2025,0.2,0.3928613148510015,-0.1928613148510015
90721,2021,0.933333333,0.30307371702765773,0.6302596159723423
90721,2022,0.869565217,0.30307371702765773,0.5664914999723423
90721,2023,0.723684211,0.30307371702765773,0.4206104939723423
90721,2024,0.642857143,0.30307371702765773,0.33978342597234223
90721,2025,0.0,0.30307371702765773,-0.30307371702765773
90722,2021,0.421052632,0.25885113157255896,0.16220150042744103
90722,2022,0.30952381,0.25885113157255896,0.050672678427441054
90722,2023,0.045112782,0.25885113157255896,-0.21373834957255897
90722,2024,0.173913043,0.25885113157255896,-0.08493808857255897
90722,2025,0.1875,0.25885113157255896,-0.07135113157255896
90723,2021,0.461538462,0.2614498069773858,0.2000886550226142
90723,2022,0.352941176,0.2614498069773858,0.09149136902261423
90723,2023,0.150943396,0.2614498069773858,-0.11050641097738578
90723,2024,0.20754717,0.2614498069773858,-0.05390263697738579
90723,2025,0.268292683,0.2614498069773858,0.006842876022614186
90724,2024,0.177777778,0.19742604078026557,-0.019648262780265574
90724,2025,0.105263158,0.19742604078026557,-0.09216288278026558
90725,2024,0.0,0.3191759744474642,-0.3191759744474642
90725,2025,0.0,0.3191759744474642,-0.3191759744474642
100101,2021,0.085790885,0.18411178427147798,-0.09832089927147798
100101,2022,0.12,0.18411178427147798,-0.06411178427147798
100101,2023,0.052550825,0.18411178427147798,-0.13156095927147798
100101,2024,0.212841433,0.18411178427147798,0.028729648728522017
100101,2025,0.252219532,0.18411178427147798,0.06810774772852204
100102,2021,0.050108932,0.20898530496145962,-0.15887637296145962
100102,2022,0.075027996,0.20898530496145962,-0.13395730896145963
100102,2023,0.032013479,0.20898530496145962,-0.1769718259614596
100102,2024,0.127272727,0.20898530496145962,-0.08171257796145961
100102,2025,0.190352021,0.20898530496145962,-0.018633283961459607
100103,2021,0.206521739,0.2705234194995765,-0.06400168049957647
100103,2022,0.202764977,0.2705234194995765,-0.06775844249957647
100103,2023,0.175438596,0.2705234194995765,-0.09508482349957648
100103,2024,0.19338843,0.2705234194995765,-0.07713498949957648
100103,2025,0.138059701,0.2705234194995765,-0.13246371849957647
100104,2021,0.330708661,0.2113958534825943,0.11931280751740572
100104,2022,0.344827586,0.2113958534825943,0.13343173251740573
100104,2023,0.188034188,0.2113958534825943,-0.0233616654825943
100104,2024,0.150684932,0.2113958534825943,-0.0607109214825943
100104,2025,0.063342318,0.2113958534825943,-0.1480535354825943
100105,2021,0.321428571,0.30692028744346833,0.014508283556531665
100105,2022,0.37254902,0.30692028744346833,0.06562873255653168
100105,2023,0.275,0.30692028744346833,-0.03192028744346831
100105,2024,0.180232558,0.30692028744346833,-0.12668772944346834
100105,2025,0.173228346,0.30692028744346833,-0.13369194144346833
100106,2021,0.361111111,0.20514700575416195,0.15596410524583804
100106,2022,0.258064516,0.20514700575416195,0.05291751024583807
100106,2023,0.132867133,0.20514700575416195,-0.07227987275416195
100106,2024,0.12,0.20514700575416195,-0.08514700575416195
100106,2025,0.0546875,0.20514700575416195,-0.15045950575416195
100107,2021,0.222222222,0.19386978815753303,0.028352433842466968
100107,2022,0.196721311,0.19386978815753303,0.0028515228424669803
100107,2023,0.166666667,0.19386978815753303,-0.02720312115753304
100107,2024,0.165217391,0.19386978815753303,-0.02865239715753304
100107,2025,0.194444444,0.19386978815753303,0.0005746558424669646
100108,2021,0.230263158,0.2528526177871055,-0.022589459787105498
100108,2022,0.5,0.2528526177871055,0.2471473822128945
100108,2023,0.525,0.2528526177871055,0.27214738221289453
100108,2024,0.086666667,0.2528526177871055,-0.1661859507871055
100108,2025,0.028985507,0.2528526177871055,-0.2238671107871055
100109,2021,0.144200627,0.2172269059568427,-0.07302627895684269
100109,2022,0.131578947,0.2172269059568427,-0.08564795895684268
100109,2023,0.047666336,0.2172269059568427,-0.16956056995684268
100109,2024,0.078651685,0.2172269059568427,-0.1385752209568427
100109,2025,0.09,0.2172269059568427,-0.1272269059568427
100110,2021,0.96875,0.23868521580210494,0.7300647841978951
100110,2022,0.875,0.23868521580210494,0.6363147841978951
100110,2023,0.833333333,0.23868521580210494,0.594648117197895
100110,2024,0.523809524,0.23868521580210494,0.2851243081978951
100110,2025,0.096774194,0.23868521580210494,-0.14191102180210496
100111,2021,0.079096045,0.20015493651043548,-0.12105889151043547
100111,2022,0.106382979,0.20015493651043548,-0.09377195751043547
100111,2023,0.08377425,0.20015493651043548,-0.11638068651043548
100111,2024,0.24120603,0.20015493651043548,0.04105109348956451
100111,2025,0.236864772,0.20015493651043548,0.036709835489564524
100112,2021,0.111111111,0.2922725267431901,-0.1811614157431901
100112,2022,0.111111111,0.2922725267431901,-0.1811614157431901
100112,2023,0.021276596,0.2922725267431901,-0.2709959307431901
100112,2024,0.03125,0.2922725267431901,-0.2610225267431901
100112,2025,0.102564103,0.2922725267431901,-0.18970842374319008
100113,2021,0.1375,0.29183276151776905,-0.15433276151776903
100113,2022,0.116666667,0.29183276151776905,-0.17516609451776904
100113,2023,0.133056133,0.29183276151776905,-0.15877662851776905
100113,2024,0.163021869,0.29183276151776905,-0.12881089251776903
100113,2025,0.298165138,0.29183276151776905,0.00633237648223095
100201,2021,0.176136364,0.21104198153343265,-0.03490561753343266
100201,2022,0.14,0.21104198153343265,-0.07104198153343264
100201,2023,0.080590238,0.21104198153343265,-0.13045174353343264
100201,2024,0.094565217,0.21104198153343265,-0.11647676453343266
100201,2025,0.073791349,0.21104198153343265,-0.13725063253343264
100202,2021,0.19047619,0.32066740847282804,-0.13019121847282805
100202,2022,0.055555556,0.32066740847282804,-0.26511185247282804
100202,2023,0.12745098,0.32066740847282804,-0.19321642847282805
100202,2024,0.065420561,0.32066740847282804,-0.25524684747282805
100202,2025,0.067567568,0.32066740847282804,-0.2530998404728281
100203,2021,0.058823529,0.257689927564622,-0.19886639856462202
100203,2022,0.066666667,0.257689927564622,-0.191023260564622
100203,2023,0.06557377,0.257689927564622,-0.192116157564622
100203,2024,0.04,0.257689927564622,-0.217689927564622
100203,2025,0.0,0.257689927564622,-0.257689927564622
100204,2021,0.169014085,0.1999477141166623,-0.03093362911666228
100204,2022,0.3,0.1999477141166623,0.1000522858833377
100204,2023,0.189473684,0.1999477141166623,-0.010474030116662286
100204,2024,0.122093023,0.1999477141166623,-0.0778546911166623
100204,2025,0.03164557,0.1999477141166623,-0.16830214411666228
100205,2021,0.153846154,0.2155933353891425,-0.06174718138914248
100205,2022,0.226190476,0.2155933353891425,0.010597140610857508
100205,2023,0.21399177,0.2155933353891425,-0.0016015653891424952
100205,2024,0.142156863,0.2155933353891425,-0.0734364723891425
100205,2025,0.058252427,0.2155933353891425,-0.1573409083891425
100206,2021,0.347826087,0.261548125141303,0.08627796185869702
100206,2022,0.388888889,0.261548125141303,0.12734076385869703
100206,2023,0.326923077,0.261548125141303,0.06537495185869702
100206,2024,0.263157895,0.261548125141303,0.0016097698586969855
100206,2025,0.173076923,0.261548125141303,-0.088471202141303
100207,2021,0.256157635,0.25455099468495296,0.0016066403150470365
100207,2022,0.229885057,0.25455099468495296,-0.024665937684952954
100207,2023,0.085271318,0.25455099468495296,-0.16927967668495297
100207,2024,0.085603113,0.25455099468495296,-0.16894788168495295
100207,2025,0.06352459,0.25455099468495296,-0.19102640468495297
100208,2021,0.462962963,0.18134394528203,0.28161901771797004
100208,2022,0.285714286,0.18134394528203,0.10437034071797
100208,2023,0.107142857,0.18134394528203,-0.07420108828203
100208,2024,0.256,0.18134394528203,0.07465605471797002
100208,2025,0.132231405,0.18134394528203,-0.04911254028202999
100301,2021,0.015625,0.24960067756797857,-0.23397567756797857
100301,2022,0.06779661,0.24960067756797857,-0.18180406756797857
100301,2023,0.109756098,0.24960067756797857,-0.13984457956797858
100301,2024,0.122362869,0.24960067756797857,-0.12723780856797856
100301,2025,0.105485232,0.24960067756797857,-0.14411544556797856
100307,2021,0.102272727,0.24563603339810666,-0.14336330639810668
100307,2022,0.268292683,0.24563603339810666,0.022656649601893314
100307,2023,0.148514851,0.24563603339810666,-0.09712118239810666
100307,2024,0.260869565,0.24563603339810666,0.015233531601893363
100307,2025,0.363636364,0.24563603339810666,0.11800033060189333
100311,2021,0.366071429,0.3020601785903518,0.06401125040964822
100311,2022,0.456,0.3020601785903518,0.15393982140964824
100311,2023,0.417910448,0.3020601785903518,0.11585026940964821
100311,2024,0.391304348,0.3020601785903518,0.08924416940964824
100311,2025,0.278431373,0.3020601785903518,-0.023628805590351798
100313,2021,0.083333333,0.28279927798854476,-0.19946594498854475
100313,2022,0.161971831,0.28279927798854476,-0.12082744698854475
100313,2023,0.099009901,0.28279927798854476,-0.18378937698854475
100313,2024,0.134020619,0.28279927798854476,-0.14877865898854475
100313,2025,0.110497238,0.28279927798854476,-0.17230203998854476
100316,2021,0.368421053,0.2491864780775828,0.11923457492241721
100316,2022,0.375,0.2491864780775828,0.1258135219224172
100316,2023,0.263157895,0.2491864780775828,0.013971416922417185
100316,2024,0.27027027,0.2491864780775828,0.02108379192241719
100316,2025,0.333333333,0.2491864780775828,0.08414685492241722
100317,2021,0.62962963,0.2705119773694905,0.35911765263050954
100317,2022,0.510638298,0.2705119773694905,0.24012632063050954
100317,2023,0.295238095,0.2705119773694905,0.02472611763050947
100317,2024,0.545851528,0.2705119773694905,0.2753395506305095
100317,2025,0.262222222,0.2705119773694905,-0.008289755369490504
100321,2021,0.052631579,0.2858664526013257,-0.23323487360132572
100321,2022,0.117647059,0.2858664526013257,-0.1682193936013257
100321,2023,0.152542373,0.2858664526013257,-0.1333240796013257
100321,2024,0.106060606,0.2858664526013257,-0.1798058466013257
100321,2025,0.088888889,0.2858664526013257,-0.1969775636013257
100322,2021,0.19047619,0.2543175002936658,-0.0638413102936658
100322,2022,0.209302326,0.2543175002936658,-0.04501517429366578
100322,2023,0.115384615,0.2543175002936658,-0.1389328852936658
100322,2024,0.056603774,0.2543175002936658,-0.1977137262936658
100322,2025,0.0,0.2543175002936658,-0.2543175002936658
100323,2021,1.0,0.2883401686947295,0.7116598313052704
100323,2022,0.875,0.2883401686947295,0.5866598313052704
100323,2023,0.310344828,0.2883401686947295,0.022004659305270513
100323,2024,0.333333333,0.2883401686947295,0.044993164305270505
100323,2025,0.188679245,0.2883401686947295,-0.09966092369472951
100401,2021,0.465909091,0.35534361921047036,0.11056547178952963
100401,2022,0.35483871,0.35534361921047036,-0.0005049092104703612
100401,2023,0.197580645,0.35534361921047036,-0.15776297421047036
100401,2024,0.147727273,0.35534361921047036,-0.20761634621047037
100401,2025,0.095057034,0.35534361921047036,-0.2602865852104704
100402,2021,0.0,0.3972605824929715,-0.3972605824929715
100402,2022,0.346153846,0.3972605824929715,-0.05110673649297154
100402,2023,0.266055046,0.3972605824929715,-0.1312055364929715
100402,2024,0.257142857,0.3972605824929715,-0.14011772549297152
100402,2025,0.133333333,0.3972605824929715,-0.2639272494929715
100403,2021,0.125,0.4233835263637528,-0.2983835263637528
100403,2022,0.375,0.4233835263637528,-0.048383526363752816
100403,2023,0.037037037,0.4233835263637528,-0.3863464893637528
100403,2024,0.022222222,0.4233835263637528,-0.4011613043637528
100403,2025,0.261904762,0.4233835263637528,-0.1614787643637528
100404,2021,0.307692308,0.30481791816723935,0.002874389832760671
100404,2022,0.181818182,0.30481791816723935,-0.12299973616723936
100404,2023,0.086757991,0.30481791816723935,-0.21805992716723935
100404,2024,0.154166667,0.30481791816723935,-0.15065125116723935
100404,2025,0.194444444,0.30481791816723935,-0.11037347416723936
100501,2021,0.223300971,0.2720474218991316,-0.04874645089913163
100501,2022,0.346666667,0.2720474218991316,0.07461924510086837
100501,2023,0.151245552,0.2720474218991316,-0.12080186989913161
100501,2024,0.139449541,0.2720474218991316,-0.1325978808991316
100501,2025,0.107784431,0.2720474218991316,-0.1642629908991316
100502,2021,0.476190476,0.2500523262742034,0.2261381497257966
100502,2022,0.176470588,0.2500523262742034,-0.07358173827420336
100502,2023,0.516666667,0.2500523262742034,0.2666143407257966
100502,2024,0.271186441,0.2500523262742034,0.021134114725796627
100502,2025,0.226415094,0.2500523262742034,-0.023637232274203362
100503,2021,0.416666667,0.261869356809476,0.154797310190524
100503,2022,0.255813953,0.261869356809476,-0.006055403809476001
100503,2023,0.35915493,0.261869356809476,0.097285573190524
100503,2024,0.111842105,0.261869356809476,-0.150027251809476
100503,2025,0.100840336,0.261869356809476,-0.16102902080947598
100504,2021,0.230769231,0.2826045866617795,-0.05183535566177952
100504,2022,0.357142857,0.2826045866617795,0.07453827033822047
100504,2023,0.261780105,0.2826045866617795,-0.020824481661779526
100504,2024,0.136612022,0.2826045866617795,-0.1459925646617795
100504,2025,0.134146341,0.2826045866617795,-0.1484582456617795
100505,2021,0.045454545,0.4362657921799122,-0.39081124717991217
100505,2022,0.105263158,0.4362657921799122,-0.33100263417991216
100505,2023,0.166666667,0.4362657921799122,-0.2695991251799122
100505,2024,0.157894737,0.4362657921799122,-0.2783710551799122
100505,2025,0.037037037,0.4362657921799122,-0.3992287551799122
100506,2021,0.434782609,0.29891245369473834,0.13587015530526164
100506,2022,0.157894737,0.29891245369473834,-0.14101771669473834
100506,2023,0.07751938,0.29891245369473834,-0.22139307369473835
100506,2024,0.007692308,0.29891245369473834,-0.29122014569473836
100506,2025,0.016260163,0.29891245369473834,-0.28265229069473835
100507,2021,0.513157895,0.22664647755442163,0.28651141744557834
100507,2022,0.613953488,0.22664647755442163,0.3873070104455784
100507,2023,0.469924812,0.22664647755442163,0.2432783344455784
100507,2024,0.630017452,0.22664647755442163,0.4033709744455784
100507,2025,0.242937853,0.22664647755442163,0.016291375445578377
100508,2021,0.266666667,0.28758985988578084,-0.020923192885780817
100508,2022,0.210526316,0.28758985988578084,-0.07706354388578085
100508,2023,0.142857143,0.28758985988578084,-0.14473271688578085
100508,2024,0.105882353,0.28758985988578084,-0.18170750688578086
100508,2025,0.355932203,0.28758985988578084,0.06834234311421916
100509,2021,0.571428571,0.2718581746224677,0.2995703963775323
100509,2022,0.469387755,0.2718581746224677,0.19752958037753232
100509,2023,0.374193548,0.2718581746224677,0.10233537337753229
100509,2024,0.245901639,0.2718581746224677,-0.02595653562246769
100509,2025,0.302469136,0.2718581746224677,0.03061096137753233
100510,2021,0.117647059,0.24956598800522184,-0.13191892900522184
100510,2022,0.580645161,0.24956598800522184,0.3310791729947781
100510,2023,0.328571429,0.24956598800522184,0.07900544099477819
100510,2024,0.2125,0.24956598800522184,-0.037065988005221845
100510,2025,0.172839506,0.24956598800522184,-0.07672648200522184
100511,2021,0.090909091,0.2693851643821806,-0.17847607338218058
100511,2022,0.272727273,0.2693851643821806,0.003342108617819417
100511,2023,0.075757576,0.2693851643821806,-0.19362758838218058
100511,2024,0.0,0.2693851643821806,-0.2693851643821806
100511,2025,0.12244898,0.2693851643821806,-0.1469361843821806
100601,2021,0.325490196,0.2223704205028182,0.10311977549718182
100601,2022,0.367886179,0.2223704205028182,0.1455157584971818
100601,2023,0.263335584,0.2223704205028182,0.04096516349718182
100601,2024,0.146448774,0.2223704205028182,-0.07592164650281819
100601,2025,0.08641115,0.2223704205028182,-0.1359592705028182
100602,2021,0.129411765,0.25650163228844713,-0.12708986728844712
100602,2022,0.272727273,0.25650163228844713,0.016225640711552858
100602,2023,0.220338983,0.25650163228844713,-0.036162649288447146
100602,2024,0.269230769,0.25650163228844713,0.012729136711552846
100602,2025,0.083044983,0.25650163228844713,-0.17345664928844712
100603,2021,0.055555556,0.24277857653261312,-0.1872230205326131
100603,2022,0.107142857,0.24277857653261312,-0.1356357195326131
100603,2023,0.09352518,0.24277857653261312,-0.1492533965326131
100603,2024,0.261437908,0.24277857653261312,0.01865933146738688
100603,2025,0.184210526,0.24277857653261312,-0.0585680505326131
100604,2021,0.302575107,0.19613468459139305,0.10644042240860696
100604,2022,0.293929712,0.19613468459139305,0.09779502740860696
100604,2023,0.280814577,0.19613468459139305,0.08467989240860696
100604,2024,0.198067633,0.19613468459139305,0.0019329484086069437
100604,2025,0.154731458,0.19613468459139305,-0.04140322659139306
100605,2021,0.345864662,0.22276160139211643,0.12310306060788356
100605,2022,0.22972973,0.22276160139211643,0.006968128607883567
100605,2023,0.244292237,0.22276160139211643,0.02153063560788357
100605,2024,0.222857143,0.22276160139211643,9.554160788358135e-05
100605,2025,0.078475336,0.22276160139211643,-0.14428626539211642
100606,2021,0.201149425,0.25602911395678557,-0.05487968895678558
100606,2022,0.191860465,0.25602911395678557,-0.06416864895678556
100606,2023,0.176591376,0.25602911395678557,-0.07943773795678558
100606,2024,0.193181818,0.25602911395678557,-0.06284729595678556
100606,2025,0.167095116,0.25602911395678557,-0.08893399795678558
100607,2021,0.125,0.22105226813355255,-0.09605226813355255
100607,2022,0.195652174,0.22105226813355255,-0.025400094133552542
100607,2023,0.213872832,0.22105226813355255,-0.007179436133552541
100607,2024,0.121359223,0.22105226813355255,-0.09969304513355255
100607,2025,0.074285714,0.22105226813355255,-0.14676655413355255
100608,2021,0.325757576,0.22545780007145202,0.10029977592854797
100608,2022,0.368932039,0.22545780007145202,0.14347423892854796
100608,2023,0.220070423,0.22545780007145202,-0.0053873770714520375
100608,2024,0.184357542,0.22545780007145202,-0.04110025807145201
100608,2025,0.09561753,0.22545780007145202,-0.12984027007145202
100609,2021,0.057692308,0.24355632704486677,-0.18586401904486677
100609,2022,0.172413793,0.24355632704486677,-0.07114253404486676
100609,2023,0.177664975,0.24355632704486677,-0.06589135204486676
100609,2024,0.117948718,0.24355632704486677,-0.12560760904486679
100609,2025,0.120689655,0.24355632704486677,-0.12286667204486676
100610,2021,0.285714286,0.22154387895365094,0.06417040704634905
100610,2022,0.26,0.22154387895365094,0.03845612104634907
100610,2023,0.219047619,0.22154387895365094,-0.0024962599536509367
100610,2024,0.087378641,0.22154387895365094,-0.13416523795365093
100610,2025,0.133928571,0.22154387895365094,-0.08761530795365094
100701,2021,0.473214286,0.31637173842501715,0.15684254757498284
100701,2022,0.74796748,0.31637173842501715,0.43159574157498287
100701,2023,0.388415673,0.31637173842501715,0.07204393457498287
100701,2024,0.173486088,0.31637173842501715,-0.14288565042501714
100701,2025,0.174603175,0.31637173842501715,-0.14176856342501715
100702,2021,0.838095238,0.37413450919653884,0.4639607288034611
100702,2022,0.846846847,0.37413450919653884,0.47271233780346117
100702,2023,0.718562874,0.37413450919653884,0.3444283648034611
100702,2024,0.739255014,0.37413450919653884,0.3651205048034612
100702,2025,0.642611684,0.37413450919653884,0.26847717480346117
100703,2021,0.234375,0.329445365781225,-0.09507036578122502
100703,2022,0.612244898,0.329445365781225,0.282799532218775
100703,2023,0.25,0.329445365781225,-0.07944536578122502
100703,2024,0.218487395,0.329445365781225,-0.11095797078122502
100703,2025,0.371134021,0.329445365781225,0.04168865521877496
100704,2021,0.113207547,0.20444602509894666,-0.09123847809894665
100704,2022,0.194444444,0.20444602509894666,-0.010001581098946666
100704,2023,0.134020619,0.20444602509894666,-0.07042540609894665
100704,2024,0.153846154,0.20444602509894666,-0.05059987109894665
100704,2025,0.085714286,0.20444602509894666,-0.11873173909894666
100705,2021,0.146666667,0.30253687705327353,-0.15587021005327353
100705,2022,0.104166667,0.30253687705327353,-0.19837021005327354
100705,2023,0.151515152,0.30253687705327353,-0.15102172505327355
100705,2024,0.256410256,0.30253687705327353,-0.04612662105327353
100705,2025,0.151260504,0.30253687705327353,-0.15127637305327354
100801,2021,0.032467532,0.28701886888397826,-0.25455133688397824
100801,2022,0.060200669,0.28701886888397826,-0.22681819988397828
100801,2023,0.017975402,0.28701886888397826,-0.2690434668839783
100801,2024,0.037700283,0.28701886888397826,-0.24931858588397826
100801,2025,0.038065844,0.28701886888397826,-0.24895302488397825
100802,2021,0.454545455,0.4672459758065256,-0.012700520806525617
100802,2022,0.337748344,0.4672459758065256,-0.12949763180652563
100802,2023,0.327967807,0.4672459758065256,-0.1392781688065256
100802,2024,0.323353293,0.4672459758065256,-0.14389268280652562
100802,2025,0.368020305,0.4672459758065256,-0.09922567080652561
100803,2021,0.844086022,0.17525175241422297,0.6688342695857771
100803,2022,0.755319149,0.17525175241422297,0.580067396585777
100803,2023,0.685997171,0.17525175241422297,0.510745418585777
100803,2024,0.639534884,0.17525175241422297,0.46428313158577705
100803,2025,0.129659643,0.17525175241422297,-0.04559210941422298
100804,2021,0.066666667,0.2312303178550551,-0.1645636508550551
100804,2022,0.06,0.2312303178550551,-0.1712303178550551
100804,2023,0.056910569,0.2312303178550551,-0.1743197488550551
100804,2024,0.043956044,0.2312303178550551,-0.1872742738550551
100804,2025,0.104895105,0.2312303178550551,-0.1263352128550551
100901,2021,0.076433121,0.18563054638424192,-0.10919742538424192
100901,2022,0.090163934,0.18563054638424192,-0.09546661238424192
100901,2023,0.123376623,0.18563054638424192,-0.06225392338424192
100901,2024,0.048284625,0.18563054638424192,-0.13734592138424193
100901,2025,0.070876289,0.18563054638424192,-0.11475425738424193
100902,2021,0.43315508,0.2393982656251641,0.19375681437483594
100902,2022,0.276836158,0.2393982656251641,0.03743789237483591
100902,2023,0.21,0.2393982656251641,-0.029398265625164094
100902,2024,0.328990228,0.2393982656251641,0.08959196237483591
100902,2025,0.092936803,0.2393982656251641,-0.14646146262516407
100903,2021,0.10989011,0.1969345276662653,-0.08704441766626529
100903,2022,0.235849057,0.1969345276662653,0.03891452933373471
100903,2023,0.124497992,0.1969345276662653,-0.07243653566626529
100903,2024,0.045602606,0.1969345276662653,-0.1513319216662653
100903,2025,0.060200669,0.1969345276662653,-0.1367338586662653
100904,2021,0.151785714,0.2057291126240822,-0.053943398624082206
100904,2022,0.073529412,0.2057291126240822,-0.1321997006240822
100904,2023,0.100478469,0.2057291126240822,-0.1052506436240822
100904,2024,0.050314465,0.2057291126240822,-0.1554146476240822
100904,2025,0.032142857,0.2057291126240822,-0.1735862556240822
100905,2021,0.095238095,0.2344635529058036,-0.1392254579058036
100905,2022,0.121212121,0.2344635529058036,-0.11325143190580358
100905,2023,0.078703704,0.2344635529058036,-0.15575984890580358
100905,2024,0.022403259,0.2344635529058036,-0.21206029390580358
100905,2025,0.026315789,0.2344635529058036,-0.20814776390580358
101001,2021,0.434782609,0.24073366407539007,0.19404894492460992
101001,2022,0.461538462,0.24073366407539007,0.2208047979246099
101001,2023,0.257142857,0.24073366407539007,0.016409192924609933
101001,2024,0.051851852,0.24073366407539007,-0.18888181207539007
101001,2025,0.123966942,0.24073366407539007,-0.11676672207539007
101002,2021,0.257142857,0.2683005375988997,-0.01115768059889971
101002,2022,0.373134328,0.2683005375988997,0.1048337904011003
101002,2023,0.243243243,0.2683005375988997,-0.025057294598899715
101002,2024,0.145454545,0.2683005375988997,-0.12284599259889972
101002,2025,0.196078431,0.2683005375988997,-0.07222210659889972
101003,2021,0.75,0.19339738204733609,0.556602617952664
101003,2022,0.25,0.19339738204733609,0.056602617952663914
101003,2023,0.772727273,0.19339738204733609,0.5793298909526639
101003,2024,0.285714286,0.19339738204733609,0.0923169039526639
101003,2025,0.086956522,0.19339738204733609,-0.10644086004733609
101004,2022,0.6,0.31821476079337824,0.28178523920662174
101004,2023,0.764705882,0.31821476079337824,0.44649112120662177
101004,2024,0.391304348,0.31821476079337824,0.07308958720662179
101004,2025,0.375,0.31821476079337824,0.05678523920662176
101005,2021,0.25,0.26012214157210717,-0.010122141572107168
101005,2022,0.166666667,0.26012214157210717,-0.09345547457210718
101005,2023,0.138888889,0.26012214157210717,-0.12123325257210718
101005,2024,0.083916084,0.26012214157210717,-0.17620605757210717
101005,2025,0.075862069,0.26012214157210717,-0.18426007257210716
101006,2021,0.9,0.23328597658597358,0.6667140234140264
101006,2022,0.5,0.23328597658597358,0.2667140234140264
101006,2023,0.186046512,0.23328597658597358,-0.047239464585973584
101006,2024,0.12244898,0.23328597658597358,-0.11083699658597358
101006,2025,0.023255814,0.23328597658597358,-0.21003016258597357
101007,2021,0.09352518,0.27403219968456566,-0.18050701968456567
101007,2022,0.086206897,0.27403219968456566,-0.18782530268456565
101007,2023,0.261363636,0.27403219968456566,-0.012668563684565648
101007,2024,0.103448276,0.27403219968456566,-0.17058392368456565
101007,2025,0.076388889,0.27403219968456566,-0.19764331068456564
101101,2021,0.155172414,0.2464190432246845,-0.09124662922468449
101101,2022,0.391304348,0.2464190432246845,0.14488530477531553
101101,2023,0.21031746,0.2464190432246845,-0.036101583224684486
101101,2024,0.152892562,0.2464190432246845,-0.09352648122468449
101101,2025,0.111111111,0.2464190432246845,-0.1353079322246845
101102,2021,0.0,0.3254972043853796,-0.3254972043853796
101102,2022,0.0,0.3254972043853796,-0.3254972043853796
101102,2023,0.0,0.3254972043853796,-0.3254972043853796
101102,2024,0.0,0.3254972043853796,-0.3254972043853796
101102,2025,0.0,0.3254972043853796,-0.3254972043853796
101103,2021,1.0,0.2789892690503045,0.7210107309496955
101103,2022,0.666666667,0.2789892690503045,0.38767739794969547
101103,2023,0.333333333,0.2789892690503045,0.05434406394969549
101103,2024,0.096774194,0.2789892690503045,-0.18221507505030454
101103,2025,0.125,0.2789892690503045,-0.15398926905030452
101104,2021,0.13559322,0.27357516386501507,-0.13798194386501508
101104,2022,0.213483146,0.27357516386501507,-0.06009201786501506
101104,2023,0.059139785,0.27357516386501507,-0.21443537886501507
101104,2024,0.0625,0.27357516386501507,-0.21107516386501507
101104,2025,0.011428571,0.27357516386501507,-0.26214659286501507
101105,2021,0.4,0.3029005232460763,0.09709947675392372
101105,2022,0.518518519,0.3029005232460763,0.2156179957539237
101105,2023,0.384615385,0.3029005232460763,0.08171486175392367
101105,2024,0.304347826,0.3029005232460763,0.001447302753923685
101105,2025,0.368421053,0.3029005232460763,0.0655205297539237
101106,2021,0.5,0.28511488039775534,0.21488511960224466
101106,2022,0.421052632,0.28511488039775534,0.13593775160224464
101106,2023,0.230769231,0.28511488039775534,-0.05434564939775535
101106,2024,0.082706767,0.28511488039775534,-0.20240811339775533
101106,2025,0.018691589,0.28511488039775534,-0.26642329139775534
101107,2021,0.166666667,0.23932848535572163,-0.07266181835572164
101107,2022,0.5,0.23932848535572163,0.2606715146442784
101107,2023,0.088888889,0.23932848535572163,-0.15043959635572163
101107,2024,0.021276596,0.23932848535572163,-0.21805188935572162
101107,2025,0.076923077,0.23932848535572163,-0.16240540835572162
101108,2021,0.404761905,0.24774129225166483,0.15702061274833515
101108,2022,0.21875,0.24774129225166483,-0.02899129225166483
101108,2023,0.025,0.24774129225166483,-0.22274129225166484
101108,2024,0.0,0.24774129225166483,-0.24774129225166483
101108,2025,0.016393443,0.24774129225166483,-0.23134784925166482
110101,2021,0.196270854,0.18265974665562984,0.013611107344370155
110101,2022,0.226658837,0.18265974665562984,0.04399909034437016
110101,2023,0.137243402,0.18265974665562984,-0.04541634465562985
110101,2024,0.079352004,0.18265974665562984,-0.10330774265562984
110101,2025,0.083285633,0.18265974665562984,-0.09937411365562984
110102,2021,0.2417962,0.1586667651314152,0.08312943486858479
110102,2022,0.20754717,0.1586667651314152,0.048880404868584804
110102,2023,0.089285714,0.1586667651314152,-0.0693810511314152
110102,2024,0.044019139,0.1586667651314152,-0.1146476261314152
110102,2025,0.06441048,0.1586667651314152,-0.0942562851314152
110103,2021,0.442970822,0.15035054843389545,0.29262027356610454
110103,2022,0.407894737,0.15035054843389545,0.25754418856610456
110103,2023,0.336805556,0.15035054843389545,0.18645500756610456
110103,2024,0.08399546,0.15035054843389545,-0.06635508843389545
110103,2025,0.071264368,0.15035054843389545,-0.07908618043389545
110104,2021,0.115789474,0.13154940060185683,-0.015759926601856822
110104,2022,0.37037037,0.13154940060185683,0.23882096939814318
110104,2023,0.299270073,0.13154940060185683,0.1677206723981432
110104,2024,0.107954545,0.13154940060185683,-0.023594855601856826
110104,2025,0.068493151,0.13154940060185683,-0.06305624960185682
110105,2021,0.14953271,0.14342705061250294,0.0061056593874970755
110105,2022,0.280612245,0.14342705061250294,0.13718519438749704
110105,2023,0.224806202,0.14342705061250294,0.08137915138749707
110105,2024,0.086956522,0.14342705061250294,-0.05647052861250294
110105,2025,0.082111437,0.14342705061250294,-0.06131561361250294
110106,2021,0.189728959,0.14439644520499842,0.04533251379500158
110106,2022,0.250377074,0.14439644520499842,0.10598062879500156
110106,2023,0.091238671,0.14439644520499842,-0.053157774204998426
110106,2024,0.059559261,0.14439644520499842,-0.08483718420499842
110106,2025,0.051886792,0.14439644520499842,-0.09250965320499842
110107,2021,0.18487395,0.14654186473897363,0.03833208526102638
110107,2022,0.144144144,0.14654186473897363,-0.0023977207389736244
110107,2023,0.054054054,0.14654186473897363,-0.09248781073897364
110107,2024,0.076923077,0.14654186473897363,-0.06961878773897362
110107,2025,0.042654028,0.14654186473897363,-0.10388783673897363
110108,2021,0.285992218,0.16293485381865663,0.12305736418134339
110108,2022,0.417190776,0.16293485381865663,0.25425592218134335
110108,2023,0.222782258,0.16293485381865663,0.05984740418134338
110108,2024,0.127579737,0.16293485381865663,-0.035355116818656634
110108,2025,0.080066722,0.16293485381865663,-0.08286813181865663
110109,2021,0.411764706,0.2017432815941485,0.21002142440585148
110109,2022,0.548387097,0.2017432815941485,0.3466438154058515
110109,2023,0.273109244,0.2017432815941485,0.07136596240585147
110109,2024,0.217741935,0.2017432815941485,0.015998653405851493
110109,2025,0.113989637,0.2017432815941485,-0.0877536445941485
110110,2021,0.144144144,0.16276997756143957,-0.01862583356143957
110110,2022,0.108433735,0.16276997756143957,-0.05433624256143957
110110,2023,0.049180328,0.16276997756143957,-0.11358964956143958
110110,2024,0.040650407,0.16276997756143957,-0.12211957056143957
110110,2025,0.066037736,0.16276997756143957,-0.09673224156143957
110111,2021,0.277439024,0.16520179322824327,0.11223723077175671
110111,2022,0.280645161,0.16520179322824327,0.1154433677717567
110111,2023,0.160434258,0.16520179322824327,-0.004767535228243275
110111,2024,0.112582781,0.16520179322824327,-0.052619012228243264
110111,2025,0.076323988,0.16520179322824327,-0.08887780522824328
110112,2021,0.282407407,0.17175373229359317,0.11065367470640683
110112,2022,0.35483871,0.17175373229359317,0.18308497770640683
110112,2023,0.181905679,0.17175373229359317,0.010151946706406817
110112,2024,0.100849257,0.17175373229359317,-0.07090447529359317
110112,2025,0.055690073,0.17175373229359317,-0.11606365929359316
110113,2021,0.082474227,0.1515731097561366,-0.06909888275613661
110113,2022,0.145631068,0.1515731097561366,-0.005942041756136607
110113,2023,0.076335878,0.1515731097561366,-0.07523723175613661
110113,2024,0.029850746,0.1515731097561366,-0.12172236375613661
110113,2025,0.040650407,0.1515731097561366,-0.11092270275613661
110114,2021,0.833333333,0.31920500345838415,0.5141283295416159
110114,2022,0.9,0.31920500345838415,0.5807949965416159
110114,2023,0.740740741,0.31920500345838415,0.42153573754161583
110114,2024,0.666666667,0.31920500345838415,0.34746166354161584
110114,2025,0.47826087,0.31920500345838415,0.15905586654161585
110201,2021,0.308571429,0.17191502611198026,0.13665640288801975
110201,2022,0.331226296,0.17191502611198026,0.15931126988801972
110201,2023,0.184150513,0.17191502611198026,0.012235486888019731
110201,2024,0.082681564,0.17191502611198026,-0.08923346211198026
110201,2025,0.06539075,0.17191502611198026,-0.10652427611198026
110202,2021,0.325443787,0.1462482926547458,0.1791954943452542
110202,2022,0.324022346,0.1462482926547458,0.17777405334525423
110202,2023,0.319767442,0.1462482926547458,0.17351914934525423
110202,2024,0.138643068,0.1462482926547458,-0.007605224654745779
110202,2025,0.144329897,0.1462482926547458,-0.0019183956547457748
110203,2021,1.0,0.5031710662029195,0.4968289337970805
110203,2022,0.8,0.5031710662029195,0.29682893379708053
110203,2023,0.210526316,0.5031710662029195,-0.2926447502029195
110203,2024,0.105263158,0.5031710662029195,-0.39790790820291955
110203,2025,0.4,0.5031710662029195,-0.10317106620291949
110204,2021,0.115830116,0.13529715625531327,-0.019467040255313275
110204,2022,0.21319797,0.13529715625531327,0.07790081374468671
110204,2023,0.084337349,0.13529715625531327,-0.050959807255313266
110204,2024,0.04556962,0.13529715625531327,-0.08972753625531327
110204,2025,0.036312849,0.13529715625531327,-0.09898430725531326
110205,2021,0.062678063,0.1806772756649234,-0.11799921266492339
110205,2022,0.139705882,0.1806772756649234,-0.04097139366492339
110205,2023,0.098461538,0.1806772756649234,-0.08221573766492339
110205,2024,0.100446429,0.1806772756649234,-0.08023084666492339
110205,2025,0.068888889,0.1806772756649234,-0.1117883866649234
110206,2021,0.095808383,0.1466349728766035,-0.05082658987660349
110206,2022,0.242009132,0.1466349728766035,0.0953741591233965
110206,2023,0.131313131,0.1466349728766035,-0.015321841876603487
110206,2024,0.071680376,0.1466349728766035,-0.07495459687660348
110206,2025,0.064814815,0.1466349728766035,-0.08182015787660349
110207,2021,0.237891738,0.17549218400685052,0.062399553993149476
110207,2022,0.338050314,0.17549218400685052,0.1625581299931495
110207,2023,0.138828633,0.17549218400685052,-0.03666355100685051
110207,2024,0.091709464,0.17549218400685052,-0.08378272000685051
110207,2025,0.060538117,0.17549218400685052,-0.11495406700685051
110208,2021,0.714285714,0.2820818227030587,0.43220389129694126
110208,2022,0.684210526,0.2820818227030587,0.4021287032969413
110208,2023,0.428571429,0.2820818227030587,0.1464896062969413
110208,2024,0.571428571,0.2820818227030587,0.2893467482969413
110208,2025,0.555555556,0.2820818227030587,0.27347373329694125
110209,2021,0.866666667,0.3946512999884539,0.47201536701154606
110209,2022,0.75,0.3946512999884539,0.3553487000115461
110209,2023,0.85,0.3946512999884539,0.4553487000115461
110209,2024,0.590909091,0.3946512999884539,0.1962577910115461
110209,2025,0.571428571,0.3946512999884539,0.1767772710115461
110210,2021,0.342857143,0.15140613120369406,0.19145101179630591
110210,2022,0.394927536,0.15140613120369406,0.24352140479630596
110210,2023,0.205755396,0.15140613120369406,0.054349264796305946
110210,2024,0.133738602,0.15140613120369406,-0.01766752920369405
110210,2025,0.100145138,0.15140613120369406,-0.051260993203694066
110211,2021,0.25,0.13999350970919608,0.11000649029080392
110211,2022,0.215384615,0.13999350970919608,0.07539110529080392
110211,2023,0.222222222,0.13999350970919608,0.08222871229080392
110211,2024,0.108843537,0.13999350970919608,-0.031149972709196075
110211,2025,0.044776119,0.13999350970919608,-0.09521739070919608
110301,2021,0.326732673,0.23416400028922865,0.09256867271077132
110301,2022,0.355978261,0.23416400028922865,0.12181426071077137
110301,2023,0.223826715,0.23416400028922865,-0.010337285289228643
110301,2024,0.220558882,0.23416400028922865,-0.01360511828922864
110301,2025,0.18373812,0.23416400028922865,-0.05042588028922865
110302,2021,0.25,0.23747255524540437,0.012527444754595635
110302,2022,0.16,0.23747255524540437,-0.07747255524540436
110302,2023,0.072463768,0.23747255524540437,-0.16500878724540435
110302,2024,0.028985507,0.23747255524540437,-0.20848704824540437
110302,2025,0.036363636,0.23747255524540437,-0.20110891924540436
110303,2021,0.366197183,0.15188268564995164,0.21431449735004834
110303,2022,0.493670886,0.15188268564995164,0.3417882003500483
110303,2023,0.314814815,0.15188268564995164,0.1629321293500484
110303,2024,0.131578947,0.15188268564995164,-0.020303738649951636
110303,2025,0.086614173,0.15188268564995164,-0.06526851264995163
110304,2021,0.068571429,0.18734572396090682,-0.11877429496090681
110304,2022,0.024793388,0.18734572396090682,-0.16255233596090682
110304,2023,0.071691176,0.18734572396090682,-0.11565454796090682
110304,2024,0.037181996,0.18734572396090682,-0.15016372796090682
110304,2025,0.037254902,0.18734572396090682,-0.1500908219609068
110305,2021,0.367924528,0.2352534773806431,0.13267105061935688
110305,2022,0.409495549,0.2352534773806431,0.17424207161935693
110305,2023,0.256067961,0.2352534773806431,0.02081448361935692
110305,2024,0.300492611,0.2352534773806431,0.06523913361935693
110305,2025,0.304575163,0.2352534773806431,0.0693216856193569
110401,2021,0.328125,0.1750039135429013,0.1531210864570987
110401,2022,0.389261745,0.1750039135429013,0.2142578314570987
110401,2023,0.197260274,0.1750039135429013,0.022256360457098723
110401,2024,0.196969697,0.1750039135429013,0.02196578345709871
110401,2025,0.165540541,0.1750039135429013,-0.009463372542901277
110402,2021,0.225806452,0.15690153848161606,0.06890491351838393
110402,2022,0.333333333,0.15690153848161606,0.17643179451838395
110402,2023,0.028571429,0.15690153848161606,-0.12833010948161605
110402,2024,0.040540541,0.15690153848161606,-0.11636099748161606
110402,2025,0.103448276,0.15690153848161606,-0.053453262481616054
110403,2021,0.06122449,0.16852653473915946,-0.10730204473915947
110403,2022,0.076923077,0.16852653473915946,-0.09160345773915946
110403,2023,0.05785124,0.16852653473915946,-0.11067529473915946
110403,2024,0.030769231,0.16852653473915946,-0.13775730373915945
110403,2025,0.054054054,0.16852653473915946,-0.11447248073915947
110404,2021,0.333333333,0.2026371053751852,0.1306962276248148
110404,2022,0.5,0.2026371053751852,0.2973628946248148
110404,2023,0.448275862,0.2026371053751852,0.24563875662481482
110404,2024,0.129032258,0.2026371053751852,-0.07360484737518519
110404,2025,0.25,0.2026371053751852,0.0473628946248148
110405,2021,0.0,0.32825169324089276,-0.32825169324089276
110405,2022,0.6,0.32825169324089276,0.2717483067591072
110405,2023,0.153846154,0.32825169324089276,-0.17440553924089275
110405,2024,0.125,0.32825169324089276,-0.20325169324089276
110405,2025,0.0,0.32825169324089276,-0.32825169324089276
110501,2021,0.116788321,0.15103736917843236,-0.034249048178432356
110501,2022,0.072681704,0.15103736917843236,-0.07835566517843236
110501,2023,0.065234075,0.15103736917843236,-0.08580329417843235
110501,2024,0.031313819,0.15103736917843236,-0.11972355017843236
110501,2025,0.019494585,0.15103736917843236,-0.13154278417843235
110502,2021,0.388888889,0.3690581453636598,0.019830743636340242
110502,2022,0.166666667,0.3690581453636598,-0.20239147836365978
110502,2023,0.140350877,0.3690581453636598,-0.22870726836365976
110502,2024,0.214285714,0.3690581453636598,-0.15477243136365978
110502,2025,0.195121951,0.3690581453636598,-0.17393619436365979
110503,2021,0.007407407,0.18997696950694143,-0.18256956250694142
110503,2022,0.009090909,0.18997696950694143,-0.18088606050694142
110503,2023,0.037931034,0.18997696950694143,-0.15204593550694143
110503,2024,0.030508475,0.18997696950694143,-0.15946849450694142
110503,2025,0.020242915,0.18997696950694143,-0.16973405450694143
110504,2021,0.190721649,0.15085930486098767,0.03986234413901232
110504,2022,0.120218579,0.15085930486098767,-0.030640725860987664
110504,2023,0.070175439,0.15085930486098767,-0.08068386586098766
110504,2024,0.071984436,0.15085930486098767,-0.07887486886098767
110504,2025,0.040909091,0.15085930486098767,-0.10995021386098766
110505,2021,0.034285714,0.1873548961296259,-0.1530691821296259
110505,2022,0.073891626,0.1873548961296259,-0.11346327012962588
110505,2023,0.039702233,0.1873548961296259,-0.14765266312962588
110505,2024,0.00973236,0.1873548961296259,-0.1776225361296259
110505,2025,0.008264463,0.1873548961296259,-0.1790904331296259
110506,2021,0.092,0.1426876286588355,-0.0506876286588355
110506,2022,0.075117371,0.1426876286588355,-0.0675702576588355
110506,2023,0.024360536,0.1426876286588355,-0.1183270926588355
110506,2024,0.026285714,0.1426876286588355,-0.1164019146588355
110506,2025,0.041463415,0.1426876286588355,-0.1012242136588355
110507,2021,0.089686099,0.13690084933600336,-0.04721475033600335
110507,2022,0.055248619,0.13690084933600336,-0.08165223033600336
110507,2023,0.094098884,0.13690084933600336,-0.04280196533600336
110507,2024,0.102773246,0.13690084933600336,-0.034127603336003356
110507,2025,0.074626866,0.13690084933600336,-0.062273983336003355
110508,2021,0.060836502,0.14567430941652632,-0.08483780741652631
110508,2022,0.077981651,0.14567430941652632,-0.06769265841652632
110508,2023,0.061965812,0.14567430941652632,-0.0837084974165263
110508,2024,0.024122807,0.14567430941652632,-0.12155150241652632
110508,2025,0.039748954,0.14567430941652632,-0.10592535541652631
120101,2021,0.082012405,0.3255349999524288,-0.24352259495242878
120101,2022,0.091098748,0.3255349999524288,-0.2344362519524288
120101,2023,0.130165289,0.3255349999524288,-0.1953697109524288
120101,2024,0.119932432,0.3255349999524288,-0.2056025679524288
120101,2025,0.236480293,0.3255349999524288,-0.08905470695242879
120104,2021,0.5,0.3238251389638668,0.17617486103613322
120104,2024,0.333333333,0.3238251389638668,0.009508194036133233
120104,2025,0.0,0.3238251389638668,-0.3238251389638668
120105,2021,0.1,0.1962768406558693,-0.0962768406558693
120105,2022,0.0,0.1962768406558693,-0.1962768406558693
120105,2023,0.083333333,0.1962768406558693,-0.11294350765586932
120105,2024,0.076923077,0.1962768406558693,-0.1193537636558693
120105,2025,0.0,0.1962768406558693,-0.1962768406558693
120106,2021,0.0,0.22320196844253726,-0.22320196844253726
120106,2022,0.0,0.22320196844253726,-0.22320196844253726
120106,2023,0.142857143,0.22320196844253726,-0.08034482544253727
120106,2024,0.0,0.22320196844253726,-0.22320196844253726
120106,2025,0.0,0.22320196844253726,-0.22320196844253726
120107,2021,0.43153527,0.24249630534388472,0.1890389646561153
120107,2022,0.5,0.24249630534388472,0.2575036946561153
120107,2023,0.237958007,0.24249630534388472,-0.004538298343884722
120107,2024,0.183021807,0.24249630534388472,-0.05947449834388471
120107,2025,0.224481328,0.24249630534388472,-0.018014977343884714
120108,2021,0.416666667,0.23691170081332014,0.17975496618667985
120108,2022,0.555555556,0.23691170081332014,0.3186438551866798
120108,2023,0.413793103,0.23691170081332014,0.17688140218667986
120108,2024,0.060606061,0.23691170081332014,-0.17630563981332015
120108,2025,0.1,0.23691170081332014,-0.13691170081332013
120111,2021,0.0,0.32105456280423933,-0.32105456280423933
120111,2022,0.272727273,0.32105456280423933,-0.04832728980423934
120111,2023,0.132653061,0.32105456280423933,-0.18840150180423934
120111,2024,0.168539326,0.32105456280423933,-0.15251523680423934
120111,2025,0.106666667,0.32105456280423933,-0.21438789580423934
120112,2021,0.0,0.2880191697215814,-0.2880191697215814
120112,2022,0.2,0.2880191697215814,-0.08801916972158141
120112,2023,0.210526316,0.2880191697215814,-0.07749285372158143
120112,2024,0.090909091,0.2880191697215814,-0.19711007872158143
120112,2025,0.25,0.2880191697215814,-0.038019169721581425
120113,2021,0.916666667,0.23373151204354864,0.6829351549564513
120113,2022,0.5,0.23373151204354864,0.26626848795645136
120113,2023,0.340909091,0.23373151204354864,0.10717757895645136
120113,2024,0.065217391,0.23373151204354864,-0.16851412104354863
120113,2025,0.135135135,0.23373151204354864,-0.09859637704354865
120114,2021,0.325781604,0.268021079539934,0.05776052446006602
120114,2022,0.385977337,0.268021079539934,0.117956257460066
120114,2023,0.234513274,0.268021079539934,-0.03350780553993399
120114,2024,0.148216939,0.268021079539934,-0.11980414053993399
120114,2025,0.173255814,0.268021079539934,-0.09476526553993397
120116,2021,0.5,0.2532598096969464,0.2467401903030536
120116,2022,0.5,0.2532598096969464,0.2467401903030536
120116,2023,0.169230769,0.2532598096969464,-0.08402904069694639
120116,2024,0.181818182,0.2532598096969464,-0.0714416276969464
120116,2025,0.058823529,0.2532598096969464,-0.1944362806969464
120117,2021,0.308457711,0.23752894450534276,0.07092876649465726
120117,2022,0.4,0.23752894450534276,0.16247105549465726
120117,2023,0.321428571,0.23752894450534276,0.08389962649465724
120117,2024,0.145695364,0.23752894450534276,-0.09183358050534277
120117,2025,0.167664671,0.23752894450534276,-0.06986427350534277
120119,2021,0.286486486,0.23406390250141132,0.052422583498588665
120119,2022,0.550632911,0.23406390250141132,0.3165690084985887
120119,2023,0.196698762,0.23406390250141132,-0.03736514050141132
120119,2024,0.19921875,0.23406390250141132,-0.03484515250141132
120119,2025,0.173800259,0.23406390250141132,-0.06026364350141131
120120,2021,0.75,0.23941610879163416,0.5105838912083658
120120,2022,0.181818182,0.23941610879163416,-0.05759792679163417
120120,2023,0.055555556,0.23941610879163416,-0.18386055279163416
120120,2024,0.0,0.23941610879163416,-0.23941610879163416
120120,2025,0.142857143,0.23941610879163416,-0.09655896579163417
120121,2021,0.128,0.24442744160823396,-0.11642744160823396
120121,2022,0.196347032,0.24442744160823396,-0.048080409608233954
120121,2023,0.072139303,0.24442744160823396,-0.17228813860823394
120121,2024,0.113953488,0.24442744160823396,-0.13047395360823394
120121,2025,0.1525,0.24442744160823396,-0.09192744160823396
120122,2021,0.428571429,0.2983228572868392,0.1302485717131608
120122,2022,0.655172414,0.2983228572868392,0.3568495567131608
120122,2023,0.342465753,0.2983228572868392,0.04414289571316077
120122,2024,0.114754098,0.2983228572868392,-0.18356875928683922
120122,2025,0.120689655,0.2983228572868392,-0.1776332022868392
120124,2021,0.772277228,0.3218190767103469,0.4504581512896531
120124,2022,0.817307692,0.3218190767103469,0.4954886152896531
120124,2023,0.651515152,0.3218190767103469,0.3296960752896531
120124,2024,0.585635359,0.3218190767103469,0.2638162822896531
120124,2025,0.14893617,0.3218190767103469,-0.17288290671034687
120125,2021,0.366071429,0.24591839840518162,0.12015303059481838
120125,2022,0.24911032,0.24591839840518162,0.0031919215948183755
120125,2023,0.176724138,0.24591839840518162,-0.06919426040518162
120125,2024,0.172839506,0.24591839840518162,-0.07307889240518162
120125,2025,0.288135593,0.24591839840518162,0.0422171945948184
120126,2021,0.781065089,0.28116637165111363,0.4998987173488864
120126,2022,0.462962963,0.28116637165111363,0.18179659134888637
120126,2023,0.237569061,0.28116637165111363,-0.043597310651113635
120126,2024,0.153846154,0.28116637165111363,-0.12732021765111362
120126,2025,0.206666667,0.28116637165111363,-0.07449970465111364
120127,2021,0.5,0.18919683952255534,0.31080316047744466
120127,2022,0.52,0.18919683952255534,0.3308031604774447
120127,2023,0.245283019,0.18919683952255534,0.05608617947744465
120127,2024,0.109090909,0.18919683952255534,-0.08010593052255534
120127,2025,0.14893617,0.18919683952255534,-0.04026066952255533
120128,2021,0.356164384,0.2977414948166944,0.058422889183305626
120128,2022,0.382022472,0.2977414948166944,0.08428097718330563
120128,2023,0.198895028,0.2977414948166944,-0.09884646681669437
120128,2024,0.073446328,0.2977414948166944,-0.22429516681669437
120128,2025,0.1625,0.2977414948166944,-0.13524149481669437
120129,2021,0.204123711,0.24842067619441646,-0.04429696519441645
120129,2022,0.246231156,0.24842067619441646,-0.0021895201944164555
120129,2023,0.137850467,0.24842067619441646,-0.11057020919441646
120129,2024,0.112087912,0.24842067619441646,-0.13633276419441648
120129,2025,0.15990991,0.24842067619441646,-0.08851076619441647
120130,2021,0.48534202,0.2458176864387112,0.23952433356128877
120130,2022,0.447876448,0.2458176864387112,0.20205876156128877
120130,2023,0.180203046,0.2458176864387112,-0.06561464043871121
120130,2024,0.1678487,0.2458176864387112,-0.07796898643871122
120130,2025,0.284653465,0.2458176864387112,0.03883577856128878
120132,2021,0.171717172,0.2378890133180821,-0.0661718413180821
120132,2022,0.157024793,0.2378890133180821,-0.0808642203180821
120132,2023,0.223529412,0.2378890133180821,-0.014359601318082088
120132,2024,0.062111801,0.2378890133180821,-0.1757772123180821
120132,2025,0.066666667,0.2378890133180821,-0.17122234631808209
120133,2021,0.595588235,0.276892665180129,0.318695569819871
120133,2022,0.613636364,0.276892665180129,0.336743698819871
120133,2023,0.349834983,0.276892665180129,0.07294231781987098
120133,2024,0.198731501,0.276892665180129,-0.078161164180129
120133,2025,0.318906606,0.276892665180129,0.042013940819870976
120134,2021,0.765714286,0.23843025228593626,0.5272840337140637
120134,2022,0.703488372,0.23843025228593626,0.46505811971406374
120134,2023,0.603030303,0.23843025228593626,0.36460005071406376
120134,2024,0.440677966,0.23843025228593626,0.20224771371406372
120134,2025,0.209439528,0.23843025228593626,-0.028990724285936242
120135,2021,0.279069767,0.36027733024934333,-0.0812075632493433
120135,2022,0.322580645,0.36027733024934333,-0.03769668524934333
120135,2023,0.262032086,0.36027733024934333,-0.09824524424934333
120135,2024,0.247191011,0.36027733024934333,-0.11308631924934334
120135,2025,0.185185185,0.36027733024934333,-0.17509214524934333
120136,2021,0.25,0.21893257234506883,0.031067427654931173
120136,2022,0.342857143,0.21893257234506883,0.12392457065493115
120136,2023,0.13559322,0.21893257234506883,-0.08333935234506884
120136,2024,0.287128713,0.21893257234506883,0.06819614065493115
120136,2025,0.1125,0.21893257234506883,-0.10643257234506882
120201,2021,0.367132867,0.2499717369499813,0.11716113005001869
120201,2022,0.375,0.2499717369499813,0.1250282630500187
120201,2023,0.314479638,0.2499717369499813,0.06450790105001872
120201,2024,0.226829268,0.2499717369499813,-0.023142468949981287
120201,2025,0.201372998,0.2499717369499813,-0.04859873894998129
120202,2021,0.333333333,0.24391595712876943,0.08941737587123058
120202,2022,0.444444444,0.24391595712876943,0.20052848687123057
120202,2023,0.647058824,0.24391595712876943,0.4031428668712306
120202,2024,0.16,0.24391595712876943,-0.08391595712876943
120202,2025,0.256410256,0.24391595712876943,0.012494298871230575
120203,2021,0.444444444,0.36571992615622984,0.07872451784377016
120203,2022,0.5,0.36571992615622984,0.13428007384377016
120203,2023,0.428571429,0.36571992615622984,0.06285150284377017
120203,2024,0.202797203,0.36571992615622984,-0.16292272315622983
120203,2025,0.206896552,0.36571992615622984,-0.15882337415622982
120204,2021,0.625,0.24079831861840892,0.38420168138159105
120204,2022,0.466666667,0.24079831861840892,0.22586834838159106
120204,2023,0.463414634,0.24079831861840892,0.22261631538159107
120204,2024,0.086956522,0.24079831861840892,-0.1538417966184089
120204,2025,0.068493151,0.24079831861840892,-0.17230516761840892
120205,2021,0.625,0.2548260810150316,0.3701739189849684
120205,2023,0.12962963,0.2548260810150316,-0.12519645101503163
120205,2024,0.074074074,0.2548260810150316,-0.18075200701503163
120205,2025,0.105263158,0.2548260810150316,-0.14956292301503163
120206,2021,0.25,0.23034256941158843,0.019657430588411573
120206,2022,0.666666667,0.23034256941158843,0.43632409758841156
120206,2023,0.102941176,0.23034256941158843,-0.12740139341158843
120206,2024,0.159090909,0.23034256941158843,-0.07125166041158842
120206,2025,0.153846154,0.23034256941158843,-0.07649641541158841
120207,2021,0.285714286,0.2427059276415438,0.04300835835845618
120207,2022,0.166666667,0.2427059276415438,-0.07603926064154382
120207,2023,0.090909091,0.2427059276415438,-0.1517968366415438
120207,2024,0.029411765,0.2427059276415438,-0.2132941626415438
120207,2025,0.033333333,0.2427059276415438,-0.2093725946415438
120208,2021,0.619047619,0.19737795512839998,0.4216696638716001
120208,2022,0.434782609,0.19737795512839998,0.2374046538716
120208,2023,0.25862069,0.19737795512839998,0.06124273487160001
120208,2024,0.132075472,0.19737795512839998,-0.06530248312839998
120208,2025,0.175,0.19737795512839998,-0.02237795512839999
120209,2021,0.695652174,0.21841203615275756,0.47724013784724245
120209,2022,0.666666667,0.21841203615275756,0.44825463084724243
120209,2023,0.31372549,0.21841203615275756,0.09531345384724244
120209,2024,0.196721311,0.21841203615275756,-0.02169072515275755
120209,2025,0.096153846,0.21841203615275756,-0.12225819015275756
120210,2021,0.428571429,0.24017973092340036,0.18839169807659964
120210,2022,0.333333333,0.24017973092340036,0.09315360207659965
120210,2023,0.19047619,0.24017973092340036,-0.049703540923400374
120210,2024,0.057324841,0.24017973092340036,-0.18285488992340038
120210,2025,0.104294479,0.24017973092340036,-0.13588525192340037
120211,2021,0.05,0.2127172890211009,-0.16271728902110089
120211,2022,0.153846154,0.2127172890211009,-0.05887113502110089
120211,2023,0.098039216,0.2127172890211009,-0.1146780730211009
120211,2024,0.06122449,0.2127172890211009,-0.1514927990211009
120211,2025,0.0625,0.2127172890211009,-0.1502172890211009
120212,2021,0.020833333,0.21056937912550372,-0.1897360461255037
120212,2022,0.071428571,0.21056937912550372,-0.13914080812550372
120212,2023,0.011627907,0.21056937912550372,-0.19894147212550373
120212,2024,0.225,0.21056937912550372,0.014430620874496286
120212,2025,0.278481013,0.21056937912550372,0.06791163387449628
120213,2021,0.117021277,0.28234967394241844,-0.16532839694241844
120213,2022,0.191176471,0.28234967394241844,-0.09117320294241846
120213,2023,0.12244898,0.28234967394241844,-0.15990069394241846
120213,2024,0.149171271,0.28234967394241844,-0.13317840294241845
120213,2025,0.125,0.28234967394241844,-0.15734967394241844
120214,2021,0.652173913,0.2740246636940393,0.3781492493059607
120214,2022,0.816666667,0.2740246636940393,0.5426420033059607
120214,2023,0.616352201,0.2740246636940393,0.34232753730596066
120214,2024,0.130434783,0.2740246636940393,-0.14358988069403933
120214,2025,0.148148148,0.2740246636940393,-0.12587651569403932
120215,2021,0.0,0.28724263035402764,-0.28724263035402764
120215,2022,0.153846154,0.28724263035402764,-0.13339647635402763
120215,2023,0.118644068,0.28724263035402764,-0.16859856235402765
120215,2024,0.016666667,0.28724263035402764,-0.2705759633540276
120215,2025,0.134615385,0.28724263035402764,-0.15262724535402764
120301,2021,0.208933718,0.2560700477787752,-0.04713632977877519
120301,2022,0.221014493,0.2560700477787752,-0.03505555477877517
120301,2023,0.231493943,0.2560700477787752,-0.02457610477877517
120301,2024,0.08988764,0.2560700477787752,-0.1661824077787752
120301,2025,0.103896104,0.2560700477787752,-0.1521739437787752
120302,2021,0.361477573,0.25871911197906183,0.10275846102093816
120302,2022,0.405464481,0.25871911197906183,0.14674536902093815
120302,2023,0.24979855,0.25871911197906183,-0.008920561979061825
120302,2024,0.38212766,0.25871911197906183,0.12340854802093815
120302,2025,0.221791768,0.25871911197906183,-0.03692734397906183
120303,2021,0.28401487,0.20869449303470247,0.0753203769652975
120303,2022,0.304128054,0.20869449303470247,0.09543356096529751
120303,2023,0.2568355,0.20869449303470247,0.04814100696529752
120303,2024,0.361809045,0.20869449303470247,0.15311455196529752
120303,2025,0.431362725,0.20869449303470247,0.22266823196529753
120304,2021,0.181818182,0.22006603432647748,-0.03824785232647748
120304,2022,0.236842105,0.22006603432647748,0.01677607067352252
120304,2023,0.106382979,0.22006603432647748,-0.11368305532647748
120304,2024,0.179640719,0.22006603432647748,-0.04042531532647747
120304,2025,0.187878788,0.22006603432647748,-0.03218724632647749
120305,2021,0.214414414,0.2671104559607662,-0.052696041960766216
120305,2022,0.290123457,0.2671104559607662,0.02301300103923376
120305,2023,0.233606557,0.2671104559607662,-0.03350389896076622
120305,2024,0.194482759,0.2671104559607662,-0.07262769696076621
120305,2025,0.295945946,0.2671104559607662,0.028835490039233802
120306,2021,0.413793103,0.22077885541176742,0.19301424758823257
120306,2022,0.620689655,0.22077885541176742,0.3999107995882325
120306,2023,0.30952381,0.22077885541176742,0.08874495458823259
120306,2024,0.634146341,0.22077885541176742,0.41336748558823255
120306,2025,0.272727273,0.22077885541176742,0.05194841758823257
120401,2021,0.15034965,0.2587973892735198,-0.1084477392735198
120401,2022,0.140449438,0.2587973892735198,-0.1183479512735198
120401,2023,0.026128266,0.2587973892735198,-0.2326691232735198
120401,2024,0.117048346,0.2587973892735198,-0.1417490432735198
120401,2025,0.212201592,0.2587973892735198,-0.04659579727351981
120402,2021,0.407407407,0.30371012667434794,0.10369728032565206
120402,2022,0.362318841,0.30371012667434794,0.05860871432565207
120402,2023,0.367231638,0.30371012667434794,0.06352151132565209
120402,2024,0.086666667,0.30371012667434794,-0.21704345967434793
120402,2025,0.12,0.30371012667434794,-0.18371012667434794
120403,2021,0.170212766,0.2570706990052039,-0.08685793300520392
120403,2022,0.173076923,0.2570706990052039,-0.08399377600520391
120403,2023,0.162561576,0.2570706990052039,-0.0945091230052039
120403,2024,0.133333333,0.2570706990052039,-0.12373736600520391
120403,2025,0.177142857,0.2570706990052039,-0.07992784200520392
120404,2021,0.111111111,0.17749991832168305,-0.06638880732168305
120404,2022,0.0,0.17749991832168305,-0.17749991832168305
120404,2023,0.130434783,0.17749991832168305,-0.04706513532168305
120404,2024,0.04,0.17749991832168305,-0.13749991832168304
120404,2025,0.407407407,0.17749991832168305,0.22990748867831695
120405,2021,0.04,0.2601288611061921,-0.2201288611061921
120405,2022,0.222222222,0.2601288611061921,-0.0379066391061921
120405,2023,0.133333333,0.2601288611061921,-0.1267955281061921
120405,2024,0.032258065,0.2601288611061921,-0.2278707961061921
120405,2025,0.0,0.2601288611061921,-0.2601288611061921
120406,2021,0.083333333,0.27040833979123036,-0.18707500679123035
120406,2022,0.1,0.27040833979123036,-0.17040833979123035
120406,2023,0.171428571,0.27040833979123036,-0.09897976879123035
120406,2024,0.0,0.27040833979123036,-0.27040833979123036
120406,2025,0.03030303,0.27040833979123036,-0.24010530979123035
120407,2021,0.069767442,0.19390492066007192,-0.12413747866007192
120407,2022,0.088235294,0.19390492066007192,-0.10566962666007192
120407,2023,0.08,0.19390492066007192,-0.11390492066007192
120407,2024,0.105263158,0.19390492066007192,-0.08864176266007193
120407,2025,0.2,0.19390492066007192,0.006095079339928089
120408,2021,0.066666667,0.2402461039398317,-0.1735794369398317
120408,2022,0.166666667,0.2402461039398317,-0.07357943693983171
120408,2023,0.159090909,0.2402461039398317,-0.0811551949398317
120408,2024,0.040816327,0.2402461039398317,-0.19942977693983172
120408,2025,0.224489796,0.2402461039398317,-0.01575630793983171
120409,2021,0.4,0.19164050692865162,0.2083594930713484
120409,2022,0.5,0.19164050692865162,0.30835949307134836
120409,2023,0.19047619,0.19164050692865162,-0.0011643169286516264
120409,2024,0.043478261,0.19164050692865162,-0.14816224592865163
120409,2025,0.15,0.19164050692865162,-0.04164050692865162
120410,2021,0.074074074,0.22331252887885608,-0.14923845487885606
120410,2022,0.0,0.22331252887885608,-0.22331252887885608
120410,2023,0.033898305,0.22331252887885608,-0.1894142238788561
120410,2024,0.048387097,0.22331252887885608,-0.1749254318788561
120410,2025,0.181818182,0.22331252887885608,-0.041494346878856087
120411,2021,0.5,0.20840268075803345,0.2915973192419665
120411,2022,0.0,0.20840268075803345,-0.20840268075803345
120411,2023,0.4,0.20840268075803345,0.19159731924196657
120411,2024,0.166666667,0.20840268075803345,-0.04173601375803346
120411,2025,0.0,0.20840268075803345,-0.20840268075803345
120412,2021,0.111111111,0.26156313070783155,-0.15045201970783156
120412,2022,0.0,0.26156313070783155,-0.26156313070783155
120412,2023,0.235294118,0.26156313070783155,-0.02626901270783155
120412,2024,0.0,0.26156313070783155,-0.26156313070783155
120412,2025,0.176470588,0.26156313070783155,-0.08509254270783154
120413,2021,0.117647059,0.24787883186663864,-0.13023177286663865
120413,2022,0.0,0.24787883186663864,-0.24787883186663864
120413,2023,0.023255814,0.24787883186663864,-0.22462301786663863
120413,2024,0.0,0.24787883186663864,-0.24787883186663864
120413,2025,0.081081081,0.24787883186663864,-0.16679775086663864
120414,2021,0.0,0.2061346761369907,-0.2061346761369907
120414,2022,0.0,0.2061346761369907,-0.2061346761369907
120414,2023,0.073170732,0.2061346761369907,-0.1329639441369907
120414,2024,0.09375,0.2061346761369907,-0.11238467613699071
120414,2025,0.0,0.2061346761369907,-0.2061346761369907
120415,2021,0.0,0.21790763129807522,-0.21790763129807522
120415,2022,0.25,0.21790763129807522,0.03209236870192478
120415,2023,0.096774194,0.21790763129807522,-0.12113343729807523
120415,2024,0.08,0.21790763129807522,-0.1379076312980752
120415,2025,0.411764706,0.21790763129807522,0.19385707470192476
120416,2021,0.583333333,0.2097023236874643,0.3736310093125357
120416,2022,0.75,0.2097023236874643,0.5402976763125357
120416,2023,0.465517241,0.2097023236874643,0.2558149173125357
120416,2024,0.338028169,0.2097023236874643,0.12832584531253569
120416,2025,0.388059701,0.2097023236874643,0.17835737731253568
120417,2021,0.333333333,0.22203730446311665,0.11129602853688336
120417,2022,0.5,0.22203730446311665,0.27796269553688335
120417,2023,0.161290323,0.22203730446311665,-0.060746981463116634
120417,2024,0.0,0.22203730446311665,-0.22203730446311665
120417,2025,0.0,0.22203730446311665,-0.22203730446311665
120418,2021,0.25,0.33437441658517286,-0.08437441658517286
120418,2022,0.0,0.33437441658517286,-0.33437441658517286
120418,2023,0.08,0.33437441658517286,-0.25437441658517285
120418,2024,0.072727273,0.33437441658517286,-0.2616471435851729
120418,2025,0.212765957,0.33437441658517286,-0.12160845958517286
120419,2021,0.25,0.2638630940174385,-0.013863094017438515
120419,2022,0.321428571,0.2638630940174385,0.05756547698256148
120419,2023,0.361702128,0.2638630940174385,0.0978390339825615
120419,2024,0.545454545,0.2638630940174385,0.2815914509825615
120419,2025,0.4,0.2638630940174385,0.1361369059825615
120420,2021,0.0,0.17600890697935206,-0.17600890697935206
120420,2022,0.5,0.17600890697935206,0.32399109302064794
120420,2023,0.038461538,0.17600890697935206,-0.13754736897935205
120420,2024,0.083333333,0.17600890697935206,-0.09267557397935207
120420,2025,0.037037037,0.17600890697935206,-0.13897186997935207
120421,2021,0.0,0.23193358121077587,-0.23193358121077587
120421,2022,0.421052632,0.23193358121077587,0.1891190507892241
120421,2023,0.135135135,0.23193358121077587,-0.09679844621077588
120421,2024,0.026315789,0.23193358121077587,-0.20561779221077586
120421,2025,0.092307692,0.23193358121077587,-0.13962588921077587
120422,2021,0.0,0.2480786307001785,-0.2480786307001785
120422,2022,0.0,0.2480786307001785,-0.2480786307001785
120422,2023,0.043478261,0.2480786307001785,-0.2046003697001785
120422,2024,0.136363636,0.2480786307001785,-0.11171499470017848
120422,2025,0.214285714,0.2480786307001785,-0.033792916700178505
120423,2021,0.095238095,0.21868101894809325,-0.12344292394809325
120423,2022,0.0,0.21868101894809325,-0.21868101894809325
120423,2023,0.081081081,0.21868101894809325,-0.13759993794809325
120423,2024,0.028571429,0.21868101894809325,-0.19010958994809324
120423,2025,0.0,0.21868101894809325,-0.21868101894809325
120424,2021,0.6,0.16520351894000312,0.43479648105999685
120424,2022,0.375,0.16520351894000312,0.20979648105999688
120424,2023,0.196428571,0.16520351894000312,0.03122505205999687
120424,2024,0.186440678,0.16520351894000312,0.021237159059996874
120424,2025,0.181818182,0.16520351894000312,0.01661466305999687
120425,2021,0.0,0.26233167623447345,-0.26233167623447345
120425,2022,0.0,0.26233167623447345,-0.26233167623447345
120425,2023,0.047619048,0.26233167623447345,-0.21471262823447346
120425,2024,0.181818182,0.26233167623447345,-0.08051349423447346
120425,2025,0.038461538,0.26233167623447345,-0.22387013823447344
120426,2021,0.214285714,0.24424852013356296,-0.029962806133562975
120426,2022,0.111111111,0.24424852013356296,-0.13313740913356298
120426,2023,0.023255814,0.24424852013356296,-0.22099270613356298
120426,2024,0.166666667,0.24424852013356296,-0.07758185313356297
120426,2025,0.105263158,0.24424852013356296,-0.13898536213356297
120427,2021,0.5,0.2786783746061379,0.22132162539386208
120427,2022,0.0,0.2786783746061379,-0.2786783746061379
120427,2023,0.228571429,0.2786783746061379,-0.05010694560613793
120427,2024,0.185185185,0.2786783746061379,-0.09349318960613792
120427,2025,0.037037037,0.2786783746061379,-0.24164133760613793
120428,2021,0.242424242,0.23632968217880398,0.006094559821196027
120428,2022,0.166666667,0.23632968217880398,-0.069663015178804
120428,2023,0.103448276,0.23632968217880398,-0.13288140617880398
120428,2024,0.054794521,0.23632968217880398,-0.18153516117880397
120428,2025,0.042253521,0.23632968217880398,-0.194076161178804
120429,2021,0.75,0.21121886417685043,0.5387811358231496
120429,2022,0.0,0.21121886417685043,-0.21121886417685043
120429,2023,0.1,0.21121886417685043,-0.11121886417685042
120429,2024,0.111111111,0.21121886417685043,-0.10010775317685043
120429,2025,0.25,0.21121886417685043,0.03878113582314957
120430,2021,0.030769231,0.18441582731560038,-0.15364659631560038
120430,2022,0.114285714,0.18441582731560038,-0.07013011331560039
120430,2023,0.074626866,0.18441582731560038,-0.10978896131560038
120430,2024,0.089552239,0.18441582731560038,-0.09486358831560038
120430,2025,0.28125,0.18441582731560038,0.09683417268439962
120431,2021,0.153846154,0.22979465544556857,-0.07594850144556856
120431,2022,0.125,0.22979465544556857,-0.10479465544556857
120431,2023,0.116666667,0.22979465544556857,-0.11312798844556857
120431,2024,0.087378641,0.22979465544556857,-0.14241601444556856
120431,2025,0.106382979,0.22979465544556857,-0.12341167644556857
120432,2021,0.538461538,0.22954063345059583,0.30892090454940413
120432,2022,0.727272727,0.22954063345059583,0.4977320935494042
120432,2023,0.433333333,0.22954063345059583,0.20379269954940415
120432,2024,0.095238095,0.22954063345059583,-0.13430253845059584
120432,2025,0.125,0.22954063345059583,-0.10454063345059583
120433,2021,0.777777778,0.3030425579011347,0.4747352200988653
120433,2022,0.857142857,0.3030425579011347,0.5541002990988653
120433,2023,0.8,0.3030425579011347,0.49695744209886533
120433,2024,0.526315789,0.3030425579011347,0.22327323109886527
120433,2025,0.075,0.3030425579011347,-0.2280425579011347
120434,2021,0.5,0.23640943998401612,0.2635905600159839
120434,2022,0.385964912,0.23640943998401612,0.14955547201598388
120434,2023,0.293617021,0.23640943998401612,0.05720758101598386
120434,2024,0.142222222,0.23640943998401612,-0.09418721798401611
120434,2025,0.174863388,0.23640943998401612,-0.06154605198401611
120501,2021,0.548042705,0.2864049060102964,0.2616377989897036
120501,2022,0.637037037,0.2864049060102964,0.35063213098970364
120501,2023,0.405315615,0.2864049060102964,0.11891070898970363
120501,2024,0.003676471,0.2864049060102964,-0.2827284350102964
120501,2025,0.020761246,0.2864049060102964,-0.2656436600102964
120502,2021,0.417475728,0.30011073096574137,0.11736499703425862
120502,2022,0.638888889,0.30011073096574137,0.3387781580342586
120502,2023,0.38961039,0.30011073096574137,0.0894996590342586
120502,2024,0.11,0.30011073096574137,-0.19011073096574138
120502,2025,0.034653465,0.30011073096574137,-0.2654572659657414
120503,2021,0.333333333,0.2455731917981246,0.08776014120187542
120503,2022,0.333333333,0.2455731917981246,0.08776014120187542
120503,2023,0.125,0.2455731917981246,-0.12057319179812459
120503,2024,0.055555556,0.2455731917981246,-0.19001763579812458
120503,2025,0.05,0.2455731917981246,-0.1955731917981246
120504,2021,0.659574468,0.3276690755981678,0.33190539240183214
120504,2022,0.521126761,0.3276690755981678,0.19345768540183217
120504,2023,0.474285714,0.3276690755981678,0.1466166384018322
120504,2024,0.35326087,0.3276690755981678,0.02559179440183218
120504,2025,0.372670807,0.3276690755981678,0.04500173140183217
120601,2021,0.312244898,0.2656458022847936,0.04659909571520637
120601,2022,0.296238245,0.2656458022847936,0.03059244271520639
120601,2023,0.201393287,0.2656458022847936,-0.06425251528479362
120601,2024,0.181221274,0.2656458022847936,-0.08442452828479363
120601,2025,0.224417784,0.2656458022847936,-0.04122801828479361
120602,2021,0.086538462,0.203073788024802,-0.116535326024802
120602,2022,0.254716981,0.203073788024802,0.05164319297519801
120602,2023,0.324324324,0.203073788024802,0.121250535975198
120602,2024,0.206060606,0.203073788024802,0.0029868179751980084
120602,2025,0.257142857,0.203073788024802,0.054069068975198004
120603,2021,0.277777778,0.2405886261816938,0.037189151818306176
120603,2022,0.194594595,0.2405886261816938,-0.04599403118169379
120603,2023,0.206185567,0.2405886261816938,-0.03440305918169381
120603,2024,0.293193717,0.2405886261816938,0.05260509081830622
120603,2025,0.248587571,0.2405886261816938,0.007998944818306208
120604,2021,0.230982019,0.25058010247945556,-0.019598083479455547
120604,2022,0.244419643,0.25058010247945556,-0.006160459479455566
120604,2023,0.261406844,0.25058010247945556,0.01082674152054447
120604,2024,0.253231939,0.25058010247945556,0.0026518365205444594
120604,2025,0.272882806,0.25058010247945556,0.02230270352054442
120605,2021,0.084158416,0.28065894626346516,-0.19650053026346515
120605,2022,0.147540984,0.28065894626346516,-0.13311796226346517
120605,2023,0.1625,0.28065894626346516,-0.11815894626346515
120605,2024,0.204081633,0.28065894626346516,-0.07657731326346515
120605,2025,0.038461538,0.28065894626346516,-0.24219740826346514
120606,2021,0.260098522,0.2680286440908647,-0.007930122090864689
120606,2022,0.290239173,0.2680286440908647,0.02221052890913533
120606,2023,0.241052632,0.2680286440908647,-0.0269760120908647
120606,2024,0.193672627,0.2680286440908647,-0.07435601709086467
120606,2025,0.250136687,0.2680286440908647,-0.017891957090864663
120607,2021,0.320805369,0.2261095685226727,0.09469580047732731
120607,2022,0.326818675,0.2261095685226727,0.10070910647732731
120607,2023,0.270398482,0.2261095685226727,0.0442889134773273
120607,2024,0.318647541,0.2261095685226727,0.09253797247732728
120607,2025,0.383431953,0.2261095685226727,0.1573223844773273
120608,2021,0.319474836,0.24821771549606853,0.07125712050393146
120608,2022,0.295684603,0.24821771549606853,0.047466887503931465
120608,2023,0.292301829,0.24821771549606853,0.04408411350393149
120608,2024,0.209337349,0.24821771549606853,-0.03888036649606852
120608,2025,0.203682826,0.24821771549606853,-0.044534889496068514
120609,2021,0.437086093,0.19431836692981802,0.242767726070182
120609,2022,0.333333333,0.19431836692981802,0.139014966070182
120609,2023,0.182572614,0.19431836692981802,-0.011745752929818026
120609,2024,0.073170732,0.19431836692981802,-0.12114763492981802
120609,2025,0.360869565,0.19431836692981802,0.16655119807018198
120701,2021,0.474110032,0.2892534861447262,0.18485654585527383
120701,2022,0.446469248,0.2892534861447262,0.1572157618552738
120701,2023,0.775308642,0.2892534861447262,0.48605515585527387
120701,2024,0.187898089,0.2892534861447262,-0.10135539714472619
120701,2025,0.04954583,0.2892534861447262,-0.23970765614472617
120702,2021,0.107142857,0.26614918918410996,-0.15900633218410998
120702,2022,0.269230769,0.26614918918410996,0.003081579815890023
120702,2023,0.26056338,0.26614918918410996,-0.005585809184109947
120702,2024,0.207482993,0.26614918918410996,-0.05866619618410995
120702,2025,0.119565217,0.26614918918410996,-0.14658397218410996
120703,2021,0.0,0.27261116205468366,-0.27261116205468366
120703,2022,0.0,0.27261116205468366,-0.27261116205468366
120703,2023,0.576271186,0.27261116205468366,0.3036600239453164
120703,2024,0.052631579,0.27261116205468366,-0.21997958305468368
120703,2025,0.075471698,0.27261116205468366,-0.19713946405468366
120704,2021,0.546419098,0.2315432306839385,0.3148758673160615
120704,2022,0.155844156,0.2315432306839385,-0.0756990746839385
120704,2023,0.267175573,0.2315432306839385,0.035632342316061494
120704,2024,0.129533679,0.2315432306839385,-0.10200955168393849
120704,2025,0.08839779,0.2315432306839385,-0.1431454406839385
120705,2021,0.361702128,0.2748392945060913,0.08686283349390872
120705,2022,0.310679612,0.2748392945060913,0.0358403174939087
120705,2023,0.675324675,0.2748392945060913,0.40048538049390875
120705,2024,0.185840708,0.2748392945060913,-0.0889985865060913
120705,2025,0.048387097,0.2748392945060913,-0.2264521975060913
120706,2021,0.317460317,0.22084844637098738,0.09661187062901261
120706,2022,0.23364486,0.22084844637098738,0.012796413629012626
120706,2023,0.368888889,0.22084844637098738,0.14804044262901261
120706,2024,0.198501873,0.22084844637098738,-0.022346573370987388
120706,2025,0.066666667,0.22084844637098738,-0.15418177937098737
120707,2021,0.228571429,0.27047954568399324,-0.041908116683993246
120707,2022,0.206896552,0.27047954568399324,-0.06358299368399323
120707,2023,0.116071429,0.27047954568399324,-0.15440811668399324
120707,2024,0.097345133,0.27047954568399324,-0.17313441268399324
120707,2025,0.116504854,0.27047954568399324,-0.15397469168399325
120708,2021,0.653846154,0.2911383011574194,0.3627078528425806
120708,2022,0.380952381,0.2911383011574194,0.08981407984258061
120708,2023,0.4,0.2911383011574194,0.10886169884258062
120708,2024,0.111111111,0.2911383011574194,-0.18002719015741941
120708,2025,0.095238095,0.2911383011574194,-0.1959002061574194
120709,2021,0.571428571,0.29309974658408633,0.27832882441591367
120709,2022,0.580645161,0.29309974658408633,0.28754541441591364
120709,2023,0.4375,0.29309974658408633,0.14440025341591367
120709,2024,0.227586207,0.29309974658408633,-0.06551353958408632
120709,2025,0.063380282,0.29309974658408633,-0.22971946458408632
120801,2021,0.260869565,0.38622931245827913,-0.1253597474582791
120801,2022,0.288461538,0.38622931245827913,-0.09776777445827911
120801,2023,0.19047619,0.38622931245827913,-0.19575312245827914
120801,2024,0.083333333,0.38622931245827913,-0.3028959794582791
120801,2025,0.192771084,0.38622931245827913,-0.19345822845827912
120802,2021,0.6875,0.213484517512145,0.47401548248785497
120802,2022,0.470588235,0.213484517512145,0.257103717487855
120802,2023,0.142857143,0.213484517512145,-0.07062737451214501
120802,2024,0.571428571,0.213484517512145,0.35794405348785496
120802,2025,0.538461538,0.213484517512145,0.32497702048785493
120803,2021,0.703703704,0.3468999114098433,0.35680379259015677
120803,2022,0.272727273,0.3468999114098433,-0.07417263840984328
120803,2023,0.125,0.3468999114098433,-0.22189991140984328
120803,2024,0.170212766,0.3468999114098433,-0.1766871454098433
120803,2025,0.185185185,0.3468999114098433,-0.16171472640984327
120804,2021,0.8125,0.2361592070219066,0.5763407929780934
120804,2022,0.8,0.2361592070219066,0.5638407929780934
120804,2023,0.705882353,0.2361592070219066,0.4697231459780934
120804,2024,0.285714286,0.2361592070219066,0.049555078978093386
120804,2025,0.142857143,0.2361592070219066,-0.0933020640219066
120805,2021,0.75862069,0.3126125566685502,0.4460081333314498
120805,2022,0.837837838,0.3126125566685502,0.5252252813314497
120805,2023,0.725490196,0.3126125566685502,0.4128776393314498
120805,2024,0.236363636,0.3126125566685502,-0.07624892066855021
120805,2025,0.224137931,0.3126125566685502,-0.08847462566855019
120806,2021,0.777777778,0.26154964121370766,0.5162281367862924
120806,2022,0.611111111,0.26154964121370766,0.3495614697862924
120806,2023,0.551724138,0.26154964121370766,0.2901744967862923
120806,2024,0.210526316,0.26154964121370766,-0.05102332521370767
120806,2025,0.342857143,0.26154964121370766,0.08130750178629231
120807,2021,0.375,0.2937583096068913,0.08124169039310869
120807,2022,0.133333333,0.2937583096068913,-0.1604249766068913
120807,2023,0.27027027,0.2937583096068913,-0.02348803960689133
120807,2024,0.068965517,0.2937583096068913,-0.2247927926068913
120807,2025,0.111111111,0.2937583096068913,-0.18264719860689133
120808,2021,0.568627451,0.3725188915600665,0.1961085594399335
120808,2022,0.492307692,0.3725188915600665,0.11978880043993351
120808,2023,0.456896552,0.3725188915600665,0.0843776604399335
120808,2024,0.258064516,0.3725188915600665,-0.11445437556006649
120808,2025,0.169642857,0.3725188915600665,-0.2028760345600665
120809,2021,0.620689655,0.36389827374835876,0.2567913812516412
120809,2022,0.25,0.36389827374835876,-0.11389827374835876
120809,2023,0.392857143,0.36389827374835876,0.02895886925164126
120809,2024,0.060606061,0.36389827374835876,-0.30329221274835877
120809,2025,0.05,0.36389827374835876,-0.31389827374835877
120810,2021,0.806451613,0.3670176880138696,0.43943392498613043
120810,2022,0.407407407,0.3670176880138696,0.04038971898613042
120810,2023,0.296296296,0.3670176880138696,-0.07072139201386957
120810,2024,0.063829787,0.3670176880138696,-0.3031879010138696
120810,2025,0.166666667,0.3670176880138696,-0.2003510210138696
120901,2021,0.413943355,0.23583320244159164,0.17811015255840837
120901,2022,0.497716895,0.23583320244159164,0.2618836925584084
120901,2023,0.365175333,0.23583320244159164,0.12934213055840835
120901,2024,0.175949367,0.23583320244159164,-0.05988383544159165
120901,2025,0.301526718,0.23583320244159164,0.06569351555840838
120902,2021,0.369369369,0.32664914388019683,0.04272022511980317
120902,2022,0.18852459,0.32664914388019683,-0.13812455388019684
120902,2023,0.099173554,0.32664914388019683,-0.22747558988019684
120902,2024,0.217391304,0.32664914388019683,-0.10925783988019683
120902,2025,0.244047619,0.32664914388019683,-0.08260152488019684
120903,2021,0.542372881,0.2786335942400701,0.2637392867599299
120903,2022,0.634146341,0.2786335942400701,0.3555127467599299
120903,2023,0.456,0.2786335942400701,0.1773664057599299
120903,2024,0.207407407,0.2786335942400701,-0.07122618724007013
120903,2025,0.338582677,0.2786335942400701,0.059949082759929884
120904,2021,0.379310345,0.24267503848056077,0.13663530651943923
120904,2022,0.35483871,0.24267503848056077,0.11216367151943923
120904,2023,0.19047619,0.24267503848056077,-0.05219884848056078
120904,2024,0.11627907,0.24267503848056077,-0.12639596848056078
120904,2025,0.222222222,0.24267503848056077,-0.02045281648056077
120905,2021,0.553398058,0.23706549583285666,0.31633256216714334
120905,2022,0.577639752,0.23706549583285666,0.3405742561671433
120905,2023,0.157480315,0.23706549583285666,-0.07958518083285665
120905,2024,0.295833333,0.23706549583285666,0.058767837167143316
120905,2025,0.25106383,0.23706549583285666,0.013998334167143328
120906,2021,0.358974359,0.23168036584501694,0.12729399315498308
120906,2022,0.745098039,0.23168036584501694,0.5134176731549831
120906,2023,0.384615385,0.23168036584501694,0.15293501915498303
120906,2024,0.272727273,0.23168036584501694,0.04104690715498305
120906,2025,0.233333333,0.23168036584501694,0.0016529671549830594
120907,2021,0.608695652,0.2658865592232324,0.3428090927767676
120907,2022,0.473684211,0.2658865592232324,0.20779765177676762
120907,2023,0.392857143,0.2658865592232324,0.12697058377676762
120907,2024,0.085714286,0.2658865592232324,-0.1801722732232324
120907,2025,0.311111111,0.2658865592232324,0.045224551776767596
120908,2021,0.19047619,0.24194988493213113,-0.05147369493213114
120908,2022,0.052631579,0.24194988493213113,-0.18931830593213111
120908,2023,0.086666667,0.24194988493213113,-0.15528321793213112
120908,2024,0.027777778,0.24194988493213113,-0.21417210693213112
120908,2025,0.307017544,0.24194988493213113,0.06506765906786885
120909,2021,0.115384615,0.30297963362397196,-0.18759501862397196
120909,2022,0.891304348,0.30297963362397196,0.5883247143760281
120909,2023,0.222222222,0.30297963362397196,-0.08075741162397196
120909,2024,0.133333333,0.30297963362397196,-0.16964630062397196
120909,2025,0.26,0.30297963362397196,-0.04297963362397195
130101,2021,0.163628472,0.16042025645086677,0.0032082155491332254
130101,2022,0.155376599,0.16042025645086677,-0.0050436574508667675
130101,2023,0.055396791,0.16042025645086677,-0.10502346545086677
130101,2024,0.028791657,0.16042025645086677,-0.13162859945086677
130101,2025,0.030164093,0.16042025645086677,-0.13025616345086677
130102,2021,0.172140762,0.15980191701752583,0.012338844982474173
130102,2022,0.171806167,0.15980191701752583,0.01200424998247418
130102,2023,0.066458982,0.15980191701752583,-0.09334293501752583
130102,2024,0.035157811,0.15980191701752583,-0.12464410601752583
130102,2025,0.035326087,0.15980191701752583,-0.12447583001752582
130103,2021,0.138173302,0.15992403195301635,-0.021750729953016357
130103,2022,0.20043573,0.15992403195301635,0.04051169804698365
130103,2023,0.060587882,0.15992403195301635,-0.09933614995301634
130103,2024,0.029062871,0.15992403195301635,-0.13086116095301636
130103,2025,0.012434555,0.15992403195301635,-0.14748947695301634
130104,2021,0.118865867,0.1414654669051227,-0.02259959990512271
130104,2022,0.154947917,0.1414654669051227,0.01348245009487728
130104,2023,0.112594571,0.1414654669051227,-0.028870895905122707
130104,2024,0.046469248,0.1414654669051227,-0.09499621890512272
130104,2025,0.032708033,0.1414654669051227,-0.10875743390512271
130105,2021,0.179682101,0.16032734293483702,0.019354758065162986
130105,2022,0.173392182,0.16032734293483702,0.013064839065162981
130105,2023,0.065974172,0.16032734293483702,-0.09435317093483703
130105,2024,0.028700505,0.16032734293483702,-0.13162683793483704
130105,2025,0.031697055,0.16032734293483702,-0.12863028793483702
130106,2021,0.355140187,0.1684316392165603,0.1867085477834397
130106,2022,0.201877934,0.1684316392165603,0.03344629478343972
130106,2023,0.1113381,0.1684316392165603,-0.057093539216560296
130106,2024,0.06012024,0.1684316392165603,-0.1083113992165603
130106,2025,0.06454918,0.1684316392165603,-0.1038824592165603
130107,2021,0.324005891,0.13615912533999183,0.18784676566000816
130107,2022,0.144391408,0.13615912533999183,0.008232282660008167
130107,2023,0.108148148,0.13615912533999183,-0.028010977339991833
130107,2024,0.047688921,0.13615912533999183,-0.08847020433999184
130107,2025,0.050595238,0.13615912533999183,-0.08556388733999183
130108,2021,0.222222222,0.26655353113556707,-0.04433130913556707
130108,2022,0.367647059,0.26655353113556707,0.10109352786443293
130108,2023,0.209302326,0.26655353113556707,-0.05725120513556706
130108,2024,0.176,0.26655353113556707,-0.09055353113556708
130108,2025,0.171875,0.26655353113556707,-0.09467853113556707
130109,2021,0.349514563,0.1424848333280755,0.2070297296719245
130109,2022,0.302521008,0.1424848333280755,0.1600361746719245
130109,2023,0.142424242,0.1424848333280755,-6.0591328075482176e-05
130109,2024,0.059210526,0.1424848333280755,-0.08327430732807549
130109,2025,0.033962264,0.1424848333280755,-0.1085225693280755
130110,2021,0.368421053,0.2512807955186564,0.1171402574813436
130110,2022,0.5,0.2512807955186564,0.2487192044813436
130110,2023,0.195530726,0.2512807955186564,-0.05575006951865641
130110,2024,0.241176471,0.2512807955186564,-0.010104324518656393
130110,2025,0.25984252,0.2512807955186564,0.008561724481343624
130111,2021,0.25,0.14622820119492144,0.10377179880507856
130111,2022,0.116521739,0.14622820119492144,-0.029706462194921443
130111,2023,0.100087032,0.14622820119492144,-0.046141169194921436
130111,2024,0.030448718,0.14622820119492144,-0.11577948319492144
130111,2025,0.031195841,0.14622820119492144,-0.11503236019492144
130201,2021,0.381818182,0.15299052599515178,0.22882765600484822
130201,2022,0.155172414,0.15299052599515178,0.002181888004848226
130201,2023,0.121546961,0.15299052599515178,-0.03144356499515179
130201,2024,0.058064516,0.15299052599515178,-0.09492600999515179
130201,2025,0.1015625,0.15299052599515178,-0.05142802599515178
130202,2021,0.336099585,0.14211884990508444,0.19398073509491554
130202,2022,0.103960396,0.14211884990508444,-0.03815845390508445
130202,2023,0.03655914,0.14211884990508444,-0.10555970990508445
130202,2024,0.020356234,0.14211884990508444,-0.12176261590508444
130202,2025,0.036553525,0.14211884990508444,-0.10556532490508444
130203,2021,0.325842697,0.14530481795366892,0.1805378790463311
130203,2022,0.1375,0.14530481795366892,-0.007804817953668913
130203,2023,0.120689655,0.14530481795366892,-0.024615162953668918
130203,2024,0.049450549,0.14530481795366892,-0.09585426895366891
130203,2025,0.066666667,0.14530481795366892,-0.07863815095366893
130204,2021,0.0,0.13611901508292265,-0.13611901508292265
130204,2022,0.0,0.13611901508292265,-0.13611901508292265
130204,2023,0.0,0.13611901508292265,-0.13611901508292265
130204,2024,0.0,0.13611901508292265,-0.13611901508292265
130204,2025,0.0,0.13611901508292265,-0.13611901508292265
130205,2021,0.144680851,0.169555367382157,-0.024874516382157014
130205,2022,0.107806691,0.169555367382157,-0.06174867638215702
130205,2023,0.051903114,0.169555367382157,-0.11765225338215701
130205,2024,0.052219321,0.169555367382157,-0.11733604638215701
130205,2025,0.065096953,0.169555367382157,-0.10445841438215701
130206,2021,0.151315789,0.12624180348152503,0.025073985518474978
130206,2022,0.153225806,0.12624180348152503,0.026984002518474964
130206,2023,0.107142857,0.12624180348152503,-0.019098946481525034
130206,2024,0.035294118,0.12624180348152503,-0.09094768548152503
130206,2025,0.008849558,0.12624180348152503,-0.11739224548152502
130207,2021,0.323843416,0.13044979642364415,0.19339361957635584
130207,2022,0.228571429,0.13044979642364415,0.09812163257635584
130207,2023,0.132867133,0.13044979642364415,0.002417336576355844
130207,2024,0.04029304,0.13044979642364415,-0.09015675642364415
130207,2025,0.030188679,0.13044979642364415,-0.10026111742364416
130208,2021,0.212698413,0.16252070588341236,0.050177707116587644
130208,2022,0.146825397,0.16252070588341236,-0.015695308883412362
130208,2023,0.065810594,0.16252070588341236,-0.09671011188341236
130208,2024,0.046232877,0.16252070588341236,-0.11628782888341235
130208,2025,0.046315789,0.16252070588341236,-0.11620491688341236
130301,2021,0.928571429,0.5153529737080952,0.4132184552919048
130301,2022,0.9,0.5153529737080952,0.38464702629190484
130301,2023,0.597014925,0.5153529737080952,0.08166195129190479
130301,2024,0.5,0.5153529737080952,-0.015352973708095186
130301,2025,0.506666667,0.5153529737080952,-0.008686306708095226
130302,2021,0.961038961,0.366742961304069,0.5942959996959309
130302,2022,0.97826087,0.366742961304069,0.6115179086959309
130302,2023,0.784090909,0.366742961304069,0.417347947695931
130302,2024,0.620853081,0.366742961304069,0.254110119695931
130302,2025,0.529126214,0.366742961304069,0.162383252695931
130303,2021,0.94,0.28889387855209736,0.6511061214479026
130303,2022,0.948717949,0.28889387855209736,0.6598240704479026
130303,2023,0.479166667,0.28889387855209736,0.19027278844790263
130303,2024,0.396226415,0.28889387855209736,0.10733253644790264
130303,2025,0.303370787,0.28889387855209736,0.014476908447902614
130304,2021,0.823529412,0.31496470611136296,0.508564705888637
130304,2022,0.84,0.31496470611136296,0.525035293888637
130304,2023,0.671641791,0.31496470611136296,0.35667708488863703
130304,2024,0.735294118,0.31496470611136296,0.42032941188863704
130304,2025,0.565217391,0.31496470611136296,0.25025268488863706
130305,2021,0.833333333,0.36569066480855283,0.4676426681914472
130305,2022,0.866666667,0.36569066480855283,0.5009760021914471
130305,2023,0.29245283,0.36569066480855283,-0.07323783480855284
130305,2024,0.07079646,0.36569066480855283,-0.29489420480855283
130305,2025,0.023809524,0.36569066480855283,-0.3418811408085528
130306,2021,0.8125,0.38724149049649026,0.42525850950350974
130306,2022,0.916666667,0.38724149049649026,0.5294251765035097
130306,2023,0.368421053,0.38724149049649026,-0.01882043749649026
130306,2024,0.372093023,0.38724149049649026,-0.015148467496490237
130306,2025,0.128205128,0.38724149049649026,-0.25903636249649026
130401,2021,0.088328076,0.15471152657904969,-0.06638345057904968
130401,2022,0.095607235,0.15471152657904969,-0.059104291579049686
130401,2023,0.144152312,0.15471152657904969,-0.01055921457904968
130401,2024,0.044425817,0.15471152657904969,-0.11028570957904968
130401,2025,0.066183137,0.15471152657904969,-0.08852838957904968
130402,2021,0.079470199,0.1559993185622806,-0.0765291195622806
130402,2022,0.122931442,0.1559993185622806,-0.03306787656228061
130402,2023,0.065138721,0.1559993185622806,-0.09086059756228061
130402,2024,0.033591731,0.1559993185622806,-0.12240758756228061
130402,2025,0.017654477,0.1559993185622806,-0.1383448415622806
130403,2021,0.185897436,0.1512166363815316,0.0346807996184684
130403,2022,0.171597633,0.1512166363815316,0.0203809966184684
130403,2023,0.08388521,0.1512166363815316,-0.0673314263815316
130403,2024,0.026894866,0.1512166363815316,-0.1243217703815316
130403,2025,0.020460358,0.1512166363815316,-0.1307562783815316
130501,2021,0.673684211,0.29934227644496464,0.37434193455503534
130501,2022,0.506493506,0.29934227644496464,0.20715122955503534
130501,2023,0.260416667,0.29934227644496464,-0.03892560944496465
130501,2024,0.099173554,0.29934227644496464,-0.20016872244496464
130501,2025,0.160526316,0.29934227644496464,-0.13881596044496464
130502,2021,0.553191489,0.24768325950506934,0.3055082294949307
130502,2022,0.029411765,0.24768325950506934,-0.21827149450506933
130502,2023,0.062271062,0.24768325950506934,-0.18541219750506932
130502,2024,0.03187251,0.24768325950506934,-0.21581074950506934
130502,2025,0.194029851,0.24768325950506934,-0.05365340850506933
130503,2021,0.59,0.3868278373138907,0.20317216268610927
130503,2022,0.421052632,0.3868278373138907,0.03422479468610928
130503,2023,0.146428571,0.3868278373138907,-0.2403992663138907
130503,2024,0.192307692,0.3868278373138907,-0.1945201453138907
130503,2025,0.286956522,0.3868278373138907,-0.09987131531389071
130504,2021,0.5,0.3179668942304913,0.1820331057695087
130504,2022,0.36,0.3179668942304913,0.042033105769508694
130504,2023,0.251592357,0.3179668942304913,-0.0663745372304913
130504,2024,0.188679245,0.3179668942304913,-0.1292876492304913
130504,2025,0.048672566,0.3179668942304913,-0.26929432823049126
130601,2021,0.631299735,0.2335817127396598,0.39771802226034025
130601,2022,0.620111732,0.2335817127396598,0.38653001926034025
130601,2023,0.396029258,0.2335817127396598,0.1624475452603402
130601,2024,0.268973214,0.2335817127396598,0.035391501260340213
130601,2025,0.156838143,0.2335817127396598,-0.07674356973965979
130602,2021,0.208171206,0.2841653447860011,-0.07599413878600109
130602,2022,0.16798419,0.2841653447860011,-0.11618115478600108
130602,2023,0.10483871,0.2841653447860011,-0.17932663478600108
130602,2024,0.128603104,0.2841653447860011,-0.1555622407860011
130602,2025,0.104368932,0.2841653447860011,-0.1797964127860011
130604,2021,0.225,0.18957584649410097,0.03542415350589903
130604,2022,0.375,0.18957584649410097,0.18542415350589903
130604,2023,0.202380952,0.18957584649410097,0.012805105505899028
130604,2024,0.214285714,0.18957584649410097,0.024709867505899014
130604,2025,0.22826087,0.18957584649410097,0.03868502350589903
130605,2021,0.553113553,0.2137789993973593,0.33933455360264064
130605,2022,0.534653465,0.2137789993973593,0.32087446560264066
130605,2023,0.420512821,0.2137789993973593,0.20673382160264067
130605,2024,0.403061224,0.2137789993973593,0.1892822246026407
130605,2025,0.363636364,0.2137789993973593,0.14985736460264068
130606,2021,0.461538462,0.14081838089306603,0.32072008110693395
130606,2022,0.125,0.14081838089306603,-0.01581838089306603
130606,2023,0.153846154,0.14081838089306603,0.013027773106933982
130606,2024,0.076923077,0.14081838089306603,-0.06389530389306602
130606,2025,0.1875,0.14081838089306603,0.04668161910693397
130608,2021,0.239130435,0.27409377611172214,-0.03496334111172214
130608,2022,0.105263158,0.27409377611172214,-0.16883061811172215
130608,2023,0.12371134,0.27409377611172214,-0.15038243611172214
130608,2024,0.113636364,0.27409377611172214,-0.16045741211172215
130608,2025,0.086956522,0.27409377611172214,-0.18713725411172216
130610,2021,0.695652174,0.31459590101803303,0.381056272981967
130610,2022,0.8,0.31459590101803303,0.485404098981967
130610,2023,0.25,0.31459590101803303,-0.06459590101803303
130610,2024,0.214285714,0.31459590101803303,-0.10031018701803304
130610,2025,0.071428571,0.31459590101803303,-0.24316733001803303
130611,2021,0.368200837,0.30548681210392586,0.06271402489607414
130611,2022,0.282926829,0.30548681210392586,-0.022559983103925874
130611,2023,0.198198198,0.30548681210392586,-0.10728861410392587
130611,2024,0.214634146,0.30548681210392586,-0.09085266610392587
130611,2025,0.220338983,0.30548681210392586,-0.08514782910392588
130613,2021,0.379591837,0.30289134268013584,0.07670049431986414
130613,2022,0.271966527,0.30289134268013584,-0.03092481568013583
130613,2023,0.216730038,0.30289134268013584,-0.08616130468013583
130613,2024,0.088082902,0.30289134268013584,-0.21480844068013583
130613,2025,0.031055901,0.30289134268013584,-0.27183544168013585
130614,2021,0.742904841,0.32387765282247305,0.41902718817752693
130614,2022,0.711151737,0.32387765282247305,0.38727408417752696
130614,2023,0.544763514,0.32387765282247305,0.22088586117752695
130614,2024,0.36535163,0.32387765282247305,0.04147397717752693
130614,2025,0.234601449,0.32387765282247305,-0.08927620382247306
130701,2021,0.189944134,0.13906779753155143,0.05087633646844855
130701,2022,0.174825175,0.13906779753155143,0.035757377468448565
130701,2023,0.257425743,0.13906779753155143,0.11835794546844855
130701,2024,0.064516129,0.13906779753155143,-0.07455166853155143
130701,2025,0.049180328,0.13906779753155143,-0.08988746953155144
130702,2021,0.112280702,0.15765265588996777,-0.04537195388996777
130702,2022,0.065028902,0.15765265588996777,-0.09262375388996777
130702,2023,0.052583026,0.15765265588996777,-0.10506962988996776
130702,2024,0.023215821,0.15765265588996777,-0.13443683488996777
130702,2025,0.019685039,0.15765265588996777,-0.13796761688996778
130703,2021,0.24137931,0.1432071837720622,0.0981721262279378
130703,2022,0.27173913,0.1432071837720622,0.1285319462279378
130703,2023,0.391752577,0.1432071837720622,0.24854539322793778
130703,2024,0.103174603,0.1432071837720622,-0.040032580772062204
130703,2025,0.095238095,0.1432071837720622,-0.04796908877206221
130704,2021,0.066666667,0.15375063454414134,-0.08708396754414134
130704,2022,0.067757009,0.15375063454414134,-0.08599362554414133
130704,2023,0.086956522,0.15375063454414134,-0.06679411254414135
130704,2024,0.009771987,0.15375063454414134,-0.14397864754414133
130704,2025,0.024169184,0.15375063454414134,-0.12958145054414133
130705,2021,0.209912536,0.16160430052316024,0.04830823547683977
130705,2022,0.233146067,0.16160430052316024,0.07154176647683977
130705,2023,0.215633423,0.16160430052316024,0.05402912247683975
130705,2024,0.044817927,0.16160430052316024,-0.11678637352316024
130705,2025,0.052631579,0.16160430052316024,-0.10897272152316025
130801,2021,0.780701754,0.4150210266913404,0.3656807273086596
130801,2022,0.714285714,0.4150210266913404,0.29926468730865957
130801,2023,0.548693587,0.4150210266913404,0.13367256030865965
130801,2024,0.39148073,0.4150210266913404,-0.02354029669134039
130801,2025,0.286573146,0.4150210266913404,-0.1284478806913404
130802,2021,0.97260274,0.2735251821802931,0.6990775578197069
130802,2022,0.696202532,0.2735251821802931,0.42267734981970695
130802,2023,0.47311828,0.2735251821802931,0.1995930978197069
130802,2024,0.357142857,0.2735251821802931,0.08361767481970689
130802,2025,0.276836158,0.2735251821802931,0.0033109758197069072
130803,2021,0.911764706,0.417348043241449,0.49441666275855106
130803,2022,0.919770774,0.417348043241449,0.5024227307585509
130803,2023,0.804949054,0.417348043241449,0.3876010107585511
130803,2024,0.152054795,0.417348043241449,-0.26529324824144895
130803,2025,0.110939908,0.417348043241449,-0.30640813524144894
130804,2021,0.644067797,0.32684565596490484,0.3172221410350952
130804,2022,0.734693878,0.32684565596490484,0.40784822203509513
130804,2023,0.645,0.32684565596490484,0.3181543440350952
130804,2024,0.20661157,0.32684565596490484,-0.12023408596490484
130804,2025,0.23015873,0.32684565596490484,-0.09668692596490483
130805,2021,0.8,0.15389862532697957,0.6461013746730204
130805,2022,0.75,0.15389862532697957,0.5961013746730204
130805,2023,0.666666667,0.15389862532697957,0.5127680416730205
130805,2024,0.533333333,0.15389862532697957,0.3794347076730204
130805,2025,0.135135135,0.15389862532697957,-0.018763490326979576
130806,2021,0.1875,0.2003442794519074,-0.012844279451907387
130806,2022,0.379746835,0.2003442794519074,0.17940255554809262
130806,2023,0.308510638,0.2003442794519074,0.10816635854809262
130806,2024,0.253164557,0.2003442794519074,0.052820277548092626
130806,2025,0.051282051,0.2003442794519074,-0.1490622284519074
130807,2021,0.095238095,0.2647346593044371,-0.16949656430443713
130807,2022,0.076923077,0.2647346593044371,-0.18781158230443712
130807,2023,0.034482759,0.2647346593044371,-0.23025190030443712
130807,2024,0.066666667,0.2647346593044371,-0.1980679923044371
130807,2025,0.041666667,0.2647346593044371,-0.22306799230443713
130808,2021,0.831196581,0.36526258726489547,0.4659339937351046
130808,2022,0.579234973,0.36526258726489547,0.21397238573510458
130808,2023,0.593126386,0.36526258726489547,0.22786379873510454
130808,2024,0.437073171,0.36526258726489547,0.07181058373510452
130808,2025,0.184731385,0.36526258726489547,-0.18053120226489547
130809,2021,0.634703196,0.46312833202507186,0.17157486397492816
130809,2022,0.643678161,0.46312833202507186,0.1805498289749281
130809,2023,0.573208723,0.46312833202507186,0.11008039097492817
130809,2024,0.428355958,0.46312833202507186,-0.034772374025071884
130809,2025,0.308411215,0.46312833202507186,-0.15471711702507185
130810,2021,0.578947368,0.3819194921044517,0.19702787589554832
130810,2022,0.894736842,0.3819194921044517,0.5128173498955484
130810,2023,0.446153846,0.3819194921044517,0.06423435389554832
130810,2024,0.317460317,0.3819194921044517,-0.0644591751044517
130810,2025,0.226415094,0.3819194921044517,-0.15550439810445169
130811,2021,0.9375,0.24073961490418433,0.6967603850958157
130811,2022,0.857142857,0.24073961490418433,0.6164032420958157
130811,2023,0.652777778,0.24073961490418433,0.4120381630958157
130811,2024,0.227848101,0.24073961490418433,-0.012891513904184332
130811,2025,0.246153846,0.24073961490418433,0.00541423109581568
130812,2021,0.947368421,0.3255181824347393,0.6218502385652607
130812,2022,0.925,0.3255181824347393,0.5994818175652608
130812,2023,0.785123967,0.3255181824347393,0.4596057845652607
130812,2024,0.25477707,0.3255181824347393,-0.0707411124347393
130812,2025,0.21875,0.3255181824347393,-0.10676818243473929
130813,2021,0.363636364,0.24807459461681688,0.1155617693831831
130813,2022,0.448275862,0.24807459461681688,0.20020126738318314
130813,2023,0.327160494,0.24807459461681688,0.07908589938318314
130813,2024,0.141025641,0.24807459461681688,-0.10704895361681688
130813,2025,0.031055901,0.24807459461681688,-0.2170186936168169
130901,2021,0.345047923,0.2837133959631523,0.061334527036847664
130901,2022,0.317679558,0.2837133959631523,0.03396616203684766
130901,2023,0.23495702,0.2837133959631523,-0.048756375963152326
130901,2024,0.10125448,0.2837133959631523,-0.18245891596315233
130901,2025,0.084072149,0.2837133959631523,-0.19964124696315233
130902,2021,0.681818182,0.3597529814814802,0.3220652005185198
130902,2022,0.477443609,0.3597529814814802,0.11769062751851977
130902,2023,0.385641026,0.3597529814814802,0.02588804451851978
130902,2024,0.243396226,0.3597529814814802,-0.11635675548148022
130902,2025,0.254079254,0.3597529814814802,-0.10567372748148024
130903,2021,0.426940639,0.2277526118647262,0.1991880271352738
130903,2022,0.481927711,0.2277526118647262,0.2541750991352738
130903,2023,0.166439291,0.2277526118647262,-0.06131332086472621
130903,2024,0.079710145,0.2277526118647262,-0.14804246686472622
130903,2025,0.126079447,0.2277526118647262,-0.10167316486472619
130904,2021,0.563176895,0.3298700791665156,0.2333068158334844
130904,2022,0.276995305,0.3298700791665156,-0.05287477416651559
130904,2023,0.20045045,0.3298700791665156,-0.12941962916651562
130904,2024,0.107061503,0.3298700791665156,-0.22280857616651562
130904,2025,0.219753086,0.3298700791665156,-0.11011699316651563
130905,2021,0.412121212,0.28707784205865383,0.12504336994134618
130905,2022,0.20855615,0.28707784205865383,-0.07852169205865384
130905,2023,0.137670197,0.28707784205865383,-0.14940764505865384
130905,2024,0.099406528,0.28707784205865383,-0.18767131405865384
130905,2025,0.109204368,0.28707784205865383,-0.17787347405865384
130906,2021,0.287671233,0.21777072993530866,0.06990050306469137
130906,2022,0.243303571,0.21777072993530866,0.025532841064691336
130906,2023,0.163793103,0.21777072993530866,-0.053977626935308665
130906,2024,0.077403246,0.21777072993530866,-0.14036748393530868
130906,2025,0.080729167,0.21777072993530866,-0.13704156293530867
130907,2021,0.705128205,0.3366896323223491,0.36843857267765084
130907,2022,0.373626374,0.3366896323223491,0.036936741677650875
130907,2023,0.205175601,0.3366896323223491,-0.1315140313223491
130907,2024,0.112026359,0.3366896323223491,-0.2246632733223491
130907,2025,0.086642599,0.3366896323223491,-0.2500470333223491
130908,2021,0.463687151,0.21603427722748583,0.2476528737725142
130908,2022,0.247933884,0.21603427722748583,0.03189960677251416
130908,2023,0.176861702,0.21603427722748583,-0.03917257522748582
130908,2024,0.174816626,0.21603427722748583,-0.04121765122748583
130908,2025,0.17515528,0.21603427722748583,-0.040878997227485836
131001,2021,0.444444444,0.36138558793757347,0.08305885606242652
131001,2022,0.45,0.36138558793757347,0.08861441206242654
131001,2023,0.42,0.36138558793757347,0.05861441206242651
131001,2024,0.27672209,0.36138558793757347,-0.0846634979375735
131001,2025,0.138655462,0.36138558793757347,-0.22273012593757346
131002,2021,1.0,0.38179251404165726,0.6182074859583427
131002,2022,0.789473684,0.38179251404165726,0.4076811699583427
131002,2023,0.571428571,0.38179251404165726,0.18963605695834274
131002,2024,0.428571429,0.38179251404165726,0.04677891495834274
131002,2025,0.304545455,0.38179251404165726,-0.07724705904165724
131003,2021,0.25,0.2903125115750296,-0.040312511575029575
131003,2022,0.25,0.2903125115750296,-0.040312511575029575
131003,2023,0.310344828,0.2903125115750296,0.020032316424970442
131003,2024,0.322916667,0.2903125115750296,0.032604155424970416
131003,2025,0.382352941,0.2903125115750296,0.09204042942497043
131004,2021,0.954545455,0.29105347266648246,0.6634919823335175
131004,2022,1.0,0.29105347266648246,0.7089465273335176
131004,2023,0.741935484,0.29105347266648246,0.4508820113335175
131004,2024,0.315789474,0.29105347266648246,0.024736001333517554
131004,2025,0.219512195,0.29105347266648246,-0.07154127766648247
131005,2021,0.428571429,0.2433968055960234,0.1851746234039766
131005,2022,0.9,0.2433968055960234,0.6566031944039766
131005,2023,0.736842105,0.2433968055960234,0.49344529940397663
131005,2024,0.176470588,0.2433968055960234,-0.06692621759602338
131005,2025,0.153846154,0.2433968055960234,-0.08955065159602338
131006,2021,1.0,0.33262800627015865,0.6673719937298414
131006,2022,1.0,0.33262800627015865,0.6673719937298414
131006,2023,0.631578947,0.33262800627015865,0.2989509407298413
131006,2024,0.553191489,0.33262800627015865,0.2205634827298414
131006,2025,0.450657895,0.33262800627015865,0.11802988872984133
131007,2021,0.888888889,0.3256518893651339,0.5632369996348661
131007,2022,0.408163265,0.3256518893651339,0.0825113756348661
131007,2023,0.491803279,0.3256518893651339,0.1661513896348661
131007,2024,0.164835165,0.3256518893651339,-0.1608167243651339
131007,2025,0.114942529,0.3256518893651339,-0.21070936036513388
131008,2021,0.741935484,0.3413246870218972,0.40061079697810276
131008,2022,0.869565217,0.3413246870218972,0.5282405299781028
131008,2023,0.84375,0.3413246870218972,0.5024253129781028
131008,2024,0.381818182,0.3413246870218972,0.040493494978102784
131008,2025,0.220779221,0.3413246870218972,-0.12054546602189722
131101,2021,0.483146067,0.2602835954280111,0.2228624715719889
131101,2022,0.322916667,0.2602835954280111,0.06263307157198889
131101,2023,0.311046512,0.2602835954280111,0.05076291657198889
131101,2024,0.356164384,0.2602835954280111,0.0958807885719889
131101,2025,0.245145631,0.2602835954280111,-0.015137964428011103
131102,2021,1.0,0.19365186228371326,0.8063481377162868
131102,2022,0.666666667,0.19365186228371326,0.47301480471628676
131102,2023,0.277777778,0.19365186228371326,0.08412591571628672
131102,2024,0.377777778,0.19365186228371326,0.18412591571628675
131102,2025,0.371900826,0.19365186228371326,0.17824896371628676
131103,2021,0.692307692,0.2826475225620319,0.40966016943796807
131103,2022,0.551724138,0.2826475225620319,0.26907661543796807
131103,2023,0.310344828,0.2826475225620319,0.02769730543796811
131103,2024,0.402985075,0.2826475225620319,0.12033755243796812
131103,2025,0.31372549,0.2826475225620319,0.03107796743796809
131104,2021,0.29,0.19415845654320457,0.09584154345679541
131104,2022,0.36036036,0.19415845654320457,0.16620190345679542
131104,2023,0.252279635,0.19415845654320457,0.05812117845679543
131104,2024,0.259259259,0.19415845654320457,0.06510080245679545
131104,2025,0.342028986,0.19415845654320457,0.1478705294567954
131201,2021,0.279214987,0.15005310212143783,0.1291618848785622
131201,2022,0.254201681,0.15005310212143783,0.10414857887856219
131201,2023,0.112968592,0.15005310212143783,-0.03708451012143782
131201,2024,0.08764736,0.15005310212143783,-0.06240574212143783
131201,2025,0.104058273,0.15005310212143783,-0.04599482912143782
131202,2021,0.265082267,0.1377228880547283,0.1273593789452717
131202,2022,0.221633086,0.1377228880547283,0.08391019794527171
131202,2023,0.117487818,0.1377228880547283,-0.0202350700547283
131202,2024,0.072806472,0.1377228880547283,-0.0649164160547283
131202,2025,0.087752525,0.1377228880547283,-0.049970363054728295
131203,2021,0.160427807,0.1566624014210548,0.003765405578945197
131203,2022,0.026666667,0.1566624014210548,-0.1299957344210548
131203,2023,0.014336918,0.1566624014210548,-0.1423254834210548
131203,2024,0.035971223,0.1566624014210548,-0.12069117842105481
131203,2025,0.00896861,0.1566624014210548,-0.14769379142105482
140101,2021,0.27008478,0.15147116792140006,0.11861361207859997
140101,2022,0.198529412,0.15147116792140006,0.04705824407859993
140101,2023,0.178418803,0.15147116792140006,0.02694763507859993
140101,2024,0.085207396,0.15147116792140006,-0.06626377192140005
140101,2025,0.086441097,0.15147116792140006,-0.06503007092140006
140102,2021,0.178082192,0.13851326343407083,0.03956892856592917
140102,2022,0.205882353,0.13851326343407083,0.06736908956592916
140102,2023,0.18766756,0.13851326343407083,0.04915429656592918
140102,2024,0.13832853,0.13851326343407083,-0.00018473343407082732
140102,2025,0.10467706,0.13851326343407083,-0.03383620343407083
140103,2021,0.182389937,0.16051036057183438,0.021879576428165626
140103,2022,0.284883721,0.16051036057183438,0.1243733604281656
140103,2023,0.143661972,0.16051036057183438,-0.016848388571834377
140103,2024,0.076271186,0.16051036057183438,-0.08423917457183437
140103,2025,0.033149171,0.16051036057183438,-0.12736118957183437
140104,2021,0.153846154,0.15105856541028806,0.0027875885897119534
140104,2022,0.16,0.15105856541028806,0.008941434589711944
140104,2023,0.117647059,0.15105856541028806,-0.03341150641028806
140104,2024,0.066666667,0.15105856541028806,-0.08439189841028806
140104,2025,0.125,0.15105856541028806,-0.02605856541028806
140105,2021,0.189265537,0.16862854930404297,0.020636987695957038
140105,2022,0.185724186,0.16862854930404297,0.01709563669595704
140105,2023,0.162459162,0.16862854930404297,-0.006169387304042984
140105,2024,0.105232558,0.16862854930404297,-0.06339599130404297
140105,2025,0.067865429,0.16862854930404297,-0.10076312030404297
140106,2021,0.18718593,0.13745480787758263,0.04973112212241737
140106,2022,0.097240473,0.13745480787758263,-0.040214334877582636
140106,2023,0.100362131,0.13745480787758263,-0.03709267687758264
140106,2024,0.039205703,0.13745480787758263,-0.09824910487758262
140106,2025,0.046712803,0.13745480787758263,-0.09074200487758263
140107,2021,0.072874494,0.13695184611070374,-0.06407735211070374
140107,2022,0.114285714,0.13695184611070374,-0.022666132110703743
140107,2023,0.112676056,0.13695184611070374,-0.024275790110703743
140107,2024,0.063122924,0.13695184611070374,-0.07382892211070374
140107,2025,0.066473988,0.13695184611070374,-0.07047785811070374
140108,2021,0.246498599,0.1365899232153682,0.10990867578463182
140108,2022,0.183937824,0.1365899232153682,0.0473479007846318
140108,2023,0.093250444,0.1365899232153682,-0.043339479215368196
140108,2024,0.069078947,0.1365899232153682,-0.0675109762153682
140108,2025,0.058554437,0.1365899232153682,-0.0780354862153682
140109,2021,0.5,0.17322609097699124,0.32677390902300874
140109,2022,0.117647059,0.17322609097699124,-0.05557903197699124
140109,2023,0.25,0.17322609097699124,0.07677390902300876
140109,2024,0.133333333,0.17322609097699124,-0.03989275797699124
140109,2025,0.153846154,0.17322609097699124,-0.019379936976991224
140110,2021,0.465648855,0.1485410229607995,0.31710783203920045
140110,2022,0.4,0.1485410229607995,0.2514589770392005
140110,2023,0.323420074,0.1485410229607995,0.1748790510392005
140110,2024,0.097345133,0.1485410229607995,-0.05119588996079949
140110,2025,0.164948454,0.1485410229607995,0.016407431039200504
140111,2021,0.085889571,0.16211581669462913,-0.07622624569462913
140111,2022,0.208333333,0.16211581669462913,0.04621751630537088
140111,2023,0.174698795,0.16211581669462913,0.012582978305370862
140111,2024,0.144444444,0.16211581669462913,-0.017671372694629123
140111,2025,0.201117318,0.16211581669462913,0.03900150130537086
140112,2021,0.212355212,0.14353382532600284,0.06882138667399715
140112,2022,0.276470588,0.14353382532600284,0.13293676267399718
140112,2023,0.199630314,0.14353382532600284,0.056096488673997164
140112,2024,0.211538462,0.14353382532600284,0.06800463667399717
140112,2025,0.167394469,0.14353382532600284,0.02386064367399715
140113,2021,0.207142857,0.13537482481655536,0.07176803218344466
140113,2022,0.234782609,0.13537482481655536,0.09940778418344465
140113,2023,0.159929701,0.13537482481655536,0.02455487618344465
140113,2024,0.110902256,0.13537482481655536,-0.02447256881655535
140113,2025,0.084033613,0.13537482481655536,-0.05134121181655536
140114,2021,0.028571429,0.14181337946656997,-0.11324195046656997
140114,2022,0.210227273,0.14181337946656997,0.06841389353343003
140114,2023,0.118421053,0.14181337946656997,-0.023392326466569968
140114,2024,0.082840237,0.14181337946656997,-0.05897314246656997
140114,2025,0.072423398,0.14181337946656997,-0.06938998146656997
140115,2021,0.414414414,0.15922683759321477,0.25518757640678524
140115,2022,0.322916667,0.15922683759321477,0.16368982940678523
140115,2023,0.138801262,0.15922683759321477,-0.020425575593214756
140115,2024,0.12195122,0.15922683759321477,-0.037275617593214766
140115,2025,0.106824926,0.15922683759321477,-0.052401911593214764
140116,2021,0.215686275,0.1539480547679941,0.0617382202320059
140116,2022,0.9,0.1539480547679941,0.7460519452320059
140116,2023,0.307692308,0.1539480547679941,0.1537442532320059
140116,2024,0.015706806,0.1539480547679941,-0.13824124876799412
140116,2025,0.043771044,0.1539480547679941,-0.1101770107679941
140117,2021,0.467532468,0.16388978790463876,0.3036426800953612
140117,2022,0.333333333,0.16388978790463876,0.16944354509536125
140117,2023,0.183636364,0.16388978790463876,0.019746576095361235
140117,2024,0.067375887,0.16388978790463876,-0.09651390090463877
140117,2025,0.102362205,0.16388978790463876,-0.061527582904638764
140118,2021,0.291666667,0.1351888828890651,0.15647778411093488
140118,2022,0.43776824,0.1351888828890651,0.30257935711093487
140118,2023,0.333333333,0.1351888828890651,0.1981444501109349
140118,2024,0.083657588,0.1351888828890651,-0.051531294889065105
140118,2025,0.178794179,0.1351888828890651,0.04360529611093489
140119,2021,0.131578947,0.1311314582688455,0.00044748873115449395
140119,2022,0.260869565,0.1311314582688455,0.12973810673115452
140119,2023,0.155405405,0.1311314582688455,0.02427394673115449
140119,2024,0.06122449,0.1311314582688455,-0.06990696826884552
140119,2025,0.057377049,0.1311314582688455,-0.07375440926884551
140120,2021,0.284023669,0.15753994634250504,0.12648372265749494
140120,2022,0.401162791,0.15753994634250504,0.24362284465749498
140120,2023,0.274058577,0.15753994634250504,0.11651863065749499
140120,2024,0.194508009,0.15753994634250504,0.03696806265749497
140120,2025,0.177966102,0.15753994634250504,0.02042615565749495
140201,2021,0.225680934,0.1525610836017901,0.0731198503982099
140201,2022,0.222222222,0.1525610836017901,0.0696611383982099
140201,2023,0.246433204,0.1525610836017901,0.09387212039820989
140201,2024,0.143854749,0.1525610836017901,-0.0087063346017901
140201,2025,0.178117048,0.1525610836017901,0.025555964398209896
140202,2021,0.835125448,0.23330680200289375,0.6018186459971062
140202,2022,0.763864043,0.23330680200289375,0.5305572409971062
140202,2023,0.658615137,0.23330680200289375,0.4253083349971062
140202,2024,0.794223827,0.23330680200289375,0.5609170249971063
140202,2025,0.741776316,0.23330680200289375,0.5084695139971063
140203,2021,0.976618705,0.3789574081688133,0.5976612968311867
140203,2022,0.980392157,0.3789574081688133,0.6014347488311867
140203,2023,0.88381201,0.3789574081688133,0.5048546018311867
140203,2024,0.910591472,0.3789574081688133,0.5316340638311867
140203,2025,0.777941176,0.3789574081688133,0.3989837678311867
140204,2021,0.170212766,0.16975368785240694,0.00045907814759305055
140204,2022,0.362318841,0.16975368785240694,0.19256515314759307
140204,2023,0.180722892,0.16975368785240694,0.010969204147593059
140204,2024,0.104575163,0.16975368785240694,-0.06517852485240694
140204,2025,0.109756098,0.16975368785240694,-0.05999758985240694
140205,2021,0.251633987,0.1647165988743771,0.08691738812562291
140205,2022,0.291666667,0.1647165988743771,0.1269500681256229
140205,2023,0.201567749,0.1647165988743771,0.0368511501256229
140205,2024,0.132858837,0.1647165988743771,-0.03185776187437708
140205,2025,0.132432432,0.1647165988743771,-0.0322841668743771
140206,2021,0.113636364,0.13726118733956538,-0.02362482333956538
140206,2022,0.295302013,0.13726118733956538,0.1580408256604346
140206,2023,0.045908184,0.13726118733956538,-0.09135300333956539
140206,2024,0.001937984,0.13726118733956538,-0.13532320333956538
140206,2025,0.005471956,0.13726118733956538,-0.13178923133956538
140301,2021,0.308510638,0.14522373060189822,0.16328690739810178
140301,2022,0.315789474,0.14522373060189822,0.1705657433981018
140301,2023,0.238369305,0.14522373060189822,0.09314557439810178
140301,2024,0.250462107,0.14522373060189822,0.10523837639810177
140301,2025,0.171154724,0.14522373060189822,0.025930993398101787
140302,2021,0.068181818,0.15961887994222396,-0.09143706194222395
140302,2022,0.307692308,0.15961887994222396,0.14807342805777607
140302,2023,0.153846154,0.15961887994222396,-0.005772725942223944
140302,2024,0.079365079,0.15961887994222396,-0.08025380094222395
140302,2025,0.075757576,0.15961887994222396,-0.08386130394222396
140303,2021,0.464052288,0.14633793181711832,0.3177143561828817
140303,2022,0.471014493,0.14633793181711832,0.3246765611828817
140303,2023,0.365339578,0.14633793181711832,0.21900164618288168
140303,2024,0.149746193,0.14633793181711832,0.003408261182881678
140303,2025,0.089834515,0.14633793181711832,-0.05650341681711832
140304,2021,0.277078086,0.14362164707432992,0.13345643892567008
140304,2022,0.319548872,0.14362164707432992,0.17592722492567006
140304,2023,0.283687943,0.14362164707432992,0.14006629592567008
140304,2024,0.17721519,0.14362164707432992,0.03359354292567007
140304,2025,0.045833333,0.14362164707432992,-0.09778831407432992
140305,2021,0.222426471,0.1592330381422373,0.06319343285776269
140305,2022,0.146666667,0.1592330381422373,-0.012566371142237298
140305,2023,0.127272727,0.1592330381422373,-0.031960311142237297
140305,2024,0.088983051,0.1592330381422373,-0.0702499871422373
140305,2025,0.050128535,0.1592330381422373,-0.1091045031422373
140306,2021,0.364461738,0.1484772530303895,0.21598448496961048
140306,2022,0.444585987,0.1484772530303895,0.2961087339696105
140306,2023,0.345439538,0.1484772530303895,0.1969622849696105
140306,2024,0.235876157,0.1484772530303895,0.0873989039696105
140306,2025,0.174025974,0.1484772530303895,0.0255487209696105
140307,2021,0.334507042,0.1766947834142793,0.15781225858572068
140307,2022,0.372360845,0.1766947834142793,0.1956660615857207
140307,2023,0.461091754,0.1766947834142793,0.2843969705857207
140307,2024,0.175985335,0.1766947834142793,-0.0007094484142793067
140307,2025,0.100798403,0.1766947834142793,-0.0758963804142793
140308,2021,0.363211224,0.15710560849326677,0.20610561550673323
140308,2022,0.289237668,0.15710560849326677,0.13213205950673323
140308,2023,0.210391823,0.15710560849326677,0.05328621450673324
140308,2024,0.137327678,0.15710560849326677,-0.01977793049326676
140308,2025,0.097701149,0.15710560849326677,-0.05940445949326677
140309,2021,0.204724409,0.16576112504871712,0.03896328395128287
140309,2022,0.227272727,0.16576112504871712,0.061511601951282885
140309,2023,0.233449477,0.16576112504871712,0.06768835195128287
140309,2024,0.077419355,0.16576112504871712,-0.08834177004871713
140309,2025,0.103125,0.16576112504871712,-0.06263612504871713
140310,2021,0.359375,0.16868005556651947,0.19069494443348053
140310,2022,0.347826087,0.16868005556651947,0.17914603143348054
140310,2023,0.297504798,0.16868005556651947,0.12882474243348055
140310,2024,0.186746988,0.16868005556651947,0.018066932433480537
140310,2025,0.162886598,0.16868005556651947,-0.005793457566519472
140311,2021,0.377104377,0.13314784624683784,0.24395653075316215
140311,2022,0.402366864,0.13314784624683784,0.26921901775316215
140311,2023,0.260945709,0.13314784624683784,0.12779786275316218
140311,2024,0.127064803,0.13314784624683784,-0.006083043246837838
140311,2025,0.079738562,0.13314784624683784,-0.05340928424683784
140312,2021,0.235785953,0.1546500469594766,0.0811359060405234
140312,2022,0.272727273,0.1546500469594766,0.1180772260405234
140312,2023,0.203073546,0.1546500469594766,0.0484234990405234
140312,2024,0.115572968,0.1546500469594766,-0.0390770789594766
140312,2025,0.048109966,0.1546500469594766,-0.10654008095947659
150101,2021,0.180512422,0.16125644861524857,0.019255973384751435
150101,2022,0.200581395,0.16125644861524857,0.039324946384751425
150101,2023,0.192263936,0.16125644861524857,0.031007487384751425
150101,2024,0.140035907,0.16125644861524857,-0.021220541615248584
150101,2025,0.152526215,0.16125644861524857,-0.008730233615248578
150102,2021,0.294736842,0.16042464565038947,0.13431219634961053
150102,2022,0.285251216,0.16042464565038947,0.1248265703496105
150102,2023,0.263117284,0.16042464565038947,0.10269263834961054
150102,2024,0.154241645,0.16042464565038947,-0.0061830006503894586
150102,2025,0.135444744,0.16042464565038947,-0.024979901650389463
150103,2021,0.261593341,0.1723491965947746,0.08924414440522538
150103,2022,0.273978889,0.1723491965947746,0.1016296924052254
150103,2023,0.208966638,0.1723491965947746,0.03661744140522541
150103,2024,0.153824496,0.1723491965947746,-0.018524700594774596
150103,2025,0.10886028,0.1723491965947746,-0.0634889165947746
150104,2021,0.17826087,0.15445758031262471,0.023803289687375273
150104,2022,0.268292683,0.15445758031262471,0.11383510268737526
150104,2023,0.25,0.15445758031262471,0.09554241968737529
150104,2024,0.116022099,0.15445758031262471,-0.03843548131262471
150104,2025,0.10472973,0.15445758031262471,-0.04972785031262472
150105,2021,0.150127226,0.1872682114405336,-0.0371409854405336
150105,2022,0.184510251,0.1872682114405336,-0.0027579604405336133
150105,2023,0.195739015,0.1872682114405336,0.008470803559466389
150105,2024,0.123755334,0.1872682114405336,-0.0635128774405336
150105,2025,0.117985612,0.1872682114405336,-0.0692825994405336
150106,2021,0.244395516,0.1725035716892057,0.07189194431079432
150106,2022,0.288806758,0.1725035716892057,0.11630318631079431
150106,2023,0.242633229,0.1725035716892057,0.07012965731079432
150106,2024,0.149001068,0.1725035716892057,-0.0235025036892057
150106,2025,0.119100063,0.1725035716892057,-0.05340350868920568
150107,2021,0.245098039,0.24792352788350966,-0.002825488883509669
150107,2022,0.311909263,0.24792352788350966,0.06398573511649033
150107,2023,0.239083751,0.24792352788350966,-0.008839776883509648
150107,2024,0.214226634,0.24792352788350966,-0.03369689388350966
150107,2025,0.304347826,0.24792352788350966,0.05642429811649033
150108,2021,0.284267913,0.1705182015345064,0.11374971146549359
150108,2022,0.328755365,0.1705182015345064,0.15823716346549363
150108,2023,0.277587891,0.1705182015345064,0.10706968946549358
150108,2024,0.15321664,0.1705182015345064,-0.017301561534506404
150108,2025,0.137366725,0.1705182015345064,-0.0331514765345064
150109,2021,0.146596859,0.17630252486574288,-0.029705665865742886
150109,2022,0.31443299,0.17630252486574288,0.13813046513425714
150109,2023,0.190684134,0.17630252486574288,0.014381609134257123
150109,2024,0.176312248,0.17630252486574288,9.723134257122457e-06
150109,2025,0.124818578,0.17630252486574288,-0.05148394686574288
150110,2021,0.217055353,0.16448030203148542,0.052575050968514586
150110,2022,0.258802422,0.16448030203148542,0.09432211996851456
150110,2023,0.200215028,0.16448030203148542,0.03573472596851457
150110,2024,0.128136617,0.16448030203148542,-0.03634368503148541
150110,2025,0.124776759,0.16448030203148542,-0.03970354303148542
150111,2021,0.252533441,0.16060022696596016,0.09193321403403987
150111,2022,0.286546302,0.16060022696596016,0.12594607503403982
150111,2023,0.266032417,0.16060022696596016,0.10543219003403986
150111,2024,0.188135038,0.16060022696596016,0.027534811034039847
150111,2025,0.159827929,0.16060022696596016,-0.0007722979659601503
150112,2021,0.264472641,0.1623917335921504,0.10208090740784961
150112,2022,0.287069396,0.1623917335921504,0.12467766240784958
150112,2023,0.268315018,0.1623917335921504,0.10592328440784962
150112,2024,0.153404194,0.1623917335921504,-0.008987539592150401
150112,2025,0.098269287,0.1623917335921504,-0.0641224465921504
150113,2021,0.10653753,0.16620399908876982,-0.05966646908876981
150113,2022,0.131067961,0.16620399908876982,-0.035136038088769805
150113,2023,0.169761273,0.16620399908876982,0.0035572739112301743
150113,2024,0.056372549,0.16620399908876982,-0.10983145008876982
150113,2025,0.096418733,0.16620399908876982,-0.06978526608876981
150114,2021,0.089285714,0.1658583518814397,-0.07657263788143968
150114,2022,0.105113636,0.1658583518814397,-0.06074471588143969
150114,2023,0.07486631,0.1658583518814397,-0.09099204188143968
150114,2024,0.05465288,0.1658583518814397,-0.11120547188143969
150114,2025,0.057563588,0.1658583518814397,-0.10829476388143969
150115,2021,0.157028679,0.15952662101849893,-0.0024979420184989276
150115,2022,0.186910006,0.15952662101849893,0.027383384981501058
150115,2023,0.198041834,0.15952662101849893,0.03851521298150107
150115,2024,0.114308877,0.15952662101849893,-0.04521774401849893
150115,2025,0.11754386,0.15952662101849893,-0.04198276101849893
150116,2021,0.1352657,0.18470500280201943,-0.04943930280201944
150116,2022,0.243243243,0.18470500280201943,0.05853824019798057
150116,2023,0.14527027,0.18470500280201943,-0.03943473280201942
150116,2024,0.049853372,0.18470500280201943,-0.13485163080201942
150116,2025,0.018126888,0.18470500280201943,-0.16657811480201942
150117,2021,0.192653673,0.16250870799578443,0.030144965004215568
150117,2022,0.243533625,0.16250870799578443,0.08102491700421557
150117,2023,0.180468304,0.16250870799578443,0.017959596004215567
150117,2024,0.103281853,0.16250870799578443,-0.05922685499578442
150117,2025,0.09671381,0.16250870799578443,-0.06579489799578443
150118,2021,0.333604777,0.24469037395291496,0.08891440304708506
150118,2022,0.349879352,0.24469037395291496,0.10518897804708502
150118,2023,0.295306732,0.24469037395291496,0.05061635804708506
150118,2024,0.395874653,0.24469037395291496,0.15118427904708506
150118,2025,0.447315705,0.24469037395291496,0.20262533104708505
150119,2021,0.27382199,0.14474566581996093,0.1290763241800391
150119,2022,0.27034678,0.14474566581996093,0.12560111418003908
150119,2023,0.195143488,0.14474566581996093,0.050397822180039076
150119,2024,0.137960954,0.14474566581996093,-0.006784711819960931
150119,2025,0.1173894,0.14474566581996093,-0.027356265819960923
150120,2021,0.162790698,0.17884039589154344,-0.016049697891543424
150120,2022,0.238770686,0.17884039589154344,0.059930290108456574
150120,2023,0.181058496,0.17884039589154344,0.0022181001084565777
150120,2024,0.07483871,0.17884039589154344,-0.10400168589154343
150120,2025,0.065217391,0.17884039589154344,-0.11362300489154344
150122,2021,0.121212121,0.16374071777880822,-0.042528596778808214
150122,2022,0.124203822,0.16374071777880822,-0.039536895778808215
150122,2023,0.109704641,0.16374071777880822,-0.054036076778808215
150122,2024,0.107526882,0.16374071777880822,-0.056213835778808216
150122,2025,0.148148148,0.16374071777880822,-0.015592569778808213
150123,2021,0.311678268,0.1588005548337447,0.15287771316625529
150123,2022,0.310938368,0.1588005548337447,0.15213781316625533
150123,2023,0.187804253,0.1588005548337447,0.02900369816625531
150123,2024,0.09603073,0.1588005548337447,-0.0627698248337447
150123,2025,0.056239508,0.1588005548337447,-0.1025610468337447
150124,2021,0.29,0.1591394616825173,0.13086053831748268
150124,2022,0.340248963,0.1591394616825173,0.1811095013174827
150124,2023,0.229787234,0.1591394616825173,0.0706477723174827
150124,2024,0.108163265,0.1591394616825173,-0.05097619668251731
150124,2025,0.116935484,0.1591394616825173,-0.042203977682517296
150125,2021,0.303876389,0.1598518884001714,0.14402450059982863
150125,2022,0.31556196,0.1598518884001714,0.15571007159982858
150125,2023,0.228196942,0.1598518884001714,0.06834505359982862
150125,2024,0.127736651,0.1598518884001714,-0.03211523740017139
150125,2025,0.095391705,0.1598518884001714,-0.0644601834001714
150126,2021,0.378698225,0.16302067452448288,0.21567755047551712
150126,2022,0.252336449,0.16302067452448288,0.08931577447551714
150126,2023,0.063106796,0.16302067452448288,-0.09991387852448287
150126,2024,0.045454545,0.16302067452448288,-0.11756612952448288
150126,2025,0.101123596,0.16302067452448288,-0.06189707852448288
150127,2021,0.230088496,0.16041524339212815,0.06967325260787186
150127,2022,0.140350877,0.16041524339212815,-0.020064366392128136
150127,2023,0.026737968,0.16041524339212815,-0.13367727539212815
150127,2024,0.009174312,0.16041524339212815,-0.15124093139212816
150127,2025,0.027027027,0.16041524339212815,-0.13338821639212814
150128,2021,0.253250774,0.14551779207502902,0.107732981924971
150128,2022,0.321533923,0.14551779207502902,0.17601613092497098
150128,2023,0.190723434,0.14551779207502902,0.04520564192497098
150128,2024,0.120489904,0.14551779207502902,-0.025027888075029023
150128,2025,0.109606705,0.14551779207502902,-0.03591108707502902
150129,2021,0.257525084,0.13703895901189295,0.12048612498810707
150129,2022,0.243902439,0.13703895901189295,0.10686347998810705
150129,2023,0.195906433,0.13703895901189295,0.058867473988107044
150129,2024,0.10543131,0.13703895901189295,-0.031607649011892947
150129,2025,0.09352518,0.13703895901189295,-0.04351377901189295
150130,2021,0.033816425,0.17754251087753312,-0.1437260858775331
150130,2022,0.205202312,0.17754251087753312,0.02765980112246688
150130,2023,0.194823868,0.17754251087753312,0.017281357122466895
150130,2024,0.123791103,0.17754251087753312,-0.05375140787753312
150130,2025,0.129318855,0.17754251087753312,-0.048223655877533106
150131,2021,0.058823529,0.16101014000860903,-0.10218661100860903
150131,2022,0.223076923,0.16101014000860903,0.062066782991390984
150131,2023,0.089928058,0.16101014000860903,-0.07108208200860902
150131,2024,0.065420561,0.16101014000860903,-0.09558957900860902
150131,2025,0.080645161,0.16101014000860903,-0.08036497900860902
150132,2021,0.145165401,0.16187897881170324,-0.01671357781170324
150132,2022,0.191010443,0.16187897881170324,0.029131464188296763
150132,2023,0.164877815,0.16187897881170324,0.002998836188296772
150132,2024,0.094550968,0.16187897881170324,-0.06732801081170324
150132,2025,0.082075949,0.16187897881170324,-0.07980302981170324
150133,2021,0.180144642,0.1716624616036937,0.0084821803963063
150133,2022,0.238754325,0.1716624616036937,0.0670918633963063
150133,2023,0.182753022,0.1716624616036937,0.011090560396306293
150133,2024,0.097687263,0.1716624616036937,-0.0739751986036937
150133,2025,0.08992189,0.1716624616036937,-0.08174057160369369
150134,2021,0.251798561,0.15997404723690703,0.09182451376309295
150134,2022,0.338935574,0.15997404723690703,0.178961526763093
150134,2023,0.252906977,0.15997404723690703,0.09293292976309295
150134,2024,0.196936543,0.15997404723690703,0.03696249576309296
150134,2025,0.119305857,0.15997404723690703,-0.04066819023690703
150135,2021,0.229442971,0.14259645494821152,0.08684651605178847
150135,2022,0.256585366,0.14259645494821152,0.11398891105178846
150135,2023,0.212389381,0.14259645494821152,0.06979292605178847
150135,2024,0.125155473,0.14259645494821152,-0.01744098194821153
150135,2025,0.10302263,0.14259645494821152,-0.03957382494821152
150136,2021,0.099875156,0.15322698455628542,-0.05335182855628541
150136,2022,0.134375,0.15322698455628542,-0.018851984556285423
150136,2023,0.189189189,0.15322698455628542,0.03596220444371459
150136,2024,0.08255814,0.15322698455628542,-0.07066884455628542
150136,2025,0.062590975,0.15322698455628542,-0.09063600955628542
150137,2021,0.254043768,0.1619960363218073,0.09204773167819269
150137,2022,0.207920792,0.1619960363218073,0.04592475567819268
150137,2023,0.180318703,0.1619960363218073,0.018322666678192684
150137,2024,0.092213115,0.1619960363218073,-0.06978292132180731
150137,2025,0.097568389,0.1619960363218073,-0.06442764732180731
150138,2021,0.1875,0.15220982732871505,0.03529017267128495
150138,2022,0.235294118,0.15220982732871505,0.08308429067128495
150138,2023,0.136363636,0.15220982732871505,-0.015846191328715037
150138,2024,0.333333333,0.15220982732871505,0.18112350567128496
150138,2025,0.129032258,0.15220982732871505,-0.023177569328715036
150139,2021,0.295833333,0.1906636653618698,0.10516966763813018
150139,2022,0.369649805,0.1906636653618698,0.1789861396381302
150139,2023,0.250841751,0.1906636653618698,0.06017808563813021
150139,2024,0.143081761,0.1906636653618698,-0.04758190436186979
150139,2025,0.105919003,0.1906636653618698,-0.0847446623618698
150140,2021,0.147118301,0.1642128237574739,-0.01709452275747389
150140,2022,0.21481985,0.1642128237574739,0.05060702624252611
150140,2023,0.165233415,0.1642128237574739,0.0010205912425260977
150140,2024,0.07482108,0.1642128237574739,-0.0893917437574739
150140,2025,0.0752,0.1642128237574739,-0.0890128237574739
150141,2021,0.135761589,0.18562260254876703,-0.04986101354876704
150141,2022,0.147157191,0.18562260254876703,-0.03846541154876704
150141,2023,0.173410405,0.18562260254876703,-0.01221219754876704
150141,2024,0.078553616,0.18562260254876703,-0.10706898654876702
150141,2025,0.098360656,0.18562260254876703,-0.08726194654876702
150142,2021,0.228610541,0.16586576709115272,0.06274477390884728
150142,2022,0.21333869,0.16586576709115272,0.047472922908847276
150142,2023,0.165138693,0.16586576709115272,-0.0007270740911527185
150142,2024,0.091226883,0.16586576709115272,-0.07463888409115273
150142,2025,0.069982283,0.16586576709115272,-0.09588348409115272
150143,2021,0.2378385,0.16605073909266754,0.07178776090733247
150143,2022,0.262975779,0.16605073909266754,0.09692503990733248
150143,2023,0.16957606,0.16605073909266754,0.0035253209073324576
150143,2024,0.0917481,0.16605073909266754,-0.07430263909266754
150143,2025,0.084928746,0.16605073909266754,-0.08112199309266754
150201,2021,0.082202713,0.14157648359084918,-0.05937377059084918
150201,2022,0.100263852,0.14157648359084918,-0.04131263159084918
150201,2023,0.062829989,0.14157648359084918,-0.07874649459084918
150201,2024,0.037460978,0.14157648359084918,-0.10411550559084917
150201,2025,0.035472092,0.14157648359084918,-0.10610439159084918
150202,2021,0.104761905,0.1474252414722053,-0.042663336472205285
150202,2022,0.116465863,0.1474252414722053,-0.030959378472205284
150202,2023,0.049800797,0.1474252414722053,-0.09762444447220528
150202,2024,0.027956989,0.1474252414722053,-0.11946825247220529
150202,2025,0.004376368,0.1474252414722053,-0.1430488734722053
150203,2021,0.03902439,0.1364647364388967,-0.09744034643889671
150203,2022,0.080246914,0.1364647364388967,-0.0562178224388967
150203,2023,0.05893186,0.1364647364388967,-0.0775328764388967
150203,2024,0.022088353,0.1364647364388967,-0.1143763834388967
150203,2025,0.01084991,0.1364647364388967,-0.1256148264388967
150204,2021,0.072052402,0.14364363088513332,-0.07159122888513332
150204,2022,0.09602649,0.14364363088513332,-0.047617140885133316
150204,2023,0.080777096,0.14364363088513332,-0.06286653488513332
150204,2024,0.044670051,0.14364363088513332,-0.09897357988513332
150204,2025,0.053459119,0.14364363088513332,-0.09018451188513332
150205,2021,0.078125,0.1406457650168019,-0.0625207650168019
150205,2022,0.085106383,0.1406457650168019,-0.055539382016801905
150205,2023,0.07918552,0.1406457650168019,-0.061460245016801904
150205,2024,0.070135747,0.1406457650168019,-0.0705100180168019
150205,2025,0.056790123,0.1406457650168019,-0.0838556420168019
150301,2021,0.071428571,0.36645145483571456,-0.29502288383571457
150301,2022,0.166666667,0.36645145483571456,-0.19978478783571457
150301,2023,0.068965517,0.36645145483571456,-0.29748593783571453
150301,2024,0.037037037,0.36645145483571456,-0.32941441783571457
150301,2025,0.272727273,0.36645145483571456,-0.09372418183571457
150302,2021,0.882352941,0.40594343608014544,0.4764095049198545
150302,2022,0.666666667,0.40594343608014544,0.26072323091985455
150302,2023,0.214285714,0.40594343608014544,-0.19165772208014545
150302,2024,0.24,0.40594343608014544,-0.16594343608014545
150302,2025,0.2,0.40594343608014544,-0.20594343608014543
150303,2021,0.191489362,0.2637870462316869,-0.07229768423168692
150303,2022,0.444444444,0.2637870462316869,0.18065739776831308
150303,2023,0.214285714,0.2637870462316869,-0.04950133223168693
150303,2024,0.101694915,0.2637870462316869,-0.16209213123168692
150303,2025,0.203125,0.2637870462316869,-0.06066204623168692
150304,2021,0.25,0.5661843904318283,-0.31618439043182833
150304,2022,0.2,0.5661843904318283,-0.3661843904318283
150304,2023,0.2,0.5661843904318283,-0.3661843904318283
150304,2024,0.307692308,0.5661843904318283,-0.2584920824318283
150304,2025,0.5,0.5661843904318283,-0.06618439043182833
150305,2021,0.458333333,0.4063849529639176,0.05194838003608243
150305,2022,0.222222222,0.4063849529639176,-0.18416273096391758
150305,2023,0.44,0.4063849529639176,0.033615047036082424
150305,2024,0.590909091,0.4063849529639176,0.18452413803608242
150305,2025,0.608695652,0.4063849529639176,0.2023106990360824
150401,2021,0.151515152,0.40375935327011997,-0.25224420127012
150401,2022,0.448275862,0.40375935327011997,0.044516508729880055
150401,2023,0.529411765,0.40375935327011997,0.12565241172988
150401,2024,0.346666667,0.40375935327011997,-0.057092686270119986
150401,2025,0.169230769,0.40375935327011997,-0.23452858427011997
150402,2021,0.5,0.4221491923781558,0.07785080762184421
150402,2022,0.0,0.4221491923781558,-0.4221491923781558
150402,2023,0.076923077,0.4221491923781558,-0.3452261153781558
150402,2024,0.461538462,0.4221491923781558,0.03938926962184419
150402,2025,0.1,0.4221491923781558,-0.32214919237815576
150403,2021,1.0,0.6189011551379953,0.38109884486200474
150403,2022,0.0,0.6189011551379953,-0.6189011551379953
150403,2023,0.090909091,0.6189011551379953,-0.5279920641379953
150403,2024,0.555555556,0.6189011551379953,-0.06334559913799531
150403,2025,0.214285714,0.6189011551379953,-0.4046154411379953
150404,2021,0.076923077,0.3701819268951556,-0.2932588498951556
150404,2022,0.142857143,0.3701819268951556,-0.22732478389515562
150404,2023,0.166666667,0.3701819268951556,-0.20351525989515562
150404,2024,0.058823529,0.3701819268951556,-0.3113583978951556
150404,2025,0.045454545,0.3701819268951556,-0.3247273818951556
150405,2021,1.0,0.385924390472222,0.614075609527778
150405,2022,1.0,0.385924390472222,0.614075609527778
150405,2023,0.833333333,0.385924390472222,0.447408942527778
150405,2024,0.615384615,0.385924390472222,0.22946022452777798
150405,2025,0.75,0.385924390472222,0.364075609527778
150406,2021,0.285714286,0.4387749557555151,-0.15306066975551513
150406,2022,1.0,0.4387749557555151,0.5612250442444848
150406,2023,0.090909091,0.4387749557555151,-0.3478658647555151
150406,2024,0.2,0.4387749557555151,-0.2387749557555151
150406,2025,0.111111111,0.4387749557555151,-0.32766384475551513
150407,2021,0.325,0.29031313237652656,0.03468686762347345
150407,2022,0.318965517,0.29031313237652656,0.028652384623473415
150407,2023,0.234636872,0.29031313237652656,-0.055676260376526565
150407,2024,0.309392265,0.29031313237652656,0.019079132623473438
150407,2025,0.278481013,0.29031313237652656,-0.011832119376526562
150501,2021,0.319148936,0.1489674986131262,0.1701814373868738
150501,2022,0.232053422,0.1489674986131262,0.08308592338687382
150501,2023,0.172684458,0.1489674986131262,0.02371695938687382
150501,2024,0.088495575,0.1489674986131262,-0.060471923613126186
150501,2025,0.080898876,0.1489674986131262,-0.0680686226131262
150502,2021,0.345945946,0.14187442675104875,0.20407151924895126
150502,2022,0.271428571,0.14187442675104875,0.12955414424895126
150502,2023,0.168831169,0.14187442675104875,0.026956742248951254
150502,2024,0.105882353,0.14187442675104875,-0.03599207375104875
150502,2025,0.082474227,0.14187442675104875,-0.05940019975104875
150503,2021,0.25,0.17025867069752862,0.07974132930247138
150503,2023,0.217391304,0.17025867069752862,0.04713263330247139
150503,2024,0.022222222,0.17025867069752862,-0.14803644869752863
150503,2025,0.066666667,0.17025867069752862,-0.10359200369752862
150504,2021,0.056768559,0.1359012877742136,-0.0791327287742136
150504,2022,0.070422535,0.1359012877742136,-0.0654787527742136
150504,2023,0.055555556,0.1359012877742136,-0.08034573177421359
150504,2024,0.035087719,0.1359012877742136,-0.10081356877421359
150504,2025,0.043771044,0.1359012877742136,-0.09213024377421358
150505,2021,0.33481153,0.1761539146636899,0.15865761533631012
150505,2022,0.154205607,0.1761539146636899,-0.02194830766368991
150505,2023,0.120543294,0.1761539146636899,-0.05561062066368991
150505,2024,0.077372263,0.1761539146636899,-0.0987816516636899
150505,2025,0.040629096,0.1761539146636899,-0.1355248186636899
150506,2021,0.222222222,0.22937210841260866,-0.007149886412608664
150506,2022,0.111111111,0.22937210841260866,-0.11826099741260866
150506,2023,0.368421053,0.22937210841260866,0.13904894458739134
150506,2024,0.052631579,0.22937210841260866,-0.17674052941260865
150506,2025,0.1875,0.22937210841260866,-0.04187210841260866
150507,2021,0.212962963,0.17393900832391535,0.03902395467608466
150507,2022,0.204868154,0.17393900832391535,0.03092914567608465
150507,2023,0.135242641,0.17393900832391535,-0.03869636732391535
150507,2024,0.099434115,0.17393900832391535,-0.07450489332391534
150507,2025,0.082412914,0.17393900832391535,-0.09152609432391534
150508,2021,0.333333333,0.1981683508302709,0.1351649821697291
150508,2022,0.290322581,0.1981683508302709,0.09215423016972912
150508,2023,0.310344828,0.1981683508302709,0.11217647716972912
150508,2024,0.066666667,0.1981683508302709,-0.1315016838302709
150508,2025,0.085106383,0.1981683508302709,-0.1130619678302709
150509,2021,0.102702703,0.1383653003760106,-0.0356625973760106
150509,2022,0.136363636,0.1383653003760106,-0.002001664376010598
150509,2023,0.105485232,0.1383653003760106,-0.03288006837601061
150509,2024,0.058635394,0.1383653003760106,-0.0797299063760106
150509,2025,0.051454139,0.1383653003760106,-0.0869111613760106
150510,2021,0.161016949,0.17989235420945515,-0.01887540520945516
150510,2022,0.164524422,0.17989235420945515,-0.015367932209455148
150510,2023,0.096296296,0.17989235420945515,-0.08359605820945515
150510,2024,0.032388664,0.17989235420945515,-0.14750369020945514
150510,2025,0.044134727,0.17989235420945515,-0.13575762720945517
150511,2021,0.325581395,0.26253393707444295,0.06304745792555705
150511,2022,0.380952381,0.26253393707444295,0.11841844392555706
150511,2023,0.271428571,0.26253393707444295,0.00889463392555706
150511,2024,0.337209302,0.26253393707444295,0.07467536492555704
150511,2025,0.304878049,0.26253393707444295,0.04234411192555704
150512,2021,0.455958549,0.1753661677525132,0.28059238124748676
150512,2022,0.425438596,0.1753661677525132,0.25007242824748677
150512,2023,0.198412698,0.1753661677525132,0.02304653024748679
150512,2024,0.141652614,0.1753661677525132,-0.0337135537525132
150512,2025,0.071550256,0.1753661677525132,-0.1038159117525132
150513,2021,0.028368794,0.15302506379511138,-0.12465626979511138
150513,2022,0.137931034,0.15302506379511138,-0.015094029795111374
150513,2023,0.133333333,0.15302506379511138,-0.019691730795111384
150513,2024,0.048543689,0.15302506379511138,-0.10448137479511138
150513,2025,0.009174312,0.15302506379511138,-0.1438507517951114
150514,2021,0.347222222,0.13292310944287203,0.214299112557128
150514,2022,0.289340102,0.13292310944287203,0.15641699255712796
150514,2023,0.146044625,0.13292310944287203,0.013121515557127983
150514,2024,0.121268657,0.13292310944287203,-0.011654452442872026
150514,2025,0.097029703,0.13292310944287203,-0.03589340644287203
150515,2021,0.285714286,0.1398986987761676,0.1458155872238324
150515,2022,0.45,0.1398986987761676,0.3101013012238324
150515,2023,0.371794872,0.1398986987761676,0.2318961732238324
150515,2024,0.219178082,0.1398986987761676,0.0792793832238324
150515,2025,0.042253521,0.1398986987761676,-0.09764517777616759
150516,2021,0.346153846,0.22715225585866694,0.11900159014133305
150516,2022,0.466666667,0.22715225585866694,0.23951441114133304
150516,2023,0.227272727,0.22715225585866694,0.00012047114133306724
150516,2024,0.403225806,0.22715225585866694,0.17607355014133308
150516,2025,0.490196078,0.22715225585866694,0.26304382214133304
150601,2021,0.188086045,0.15226787720744372,0.03581816779255628
150601,2022,0.195622435,0.15226787720744372,0.043354557792556286
150601,2023,0.105593966,0.15226787720744372,-0.04667391120744373
150601,2024,0.041260559,0.15226787720744372,-0.11100731820744372
150601,2025,0.034249019,0.15226787720744372,-0.11801885820744373
150602,2021,0.0,0.20699807082825564,-0.20699807082825564
150602,2022,1.0,0.20699807082825564,0.7930019291717444
150602,2023,0.125,0.20699807082825564,-0.08199807082825564
150602,2024,0.125,0.20699807082825564,-0.08199807082825564
150602,2025,0.142857143,0.20699807082825564,-0.06414092782825564
150603,2021,0.0,0.2522997847369047,-0.2522997847369047
150603,2022,0.0,0.2522997847369047,-0.2522997847369047
150603,2023,0.2,0.2522997847369047,-0.052299784736904664
150603,2024,0.214285714,0.2522997847369047,-0.03801407073690469
150603,2025,0.0,0.2522997847369047,-0.2522997847369047
150604,2021,0.047945205,0.1493548435508863,-0.1014096385508863
150604,2022,0.097777778,0.1493548435508863,-0.0515770655508863
150604,2023,0.069836553,0.1493548435508863,-0.0795182905508863
150604,2024,0.047694754,0.1493548435508863,-0.10166008955088629
150604,2025,0.019434629,0.1493548435508863,-0.1299202145508863
150605,2021,0.047101449,0.14683038409902385,-0.09972893509902386
150605,2022,0.093797277,0.14683038409902385,-0.053033107099023855
150605,2023,0.055479764,0.14683038409902385,-0.09135062009902385
150605,2024,0.023883697,0.14683038409902385,-0.12294668709902386
150605,2025,0.024434942,0.14683038409902385,-0.12239544209902385
150606,2021,0.533333333,0.5480364674884167,-0.014703134488416758
150606,2022,0.428571429,0.5480364674884167,-0.11946503848841672
150606,2023,0.626262626,0.5480364674884167,0.07822615851158332
150606,2024,0.575342466,0.5480364674884167,0.02730599851158333
150606,2025,0.365079365,0.5480364674884167,-0.18295710248841673
150607,2021,0.333333333,0.4109811882529168,-0.07764785525291679
150607,2023,0.2,0.4109811882529168,-0.21098118825291678
150607,2024,0.4,0.4109811882529168,-0.010981188252916774
150607,2025,0.777777778,0.4109811882529168,0.36679658974708323
150608,2021,0.0,0.35352452379403143,-0.35352452379403143
150608,2022,0.0,0.35352452379403143,-0.35352452379403143
150608,2023,0.0625,0.35352452379403143,-0.29102452379403143
150608,2024,0.055555556,0.35352452379403143,-0.2979689677940314
150608,2025,0.0625,0.35352452379403143,-0.29102452379403143
150609,2021,0.0,0.22112755672404344,-0.22112755672404344
150609,2022,0.0,0.22112755672404344,-0.22112755672404344
150609,2023,0.153846154,0.22112755672404344,-0.06728140272404343
150609,2024,0.6,0.22112755672404344,0.37887244327595654
150609,2025,0.111111111,0.22112755672404344,-0.11001644572404344
150610,2021,0.0,0.2543800616697713,-0.2543800616697713
150610,2023,0.230769231,0.2543800616697713,-0.023610830669771293
150610,2024,0.0,0.2543800616697713,-0.2543800616697713
150610,2025,0.2,0.2543800616697713,-0.054380061669771274
150611,2021,0.5,0.5631720753445315,-0.06317207534453151
150611,2022,1.0,0.5631720753445315,0.4368279246554685
150611,2023,0.5,0.5631720753445315,-0.06317207534453151
150611,2024,0.333333333,0.5631720753445315,-0.2298387423445315
150611,2025,0.444444444,0.5631720753445315,-0.11872763134453151
150612,2022,0.0,0.2916034770785655,-0.2916034770785655
150612,2023,0.0,0.2916034770785655,-0.2916034770785655
150612,2024,0.0,0.2916034770785655,-0.2916034770785655
150612,2025,0.0,0.2916034770785655,-0.2916034770785655
150701,2021,0.419354839,0.3136226056072507,0.10573223339274929
150701,2022,0.323529412,0.3136226056072507,0.009906806392749323
150701,2023,0.265151515,0.3136226056072507,-0.04847109060725069
150701,2024,0.401639344,0.3136226056072507,0.08801673839274932
150701,2025,0.369369369,0.3136226056072507,0.05574676339274931
150702,2021,0.6,0.29209467567511194,0.30790532432488804
150702,2022,0.384615385,0.29209467567511194,0.09252070932488804
150702,2023,0.326086957,0.29209467567511194,0.033992281324888074
150702,2024,0.43902439,0.29209467567511194,0.14692971432488805
150702,2025,0.25,0.29209467567511194,-0.04209467567511194
150703,2021,0.0,0.2023921758249224,-0.2023921758249224
150703,2022,0.0,0.2023921758249224,-0.2023921758249224
150703,2023,0.2,0.2023921758249224,-0.002392175824922377
150703,2024,0.166666667,0.2023921758249224,-0.0357255088249224
150703,2025,0.071428571,0.2023921758249224,-0.1309636048249224
150704,2021,1.0,0.4097926771518897,0.5902073228481103
150704,2023,0.666666667,0.4097926771518897,0.2568739898481103
150704,2024,0.4,0.4097926771518897,-0.009792677151889695
150704,2025,0.25,0.4097926771518897,-0.15979267715188972
150705,2021,0.47826087,0.48677713510107096,-0.008516265101070952
150705,2022,0.409090909,0.48677713510107096,-0.07768622610107095
150705,2023,0.447761194,0.48677713510107096,-0.03901594110107098
150705,2024,0.137254902,0.48677713510107096,-0.34952223310107094
150705,2025,0.204081633,0.48677713510107096,-0.282695502101071
150706,2021,1.0,0.3048067529753001,0.6951932470247
150706,2022,0.8,0.3048067529753001,0.49519324702469997
150706,2023,0.75,0.3048067529753001,0.4451932470246999
150706,2024,0.6,0.3048067529753001,0.2951932470246999
150706,2025,0.666666667,0.3048067529753001,0.3618599140246999
150707,2022,0.0,0.3105184058803599,-0.3105184058803599
150707,2023,0.4,0.3105184058803599,0.08948159411964013
150707,2024,0.166666667,0.3105184058803599,-0.1438517388803599
150707,2025,0.625,0.3105184058803599,0.3144815941196401
150708,2021,1.0,0.46007826582546524,0.5399217341745348
150708,2022,1.0,0.46007826582546524,0.5399217341745348
150708,2023,0.692307692,0.46007826582546524,0.23222942617453474
150708,2024,0.25,0.46007826582546524,-0.21007826582546524
150708,2025,0.0,0.46007826582546524,-0.46007826582546524
150709,2021,0.375,0.2663651448647821,0.10863485513521792
150709,2022,0.826086957,0.2663651448647821,0.5597218121352179
150709,2023,0.4375,0.2663651448647821,0.17113485513521792
150709,2024,0.210526316,0.2663651448647821,-0.055838828864782086
150709,2025,0.111111111,0.2663651448647821,-0.1552540338647821
150710,2022,0.0,0.39793513693453053,-0.39793513693453053
150710,2023,0.461538462,0.39793513693453053,0.06360332506546945
150710,2024,0.571428571,0.39793513693453053,0.17349343406546947
150710,2025,0.25,0.39793513693453053,-0.14793513693453053
150711,2021,1.0,0.20130626020594913,0.7986937397940509
150711,2022,1.0,0.20130626020594913,0.7986937397940509
150711,2023,0.4,0.20130626020594913,0.1986937397940509
150711,2024,0.391304348,0.20130626020594913,0.1899980877940509
150711,2025,0.19047619,0.20130626020594913,-0.010830070205949144
150712,2022,1.0,0.3696525683191203,0.6303474316808797
150712,2023,0.5,0.3696525683191203,0.1303474316808797
150712,2024,0.0,0.3696525683191203,-0.3696525683191203
150712,2025,0.0,0.3696525683191203,-0.3696525683191203
150713,2021,1.0,0.4670009421627968,0.5329990578372032
150713,2022,1.0,0.4670009421627968,0.5329990578372032
150713,2023,0.934782609,0.4670009421627968,0.4677816668372032
150713,2024,0.736842105,0.4670009421627968,0.2698411628372032
150713,2025,0.784313725,0.4670009421627968,0.31731278283720316
150714,2021,0.532258065,0.2510626309952351,0.2811954340047648
150714,2022,0.742424242,0.2510626309952351,0.4913616110047649
150714,2023,0.249097473,0.2510626309952351,-0.0019651579952351117
150714,2024,0.319148936,0.2510626309952351,0.06808630500476487
150714,2025,0.144628099,0.2510626309952351,-0.10643453199523512
150715,2021,0.857142857,0.41786786408559357,0.43927499291440647
150715,2022,1.0,0.41786786408559357,0.5821321359144065
150715,2023,0.58,0.41786786408559357,0.1621321359144064
150715,2024,0.5,0.41786786408559357,0.08213213591440643
150715,2025,0.617647059,0.41786786408559357,0.1997791949144065
150716,2021,0.12335958,0.475770648277884,-0.35241106827788404
150716,2022,0.201897019,0.475770648277884,-0.273873629277884
150716,2023,0.095212187,0.475770648277884,-0.380558461277884
150716,2024,0.041546451,0.475770648277884,-0.434224197277884
150716,2025,0.9492799,0.475770648277884,0.47350925172211594
150717,2021,0.0,0.29470708668728374,-0.29470708668728374
150717,2022,0.2,0.29470708668728374,-0.09470708668728373
150717,2023,0.0,0.29470708668728374,-0.29470708668728374
150717,2024,0.0,0.29470708668728374,-0.29470708668728374
150717,2025,0.0,0.29470708668728374,-0.29470708668728374
150718,2021,1.0,0.2597277761785657,0.7402722238214343
150718,2022,1.0,0.2597277761785657,0.7402722238214343
150718,2023,0.206896552,0.2597277761785657,-0.05283122417856567
150718,2024,0.184210526,0.2597277761785657,-0.07551725017856567
150718,2025,0.042553191,0.2597277761785657,-0.2171745851785657
150719,2021,0.666666667,0.3192588511914785,0.3474078158085215
150719,2023,1.0,0.3192588511914785,0.6807411488085215
150719,2024,0.333333333,0.3192588511914785,0.0140744818085215
150719,2025,0.2,0.3192588511914785,-0.1192588511914785
150720,2021,0.6,0.32279757059522446,0.2772024294047755
150720,2022,0.5,0.32279757059522446,0.17720242940477554
150720,2023,0.533333333,0.32279757059522446,0.2105357624047755
150720,2024,0.083333333,0.32279757059522446,-0.23946423759522445
150720,2025,0.4,0.32279757059522446,0.07720242940477556
150721,2021,0.3,0.2795579830263683,0.020442016973631683
150721,2022,0.4,0.2795579830263683,0.12044201697363172
150721,2023,0.458333333,0.2795579830263683,0.1787753499736317
150721,2024,0.5,0.2795579830263683,0.2204420169736317
150721,2025,0.230769231,0.2795579830263683,-0.048788752026368315
150722,2021,0.074074074,0.37852811386616114,-0.30445403986616115
150722,2022,0.121212121,0.37852811386616114,-0.25731599286616114
150722,2023,0.063829787,0.37852811386616114,-0.31469832686616117
150722,2024,0.024590164,0.37852811386616114,-0.3539379498661611
150722,2025,0.040983607,0.37852811386616114,-0.33754450686616116
150723,2021,0.625,0.2334869060504897,0.3915130939495103
150723,2022,0.25,0.2334869060504897,0.01651309394951031
150723,2023,0.277777778,0.2334869060504897,0.044290871949510285
150723,2024,0.5625,0.2334869060504897,0.3290130939495103
150723,2025,0.5,0.2334869060504897,0.2665130939495103
150724,2021,0.75,0.32853336561352076,0.42146663438647924
150724,2022,0.0,0.32853336561352076,-0.32853336561352076
150724,2023,0.333333333,0.32853336561352076,0.004799967386479254
150724,2024,0.3,0.32853336561352076,-0.028533365613520767
150724,2025,0.307692308,0.32853336561352076,-0.02084105761352073
150725,2021,0.0,0.321346089267316,-0.321346089267316
150725,2022,1.0,0.321346089267316,0.678653910732684
150725,2023,0.5,0.321346089267316,0.178653910732684
150725,2024,0.333333333,0.321346089267316,0.011987243732684005
150725,2025,0.0,0.321346089267316,-0.321346089267316
150726,2021,0.636363636,0.29413298668820187,0.34223064931179814
150726,2022,0.714285714,0.29413298668820187,0.4201527273117981
150726,2023,0.533333333,0.29413298668820187,0.2392003463117981
150726,2024,0.238095238,0.29413298668820187,-0.05603774868820188
150726,2025,0.117647059,0.29413298668820187,-0.17648592768820187
150727,2021,0.153846154,0.2814171404616362,-0.12757098646163617
150727,2022,0.263157895,0.2814171404616362,-0.01825924546163621
150727,2023,0.133333333,0.2814171404616362,-0.14808380746163619
150727,2024,0.324675325,0.2814171404616362,0.04325818453836383
150727,2025,0.293103448,0.2814171404616362,0.011686307538363805
150728,2021,0.258278146,0.2660972187907876,-0.00781907279078764
150728,2022,0.317460317,0.2660972187907876,0.051363098209212366
150728,2023,0.119777159,0.2660972187907876,-0.14632005979078763
150728,2024,0.186968839,0.2660972187907876,-0.07912837979078763
150728,2025,0.177325581,0.2660972187907876,-0.08877163779078762
150729,2021,0.333333333,0.345149540609355,-0.011816207609354978
150729,2023,0.428571429,0.345149540609355,0.08342188839064502
150729,2024,0.4,0.345149540609355,0.054850459390645034
150729,2025,0.2,0.345149540609355,-0.14514954060935498
150730,2021,1.0,0.38867551324946636,0.6113244867505336
150730,2022,0.833333333,0.38867551324946636,0.44465781975053364
150730,2023,0.153846154,0.38867551324946636,-0.23482935924946635
150730,2024,0.1,0.38867551324946636,-0.2886755132494664
150730,2025,0.083333333,0.38867551324946636,-0.30534218024946636
150731,2021,1.0,0.4149788446170558,0.5850211553829442
150731,2022,0.894736842,0.4149788446170558,0.4797579973829442
150731,2023,0.820895522,0.4149788446170558,0.40591667738294424
150731,2024,0.813829787,0.4149788446170558,0.39885094238294416
150731,2025,0.876923077,0.4149788446170558,0.46194423238294424
150732,2021,0.0,0.2921199657939992,-0.2921199657939992
150732,2022,0.0625,0.2921199657939992,-0.22961996579399918
150732,2023,0.0,0.2921199657939992,-0.2921199657939992
150732,2024,0.257142857,0.2921199657939992,-0.03497710879399918
150732,2025,0.212121212,0.2921199657939992,-0.07999875379399918
150801,2021,0.142857143,0.15427645265728687,-0.01141930965728688
150801,2022,0.188861985,0.15427645265728687,0.03458553234271314
150801,2023,0.1191067,0.15427645265728687,-0.035169752657286876
150801,2024,0.081460674,0.15427645265728687,-0.07281577865728688
150801,2025,0.088957055,0.15427645265728687,-0.06531939765728688
150802,2021,0.511111111,0.23846658556230171,0.27264452543769824
150802,2022,0.55,0.23846658556230171,0.31153341443769833
150802,2023,0.577981651,0.23846658556230171,0.33951506543769827
150802,2024,0.595238095,0.23846658556230171,0.3567715094376983
150802,2025,0.626666667,0.23846658556230171,0.38820008143769824
150803,2021,0.263157895,0.13997858963240203,0.12317930536759794
150803,2022,0.037974684,0.13997858963240203,-0.10200390563240203
150803,2023,0.056410256,0.13997858963240203,-0.08356833363240204
150803,2024,0.03960396,0.13997858963240203,-0.10037462963240204
150803,2025,0.010989011,0.13997858963240203,-0.12898957863240204
150804,2021,0.5,0.41427548165760825,0.08572451834239175
150804,2022,0.6,0.41427548165760825,0.18572451834239173
150804,2023,0.583333333,0.41427548165760825,0.16905785134239176
150804,2024,0.357142857,0.41427548165760825,-0.057132624657608266
150804,2025,0.363636364,0.41427548165760825,-0.05063911765760826
150805,2021,0.214285714,0.14000301092417483,0.07428270307582516
150805,2022,0.198473282,0.14000301092417483,0.05847027107582517
150805,2023,0.084415584,0.14000301092417483,-0.05558742692417483
150805,2024,0.057315234,0.14000301092417483,-0.08268777692417484
150805,2025,0.066561014,0.14000301092417483,-0.07344199692417483
150806,2021,0.173913043,0.1440041752512672,0.029908867748732776
150806,2022,0.093548387,0.1440041752512672,-0.05045578825126722
150806,2023,0.105413105,0.1440041752512672,-0.03859107025126721
150806,2024,0.077151335,0.1440041752512672,-0.06685284025126721
150806,2025,0.074252652,0.1440041752512672,-0.06975152325126721
150807,2021,0.736842105,0.3212361066651949,0.4156059983348051
150807,2022,0.880952381,0.3212361066651949,0.559716274334805
150807,2023,0.752293578,0.3212361066651949,0.43105747133480504
150807,2024,0.61627907,0.3212361066651949,0.2950429633348051
150807,2025,0.766233766,0.3212361066651949,0.4449976593348051
150808,2021,0.4,0.5091011744672521,-0.1091011744672521
150808,2022,0.2,0.5091011744672521,-0.3091011744672521
150808,2023,0.409090909,0.5091011744672521,-0.10001026546725211
150808,2024,0.263157895,0.5091011744672521,-0.24594327946725214
150808,2025,0.4,0.5091011744672521,-0.1091011744672521
150809,2021,0.75,0.3033208753113318,0.4466791246886682
150809,2022,0.666666667,0.3033208753113318,0.3633457916886682
150809,2023,0.4,0.3033208753113318,0.09667912468866824
150809,2024,0.533333333,0.3033208753113318,0.23001245768866818
150809,2025,0.387096774,0.3033208753113318,0.0837758986886682
150810,2021,0.164685908,0.13830916922881537,0.026376738771184627
150810,2022,0.21563981,0.13830916922881537,0.07733064077118462
150810,2023,0.183259912,0.13830916922881537,0.04495074277118463
150810,2024,0.103585657,0.13830916922881537,-0.03472351222881537
150810,2025,0.073146293,0.13830916922881537,-0.06516287622881536
150811,2021,0.293515358,0.21490203977020425,0.07861331822979575
150811,2022,0.19047619,0.21490203977020425,-0.02442584977020426
150811,2023,0.129770992,0.21490203977020425,-0.08513104777020425
150811,2024,0.172897196,0.21490203977020425,-0.04200484377020425
150811,2025,0.189460477,0.21490203977020425,-0.025441562770204262
150812,2021,0.124309392,0.14111397833871317,-0.016804586338713165
150812,2022,0.134751773,0.14111397833871317,-0.006362205338713178
150812,2023,0.070100143,0.14111397833871317,-0.07101383533871317
150812,2024,0.037656904,0.14111397833871317,-0.10345707433871318
150812,2025,0.04096171,0.14111397833871317,-0.10015226833871317
150901,2021,0.759493671,0.2485554792538535,0.5109381917461465
150901,2022,0.492753623,0.2485554792538535,0.24419814374614648
150901,2023,0.275362319,0.2485554792538535,0.026806839746146532
150901,2024,0.071428571,0.2485554792538535,-0.1771269082538535
150901,2025,0.099173554,0.2485554792538535,-0.1493819252538535
150902,2021,1.0,0.4136685873719667,0.5863314126280332
150902,2022,0.75,0.4136685873719667,0.3363314126280333
150902,2023,0.846153846,0.4136685873719667,0.4324852586280333
150902,2024,0.357142857,0.4136685873719667,-0.05652573037196673
150902,2025,0.571428571,0.4136685873719667,0.15775998362803328
150903,2021,0.5,0.34439333969762764,0.15560666030237236
150903,2022,0.0,0.34439333969762764,-0.34439333969762764
150903,2023,0.3125,0.34439333969762764,-0.03189333969762764
150903,2024,0.181818182,0.34439333969762764,-0.16257515769762765
150903,2025,0.0,0.34439333969762764,-0.34439333969762764
150904,2021,0.428571429,0.5214347391161005,-0.0928633101161005
150904,2022,0.142857143,0.5214347391161005,-0.37857759611610053
150904,2023,0.153846154,0.5214347391161005,-0.3675885851161005
150904,2024,0.130434783,0.5214347391161005,-0.3909999561161005
150904,2025,0.151515152,0.5214347391161005,-0.3699195871161005
150905,2021,0.571428571,0.4699629954222188,0.10146557557778119
150905,2022,0.333333333,0.4699629954222188,-0.1366296624222188
150905,2023,0.409090909,0.4699629954222188,-0.06087208642221881
150905,2024,0.157894737,0.4699629954222188,-0.3120682584222188
150905,2025,0.384615385,0.4699629954222188,-0.08534761042221883
150906,2021,0.465116279,0.30673185178599244,0.15838442721400758
150906,2022,0.371428571,0.30673185178599244,0.06469671921400755
150906,2023,0.25974026,0.30673185178599244,-0.04699159178599244
150906,2024,0.233333333,0.30673185178599244,-0.07339851878599243
150906,2025,0.132075472,0.30673185178599244,-0.17465637978599244
151001,2021,0.818181818,0.3268921757881177,0.4912896422118823
151001,2022,0.777777778,0.3268921757881177,0.45088560221188234
151001,2023,0.522727273,0.3268921757881177,0.1958350972118823
151001,2024,0.588235294,0.3268921757881177,0.2613431182118823
151001,2025,0.7,0.3268921757881177,0.37310782421188227
151002,2021,0.333333333,0.26272412075651397,0.07060921224348604
151002,2022,0.0,0.26272412075651397,-0.26272412075651397
151002,2023,0.0,0.26272412075651397,-0.26272412075651397
151002,2024,0.111111111,0.26272412075651397,-0.15161300975651398
151002,2025,0.111111111,0.26272412075651397,-0.15161300975651398
151003,2021,0.857142857,0.3603656658718465,0.49677719112815355
151003,2022,1.0,0.3603656658718465,0.6396343341281535
151003,2023,0.35483871,0.3603656658718465,-0.005526955871846484
151003,2024,0.676470588,0.3603656658718465,0.31610492212815355
151003,2025,0.666666667,0.3603656658718465,0.3063010011281535
151004,2021,0.0,0.3339219397223107,-0.3339219397223107
151004,2022,0.0,0.3339219397223107,-0.3339219397223107
151004,2023,0.285714286,0.3339219397223107,-0.04820765372231073
151004,2024,0.333333333,0.3339219397223107,-0.0005886067223107028
151004,2025,0.0,0.3339219397223107,-0.3339219397223107
151005,2021,0.285714286,0.3322587888877967,-0.04654450288779671
151005,2022,0.0,0.3322587888877967,-0.3322587888877967
151005,2023,0.0,0.3322587888877967,-0.3322587888877967
151005,2024,0.0,0.3322587888877967,-0.3322587888877967
151005,2025,0.0,0.3322587888877967,-0.3322587888877967
151006,2022,0.166666667,0.2545096203311271,-0.08784295333112713
151006,2023,0.0,0.2545096203311271,-0.2545096203311271
151006,2024,0.0,0.2545096203311271,-0.2545096203311271
151006,2025,0.1,0.2545096203311271,-0.1545096203311271
151007,2021,1.0,0.3013966698864298,0.6986033301135701
151007,2023,0.571428571,0.3013966698864298,0.27003190111357017
151007,2024,0.0,0.3013966698864298,-0.3013966698864298
151007,2025,0.333333333,0.3013966698864298,0.031936663113570185
151008,2021,0.384615385,0.2666612356565696,0.1179541493434304
151008,2022,0.166666667,0.2666612356565696,-0.09999456865656958
151008,2023,0.044444444,0.2666612356565696,-0.22221679165656957
151008,2024,0.513513514,0.2666612356565696,0.24685227834343043
151008,2025,0.037037037,0.2666612356565696,-0.22962419865656958
151009,2021,0.916666667,0.4997715032609359,0.4168951637390641
151009,2022,0.615384615,0.4997715032609359,0.11561311173906408
151009,2023,0.681818182,0.4997715032609359,0.1820466787390641
151009,2024,0.576923077,0.4997715032609359,0.07715157373906412
151009,2025,0.285714286,0.4997715032609359,-0.2140572172609359
151010,2023,0.2,0.34617422951980925,-0.14617422951980924
151010,2024,0.2,0.34617422951980925,-0.14617422951980924
151010,2025,0.0,0.34617422951980925,-0.34617422951980925
151011,2021,0.545454545,0.32465590485016277,0.22079864014983724
151011,2022,0.727272727,0.32465590485016277,0.40261682214983724
151011,2023,0.69047619,0.32465590485016277,0.3658202851498373
151011,2024,0.710526316,0.32465590485016277,0.3858704111498373
151011,2025,0.674418605,0.32465590485016277,0.3497627001498372
151012,2021,0.5,0.27951488702804295,0.22048511297195705
151012,2022,0.666666667,0.27951488702804295,0.38715177997195704
151012,2023,0.105263158,0.27951488702804295,-0.17425172902804295
151012,2024,0.0,0.27951488702804295,-0.27951488702804295
151012,2025,0.0,0.27951488702804295,-0.27951488702804295
151013,2022,0.333333333,0.24910616004668298,0.08422717295331703
151013,2023,0.5,0.24910616004668298,0.25089383995331704
151013,2024,0.333333333,0.24910616004668298,0.08422717295331703
151013,2025,0.0,0.24910616004668298,-0.24910616004668298
151014,2022,0.0,0.25957579083709026,-0.25957579083709026
151014,2023,0.333333333,0.25957579083709026,0.07375754216290975
151014,2024,0.25,0.25957579083709026,-0.009575790837090259
151014,2025,0.25,0.25957579083709026,-0.009575790837090259
151015,2021,0.666666667,0.2226617518556856,0.4440049151443144
151015,2023,0.076923077,0.2226617518556856,-0.1457386748556856
151015,2024,0.166666667,0.2226617518556856,-0.055995084855685606
151015,2025,0.0,0.2226617518556856,-0.2226617518556856
151016,2021,0.666666667,0.19817494293503723,0.46849172406496276
151016,2022,0.0,0.19817494293503723,-0.19817494293503723
151016,2023,0.35,0.19817494293503723,0.15182505706496274
151016,2024,0.086956522,0.19817494293503723,-0.11121842093503724
151016,2025,0.461538462,0.19817494293503723,0.26336351906496275
151017,2021,0.0,0.328096745406064,-0.328096745406064
151017,2022,0.333333333,0.328096745406064,0.005236587593936026
151017,2023,0.0,0.328096745406064,-0.328096745406064
151018,2021,0.25,0.32175515239990854,-0.07175515239990854
151018,2022,0.25,0.32175515239990854,-0.07175515239990854
151018,2023,0.0,0.32175515239990854,-0.32175515239990854
151018,2024,0.0,0.32175515239990854,-0.32175515239990854
151018,2025,0.1,0.32175515239990854,-0.22175515239990853
151019,2021,0.857142857,0.3426946527903452,0.5144482042096548
151019,2022,0.75,0.3426946527903452,0.4073053472096548
151019,2023,0.708333333,0.3426946527903452,0.3656386802096548
151019,2024,0.407407407,0.3426946527903452,0.06471275420965478
151019,2025,0.4,0.3426946527903452,0.0573053472096548
151020,2021,0.909090909,0.33060084210715673,0.5784900668928432
151020,2022,0.777777778,0.33060084210715673,0.4471769358928433
151020,2023,0.130434783,0.33060084210715673,-0.20016605910715674
151020,2024,0.0,0.33060084210715673,-0.33060084210715673
151020,2025,0.090909091,0.33060084210715673,-0.23969175110715674
151021,2021,0.0,0.3224410432581053,-0.3224410432581053
151021,2022,0.0,0.3224410432581053,-0.3224410432581053
151021,2023,0.0,0.3224410432581053,-0.3224410432581053
151021,2024,0.0,0.3224410432581053,-0.3224410432581053
151021,2025,0.0,0.3224410432581053,-0.3224410432581053
151022,2021,0.0,0.3335970926525805,-0.3335970926525805
151022,2022,0.0,0.3335970926525805,-0.3335970926525805
151022,2023,0.0,0.3335970926525805,-0.3335970926525805
151022,2024,0.166666667,0.3335970926525805,-0.16693042565258048
151022,2025,0.333333333,0.3335970926525805,-0.0002637596525804642
151023,2021,0.285714286,0.21361682256070508,0.0720974634392949
151023,2022,1.0,0.21361682256070508,0.7863831774392949
151023,2023,0.066666667,0.21361682256070508,-0.14695015556070506
151023,2024,0.266666667,0.21361682256070508,0.053049844439294946
151023,2025,0.2,0.21361682256070508,-0.013616822560705066
151024,2021,0.3,0.3566765801618152,-0.056676580161815204
151024,2022,0.0,0.3566765801618152,-0.3566765801618152
151024,2023,0.333333333,0.3566765801618152,-0.023343247161815184
151024,2024,0.428571429,0.3566765801618152,0.07189484883818481
151024,2025,0.375,0.3566765801618152,0.018323419838184807
151025,2021,0.666666667,0.5020521199433003,0.16461454705669964
151025,2023,0.56,0.5020521199433003,0.05794788005669971
151025,2024,0.545454545,0.5020521199433003,0.04340242505669967
151025,2025,0.5,0.5020521199433003,-0.0020521199433003456
151027,2021,0.0,0.3186950294655161,-0.3186950294655161
151027,2022,0.0,0.3186950294655161,-0.3186950294655161
151027,2023,0.2,0.3186950294655161,-0.11869502946551608
151027,2024,0.333333333,0.3186950294655161,0.01463830353448392
151027,2025,0.0,0.3186950294655161,-0.3186950294655161
151028,2021,0.0,0.364895989913746,-0.364895989913746
151028,2023,0.0,0.364895989913746,-0.364895989913746
151028,2024,0.0,0.364895989913746,-0.364895989913746
151028,2025,0.090909091,0.364895989913746,-0.273986898913746
151029,2021,0.0,0.40543228045636065,-0.40543228045636065
151029,2022,0.0,0.40543228045636065,-0.40543228045636065
151029,2023,0.285714286,0.40543228045636065,-0.11971799445636067
151029,2024,0.666666667,0.40543228045636065,0.26123438654363934
151029,2025,0.333333333,0.40543228045636065,-0.07209894745636064
151030,2021,1.0,0.25463496923778034,0.7453650307622197
151030,2022,0.5,0.25463496923778034,0.24536503076221966
151030,2023,0.3,0.25463496923778034,0.04536503076221965
151030,2024,0.090909091,0.25463496923778034,-0.16372587823778034
151030,2025,0.0,0.25463496923778034,-0.25463496923778034
151031,2021,0.375,0.3053205621234542,0.06967943787654579
151031,2022,0.1,0.3053205621234542,-0.2053205621234542
151031,2023,0.176470588,0.3053205621234542,-0.1288499741234542
151031,2024,0.0,0.3053205621234542,-0.3053205621234542
151031,2025,0.0,0.3053205621234542,-0.3053205621234542
151032,2021,0.76,0.31506281612012743,0.4449371838798726
151032,2022,0.791666667,0.31506281612012743,0.47660385087987256
151032,2023,0.127272727,0.31506281612012743,-0.18779008912012743
151032,2024,0.257575758,0.31506281612012743,-0.05748705812012744
151032,2025,0.644444444,0.31506281612012743,0.3293816278798726
151033,2021,1.0,0.2668369676016332,0.7331630323983668
151033,2023,0.5,0.2668369676016332,0.23316303239836678
151033,2024,0.0,0.2668369676016332,-0.2668369676016332
151033,2025,0.0,0.2668369676016332,-0.2668369676016332
160101,2021,0.318885449,0.19525269798343636,0.12363275101656362
160101,2022,0.317563189,0.19525269798343636,0.12231049101656366
160101,2023,0.142700929,0.19525269798343636,-0.05255176898343636
160101,2024,0.087406555,0.19525269798343636,-0.10784614298343637
160101,2025,0.124799487,0.19525269798343636,-0.07045321098343636
160102,2021,0.436363636,0.28866509019638004,0.14769854580361996
160102,2022,0.511904762,0.28866509019638004,0.22323967180361998
160102,2023,0.298701299,0.28866509019638004,0.01003620880361994
160102,2024,0.191860465,0.28866509019638004,-0.09680462519638003
160102,2025,0.086330935,0.28866509019638004,-0.20233415519638004
160103,2021,0.274611399,0.25850294376399846,0.016108455236001518
160103,2022,0.204188482,0.25850294376399846,-0.054314461763998456
160103,2023,0.128500824,0.25850294376399846,-0.13000211976399845
160103,2024,0.172862454,0.25850294376399846,-0.08564048976399846
160103,2025,0.233521657,0.25850294376399846,-0.024981286763998467
160104,2021,0.226086957,0.2536730798082817,-0.027586122808281682
160104,2022,0.206185567,0.2536730798082817,-0.0474875128082817
160104,2023,0.126520681,0.2536730798082817,-0.1271523988082817
160104,2024,0.105555556,0.2536730798082817,-0.1481175238082817
160104,2025,0.103975535,0.2536730798082817,-0.14969754480828168
160105,2021,0.328358209,0.281113488541279,0.04724472045872102
160105,2022,0.3125,0.281113488541279,0.03138651145872101
160105,2023,0.256916996,0.281113488541279,-0.02419649254127898
160105,2024,0.378947368,0.281113488541279,0.09783387945872102
160105,2025,0.311897106,0.281113488541279,0.03078361745872099
160106,2021,0.345679012,0.3001566512754746,0.045522360724525424
160106,2022,0.35042735,0.3001566512754746,0.05027069872452544
160106,2023,0.315436242,0.3001566512754746,0.015279590724525394
160106,2024,0.225947522,0.3001566512754746,-0.07420912927547457
160106,2025,0.1484375,0.3001566512754746,-0.15171915127547458
160107,2021,0.41733871,0.28344577058506265,0.13389293941493735
160107,2022,0.393530997,0.28344577058506265,0.11008522641493734
160107,2023,0.255441008,0.28344577058506265,-0.028004762585062626
160107,2024,0.122994652,0.28344577058506265,-0.16045111858506267
160107,2025,0.160108548,0.28344577058506265,-0.12333722258506266
160108,2021,0.437641723,0.1813018887701345,0.2563398342298655
160108,2022,0.37920937,0.1813018887701345,0.19790748122986548
160108,2023,0.21258427,0.1813018887701345,0.031282381229865486
160108,2024,0.1455,0.1813018887701345,-0.035801888770134516
160108,2025,0.151227679,0.1813018887701345,-0.030074209770134502
160110,2021,0.377906977,0.3498055907156862,0.0281013862843138
160110,2022,0.376033058,0.3498055907156862,0.0262274672843138
160110,2023,0.184834123,0.3498055907156862,-0.1649714677156862
160110,2024,0.068762279,0.3498055907156862,-0.2810433117156862
160110,2025,0.077253219,0.3498055907156862,-0.2725523717156862
160112,2021,0.471994025,0.19284011088136194,0.27915391411863805
160112,2022,0.557515337,0.19284011088136194,0.36467522611863806
160112,2023,0.255060729,0.19284011088136194,0.06222061811863805
160112,2024,0.157959184,0.19284011088136194,-0.034880926881361934
160112,2025,0.176444834,0.19284011088136194,-0.016395276881361942
160113,2021,0.354713732,0.22883904148281237,0.12587469051718764
160113,2022,0.405405405,0.22883904148281237,0.17656636351718763
160113,2023,0.203954004,0.22883904148281237,-0.024885037482812372
160113,2024,0.110006347,0.22883904148281237,-0.11883269448281236
160113,2025,0.089945897,0.22883904148281237,-0.13889314448281237
160201,2021,0.359174964,0.19812193132369635,0.16105303267630364
160201,2022,0.378780367,0.19812193132369635,0.18065843567630366
160201,2023,0.276620641,0.19812193132369635,0.07849870967630365
160201,2024,0.200228311,0.19812193132369635,0.0021063796763036435
160201,2025,0.158726179,0.19812193132369635,-0.039395752323696354
160202,2021,0.3125,0.22608252002294277,0.08641747997705723
160202,2022,0.412396694,0.22608252002294277,0.18631417397705724
160202,2023,0.346365302,0.22608252002294277,0.12028278197705722
160202,2024,0.138477801,0.22608252002294277,-0.08760471902294276
160202,2025,0.065893516,0.22608252002294277,-0.16018900402294278
160205,2021,0.095744681,0.3038668478984662,-0.2081221668984662
160205,2022,0.217573222,0.3038668478984662,-0.08629362589846618
160205,2023,0.168880455,0.3038668478984662,-0.13498639289846617
160205,2024,0.101214575,0.3038668478984662,-0.20265227289846618
160205,2025,0.053364269,0.3038668478984662,-0.25050257889846617
160206,2021,0.191011236,0.2623804632431212,-0.0713692272431212
160206,2022,0.137184116,0.2623804632431212,-0.1251963472431212
160206,2023,0.163406214,0.2623804632431212,-0.0989742492431212
160206,2024,0.108747045,0.2623804632431212,-0.1536334182431212
160206,2025,0.045066991,0.2623804632431212,-0.2173134722431212
160210,2021,0.666666667,0.253864437162495,0.412802229837505
160210,2022,0.39,0.253864437162495,0.136135562837505
160210,2023,0.308219178,0.253864437162495,0.05435474083750497
160210,2024,0.118694362,0.253864437162495,-0.13517007516249502
160210,2025,0.06097561,0.253864437162495,-0.192888827162495
160211,2021,0.327160494,0.23691951688527374,0.09024097711472628
160211,2022,0.267857143,0.23691951688527374,0.03093762611472628
160211,2023,0.171284635,0.23691951688527374,-0.06563488188527375
160211,2024,0.138381201,0.23691951688527374,-0.09853831588527373
160211,2025,0.069518717,0.23691951688527374,-0.16740079988527373
160301,2021,0.404056162,0.24433858582641202,0.15971757617358798
160301,2022,0.502840909,0.24433858582641202,0.258502323173588
160301,2023,0.243932039,0.24433858582641202,-0.00040654682641202977
160301,2024,0.193393393,0.24433858582641202,-0.05094519282641202
160301,2025,0.120204604,0.24433858582641202,-0.12413398182641201
160302,2021,0.418972332,0.3021707567672185,0.11680157523278151
160302,2022,0.444444444,0.3021707567672185,0.1422736872327815
160302,2023,0.344086022,0.3021707567672185,0.041915265232781496
160302,2024,0.135135135,0.3021707567672185,-0.1670356217672185
160302,2025,0.067092652,0.3021707567672185,-0.2350781047672185
160303,2021,0.480662983,0.2851653420202297,0.1954976409797703
160303,2022,0.548387097,0.2851653420202297,0.2632217549797703
160303,2023,0.237777778,0.2851653420202297,-0.0473875640202297
160303,2024,0.114503817,0.2851653420202297,-0.1706615250202297
160303,2025,0.144329897,0.2851653420202297,-0.14083544502022968
160304,2021,0.435185185,0.28721767534830106,0.14796750965169891
160304,2022,0.383141762,0.28721767534830106,0.09592408665169894
160304,2023,0.31023622,0.28721767534830106,0.023018544651698947
160304,2024,0.270868825,0.28721767534830106,-0.01634885034830108
160304,2025,0.220228385,0.28721767534830106,-0.06698929034830106
160305,2021,0.525490196,0.2758466395695626,0.2496435564304374
160305,2022,0.54723127,0.2758466395695626,0.2713846304304374
160305,2023,0.403614458,0.2758466395695626,0.12776781843043739
160305,2024,0.468112245,0.2758466395695626,0.19226560543043736
160305,2025,0.255888651,0.2758466395695626,-0.0199579885695626
160401,2021,0.359026369,0.24441632597955398,0.11461004302044603
160401,2022,0.338645418,0.24441632597955398,0.09422909202044599
160401,2023,0.188517566,0.24441632597955398,-0.055898759979553986
160401,2024,0.135913591,0.24441632597955398,-0.10850273497955398
160401,2025,0.163210099,0.24441632597955398,-0.08120622697955399
160402,2021,0.254385965,0.29909219170502915,-0.04470622670502916
160402,2022,0.26344086,0.29909219170502915,-0.035651331705029154
160402,2023,0.0625,0.29909219170502915,-0.23659219170502915
160402,2024,0.067001675,0.29909219170502915,-0.23209051670502917
160402,2025,0.036866359,0.29909219170502915,-0.26222583270502914
160403,2021,0.414201183,0.2803048583241623,0.13389632467583767
160403,2022,0.558935361,0.2803048583241623,0.27863050267583767
160403,2023,0.458,0.2803048583241623,0.17769514167583772
160403,2024,0.370967742,0.2803048583241623,0.09066288367583769
160403,2025,0.225950783,0.2803048583241623,-0.05435407532416231
160404,2021,0.304878049,0.2569893455381607,0.047888703461839266
160404,2022,0.391891892,0.2569893455381607,0.1349025464618393
160404,2023,0.211764706,0.2569893455381607,-0.04522463953816072
160404,2024,0.133655395,0.2569893455381607,-0.12333395053816071
160404,2025,0.168717047,0.2569893455381607,-0.08827229853816071
160501,2021,0.310704961,0.21613383935033642,0.09457112164966358
160501,2022,0.595744681,0.21613383935033642,0.3796108416496636
160501,2023,0.325252525,0.21613383935033642,0.1091186856496636
160501,2024,0.300433839,0.21613383935033642,0.08429999964966356
160501,2025,0.045929019,0.21613383935033642,-0.1702048203503364
160502,2022,0.555555556,0.34658168916963905,0.2089738668303609
160502,2023,0.196078431,0.34658168916963905,-0.15050325816963905
160502,2024,0.814814815,0.34658168916963905,0.4682331258303609
160502,2025,0.3125,0.34658168916963905,-0.03408168916963905
160503,2021,0.666666667,0.20994883480512944,0.45671783219487055
160503,2022,0.875,0.20994883480512944,0.6650511651948705
160503,2023,0.62745098,0.20994883480512944,0.41750214519487056
160503,2024,0.266666667,0.20994883480512944,0.05671783219487059
160503,2025,0.237623762,0.20994883480512944,0.027674927194870552
160504,2021,0.28440367,0.2542233781344262,0.030180291865573805
160504,2022,0.269230769,0.2542233781344262,0.015007390865573789
160504,2023,0.445945946,0.2542233781344262,0.1917225678655738
160504,2024,0.52892562,0.2542233781344262,0.2747022418655738
160504,2025,0.363207547,0.2542233781344262,0.10898416886557383
160505,2021,0.391608392,0.2758232853935263,0.11578510660647373
160505,2022,0.4,0.2758232853935263,0.12417671460647373
160505,2023,0.079136691,0.2758232853935263,-0.19668659439352632
160505,2024,0.07751938,0.2758232853935263,-0.1983039053935263
160505,2025,0.052469136,0.2758232853935263,-0.2233541493935263
160506,2021,0.077777778,0.31030907092660664,-0.23253129292660663
160506,2022,0.078651685,0.31030907092660664,-0.23165738592660665
160506,2023,0.134057971,0.31030907092660664,-0.17625109992660665
160506,2024,0.20123839,0.31030907092660664,-0.10907068092660666
160506,2025,0.177664975,0.31030907092660664,-0.13264409592660664
160507,2021,0.698630137,0.26905643586833605,0.42957370113166393
160507,2022,0.75,0.26905643586833605,0.48094356413166395
160507,2023,0.589403974,0.26905643586833605,0.32034753813166394
160507,2024,0.235955056,0.26905643586833605,-0.033101379868336056
160507,2025,0.305732484,0.26905643586833605,0.036676048131663974
160508,2021,0.0,0.35893251259372533,-0.35893251259372533
160508,2022,1.0,0.35893251259372533,0.6410674874062747
160508,2023,0.441176471,0.35893251259372533,0.08224395840627469
160508,2024,0.25,0.35893251259372533,-0.10893251259372533
160508,2025,0.208333333,0.35893251259372533,-0.15059917959372532
160509,2021,0.0,0.3098734611214273,-0.3098734611214273
160509,2022,1.0,0.3098734611214273,0.6901265388785727
160509,2023,0.0,0.3098734611214273,-0.3098734611214273
160509,2024,0.0,0.3098734611214273,-0.3098734611214273
160509,2025,0.133333333,0.3098734611214273,-0.17654012812142728
160510,2021,0.239361702,0.2759607853375553,-0.036599083337555294
160510,2022,0.180327869,0.2759607853375553,-0.0956329163375553
160510,2023,0.213592233,0.2759607853375553,-0.06236855233755531
160510,2024,0.136125654,0.2759607853375553,-0.1398351313375553
160510,2025,0.097826087,0.2759607853375553,-0.1781346983375553
160511,2021,0.276315789,0.3072837097150643,-0.030967920715064323
160511,2022,0.419354839,0.3072837097150643,0.11207112928493568
160511,2023,0.36,0.3072837097150643,0.052716290284935685
160511,2024,0.325581395,0.3072837097150643,0.018297685284935694
160511,2025,0.248366013,0.3072837097150643,-0.058917696715064305
160601,2021,0.342857143,0.26420895003224487,0.0786481929677551
160601,2022,0.28960396,0.26420895003224487,0.025395009967755122
160601,2023,0.118860511,0.26420895003224487,-0.14534843903224487
160601,2024,0.061284047,0.26420895003224487,-0.20292490303224486
160601,2025,0.062205467,0.26420895003224487,-0.20200348303224486
160602,2021,0.583333333,0.22077921550959376,0.3625541174904062
160602,2022,0.461538462,0.22077921550959376,0.24075924649040623
160602,2023,0.384615385,0.22077921550959376,0.16383616949040622
160602,2024,0.153846154,0.22077921550959376,-0.06693306150959374
160602,2025,0.151515152,0.22077921550959376,-0.06926406350959377
160603,2021,0.505154639,0.2555178768294187,0.24963676217058134
160603,2022,0.428571429,0.2555178768294187,0.17305355217058133
160603,2023,0.396226415,0.2555178768294187,0.14070853817058132
160603,2024,0.182242991,0.2555178768294187,-0.07327488582941868
160603,2025,0.165898618,0.2555178768294187,-0.08961925882941868
160604,2021,0.18,0.2762957160108763,-0.09629571601087633
160604,2022,0.219178082,0.2762957160108763,-0.05711763401087633
160604,2023,0.23880597,0.2762957160108763,-0.03748974601087632
160604,2024,0.209876543,0.2762957160108763,-0.06641917301087633
160604,2025,0.196891192,0.2762957160108763,-0.07940452401087633
160605,2021,0.372262774,0.28194305796633173,0.09031971603366828
160605,2022,0.258474576,0.28194305796633173,-0.023468481966331722
160605,2023,0.141689373,0.28194305796633173,-0.14025368496633173
160605,2024,0.12027972,0.28194305796633173,-0.16166333796633173
160605,2025,0.171171171,0.28194305796633173,-0.11077188696633172
160606,2021,0.657458564,0.21537038039065762,0.44208818360934243
160606,2022,0.583333333,0.21537038039065762,0.3679629526093424
160606,2023,0.418320611,0.21537038039065762,0.2029502306093424
160606,2024,0.368421053,0.21537038039065762,0.15305067260934238
160606,2025,0.299043062,0.21537038039065762,0.08367268160934241
160701,2021,0.387755102,0.2421443608527924,0.14561074114720762
160701,2022,0.306010929,0.2421443608527924,0.06386656814720759
160701,2023,0.183021807,0.2421443608527924,-0.05912255385279239
160701,2024,0.142567568,0.2421443608527924,-0.09957679285279239
160701,2025,0.177891654,0.2421443608527924,-0.06425270685279239
160702,2021,0.340277778,0.26921857627733675,0.07105920172266322
160702,2022,0.429213483,0.26921857627733675,0.15999490672266325
160702,2023,0.415129151,0.26921857627733675,0.14591057472266322
160702,2024,0.350533808,0.26921857627733675,0.08131523172266325
160702,2025,0.14221219,0.26921857627733675,-0.12700638627733676
160703,2021,0.280597015,0.24177253469867713,0.03882448030132288
160703,2022,0.23929471,0.24177253469867713,-0.0024778246986771335
160703,2023,0.16039604,0.24177253469867713,-0.08137649469867714
160703,2024,0.173913043,0.24177253469867713,-0.06785949169867714
160703,2025,0.146763902,0.24177253469867713,-0.09500863269867713
160704,2021,0.278431373,0.2988962698119631,-0.020464896811963118
160704,2022,0.307017544,0.2988962698119631,0.008121274188036876
160704,2023,0.369649805,0.2988962698119631,0.0707535351880369
160704,2024,0.210242588,0.2988962698119631,-0.08865368181196309
160704,2025,0.135935397,0.2988962698119631,-0.1629608728119631
160705,2021,0.408450704,0.2890011366979779,0.11944956730202211
160705,2022,0.4375,0.2890011366979779,0.1484988633020221
160705,2023,0.431034483,0.2890011366979779,0.14203334630202213
160705,2024,0.296912114,0.2890011366979779,0.007910977302022115
160705,2025,0.222392638,0.2890011366979779,-0.06660849869797789
160706,2021,0.382911392,0.2835211104127188,0.09939028158728119
160706,2022,0.413680782,0.2835211104127188,0.1301596715872812
160706,2023,0.425287356,0.2835211104127188,0.14176624558728118
160706,2024,0.423658872,0.2835211104127188,0.1401377615872812
160706,2025,0.264984227,0.2835211104127188,-0.018536883412718808
160801,2021,0.358974359,0.2969296548597544,0.0620447041402456
160801,2022,0.448979592,0.2969296548597544,0.15204993714024556
160801,2023,0.327433628,0.2969296548597544,0.030503973140245555
160801,2024,0.129807692,0.2969296548597544,-0.16712196285975442
160801,2025,0.120879121,0.2969296548597544,-0.17605053385975442
160802,2021,0.5,0.30885907654804223,0.19114092345195777
160802,2022,0.384615385,0.30885907654804223,0.07575630845195774
160802,2023,0.434782609,0.30885907654804223,0.12592353245195775
160802,2024,0.5,0.30885907654804223,0.19114092345195777
160802,2025,0.466666667,0.30885907654804223,0.15780759045195775
160803,2021,0.514705882,0.29620159387580314,0.21850428812419687
160803,2022,0.595744681,0.29620159387580314,0.29954308712419686
160803,2023,0.518518519,0.29620159387580314,0.22231692512419687
160803,2024,0.285714286,0.29620159387580314,-0.010487307875803153
160803,2025,0.335403727,0.29620159387580314,0.03920213312419685
160804,2021,0.314285714,0.35214878346528833,-0.037863069465288335
160804,2022,0.47826087,0.35214878346528833,0.12611208653471168
160804,2023,0.319148936,0.35214878346528833,-0.032999847465288334
160804,2024,0.304347826,0.35214878346528833,-0.04780095746528834
160804,2025,0.06097561,0.35214878346528833,-0.2911731734652883
170101,2021,0.399481193,0.24253389079255225,0.15694730220744776
170101,2022,0.414285714,0.24253389079255225,0.17175182320744778
170101,2023,0.300894085,0.24253389079255225,0.05836019420744773
170101,2024,0.173130624,0.24253389079255225,-0.06940326679255224
170101,2025,0.132389937,0.24253389079255225,-0.11014395379255223
170102,2021,0.338607595,0.23541986345999807,0.10318773154000191
170102,2022,0.400722022,0.23541986345999807,0.16530215854000194
170102,2023,0.260243632,0.23541986345999807,0.024823768540001928
170102,2024,0.12804878,0.23541986345999807,-0.10737108345999807
170102,2025,0.097653293,0.23541986345999807,-0.13776657045999807
170103,2021,0.390957447,0.2511114224143028,0.13984602458569723
170103,2022,0.245125348,0.2511114224143028,-0.005986074414302794
170103,2023,0.268965517,0.2511114224143028,0.0178540945856972
170103,2024,0.176755448,0.2511114224143028,-0.07435597441430278
170103,2025,0.132,0.2511114224143028,-0.11911142241430278
170104,2021,0.458333333,0.21301177021445666,0.24532156278554335
170104,2022,0.385964912,0.21301177021445666,0.17295314178554333
170104,2023,0.352272727,0.21301177021445666,0.13926095678554334
170104,2024,0.223819302,0.21301177021445666,0.010807531785543334
170104,2025,0.162698413,0.21301177021445666,-0.05031335721445668
170201,2021,0.267175573,0.3096124035272459,-0.042436830527245895
170201,2022,0.256198347,0.3096124035272459,-0.0534140565272459
170201,2023,0.135483871,0.3096124035272459,-0.1741285325272459
170201,2024,0.123287671,0.3096124035272459,-0.1863247325272459
170201,2025,0.325203252,0.3096124035272459,0.015590848472754104
170202,2021,0.508474576,0.33072385913178776,0.17775071686821226
170202,2022,0.675675676,0.33072385913178776,0.34495181686821225
170202,2023,0.681318681,0.33072385913178776,0.3505948218682123
170202,2024,0.511111111,0.33072385913178776,0.1803872518682122
170202,2025,0.252173913,0.33072385913178776,-0.07854994613178773
170203,2021,0.134146341,0.25561736266772056,-0.12147102166772056
170203,2022,0.258064516,0.25561736266772056,0.0024471533322794614
170203,2023,0.235294118,0.25561736266772056,-0.020323244667720564
170203,2024,0.262642741,0.25561736266772056,0.007025378332279453
170203,2025,0.184684685,0.25561736266772056,-0.07093267766772057
170204,2021,0.360544218,0.18970203044262574,0.1708421875573743
170204,2022,0.216,0.18970203044262574,0.026297969557374262
170204,2023,0.216666667,0.18970203044262574,0.026964636557374272
170204,2024,0.0975,0.18970203044262574,-0.09220203044262573
170204,2025,0.080691643,0.18970203044262574,-0.10901038744262574
170301,2021,0.333333333,0.28161776353642015,0.05171556946357986
170301,2022,0.333333333,0.28161776353642015,0.05171556946357986
170301,2023,0.282608696,0.28161776353642015,0.000990932463579841
170301,2024,0.130434783,0.28161776353642015,-0.15118298053642015
170301,2025,0.046875,0.28161776353642015,-0.23474276353642015
170302,2021,0.262626263,0.23502152182889888,0.02760474117110115
170302,2022,0.5,0.23502152182889888,0.2649784781711011
170302,2023,0.276752768,0.23502152182889888,0.041731246171101105
170302,2024,0.113138686,0.23502152182889888,-0.12188283582889888
170302,2025,0.223577236,0.23502152182889888,-0.011444285828898865
170303,2021,0.324324324,0.2586713664885052,0.0656529575114948
170303,2022,0.381578947,0.2586713664885052,0.12290758051149481
170303,2023,0.336898396,0.2586713664885052,0.0782270295114948
170303,2024,0.165829146,0.2586713664885052,-0.09284222048850518
170303,2025,0.121212121,0.2586713664885052,-0.1374592454885052
180101,2021,0.209219858,0.3039034285474636,-0.0946835705474636
180101,2022,0.233820459,0.3039034285474636,-0.0700829695474636
180101,2023,0.131193301,0.3039034285474636,-0.1727101275474636
180101,2024,0.185145318,0.3039034285474636,-0.1187581105474636
180101,2025,0.178571429,0.3039034285474636,-0.1253319995474636
180102,2021,0.222222222,0.43853492330097044,-0.21631270130097044
180102,2022,0.333333333,0.43853492330097044,-0.10520159030097043
180102,2023,0.111111111,0.43853492330097044,-0.32742381230097045
180102,2024,0.083333333,0.43853492330097044,-0.3552015903009704
180102,2025,0.083333333,0.43853492330097044,-0.3552015903009704
180103,2021,0.0,0.3419518911591,-0.3419518911591
180103,2023,0.444444444,0.3419518911591,0.10249255284089998
180103,2024,0.357142857,0.3419518911591,0.015190965840899961
180103,2025,0.3,0.3419518911591,-0.04195189115910003
180104,2021,0.177570093,0.2278037958787763,-0.05023370287877629
180104,2022,0.181818182,0.2278037958787763,-0.04598561387877631
180104,2023,0.179104478,0.2278037958787763,-0.048699317878776294
180104,2024,0.214285714,0.2278037958787763,-0.013518081878776317
180104,2025,0.122065728,0.2278037958787763,-0.1057380678787763
180105,2021,0.555555556,0.5443642150913317,0.011191340908668246
180105,2022,0.7,0.5443642150913317,0.15563578490866825
180105,2023,0.611111111,0.5443642150913317,0.06674689590866834
180105,2024,0.527777778,0.5443642150913317,-0.016586437091331674
180105,2025,0.272727273,0.5443642150913317,-0.2716369420913317
180106,2021,0.185185185,0.26450892567832607,-0.07932374067832607
180106,2022,0.304347826,0.26450892567832607,0.03983890032167392
180106,2023,0.209302326,0.26450892567832607,-0.05520659967832606
180106,2024,0.235294118,0.26450892567832607,-0.02921480767832607
180106,2025,0.180327869,0.26450892567832607,-0.08418105667832607
180201,2021,0.193548387,0.31257300016730166,-0.11902461316730167
180201,2022,0.16,0.31257300016730166,-0.15257300016730166
180201,2023,0.1375,0.31257300016730166,-0.17507300016730165
180201,2024,0.240506329,0.31257300016730166,-0.07206667116730167
180201,2025,0.163636364,0.31257300016730166,-0.14893663616730166
180202,2021,1.0,0.46221064590113176,0.5377893540988683
180202,2022,0.0,0.46221064590113176,-0.46221064590113176
180202,2023,0.25,0.46221064590113176,-0.21221064590113176
180202,2024,0.1,0.46221064590113176,-0.3622106459011317
180202,2025,0.166666667,0.46221064590113176,-0.29554397890113177
180203,2021,0.4,0.31699758067775036,0.08300241932224967
180203,2022,0.363636364,0.31699758067775036,0.04663878332224963
180203,2023,0.25,0.31699758067775036,-0.06699758067775036
180203,2024,0.217391304,0.31699758067775036,-0.09960627667775035
180203,2025,0.222222222,0.31699758067775036,-0.09477535867775036
180204,2021,0.214285714,0.2663064572269323,-0.052020743226932314
180204,2022,0.45,0.2663064572269323,0.1836935427730677
180204,2023,0.328125,0.2663064572269323,0.0618185427730677
180204,2024,0.338983051,0.2663064572269323,0.07267659377306768
180204,2025,0.320754717,0.2663064572269323,0.05444825977306772
180205,2021,0.333333333,0.24442379020014302,0.088909542799857
180205,2022,0.2,0.24442379020014302,-0.044423790200143004
180205,2023,0.0,0.24442379020014302,-0.24442379020014302
180205,2024,0.111111111,0.24442379020014302,-0.133312679200143
180205,2025,0.222222222,0.24442379020014302,-0.022201568200143018
180206,2021,0.5,0.21169933532084553,0.2883006646791545
180206,2022,1.0,0.21169933532084553,0.7883006646791545
180206,2023,0.0,0.21169933532084553,-0.21169933532084553
180206,2024,0.2,0.21169933532084553,-0.011699335320845522
180206,2025,0.333333333,0.21169933532084553,0.12163399767915448
180207,2021,0.0,0.30394246680042897,-0.30394246680042897
180207,2022,0.0,0.30394246680042897,-0.30394246680042897
180207,2023,0.0,0.30394246680042897,-0.30394246680042897
180207,2024,0.166666667,0.30394246680042897,-0.13727579980042898
180207,2025,0.142857143,0.30394246680042897,-0.16108532380042898
180208,2021,0.0,0.4781121658137548,-0.4781121658137548
180208,2022,0.272727273,0.4781121658137548,-0.20538489281375483
180208,2023,0.102564103,0.4781121658137548,-0.3755480628137548
180208,2024,0.05,0.4781121658137548,-0.42811216581375483
180208,2025,0.227272727,0.4781121658137548,-0.2508394388137548
180209,2021,0.5,0.30020530664016426,0.19979469335983574
180209,2023,0.333333333,0.30020530664016426,0.03312802635983575
180209,2024,0.444444444,0.30020530664016426,0.14423913735983573
180209,2025,0.333333333,0.30020530664016426,0.03312802635983575
180210,2021,0.166666667,0.3024974031716557,-0.1358307361716557
180210,2022,0.333333333,0.3024974031716557,0.03083592982834432
180210,2023,0.333333333,0.3024974031716557,0.03083592982834432
180210,2024,0.277777778,0.3024974031716557,-0.024719625171655712
180210,2025,0.3,0.3024974031716557,-0.002497403171655699
180211,2021,1.0,0.4185695437975087,0.5814304562024912
180211,2022,0.8,0.4185695437975087,0.38143045620249133
180211,2023,0.214285714,0.4185695437975087,-0.20428382979750873
180211,2024,0.083333333,0.4185695437975087,-0.3352362107975087
180211,2025,0.181818182,0.4185695437975087,-0.23675136179750872
180301,2021,0.184365782,0.17226515563975012,0.012100626360249889
180301,2022,0.332493703,0.17226515563975012,0.16022854736024986
180301,2023,0.16796875,0.17226515563975012,-0.004296405639750117
180301,2024,0.116212339,0.17226515563975012,-0.05605281663975012
180301,2025,0.062302839,0.17226515563975012,-0.10996231663975012
180302,2021,0.623188406,0.18450486371498162,0.4386835422850184
180302,2022,0.470588235,0.18450486371498162,0.2860833712850184
180302,2023,0.222857143,0.18450486371498162,0.03835227928501839
180302,2024,0.225108225,0.18450486371498162,0.040603361285018374
180302,2025,0.138888889,0.18450486371498162,-0.04561597471498163
180303,2021,0.0,0.14660940410986623,-0.14660940410986623
180303,2022,0.0,0.14660940410986623,-0.14660940410986623
180303,2023,0.0,0.14660940410986623,-0.14660940410986623
180303,2024,0.0,0.14660940410986623,-0.14660940410986623
180303,2025,0.0,0.14660940410986623,-0.14660940410986623
190101,2021,0.616045845,0.3414035223858643,0.27464232261413574
190101,2022,0.614130435,0.3414035223858643,0.2727269126141357
190101,2023,0.483433735,0.3414035223858643,0.14203021261413568
190101,2024,0.254730713,0.3414035223858643,-0.0866728093858643
190101,2025,0.260450161,0.3414035223858643,-0.08095336138586429
190102,2021,0.796875,0.2856147795345306,0.5112602204654694
190102,2022,0.695652174,0.2856147795345306,0.4100373944654694
190102,2023,0.567567568,0.2856147795345306,0.28195278846546934
190102,2024,0.3203125,0.2856147795345306,0.03469772046546937
190102,2025,0.430769231,0.2856147795345306,0.14515445146546935
190103,2021,0.120689655,0.2526146172336902,-0.1319249622336902
190103,2022,0.132352941,0.2526146172336902,-0.12026167623369022
190103,2023,0.141304348,0.2526146172336902,-0.11131026923369022
190103,2024,0.155,0.2526146172336902,-0.09761461723369022
190103,2025,0.248554913,0.2526146172336902,-0.004059704233690231
190104,2021,0.472222222,0.3606586259162383,0.1115635960837617
190104,2022,0.571428571,0.3606586259162383,0.21076994508376168
190104,2023,0.288288288,0.3606586259162383,-0.07237033791623831
190104,2024,0.151898734,0.3606586259162383,-0.2087598919162383
190104,2025,0.203821656,0.3606586259162383,-0.15683696991623833
190105,2021,0.322033898,0.3365565278754981,-0.014522629875498128
190105,2022,0.428571429,0.3365565278754981,0.09201490112450189
190105,2023,0.198630137,0.3365565278754981,-0.1379263908754981
190105,2024,0.144508671,0.3365565278754981,-0.1920478568754981
190105,2025,0.189873418,0.3365565278754981,-0.14668310987549812
190106,2021,0.565217391,0.31798337674265836,0.24723401425734165
190106,2022,0.125,0.31798337674265836,-0.19298337674265836
190106,2023,0.185185185,0.31798337674265836,-0.13279819174265836
190106,2024,0.196428571,0.31798337674265836,-0.12155480574265837
190106,2025,0.153846154,0.31798337674265836,-0.16413722274265835
190107,2021,0.923566879,0.31180863211356846,0.6117582468864315
190107,2022,0.941176471,0.31180863211356846,0.6293678388864316
190107,2023,0.907960199,0.31180863211356846,0.5961515668864316
190107,2024,0.709601874,0.31180863211356846,0.3977932418864315
190107,2025,0.278089888,0.31180863211356846,-0.033718744113568455
190108,2021,0.694444444,0.35059576969052714,0.3438486743094729
190108,2022,0.666666667,0.35059576969052714,0.31607089730947285
190108,2023,0.327272727,0.35059576969052714,-0.02332304269052715
190108,2024,0.246376812,0.35059576969052714,-0.10421895769052714
190108,2025,0.322580645,0.35059576969052714,-0.028015124690527138
190109,2021,0.45320197,0.35554825344150576,0.09765371655849425
190109,2022,0.460992908,0.35554825344150576,0.10544465455849422
190109,2023,0.320474777,0.35554825344150576,-0.03507347644150577
190109,2024,0.125,0.35554825344150576,-0.23054825344150576
190109,2025,0.185606061,0.35554825344150576,-0.16994219244150577
190110,2021,0.577777778,0.35090312942628554,0.22687464857371442
190110,2022,0.392857143,0.35090312942628554,0.04195401357371448
190110,2023,0.171428571,0.35090312942628554,-0.17947455842628554
190110,2024,0.051948052,0.35090312942628554,-0.2989550774262855
190110,2025,0.047244094,0.35090312942628554,-0.30365903542628553
190111,2021,0.62962963,0.36498533252587556,0.2646442974741245
190111,2022,0.5,0.36498533252587556,0.13501466747412444
190111,2023,0.532374101,0.36498533252587556,0.16738876847412448
190111,2024,0.210884354,0.36498533252587556,-0.15410097852587556
190111,2025,0.144144144,0.36498533252587556,-0.22084118852587556
190112,2021,0.531914894,0.285561600351921,0.246353293648079
190112,2022,0.59375,0.285561600351921,0.308188399648079
190112,2023,0.476190476,0.285561600351921,0.19062887564807895
190112,2024,0.09,0.285561600351921,-0.19556160035192102
190112,2025,0.069767442,0.285561600351921,-0.215794158351921
190113,2021,0.363636364,0.30242443462827595,0.06121192937172404
190113,2022,0.299401198,0.30242443462827595,-0.0030232366282759715
190113,2023,0.21025641,0.30242443462827595,-0.09216802462827595
190113,2024,0.130541872,0.30242443462827595,-0.17188256262827595
190113,2025,0.137026239,0.30242443462827595,-0.16539819562827596
190201,2021,0.360465116,0.2461464216804432,0.11431869431955677
190201,2022,0.373563218,0.2461464216804432,0.12741679631955677
190201,2023,0.292841649,0.2461464216804432,0.046695227319556776
190201,2024,0.149553571,0.2461464216804432,-0.09659285068044321
190201,2025,0.225419664,0.2461464216804432,-0.020726757680443214
190202,2021,0.761904762,0.22091757767464912,0.5409871843253509
190202,2022,0.578947368,0.22091757767464912,0.35802979032535087
190202,2023,0.296296296,0.22091757767464912,0.0753787183253509
190202,2024,0.1,0.22091757767464912,-0.12091757767464911
190202,2025,0.038461538,0.22091757767464912,-0.18245603967464913
190203,2023,1.0,0.26247631805845967,0.7375236819415403
190203,2024,0.0,0.26247631805845967,-0.26247631805845967
190203,2025,0.5,0.26247631805845967,0.23752368194154033
190204,2021,0.210526316,0.3081568481801032,-0.0976305321801032
190204,2022,0.208333333,0.3081568481801032,-0.09982351518010318
190204,2023,0.082191781,0.3081568481801032,-0.22596506718010317
190204,2024,0.08,0.3081568481801032,-0.22815684818010318
190204,2025,0.133333333,0.3081568481801032,-0.1748235151801032
190205,2021,0.571428571,0.30807401729652134,0.26335455370347866
190205,2022,0.277777778,0.30807401729652134,-0.030296239296521366
190205,2023,0.060606061,0.30807401729652134,-0.24746795629652135
190205,2024,0.033333333,0.30807401729652134,-0.2747406842965213
190205,2025,0.1,0.30807401729652134,-0.20807401729652134
190206,2021,0.321428571,0.31522749018691754,0.00620108081308246
190206,2022,0.323529412,0.31522749018691754,0.00830192181308248
190206,2023,0.201257862,0.31522749018691754,-0.11396962818691753
190206,2024,0.141975309,0.31522749018691754,-0.17325218118691754
190206,2025,0.121212121,0.31522749018691754,-0.19401536918691753
190207,2021,0.666666667,0.2877567926133704,0.3789098743866296
190207,2022,0.35,0.2877567926133704,0.062243207386629584
190207,2023,0.5,0.2877567926133704,0.2122432073866296
190207,2024,0.133333333,0.2877567926133704,-0.1544234596133704
190207,2025,0.272727273,0.2877567926133704,-0.015029519613370401
190208,2021,0.333333333,0.2641284431611075,0.0692048898388925
190208,2022,0.0,0.2641284431611075,-0.2641284431611075
190208,2023,0.2,0.2641284431611075,-0.0641284431611075
190208,2024,0.130434783,0.2641284431611075,-0.1336936601611075
190208,2025,0.166666667,0.2641284431611075,-0.09746177616110752
190301,2021,0.438735178,0.25245309857421777,0.18628207942578223
190301,2022,0.277777778,0.25245309857421777,0.025324679425782204
190301,2023,0.120075047,0.25245309857421777,-0.13237805157421778
190301,2024,0.268602541,0.25245309857421777,0.0161494424257822
190301,2025,0.220647773,0.25245309857421777,-0.03180532557421778
190302,2021,0.402597403,0.28383217082105794,0.11876523217894208
190302,2022,0.358208955,0.28383217082105794,0.07437678417894206
190302,2023,0.259803922,0.28383217082105794,-0.024028248821057918
190302,2024,0.331730769,0.28383217082105794,0.04789859817894204
190302,2025,0.251533742,0.28383217082105794,-0.032298428821057934
190303,2021,0.380597015,0.30042357357836236,0.08017344142163763
190303,2022,0.304347826,0.30042357357836236,0.003924252421637631
190303,2023,0.268939394,0.30042357357836236,-0.03148417957836236
190303,2024,0.203007519,0.30042357357836236,-0.09741605457836236
190303,2025,0.138339921,0.30042357357836236,-0.16208365257836235
190304,2021,0.37037037,0.232908174889808,0.137462195110192
190304,2022,0.401408451,0.232908174889808,0.168500276110192
190304,2023,0.303664921,0.232908174889808,0.07075674611019198
190304,2024,0.085828343,0.232908174889808,-0.147079831889808
190304,2025,0.069767442,0.232908174889808,-0.16314073288980802
190305,2021,0.253521127,0.22919912647558693,0.02432200052441308
190305,2022,0.297297297,0.22919912647558693,0.06809817052441308
190305,2023,0.248175182,0.22919912647558693,0.01897605552441306
190305,2024,0.377289377,0.22919912647558693,0.14809025052441305
190305,2025,0.194552529,0.22919912647558693,-0.03464659747558693
190306,2021,0.434065934,0.224249069937542,0.20981686406245798
190306,2022,0.54025974,0.224249069937542,0.316010670062458
190306,2023,0.38664158,0.224249069937542,0.16239251006245797
190306,2024,0.168473728,0.224249069937542,-0.05577534193754202
190306,2025,0.109610802,0.224249069937542,-0.11463826793754202
190307,2021,0.570498915,0.2690291862511385,0.3014697287488616
190307,2022,0.524725275,0.2690291862511385,0.2556960887488615
190307,2023,0.450858034,0.2690291862511385,0.18182884774886154
190307,2024,0.401734104,0.2690291862511385,0.1327049177488615
190307,2025,0.21197411,0.2690291862511385,-0.05705507625113848
190308,2021,0.225316456,0.1898973061116121,0.0354191498883879
190308,2022,0.188095238,0.1898973061116121,-0.0018020681116120985
190308,2023,0.222121487,0.1898973061116121,0.03222418088838791
190308,2024,0.186792453,0.1898973061116121,-0.003104853111612099
190308,2025,0.157315732,0.1898973061116121,-0.03258157411161208
200101,2021,0.094827586,0.16185933609263137,-0.06703175009263136
200101,2022,0.157858614,0.16185933609263137,-0.004000722092631359
200101,2023,0.100168067,0.16185933609263137,-0.06169126909263137
200101,2024,0.044444444,0.16185933609263137,-0.11741489209263137
200101,2025,0.036903039,0.16185933609263137,-0.12495629709263137
200104,2021,0.179836512,0.15435903686678126,0.02547747513321874
200104,2022,0.234022105,0.15435903686678126,0.07966306813321875
200104,2023,0.177851553,0.15435903686678126,0.023492516133218733
200104,2024,0.095066456,0.15435903686678126,-0.05929258086678127
200104,2025,0.095535046,0.15435903686678126,-0.058823990866781264
200105,2021,0.196357878,0.19432690281897552,0.0020309751810244914
200105,2022,0.209389671,0.19432690281897552,0.015062768181024477
200105,2023,0.128126202,0.19432690281897552,-0.06620070081897553
200105,2024,0.071848014,0.19432690281897552,-0.12247888881897552
200105,2025,0.073459716,0.19432690281897552,-0.12086718681897553
200107,2021,0.263636364,0.15401579088367412,0.10962057311632589
200107,2022,0.328,0.15401579088367412,0.1739842091163259
200107,2023,0.211576846,0.15401579088367412,0.05756105511632589
200107,2024,0.096638655,0.15401579088367412,-0.057377135883674116
200107,2025,0.08524173,0.15401579088367412,-0.06877406088367412
200108,2021,0.064814815,0.1478771182595477,-0.08306230325954769
200108,2022,0.078125,0.1478771182595477,-0.06975211825954769
200108,2023,0.045325779,0.1478771182595477,-0.1025513392595477
200108,2024,0.05915493,0.1478771182595477,-0.0887221882595477
200108,2025,0.031161473,0.1478771182595477,-0.1167156452595477
200109,2021,0.241531664,0.1360102356042084,0.1055214283957916
200109,2022,0.321483771,0.1360102356042084,0.18547353539579156
200109,2023,0.186342593,0.1360102356042084,0.05033235739579159
200109,2024,0.082887701,0.1360102356042084,-0.05312253460420842
200109,2025,0.066516347,0.1360102356042084,-0.06949388860420841
200110,2021,0.170437406,0.15838985443602335,0.01204755156397666
200110,2022,0.156414763,0.15838985443602335,-0.0019750914360233407
200110,2023,0.096527778,0.15838985443602335,-0.06186207643602336
200110,2024,0.071917808,0.15838985443602335,-0.08647204643602335
200110,2025,0.052303861,0.15838985443602335,-0.10608599343602335
200111,2021,0.074498567,0.16250714957953374,-0.08800858257953374
200111,2022,0.084985836,0.16250714957953374,-0.07752131357953375
200111,2023,0.064773736,0.16250714957953374,-0.09773341357953375
200111,2024,0.020480855,0.16250714957953374,-0.14202629457953375
200111,2025,0.015952144,0.16250714957953374,-0.14655500557953374
200114,2021,0.096611722,0.15694763498353284,-0.060335912983532844
200114,2022,0.122684026,0.15694763498353284,-0.03426360898353284
200114,2023,0.096622004,0.15694763498353284,-0.060325630983532844
200114,2024,0.036899685,0.15694763498353284,-0.12004794998353284
200114,2025,0.04339092,0.15694763498353284,-0.11355671498353284
200115,2021,0.13003663,0.16018218081429234,-0.03014555081429235
200115,2022,0.17176209,0.16018218081429234,0.01157990918570767
200115,2023,0.108721066,0.16018218081429234,-0.05146111481429233
200115,2024,0.062723214,0.16018218081429234,-0.09745896681429234
200115,2025,0.051382488,0.16018218081429234,-0.10879969281429233
200201,2021,0.661333333,0.38251096072190094,0.27882237227809903
200201,2022,0.651764706,0.38251096072190094,0.2692537452780991
200201,2023,0.540912382,0.38251096072190094,0.15840142127809909
200201,2024,0.588375796,0.38251096072190094,0.20586483527809907
200201,2025,0.449557522,0.38251096072190094,0.06704656127809905
200202,2021,0.143369176,0.2261597069063921,-0.0827905309063921
200202,2022,0.111940299,0.2261597069063921,-0.1142194079063921
200202,2023,0.118942731,0.2261597069063921,-0.10721697590639209
200202,2024,0.196897375,0.2261597069063921,-0.029262331906392075
200202,2025,0.135416667,0.2261597069063921,-0.0907430399063921
200203,2021,0.072727273,0.2025118391709926,-0.1297845661709926
200203,2022,0.247058824,0.2025118391709926,0.0445469848290074
200203,2023,0.186915888,0.2025118391709926,-0.015595951170992606
200203,2024,0.309090909,0.2025118391709926,0.10657906982900742
200203,2025,0.315217391,0.2025118391709926,0.1127055518290074
200204,2021,0.717948718,0.2332654453236467,0.48468327267635336
200204,2022,0.803418803,0.2332654453236467,0.5701533576763533
200204,2023,0.679127726,0.2332654453236467,0.44586228067635336
200204,2024,0.515923567,0.2332654453236467,0.2826581216763533
200204,2025,0.387205387,0.2332654453236467,0.1539399416763533
200205,2021,0.14953271,0.20508320040078065,-0.05555049040078064
200205,2022,0.178217822,0.20508320040078065,-0.026865378400780654
200205,2023,0.196581197,0.20508320040078065,-0.008502003400780639
200205,2024,0.404651163,0.20508320040078065,0.19956796259921933
200205,2025,0.392045455,0.20508320040078065,0.18696225459921934
200206,2021,0.340909091,0.264490512558321,0.07641857844167899
200206,2022,0.336158192,0.264490512558321,0.07166767944167901
200206,2023,0.258986175,0.264490512558321,-0.005504337558321026
200206,2024,0.297966401,0.264490512558321,0.03347588844167898
200206,2025,0.241408935,0.264490512558321,-0.02308157755832102
200207,2021,0.183006536,0.23136597557473515,-0.04835943957473515
200207,2022,0.169811321,0.23136597557473515,-0.06155465457473516
200207,2023,0.135321101,0.23136597557473515,-0.09604487457473515
200207,2024,0.208436725,0.23136597557473515,-0.02292925057473516
200207,2025,0.183673469,0.23136597557473515,-0.047692506574735144
200208,2021,0.116959064,0.24592530281427813,-0.12896623881427813
200208,2022,0.211711712,0.24592530281427813,-0.03421359081427813
200208,2023,0.181818182,0.24592530281427813,-0.06410712081427813
200208,2024,0.34965035,0.24592530281427813,0.10372504718572187
200208,2025,0.248046875,0.24592530281427813,0.0021215721857218706
200209,2021,0.340909091,0.19685762873621443,0.14405146226378557
200209,2022,0.444444444,0.19685762873621443,0.24758681526378556
200209,2023,0.25,0.19685762873621443,0.05314237126378557
200209,2024,0.358974359,0.19685762873621443,0.1621167302637856
200209,2025,0.291666667,0.19685762873621443,0.09480903826378556
200210,2021,0.133333333,0.15482499269204025,-0.021491659692040255
200210,2022,0.157360406,0.15482499269204025,0.002535413307959755
200210,2023,0.05075188,0.15482499269204025,-0.10407311269204025
200210,2024,0.056565657,0.15482499269204025,-0.09825933569204026
200210,2025,0.056603774,0.15482499269204025,-0.09822121869204026
200301,2021,0.215351812,0.1989817298069233,0.0163700821930767
200301,2022,0.262626263,0.1989817298069233,0.06364453319307672
200301,2023,0.200900901,0.1989817298069233,0.0019191711930766908
200301,2024,0.225153914,0.1989817298069233,0.02617218419307671
200301,2025,0.192934783,0.1989817298069233,-0.0060469468069233034
200302,2021,0.355371901,0.24208175083336353,0.11329015016663646
200302,2022,0.347368421,0.24208175083336353,0.10528667016663645
200302,2023,0.278431373,0.24208175083336353,0.03634962216663645
200302,2024,0.282786885,0.24208175083336353,0.04070513416663646
200302,2025,0.251256281,0.24208175083336353,0.009174530166636496
200303,2021,0.740112994,0.47553747843068045,0.2645755155693195
200303,2022,0.769230769,0.47553747843068045,0.29369329056931953
200303,2023,0.592519685,0.47553747843068045,0.11698220656931951
200303,2024,0.334728033,0.47553747843068045,-0.14080944543068047
200303,2025,0.066350711,0.47553747843068045,-0.40918676743068044
200304,2021,0.564102564,0.2731264990857693,0.2909760649142307
200304,2022,0.567877629,0.2731264990857693,0.29475112991423075
200304,2023,0.417885264,0.2731264990857693,0.14475876491423068
200304,2024,0.436223081,0.2731264990857693,0.1630965819142307
200304,2025,0.298685783,0.2731264990857693,0.02555928391423068
200305,2021,0.204545455,0.18347681972080085,0.021068635279199138
200305,2022,0.311111111,0.18347681972080085,0.12763429127919915
200305,2023,0.256756757,0.18347681972080085,0.07327993727919915
200305,2024,0.209459459,0.18347681972080085,0.025982639279199138
200305,2025,0.124031008,0.18347681972080085,-0.05944581172080085
200306,2021,0.281690141,0.2745754102203185,0.0071147307796815
200306,2022,0.25,0.2745754102203185,-0.024575410220318505
200306,2023,0.188372093,0.2745754102203185,-0.08620331722031851
200306,2024,0.24137931,0.2745754102203185,-0.03319610022031849
200306,2025,0.24566474,0.2745754102203185,-0.028910670220318513
200307,2021,0.36,0.2251463312105375,0.13485366878946248
200307,2022,0.473684211,0.2251463312105375,0.2485378797894625
200307,2023,0.343642612,0.2251463312105375,0.1184962807894625
200307,2024,0.161512027,0.2251463312105375,-0.0636343042105375
200307,2025,0.123015873,0.2251463312105375,-0.10213045821053751
200308,2021,0.291390728,0.2301642587166086,0.0612264692833914
200308,2022,0.481818182,0.2301642587166086,0.2516539232833914
200308,2023,0.32853717,0.2301642587166086,0.0983729112833914
200308,2024,0.363636364,0.2301642587166086,0.1334721052833914
200308,2025,0.185882353,0.2301642587166086,-0.04428190571660859
200401,2021,0.149273448,0.17094513685028026,-0.021671688850280257
200401,2022,0.191768007,0.17094513685028026,0.02082287014971973
200401,2023,0.128796195,0.17094513685028026,-0.04214894185028026
200401,2024,0.089949017,0.17094513685028026,-0.08099611985028025
200401,2025,0.071162444,0.17094513685028026,-0.09978269285028026
200402,2021,0.194029851,0.15632832242636877,0.03770152857363124
200402,2022,0.388888889,0.15632832242636877,0.23256056657363125
200402,2023,0.194444444,0.15632832242636877,0.03811612157363123
200402,2024,0.095717884,0.15632832242636877,-0.06061043842636876
200402,2025,0.086455331,0.15632832242636877,-0.06987299142636877
200403,2021,0.271604938,0.21353495664564517,0.058069981354354844
200403,2022,0.392857143,0.21353495664564517,0.17932218635435485
200403,2023,0.31300813,0.21353495664564517,0.09947317335435482
200403,2024,0.293436293,0.21353495664564517,0.07990133635435484
200403,2025,0.315068493,0.21353495664564517,0.10153353635435483
200404,2021,0.21799308,0.1902973361493847,0.027695743850615295
200404,2022,0.216101695,0.1902973361493847,0.0258043588506153
200404,2023,0.091292135,0.1902973361493847,-0.09900520114938471
200404,2024,0.039938556,0.1902973361493847,-0.1503587801493847
200404,2025,0.046511628,0.1902973361493847,-0.1437857081493847
200405,2021,0.007194245,0.1549073700880465,-0.14771312508804652
200405,2022,0.116438356,0.1549073700880465,-0.038469014088046496
200405,2023,0.035476718,0.1549073700880465,-0.11943065208804651
200405,2024,0.021377672,0.1549073700880465,-0.1335296980880465
200405,2025,0.01459854,0.1549073700880465,-0.1403088300880465
200406,2021,0.2,0.1529670725187116,0.0470329274812884
200406,2022,0.268041237,0.1529670725187116,0.11507416448128838
200406,2023,0.15403423,0.1529670725187116,0.0010671574812883833
200406,2024,0.115124153,0.1529670725187116,-0.037842919518711604
200406,2025,0.068376068,0.1529670725187116,-0.08459100451871161
200407,2021,0.188235294,0.15241813144335395,0.03581716255664605
200407,2022,0.112903226,0.15241813144335395,-0.039514905443353954
200407,2023,0.071428571,0.15241813144335395,-0.08098956044335395
200407,2024,0.041666667,0.15241813144335395,-0.11075146444335396
200407,2025,0.023364486,0.15241813144335395,-0.12905364544335396
200408,2021,0.1,0.22775470465111639,-0.12775470465111638
200408,2022,0.098360656,0.22775470465111639,-0.12939404865111637
200408,2023,0.096551724,0.22775470465111639,-0.13120298065111638
200408,2024,0.2578125,0.22775470465111639,0.030057795348883615
200408,2025,0.179775281,0.22775470465111639,-0.047979423651116376
200409,2021,0.235294118,0.25833450269629066,-0.02304038469629066
200409,2022,0.219512195,0.25833450269629066,-0.038822307696290664
200409,2023,0.16374269,0.25833450269629066,-0.09459181269629066
200409,2024,0.230769231,0.25833450269629066,-0.027565271696290666
200409,2025,0.340277778,0.25833450269629066,0.08194327530370932
200410,2021,0.391304348,0.25675857871962476,0.13454576928037526
200410,2022,0.294117647,0.25675857871962476,0.03735906828037522
200410,2023,0.275735294,0.25675857871962476,0.018976715280375256
200410,2024,0.328244275,0.25675857871962476,0.07148569628037521
200410,2025,0.17768595,0.25675857871962476,-0.07907262871962475
200501,2021,0.174770039,0.19885967375241131,-0.024089634752411326
200501,2022,0.196759259,0.19885967375241131,-0.0021004147524113226
200501,2023,0.11975789,0.19885967375241131,-0.07910178375241131
200501,2024,0.099432892,0.19885967375241131,-0.09942678175241132
200501,2025,0.072148953,0.19885967375241131,-0.1267107207524113
200502,2021,0.078947368,0.13868763741826826,-0.05974026941826825
200502,2022,0.127659574,0.13868763741826826,-0.011028063418268258
200502,2023,0.145833333,0.13868763741826826,0.0071456955817317536
200502,2024,0.088607595,0.13868763741826826,-0.05008004241826826
200502,2025,0.04,0.13868763741826826,-0.09868763741826825
200503,2021,0.384615385,0.14415558787212884,0.24045979712787113
200503,2022,0.25,0.14415558787212884,0.10584441212787116
200503,2023,0.2,0.14415558787212884,0.05584441212787117
200503,2024,0.028571429,0.14415558787212884,-0.11558415887212885
200503,2025,0.051282051,0.14415558787212884,-0.09287353687212885
200504,2021,0.165467626,0.13694217245818227,0.028525453541817736
200504,2022,0.296442688,0.13694217245818227,0.15950051554181774
200504,2023,0.173104435,0.13694217245818227,0.03616226254181773
200504,2024,0.103197674,0.13694217245818227,-0.03374449845818227
200504,2025,0.076804916,0.13694217245818227,-0.06013725645818227
200505,2021,0.018115942,0.1453235298370109,-0.12720758783701092
200505,2022,0.097777778,0.1453235298370109,-0.047545751837010916
200505,2023,0.11827957,0.1453235298370109,-0.02704395983701091
200505,2024,0.036259542,0.1453235298370109,-0.1090639878370109
200505,2025,0.023554604,0.1453235298370109,-0.1217689258370109
200506,2021,0.049689441,0.14726728052393978,-0.09757783952393978
200506,2022,0.156862745,0.14726728052393978,0.009595464476060217
200506,2023,0.083798883,0.14726728052393978,-0.06346839752393978
200506,2024,0.047297297,0.14726728052393978,-0.09996998352393978
200506,2025,0.023255814,0.14726728052393978,-0.12401146652393978
200507,2021,0.170454545,0.17477943729784018,-0.004324892297840166
200507,2022,0.209876543,0.17477943729784018,0.03509710570215982
200507,2023,0.139097744,0.17477943729784018,-0.035681693297840184
200507,2024,0.056451613,0.17477943729784018,-0.11832782429784018
200507,2025,0.091269841,0.17477943729784018,-0.08350959629784017
200601,2021,0.189081886,0.13843978165070916,0.05064210434929084
200601,2022,0.179551122,0.13843978165070916,0.04111134034929084
200601,2023,0.110692103,0.13843978165070916,-0.027747678650709165
200601,2024,0.071703464,0.13843978165070916,-0.06673631765070917
200601,2025,0.065372168,0.13843978165070916,-0.07306761365070917
200602,2021,0.233766234,0.17394392289874436,0.05982231110125563
200602,2022,0.222707424,0.17394392289874436,0.04876350110125563
200602,2023,0.141372141,0.17394392289874436,-0.03257178189874435
200602,2024,0.069277108,0.17394392289874436,-0.10466681489874435
200602,2025,0.042364532,0.17394392289874436,-0.13157939089874435
200603,2021,0.196666667,0.1388919396773553,0.05777472732264469
200603,2022,0.210714286,0.1388919396773553,0.0718223463226447
200603,2023,0.171612903,0.1388919396773553,0.03272096332264471
200603,2024,0.086782377,0.1388919396773553,-0.05210956267735531
200603,2025,0.087289433,0.1388919396773553,-0.0516025066773553
200604,2021,0.084432718,0.2083619318910177,-0.1239292138910177
200604,2022,0.086842105,0.2083619318910177,-0.1215198268910177
200604,2023,0.069518717,0.2083619318910177,-0.1388432148910177
200604,2024,0.025782689,0.2083619318910177,-0.1825792428910177
200604,2025,0.017278618,0.2083619318910177,-0.1910833138910177
200605,2021,0.118644068,0.15256869761791336,-0.03392462961791336
200605,2022,0.16745283,0.15256869761791336,0.014884132382086634
200605,2023,0.090301003,0.15256869761791336,-0.06226769461791336
200605,2024,0.04492363,0.15256869761791336,-0.10764506761791337
200605,2025,0.0781893,0.15256869761791336,-0.07437939761791336
200606,2021,0.065420561,0.14273230714974924,-0.07731174614974924
200606,2022,0.109090909,0.14273230714974924,-0.033641398149749244
200606,2023,0.081794195,0.14273230714974924,-0.06093811214974924
200606,2024,0.03125,0.14273230714974924,-0.11148230714974924
200606,2025,0.021563342,0.14273230714974924,-0.12116896514974924
200607,2021,0.111504425,0.1373880198091388,-0.025883594809138807
200607,2022,0.113580247,0.1373880198091388,-0.023807772809138816
200607,2023,0.077922078,0.1373880198091388,-0.059465941809138806
200607,2024,0.053333333,0.1373880198091388,-0.08405468680913881
200607,2025,0.028915663,0.1373880198091388,-0.1084723568091388
200608,2021,0.164835165,0.1331884846546357,0.0316466803453643
200608,2022,0.045977011,0.1331884846546357,-0.0872114736546357
200608,2023,0.130232558,0.1331884846546357,-0.0029559266546357044
200608,2024,0.104803493,0.1331884846546357,-0.028384991654635705
200608,2025,0.023696682,0.1331884846546357,-0.1094918026546357
200701,2021,0.110473458,0.18173762514038577,-0.07126416714038578
200701,2022,0.126348228,0.18173762514038577,-0.055389397140385765
200701,2023,0.054326923,0.18173762514038577,-0.12741070214038577
200701,2024,0.043375766,0.18173762514038577,-0.13836185914038576
200701,2025,0.027737924,0.18173762514038577,-0.15399970114038578
200702,2021,0.289655172,0.16969102391803495,0.11996414808196507
200702,2022,0.295918367,0.16969102391803495,0.12622734308196507
200702,2023,0.219626168,0.16969102391803495,0.04993514408196506
200702,2024,0.097297297,0.16969102391803495,-0.07239372691803495
200702,2025,0.037037037,0.16969102391803495,-0.13265398691803496
200703,2021,0.00621118,0.18025938970301317,-0.17404820970301316
200703,2022,0.0,0.18025938970301317,-0.18025938970301317
200703,2023,0.020080321,0.18025938970301317,-0.16017906870301316
200703,2024,0.003546099,0.18025938970301317,-0.17671329070301317
200703,2025,0.008163265,0.18025938970301317,-0.17209612470301316
200704,2021,0.25,0.15595356813471262,0.09404643186528738
200704,2022,0.142857143,0.15595356813471262,-0.013096425134712625
200704,2023,0.142857143,0.15595356813471262,-0.013096425134712625
200704,2024,0.228571429,0.15595356813471262,0.07261786086528738
200704,2025,0.071428571,0.15595356813471262,-0.08452499713471262
200705,2021,0.237410072,0.14792216894432925,0.08948790305567075
200705,2022,0.162790698,0.14792216894432925,0.014868529055670765
200705,2023,0.178294574,0.14792216894432925,0.030372405055670765
200705,2024,0.033240997,0.14792216894432925,-0.11468117194432925
200705,2025,0.064896755,0.14792216894432925,-0.08302541394432925
200706,2021,0.281690141,0.14527443687551592,0.1364157041244841
200706,2022,0.252830189,0.14527443687551592,0.10755575212448407
200706,2023,0.28952381,0.14527443687551592,0.14424937312448408
200706,2024,0.140243902,0.14527443687551592,-0.005030534875515913
200706,2025,0.140724947,0.14527443687551592,-0.004549489875515927
200801,2021,0.212334802,0.18596293544599768,0.02637186655400231
200801,2022,0.262372349,0.18596293544599768,0.07640941355400233
200801,2023,0.200729927,0.18596293544599768,0.014766991554002323
200801,2024,0.104257168,0.18596293544599768,-0.08170576744599768
200801,2025,0.080179283,0.18596293544599768,-0.10578365244599768
200802,2021,0.138211382,0.15009323375742875,-0.011881851757428757
200802,2022,0.145833333,0.15009323375742875,-0.004259900757428742
200802,2023,0.169642857,0.15009323375742875,0.019549623242571257
200802,2024,0.076628352,0.15009323375742875,-0.07346488175742875
200802,2025,0.070247934,0.15009323375742875,-0.07984529975742875
200803,2021,0.160305344,0.17651994892522446,-0.016214604925224474
200803,2022,0.047619048,0.17651994892522446,-0.12890090092522447
200803,2023,0.033994334,0.17651994892522446,-0.14252561492522448
200803,2024,0.036619718,0.17651994892522446,-0.13990023092522447
200803,2025,0.043624161,0.17651994892522446,-0.13289578792522447
200804,2021,0.303278689,0.14225389173666703,0.16102479726333296
200804,2022,0.32,0.14225389173666703,0.17774610826333298
200804,2023,0.316326531,0.14225389173666703,0.174072639263333
200804,2024,0.195833333,0.14225389173666703,0.05357944126333297
200804,2025,0.03652968,0.14225389173666703,-0.10572421173666702
200805,2021,0.252336449,0.14838480472550308,0.10395164427449693
200805,2022,0.204081633,0.14838480472550308,0.05569682827449693
200805,2023,0.157129882,0.14838480472550308,0.008745077274496915
200805,2024,0.10738255,0.14838480472550308,-0.04100225472550309
200805,2025,0.074252652,0.14838480472550308,-0.07413215272550308
200806,2021,0.494117647,0.16131024023226812,0.3328074067677319
200806,2022,0.457142857,0.16131024023226812,0.29583261676773187
200806,2023,0.108333333,0.16131024023226812,-0.05297690723226811
200806,2024,0.052631579,0.16131024023226812,-0.10867866123226812
200806,2025,0.0,0.16131024023226812,-0.16131024023226812
210101,2021,0.49525453,0.2687189702268013,0.22653555977319872
210101,2022,0.450905624,0.2687189702268013,0.1821866537731987
210101,2023,0.331513261,0.2687189702268013,0.0627942907731987
210101,2024,0.112418831,0.2687189702268013,-0.1563001392268013
210101,2025,0.171901528,0.2687189702268013,-0.0968174422268013
210102,2021,0.30964467,0.275717416674151,0.033927253325849005
210102,2022,0.235023041,0.275717416674151,-0.04069437567415102
210102,2023,0.196544276,0.275717416674151,-0.07917314067415102
210102,2024,0.165725047,0.275717416674151,-0.10999236967415102
210102,2025,0.130319149,0.275717416674151,-0.145398267674151
210103,2021,0.47761194,0.26308544439949627,0.21452649560050374
210103,2022,0.138461538,0.26308544439949627,-0.12462390639949628
210103,2023,0.17699115,0.26308544439949627,-0.08609429439949626
210103,2024,0.164948454,0.26308544439949627,-0.09813699039949628
210103,2025,0.231884058,0.26308544439949627,-0.031201386399496267
210104,2021,0.552631579,0.2849737354577159,0.2676578435422841
210104,2022,0.695652174,0.2849737354577159,0.4106784385422841
210104,2023,0.31547619,0.2849737354577159,0.030502454542284063
210104,2024,0.206666667,0.2849737354577159,-0.07830706845771593
210104,2025,0.244094488,0.2849737354577159,-0.04087924745771593
210105,2021,0.371727749,0.2990822195825149,0.07264552941748509
210105,2022,0.316176471,0.2990822195825149,0.017094251417485107
210105,2023,0.176470588,0.2990822195825149,-0.1226116315825149
210105,2024,0.141361257,0.2990822195825149,-0.15772096258251492
210105,2025,0.189349112,0.2990822195825149,-0.1097331075825149
210106,2021,0.538461538,0.2943702954879539,0.24409124251204606
210106,2022,0.451612903,0.2943702954879539,0.1572426075120461
210106,2023,0.330985915,0.2943702954879539,0.036615619512046116
210106,2024,0.204545455,0.2943702954879539,-0.08982484048795392
210106,2025,0.23880597,0.2943702954879539,-0.0555643254879539
210107,2021,0.344086022,0.27823087539681085,0.06585514660318914
210107,2022,0.260273973,0.27823087539681085,-0.01795690239681086
210107,2023,0.122529644,0.27823087539681085,-0.15570123139681086
210107,2024,0.142241379,0.27823087539681085,-0.13598949639681085
210107,2025,0.32,0.27823087539681085,0.041769124603189156
210108,2021,0.333333333,0.24515545145932702,0.08817788154067299
210108,2022,0.733333333,0.24515545145932702,0.488177881540673
210108,2023,0.34939759,0.24515545145932702,0.10424213854067296
210108,2024,0.226804124,0.24515545145932702,-0.01835132745932702
210108,2025,0.322222222,0.24515545145932702,0.07706677054067299
210109,2021,0.643564356,0.2903697264604739,0.3531946295395261
210109,2022,0.53125,0.2903697264604739,0.24088027353952612
210109,2023,0.459119497,0.2903697264604739,0.1687497705395261
210109,2024,0.120567376,0.2903697264604739,-0.16980235046047387
210109,2025,0.243902439,0.2903697264604739,-0.04646728746047388
210110,2021,0.384615385,0.263356459299373,0.12125892570062696
210110,2022,0.292682927,0.263356459299373,0.029326467700626968
210110,2023,0.25,0.263356459299373,-0.013356459299373014
210110,2024,0.055555556,0.263356459299373,-0.207800903299373
210110,2025,0.12195122,0.263356459299373,-0.14140523929937301
210111,2021,0.263888889,0.3461235463691845,-0.0822346573691845
210111,2022,0.569892473,0.3461235463691845,0.2237689266308155
210111,2023,0.291139241,0.3461235463691845,-0.05498430536918453
210111,2024,0.203947368,0.3461235463691845,-0.14217617836918453
210111,2025,0.318965517,0.3461235463691845,-0.027158029369184544
210112,2021,0.243243243,0.2698553593544179,-0.026612116354417903
210112,2022,0.325581395,0.2698553593544179,0.055726035645582095
210112,2023,0.20610687,0.2698553593544179,-0.0637484893544179
210112,2024,0.128571429,0.2698553593544179,-0.1412839303544179
210112,2025,0.211009174,0.2698553593544179,-0.05884618535441791
210113,2021,0.933333333,0.4092353551423363,0.5240979778576638
210113,2022,0.888888889,0.4092353551423363,0.4796535338576637
210113,2023,0.666666667,0.4092353551423363,0.2574313118576637
210113,2024,0.125,0.4092353551423363,-0.2842353551423363
210113,2025,0.05,0.4092353551423363,-0.3592353551423363
210114,2021,0.333333333,0.25565635496659106,0.07767697803340895
210114,2022,0.111111111,0.25565635496659106,-0.14454524396659107
210114,2023,0.227272727,0.25565635496659106,-0.028383627966591052
210114,2024,0.071428571,0.25565635496659106,-0.18422778396659106
210114,2025,0.166666667,0.25565635496659106,-0.08898968796659107
210115,2021,0.20754717,0.24414192126234058,-0.036594751262340575
210115,2022,0.217391304,0.24414192126234058,-0.02675061726234057
210115,2023,0.105769231,0.24414192126234058,-0.13837269026234056
210115,2024,0.161616162,0.24414192126234058,-0.08252575926234057
210115,2025,0.159090909,0.24414192126234058,-0.08505101226234058
210201,2021,0.457627119,0.29116497365471805,0.16646214534528198
210201,2022,0.42920354,0.29116497365471805,0.13803856634528194
210201,2023,0.322916667,0.29116497365471805,0.03175169334528194
210201,2024,0.155370177,0.29116497365471805,-0.13579479665471805
210201,2025,0.26443418,0.29116497365471805,-0.026730793654718032
210202,2021,0.226415094,0.29837155713209257,-0.07195646313209256
210202,2022,0.074074074,0.29837155713209257,-0.22429748313209258
210202,2023,0.114285714,0.29837155713209257,-0.18408584313209259
210202,2024,0.020618557,0.29837155713209257,-0.2777530001320926
210202,2025,0.045977011,0.29837155713209257,-0.25239454613209256
210203,2021,0.282608696,0.27907130798545604,0.003537388014543952
210203,2022,0.285714286,0.27907130798545604,0.006642978014543943
210203,2023,0.402684564,0.27907130798545604,0.12361325601454398
210203,2024,0.102941176,0.27907130798545604,-0.17613013198545605
210203,2025,0.120300752,0.27907130798545604,-0.15877055598545603
210204,2021,0.47826087,0.2762623623705853,0.20199850762941468
210204,2022,0.625,0.2762623623705853,0.3487376376294147
210204,2023,0.460992908,0.2762623623705853,0.18473054562941466
210204,2024,0.165730337,0.2762623623705853,-0.11053202537058532
210204,2025,0.13961039,0.2762623623705853,-0.13665197237058532
210205,2021,0.578947368,0.24739470397518892,0.3315526640248111
210205,2022,0.170731707,0.24739470397518892,-0.07666299697518891
210205,2023,0.259259259,0.24739470397518892,0.011864555024811096
210205,2024,0.228915663,0.24739470397518892,-0.018479040975188932
210205,2025,0.220779221,0.24739470397518892,-0.026615482975188925
210206,2021,0.613636364,0.3077225825585146,0.3059137814414854
210206,2022,0.552631579,0.3077225825585146,0.24490899644148545
210206,2023,0.312101911,0.3077225825585146,0.0043793284414854194
210206,2024,0.164556962,0.3077225825585146,-0.1431656205585146
210206,2025,0.267241379,0.3077225825585146,-0.04048120355851459
210207,2021,0.428571429,0.31338569184458254,0.11518573715541747
210207,2022,0.369565217,0.31338569184458254,0.056179525155417465
210207,2023,0.301724138,0.31338569184458254,-0.011661553844582562
210207,2024,0.177570093,0.31338569184458254,-0.13581559884458252
210207,2025,0.138297872,0.31338569184458254,-0.17508781984458255
210208,2021,0.316666667,0.2939810954750311,0.022685571524968917
210208,2022,0.372093023,0.2939810954750311,0.07811192752496893
210208,2023,0.171296296,0.2939810954750311,-0.12268479947503111
210208,2024,0.133333333,0.2939810954750311,-0.1606477624750311
210208,2025,0.137254902,0.2939810954750311,-0.15672619347503108
210209,2021,0.694915254,0.29258142423163475,0.40233382976836524
210209,2022,0.675,0.29258142423163475,0.3824185757683653
210209,2023,0.491666667,0.29258142423163475,0.19908524276836526
210209,2024,0.157894737,0.29258142423163475,-0.13468668723163474
210209,2025,0.129032258,0.29258142423163475,-0.16354916623163473
210210,2021,0.412280702,0.2571955154699627,0.15508518653003728
210210,2022,0.335820896,0.2571955154699627,0.07862538053003726
210210,2023,0.254966887,0.2571955154699627,-0.0022286284699627457
210210,2024,0.111969112,0.2571955154699627,-0.14522640346996274
210210,2025,0.098290598,0.2571955154699627,-0.15890491746996271
210211,2021,0.527777778,0.2779239308522171,0.24985384714778291
210211,2022,0.5625,0.2779239308522171,0.2845760691477829
210211,2023,0.429951691,0.2779239308522171,0.1520277601477829
210211,2024,0.165048544,0.2779239308522171,-0.11287538685221712
210211,2025,0.212643678,0.2779239308522171,-0.06528025285221711
210212,2021,0.545454545,0.2517417975581861,0.2937127474418139
210212,2022,0.727272727,0.2517417975581861,0.4755309294418139
210212,2023,0.38317757,0.2517417975581861,0.13143577244181393
210212,2024,0.091743119,0.2517417975581861,-0.1599986785581861
210212,2025,0.146341463,0.2517417975581861,-0.10540033455818609
210213,2021,0.722222222,0.29363115657175387,0.4285910654282461
210213,2022,0.529411765,0.29363115657175387,0.2357806084282461
210213,2023,0.218181818,0.29363115657175387,-0.07544933857175387
210213,2024,0.118644068,0.29363115657175387,-0.17498708857175388
210213,2025,0.178571429,0.29363115657175387,-0.11505972757175387
210214,2021,0.5,0.2731233650797792,0.2268766349202208
210214,2022,0.4375,0.2731233650797792,0.1643766349202208
210214,2023,0.303370787,0.2731233650797792,0.030247421920220785
210214,2024,0.265060241,0.2731233650797792,-0.008063124079779216
210214,2025,0.24,0.2731233650797792,-0.0331233650797792
210215,2021,0.153846154,0.27234316721876495,-0.11849701321876493
210215,2022,0.0,0.27234316721876495,-0.27234316721876495
210215,2023,0.433333333,0.27234316721876495,0.16099016578123504
210215,2024,0.262295082,0.27234316721876495,-0.010048085218764935
210215,2025,0.527272727,0.27234316721876495,0.2549295597812351
210301,2021,0.698324022,0.33512793900795124,0.36319608299204875
210301,2022,0.655555556,0.33512793900795124,0.3204276169920488
210301,2023,0.470881864,0.33512793900795124,0.13575392499204875
210301,2024,0.233160622,0.33512793900795124,-0.10196731700795122
210301,2025,0.240875912,0.33512793900795124,-0.09425202700795124
210302,2021,0.8,0.3456085354143414,0.45439146458565866
210302,2022,0.176470588,0.3456085354143414,-0.16913794741434138
210302,2023,0.029850746,0.3456085354143414,-0.3157577894143414
210302,2024,0.015151515,0.3456085354143414,-0.3304570204143414
210302,2025,0.132075472,0.3456085354143414,-0.2135330634143414
210303,2021,0.516129032,0.3453438789331713,0.17078515306682873
210303,2022,0.35443038,0.3453438789331713,0.009086501066828678
210303,2023,0.287878788,0.3453438789331713,-0.057465090933171314
210303,2024,0.088757396,0.3453438789331713,-0.2565864829331713
210303,2025,0.118055556,0.3453438789331713,-0.2272883229331713
210304,2021,0.5,0.33481301217982645,0.16518698782017355
210304,2022,0.621212121,0.33481301217982645,0.28639910882017355
210304,2023,0.447115385,0.33481301217982645,0.11230237282017352
210304,2024,0.111111111,0.33481301217982645,-0.22370190117982647
210304,2025,0.156862745,0.33481301217982645,-0.17795026717982645
210305,2021,0.416666667,0.31900723186887,0.09765943513113001
210305,2022,0.191489362,0.31900723186887,-0.12751786986886998
210305,2023,0.075757576,0.31900723186887,-0.24324965586886999
210305,2024,0.078125,0.31900723186887,-0.24088223186886998
210305,2025,0.071428571,0.31900723186887,-0.24757866086886998
210306,2021,0.65060241,0.348741734887494,0.30186067511250597
210306,2022,0.597222222,0.348741734887494,0.24848048711250598
210306,2023,0.490131579,0.348741734887494,0.141389844112506
210306,2024,0.20735786,0.348741734887494,-0.141383874887494
210306,2025,0.161048689,0.348741734887494,-0.187693045887494
210307,2021,0.141176471,0.40046696179392643,-0.2592904907939264
210307,2022,0.081081081,0.40046696179392643,-0.31938588079392644
210307,2023,0.057692308,0.40046696179392643,-0.34277465379392646
210307,2024,0.053571429,0.40046696179392643,-0.34689553279392643
210307,2025,0.076086957,0.40046696179392643,-0.3243800047939264
210308,2021,0.135416667,0.29922809212301593,-0.16381142512301594
210308,2022,0.154761905,0.29922809212301593,-0.14446618712301593
210308,2023,0.058355438,0.29922809212301593,-0.24087265412301592
210308,2024,0.084507042,0.29922809212301593,-0.21472105012301593
210308,2025,0.026865672,0.29922809212301593,-0.2723624201230159
210309,2021,0.460465116,0.2548156468941434,0.20564946910585663
210309,2022,0.478723404,0.2548156468941434,0.22390775710585664
210309,2023,0.278592375,0.2548156468941434,0.023776728105856626
210309,2024,0.213114754,0.2548156468941434,-0.04170089289414339
210309,2025,0.299684543,0.2548156468941434,0.04486889610585665
210310,2021,0.288135593,0.2396984634891743,0.04843712951082571
210310,2022,0.272727273,0.2396984634891743,0.03302880951082568
210310,2023,0.37037037,0.2396984634891743,0.1306719065108257
210310,2024,0.152941176,0.2396984634891743,-0.0867572874891743
210310,2025,0.056818182,0.2396984634891743,-0.18288028148917432
210401,2021,0.396226415,0.2908296610015279,0.10539675399847209
210401,2022,0.253164557,0.2908296610015279,-0.037665104001527894
210401,2023,0.292517007,0.2908296610015279,0.0016873459984720895
210401,2024,0.252983294,0.2908296610015279,-0.03784636700152788
210401,2025,0.201072386,0.2908296610015279,-0.08975727500152791
210402,2021,0.65,0.27513155827392716,0.37486844172607287
210402,2022,0.59375,0.27513155827392716,0.31861844172607284
210402,2023,0.151219512,0.27513155827392716,-0.12391204627392716
210402,2024,0.226495726,0.27513155827392716,-0.04863583227392715
210402,2025,0.349794239,0.27513155827392716,0.07466268072607285
210403,2021,0.432432432,0.2506943990310774,0.1817380329689226
210403,2022,0.171428571,0.2506943990310774,-0.07926582803107737
210403,2023,0.340659341,0.2506943990310774,0.08996494196892263
210403,2024,0.098039216,0.2506943990310774,-0.1526551830310774
210403,2025,0.182795699,0.2506943990310774,-0.06789870003107737
210404,2021,0.482758621,0.2672668326570959,0.2154917883429041
210404,2022,0.387096774,0.2672668326570959,0.11982994134290409
210404,2023,0.407407407,0.2672668326570959,0.1401405743429041
210404,2024,0.361702128,0.2672668326570959,0.09443529534290412
210404,2025,0.246753247,0.2672668326570959,-0.02051358565709588
210405,2021,0.55,0.3080226700299401,0.24197732997005994
210405,2022,0.826086957,0.3080226700299401,0.5180642869700599
210405,2023,0.608108108,0.3080226700299401,0.30008543797005993
210405,2024,0.32,0.3080226700299401,0.011977329970059902
210405,2025,0.237288136,0.3080226700299401,-0.0707345340299401
210406,2021,0.563380282,0.2933837961931425,0.26999648580685753
210406,2022,0.207048458,0.2933837961931425,-0.08633533819314249
210406,2023,0.151851852,0.2933837961931425,-0.14153194419314247
210406,2024,0.220883534,0.2933837961931425,-0.07250026219314248
210406,2025,0.087155963,0.2933837961931425,-0.20622783319314247
210407,2021,0.56969697,0.266702703669306,0.302994266330694
210407,2022,0.377419355,0.266702703669306,0.11071665133069403
210407,2023,0.301298701,0.266702703669306,0.03459599733069402
210407,2024,0.204359673,0.266702703669306,-0.06234303066930599
210407,2025,0.314984709,0.266702703669306,0.04828200533069399
210501,2021,0.393442623,0.2792162305250788,0.11422639247492117
210501,2022,0.241509434,0.2792162305250788,-0.03770679652507883
210501,2023,0.204861111,0.2792162305250788,-0.07435511952507881
210501,2024,0.196192053,0.2792162305250788,-0.08302417752507882
210501,2025,0.21770551,0.2792162305250788,-0.06151072052507883
210502,2021,0.384615385,0.37893340317432855,0.005681981825671423
210502,2022,0.5625,0.37893340317432855,0.18356659682567145
210502,2023,0.142857143,0.37893340317432855,-0.23607626017432856
210502,2024,0.1,0.37893340317432855,-0.2789334031743286
210502,2025,0.090909091,0.37893340317432855,-0.28802431217432856
210503,2021,0.155172414,0.2714256831583201,-0.1162532691583201
210503,2022,0.195121951,0.2714256831583201,-0.07630373215832012
210503,2023,0.04519774,0.2714256831583201,-0.22622794315832012
210503,2024,0.067073171,0.2714256831583201,-0.20435251215832012
210503,2025,0.071428571,0.2714256831583201,-0.1999971121583201
210504,2021,0.511627907,0.41679748541586203,0.09483042158413801
210504,2022,0.463414634,0.41679748541586203,0.04661714858413796
210504,2023,0.47761194,0.41679748541586203,0.06081445458413798
210504,2024,0.222222222,0.41679748541586203,-0.19457526341586204
210504,2025,0.346153846,0.41679748541586203,-0.07064363941586205
210505,2021,0.041666667,0.344533083966775,-0.302866416966775
210505,2022,0.277777778,0.344533083966775,-0.06675530596677504
210505,2023,0.0,0.344533083966775,-0.344533083966775
210505,2024,0.277777778,0.344533083966775,-0.06675530596677504
210505,2025,0.263157895,0.344533083966775,-0.08137518896677504
210601,2021,0.547085202,0.2766017582721,0.2704834437279
210601,2022,0.581151832,0.2766017582721,0.3045500737279
210601,2023,0.425760286,0.2766017582721,0.1491585277279
210601,2024,0.267307692,0.2766017582721,-0.009294066272099999
210601,2025,0.27014218,0.2766017582721,-0.006459578272099975
210602,2021,0.083333333,0.3556960088927314,-0.2723626758927314
210602,2022,0.322580645,0.3556960088927314,-0.0331153638927314
210602,2023,0.166666667,0.3556960088927314,-0.1890293418927314
210602,2024,0.087912088,0.3556960088927314,-0.2677839208927314
210602,2025,0.115942029,0.3556960088927314,-0.2397539798927314
210603,2021,0.275,0.27383915728960034,0.0011608427103996788
210603,2022,0.181818182,0.27383915728960034,-0.09202097528960035
210603,2023,0.112676056,0.27383915728960034,-0.16116310128960035
210603,2024,0.101694915,0.27383915728960034,-0.17214424228960035
210603,2025,0.224489796,0.27383915728960034,-0.04934936128960035
210604,2021,0.625,0.2304732516578167,0.39452674834218326
210604,2022,0.62962963,0.2304732516578167,0.3991563783421833
210604,2023,0.323076923,0.2304732516578167,0.09260367134218331
210604,2024,0.1,0.2304732516578167,-0.1304732516578167
210604,2025,0.181818182,0.2304732516578167,-0.04865506965781671
210605,2021,0.46,0.3055280427177505,0.1544719572822495
210605,2022,0.217391304,0.3055280427177505,-0.08813673871775052
210605,2023,0.06870229,0.3055280427177505,-0.23682575271775053
210605,2024,0.008196721,0.3055280427177505,-0.2973313217177505
210605,2025,0.010309278,0.3055280427177505,-0.29521876471775055
210606,2021,0.34375,0.28554020170261224,0.05820979829738776
210606,2022,0.30952381,0.28554020170261224,0.02398360829738777
210606,2023,0.077777778,0.28554020170261224,-0.20776242370261222
210606,2024,0.046511628,0.28554020170261224,-0.23902857370261224
210606,2025,0.06097561,0.28554020170261224,-0.22456459170261223
210607,2021,0.213483146,0.27420231318557153,-0.06071916718557152
210607,2022,0.095744681,0.27420231318557153,-0.17845763218557154
210607,2023,0.063492063,0.27420231318557153,-0.21071025018557155
210607,2024,0.03236246,0.27420231318557153,-0.24183985318557152
210607,2025,0.113013699,0.27420231318557153,-0.16118861418557154
210608,2021,0.52688172,0.27347022311981084,0.25341149688018916
210608,2022,0.568627451,0.27347022311981084,0.29515722788018917
210608,2023,0.368421053,0.27347022311981084,0.09495082988018916
210608,2024,0.073529412,0.27347022311981084,-0.19994081111981082
210608,2025,0.038095238,0.27347022311981084,-0.23537498511981084
210701,2021,0.4375,0.2617358894708468,0.1757641105291532
210701,2022,0.421052632,0.2617358894708468,0.15931674252915318
210701,2023,0.42962963,0.2617358894708468,0.16789374052915318
210701,2024,0.212025316,0.2617358894708468,-0.049710573470846814
210701,2025,0.173010381,0.2617358894708468,-0.08872550847084681
210702,2021,0.274193548,0.2895346206670828,-0.015341072667082789
210702,2022,0.37037037,0.2895346206670828,0.0808357493329172
210702,2023,0.246376812,0.2895346206670828,-0.0431578086670828
210702,2024,0.237037037,0.2895346206670828,-0.05249758366708279
210702,2025,0.194915254,0.2895346206670828,-0.09461936666708279
210703,2021,0.076923077,0.22162905595515323,-0.14470597895515322
210703,2022,0.0,0.22162905595515323,-0.22162905595515323
210703,2023,0.276595745,0.22162905595515323,0.05496668904484678
210703,2024,0.017857143,0.22162905595515323,-0.20377191295515323
210703,2025,0.086956522,0.22162905595515323,-0.13467253395515322
210704,2021,0.272727273,0.23688966844638695,0.03583760455361304
210704,2022,0.235294118,0.23688966844638695,-0.0015955504463869563
210704,2023,0.233333333,0.23688966844638695,-0.003556335446386949
210704,2024,0.142857143,0.23688966844638695,-0.09403252544638696
210704,2025,0.084745763,0.23688966844638695,-0.15214390544638695
210705,2021,0.363636364,0.3170842859841807,0.04655207801581929
210705,2022,0.071428571,0.3170842859841807,-0.2456557149841807
210705,2023,0.254545455,0.3170842859841807,-0.06253883098418073
210705,2024,0.090909091,0.3170842859841807,-0.2261751949841807
210705,2025,0.090909091,0.3170842859841807,-0.2261751949841807
210706,2021,0.5,0.33847975798010715,0.16152024201989285
210706,2022,0.363636364,0.33847975798010715,0.025156606019892835
210706,2023,0.316666667,0.33847975798010715,-0.02181309098010714
210706,2024,0.043478261,0.33847975798010715,-0.29500149698010714
210706,2025,0.042553191,0.33847975798010715,-0.29592656698010716
210707,2021,0.526315789,0.33133702700260625,0.19497876199739372
210707,2022,0.7,0.33133702700260625,0.3686629729973937
210707,2023,0.514285714,0.33133702700260625,0.18294868699739375
210707,2024,0.128205128,0.33133702700260625,-0.20313189900260625
210707,2025,0.032258065,0.33133702700260625,-0.29907896200260625
210708,2021,0.389830508,0.26760736191514356,0.12222314608485646
210708,2022,0.384615385,0.26760736191514356,0.11700802308485642
210708,2023,0.367346939,0.26760736191514356,0.09973957708485642
210708,2024,0.167883212,0.26760736191514356,-0.09972414991514356
210708,2025,0.142857143,0.26760736191514356,-0.12475021891514357
210709,2021,0.516129032,0.37178832985584553,0.1443407021441545
210709,2022,0.672131148,0.37178832985584553,0.3003428181441544
210709,2023,0.621399177,0.37178832985584553,0.2496108471441545
210709,2024,0.274261603,0.37178832985584553,-0.09752672685584551
210709,2025,0.189054726,0.37178832985584553,-0.18273360385584553
210710,2021,0.5,0.3734671538045578,0.1265328461954422
210710,2022,0.75,0.3734671538045578,0.3765328461954422
210710,2023,0.238095238,0.3734671538045578,-0.13537191580455782
210710,2024,0.166666667,0.3734671538045578,-0.20680048680455781
210710,2025,0.076923077,0.3734671538045578,-0.2965440768045578
210801,2021,0.476,0.2916449843205017,0.1843550156794983
210801,2022,0.393129771,0.2916449843205017,0.10148478667949834
210801,2023,0.19872814,0.2916449843205017,-0.09291684432050168
210801,2024,0.084717608,0.2916449843205017,-0.20692737632050168
210801,2025,0.095063985,0.2916449843205017,-0.19658099932050166
210802,2021,0.780821918,0.3392288520430964,0.4415930659569036
210802,2022,0.916666667,0.3392288520430964,0.5774378149569036
210802,2023,0.863354037,0.3392288520430964,0.5241251849569036
210802,2024,0.295774648,0.3392288520430964,-0.04345420404309641
210802,2025,0.136363636,0.3392288520430964,-0.20286521604309637
210803,2021,0.181818182,0.24491859489603288,-0.06310041289603288
210803,2022,0.0,0.24491859489603288,-0.24491859489603288
210803,2023,0.215686275,0.24491859489603288,-0.029232319896032866
210803,2024,0.052631579,0.24491859489603288,-0.19228701589603286
210803,2025,0.192307692,0.24491859489603288,-0.052610902896032874
210804,2021,0.461538462,0.2478804369528843,0.21365802504711567
210804,2022,0.16,0.2478804369528843,-0.0878804369528843
210804,2023,0.325842697,0.2478804369528843,0.0779622600471157
210804,2024,0.031578947,0.2478804369528843,-0.2163014899528843
210804,2025,0.104347826,0.2478804369528843,-0.1435326109528843
210805,2021,0.153846154,0.27000237852189707,-0.11615622452189706
210805,2022,0.08974359,0.27000237852189707,-0.18025878852189708
210805,2023,0.078838174,0.27000237852189707,-0.19116420452189709
210805,2024,0.122641509,0.27000237852189707,-0.1473608695218971
210805,2025,0.136094675,0.27000237852189707,-0.13390770352189707
210806,2021,0.414893617,0.3058219670693921,0.10907164993060792
210806,2022,0.329545455,0.3058219670693921,0.02372348793060791
210806,2023,0.239669421,0.3058219670693921,-0.06615254606939208
210806,2024,0.147186147,0.3058219670693921,-0.1586358200693921
210806,2025,0.066326531,0.3058219670693921,-0.23949543606939208
210807,2021,0.359550562,0.25284447726914505,0.10670608473085497
210807,2022,0.309859155,0.25284447726914505,0.057014677730854946
210807,2023,0.257575758,0.25284447726914505,0.0047312807308549365
210807,2024,0.111764706,0.25284447726914505,-0.14107977126914506
210807,2025,0.15625,0.25284447726914505,-0.09659447726914505
210808,2021,0.650793651,0.28181371176054704,0.36897993923945294
210808,2022,0.473684211,0.28181371176054704,0.19187049923945299
210808,2023,0.382978723,0.28181371176054704,0.10116501123945298
210808,2024,0.057553957,0.28181371176054704,-0.22425975476054705
210808,2025,0.084033613,0.28181371176054704,-0.19778009876054703
210809,2021,0.413793103,0.276896748677117,0.136896354322883
210809,2022,0.375,0.276896748677117,0.098103251322883
210809,2023,0.201680672,0.276896748677117,-0.075216076677117
210809,2024,0.221153846,0.276896748677117,-0.05574290267711701
210809,2025,0.161290323,0.276896748677117,-0.11560642567711699
210901,2021,0.172932331,0.27574383128843405,-0.10281150028843405
210901,2022,0.17699115,0.27574383128843405,-0.09875268128843404
210901,2023,0.10989011,0.27574383128843405,-0.16585372128843406
210901,2024,0.053191489,0.27574383128843405,-0.22255234228843404
210901,2025,0.058577406,0.27574383128843405,-0.21716642528843405
210902,2021,0.708333333,0.28180580897418295,0.42652752402581706
210902,2022,0.666666667,0.28180580897418295,0.38486085802581704
210902,2023,0.432835821,0.28180580897418295,0.15103001202581706
210902,2024,0.4,0.28180580897418295,0.11819419102581707
210902,2025,0.208333333,0.28180580897418295,-0.07347247597418294
210903,2021,0.258064516,0.2849527135207893,-0.026888197520789303
210903,2022,0.307692308,0.2849527135207893,0.0227395944792107
210903,2023,0.030769231,0.2849527135207893,-0.2541834825207893
210903,2024,0.0,0.2849527135207893,-0.2849527135207893
210903,2025,0.114754098,0.2849527135207893,-0.17019861552078933
210904,2021,0.6,0.2957261941864175,0.3042738058135825
210904,2022,0.723404255,0.2957261941864175,0.42767806081358256
210904,2023,0.259259259,0.2957261941864175,-0.03646693518641747
210904,2024,0.156862745,0.2957261941864175,-0.1388634491864175
210904,2025,0.12244898,0.2957261941864175,-0.1732772141864175
211001,2021,0.563106796,0.2709576623677204,0.2921491336322796
211001,2022,0.635802469,0.2709576623677204,0.36484480663227964
211001,2023,0.460921844,0.2709576623677204,0.18996418163227963
211001,2024,0.237603306,0.2709576623677204,-0.03335435636772041
211001,2025,0.204225352,0.2709576623677204,-0.0667323103677204
211002,2021,0.766666667,0.3159146035365011,0.4507520634634989
211002,2022,0.58,0.3159146035365011,0.2640853964634989
211002,2023,0.385245902,0.3159146035365011,0.06933129846349889
211002,2024,0.037735849,0.3159146035365011,-0.2781787545365011
211002,2025,0.159574468,0.3159146035365011,-0.15634013553650108
211003,2021,0.4,0.2779920986517715,0.12200790134822853
211003,2022,0.363636364,0.2779920986517715,0.0856442653482285
211003,2023,0.209302326,0.2779920986517715,-0.06868977265177148
211003,2024,0.090909091,0.2779920986517715,-0.1870830076517715
211003,2025,0.024390244,0.2779920986517715,-0.2536018546517715
211004,2021,0.382978723,0.27758060416504293,0.10539811883495709
211004,2022,0.258064516,0.27758060416504293,-0.01951608816504291
211004,2023,0.128205128,0.27758060416504293,-0.14937547616504293
211004,2024,0.141791045,0.27758060416504293,-0.13578955916504293
211004,2025,0.066115702,0.27758060416504293,-0.21146490216504293
211005,2021,0.0,0.32221177644348425,-0.32221177644348425
211005,2022,0.0,0.32221177644348425,-0.32221177644348425
211005,2023,0.01754386,0.32221177644348425,-0.30466791644348423
211005,2024,0.035714286,0.32221177644348425,-0.28649749044348427
211005,2025,0.0,0.32221177644348425,-0.32221177644348425
211101,2021,0.5170814,0.2682167930912978,0.2488646069087022
211101,2022,0.499143347,0.2682167930912978,0.2309265539087022
211101,2023,0.243719807,0.2682167930912978,-0.0244969860912978
211101,2024,0.185318893,0.2682167930912978,-0.0828979000912978
211101,2025,0.289454368,0.2682167930912978,0.021237574908702206
211102,2021,0.0,0.2832768656419012,-0.2832768656419012
211102,2022,0.0,0.2832768656419012,-0.2832768656419012
211102,2023,0.02189781,0.2832768656419012,-0.26137905564190117
211102,2024,0.024390244,0.2832768656419012,-0.2588866216419012
211102,2025,0.008695652,0.2832768656419012,-0.2745812136419012
211103,2021,0.195652174,0.2685681090018847,-0.0729159350018847
211103,2022,0.28125,0.2685681090018847,0.012681890998115286
211103,2023,0.214285714,0.2685681090018847,-0.054282395001884726
211103,2024,0.145454545,0.2685681090018847,-0.12311356400188472
211103,2025,0.184782609,0.2685681090018847,-0.08378550000188473
211104,2021,0.276923077,0.2657533292635329,0.011169747736467117
211104,2022,0.412280702,0.2657533292635329,0.1465273727364671
211104,2023,0.287469287,0.2657533292635329,0.021715957736467117
211104,2024,0.098484848,0.2657533292635329,-0.1672684812635329
211104,2025,0.205804749,0.2657533292635329,-0.05994858026353289
211105,2021,0.473977695,0.2798008830151636,0.19417681198483638
211105,2022,0.354138399,0.2798008830151636,0.0743375159848364
211105,2023,0.14444983,0.2798008830151636,-0.1353510530151636
211105,2024,0.109168242,0.2798008830151636,-0.1706326410151636
211105,2025,0.15346288,0.2798008830151636,-0.1263380030151636
211201,2021,0.395522388,0.26872083752127174,0.12680155047872826
211201,2022,0.495934959,0.26872083752127174,0.22721412147872827
211201,2023,0.242811502,0.26872083752127174,-0.025909335521271726
211201,2024,0.294314381,0.26872083752127174,0.025593543478728276
211201,2025,0.178571429,0.26872083752127174,-0.09014940852127173
211202,2021,0.682926829,0.3318930658832737,0.3510337631167263
211202,2022,0.595238095,0.3318930658832737,0.2633450291167263
211202,2023,0.314049587,0.3318930658832737,-0.0178434788832737
211202,2024,0.111111111,0.3318930658832737,-0.22078195488327373
211202,2025,0.128571429,0.3318930658832737,-0.20332163688327373
211203,2021,0.058823529,0.28984785454867296,-0.23102432554867297
211203,2022,0.142857143,0.28984785454867296,-0.14699071154867296
211203,2023,0.418918919,0.28984785454867296,0.12907106445132704
211203,2024,0.309859155,0.28984785454867296,0.02001130045132704
211203,2025,0.161764706,0.28984785454867296,-0.12808314854867295
211204,2021,0.341463415,0.3332920953389797,0.008171319661020304
211204,2022,0.315789474,0.3332920953389797,-0.017502621338979674
211204,2023,0.094488189,0.3332920953389797,-0.2388039063389797
211204,2024,0.1171875,0.3332920953389797,-0.2161045953389797
211204,2025,0.159574468,0.3332920953389797,-0.1737176273389797
211205,2021,0.621621622,0.43058727348770715,0.1910343485122929
211205,2022,0.558139535,0.43058727348770715,0.12755226151229287
211205,2023,0.54887218,0.43058727348770715,0.1182849065122929
211205,2024,0.385826772,0.43058727348770715,-0.04476050148770716
211205,2025,0.321100917,0.43058727348770715,-0.10948635648770716
211206,2021,0.055555556,0.34188432359805887,-0.28632876759805886
211206,2022,0.142857143,0.34188432359805887,-0.19902718059805888
211206,2023,0.109589041,0.34188432359805887,-0.23229528259805887
211206,2024,0.038961039,0.34188432359805887,-0.30292328459805884
211206,2025,0.015873016,0.34188432359805887,-0.32601130759805885
211207,2021,0.471698113,0.23833454962890166,0.23336356337109831
211207,2022,0.440677966,0.23833454962890166,0.20234341637109832
211207,2023,0.267241379,0.23833454962890166,0.02890682937109834
211207,2024,0.4,0.23833454962890166,0.16166545037109836
211207,2025,0.435897436,0.23833454962890166,0.19756288637109837
211208,2021,0.538461538,0.22611295579748011,0.3123485822025198
211208,2022,0.25,0.22611295579748011,0.023887044202519886
211208,2023,0.313432836,0.22611295579748011,0.08731988020251988
211208,2024,0.192982456,0.22611295579748011,-0.03313049979748012
211208,2025,0.44,0.22611295579748011,0.2138870442025199
211209,2021,0.440366972,0.31188550119912334,0.12848147080087668
211209,2022,0.233009709,0.31188550119912334,-0.07887579219912333
211209,2023,0.192982456,0.31188550119912334,-0.11890304519912334
211209,2024,0.347826087,0.31188550119912334,0.03594058580087667
211209,2025,0.152866242,0.31188550119912334,-0.15901925919912333
211210,2021,0.582959641,0.3344692532180862,0.2484903877819138
211210,2022,0.477987421,0.3344692532180862,0.14351816778191384
211210,2023,0.427728614,0.3344692532180862,0.09325936078191382
211210,2024,0.403560831,0.3344692532180862,0.06909157778191383
211210,2025,0.40647482,0.3344692532180862,0.07200556678191383
211301,2021,0.558219178,0.30259676358305615,0.25562241441694383
211301,2022,0.596774194,0.30259676358305615,0.29417743041694383
211301,2023,0.38961039,0.30259676358305615,0.08701362641694382
211301,2024,0.267015707,0.30259676358305615,-0.03558105658305616
211301,2025,0.300184162,0.30259676358305615,-0.002412601583056173
211302,2021,0.222222222,0.2556002226016041,-0.03337800060160409
211302,2022,0.2,0.2556002226016041,-0.05560022260160408
211302,2023,0.03125,0.2556002226016041,-0.2243502226016041
211302,2024,0.034482759,0.2556002226016041,-0.2211174636016041
211302,2025,0.125,0.2556002226016041,-0.1306002226016041
211303,2021,0.589285714,0.32552548340596577,0.2637602305940342
211303,2022,0.603448276,0.32552548340596577,0.2779227925940342
211303,2023,0.440366972,0.32552548340596577,0.11484148859403426
211303,2024,0.282608696,0.32552548340596577,-0.04291678740596577
211303,2025,0.289156627,0.32552548340596577,-0.036368856405965766
211304,2021,0.3,0.22502866030243532,0.07497133969756467
211304,2022,0.0,0.22502866030243532,-0.22502866030243532
211304,2023,0.0,0.22502866030243532,-0.22502866030243532
211304,2024,0.1,0.22502866030243532,-0.1250286603024353
211304,2025,0.117647059,0.22502866030243532,-0.10738160130243532
211305,2021,0.3125,0.23288593303880495,0.07961406696119505
211305,2022,0.375,0.23288593303880495,0.14211406696119505
211305,2023,0.275862069,0.23288593303880495,0.04297613596119504
211305,2024,0.233333333,0.23288593303880495,0.0004473999611950552
211305,2025,0.214285714,0.23288593303880495,-0.01860021903880496
211306,2021,0.3,0.22828983248668452,0.07171016751331546
211306,2022,0.25,0.22828983248668452,0.021710167513315476
211306,2023,0.285714286,0.22828983248668452,0.05742445351331546
211306,2024,0.130434783,0.22828983248668452,-0.09785504948668453
211306,2025,0.0,0.22828983248668452,-0.22828983248668452
211307,2021,0.5,0.21157213184880075,0.28842786815119925
211307,2022,0.111111111,0.21157213184880075,-0.10046102084880075
211307,2023,0.142857143,0.21157213184880075,-0.06871498884880076
211307,2024,0.041666667,0.21157213184880075,-0.16990546484880076
211307,2025,0.3125,0.21157213184880075,0.10092786815119925
220101,2021,0.23258427,0.2471852196627935,-0.014600949662793489
220101,2022,0.273698264,0.2471852196627935,0.026513044337206526
220101,2023,0.166020444,0.2471852196627935,-0.08116477566279351
220101,2024,0.282514451,0.2471852196627935,0.0353292313372065
220101,2025,0.250095896,0.2471852196627935,0.002910676337206486
220102,2021,0.267857143,0.24308735779788174,0.024769785202118283
220102,2022,0.322033898,0.24308735779788174,0.07894654020211825
220102,2023,0.162162162,0.24308735779788174,-0.08092519579788174
220102,2024,0.278106509,0.24308735779788174,0.035019151202118265
220102,2025,0.207407407,0.24308735779788174,-0.03567995079788175
220103,2021,0.115384615,0.22292462236968488,-0.10754000736968489
220103,2022,0.307692308,0.22292462236968488,0.08476768563031514
220103,2023,0.107438017,0.22292462236968488,-0.11548660536968489
220103,2024,0.093457944,0.22292462236968488,-0.1294666783696849
220103,2025,0.292929293,0.22292462236968488,0.0700046706303151
220104,2021,0.226190476,0.25197947113486985,-0.025788995134869847
220104,2022,0.210884354,0.25197947113486985,-0.04109511713486985
220104,2023,0.142222222,0.25197947113486985,-0.10975724913486984
220104,2024,0.289389068,0.25197947113486985,0.03740959686513018
220104,2025,0.215613383,0.25197947113486985,-0.036366088134869856
220105,2021,0.139423077,0.2509256607894454,-0.11150258378944539
220105,2022,0.244541485,0.2509256607894454,-0.00638417578944539
220105,2023,0.145792564,0.2509256607894454,-0.10513309678944538
220105,2024,0.134249471,0.2509256607894454,-0.11667618978944538
220105,2025,0.28588098,0.2509256607894454,0.034955319210554614
220106,2021,0.414634146,0.2330839560838543,0.1815501899161457
220106,2022,0.5,0.2330839560838543,0.2669160439161457
220106,2023,0.24822695,0.2330839560838543,0.015142993916145708
220106,2024,0.382113821,0.2330839560838543,0.14902986491614573
220106,2025,0.242718447,0.2330839560838543,0.00963449091614571
220201,2021,0.114942529,0.1422919906914047,-0.02734946169140469
220201,2022,0.062068966,0.1422919906914047,-0.08022302469140469
220201,2023,0.175463623,0.1422919906914047,0.03317163230859532
220201,2024,0.075324675,0.1422919906914047,-0.0669673156914047
220201,2025,0.028767123,0.1422919906914047,-0.11352486769140469
220202,2021,0.126865672,0.27850739276961906,-0.15164172076961904
220202,2022,0.10738255,0.27850739276961906,-0.17112484276961906
220202,2023,0.103559871,0.27850739276961906,-0.17494752176961906
220202,2024,0.014362657,0.27850739276961906,-0.26414473576961905
220202,2025,0.024647887,0.27850739276961906,-0.2538595057696191
220203,2021,0.027173913,0.12345023515419996,-0.09627632215419996
220203,2022,0.033898305,0.12345023515419996,-0.08955193015419996
220203,2023,0.016706444,0.12345023515419996,-0.10674379115419996
220203,2024,0.021592443,0.12345023515419996,-0.10185779215419996
220203,2025,0.029535865,0.12345023515419996,-0.09391437015419996
220204,2021,0.047619048,0.12952685496897998,-0.08190780696897998
220204,2022,0.0,0.12952685496897998,-0.12952685496897998
220204,2023,0.0,0.12952685496897998,-0.12952685496897998
220204,2024,0.0,0.12952685496897998,-0.12952685496897998
220204,2025,0.0,0.12952685496897998,-0.12952685496897998
220205,2021,0.0,0.14464210249156936,-0.14464210249156936
220205,2022,0.0,0.14464210249156936,-0.14464210249156936
220205,2023,0.017094017,0.14464210249156936,-0.12754808549156937
220205,2024,0.002469136,0.14464210249156936,-0.14217296649156935
220205,2025,0.03264095,0.14464210249156936,-0.11200115249156936
220206,2021,0.081632653,0.1531402979689445,-0.07150764496894449
220206,2022,0.032258065,0.1531402979689445,-0.12088223296894449
220206,2023,0.066914498,0.1531402979689445,-0.08622579996894449
220206,2024,0.006872852,0.1531402979689445,-0.14626744596894448
220206,2025,0.035714286,0.1531402979689445,-0.11742601196894449
220301,2021,0.465863454,0.16636181137527659,0.29950164262472345
220301,2022,0.40969163,0.16636181137527659,0.2433298186247234
220301,2023,0.31660693,0.16636181137527659,0.15024511862472342
220301,2024,0.179453836,0.16636181137527659,0.01309202462472342
220301,2025,0.019099591,0.16636181137527659,-0.1472622203752766
220302,2021,0.387096774,0.16017917017721833,0.22691760382278164
220302,2022,0.256410256,0.16017917017721833,0.09623108582278167
220302,2023,0.068965517,0.16017917017721833,-0.09121365317721833
220302,2024,0.078947368,0.16017917017721833,-0.08123180217721833
220302,2025,0.0,0.16017917017721833,-0.16017917017721833
220303,2021,0.204301075,0.19974336603416804,0.004557708965831964
220303,2022,0.225663717,0.19974336603416804,0.02592035096583198
220303,2023,0.1796875,0.19974336603416804,-0.020055866034168035
220303,2024,0.113835377,0.19974336603416804,-0.08590798903416803
220303,2025,0.04137931,0.19974336603416804,-0.15836405603416803
220304,2021,0.189189189,0.14275260289216632,0.04643658610783369
220304,2022,0.14,0.14275260289216632,-0.002752602892166306
220304,2023,0.180515759,0.14275260289216632,0.03776315610783368
220304,2024,0.090301003,0.14275260289216632,-0.052451599892166315
220304,2025,0.048507463,0.14275260289216632,-0.09424513989216632
220305,2021,0.333333333,0.14966383154320465,0.18366950145679536
220305,2022,0.472727273,0.14966383154320465,0.32306344145679533
220305,2023,0.353658537,0.14966383154320465,0.20399470545679535
220305,2024,0.159722222,0.14966383154320465,0.010058390456795352
220305,2025,0.00877193,0.14966383154320465,-0.14089190154320463
220401,2021,0.006711409,0.1737466079232516,-0.1670351989232516
220401,2022,0.03030303,0.1737466079232516,-0.1434435779232516
220401,2023,0.018092105,0.1737466079232516,-0.15565450292325161
220401,2024,0.009090909,0.1737466079232516,-0.1646556989232516
220401,2025,0.005424955,0.1737466079232516,-0.1683216529232516
220402,2021,0.432432432,0.19031296084827098,0.242119471151729
220402,2022,0.102040816,0.19031296084827098,-0.08827214484827098
220402,2023,0.09947644,0.19031296084827098,-0.09083652084827099
220402,2024,0.148351648,0.19031296084827098,-0.04196131284827098
220402,2025,0.004385965,0.19031296084827098,-0.185926995848271
220403,2021,0.0,0.11417989899955105,-0.11417989899955105
220403,2022,0.0,0.11417989899955105,-0.11417989899955105
220403,2023,0.00862069,0.11417989899955105,-0.10555920899955105
220403,2024,0.0,0.11417989899955105,-0.11417989899955105
220403,2025,0.0,0.11417989899955105,-0.11417989899955105
220404,2021,0.019230769,0.14527740608399123,-0.12604663708399122
220404,2022,0.0,0.14527740608399123,-0.14527740608399123
220404,2023,0.0,0.14527740608399123,-0.14527740608399123
220404,2024,0.00591716,0.14527740608399123,-0.13936024608399122
220404,2025,0.01754386,0.14527740608399123,-0.12773354608399123
220405,2021,0.038461538,0.1480711464463117,-0.1096096084463117
220405,2022,0.083333333,0.1480711464463117,-0.0647378134463117
220405,2023,0.016806723,0.1480711464463117,-0.1312644234463117
220405,2024,0.027522936,0.1480711464463117,-0.1205482104463117
220405,2025,0.0,0.1480711464463117,-0.1480711464463117
220406,2021,0.0,0.12472460795352612,-0.12472460795352612
220406,2022,0.0,0.12472460795352612,-0.12472460795352612
220406,2023,0.0,0.12472460795352612,-0.12472460795352612
220406,2024,0.0,0.12472460795352612,-0.12472460795352612
220406,2025,0.0,0.12472460795352612,-0.12472460795352612
220501,2021,0.224299065,0.21162305646180138,0.012676008538198613
220501,2022,0.36440678,0.21162305646180138,0.1527837235381986
220501,2023,0.323595506,0.21162305646180138,0.1119724495381986
220501,2024,0.31122449,0.21162305646180138,0.09960143353819864
220501,2025,0.193146417,0.21162305646180138,-0.018476639461801392
220502,2021,0.427947598,0.2230896867089726,0.20485791129102737
220502,2022,0.345945946,0.2230896867089726,0.12285625929102739
220502,2023,0.295281583,0.2230896867089726,0.0721918962910274
220502,2024,0.390728477,0.2230896867089726,0.1676387902910274
220502,2025,0.332038835,0.2230896867089726,0.10894914829102736
220503,2021,0.161538462,0.1726665411498926,-0.011128079149892611
220503,2022,0.240740741,0.1726665411498926,0.0680741998501074
220503,2023,0.241982507,0.1726665411498926,0.06931596585010741
220503,2024,0.048859935,0.1726665411498926,-0.12380660614989261
220503,2025,0.061151079,0.1726665411498926,-0.11151546214989261
220504,2021,0.389908257,0.14565921374323562,0.24424904325676436
220504,2022,0.47761194,0.14565921374323562,0.3319527262567644
220504,2023,0.22913257,0.14565921374323562,0.08347335625676439
220504,2024,0.129692833,0.14565921374323562,-0.015966380743235614
220504,2025,0.12987013,0.14565921374323562,-0.01578908374323562
220505,2021,0.159090909,0.15186411384536486,0.007226795154635146
220505,2022,0.423076923,0.15186411384536486,0.27121280915463514
220505,2023,0.214285714,0.15186411384536486,0.06242160015463513
220505,2024,0.203592814,0.15186411384536486,0.051728700154635154
220505,2025,0.089655172,0.15186411384536486,-0.06220894184536485
220506,2021,0.243478261,0.17057964001130763,0.07289862098869238
220506,2022,0.25,0.17057964001130763,0.07942035998869237
220506,2023,0.16426513,0.17057964001130763,-0.006314510011307617
220506,2024,0.306620209,0.17057964001130763,0.13604056898869235
220506,2025,0.074626866,0.17057964001130763,-0.09595277401130763
220507,2021,0.255813953,0.12499865590310316,0.13081529709689682
220507,2022,0.125,0.12499865590310316,1.3440968968381206e-06
220507,2023,0.132743363,0.12499865590310316,0.007744707096896841
220507,2024,0.091603053,0.12499865590310316,-0.03339560290310316
220507,2025,0.028301887,0.12499865590310316,-0.09669676890310316
220508,2021,0.172413793,0.2461394825845424,-0.0737256895845424
220508,2022,0.189189189,0.2461394825845424,-0.0569502935845424
220508,2023,0.148387097,0.2461394825845424,-0.09775238558454241
220508,2024,0.301470588,0.2461394825845424,0.05533110541545758
220508,2025,0.290322581,0.2461394825845424,0.04418309841545762
220509,2021,0.363636364,0.17871958633023544,0.18491677766976455
220509,2022,0.090909091,0.17871958633023544,-0.08781049533023544
220509,2023,0.182926829,0.17871958633023544,0.004207242669764577
220509,2024,0.677419355,0.17871958633023544,0.4986997686697645
220509,2025,0.176470588,0.17871958633023544,-0.0022489983302354244
220510,2021,0.258064516,0.2379836858281671,0.02008083017183293
220510,2022,0.219653179,0.2379836858281671,-0.018330506828167087
220510,2023,0.223214286,0.2379836858281671,-0.014769399828167079
220510,2024,0.386524823,0.2379836858281671,0.14854113717183293
220510,2025,0.336170213,0.2379836858281671,0.0981865271718329
220511,2021,0.166666667,0.16954813715749364,-0.002881470157493654
220511,2022,0.137931034,0.16954813715749364,-0.03161710315749364
220511,2023,0.083333333,0.16954813715749364,-0.08621480415749365
220511,2024,0.107806691,0.16954813715749364,-0.06174144615749365
220511,2025,0.021551724,0.16954813715749364,-0.14799641315749365
220601,2021,0.036474164,0.16968247841811437,-0.13320831441811437
220601,2022,0.054054054,0.16968247841811437,-0.11562842441811438
220601,2023,0.112431444,0.16968247841811437,-0.05725103441811437
220601,2024,0.050524309,0.16968247841811437,-0.11915816941811437
220601,2025,0.05,0.16968247841811437,-0.11968247841811437
220602,2021,0.059171598,0.20730131703191879,-0.1481297190319188
220602,2022,0.048128342,0.20730131703191879,-0.1591729750319188
220602,2023,0.075782537,0.20730131703191879,-0.1315187800319188
220602,2024,0.057453416,0.20730131703191879,-0.14984790103191878
220602,2025,0.053398058,0.20730131703191879,-0.1539032590319188
220603,2021,0.048076923,0.2788422312776184,-0.23076530827761843
220603,2022,0.02970297,0.2788422312776184,-0.24913926127761843
220603,2023,0.032679739,0.2788422312776184,-0.24616249227761844
220603,2024,0.013363029,0.2788422312776184,-0.2654792022776184
220603,2025,0.0078125,0.2788422312776184,-0.2710297312776184
220604,2021,0.231884058,0.20755859035854538,0.02432546764145463
220604,2022,0.045454545,0.20755859035854538,-0.1621040453585454
220604,2023,0.094202899,0.20755859035854538,-0.11335569135854537
220604,2024,0.017006803,0.20755859035854538,-0.1905517873585454
220604,2025,0.042763158,0.20755859035854538,-0.16479543235854538
220605,2021,0.193181818,0.14128207021555325,0.051899747784446754
220605,2022,0.133333333,0.14128207021555325,-0.007948737215553253
220605,2023,0.059649123,0.14128207021555325,-0.08163294721555325
220605,2024,0.007117438,0.14128207021555325,-0.13416463221555325
220605,2025,0.041353383,0.14128207021555325,-0.09992868721555326
220701,2021,0.18699187,0.14253306952886408,0.04445880047113593
220701,2022,0.193939394,0.14253306952886408,0.05140632447113591
220701,2023,0.127310062,0.14253306952886408,-0.015223007528864074
220701,2024,0.140142518,0.14253306952886408,-0.002390551528864082
220701,2025,0.094594595,0.14253306952886408,-0.04793847452886407
220702,2021,0.096153846,0.11804766441607727,-0.021893818416077265
220702,2022,0.067567568,0.11804766441607727,-0.05048009641607727
220702,2023,0.0625,0.11804766441607727,-0.055547664416077266
220702,2024,0.054347826,0.11804766441607727,-0.06369983841607726
220702,2025,0.018181818,0.11804766441607727,-0.09986584641607726
220703,2021,0.292682927,0.13066031689934768,0.1620226101006523
220703,2022,0.206896552,0.13066031689934768,0.07623623510065233
220703,2023,0.102941176,0.13066031689934768,-0.027719140899347683
220703,2024,0.275362319,0.13066031689934768,0.14470200210065234
220703,2025,0.090909091,0.13066031689934768,-0.03975122589934768
220704,2021,0.0,0.12798306183750935,-0.12798306183750935
220704,2022,0.0,0.12798306183750935,-0.12798306183750935
220704,2023,0.0,0.12798306183750935,-0.12798306183750935
220704,2024,0.0,0.12798306183750935,-0.12798306183750935
220704,2025,0.0,0.12798306183750935,-0.12798306183750935
220705,2021,0.084745763,0.12370798821639474,-0.03896222521639474
220705,2022,0.257575758,0.12370798821639474,0.13386776978360526
220705,2023,0.166666667,0.12370798821639474,0.04295867878360525
220705,2024,0.14,0.12370798821639474,0.016292011783605273
220705,2025,0.165048544,0.12370798821639474,0.04134055578360525
220706,2021,0.117647059,0.14795909207632243,-0.030312033076322437
220706,2022,0.0,0.14795909207632243,-0.14795909207632243
220706,2023,0.0,0.14795909207632243,-0.14795909207632243
220706,2024,0.0,0.14795909207632243,-0.14795909207632243
220706,2025,0.073170732,0.14795909207632243,-0.07478836007632243
220707,2021,0.065217391,0.15307997010573687,-0.08786257910573687
220707,2022,0.0,0.15307997010573687,-0.15307997010573687
220707,2023,0.135714286,0.15307997010573687,-0.017365684105736884
220707,2024,0.039735099,0.15307997010573687,-0.11334487110573688
220707,2025,0.03030303,0.15307997010573687,-0.12277694010573686
220708,2021,0.207692308,0.17633126817212297,0.031361039827877024
220708,2022,0.218934911,0.17633126817212297,0.04260364282787704
220708,2023,0.156769596,0.17633126817212297,-0.019561672172122957
220708,2024,0.207446809,0.17633126817212297,0.031115540827877042
220708,2025,0.065268065,0.17633126817212297,-0.11106320317212297
220709,2021,0.093333333,0.1767855938593017,-0.0834522608593017
220709,2022,0.044444444,0.1767855938593017,-0.1323411498593017
220709,2023,0.175,0.1767855938593017,-0.001785593859301715
220709,2024,0.089285714,0.1767855938593017,-0.0874998798593017
220709,2025,0.08045977,0.1767855938593017,-0.0963258238593017
220710,2021,0.173913043,0.17511870208524877,-0.001205659085248778
220710,2022,0.536231884,0.17511870208524877,0.3611131819147512
220710,2023,0.27027027,0.17511870208524877,0.09515156791475121
220710,2024,0.184,0.17511870208524877,0.00888129791475123
220710,2025,0.053333333,0.17511870208524877,-0.12178536908524877
220801,2021,0.446428571,0.24190398249721623,0.20452458850278377
220801,2022,0.386075949,0.24190398249721623,0.14417196650278374
220801,2023,0.291215403,0.24190398249721623,0.049311420502783754
220801,2024,0.290190736,0.24190398249721623,0.048286753502783775
220801,2025,0.396866841,0.24190398249721623,0.1549628585027838
220802,2021,0.488461538,0.21508309080584576,0.2733784471941542
220802,2022,0.448113208,0.21508309080584576,0.23303011719415423
220802,2023,0.3964687,0.21508309080584576,0.18138560919415425
220802,2024,0.663003663,0.21508309080584576,0.44792057219415427
220802,2025,0.425427873,0.21508309080584576,0.21034478219415426
220803,2021,0.419642857,0.2253598692754053,0.19428298772459468
220803,2022,0.534954407,0.2253598692754053,0.30959453772459467
220803,2023,0.372222222,0.2253598692754053,0.1468623527245947
220803,2024,0.51481888,0.2253598692754053,0.2894590107245947
220803,2025,0.523758099,0.2253598692754053,0.29839822972459473
220804,2021,0.315911731,0.24790498706726813,0.06800674393273184
220804,2022,0.420965058,0.24790498706726813,0.17306007093273187
220804,2023,0.345193508,0.24790498706726813,0.09728852093273185
220804,2024,0.501512402,0.24790498706726813,0.25360741493273187
220804,2025,0.352504638,0.24790498706726813,0.10459965093273185
220805,2021,0.245700246,0.2698711533259172,-0.0241709073259172
220805,2022,0.329341317,0.2698711533259172,0.05947016367408281
220805,2023,0.304981774,0.2698711533259172,0.03511062067408277
220805,2024,0.510204082,0.2698711533259172,0.2403329286740828
220805,2025,0.420373027,0.2698711533259172,0.1505018736740828
220806,2021,0.642857143,0.1993356934602144,0.44352144953978556
220806,2022,0.5,0.1993356934602144,0.3006643065397856
220806,2023,0.356321839,0.1993356934602144,0.15698614553978557
220806,2024,0.350515464,0.1993356934602144,0.1511797705397856
220806,2025,0.280487805,0.1993356934602144,0.08115211153978558
220807,2021,0.0,0.24346796764656478,-0.24346796764656478
220807,2022,0.057692308,0.24346796764656478,-0.18577565964656478
220807,2023,0.162790698,0.24346796764656478,-0.08067726964656477
220807,2024,0.212765957,0.24346796764656478,-0.030702010646564776
220807,2025,0.186915888,0.24346796764656478,-0.05655207964656478
220808,2021,0.75,0.22261782459201923,0.5273821754079808
220808,2022,0.7,0.22261782459201923,0.4773821754079807
220808,2023,0.4,0.22261782459201923,0.1773821754079808
220808,2024,0.322222222,0.22261782459201923,0.09960439740798077
220808,2025,0.494382022,0.22261782459201923,0.27176419740798075
220809,2021,0.0,0.2364216399148176,-0.2364216399148176
220809,2022,0.36,0.2364216399148176,0.12357836008518239
220809,2023,0.162162162,0.2364216399148176,-0.0742594779148176
220809,2024,0.408333333,0.2364216399148176,0.17191169308518242
220809,2025,0.206185567,0.2364216399148176,-0.030236072914817613
220901,2021,0.314728682,0.14936665404004135,0.16536202795995864
220901,2022,0.325757576,0.14936665404004135,0.17639092195995865
220901,2023,0.173318753,0.14936665404004135,0.023952098959958645
220901,2024,0.124616329,0.14936665404004135,-0.02475032504004135
220901,2025,0.089761571,0.14936665404004135,-0.05960508304004135
220902,2021,0.285714286,0.14547964431046728,0.1402346416895327
220902,2022,0.25,0.14547964431046728,0.10452035568953272
220902,2023,0.095238095,0.14547964431046728,-0.05024154931046729
220902,2024,0.083333333,0.14547964431046728,-0.062146311310467287
220902,2025,0.0,0.14547964431046728,-0.14547964431046728
220903,2021,0.264150943,0.1483776741687859,0.11577326883121414
220903,2022,0.31372549,0.1483776741687859,0.1653478158312141
220903,2023,0.242857143,0.1483776741687859,0.09447946883121411
220903,2024,0.192592593,0.1483776741687859,0.04421491883121412
220903,2025,0.139534884,0.1483776741687859,-0.008842790168785891
220904,2021,0.218274112,0.16378111593035957,0.05449299606964042
220904,2022,0.295698925,0.16378111593035957,0.13191780906964043
220904,2023,0.341328413,0.16378111593035957,0.17754729706964043
220904,2024,0.217391304,0.16378111593035957,0.053610188069640435
220904,2025,0.101075269,0.16378111593035957,-0.06270584693035958
220905,2021,0.306122449,0.19751693558626174,0.10860551341373828
220905,2022,0.396551724,0.19751693558626174,0.19903478841373826
220905,2023,0.175182482,0.19751693558626174,-0.022334453586261738
220905,2024,0.146153846,0.19751693558626174,-0.051363089586261734
220905,2025,0.108333333,0.19751693558626174,-0.08918360258626173
220906,2021,0.21875,0.2224397848083257,-0.0036897848083257134
220906,2022,0.390243902,0.2224397848083257,0.16780411719167426
220906,2023,0.240506329,0.2224397848083257,0.018066544191674277
220906,2024,0.222222222,0.2224397848083257,-0.0002175628083257164
220906,2025,0.082089552,0.2224397848083257,-0.1403502328083257
220907,2021,0.206349206,0.241409200119756,-0.035059994119755994
220907,2022,0.227848101,0.241409200119756,-0.013561099119756004
220907,2023,0.076,0.241409200119756,-0.16540920011975602
220907,2024,0.058295964,0.241409200119756,-0.183113236119756
220907,2025,0.037914692,0.241409200119756,-0.203494508119756
220908,2021,0.229166667,0.13658588435048968,0.09258078264951031
220908,2022,0.333333333,0.13658588435048968,0.19674744864951033
220908,2023,0.120805369,0.13658588435048968,-0.015780515350489688
220908,2024,0.11023622,0.13658588435048968,-0.026349664350489688
220908,2025,0.137614679,0.13658588435048968,0.0010287946495103062
220909,2021,0.069565217,0.17391794089010038,-0.10435272389010038
220909,2022,0.105747126,0.17391794089010038,-0.06817081489010038
220909,2023,0.194410693,0.17391794089010038,0.02049275210989962
220909,2024,0.085234899,0.17391794089010038,-0.08868304189010037
220909,2025,0.031528444,0.17391794089010038,-0.1423894968901004
220910,2021,0.402898551,0.14189037684546704,0.2610081741545329
220910,2022,0.227817746,0.14189037684546704,0.08592736915453295
220910,2023,0.239324727,0.14189037684546704,0.09743435015453294
220910,2024,0.136465324,0.14189037684546704,-0.005425052845467043
220910,2025,0.113661202,0.14189037684546704,-0.02822917484546704
220911,2021,0.368421053,0.31055417569699567,0.05786687730300433
220911,2022,0.425,0.31055417569699567,0.11444582430300432
220911,2023,0.31097561,0.31055417569699567,0.00042143430300434215
220911,2024,0.233766234,0.31055417569699567,-0.07678794169699568
220911,2025,0.131386861,0.31055417569699567,-0.17916731469699568
220912,2021,0.1875,0.1719896185596532,0.015510381440346804
220912,2022,0.2,0.1719896185596532,0.028010381440346815
220912,2023,0.151162791,0.1719896185596532,-0.020826827559653205
220912,2024,0.052631579,0.1719896185596532,-0.1193580395596532
220912,2025,0.066666667,0.1719896185596532,-0.1053229515596532
220913,2021,0.257731959,0.22425623126666905,0.03347572773333096
220913,2022,0.265957447,0.22425623126666905,0.041701215733330965
220913,2023,0.342857143,0.22425623126666905,0.11860091173333093
220913,2024,0.334448161,0.22425623126666905,0.11019192973333097
220913,2025,0.286324786,0.22425623126666905,0.06206855473333095
220914,2021,0.269230769,0.172089481401486,0.09714128759851398
220914,2022,0.142857143,0.172089481401486,-0.029232338401486008
220914,2023,0.113924051,0.172089481401486,-0.058165430401486
220914,2024,0.071428571,0.172089481401486,-0.100660910401486
220914,2025,0.072727273,0.172089481401486,-0.099362208401486
221001,2021,0.445283019,0.1673389601435839,0.2779440588564161
221001,2022,0.332439678,0.1673389601435839,0.1651007178564161
221001,2023,0.315490673,0.1673389601435839,0.1481517128564161
221001,2024,0.051526718,0.1673389601435839,-0.1158122421435839
221001,2025,0.242666667,0.1673389601435839,0.0753277068564161
221002,2021,0.348360656,0.17374729210176554,0.17461336389823445
221002,2022,0.44,0.17374729210176554,0.26625270789823446
221002,2023,0.168316832,0.17374729210176554,-0.0054304601017655385
221002,2024,0.0375,0.17374729210176554,-0.13624729210176553
221002,2025,0.137651822,0.17374729210176554,-0.03609547010176553
221003,2021,0.575342466,0.23373662476109572,0.34160584123890436
221003,2022,0.466019417,0.23373662476109572,0.23228279223890427
221003,2023,0.322522523,0.23373662476109572,0.08878589823890429
221003,2024,0.076923077,0.23373662476109572,-0.1568135477610957
221003,2025,0.209302326,0.23373662476109572,-0.024434298761095707
221004,2021,0.25,0.2673001408626947,-0.017300140862694713
221004,2022,0.418604651,0.2673001408626947,0.15130451013730528
221004,2023,0.580952381,0.2673001408626947,0.3136522401373053
221004,2024,0.613636364,0.2673001408626947,0.3463362231373053
221004,2025,0.473684211,0.2673001408626947,0.2063840701373053
221005,2021,0.338983051,0.20875530330089623,0.13022774769910375
221005,2022,0.241830065,0.20875530330089623,0.03307476169910378
221005,2023,0.171288744,0.20875530330089623,-0.037466559300896235
221005,2024,0.133815552,0.20875530330089623,-0.07493975130089622
221005,2025,0.122033898,0.20875530330089623,-0.08672140530089623
221006,2024,0.222222222,0.17472562312873283,0.04749659887126717
221006,2025,0.036036036,0.17472562312873283,-0.13868958712873283
230101,2021,0.153444676,0.23899775100715395,-0.08555307500715395
230101,2022,0.202564103,0.23899775100715395,-0.03643364800715396
230101,2023,0.175051688,0.23899775100715395,-0.06394606300715394
230101,2024,0.106769016,0.23899775100715395,-0.13222873500715396
230101,2025,0.159751037,0.23899775100715395,-0.07924671400715394
230102,2021,0.214814815,0.24458662591433025,-0.02977181091433026
230102,2022,0.228782288,0.24458662591433025,-0.015804337914330252
230102,2023,0.180371353,0.24458662591433025,-0.06421527291433024
230102,2024,0.121328225,0.24458662591433025,-0.12325840091433025
230102,2025,0.07959479,0.24458662591433025,-0.16499183591433025
230103,2021,0.188888889,0.24457856823225652,-0.05568967923225651
230103,2022,0.125,0.24457856823225652,-0.11957856823225652
230103,2023,0.202380952,0.24457856823225652,-0.04219761623225651
230103,2024,0.549295775,0.24457856823225652,0.3047172067677435
230103,2025,0.549295775,0.24457856823225652,0.3047172067677435
230104,2021,0.215053763,0.220125473437857,-0.00507171043785698
230104,2022,0.254658385,0.220125473437857,0.034532911562143
230104,2023,0.230263158,0.220125473437857,0.010137684562143007
230104,2024,0.154094828,0.220125473437857,-0.066030645437857
230104,2025,0.199228792,0.220125473437857,-0.020896681437857
230105,2021,0.267857143,0.24684200244952215,0.021015140550477873
230105,2022,0.266666667,0.24684200244952215,0.019824664550477877
230105,2023,0.230769231,0.24684200244952215,-0.016072771449522155
230105,2024,0.219512195,0.24684200244952215,-0.027329807449522153
230105,2025,0.14516129,0.24684200244952215,-0.10168071244952215
230106,2021,0.314285714,0.26502237616742347,0.049263337832576526
230106,2022,0.25,0.26502237616742347,-0.015022376167423468
230106,2023,0.272727273,0.26502237616742347,0.007704896832576524
230106,2024,0.451612903,0.26502237616742347,0.18659052683257654
230106,2025,0.28,0.26502237616742347,0.014977623832576559
230107,2021,0.772727273,0.4251044725596981,0.3476228004403019
230107,2022,1.0,0.4251044725596981,0.5748955274403019
230107,2023,0.8125,0.4251044725596981,0.3873955274403019
230107,2024,0.384615385,0.4251044725596981,-0.0404890875596981
230107,2025,0.064516129,0.4251044725596981,-0.36058834355969804
230108,2021,0.101045296,0.2526021340834894,-0.1515568380834894
230108,2022,0.164835165,0.2526021340834894,-0.08776696908348941
230108,2023,0.162962963,0.2526021340834894,-0.08963917108348943
230108,2024,0.062305296,0.2526021340834894,-0.1902968380834894
230108,2025,0.100303951,0.2526021340834894,-0.1522981830834894
230109,2021,0.136363636,0.1735716191543241,-0.03720798315432408
230109,2022,0.222222222,0.1735716191543241,0.048650602845675905
230109,2023,0.224137931,0.1735716191543241,0.05056631184567592
230109,2024,0.111111111,0.1735716191543241,-0.06246050815432409
230109,2025,0.021276596,0.1735716191543241,-0.15229502315432408
230110,2021,0.249674902,0.20382713498896377,0.04584776701103624
230110,2022,0.315266486,0.20382713498896377,0.11143935101103625
230110,2023,0.260333863,0.20382713498896377,0.056506728011036234
230110,2024,0.227074236,0.20382713498896377,0.023247101011036247
230110,2025,0.24916388,0.20382713498896377,0.04533674501103624
230111,2021,0.070588235,0.14172732900590146,-0.07113909400590146
230111,2022,0.24137931,0.14172732900590146,0.09965198099409855
230111,2023,0.142857143,0.14172732900590146,0.001129813994098533
230111,2024,0.10543131,0.14172732900590146,-0.03629601900590146
230111,2025,0.102040816,0.14172732900590146,-0.03968651300590145
230201,2021,0.941176471,0.4381981435527261,0.5029783274472739
230201,2022,0.7,0.4381981435527261,0.26180185644727383
230201,2023,0.5,0.4381981435527261,0.06180185644727387
230201,2024,0.675,0.4381981435527261,0.23680185644727392
230201,2025,0.433333333,0.4381981435527261,-0.00486481055272614
230202,2021,1.0,0.5535994808539282,0.4464005191460718
230202,2022,1.0,0.5535994808539282,0.4464005191460718
230202,2023,0.823529412,0.5535994808539282,0.2699299311460718
230202,2024,0.846153846,0.5535994808539282,0.2925543651460718
230202,2025,0.818181818,0.5535994808539282,0.2645823371460718
230203,2021,1.0,0.481529036683501,0.518470963316499
230203,2022,1.0,0.481529036683501,0.518470963316499
230203,2023,0.727272727,0.481529036683501,0.245743690316499
230203,2024,0.8,0.481529036683501,0.31847096331649904
230203,2025,0.75,0.481529036683501,0.268470963316499
230204,2021,1.0,0.2637774392571297,0.7362225607428703
230204,2022,0.0,0.2637774392571297,-0.2637774392571297
230204,2023,0.166666667,0.2637774392571297,-0.09711077225712972
230204,2024,0.714285714,0.2637774392571297,0.45050827474287025
230204,2025,0.25,0.2637774392571297,-0.013777439257129709
230205,2021,0.5,0.46593309055558374,0.03406690944441626
230205,2022,0.75,0.46593309055558374,0.28406690944441626
230205,2023,0.4,0.46593309055558374,-0.06593309055558372
230205,2024,0.0,0.46593309055558374,-0.46593309055558374
230205,2025,0.666666667,0.46593309055558374,0.20073357644441625
230206,2021,0.916666667,0.3790254633574918,0.5376412036425082
230206,2022,0.8,0.3790254633574918,0.4209745366425082
230206,2023,0.473684211,0.3790254633574918,0.0946587476425082
230206,2024,0.647058824,0.3790254633574918,0.2680333606425082
230206,2025,0.533333333,0.3790254633574918,0.15430786964250814
230301,2021,0.205882353,0.18949130382356605,0.01639104917643394
230301,2022,0.333333333,0.18949130382356605,0.14384202917643396
230301,2023,0.205882353,0.18949130382356605,0.01639104917643394
230301,2024,0.207792208,0.18949130382356605,0.018300904176433958
230301,2025,0.144444444,0.18949130382356605,-0.04504685982356604
230302,2021,0.448275862,0.25178568441853694,0.1964901775814631
230302,2022,0.5,0.25178568441853694,0.24821431558146306
230302,2023,0.365853659,0.25178568441853694,0.11406797458146306
230302,2024,0.588235294,0.25178568441853694,0.336449609581463
230302,2025,0.380952381,0.25178568441853694,0.12916669658146307
230303,2021,0.1,0.13851920347994595,-0.038519203479945946
230303,2022,0.0,0.13851920347994595,-0.13851920347994595
230303,2023,0.054545455,0.13851920347994595,-0.08397374847994596
230303,2024,0.0,0.13851920347994595,-0.13851920347994595
230303,2025,0.0,0.13851920347994595,-0.13851920347994595
230401,2021,1.0,0.3945758075751538,0.6054241924248462
230401,2022,1.0,0.3945758075751538,0.6054241924248462
230401,2023,0.9,0.3945758075751538,0.5054241924248462
230401,2024,0.709677419,0.3945758075751538,0.3151016114248462
230401,2025,0.426470588,0.3945758075751538,0.03189478042484617
230402,2021,0.0,0.35166623222838456,-0.35166623222838456
230402,2023,1.0,0.35166623222838456,0.6483337677716154
230402,2024,1.0,0.35166623222838456,0.6483337677716154
230402,2025,1.0,0.35166623222838456,0.6483337677716154
230403,2022,1.0,0.4992080180871838,0.5007919819128162
230403,2023,1.0,0.4992080180871838,0.5007919819128162
230403,2025,0.0,0.4992080180871838,-0.4992080180871838
230404,2021,0.0,0.5145483225687305,-0.5145483225687305
230404,2023,0.333333333,0.5145483225687305,-0.1812149895687305
230404,2024,1.0,0.5145483225687305,0.4854516774312695
230404,2025,0.75,0.5145483225687305,0.2354516774312695
230405,2022,1.0,0.42751059278869274,0.5724894072113073
230405,2023,1.0,0.42751059278869274,0.5724894072113073
230405,2024,1.0,0.42751059278869274,0.5724894072113073
230405,2025,1.0,0.42751059278869274,0.5724894072113073
230406,2021,1.0,0.4802116852175291,0.5197883147824709
230406,2022,1.0,0.4802116852175291,0.5197883147824709
230406,2023,0.5,0.4802116852175291,0.019788314782470895
230406,2024,0.666666667,0.4802116852175291,0.18645498178247089
230406,2025,0.714285714,0.4802116852175291,0.23407402878247086
230407,2023,0.666666667,0.509868312660522,0.15679835433947797
230407,2024,0.777777778,0.509868312660522,0.267909465339478
230407,2025,0.3,0.509868312660522,-0.20986831266052203
230408,2022,0.833333333,0.42476212920298967,0.40857120379701034
230408,2023,1.0,0.42476212920298967,0.5752378707970103
230408,2024,0.454545455,0.42476212920298967,0.029783325797010318
230408,2025,0.3,0.42476212920298967,-0.12476212920298968
240101,2021,0.198401163,0.15020075650085316,0.048200406499146836
240101,2022,0.152815013,0.15020075650085316,0.002614256499146844
240101,2023,0.054442344,0.15020075650085316,-0.09575841250085315
240101,2024,0.068508287,0.15020075650085316,-0.08169246950085315
240101,2025,0.080103359,0.15020075650085316,-0.07009739750085316
240102,2021,0.205063291,0.15245514806949198,0.05260814293050803
240102,2022,0.226519337,0.15245514806949198,0.07406418893050801
240102,2023,0.114690722,0.15245514806949198,-0.037764426069491985
240102,2024,0.051129608,0.15245514806949198,-0.10132554006949199
240102,2025,0.051507538,0.15245514806949198,-0.10094761006949199
240103,2021,0.228915663,0.13163159928170196,0.09728406371829804
240103,2022,0.139817629,0.13163159928170196,0.008186029718298043
240103,2023,0.107142857,0.13163159928170196,-0.02448874228170196
240103,2024,0.066869301,0.13163159928170196,-0.06476229828170195
240103,2025,0.043165468,0.13163159928170196,-0.08846613128170196
240104,2021,0.156862745,0.16295534295445513,-0.006092597954455131
240104,2022,0.109090909,0.16295534295445513,-0.05386443395445513
240104,2023,0.053691275,0.16295534295445513,-0.10926406795445513
240104,2024,0.043478261,0.16295534295445513,-0.11947708195445514
240104,2025,0.056737589,0.16295534295445513,-0.10621775395445512
240105,2021,0.18556701,0.17191029663110644,0.01365671336889357
240105,2022,0.182692308,0.17191029663110644,0.010782011368893563
240105,2023,0.118881119,0.17191029663110644,-0.05302917763110644
240105,2024,0.056291391,0.17191029663110644,-0.11561890563110644
240105,2025,0.023809524,0.17191029663110644,-0.14810077263110644
240106,2021,0.04040404,0.15063748711623176,-0.11023344711623176
240106,2022,0.052631579,0.15063748711623176,-0.09800590811623176
240106,2023,0.015625,0.15063748711623176,-0.13501248711623176
240106,2024,0.02173913,0.15063748711623176,-0.12889835711623177
240106,2025,0.027586207,0.15063748711623176,-0.12305128011623176
240201,2021,0.280442804,0.18746187294087988,0.09298093105912011
240201,2022,0.231092437,0.18746187294087988,0.043630564059120136
240201,2023,0.145610278,0.18746187294087988,-0.041851594940879866
240201,2024,0.141630901,0.18746187294087988,-0.04583097194087987
240201,2025,0.122065728,0.18746187294087988,-0.06539614494087988
240202,2021,0.186440678,0.2115188312178925,-0.0250781532178925
240202,2022,0.275,0.2115188312178925,0.06348116878210752
240202,2023,0.171875,0.2115188312178925,-0.0396438312178925
240202,2024,0.027027027,0.2115188312178925,-0.1844918042178925
240202,2025,0.056338028,0.2115188312178925,-0.15518080321789252
240203,2021,0.048,0.18514511000894895,-0.13714511000894897
240203,2022,0.044198895,0.18514511000894895,-0.14094621500894894
240203,2023,0.109034268,0.18514511000894895,-0.07611084200894895
240203,2024,0.022222222,0.18514511000894895,-0.16292288800894894
240203,2025,0.022580645,0.18514511000894895,-0.16256446500894894
240301,2021,0.112866817,0.15488806876341923,-0.04202125176341924
240301,2022,0.266871166,0.15488806876341923,0.11198309723658076
240301,2023,0.140645161,0.15488806876341923,-0.014242907763419244
240301,2024,0.131546894,0.15488806876341923,-0.023341174763419237
240301,2025,0.123473541,0.15488806876341923,-0.03141452776341923
240302,2021,0.215909091,0.14370993487623887,0.07219915612376113
240302,2022,0.207058824,0.14370993487623887,0.06334888912376113
240302,2023,0.136422136,0.14370993487623887,-0.007287798876238871
240302,2024,0.10466761,0.14370993487623887,-0.039042324876238876
240302,2025,0.096153846,0.14370993487623887,-0.04755608887623887
240303,2021,0.225352113,0.16757643735520453,0.057775675644795466
240303,2022,0.153005464,0.16757643735520453,-0.01457097335520452
240303,2023,0.144104803,0.16757643735520453,-0.023471634355204524
240303,2024,0.118421053,0.16757643735520453,-0.04915538435520453
240303,2025,0.113861386,0.16757643735520453,-0.05371505135520453
240304,2021,0.252747253,0.14262248146797948,0.11012477153202052
240304,2022,0.134328358,0.14262248146797948,-0.008294123467979475
240304,2023,0.066860465,0.14262248146797948,-0.07576201646797949
240304,2024,0.035714286,0.14262248146797948,-0.10690819546797949
240304,2025,0.073469388,0.14262248146797948,-0.06915309346797949
250101,2021,0.383424408,0.23192993662993153,0.15149447137006847
250101,2022,0.34955565,0.23192993662993153,0.11762571337006847
250101,2023,0.227044476,0.23192993662993153,-0.004885460629931532
250101,2024,0.16349345,0.23192993662993153,-0.06843648662993151
250101,2025,0.180868609,0.23192993662993153,-0.05106132762993151
250102,2021,0.287058824,0.15244846165871864,0.13461036234128135
250102,2022,0.28708134,0.15244846165871864,0.13463287834128138
250102,2023,0.211663067,0.15244846165871864,0.05921460534128137
250102,2024,0.091586794,0.15244846165871864,-0.06086166765871864
250102,2025,0.092592593,0.15244846165871864,-0.05985586865871864
250103,2021,0.472868217,0.2576316412618297,0.2152365757381703
250103,2022,0.17791411,0.2576316412618297,-0.0797175312618297
250103,2023,0.306681271,0.2576316412618297,0.049049629738170286
250103,2024,0.235220126,0.2576316412618297,-0.02241151526182969
250103,2025,0.237063779,0.2576316412618297,-0.02056786226182969
250104,2021,0.375576037,0.29489069993417477,0.0806853370658252
250104,2022,0.350140056,0.29489069993417477,0.055249356065825206
250104,2023,0.302890173,0.29489069993417477,0.007999473065825213
250104,2024,0.318072289,0.29489069993417477,0.023181589065825237
250104,2025,0.225925926,0.29489069993417477,-0.06896477393417477
250105,2021,0.479460094,0.18742346348900882,0.29203663051099116
250105,2022,0.523764706,0.18742346348900882,0.3363412425109912
250105,2023,0.300516796,0.18742346348900882,0.11309333251099116
250105,2024,0.236849278,0.18742346348900882,0.04942581451099118
250105,2025,0.224804031,0.18742346348900882,0.03738056751099117
250106,2021,0.459627329,0.2321339008067006,0.22749342819329937
250106,2022,0.326530612,0.2321339008067006,0.0943967111932994
250106,2023,0.22410148,0.2321339008067006,-0.008032420806700608
250106,2024,0.219387755,0.2321339008067006,-0.01274614580670061
250106,2025,0.185446009,0.2321339008067006,-0.046687891806700604
250107,2021,0.439059159,0.20476360203556604,0.23429555696443394
250107,2022,0.325503356,0.20476360203556604,0.12073975396443398
250107,2023,0.25374376,0.20476360203556604,0.048980157964433946
250107,2024,0.242578229,0.20476360203556604,0.03781462696443397
250107,2025,0.17204611,0.20476360203556604,-0.03271749203556604
250201,2021,0.594552529,0.22602868315767938,0.3685238458423206
250201,2022,0.593922652,0.22602868315767938,0.3678939688423207
250201,2023,0.399193548,0.22602868315767938,0.17316486484232063
250201,2024,0.214323053,0.22602868315767938,-0.011705630157679364
250201,2025,0.200156067,0.22602868315767938,-0.025872616157679384
250202,2021,0.325342466,0.27251905722574715,0.052823408774252845
250202,2022,0.236842105,0.27251905722574715,-0.035676952225747155
250202,2023,0.18487395,0.27251905722574715,-0.08764510722574714
250202,2024,0.129224652,0.27251905722574715,-0.14329440522574716
250202,2025,0.079566004,0.27251905722574715,-0.19295305322574716
250203,2021,0.179640719,0.2500597244447334,-0.0704190054447334
250203,2022,0.266288952,0.2500597244447334,0.016229227555266623
250203,2023,0.194805195,0.2500597244447334,-0.05525452944473341
250203,2024,0.038690476,0.2500597244447334,-0.2113692484447334
250203,2025,0.125127162,0.2500597244447334,-0.12493256244473341
250204,2021,0.814285714,0.37047167141352405,0.443814042586476
250204,2022,0.641509434,0.37047167141352405,0.271037762586476
250204,2023,0.659090909,0.37047167141352405,0.28861923758647595
250204,2024,0.631205674,0.37047167141352405,0.260734002586476
250204,2025,0.335051546,0.37047167141352405,-0.03542012541352407
250301,2021,0.25,0.19138901473313455,0.05861098526686545
250301,2022,0.297794118,0.19138901473313455,0.10640510326686545
250301,2023,0.310195228,0.19138901473313455,0.11880621326686544
250301,2024,0.184549356,0.19138901473313455,-0.0068396587331345515
250301,2025,0.113135187,0.19138901473313455,-0.07825382773313455
250302,2021,0.353982301,0.16034322331730036,0.19363907768269964
250302,2022,0.479750779,0.16034322331730036,0.31940755568269963
250302,2023,0.330083565,0.16034322331730036,0.16974034168269966
250302,2024,0.1996997,0.16034322331730036,0.03935647668269965
250302,2025,0.104258443,0.16034322331730036,-0.05608478031730035
250303,2021,0.425120773,0.20591950155855446,0.21920127144144555
250303,2022,0.275449102,0.20591950155855446,0.06952960044144554
250303,2023,0.225988701,0.20591950155855446,0.02006919944144553
250303,2024,0.147540984,0.20591950155855446,-0.05837851755855447
250303,2025,0.126582278,0.20591950155855446,-0.07933722355855446
250304,2021,0.529680365,0.1833559943589481,0.3463243706410519
250304,2022,0.537688442,0.1833559943589481,0.3543324476410519
250304,2023,0.306338028,0.1833559943589481,0.1229820336410519
250304,2024,0.197207679,0.1833559943589481,0.013851684641051909
250304,2025,0.161290323,0.1833559943589481,-0.022065671358948075
250305,2021,0.227272727,0.16420842478075612,0.06306430221924389
250305,2022,0.413043478,0.16420842478075612,0.2488350532192439
250305,2023,0.286713287,0.16420842478075612,0.12250486221924387
250305,2024,0.117647059,0.16420842478075612,-0.04656136578075612
250305,2025,0.057591623,0.16420842478075612,-0.10661680178075611
250306,2024,0.094202899,0.21136854694246462,-0.11716564794246462
250306,2025,0.077419355,0.21136854694246462,-0.13394919194246463
250307,2024,0.226950355,0.16278256008498607,0.06416779491501393
250307,2025,0.2,0.16278256008498607,0.037217439915013945
250401,2021,0.5,0.2931401027713256,0.20685989722867443
250401,2022,0.263157895,0.2931401027713256,-0.029982207771325597
250401,2023,0.240963855,0.2931401027713256,-0.05217624777132557
250401,2024,0.161290323,0.2931401027713256,-0.13184977977132556
250401,2025,0.258426966,0.2931401027713256,-0.03471313677132559
