ubigeo,pct_cultivo,pct_construido,pct_desnudo,pct_agua_visible
110304,4.888787994529598e-06,0.0024875077044379463,0.9904488733680006,0.006289374339901422
110104,0.01792120338965202,0.00041765316656099116,0.9546882405740874,0.0038942202668960776
110111,0.02500610135714528,0.0012605842469422491,0.9401120632231722,0.0015061478379741228
110302,0.0163952890270091,0.0004966915025736701,0.9504919229190402,0.0016982359437425665
110402,0.014359020375098997,0.002262269873060315,0.9402401232753101,0.00022284114068782106
110401,0.027105227837625374,0.0071378191542708115,0.862803912003445,0.00018295333106512203
110404,0.007350145871692223,0.0014651580622206072,0.9450914957226131,7.185896801933738e-05
110403,0.022250817442692153,0.0021754568792790767,0.7164234469544365,0.0003987101596039376
110405,0.004074277088969708,0.0015834404562842337,0.22452250520125805,0.00015590844599000668
090603,0.009189438168178014,0.005391491852524878,0.00497052893710922,0.00012722686089324371
090605,0.0008793331852442328,0.0020875433933035268,0.1510238153647415,3.976883752360852e-05
090612,0.0029313193189676344,0.0022246815976263447,0.027136681905021626,0.0004634295657158699
110114,0.00042638051526812186,0.0005823507257957098,0.6490420695755009,1.095583050328075e-05
110107,0.09427660821893466,0.03705541049358273,0.45882778689913833,0.0030525024700815626
110105,0.3102549675470611,0.016453765340646204,0.3761246358374836,0.0054454192670649855
110113,0.04154411123921957,0.0878775891126943,0.08830170263357069,0.0
110110,0.19051304392969065,0.040202664076317646,0.34475566007340025,0.002035575345814755
110106,0.06512547083232462,0.2737103305383192,0.3842482962087433,0.0004455688613570264
110103,0.07825933906152979,0.018761941719118075,0.7445857762925399,0.000804028520715896
110102,0.17525628153912642,0.03994630283433094,0.6053105556348313,0.00057705805281675
110109,0.03561644049042518,0.003456446047582244,0.7881048585831968,0.0031213978134806194
110108,0.12338287647520936,0.0071821152998210284,0.7486823375126729,0.00024246868867032714
110112,0.02101431660922722,0.013310048816429153,0.9203316996785743,0.00016026316414648883
110101,0.008623339085189901,0.016454625023255814,0.9600872867845278,0.001044283306462926
110505,0.004132100321369295,0.002995932118720739,0.9775399066112844,0.011732689101186047
150142,0.0005176868735417853,0.8494859927635496,0.1256502172508493,0.0014170409322830048
070105,0.0,0.5415716286074099,0.0364065485993078,0.3558048806263265
150139,0.0,0.31642876773420026,0.6435933392996822,0.037410819359560414
070106,0.00037612045502679567,0.3580264148484547,0.5886656469623222,0.02033275944958177
150125,0.0026305010048683726,0.5858008021561593,0.38363729105774996,0.00015753012929613838
070107,0.0,0.724478292264066,0.2751946584515305,0.0
150102,5.889329825499651e-05,0.0449017242967926,0.9286871334387086,0.011479189153990245
150106,0.02450214426966501,0.12439340981370425,0.7765813517639655,0.0006259021614411829
150110,0.0015389514441070695,0.5820354293040836,0.3799620043782785,0.00022135900248978246
150132,0.0,0.30644180741514987,0.6686350902762351,0.00030285723019330785
150137,0.0,0.918989971385146,0.07075185096186812,0.0011439382601286386
150111,0.0,0.6994630607188558,0.24704215526701645,0.02604768841386221
150128,7.303250433326191e-05,0.6821115615895995,0.2646027776409412,0.0012885224980209622
150112,0.0,0.55676765002918,0.36144425690433035,0.00038985920513277513
150135,0.010315698320996271,0.865035334321442,0.08552924075766734,0.0028033450289094096
150117,4.4918604845748674e-05,0.9280069262727159,0.0632645961244933,0.0
070101,0.003839660399201323,0.7657529791180254,0.1676690450741739,0.037457524309913504
070104,0.0,0.9256351241804658,0.06847465903111269,0.00277326102311999
070102,0.0001761004725707976,0.9785620118822932,0.004121441648245176,0.0
070103,0.0,0.9733707237754745,0.014934519900401415,0.0096297362885128
150105,0.0,0.9996817413118498,0.0,0.0
150101,8.636372642206767e-05,0.9707834900326946,0.00856406418890829,0.004108034586809685
150113,0.0,0.9498526822654195,0.00021910774172094968,0.0
150120,0.0,0.8594491379902466,0.08607001396616068,0.027283925178011315
150121,0.0012560380128000942,0.9845121482683095,0.00041867933760003146,0.00041867933760003146
150136,0.0002617512630781538,0.8975009426467055,0.05717947787979423,0.0015705075784689226
150108,0.0008605732750168384,0.6024720744416309,0.2418622983292266,0.049887317299139186
150104,0.0,0.8217454644304527,0.049181520413652376,0.11240478510483931
150122,0.0,0.8206268442327034,0.021184794513020327,0.09679913406525435
150131,5.217457760637737e-05,0.8880443792548004,0.002781051957061059,0.0010232830889701477
150116,0.0,0.9534387766528308,0.0,0.0
150115,0.0,0.9809250762465668,0.011908400943370801,0.0
150134,0.0,0.9826529560161299,0.0012060352843358251,0.0
150130,0.0,0.9330954817495746,0.0017323976598150235,0.0
150141,0.0,0.9869190485952117,0.0,0.0
150140,0.001860618023125779,0.8173422368702531,0.12111275497231418,0.00013002031174675241
150133,0.00037755087436340724,0.8377006674671733,0.11070564834204169,0.00549546272684515
150143,0.00039430881477222127,0.3623395144461526,0.41468276989385283,0.000611858505681033
150114,0.005775031850272772,0.45254649420527643,0.47692839523124336,0.002761033540550316
150123,0.013188199210780014,0.07308871249163575,0.6932688285717139,0.0008973749652652735
150109,0.0015437362109461169,0.03347001434014934,0.9205530991554898,0.00034115803317493517
150107,2.111678651202112e-05,0.13522063853684352,0.8310479863653466,0.00354497018433961
150118,0.0014091718575960331,0.1538830395197504,0.8027151560056165,0.00500999063986459
150103,0.000274032631972981,0.4044381345959928,0.5785552052369086,0.0060586485554380695
150716,0.0008602251628741795,0.0013583698172765077,0.5304281912410329,2.542075603047191e-06
150707,6.728761258800824e-05,0.0037089107973837174,0.04670565126228923,0.0004597986860180563
150703,6.358388941137627e-05,0.005758608443183562,0.03865391254586522,0.0
150728,0.0009166598147208426,0.012831272024556825,0.3502327495749274,0.0012324995607958947
150727,0.0029442650623693473,0.023523292311831145,0.48658252226528287,0.0008243942174634173
150702,0.0007554201712073395,0.002626214838645895,0.7050797054240725,1.4690165763583586e-05
150714,0.0025070289705469233,0.017539429346070706,0.7327002062849037,0.0004383158618216924
150505,0.002492967761986748,0.021748334055257973,0.8857805954277936,0.0009515898393540217
150129,0.01134063611167116,0.06114396694680973,0.6534218869432119,0.00406518760125235
150127,0.0012388706091759237,0.02253539210092764,0.8219482592239807,0.008964547833342953
150126,0.0010637280677495422,0.07007522358263407,0.7107620223888648,0.010470248087308905
150119,0.015935837307880323,0.15078473080188956,0.5528691116282951,0.0065135432537744824
150138,0.0,0.08942198624994012,0.868543232098384,0.034113319948947625
150124,0.0,0.06382715113179896,0.8716338765760315,0.04945389499885135
150513,0.017116736450558875,0.07476972359523758,0.6893468883639544,0.05912704844193095
150515,0.03646223381181525,0.020788927886000504,0.5290568292820117,0.0020701355132047646
150509,0.026605892909641122,0.0390742356127191,0.4072993375506494,0.01549845038644976
110501,0.28451293371206277,0.25467615085572953,0.20963082911546194,0.01693328858929315
110211,0.1389838819425895,0.0751855126602886,0.23331312158439316,0.17466899199263797
150507,0.542696498106882,0.042033751326788674,0.1515846608989892,0.000247680159634234
150514,0.5496323926282554,0.030448497047460405,0.1235577064134352,0.0043653779049544475
150504,0.06339444941342724,0.028131073256934626,0.6889924877649838,0.011564622704895885
150502,0.012991894792825592,0.033645943845776474,0.658197630504815,0.013829133866561413
150512,0.04634049992470385,0.004232193936973024,0.7820767443305698,0.0001209693095703576
150510,0.03834647062711709,0.006755220114735049,0.8415421433575233,0.0003978460694559587
150501,0.07629138574294828,0.018387664883965177,0.7998926416646269,0.009438911642786136
110206,0.11083736287558624,0.017563883557521722,0.7473930644386798,0.0038202895000114746
110207,0.005245868225157064,0.017272649522466363,0.9536276373053277,4.045436502519299e-06
150508,0.0009195815910940958,0.002105940386568109,0.8959423516146259,0.0031467004160927016
150516,0.0018543187137197701,0.0036862764619893847,0.5135244420017503,0.0035511150547016205
150511,0.00151939306659637,0.00134060440907359,0.7401063572258039,0.0013168602816830536
151009,0.00167673613895035,0.002176564732986299,0.1827545011780119,0.001648038155033699
151015,0.004366390530148946,0.008761526734038853,0.003933378070691591,1.7922119325048793e-05
151005,0.0011327563628206968,0.003913650142996469,0.04513085194229999,0.00010093868579590368
110203,0.0003154849788619842,0.0019379791558664743,0.38514777378269704,5.121509397110133e-05
110208,0.000620555478258363,0.0016624360831965482,0.2118616779374112,3.990710471114875e-06
110205,0.05857038409972498,0.002371406176002778,0.8275847789560633,0.0009525802475988032
110202,0.0284644947789483,0.004029147462316832,0.8495508922307232,0.0028881364248731535
110201,0.007797209949413513,0.02665812589424264,0.9411662780978675,1.5361823813555893e-05
110210,0.07038644048950536,0.21080489767085897,0.3526954195527469,0.0
110204,0.41619321441880036,0.02627689735557805,0.13065525016553645,0.006854395613552495
110504,0.2342473251981733,0.004989117827077514,0.5408828256200232,0.0009474379193134152
110507,0.1898549598304937,0.029504228692968218,0.4666025857327695,0.030865027740712266
110508,0.12486581334369436,0.03522128342807032,0.6616818378846989,0.002764740829313069
110506,0.07004262131471231,0.02428071948399494,0.7853537642741645,0.0015527648639172887
110503,0.036916163356333194,0.0010710459222137783,0.8966646852642028,0.0016099214307135174
090404,0.001953652642038316,0.002173905575669047,0.24565073336708693,0.0008473502602047309
110502,0.000851202004861082,0.0012902615261431599,0.5383510148544458,0.0012309992826207365
090413,0.0002668361073735445,0.004775184556898697,0.06904508999084234,0.0006750856774946383
090602,0.00022395017230231507,0.004403247080678483,0.1153378120280423,0.0009129163020674501
090601,0.00023312585752401844,0.005404358433754804,0.16162362429391858,0.0002542848101200139
090615,0.00032276866044509274,0.0012758181812784085,0.25232365811475493,0.0014965442852247744
090613,0.0007006489141299975,0.0011936537261548524,0.19708121198416753,0.0001611898776498833
090611,0.0003176241019645613,0.0019557839016811837,0.20296641812269303,2.1324410296601135e-05
090616,0.00023529247348231375,0.002895182238098117,0.27710371409431234,0.004109650512196176
090610,0.0006500534752303253,0.002727447746806547,0.21361381699074786,7.967598318283689e-05
090604,0.004152483848878036,0.01097034385317745,0.03341593690919872,4.772969941239121e-05
090609,0.002547042374394853,0.0011665454074728427,0.08169482168734238,0.00021925968137227622
090406,0.0029958659404007225,0.003856163293231383,0.09797086935472955,0.0006786201731700472
090401,0.0002752902764476791,0.002149887028408985,0.2981345354432346,0.00676380103184457
090411,0.0,0.001905604007682903,0.3456272090615685,0.04484053406748567
090101,0.0018046144848354562,0.00931939047704602,0.13071260010246835,0.0021436840522374803
090118,0.0004723965205283991,0.0021043570295394254,0.17934153745302325,0.0037447973374882594
090405,0.0001799497299565528,0.000775399486543437,0.22635792963248735,0.0067986920755932975
090403,0.00020856023508769488,0.00137699412356709,0.24536959765459113,0.008065429337796326
090409,0.0022218107234669503,0.0024920342194291885,0.1184950313207176,7.538163846582726e-05
090407,0.00047428108340298125,0.0018753724260250795,0.20990392369197344,0.0008483827641542027
090402,0.0002484332591243463,0.00274496650334405,0.21051739586466425,6.474690331753795e-05
090408,0.00030271076935450006,0.001765378426936617,0.05019357851043961,0.00020509616496855736
090412,0.003257183216271211,0.0037747621717620365,0.02667981625823965,0.00015377167350334015
090410,0.0005853284602360493,0.0019887529199636798,0.2904943635245463,0.0019829354890143003
110209,0.000292241022639874,0.0014704218833693436,0.13138843233683312,0.0011854283735251228
151032,0.0017511607384869702,0.0035701555392720057,0.14495431468158557,0.00015498726553861845
151020,0.0008012476718758393,0.0010752585490375294,0.23181692500729814,0.002545781920330598
151019,2.852703643885418e-05,0.0006562816534238359,0.24568359569150655,0.001858332659445358
151012,0.0008555552878238551,0.002200930188657219,0.22994960916609572,0.0009050502218301938
151006,0.00043865978924571977,0.0017220366180249339,0.251921899192589,0.0004430340997491224
151031,1.8049384815621167e-05,0.0005144074672452033,0.272040257159141,0.0013044632518772067
151016,0.0001275137876408116,0.0006710925630018619,0.28303030979062993,0.006151551813459081
151018,4.21695149625317e-05,0.0005671778698766727,0.22979373546368173,0.012830965921597484
151002,0.0003130546534689596,0.002969457588821524,0.20903820679791024,0.005800718578983664
120909,0.010932087726186654,0.001472544143337688,0.03645459304926356,0.006891312869651184
120108,0.004129854092376434,0.0015265924155418835,0.08951487653410146,0.02425259348585576
090102,0.0008747652579094803,0.0008750445333834426,0.16177463775329545,0.03027985213127006
090116,0.006906623601973129,0.001127394342690417,0.055126905878297064,0.0025519998569962705
090113,0.0017018138620334409,0.001922033372259523,0.12260344011620801,0.0111959923903944
090109,0.002872721381934968,0.004282705464437099,0.009965537634085374,0.0013673048885171242
090104,0.005486515219786124,0.010687604328855781,0.0019454675776783958,0.0
090110,0.005998001015625353,0.0013571943800433743,0.03219262973679516,0.003061808515652478
120104,0.04466288688879146,0.006331096623245122,0.007369681013125782,0.0
090107,0.00871212766253892,0.0066597337577192165,0.002725624000507778,0.0
090112,0.010351418732399215,0.006688005768046861,0.0024514271499219407,0.0
090115,0.02027624959329864,0.007343655266908204,0.00776806767054413,0.0008661078325447688
090105,0.011717078573122802,0.011082704547085175,0.00953394379991691,0.0011165617232288291
090702,0.07702239157678538,0.010441538940276421,0.0034949984845799313,0.001420705002652168
090710,0.15565338759159483,0.016859840705056705,0.002502966875432544,0.0003024574191066041
090711,0.039147861973901084,0.005509539390869495,0.0016016257370112207,0.0009239887173730636
120113,0.1306872092424529,0.006691449134548325,0.002335992863234231,0.00022869093179215264
120112,0.09616630532875652,0.0069984671461617316,0.004182498913120827,0.00019641032980156643
120111,0.047055427065751,0.016370665884990532,0.009411439744366135,0.0027358396361340533
120106,0.029976132327788743,0.008908341789810295,0.010178731957529358,0.0
120105,0.015581075937359743,0.0042601481710449985,0.006122039430188704,0.0
120120,0.028698594984402827,0.006214964766691501,0.004514127702451028,0.0005838714502282589
120902,0.18068442966217949,0.017243053616732028,0.007059054879159034,0.0011019531202583128
120202,0.36386600546286607,0.015370748095614705,0.0019902697329143527,0.0
120208,0.28504877708976745,0.01849390502475717,0.0013885174266360632,0.0
120213,0.5817493881184223,0.028746635719533523,0.020093874578654143,0.006213087610140026
120904,0.6445789702258149,0.03165591184813349,0.0014651895519050223,0.0
120134,0.7778692047416376,0.06956813055110421,0.012467831011140792,0.018337511286541593
120132,0.30136224631637465,0.05284312405248005,0.004985074042026795,0.00386286817962337
120117,0.32914340064453584,0.06825915830728835,0.0010042620999836899,0.0009984464205418258
120129,0.30529648104768486,0.09597312731528568,0.014016225447982382,0.021084857280125484
120125,0.4232891291714821,0.36195748695748703,0.01951275848334672,0.046896322631616756
120121,0.4405352409582496,0.13254691660497478,0.014712745688762368,0.015359754595829701
120908,0.5901639160443963,0.07215008266723927,0.02982019525054424,0.06588178108234934
120905,0.6310971771686235,0.16790817500816999,0.02485157214630046,0.015630861294822412
120901,0.6413775523520364,0.1568591388775308,0.0010459097117701832,0.0008430265435911725
120906,0.2604048074601963,0.015760877966758735,0.010275250522330283,0.0015342300251027705
120903,0.10890871222681792,0.01293671686248315,0.0026271636508802252,0.001997034263643785
120136,0.5919491444354822,0.12891619767452395,0.023035242632317213,0.02751219178178749
120116,0.3749266189410219,0.022735624191385116,0.007669447386915905,0.0003419818273866041
120119,0.5129073272830622,0.298263096415517,0.010166687806966125,0.014343900443283058
120107,0.1109461183850306,0.279649770880722,0.028790229082530698,0.0023151933458029094
120133,0.18646293099557718,0.024351419351927063,0.00820284998646087,0.0013307552576947376
120126,0.0648784097283234,0.008924759908673034,0.003374452501806251,0.008737173019680713
120101,0.015618324851680474,0.050676576594111004,0.034619778040411345,0.009124840223000542
120114,0.06715597171838798,0.09178905778425563,0.029902978468357093,0.004519674464894588
120128,0.0158142261181539,0.0035230313098855563,0.06085550508346666,0.0021371687924369377
120127,0.04225747295166345,0.010555017392572336,0.005378714657192587,0.0025987218885129867
120122,0.05601772057765978,0.008200298957297932,0.008365376435858822,0.004509066683684347
120130,0.378804935796015,0.0900722287501221,0.047018639336947804,0.019505900996230306
120215,0.2484602602061335,0.024761332089232337,0.007393100185296299,0.0
120207,0.16800797689201405,0.009660758866972208,0.0012169471084459208,0.0
120212,0.18289689650499136,0.05094440010641115,0.002149558041831674,0.0
120201,0.35422581733899144,0.13018879694930485,0.03729011675243014,0.0005254579161794649
120211,0.559901508363532,0.029956066375468132,0.010615545632171727,0.018592107520511842
120210,0.5197408550754271,0.048878465799771294,0.008694998001617287,0.014337669746344801
120428,0.5320756173013996,0.028430124353526754,0.008161336206799081,0.005570213723437216
120407,0.34783968045705943,0.03375961203102423,0.014922730065934796,0.013254222650346282
120417,0.03772099272882897,0.00459135005873485,0.0028962802051178942,0.0
120408,0.2545386001751415,0.024795831808576523,0.028487060886706495,0.024355025487330054
120416,0.25812222453230504,0.015447090969415744,0.02875635592207183,0.0
120404,0.3547716137546725,0.058644466900130546,0.032827327691812645,0.08742475306585973
120412,0.10540442569233761,0.0101134758870122,0.029934843009536135,0.0
120410,0.589908730567534,0.01922305699863134,0.004791583883991428,0.0009676374928255019
120401,0.5404902378335523,0.3387554058951659,0.00894874484322442,0.000282335538626085
120430,0.53736429845411,0.13939011733340903,0.024784749272036714,0.07900932734474411
120429,0.20295717835303292,0.013529912800578506,0.02974910346238384,0.0
120433,0.04409007055187848,0.002767347782071859,0.05587466496203499,3.680033688079818e-06
120422,0.10668163692356288,0.009286757738471258,0.04274192593177511,0.07625829121920404
120402,0.301778068706916,0.011704473793687888,0.013945858268652942,0.0021020052501370865
120432,0.41046979230588077,0.010012714509542919,0.00031207507180021316,0.0
120415,0.37252026241866276,0.016034023943670404,0.0030471298614942097,0.004594926805281921
120424,0.4274827993385813,0.016988167440580987,0.002440425735775006,0.037952125590785014
120434,0.6298730925000195,0.04899611859484134,0.003739955917201501,0.0076057921660663535
120425,0.208211880886783,0.014935918508386006,0.009757672417634438,0.008118852586506235
120423,0.07855347460075936,0.004488086719339025,0.0026275165543728513,6.668617677114162e-05
120409,0.3583906447802123,0.030583981134939306,0.005266915498865906,0.0034642517647178496
120421,0.3675531877972365,0.035018863142592255,0.003317357312611315,0.00457424756110432
120413,0.3435388159199428,0.025117928326019515,0.0045896704447800545,0.005596828350935719
120420,0.461432995309483,0.02468948440663384,0.010022709640041677,0.008478534903629015
120204,0.08943274132302914,0.005777824767871485,0.0022253987972028874,8.004918724333643e-06
120431,0.13685729992305942,0.004625624168667544,0.005411501114515995,0.001634849535753027
120907,0.022637211109325848,0.004371439313783123,0.005045617280204046,0.00023176997834490782
120214,0.07449107391390719,0.004764492585823671,0.017939757446396393,0.003934325435401507
151030,4.821840156258821e-05,0.0006979495443827872,0.09217151914165951,0.010129823437095356
120414,0.01920344201215468,0.004426528866577177,0.014606670660562624,0.0014386354971919917
120406,0.03739112001840226,0.01215179712778562,0.02082503218088198,0.004422352091018368
120411,0.08750037581086721,0.008044342145287596,0.003299840479340129,0.00028815850906544236
120802,0.012221957905746093,0.0023912996573218783,0.012569651112733685,0.0011434903944571072
120405,0.003370095313438662,0.0015375450525802739,0.08590234552311965,0.022300396489302494
120809,0.0,0.0013454988038109203,0.21671432598836607,0.01477540382235429
120803,0.00024055760140161378,0.0036901151047702935,0.17250495161672583,0.005007505753385444
120810,0.00029213485073267137,0.005246587383935908,0.34554445519169197,0.022882686558880178
150720,7.615790250982105e-05,0.0012288550445824884,0.3019971937057339,0.009348382533080533
150721,0.00035668962652148225,0.0007855838155472493,0.2557252448086645,0.016681124050342375
151028,2.508448528421622e-06,0.000735732871912588,0.3569925673489657,0.03728610029027078
151014,2.7820062791639416e-05,0.0008681799116066297,0.09276290219961779,0.0064631642609727
151033,5.9381091343953465e-05,0.0009598113431124624,0.1445528044940941,0.010859221437711699
151021,8.405227814096755e-05,0.00047515772548595254,0.33965984303740315,0.008840256929366996
151007,0.00028720042569774104,0.0010078439071317712,0.24511044524123185,0.004881771901581019
151011,0.0003492411052314858,0.0019654761422126846,0.2912184420740356,0.008770457437865425
151008,0.0005065582263140397,0.00478542860430722,0.17779265763006522,0.0007644346746342459
151023,0.000401793289673337,0.002233103064971092,0.10371362452567098,0.0012284476928487288
151001,0.0004963321931441278,0.002969661739749639,0.20284867594028796,0.005702758549346488
151003,0.00018179319478318462,0.0016697546425270826,0.1614803881763565,0.0009291725717851139
151004,7.452916772394631e-05,0.0007452916772394631,0.3581603467973697,0.008355686980501778
151026,0.00019798491094652403,0.0007220626163932053,0.500727269140003,0.003843236506608996
151017,0.0005168930471102406,0.0023458992138080145,0.37752379072364867,0.0004373710398625112
151024,0.00204303957771273,0.0025265698501668846,0.24098950096564764,0.0014200151195041327
151010,0.0006689750041996061,0.006885830381620411,0.013916287996912819,8.631935538059434e-05
150726,0.001974518856664085,0.0053911117587396905,0.03453681082989289,0.00011020570362776289
151025,0.00048246266898348484,0.0019756769294447733,0.22182716114785547,0.000319771768977426
151013,0.00095591172164653,0.0038475916916791675,0.02059923943275634,6.393639056258758e-05
151027,0.0014525318437931408,0.0013975427069155837,0.033372668963013934,8.555356866245922e-06
151022,0.0019923687386047555,0.003014195741331213,0.20592082930466615,0.0002007037967511947
151029,0.0003225839680647293,0.000689418349996041,0.2771287243764868,2.1395875432864696e-05
150506,0.0008647184315409676,0.0005821447361840689,0.8985564278443028,1.9023025062103865e-05
150503,1.4506204133955058e-05,0.0008529881897021205,0.8636832313789059,0.0012175661933750677
150713,0.0030095466151306973,0.0018522275221569187,0.028265620772039254,0.0005467294259014413
150731,0.0032560799394519826,0.002465722653298377,0.6364530162500444,0.00017557823349397813
150730,0.005137315639538778,0.0062390634916070055,0.13457293403991924,0.0006358475382227486
150715,0.004917675134435492,0.007743073773068595,0.0615514300268727,0.002281556564656223
150710,0.0011798829949363349,0.0076180946790003505,0.10143135175509656,0.0011798829949363349
150706,0.0033427512051040285,0.010677784611920493,0.06046929726892756,0.0017415336423322438
150711,0.008017166075566566,0.007436653028343059,0.014992180882137484,0.0005734907119748346
150725,0.00011071032526172577,0.0023481008750804618,0.16912222168097185,0.00017713652041876125
150709,0.00040567171197425676,0.0015900879789884663,0.2284280752846317,0.001341703018498965
150729,0.0,0.0007469731782587004,0.3325486130269662,1.8787607679239395e-05
150718,0.00018617128847406978,0.0016245504797764473,0.3005627921546396,0.0019961003946560134
150722,1.9112374365494153e-05,0.002533226550540713,0.3333366311547925,0.010016841208031308
150705,0.0,0.004221950546357083,0.48208519696261404,0.007320540786043441
150701,0.0005913687873046422,0.005824261373502792,0.1285168154060195,0.00046907903903561915
150732,4.9208065336989705e-05,0.00608015498546529,0.04860923856018617,0.0002296376382392853
150717,0.0006600511726936912,0.011399219197977666,0.047799796634927,9.647658433846798e-05
150723,0.0006547211971199663,0.0030414495517034107,0.15925194483005958,0.00024879405490558723
150724,0.0001381233655401744,0.002690968156876809,0.18947575787019832,0.0007450328504446026
150719,6.716218310807884e-06,0.0007367559796401136,0.25445665201258066,0.0013835409720264241
150712,0.0005141108752639035,0.0010320202395181057,0.14748924991091808,0.00425433688828074
150404,0.0002792288351361577,0.0020365504603709846,0.22520930676463463,0.009047960301284375
150708,4.157298418231691e-05,0.0014063377265924018,0.39402339368880906,0.03471757685911051
150704,7.443987714442678e-05,0.0013366044842640379,0.4450558099112639,0.018393699548920624
120804,9.91069347944035e-05,0.001436646665565383,0.1373414084172081,0.02533592673487163
120807,0.00010361271573819797,0.0027539335716228242,0.11537426068083366,0.026802595567336523
190104,3.693970855733537e-05,0.003298282766273752,0.07229358446889239,0.05475837028980594
190109,0.00038285569758228207,0.005322385432656099,0.0693850076919731,0.026769167308901137
190201,0.0007685160067180212,0.004146027211168878,0.04493709472153423,0.006080042980517158
190101,0.0,0.18466418739845927,0.10481449478797425,0.028538325791444066
190113,0.0008688243110759352,0.022901556106605398,0.0038122631108980266,0.0015087503146082029
190111,0.0021738263804787937,0.023431163597210602,0.07308800111155021,0.036859259324240105
190112,0.010796142961059364,0.01414136914559129,0.01530921590044608,0.011031070319953677
120503,0.003808884694147637,0.001626232077648806,0.0007292499265030581,0.001797556024133668
120502,0.008519262252697444,0.011703034960491803,0.002865248612832122,0.024902174591032205
190105,0.009129113125186264,0.003916031446771415,0.0033527434646590374,0.01241060571530568
190102,0.0001609678150390575,0.0013014999901476338,0.01890122151661947,0.015306191683289819
120705,0.02130930786936235,0.012772350529397045,0.014774078562591471,3.4553437025864166e-05
120501,0.008140119181029313,0.005988711746758989,0.0027277385403118013,0.012805849142258503
120806,0.0012670559256258759,0.003352375578507561,0.009988860952100626,0.00536831225543924
120805,9.877551289185069e-06,0.0039697943190393535,0.2386478239141198,0.017828140807915265
120808,0.0013208432925738975,0.017366619890090845,0.026800387438941406,0.0001345449610788421
120801,0.0023233855576429993,0.00891228541396017,0.14055176924980217,0.0017525248526647807
120426,0.045037979553533954,0.001786775049541812,0.002594479581292879,3.0756141920128127e-06
120703,0.03148915467203917,0.0033665343023949953,0.01794870930264894,0.0
120701,0.017444157091749814,0.016547200312834798,0.009920794744012681,0.0
120707,0.026999978609974735,0.006740618623252088,0.000858198078913979,0.002044117520152533
120708,0.005489590457407742,0.004115212876716438,0.004413893474640319,0.010299671183110353
120702,0.08234569645064442,0.019770822972902856,0.003128304084320739,2.6170118151754753e-05
120706,0.018157784522580468,0.004883019971525321,0.0005773308966054654,0.0008236449916630681
120709,0.03074946078280719,0.004876840645679557,0.009689369361816056,0.0018239930529613967
120427,0.0077557103518100965,0.000988978065694646,0.05122808344346221,0.010179837796824048
120418,0.001701838970450171,0.0011936848868066721,0.015132029628572184,0.0057037408962606895
120419,0.0001926788775606246,0.00018706687141808212,0.004625961991386268,0.0033869227345596662
120403,0.024610087418396296,0.002568231353201733,0.06591805964780156,0.01890281206949991
120205,0.004301338561928829,0.003983541575785117,0.012272290657590357,0.0017856296097389702
120206,0.0010193090413948172,0.0022908685713849924,0.04253320211556561,0.010840031064670285
120209,0.01917682923453246,0.006660005430863468,0.0014597137341910993,0.0004392429223754403
120306,8.184712771319973e-05,0.0003550525797746213,0.0017761564075275272,0.003712806054039888
120305,0.0008059459827082719,0.004744243648928214,0.0030279695900056473,0.0027461062712488445
120301,0.0001493997368041935,0.00387882453632521,0.001894438182289748,0.005868517897896931
120304,4.97546148513889e-05,0.001853621036215683,0.0017365513542124148,0.0018053209234740316
120302,0.00044363726713329826,0.004150845475913917,0.0027384796682214875,0.004169290379203881
190307,2.3443252489938763e-05,0.002772317134335594,0.0003249126145450479,0.0004899806923712638
190301,0.0019526330136077138,0.00706748104213235,0.00048227775412586145,6.856884061527191e-05
190302,0.0011599138691041266,0.0019005355901125123,0.0018928553495029003,0.0004002100688033408
120504,0.0015059346108405023,0.0012521701626293127,0.005902753767163388,0.004627663864597251
120704,0.013266716543437631,0.003215033954328614,0.003488313443147272,0.008291721608515214
190107,0.005030827605461463,0.004086729685181559,0.0025469372755411077,0.005460760842244328
190303,0.0015911885886492271,0.0007270491351943068,0.001754717557491508,0.0012594597921267894
190305,2.8139866584790285e-05,0.0005559698755747219,0.002532707940911538,0.0029215658722154597
190304,4.09985591251185e-06,0.0002431406253756462,0.0019756816063325995,0.0038746482918817307
100902,4.925667598050673e-06,0.00023020359705085795,0.00695365723736496,0.004073412278656971
100802,0.005715389318544442,0.0010026263806084499,0.002427836977388506,0.0030303622112648368
100113,0.027101723548156632,0.0017204384371046935,0.0021150773508360706,0.0030672249105677713
100103,0.004861595829888945,0.0024303531542066267,0.0007981285155704289,0.0010400482765220603
100804,0.06699755872969207,0.006799026936471429,0.0042368298293625345,0.0001701845019594146
100803,0.013717919867299474,0.004739098121837545,0.0001534562049775795,0.00943234901437428
100801,0.012551801669330953,0.0012983292065640863,0.003955749787242243,0.00868269948014361
190110,0.0005237067346576175,0.0013317586404008727,0.01674086110470689,0.005379319451030925
190103,0.004016811611261895,0.007795387322222146,0.0012302232386134958,0.00031571871486675514
100207,0.00943579900564712,0.005566069108753709,0.008983958106394803,0.007647417122335232
100201,0.024577745272640325,0.010945264386670733,0.003387160280320207,0.012600363667649423
100208,0.034028973947095836,0.012249420101744698,0.0005031760601401305,0.009489678249468192
100204,0.03651835659511878,0.01258613442670419,0.0022882942270804232,0.008422050213021861
100111,0.045337193017558446,0.07679948512183032,0.004902267115046797,0.0017015350353039994
100205,0.014026111345915453,0.0073180524892132144,0.0052275760378212265,0.001457705480140776
190106,0.0031104754839212287,0.007657925839841483,0.0016767406905512873,0.001543087447101547
190108,0.0017199301138986095,0.011124866727223383,0.01620372159179389,0.004359099910850963
190206,0.0006698432886982737,0.003643033302786672,0.0017407317425985904,0.011383933552161314
100206,0.0029466660013425273,0.004578934894347234,0.003121428167536334,0.002124387236753209
190204,0.001954202723080458,0.00715270543316103,0.00553453433764799,0.001131037997831419
190203,0.0007493509324771585,0.00786253641714727,0.001371861188734962,0.0006569950651049406
190202,0.001264420386625216,0.006980660925769516,0.0030505362672923514,0.002862907057556488
190208,0.0002839768321163663,0.0023865190244132272,0.00045316363254768564,0.00013419297360792995
190205,0.0012851884595668276,0.005215419470105721,0.0017777444511508206,0.0007676374977644784
190207,0.005982009213375377,0.015939212067487246,0.0031362533242265266,1.8528475724063762e-05
100203,0.001126359191156462,0.0013526110279274402,0.0023230032578172794,5.754102097642327e-05
100202,0.00655820454656396,0.0033124407241573494,0.00527616457390435,0.003952129812250296
100108,0.010496135740175366,0.002007428396578664,0.0005858531861986629,0.002451978205216104
100105,0.03416287573683422,0.006148272786463747,0.0019291101280764786,0.00039990359840216946
100112,0.027972951670319674,0.008643966117321523,0.0004291612821758124,0.0
101105,0.016344054315276225,0.01740691746214864,0.005121350691200408,0.0003846103449436325
100106,0.006530267535447807,0.006992739537440639,0.0018641981938608404,0.0004939385985896603
100110,0.020949700257813546,0.005870997398128149,0.0022434647434111713,0.0
100107,0.02071802883192533,0.004860626096142895,0.0018612063695467595,0.0007430884555945609
100102,0.05186207980973816,0.04793112731856423,0.006485759972855205,0.0038462543102322395
100109,0.013555543168507178,0.007589122826414487,0.005015097073311193,0.003148348079156062
100101,0.03878923261570229,0.06648475609001767,0.02313211564240738,0.0017357540295297146
100104,0.015315856342653672,0.00447041670302345,0.0015134340493307605,0.0019202748344978897
100311,0.0007700237754028044,0.0014193963650950695,0.0005643228655129253,0.007066203407029827
100504,0.004699147912183926,0.003263064238157586,0.0007282573058420741,0.0009906666574644128
100316,0.02071850470275207,0.006335700253664224,0.0008579515981445827,0.00365105131643501
100323,0.04787359578060966,0.01055975385040906,0.005970055707023266,0.0031009050438424368
100307,0.006455581217250669,0.004343000784866974,0.0009053850737566194,0.0017499045011370128
101104,0.0036472454459455126,0.003951905123447941,0.0010373880638770044,0.006099955942549681
101101,0.003958245106049133,0.005985078641644916,0.0009824151940031666,0.00252022172312055
101102,0.008379367085313057,0.009203087360503416,0.0036649247969184227,0.0
101108,0.011994926816935711,0.00867220107574944,0.0004433408163200348,1.1936098900924014e-05
101006,0.0041702326874852565,0.004320303289064788,0.0014592253749833846,0.0005232756686711487
101103,0.01872158212255549,0.019251945480335455,0.00372565261133409,0.00033994802572406716
101005,0.004160292225526575,0.0034445575834880725,0.001731815814486232,0.00010940697279407967
101106,0.006425221261353179,0.006613013619911389,0.0011202545049523397,0.0003871055495710455
101107,0.0036689748709441083,0.005968780109547775,0.0018302484468843113,0.0005797231319996887
100322,0.009507399752056939,0.0043861024909384524,0.0015501967126875483,0.0003515842193990872
100317,0.006890500353980402,0.007369623536706747,0.0034699309291204034,9.096428969397343e-05
100301,0.008221015377735234,0.005767169486294348,0.001851438143225298,0.0001487191597792617
100501,0.022991463151440312,0.0055076544083214,0.0037712155103002396,0.008720955065219756
100313,0.011879948963871815,0.005467758666307121,0.0015881485198903549,0.0012014467992464864
100321,0.01178334235427072,0.0062647765599022544,0.0028239647813201353,8.429581152293989e-05
100509,0.002726735515887183,0.009907509968168837,0.0011341593751406337,0.00022378489017058835
021014,0.0028568278197252765,0.005890923344650547,0.05321045467210202,0.020576540018210722
021004,0.005293786631287651,0.0033639629882133188,0.09539911377431004,0.0024917261270888803
020504,0.0003097355930712551,0.0033217978975176345,0.19656048680244798,0.003730819246778881
020508,0.00019046175997183433,0.002345163931479282,0.043387966573881255,0.003803261989087537
020509,0.0006836465274253078,0.0010257659673628876,0.09799177082436573,0.0022317058048888674
020513,0.0002905253779439936,0.001136662977670767,0.1428542299944432,0.007349922819291466
020514,0.001167196696621221,0.004411922624128244,0.13007842198242178,0.0006126111224328337
020515,0.0012665428842777546,0.005278024642071111,0.1188481839609249,0.0004886661522016533
020501,0.0012390702603759856,0.0066345159165031985,0.0389529510669632,0.0012135066688926121
020502,0.020364886428508353,0.012044933590869009,0.12135632830077447,0.011677099514819699
021408,0.000135955597725756,0.0023917522015597706,0.16006539633892153,0.0011047058764226136
021407,0.0005311936836326155,0.010029607972117782,0.26742176408149343,0.007063718707599991
020506,0.003868529974125327,0.0056285042390917025,0.0428093181922794,0.007740335441544252
021403,0.00017616208362440018,0.0022350564359845775,0.2719642059371025,0.005240908341788466
021404,4.0725450921775085e-05,0.0016010372564729837,0.3805957887520075,0.0055068795028773605
150304,0.0023097230109884645,0.005455916927262035,0.18603954570796974,0.0019658534246158508
020512,0.0016266581596721245,0.0027278107261874923,0.15948333386447655,0.0019334070262974669
020511,0.0016687565331160662,0.00028630626793657994,0.06467244237210872,0.005099299086969047
150302,0.0009309831334146718,0.002289516157432072,0.25765065043329394,0.0065976932017570026
150301,0.0007450269707771438,0.002035531176765174,0.25307165107404916,0.007543763288417981
101004,8.051614109185464e-05,0.0008655485167374375,0.05367271746344053,0.00851458192046363
101002,0.0008889464159754086,0.0028421359047796526,0.005073488043304941,0.005372278079128679
101001,0.004092090970443873,0.0022386094274968165,0.05100857826505243,0.005283750882554695
101003,0.009003497129968303,0.0066442889336290655,0.0031105220926362464,0.00016082383082365024
101007,0.0006792487504039186,0.0014796668446165771,0.046234056794424355,0.01744221170180963
150901,0.00010359870206415871,0.004111611988222569,0.2505751591761914,0.013130673486016873
150902,5.017171515451414e-05,0.006528334831379862,0.09926693549524242,0.001367753097447572
150906,0.0002675746352411195,0.0056550825744399276,0.07159576663471755,0.000626982023047908
150804,0.0004354018527087059,0.005348542648229174,0.08657409912795495,0.000995146841208272
150807,0.0004817324682514144,0.0026362708514779615,0.2228707670481815,0.0014668247262435328
150809,3.521550094004005e-05,0.0009048199477334132,0.26429750490203724,0.006770786027768449
150610,0.00010480463159962707,0.003558235800082904,0.29066714123299847,0.016107491803384676
150608,6.829075395525375e-05,0.003465588383930218,0.24926471110885365,0.003943791040915904
150602,3.8503645847310826e-05,0.001717272671102703,0.21266608484721783,0.012169718997473376
150401,0.004759267225107316,0.009430473827935977,0.10854192557184529,0.0017805526278761555
150405,0.0002829779314564926,0.0037695475362866746,0.07518413729921423,7.59209084395468e-05
150402,0.0014984478670823807,0.0014943759978783525,0.07510058853016033,0.0011291802286420725
150406,0.0015693260258740583,0.005058370340336444,0.09170259219242465,0.0034104932227845912
150611,0.004706367713969512,0.002563056221786039,0.23785575654522206,8.408489328840279e-05
150407,0.021595882329241707,0.007983064021878107,0.6305360193899731,0.00028239181322294705
150403,0.0030709472590007567,0.0014207142340391824,0.46372404062492323,0.0002726481613988246
150603,0.00027919308492415924,0.003040947646830639,0.12197516574148137,0.00010854627608575327
150609,2.0468959104464585e-05,0.008000232463159089,0.06431154301595907,0.0
150612,2.9957643919416456e-05,0.0015474423766397509,0.1185902788704206,0.00023437450831072874
150607,0.0004595033906360909,0.0020459720155147332,0.16858388025106194,0.0007266749940366402
150606,0.0015457245910372674,0.0020782423229830553,0.1415560546968851,0.0002792196074060017
150604,0.03464439290218223,0.006973555837559484,0.810809964482893,0.0009524507826966567
150601,0.03864700553510493,0.0156413627335484,0.6936035299993201,0.0013859473216566401
150605,0.14965709242416697,0.03959957394753762,0.645175368026189,0.012313272557203148
150811,0.027376556150667124,0.003470500047359845,0.7907855202028604,0.0014951200737888777
150808,0.0009248523553729617,0.004329864635338477,0.16730419108673666,0.0021719821826991378
150905,7.956544400407666e-05,0.00218853260029514,0.18131251542741272,0.003588557535258375
150904,5.7036566320290434e-05,0.0018454322473088665,0.1216975334704649,0.0018866933019756323
150903,2.6322632271485222e-05,0.0024365811229289974,0.22439417773653775,0.00456795734618731
150303,0.00010156017465368081,0.0014877620959699836,0.13343395466782715,0.0016030985074871956
150305,0.00011835154334866748,0.0018454392268092946,0.2987042503140226,0.0031805191955600336
150802,0.0010815520829328587,0.0009598478384276452,0.4119012496745061,0.0010317502400301708
021405,0.011187148257697323,0.000918408286951746,0.9077051941616673,0.005216026133994783
150203,0.13490580320932155,0.008505269023461754,0.6479421997454681,0.014594070282433723
150201,0.21684550041738257,0.043514294711576806,0.4263602999561509,0.013542627438494062
150204,0.08719754247229966,0.006055582887381674,0.7267298485107767,0.0016002585107493929
150812,0.11777146187870509,0.02294587693773052,0.6251875320369462,0.022969876472061713
150803,0.32639371312644083,0.18533373529244715,0.16152202692252238,0.07634601689102107
150805,0.11555688553391127,0.366058561193074,0.29471386600859245,0.001156664762551545
150806,0.11565693762404651,0.007017099724655137,0.7828084889529234,0.0043218693389504535
150810,0.03486813834379586,0.02553310074713785,0.7319450211789305,0.0031782089236952887
150801,0.012060202047530243,0.013258875231051435,0.7994870013064714,0.021206064955269544
150205,0.16562088231124023,0.10449971482508447,0.2943908164024802,0.034941917194814036
021101,0.005369309293300525,0.0029161583143945177,0.9026722257476257,0.002434911011971909
150202,0.06262628464842787,0.011888808272312966,0.8480928653198466,0.0008239857150034807
020507,0.0003737449409750107,0.0019937004906757905,0.5899282084042061,4.594532402838421e-05
021409,0.00193438144278696,0.0002558502580358371,0.7216896509450682,0.0
021402,0.0014818645934359853,0.0007666352534596365,0.4128529264247228,0.001016970986805702
021410,0.00034569100329801287,0.004813879061955272,0.14292484854904927,0.001754058926749811
021401,0.00016365781043605976,0.0029103126318020317,0.20277146173914953,0.003195223918037357
021406,0.003316379688756079,0.0038734610712370865,0.02564556136257458,0.0017953333653416366
020503,0.0009895961878002013,0.0036016610809645752,0.10638534532146735,4.2716382207202935e-05
020510,0.0,0.002154427731868998,0.07987563579725354,0.0018879790724505708
020505,0.0002104705615275795,0.006124130584940457,0.09323324388897214,0.00022482082708627808
021707,0.00010869889196972917,0.004377729010284947,0.002812661705996811,0.0
021706,0.0001585793581046791,0.0043988575954349044,0.05026590639532554,0.00014896848791651673
021704,0.00023036388265999447,0.001791643805040918,0.041802075352735855,9.872737828285478e-05
021705,0.002676364456794761,0.00593890877727593,0.11207169957889303,0.0
021708,0.00048665233734711554,0.001003689410133239,0.10835502652235775,0.0
021102,0.0010131865806670961,0.0026596328591179824,0.11907875688242212,2.7669846287674164e-05
021105,0.0005726467249766421,0.0024052644485099417,0.10209578327088892,0.0005873068656643244
020203,0.001547350991509695,0.002920608971712831,0.01900964066758044,0.0
020205,0.0008481766087748248,0.004617052141684741,0.020670895501537362,0.0011780895913984025
020201,0.0005106087910454077,0.004837650419856663,0.05627379417962035,0.0035085642112690964
021703,0.00014293839581359466,0.0012761956381407609,0.060107477261634235,0.0025728911246447037
021709,0.0,0.0032087989582408514,0.06337320249892262,0.00019985599047866895
021702,0.00033332883535593983,0.0027670329692229085,0.13359601183541137,0.007627040684914844
021701,0.006207355773024716,0.0081911683594017,0.04389427954005877,0.006517682836339559
021710,0.0013700719749149513,0.006428943021591539,0.0991548069203001,0.012508722090769545
020108,0.004489822752798324,0.0019299000282542414,0.18849538590219367,0.004671971358998563
020101,0.00667187109047748,0.012311131659216027,0.09956401659495581,0.0037448945686523586
020204,0.001156113299752282,0.005469718695608124,0.022123945105285935,0.0009745709149589108
020107,2.4208380039288775e-05,0.002933011377701281,0.02935906889823627,0.0006959909261295522
020111,0.0009933938818272087,0.004754532039561742,0.026407235362742774,0.000584740211376551
020103,0.00022747540272553197,0.002823773608269574,0.023414299753745094,0.0
020104,0.002354745427436531,0.0029872844544844195,0.08917111338505176,0.00041965908222711456
021104,0.006172439535512227,0.0035027892107852773,0.351974458242817,0.0015325337366022139
020202,0.0020285333965520077,0.0040123217873478355,0.14218738761359778,0.0002544597784974528
021103,0.008439019318029676,0.003285526227642771,0.9585151243610872,0.002641037034919751
020109,0.00045450674124026895,0.002154537045928422,0.2804095797793927,7.233567957541782e-05
020804,0.0027178824754494984,0.002529322468962519,0.6525846667663179,0.0003684272919780478
020801,0.0086491461764002,0.004418227203424792,0.939150870804504,0.0018035374809415318
020803,0.01793550524681899,0.004956116440157171,0.8633450903188866,0.03169977229905842
021808,0.4513078138194662,0.04731331031348132,0.30814356036496526,0.04188440546513654
021803,0.0,0.15590055225861638,0.7854801950674013,0.05157963141568474
021807,0.12360543550964366,0.012811961227543602,0.7008575824802386,0.03204148712060181
020802,0.00456854576439365,0.001201321255054342,0.7972812616894396,3.691473399275257e-05
021805,0.005830023756316704,0.0019675571477537103,0.5605319160800291,0.00028883401794805474
021806,0.10372940311739981,0.004269807909380687,0.7307284197979432,0.004965081458345162
021809,0.03424481267371635,0.03734432039462539,0.8050384105688756,0.01950715393428121
021801,0.07327661317707264,0.015007433625691966,0.6683099607190948,0.003673235976789627
021804,0.0009403629682461064,0.0012160552643483765,0.2322722315951702,0.003039742839654487
021510,0.0008344495654181698,0.004132034528857912,0.6475612507068187,0.003024255033587967
131202,0.019891915800470478,0.0031963382255084443,0.6446832612602347,0.0037106476738723803
131203,0.026637624650556364,0.004647208175953955,0.8984790130279144,0.04535858056053664
131201,0.0880737243312293,0.005754814321766777,0.5592993719605929,0.01668637503484579
130106,0.05125562357204104,0.010249710252348714,0.6891359426601168,0.0002839077435747781
130110,0.0019760520808097606,0.0023711447160194607,0.38698185515725,1.820251080258787e-05
130610,0.013580516650052039,0.00533574476447482,0.0005780390161514388,0.0
130606,0.009448947402399708,0.005087825431245659,0.0021518451385914433,0.0
130108,0.005800657827365287,0.0032746039070254036,0.4953126335575294,4.743544895745719e-05
130611,0.10190655658715325,0.005575626171753219,0.002468708719043576,2.3099425949787923e-05
130601,0.08930265195433741,0.007255815221737396,0.004695322441132706,0.0014668054395049353
130608,0.2411060984870122,0.012196135184267197,0.0011621929196307349,0.0
130503,0.1127753841595006,0.002226729071925426,0.13961656655380367,0.0008879556433904263
130504,0.046651703606587304,0.0019587896255958055,0.17440614834486237,3.238036105388266e-05
130502,0.08558797096902686,0.002771295380291332,0.0024340736694330716,0.00029257821133307646
131001,0.03481296597153248,0.0037526611663339883,0.19138618847894698,0.0009694884364753001
131006,0.009365489595323887,0.005324984898672819,0.0230470328151975,0.004027746649352482
130501,0.16400100079686203,0.004288714688276031,0.015814068052619895,1.1750408242206358e-05
130602,0.0948399425656081,0.004604868997104003,0.0016871457707187374,3.349779040692642e-06
130604,0.05634065979879288,0.008248244887962055,0.0018811053275673533,8.522596497505973e-06
130605,0.007172671495904241,0.002924802637542942,0.0046732292349106735,0.0036015473962428663
130614,0.07314279310485713,0.003966390822188108,0.008457464737365195,0.002149558070845727
130906,0.038312428092068904,0.003079966117185057,0.01668298044648961,0.0003121529427483919
060202,0.07178575269695067,0.003126764745122593,0.012942106619060478,0.002410005582627182
061003,0.056681509781008416,0.013738091500139485,0.01093112457753276,0.0033878873078596224
061002,0.12764087977353314,0.009649803499461816,0.022968657507958276,0.0
061001,0.18992515529923717,0.008768933204418584,0.008640858543307955,0.0001480799754396295
060106,0.23102209877960378,0.006667331756011274,0.006453220821749629,0.002199293948101037
131104,0.019643430338017697,0.0030217591234938243,0.006468048144550372,2.6588977794717915e-05
060102,0.0523632332513854,0.0023299630199661477,0.0005730896566478684,0.00019837656461745335
060104,0.028139046571599977,0.0009267872813931687,0.0051910134130387425,6.512538884899188e-05
131102,0.009738227855580667,0.0018929778522480006,0.051175422008488645,0.0005490310711282027
131103,0.0020728050634689333,0.0013037599720571744,0.14431069342179786,0.0008975992998531354
130613,0.01092312044555287,0.0023727070776713402,0.10227376832534836,9.69264825249496e-06
131101,0.011672665046001895,0.003777183384177715,0.20729648931547331,0.002558372902494199
060501,0.023661171184160692,0.0024174579718640276,0.0013304528596384138,7.525964873951008e-06
060506,0.05592374900038681,0.0013160576053870305,0.00742908798564707,1.3567604179247736e-05
060504,0.030548667242257067,0.0022089059170068864,0.0020688993574271976,0.0
060505,0.004287658479903302,0.0008649974670983102,0.43155996578999317,2.3180246021920177e-05
060503,0.0059524988268974234,0.00040757579990247106,0.018520383026762025,2.3975047053086535e-05
130201,0.08799968613522206,0.004285141551516617,0.8248400278589834,0.0009210137985636901
130208,0.12130947533479922,0.004223875058042126,0.6275732617856794,0.0003580424304889763
130203,0.5496571602331568,0.018287214496490234,0.14783853196340194,0.014377606274617297
130202,0.07168699631109542,0.004622571190708636,0.7577829316535217,0.0020650347402926153
130103,0.0,0.845146658109571,0.13714885539776905,0.0
130102,0.006861233142234488,0.30701201933548056,0.47794845803038927,0.0003549172671542093
130109,0.11704909872414365,0.014145192923274178,0.5654375256694861,0.02139174098133938
130107,0.1735381545154084,0.10538738941390255,0.41677271220926154,0.006141801729755455
130101,0.12710085955196002,0.6258316053444404,0.10278384610215764,0.002377168969248862
130111,0.2171045088484938,0.401456529477555,0.1435383047290619,0.023808448401604648
130105,0.0002775043641819006,0.4882714333300774,0.4658510175577448,0.00241689270248677
130104,0.01743419759301945,0.03023338768017335,0.8623157470726467,0.012058120709124955
130207,0.5072474912472644,0.02120812356172762,0.25502049087667455,0.011095217259853074
130204,0.41342216629794903,0.004590398764323529,0.26304568647727783,0.006519783265266658
130205,0.29939440756382923,0.03728010184194552,0.32238024781756586,0.0
130206,0.07800955338746729,0.007296547401638188,0.6549094351886058,0.009460069054510153
130701,0.05663624901187152,0.00863442605785335,0.8456037450783289,0.004106393816956511
130705,0.24483748294914634,0.014615546793223064,0.6556952252099858,5.936720726587876e-05
130703,0.1972306037655036,0.041083407510646854,0.5591904998505975,0.013805856865388471
130704,0.02257008004592277,0.1507023418481786,0.6662058445216913,0.03736954002827652
130403,0.20790568129471693,0.006978813736530279,0.6242510469928902,0.002216006935528337
130402,0.19143686355229594,0.007604750443609705,0.5167392009186507,0.0025200779029289026
130702,0.41703676532237755,0.037648654313741904,0.4866244445376034,0.0004501131885637626
130401,0.221176633940137,0.019527009040756205,0.6170386219315728,0.000705086287360115
140109,0.07877060660798398,0.005493631598265276,0.12952706173531914,8.090214862581312e-05
140110,0.08523874124013872,0.003956084289997559,0.016534255083609357,0.0005932226927183712
140119,0.1991829951443918,0.009362999288504849,0.3472278935897339,0.0018190008800774802
140116,0.13433554441672774,0.012799734437863905,0.5610945220985865,0.0004336471869020016
140117,0.20166469717457094,0.016394062728276267,0.3545464788296229,0.00025873424927775577
140102,0.11206628521249574,0.005325879218688503,0.08973112962630211,0.026077257901770894
140205,0.1870115491175241,0.005735755712140139,0.12600978219372833,0.00035765236148387026
060418,0.0018389150500933928,0.0004142794660271455,0.0015766747808392463,2.050888445678938e-05
140203,0.0061241168916267704,0.002773969148444226,0.0005797052448486037,0.0003620073983619034
060412,0.002402822519693246,0.0003327469119802327,0.0015065201092569413,0.0015684280480061054
060416,0.004058421859831799,0.0007820796960443201,0.0022719238228979793,0.00038042338156002
061303,0.012964877793741857,0.0019127628561131675,0.0025206705464060446,0.0005093497103453173
060411,0.025097762698176835,0.005109032602007321,0.003891326785245634,0.0004272683344513397
060415,0.000730244552426303,0.0022475034762904685,0.0013152433536410438,2.679143216770095e-05
060409,0.012778420700143447,0.005931408433116739,0.014582382721298023,1.4444157795570023e-05
061304,0.0048089709338556795,0.0025209794088174,0.0050796464194760756,0.0
061309,0.0011410736040646256,0.0006692475206690135,0.032368157799673274,0.0007157006989366043
061301,0.01805033463979289,0.013712899178041721,0.008600776851711723,0.00022657169578307884
061308,0.00620146904731397,0.007413586712397853,0.0,0.0
061307,0.0014232648405159264,0.0025666898495648495,0.014271944389245273,0.0020746200683935414
061103,0.0007067141964241336,0.0008714083965374904,6.72785995046685e-05,0.0
061106,0.0010664120706055005,0.0024945100426433534,0.00015146294692402202,1.6741678138545997e-05
061108,0.030752243106118925,0.0004613490803381396,0.032743085423257004,7.410335449612127e-06
061102,0.010214876988570232,0.0020030686198812793,0.00015726707728243961,2.0968943637658616e-05
061109,0.0014837731118883697,0.0013232835953767388,0.0004165569708705376,0.0
061113,0.016308469916275176,0.0029027052098577967,0.032354675217233016,0.0011168776041580836
061110,0.025011944070574155,0.0010242533160701593,0.09715689085237221,5.526731316457019e-05
060508,0.0212154829556463,0.0034230755582095682,0.378276432229049,0.026540613440102983
061105,0.01045283985264501,0.0020027344346995875,0.0001003137459926134,0.0
061101,0.03342432538003722,0.004464858258298892,0.030082146956980364,0.0003591719300876614
061203,0.03543122166678194,0.007708069367984704,0.025067442970831216,2.193267344105087e-05
060507,0.01548188976160952,0.004228091666643505,0.049445118875038704,0.00031340217126350816
060502,0.009897849020639102,0.00592242769491652,0.021982603073578653,4.568986413635123e-06
061202,0.021616301374143738,0.0051652598002328185,0.01799570127747185,1.0858166651569257e-05
061201,0.019013289485864813,0.007666258113489563,0.00027666557202081753,8.796723299913775e-06
061112,0.0007163595596055999,0.002434351153732879,0.00027696314661028763,5.727578779971482e-06
061104,0.03583556069628831,0.0037951733215598497,0.00046609865758358434,0.0007981565455853497
061111,0.013368688635922535,0.003005488996155127,3.3617560358088456e-05,4.7064584501323835e-05
061107,0.023190451361604303,0.0038432820377460783,0.0007755763736880985,0.00024176084232046895
061204,0.01626075347719208,0.0042671318255909285,0.0011321813647751887,0.003454561597753808
060703,0.22016580804701755,0.007066058827998285,0.01769609957478755,0.011531133466814242
060101,0.17815317196059893,0.05206399596471338,0.03277296029148319,0.016141405127007447
060103,0.044935371548130626,0.00321022635329832,4.2697800142636015e-05,0.0
060109,0.03878212643655737,0.006335677866753482,0.0018861438840090694,1.723014913251521e-05
060112,0.14362077864473763,0.011382875146909706,0.0012980136536857407,0.0
060107,0.45244330513662456,0.014928348822972901,0.007716414380321664,0.0006031220435193945
060108,0.463003046840132,0.02167686142869944,0.01886814902509916,0.004822814651653453
060110,0.4166925556916421,0.007630572643692788,0.016032348274573116,0.00030103758241408656
060111,0.3396308908025488,0.006384604610295568,0.008715442296097012,0.002646908320547243
061004,0.1920967520751091,0.004158552414540486,0.005361922208155136,0.0
060310,0.06528745007179143,0.005228236977668061,0.0002911933177260521,3.7483238778467085e-05
060306,0.05093284529497402,0.01865990945604123,0.0015391481117303478,0.0
060301,0.019283532275948773,0.011292138540539749,0.019272880021272164,0.004456772569724881
060304,0.18658720429617812,0.004324217691756456,0.0014371247373520064,0.000940699368519067
060309,0.06260622841738242,0.004860243081424375,0.0005468587026438069,0.004591198058991679
060105,0.33867297875370206,0.006122844262356466,0.010081468558656177,0.003394989294096241
060413,0.013599778128471246,0.0057414419339085355,0.0003232642051655775,0.0
060312,0.11632965401162426,0.007021808248738259,0.004174544623297583,0.0001183860168407067
060307,0.05891788863328486,0.005199783793790822,0.004840965765785101,6.707616534085364e-06
060302,0.0007985256436767365,0.002019683929650981,0.02023030992129276,0.005719218488675756
060303,0.0019975029593861317,0.0021451277667697255,0.0033364749825214868,0.0027856620635690905
010514,5.7484378249439434e-05,0.0006149226740788333,0.0019372888027502516,0.002244180635113514
010513,6.245889474220968e-05,0.0016499079635463943,0.0007566347817262074,0.0023230824298871404
010512,1.0349467842539381e-05,0.0019452737998391816,8.362775878255841e-05,0.0
010515,7.729699853026578e-06,0.0007497808857435781,0.0011053470789828008,0.004150181945009522
060406,0.0005362829367813106,0.001425714372038838,0.004909875855516258,0.0025409965912055734
060403,0.0010425007575003522,0.004563963670541398,0.0013486336771163876,1.4015061849567157e-05
060405,2.4135346479935426e-05,0.0008085341070778368,0.004839539225001719,0.0031945970518721585
060605,0.00020259275292089759,0.004125159207448677,0.003687505895713938,0.0005916238039546213
060610,0.00012584172693539506,0.0036585891247382157,0.008106625349784475,0.0003983014031747347
060402,0.0013103697892810624,0.0032263463389964092,0.005955736116388398,3.806789575120575e-05
060417,0.012546033104214153,0.005732625333776656,0.0012806256955279094,4.524552162931998e-06
060419,0.07265825247757728,0.003235690761113954,0.0005208105230490825,5.0556429014243415e-06
060701,0.2150088381659993,0.012342305193148497,0.0007172740378529915,0.00012507449084411102
060401,0.10059450594452667,0.016428214460429857,0.0017396836531955874,4.639156408521566e-05
060408,0.05577341883168295,0.002930245785984164,0.0005025674942644741,8.765712109264083e-05
060410,0.03912591868095312,0.0083411073723475,0.0004441143005836447,0.0
060702,0.041711392691944175,0.0022907936387882425,0.022421042038463453,0.003930341950235909
061306,0.006489835144454772,0.0028470454468519915,0.0,0.0
061310,0.0012938920662167452,0.001653826549980372,0.0004488180604387523,0.0
061302,0.004908501031020281,0.005994152110424732,0.0,0.0
061311,0.0012658686993382514,0.005865341077439294,2.598169014256714e-05,0.0
061305,0.007192688786617209,0.003357868172247703,0.001238266459441988,0.00010354659561997322
060407,0.014842541959709911,0.011208659796989212,0.002606615866464256,0.0
060601,0.02200953151357383,0.010384578940933406,0.0006481273869950355,8.666189311489465e-05
060404,0.014992292279966032,0.005924500594981898,7.336575620242735e-05,0.0
060614,0.0006000716284595419,0.005810308940949602,0.0012871445921915925,0.0001846374241413975
060608,0.00016542878548870535,0.002748910243164236,0.0028858508661050147,7.1925558908132756e-06
060612,0.00014950264924019392,0.004623595232024843,0.004066397914646996,8.59404318220231e-06
060611,0.002346188854166799,0.0018032209262155703,0.001981470849912831,0.0004258524120466678
060613,0.0023709660535902607,0.0024556374267277227,0.00566665869269655,0.0039822057555506845
060615,0.0070412215067689075,0.0015468867939506543,0.007092371581544996,0.010022378963650592
060606,0.0011494828219693759,0.0034986861141193307,0.00131575179251255,0.00024273079281052809
060603,0.011314706311148658,0.002729724853482641,0.010018209922991808,0.010582547054859994
060801,0.014088320403365153,0.01885691621967585,0.0031782451593527945,0.0011117962658611046
010703,0.0034920283107146874,0.004060807185723014,0.00565107240245864,0.008190028702263007
010704,0.10915331272401535,0.006478186391371041,0.011670901797236918,0.013421704510290636
010707,0.0002520203218505884,0.0023095107324680696,0.0051491304358422954,0.005432464540981795
060609,2.519215688134139e-05,0.0031920932587961633,0.0034692069844909183,2.519215688134139e-05
060604,6.606239091081849e-05,0.0018309665506184602,0.009441765131336283,0.011123185383542702
060414,2.0201827043199603e-05,0.0005119469213431949,0.0021376795418556875,0.00958537795271974
010706,0.00014333373247383318,0.0017043714720954913,0.0007043300475800398,0.002337143218144102
010502,3.2860447863420124e-05,0.0031997861107005347,0.00074147023313779,0.00291659026075603
010505,5.010918116839703e-05,0.0001287819992213005,0.0003223409931462851,0.0
010510,0.00555296928816517,0.0014657116557826413,9.038936707706936e-05,0.0
010520,0.0002745916200296518,0.0011754504534587078,0.00027792544310729407,0.0
010705,0.0042504940528259,0.0025193623929581975,0.0009456090439447662,0.0008300131122470126
010701,0.05188045090118567,0.009698835119081121,0.0018928030629415012,0.0024372943416800684
010204,0.09488727781365965,0.008759043189470343,4.872716988775552e-05,0.0
010206,0.015549780587149974,0.00470768446708868,0.0007592306190283049,6.440579103533524e-06
010203,0.03644520751641186,0.003949069535621446,0.0026964604352998187,0.005178582246552405
010702,0.019913843932364433,0.0014768770102337246,0.0006945445842970494,0.001050666136285754
010202,3.349509084262697e-05,0.0007558431087589632,0.0010200172369949844,0.004486774992191048
010201,0.15300489516719082,0.03070892845344859,0.004407214918668804,0.01629882124746408
060812,0.00528664212170458,0.002819227472453966,0.004358764346696986,0.012517665170625
060802,0.07338099387769349,0.0041421795441897915,0.007643369012822765,0.014938873614894106
060806,4.029993389177064e-06,0.004909730054160391,0.00022219423010597862,0.0
060902,0.02835851016587449,0.004679969766205104,0.0009443070881782438,0.006879172712018701
060904,0.0009028920311013641,0.003601228620636588,0.0008196624494387136,0.00017304118186690692
060901,0.0030542742144649875,0.007856470201062123,0.0004156643238606934,0.00284949144180513
060907,3.675142399269785e-05,0.0011512293488693012,0.0012224892790669074,0.0007312902835409743
060811,0.0002085010680471921,0.0014451942691621285,0.00045763182509163126,8.897776274732066e-06
060803,8.275810038211149e-05,0.001028109956767063,0.0029804237355122664,0.001200954759033432
060805,0.014500657378488907,0.003410884940576103,0.0011835099334306842,0.0
060804,0.0022361402376792306,0.002241523460585255,0.00148719432385623,0.0007714612292645234
060602,0.004178303461613017,0.0038305567501341372,0.0010852642856170013,0.0005829152771306684
060808,0.019751334336590026,0.006150867563988497,0.004797210002938995,0.0015281253386093731
060607,0.002004207371082399,0.001615897793896802,0.0019125094458308266,0.0003817309931762109
060807,0.005181553704317068,0.0019881321249358044,0.003611912893311279,0.0007942135696147858
060810,0.002029667861932975,0.003999361561815379,0.008590251370840945,0.005003170830640214
140202,0.0014359773554001613,0.00122409275212721,0.0009333549528577986,7.424331684589834e-05
140310,0.008440260722775874,0.0014180624727391363,0.002713678625333036,0.00013031613003605053
140302,0.030209177238729266,0.0027270348611303542,0.0007114768598912466,4.848061975342852e-05
200304,0.0033836883872899325,0.002505890090677201,0.027294739875736898,0.0008057094443873433
200306,0.020148818800045234,0.005983635497856055,0.0056130804298063705,4.269839238710771e-06
200308,0.03544321963551557,0.009389940981959197,0.052261780288971785,0.00013192280468795305
060809,0.0012372848758137793,0.001801906519517034,0.012653911260349149,0.004527836389243634
200307,0.002579261404253176,0.0023679300561475184,0.005957514286247734,0.0004651806360247978
200301,0.0303825688056844,0.006785438614889039,0.0015952177899243877,5.5610377225817116e-05
200305,0.0010548076468984177,0.0037212168185641083,2.9882232364473237e-05,0.0
200410,0.008201123993638653,0.004140687342636766,0.0006576226583505659,0.0
200407,0.0617819275434203,0.006356658553694739,0.009280648329069423,0.0004734572219068227
200302,0.005352088196778818,0.0033305064904565573,0.001966987474802684,2.864512147632148e-06
200406,0.016400605324583723,0.00434923166501925,0.014438993413744088,0.0007836299002290534
200402,0.049190591928373315,0.00980401266386551,0.015306716923250042,0.0014685753937962473
200408,0.013883634006456955,0.008009437649634793,0.00024448805001307827,0.0
200405,0.11155499515522166,0.021503708457598747,0.02211824279260573,0.00046368933016220567
200404,0.010947233946254348,0.004812582378377129,0.007105236118927264,0.00010419809259098012
200401,0.04525842794859023,0.01512348800206574,0.018898069974642863,0.00037814559112699694
140308,0.06591830761983955,0.0018023682689957785,0.5013351110080785,0.003497935598346853
140307,0.13384862011285295,0.008779678877775183,0.020955690622889978,7.156772376362953e-05
140304,0.2332872802828992,0.004175898768992855,0.20210776711582537,0.0007476392878380511
140309,0.43245374291333344,0.010110749536227294,0.17410790151578553,2.0179083430420448e-05
140303,0.522941292238915,0.04304160899540819,0.03507735334377186,0.0006057043801054405
140312,0.7356425400294789,0.038024999232605085,0.05431665450839795,0.0022182422346007664
140305,0.8021325143153261,0.019659924428020923,0.041887488703074446,0.0002719159689017437
140301,0.4025046331011793,0.024885414462394836,0.4143499339654837,0.01850403734432261
140105,0.41804479504155506,0.30132724663949917,0.16628242541950933,0.0
140111,0.2614319617697788,0.022536011752875222,0.25391980083850657,0.0005110794212710245
140201,0.7820276222676057,0.05600540419834031,0.06455058268566351,0.0004001034441117406
140206,0.7765438881842306,0.038954668344229997,0.07379372370722433,0.005266214459860688
140204,0.17347857345471543,0.0037418682824811285,0.5280948772562022,2.118602984219299e-05
140115,0.13866477589977164,0.008162810221991777,0.7046994739161768,0.0003739886424370993
140120,0.08806244054403171,0.03351073934545288,0.41336283165384025,0.00036929994516480673
140118,0.43592143177210146,0.04286735835435003,0.18354469860840178,0.009481184845580371
140101,0.22937462594879734,0.3867273352521677,0.17080633147534555,0.0004863725270235216
140113,0.15599176051697786,0.04773451998815163,0.6100793873886948,0.00451244687860818
140103,0.0283266888523283,0.017104594598308584,0.8913317527598736,0.00014703272767279738
140107,0.0781270405462736,0.00663182386057735,0.7486099120184606,0.011430089344575275
140104,0.0,0.03191506992031311,0.8911324981087184,0.07420139540529413
140114,0.07394248165814914,0.08340626595041167,0.5719040069506831,0.010159626400769119
140108,0.29695702382862965,0.07698399320744634,0.1948604863633389,0.005058775852005533
140106,0.4147618391701484,0.16313308894787,0.2557454724806767,0.0005390482766563178
140112,0.21382768450848244,0.16130775492452087,0.44046079815033795,0.003381500537204691
140311,0.16952578444560165,0.031124627038923096,0.3074777998166221,0.02639561083173722
140306,0.07697401735700482,0.0054725338224712265,0.8078204514242132,0.018804379928706743
200801,0.00297097011226133,0.0017096951696000218,0.9453342590236065,0.02229763193833677
200806,0.7193182859052931,0.03376906298087096,0.049270558355973944,4.680791152827461e-05
200802,0.7999879587597238,0.04914719615107586,0.029287646537160244,0.0004952445597749263
200803,0.5208072784383511,0.018254069070454276,0.2161291865375903,1.2560037595394102e-05
200108,0.12243399399119287,0.00907982190517704,0.7486311829276051,0.0035331283144950233
200804,0.04472463195762085,0.0048071907952080065,0.7770054137211643,0.0631264598287981
200105,0.030003634018998308,0.003971652155774743,0.5383582886957824,0.0001728807401144411
200104,0.07244619836707286,0.03002339522826625,0.3639640803878742,0.011166319363375444
200107,0.10430414595964664,0.01382722271992873,0.776565697407505,0.0011300069596750638
200109,0.3233240489070361,0.030517021216691146,0.551279662146222,0.0008341042121032829
200115,0.009394983994860322,0.2301271301990453,0.5830736140082774,0.007339757483753403
200110,0.10592571378751346,0.017912216148980514,0.8307757574841007,0.0037554222561717063
200805,0.06697183669968904,0.009207886862917052,0.8691881897306342,0.018383765986739353
200501,0.0004686113007614062,0.016351897279623114,0.9580352975617765,0.01176127084561078
200507,0.005329134679412268,0.004425265658209791,0.882175851766017,0.022145439226632525
200504,0.07943960786754511,0.022376951289691104,0.5161797631659896,0.041511737198052845
200503,0.01471509498455748,0.02617219795454056,0.80921304186165,0.002040755919023388
200502,0.09932252296534923,0.005609265863877673,0.8029847629472144,0.009822716639436218
200505,0.1702254340414474,0.0052695023004246866,0.7132533830109181,0.0034576797628705384
200506,0.24719332142652628,0.010069477287768237,0.6114216128911683,0.0035703938524422594
200603,0.32575167266354627,0.016195264355167906,0.40545773507257465,0.0033200857146237937
200703,0.0,0.003158713878007242,0.8561797581693423,0.0034029829246579922
200701,8.858080441003875e-05,0.008029490137791319,0.42092468043986303,0.0006870905322463546
200702,3.886780994690476e-05,0.00355547918609543,0.3969253551802894,0.00036628646666116697
200704,6.652309273075642e-05,0.0016049891797798315,0.858360567220817,0.018497999582484253
200706,1.845490004192881e-05,0.01582391883144152,0.3320055696164606,0.0010081079613099898
200705,1.603176342901186e-05,0.010553594604274246,0.5132473709479716,0.007336218771329839
240203,9.14088158582735e-05,0.004098912449050647,0.2456260013452107,0.006996370274664111
200605,0.020506459329288466,0.002514873865287467,0.09599149492870314,0.0004913602931048007
200604,0.006931248680565364,0.0009892056013973097,0.022597590799668207,0.025425131846185306
200607,0.049447957188620065,0.011686973243846049,0.20436712991619968,0.010825397166634615
200602,0.0,0.9470993786097306,0.033482436384205796,0.0
200608,0.10667322389102343,0.029364219350331833,0.27762777506112474,0.012668780998952155
200606,0.06601765096407268,0.005361365500975496,0.7444263394266347,0.0014222859497010393
200101,0.04432486465895865,0.08888597124663558,0.39870711796205444,0.007577323779579094
200601,0.12246472876742548,0.041379022485390604,0.07128181579101563,0.005107423219003834
200114,0.04945507212747194,0.013245090642781383,0.07288156431752231,0.006156503868021814
200111,0.05769671484056847,0.012845207931237597,0.011845272070509507,0.014560461238751644
200202,0.002410499649530062,0.0025223519574037938,0.00040168935779408624,9.429136392448516e-05
200409,0.000953703973775701,0.0029077072144161587,0.00045699229760421,4.663186710247041e-06
200403,0.002079819490753512,0.003755041590108692,7.118606357399357e-05,0.0
200206,0.0024347685068810895,0.0017509166293621762,0.0007023831041568289,0.001079609635383177
200209,0.0019271680083430675,0.0040520020594514315,7.742679094493181e-05,0.0
200205,0.007365991417732594,0.005583864517359597,0.0003246934319792283,2.0364882796106392e-05
200204,0.0036056326010418514,0.0016298892509780214,0.0025211336196581595,0.00013458375754572132
200208,0.004326973785769396,0.002906061922425265,0.0002701529333156046,0.0
200207,0.02822310543035071,0.008372615145284456,0.0022032882042425698,2.0078475319327646e-05
200203,0.00456605876142271,0.0017739354873695444,0.0013459479051354476,0.00015673907898536738
200210,0.017866133043424177,0.002803308670048663,0.0060259592873916235,0.0007001026301455476
240303,0.0013894213882556842,0.0019570727049343472,0.0004093309432973275,0.00015113661443073677
240104,0.00036737187481707416,0.0018986970677583638,0.0033084012014871016,0.002663806204061295
240106,0.03386173066101585,0.00998428094231943,0.012981925720064416,0.004361704358356745
240304,0.07117821563789434,0.008052904569666038,0.01683647032318399,0.005925440491844712
240302,0.008438584887571005,0.06591460041949276,0.1512007877807051,0.08380341341215058
240301,0.010053889890403754,0.04643117279775217,0.13175541610807745,0.21726788579316733
240101,0.14085983581259445,0.07222913597351861,0.10430357194375127,0.11999563501052765
240102,0.350296498329004,0.029410932715969878,0.06596412592365061,0.07106887602324342
240103,0.025319452720229868,0.02287803457630997,0.0962693964525881,0.0053333398716405925
240105,0.00280732139331282,0.0036850782223457187,0.0071462847450324786,0.0024701571732626357
240202,0.003931782813248181,0.0006380027843816589,0.00834662195082936,4.179325926846651e-06
240201,0.00038841944827397776,0.003282250504676094,0.12325341194775404,0.00647804246384813
200201,0.002271872669739478,0.0023986336011051507,0.0019875515448567554,0.0006960008786153016
200303,0.001490605111952625,0.0012641783384779342,0.002422923957961994,0.0032847763791248254
060905,2.5309019265468077e-05,0.001583655362574253,0.0013101470221330738,0.0005721492538261503
060906,0.0001813763448607156,0.0006554706713326396,0.0005170256128079942,0.001874826980564904
060903,0.006313976823758904,0.001231700683402592,0.0015276833543800127,0.0018364441352427007
010402,3.178790493515882e-07,3.0198509688400878e-05,0.00017120591622724358,0.0023796070357875324
010205,7.502503454606335e-05,0.00022118779614875672,0.0003496953217950296,0.005608765024705457
010401,5.322711364488388e-06,0.00014094539693165252,0.0006359325057755927,0.01454802134245781
160703,3.0019597617392013e-06,0.00013959112892087286,0.00012260454941939763,0.023693381415284636
160701,8.442321189261776e-07,0.00015328843187931027,6.331740891946333e-05,0.015079099462867512
160706,0.0,3.4685066948466415e-05,5.149747931213354e-06,0.017262037627706565
160704,4.046574046206461e-07,7.769422168716406e-06,6.312655512082079e-06,0.010057877221838088
010403,6.619387725887822e-07,3.8833741325208555e-05,0.00012872026760583807,0.01671199847632943
160303,0.0,9.950977399356196e-06,3.8133212359180347e-06,0.009293648109084677
160304,0.0,6.410895809516807e-05,4.186063549388936e-06,0.0043058083387418145
160705,2.939736785075685e-07,1.7638420710454107e-05,3.625675368260011e-06,0.018288270085738613
160206,4.853823259476183e-06,0.00019841437378261356,7.354277665873005e-07,0.020816120850741842
160305,6.78267971742109e-07,2.758289751751243e-05,1.0174019576131633e-06,0.011813458874067486
160210,1.5598848153524961e-06,7.838421197146292e-05,2.144841621109682e-05,0.014705187084211839
160605,5.249541784272817e-06,0.00015422302485147436,3.084237940939004e-05,0.04347946642204014
160602,4.265709755888988e-06,0.00018058171299930047,1.421903251962996e-06,0.02614744581344173
160606,4.220961372525835e-06,0.0002612306093885433,3.517467810438196e-05,0.03225254057136114
220907,3.057505620563826e-05,0.0003141429578826611,0.00010444276674630318,0.0069604044347353605
220905,0.001204971729639896,0.0006937859938093672,0.00043861151885578347,0.04321343434922533
220911,0.0001479406383062071,0.00015685851106053713,4.20128557235242e-05,0.01796429047481625
220906,0.001603647128504762,0.0009245267861501024,3.166534758650876e-05,0.018959719664878975
220503,0.00038993244318067706,0.0003153002121202894,0.0006262892167093971,0.004554322147179185
220904,0.0,0.0005218100466588538,0.00037754969011807204,0.010486347136027228
220708,3.157852445921246e-05,0.0007746026293818587,9.247996448769364e-05,9.022435559774989e-06
220710,0.0009542539576351544,0.0008254786558837379,2.3678758253974053e-05,0.00010418653631748585
220704,0.01006528663924241,0.0035749932878481037,0.0016550075351494142,0.008957073258921767
220705,0.059068568499566716,0.0040050302506342665,0.0006178438351634919,0.023727059121597727
220701,0.1158905271155753,0.007378174363816248,0.001023837366103651,0.0425081061738084
220709,0.05532170872434601,0.0015231888481326565,7.83802151697765e-06,4.8144919095788204e-05
220203,0.06153388360151077,0.0008591049084121837,6.646570400082703e-05,0.0052953151906081864
220707,0.19449592913297814,0.00907990401753229,0.0007757596982911665,0.012791680583768028
220206,0.5622526308475913,0.012034720585064754,0.003973618730430903,0.08420992894861828
220706,0.10457089485106713,0.008767594303203388,0.000904967373882862,0.0671377328986611
220703,0.16239888118123438,0.005265947148636202,0.0009882724759059278,0.029373952223322272
220511,2.0636041230405754e-05,0.001625088246894453,6.844287008084574e-05,0.0006699227777082604
220505,0.00039653536263153244,0.0015338541923916006,9.651285431997783e-06,0.0071015672135766265
220910,0.08568919337843763,0.053683771448240325,0.0032943096273462705,0.004971288340469633
220901,0.06812783692385264,0.13175964494653744,0.002577717617185364,0.003767864164703714
220908,0.050736500069781656,0.003791855132996146,0.0004581630610410404,0.023839506269184293
220702,0.012471650651425893,0.001421760080751656,0.0003851274677943745,0.01608806738054655
220902,3.6533574139731035e-05,0.0011690743724713931,0.0001313059635257392,0.006328474654510589
220913,0.005156460318493322,0.0057064827524659426,0.0021520975823379708,0.04682925379245018
220914,0.0,0.0014417074346839429,0.0007019362855332733,0.01796056409497505
220909,0.0036340400436400038,0.019293846251782047,0.0014309206650802051,0.00036324848513489053
220912,0.0,0.002231766295220617,0.0014417174544575444,0.0
220903,0.17279750031294866,0.01825987576347264,0.002255180721716357,1.6582211189090858e-05
220507,0.04496574220149224,0.012307983760072376,0.00055766230400979,0.0009677977782786068
220501,0.0,0.011996242062208597,0.0001720985440009384,0.0010252039280681379
220508,0.0,0.00010789527259045689,0.00011882137614392088,0.0002713476393770324
220504,0.001331974862681227,0.0006319565432115602,0.0008883793945474968,0.0018768816180340926
160211,0.00023867613999127544,0.0002763984279125933,2.4826994353575352e-05,0.02058666482527421
160201,0.0028280942206037967,0.0035465190978491066,0.0003429406601979497,0.028766901961726047
160205,0.0,2.3962904527441556e-05,1.6384891984575423e-06,0.0021487854147834284
160702,0.0,1.4873361333612304e-06,0.000136393827033604,0.0039000344819926274
160202,8.882844209522228e-06,4.293374701269078e-05,0.0007043642607269859,0.004173094023735511
220506,0.0,0.0005314474789773591,0.00012273694688943738,0.002548979806646296
220104,0.014220272007398454,0.0035000624008539832,0.00016589351295403482,0.0006712146018924999
220103,0.2953709764865139,0.0072300412562753364,0.0006220462701912042,0.004883043665946874
220102,0.18065811277097124,0.007619390559950663,0.0006621689340655434,0.0018400685655885162
220106,0.0725244641450251,0.0048532642176750546,0.00025034790996311055,0.02613170754455334
220806,0.17307943610865456,0.007034813493953907,0.001736491630061943,0.008491005021755404
220809,0.5988342467793297,0.010197830013179898,0.0001849525196475091,0.009187537335720742
220808,0.07604769593373548,0.003602164280752385,0.0007724902774917787,0.003243648220710908
220801,0.033837575883435334,0.021668183065572406,0.0011173091189964734,0.0016498148762413832
220803,0.019214899777840945,0.01082835562680094,0.0006452944486901724,0.00013640370460117464
220807,0.5068352433363701,0.005755742721668077,0.00010185471733105062,0.01886281496103376
220101,0.022729860004190573,0.0029856546201395655,0.0003593128093066753,0.002727495590352677
010312,0.0,0.0003387306334215538,0.00012545771134272725,5.343857364809295e-05
010302,0.0,0.00017814936507892467,0.00019447954704014816,0.0
010304,9.569971584422192e-05,0.0007152548510239577,8.953418793268943e-06,0.0
010310,2.805430521367809e-05,0.0016444773614958954,0.0012686871927365974,0.0007262764543846899
010306,0.00015689486679278737,0.004374740036880155,0.00018103253860706235,0.019213586764162884
010305,0.0,0.0015819639905368774,8.411387897695094e-05,9.345986552994548e-06
010303,0.0,0.0036364081847131305,0.0036135473241143924,0.0008090994538223199
010307,0.00036145022334316414,0.00797770253733332,0.0009115160403576894,0.0002821674161837093
010518,0.00037225486398937606,0.002216812408665713,0.001332536998801885,0.00033667081371499335
010523,0.09437709590587824,0.020633758982263193,6.80348156830122e-05,0.0
010509,0.033766526080483514,0.01413254270672841,0.005907668811688647,0.00024899745540935133
010516,0.009462360216316598,0.004262256187727106,0.005514613470073934,0.0003379887736602792
010501,0.018155942598779666,0.007841341217661793,0.0016903338404464718,0.0002732157671114644
010108,0.005318448456764624,0.002657820124882444,0.007326094761023803,0.0001696009227472601
010311,0.00022274743723211689,0.0012978658726651516,0.001211571354670377,0.00020817345630279156
010309,0.0,0.0006744107552956788,0.0005611990863265989,0.0002078012105710785
010301,0.0,0.001311528397174659,0.0009786247543065744,0.0001903247335091521
010308,3.3499363183674384e-05,0.0008039847164081852,3.3499363183674384e-05,0.0
010102,0.00030834844341473555,0.0013984508816044772,0.0013615699893529106,0.0
010105,3.918087188810087e-05,0.00011306114338951982,0.0006073803395045598,0.0
010121,2.1944017970343555e-05,0.0007209972440321375,0.0029525174191758065,0.00043888035940687107
010117,0.0003229469008023637,0.0011346450268353706,0.00017939051807673844,0.0
010107,4.087441208401803e-05,0.00034811508130494723,0.0012660628308774622,0.010353010775868211
010116,4.1739137266764146e-05,4.252481514472677e-05,0.0003589565804941717,1.669565490670566e-05
220805,0.00016422873266133626,0.00136545894061585,0.0008114557449048524,0.0009431146754421611
220802,0.08035392563112335,0.0022046808679887548,0.0016928679100335516,0.005122120699447891
220804,0.060978986769947924,0.015302514035834226,0.0009108466519620164,0.0008812293849859874
010612,6.193566037780608e-06,8.980670754781881e-05,0.00013901924501272004,0.0001445246370463028
010607,0.0007703030474692169,0.0016207081082465348,0.0015249760198840351,3.4824010870386274e-05
010601,6.12925791134394e-05,0.007740205445857671,0.0008230717766661862,0.004871232017238013
010610,0.0,0.0026835844838472974,0.00021758793112275387,0.0
010609,0.0,0.0004846657397699611,7.074174787878403e-05,0.0
010608,0.0,0.001308685199063092,0.0001186986637400636,0.0
010602,0.0,0.0010053593669725818,3.214381781503262e-05,1.7415028773725178e-05
010611,0.0004560284275603316,0.0029978653100665455,0.0,0.0003040189517068877
010605,2.2182562351504663e-05,0.0003048963588098241,0.0003682441998577812,0.00018229442987888214
010603,9.886408653887535e-06,0.0005304155168385701,0.00019984115061358158,0.0
010604,0.0,0.002124866624635255,2.284802822188446e-05,0.0
010606,0.0,0.0016222287869670652,0.0,0.0
010114,8.635697246760129e-05,0.0015192464549077397,0.0013075256350647117,0.0005443106143412445
010104,2.485505361235064e-05,0.0012730173635455118,0.00012427526806175319,0.0
010118,0.001825244362265984,0.007417976894023518,0.0005633470253907358,0.0
010120,0.0009771370129042383,0.00069186383450277,1.1290495187393211e-05,0.0
010119,0.0014776803875706345,0.0008931035309492846,0.0016027785612996804,0.0
010112,0.0035498197001723954,0.0021117495878150453,0.0005463244425977531,6.641213369996998e-06
010111,0.0012828915453094085,0.001992746387823924,0.00031999258299143183,0.0
010101,0.0031331502307213707,0.03052847298276198,0.0033348775162476067,0.00010679953144812916
010508,0.002698813060048393,0.006601895015857726,0.0005947681012257592,0.0
010506,0.00026169089941298807,0.0009568110363508002,0.0004165060090138893,0.00015481510960090134
010504,0.0009283117505662892,0.0022519418844767023,0.0009238530313773219,5.725765289429255e-05
010507,0.005241978693015974,0.0025538152488400476,8.739487196594137e-05,0.0
010522,0.0030966002114178794,0.004830964254226332,0.0005612059609609887,8.229107014943738e-06
010511,0.0002825294473636956,0.0005851999995884727,0.0003006129147929966,0.0
010503,0.0003435651707957405,0.0002877628876061752,0.00690222873469804,0.003090719443364147
010517,0.0005390765763633054,0.0008625799114548548,0.0002926661654287513,1.951235301244044e-05
010521,0.0009650982489603674,0.003151478089865291,0.00015547048034738814,2.591174672456469e-06
010519,0.0013263686719751403,0.002616631068959298,0.0005860482030522891,0.0
010113,0.011932757635679725,0.0019478214602892104,0.0003786655636541539,0.00011362216853556015
010109,0.010692685285686841,0.0027278731784939818,0.000702262371807116,7.067244358925553e-06
010115,0.00037359714062385136,0.0008621472475935032,6.466104356951274e-05,0.0
010110,0.0005222364022765545,0.0007019374530283024,7.433660064017342e-05,0.0006642142650661764
010106,0.0011192722112556687,0.0018101329439397884,0.003591969574171456,0.005475827826791348
010103,0.0005167143345276168,0.0016809611283563751,0.007187608140951694,0.005965103704321008
060311,0.007368288689076021,0.005286883704281035,0.014534555070357277,0.009109829052871658
060305,0.015265811546295416,0.003522791444194856,0.009315607575700182,0.0022079458008857126
130304,0.0015660715831748943,0.004691564882016348,0.0074812120867250925,0.015621038906392803
060308,0.03569380664585445,0.0023598890695379162,0.01693181835013402,0.003533230012841825
061007,0.037660154441164,0.00270569457430381,0.021336198680816904,0.007612653175258214
130305,0.002769488537870397,0.002110199438414486,0.0007436958036497915,0.0013150446729206786
130306,0.0014791090498520493,0.0005274652354730644,0.010396615589990034,0.004209482852742979
130301,0.002020614615297452,0.00043776712236254364,0.010776694832451514,0.004035100065245345
220603,1.0202073513143986e-05,8.63654104190082e-05,0.0009527143480328703,0.002057580691517948
220604,1.477188627580078e-06,0.00021665433204507808,0.0003502829393580508,0.0029566712422053397
220105,0.00811728768421356,0.0045831671505916485,0.00010959571774675732,0.00041391248286062226
220402,9.933037547199109e-05,0.00020027686136373478,0.0006217091196386002,0.0005042163817390155
220502,0.0,0.002841431253628291,0.00016407817724099072,0.000594960935040296
220303,2.405858325674909e-05,0.001029363669342336,9.279739256174648e-05,3.608787488512363e-05
220510,0.0,0.002810058533960005,5.973001163898253e-05,0.0034153316828446504
220509,0.0,0.004044087334978023,1.6372823218534507e-05,0.008433027258996431
220305,0.006308387809485687,0.0029993824180966243,0.00021216550928763523,0.00014144367285842349
220301,0.003766527912548823,0.0036746613780964128,0.00018529795227355657,0.0004076577466325708
220302,0.005746064627111381,0.0013197104468718648,0.00019293008007800557,9.927025485319336e-05
220304,0.020136020209975552,0.0016015709925659904,6.138108926838439e-05,0.0006273076362432042
220205,0.056563635090026265,0.0025354640670520938,0.0001179542853435435,0.002853970804816066
220201,0.08727160869586832,0.012078856169076444,0.0020037628157969782,0.02458192035889854
220403,0.029594318887037563,0.0018858680616128877,0.00040857205723489543,0.005522518494515563
220401,0.0007666572332452196,0.0018274259822428662,0.00011431919668124646,0.0015566859516250998
220404,0.01614789314909819,0.0017685561592249138,4.522380373728331e-05,0.0021150946396274687
220405,0.011181725333209417,0.0025504513697118363,0.0004259719351856204,0.005990161187259607
220601,0.000788089056967618,0.008205630784105047,0.0019455604013615107,0.024256331319876707
220406,0.03349208492864905,0.004283871328083018,0.006293192793554637,0.07012742090001226
220204,0.02665244418769793,0.0009526012832284982,0.0002661838520340232,0.0026754648420508126
220605,0.03031186144742575,0.0015093220521004934,0.0009548163975742079,0.009921491381336725
220602,1.368605950629668e-05,0.00073102917595699,0.000752581844456822,0.009175741923394333
221003,0.0018792555907358797,0.0009787375739862404,0.002634316924674168,0.008597975019219332
130807,1.4117483036420518e-05,0.00012906358534659252,0.0036864241329480204,0.0013426266812831518
130801,0.012539636730769469,0.008761073542115055,0.0033652799315980896,0.006142127312772328
130805,0.005348284800128068,0.002855470003341708,0.002965965033940245,0.005661461232283251
130809,0.0015052122755780499,0.005105715315809087,0.0200738804429222,0.011666966885408532
130302,0.003337555420975837,0.0011234706273283452,0.03933987675910867,0.006160402823236236
130303,0.0024422053240279198,0.00016531758334348197,0.008804803683803042,0.00950546930533843
060204,0.030176704108539832,0.002529324738842502,0.03381096029641497,0.006236434004644568
061006,0.05387284796658601,0.006740486808267827,0.02688512936400429,0.0008812551232589355
061005,0.09791283941568878,0.010049453961297793,0.018433383218590265,0.0009333509834312274
060203,0.16713875692273705,0.009952557660355774,0.005323278601442358,0.003637937559897181
130905,0.08944694051601917,0.003606105792998653,0.004305370653749952,0.00025728186124981663
060201,0.16534798043684823,0.01745605796079209,0.012304900406302645,0.0014271963368639499
130901,0.08838288741910028,0.01950639407643471,0.023674798707657384,0.007857227364992439
130908,0.024910370052557047,0.0028682291473915277,0.04488166828304842,0.013856868672184138
130902,0.03752602060417361,0.005036390097972957,0.005749973566463854,0.0008763413515536447
130903,0.0077707526950780235,0.008167627409659784,0.016253591317363397,0.009022852539226632
131008,0.0010511037807973544,0.0019509775467296756,0.00725024509456585,0.001337141679731803
130907,0.005494659275747542,0.0023028596861968714,0.011132440426887796,0.0033047644526655127
130904,0.12438108969030016,0.013100510225752529,0.01255659754779943,0.002335346722353249
131003,0.010545431810486122,0.004129500656485255,0.02855243971037548,0.006638902436155252
131005,0.030108582350261575,0.006962287978290018,0.01790461839739715,0.00185886280333107
131004,0.025146304081789143,0.005872896372291624,0.01066358693086669,0.0012129639477230121
131002,0.028273416651544366,0.00415742015486996,0.07523816552717079,0.003774653192741378
131007,0.02504403637955105,0.002526355386546855,0.0711594495079021,0.00637536117322868
021508,0.010219456775249611,0.007877846384848718,0.07326485686201381,0.01022772128250985
021502,0.0055353812803766896,0.00508751670630089,0.23382381831565585,0.0010640768941019682
021504,0.008897313173272983,0.007746080445323682,0.002347081360424363,0.0
021505,0.0007576859249432674,0.001947617976947543,0.0364955096763035,0.009843070464699734
021506,0.00257377582360773,0.004626847099248424,0.02700699559884494,0.00226706749345648
021509,0.0015674944023091643,0.002247438853203367,0.014060969945290894,0.008586028937484575
021503,0.0005090745239180497,0.0020682580119061635,0.018318913202179175,0.007354887382211884
021905,0.0008697209485478721,0.0019633820215721426,0.00907773410009288,0.0009322158670064018
021902,0.005617997679995603,0.004489746564108202,0.02662284307571256,0.0021036017923624986
130803,0.013024475180887741,0.0034909719877320444,0.008687697987305228,0.002426562491828655
130806,0.006900865097388744,0.0041350698955891834,0.0066936644068743625,0.00458809021693631
130808,0.008455750562067873,0.011999072660232885,0.017477512218350977,0.00412244998715322
130810,0.0020616100071029464,0.002572704558588571,0.010075225030997116,0.01449668603725379
130802,0.008326364553654524,0.0058934410007949545,0.005007860490446314,0.007250466267105154
130812,0.008449627738649268,0.008270982698727754,0.018245348208520792,0.006461082848037427
130813,0.01294731258829693,0.007319537981108451,0.009099239036840616,0.00013599526937937035
130811,0.0156349434808171,0.006701438017721974,0.017916033576816835,0.0024979150395787572
021907,0.006514588111467767,0.00859507965360731,0.044519645325270724,0.002845328084997961
021903,0.002457915510431937,0.0025919133927825204,0.02094471404308672,0.005406231078583561
021603,0.01051245719857567,0.003885839925210541,0.05533983411906005,0.001300469190145979
021604,0.005181710398948979,0.0007856228440729097,0.025152482718807774,0.002411936300490274
021301,0.05063116430176999,0.007751514705083817,0.005083528288385146,0.0
021302,0.057834921628560215,0.0031386486582890938,0.0011971741423831396,0.0005476504441991353
021307,0.016827493209393165,0.006853185104960702,0.03163288999643338,0.004304370941315041
021602,0.016639484645714967,0.0052750153243276985,0.011791045703266913,0.0001941716056188333
021601,0.008849946733675331,0.004165348553577092,0.011515850673798388,0.0013176683274891596
021909,0.006399714828108224,0.0044903116934090015,0.0030219985475758563,0.0004210004459546467
021904,0.004516382153048363,0.013446698043805268,0.013129428584675395,0.00046745588420082056
021910,0.0067455601901876185,0.006867099577600956,0.009347314447315786,0.0
021901,0.005016072970391448,0.01732397580249198,0.0025821715790075228,0.0
021906,0.004686686073501164,0.005700849923585246,0.011905639769388689,0.0011399310680666815
021908,0.0001413305558388743,0.001620514362405448,0.0011880888036102687,0.001609867203435501
020904,0.0004382668391865667,0.0029358380035434902,0.0563224082613344,0.00894194679408805
020906,0.0019084485001519276,0.0063371894565829225,0.05886382202468601,0.0011450691000911566
020902,0.0037204963579846994,0.001846658130625897,0.0033247965081459096,0.002745719252427323
021501,0.0032910249330386624,0.0030856493926372706,0.0648400337854209,0.018372831557916903
021511,0.0026855966966063795,0.0056462258532259,0.2004568329855913,0.0029091751890575265
021507,0.002245571013785744,0.003705342963171792,0.008755736520150246,0.0015073010914452253
020903,0.0004049815935347859,0.002936582644475256,0.3542381479127198,0.0017480381984991673
020907,0.0007277272352753572,0.0033324199711020964,0.3837077812713671,0.01896184022607898
020901,0.0038394087384587654,0.004638253056872464,0.029000358686118558,0.0022132832335680784
021202,0.0009926174308648192,0.003362422088199792,0.2241035215122268,0.006819763974166249
021209,0.007286016784105883,0.004877463733650025,0.08823575091469138,0.0013150075124503536
021204,0.01629829862704304,0.013113265806394839,0.014730269374448709,0.0011865140972697995
020905,0.0027645919565758474,0.011018081514933036,0.3542074334684294,0.02023979041533239
021210,0.00023835090749418892,0.0012634481444766738,0.12371511771693378,0.006767145914160861
021208,0.02886420781155901,0.002711859331887609,0.19218288451251994,0.012841631259429038
021201,0.05184112777043482,0.015607404262140872,0.1230566857093223,0.010691304607645072
022004,0.009846839104050724,0.005213167486624504,0.028058724798452273,0.0062417841311322485
021207,0.03890288920831122,0.009469639212379125,0.043921883390066786,0.0010979857966861239
021203,0.01293207220485002,0.00775893619133465,0.034355391258876836,0.0011373280385170738
021205,0.02171816427432305,0.005943030293584689,0.053351564429212135,0.0010195738322360003
021802,0.000487881482753752,0.0006516340911520702,0.10440353239831288,0.0015379239819677097
021206,0.00047844120594185143,0.003754861694455213,0.058886769329997465,0.0005582125622092997
022005,0.00016723195125978405,0.0040873831072082535,0.09613514687593475,0.0005400795683065978
020102,6.501197176338853e-05,0.002511195762647154,0.01891137070858842,0.0006696233091629018
020110,0.00017012136998099253,0.005348605994585664,0.0998341836246482,0.0015007803934575764
022002,0.0004629421608233836,0.003038448758480403,0.10565116723200582,0.0004950909219916742
022007,0.0020346056839211936,0.003667070171572311,0.06856753699016455,0.0032729651198347776
020605,0.003746500019589694,0.005698492161017617,0.01518013355186895,0.003006922023744856
020604,0.015155560452669263,0.012840346691703372,0.016593666787732272,0.0018225436443329382
020611,0.021363780929763567,0.01229685562009945,0.01317299443324805,0.005507158254076906
020106,0.007303572789570911,0.014961961821978264,0.03939547460234375,0.0026502215641760222
020607,0.049024251926476935,0.024668912833172088,0.008145133491232163,0.008097041064816356
020602,0.1440937189960137,0.033770945080746524,0.0011942232103513012,0.0
020603,0.038910590751369385,0.01473393145748795,0.0052375444645701924,0.0
020610,0.11381525844139766,0.04266843867913807,0.005639662554509159,0.004978735008665072
020601,0.016120273268992687,0.009304649597282198,0.03113196067695551,0.0028064384521396977
022006,0.10756697508364917,0.034492991103000505,0.00591180414593539,0.0003237679992788228
022003,0.06603056013316752,0.024030039858247348,0.018334332093361265,0.002751092420689267
022001,0.04723326472672231,0.012497752979959881,0.1223391687745629,0.0071055240541015455
020609,0.004847096214648925,0.005684912739505173,0.14540346107031502,0.012766302057074803
020402,0.01119594323979865,0.005272813536623162,0.017620712680068026,0.0004444429364308679
022008,0.011067344875013391,0.0032433002022560532,0.05371912523821205,0.004267715413032757
021306,0.02306104513689853,0.004267313855820415,0.008420384624506142,0.0007120987220857486
020401,0.0010453840276530401,0.0018252750455757733,0.06349870662867421,0.008167116216424393
020606,0.030638110135319772,0.006662252751800051,0.1237262745365753,0.004426804933021213
020608,0.015615753334924876,0.0021323289162928165,0.18833099530351022,0.008979891800580125
020112,0.009218681463341538,0.009734716952562072,0.18323295981924856,0.009751472314403898
020105,0.02039421813559932,0.02348814173951778,0.1520334068711328,0.006873997298675462
021008,0.011079324595879984,0.0044624414238214295,0.07679624167082033,0.009394293922847822
021001,0.00434194781608358,0.004369510453829728,0.03187189998091982,0.005957940461699066
021007,0.004168063658959068,0.006030107307922001,0.0035091291798934198,0.0010732410139906905
021012,0.008357987271148209,0.03562163061487919,0.023381118009092792,0.008467487691008775
021015,0.0014186669256176343,0.005670260333870451,0.0018023729176206925,0.0015906265529652263
021011,0.009842820768891645,0.007406735419986499,0.007255222058482777,0.0006079505968134591
020302,0.06069758469001614,0.020955648561854293,0.020893909051407523,0.0021717015835586275
020306,0.013050980386897143,0.003099911713709656,0.0006538483333405981,0.00187252103463619
021009,0.006024416607794232,0.006960777644901225,0.0059182439446065676,0.0007376577454345522
021003,0.00468715858227204,0.003673953346041459,0.001121411213810402,0.0008199473486979117
020305,0.019057788750930223,0.003851346630371648,0.0019720217548303653,0.000318803058855864
020304,0.17353062343107592,0.013237621292670886,0.011990958262216841,0.0012724950293583348
020301,0.09781077095765932,0.010313257597458287,0.01977166529007823,0.007589217469209569
020303,0.023774544211982603,0.005050153028903587,0.022284495719432727,0.006605448855488175
020702,0.004859516228660515,0.0024155490025505487,0.05180738780292952,0.010217378014602827
020701,0.01131196930509944,0.005504393474851599,0.0019266488206382461,0.001321192510929043
020703,0.010329429032442017,0.0036593158634097038,0.013380558165089347,0.00018428181227160716
021305,0.020263085854893715,0.002198130094022678,0.0009079248082265593,0.0
021308,0.020754618371418825,0.0036256831910997443,0.005330176384385567,0.00046613077967892487
021303,0.011067252438194083,0.002726899434374356,0.04687495541367831,0.009570792806150374
100703,0.0015004637466110274,0.0031100951154337812,0.006829675054635407,0.003927107251278232
021304,0.004762447942820906,0.0008998211575099302,0.029608114208104858,0.005607363661110227
130804,0.007622350773178824,0.00796095660053037,0.006974350518900836,0.002030106551273369
100701,0.004636636050778513,0.00426039741587779,0.008232200688932401,0.0037357301182424597
100402,0.00241208254921019,0.002463269190081702,0.0065034792388853685,0.009143736510418674
100404,0.009136259808369086,0.0026509586984969414,0.007840295926946335,0.015522841971649666
221004,5.568138157250147e-05,0.00026012346913720837,0.004283620666698326,0.0018971202374888983
100702,0.0008221287169197597,0.0005563024401036402,0.001855525987722352,0.0029814701029249467
100403,0.0005750243640935406,0.0006163128801437741,0.0014239488145809268,0.0018781827883456897
100502,0.004949918146828652,0.0036073911006754703,0.0014287805799248015,0.003995897359873156
100401,0.002493069583794192,0.002211000554856447,0.00477200094977198,0.004227332864828189
021016,0.0650705138598462,0.018895417685929,0.016717536751349522,0.001029017615092741
021010,0.01720167870467034,0.005433182005792703,0.004561845012644988,0.005882283752546417
021006,0.006503207161228175,0.005961536000818931,0.002684957874590767,0.005824850061328165
021013,0.0016890412198884276,0.0025470163196497594,0.00092148891023253,0.007848228949834219
021002,0.02281185477351632,0.005477949556914676,0.0013210452100450318,0.0050633855849266775
021005,0.008838613266330638,0.005371890863430477,0.0015009583523875468,0.0011197011192380707
100506,0.008840708269792068,0.005380145017895061,0.0013268718122342944,0.0004554794260816133
100508,0.018224211507182737,0.012254463041842256,0.001888624448403538,0.0020850161432530443
100510,0.010206355576246351,0.005061743376323836,0.0012381073334562017,0.0026755923456016233
100503,0.021615328175580126,0.008050074734871966,0.0019303051387484602,0.006040426765159444
100511,0.00019753521303407303,0.0015301140311210736,0.0007122334067715933,0.03481610695118362
100505,0.0006636653569662204,0.001355034043430203,0.0020909796426507614,0.0010577437731778617
100507,0.00015302870724294288,0.0010183389132479973,0.0031192726926609843,0.004019831666841259
100608,5.940283873686735e-05,0.011932516112229634,0.0012932846604997977,0.025828853466308716
100606,1.65826892034672e-05,0.00140996521332696,0.002046015857027008,0.002508264124837383
100602,1.4805029895244976e-05,0.0004970793617155565,0.002287818243020579,0.0017092693583799488
100605,0.003060572231729076,0.009501213955438166,0.004880748840929393,0.019194513120461814
100603,0.0002749297379319261,0.0009713939038177672,0.0012046676208509164,0.0013984171251136387
100610,0.006818333773490005,0.0006110439316871412,0.0005606485558778924,0.004156309212636606
100609,0.005066267101055892,0.0011578998068558564,0.000769000843141444,0.012608399171594762
100601,0.00011296379565109313,0.014696139859128167,0.0023034929062734463,0.018118081223172662
100607,0.004350482951646668,0.0004436973048032525,0.00024619047345148464,0.002009394788942618
221002,0.010234435246147493,0.0017410966194387628,0.0006279674341289069,0.011312160872162464
100604,0.007684918965615547,0.001812556205004355,0.000944198426300914,0.007557289878110801
100704,0.01804293010354634,0.000604575720563183,0.0011005273469187535,0.003924501413361756
100705,7.431898411364229e-05,0.00021697085897676963,0.0021072049660790714,0.004378410204648849
221005,0.030929283945043167,0.0034107431060010347,0.002338586566272587,0.006090939049631781
221001,0.008370115290039785,0.004411422744595169,0.003168858767951913,0.010001104010671924
221006,0.022494031262832285,0.003962551756331177,0.0008465627477078842,0.029550140541393346
220202,0.0015492637500887404,8.804026677199277e-05,8.194288343136488e-05,0.0012059061264753535
160604,0.00019958223553755803,3.5180912363099186e-05,0.00015267744902546724,0.008231152744625799
160601,7.087695971287661e-06,0.0001619699613438578,0.00029905244478853506,0.016239357436002407
250106,0.0039322664197351505,0.0003347208734821205,0.0005083563408842556,0.021709648076415188
250304,0.0004942685181844306,0.0023341850265735887,0.0002883233022742512,2.414530117567621e-05
250305,3.426399494397803e-05,0.0038332844343575423,0.00013277298040791487,0.0
250302,0.0,0.0005627988621248426,0.000173458945780521,0.0023675186737547858
250303,0.0023781682385243556,0.0007743091966460451,0.00033600540323300927,0.011542037596762065
250301,0.0,0.0008676390681423816,0.0033763370520614217,0.005527689491837185
250306,0.0,0.000481406302388333,0.0013647658102833387,0.005152938207819748
250307,0.0,0.0010763664904765646,0.0020834193996942998,0.0007434178071472736
100901,1.8401182476438763e-06,0.0007918497869361,0.0005789704757486748,0.012588530361981395
100904,0.0008743362238042799,0.0003546094592960614,0.00017791225534840286,0.012929603369474402
250107,0.0003115578462132796,0.016678928325656133,0.0007625808584400796,0.04059201246576796
100903,0.00871057723893381,0.0006947456358193948,7.358695861856286e-05,0.03069439711600198
250102,0.00553875219181906,0.0024724909064386116,0.0010096910247229362,0.002596849601497122
250105,0.00018647703434654194,0.023373837349899618,0.0015470099254928018,0.07676080476165777
160603,7.27465785540328e-05,4.437541291796001e-05,9.420681922747248e-05,0.051886664042873516
250101,3.3203481480924616e-05,0.0014397458867667255,0.00020562457716577452,0.010833714815870848
250103,2.9570999044744752e-05,6.153641096760649e-05,0.000318337192145653,0.02891291767033764
250104,4.68992021713216e-05,6.654362257718375e-05,0.00010815040090979539,0.011071277098260343
160511,0.0,4.9884125486946125e-06,1.3756786029290646e-06,0.001616827489479761
160501,0.0,0.00046960194815757886,2.0543276844847875e-05,0.03733241933962895
160503,0.0,0.00017319105631458706,0.0,0.06590858355206976
160509,0.0,5.534325282758195e-06,0.0,0.007217656679328102
160508,0.0,5.297969479070093e-06,6.622461848837616e-06,0.0013226128520237579
160502,9.788810009437966e-08,3.5239716033976676e-06,7.928936107644752e-06,0.002653369044529641
160504,1.9583591319478956e-05,4.972696227201029e-05,2.4959479132669257e-06,0.01964143632410416
160505,1.999764271637473e-06,8.199033513713639e-05,6.544683070813548e-06,0.027981345463132017
160506,7.084339183553589e-07,4.222266153397939e-05,6.942652399882517e-06,0.025564489147423566
160302,7.417054953481854e-07,5.798788418176722e-06,6.742777230438049e-08,0.012271877299743989
160510,2.3106145415545026e-06,0.00011090949799461613,7.702048471848342e-07,0.05247524628070195
160113,0.0,0.0036206031335895327,0.0002391234477277471,0.0060668411803412635
160301,3.025825685339651e-06,0.00020694016534953354,1.4208224957247058e-05,0.03585163312337689
160106,0.0,4.063120278383196e-05,1.4225366401341606e-06,0.01696568868575487
160102,0.0,2.879933690849592e-06,6.127518491169345e-08,0.0032235238374162516
160107,0.0,5.796665243771043e-06,3.563425210801777e-06,0.01916113302429389
160110,0.0,6.97885533840535e-06,1.812373761084788e-06,0.03005879963864552
160803,0.0,1.383240522760505e-05,1.0266451570429329e-05,0.01392938060009335
160802,0.0,1.3720796569145777e-06,2.8860142516206803e-08,0.010943813001021575
160801,0.0,3.0472571240345136e-05,1.8308583916807977e-06,0.017595767920111336
160105,0.0,1.6052932967701472e-05,1.3266886750166506e-07,0.032897053635526356
160108,0.0,0.0025731159689619983,0.0001301020429801808,0.02044844108151651
160101,0.0,0.025306024049342016,0.00012988795297739044,0.03860261507617223
160112,0.0,0.00412827678448864,6.025434648390922e-05,0.0866196962337836
160104,0.0,8.411332561357495e-05,6.102859587104807e-06,0.02931137384395087
160103,0.0,9.708667290514736e-05,7.213266862430627e-06,0.04603948805429033
160507,0.0,3.330800659033955e-05,2.7470520899249114e-06,0.024626965138723977
160403,0.0,4.448883538273386e-05,4.356314897345479e-07,0.012923263664639091
160401,1.3005747648929575e-07,0.0002184287266025146,4.161839247657464e-06,0.03097357972844321
160404,3.505856740599461e-07,8.186175489299742e-05,2.2788068813896495e-06,0.04756844520891796
160402,2.3801960460638785e-07,2.9117731630181446e-05,3.173594728085171e-07,0.022356503493725807
160804,0.0,2.834238838388239e-06,9.554709534298158e-09,0.011426576774038024
170302,4.591377197981418e-05,0.0005580182748529426,0.00020215765274694301,0.0029420811431767617
170303,0.000262065040518037,0.0003167606480927637,6.150830407396217e-05,0.0007181949134738645
211210,2.9836839212335993e-06,0.00010030535674026986,0.0025207276414238294,0.003367527929641661
211203,0.00020735003297272093,0.0002109224355015873,0.027783317947504094,0.006453044065376223
170102,0.00013604412651109564,0.0005885443862968493,0.02670746156444059,0.02931911860684104
210304,0.00021430353776069047,0.0005204609476000049,0.023139825753614514,0.006992870336414304
210309,5.8555992149033016e-06,0.0005528053069015534,0.002736034473947111,0.005627014992060816
210303,0.00018563781711012525,0.0005225672094576291,0.019116023008190403,0.013101424312435135
170104,5.7159878169749476e-05,0.00042265647058089043,0.0030781270065799097,0.022105792891005255
170103,0.0004144652682023214,0.0004313103521278522,0.00014664497858008326,0.007713145121277154
170101,4.838347521355559e-05,0.0006111510500957054,0.0005675068991687265,0.007506822469645253
170203,1.5819371869362525e-05,0.00015061824484069108,0.010651540883164598,0.014651441318545736
170204,4.2202821283105326e-05,0.0009176135108877255,0.06062319283625833,0.01669547791127623
210308,0.0006012975579159695,0.0014258779508639836,0.05664188417537067,0.004969050404751706
081203,3.518356769772626e-05,0.00019195740611553595,0.009118707245180643,0.006623729674106483
081209,0.0002516633096593556,0.0011159285445625328,0.18364443304986722,0.006410960182031933
081106,3.439256789645462e-05,0.00026278661150224927,0.013339528881644795,0.002369767640758356
081204,0.005232015738376653,0.0011300684295065748,0.11939570904141567,0.003910330102667913
081210,0.009139531920711196,0.0032277291635220643,0.17235757709396055,0.011320304085150362
081212,0.03891679350398917,0.004923269942810756,0.022338790692951416,0.003684854074731635
081205,0.05333753311460446,0.009841684393832525,0.02534043365775491,0.00399139257210068
081101,0.008428906434629416,0.0023842110522048856,0.008301790193070856,0.001127440574379916
081104,0.02771424889710731,0.0058405590604304275,0.05166496388361523,0.001941077237642892
081102,0.02933297307446007,0.010244126376794605,0.02029344888668898,0.001177743795074963
081105,0.055422575654215434,0.013480296797582154,0.04396475301955687,4.260629255557077e-05
081201,0.0650758391466524,0.0185135884292328,0.0539192339477784,0.0071730804792590076
081207,0.032549102943377775,0.006412967871636975,0.00903834513975383,0.0009991007450992117
081202,0.11956407552652559,0.02008619334841294,0.010010100988741453,0.00936606670243394
081208,0.04872367934084481,0.012597799030798605,0.003388885168103909,0.011312747401623932
080206,0.028861347785260602,0.005110888087542134,0.008130030431181465,0.001920297528821951
081001,0.07624475234166624,0.007385143349539552,0.002084657321190824,0.0004621900704633655
081007,0.055070566399101226,0.007765058241694934,0.003741902578198541,0.002384589736124476
081009,0.073532809888433,0.010363516832966477,0.0010160977585909844,0.0003789561160891688
080105,0.13415516589823337,0.20623042575443173,0.0034357029374607125,0.0
080407,0.11638155131566609,0.02984275160355086,0.0002924466944221305,0.0016686027190024346
080104,0.08256173164728695,0.07573156731409607,0.0028490415885523467,0.00014953674944417596
080107,0.07819769238780633,0.05738016087912772,0.004067763541457518,7.822622195110613e-05
081211,0.11649137398965533,0.03347551499214478,0.008782508765405227,0.0010192698594476302
080406,0.05960584507752371,0.009415723567563187,0.005170567590273264,0.006423493411562553
080405,0.06640263720727564,0.012825075144096476,0.0013297553227438312,0.005741706122183942
080403,0.04017606330700373,0.009245183041180263,0.002210232317521053,0.004368997807067156
080402,0.08716387486651248,0.01377902023135883,0.0012684641915066393,0.025284970798700977
081103,0.0037073736445550377,0.002175181414874282,0.0060377170419162116,0.0022571281040004118
170201,3.538382331951472e-06,4.3320252889955056e-05,0.0021273111689460848,0.0065012266951135645
170202,5.319416548892253e-06,3.201694460977635e-06,0.0008268626253915505,0.006303551106532732
170301,1.3983565200070715e-06,5.07222046802565e-05,0.00023865508943391283,0.0018401068166109522
250401,1.0030497253940652e-06,1.6192088424218482e-05,0.00023436149130080303,0.003739739877176046
250204,9.764105221808554e-08,8.1042073341011e-06,0.00012646507373895153,0.0009967619807118014
250202,2.7846676873392477e-06,7.016392676654992e-05,0.0005915067506513364,0.005784564960730256
250201,7.440171255876496e-06,0.00015931953135427527,0.0005540077476983343,0.008237027474314344
250203,1.0206440231676036e-05,7.649096218570693e-05,0.0002233314832610746,0.01854471873783232
100905,1.2825498128390146e-06,0.0003596185848415444,0.00020199405111148106,0.010458947272953815
190308,0.0,0.0008381646515789384,0.0011216115814044712,0.008292940949878428
190306,1.043243959670074e-05,0.000176094455211899,0.00014721226529546523,0.002457276289300904
120303,0.0003355022815463798,0.003543950352058963,0.002577956437132547,0.004436764796186942
120607,0.001807642830577994,0.0032960573324861443,0.0006282955808118204,0.0027284956758030876
120601,0.0003398796240741414,0.005773278189136687,0.0014532861796722307,0.002847974875647208
120602,0.0005299435065456117,0.00287723726436292,0.002599284685450679,0.0008451228057162081
120605,0.0001221794239323647,0.00044706561938887994,0.010038313739555355,0.003109967252937941
120603,0.0007182200816447241,0.0010127915348609594,0.002829223811812256,0.001071080903619442
120604,0.0008282626850383141,0.0024188253769392484,0.0009779357241691238,0.007121470303405879
120608,8.40846331272831e-05,0.00021343537701294524,0.0017534864750902931,0.008045344898605056
080917,5.4432438184969744e-05,0.0026537414569237014,0.0005493525635033851,0.006528050292442135
080907,5.3527849771924374e-05,0.0030254982039533244,0.001401439113067785,0.004459339762737139
080910,0.00013481594651222262,0.006037725355663702,0.002102277654817237,0.006063061221167339
080918,0.0003350591222662836,0.0025205370152354117,0.002967282511590458,0.008229455690766274
050503,4.3656510767258244e-05,0.0037077604315450315,0.0045036522047635094,0.007656037807580937
050407,4.094382419010907e-05,0.0011200066507144784,0.0030479752550665483,0.004758184646562147
050413,6.487867578588247e-05,0.001138120994332402,0.0004965672092922836,0.0007878124916857156
050408,0.00013124186363048878,0.0026790405398968717,0.004953643354558201,0.009062909509758545
050409,0.00022342180518994671,0.002119221534522289,0.005596329677092611,0.01910172683409008
120609,0.00010907908416034734,0.0006114407517571576,0.0036140680271796463,0.012770419711968703
120606,0.0003752130697205849,0.00115816283706785,0.0027364228585015564,0.0045293884215402685
090707,0.0028155802887046585,0.0011057443624506846,0.0035216727114921824,0.006913553161605927
090718,0.0007611608449121033,0.0017718198460318503,0.0008878638833892161,0.002520687432716013
120135,0.0005650762032959958,0.0003650492286779442,0.008464015923841526,0.0031732436137309372
120203,0.0011585639417219142,0.0008215903214909526,0.020445252842062896,0.0086881226655364
120124,0.0021706326910158097,0.001198642051715596,0.029939828725849195,0.0037697127305366947
090716,0.0004558246786237173,0.0027318843301294767,0.0030978873134688972,0.0026549183349460627
090722,0.0060357785740127335,0.002860395135643294,0.007119201445951738,0.0005514790678104889
090714,0.011896019651955221,0.003415122424805668,0.007229387496160604,0.0023085188675628287
090715,0.005548398430637701,0.007203330474310708,0.011883717004984348,0.0034657037845881467
090724,0.012410643540099407,0.0036619203991138166,0.0013758436974649348,0.0022165230961367333
090717,0.0058931935508921155,0.005467450765087946,0.0038213479447594648,0.004573529308135917
090720,0.001733934528972333,0.004881594446957257,0.009766944349420615,0.007804718847484192
090719,0.016773730471825055,0.011399782627668855,0.002648698677634877,0.002055993145539244
090705,0.03224157820388723,0.009003388849337693,0.007673428155250111,0.004044658231504509
090713,0.02304636457369423,0.004106852309289698,0.026199112781546893,0.0031871205998609303
090723,0.04784464011200374,0.005771674160701111,0.0038152591197243646,0.0
090709,0.02717771547352482,0.0053259630365299565,0.003244985594787223,0.00027084455358271576
090703,0.03201770772520154,0.008175563861864143,0.0033232282853982668,1.6095866221764305e-05
090704,0.045572074130221754,0.012497233454207392,0.005635671669778753,0.0014724274205404908
090706,0.1067032255486865,0.013051915564316945,0.006763802954074561,0.00019701810350502966
090701,0.0657399011676555,0.02369661776116118,0.002491195579629383,0.004134201760041112
090111,0.02302893153444482,0.008292303920269303,0.032147898057094386,0.0019183873618363503
090108,0.00691051816781212,0.031100923362286995,0.00676100089311297,0.003255858376811731
090119,0.03429054841956933,0.010586804551609347,0.019185397678963254,0.008279871683736425
090114,0.005583688671036507,0.006596014069285135,0.002350590318941888,0.0
090103,0.019762190417023612,0.008420510474861202,0.007045162659627286,0.0020130775506194466
090511,0.02715189974462167,0.010413177718875151,0.006890751808577487,0.002994992500520495
090202,0.05312712214684972,0.009947839842307587,0.04825478148690003,0.007638560121901789
090206,0.03942149570710553,0.013214404777733134,0.009978304164952954,0.00027323285298362225
090208,0.09390865400531498,0.013117924433798459,0.008237450860012941,0.0010829465875272365
090502,0.021030458638680753,0.009081265838382709,0.008520081097125959,0.003181098680645806
090504,0.04482595717571018,0.012243260766694242,0.0038147433151217874,0.0016656063230920165
090506,0.06322240711241786,0.01269349969765922,0.01025747642443193,0.003064018220840415
090507,0.04741392198471527,0.013213959654524923,0.004124051574779353,0.0001474612830791631
090510,0.003363406355264997,0.003916846460431413,0.010268937139750689,0.002817015298612849
090503,0.008640454122112815,0.003964440893591407,0.005071343051317377,0.003144323626214458
090725,0.0011911355417951073,0.001860939192803439,0.001433597216676179,0.001274648178461922
090721,0.00024101363831408544,0.0009357000075723318,0.004924591549062947,0.001872493425729864
050411,0.0012643020074683666,0.0003751493432565095,0.008467518085312648,0.004459815897680887
050402,0.00010985206388719097,0.0026182270144595315,0.005239361877669019,0.0006646972991762341
090509,0.0017057268416855768,0.014156578897060009,0.02847087794176521,0.0030915724175789375
090501,0.032607254113219415,0.0109482094238516,0.0244051685874898,0.0042200249558509715
050406,0.0022382465853617306,0.004088091557381279,0.010007103931338811,0.002531114567978121
050405,0.022285052968232834,0.01502649463433217,0.036058122586137914,0.00349938288509156
090505,0.004967175797180659,0.007536246469608729,0.09708875703601258,0.0059313458166716775
090508,0.03193802915864726,0.016783229442206123,0.17450424131466905,0.004126331193530711
090205,0.06886571387859217,0.009256616481065946,0.16051130522132223,0.0078678158737711
090309,0.060226884772966456,0.011832719270855382,0.017783994040973666,0.0003253666536347748
090305,0.024163888519053506,0.002380777090933052,0.17713974733855967,0.002732512450172816
050109,0.06675738084302425,0.009468811555035315,0.10554142269838776,0.0005340091845643254
050112,0.11641204400913216,0.009663867922983528,0.01582838165263987,0.0003998394290900306
050111,0.04516615757235176,0.012630616372397263,0.10276897724261161,0.0033581286987997266
090310,0.13821367978745508,0.019767668913965322,0.04359640471398699,0.0007350594902675554
090311,0.023168725645979656,0.003300771092604128,0.015891408985157403,0.0022470243629281314
090312,0.01170828912358666,0.006285778620804667,0.013694906724442991,0.004014377419561788
090307,0.016303353833724128,0.0030351138631810916,0.009555276698960145,0.0007873045874718447
090306,0.0190970887219471,0.005712429118125829,0.017588617240932997,0.0005935483794709189
090207,0.33792664050935933,0.012970478892742271,0.010136895814186232,0.0018756101516420728
090204,0.15980016345662973,0.00708983754173104,0.01127425384107518,0.0014003385807524196
090201,0.21629545450374188,0.016595274043613318,0.008720422728421216,0.0019097450193543998
090303,0.04041839634208886,0.010494417147783057,0.00735916179436545,0.0003473955860245621
090302,0.1736356196739306,0.016782366932072666,0.00318023893222235,5.149823787820132e-05
090203,0.08727759949561767,0.010969817498481258,0.003891381604600727,0.0015596092722385177
090308,0.013010694730144011,0.008438949328861047,0.004336298873664428,0.0006742909315220803
090304,0.005619732544726078,0.010398589968996163,0.022478384093522194,0.0006798763007392422
090117,0.021900089142361454,0.009305706200445242,0.010983832418926164,7.818102940465787e-05
090106,9.26277904802969e-05,0.00108506696131587,0.2857470975162574,0.001031770666183307
090301,0.006878858845483478,0.004630000907987304,0.09538927066770671,0.0016621749506835497
050205,0.002666149026486238,0.002267292794899024,0.25272259028326566,0.0017217613072466004
090607,0.00035394709202144994,0.0010731192635723664,0.22955737853466615,0.01300813310492074
050304,0.0033104505832830017,0.0008125632819386074,0.08926754017600076,0.0036322893733841755
051012,0.005948855795006254,0.0015038369968728086,0.06731981578475545,0.00029522752322635825
050114,0.043454774939749106,0.004612593245066336,0.03798761213991783,0.0008432736790726816
050202,0.016757822181231386,0.004927941030050217,0.04567914957461854,0.008479203368239829
050206,0.006350553478747544,0.007457886856593814,0.025900703311065098,0.0018182969567298406
050204,0.13735040466613313,0.00769101074880789,0.005196777004400084,0.0020167238340944604
051008,0.0019223773445354972,0.004208300043273152,0.029048163942894507,0.0010150917242025032
051011,0.0023796176355315238,0.0019546913296465485,0.052261743973686846,0.000653817160112778
050302,0.019731434720788935,0.0035550163939403676,0.02927635494545648,0.0021035238604891725
051009,0.012742891104890582,0.004748900393241462,0.010861027515459507,0.0011062450672441287
051002,0.02369246805949668,0.007092686652831706,0.02596308250322356,0.008323963825808528
050201,0.17933409567962177,0.0064201403247283574,0.016496617599449682,0.0035346082473518255
051001,0.0042064230112509055,0.003938964150274425,0.0220256047813778,0.0017686070897799775
051007,0.024558591335280967,0.006590685087822425,0.022645251588506537,0.017371334025243337
051006,0.009918005904282145,0.01017832087839296,0.007497168286272512,0.005689895595852297
051102,0.008119994209798993,0.00839800447511563,0.03239600074626094,0.009509689872929748
051105,0.058826050768655595,0.004601896552046552,0.008977921549283039,0.00826916812725019
051101,0.13603957037585027,0.011240093532177899,0.014850937063145017,0.006983371327194533
051108,0.07431498001992862,0.004190821929738829,0.007131366277563065,0.001043968924606497
051104,0.02387116374694044,0.006120342739193392,0.024630256557948725,0.007738525912783106
050106,0.01259608584812957,0.0070870207410903465,0.010940410705509449,0.002695709664150858
050102,0.17296469044152546,0.0051992372774758815,0.00348718210844597,0.0010898087210366703
050203,0.3206398707652523,0.008410773471928092,0.0018350866970449691,0.00398399722855188
050105,0.1717011449933625,0.004663016309404078,0.006240838102817048,0.0003331344480242141
050104,0.12174010178916579,0.209210031320852,0.008136502990110794,0.0010658890985273575
050110,0.029628288404255684,0.6612321679719094,0.014023694718620772,0.0
050113,0.178128561036899,0.012806189422959927,0.03184019463377421,7.439339758259833e-05
050108,0.11833360975537521,0.012507662928449565,0.02612159993812752,0.0007748953451848919
050115,0.03743666416397557,0.1447343467067096,0.15834889937883015,0.0057966741054611415
050116,0.08276187264233432,0.4793389376035709,0.014962416137189431,0.0
050101,0.08455933810057005,0.1246276154396323,0.12890361313057183,0.00012845321071918402
050107,0.046399991200532016,0.023024166114514966,0.0327288410045488,0.0005748431523608057
050404,0.17813556348201062,0.013178256050394464,0.0031689347234022487,1.2306542615154362e-05
050403,0.15545941651475848,0.01150295132624152,0.008013399620042013,0.003052545309808011
050401,0.05263482454657144,0.03462022039712522,0.011352435953072818,0.006647720045082417
050412,0.003854439772602651,0.006405966671470527,0.006370772973302777,0.0012097549925017964
050410,0.0008188325495860304,0.006857221162117228,0.0017745784585556158,0.0025972754442058956
050508,0.024067153409094388,0.0115456508403427,0.0042826510821971095,0.0017171496782136181
050501,0.014481963509912365,0.005891194494638538,0.004715647040103291,0.001476973285063044
050514,0.00926048914141268,0.0046228146190243295,0.011116322209040809,0.0004133754935809776
050515,0.011976868507902206,0.003646812556785329,0.008914442927967036,0.00023396765543049405
050103,0.16722183298120996,0.0019652883092852566,0.0059634718940029365,6.960585805033502e-05
050504,0.019139041198100445,0.0038295336865877636,0.0292817267452885,0.001593118114959443
050506,0.008454919752950173,0.002648172861425412,0.013317663998568463,0.0035492171286181833
050507,9.899182423344418e-05,0.004093479604082525,0.00581932562727783,0.00777735168274473
050509,0.00010742998683073051,0.0029972136504128654,0.0029903708134620317,0.008383330619391007
050513,2.3223343631444268e-05,0.001362436159711397,0.005400656865444222,0.00932087869967976
050510,0.00022668204252442696,0.0020434719421687313,0.0011555947239349348,0.003370529276815913
080916,2.6342501694700933e-05,0.003972724732702806,0.0012832758309234242,0.005893695712494422
050512,2.2490737123766363e-05,0.008996294849506545,0.0034905624016085403,0.022891425040445862
050502,0.00045203422986445286,0.0030752320682852145,0.0034906891748131795,0.004085549671575417
050505,0.00038466548543322375,0.001811269512181014,0.008098127262716786,0.004661460037708401
030610,0.018489147915427627,0.004362745300698037,0.012518537636644015,0.006282095728916706
030605,0.025350678935687238,0.006978067729166304,0.008588437663818789,0.001254498750760697
030609,0.017984008140059737,0.009317675765495324,0.01564084039853744,0.00021272939319566251
030608,0.024090826669653963,0.013031928564037164,0.0023082544091765174,0.0009856336854942253
030602,0.03393837174258718,0.024586317437678435,0.0034578041079017245,0.0005117581887084749
030606,0.016283890488008525,0.005429430502448025,0.01773821922208832,0.0006862913867918217
030604,0.013802456062047674,0.004658084819504017,0.017750443813452525,0.007497704443907185
030611,0.003349261981012689,0.003844672850773083,0.017572321976401753,0.0056285064113044386
030612,0.0054011281372290795,0.009164695737160238,0.02605943714097919,0.016937571812599767
030601,0.020275820178853605,0.013762455861155504,0.013445420875269218,0.003121863982438846
051107,0.02195066795143009,0.007140295342081986,0.015190144325451172,0.013978854774411333
030603,0.02300870829370774,0.005139429002575772,0.012053666374522492,0.006259362573943348
051103,0.02118612947481705,0.012844986602192677,0.025047779365255013,0.017405953398675594
050902,0.0033965429627608426,0.008813702072843132,0.037285261714257535,0.017340334558786252
030212,0.014276921857102564,0.002991997563437678,0.017241801446094888,0.005845240543444966
030607,0.01897951036844287,0.005945495880794599,0.0013826880328894964,0.0006553373617001559
030215,0.1056213675002294,0.017092421002963314,0.0006626841227770896,0.0005743262397401443
030205,0.03418515955629324,0.006089820958743762,0.0025496528367437775,8.683028236588716e-05
030218,0.08799374397720439,0.007340597497354431,0.00043785516443621845,0.00010766930273021766
030220,0.12909557593734822,0.009979387520249636,0.00358145647864807,0.014829173458251578
030213,0.12455515213537598,0.01793375928026634,0.022892405791389795,0.01777530381013532
030201,0.18737412878394752,0.037132410711502306,0.0022382728347251335,0.00022605550470985864
030209,0.14121874011851746,0.010649123566237623,0.0011983566172026933,0.0429069822971027
030216,0.07822959400183978,0.024811714429867012,0.000910796343175333,1.1270317481970638e-05
030202,0.13537888885173044,0.00724572339386924,0.022045679809697925,0.003612451695963262
050511,0.001753110186967103,0.00010020860970409354,0.024552604198654893,0.0071183012639942055
030219,0.05876984718049395,0.0025921710515720373,0.03037618366978736,0.0055457969054505
030208,0.009798296307566548,0.002532618810989626,0.009077237333972006,0.004654291254585107
030207,0.019832533742391894,0.00686138485402041,0.008545064937365576,0.006941758768215131
030107,0.013864607485294753,0.0043541853874993625,0.00564898037781897,0.009516380193336164
030204,0.04240474547260787,0.014727771918944524,0.011590999921202863,0.0021267319416869543
030106,0.003946220303252317,0.0017205976784419664,0.004831956658466962,0.003833146896098809
030101,0.009317608989191569,0.025909300372654844,0.015501552149313725,0.003929379428204675
030109,0.013542067732255745,0.028228566243175577,0.05099650967197169,0.0012746515952306366
030108,0.026849974078589613,0.0036921314295232702,0.0033686654130483037,0.003786685297367795
030105,0.01387603189493359,0.001234234391354548,0.01524142600656516,0.004818727189575054
080909,4.911603846053876e-05,0.00042699889358502167,0.01658693585729516,0.0016074159491853506
080908,0.0001352653533435905,0.0005508753600906596,0.04953872438433356,0.004582718405674146
080901,0.0005536024813292686,0.011080378963192201,0.0015360057846940005,0.008340105063812837
080911,0.000282398540693624,0.0010095583267031843,0.023298690272121076,0.004346294803295189
080912,4.750902760725161e-05,0.0003363096194277902,0.00027272896648139976,0.003232219488511837
080913,8.536661816164708e-05,0.0012187428931823938,0.0017169833876187904,0.014629172024200762
080915,6.527330818993865e-06,0.00011993417709288211,0.0010514680581930691,0.00122321132382573
080914,5.857782823811771e-07,0.00010990657003211303,0.0020047482173846175,0.006733023476511469
080902,7.300622066922455e-05,0.0002875953849861255,0.0010482086349490156,0.0027555317570875366
080906,2.711678196368345e-05,0.0005673823182675406,0.0009266975250016034,0.0033836294418603348
080408,2.3686581832637713e-05,0.0004788921119975555,0.0031650192981566025,0.0014452874491846916
080404,0.00495977683888208,0.002595645697632503,0.02754657104914171,0.005142577361712643
080401,0.031796920112807686,0.011152795207255208,0.09444711271399224,0.00918718255396625
081307,0.11983833189851867,0.02488062655086588,0.030879073107373752,0.011946673429958064
081301,0.027170670675282775,0.025828956606311647,0.09181780121280199,0.005511408338386356
080905,0.00019559080908231673,0.0006242537466344652,0.01025304259453442,0.002479223221005812
080904,0.00012808250857545875,0.003360784568150567,0.0018254059608594914,0.008996352159927336
081304,0.0008229857945075585,0.0004160422647889642,0.034787399249853315,0.0022999159517366357
080903,2.58506016656413e-05,0.0019062394022151179,0.017784916515326744,0.0024706980876096035
081306,0.019245586398458345,0.003906884139213982,0.08665791335999433,0.003298228696527593
080306,0.017939838759978743,0.003668410199662956,0.04078092934560067,0.0016856643815835485
080307,0.020607300207509314,0.0022714098642852305,0.08480743398995558,0.005488863062427243
030104,0.021219570709431472,0.004126137209298106,0.007026969095171951,0.003532337613742625
030502,0.006274054285081429,0.004830043249617575,0.004845350640113058,0.0028975267957326483
080304,0.018536884346667067,0.0044925516803838335,0.006373719933402035,0.001558561487729368
080309,0.28233552394020384,0.013723500827681962,0.0024744009038752744,0.0
080302,0.18400831111902494,0.014716137960509648,0.004554828684686246,0.0004299864352345571
080305,0.1009060341977861,0.004441646637791141,0.06301231973529867,0.0019379079786476941
081305,0.44157562068649775,0.021667540410777297,0.015032869609729235,0.005155159600728761
080301,0.3010300438828529,0.023873062286041382,0.0012709196476989185,0.013322534065904945
080303,0.31849248746905273,0.03406665245571576,0.004279230014147479,5.921229535185801e-05
080308,0.2785863851872541,0.0183562805453259,0.0020815930076343524,0.0014858116639517424
081303,0.2019853083628941,0.01631971522537919,0.001694915650335017,0.0036791490039922562
081302,0.401193591846045,0.028421658470151923,0.0015980151377984091,0.035663690169191936
080101,0.04985595909558553,0.11847865487999931,0.0024408533302260945,0.0010724213321367377
080103,0.08019418054609864,0.07623332076582687,0.00622516605451456,3.0530779395722834e-05
080106,0.09458060882223082,0.11721007750889427,0.003451211178354159,0.0
080108,0.09895699801491639,0.8670490395228185,0.0010404857776475096,0.0001734142962745849
080102,0.042839239555316364,0.006662442754477498,0.0016605019757414904,3.2568044596509086e-05
081005,0.049215154789297305,0.0030396589439861546,0.00259296354758442,0.0029493756258913628
081003,0.024716749899013332,0.005148811937961594,0.003355959497109766,0.005030834295754549
030505,0.0514586974520928,0.009878064295350686,0.0028362840005410487,0.00035312265382482337
080702,0.01674541789086838,0.007822872376212531,0.0047122306646378434,0.0007193348707756331
080704,0.0739137220804211,0.0066533652943466925,0.003773363972034954,0.0002494016770215589
080707,0.03700726379445986,0.004653831496432081,0.03352699328897133,0.00010876178545906113
030504,0.021236666896317306,0.005957789512749732,0.037756211655137685,0.0051130258013360776
030506,0.03308736649156427,0.010632203192865043,0.05974794674068267,0.007323691143022322
030501,0.022253796314172274,0.0040596963722168335,0.003453652376928443,0.001252496029247264
030503,0.02033957534726817,0.0053765568078487065,0.006819381669982319,0.0008637194287193734
030708,0.0044876864507582175,0.004513995636077284,0.014096294226505976,0.0005908935291084482
030704,0.012755860901286999,0.004976300314340459,0.0038724562401756704,0.0010236421382548656
030703,0.008625945437821648,0.0024982061837825705,0.008207493736944854,0.0006879644502009003
030702,0.0026100651619931307,0.0025749190288866684,0.011421187452387833,0.010175248180833492
030712,0.008334860030582316,0.042109635606086715,0.004809549808724486,1.1790335190159968e-05
030714,0.010635754739700005,0.0035820589394617653,0.01176222136332779,0.0006920422555886238
030706,0.00740489675187793,0.0036891340116390666,0.013244627176697594,0.0013493563920035571
030705,0.012171263618570582,0.002178353230174316,0.04141007718011417,0.0008716290111638205
030709,0.006095343832444563,0.0036137720911847714,0.006564923544558239,0.00013022602130395575
030710,0.027366694031019143,0.004180138004442192,0.004099295095073761,2.3097974105266033e-05
030711,0.01419730524327824,0.003782851262624754,0.010777923076351968,0.00024855451717775847
030713,0.0030808549309787785,0.0013499547638520341,0.08123128236544365,0.0008501018917086473
030305,0.00137995619125213,0.0010355367081689307,0.21065435049737424,0.004816531736854541
080706,0.03401925668462594,0.004405876690324722,0.11469933936220665,0.0004619958574367902
080701,0.016637093709471504,0.003439194946514259,0.2127800054017106,0.0013823496827170896
040404,0.00022035613406309556,0.0004567108743391525,0.5365874341937168,0.019660390046019473
040603,0.0009945347619994412,0.0007211179447362778,0.3407130990413479,0.007282814145163548
040409,0.004177857450367769,0.00250867015131592,0.39157739578408646,0.010123225624514743
040406,0.000131249441541504,0.00026233421782031726,0.34238139636412224,0.002691558505665137
040503,0.028845195568040587,0.0024378026582116065,0.32196134395972353,0.011489300949356478
040511,0.002329933267155309,0.0017400187505708182,0.44205508104088387,0.00013008739110117562
040507,0.0029966538253735136,0.0017643858922224325,0.4350280803167169,0.0007377019914154987
040403,0.0007355101273479145,0.0011771393470881805,0.46603247753250243,0.0014848795131364584
040402,0.006074994289575234,0.00192097479372086,0.30359505035578505,0.0018026180127667412
040408,0.009403423044945453,0.0011161228425049907,0.35384252092249324,0.0003251144718874542
040411,0.007051494170460634,0.0025635270239536844,0.3803452327149126,1.513017917158175e-05
040412,0.00037910485396695434,0.0002444849647783204,0.6455563283660469,0.0007784346201326458
040407,0.009532850961921144,0.00022284616276502836,0.8004276183768582,0.0024161766688031196
040401,0.032651356729796806,0.0023418327581269985,0.8499967269007084,0.0035349037888565407
040605,0.005983215397983043,0.0020496006432740555,0.3791326518221513,0.00015033060006756032
040414,0.019090701652615855,0.003705629436101758,0.30447978809585685,0.00024983719131446843
040410,0.025138240466755175,0.002880103460452655,0.2630298696228912,0.00014965217899245704
040607,0.00011147578142200364,0.0006681388391513218,0.44423166383232204,0.002858091494184762
040405,0.018821865689860766,0.0035984499846524443,0.12501649316030092,0.0035678631784561627
040806,0.00020307022223357789,0.0003051989475378452,0.5317683285885202,0.008251146922423043
040802,0.0078034598965464035,0.0022761749687180252,0.43789301687073756,0.009856580249410142
040810,0.011312995734566757,0.002052122288462993,0.38213147881640136,0.01684201229309066
040805,0.0015067720412340318,0.0011632735486025818,0.37242624693710613,0.0009167539984647979
040803,0.0008611528927406228,0.0018549763992087925,0.2931778085545634,0.0009686947483265726
040807,0.00010256077299645974,0.00033447020411536053,0.36935453834069004,0.0023627570505045203
040811,0.000415469567765789,0.0008986776145462397,0.4273573443278332,0.002054621795711971
040801,0.013722637431584337,0.006099153126435984,0.25815393762829014,0.003161790461542435
040602,0.0009776044203721507,0.0006865941701731346,0.6241949468227576,0.0005252519368058332
040608,0.0003140198165295841,0.0009487060824255078,0.5963078242463313,0.0035866452641677505
040604,0.00043815214201741766,0.00024219465136641176,0.38561273109784083,0.0011834122826016992
040606,0.0018290004816134391,0.0009823196871911683,0.910364271223724,0.004593189802032623
040301,0.00027845920047972673,0.0009953640929009173,0.904837660232918,4.56490492589716e-06
040306,0.0012363547487734762,0.0008428836329836474,0.35042690858416625,0.000298964162209704
050810,0.0026931372374628887,0.004976633009161708,0.11341964609220874,0.00022527275911895964
050807,0.0029580434061555632,0.0029482530793544545,0.04569382859333177,0.00010484549974278137
050801,0.0023927933210154727,0.006802191530978525,0.3489560434782799,0.0028268527992681767
040809,3.5226418789710156e-05,0.000360786537178956,0.4644137988651397,0.002752389400548047
050809,0.0036215742964875717,0.0023262001148723695,0.16684576502249548,0.0006094655848248383
050803,0.007562374582540403,0.0022591176665259106,0.22896681753105413,0.000239645368637755
040808,0.00024441488036131237,0.0026012452698531987,0.3528622899469765,0.0007743638503682522
050802,0.0015679463743116437,0.0022121261772754352,0.5415127248858838,0.001791157695908359
050806,0.0006509032588777716,0.0006767522013675844,0.47494083289376793,0.005170592554929385
050704,0.0007527217791437625,0.0012945067578692565,0.19521038507867083,0.0008078592907342521
050707,0.00013601242700208045,0.0013869933916295487,0.13749196218227808,0.0013496566469623108
050808,0.00011060294433918357,0.003727371123422304,0.25332546234034614,0.001373685108746539
050805,0.00044081068032163565,0.001748739980044899,0.26172778561472276,0.0011045835424680782
050804,0.001706316889576414,0.002869907186530621,0.21998103921553416,0.0008202993799341359
030406,0.0009030926799801548,0.001961896996293963,0.19205763367169082,0.003233054740970307
050703,0.0003921912140582794,0.0008860964606184739,0.43421693607092,0.004694650737906141
040804,0.004555988136721593,0.0007826568170503681,0.5114838684384078,0.0034704228215712896
030304,0.0011423215119676215,0.0011642892333516143,0.2535629194253162,0.00034187266403838673
030301,0.002903562691553263,0.0014661539595635694,0.2761525392478196,0.0006061321153442382
030403,0.0002021649413398676,0.0017140415810854661,0.12255232871402838,0.0005199470876943654
030410,0.0041833312466196815,0.0035952911029097255,0.02087955615918425,0.0022790329130882698
030302,0.0005228205533266204,0.0020912822133064817,0.0477737019416428,0.0011240641896522337
030306,0.0009511073528957032,0.0010754089798304476,0.0290046713063523,0.0004047552073299776
030307,0.0008600361677118814,0.0013198895498614637,0.058059315947295624,0.0019384702095758563
030303,0.0014906657818363855,0.0020386759102160586,0.06904871328242697,0.0012504820251866943
030707,0.0018983011111033553,0.0016678545300814944,0.05286704806180579,0.0012002127568996339
030701,0.0022082193391027433,0.003133534686410115,0.041790316493754656,0.001886416724167468
030103,0.003475835416516133,0.002306514609486629,0.021841579707907108,0.005386897353954352
030102,0.0038266072835668407,0.001127687768981527,0.026343836677991186,0.0037069019386696805
030415,0.013106477678137102,0.007902167580887744,0.0115144011007413,0.013420249119076303
030411,0.004096616006232543,0.001648934578471137,0.034311632171423065,0.012846335174711919
030409,0.009706661509367663,0.004965445710348668,0.016169258314281846,0.009082818196765636
030405,0.006977024756654939,0.003671290649743109,0.002634486573531665,0.003046706796700351
030407,0.005785502357408553,0.004629893232045769,0.005785870591018164,0.0005048943079783472
030408,0.005716403028426512,0.0028197458584500322,0.018300227801103585,0.0020567400113783094
030404,0.018568597119760145,0.0024262403460289248,0.016966507783610727,0.001964593340876385
030414,0.006014147517648085,0.0027751001576641413,0.023594975698946884,0.005685086345545922
030417,0.005190433757712664,0.00406683411284383,0.02854021340797177,0.002049538339589988
030401,0.002547132602200284,0.003709064440370189,0.033993153146494495,0.0005630652614417896
030413,0.015974542589370977,0.004510663089723848,0.009770371641360517,3.309735761940366e-05
030412,0.0030467910963391073,0.0023997504517181438,0.05090980055321267,0.005825018130104627
030210,0.007793362486308426,0.0022934222575145048,0.08937147879058009,0.0015327024682375424
030402,0.006847480952562546,0.0020443963174465347,0.008513296223953694,0.009242884004762223
030416,0.013724258617082883,0.002745569164278271,0.0023770193882920866,0.001830710465471983
030217,0.0064935100807976,0.0025168399505632343,0.024447036081504482,0.005864882397761945
030211,0.008851479680347007,0.004046411944263981,0.026078614198662458,0.014143405381242544
030206,0.0071197521967108325,0.003547104223524747,0.026282384018122704,5.2671074099526026e-05
050910,0.022871753449936808,0.00416610896334599,0.021331884144512453,0.0001146778961424846
050907,0.008034851224103197,0.003351842561901071,0.037818210685602094,0.0009326496451412224
030214,0.007050176227004672,0.007618574485421367,0.03917640951564121,0.0021219335640592384
030203,0.004309733929549521,0.0032385461415863196,0.013093319070548745,0.0018720701123226132
050904,0.008742190590780349,0.01429119785390024,0.014362058731897746,0.0036702331707216293
050903,0.008133012838766237,0.006960219331065757,0.015343750079324148,0.0023119372987973107
051106,0.004074162964434606,0.00662914978891498,0.041408577492706,0.01299818914512854
050901,0.0164888678618762,0.005368892095479899,0.06242251673925894,0.0042388830237133305
050909,0.0022461956319236257,0.002769229246967109,0.04118810847560391,0.0021985145835772654
050911,0.009261793755950766,0.0013219730531628686,0.10867999228465625,0.0007156576907914607
050906,0.009951763844477369,0.002321880404461046,0.11647075942271058,0.001276179757498794
050908,0.014077838364883183,0.0029933001439346706,0.04594894930934057,0.0005841588164011802
050708,0.002590812716432658,0.0010977565578411512,0.16703767292002797,0.00044476815102650956
050701,0.004356165693343486,0.002678269718503385,0.2719992334837322,0.006530747840623407
050606,0.0006317317012997719,0.002215153185349843,0.20156775492577492,0.012481724185407297
050604,0.002849087658327279,0.0022219898081284046,0.08295062229389659,0.006450139838065664
050601,0.016675523139327204,0.005696374234195203,0.21069148588170933,0.023409186460576752
050616,0.029917718396002574,0.011641996379527642,0.013895820439122391,0.00057739744903128
050602,0.003377129569555712,0.002211494126025324,0.09801113106745367,0.003135473393179137
050603,0.004299902434925893,0.00181647370499573,0.09062230160958609,0.006482382914571588
050620,0.02122187305325588,0.008233304338485492,0.0318377294358036,0.00032314508200393484
050905,0.0010508587707727234,0.0026889205092446118,0.07732086982489332,0.005617903824620032
051003,0.0009767287935365727,0.0013810649814497815,0.055419096262074044,0.0021198712060933253
051004,0.0015068664138947912,0.0028985018667270395,0.01665918077131896,0.00012269021621329174
051010,0.012064753401182172,0.0070667827134222785,0.034278843314612874,0.002350129670524242
051005,0.00307506495419215,0.006666945387054169,0.03093465899331956,0.003497799445973807
050303,0.001017409866231926,0.0010045226603273667,0.1123968549418618,0.0023317764779026595
050618,0.00032138456039557974,0.0006846685825763919,0.11407028366565793,0.0006650481076780589
050301,0.0024241930539150003,0.0007617162325684922,0.10849945993570655,0.00144750195490548
090608,0.0009979462357197588,0.0006048944104528358,0.14350786603948845,1.0125084901814866e-05
090606,0.013422925596910829,0.0031987224165993017,0.012409895530016634,0.00045031315861251216
090614,0.005952505280120315,0.0029559889310472494,0.1675459850495833,0.0
050607,0.008322844801490635,0.002413709683619641,0.11948935399785293,0.00014803065283122802
050610,0.003196012858993542,0.0026787383031063156,0.31784466973790265,0.00010037629058289048
050608,0.002631781201816917,0.0013512853025681724,0.15171390046756325,1.2305669082238068e-05
050613,0.0013254600425215888,0.0013104824767957136,0.14595071222118017,0.0001329916804719222
050612,0.0027816249974008853,0.001174081443998986,0.28891506970823616,8.333311120357397e-05
110303,0.011133990491388406,0.0014856097017695218,0.8342712301341633,6.400556925984359e-05
110301,0.02028508109864014,0.004632520090627178,0.8829882046137056,0.00013217931975234882
110305,0.03230053765329624,0.007609975772942218,0.8923460263803583,0.00031311888009621117
050621,0.0005270469848394847,0.0003492151208352955,0.5660481218011616,7.016006162057609e-05
050609,0.0005073820303082436,0.001770355405700202,0.2370473043876692,7.793886794289456e-06
050611,0.003157256322885627,0.0016896376884037662,0.17488716543459987,0.002373635953451497
050615,0.0060838352980059655,0.0009890329460556246,0.2728331256925875,0.0008916545038256047
050614,0.0008565531502449406,0.00043035233345696934,0.36978565096122434,0.0012007174103060118
040310,0.0006350089991135177,0.0012130300111271042,0.9603046025469816,0.00047829203458870723
040302,0.006839203003965622,0.0014089749757855965,0.9648724569401885,0.0019116622654082546
040311,0.0,0.002968209748861547,0.9802335898996987,0.00868549444103268
040305,0.008206117300896949,0.0018014060709553102,0.9335686784514853,0.0017070920549453368
040313,0.0011193860756877718,0.0022740831703449518,0.9686649544444271,0.007006836913141734
040304,0.0002943727710318289,0.0014245108989368416,0.6751503428514737,0.005143611444172081
040307,3.772114688025849e-05,0.004107620867898601,0.877323374871663,0.006451844685874909
040308,2.503043439810258e-05,0.0010568175110848798,0.9350348415838753,0.006156784135833823
040309,7.3796345787277e-06,0.00032224404327110953,0.7832451078726284,1.7219147350364632e-05
050619,0.0035792335367899352,0.0010144415095660981,0.44651466065729595,0.000246337975838519
050617,0.00676561313439554,0.0009618009863355553,0.4149030177543195,0.0006848885605333446
050605,0.012028243184030164,0.0015682208290328217,0.162394740377959,0.0028730500756280687
050705,0.004619369804301388,0.0009378068318620502,0.364960204237201,0.001419252551946539
050702,0.011975276946049043,0.002660067491383723,0.1194812262974266,0.0007096147535193972
050706,0.0421492272481397,0.0022971784323036967,0.1436015682644083,0.008463747788170842
040312,0.00034365577133242176,0.0007597856242755195,0.5255025099538576,5.806644628352103e-06
040303,1.769110128143369e-06,0.0006501998121488798,0.9740505496709746,0.002736829738781853
040203,0.010651347530846282,0.0009128046288318974,0.9675198783553779,0.007618504763130254
040206,0.012489043124012358,0.0008504792495985037,0.9758449037374813,0.0058818419987548875
040601,0.0026141739665185145,0.0009066481882622011,0.750295468670527,2.900473444280309e-06
040204,0.05407858038692921,0.002440264822882459,0.9240822589248909,0.006504174511533542
040201,0.736971026761693,0.16771581966439766,0.030499552249042907,0.016626195733340714
040202,0.5183629879058944,0.042449460903620735,0.3869979359280363,0.020368076791266825
040207,0.004266405346651907,0.0012293280938159932,0.9022622961314887,0.005941476047824745
040208,0.07987046757748265,0.032067841187410955,0.858894768710447,0.00575136183841677
040205,0.043774066672497704,0.0026013697922733082,0.9359938202678684,0.00479469237168672
040413,0.05241297840979701,0.0013073606586651554,0.9359367080867795,0.0030630746637108426
040520,0.06719473322959296,0.00650186781092389,0.8346168950545501,0.00015267957764489981
040121,0.04086310710675014,0.002659873169947377,0.9257311919827863,0.0004647576395369019
040118,0.04315195037372851,0.002191933777463146,0.8417092121774706,0.002615142451277771
040120,0.009674800992083813,0.00241759606866125,0.8333669566773648,0.00012320414737932863
040125,0.015118502698919178,0.0015722022415314374,0.8672983541609431,0.0015229728203655756
040704,7.83301563310747e-05,0.007162718002994495,0.9532430122868321,0.004790035666889689
040706,0.031014287498806515,0.003234551237643145,0.8797223681957332,0.011058787150270921
180303,0.0002959300849704664,0.008902564219887483,0.9193352022661555,0.025000447397582923
180301,0.0012902315775050886,0.03995630909820046,0.8011984627727508,0.010937631466913128
230303,0.014056876408793483,0.0024023363889008123,0.8836496950503832,0.0065205198727368375
230109,0.006878832974514553,0.0029204581069160996,0.9342829496734589,0.003444433690011397
230111,0.12761741997768009,0.005289658587663247,0.5971636889731102,0.020691573207068662
230105,0.012315581250525658,0.0004242637648983423,0.9218968904031137,9.160749344350918e-05
230301,0.00990826726181286,0.0014602068972861847,0.970576175989707,0.0026098932169894683
230302,0.0020018653921597455,0.0028972207598383934,0.8742634995194407,0.0008219160857118783
230203,0.0006102682980665176,0.002064857914283673,0.5528323477774306,0.00044581462751461633
180104,0.002049003002001759,0.01576305438089918,0.792959071479202,0.0
180302,0.0002695304690173342,0.0016452535634930282,0.9891895410627679,3.4408144980936285e-06
180101,0.0005270685086180817,0.002389746420000746,0.9671259100989398,0.0022921294114300237
180208,0.008262594268573457,0.0021693874408633025,0.6551011342304353,0.0012088962890058803
180203,0.0035377478259577865,0.0016568217408021424,0.6348646830802118,8.10440239014234e-05
180201,0.0005530530997495536,0.00391968119067598,0.6615730149972738,0.0003147853403476477
180209,0.0005049529647999535,0.0009897465060454086,0.7661825065263325,0.003217008680126091
180106,0.0006058095894452258,0.0032686161537457755,0.6320324815709609,0.0006127736160107746
180102,0.000721410550486939,0.0013949631212619691,0.5735811113421068,0.024271315064816754
180105,0.0014459324420279687,0.0017100661810650225,0.5284958641547461,0.00287409422721338
180103,0.0023334075970692426,0.004386233419629209,0.2794410411661473,0.00015430989036635293
180202,0.0006246812619837847,0.0009614801889207147,0.45402510917527955,0.0020756784458236025
180204,0.000372879194492866,0.0007697929968488459,0.27952368155375856,0.006247461477516595
180206,0.00043974086166140937,0.001128985273782953,0.34335336310498454,0.004201504096002207
180211,0.00010525654294639728,0.0013747568694649152,0.2497076011767815,0.000460994301254195
180210,0.0008811012003685748,0.001418950742211509,0.35305022299890987,0.001735446488280728
180207,0.0004386138294170916,0.0007479459685700825,0.6205664892999047,0.003362120603564012
040119,8.276218850709387e-06,0.0008696859614086704,0.4866784944205776,0.00927284070137581
040103,0.010754705602695931,0.04893201597150404,0.49536585159845287,0.0028012032554688726
040102,0.005095549464477938,0.11385586242157687,0.345621313456877,0.0003422700176172545
040110,0.0002455788939346129,0.15577329912606844,0.31008478645611814,0.0002448929193705497
040109,3.077328560215716e-05,0.17506511868592511,0.3101742033460093,0.0
040126,0.25606098309380454,0.572893411534044,0.04701341001088352,0.0
040101,0.08298566380577613,0.7295443982688572,0.05526822810006607,0.00206599832599219
040129,0.1390367634860665,0.6495052521571186,0.08646226083206977,0.0
040112,0.04286102480228292,0.4115420714728568,0.30695131438423506,0.0
040116,0.06566905870006244,0.0489863578304026,0.2527286431623385,4.7428381980748715e-05
040111,0.03259509601239436,0.036198198870661946,0.31058295667257135,8.49736015344566e-05
040122,0.10597487072640245,0.20895567494464712,0.3346238994019557,3.44037022161246e-05
040115,0.040360994932380705,0.034888328625201,0.17502886884882204,2.3581505404464885e-05
040105,0.04316173162634867,0.029624229094628377,0.18911197880838496,0.00017128376848629957
040113,0.02106111355851324,0.00245878124213946,0.22313807229860613,2.0232474704794803e-05
040106,0.024969144587505297,0.006019711669669735,0.2535184784175534,0.0003164523510002458
040114,0.01872587590952662,0.00256031326745526,0.569984851053393,0.0024346925140391173
180205,0.0005252856495159538,0.0003082424111398324,0.9741951023276951,0.0008941361168181407
040127,0.0031636631062899974,0.0041905874313143835,0.8984836829716493,0.011879613760537882
040702,0.018324862545737584,0.0012958995991540455,0.9597291197709924,0.00205244984117345
040703,0.228354278598119,0.009892746747123992,0.44774466378196187,0.010084740268480049
040705,0.018977847766817213,0.010359207842083827,0.6408834657614806,0.031136492207831785
040701,0.011662857051642382,0.0070087475859932375,0.9176128679667493,0.0030094903786909368
040108,0.030029023669549713,0.015325955634706548,0.8940350019887379,0.00031227634323225875
040124,0.022994714729013845,0.014408604150750175,0.9097470799110329,0.0037430672524499855
040107,0.172263502915745,0.20536786647898653,0.44709768751256784,6.418660768148e-05
040123,0.1846396008939312,0.05496886053829088,0.5566344263691096,0.04457392285657244
040117,0.465680046681116,0.21849928913482886,0.09660304838612999,0.0004284666786219159
040104,0.06366117319572552,0.18918509340945672,0.4447054472555493,0.00011216616366246221
040128,0.0035704136015589287,0.004965066674834952,0.4881441948035332,0.0003363469452877847
040508,0.0040246412516086235,0.001357033613485319,0.3489828706162674,5.488617183038117e-05
040513,0.007937113973966637,0.0021130687797554833,0.4559904319180853,0.0027495011382298413
040510,0.007405167011930714,0.0011758168586112464,0.4488715440597217,0.002895902195101279
040512,0.0066995443337715885,0.0019167419590065738,0.6390534739870496,0.0002442451361465547
040509,0.03338918645213292,0.0029916505166753134,0.2528642373544297,0.0011768401270152037
040506,0.03259690767812149,0.005368376851483687,0.13621370018361376,0.0034895285543082074
040502,0.005588986009193912,0.0013697161562497857,0.606162076553889,0.0003526659124378349
040519,0.0028584787752716414,0.0015048620523447802,0.3481816000901459,0.005414266643121884
040504,0.0003936173810279461,0.0016502877918176965,0.1398264923095151,0.009194601194694967
040501,0.008929246207044068,0.005260141871160832,0.2691564914055453,0.001541485746884558
040515,0.00029958111825664963,0.0009355729472003412,0.14863175350742475,0.0022293842286302953
040517,4.017670909412993e-05,0.0004803041214742917,0.12232260582460115,0.0021241654967610636
080807,0.0016711645902956762,0.0014153418410721664,0.15350904787170572,0.003724164805360024
040518,0.005877122076244359,0.0015364359120182188,0.2682193158864406,0.001696859161084205
040516,0.00018871481195599786,0.000433421930756083,0.43322231025299013,0.005903256305187139
040505,9.189370141133209e-06,0.0012088458759898512,0.27557348499770135,0.00542507079142777
080803,0.025791701331932593,0.0032089387141194907,0.04927758493175746,0.002306594212067785
080705,0.02685033255432582,0.0033428109182070294,0.02662667845622795,0.0033271001347218317
080708,0.020654548275492207,0.005402756653032267,0.03298436658911714,0.008217184604010242
080703,0.032176596503757156,0.00393713522011255,0.008067160466945408,0.0007761451420346236
081006,0.02962187564655715,0.0021236019733383922,0.012005454824777646,0.0013833275792432052
081002,0.0479584839930449,0.004391668881137748,0.0038115496004319043,0.0010275966240002956
081004,0.023289604609931763,0.004262747452797665,0.0069701377389025125,0.006859100169333513
081008,0.035589379991799425,0.006872438661564184,0.0029931105905908377,0.004363246418321619
080203,0.056898471561751304,0.004920674653120179,0.0037339705406742693,0.003680566160897793
080201,0.06721124907117366,0.007576926034676794,0.0017384961447356427,0.0002511701490441546
080207,0.15183722841421984,0.012171537048058002,0.010727621039478935,0.037085772078235164
080205,0.07545922353505617,0.007005716422374198,0.004299430645795871,0.0017322954271976783
080507,0.02259800544542656,0.004328545079901137,0.004741136762069227,0.0004705212674018262
080501,0.05208395396942558,0.007294266158153452,0.002678433250275504,0.00029771647779028467
080608,0.19145936461017024,0.0127410146569732,0.006968134381468624,0.00012667905113085266
080506,0.17435362863177287,0.02188422009170741,0.0026813869478615198,0.04905488922225513
080508,0.09226229380267278,0.007572913903581283,0.002059266871700869,0.03920821777823217
080204,0.10710983894047468,0.01110587035248612,0.001205717595717033,0.17498534441496452
080202,0.14547335112044013,0.009253461562578853,0.0029572794843551013,0.2260168858381488
081206,0.03796727083169744,0.0037361860302563376,0.08365680939000875,0.0016831926973715718
080603,0.04620056903767955,0.005641944500529821,0.015841638573183,0.0014585204554713102
080607,0.06952629236360669,0.011025249796826642,0.0237822589799754,0.0003114235849874047
080503,0.015752118355161625,0.003661024383127492,0.0061099346409942525,0.001143092029542647
080504,0.021702204621689185,0.006068331197413328,0.00367526341718556,0.010927333854000203
080502,0.01698820339277344,0.002063628127890426,0.014923562944730797,0.0013188574431055148
080801,0.061917176068656696,0.016645946404871464,0.07378792822490221,0.004578823892140553
080806,0.0288308256836425,0.004998604200902502,0.009859808554722425,0.0009345947287724411
080808,0.027420920097280668,0.0019585842726581545,0.02376914664112257,0.0028360691585755616
210803,0.061700578101211906,0.0016932489565118871,0.02123944708059992,0.002053313675720552
210805,0.039197377868146886,0.0016710689585626222,0.019484348194104127,0.001311335852759084
210808,0.013502035390426857,0.0021946967135362447,0.07986906445955877,0.0008342020302558542
080505,0.0196884040051384,0.002535445068685691,0.06490944781614169,0.010727320738885108
080604,0.018164681615988474,0.005103349656165014,0.10698171862027786,0.0038739315909292566
080606,0.013749521337362512,0.0015368167299300778,0.07931414405485344,0.0005263280339635653
080601,0.039547905629482925,0.010709602433765194,0.029065082170557897,0.006137101203815149
080602,0.008267586313821544,0.0015413687773741954,0.10232660776775096,0.005419639641013833
080605,0.003188069847768636,0.0011922682006070772,0.17453542529257518,0.038928027543962775
210806,0.008853687264508667,0.0007413823851936204,0.07046420451470399,0.001054797679758742
210305,0.0007607447246583209,0.0012513042655222476,0.20607741539238073,0.004801166873895165
210301,0.0015799211532429639,0.0036221478563764446,0.08812836423253345,0.014823580723956753
210809,0.16705127010991536,0.0029524057351520538,0.02693572130571544,0.002363612517866819
210801,0.07583896611952112,0.0046857198745771005,0.021337019754534184,0.001942799349012501
210807,0.07981261134685319,0.0014302585330590277,0.013214895885763602,0.027389841126724348
210708,0.17457338755607021,0.0034812109635035168,0.010247302239273913,0.0031456801349223867
210706,0.0006821392350451312,0.0005585885062486916,0.19388997050464346,0.0011512566777616426
210707,0.0,0.0005611154872655716,0.22410028008958147,0.002855377397954857
210710,0.0,0.000747704279598936,0.08206270222510181,0.0007530071468301342
210705,0.0010052710863074474,0.00033464661874176813,0.1794179309581911,0.015766815921413286
210804,0.027158479472334407,0.0035375202489513406,0.027439477060174505,0.01716185954554698
080805,0.014160410403959985,0.0022604920861953206,0.01698378669706244,0.006208128364551976
080804,0.009833013444502325,0.003535819914099697,0.05985907872300323,0.001105893958211688
080802,0.0,0.0015942499768251924,0.25611917035761467,0.03996103359116286
040514,0.0,0.0014571040882248878,0.3086494909562725,0.026028640243148788
211103,0.004995310254015031,0.0014962552731272714,0.08523252868617776,0.01569342604310656
210709,0.0003473661174062991,0.0017030659802706701,0.10095615936862155,0.05465823662279684
210109,0.0625853524715161,0.002925832054375802,0.10791460225283453,0.0012524839212819433
210114,0.020178457349449886,0.0006760383747495301,0.11905495416220734,0.0028514927311970254
210115,0.19083325788464234,0.003639249698470982,0.019327788212728424,0.021568129058717838
210702,0.09935060447499736,0.001929745860412095,0.08875154047379027,0.00326421499286288
211102,0.381095139752593,0.007384631766648211,0.015752123815361185,0.002793301543410372
210104,0.39393959893528785,0.006277509153043108,0.0013377065979252752,0.009816440455818122
211104,0.4919936713786877,0.01612506989450446,0.020804301729443628,0.009169862128777427
210110,0.3697661564158345,0.009646707308807853,0.0015590696124792702,0.006564314083122978
210101,0.021275496222806355,0.03266351089424727,0.01569115730421624,0.0014707149139476024
210106,0.10737503319307427,0.011562653901809324,0.005871577019045512,0.002885223905564388
210112,0.1287903733407454,0.008861255272418971,0.008633216737406295,0.012570034008850506
210103,0.024961294313208027,0.01097518497537587,0.028308391045815885,0.11924847129581308
210105,0.21469955149896539,0.012480817229710839,0.011146668977171944,0.04299478063849849
210108,0.5754863989639389,0.004142944674477508,0.00023830128908581733,4.085164955756868e-05
210107,0.6472571874844246,0.015245879513360991,0.0030597207456467173,0.016674891094976222
210605,0.3441126831528738,0.008377298957164063,0.0181132043800142,0.00024040829033336068
210210,0.7129342147415907,0.0056995727597408145,0.03456638948255317,0.01623873011422774
210607,0.7861295269838652,0.013524636218320686,0.03678561359658777,0.015643597966116016
210601,0.3309404158322729,0.009749337940582236,0.036357860055674346,0.028062597911268954
210604,0.04212620206948983,0.0013552816659450084,0.037406957998675584,0.00041700363658155173
210603,0.16391944268086311,0.00622463001771409,0.02665002874358675,0.001265550687322038
211003,0.031378035885787796,0.0017633450083304114,0.006974224959906801,0.0
210206,0.12303803567706156,0.005751763887685616,0.03066311468239229,0.0002898614649133324
210213,0.34801836669992253,0.0030241963540877295,0.04961658131772957,0.06415662185710416
210203,0.17524123468928998,0.004033735774500673,0.034582682104705505,0.011773447718413897
210205,0.7593103137770104,0.0028322279520134968,0.011402838314020908,0.024208187448206908
211105,0.3477180356048557,0.08009180469991943,0.019579281323825935,0.00969614186241581
211101,0.25956522559672773,0.08685599904740553,0.03231753724203423,0.026944332380315725
210202,0.6849495455007621,0.003108975997001755,0.060839716550959294,0.025718439433869054
210704,0.26366696976283344,0.005065382913217631,0.019219419274152633,0.012171107768645302
210703,0.2601315782851795,0.007566443385354024,0.01582014363144996,0.01575839317977082
210701,0.07208321874731223,0.0029156924030983317,0.028198004951343697,0.0050665840155448075
210214,0.2510118071402922,0.00324252925460876,0.03009071999872055,0.006002861475098515
210207,0.21206105743824713,0.01837561349900535,0.0073193663462596805,0.003155269209129704
210215,0.14659474805789485,0.0031409704388144807,0.030336868981014932,0.0026371249622133028
210204,0.12324305447148487,0.004264645018653144,0.029679004417984805,0.016665370024768915
210201,0.11594459906141454,0.005642909789224284,0.02483521371012141,0.012603827449061961
210212,0.02407468130599026,0.0014860452103958451,0.026145641348525584,0.0011967297209446658
210209,0.0037224465740277836,0.001820402352396146,0.013099359080119511,0.0016868528542563046
210211,0.005440476227967083,0.002964903679930638,0.02085770934127191,0.0008141652668056333
210802,0.0020833719804633543,0.0017059535994360612,0.05596174445716499,0.0028826020133987623
210302,0.0005211659767417651,0.0018520236133888655,0.11019832616952932,0.006751764370468606
210307,0.0004943260502439339,0.0009405753874655382,0.046349877086700214,0.011449195324194398
210306,0.0022941829197673266,0.004045137187738019,0.13579869387020102,0.024886722195885676
210310,0.0018972820577274243,0.001307635255626346,0.12279422860425634,0.0060972787186815425
211001,0.01640071147431185,0.002423339052643648,0.028593752733669247,0.0025891038780982366
210208,0.011929829874991802,0.0016553425582808586,0.025838598231176152,0.0018542139126191647
211004,0.018318791265527906,0.0026896419071030225,0.07600961256827199,0.001839316622092372
211002,7.177061293077976e-06,0.0035616096303553446,0.21464529737008306,0.04405326661499629
211206,0.0003204704945489336,0.0010069747242789407,0.09021073158966006,0.0026335339520520773
211202,0.0014297195110307087,0.0050080125913267715,0.1735184246379083,0.030172989504022887
211204,0.0013384644388873676,0.0014174136444733165,0.06434981624743401,0.0070262776940709
211205,0.00016459748111066796,0.0012367717762880777,0.003291650497187907,0.002468537144255429
211209,2.0409136915482848e-05,0.00044641485435010684,0.0038977849896175394,0.0018397486324658967
211201,0.0009607656029889199,0.001226403637923841,0.0037698257574642767,0.0007266857755028369
211208,4.03325719492751e-06,0.00041665919327833496,0.0015245817641458537,0.00016844252826240394
211207,2.606908330931031e-05,0.0011557293600460905,0.0008755633882454437,5.9549964814404925e-05
211005,0.0002731455830521375,0.0014220077908339607,0.11189273447495861,0.006515508942817937
210602,3.5745998377576314e-05,0.0011197525821679674,0.025063098936865674,0.0018779543999994928
210608,0.06686279143282653,0.0036369452905040543,0.06031719364739803,0.00411292255616378
210606,0.053625813591123,0.0014639075198526026,0.02429616387771492,0.0031498155454298257
210901,0.03431800509071083,0.00397433124385163,0.025883319364972755,0.004833182528560571
210903,0.013420547120758802,0.0014097246645507358,0.012978789199230198,1.4883970817277754e-05
210904,0.036606314983411596,0.008340054795114318,0.04188723476112475,0.005449386760676834
210902,0.009192864866461361,0.007686338110458315,0.036787255167788205,0.028550450864478213
211307,0.12857774639444092,0.03161794587477685,0.006728415834119458,0.030759194796740823
211306,0.036114030759990576,0.04727900641369401,0.03725841395139321,0.0
211305,0.17855982546096147,0.01761931441405846,0.002037220093945282,0.035459547106403234
211304,0.15986114548538513,0.017720011444439163,0.05169890827305398,2.194102603258855e-05
211301,0.28274165199316015,0.029407496822379888,0.026004817359870654,0.006522559059539474
211303,0.20379728437265868,0.014078411339574343,0.06263963098427196,4.592704827581161e-05
210407,0.31471136786983095,0.005641542218965555,0.015057541127542158,0.00029188782428191167
211302,0.014789865893031611,0.0009572118528100159,0.002242242025906194,0.8937380718940415
210404,0.16155072444459806,0.002863229200526904,0.023281866997898627,0.003525817095471968
210402,0.22795746875892942,0.01366900883255321,0.02190475960072779,0.0070788184344694905
210403,0.023607816211862122,0.0021425489061406965,0.044464184847831614,0.00021083704335660052
210405,0.002394043185035039,0.001158227099298762,0.12259998345570895,0.00019565688740000517
210401,0.0636795934606126,0.006661441654358715,0.02230655137000733,0.0029253867713123407
210406,0.161778607337027,0.008294028480713195,0.01999082457137271,0.002677772370324709
210503,0.7190491371084246,0.017245355133424022,0.003974240167544744,0.016051861259321783
210501,0.33943426625141543,0.011551944301857254,0.03293338827887138,0.005141231830425504
210505,0.0008559001319985092,0.001222191468134172,0.0751938049739687,0.0017968359475269864
210102,0.0859093894164155,0.002795447575596722,0.11438392310021189,0.0026238677592092005
210111,0.009260398064451902,0.0015176348268009484,0.1810776673070166,0.0018329495148456543
210113,4.315041380201671e-05,0.00048226933072842204,0.2880230696147269,0.0005685701583324554
230201,0.0017953942304551303,0.0016376164940631586,0.5795130885016835,0.009059690305880778
210504,5.8891129728991156e-05,0.0012355447841623061,0.33069782449472496,0.012343379189566154
210502,1.0651901650744637e-05,0.001136826211952805,0.2789160088911214,0.0003397105117104146
230401,0.002671519589297251,0.0025925105499845715,0.41574438306345385,0.0021453594161798878
230407,0.0007976812082377644,0.0016455859885432834,0.47117329024622157,0.00010233014222778488
230408,0.0013657123291731877,0.001318894790802185,0.5163873058330619,0.006032906313426767
230406,0.00020129260779435065,0.000905784231077933,0.4434100403508329,0.03347023830983081
230202,0.002746781906806601,0.0035300355364717233,0.3992825710038363,0.00010279699982492836
230205,0.006017679254980966,0.0027506551933485753,0.4556875949538863,4.5245708684067415e-05
230206,0.04297744288964245,0.011267910424770768,0.508160518882917,0.029671312538242844
230204,0.004717465138471325,0.002285623403141898,0.7173355187114195,0.04496689037518205
230402,4.317066229783723e-05,0.0003445188148082304,0.7436234793301275,1.1360700604694007e-05
230405,0.0027093544820961523,0.003098889922640397,0.5577169027829966,0.00010357824540019022
230404,0.00031967422602189374,0.0016204239391752414,0.6560842922416296,5.833471277771783e-06
230403,0.00014376653323729336,0.0029887207577759508,0.6082513736856716,3.6096381212265735e-05
230106,0.0016088154429246516,0.0017344614800916707,0.7583803038033462,0.0001252046899453567
230104,0.0,0.015560889661479803,0.9783870795901126,4.105523834398171e-05
230102,0.0,0.009028559669278347,0.9665217293888824,7.959412466326339e-06
230110,0.006040396392363163,0.06594373090336333,0.9133816099643126,0.00035200925754766746
230101,0.0025404540477606554,0.009939640335201285,0.941159114526502,0.0002935631993713564
230103,0.01888795418930613,0.00898543424899648,0.912869545054419,0.0038280475093742856
230108,0.003195130647492734,0.011937125176447351,0.9642490666747223,5.358219930862522e-05
230107,5.5959454742807724e-05,0.0019174307931174293,0.5123370477714048,0.003143703992968933
