ubigeo,n_edificios,area_construida_m2,confianza_media,area_distrito_km2,densidad_edificios_km2
010101,16298,1306565.4304802003,0.7831852498676517,153.79560211475933,105.97182088366054
010102,302,21432.99950838089,0.7882311249410869,35.00258068893869,8.62793525665484
010103,1499,97138.84756755829,0.7867907942574052,318.26842092935345,4.70986092689584
010104,772,53120.837924957275,0.7735716308336802,70.59641220672621,10.935399914366274
010105,732,42724.67749500275,0.7987218574910867,142.19482433679335,5.147866692153525
010106,1324,102811.0364484787,0.7908623860951997,184.500393309975,7.176136463707029
010107,432,38722.75330209732,0.807308103337332,171.84092525947565,2.5139529442575475
010108,585,41305.39519357681,0.7940099137461084,46.40689589174544,12.605885154754684
010109,2729,177920.52878284454,0.7979783074634772,124.53993660563086,21.91264966387186
010110,2319,177727.54661941528,0.7851434670783878,382.12892139605316,6.068632522050062
010111,773,48712.329281806946,0.7969899095816569,75.11933706223608,10.290293155270692
010112,1682,106895.69666671753,0.7811126637047735,135.9238667347826,12.37457438789578
010113,1644,155613.7299261093,0.7929630175124119,79.16568117988972,20.766574297065755
010114,2792,212444.8895125389,0.7915261101116423,341.6644535889091,8.171760248021986
010115,613,61474.583647727966,0.7917314831039839,123.49292106425354,4.963847277375966
010116,296,24627.712874889374,0.8110206096961692,107.21086030039017,2.7609143250100643
010117,752,54125.05872821808,0.8055878997324629,82.7994241912447,9.082188763331006
010118,1105,82520.30610322952,0.7819345698637121,40.55677319420609,27.245757316754666
010119,692,33163.004376888275,0.7871926301132047,108.37656657812917,6.385144149230212
010120,528,37538.18508434296,0.778993750611941,75.05367743322965,7.034965081754017
010121,504,30336.939468860626,0.7835940480941818,120.63401404349767,4.177926134649469
010201,18890,1626678.2637535618,0.7939576335562922,133.54887578379487,141.4463423157633
010202,5709,471150.67878723145,0.7945858817172355,775.0165071995133,7.36629471368192
010203,2289,183962.9456396103,0.7856465263781249,99.36789130043067,23.03561009541197
010204,1055,77805.87689685822,0.796128624762404,18.24462737928108,57.82524236138013
010205,5720,341313.1767752365,0.7798349650381329,4605.11582172457,1.242096881258877
010206,3477,301800.8635456871,0.7849802698491118,138.6675671849073,25.074356394841544
010301,1384,99712.13728761673,0.7627336705006615,159.29756120506283,8.68814305460951
010302,345,27144.431270599365,0.7763698550238125,162.47486365896827,2.1234053824113284
010303,634,42657.06430387497,0.7677881706400248,31.94166147278527,19.84868572162962
010304,274,15200.963623046875,0.7658302910136481,64.4485311431688,4.251454534957894
010305,1900,121861.37375092506,0.7836011578848487,96.84655543085664,19.61866368449728
010306,5329,359321.1120669842,0.7978048982707929,222.95812938587332,23.90134871815823
010307,3835,303073.02643203735,0.7845983311747634,76.06520559078496,50.41726989645575
010308,228,17678.02326440811,0.780564472079277,28.164912056973343,8.095178835949874
010309,686,52506.23712205887,0.7921215751949622,112.90315065143562,6.076004044545033
010310,1813,126863.58671267546,0.7868911195577211,125.87249543451571,14.403464344942622
010311,1284,81221.56123256683,0.7875275708433253,78.34138393431586,16.38980492196245
010312,4858,316188.09038645326,0.803065912021242,1686.6822291046724,2.880210579190564
010401,9872,684841.5040392876,0.8037108794349809,4200.773584083927,2.350043343779218
010402,5816,363466.3553366661,0.799133287560825,5633.70844465879,1.0323572930924456
010403,3491,208686.84627628326,0.8008559437714617,8110.330618158637,0.4304386793041236
010501,2640,227841.47126907195,0.7873046971631773,73.41009804343433,35.962354912508076
010502,6054,415805.1965317726,0.7894633798403121,219.65609283950474,27.561265985111792
010503,1668,110638.79490756989,0.8038304558189081,342.44336560244295,4.870878421211559
010504,2643,164047.83975958824,0.8003345443090164,108.04974694443564,24.46095502064579
010505,289,16071.110511302948,0.7893993076981145,249.66023361307128,1.1575732178793774
010506,1496,79660.64796590805,0.7868519384354193,118.99333756759842,12.572132445231597
010507,1057,65798.62510633469,0.8077468312113716,58.902236220329485,17.944989321732876
010508,3083,179955.4448428154,0.7913626664612071,69.79296100589703,44.17350912708099
010509,5772,441902.6378218476,0.7952335069700818,83.34497433149943,69.25432572625472
010510,470,35668.938889980316,0.7933427654682321,68.00991680704044,6.910756872905706
010511,626,38617.59467124939,0.8000992018574724,88.05990836075354,7.108796859468401
010512,1800,133812.59347248077,0.7920083333386315,172.61995323331223,10.427531500759528
010513,4372,298834.36838436127,0.7947578453352335,365.2988333356168,11.968283501149983
010514,1734,132114.65075540543,0.8144803922687848,291.9557959489335,5.939255271038692
010515,599,38974.80691242218,0.8002719542817003,116.90705640406271,5.123728356735734
010516,411,31669.980513095856,0.8024459852499394,35.68541584200961,11.517310091596643
010517,1353,107232.82954835892,0.7920022916106586,182.49715222516653,7.4138143171168895
010518,1961,152929.08549769747,0.784576950177801,208.6903054378111,9.39669907466962
010519,1190,77623.037129879,0.7962170586365611,86.66440419249638,13.731127688327582
010520,837,52838.0848736763,0.7797241352649857,165.3670851309098,5.061466732254513
010521,1709,154778.2621665001,0.8000947335716435,90.32232262412262,18.921125479822116
010522,2572,163050.94866538048,0.7790147357418971,109.44783746846083,23.499779068190026
010523,960,101521.02710461617,0.7979084378108382,14.04390250390416,68.35706811074223
010601,3228,368427.6099196175,0.7844822798962929,102.58619065382243,31.466223469520386
010602,1210,85897.07706737518,0.7795661153379551,154.40612812087093,7.836476535781001
010603,1024,78117.29402399063,0.7773685542633757,181.48296045031603,5.642402997279389
010604,2548,250286.08043043822,0.7826832025494643,77.94942085017809,32.68786313239399
010605,1135,91431.85511231422,0.7887241407112928,617.147926479489,1.8391052635866254
010606,1227,118257.28069543839,0.7831927459708248,82.55798926035968,14.862280573845633
010607,1551,133469.04075050354,0.788245002966708,203.34905834244685,7.627278988369163
010608,648,46860.81762313843,0.7767100304733088,43.12711135727253,15.025351330207458
010609,1789,137094.26073646545,0.780847177250949,226.0570325289608,7.913932072742776
010610,435,36070.063195705414,0.7887549427734024,20.30667739769547,21.421525121060256
010611,451,37618.500338077545,0.7905811531316415,19.529774280480925,23.092944829923248
010612,409,21984.454152584076,0.8066863080983057,864.9969785883206,0.47283402153321974
010701,37856,3245112.3846431505,0.7997161348288153,730.6154210606622,51.81385296390679
010702,19574,1527914.9309355943,0.7995321904996618,1806.6398059020653,10.834478425668582
010703,7213,522964.6256556343,0.7885754885363476,302.19334231703635,23.86882498699364
010704,6058,452845.97207164764,0.7969244137952414,308.32915822242046,19.64783361692286
010705,4941,383563.908241272,0.7939247520219409,351.9059648549711,14.040682720556626
010706,6339,510274.68557310104,0.7906804388583807,365.734077816946,17.332265119611687
010707,1767,141266.45541000366,0.7889112055672719,135.874677924133,13.004630641970111
020101,33903,2414800.7390246573,0.7680488718567606,424.4181882023747,79.88111947698641
020102,1782,91983.8790345192,0.7717005612472894,138.83615656432514,12.835273203305432
020103,578,35744.94337320328,0.7776425598401925,52.23101712829989,11.066221409784248
020104,2453,148314.9670996666,0.7783099055727598,209.71715158951548,11.696706642293698
020105,53275,3497918.626615078,0.769582303061501,346.95777972588365,153.54894201274368
020106,6333,362140.6105975113,0.7712333331397222,62.52131586185906,101.293453483813
020107,1057,61140.24776887894,0.767982970461489,148.98721132555065,7.094568658583444
020108,4140,216227.98448824883,0.7709802893192872,231.72668452602056,17.865875086712855
020109,2273,128414.32785320282,0.7770195339830552,353.11808595790245,6.436940191930525
020110,4161,241722.67732930183,0.7794521026415367,168.81972896275565,24.647593178626554
020111,3603,185801.441511631,0.7787053561561346,262.3386442157866,13.734156516553288
020112,7392,475755.7663530384,0.7727019210946766,117.63125010297999,62.840444129673806
020201,2925,184975.78557109833,0.7644090252656203,163.0855493900086,17.935372023704264
020202,1964,100288.77370262146,0.7759856929179364,260.0887810570149,7.551267655675872
020203,454,25497.346158504486,0.7785339213677965,40.0810441684276,11.327050215862942
020204,2897,161951.7484986782,0.7819886783052404,157.34038829872188,18.41230996900707
020205,1015,66342.07553482056,0.7848377339945638,77.73229456908236,13.057635898010803
020301,3346,277304.68838178937,0.7696707710418884,95.74120816890691,34.94837869704942
020302,1960,145172.58085036278,0.7841928575111895,65.74552528879902,29.81191482447434
020303,1857,126575.90431642532,0.7746523429324181,72.28721703116334,25.68918926840743
020304,2548,186223.59622335434,0.7787635787222037,50.733480444659904,50.22324464372909
020305,4511,279150.4670982361,0.7928853025063262,172.77709558097683,26.108784760106083
020306,1362,97567.68935108185,0.7876172540558942,102.36464405531099,13.305375235457923
020401,5833,397132.70264557266,0.7800185156076989,453.0884037399152,12.87386733329043
020402,4751,276647.134963274,0.7809274887140363,76.86043428316506,61.813337958729484
020501,3958,276271.7064148525,0.782739236747574,186.56773025007075,21.214815631271254
020502,328,21824.89620603485,0.7804243900790447,11.955308815899084,27.43551045405038
020503,1083,73116.12044763565,0.783915512779743,122.41358381968881,8.847057378821809
020504,3647,212757.03992509842,0.7820194954574027,438.62860314874933,8.314551248640791
020505,1863,126987.50641393661,0.7786536760952162,185.94138800359445,10.019286292323397
020506,308,18684.027318954468,0.7664389606420096,20.817392179765058,14.79532101525101
020507,2419,157426.3038830757,0.7715358823081983,306.2704804005056,7.898247316674815
020508,7475,482089.7725192913,0.7850957995114917,821.3085075387303,9.101330293534678
020509,2504,145340.56841421127,0.7889225632904436,391.35580923568034,6.39826965872903
020510,1075,60049.31790781021,0.7819857666104338,117.95108093370118,9.11394784592304
020511,348,19078.62834405899,0.7784321845948011,62.725593613074636,5.547974597843618
020512,941,51445.004811286926,0.7813267789535644,126.54575019902403,7.43604584523817
020513,1148,71978.95278596878,0.7915887630151954,211.48525124277336,5.428274516799092
020514,521,30543.861028194427,0.7776032642759884,42.891027367910276,12.147062730182954
020515,899,53988.089396476746,0.7835460504117081,92.9358185418137,9.673342464784144
020601,16033,1320555.0689530177,0.7673734918265545,196.1410174927096,81.74220876872903
020602,3865,358864.98571231164,0.7654487454413134,14.632911151405542,264.1306271875199
020603,1659,95717.04258475266,0.7723503917222141,13.262349636398808,125.09095639032455
020604,3615,203577.60679340363,0.7682371233508795,43.38792731333859,83.31810768219513
020605,1876,102240.67919778824,0.7704824098963727,46.553428120932175,40.29778419597159
020606,10798,1254593.2185654968,0.776449981365497,177.72338844469704,60.757338099931964
020607,1866,120540.76821041107,0.770854448071119,11.97426563217804,155.83419119963074
020608,3373,167983.1728113983,0.7733690192640764,123.43553121674717,27.326005460106668
020609,3776,190693.57653570175,0.7655560645764157,128.32264535880623,29.42582729214964
020610,3854,264082.2895014698,0.7690676952435306,15.813801289914865,243.7111690822788
020611,3798,235172.98808326112,0.7715276989452208,45.45819176796974,83.54929776762714
020701,12667,739066.4070009895,0.7836585297734734,248.45891462796186,50.982272135283814
020702,3599,230594.98573732376,0.7898328422539497,205.77463444141878,17.490007987474208
020703,6418,380004.2874581814,0.7804933466637161,175.3627702306676,36.59841819080487
020801,28778,2226278.7831114,0.7564016992623782,1212.7001238002836,23.73051625476652
020802,5437,374554.0132566589,0.7679180611423081,482.42544023912865,11.270135333876645
020803,4236,331689.9006757736,0.7584440983670067,219.40365323149322,19.306879979480506
020804,7733,512405.8273061783,0.7710183113447279,366.834475708673,21.0803523443671
020901,1678,132509.03661320495,0.7899703820712234,152.29652169991712,11.01797980197018
020902,447,33065.377945423126,0.7948069337763776,57.70474469075553,7.746330087681866
020903,444,27515.96782398224,0.7869067562592996,154.4510002391607,2.874698119872874
020904,2396,151488.82574700698,0.7930590149904532,427.71572828625693,5.601851513855088
020905,1326,92196.43171215057,0.7850484909604937,95.06842645436342,13.947848401977414
020906,580,40940.042543411255,0.7933979314976725,46.997647308761294,12.34104329073248
020907,450,32341.020137310028,0.7855742224057516,85.26111568665515,5.277904193205776
021001,9887,755277.3408885181,0.7895444723934499,401.31685914483495,24.63639335030226
021002,1632,121526.52742052078,0.7923611516826877,81.00033587865815,20.148064601174042
021003,3675,212632.44313430786,0.7866278369410509,166.1338585194707,22.12071658811978
021004,11154,683131.5292787796,0.7865962168852745,421.1046089531624,26.48748021953046
021005,1956,121167.41714477539,0.7901151328060037,89.40261448256875,21.8785547975375
021006,1200,101253.91720819473,0.805295834094286,76.58403323228133,15.669062457971746
021007,3745,215945.41008758545,0.7837211484902691,152.69873947383277,24.525415290947848
021008,4060,249272.7607281208,0.7844890640874215,162.42349225539024,24.996384104438338
021009,2282,140937.48647594452,0.7789141104265225,75.53289461086527,30.212002489200756
021010,1525,132158.02487786408,0.8056710825591791,139.55343438197474,10.927713866402524
021011,2320,145667.8172003494,0.7876565515481192,119.49776912011319,19.414588381713234
021012,666,54262.67015040283,0.7828477484148901,9.587047479424657,69.4687286601368
021013,1135,91667.19950056076,0.789684316082673,146.11621194363957,7.767789657986726
021014,19874,1234607.0475628243,0.7806638068442399,563.8108613183001,35.24940962210394
021015,2729,161901.076274395,0.7865183950344168,144.5505177075293,18.879212909646
021016,1936,154363.67014312744,0.791113222679816,52.099479386717064,37.159680342095506
021101,20714,2411112.085901785,0.761679274745,2920.6641613282004,7.092222472637904
021102,847,52407.64205741882,0.7839623381424401,98.91698064174763,8.56273608944475
021103,3897,320343.23966447293,0.7642937639232534,632.8848349435996,6.157518374329963
021104,994,65840.72563743591,0.7790206242015424,113.55867091940081,8.753184516447005
021105,871,64357.830760002136,0.7802219289589147,168.38844762392182,5.172563868189393
021201,24109,1845656.741492848,0.7769060225942449,244.81286007712703,98.47930371143323
021202,1325,109339.18570423126,0.780654565478271,195.94628532609335,6.76205725357303
021203,1881,122330.6844162941,0.7692785751686522,69.72971269236122,26.975587986411718
021204,2424,178810.62095069885,0.7660016087513946,54.228816772527075,44.69948164585486
021205,2573,175367.2170635948,0.7780046636290092,106.26997850659166,24.21191794858981
021206,7847,443113.4925851822,0.7837809099579246,502.1762804027205,15.625986941691261
021207,9538,1862360.8645822364,0.7765888864825571,127.74100291447674,74.66670671425479
021208,5938,317345.26720318146,0.7758822333796653,360.8630310460524,16.45499674152603
021209,2447,154973.68957042694,0.7678653046604463,84.7421179516241,28.875841897141335
021210,1934,116615.82743664322,0.7799228542901367,549.5122232206373,3.519484950971637
021301,2343,210487.44313573837,0.8064509175091384,45.9822614548792,50.954431684468254
021302,3996,212392.61106348038,0.7911529026709281,76.29695201677482,52.37430715608967
021303,1082,61302.61552071571,0.7886248625911317,98.86875066368476,10.943801683916966
021304,1514,88456.89914035797,0.8000941875746259,214.43862947096045,7.060295077128479
021305,1353,86243.95324778557,0.8077699932801838,49.29434500153453,27.44736744058332
021306,6893,316124.9040632248,0.7805156971501038,139.68344827306905,49.34729264790759
021307,2799,178203.91822099686,0.7905653809683372,75.58723402717166,37.03006249697974
021308,725,53983.79276943207,0.8147587602714013,39.03303309478252,18.574011356983416
021401,1493,104584.70992088318,0.7786841254384423,227.15040561454165,6.572737547884975
021402,735,42564.95080089569,0.7779623137039392,255.87973127784383,2.8724432229526977
021403,341,21389.030210018158,0.780404399566986,78.93880472270945,4.319801917419959
021404,616,27490.915663719177,0.7650728906903949,106.99919588586076,5.7570526105364905
021405,2278,209076.03117589685,0.7627027219486823,412.7582766349595,5.518968677191777
021406,1011,60556.804329395294,0.7892441148809816,109.4349614365484,9.23836392619546
021407,394,27783.200815677643,0.7833365472742748,31.60105595502701,12.467937798050812
021408,542,31933.475610256195,0.7783983392689061,70.89514278122914,7.645093566882624
021409,726,43049.291617393494,0.7711327823889814,536.4662595914974,1.3533003931185286
021410,725,42727.570662498474,0.7913038609767782,89.06160260043808,8.140432900726108
021501,3293,223408.72620987892,0.7854158518490297,145.28128822069104,22.66637390355277
021502,1510,108490.33661079407,0.7854020530814366,82.16592606573265,18.377447590525563
021503,4025,343905.4502720833,0.797281018917605,581.9528970495466,6.916367321833811
021504,658,51412.80809926987,0.7918448334044599,13.618670966138652,48.31602155864149
021505,973,76271.54125022888,0.7792272358244516,116.00006477718355,8.387926350463406
021506,631,57665.314269542694,0.7902304275100092,63.78460169804774,9.892669754169102
021507,552,39592.25894021988,0.7840306154195813,29.349151513183156,18.808039467582248
021508,2260,198119.98739679565,0.7996671241205351,110.76146216297006,20.40420879127367
021509,2872,259098.8765569557,0.7887154949782287,441.7669769155384,6.501164980806383
021510,1996,124459.4204711914,0.7790573153921024,291.2534520540153,6.8531376569910165
021511,3518,263783.95827770233,0.7776446843974085,199.6186173473198,17.623606689344875
021601,14387,861488.313083075,0.7867521443202612,345.5056872759997,41.64041441236033
021602,3661,208254.96954631805,0.7910892380550565,89.13469843079778,41.07266939195761
021603,7131,372187.8405201435,0.7862365169004243,340.2234195032925,20.959756416565526
021604,1993,117000.04700422287,0.8008829400997574,150.26968660407678,13.262821298423672
021701,6308,448625.5904801964,0.7766658215391992,149.94233612283136,42.06950593882001
021702,5771,346916.8870795662,0.7745541150308403,1028.7302351410583,5.609828313453514
021703,488,35719.7887468338,0.7818954915541118,175.7488437069872,2.7766896766251596
021704,862,50106.56120443344,0.7754563802632821,111.44120203839744,7.735020658723648
021705,923,63416.34938573837,0.7876312033326758,96.30311212945593,9.58432162357591
021706,1387,84542.7171702385,0.7756845714724485,183.28814649991108,7.5673196902598
021707,927,45896.9012928009,0.7772007551779639,105.15160943035156,8.81584223980908
021708,602,40366.571435928345,0.8069913617994302,260.0316029765109,2.3151032147980093
021709,551,32327.340494155884,0.7804803985649358,78.54431938894975,7.015147680782109
021710,3589,256912.252394487,0.7788307047813641,146.7194072077923,24.46165826526995
021801,128483,9279694.78735696,0.7622473611491192,1451.1056285153613,88.54145244509324
021802,4820,340788.68251395226,0.766805145305222,530.3667954645399,9.088050083863637
021803,9650,734000.9718783589,0.7535990050913757,8.502584556836295,1134.9490187946622
021804,3480,262909.3023147583,0.7838140517987054,589.3527508944679,5.904782822712478
021805,8979,598910.3071914585,0.7703164607196837,358.404435253117,25.05270336194008
021806,13119,1168919.7094674713,0.7648282339364093,458.7731516417753,28.595832064391885
021807,5406,403718.9452670551,0.7657889750680348,149.95353707150292,36.05116695194883
021808,12082,959039.9917562994,0.7609714367663578,41.01960834193161,294.54206142795806
021809,119111,7758237.307248565,0.770185749410453,402.4770640112913,295.9448143774434
021901,4051,292362.7765315407,0.7773901506636767,46.209510503891664,87.66593620719773
021902,1124,72083.29304504395,0.7942741988392487,150.96118533563987,7.445622512177234
021903,649,39783.78655862808,0.7840984583084682,89.48418127427301,7.252678526618979
021904,3693,209468.30713701248,0.7711588954525268,69.87810215348297,52.84917429337952
021905,851,63959.98018217087,0.7838249114089231,174.18227308587734,4.885686613932465
021906,4135,238707.15390396118,0.7808185487589208,277.7594993349017,14.886979598902306
021907,2042,159443.4646706581,0.7895090596332606,148.89787123842913,13.71409801238971
021908,2378,137323.3799123764,0.7953192599687985,209.64996726490267,11.342715818291945
021909,7644,393731.681630373,0.7770950157314243,212.19620767649693,36.023263957919724
021910,2002,119642.6710999012,0.7861401599782568,82.79797057881424,24.179336594902697
022001,21771,1423052.6703478077,0.7741701067668504,274.356949773886,79.35282856126949
022002,2129,96638.66094708443,0.7707195865990355,137.4999840669736,15.483638157827022
022003,9409,616251.4994350281,0.7740897013082149,63.18664731173748,148.90804308036445
022004,1969,393064.1918121719,0.7713643977822477,47.21529268822947,41.702590154457766
022005,9026,485003.59677505493,0.7802306449244246,372.27992105582155,24.245196932462537
022006,4072,251561.68080800705,0.771289562605219,21.764008788837085,187.09788437912036
022007,2849,142260.47324371338,0.77237356964351,167.2030746666703,17.039160348454466
022008,7143,431923.64352846146,0.7841282237582425,285.00470283150287,25.06274433030321
030101,45016,2868722.343370779,0.7801158564717706,287.623635752679,156.51008611374425
030102,1155,67956.58444404602,0.7847013853329085,177.50448621336423,6.506877795819003
030103,3803,215224.59865403175,0.7725696558078402,636.6019171495548,5.9739059804096915
030104,16137,1046422.6277043655,0.7738244099348697,862.9310422418396,18.700219612075962
030105,3081,181167.1389966011,0.7927055506882672,428.71284791124253,7.186628567375865
030106,4210,213364.62478546827,0.7750794298858371,527.5511917099093,7.980268201753967
030107,5276,297564.76217985153,0.774956310977079,375.16186055193754,14.063263233202749
030108,2625,166623.84727287292,0.7836509710493542,118.37742095096318,22.174836881159823
030109,10064,624097.1104574311,0.7854548591486695,54.773162389139664,183.7396192043765
030201,34252,2270040.511873032,0.782804653741107,197.99406899538505,172.99508098294785
030202,6773,349554.9958307743,0.7774945077561002,186.33704089837317,36.34811397318445
030203,1488,74101.87431526184,0.7755557124813398,147.27516392096493,10.103536539253378
030204,7491,457964.6399550438,0.7782576290537241,156.8799129173871,47.74989901954343
030205,4924,265524.4746368248,0.779877294669008,111.55410220014836,44.14001729103111
030206,1465,70238.86562395096,0.7822939244960355,95.67260892973684,15.312637717195674
030207,7309,400572.9606815712,0.7811839512278825,310.201712835649,23.56208782081243
030208,5459,308251.1512075966,0.7782575381197407,260.3459423068994,20.968254590904493
030209,11161,626200.5008485317,0.7679552552616945,171.30489207275778,65.15283868985846
030210,4765,225386.767598629,0.7742333686239197,592.8254023634108,8.03777972570579
030211,1478,73844.20111989975,0.7783387688887136,123.31262742283356,11.985796028268892
030212,2860,169761.8675584793,0.7923372025673207,179.22590826702847,15.957514332910447
030213,20812,1303267.9092976796,0.7821769748894773,249.54191761991734,83.40081778043881
030214,2283,118681.56094408035,0.775791984611157,85.24391263820974,26.78197104454199
030215,11585,669833.3497875618,0.7799146311675159,156.67570634622282,73.94254201988025
030216,22576,1322475.829545213,0.7789135098742476,158.61104495972765,142.33561102716516
030217,4435,189652.20292520523,0.7783914093234762,455.1031805881112,9.745042858783872
030218,4371,241536.41229367256,0.7846327159094391,124.22716720704744,35.1855403151464
030219,2773,144870.86773633957,0.7784716913384563,112.51128740874657,24.646416051803424
030220,5926,321716.86020125047,0.7861058725382966,175.88884590144423,33.69173280789229
030301,4031,221484.7670567257,0.7806410072045598,604.7194352085844,6.665901185414351
030302,798,35671.49506855011,0.7886870939630016,66.84982283421154,11.93720441083368
030303,1982,113461.41065201035,0.7775076686674363,352.0283140237502,5.630228936261873
030304,2797,154619.45612411195,0.7948249191908825,634.6610828023483,4.4070765890510195
030305,3237,138471.2020509655,0.7686423230104915,1174.8810940824874,2.7551724308985546
030306,1132,60453.649310448076,0.7846756191009346,230.0740407487845,4.9201552522651575
030307,1117,65233.33493280411,0.7876245296737822,177.1788677018673,6.304363576132211
030401,4931,320799.1024626049,0.7794399917355369,340.2725743580376,14.491323637536421
030402,529,32647.39402961731,0.7892020795430938,83.59553976498141,6.328088812958424
030403,678,40239.82302188873,0.7712712387243906,231.1125931373749,2.933635033885809
030404,2013,118104.4603881836,0.790583855023268,204.81517601315815,9.82837326405284
030405,1235,64541.01989507675,0.7855548982678154,92.11077628500408,13.407768882315477
030406,5455,297534.79022455215,0.7790553253249878,1741.6154083684596,3.1321495973156486
030407,487,30862.600408554077,0.7975591377066391,73.05135162570431,6.66654331729902
030408,1080,54553.24518370628,0.7858703702688217,101.3668142417427,10.654374492073735
030409,2594,136709.34192204475,0.7774653429468503,104.1509806133897,24.90615052035827
030410,1532,76719.67148685455,0.7918868148529187,87.89532219732878,17.42982404183688
030411,923,66421.56469726562,0.7932456117022464,96.56703166265982,9.558127490387616
030412,1970,107089.18002605438,0.784472893367564,366.5831503412644,5.373951307271111
030413,840,57124.12376832962,0.792185832914852,44.54874916687876,18.855748269235935
030414,2575,124942.90591573715,0.7882457085257595,158.7712408716441,16.218302419653664
030415,4340,253162.23571538925,0.7864386869603038,142.92228977364357,30.366152171740136
030416,2617,145540.1952084465,0.7876672908737772,169.24013311900072,15.463235296322202
030417,1826,97568.93870210648,0.7885300109381221,104.75018234077534,17.431950562717123
030501,15999,761782.8645305221,0.7879313019351875,716.7485983830841,22.321634163069458
030502,4929,249990.6500224575,0.7837539257420854,328.17815297544183,15.019281312028244
030503,10567,499063.3591074089,0.785427566998118,420.53703732451146,25.12739440794099
030504,18394,733536.7671642303,0.78458225518397,485.84126520999183,37.860102295035986
030505,8996,408687.60878631286,0.7919233325072107,222.74396717044527,40.387176875215644
030506,26678,1529461.1204387578,0.7936815505121072,455.1718978261369,58.610824014865386
030601,7529,416819.2185180187,0.7793108647777544,135.98223894582296,55.36752489418599
030602,12178,716281.0264274362,0.7774803579333264,91.35354733935493,133.3062629167739
030603,2739,139603.47545838356,0.7829722160621035,108.598332448376,25.221381749135315
030604,8128,442839.82739019394,0.7883664247337875,307.874634979663,26.400356107728406
030605,8320,440244.6451086998,0.7870446033919087,217.74425008278953,38.209964198074644
030606,3718,211704.20886278152,0.7872978748013217,115.12173525605135,32.29624702694502
030607,3179,173093.91362953186,0.7800279015563276,147.4133883326249,21.565205412868444
030608,5518,301522.631575346,0.7805975899073299,100.38161578943283,54.970224942134074
030609,3129,163566.02759313583,0.7875811119702877,55.617755494081905,56.25901247188852
030610,1121,62711.950892448425,0.782487509933356,59.955060754257275,18.697337404005555
030611,1210,66845.2237033844,0.784581652948679,144.69090070052047,8.362654418085652
030612,934,54191.955399513245,0.7784174518615837,29.258963629053135,31.92184151979226
030701,5588,273261.79134869576,0.7730988007340162,426.9786072891247,13.087306728264577
030702,1790,92641.72722005844,0.7953742457168729,311.3028619928432,5.750027444467092
030703,3641,181524.7283771038,0.7825023895827862,350.92153060987357,10.375538923679699
030704,2111,96672.06363677979,0.7731403127093837,124.59416047262127,16.943009142582394
030705,1121,68727.48996114731,0.7761783229783643,62.89902427528092,17.822216050504757
030706,646,39638.47594690323,0.7979479864839429,105.16304369531444,6.142842364582328
030707,1054,52577.01305580139,0.7839428845234568,146.950156840302,7.1725000004282675
030708,3485,165998.37523828048,0.7886844762599622,241.30668891537445,14.442202226819246
030709,315,18101.34602212906,0.7884215871493022,25.446914921015505,12.37871077801479
030710,789,41046.83682727814,0.7952699622727165,31.156902104542443,25.323441892670377
030711,735,47067.14266681671,0.7728083002324007,51.15712985217288,14.367498765546582
030712,944,68803.87641418914,0.7879560368798547,6.603185966526238,142.96129244056615
030713,681,33055.728372097015,0.7726315705436617,114.66687464978396,5.938942716280644
030714,1015,51403.0625500679,0.7812247303319095,136.9067304599244,7.413806440269295
040101,37642,4052211.539348275,0.7603552894500825,11.452619479035873,3286.7589872259387
040102,74330,3266070.3963467474,0.7627385228764044,67.85572235488605,1095.412404738003
040103,86253,4136289.565916237,0.7631168387951277,233.65839177842216,369.141460503561
040104,203231,11552344.890419737,0.7663772038102092,175.53567038940534,1157.7760779285247
040105,28709,1284398.3365059642,0.7666522065770759,86.40565782225389,332.2583349698885
040106,6647,250918.20409274483,0.785900917827267,231.03884950569594,28.770053236592695
040107,33331,1844073.6456226865,0.7592115148270235,20.586819468338554,1619.045625345932
040108,65935,4245277.072747072,0.7742738606660932,697.9116617448528,94.4747073507205
040109,54346,2319495.651268374,0.7659297243505908,29.055161177893297,1870.4422139412984
040110,43157,2323927.200912661,0.7572741942898813,26.218476692854118,1646.0529154907958
040111,19018,569924.207499855,0.7767148649596004,31.3506838855178,606.621535576301
040112,107669,5381778.879557946,0.7624791323270056,28.482682059597785,3780.156650090432
040113,1687,61375.59487223625,0.7797868407260191,170.24840327285355,9.909050349777909
040114,2748,130996.74335613022,0.7910955238984315,399.3039159442778,6.881976084560811
040115,13167,369552.0557103157,0.7818103897423989,34.9835114873943,376.3773114869986
040116,12941,646842.6885676418,0.7671605746396569,35.95509536874066,359.92117020640416
040117,21804,1500487.1806383056,0.7579081225145893,14.32505907098776,1522.087964311378
040118,434,30337.001130580902,0.7621988475597399,35.85877229978126,12.103035663679078
040119,4256,205820.47760486603,0.7859876173219287,2391.176202398421,1.7798771983976358
040120,1510,86013.73181676865,0.7788817881353644,183.65932955391855,8.221744050071225
040121,7258,789155.5917840328,0.7650466661260752,426.5976548966714,17.01368940192135
040122,51250,2766362.211424088,0.7620077775420212,25.613804733962926,2000.8741587712839
040123,18819,1023439.7334170077,0.7563808917036421,37.34642435900833,503.90366207737554
040124,19473,1053415.0428429074,0.7659145894161035,271.4170410966188,71.74567934762807
040125,23941,1524908.64731195,0.7690507454644279,1536.9551999676166,15.576901656277576
040126,12142,935930.3166249527,0.751848550378697,3.679751044485931,3299.6797482249954
040127,9122,506395.74780739215,0.7720677811726748,487.25295648476305,18.721281992437238
040128,78304,2455374.103281447,0.7779329370564169,1925.05435423808,40.67625406400125
040129,51688,3372681.6231273627,0.7548640361062939,11.199423859300063,4615.23741304585
040201,11051,813863.6652800749,0.7643694509619362,11.16677675030331,989.6320350185057
040202,8101,396098.6457378864,0.7637137763442235,16.276231588310132,497.7196322162359
040203,3895,274516.8159954548,0.7604810782666384,556.9317311281698,6.99367585342991
040204,15110,700592.3962206165,0.7551775117373325,595.1657481417677,25.38788572288743
040205,8767,419230.1018269062,0.7683218660873495,391.83701513950433,22.374098569729856
040206,5113,300781.333300687,0.7549607665972912,1425.8188584188083,3.5860095199401196
040207,2424,118161.34035405121,0.7584377056596303,899.1255966208961,2.6959526111923675
040208,29341,1574604.2976982824,0.763878780600768,113.42466950955597,258.6827021570297
040301,5354,308420.92921660386,0.7591555471468382,756.7170238139316,7.075300054722291
040302,4769,364898.7658101189,0.7520856993031917,777.7859133603147,6.131507292792442
040303,8005,443314.8712849617,0.7599055340705553,3104.5915492995687,2.578439022616685
040304,1200,61258.90727996826,0.7625849996507168,424.82819368778723,2.8246712855453713
040305,9122,494135.15462972224,0.7631723305826724,1583.0330938098216,5.762355844404018
040306,1781,80866.30421161652,0.7780878161326478,1389.7120198932205,1.281560477642587
040307,11904,695479.2853366265,0.7658410616048802,341.60910419265304,34.84684645080961
040308,6960,284492.81594152295,0.7613398129484434,1507.4810626386493,4.61697342175392
040309,4141,177608.70764422417,0.7675084761305438,708.0517032096253,5.848442961479634
040310,1734,139505.59249995195,0.7640154555938373,424.54975461980916,4.084326939613529
040311,2797,162804.96619176865,0.7623535576657734,448.19242146067023,6.2406231477196945
040312,3348,157685.7492904663,0.777663740010102,1039.9585270004304,3.2193591504621746
040313,3823,234018.93126986464,0.7575149102545271,545.2310346143694,7.011706519427913
040401,13233,810141.4656699577,0.7572397946194349,620.7679908948702,21.317142948888076
040402,2112,108527.25376415253,0.7884218748376677,473.3389708927878,4.461918688031229
040403,643,32121.446578025818,0.7489300143106914,286.2855852935906,2.2460089960191074
040404,2903,114364.13083267212,0.7803389599230468,1199.981343884643,2.419204277461727
040405,1548,97589.8359823227,0.7915614339732384,182.98156712168804,8.459868523098478
040406,1628,71657.4071688652,0.784749754267477,906.1487001373463,1.7966146171740263
040407,2856,167264.59394097136,0.7617126751680668,799.9059174880646,3.570419892590199
040408,1703,82099.03637456894,0.770080328652667,247.85343971123652,6.870996028879376
040409,7022,531616.6610917568,0.7756711479708259,731.2317165807558,9.60297514560079
040410,4473,237033.91062752533,0.7673350995668436,266.7692038481285,16.767302730140003
040411,881,45864.80101251602,0.7586586826505238,55.675733090007164,15.823770089847715
040412,559,21728.85893535614,0.7673379238261733,341.4416900249845,1.6371755890708484
040413,9045,576758.4333626269,0.762125704840707,695.5775608396192,13.003582216024828
040414,2806,147706.57330560684,0.7643340700707603,137.57366326674227,20.396345734862294
040501,6289,345823.2731041908,0.7753312447753842,243.33759524231778,25.844752816503167
040502,2520,110565.86043787003,0.7665713098314073,366.62434910600575,6.873520556244799
040503,4335,196855.73009085655,0.7755039214400409,463.0794321947824,9.36124495846016
040504,3301,170839.14058362617,0.7741281433706391,1544.0365692705664,2.1379027321609736
040505,5274,314052.65876357723,0.769767975328002,1510.4924381325147,3.4915765659313514
040506,3379,127255.21583580971,0.7719830422226442,114.42854692053707,29.52934465161467
040507,1384,75184.17572689056,0.7780595381308153,717.7993622226054,1.9281153938540156
040508,1892,84295.07881498337,0.7793269032340725,373.1934040394109,5.0697573416924495
040509,1516,58724.10062170029,0.7672356857787965,74.6362815307012,20.311837204488842
040510,2116,92290.86672925949,0.7689054352292942,390.40054879711107,5.420074348050348
040511,3796,129091.94871735573,0.7707741569072102,1230.8970467740141,3.0839297323433454
040512,1564,67537.47940254211,0.770109718870324,237.59078639585752,6.582746846900747
040513,1813,107685.53503108025,0.7848867626066571,159.79123507821706,11.346054113121694
040514,2739,114444.50438451767,0.7707645124917311,1545.6335510487663,1.7720888616460821
040515,1586,71413.26537561417,0.7875145644813889,284.6553777603097,5.5716495239920265
040516,2522,116497.08573253403,0.7757210553543233,415.16874726380564,6.0746383648128415
040517,3420,114791.26561117172,0.7725810229604008,1445.9258133350434,2.36526657762042
040518,1258,57201.07233428955,0.7911537356899728,240.2366091180321,5.236504147383817
040519,4188,203400.19953393936,0.7779582618756189,1115.743367010308,3.753551330734739
040520,105126,5998693.6075713495,0.7563866787792021,1651.9837089714256,63.63622076240364
040601,6282,341223.0132782459,0.7628222698810108,1189.8443539376854,5.279682152720457
040602,1022,54887.160356372835,0.7666758313454294,813.5670531618056,1.256196395894046
040603,5536,274688.3974238594,0.7760961705635738,1397.9369319852153,3.9601214284669526
040604,731,37554.814705848694,0.7758532147727163,392.1502142599767,1.864081602962946
040605,1489,80434.59060764313,0.7643475497305353,238.43643249913185,6.244851025463239
040606,3582,212329.01970171928,0.760991819589781,534.7878579367365,6.697983035403429
040607,1913,72836.39268255234,0.7625197596220963,1245.162012157606,1.5363462596206017
040608,4536,231097.93407467307,0.7647904543833548,1059.536890352067,4.281115684884516
040701,29045,2408880.871674588,0.7694143087364429,935.3046705338869,31.054052134071615
040702,10080,683149.5194303971,0.7577916370675204,1555.0329787219714,6.482177637341433
040703,7725,658211.0142276905,0.7658278446212942,134.8043166002563,57.30528661710016
040704,6480,612627.3348186854,0.7687202313615952,365.3332299993576,17.73723129432106
040705,3269,431083.58126760414,0.7733277453490812,103.17078947906319,31.685325047002667
040706,8205,763886.1807521991,0.7547392201888569,758.9779793845717,10.810590323915779
040801,4511,275383.55553259887,0.7788053424626331,167.29513807013797,26.964322167621972
040802,1665,94158.05059075356,0.7841353754381518,192.13640137307223,8.665718667058101
040803,478,30445.43274116516,0.7736529286436457,162.81337223572373,2.935876786016963
040804,2164,115517.925283432,0.7830185770933377,938.5511600941709,2.305681450314197
040805,2151,105262.12287950516,0.7828616919156176,790.4396365863887,2.7212704176745985
040806,3161,117183.64587926865,0.7613307495578788,1508.8149046155208,2.095021722234042
040807,289,13524.165966510773,0.7690224907389974,135.8115305043804,2.127948922500941
040808,478,30198.859465122223,0.7901797082633653,70.8296478922469,6.74858642142597
040809,369,23891.725091934204,0.7963140907326365,318.9174096429583,1.1570393739655396
040810,870,57234.94559955597,0.8004626428943941,96.84461461258095,8.983462874836816
040811,1021,54985.3022313118,0.7802725769396978,527.8301354509591,1.9343344220535916
050101,56716,3502241.385888715,0.7728477360043441,81.63910061637411,694.7161295481573
050102,11449,553520.8620120438,0.7864038259642168,431.8096060037498,26.514000246443285
050103,5660,259836.14669966698,0.7742759890354143,155.0846095884915,36.49620690936708
050104,24807,1320680.1634722487,0.784519333185296,25.158404484620302,986.0323223265164
050105,12829,634903.3064176384,0.7983371189874781,456.5183290997175,28.101828956790378
050106,7024,365117.7529461384,0.7836434932972955,301.99075853550113,23.258989891156816
050107,4080,246755.3662496414,0.7709680394506921,54.15734157318267,75.33604644324551
050108,9574,438714.671376862,0.7759394505737668,115.30195235017409,83.03415341072102
050109,2540,117706.23890733719,0.7855396453085847,81.27604396920796,31.251521062741414
050110,28497,1770086.5950314603,0.7765706213172262,7.534134965029965,3782.3851221500727
050111,2505,122822.35639810562,0.7742277842557834,90.09434265636413,27.804187545432416
050112,10202,430244.27316355705,0.7845522249488124,170.44457837224198,59.85523328128026
050113,12848,607324.2318489586,0.795535740856624,151.5415485545814,84.78202923584668
050114,23096,971501.9300348759,0.7744973457996144,918.3418861000349,25.149675027982067
050115,12989,749770.0367506547,0.776104326776438,16.17909473992699,802.826128951799
050116,18774,1217708.3480260957,0.783591834601851,9.171104081474839,2047.0817726213052
050201,7914,450893.2064315418,0.7852580615945136,184.98181272076212,42.78258431787842
050202,9064,408430.5266067982,0.7738585725676561,413.46472562789506,21.9220635720139
050203,15906,870032.7558524609,0.7907606251739218,250.42800521342923,63.515260549410144
050204,5087,252645.657102108,0.7849828189029098,132.26454703465498,38.46079780296032
050205,6619,272632.5450487137,0.7764563682324613,780.5296000205021,8.48013963829961
050206,3929,177783.7692604065,0.7738461950165711,115.70262833390285,33.957741985440585
050301,4166,217052.90569690857,0.7643394620442585,1362.0775799802714,3.058562934469813
050302,2459,130353.49694395065,0.7973758436500081,197.39656581593624,12.457156941083317
050303,1621,82267.90253639221,0.780530537667648,641.8360567099606,2.5255670557201397
050304,2252,114600.44718551636,0.7738527976122038,648.3060914946624,3.4736678083774275
050401,32007,1998065.8631079316,0.7798304181944841,165.35095112459766,193.57009912741063
050402,1375,71966.6470170021,0.7898483637029474,371.79533774520667,3.698271227226348
050403,8048,381168.38616394997,0.7826908051330692,94.22830795255275,85.4095778102314
050404,4567,234489.7321624756,0.780202715486151,60.75205570161287,75.17441092744379
050405,8317,484370.11243095703,0.7812634720543736,142.43808773135578,58.390281226508826
050406,4274,217153.87935876846,0.7726490875382707,192.9143102311451,22.154914246014204
050407,8471,479504.35116672516,0.7815600873630003,900.1744719138867,9.410397944289139
050408,8451,555205.7191376068,0.7879509291498213,517.9530701773593,16.316150027079054
050409,3240,226379.70461094895,0.7989191976410371,270.2220356273363,11.990139858424758
050410,3208,146435.0685224533,0.7717787406576839,256.5163745070072,12.506024249583989
050411,1747,73100.90947246552,0.7797597597241743,719.2431442142229,2.4289421651819945
050412,2970,120066.71507692337,0.7766614133862133,106.41923155857884,27.908489438444715
050413,292,12489.166701316833,0.7613277372023831,94.35242302122512,3.0947800877812424
050501,6651,357579.149166584,0.7791273495233645,256.1111096406373,25.96919754606647
050502,7918,424976.380556205,0.7761698155639207,751.4838108448213,10.536487793527515
050503,7150,389680.5415279865,0.7807730350294313,286.4012761397956,24.964972560073395
050504,2447,118764.29529547691,0.7727304453210632,154.83410000519282,15.804012164748803
050505,3030,140620.5288963318,0.7830671949158408,520.5259702181305,5.821035209310026
050506,1396,78411.01694570198,0.7770777930075938,134.3283527401866,10.39244486754108
050507,10154,614629.115224123,0.7775909591195431,390.69151167460427,25.989814717185293
050508,10232,492492.5112707901,0.7840001371116075,310.3516583281274,32.9690521233882
050509,6837,416623.01589965896,0.780471727445981,268.6446891736847,25.44997267963756
050510,2588,138253.50302553177,0.7846420016226112,267.97128574845334,9.657751175733713
050511,1138,53117.46135139465,0.7927753952559352,555.8263117097848,2.0474021758692618
050512,1415,94505.68169021606,0.7982065718081309,39.248313307048925,36.05250470077828
050513,2111,105851.4464726448,0.780603931787058,112.71016988183572,18.729454513405067
050514,1999,102970.10210037231,0.7712115054729284,100.52122892534943,19.8863466092772
050515,1690,98764.19669675827,0.783696390609064,96.16550364477581,17.57386938088177
050601,12784,1003964.1231635917,0.7765193132448182,866.8265055279858,14.74804925607719
050602,4290,248494.7395195961,0.7802449182196931,875.6143712234114,4.899417073301341
050603,1827,128270.04719877243,0.7830095784091271,406.7484783250726,4.491719323753352
050604,1935,127465.78918790817,0.7705279073049855,465.81167568159435,4.154039284585622
050605,2165,151471.43532701186,0.7913827715514714,368.25672482274797,5.879050819892219
050606,3673,192267.3214187622,0.7747713852701154,1160.3950229464851,3.165301408026972
050607,2910,133274.2143368721,0.7784754987844487,313.76328560200784,9.274507673568861
050608,2538,128582.3140335083,0.7765355392221958,782.8343667278376,3.2420651262521387
050609,1573,95899.29537582397,0.7844941511096578,1114.6875443741633,1.4111577795400543
050610,1764,94991.50326633453,0.7751475050876471,495.36075590517754,3.5610410775811774
050611,4397,240238.5307688713,0.7850167615212499,1216.0722034504136,3.6157392525905983
050612,3984,195103.10247778893,0.7790242970049621,862.2257491976711,4.620599655840992
050613,2065,112654.88947725296,0.784115689430052,719.1865255477746,2.8712996234560637
050614,860,44615.802079200745,0.7795139531063479,577.7238385362509,1.488600508815661
050615,1392,93394.46179628372,0.8100154461103609,408.92607213264847,3.404038272102297
050616,858,65187.694169717404,0.7862320522884111,47.02487711435116,18.24566171461942
050617,3074,192642.24934864044,0.7769754393657617,730.1048999422737,4.210353882357245
050618,1358,62982.96858692169,0.774412297359798,522.3764764981698,2.5996576436664216
050619,6068,354720.1023209095,0.7831058340808947,1509.4651673952587,4.0199668936189985
050620,746,51139.314962387085,0.7869528145317098,45.6698157684736,16.334640012166908
050621,1844,78394.92053604126,0.7647585133797693,1037.7521761380278,1.77691749764612
050701,13420,873461.8617115848,0.7781270489518582,1393.4117600546726,9.631036844036286
050702,3567,231768.45244550705,0.7993349030902147,373.54404139623625,9.549074820380579
050703,1669,89458.17801523209,0.7810205506164203,1085.5265844830838,1.537502649734516
050704,579,32675.968321800232,0.7626839388219804,147.57097517455486,3.923535771957377
050705,9007,462251.1787289818,0.7752309203134653,1568.825651871082,5.741237077082259
050706,4107,236500.96137809753,0.7910478698211718,645.5657781594571,6.361861391892982
050707,642,38627.856318473816,0.7830228978228346,103.35104030346008,6.211838778932025
050708,931,44061.17364192009,0.7751380228842624,577.739718687572,1.6114523026301795
050801,4925,380378.39572668076,0.7881673500138491,252.31851713327876,19.518979645075095
050802,1237,61975.60543823242,0.7747832659568725,248.99452339809108,4.967980753626019
050803,672,43364.99010181427,0.792509077560334,101.22136869346123,6.638914378198981
050804,3686,240581.16819620132,0.7880408845385066,282.01082578076125,13.070420221617812
050805,908,68304.57448768616,0.7841325976643794,120.788721052713,7.5172581685316695
050806,1413,112691.87494647369,0.7828687185188261,796.5598314821353,1.773878049274557
050807,883,56853.45682859421,0.7838998864218171,56.86428847032962,15.528199222271594
050808,845,44807.31005859375,0.7783430763955652,117.92216870912321,7.1657433818432255
050809,207,14503.602214813232,0.7874439597705712,28.516545584533677,7.258943737991504
050810,1002,59692.87607908249,0.7906318362839445,85.3332943998705,11.742192857393311
050901,3604,227992.73418929405,0.7883185626697063,283.16873864429294,12.727393628458485
050902,480,24004.111356258392,0.7740133340160052,36.48753610213197,13.155177117370597
050903,797,49048.81002044678,0.7818276033347643,55.09468225447899,14.46600592628351
050904,768,45545.41577196121,0.7868098947995653,29.874638557958473,25.707423991424598
050905,416,26392.882516384125,0.7712793264251488,144.59164490476715,2.8770680371883963
050906,1366,68483.48376941681,0.7756641286794822,290.0070138976618,4.710230906629164
050907,739,46929.98275399208,0.7956223266050522,79.6180460068461,9.281815330364372
050908,1134,59649.66302013397,0.778793562289058,315.42692303518106,3.5951274833743967
050909,1125,47737.16911506653,0.7680775108867222,142.35537767330277,7.902757299283831
050910,1056,57491.25492334366,0.8010249996952938,61.772990595070944,17.09484986605556
050911,1549,88159.1645655632,0.7845798573854125,353.11224458092,4.386707127186658
051001,2298,132490.66229605675,0.7722435166412484,240.26206534848788,9.564556088647903
051002,2114,103509.19467878342,0.7779986282903966,116.45597268701862,18.152782989340384
051003,636,39253.48883104324,0.7756551886504551,176.46965484978753,3.6040190623218966
051004,507,26544.61592578888,0.7737266274363802,71.62549200074712,7.0784854084452435
051005,2831,197706.2441792488,0.7789898978362695,266.1955078829112,10.635040472753747
051006,1400,74998.86929154396,0.7706980003203665,63.743705867900076,21.962952748641637
051007,1700,88998.87984278717,0.766301529582809,64.11054417443634,26.51669895944923
051008,1479,79107.6212644577,0.7856514537713268,72.71420961236767,20.339903409311663
051009,1818,98881.96875333786,0.7744942243867713,162.8101404214755,11.166380640012004
051010,2332,142631.2792699337,0.7725198544421286,157.2835684767057,14.826723621453045
051011,2599,117624.13928627968,0.7767439779752766,380.34160619329356,6.833330768128379
051012,2891,128631.02269363403,0.7705107232312849,501.87892961740147,5.760353402769674
051101,11658,570956.4971173676,0.7880134843628573,221.12103549080354,52.722256722992135
051102,2142,99072.89248657227,0.7842635386297349,86.7914518770325,24.679849843217504
051103,2105,102544.12479162216,0.7845045127381621,54.487471552547184,38.63273409502877
051104,4343,222419.4228668232,0.7789933689997105,212.6173042394946,20.426371294351444
051105,2856,131970.41738653183,0.783084838977214,163.59042177302157,17.458234834571442
051106,2044,103500.06660270691,0.7830021039030557,88.4365340615029,23.11261993350516
051107,1662,85235.60211801529,0.789337364237231,89.56300345581943,18.556769378774224
051108,6311,311271.33388233185,0.7852505309478622,265.877120152401,23.73652910179909
060101,143904,10078960.144060949,0.7808534133655808,380.7349568628401,377.9637183455195
060102,8605,622037.3675035393,0.7842007319986786,214.868310144892,40.04778552126833
060103,3371,201783.21735286713,0.7878641648308101,73.83154897354963,45.657988310764964
060104,6670,448991.49715423584,0.7883360872383061,554.8829436162322,12.020553301802517
060105,28372,2040361.6928486067,0.7984354257138243,636.0928281117751,44.603552730222624
060106,17926,1422224.430703981,0.789459589515083,296.43374524689744,60.47219753968823
060107,10551,711521.0372300616,0.792117543361072,50.97555636676874,206.98155649514905
060108,67048,4517377.003298951,0.7895413347014435,283.1858038092033,236.76328084995973
060109,11381,649350.8176059723,0.787855004019922,207.85128990795263,54.75549372361412
060110,5377,409586.57948732376,0.7781023245020074,57.804594858884194,93.02028693612736
060111,10154,804113.1361942374,0.7908909492354612,158.3353067014175,64.12972704280047
060112,3446,245815.95793449477,0.780941323250169,72.65145403971849,47.43194813576718
060201,23508,1920670.976210847,0.7942028969364019,190.90342155970032,123.14079971923633
060202,23486,1782589.4097487251,0.7982506642606162,820.9080321516581,28.609782192581953
060203,10973,959339.950881958,0.8083149457894755,197.76315154324726,55.48556399092579
060204,7209,498724.8001880798,0.7921897074868336,583.6587764444025,12.351394840520669
060301,14840,1707045.9963765878,0.7866491509455876,406.5009866929853,36.506676455395876
060302,1786,164224.5314874649,0.808340592987727,205.7047258769517,8.682347925581196
060303,3465,316661.2895760536,0.8161157287044443,252.75385747024762,13.708989586471
060304,11979,1159131.7119502923,0.8268990649465667,447.3768429457975,26.776084164578297
060305,652,68056.31060934067,0.7972179450140409,52.18441295076153,12.49415224073121
060306,2811,312249.8465883091,0.8008069015193859,50.59704071331708,55.5566088524254
060307,3765,372486.72717199934,0.8291691368161286,263.7441459302968,14.275198362108963
060308,5800,479177.602975721,0.8058367413076861,282.8553952986461,20.505177190897168
060309,7351,726236.2741742134,0.8333199159042671,167.26877714959434,43.947233460227565
060310,6321,558289.5442863258,0.8000931819581737,263.4555060076882,23.992666146121614
060311,1000,88709.16424369812,0.8043906996250153,100.03815647420113,9.996185807941096
060312,4655,464727.371468544,0.8289532548374827,170.2350049418504,27.344552323948147
060401,31360,2992819.1241441164,0.8053425000163213,267.8857519641042,117.06482995109846
060402,4481,355496.00749111176,0.802852733423603,152.2576462513386,29.43037745771408
060403,1634,128126.65168571472,0.783338127222318,65.05711533978139,25.116391826872704
060404,3914,354846.17629122734,0.8005905465837273,48.33978335674136,80.9685051981964
060405,1454,125994.23560380936,0.8011268224398076,145.35915725838265,10.00280978112337
060406,2146,172087.62057352066,0.8045189193999334,208.28936999801095,10.302974174920655
060407,6053,480835.5828232765,0.7889872793420256,118.0277752922796,51.28453861822419
060408,6000,524287.3218354519,0.8053663999140263,153.5316018503949,39.07990229820277
060409,6877,615314.4242217682,0.7876148606969188,245.6119913336486,27.99944726907907
060410,8482,834460.5978775024,0.8150829520393615,120.96623101689136,70.11874246801655
060411,6543,551799.4973169231,0.7831317132699568,492.79905527170894,13.27721701169346
060412,2479,140637.5172059536,0.7762599439090084,423.4303970408797,5.8545631521127355
060413,4181,352460.6064095497,0.8020137282570878,98.75113949763835,42.33875195030017
060414,687,56813.07399272919,0.7910727795208038,139.64370583162625,4.919663195048276
060415,7082,637164.7158794403,0.7895978538793414,299.69007845107836,23.63107926896576
060416,1018,65163.02158212662,0.7799257369078916,200.78898369524228,5.069999266220309
060417,10180,846125.2117049195,0.7955636834348817,195.09325063583532,52.1801752076097
060418,785,52769.10808134079,0.7805631849416502,217.6406236542275,3.606863400865613
060419,8110,699463.9702367783,0.8110144388587496,177.84697302223807,45.601001030171716
060501,6008,465062.29604430846,0.7857725864918667,353.3346422291845,17.0037105959823
060502,1789,150899.6545583664,0.7783738960094996,131.86210231701853,13.56720368145614
060503,1306,106380.24260663986,0.7804019147641443,294.13307312074846,4.440167119404001
060504,1067,90784.88535833359,0.8094966260763452,50.600220011788046,21.0868648348056
060505,2712,200018.87290763855,0.7887805674367949,488.5160098418216,5.551506901233654
060506,1006,81607.12496185303,0.8089438369923511,65.59363502976036,15.336853942361476
060507,2105,180577.4190068245,0.796682993221736,147.57939774467266,14.263508539598892
060508,6815,603727.9435807144,0.7776001614765131,547.2296926596387,12.453637095015488
060601,38363,3209341.425399807,0.7854808408798933,432.6234183592089,88.67527362595764
060602,8699,621764.1700701714,0.7836417284816527,309.14536447701823,28.13886604677419
060603,3170,222778.35248947144,0.78348851724754,260.88658239607093,12.150874034554187
060604,885,69388.78465414047,0.7954953671175208,100.69468713259141,8.788944334616795
060605,2782,222767.26149892807,0.806355931448645,64.09044424413375,43.40740702939719
060606,4065,309537.65598059236,0.7960334807597697,169.8730972210458,23.929627860440174
060607,8643,732649.3866938164,0.8015863476811385,689.7768525263097,12.530139230310482
060608,3076,243896.13595962524,0.80002262682614,125.0126571100358,24.605508522969103
060609,1347,108322.13349437714,0.802161914512858,70.4208788989343,19.127849880050054
060610,2054,185553.51502275467,0.8059834956600465,71.47047079145528,28.7391418757181
060611,2961,191633.84666204453,0.7812328938896774,130.0842497789416,22.762171477575258
060612,4736,326551.0211274624,0.7784438554851992,105.0367631900385,45.08897509942646
060613,4511,333458.02799654007,0.7984454664441969,230.34992080304966,19.58324962419643
060614,5997,532605.274368763,0.8023451561030893,155.41255567810308,38.58761587076166
060615,1100,91117.67269659042,0.7950111826983365,129.80567266764334,8.474205921773995
060701,60424,4938944.709799347,0.7964465279192794,455.1219390393183,132.76441941591378
060702,2728,252181.3881946968,0.8105248168678927,106.13205023076836,25.703828335251885
060703,20316,1605014.085337163,0.8078060983690274,229.7828536168136,88.41390765334913
060801,54785,4931645.831887087,0.7814167636833651,558.3728695639879,98.11544039161414
060802,14497,1226452.6109926766,0.7822571636117919,870.2626179360146,16.65818995463951
060803,7490,507716.6698818207,0.7828485579850358,464.2690520366931,16.132886668069432
060804,9661,745640.415432241,0.7911599832111209,604.7160760663038,15.976092553790027
060805,4487,330265.4007501602,0.7818324269790385,85.19078579205124,52.670015404631485
060806,3890,270105.0403726101,0.7783899741338274,65.57493270888615,59.32144859788565
060807,5191,382085.4510644005,0.784312849087514,815.8966181045971,6.362325673146152
060808,4955,415777.8215469498,0.7912550155257602,222.0383861855065,22.31596115034021
060809,3423,271109.89348602295,0.8105436166649912,367.5579724819296,9.312816633757784
060810,2500,208975.56170129776,0.8114730001449585,257.23265191954044,9.718828388792463
060811,12343,926185.3038666248,0.7836774529248324,506.28069442670034,24.379756399712033
060812,9972,727208.9648463726,0.7915976933934724,312.2772071659032,31.933166338016424
060901,25687,1912816.999405732,0.7764500603575786,357.68621965592956,71.81434058239424
060902,10254,756811.2491250038,0.7866569826285323,357.3222613475367,28.696784693262686
060903,15386,1099261.656333998,0.7758553489765698,911.5616738957648,16.878726300815668
060904,18670,1313097.9202883244,0.7815619499241533,406.2991418394298,45.95136459180221
060905,8717,584566.4129753113,0.7865114490264078,635.586776903696,13.714885703672842
060906,17257,1143905.1239094734,0.7877223503377558,1365.7260331627224,12.635769972134577
060907,11495,805221.8831419548,0.784115032638452,775.9854121142647,14.813422804792816
061001,14682,1339416.188537836,0.7936774694477889,243.6211424710311,60.265705394374095
061002,3191,263678.7500166893,0.7916612655008448,68.58336700989081,46.52731615728063
061003,4350,330467.80640792847,0.7851011495343571,62.58790681200683,69.50224446818372
061004,6659,594581.5236595818,0.8021799818695012,221.86648913896795,30.013545650100763
061005,2856,261119.74343538284,0.7966840677902478,68.17125971451965,41.89448767647911
061006,3940,308021.25556747057,0.8007314969742964,108.2254919772111,36.40547091095359
061007,13362,1073991.445152769,0.8124072441100503,585.362622726258,22.826875993154545
061101,12444,1064552.9142901897,0.7932480070338837,356.360934448325,34.919652512597374
061102,1333,106089.58901309967,0.7807795207749071,84.80011453564421,15.71931839124695
061103,3599,339171.58943271637,0.816162517051559,340.47663360018026,10.57047575319452
061104,3496,296099.5385670662,0.80637691672934,202.921502177818,17.22833688140398
061105,1214,99963.48128843307,0.8035910209085443,70.6096765668247,17.193110902456485
061106,1715,168145.60164489137,0.7767328281096745,55.212465503522445,31.061826063365825
061107,4208,423514.0648404278,0.8118969105863979,142.936578342413,29.439630140855115
061108,1593,107758.79713106155,0.7733061515678794,360.3601526188232,4.420577548386771
061109,3210,286170.1572108269,0.7905569781024137,155.63373743226015,20.625348031606308
061110,2673,204580.20531320572,0.7905441830767437,309.51551015264477,8.636077716046437
061111,3507,331479.71387021214,0.8032447959678548,134.84137641832177,26.00833730086043
061112,3823,315644.0959391594,0.7984497513628867,161.7672070994482,23.632725498251126
061113,2231,198408.19382619858,0.7984793365188695,170.73858342198744,13.066759459319114
061201,13100,1030790.3024877182,0.7876303052856722,200.86040168387441,65.21942548246781
061202,4388,317028.6739106178,0.7898350271074579,167.05781533889777,26.26635569906377
061203,726,59420.16614604187,0.7901502764750447,42.971183155461446,16.895043298516406
061204,4447,333477.42127609253,0.7998643128931429,256.55388846183814,17.333590329352898
061301,5498,536500.5906031784,0.8039406510256298,105.13839767928928,52.29297879135384
061302,571,61720.32837867737,0.802082661571937,8.568360149351646,66.64052281266522
061303,7302,548490.2252021839,0.7927519580544723,566.39972506164,12.891955410475067
061304,2724,230158.41735363007,0.8130728337864519,129.2068210157052,21.082478297867073
061305,1951,191252.12742090225,0.8150329059481559,60.15001352086153,32.43557043130746
061306,1852,170985.6649670822,0.8116866622128188,57.96528649192708,31.950156931561633
061307,3955,347054.824450016,0.7906817443602908,158.8060794201289,24.90458812686171
061308,2677,218098.91555166245,0.7890179674929098,31.851280170608316,84.04685732130412
061309,551,41189.29893016815,0.784827041755787,191.08912002991914,2.8834713348082244
061310,1236,126197.90403604507,0.8171209550212503,43.658794442254944,28.310447317430818
061311,2093,202603.90568235703,0.7951814620562051,33.97722926998823,61.60007878714017
070101,89749,12289732.519795509,0.7654045772140201,50.2339761827801,1786.6194719176026
070102,14839,1742356.9489947245,0.7572037670014481,4.5816097423939315,3238.8179775972126
070103,5591,948434.2724289774,0.7722880877081343,1.920233823554745,2911.624579995116
070104,11091,1196803.6715354251,0.7522691191666916,3.2759539947604117,3385.5786795965505
070105,1422,187998.53645776786,0.7646023914029326,0.7963297416892954,1785.6924406508265
070106,152664,12262363.297643438,0.7762964733203821,78.3637805934174,1948.1449062811532
070107,11919,1106452.1835704492,0.7800677490670446,2.8230666754347036,4222.004426503558
080101,58034,3986136.097925439,0.775950049936605,86.05611506308675,674.3739240082583
080102,5050,302516.1224372387,0.8082179400354329,162.18659429034366,31.136975420789565
080103,11123,599617.014588356,0.7840079115972474,29.15205203494732,381.5511850303302
080104,41688,2946174.169695755,0.7917200203272231,95.98289786284484,434.3273742325455
080105,70652,4220164.456894679,0.7800978671147519,68.41016185993756,1032.7705428420468
080106,44414,2685612.124858082,0.7747269981875952,59.25191672112221,749.57912684987
080107,7538,450079.45704041445,0.7903955291613687,24.230531025661993,311.09512177082206
080108,19872,1920728.409803435,0.7729665458820244,5.922719220711183,3355.215612874153
080201,7327,379816.01729459956,0.7749167872968793,141.8246500738071,51.662387294359256
080202,4491,246896.19921255112,0.7896827213139344,79.33205659559525,56.61015474354101
080203,3371,177606.23594856262,0.7849803917205005,138.1889410244128,24.39413729499867
080204,2014,106480.32287311554,0.7939298401226945,36.357711523182786,55.39402552099057
080205,11189,615325.3522557976,0.7740679775190817,268.2647179822945,41.70880197797191
080206,3991,181466.60201263428,0.7915634422097938,183.68565412471378,21.727336405325925
080207,6489,350694.906645298,0.7779054244543044,86.34174885144564,75.15483629089536
080301,28694,1756363.3745997893,0.7862617795023842,188.1827799352828,152.47941394992696
080302,9972,618794.0927444575,0.7882386178878049,124.54732080437319,80.06595353153399
080303,6297,429578.5690539562,0.7935798631900262,43.78624677741963,143.8122804178625
080304,6379,307786.13032245636,0.7843562312345927,397.35413493012743,16.053689742329503
080305,6869,392035.65941762924,0.7741011792802276,221.13488055419248,31.062489928252845
080306,10569,610414.1706681252,0.7839327468327513,507.8630400425685,20.810728812071297
080307,4776,285306.4563612938,0.7758740994773519,370.5984617364627,12.887263421498696
080308,3385,207206.85155844688,0.7885967211674024,34.09509414752574,99.28114541504051
080309,6167,410982.1396234604,0.7831718827040091,61.126485510358044,100.88916364993675
080401,18844,1338492.7203934477,0.7813329441586363,313.61766404554487,60.085901275201756
080402,6018,337244.6015150547,0.7829491357325556,70.50433939262881,85.35644829585027
080403,6037,337161.48932859115,0.7814745234597967,95.85054233993147,62.98347252527728
080404,10960,484049.0349843502,0.7830151733690804,734.6403274812949,14.918865177979301
080405,13944,749865.2101948471,0.786636546314002,148.26333452990684,94.04887623910344
080406,8144,413598.5780419567,0.7842813482643461,128.52728672391075,63.363976689978
080407,8243,614910.8986240653,0.8007499696588568,55.06640028519564,149.692007418471
080408,9855,540075.243212223,0.76987064438142,2000.2484650526715,4.926887920266692
080501,17240,810310.7176434555,0.7815588687177047,292.18066435544887,59.00458895194682
080502,13202,506529.64586535224,0.7759635507013017,505.9077968252725,26.095664235353997
080503,12016,465606.8396205902,0.7798562249374612,395.19514048450884,30.40523217281568
080504,6514,280486.4045205116,0.7758281696948092,171.74867646794087,37.9275120714885
080505,14090,593276.0958957672,0.7744580836732646,427.375273110466,32.968683231137895
080506,3499,194918.0414426468,0.7928557014185962,31.28827788836986,111.83101903159108
080507,5492,215700.94016599655,0.7724175339772245,149.40522298227813,36.75908974515195
080508,6300,310965.74732937315,0.7885070317226743,115.59791069644375,54.499254891756564
080601,51255,3090624.8758449424,0.7756757311839125,648.7822921582772,79.00184795348238
080602,7553,355883.87443351746,0.7783118099404316,940.3957986200867,8.03172452608049
080603,7027,373518.3210146427,0.7796287462062274,174.0587983308945,40.37141510445982
080604,15912,914709.4155814648,0.7682354826275999,440.3513516239587,36.13478178576858
080605,10020,479893.6335103512,0.7693251495054382,1095.1197751998925,9.149684104801274
080606,9822,405972.9874709629,0.7688303395204596,524.8862840282701,18.712624617699085
080607,5170,260803.35421586037,0.7750008318364274,56.18583840386482,92.01606929557492
080608,8307,431097.5549700477,0.7757089442404309,82.89940759642269,100.20578241572943
080701,33984,1433715.4049625495,0.7678942826739644,1911.6928627092743,17.776914201498595
080702,7649,345599.26382803917,0.7941126028670721,268.7937133357241,28.456766734147454
080703,16176,669719.5901231766,0.7753681812903352,653.6050940080792,24.74888912019411
080704,12695,510227.01429263764,0.7798860103560977,453.85616667548413,27.97141678825567
080705,20073,812993.3574149609,0.7693914161136806,961.9897927852053,20.866125764061962
080706,5955,234315.04203749046,0.7686786897736972,316.1425936939004,18.8364368445899
080707,8371,327745.4110931763,0.7782204751970663,226.86944869763846,36.89787253442176
080708,11631,572072.1863166676,0.7752042473074843,572.9566986726055,20.299963377592164
080801,38199,2455609.4252721174,0.7662622607292007,740.9682859842534,51.55281369331343
080802,1883,75204.31366968155,0.7723287305677438,517.0478882883239,3.641829011687161
080803,21323,822162.2264938187,0.7778584675885486,1548.6223081689543,13.769012552332203
080804,3677,141144.5699801445,0.7863233341190327,360.52434975717415,10.19903371984885
080805,11679,437201.58246403426,0.7773788165266317,820.146098130193,14.24014578210678
080806,5804,218601.32999491692,0.7699246898262686,274.9222118405201,21.111426250880186
080807,4135,159353.47158002853,0.7732370254638838,630.0390845946137,6.563084896011785
080808,5716,206595.70752813108,0.774036564188374,360.82747370879207,15.841365795258515
080901,32979,2214034.8345520254,0.7769339700299529,393.02351019129514,83.91101077884178
080902,26416,1617238.1006544498,0.7662924023030347,7628.248833460618,3.462917974585284
080903,4821,358401.7342255432,0.7735570836329306,532.0502568922044,9.06117408562168
080904,7635,472681.2767663002,0.775149443208898,165.24042201398316,46.205401238650325
080905,3606,207632.85231801338,0.7627919028020871,865.7547229183094,4.165151981897133
080906,14069,778557.3801082291,0.7627745966038917,1972.2075833109172,7.133630414492749
080907,10834,662140.8499877842,0.7839181466320024,543.6304864009311,19.928977993353104
080908,6263,364948.3865656853,0.7736088293591913,1334.4116414423536,4.693454257660987
080909,9752,520879.1111628746,0.771815894231188,2374.904719809733,4.106269998394415
080910,17237,1261411.2561557405,0.7840691361784444,507.95995642989425,33.93377722359686
080911,3482,208903.94007515907,0.8084511487460698,774.3186432955831,4.496856727070699
080912,1192,76934.08022928238,0.7952069631658945,440.6899728251276,2.70484938052585
080913,1181,70516.10448503494,0.7929502118956124,199.56731412261294,5.917802748371915
080914,11593,740369.4839967334,0.7892900715568978,10749.780269577255,1.078440648020418
080915,6526,349754.9341077057,0.7824981001999493,2951.8141355011926,2.210843806699212
080916,1498,91117.79633378983,0.7871791055508067,102.64088259113434,14.594574424766204
080917,3751,207648.24306583405,0.7849634489165215,143.22097307036123,26.190298247430693
080918,6456,399994.56360292435,0.7933666357929822,308.36486089018376,20.936237615929716
081001,6181,310918.71057852864,0.7928761041602199,153.24725380647286,40.33351232385299
081002,5572,273573.47774373554,0.800188908956501,239.6012646456165,23.255302964453445
081003,4864,233154.38788468475,0.7973374585670076,326.7319767212466,14.886819615301233
081004,2041,102408.93395137787,0.7875961289576372,140.3380373820456,14.543455488434235
081005,7371,352673.83741402626,0.8039753630953427,362.38345122043194,20.34033280265975
081006,8682,350633.9286289215,0.7749036972326663,428.85440464033746,20.244632924503215
081007,4693,215541.96940803528,0.8034242277152498,142.58830716738157,32.91293720522946
081008,1941,98201.6665904522,0.7785421946133492,78.7097722122613,24.660216202450574
081009,4640,227991.9495538292,0.8042152801978177,101.21500358566763,45.843005835323005
081101,12618,675648.9445115719,0.7760282059227123,1095.2629147780374,11.520521538481129
081102,5774,302506.86896824837,0.785055940730125,107.22322274548223,53.850274708734055
081103,9662,419710.15155673027,0.777140064186202,716.8124379508885,13.479118788201022
081104,16998,744036.5949223042,0.7805710259234573,461.1920515641814,36.856662950607
081105,10013,560339.1970992088,0.7894121743124777,146.09058213348914,68.53966801809783
081106,3481,137377.78876662254,0.7631111744148092,3279.041979201483,1.061590556656337
081201,11055,670217.659858583,0.773629027586186,141.11938432554192,78.33792680456797
081202,7456,488774.90469041327,0.771751998536001,85.98948920485623,86.70827177769681
081203,1839,129730.50935654601,0.7598076128907797,3374.0844802466363,0.5450367383408178
081204,3157,149070.2057108879,0.779083972212103,304.46550685943185,10.368990670123923
081205,19080,994462.7348813324,0.7860959326664857,297.8712640771711,64.0545171724146
081206,7317,373068.81118273735,0.7822667625296779,243.41909186632878,30.059269155510854
081207,4862,299907.85005508346,0.7691677499950201,108.84951476638345,44.6671720166598
081208,5966,375272.8624406803,0.7747433623670532,118.47446197692676,50.35684400205924
081209,4016,172737.73181438446,0.7610417332247909,1305.0709555122448,3.0772273208882397
081210,26417,1334219.6098043919,0.788961369577407,951.3566017121645,27.767716072456007
081211,13794,871742.7985795068,0.78946785560739,78.60005149416044,175.49606823126342
081212,16693,853424.2069468498,0.7792970527213193,365.5404846720146,45.66662435483168
081301,20840,1546006.371312384,0.7832228070228663,161.56131400029966,128.99127572063043
081302,19900,1091190.3224976098,0.7917965981469083,102.78507342583586,193.60787842758862
081303,8182,490599.0806680363,0.7831967241736095,77.0728608466032,106.15928759001815
081304,1705,146847.99746064073,0.7627751325232542,362.5132782629814,4.703275996315716
081305,14362,728632.8660302162,0.7862890542358629,141.67094964506188,101.3757586575238
081306,10964,679624.4827553849,0.7721844672536989,581.3725374449763,18.858819937014452
081307,3409,236592.99146175385,0.7720507774824409,23.864093983287972,142.8505939671258
090101,20709,1346859.0179797804,0.7697041576231826,512.5875400317434,40.40090400698686
090102,4201,180081.99425677033,0.7711913356239584,739.6917278045516,5.679392971540745
090103,25526,1130457.9965701103,0.774758955773016,545.6753777233938,46.778727870216066
090104,1937,108765.74514341354,0.7792020662272783,41.59463982581295,46.568500367153796
090105,2480,120719.99112081528,0.7791652415788943,55.27296424045561,44.86822869153865
090106,2737,173485.5921845436,0.7698714288865557,338.86607680548946,8.076937136351507
090107,1201,65100.68498754501,0.7804437973517164,36.56803498830406,32.8428913498942
090108,1070,66232.99873304367,0.7746586917716766,12.397032616618105,86.31097723867202
090109,1468,77126.77349567413,0.7810494559093782,64.62332855136434,22.716254840281007
090110,1818,87785.2126455307,0.7713540705254893,159.19296879387923,11.42010236867886
090111,383,29848.791702985764,0.7769459515576574,5.254809301042875,72.88561355099783
090112,2241,117477.3766708374,0.7820122266975379,94.90479167288912,23.61313860446704
090113,2978,136095.79238772392,0.7719299531247169,246.97139687446992,12.058076512858902
090114,4575,190702.60881233215,0.7745446991269054,81.1870759681091,56.351333576751735
090115,1456,69729.91832733154,0.7793004798938284,39.85716575194611,36.53044496594462
090116,4068,175731.23683047295,0.780909095468657,309.7999799974517,13.131053139620802
090117,18826,735120.8505587578,0.7744239136318617,321.7995817474412,58.502251301169366
090118,6839,433747.56687638815,0.7640183361184267,410.50310991018966,16.66004430879036
090119,9744,458133.6885641209,0.7744652711968313,196.23130742511304,49.65568505789303
090201,7984,464472.45685704495,0.7764966807557729,123.88146358655153,64.4487057938403
090202,4577,182160.7301015854,0.7743955647838618,82.2077897172467,55.675989048514374
090203,6938,262148.9325134754,0.7722058805222812,90.9477752501481,76.28553838636863
090204,2643,160080.73558425903,0.7831466514370543,87.26874899279811,30.285755559737826
090205,2493,127366.97660136223,0.7776032090665249,172.44510507065456,14.456774513713004
090206,18288,685863.0442162105,0.7712495351440012,221.09697496760535,82.71483588900082
090207,3635,203976.81471061707,0.7857135625620164,55.42630454311163,65.5825790653719
090208,5722,231601.8226032257,0.7843819812476656,97.33625866791257,58.785904433845765
090301,27236,1227899.9440629215,0.7687138053490773,829.0511215404541,32.852015144003396
090302,7940,363358.68808317184,0.7769347101449966,75.68142198845686,104.91346213356074
090303,567,32218.39759874344,0.7798208116013327,24.78525867634088,22.876501205986518
090304,4377,261985.75430989265,0.791457254074468,107.79034651218569,40.60660478074612
090305,1536,74425.03745603561,0.7698271489546945,173.38715687049543,8.858787627201554
090306,4227,202344.36307525635,0.786942275430058,210.03552166763077,20.125167240467952
090307,895,55353.50167655945,0.7924461455318514,107.7122451607184,8.309175977759656
090308,1092,57043.737569246674,0.787806959270121,31.95537747289658,34.17265219058031
090309,1877,105237.38314914703,0.778750133723989,51.451027886737926,36.48129254350267
090310,1303,64716.43427371979,0.777353108569648,33.982391042322874,38.34338785570437
090311,2282,107724.08582687378,0.7760208143308224,139.72536966449738,16.332037664165366
090312,4130,187145.98876953125,0.7754014772450952,163.3855851019803,25.27762775046636
090401,4248,243089.35461330414,0.7763479519389892,926.2250471167584,4.586358372863678
090402,1041,60561.06245422363,0.7906549473317281,301.708429826194,3.4503510578066767
090403,1529,89210.27656936646,0.7931529106151988,348.5387578204592,4.386886582030068
090404,1140,59096.948760032654,0.7729292980934445,401.74189344712534,2.8376428214102583
090405,1229,63863.90835809708,0.7880434499124476,367.41471140735166,3.34499398593055
090406,692,35482.644248485565,0.7721540454150624,81.26922686863551,8.51490812283174
090407,1112,75005.3458892456,0.7807682563396666,176.05358990116258,6.316258592763049
090408,460,26737.891954898834,0.7969734769800435,55.52679599766223,8.284288544568046
090409,990,57523.64257144928,0.7836260601125582,171.27514677818257,5.7801731227365005
090410,725,47817.95366978645,0.7855791726605645,196.4078795336819,3.6912979342851164
090411,1880,128002.8728621605,0.7841591490710035,645.9750104254841,2.91032930014073
090412,828,59022.196757655336,0.7986522943933229,111.65370087121033,7.415786431970371
090413,1650,108747.20135688706,0.7842218183387409,183.26492872477934,9.00335929782785
090501,4784,315621.98375606537,0.7762279894240325,135.59449709992484,35.28166778386652
090502,6754,303452.662346035,0.7770083948268246,149.84631551421108,45.072846648401345
090503,3185,152813.98050698393,0.7695845217682316,162.32295778703445,19.621377304981575
090504,3119,169711.7571182251,0.7809541196959184,77.15105989503675,40.4271827793859
090505,832,53324.582285404205,0.7783820912098656,73.08601381708874,11.383847011854193
090506,4605,236565.83595895767,0.7812772860097316,92.62884459084013,49.71453568638574
090507,8007,404593.5906262398,0.7721087044435032,97.83540502975963,81.84153781102482
090508,1148,75200.4294667244,0.7728727352432258,29.425417302335795,39.01389020943032
090509,3448,262438.27781359636,0.7765529872611892,129.025405566174,26.72341919693951
090510,2298,115123.34500026703,0.7695967366220227,156.43025642563504,14.69025272033892
090511,3621,159450.97082980804,0.7875395194004663,106.83439597539872,33.89357862643624
090601,2609,174917.36742544174,0.7851644305947093,395.22693820299384,6.601270682263016
090602,1269,73174.69966173172,0.7863146570651338,180.52096153264583,7.029654557709139
090603,1001,71257.23262166977,0.7902982021783377,103.35917832802143,9.684674512632244
090604,545,30198.093077659607,0.7971888076274767,37.88695530766669,14.384898326462128
090605,446,34410.924812316895,0.764708744704456,194.0399221631019,2.298496077653087
090606,1675,102802.97552061081,0.7833807156335062,168.8792609575803,9.918328576892177
090607,6813,307475.4855632782,0.7770849258980527,2187.723285458377,3.114196409246759
090608,1482,61740.68193435669,0.762717139584172,688.2432484502685,2.153308446304486
090609,1267,67332.60161447525,0.7884681139673505,240.12087378531575,5.276509201498173
090610,1800,88356.03016376495,0.800385500325097,239.77177996360732,7.507138664413322
090611,1067,55108.11536073685,0.7753309273451651,203.05538801126394,5.254723897997777
090612,699,39102.36954450607,0.784518740975294,169.37722521614123,4.126883051177692
090613,2508,129117.86980819702,0.7783962523110175,1024.177648675627,2.4487939209014336
090614,694,33938.376084804535,0.7827112392149329,176.1422335897903,3.9399977271562556
090615,877,52409.84504413605,0.7881635114839438,256.80449788442223,3.415049219249671
090616,779,49597.43627599182,0.7953758665930781,228.47628109655815,3.4095442916929337
090701,8343,554207.3564058231,0.7783175116675257,74.88713742373118,111.40765005868906
090702,6295,296350.4615746399,0.7790957267839251,164.9588312172066,38.16103662683673
090703,6383,356990.75382709503,0.7781163247125044,108.8973639528236,58.61482563310933
090704,7366,369163.5735845566,0.7753256857637928,99.87434654115651,73.75267278434305
090705,12294,683949.2521064866,0.7738768179978668,325.96509939109364,37.715694173901824
090706,10173,558095.8781204224,0.7687181261897521,105.36128605162703,96.5534911467883
090707,2378,149374.5519824028,0.7797264507630977,218.6453629529372,10.876059605763777
090709,4823,241898.96220207214,0.7733170433259965,150.07070821374558,32.138183776214376
090710,2823,148238.9969370365,0.775003117468608,66.62342223612927,42.37248561015998
090711,8355,457699.1865641666,0.7803119568251193,227.2120549948032,36.771816531438425
090713,833,44205.86642074585,0.788578031372194,32.76520914904519,25.423307881563588
090714,5940,281363.7959856987,0.7788797977697167,190.88858322670183,31.117628407067052
090715,3818,180697.3670167923,0.7767919069687816,117.50409731384954,32.49248398379036
090716,2686,129051.28352022171,0.7753102754090849,288.87700036492754,9.298074947492795
090717,4951,268627.47509741783,0.7688276104627535,244.48935044508193,20.25037078705852
090718,1802,100480.50492947311,0.7716916200521916,179.81207998339062,10.021573634910691
090719,4496,197500.03367757797,0.7769666370733564,118.94740787210428,37.79821755203132
090720,2550,121039.134786129,0.7756492155439714,151.25523440260565,16.858920685101737
090721,596,28859.296922683716,0.7927895968392391,185.06409707981032,3.2205058107136275
090722,2603,106575.27401351929,0.7824147905563328,144.03670969748669,18.07178187745995
090723,1825,88984.91424942017,0.7721009314550112,34.1568261167235,53.43002285292728
090724,2705,162719.0831103325,0.7708626252886548,87.41869715021124,30.943037224085003
090725,804,38423.755954265594,0.7707272382517952,77.0312817271822,10.437318216351198
100101,50950,3015720.704792635,0.7808655288724834,128.41279742846191,396.7673084015164
100102,47243,2801681.012950874,0.7832892807251215,133.91129810658333,352.7932345364774
100103,13266,732043.089889619,0.7812601387608595,810.0394101810776,16.376980963228068
100104,18010,933161.1802763939,0.7883825152433958,515.8002364993571,34.916618344789086
100105,5109,275434.21752786636,0.796302427259017,209.99370455914172,24.329300779400857
100106,4107,215869.11453008652,0.7844400055541416,175.18735030797583,23.44347347442596
100107,5595,301018.9382605747,0.7934213939684646,148.69340048306307,37.62776277779254
100108,3416,155324.17768621445,0.7807891970495988,270.67260502582633,12.620412766463977
100109,24068,1218449.8012650427,0.7938956622147612,454.00320315204385,53.01284183217474
100110,1767,97614.84947013855,0.7859417651761502,61.95014032542985,28.522937812856995
100111,27944,2031124.215772443,0.7887766784893692,77.6814848306785,359.72535876353595
100112,2297,110908.7189950943,0.7904676527472543,71.05638819145406,32.32643902207599
100113,7830,471655.8777748993,0.7930773817944801,595.4659671906572,13.149366095498415
100201,17040,1061650.32276128,0.7892378637313563,288.31187007670684,59.10266544164977
100202,3920,187151.84755659103,0.7888800253977581,157.69226316948257,24.85854360392374
100203,2062,98486.91691446304,0.7843507758976763,177.64588183707556,11.607361671863144
100204,7402,480076.16400909424,0.7955304783394259,112.60813889110139,65.73237132671346
100205,8667,447112.3259756828,0.7942677626659869,238.90207129717396,36.278463191802906
100206,2143,119449.55197572708,0.798439384368998,119.3813063568484,17.950884149267523
100207,8337,457790.4286607613,0.793618232036818,442.34033688531485,18.84747852457671
100208,3991,272554.4191454102,0.7886260089435783,41.77347232199935,95.53910120845286
100301,6669,351156.6438476845,0.7830132852967737,169.97523231822763,39.23512801861802
100307,5302,224071.02842640877,0.7805789699535557,152.29555582082995,34.813885220903
100311,6349,271090.3426902294,0.7820264922012249,645.3585669806795,9.83794176577511
100313,10217,518034.4197819233,0.778879592962854,270.0606631365929,37.832240657842064
100316,1215,70121.1572920906,0.7878977774592584,37.36098649394262,32.52055456825235
100317,6279,348406.5019509598,0.7792790252552193,76.53741630545365,82.03830627024435
100321,2756,125715.03457355499,0.7747856676145977,32.71562655822418,84.241088737675
100322,3230,146122.79574775696,0.7797316714336998,73.24618649440409,44.097858941049004
100323,3809,170764.3698618412,0.7795482278496113,37.49284791041236,101.59270933756356
100401,4985,346776.93897539674,0.7812027486300875,553.876766924821,9.000196971028801
100402,1637,139814.74292230606,0.8106354921783117,185.2318966264874,8.8375707953849
100403,1452,102007.0378870964,0.7911882235081071,685.5607171057944,2.117974329290414
100404,3677,244735.59649920464,0.8010426432437342,287.02512167795237,12.810725341754802
100501,17657,1032751.2319771741,0.7833286572327706,415.6113397878933,42.48440383992224
100502,1126,87155.6469836235,0.8030943160158702,118.22250825605403,9.524413046297713
100503,4002,226527.0103945732,0.7870928038661924,93.0314359678355,43.017717165879745
100504,5809,280547.7392587662,0.7871354103991324,220.25773917477062,26.37364762647755
100505,1360,79741.38108158112,0.7972991181208807,239.70133204395503,5.673727335610347
100506,3597,208744.50565624237,0.7857122320846481,95.27842569375386,37.75251295147929
100507,14364,919548.8762743473,0.7717522560130983,1409.532085892351,10.190615838947997
100508,2050,126460.36109781265,0.792796293060954,40.92757665202801,50.088477444667376
100509,4962,270994.88636016846,0.7851994553553102,98.72360502482807,50.261535716327444
100510,2747,171426.17270851135,0.7886827811571655,160.4057542865214,17.125320797988515
100511,2742,170725.31214427948,0.7801479942862958,281.8010785587834,9.730267939439493
100601,24958,2107333.3531882176,0.7790224217090367,261.7241456621397,95.35994448222726
100602,3791,214806.9714050293,0.788227486283381,542.396229313945,6.989355373644618
100603,4026,227532.57470607758,0.7856488080683243,286.9072761659782,14.032408148725116
100604,21916,1467951.8577010615,0.7879403221479927,1508.4693369986032,14.528634730889657
100605,8889,738709.5590531197,0.7830827991878481,111.89148984750426,79.44303907397001
100606,13452,818542.9881527725,0.7745516204848163,749.6187928813375,17.94512107719985
100607,4062,254918.37306976318,0.7840374446836732,765.3024454423982,5.307705501518267
100608,9253,812361.7609023255,0.7870877981572413,104.79457100949135,88.29655878988184
100609,4454,275636.0786901619,0.7805351817425881,321.6160466941555,13.84881148121189
100610,2329,152873.6916460991,0.7927371398119929,281.9239061865636,8.261094390692715
100701,6341,504509.3611053524,0.8080572467875996,703.626907582418,9.011878215099753
100702,5501,356688.1290900848,0.7992021270154541,2210.868414076977,2.4881625541231642
100703,1152,81673.08154964447,0.8150232646924754,92.9784705168748,12.389965048854206
100704,2216,153330.48698234558,0.7918252710400936,910.2303888676487,2.434548469379015
100705,397,23420.28582763672,0.7932811095672531,1047.0302162736355,0.3791676628138937
100801,17768,1008381.2205123901,0.785444259402023,1616.5896415407801,10.99103912546738
100802,8517,521891.84170468024,0.7916758482803603,1083.0719645509191,7.8637433880318905
100803,8223,473768.7855407902,0.7885810042999093,238.7424331082288,34.44297644513105
100804,9052,511684.10311222076,0.7769719844126776,157.78457568530283,57.36935920817746
100901,10349,711247.9923505783,0.7864194798900351,2401.2223168574633,4.30988831285892
100902,8159,513654.3243765831,0.7944652286576996,3236.870724930296,2.5206443795112325
100903,4152,271854.76928663254,0.8046393543625383,953.2422921552479,4.355660710995597
100904,5097,290913.0624064079,0.7969504804243545,1748.175156070688,2.915611735071415
100905,5007,260568.07954406738,0.7871603557085929,2075.2189608006747,2.412757446119404
101001,6866,355933.22839975357,0.7830650011929902,456.72390996524047,15.033152086394043
101002,3693,204322.5188550949,0.7758213915606679,192.87264544144375,19.14734975272166
101003,1793,82955.6695971489,0.7700856670080718,62.33589981353151,28.763521588097554
101004,1028,48577.81825208664,0.7813606026223662,133.77094901525234,7.684777655892904
101005,4123,212318.4234714508,0.7820303179874832,173.34130991001726,23.785443886055088
101006,1921,98910.42061758041,0.7798244144567781,86.65250436616117,22.169007278572934
101007,6275,341181.7644396683,0.7825434738896283,824.3744957808551,7.611831797460282
101101,5844,253719.2102712082,0.7791721592469218,207.0304665109963,28.22772946652081
101102,1513,74327.86779594421,0.7757305351220766,29.765630637792317,50.83043656662863
101103,1325,69954.31134605408,0.7917101890186093,16.5132579105179,80.2385578412155
101104,5953,243768.39848041534,0.7788340161873196,184.48150775606226,32.268816925930494
101105,1279,59194.00905275345,0.7823301009408564,38.11090304229189,33.559949985459184
101106,4503,213656.27173280716,0.7804708198761903,124.67997635896275,36.1164649809969
101107,2400,114248.68309736252,0.7780414581050475,73.26635491445097,32.75719124832054
101108,2695,129301.5967745781,0.7879455661508281,61.29611561505731,43.966896971493846
110101,99246,7645539.349067385,0.7587643723091907,890.2612535191529,111.4796354527237
110102,27527,1998460.738831562,0.7548632214642482,81.9759145580337,335.793752938403
110103,17934,1138120.305910538,0.758287236511581,91.06669085971158,196.93259775549944
110104,11835,593867.2363410579,0.7597657035008533,1405.7703943782212,8.418871280352063
110105,5957,495578.8054287319,0.7618006042371925,41.60962098845429,143.16400530667968
110106,34185,2326809.7738871113,0.7551874096532724,17.306227725775702,1975.3004838301788
110107,10475,795715.7942789219,0.7569970788989829,30.81015410339365,339.98531668643
110108,30658,3011217.6858114055,0.7579805367601401,660.2685716295035,46.43262047796381
110109,7484,501378.8904921231,0.758084326257749,361.8784579517042,20.68097681846208
110110,11901,864793.8153591141,0.754672178810619,32.64737008829406,364.5316596042505
110111,28182,2096486.9170909,0.761953218230615,2780.0107412397183,10.137370903621946
110112,17676,1357810.7018702845,0.7585673171231908,186.81571895859358,94.61730575208055
110113,4443,299970.14790439606,0.7576612421394655,6.3527995528343,699.3767020427642
110114,3223,156464.22557489015,0.7594579277739849,1267.0721065349428,2.543659499232388
110201,58842,4097627.763745123,0.768797245040343,226.13871705845264,260.20312118773734
110202,15798,1986602.4944449335,0.7827590704832006,366.17940922611814,43.142786300812
110203,1841,114983.46567863846,0.7727797386569862,428.15748966302704,4.2998196795504455
110204,15385,1560105.2269310874,0.7750713811549886,73.24425639689746,210.05059996283464
110205,16377,1483477.688423859,0.7758838552225275,758.1992708771611,21.59986250191647
110206,30002,2713469.7729492052,0.7677600725806798,178.71617884120246,167.87512017397236
110207,44290,2717578.0045990148,0.7611661660251351,211.44629376191895,209.46217222359533
110208,737,33298.81283330917,0.7721674358990331,443.2681979078222,1.6626502949648996
110209,886,55541.11440992355,0.7900481941872203,211.45925626591904,4.189932451506484
110210,27569,1984216.9469674213,0.77410886144261,16.23042653377029,1698.5998453360291
110211,5864,473384.82725105935,0.7706890517558602,12.779488509146242,458.86030538727374
110301,27511,1912429.3264580495,0.764042393987725,1148.4218674457431,23.955482545093343
110302,2256,162696.27300786972,0.7578572252804928,958.9030676370303,2.3526882707334864
110303,3017,228284.05734157562,0.7551300300246325,614.0296896051941,4.913443195132562
110304,15612,1446071.803286364,0.783808192583252,1952.28424311585,7.996786356828458
110305,25927,1411760.1797895501,0.7586827515112051,536.4446065836327,48.33117843260101
110401,6710,530453.3908357034,0.7539956781352508,131.90803538785,50.868773689719106
110402,2452,168527.00597906113,0.7545670058705873,183.30620787895612,13.376524605315858
110403,3989,216575.47751808167,0.7540024071894483,315.05410895939764,12.661317172391106
110404,1692,103922.28246545792,0.7575443849566417,254.82959460125304,6.639731160925687
110405,756,40612.7435259819,0.7739443115141026,337.3457014678281,2.241024553479001
110501,27879,2760296.81100117,0.7653151582177552,24.780644685154087,1125.0312634804902
110502,1963,124906.59230987777,0.7632906262934117,902.2933689257717,2.175567357141343
110503,7189,758680.0987017978,0.7640266517452644,913.5788548237723,7.869052531198027
110504,14941,1091043.5328349725,0.7607895523483243,269.73226142840383,55.39196505778695
110505,10784,1252158.7370583275,0.7570281438418949,1431.0385174133603,7.5357859825411015
110506,16850,1717476.3081881618,0.7671463441671886,233.3716688172937,72.20242322212572
110507,25834,2034102.064482084,0.7660706394886356,137.41568722635301,187.99891425384263
110508,14255,889867.0250535846,0.7629633743819,55.87580428447255,255.1193702273267
120101,67539,4561336.843472363,0.7611892817798412,227.74393388397368,296.5567462025504
120104,757,35475.97777605057,0.7735911497509149,13.151606667477854,57.559507301260666
120105,2621,115233.54268884659,0.7693460507276448,125.86828039713414,20.823355906113395
120106,2432,109467.21995782852,0.7859258638008645,41.64171763767868,58.40297033759849
120107,48454,2876947.1237396616,0.7600179346203041,26.94935817103842,1797.9648974375912
120108,3043,138885.52049043198,0.7691374627375658,705.1192323260966,4.315582188790311
120111,2846,162338.07221269608,0.7639367883882301,41.762811830337746,68.14675246393685
120112,2886,144492.38621520996,0.7761411640227709,111.32464288890787,25.924179275202995
120113,3189,157928.60964144897,0.7677981498922514,111.34220265154856,28.64143086858222
120114,89874,5993882.835561308,0.7654433362627814,167.12089726122528,537.7783477282239
120116,3020,145048.60082173347,0.7698868214294611,24.442052128418638,123.55754681042771
120117,6563,410629.557059515,0.7750021487261016,13.68190605850119,479.68462668416805
120119,21870,1447381.7989364255,0.7669521672926267,12.318698526832975,1775.3498839477304
120120,1467,73139.93835536423,0.7780398771156644,52.2407156064562,28.08154488256474
120121,11806,685439.817196693,0.7707957225938016,14.106060797278337,836.9452088479502
120122,3070,205050.38613319397,0.7671872316043618,54.340203267386066,56.49592411154182
120124,7547,348626.906891346,0.7736054192209174,583.0813548552204,12.943305316071934
120125,15760,1102658.0363279742,0.7650007487969652,8.919031964643299,1767.0079065167129
120126,6110,355164.32083415985,0.778159640483107,111.76199860581963,54.6697453179031
120127,1742,142508.32614040375,0.7658940294306259,30.590381780596452,56.94600389410486
120128,4052,287064.0024921894,0.7621836128321946,160.28547964425357,25.279894404616265
120129,15446,972268.2346027328,0.7689606110952099,26.324098830406914,586.7627264093977
120130,12901,817418.5206380624,0.7795538560853117,21.115081363366222,610.9850953443491
120132,5616,347650.30303025246,0.7770922363780842,13.045573835748897,430.49083702323827
120133,25275,1531411.0449529982,0.7761547103715816,124.05277224914362,203.7439352765007
120134,16624,1074441.51984803,0.7773469923937172,42.18208569889834,394.10094888774466
120135,4982,242146.6768655777,0.7780400640942494,880.4772666833001,5.65829486860787
120136,4577,250119.73464632034,0.7715482410838673,6.126879828752265,747.0360326835565
120201,13520,936239.2900933333,0.7799571745847104,18.315881898190874,738.1571946767914
120202,3530,213221.48491883278,0.776994022921192,39.08086201755695,90.32554088531002
120203,4696,230875.9522242546,0.7694356046629723,507.8988524865,9.245935439723837
120204,4476,221324.12235164642,0.7646427166792193,109.6406096737461,40.82428958867598
120205,2079,122418.44154787064,0.7615300144009317,108.86812772954751,19.09649815200915
120206,6947,365859.44054079056,0.7653849867328184,952.8658543328659,7.290637993176735
120207,1795,127040.01797938347,0.7808998889245695,25.212445802426984,71.19499687044288
120208,2552,143160.1633594036,0.7787920059782211,17.459919861708332,146.16332836652003
120209,1210,67396.58916091919,0.7727575212963357,56.49326157491363,21.418483661019707
120210,7255,541103.638501365,0.7696337143689661,23.714226826740887,305.9344946392703
120211,3332,220544.4124137123,0.787770407683566,25.322734060180125,131.58136842891517
120212,3272,245630.8095603832,0.7726056849934653,6.879360743493535,475.625588190682
120213,8311,516446.83638016396,0.7863858984188259,45.26916441149695,183.59075339789717
120214,8020,543120.3510738059,0.7862209479856372,309.39759942831444,25.921338804240417
120215,2482,213052.76592842102,0.7645465355549581,16.19685407431212,153.23963459894358
120301,15842,1454468.8430205598,0.7752333162988531,742.0164724219461,21.34993034358337
120302,49597,3160562.9292384773,0.7767843054838666,1497.1839630006127,33.12685763785442
120303,28918,1927311.7073128757,0.7741505983307184,1248.3374196608825,23.16521121978041
120304,6045,336627.46190428734,0.7700533664847722,193.27342953763974,31.27693244985206
120305,14712,1372080.1115794543,0.7707880775303929,624.2059514657673,23.569144070884168
120306,1892,148049.2351518463,0.7661740488784258,394.90875598745833,4.790980122152791
120401,13665,1113082.221604301,0.7683129382142208,9.519318983999941,1435.5018487108284
120402,9293,772308.7094106544,0.7716815451637711,120.62831547257284,77.0382970498576
120403,7406,516359.16347169876,0.7697193758602952,421.54581068480144,17.568671808098266
120404,1418,105091.38509645997,0.7777470383052261,5.647616565866638,251.07936834277717
120405,2389,178053.81653624267,0.7773510253843576,950.4965701458094,2.5134230622563103
120406,1871,123333.44872379303,0.7827352751454588,65.8043806415422,28.432757542266735
120407,3528,278971.45986557007,0.7685580214067381,17.965348007225167,196.37804948621846
120408,2914,198559.67733812332,0.7796374746766415,19.749335970102926,147.54926466445713
120409,2075,146479.80069494247,0.7825977831576244,14.392934287847755,144.1679617582889
120410,2942,251142.2045846382,0.7682208363941784,12.097065036473307,243.1994860844106
120411,1488,113563.49496126175,0.7765149201356596,32.645215678563844,45.58095172816029
120412,1445,136274.16772985266,0.7779813144033756,19.188647114505255,75.30494418794552
120413,2750,186083.8034467697,0.774129090612585,21.2021541588063,129.70380176477443
120414,1793,126904.40664843445,0.7845417175024365,109.6857194407388,16.346704102795492
120415,2934,248471.6082316746,0.7792613498800534,28.8440765759913,101.7193250153187
120416,2439,205086.10174179077,0.7764296023608134,14.56813378656867,167.42020877435078
120417,1031,76492.58773088455,0.7754979630793101,33.89812216639855,30.41466412030271
120418,2178,145806.81361365318,0.7687842518884835,315.47867346131284,6.903794719636059
120419,1894,97237.2123632431,0.762143400050267,939.1317427950464,2.0167564503389825
120420,1741,129461.36399435997,0.769253704446544,11.996654794670022,145.12378907272605
120421,4006,278072.4008152485,0.7817998002364643,20.858240925953293,192.0583818271776
120422,2440,193168.40421676636,0.7673524589323607,34.153878141329365,71.44137453156084
120423,2161,138917.91598653793,0.7749684410810139,89.52333041436134,24.138958973015733
120424,1966,160929.41434907913,0.7702633777324448,11.438214705887232,171.87996995615958
120425,2434,150957.0417394638,0.7716700079358789,34.11787591238426,71.34090077150718
120426,1591,113323.2789978981,0.7808273413284704,282.62293920150523,5.629408584083986
120427,1994,138754.68858623505,0.780109980011895,321.3335661351087,6.205389695148119
120428,4279,316498.6241172928,0.7726946482175866,24.428859302955722,175.16167852676898
120429,1475,142539.05906438828,0.7726512546458487,8.74898732110359,168.59094039856774
120430,3233,223207.68666410446,0.7705309927887567,4.711103591594416,686.2510953417245
120431,6071,429666.9690240513,0.776153812915445,232.0609261717864,26.161233173334214
120432,2106,151642.77124500275,0.7742115381719493,32.82817153195904,64.15221749252031
120433,1918,172673.549366951,0.776743743137473,93.5074494090447,20.511734756123907
120434,5876,386248.4901624764,0.7686170864726022,19.682673583861053,298.53667871716715
120501,15211,946134.2973563656,0.7816857077001577,873.4698002931865,17.414454392005673
120502,8191,481406.48811248667,0.7880692957027129,205.47844669709798,39.86306170629469
120503,2980,163259.78623723984,0.805913590824844,290.7322989635362,10.249979141030192
120504,7940,397761.09258556366,0.7822001259032665,1137.449190910308,6.980531581938676
120601,24111,1803790.8943891204,0.7838272822352655,818.9394175982906,29.4417382798724
120602,1985,136422.1543893814,0.786811486509645,98.00293164503766,20.254496132723695
120603,2760,158734.6011929512,0.7824260145857714,309.63366638905103,8.913759386009701
120604,23892,1445387.950539902,0.788604407135454,1263.865174785223,18.903915130077166
120605,2844,129475.85247373581,0.7646022151039622,954.5230262259232,2.979498578724556
120606,32843,2186561.1740846788,0.7882825411458952,4433.76102121153,7.40748088200424
120607,8975,590285.3304916841,0.782809191892406,490.45560525874913,18.299311708885597
120608,31055,1604918.0234600443,0.7910449395182052,10254.059765747597,3.028556562907439
120609,3080,181016.78469371796,0.7934231491638468,609.9775913038574,5.049365819187467
120701,26431,1986770.710781775,0.7691097574965384,447.3717922421591,59.08061361565034
120702,8755,573684.6193084953,0.7751055741160342,107.67809104942133,81.30716206680978
120703,2346,146637.17036223412,0.7721482527784476,165.40963391956618,14.182970752119497
120704,7423,442234.2359744572,0.7785281152653274,639.8496462220261,11.601162935431613
120705,4164,349416.79145689844,0.7791600620425972,152.13844317652575,27.36980813697774
120706,4157,255338.91234374046,0.781458792647462,271.656588678322,15.302408162543953
120707,5070,312808.5350277424,0.7867963906223252,168.5465874336093,30.08070395965198
120708,7186,418055.14645603485,0.7820150432416134,514.3477459514829,13.971092624711991
120709,4420,242590.68255662918,0.7804016290207254,215.95491233587634,20.467235276989392
120801,7439,676506.5721594933,0.7651163862747985,381.61414297450966,19.4935123263943
120802,1414,81193.3319530487,0.7782615989320181,186.86476586260736,7.566969586121152
120803,2160,152629.02798059233,0.7750650459141643,193.91092903953896,11.139134914667807
120804,1536,106765.55917826538,0.7706082025930906,887.1233691717296,1.731439000907055
120805,2961,329697.08461742476,0.7883954069091839,265.9617332306727,11.133180567115193
120806,1867,126954.78143424912,0.7649919117716588,324.1560250439325,5.759572106509411
120807,2835,180491.69382556152,0.779526490298949,683.2021555326775,4.149577071795996
120808,6302,493515.7344773925,0.7683298950137051,100.73691622373579,62.55899263387529
120809,1220,51879.73877596855,0.7742904917138522,216.29624828794914,5.6404122108296955
120810,5327,491481.73607280885,0.7789421249827906,412.4008231682782,12.917045022061808
120901,18530,1151995.6238140939,0.7698812630294917,20.56350106555023,901.1111454674939
120902,9602,518110.0393960476,0.775291772378879,72.37016199203639,132.67899001050466
120903,6617,368364.0563440323,0.7727942723368201,96.74606458655973,68.39554692252831
120904,5805,340347.97953367233,0.7754688887530417,24.01871664976705,241.68651825351796
120905,8941,620127.8926720544,0.7770817472075818,11.067363823533166,807.8707940357253
120906,4085,215037.41723895073,0.775576083371222,26.408797387880192,154.68330268892637
120907,4148,223844.3830227852,0.7728440691874136,136.604367608654,30.365061327198887
120908,5308,298612.7804443836,0.7769891109314734,11.816404513290237,449.2060164350286
120909,5226,262932.3898783047,0.775840834313501,760.4895536676486,6.871889265008737
130101,102265,11534095.456503337,0.7725738640782279,38.5362203121406,2653.737163937223
130102,48797,3198585.046726539,0.7653446236609396,17.939269202553426,2720.1219541905516
130103,19325,1587821.072398242,0.7611232030869765,3.6108840632066594,5351.874959629238
130104,69864,5882963.219958309,0.7776766002185017,317.35131730796877,220.14718764252532
130105,95625,6574974.388186617,0.765300459144318,21.723562850803347,4401.902241209192
130106,34281,2839299.8557838704,0.7711962341483327,495.26618803291285,69.2173235894752
130107,18876,1816719.7498611694,0.773678379995789,27.47130642565707,687.1169396723919
130108,3562,241433.77172231674,0.7643422513848808,150.85865521214896,23.61150571699611
130109,20833,2276617.5590659026,0.7748048095451808,290.95347234766103,71.60251373493352
130110,4960,391337.4876044285,0.7809187706319555,390.104264541404,12.714549546980322
130111,25667,2370032.4262823216,0.7641283944519113,11.949123954320893,2148.0235788096097
130201,4698,423512.3110964103,0.7560115582565391,298.9920777577563,15.71279090480225
130202,16376,1833670.7663404474,0.7691003296416914,900.4652194602708,18.186154940904437
130203,5919,560530.163342657,0.7593304107249196,99.71875355780969,59.35693927991783
130204,2212,292748.55503226165,0.7675492770794718,160.93172160029775,13.744959526959459
130205,18128,1473077.897633132,0.7685853541653607,82.56377649110684,219.5636000486559
130206,10915,995175.5667937928,0.7748003664827107,311.64805625142213,35.02348171616486
130207,8401,1146236.2563906396,0.7645046186793377,136.57389520735742,61.51248734060729
130208,11432,1328963.1318904434,0.7637845432950201,661.8554672040582,17.272653270197093
130301,2713,215251.84197092056,0.7889477702642428,739.3240787228063,3.6695680258199475
130302,2028,163306.76609182358,0.8066739155166953,164.97113480942718,12.293059645511459
130303,1628,116917.19580173492,0.8025283171298756,324.8648591310508,5.011314564322462
130304,2398,174289.9092643261,0.7854140117528341,189.69784359721524,12.641155821948429
130305,2082,143551.48222398758,0.7820315563140525,221.9186936255281,9.381814420344533
130306,574,44695.50394296646,0.7766414626342494,100.61918296703688,5.704677607927347
130401,33105,2490321.9559292407,0.7716312672234503,289.7105731959536,114.26921577214421
130402,30066,2302935.3417606875,0.7786149105165784,590.4050902055875,50.92435769740838
130403,12993,971385.1444408868,0.7778277762453835,271.6417740374097,47.831376621073915
130501,10705,744388.0967380402,0.7960282115388395,228.64689967455442,46.81891604582004
130502,5478,289854.57725667953,0.7806293358111651,209.70462171402602,26.122457174407643
130503,5578,350887.1955628395,0.7944601648552266,235.244951407819,23.711454662973907
130504,7376,332535.74225616455,0.7823307891487429,440.38630007785895,16.748931560077928
130601,16999,1388223.9530228283,0.7889583210600384,403.6053882876539,42.117871795816136
130602,9562,679156.7288832664,0.8070396259785496,259.2612012734342,36.88172373279747
130604,3065,233307.04280951805,0.7901248609455724,66.06290284962743,46.39517592765431
130605,3691,258612.517973423,0.7872949335769533,135.63994336946035,27.211748311825357
130606,510,41137.66269874573,0.785985489803202,41.59662474446121,12.260610160873904
130608,2906,299020.75216307223,0.7964032004598248,37.446061591917875,77.60495700907603
130610,438,35134.92089128494,0.7991584480897477,22.235674850440024,19.698075410170535
130611,6073,465451.1790509224,0.7836267742630915,196.2305538338,30.94828955710743
130613,4849,338097.1234321594,0.7963792945483611,455.37663949831443,10.648328393266095
130614,22134,1552326.9128093307,0.7957591261575676,468.9422591460243,47.199840850998406
130701,16415,2264129.9299674644,0.7777566251324838,685.6412302201256,23.94109233298288
130702,35001,2825179.6157069704,0.7766480128569813,168.09362753227927,208.22324149842447
130703,8279,815859.3295108576,0.7841863388787118,48.85536601859932,169.45937927981484
130704,17047,1796389.2062121218,0.7799863495343926,34.824445978719204,489.51245370614697
130705,12494,1122959.2066588248,0.780768224696684,179.04160723678925,69.7826622136843
130801,8353,798651.2517975005,0.8124520772162503,339.33331237184893,24.61591507657992
130802,3504,288929.69990005455,0.7970941779480133,230.8009490472089,15.181913308698219
130803,8786,718308.8096261024,0.8006909401235509,309.81169784594823,28.359161584559597
130804,3824,311582.67338848114,0.8002157163295786,226.96192755043924,16.84864083272366
130805,779,70333.09813737869,0.812269062377675,93.24741821480588,8.354118697479498
130806,2730,223717.67608308792,0.7990950917149638,125.67051860417473,21.723472062677637
130807,1395,82852.75706338882,0.785188171684101,1317.7559261966214,1.0586178914226738
130808,8804,857530.3496256866,0.7899956270774783,278.77089310237153,31.581489380123177
130809,4656,379604.7137198448,0.7862000862501332,394.5420664429559,11.801022998578476
130810,1037,103667.96801791916,0.8039735770616375,311.3056307716355,3.331131523158064
130811,1789,138021.6674027443,0.7970272777065877,130.98688885398104,13.65785549723458
130812,2398,197363.22575831413,0.7953846959693915,130.97337122439347,18.309065251833253
130813,1945,161404.94213617936,0.8022046271204029,118.8709700720672,16.36227919079668
130901,38404,3096449.216050545,0.7988276585863601,417.0081479740778,92.09412378768982
130902,11257,856808.0563783646,0.8113698320309582,418.59062811230234,26.89262311190564
130903,4861,366768.82479047775,0.8093934171093367,263.5932682532723,18.44129037214005
130904,7026,494613.55822372437,0.8010836322695111,98.63019004938653,71.235795008424
130905,10788,685860.3947763443,0.8090433908428225,236.21262190319845,45.67071781803851
130906,12886,845470.5289379994,0.8105205109118305,338.2347478781103,38.097800657204296
130907,6667,467660.01067974546,0.8007006750339973,336.7383037389609,19.79875745043917
130908,7656,617713.8683550358,0.815766457806934,399.0199231831209,19.187011863782192
131001,25595,1509215.201320092,0.7825755264265832,1083.8371945046374,23.615170368551592
131002,4251,323322.9698443237,0.7909968712979893,146.37949729842498,29.04095230859725
131003,4163,343099.5853698288,0.8022547682517714,271.06812986072765,15.357762648596541
131004,1428,140506.87652692528,0.7994373249573534,69.59139351965116,20.51977877978205
131005,2215,173645.04808807373,0.795684197901603,69.2902574919183,31.96697602485238
131006,12374,876663.0867241608,0.7916973569974272,556.2877219816584,22.243884793862104
131007,3845,249125.56088399887,0.7934172695572882,168.32667673825327,22.84248744469034
131008,2478,178599.83036994934,0.8037292172198722,316.00694150759534,7.841599897072009
131101,10913,883474.7219839096,0.7881320351904585,468.51395823319564,23.292795888416673
131102,3661,296807.33069753647,0.8014676588964215,288.6546867927649,12.68297438949383
131103,2335,191603.17488479614,0.7981893795205388,301.3003347519973,7.749742468497279
131104,6379,438024.62846803665,0.7933654175654608,235.31656802715094,27.108163498559897
131201,31327,3246904.9836567994,0.7742169949281348,1088.8411992517467,28.77095394767204
131202,28191,2521097.4051912865,0.7695570499522093,1679.173748405046,16.788614059013888
131203,6684,748173.7993255218,0.7715517652295151,428.47555161434747,15.599489807101019
140101,61441,7447287.1615666235,0.7836480801157614,47.57713751472533,1291.3975747486647
140102,13184,1151613.3432306,0.780272148205962,724.386653650694,18.20022488481331
140103,8064,745926.8176377057,0.7755550470883175,83.75800459350285,96.2773652397341
140104,1598,172810.10355718993,0.7713856691487591,13.351341569777775,119.68834679634354
140105,41007,4662194.25831614,0.7832139708708777,29.27974047457978,1400.5247087350945
140106,31209,3129348.875991191,0.7869248038077905,41.129183050410276,758.8042768014251
140107,12639,919392.124745038,0.7797718887248365,432.41186928139905,29.229077409470843
140108,15808,1632328.2224675484,0.785463119988982,46.994664641563155,336.37861064804883
140109,3111,253585.2857334591,0.7808402762923429,212.39022159765116,14.647566995308436
140110,10649,828077.0589954887,0.7792313175980995,488.769533041515,21.78736455550616
140111,6596,455744.8053589161,0.7773416467765522,52.49946597904441,125.63937322015518
140112,41939,3992324.5200226353,0.7894826224355125,66.7352626828148,628.4383744667546
140113,12714,881230.8462178609,0.7757111058138406,45.51647790356525,279.3274125238088
140114,5238,548348.478811099,0.7877179459789956,13.971582602896701,374.9038422400348
140115,11963,894424.4225826451,0.7763006353442071,315.4441373303987,37.92430603162505
140116,10287,1019466.8894269506,0.7774139108203111,165.1338027822822,62.29493796350537
140117,15734,1234495.4138654668,0.7754310028509368,184.84927671016774,85.11799602370066
140118,14984,1161013.2128393995,0.7708198412202668,77.0028540931909,194.59018988914312
140119,6557,587404.0563509571,0.7755343604691421,175.75497249572274,37.307621553407685
140120,17325,1388026.0137288822,0.7796081789093788,126.22289635471375,137.25718946674291
140201,18440,1544096.8877734926,0.7704513449666298,60.54854154359421,304.5490366885786
140202,3451,207958.88784260026,0.7805950165278529,290.0381391357485,11.898435186087045
140203,10866,643373.6406123638,0.7850265138093968,437.0835510296258,24.860235473065185
140204,5035,313424.93371191673,0.7742363454687087,210.2973372095267,23.94229079079328
140205,20770,1684547.0448688457,0.7863286853353163,552.2957903165365,37.606659989380184
140206,7126,546667.6344436177,0.7672353077061953,31.189698997885905,228.4728685737882
140301,45725,3908836.9722319026,0.7839750683196847,326.8947820098741,139.8768121010229
140302,1247,82384.78259181976,0.7740421014111235,77.64315471619594,16.06065601736662
140303,4910,381123.19596505165,0.7775425054390901,24.139460571560658,203.4013968723312
140304,15439,1246485.2309462426,0.7769443226282179,690.3471109211608,22.364111844256225
140305,14249,913112.0788552163,0.778167569538578,103.115517498702,138.18482751812172
140306,32266,2152642.0451275436,0.7841054299494268,1058.3325018915361,30.487583006599188
140307,26286,2184701.7179380343,0.7645643460263511,558.2593390742608,47.08564310556636
140308,48188,3686773.884021948,0.7832849133437211,5706.403124058391,8.444548860706623
140309,5835,411149.00409368513,0.7729790743437197,89.11446471348465,65.47758569565933
140310,14448,868167.8029289246,0.7809525402273121,1074.6589969343856,13.444264684160213
140311,11188,814012.0665062885,0.7891569809111093,45.72826634115453,244.6626757404757
140312,13831,992943.6257949368,0.7771719034267484,63.67843651405208,217.200684519757
150101,48938,9906400.801898878,0.7699348155440003,21.63664339403405,2261.8110909705088
150102,48936,3544592.46270401,0.7824287334332498,312.0731856972723,156.80937114369877
150103,202986,17813903.903879,0.7691756771708034,84.92638868184959,2390.1404869624703
150104,8581,1023249.5015627738,0.7590294254574933,2.7622603744120777,3106.5138100264676
150105,10451,1690636.7656190773,0.7624996364795356,3.2185284060240607,3247.1361695733535
150106,196237,14517126.007521635,0.7779709942581885,313.3541083316961,626.2467757157227
150107,20988,1775611.7853591603,0.7664954402099365,42.96966263424613,488.43762583495135
150108,94054,10054163.840811923,0.7692027589861975,37.01189298984672,2541.183182005885
150109,47635,2963267.7596996156,0.7729933830051816,226.14108356942086,210.64283962969955
150110,151483,13189563.238994641,0.7683999856120529,49.099230373511794,3085.2418428481624
150111,33036,3436542.932454275,0.7644409916781675,13.370189833136877,2470.8699287218114
150112,59345,4893452.941051518,0.7665761767055224,16.180941213582347,3667.5864040705846
150113,9522,1623931.7997329137,0.7635312642189315,4.3519825845001785,2187.968314467323
150114,51894,6928130.534166308,0.7756423073457781,48.812051256803805,1063.1390950358107
150115,25390,4223678.975009484,0.7678410674582884,9.150984259417664,2774.5649298729895
150116,7174,1277281.5782881642,0.7663096455119266,2.7565751710524196,2602.504758562805
150117,58825,6757913.189865531,0.7706361325598756,18.272175243413443,3219.375866111212
150118,179461,13495976.487491138,0.7671065318020549,246.4949965328761,728.0512891711558
150119,94322,9634414.585125687,0.7734597326430885,189.09176339384982,498.8160156058273
150120,8365,1172448.2978808496,0.757565092783949,3.65369446172871,2289.4634698168443
150121,13383,1857063.730665248,0.7600759771838812,4.653769153651501,2875.7335308519237
150122,18798,3208088.0188097428,0.7661818014787783,9.213808288418214,2040.1987334193989
150123,105380,6682516.645260964,0.7752707809877251,186.27846935482847,565.712185444627
150124,9940,688152.3845128788,0.7547088029099183,29.530432941242854,336.6019055588439
150125,163141,12935511.725508071,0.7730468833471567,50.75661013934872,3214.1823410213524
150126,30291,3177700.111568888,0.7679092041460144,122.33948019581423,247.59791321261793
150127,10632,1133237.2850061094,0.7591542419217151,130.11154597265667,81.71450058885894
150128,39177,3793273.5790159693,0.7644173877023855,12.166712758585497,3220.0151986291094
150129,7014,1000435.462687909,0.7524662249986351,53.86023598891786,130.2259425941465
150130,24175,3240230.9577874746,0.7622906927953955,10.367065721494942,2331.903804745432
150131,19865,3077820.055989938,0.7687204682613962,9.801323192711498,2026.7671629043
150132,370453,27987951.736131832,0.7731494572770605,140.89685304845116,2629.2496389015146
150133,87127,8959471.219191222,0.7779332502929193,22.434877573552246,3883.5513906575184
150134,9928,1440055.664872166,0.7700803686266556,3.4858480472949207,2848.08742816667
150135,131237,13949879.162788924,0.7624279608783692,36.580275020155405,3587.6438853368268
150136,24797,3255669.7384779644,0.7607938945017001,9.722818140081225,2550.392246644741
150137,25290,4345235.530032417,0.7699975603062346,10.75741623719633,2350.9362696735484
150138,1063,181747.8328143715,0.7538887112631847,7.8434603202416335,135.52691753366992
150139,26236,1769630.3905012654,0.7839541925078468,17.624814922486607,1488.5830072761116
150140,75969,9915604.051051933,0.7618306520491449,34.76137208652607,2185.443077761781
150141,12526,2145307.6720100795,0.7701421841186741,4.621710374794206,2710.252046150286
150142,107017,12077286.931371002,0.7840319379373396,33.99482046467284,3148.0383934138217
150143,175381,14236937.591391455,0.7825959425628433,66.47891381173386,2638.1447882357606
150201,37923,4018818.950733506,0.7681129657338573,161.36757112848247,235.0100440552912
150202,15738,2667170.3969842093,0.7700108722380632,415.1109030047478,37.9127599060437
150203,15726,1244050.9440754305,0.75679595611348,282.97985094016786,55.57286127528933
150204,23802,1784060.8386165344,0.758479745430502,521.2094942448691,45.66685807303732
150205,11401,857708.4734774884,0.7616780719394465,15.50584395486129,735.2711682891427
150301,3001,204289.75196647644,0.7939554481894046,554.4521450689194,5.412550076124189
150302,999,55642.66233444214,0.8016438444216808,206.22792751154807,4.84415477600171
150303,2331,165352.26352977753,0.7955792795839559,337.47661895687634,6.907145174101266
150304,1839,109839.89371728897,0.798087493468394,150.71064187864167,12.202190748287288
150305,1337,91814.25293637122,0.7860222138748654,283.8322382666749,4.7105290370286275
150401,2648,205942.1148158432,0.7707659360640359,134.70287130328487,19.65808133397544
150402,1022,55720.0716252327,0.7706431512030136,135.80133815873174,7.525699038439759
150403,2281,170724.7666458431,0.7764166595119492,495.25734096483296,4.605686400440389
150404,1619,97082.98815751076,0.7694828282026982,328.6870785584396,4.925657580153843
150405,1192,77227.25680351257,0.7743509233797956,128.89097379557657,9.248126264377005
150406,1203,73195.75410795212,0.771397173949707,107.9910833063919,11.139808613520923
150407,13134,1245705.9939175178,0.7750071263148103,411.02950383987746,31.9539105521645
150501,66618,4670162.992390877,0.775717789576045,521.87490651174,127.65128035237572
150502,26372,3497756.4330803114,0.768764833841305,283.0728543553818,93.16329557652129
150503,3855,272370.1020989651,0.7642157194524732,529.0245502326667,7.286996413124038
150504,12002,1471108.758161018,0.7600181888409643,121.40406126574953,98.85995472365634
150505,37053,3837676.509186313,0.757651399445528,485.13179801184145,76.37718276115882
150506,3278,286410.4667318665,0.7649955768785948,602.7530760412599,5.438379545947955
150507,24487,2021670.6990075004,0.7610758810355488,52.466370355862566,466.718010678317
150508,7219,522685.63200473785,0.7685885025880594,495.5342063032074,14.56811640482966
150509,32705,2491926.0031067464,0.7658120808169813,131.6544695202899,248.4154174117095
150510,33603,1917539.850752764,0.7658209623802461,321.5423830534096,104.50566323761554
150511,1622,158697.82561019517,0.7683336004963932,239.43057212485496,6.774406399338935
150512,22475,3749199.7982001286,0.7733635016596224,450.8392638510447,49.851469918613034
150513,8955,773581.9827458843,0.7668121829836945,39.4543966486921,226.97090212116717
150514,9836,761486.8918055088,0.7606106343587854,37.617375948314496,261.4749102519661
150515,6769,619590.1434519377,0.7733695080597656,94.69503745275702,71.48209855640036
150516,1710,126277.74884796143,0.7644960237176794,129.84704175195654,13.169341225859954
150601,72228,6502084.470623659,0.766902878398567,647.7774617491435,111.50125508375716
150602,1671,87079.96134901047,0.7736392571211289,346.52565179230595,4.822153832933363
150603,1398,95678.00134158134,0.7841584407890986,177.2736082520808,7.886114655104565
150604,25632,2401717.7888491196,0.7678015840852566,722.3150721539572,35.48589941999257
150605,49321,4365081.264675487,0.7777183107662099,155.62841230040732,316.91513953632307
150606,3610,217320.3538417595,0.7827822987227558,476.017537068867,7.583754208361718
150607,863,52929.450003147125,0.7842222474265071,148.53418309787185,5.810110386720569
150608,1741,107751.92232704163,0.7779881669693058,306.90618872054375,5.6727432159580315
150609,758,49041.3881187439,0.7803866763385431,41.750854643099906,18.155316974457993
150610,2091,140788.54321824037,0.7777898608925581,217.15476491716308,9.629077219639381
150611,1696,114051.40095376968,0.7806379127333749,237.79346265400594,7.132239806220882
150612,922,50410.663618564606,0.7958434918438794,207.6464802650234,4.44023900055148
150701,4177,259974.72958993912,0.7502296858065602,181.30937694110006,23.037970073422816
150702,3250,197815.30622696877,0.7703667077101194,419.2620662617706,7.751714885579057
150703,852,66638.71977901459,0.7723820431971214,50.83634998122351,16.759661154167983
150704,882,50311.03862285614,0.7520310659797824,232.80287231098544,3.7886130495065222
150705,2408,240006.1451008606,0.7738121259846165,236.06046723271547,10.200776217333
150706,768,54411.700221538544,0.776908855419606,67.81807212970055,11.324415098842932
150707,533,32835.71980047226,0.7617187611828602,79.11862371437267,6.736719813582593
150708,1196,68247.91343593597,0.7624300156648343,235.06235143554005,5.0880117241062015
150709,1753,127609.46833610535,0.7660840280519781,241.43456407607835,7.260766521597184
150710,1370,76260.22103357315,0.7849267879541773,82.33388196818909,16.639565234265522
150711,1644,96542.11225128174,0.7797808392639578,77.03423667694321,21.341160384238073
150712,589,31934.018402576447,0.7619451625440238,117.83394230993162,4.998559739695277
150713,988,64583.93301153183,0.7879850209241936,169.20120948849072,5.839201758585568
150714,4798,324884.2282295227,0.7711021258041927,35.17220178874653,136.4145477390937
150715,1943,99961.15198755264,0.7812950595469433,96.91316875572288,20.04887493563936
150716,1922,269974.08269637567,0.7687660768302497,572.5032730467948,3.357186046765013
150717,1066,80180.47060047378,0.7636326456383067,42.99212704954949,24.795237480839425
150718,2116,103710.37155866623,0.767276228572786,334.879166879459,6.318697038450475
150719,287,14228.653120994568,0.7439386761562334,128.90095936635436,2.2265156241724027
150720,556,30466.416656970978,0.7715548556700027,139.42972170074944,3.9876720201257596
150721,1972,111830.57469415665,0.7777268762037188,451.8909558668981,4.363884637206241
150722,3580,281289.09118135145,0.7561222072586667,418.4590740210006,8.555197442845595
150723,1446,87079.1830739975,0.7707006234680799,135.05783166542756,10.70652462111274
150724,879,60508.52581310272,0.7755621158357909,82.6149853947,10.639716218558945
150725,328,20519.776547908783,0.7815423764106704,39.56106450437993,8.29098013688904
150726,1101,64042.70245599747,0.7811451414084023,92.97934295771421,11.841339860841138
150727,2249,186326.6855506897,0.7677619388867823,33.28204182809627,67.5739791331379
150728,10344,661719.2151901722,0.7674599476706032,117.27786734215455,88.20078531801487
150729,555,34396.103144168854,0.777556214676247,95.1924827400409,5.830292309064336
150730,1113,62902.87764978409,0.7844229111345845,63.104348351130085,17.637453346431208
150731,3694,182714.94935560226,0.7763607472455624,580.0784466640255,6.368104212876436
150732,1945,124149.67315387726,0.7599557842570895,107.26527840869969,18.132615034934286
150801,45313,5493134.65140724,0.7777310417532576,713.9635096448691,63.466829029594294
150802,3127,181372.9800899521,0.7811381197372183,945.2315621160864,3.308184073963418
150803,2658,271291.8200835541,0.7728055304966087,3.305867505465681,804.0249633735943
150804,2219,120380.79042365112,0.7830019825855425,167.58206019830365,13.241274139810711
150805,11487,1221403.366552572,0.7697205099713307,6.082128223555588,1888.648114242607
150806,18178,2014709.92573229,0.7667286941216637,483.13188388701684,37.62533711033451
150807,2217,127775.82504940033,0.7838474067686698,295.90227598855375,7.492338450569266
150808,3185,161883.9493060112,0.7821389326869599,238.44882344638506,13.357163830653764
150809,1456,79423.8697886467,0.7789867447054648,376.1011113326972,3.8712993823409088
150810,29842,2443624.8389347303,0.7778184169595183,136.0154380352722,219.4015652271856
150811,26752,2375510.5580623588,0.7709312426064466,1318.7632991042133,20.28567220377731
150812,35961,3268653.9073998267,0.769153922344586,258.69189643711076,139.01092572005746
150901,9963,712611.266141983,0.7685776070922443,880.2364270956192,11.31854998647736
150902,1406,90703.09211969376,0.7827263871687404,153.58537741132085,9.154517335556992
150903,1020,57025.689237594604,0.7716799026026445,104.83498909781298,9.729576058316953
150904,1348,76158.68678998947,0.782807046829416,259.49733342143537,5.19465838907403
150905,1474,74874.96608924866,0.7757728622677853,231.56074326247602,6.365500383323648
150906,3031,209062.87904350052,0.777850676157104,256.15199436336763,11.832818274685524
151001,1813,120070.95182743912,0.765094649278848,333.68771421651644,5.4332237081513215
151002,1047,110819.02765586472,0.7855396377778441,141.28380929185676,7.410615591749524
151003,1428,89620.40274154206,0.7695570032135779,519.9650949068188,2.746338194597288
151004,614,38875.386571884155,0.7678991853220066,245.79771488382355,2.497989048800586
151005,615,35923.15154123306,0.7849746344535331,77.74685061931699,7.910288263782058
151006,806,53520.59989833832,0.7787730766289287,210.72010682160112,3.8249790784434823
151007,518,30189.226601600647,0.7738264481533448,122.55408754276898,4.226705207357757
151008,1039,74826.57494163513,0.7759059674471359,118.75209578549388,8.749319269924992
151009,780,49586.67242193222,0.7835926934694633,213.0801169015715,3.660594950585215
151010,164,10182.628685474396,0.7860945110640875,38.44218582186092,4.266146591142539
151011,1494,80352.33027529716,0.7782081657624149,347.8003302136498,4.295568089547968
151012,326,18122.585960388184,0.7807846621501665,121.52280409564395,2.6826240755885062
151013,320,21126.760667324066,0.7859221886843443,54.24927984528993,5.898695815181099
151014,631,37059.4490442276,0.7706841527943377,278.6394646825559,2.264575122977917
151015,709,45249.4759569458,0.795456418029344,50.25321666593216,14.10854960217199
151016,1127,55001.376698970795,0.7715661937194053,515.2880430118734,2.187126239942718
151017,609,35088.2459526062,0.7696592773514233,42.510961246779395,14.325716994840654
151018,1438,78976.00456905365,0.771192906504712,411.19313706553794,3.4971400793851397
151019,446,20133.99378299713,0.7755387905199966,219.1825966984281,2.0348330876545297
151020,915,47280.5791387558,0.7944172677446584,209.45997110583772,4.368376426146173
151021,677,33181.3598947525,0.7732224519002737,202.71414330762363,3.339678174169802
151022,972,65712.05185317993,0.776825102452388,295.63218362555,3.2878693655056943
151023,379,24576.60717010498,0.7790926114550366,71.65734373991668,5.289060132839927
151024,1206,71570.00162267685,0.7847514086299472,115.19094023353479,10.469573367098057
151025,621,42551.692969322205,0.7828811596173211,158.0741344215144,3.9285364571035086
151026,164,10603.825653076172,0.7671847557876168,75.87754272931551,2.1613773206263587
151027,419,28722.29670190811,0.7886124115286124,100.75746239593637,4.158500919301622
151028,760,37347.93101453781,0.7642488159631428,347.3518397780238,2.187983229009756
151029,440,27053.451048851013,0.7844997714866292,532.6024368819803,0.82613215699105
151030,812,53846.94583940506,0.7630225364944617,292.72676395867455,2.773917864628987
151031,462,22133.13210105896,0.7747400424955211,291.4402115025101,1.5852308012616882
151032,1739,81930.0103969574,0.7938648651494865,157.60395416170488,11.033987118215007
151033,413,21782.24938440323,0.7655685220734548,105.3245182086524,3.921214234104819
160101,50547,5700578.448592309,0.7716709123305483,368.55528143809795,137.14903176198223
160102,1452,101019.50772237778,0.8042141873563945,14627.702335088505,0.09926370982522559
160103,6700,525240.2263307571,0.7950514328390804,4588.072955912224,1.460308078006112
160104,5353,408997.4118757118,0.7921896690456484,3380.452008987143,1.583516046306445
160105,1940,139136.40889406204,0.8000225779014765,6749.4046193632585,0.2874327602814573
160106,7243,506935.6528515816,0.7953425514818177,10098.376976903057,0.7172439706465844
160107,7127,483616.58039605484,0.7983897012748975,24279.509117485457,0.2935397073109408
160108,31606,2771937.7962250183,0.7866594348799871,1610.066751386438,19.630242021198118
160110,569,32598.2124042511,0.7971555359124718,6954.485892028148,0.08181769419537376
160112,19216,1666856.4598577674,0.7860565257012894,655.8020877787021,29.301523063287906
160113,89673,7881913.282305058,0.7859321947003286,3214.829078509813,27.893551355323254
160201,50931,4704703.577954325,0.7981597496411781,2245.2270839621606,22.684119732834272
160202,7213,401735.8235216141,0.8024078608302919,3016.901434846552,2.3908636578864146
160205,2119,130125.57953500748,0.803917838920676,4365.517459654468,0.48539492043807314
160206,4740,369766.9635167095,0.7929198732355979,6086.109311753943,0.7788226857584964
160210,1799,111413.4998960495,0.8109431909547374,2281.3239333947013,0.7885771826024794
160211,3655,257791.3798431793,0.7908945827412377,1326.2873561735075,2.755813046838581
160301,15965,1306573.1288234002,0.7896848544333746,6791.522615932446,2.3507247053182456
160302,2705,191147.0611987114,0.8000970793519575,13280.309971702249,0.20368500477502616
160303,4141,315249.0365128517,0.7973037430181276,20217.780418187936,0.2048197138531959
160304,4800,485881.05930313724,0.7972397500400742,12628.26879008064,0.38009960666741155
160305,5669,407922.01154637337,0.8138028753037216,15846.358039612598,0.3577478172478925
160401,10814,784107.299086076,0.7914160625461026,6888.776402900712,1.5697998261993904
160402,6213,412276.58046483994,0.7935840652680869,11281.520846779706,0.5507236200138292
160403,6472,490807.8068891297,0.7877797432916126,14402.981262843537,0.44935141425867914
160404,8707,548376.0290207863,0.7984164237045073,5104.788859199688,1.7056533071507005
160501,8477,797815.5708677596,0.8085887577154873,3087.7065136242077,2.7454034127259357
160502,602,45197.58344936371,0.7650272415523909,9106.47324987511,0.06610682132166326
160503,1038,82715.63434791565,0.7871734101992811,804.5673115621997,1.29013444255466
160504,2729,177605.81245851517,0.7900744597524808,4661.108933336093,0.5854829910715633
160505,3267,208856.8155763443,0.7906226812059959,4916.534519042936,0.664492436155205
160506,1337,97079.03955602646,0.7789676891125755,6313.205684257649,0.21177830516973148
160507,952,66895.62942695618,0.8051339288970002,2606.9485285032415,0.3651779042015007
160508,435,24836.23463487625,0.7464788504030513,4718.185479854806,0.09219646024034359
160509,332,23636.25039577484,0.763961446392967,2100.232442612467,0.15807774095091454
160510,2318,203658.60336112976,0.7871886108382392,1165.5016884844463,1.9888431075670072
160511,1825,125002.49570734329,0.7941457533509764,11096.849037291164,0.16446110007147563
160601,8756,731072.2121014534,0.8082978414203981,11057.717022435641,0.7918451866903852
160602,117,5731.936117172241,0.7721307675043741,632.8836771490589,0.18486809539321356
160603,2095,132112.50720977783,0.7868774222872422,2447.1541578141178,0.8560964552684028
160604,1529,96124.36005020142,0.767506212171501,7508.439276671198,0.20363752621008996
160605,4616,339579.89059103624,0.7961199738769639,6276.325455233804,0.7354621797298186
160606,3846,286691.23753266525,0.7801412636887822,1906.396800493019,2.0174184089090867
160701,10509,926620.5852251793,0.7963588450453876,7418.86820811127,1.4165233436159705
160702,736,40449.19660568237,0.785040489114497,4805.416611029467,0.15316049774138651
160703,3435,251779.5465637352,0.7944735955810269,3581.663332482421,0.9590516140497298
160704,1253,71299.3242096901,0.7877931366514798,11082.547548532422,0.11306064733879037
160705,3769,274711.70409059525,0.7975923852156378,9139.896356037689,0.41236791460006555
160706,3429,289188.4958897034,0.7945459895455201,11840.0243366486,0.28961089120283023
160801,1893,164203.94365009156,0.7970761758463759,11119.391335412842,0.1702431313817697
160802,393,23124.456100940704,0.7663704831788255,7202.355828644702,0.05456547959446659
160803,1497,93661.7733078003,0.7857698734473927,9665.52993650528,0.154880281767692
160804,1041,60938.64534282684,0.7824704141483985,18041.554168478226,0.057700128840275325
170101,76545,6624185.839460662,0.7968919485209776,20795.302352116876,3.6808793978515073
170102,11246,961582.9827577011,0.7898659878421165,4867.589546008992,2.31038379339539
170103,20743,1640520.3704320276,0.8029678204948886,7771.684961552566,2.669047973845832
170104,7915,560793.8150462364,0.7968696905101167,2687.901332577175,2.94467654153475
170201,946,52590.492772102356,0.7805384783739772,8727.701040400727,0.10839051379291574
170202,386,14398.588833332062,0.7584761662186736,10698.503407100457,0.03607981278426446
170203,7402,510771.51989479945,0.776140489028422,7875.914871540108,0.9398273242829711
170204,6823,547832.2474327087,0.7769617178512427,1529.0363494430972,4.4622876378871315
170301,3501,292994.4875093361,0.7999588685592764,13873.08419017984,0.25235916916572937
170302,5832,465090.091799736,0.8105899005494654,2594.6096472584504,2.2477369596471988
170303,4750,350501.02751044236,0.7973550737531562,3526.2497212665057,1.3470401631946718
180101,64435,3437136.472620847,0.7643963932232499,3495.6785771653886,18.43275878420427
180102,7007,359607.8326187134,0.777661167249983,2271.502642075581,3.0847421747206805
180103,1427,71919.80498027802,0.7733158381484819,69.08739028597051,20.654999329013286
180104,9549,519515.7046485165,0.7694770344040983,64.80967140915318,147.3391207265306
180105,2586,118516.23658037186,0.7780953590158152,541.3369204987082,4.777061940681304
180106,15172,993534.4002623258,0.7757506130467987,1774.8599534080963,8.548280088728488
180201,5322,264229.89644514315,0.7645341221863324,256.203202044329,20.77257410342269
180202,1944,87969.94888114929,0.7875386318613472,861.2774211052619,2.257112461517103
180203,1692,83190.03649306297,0.7690605198167458,245.43028887890026,6.89401462113286
180204,4731,197434.65643191338,0.7826692454660198,1002.35993119435,4.719861451727059
180205,1502,77357.4446220398,0.7812014644377717,781.5761104513757,1.9217578172042198
180206,787,36028.44312810898,0.786708767335327,256.15364076421355,3.0723748358682292
180207,946,50067.445240974426,0.7676537000981748,564.2622542343894,1.6765253973678704
180208,3706,189350.1231803894,0.7721267669379743,595.8270025151777,6.219926227505266
180209,499,30184.578387260437,0.7712875743189412,195.259779847141,2.555569817760943
180210,4486,207372.43415164948,0.7867576014076127,883.0683328995694,5.080014572904166
180211,842,44024.500260829926,0.7957963181079991,111.11829023599934,7.577510400958407
180301,47488,3843724.1419730526,0.7682442364265334,280.79143613724034,169.12196701323057
180302,9636,315529.99892520905,0.7603975923143516,749.632152818144,12.854304559609293
180303,4667,511565.3768692959,0.774925669855956,333.23041794986136,14.005324089898084
190101,15508,1004951.943660648,0.7857258319047606,15.608823306708517,993.5406209214256
190102,3089,167996.46158441697,0.7767868240352741,832.0436791199229,3.7125454799047644
190103,4680,334130.85737486416,0.7798867520995629,123.6481641840484,37.84932862435298
190104,9616,571724.6418286648,0.7746732008462143,1021.9232834180101,9.409708298099954
190105,6269,366770.6373643639,0.7975045783151982,540.1985157246241,11.604993011857394
190106,1752,120355.6472029686,0.786135788207457,72.90219945027195,24.03219674044367
190107,9783,631172.9151770989,0.7787381377576453,797.2007780691304,12.271688976138522
190108,4534,317732.1785204002,0.788439016550924,120.69726088193448,37.56506126874858
190109,13063,939805.977870648,0.7839698077233747,693.8503354488713,18.826826669398635
190110,2844,192166.3750256813,0.7902476440082958,716.8879567207053,3.967147129949629
190111,5780,457805.9528363796,0.7904221277645302,96.53021767040804,59.87762318878409
190112,5179,346917.5248482132,0.773451322902927,172.09944450512052,30.09306633668947
190113,16694,1155206.2019227596,0.7841003415105271,158.38393319483464,105.40210527202919
190201,12199,686752.4207746983,0.7827878020436894,744.1104451494095,16.394071712769158
190202,2987,160665.06457805634,0.7824457650365022,160.80611211133183,18.575164592823395
190203,850,57259.785325050354,0.7768519989883198,19.389445019302308,43.83828413623082
190204,2219,122896.1101026535,0.7916085622288075,107.92254052169655,20.561043033951712
190205,1449,87198.35932159424,0.7804789515591392,76.89577775297505,18.843687421367413
190206,6613,352551.252628088,0.789329427021923,286.455704595869,23.085593667368585
190207,2360,147935.45058345795,0.7794338558942585,46.81617169330582,50.40993132587672
190208,1578,82522.50049591064,0.7764576678418086,82.79936433174946,19.05811732657125
190301,11630,1048529.2049047283,0.7749590286333194,403.8141441936268,28.800378013563275
190302,4617,338837.3609199524,0.7729734244324931,439.6593652770807,10.501311616756507
190303,5256,300834.67281866074,0.7805545279129636,1139.5818096933333,4.612218232418447
190304,7783,517570.5245722096,0.7855456895330764,2801.072687070562,2.778578376750256
190305,2646,188394.55672073364,0.7930154951566651,719.4974051103569,3.67756712005675
190306,14522,792772.5931607067,0.7899244251846856,7709.099736828146,1.883747842906359
190307,14684,1042471.8772400994,0.7733293450218038,826.5350328294315,17.765732142935402
190308,9065,594070.7812781334,0.8041805845627256,3065.6796655000016,2.9569299434686793
200101,67555,6755087.83160132,0.7841119310803103,195.41281801389164,345.70403664716406
200104,97111,8514699.763041755,0.785804185951299,654.189460913077,148.4447637913006
200105,58618,3907862.724717637,0.7691577039990765,2278.2553703777803,25.729336913745524
200107,22169,1219858.7700136532,0.7728151788278783,216.58499232039847,102.35704589912194
200108,5769,367185.6743795872,0.7779488125775629,100.59327367305265,57.349758978421875
200109,31624,2014301.6546311025,0.768602010990709,170.59941916993907,185.3699159930809
200110,32816,2313953.0071825404,0.7721515968351147,319.696162748743,102.6474628842852
200111,25392,1993692.1095543648,0.7929766700047326,555.085054389132,45.744340978417725
200114,97157,7380502.487378853,0.7872732968527534,1490.9341987271437,65.16518306639281
200115,84852,7192714.28912307,0.7840052962419769,71.74209070285191,1182.736649694918
200201,20001,1607164.5283176969,0.7964329832280006,1570.3560556370687,12.736601949731655
200202,15173,1295346.42735219,0.7944634216812112,562.3623068463327,26.98082680023231
200203,2339,205236.0713429451,0.7836085087776999,97.5350493383066,23.981122846280908
200204,2013,177873.47964715958,0.8029567803308494,190.20291031466166,10.583434273796332
200205,4884,407099.1001558304,0.7859979731127632,131.74416782273403,37.07184978823182
200206,16027,1332681.398504734,0.8035095962752434,967.0232820359142,16.573540986787506
200207,9063,689984.8026335239,0.788724296471542,324.4642820895126,27.93219623939906
200208,7784,588287.1990568638,0.7876847508035117,276.4910922961154,28.152805702917618
200209,1460,142873.2065358162,0.7839047941034787,34.28539946140857,42.58372435308408
200210,14758,1073396.80702734,0.7850825044662588,1074.3215852577894,13.737041312875359
200301,22258,2014118.6288407184,0.8009899585825894,445.5293936609764,49.95854441185788
200302,6617,524315.1069127873,0.7829118330474705,312.87678197336,21.148900721445695
200303,4825,420877.56979990005,0.8003504249098388,659.3629121277977,7.317669694871796
200304,27368,1954477.3624695553,0.7932652111500894,1920.9393720054502,14.247196136871283
200305,4043,303491.96670913696,0.7919006186371359,146.51726427926073,27.59401781003824
200306,5820,485836.9366785301,0.7883039517296139,208.35022097658774,27.933735672178585
200307,6571,499211.2749862671,0.7904088418698895,344.5166062592571,19.073100920584256
200308,8577,674559.2833268642,0.8000604289943165,229.74474450991696,37.33273646061476
200401,58443,4698944.224901858,0.7801341666687466,838.9485972947392,69.6621940705955
200402,8158,640821.6131498814,0.784387680772006,248.6378686064475,32.810770321204615
200403,4922,553198.3009634018,0.8175566638814197,149.72121309014625,32.87443307740563
200404,15627,2365532.050809682,0.7904943240240407,986.4548058208053,15.841577239818047
200405,14679,1185983.8053207397,0.7746679065329671,172.92735513266334,84.88535540683442
200406,9115,705183.4288131119,0.7848415138299035,611.2717447813413,14.911534972486805
200407,6526,538227.1068182442,0.7868419550895837,251.47475987372508,25.95091453025723
200408,2021,240026.8585577011,0.8073007917415972,80.75088898780571,25.027588244944198
200409,4893,505603.73740238725,0.8018887591659231,190.4092881245954,25.69727584296328
200410,5111,475525.0874199867,0.8014316182037642,219.47248531637024,23.28765718687916
200501,59656,4966118.725955735,0.7842032016832339,703.6757860323644,84.77767913028092
200502,1677,136795.69717407227,0.7609480613032906,64.15289541576931,26.140675165657132
200503,1148,84066.47067213058,0.7749394590119452,8.32719524985768,137.86154468031964
200504,16182,1336008.1193273668,0.7768590288770139,122.96866780764341,131.59449710647488
200505,10575,778584.1394184448,0.769761021204874,577.4112136195946,18.314504032072602
200506,3162,300216.5626289532,0.7597909550135985,65.08721866216905,48.58096666278143
200507,4358,292674.0312933922,0.7732685175632434,158.3651272497949,27.51868467308445
200601,96192,8649447.894655244,0.7760947697733344,488.8889236483144,196.75634964721837
200602,14349,1002552.79269688,0.7539758937717257,2.1696710430582757,6613.444948674921
200603,13613,1058642.766797181,0.7676958936856126,188.66017942487753,72.1561913144504
200604,14831,997887.6836390495,0.7872818558674735,2207.2859728072935,6.719111244628389
200605,27763,1768773.1392418405,0.7802781254934422,1654.1544911284122,16.78380111948368
200606,14479,977201.5497248748,0.7829934318006858,478.46498795503305,30.261357391861576
200607,19917,1303743.06138134,0.7755427270904748,254.4942518881447,78.26109962103945
200608,6210,401114.3451576233,0.7703105797034339,31.393146478338814,197.8138764868594
200701,38828,4023415.5921963397,0.7760777198759918,1123.970359111953,34.54539497881237
200702,6174,645008.3346659046,0.78816431805197,482.4513243830483,12.797145925332925
200703,5741,658897.7445978257,0.7996781919708943,827.9654089951424,6.933864552345908
200704,1830,150883.69045937996,0.7786768306799925,239.4416546961131,7.642780460745399
200705,8462,826597.3709935902,0.7865017252071504,165.16723412885656,51.232921860266195
200706,9689,819901.1437691692,0.7790985444601211,99.09423971647325,97.77561266650818
200801,28432,2552166.855019233,0.7686443512857832,5651.7433276896945,5.030660161211242
200802,3300,244331.3800148964,0.7733427580920132,13.82629813883869,238.67559970590773
200803,6089,461184.9705355915,0.7734132371016922,71.47551365053458,85.19001388043134
200804,3826,264550.1642482281,0.7662113698533363,264.13064936199885,14.485255721899787
200805,11121,1043345.2281560196,0.7751842281520608,260.0496960450311,42.76490289792244
200806,2403,192336.36603569984,0.7725714105047685,19.947783170661275,120.46451374778704
210101,94442,5650549.3690767195,0.7660786831772254,461.67143765300125,204.56539499197683
210102,61178,2216770.828790357,0.7834446974508612,1923.8183975298753,31.800298863214273
210103,5607,248144.95880913734,0.7820355630460983,13.891251360387903,403.63534245653653
210104,9757,372025.6945532898,0.7759235420896099,130.97902749675657,74.49284199519356
210105,19754,630040.065413813,0.7738550269279063,104.18372967179492,189.60734139802915
210106,14009,567303.2180249481,0.7804883576339756,115.66251649847374,121.11961959763222
210107,14201,459956.70980381966,0.7857027039856284,99.91765086317491,142.127040390957
210108,8032,302416.5321495655,0.7839425173903485,129.06893886371452,62.23030940450427
210109,8040,368741.04336571693,0.7790921642338459,411.44970328050874,19.540663016394674
210110,10621,423024.32770157134,0.7765804914282872,174.27493302826596,60.943933906302874
210111,13880,495493.0706450939,0.7754181843841453,1643.157612627447,8.44715071356153
210112,18978,695558.2243282795,0.7914973762310749,245.32030913934906,77.36008513351393
210113,1341,44907.07257652283,0.7660061889046791,338.0322543697476,3.9670770545262313
210114,4299,142729.92828440666,0.7597192603090415,490.54787076165866,8.763670696042517
210115,6987,319008.5886583328,0.7815297123135903,195.28588281408216,35.77831586859674
210201,40612,1793770.5238926017,0.7644114104894585,722.5171454718308,56.20904673961591
210202,8763,236691.7328338623,0.7866863401651953,126.85955125823753,69.07639127748358
210203,19685,648690.1914453506,0.7867556869574903,337.18539680529943,58.38034560958963
210204,31560,1126267.7878100057,0.7750823510482586,404.7736662483027,77.96949908455746
210205,6297,216816.1015098095,0.7910768458800447,118.22645134312303,53.26219241516871
210206,16082,544051.4800086285,0.7747625170092339,152.47402868228986,105.47370026871963
210207,8300,348986.02971668355,0.780033698634929,67.12377718534145,123.65215945881783
210208,11488,455858.0721212093,0.7651682799438165,786.4997614364949,14.606488855149625
210209,6375,256347.0254087448,0.7702458820530013,623.8412475084767,10.218945966559188
210210,22318,791799.8825087547,0.7875763687467647,204.229972135871,109.27876925504442
210211,11990,475241.5196249485,0.7704973895565682,517.1734643295115,23.183710741123218
210212,10875,381691.48086571693,0.7543425284418567,398.4637261633872,27.29232119749034
210213,9370,257419.88635253906,0.7686722625217927,104.92980239947795,89.29779515191976
210214,14973,436404.46604061127,0.7799878847795682,319.80555951592703,46.81907351036626
210215,8633,298644.0076916218,0.7814450013351706,201.3042125115237,42.885342002000094
210301,11884,742315.0149126259,0.7715078338363763,1020.1549086963563,11.64921121164473
210302,3220,172536.84503813667,0.7777244094736088,427.5628210715059,7.531057054798236
210303,5407,229282.76676884576,0.7658767523045943,2057.671074164751,2.627728050361405
210304,5969,261059.88676977158,0.7593636623198192,3130.784716973396,1.9065507658956424
210305,4055,164770.3040075302,0.7629236499419488,889.7222861855228,4.5576019202406055
210306,11468,529333.1452131271,0.7745495726931665,857.8490577146265,13.368319166254729
210307,6108,229461.53784179688,0.7603108547213192,1262.4578297205119,4.83818140789084
210308,3713,182989.69303958892,0.7657128465390738,712.5096947095719,5.211157163992648
210309,1805,132894.9583210945,0.763977895185888,748.0298177025819,2.413005414067159
210310,3966,170452.8876132965,0.7694717846581627,658.6094423987097,6.0217782264941455
210401,36482,1489295.4530843894,0.7668464064604619,774.9384620767802,47.077286501215625
210402,14066,724501.1175105369,0.7807376580507508,175.1513716140204,80.30767826926943
210403,8940,324208.1933693886,0.7689105926210715,629.3051804995421,14.206143977558604
210404,15046,523238.3044039978,0.7795108332606083,493.65695240351477,30.478655120208686
210405,5965,235566.2682478428,0.7709577867690995,959.4945968607017,6.216814580839158
210406,36865,1406740.5975129209,0.7642946453070554,402.3137572564171,91.63246181637251
210407,40828,1445375.4376285619,0.7827535098165119,524.639458576573,77.82106231729615
210501,105534,4072244.3763806825,0.7847440246732166,893.227260056211,118.14910350290779
210502,2860,116353.72104597092,0.7767521329693027,1044.749543184405,2.7374982058213657
210503,38381,1331485.1379606724,0.7889337769869993,153.4199097974919,250.1696165162747
210504,8996,421179.62189510994,0.7712956423187531,2703.229342831247,3.3278715414423456
210505,5711,205135.19741678238,0.7641624583502489,847.2838395595746,6.740362241499409
210601,42686,1541705.6130356262,0.7745270721035923,388.5396483478051,109.86266184548869
210602,7041,253729.39588604125,0.7500765515379465,882.3356597379528,7.979956292473915
210603,4440,160885.3759481907,0.7705779954522579,106.53012155970958,41.678352892063515
210604,7805,225548.7661561966,0.7625670725683765,297.60773402116894,26.22579693928528
210605,16746,577361.2974669933,0.7833342649141378,198.2735744089119,84.45906142521889
210606,8769,277756.0469007492,0.746879039740315,306.2833659665858,28.630350108391653
210607,29675,1320692.0249140903,0.7873402562358345,197.62964540324415,150.15459821046096
210608,20928,686225.5016591782,0.7633314603848513,509.94150295592937,41.0400014093551
210701,20792,836909.912449004,0.7749396498390646,662.9985990482598,31.360548920988812
210702,12776,510841.1576399803,0.7749729647663286,386.10685487033396,33.08928561833111
210703,3629,132373.84499049187,0.7905365941313615,138.40323588631207,26.220485213083837
210704,4484,178846.56105470657,0.7732845451234176,133.66526223717332,33.546487134732644
210705,3639,170132.79437350348,0.7843689474472472,882.9194076338594,4.121553981639362
210706,2321,97680.38964509964,0.7778832398833309,496.57832839859304,4.67398568818932
210707,2745,100742.38717532158,0.7776915484221689,749.9572645685126,3.660208560789572
210708,14413,637741.7759928703,0.7852655797276649,527.1603018612393,27.34082962831642
210709,11464,519661.2314925667,0.7821312369850243,1594.0818220411586,7.191600733092108
210710,986,42338.82689714432,0.7793881340031692,161.63329595818897,6.100228261478111
210801,27274,1560184.0601117427,0.7759876622979379,1020.565253263296,26.724405825879682
210802,7869,489368.78186312487,0.7792833652273947,657.2826668552492,11.972018123722954
210803,4379,190775.196297884,0.7856320167246625,217.42455126784708,20.140319823429113
210804,4611,211472.39555740356,0.7853334415401044,229.65251663112758,20.07816011616489
210805,14781,593274.5658023418,0.780558710556038,693.9036627655571,21.30122781178332
210806,12669,599937.5630567074,0.768174930791827,2208.8613188814857,5.735534364110861
210807,17287,611686.0107877254,0.7703008039619522,398.69273702635473,43.35920470720107
210808,10996,485683.67528296204,0.7783906602748918,806.6704218922006,13.631341501535122
210809,9289,410261.83678806,0.7815220261148853,332.8319603533581,27.90897842304007
210901,24453,880481.1583007603,0.7656174170816378,506.3944651010359,48.28844247956212
210902,5576,213720.0722067356,0.770646610392132,70.77854712751176,78.78093329543067
210903,6573,228322.84236860275,0.7575715959534587,404.5168444273898,16.249014325483408
210904,5019,189232.64084100723,0.7721077703959345,52.09748929326746,96.33861570078778
211001,18579,879194.1175232041,0.7727339146044714,1039.6962562748708,17.869642107365785
211002,24032,970544.5876767742,0.7585478028265161,968.1834173936536,24.821743037795525
211003,4845,153525.76115989685,0.7693759551850389,143.2060709727586,33.83236455751685
211004,6733,265222.63044691086,0.7687973714806112,525.6815268046292,12.808135071678741
211005,2201,74633.83500051498,0.762689595464033,468.5967583487798,4.697002189592145
211101,198035,11244265.94956404,0.7672043037955714,395.6713878282313,500.50371619484116
211102,10740,442829.6270546913,0.7846936404427558,193.55212167734743,55.488929322633034
211103,8290,414903.60147094727,0.769505416347552,1272.853420934897,6.512925890485556
211104,34666,1397660.268421625,0.7856479605579998,278.3598874428961,124.53662170384204
211105,62874,3349885.0396611216,0.7735976794343014,121.26448219411368,518.4865251752336
211201,8810,382690.7631834866,0.7540996710639807,703.3922016854328,12.525018018240639
211202,7038,326316.78227591515,0.7684111106493962,513.5238866995026,13.705302094580867
211203,3416,143768.34022426605,0.7681723357956918,2401.041125170155,1.422716156000001
211204,5012,207586.92594861984,0.7758824221867138,473.3640773510097,10.588044678099841
211205,4174,184107.5070757866,0.7582945376277598,433.9779837526855,9.61799942915692
211206,3352,142432.46643590927,0.7803262232809477,414.56074822660435,8.085666610597086
211207,1857,100548.85732078552,0.7591382879753811,202.44655128206517,9.172791476268099
211208,2603,93787.22252821922,0.7601711102920544,648.5968905721967,4.013278567684183
211209,8537,325048.30807105906,0.7703317328179149,1365.5230076705077,6.251817034239181
211210,7888,334953.1650650505,0.7599643129122426,5559.152346155365,1.418921358659155
211301,48677,1935741.0080078582,0.7805615362878681,175.32051277336407,277.64577703993206
211302,1352,57214.935260772705,0.7798965240018607,120.67994019905649,11.2031875203943
211303,10093,370920.40327963256,0.7880410682005841,59.4643510179694,169.73194573249472
211304,3314,138811.14473962784,0.7741033498717131,23.792861907829906,139.28547195532656
211305,4786,194955.05547332764,0.7749353110840068,27.221393126924177,175.81759969757962
211306,983,53492.39828681946,0.771500610383578,4.060222505041262,242.10495823307357
211307,1850,83776.76470947266,0.7789793514561009,8.041037283541215,230.06981994557714
220101,58668,4587026.93833677,0.7919572373491339,2709.0657861632717,21.656173984275537
220102,5334,484325.00652327196,0.7933519684758846,116.37677281149068,45.83388825053703
220103,3628,308383.5423618438,0.7954934950108827,69.08949948226066,52.51159766950578
220104,15957,955383.4027284336,0.7905040985287196,387.7464624376324,41.1531800952707
220105,20929,1578661.253142828,0.7930166421540804,585.9384861700269,35.718766549713976
220106,2077,162626.78342253267,0.7892211363989399,69.91904526064324,29.70578319908958
220201,13658,1266186.2691349415,0.7939507101767058,260.5063946019634,52.428655430391736
220202,1230,106095.82175970078,0.7840451212917886,5983.651203277754,0.2055601100756382
220203,5891,455566.2655282486,0.7964583430644754,1127.1935927209565,5.226253979832861
220204,1370,90103.11752939224,0.7945975180089909,257.40480025788537,5.3223560657277655
220205,6639,479945.50527997286,0.7939893507799447,349.5045439990421,18.99546118638788
220206,4861,408726.2014792961,0.7861064187147764,107.6274682317585,45.16505014809617
220301,8623,694154.0620524883,0.8002931809571895,309.8091495733738,27.833264485165785
220302,2487,169059.38095355034,0.7927540411036514,153.29612766482185,16.22350177975639
220303,6491,410069.09895658493,0.8071412418678717,522.8580952048216,12.414458262250394
220304,5969,399588.4400758743,0.7910124643261578,250.29345768341054,23.84800647706113
220305,1650,130167.75124311447,0.8001501822471618,62.28344122228146,26.491792483195745
220401,11305,860070.4899660496,0.7963996728296461,527.6643757504149,21.424603440250554
220402,7054,436310.11461769335,0.8034857525209006,1384.1197063942443,5.0963800077496915
220403,1415,102328.2062424797,0.7957606349732766,125.18105983446513,11.303626937422838
220404,3739,280043.0414919853,0.8019036641889921,180.48338456131458,20.716588449890086
220405,2298,173953.06804656982,0.7981945169656769,162.40020297474513,14.15022861983345
220406,725,61277.90578746796,0.7949419312641538,47.139878001612914,15.379759785869489
220501,9864,945900.5909583652,0.7843271898225083,129.99220651947496,75.88147215981145
220502,1190,71631.11879205704,0.7939118492503127,297.5244434557493,3.9996713754948616
220503,6803,462633.10348796844,0.7795945467027903,1062.041790793895,6.40558597502518
220504,7917,615786.8946851426,0.7896622835618612,1277.199089377139,6.198720360708166
220505,4436,305038.88401794434,0.7787973625876002,182.85979131254476,24.25902363859734
220506,4624,308128.90072870255,0.7908842126906537,562.132467583109,8.225819120323912
220507,2473,205168.54120700457,0.7944231292905471,33.39275090950162,74.05798961283926
220508,1314,80529.35409641266,0.7808521307857432,655.0212257090567,2.0060418631130656
220509,1094,89268.79081468048,0.791400549235248,24.45406449579473,44.73693934143876
220510,7695,520504.5367298126,0.7907973490960417,363.5162851431973,21.168240088525238
220511,4708,325617.6077647209,0.7899260827947089,175.16937373421075,26.876844391437835
220601,16354,1505808.9046088436,0.7812651829001109,449.54132978363936,36.379302450057374
220602,5036,332375.30964335403,0.7763613782130697,1817.4247358088746,2.770953812158084
220603,4759,332607.5551285744,0.7890092246821508,9783.25234519888,0.4864435498625847
220604,3602,259842.6945734024,0.7966179069481182,1808.210053731706,1.9920252033586183
220605,4870,350050.93639087677,0.795214907540433,456.2525476559657,10.673913000639708
220701,4995,493557.2398363923,0.7756791791042408,218.23103372540672,22.888586993017007
220702,2218,167905.7860713005,0.7817924264801634,312.5833072619784,7.0957084030756565
220703,1168,104272.41588687897,0.7900083047682291,76.35305318121965,15.297358145296666
220704,887,62777.60925865173,0.7724297632628122,68.66367555913003,12.9180384355649
220705,2238,272804.84858835826,0.7894481677259048,203.82417826680825,10.98005162601677
220706,819,54381.21068620682,0.773967277581584,30.213394606560616,27.10718244887849
220707,3052,303237.10063603666,0.7907227387122058,104.42394831856082,29.227012090075537
220708,4144,296126.70645833015,0.8026124276652299,394.15329609275096,10.513675874538029
220709,3571,272726.0637383858,0.7963391767934203,336.75614278642126,10.60411243118678
220710,3406,244366.4353761673,0.7984420436834211,372.1145335469174,9.153095869528999
220801,22024,2078727.6158718737,0.7836219805194342,209.84744480222244,104.95243352025199
220802,6425,443959.60751265794,0.7874589103669044,508.58437525307573,12.6331053658557
220803,8675,703962.2802663853,0.7893468934452156,170.06396713229665,51.010217780298625
220804,32202,2585277.953344439,0.7779393546937097,335.45511007815935,95.99496037635885
220805,9409,759386.2908142593,0.7798866405283331,1170.57314624583,8.037942806202077
220806,1713,162787.34518304747,0.7927137768832272,52.78987988250998,32.4494013589817
220807,2885,215809.2077782379,0.7765532760107744,69.41844689367905,41.55955843291412
220808,2508,170629.74738288802,0.7844157098202804,82.1103605768558,30.544257538030134
220809,3848,303976.0361967934,0.7895123703316195,62.32728726586096,61.73860870257539
220901,44998,3891598.5695432434,0.7753326168107565,58.72150596953256,766.2950610181396
220902,784,57058.3979306221,0.7846535719474967,52.01212730309426,15.073407696465415
220903,7355,624768.5909538036,0.7935822301863976,52.675554135268264,139.62833653562936
220904,3548,245978.692118927,0.7920718715518814,956.3499497944284,3.709939024687206
220905,894,52149.56485939026,0.78817281807029,307.5907155375331,2.9064596388668034
220906,1947,139169.58669948578,0.7869099637882858,491.71132790508057,3.9596403204602333
220907,3462,244352.40797901154,0.7967054591503948,1721.4460735101438,2.0110998847270016
220908,4247,376833.1070475323,0.7885247465299386,192.99403711282062,22.005861235584625
220909,31830,2610001.755539656,0.7858702356434079,267.7849700477107,118.86402733629491
220910,19760,1570384.8704126293,0.7826439019669647,50.90027529249494,388.2100811135208
220911,1062,60487.77388763428,0.7972705262641224,994.9199486158543,1.0674225614608173
220912,1777,136117.03849619674,0.782669386604762,78.64284842507841,22.59582448482795
220913,4496,353239.92850637436,0.7792084519469653,101.26645910274034,44.39772102072378
220914,2855,202051.25222587585,0.791115201271144,238.7774101050008,11.956742468831253
221001,18977,1777773.3606846724,0.7988326763361732,1010.7799440565591,18.77461074646939
221002,7809,614399.1261124176,0.7786229480425761,828.3990605953478,9.426616194359134
221003,9513,654417.6956454037,0.8012359823374096,2272.6329496981725,4.185893723517217
221004,65,2341.141706466675,0.7416784607447111,1064.5897739995576,0.061056382080208686
221005,11543,1020966.1459435609,0.7792024692774004,606.1205243698159,19.044067204292855
221006,4139,464695.5383163834,0.7606774097509676,269.4575578292512,15.360489545529042
230101,113358,7320671.401966194,0.7648896336682727,1914.9021798241454,59.19780195268784
230102,30750,1429162.1353387728,0.7593475935245917,375.24560902008267,81.94632864672455
230103,18241,938362.2359789535,0.7716924345818118,110.35995268595518,165.2864064911965
230104,29986,1457850.3775894816,0.7601500165607202,179.04283941791766,167.4794708209881
230105,6472,273129.85234975815,0.7733868665910327,1439.0127906928042,4.497527778668384
230106,7242,344520.78165769577,0.7739792597521014,613.2994500785164,11.808261036387456
230107,3234,190984.9629456997,0.7816314160934406,1457.7079320625828,2.218551418200801
230108,26928,1584305.3367145588,0.7627390486830696,269.5975038613172,99.88223041505587
230109,12166,852852.7056791622,0.7634908270967177,1138.3974797147732,10.686952682861003
230110,110520,5701342.903147166,0.7702798688143135,187.91067291190845,588.1517972734375
230111,31525,2248325.5644425866,0.7672521870463354,544.727374271945,57.87298654145061
230201,4712,237214.49849628832,0.7932380940796766,1386.0388661898385,3.3996160677319867
230202,1747,78758.26907253265,0.7922471091279181,176.96613531225162,9.871945256178359
230203,2783,139214.56819534302,0.7997622709457625,494.84019790925663,5.624037844456493
230204,402,23153.941300868988,0.7930564675758134,112.4160265714744,3.5760025706335328
230205,725,34272.267634391785,0.7798099317221806,91.15634477265733,7.953368488042604
230206,1207,58653.759924411774,0.7768392705581557,55.40378739099713,21.785514255224584
230301,4509,250432.21215629578,0.75849687298324,848.7807444560964,5.312325979884703
230302,5023,586980.710021555,0.7839344815383886,1061.3562009626971,4.732624160902736
230303,5881,423973.01064946747,0.7622385137929658,841.7716206022781,6.986455537420246
230401,4503,294738.10314289434,0.7720634908695209,883.0491425661511,5.09937644796781
230402,814,33931.12824130058,0.7697926293280553,379.3221667001134,2.1459331182285917
230403,434,24074.0439825058,0.7819631333175343,296.06777509285973,1.4658805736756684
230404,252,17070.13322019577,0.7966039675095725,148.03557059370607,1.70229357031785
230405,948,44240.341510772705,0.793719409450197,233.77526706407727,4.0551766314105215
230406,1192,53827.313396930695,0.8046754193085952,360.3340258627889,3.308041745838069
230407,466,24957.298709392548,0.7914356215828989,107.0733101871593,4.352158340724249
230408,1210,74485.35575056076,0.783371487580055,356.5909214944027,3.393243986496142
240101,50992,4733073.6190365665,0.7913648217874408,162.74686114458228,313.3209429747425
240102,16547,2600302.6564512528,0.7838519913859041,131.22974999447683,126.09183512653514
240103,6338,505556.7446949001,0.774005569618709,65.58808836129433,96.63340033767871
240104,8674,566018.9400764622,0.7867380678241418,728.9360862303254,11.899534354043814
240105,9171,633897.668153286,0.7861779084279459,588.3955746671952,15.586453051057099
240106,4707,308608.9548006058,0.7836635649799414,115.61295380744932,40.713430848236946
240201,11438,933004.2057661157,0.7747495102755234,651.7899094175101,17.54859937954836
240202,3305,224805.66195631027,0.7739626018254371,859.3925806849795,3.8457395075086023
240203,8632,668571.9120837417,0.7815062675255664,628.3432632941731,13.737713928443496
240301,19068,1965201.4852930992,0.7895428360333752,114.01634748338628,167.23917596797656
240302,14479,1422348.3072404612,0.7906413220661073,47.7220016777211,303.4030319553734
240303,3672,275179.7298746109,0.8020162306125388,391.77349265859044,9.372762754012944
240304,6153,463866.9391990146,0.7950966029114478,203.32997951792441,30.261154870463095
250101,93548,8443152.54918468,0.7903232224001749,11701.663586221932,7.99441885426852
250102,22333,1941951.6468661283,0.786131581200897,1331.284952602039,16.775521992004368
250103,9291,520581.0440781609,0.7995892046868461,7402.816300497075,1.2550628872657748
250104,10635,568113.5545320511,0.7865542736028807,14768.770795465029,0.7201005518526725
250105,82147,6843977.395798369,0.7913317113705894,664.4764587939434,123.62665210006197
250106,3499,245855.6938109398,0.7896081168639997,2070.310118092135,1.6900849633215598
250107,51790,4465058.684098805,0.7922690674613677,647.6793088294088,79.96241240684884
250201,24150,1442774.3482117418,0.7818713209865996,14597.749241627484,1.6543646284273033
250202,5472,404066.59147270507,0.7874296051150526,7762.897657393173,0.7048914260499899
250203,6137,352135.50241565704,0.7852472546571859,7706.178878950607,0.7963739353057567
250204,1122,54978.96353673935,0.7678582892485906,9063.931454213616,0.12378734389903265
250301,13168,1072889.1015365142,0.7870144288792282,3590.9306986119577,3.667015909020459
250302,11899,702270.4822903359,0.7909826876806786,1886.1276389743641,6.308692876411281
250303,7590,522108.52067923127,0.7886869960151642,1886.9878816415046,4.022283382868046
250304,12260,824045.0361140483,0.8016888581374341,626.4799313893407,19.56966119060043
250305,6632,420797.4463271648,0.8097723308946169,206.146634529587,32.17127466152327
250306,3818,247600.81100606918,0.7760998167374672,592.6226327020771,6.442548409924436
250307,2599,163914.33178186417,0.7900889956891514,551.3938707380536,4.713509050293174
250401,2037,138347.42531728745,0.7838419735812064,18496.66418817932,0.11012796573891348
