ubigeo,personal_total,programa_anemia,centro_salud_municipal,Año
010101,208,1,0,2021
010102,1,0,0,2021
010103,7,1,0,2021
010104,5,1,0,2021
010105,2,0,0,2021
010106,2,1,0,2021
010107,2,0,0,2021
010108,6,0,0,2021
010109,8,0,0,2021
010110,4,0,0,2021
010111,3,0,0,2021
010112,3,1,0,2021
010113,4,0,0,2021
010114,5,0,0,2021
010115,3,0,0,2021
010116,3,0,0,2021
010117,2,0,0,2021
010118,3,0,0,2021
010119,4,1,0,2021
010120,3,0,0,2021
010121,2,0,0,2021
010201,141,0,0,2021
010202,17,0,0,2021
010203,10,0,0,2021
010204,8,0,0,2021
010205,171,1,0,2021
010206,32,1,0,2021
010301,14,1,0,2021
010302,2,1,1,2021
010303,4,0,0,2021
010304,1,1,0,2021
010305,5,0,0,2021
010306,12,1,0,2021
010307,35,0,0,2021
010308,3,0,0,2021
010309,4,0,0,2021
010310,3,0,0,2021
010311,1,0,0,2021
010312,13,0,0,2021
010401,142,1,0,2021
010402,11,1,0,2021
010403,60,0,0,2021
010501,38,1,0,2021
010502,12,0,0,2021
010503,3,0,0,2021
010504,4,0,0,2021
010505,5,0,0,2021
010506,2,0,0,2021
010507,4,0,0,2021
010508,3,0,0,2021
010509,7,0,0,2021
010510,2,1,0,2021
010511,2,0,0,2021
010512,7,0,0,2021
010513,2,0,0,2021
010514,4,0,0,2021
010515,2,1,0,2021
010516,2,0,0,2021
010517,4,0,0,2021
010518,2,0,0,2021
010519,5,0,0,2021
010520,2,1,0,2021
010521,5,0,0,2021
010522,5,0,0,2021
010523,10,0,0,2021
010601,53,0,0,2021
010602,10,1,0,2021
010603,3,0,0,2021
010604,9,1,0,2021
010605,10,1,0,2021
010606,7,0,0,2021
010607,8,1,0,2021
010608,7,0,0,2021
010609,14,1,0,2021
010610,4,0,1,2021
010611,6,0,0,2021
010612,1,1,0,2021
010701,217,0,0,2021
010702,70,1,0,2021
010703,24,1,0,2021
010704,13,0,0,2021
010705,33,1,0,2021
010706,20,0,0,2021
010707,12,0,0,2021
020101,518,1,0,2021
020102,1,1,0,2021
020103,2,0,0,2021
020104,4,1,0,2021
020105,276,0,0,2021
020106,18,0,1,2021
020107,11,1,0,2021
020108,7,1,0,2021
020109,2,1,0,2021
020110,12,1,0,2021
020111,7,0,0,2021
020112,7,0,0,2021
020201,9,0,0,2021
020202,22,0,0,2021
020203,15,1,0,2021
020204,4,1,0,2021
020205,7,0,0,2021
020301,10,0,1,2021
020302,6,0,0,2021
020303,5,0,0,2021
020304,6,0,0,2021
020305,14,1,0,2021
020306,4,0,0,2021
020401,28,0,0,2021
020402,13,1,0,2021
020501,16,0,1,2021
020502,4,0,0,2021
020503,9,1,0,2021
020504,2,0,0,2021
020505,3,1,0,2021
020506,0,1,0,2021
020507,13,1,0,2021
020508,25,1,1,2021
020509,7,0,0,2021
020510,6,0,0,2021
020511,1,0,0,2021
020512,1,1,0,2021
020513,3,0,0,2021
020514,1,0,0,2021
020515,1,1,0,2021
020601,181,1,0,2021
020602,6,1,0,2021
020603,8,0,0,2021
020604,10,1,0,2021
020605,6,1,0,2021
020606,18,1,0,2021
020607,10,0,0,2021
020608,11,1,0,2021
020609,6,0,0,2021
020610,13,0,0,2021
020611,5,1,0,2021
020701,74,0,0,2021
020702,9,0,0,2021
020703,26,1,0,2021
020801,116,1,0,2021
020802,9,0,0,2021
020803,12,1,0,2021
020804,26,1,0,2021
020901,18,0,0,2021
020902,7,0,0,2021
020903,9,0,0,2021
020904,6,0,0,2021
020905,10,0,0,2021
020906,5,0,0,2021
020907,5,0,0,2021
021001,94,0,0,2021
021002,22,0,0,2021
021003,14,0,0,2021
021004,45,0,0,2021
021005,5,0,0,2021
021006,3,1,0,2021
021007,6,0,0,2021
021008,14,0,0,2021
021009,10,0,0,2021
021010,10,0,0,2021
021011,10,0,0,2021
021012,4,1,0,2021
021013,6,0,0,2021
021014,56,1,0,2021
021015,10,1,0,2021
021016,10,0,0,2021
021101,108,1,0,2021
021102,7,1,0,2021
021103,14,1,0,2021
021104,3,0,0,2021
021105,7,0,0,2021
021201,182,1,0,2021
021202,10,1,1,2021
021203,4,1,0,2021
021204,10,1,0,2021
021205,7,0,0,2021
021206,9,0,0,2021
021207,27,1,0,2021
021208,15,0,1,2021
021209,5,1,0,2021
021210,10,0,0,2021
021301,27,0,0,2021
021302,13,1,0,2021
021303,2,1,0,2021
021304,17,1,0,2021
021305,7,0,0,2021
021306,22,0,0,2021
021307,10,0,0,2021
021308,2,1,0,2021
021401,14,0,0,2021
021402,2,0,0,2021
021403,0,0,0,2021
021404,7,0,0,2021
021405,1,1,0,2021
021406,1,0,0,2021
021407,1,0,0,2021
021408,2,0,0,2021
021409,4,0,0,2021
021410,5,0,0,2021
021501,74,0,0,2021
021502,5,0,0,2021
021503,40,1,0,2021
021504,9,0,0,2021
021505,9,0,0,2021
021506,10,1,0,2021
021507,9,1,0,2021
021508,11,1,0,2021
021509,57,0,0,2021
021510,6,0,0,2021
021511,9,0,0,2021
021601,89,1,0,2021
021602,4,0,0,2021
021603,9,0,0,2021
021604,4,1,0,2021
021701,11,0,0,2021
021702,14,0,0,2021
021703,4,0,0,2021
021704,2,0,0,2021
021705,2,0,0,2021
021706,5,0,0,2021
021707,4,0,0,2021
021708,5,0,0,2021
021709,1,1,0,2021
021710,9,0,0,2021
021801,1950,0,0,2021
021802,33,1,1,2021
021803,118,1,0,2021
021804,24,0,0,2021
021805,76,0,0,2021
021806,183,0,1,2021
021807,52,1,0,2021
021808,146,0,0,2021
021809,827,1,0,2021
021901,55,0,0,2021
021902,2,1,0,2021
021903,11,0,0,2021
021904,15,1,0,2021
021905,5,1,0,2021
021906,8,0,0,2021
021907,4,0,0,2021
021908,3,0,0,2021
021909,59,0,0,2021
021910,16,0,0,2021
022001,176,1,0,2021
022002,12,0,0,2021
022003,19,0,0,2021
022004,3,1,0,2021
022005,66,0,1,2021
022006,7,0,0,2021
022007,2,1,0,2021
022008,15,1,0,2021
030101,414,0,0,2021
030102,13,0,0,2021
030103,17,0,0,2021
030104,98,0,0,2021
030105,69,1,0,2021
030106,9,1,0,2021
030107,5,1,0,2021
030108,5,1,0,2021
030109,41,0,0,2021
030201,394,0,1,2021
030202,14,1,0,2021
030203,4,0,0,2021
030204,30,1,1,2021
030205,25,1,0,2021
030206,4,1,0,2021
030207,16,1,1,2021
030208,6,1,0,2021
030209,52,1,0,2021
030210,5,1,0,2021
030211,4,0,0,2021
030212,12,1,0,2021
030213,54,1,0,2021
030214,6,0,0,2021
030215,20,0,0,2021
030216,106,1,0,2021
030217,6,0,0,2021
030218,10,1,0,2021
030219,7,1,0,2021
030220,11,1,0,2021
030301,38,1,0,2021
030302,1,0,0,2021
030303,1,0,0,2021
030304,2,0,0,2021
030305,5,0,0,2021
030306,1,0,0,2021
030307,2,1,0,2021
030401,55,0,0,2021
030402,13,0,0,2021
030403,3,1,0,2021
030404,7,0,0,2021
030405,2,1,0,2021
030406,9,1,0,2021
030407,10,0,0,2021
030408,2,0,0,2021
030409,3,1,0,2021
030410,14,0,0,2021
030411,8,0,0,2021
030412,2,1,0,2021
030413,3,0,0,2021
030414,1,1,0,2021
030415,4,1,0,2021
030416,2,0,0,2021
030417,3,0,0,2021
030501,210,1,0,2021
030502,45,0,0,2021
030503,77,1,0,2021
030504,71,1,0,2021
030505,116,1,0,2021
030506,45,1,0,2021
030601,113,1,0,2021
030602,28,1,0,2021
030603,11,1,0,2021
030604,26,1,0,2021
030605,20,1,0,2021
030606,10,1,0,2021
030607,12,1,0,2021
030608,30,1,1,2021
030609,4,1,0,2021
030610,8,0,0,2021
030611,1,0,0,2021
030701,34,1,0,2021
030702,4,0,0,2021
030703,8,0,0,2021
030704,4,1,0,2021
030705,15,1,0,2021
030706,8,0,0,2021
030707,4,1,0,2021
030708,4,0,0,2021
030709,2,1,0,2021
030710,2,1,0,2021
030711,5,1,0,2021
030712,11,0,0,2021
030713,10,0,0,2021
030714,1,1,0,2021
040101,1738,1,1,2021
040102,425,1,0,2021
040103,542,1,0,2021
040104,893,1,0,2021
040105,34,0,0,2021
040106,6,1,0,2021
040107,260,1,0,2021
040108,129,0,0,2021
040109,239,1,0,2021
040110,351,1,0,2021
040111,15,0,0,2021
040112,480,1,0,2021
040113,9,1,0,2021
040114,4,0,0,2021
040115,13,0,0,2021
040116,44,1,0,2021
040117,278,1,0,2021
040118,9,0,0,2021
040119,26,1,0,2021
040120,8,1,0,2021
040121,35,0,0,2021
040122,297,0,0,2021
040123,85,1,0,2021
040124,80,1,0,2021
040125,25,0,0,2021
040126,403,0,0,2021
040127,17,1,0,2021
040128,209,0,0,2021
040129,877,1,0,2021
040201,206,1,0,2021
040202,18,0,0,2021
040203,10,1,0,2021
040204,10,0,0,2021
040205,17,0,0,2021
040206,28,0,0,2021
040207,4,0,0,2021
040208,72,0,0,2021
040301,58,0,0,2021
040302,22,0,0,2021
040303,9,0,0,2021
040304,9,1,0,2021
040305,35,1,0,2021
040306,3,0,0,2021
040307,40,1,0,2021
040308,13,0,0,2021
040309,12,1,0,2021
040310,7,0,0,2021
040311,6,0,0,2021
040312,15,1,0,2021
040313,13,0,0,2021
040401,57,0,0,2021
040402,3,0,0,2021
040403,9,0,0,2021
040404,13,1,0,2021
040405,7,0,1,2021
040406,6,1,0,2021
040407,11,1,0,2021
040408,9,1,0,2021
040409,9,0,0,2021
040410,6,0,0,2021
040411,9,1,0,2021
040412,1,0,0,2021
040413,34,0,0,2021
040414,4,1,0,2021
040501,96,0,0,2021
040502,12,0,0,2021
040503,7,0,0,2021
040504,9,1,1,2021
040505,5,1,0,2021
040506,6,0,0,2021
040507,7,1,0,2021
040508,1,0,0,2021
040509,0,0,0,2021
040510,6,0,0,2021
040511,9,1,0,2021
040512,4,0,0,2021
040513,6,0,0,2021
040514,11,0,0,2021
040515,5,1,0,2021
040516,4,0,0,2021
040517,7,1,0,2021
040518,6,0,0,2021
040519,4,0,0,2021
040520,354,1,0,2021
040601,43,0,0,2021
040602,6,1,1,2021
040603,4,1,0,2021
040604,8,1,0,2021
040605,1,1,0,2021
040606,10,0,1,2021
040607,6,1,0,2021
040608,15,1,0,2021
040701,296,1,0,2021
040702,92,0,0,2021
040703,64,0,0,2021
040704,116,0,0,2021
040705,60,1,0,2021
040706,74,1,0,2021
040801,16,1,0,2021
040802,7,1,0,2021
040803,4,0,0,2021
040804,4,0,0,2021
040805,5,0,0,2021
040806,5,1,0,2021
040807,2,0,0,2021
040808,2,0,0,2021
040809,4,1,0,2021
040810,5,0,0,2021
040811,6,0,0,2021
050101,844,1,1,2021
050102,27,1,1,2021
050103,9,1,0,2021
050104,101,1,0,2021
050105,11,0,0,2021
050106,16,1,0,2021
050107,10,0,0,2021
050108,18,0,0,2021
050109,14,1,0,2021
050110,152,1,1,2021
050111,9,1,0,2021
050112,17,1,0,2021
050113,17,1,1,2021
050114,35,0,0,2021
050115,90,0,0,2021
050116,173,1,0,2021
050201,80,1,0,2021
050202,18,1,0,2021
050203,23,1,0,2021
050204,21,1,0,2021
050205,23,1,0,2021
050206,11,0,0,2021
050301,35,1,0,2021
050302,9,0,0,2021
050303,10,0,0,2021
050304,21,1,0,2021
050401,271,1,0,2021
050402,19,1,0,2021
050403,19,1,0,2021
050404,13,1,0,2021
050405,19,1,0,2021
050406,12,0,0,2021
050407,33,0,0,2021
050408,49,1,1,2021
050409,13,0,0,2021
050410,23,1,0,2021
050411,12,1,0,2021
050412,8,1,0,2021
050501,109,0,0,2021
050502,13,1,0,2021
050503,32,1,0,2021
050504,3,0,1,2021
050505,14,1,0,2021
050506,9,0,0,2021
050507,37,1,0,2021
050508,57,1,0,2021
050509,30,1,0,2021
050510,20,1,0,2021
050511,12,1,0,2021
050601,109,1,0,2021
050602,8,0,0,2021
050603,17,1,0,2021
050604,14,0,0,2021
050605,8,1,0,2021
050606,8,1,0,2021
050607,4,0,0,2021
050608,11,0,0,2021
050609,3,0,0,2021
050610,4,0,0,2021
050611,15,1,0,2021
050612,3,1,0,2021
050613,7,1,0,2021
050614,3,1,0,2021
050615,2,1,0,2021
050616,6,1,0,2021
050617,6,1,1,2021
050618,5,1,0,2021
050619,18,1,0,2021
050620,10,0,0,2021
050621,5,0,0,2021
050701,98,1,0,2021
050702,3,1,0,2021
050703,7,1,0,2021
050704,8,0,1,2021
050705,19,0,0,2021
050706,4,0,0,2021
050707,8,0,0,2021
050708,13,1,0,2021
050801,32,0,0,2021
050802,1,1,0,2021
050803,0,0,0,2021
050804,6,0,0,2021
050805,9,0,0,2021
050806,6,0,1,2021
050807,1,1,0,2021
050808,7,1,0,2021
050809,3,1,0,2021
050810,1,1,0,2021
050901,32,1,0,2021
050902,7,0,0,2021
050903,7,1,0,2021
050904,5,0,0,2021
050905,5,0,0,2021
050906,5,1,0,2021
050907,5,0,1,2021
050908,10,1,0,2021
050909,18,0,0,2021
050910,8,1,0,2021
050911,4,1,0,2021
051001,50,0,0,2021
051002,15,0,0,2021
051003,7,0,0,2021
051004,2,1,0,2021
051005,12,0,1,2021
051006,6,0,0,2021
051007,7,0,0,2021
051008,8,0,0,2021
051009,12,0,0,2021
051010,9,0,0,2021
051011,11,1,0,2021
051012,12,0,0,2021
051101,74,1,0,2021
051102,9,0,0,2021
051103,6,0,0,2021
051104,9,1,0,2021
051105,9,0,0,2021
051106,9,1,0,2021
051107,5,0,0,2021
051108,16,0,0,2021
060101,2818,0,1,2021
060102,54,1,0,2021
060103,38,0,0,2021
060104,37,1,0,2021
060105,160,1,0,2021
060106,87,1,1,2021
060107,23,1,0,2021
060108,318,1,0,2021
060109,12,1,0,2021
060110,40,0,0,2021
060111,30,1,0,2021
060112,19,1,1,2021
060201,299,0,1,2021
060202,108,1,0,2021
060203,30,0,0,2021
060204,31,1,0,2021
060301,134,0,0,2021
060302,5,0,0,2021
060303,15,1,0,2021
060304,43,0,0,2021
060305,4,0,0,2021
060306,3,1,0,2021
060307,14,1,0,2021
060308,32,1,0,2021
060309,21,0,0,2021
060310,23,1,0,2021
060311,6,1,0,2021
060312,25,0,0,2021
060401,429,1,0,2021
060402,14,1,0,2021
060403,9,1,0,2021
060404,18,0,1,2021
060405,7,1,0,2021
060406,19,1,0,2021
060407,21,1,0,2021
060408,26,0,0,2021
060409,13,0,0,2021
060410,54,0,0,2021
060411,50,0,0,2021
060412,7,0,0,2021
060413,17,1,0,2021
060414,6,0,0,2021
060415,24,0,0,2021
060416,8,0,0,2021
060417,79,1,0,2021
060418,5,0,0,2021
060419,30,0,0,2021
060501,72,1,0,2021
060502,21,0,0,2021
060503,7,1,0,2021
060504,16,1,0,2021
060505,8,0,0,2021
060506,0,1,0,2021
060507,20,0,1,2021
060508,29,0,0,2021
060601,297,1,0,2021
060602,22,0,0,2021
060603,17,1,0,2021
060604,10,1,0,2021
060605,26,1,0,2021
060606,26,0,0,2021
060607,65,1,0,2021
060608,11,1,0,2021
060609,19,1,0,2021
060610,22,1,0,2021
060611,15,0,0,2021
060612,27,1,0,2021
060613,20,1,0,2021
060614,55,1,0,2021
060615,10,1,0,2021
060701,416,0,0,2021
060702,30,0,0,2021
060703,164,1,0,2021
060801,546,0,0,2021
060802,56,0,0,2021
060803,37,1,0,2021
060804,47,0,0,2021
060805,19,0,0,2021
060806,23,0,0,2021
060807,49,1,0,2021
060808,89,1,0,2021
060809,16,1,0,2021
060810,25,1,0,2021
060811,38,1,0,2021
060812,32,1,0,2021
060901,213,1,0,2021
060902,50,1,0,2021
060903,66,1,0,2021
060904,61,1,0,2021
060905,37,0,0,2021
060906,88,0,0,2021
060907,41,1,0,2021
061001,266,0,0,2021
061002,20,0,0,2021
061003,8,0,0,2021
061004,29,0,0,2021
061005,13,1,0,2021
061006,6,0,0,2021
061007,45,1,0,2021
061101,104,0,0,2021
061102,7,0,0,2021
061103,22,0,0,2021
061104,10,1,0,2021
061105,4,1,0,2021
061106,17,0,0,2021
061107,26,1,0,2021
061108,4,1,0,2021
061109,9,0,0,2021
061110,9,0,0,2021
061111,29,0,0,2021
061112,15,0,0,2021
061113,7,1,0,2021
061201,85,0,0,2021
061202,10,1,0,2021
061203,6,0,0,2021
061204,17,0,0,2021
061301,118,1,0,2021
061302,18,1,0,2021
061303,15,1,0,2021
061304,24,1,0,2021
061305,25,0,0,2021
061306,19,1,0,2021
061307,24,1,0,2021
061308,13,1,0,2021
061309,18,0,0,2021
061310,17,1,0,2021
061311,32,1,0,2021
070101,1302,0,1,2021
070102,285,1,1,2021
070103,232,1,0,2021
070104,398,1,0,2021
070105,229,0,0,2021
070106,1923,1,1,2021
070107,670,1,0,2021
080101,2128,0,1,2021
080102,46,1,0,2021
080103,157,1,0,2021
080104,1113,1,0,2021
080105,1133,1,0,2021
080106,798,1,0,2021
080107,35,1,0,2021
080108,516,1,1,2021
080201,56,0,0,2021
080202,5,1,0,2021
080203,26,1,0,2021
080204,2,1,0,2021
080205,47,0,0,2021
080206,6,1,0,2021
080207,4,1,0,2021
080301,360,1,0,2021
080302,28,1,0,2021
080303,61,1,0,2021
080304,20,0,1,2021
080305,127,1,0,2021
080306,122,1,0,2021
080307,8,1,0,2021
080308,79,1,0,2021
080309,10,1,0,2021
080401,642,1,0,2021
080402,62,1,0,2021
080403,20,1,0,2021
080404,48,0,0,2021
080405,204,1,0,2021
080406,30,1,0,2021
080407,39,0,0,2021
080408,78,1,0,2021
080501,228,1,0,2021
080502,9,1,0,2021
080503,11,1,0,2021
080504,15,1,0,2021
080505,29,1,1,2021
080506,14,1,0,2021
080507,12,0,0,2021
080508,5,1,0,2021
080601,270,1,0,2021
080602,16,1,0,2021
080603,10,1,0,2021
080604,114,1,0,2021
080605,10,1,0,2021
080606,15,1,0,2021
080607,9,1,0,2021
080608,16,1,0,2021
080701,754,1,0,2021
080702,10,1,0,2021
080703,163,1,0,2021
080704,16,1,0,2021
080705,425,1,0,2021
080706,22,1,0,2021
080707,17,1,0,2021
080708,28,0,0,2021
080801,492,0,0,2021
080802,17,0,0,2021
080803,128,1,0,2021
080804,6,1,0,2021
080805,387,1,0,2021
080806,158,1,0,2021
080807,7,0,0,2021
080808,126,1,0,2021
080901,1392,1,0,2021
080902,1599,1,0,2021
080903,155,1,0,2021
080904,173,1,0,2021
080905,444,0,0,2021
080906,1467,0,0,2021
080907,59,1,0,2021
080908,756,1,0,2021
080909,800,0,0,2021
080910,108,1,0,2021
080911,175,1,0,2021
080912,14,1,0,2021
080913,15,0,0,2021
080914,2656,1,0,2021
081001,38,1,1,2021
081002,16,1,0,2021
081003,15,0,0,2021
081004,1,0,0,2021
081005,11,0,0,2021
081006,27,0,0,2021
081007,10,1,0,2021
081008,14,1,0,2021
081009,16,1,0,2021
081101,541,1,0,2021
081102,21,1,1,2021
081103,308,1,0,2021
081104,232,1,0,2021
081105,11,1,0,2021
081106,19,0,0,2021
081201,472,1,1,2021
081202,34,1,0,2021
081203,17,1,0,2021
081204,76,0,0,2021
081205,325,1,0,2021
081206,56,1,1,2021
081207,13,1,0,2021
081208,10,1,0,2021
081209,17,1,0,2021
081210,12,1,0,2021
081211,128,1,0,2021
081212,203,1,0,2021
081301,308,0,0,2021
081302,181,0,0,2021
081303,17,0,0,2021
081304,462,1,0,2021
081305,92,1,1,2021
081306,314,1,0,2021
081307,13,1,0,2021
090101,299,0,0,2021
090102,7,1,0,2021
090103,122,0,0,2021
090104,14,1,0,2021
090105,9,1,0,2021
090106,10,1,0,2021
090107,3,1,0,2021
090108,11,1,1,2021
090109,8,1,0,2021
090110,14,0,0,2021
090111,7,0,0,2021
090112,7,0,0,2021
090113,24,0,0,2021
090114,11,1,0,2021
090115,7,1,0,2021
090116,13,0,0,2021
090117,118,0,0,2021
090118,34,1,0,2021
090119,26,0,0,2021
090201,133,0,0,2021
090202,16,1,0,2021
090203,8,1,0,2021
090204,9,0,0,2021
090205,16,1,0,2021
090206,102,0,0,2021
090207,20,0,0,2021
090208,11,0,0,2021
090301,167,0,0,2021
090302,7,1,1,2021
090303,8,1,0,2021
090304,11,0,0,2021
090305,9,1,0,2021
090306,12,1,0,2021
090307,7,1,0,2021
090308,7,0,0,2021
090309,7,0,0,2021
090310,13,1,0,2021
090311,12,1,0,2021
090312,21,1,0,2021
090401,48,0,0,2021
090402,6,0,0,2021
090403,4,1,0,2021
090404,3,1,0,2021
090405,9,0,0,2021
090406,2,0,0,2021
090407,6,0,0,2021
090408,5,0,0,2021
090409,2,1,0,2021
090410,1,1,0,2021
090411,11,1,0,2021
090412,2,1,0,2021
090413,4,1,0,2021
090501,52,0,0,2021
090502,14,1,0,2021
090503,9,1,0,2021
090504,6,0,0,2021
090505,5,1,0,2021
090506,9,0,0,2021
090507,24,1,0,2021
090508,6,0,0,2021
090509,9,1,0,2021
090510,7,1,0,2021
090511,23,0,0,2021
090601,45,0,0,2021
090602,4,1,0,2021
090603,2,1,0,2021
090604,5,0,0,2021
090605,0,0,0,2021
090606,5,0,0,2021
090607,19,1,0,2021
090608,1,0,0,2021
090609,4,1,0,2021
090610,2,1,0,2021
090611,1,1,0,2021
090612,2,1,0,2021
090613,7,0,0,2021
090614,1,1,0,2021
090615,1,0,0,2021
090616,3,1,0,2021
090701,161,1,0,2021
090702,18,1,0,2021
090703,26,1,0,2021
090704,19,0,0,2021
090705,95,1,0,2021
090706,47,1,0,2021
090707,32,1,0,2021
090709,12,1,0,2021
090710,8,0,1,2021
090711,27,1,0,2021
090713,3,1,0,2021
090714,14,1,0,2021
090715,17,0,0,2021
090716,9,0,0,2021
090717,10,1,0,2021
090718,26,1,0,2021
090719,21,1,1,2021
090720,11,1,0,2021
090721,9,0,0,2021
090722,11,1,0,2021
090723,6,0,0,2021
100101,669,1,0,2021
100102,206,1,0,2021
100103,35,1,0,2021
100104,38,0,0,2021
100105,14,0,0,2021
100106,11,1,0,2021
100107,11,0,0,2021
100108,22,1,0,2021
100109,53,1,0,2021
100110,3,1,0,2021
100111,125,1,0,2021
100112,3,0,0,2021
100113,29,0,0,2021
100201,194,0,0,2021
100202,8,0,0,2021
100203,1,1,0,2021
100204,15,1,0,2021
100205,31,1,0,2021
100206,11,0,0,2021
100207,28,1,0,2021
100208,15,0,0,2021
100301,34,0,0,2021
100307,1,1,0,2021
100311,8,1,0,2021
100313,39,1,0,2021
100316,3,0,0,2021
100317,1,0,0,2021
100321,1,1,0,2021
100322,1,1,0,2021
100323,3,1,0,2021
100401,65,1,0,2021
100402,17,1,0,2021
100403,10,1,0,2021
100404,10,1,0,2021
100501,57,0,0,2021
100502,1,0,1,2021
100503,2,1,0,2021
100504,7,1,0,2021
100505,4,1,0,2021
100506,0,0,0,2021
100507,40,0,0,2021
100508,2,0,0,2021
100509,5,1,0,2021
100510,3,1,1,2021
100511,2,1,1,2021
100601,372,1,0,2021
100602,37,0,0,2021
100603,21,1,0,2021
100604,106,0,0,2021
100605,23,1,0,2021
100606,46,1,0,2021
100607,30,0,0,2021
100608,51,0,0,2021
100609,23,1,0,2021
100610,4,1,0,2021
100701,105,0,0,2021
100702,25,1,1,2021
100703,7,1,0,2021
100704,4,0,0,2021
100705,6,0,0,2021
100801,108,0,0,2021
100802,51,1,0,2021
100803,29,1,0,2021
100804,36,1,0,2021
100901,86,0,0,2021
100902,42,1,0,2021
100903,24,1,0,2021
100904,13,1,0,2021
100905,41,0,0,2021
101001,27,1,0,2021
101002,2,1,0,2021
101003,4,1,1,2021
101004,1,1,0,2021
101005,6,1,0,2021
101006,1,0,1,2021
101007,28,1,0,2021
101101,39,1,0,2021
101102,1,1,0,2021
101103,7,1,0,2021
101104,7,0,0,2021
101105,4,1,0,2021
101106,10,1,0,2021
101107,13,0,0,2021
101108,7,1,0,2021
110101,903,1,0,2021
110102,138,0,0,2021
110103,78,1,0,2021
110104,13,0,0,2021
110105,18,0,1,2021
110106,180,1,0,2021
110107,38,1,0,2021
110108,90,1,0,2021
110109,35,1,0,2021
110110,39,1,0,2021
110111,115,0,0,2021
110112,77,1,0,2021
110113,21,0,0,2021
110114,10,0,0,2021
110201,336,1,0,2021
110202,27,0,1,2021
110203,13,0,0,2021
110204,58,0,0,2021
110205,47,0,0,2021
110206,46,1,0,2021
110207,77,1,0,2021
110208,2,0,0,2021
110209,3,0,0,2021
110210,76,1,0,2021
110211,27,1,0,2021
110301,180,0,0,2021
110302,9,1,0,2021
110303,7,0,0,2021
110304,43,1,0,2021
110305,113,0,0,2021
110401,41,0,0,2021
110402,12,0,0,2021
110403,14,0,0,2021
110404,4,0,0,2021
110405,9,0,0,2021
110501,237,1,0,2021
110502,5,0,0,2021
110503,83,0,0,2021
110504,88,1,0,2021
110505,150,1,0,2021
110506,77,1,0,2021
110507,130,1,0,2021
110508,42,1,0,2021
120101,888,1,1,2021
120104,2,1,0,2021
120105,4,0,0,2021
120106,2,0,0,2021
120107,354,1,0,2021
120108,8,0,1,2021
120111,3,0,0,2021
120112,1,0,0,2021
120113,6,0,0,2021
120114,793,0,0,2021
120116,6,1,0,2021
120117,14,1,0,2021
120119,73,0,0,2021
120120,2,0,0,2021
120121,22,1,0,2021
120122,5,0,0,2021
120124,8,0,0,2021
120125,54,0,0,2021
120126,20,0,0,2021
120127,7,1,0,2021
120128,17,0,0,2021
120129,47,1,0,2021
120130,50,1,1,2021
120132,12,0,0,2021
120133,50,1,0,2021
120134,32,1,0,2021
120135,13,0,0,2021
120136,16,1,0,2021
120201,154,0,0,2021
120202,6,0,0,2021
120203,18,0,1,2021
120204,10,1,0,2021
120205,5,0,0,2021
120206,14,0,0,2021
120207,10,1,0,2021
120208,7,0,0,2021
120209,3,0,0,2021
120210,24,0,1,2021
120211,4,1,0,2021
120212,10,0,0,2021
120213,27,1,0,2021
120214,14,0,0,2021
120215,2,0,1,2021
120301,220,0,0,2021
120302,180,0,0,2021
120303,230,1,0,2021
120304,33,0,0,2021
120305,153,0,1,2021
120306,15,1,0,2021
120401,139,0,0,2021
120402,27,0,1,2021
120403,12,1,0,2021
120404,2,0,0,2021
120405,18,0,0,2021
120406,6,0,0,2021
120407,5,0,0,2021
120408,9,0,0,2021
120409,0,0,0,2021
120410,6,0,0,2021
120411,2,1,0,2021
120412,2,1,0,2021
120413,1,1,0,2021
120414,2,0,0,2021
120415,1,0,0,2021
120416,8,0,0,2021
120417,5,1,0,2021
120418,1,1,0,2021
120419,14,1,0,2021
120420,10,0,1,2021
120421,7,1,0,2021
120422,11,0,0,2021
120423,3,1,0,2021
120424,2,1,0,2021
120425,5,0,0,2021
120426,11,1,0,2021
120427,1,1,0,2021
120428,7,1,0,2021
120429,2,1,0,2021
120430,5,0,0,2021
120431,6,1,1,2021
120432,3,1,0,2021
120433,6,0,0,2021
120434,41,0,0,2021
120501,92,1,0,2021
120502,28,0,1,2021
120503,11,1,1,2021
120504,15,0,0,2021
120601,515,1,0,2021
120602,34,1,0,2021
120603,30,0,0,2021
120604,148,1,1,2021
120605,43,0,0,2021
120606,208,1,0,2021
120607,126,1,0,2021
120608,97,1,0,2021
120609,24,1,0,2021
120701,268,0,0,2021
120702,46,0,0,2021
120703,5,0,0,2021
120704,37,1,0,2021
120705,22,0,0,2021
120706,20,0,0,2021
120707,25,0,0,2021
120708,18,0,0,2021
120709,18,1,0,2021
120801,163,1,0,2021
120802,7,1,0,2021
120803,7,0,0,2021
120804,18,0,0,2021
120805,71,1,1,2021
120806,17,1,0,2021
120807,25,1,0,2021
120808,69,1,0,2021
120809,8,1,0,2021
120810,44,1,0,2021
120901,209,1,0,2021
120902,21,0,0,2021
120903,23,0,0,2021
120904,15,0,0,2021
120905,23,0,0,2021
120906,7,1,0,2021
120907,7,1,0,2021
120908,18,0,0,2021
120909,5,1,0,2021
130101,2376,1,0,2021
130102,347,1,0,2021
130103,96,1,0,2021
130104,253,0,0,2021
130105,701,1,0,2021
130106,120,1,0,2021
130107,220,0,0,2021
130108,31,1,0,2021
130109,85,0,0,2021
130110,18,1,0,2021
130111,510,1,0,2021
130201,75,0,0,2021
130202,60,1,1,2021
130203,64,0,0,2021
130204,13,0,0,2021
130205,147,0,0,2021
130206,96,1,1,2021
130207,150,0,1,2021
130208,325,1,0,2021
130301,37,0,0,2021
130302,15,0,0,2021
130303,9,0,0,2021
130304,16,0,0,2021
130305,5,0,0,2021
130306,1,0,0,2021
130401,212,0,0,2021
130402,68,0,0,2021
130403,95,1,0,2021
130501,65,0,0,2021
130502,17,1,0,2021
130503,14,1,0,2021
130504,13,1,0,2021
130601,185,0,0,2021
130602,44,1,0,2021
130604,3,0,0,2021
130605,11,0,0,2021
130606,4,1,0,2021
130608,10,1,0,2021
130610,1,0,0,2021
130611,9,1,0,2021
130613,14,1,0,2021
130614,98,1,0,2021
130701,217,0,1,2021
130702,202,1,0,2021
130703,21,1,1,2021
130704,201,1,0,2021
130705,47,0,0,2021
130801,139,0,0,2021
130802,16,1,0,2021
130803,27,0,1,2021
130804,14,1,1,2021
130805,21,0,0,2021
130806,13,1,0,2021
130807,9,0,0,2021
130808,96,0,0,2021
130809,26,1,0,2021
130810,6,1,0,2021
130811,8,0,1,2021
130812,5,1,0,2021
130813,19,0,0,2021
130901,406,1,0,2021
130902,74,1,0,2021
130903,30,1,0,2021
130904,24,1,0,2021
130905,37,1,0,2021
130906,57,1,0,2021
130907,27,1,1,2021
130908,41,1,1,2021
131001,118,1,0,2021
131002,32,0,0,2021
131003,49,0,0,2021
131004,10,0,0,2021
131005,16,0,0,2021
131006,43,0,1,2021
131007,37,0,0,2021
131008,16,0,0,2021
131101,64,0,0,2021
131102,19,0,0,2021
131103,10,0,0,2021
131104,31,1,0,2021
131201,316,1,0,2021
131202,191,1,0,2021
131203,18,1,1,2021
140101,2080,0,0,2021
140102,97,1,0,2021
140103,58,0,0,2021
140104,41,0,0,2021
140105,562,1,0,2021
140106,380,1,0,2021
140107,41,1,0,2021
140108,107,1,0,2021
140109,11,1,0,2021
140110,24,0,0,2021
140111,32,0,0,2021
140112,332,1,0,2021
140113,58,1,0,2021
140114,44,0,0,2021
140115,49,1,0,2021
140116,75,1,0,2021
140117,109,0,1,2021
140118,146,0,1,2021
140119,79,0,0,2021
140120,129,1,0,2021
140201,252,1,0,2021
140202,34,1,0,2021
140203,39,1,0,2021
140204,48,0,0,2021
140205,108,1,0,2021
140206,60,1,0,2021
140301,583,0,1,2021
140302,6,1,0,2021
140303,34,0,1,2021
140304,40,0,0,2021
140305,78,0,0,2021
140306,148,1,0,2021
140307,171,0,0,2021
140308,106,0,0,2021
140309,32,0,0,2021
140310,49,0,0,2021
140311,51,1,0,2021
140312,65,0,0,2021
150101,7254,1,0,2021
150102,201,1,0,2021
150103,3302,1,0,2021
150104,360,1,0,2021
150105,257,1,0,2021
150106,659,1,0,2021
150107,245,1,0,2021
150108,626,1,1,2021
150109,102,1,0,2021
150110,1119,1,0,2021
150111,166,1,0,2021
150112,1251,1,1,2021
150113,891,1,0,2021
150114,1376,1,0,2021
150115,1434,1,0,2021
150116,746,0,0,2021
150117,1386,1,0,2021
150118,976,0,0,2021
150119,842,1,0,2021
150120,462,1,0,2021
150121,596,1,0,2021
150122,1818,1,1,2021
150123,685,0,0,2021
150124,88,1,0,2021
150125,1304,1,0,2021
150126,102,0,0,2021
150127,97,1,0,2021
150128,436,1,0,2021
150129,157,1,0,2021
150130,1510,1,0,2021
150131,2183,1,1,2021
150132,1786,1,0,2021
150133,1028,1,0,2021
150134,286,1,0,2021
150135,1020,1,0,2021
150136,1281,1,0,2021
150137,391,0,0,2021
150138,71,1,0,2021
150139,107,1,0,2021
150140,3127,0,0,2021
150141,809,1,0,2021
150142,591,1,0,2021
150143,754,1,0,2021
150201,361,1,0,2021
150202,92,0,0,2021
150203,62,0,0,2021
150204,111,1,0,2021
150205,58,1,0,2021
150301,8,0,1,2021
150302,1,0,0,2021
150303,4,1,0,2021
150304,3,1,0,2021
150305,4,0,0,2021
150401,3,0,0,2021
150402,7,0,0,2021
150403,8,1,0,2021
150404,2,0,0,2021
150405,3,0,0,2021
150406,5,0,0,2021
150407,24,0,0,2021
150501,323,1,0,2021
150502,152,0,0,2021
150503,11,0,0,2021
150504,151,0,0,2021
150505,123,0,0,2021
150506,18,0,0,2021
150507,253,1,0,2021
150508,36,0,0,2021
150509,231,0,0,2021
150510,95,1,0,2021
150511,4,0,0,2021
150512,76,0,0,2021
150513,103,0,0,2021
150514,71,0,0,2021
150515,12,1,1,2021
150516,11,0,0,2021
150601,438,0,0,2021
150602,1,1,0,2021
150603,1,0,0,2021
150604,71,0,0,2021
150605,283,1,0,2021
150606,2,0,0,2021
150607,2,0,0,2021
150608,3,0,0,2021
150609,2,1,0,2021
150610,7,1,0,2021
150611,8,0,0,2021
150612,1,1,0,2021
150701,86,1,0,2021
150702,1,0,0,2021
150703,1,1,0,2021
150704,4,0,0,2021
150705,22,0,0,2021
150706,0,0,0,2021
150707,0,0,0,2021
150708,1,1,0,2021
150709,0,0,0,2021
150710,1,0,0,2021
150711,0,1,0,2021
150712,1,1,0,2021
150713,6,0,0,2021
150714,15,1,0,2021
150715,3,0,0,2021
150716,122,1,0,2021
150717,4,0,0,2021
150718,0,0,0,2021
150719,0,0,0,2021
150720,0,0,0,2021
150721,6,1,0,2021
150722,23,1,1,2021
150723,4,1,0,2021
150724,0,0,0,2021
150725,8,1,0,2021
150726,0,1,0,2021
150727,42,1,0,2021
150728,23,0,0,2021
150729,0,1,0,2021
150730,13,1,0,2021
150731,2,1,0,2021
150732,5,0,0,2021
150801,549,0,0,2021
150802,6,0,0,2021
150803,29,0,0,2021
150804,4,1,1,2021
150805,92,1,0,2021
150806,73,0,0,2021
150807,0,0,0,2021
150808,3,1,0,2021
150809,1,0,0,2021
150810,104,0,0,2021
150811,72,0,0,2021
150812,34,1,1,2021
150901,123,0,0,2021
150902,1,1,0,2021
150903,5,0,0,2021
150904,4,1,0,2021
150905,1,1,0,2021
150906,24,1,0,2021
151001,15,0,0,2021
151002,6,0,0,2021
151003,0,0,0,2021
151004,0,0,0,2021
151005,0,0,0,2021
151006,18,0,0,2021
151007,17,0,0,2021
151008,0,1,0,2021
151009,4,1,0,2021
151010,7,0,0,2021
151011,0,1,0,2021
151012,0,1,0,2021
151013,0,0,0,2021
151014,1,0,0,2021
151015,3,1,0,2021
151016,2,0,0,2021
151017,1,0,0,2021
151018,0,0,0,2021
151019,6,0,0,2021
151020,0,1,0,2021
151021,14,0,0,2021
151022,1,0,0,2021
151023,2,0,0,2021
151024,2,0,0,2021
151025,0,1,0,2021
151026,7,0,0,2021
151027,0,0,0,2021
151028,1,1,0,2021
151029,1,1,0,2021
151030,0,0,0,2021
151031,1,0,0,2021
151032,0,0,0,2021
151033,1,0,0,2021
160101,1334,0,0,2021
160102,41,0,1,2021
160103,114,1,0,2021
160104,47,1,0,2021
160105,56,0,0,2021
160106,50,0,0,2021
160107,21,0,0,2021
160108,247,1,0,2021
160110,24,1,0,2021
160112,485,0,0,2021
160113,578,1,0,2021
160201,150,0,0,2021
160202,44,1,0,2021
160205,35,0,0,2021
160206,18,0,0,2021
160210,10,0,0,2021
160211,16,0,0,2021
160301,168,1,0,2021
160302,17,0,0,2021
160303,26,0,0,2021
160304,23,0,0,2021
160305,23,0,0,2021
160401,119,0,0,2021
160402,38,0,0,2021
160403,28,0,0,2021
160404,30,1,0,2021
160501,145,0,1,2021
160502,9,0,0,2021
160503,24,0,0,2021
160504,23,1,0,2021
160505,32,0,0,2021
160506,12,1,1,2021
160507,20,0,0,2021
160508,5,1,0,2021
160509,4,1,1,2021
160510,18,0,1,2021
160511,24,0,0,2021
160601,117,0,0,2021
160602,10,0,0,2021
160603,21,0,0,2021
160604,20,0,0,2021
160605,27,1,0,2021
160606,26,1,1,2021
160701,42,1,0,2021
160702,18,1,0,2021
160703,30,1,0,2021
160704,23,0,0,2021
160705,32,0,0,2021
160706,17,1,0,2021
160801,29,1,0,2021
160802,11,0,0,2021
160803,14,0,0,2021
160804,13,1,0,2021
170101,471,1,0,2021
170102,49,1,0,2021
170103,4,1,0,2021
170104,26,0,0,2021
170201,24,1,0,2021
170202,4,0,0,2021
170203,43,0,0,2021
170204,20,0,0,2021
170301,43,0,0,2021
170302,37,1,0,2021
170303,19,0,0,2021
180101,1061,0,0,2021
180102,101,0,0,2021
180103,81,0,0,2021
180104,95,1,0,2021
180105,118,0,0,2021
180106,479,1,0,2021
180201,49,0,0,2021
180202,78,0,0,2021
180203,6,0,0,2021
180204,119,1,0,2021
180205,3,1,0,2021
180206,6,1,0,2021
180207,9,0,0,2021
180208,11,0,0,2021
180209,6,0,0,2021
180210,13,1,0,2021
180211,10,1,0,2021
180301,156,0,0,2021
180302,44,1,0,2021
180303,55,1,0,2021
190101,301,1,0,2021
190102,29,1,0,2021
190103,49,1,0,2021
190104,58,1,0,2021
190105,11,0,0,2021
190106,34,1,0,2021
190107,56,0,0,2021
190108,34,1,0,2021
190109,78,1,0,2021
190110,31,1,0,2021
190111,11,0,0,2021
190112,14,0,0,2021
190113,181,1,0,2021
190201,106,0,0,2021
190202,26,1,0,2021
190203,5,1,0,2021
190204,9,1,0,2021
190205,11,1,0,2021
190206,31,1,0,2021
190207,31,0,0,2021
190208,8,0,1,2021
190301,141,0,0,2021
190302,44,0,0,2021
190303,58,1,0,2021
190304,57,1,0,2021
190305,55,1,0,2021
190306,119,0,0,2021
190307,141,1,0,2021
190308,96,0,0,2021
200101,1319,1,0,2021
200104,816,1,0,2021
200105,265,1,0,2021
200107,44,1,0,2021
200108,37,1,0,2021
200109,94,1,0,2021
200110,95,0,0,2021
200111,75,0,0,2021
200114,217,0,0,2021
200115,501,1,0,2021
200201,75,0,0,2021
200202,26,1,0,2021
200203,10,1,1,2021
200204,14,1,0,2021
200205,15,0,0,2021
200206,60,0,0,2021
200207,16,1,0,2021
200208,38,0,0,2021
200209,10,0,0,2021
200210,59,0,0,2021
200301,93,0,0,2021
200302,41,1,0,2021
200303,91,0,0,2021
200304,86,0,0,2021
200305,12,0,0,2021
200306,28,1,0,2021
200307,30,1,0,2021
200308,42,1,0,2021
200401,285,0,0,2021
200402,25,0,0,2021
200403,38,1,0,2021
200404,33,1,1,2021
200405,35,0,0,2021
200406,57,0,0,2021
200407,18,1,0,2021
200408,11,1,0,2021
200409,48,1,0,2021
200410,16,1,0,2021
200501,343,0,0,2021
200502,13,0,0,2021
200503,40,0,0,2021
200504,99,0,0,2021
200505,27,0,0,2021
200506,23,0,0,2021
200507,15,0,0,2021
200601,810,1,0,2021
200602,110,0,0,2021
200603,55,0,0,2021
200604,59,1,0,2021
200605,52,1,0,2021
200606,44,0,1,2021
200607,102,1,0,2021
200608,25,0,0,2021
200701,507,1,0,2021
200702,77,0,0,2021
200703,87,0,0,2021
200704,35,1,0,2021
200705,66,0,0,2021
200706,78,0,1,2021
200801,167,1,0,2021
200802,39,1,0,2021
200803,14,0,0,2021
200804,19,1,1,2021
200805,67,1,0,2021
200806,12,1,0,2021
210101,830,1,1,2021
210102,53,1,0,2021
210103,4,0,0,2021
210104,8,1,0,2021
210105,4,1,0,2021
210106,24,1,0,2021
210107,13,1,0,2021
210108,12,1,0,2021
210109,10,1,0,2021
210110,4,1,0,2021
210111,15,1,0,2021
210112,13,1,0,2021
210113,3,0,0,2021
210114,14,1,0,2021
210115,5,1,0,2021
210201,219,0,0,2021
210202,4,1,0,2021
210203,8,1,1,2021
210204,36,1,0,2021
210205,1,1,0,2021
210206,11,1,0,2021
210207,5,0,0,2021
210208,5,1,0,2021
210209,10,0,0,2021
210210,24,1,0,2021
210211,39,0,0,2021
210212,6,0,0,2021
210213,4,0,0,2021
210214,10,1,0,2021
210215,2,0,0,2021
210301,140,1,0,2021
210302,2,1,1,2021
210303,27,1,0,2021
210304,29,0,0,2021
210305,11,1,0,2021
210306,31,1,0,2021
210307,22,0,0,2021
210308,14,0,0,2021
210309,17,1,0,2021
210310,19,1,0,2021
210401,169,0,0,2021
210402,35,0,0,2021
210403,8,1,0,2021
210404,26,1,0,2021
210405,22,1,0,2021
210406,87,1,0,2021
210407,44,1,0,2021
210501,257,0,0,2021
210502,7,1,0,2021
210503,30,1,0,2021
210504,21,1,0,2021
210505,2,1,0,2021
210601,69,1,0,2021
210602,0,0,0,2021
210603,4,1,0,2021
210604,2,0,0,2021
210605,5,1,0,2021
210606,10,0,1,2021
210607,13,1,0,2021
210608,4,0,1,2021
210701,101,0,0,2021
210702,4,0,0,2021
210703,18,1,0,2021
210704,2,0,0,2021
210705,3,0,0,2021
210706,1,1,0,2021
210707,2,1,0,2021
210708,4,1,1,2021
210709,1,1,0,2021
210710,1,0,0,2021
210801,194,1,0,2021
210802,22,0,0,2021
210803,11,1,0,2021
210804,1,1,0,2021
210805,3,1,0,2021
210806,52,0,1,2021
210807,45,1,0,2021
210808,8,1,0,2021
210809,8,1,0,2021
210901,46,0,0,2021
210902,4,1,1,2021
210903,1,0,0,2021
210904,4,0,0,2021
211001,145,1,0,2021
211002,44,0,0,2021
211003,4,1,0,2021
211004,6,1,0,2021
211005,2,0,0,2021
211101,1911,0,0,2021
211102,4,1,0,2021
211103,3,1,0,2021
211104,11,1,0,2021
211105,195,0,0,2021
211201,107,0,0,2021
211202,10,1,0,2021
211203,5,0,1,2021
211204,0,1,0,2021
211205,1,1,1,2021
211206,5,0,0,2021
211207,14,0,0,2021
211208,3,0,0,2021
211209,5,0,0,2021
211210,9,1,0,2021
211301,79,0,0,2021
211302,1,1,0,2021
211303,7,1,0,2021
211304,16,1,0,2021
211305,6,1,0,2021
211306,2,0,1,2021
211307,4,0,1,2021
220101,395,1,0,2021
220102,25,1,0,2021
220103,29,1,0,2021
220104,22,1,0,2021
220105,73,1,0,2021
220106,15,0,0,2021
220201,81,1,0,2021
220202,18,1,0,2021
220203,37,1,0,2021
220204,15,0,0,2021
220205,36,0,0,2021
220206,16,0,0,2021
220301,77,1,0,2021
220302,12,0,0,2021
220303,22,1,0,2021
220304,20,1,0,2021
220305,11,0,0,2021
220401,69,0,0,2021
220402,19,0,0,2021
220403,14,0,0,2021
220404,5,0,0,2021
220405,11,1,0,2021
220406,8,0,0,2021
220501,81,1,0,2021
220502,25,1,0,2021
220503,16,1,0,2021
220504,18,0,1,2021
220505,12,1,0,2021
220506,17,0,0,2021
220507,17,0,0,2021
220508,11,1,0,2021
220509,6,0,0,2021
220510,28,1,0,2021
220511,15,1,0,2021
220601,145,1,0,2021
220602,15,0,0,2021
220603,18,1,0,2021
220604,13,0,0,2021
220605,8,0,0,2021
220701,49,0,0,2021
220702,14,0,0,2021
220703,13,0,0,2021
220704,2,1,0,2021
220705,16,0,0,2021
220706,7,0,0,2021
220707,15,0,0,2021
220708,26,1,0,2021
220709,14,0,0,2021
220710,12,0,0,2021
220801,204,1,0,2021
220802,56,1,0,2021
220803,26,0,0,2021
220804,149,1,0,2021
220805,110,1,0,2021
220806,9,0,0,2021
220807,18,0,0,2021
220808,30,1,1,2021
220809,11,0,1,2021
220901,473,1,0,2021
220902,4,0,0,2021
220903,6,1,0,2021
220904,7,1,0,2021
220905,2,0,0,2021
220906,12,0,0,2021
220907,9,0,0,2021
220908,13,0,0,2021
220909,71,1,0,2021
220910,53,1,1,2021
220911,3,0,0,2021
220912,9,0,1,2021
220913,9,1,0,2021
220914,6,1,0,2021
221001,179,1,0,2021
221002,21,1,0,2021
221003,39,1,1,2021
221004,6,0,0,2021
221005,113,0,0,2021
230101,663,0,1,2021
230102,228,1,0,2021
230103,38,0,0,2021
230104,277,1,0,2021
230105,74,0,0,2021
230106,20,0,0,2021
230107,57,1,0,2021
230108,154,0,1,2021
230109,43,0,0,2021
230110,822,1,0,2021
230111,44,1,0,2021
230201,48,0,0,2021
230202,25,0,0,2021
230203,27,1,0,2021
230204,8,0,0,2021
230205,6,1,0,2021
230206,10,1,0,2021
230301,582,0,0,2021
230302,665,0,0,2021
230303,292,1,0,2021
230401,67,0,1,2021
230402,9,0,0,2021
230403,10,1,0,2021
230404,11,0,0,2021
230405,5,0,0,2021
230406,8,0,0,2021
230407,7,1,0,2021
230408,22,0,0,2021
240101,559,1,0,2021
240102,99,1,0,2021
240103,50,1,0,2021
240104,46,1,1,2021
240105,58,0,0,2021
240106,17,1,0,2021
240201,139,0,0,2021
240202,22,0,1,2021
240203,40,0,0,2021
240301,196,1,0,2021
240302,181,0,0,2021
240303,17,1,0,2021
240304,23,0,1,2021
250101,1109,1,0,2021
250102,35,0,0,2021
250103,35,0,0,2021
250104,45,1,0,2021
250105,232,1,0,2021
250106,36,0,0,2021
250107,159,0,0,2021
250201,370,1,0,2021
250202,52,0,0,2021
250203,45,1,0,2021
250204,17,1,0,2021
250301,63,0,0,2021
250302,44,0,0,2021
250303,40,0,0,2021
250304,36,0,0,2021
250305,18,0,0,2021
250401,65,1,0,2021
010101,198,0,0,2022
010102,0,0,0,2022
010103,2,0,0,2022
010104,0,1,0,2022
010105,6,1,0,2022
010106,1,0,0,2022
010107,1,0,0,2022
010108,10,0,0,2022
010109,5,0,0,2022
010110,4,0,0,2022
010111,3,0,0,2022
010112,4,0,0,2022
010113,4,0,0,2022
010114,5,0,0,2022
010115,4,0,0,2022
010116,3,0,0,2022
010117,2,0,0,2022
010118,2,0,0,2022
010119,4,0,0,2022
010120,3,0,0,2022
010121,2,1,0,2022
010201,144,0,0,2022
010202,17,0,0,2022
010203,16,0,0,2022
010204,9,0,0,2022
010205,56,1,0,2022
010206,30,1,0,2022
010301,14,0,0,2022
010302,2,1,0,2022
010303,5,0,0,2022
010304,1,1,0,2022
010305,5,0,0,2022
010306,9,1,1,2022
010307,40,0,0,2022
010308,2,0,0,2022
010309,4,1,0,2022
010310,6,0,1,2022
010311,1,0,0,2022
010312,13,0,0,2022
010401,155,1,0,2022
010402,13,1,0,2022
010403,28,1,0,2022
010501,82,0,0,2022
010502,7,0,0,2022
010503,3,0,0,2022
010504,4,1,0,2022
010505,5,1,0,2022
010506,3,0,0,2022
010507,4,0,0,2022
010508,2,0,0,2022
010509,7,0,0,2022
010510,2,1,0,2022
010511,0,0,1,2022
010512,7,0,0,2022
010513,8,1,1,2022
010514,5,1,0,2022
010515,2,0,0,2022
010516,2,1,0,2022
010517,3,0,0,2022
010518,2,0,0,2022
010519,3,0,0,2022
010520,2,0,0,2022
010521,4,0,0,2022
010522,5,0,1,2022
010523,2,0,0,2022
010601,65,0,0,2022
010602,4,0,0,2022
010603,3,0,0,2022
010604,10,1,0,2022
010605,8,1,0,2022
010606,7,0,0,2022
010607,10,0,0,2022
010608,7,0,0,2022
010609,14,1,0,2022
010610,4,1,0,2022
010611,6,0,0,2022
010612,3,0,1,2022
010701,235,1,0,2022
010702,67,1,0,2022
010703,20,0,0,2022
010704,16,0,0,2022
010705,30,1,1,2022
010706,20,0,0,2022
010707,10,0,0,2022
020101,517,0,0,2022
020102,8,1,0,2022
020103,1,0,0,2022
020104,4,1,0,2022
020105,278,1,0,2022
020106,21,1,0,2022
020107,9,1,0,2022
020108,8,1,0,2022
020109,4,1,0,2022
020110,15,1,0,2022
020111,7,0,0,2022
020112,4,0,0,2022
020201,9,1,1,2022
020202,27,1,0,2022
020203,15,1,0,2022
020204,5,0,0,2022
020205,7,0,0,2022
020301,8,0,1,2022
020302,11,0,0,2022
020303,5,0,0,2022
020304,6,0,0,2022
020305,3,1,0,2022
020306,3,0,0,2022
020401,34,1,0,2022
020402,13,1,0,2022
020501,16,0,0,2022
020502,4,0,0,2022
020503,8,1,0,2022
020504,6,0,0,2022
020505,8,1,1,2022
020506,1,1,0,2022
020507,12,0,0,2022
020508,27,1,0,2022
020509,7,0,0,2022
020510,6,0,0,2022
020511,1,0,0,2022
020512,4,0,0,2022
020513,3,0,0,2022
020514,1,0,0,2022
020515,1,1,0,2022
020601,215,0,0,2022
020602,7,1,0,2022
020603,7,1,0,2022
020604,11,0,0,2022
020605,4,1,0,2022
020606,18,1,0,2022
020607,9,0,0,2022
020608,11,0,0,2022
020609,6,0,0,2022
020610,13,0,0,2022
020611,2,1,0,2022
020701,63,0,0,2022
020702,9,1,0,2022
020703,29,1,0,2022
020801,141,1,0,2022
020802,25,0,0,2022
020803,12,0,0,2022
020804,26,1,0,2022
020901,13,1,0,2022
020902,7,0,0,2022
020903,13,0,0,2022
020904,7,0,0,2022
020905,8,0,0,2022
020906,8,0,0,2022
020907,5,0,0,2022
021001,71,1,0,2022
021002,22,0,0,2022
021003,9,0,1,2022
021004,45,1,0,2022
021005,11,0,0,2022
021006,3,1,0,2022
021007,10,0,0,2022
021008,14,0,0,2022
021009,10,0,0,2022
021010,11,1,0,2022
021011,11,1,0,2022
021012,4,1,1,2022
021013,12,1,0,2022
021014,40,0,1,2022
021015,7,0,0,2022
021016,10,0,0,2022
021101,116,1,0,2022
021102,9,1,0,2022
021103,26,1,0,2022
021104,3,0,0,2022
021105,5,0,0,2022
021201,200,1,0,2022
021202,10,0,0,2022
021203,6,0,0,2022
021204,10,1,0,2022
021205,7,0,0,2022
021206,7,0,0,2022
021207,27,0,1,2022
021208,22,0,0,2022
021209,8,1,0,2022
021210,12,0,0,2022
021301,31,1,0,2022
021302,7,0,0,2022
021303,2,1,0,2022
021304,4,0,0,2022
021305,5,0,0,2022
021306,54,0,0,2022
021307,17,0,0,2022
021308,7,1,0,2022
021401,14,0,0,2022
021402,2,0,0,2022
021403,0,0,0,2022
021404,5,0,0,2022
021405,1,1,0,2022
021406,11,0,1,2022
021407,1,0,0,2022
021408,4,1,1,2022
021409,5,1,0,2022
021410,2,1,0,2022
021501,73,0,1,2022
021502,15,0,0,2022
021503,37,0,0,2022
021504,6,0,0,2022
021505,8,0,0,2022
021506,11,0,0,2022
021507,8,1,0,2022
021508,19,0,0,2022
021509,56,1,0,2022
021510,5,0,0,2022
021511,9,0,0,2022
021601,84,0,0,2022
021602,5,1,1,2022
021603,7,0,0,2022
021604,4,0,0,2022
021701,11,0,0,2022
021702,11,0,1,2022
021703,8,0,0,2022
021704,2,0,0,2022
021705,4,0,0,2022
021706,2,0,0,2022
021707,2,0,0,2022
021708,5,1,0,2022
021709,1,1,0,2022
021710,13,0,0,2022
021801,1888,0,1,2022
021802,43,0,0,2022
021803,113,1,0,2022
021804,29,0,0,2022
021805,98,1,0,2022
021806,182,1,1,2022
021807,65,0,0,2022
021808,187,0,0,2022
021809,836,1,0,2022
021901,46,0,0,2022
021902,3,1,0,2022
021903,12,0,0,2022
021904,19,0,0,2022
021905,6,1,0,2022
021906,8,0,0,2022
021907,9,1,0,2022
021908,2,0,0,2022
021909,58,1,0,2022
021910,16,0,0,2022
022001,80,1,0,2022
022002,12,1,0,2022
022003,24,0,0,2022
022004,6,1,0,2022
022005,28,1,0,2022
022006,7,0,0,2022
022007,2,1,0,2022
022008,9,0,0,2022
030101,524,1,0,2022
030102,13,0,0,2022
030103,5,1,1,2022
030104,88,0,0,2022
030105,4,1,0,2022
030106,11,1,0,2022
030107,7,1,0,2022
030108,10,1,1,2022
030109,39,1,0,2022
030201,370,1,1,2022
030202,13,1,0,2022
030203,4,0,1,2022
030204,35,1,0,2022
030205,10,0,1,2022
030206,4,1,0,2022
030207,18,1,1,2022
030208,8,1,0,2022
030209,8,0,0,2022
030210,3,1,1,2022
030211,4,0,0,2022
030212,12,1,0,2022
030213,51,1,0,2022
030214,7,1,0,2022
030215,20,1,0,2022
030216,110,0,0,2022
030217,6,0,0,2022
030218,11,1,0,2022
030219,7,0,0,2022
030220,9,1,0,2022
030301,52,0,0,2022
030302,3,0,0,2022
030303,7,1,0,2022
030304,2,1,1,2022
030305,4,0,0,2022
030306,3,0,0,2022
030307,2,1,0,2022
030401,53,1,0,2022
030402,1,1,0,2022
030403,4,1,0,2022
030404,7,0,0,2022
030405,3,0,0,2022
030406,8,0,0,2022
030407,6,1,0,2022
030408,6,0,0,2022
030409,3,1,0,2022
030410,7,0,0,2022
030411,3,0,0,2022
030412,12,1,0,2022
030413,7,1,0,2022
030414,7,0,0,2022
030415,8,0,1,2022
030416,3,0,0,2022
030417,2,0,0,2022
030501,727,1,0,2022
030502,41,0,0,2022
030503,39,1,0,2022
030504,82,1,0,2022
030505,150,1,0,2022
030506,41,1,0,2022
030601,66,1,1,2022
030602,31,1,0,2022
030603,5,1,0,2022
030604,33,1,0,2022
030605,22,0,0,2022
030606,15,0,0,2022
030607,13,0,0,2022
030608,9,0,0,2022
030609,4,1,0,2022
030610,9,1,0,2022
030611,1,1,0,2022
030701,21,1,1,2022
030702,4,0,0,2022
030703,5,1,0,2022
030704,4,1,0,2022
030705,19,1,0,2022
030706,3,0,0,2022
030707,5,1,0,2022
030708,6,1,0,2022
030709,2,1,0,2022
030710,2,0,0,2022
030711,5,1,0,2022
030712,5,0,0,2022
030713,8,1,0,2022
030714,2,0,0,2022
040101,1514,1,1,2022
040102,447,1,0,2022
040103,552,1,0,2022
040104,1067,1,0,2022
040105,59,1,0,2022
040106,6,1,0,2022
040107,260,1,0,2022
040108,221,0,0,2022
040109,253,1,0,2022
040110,364,1,0,2022
040111,22,1,0,2022
040112,464,1,0,2022
040113,6,1,0,2022
040114,4,0,0,2022
040115,10,1,0,2022
040116,43,1,0,2022
040117,290,1,0,2022
040118,9,0,0,2022
040119,21,1,0,2022
040120,9,1,1,2022
040121,21,0,0,2022
040122,332,1,0,2022
040123,82,1,0,2022
040124,85,1,0,2022
040125,36,0,0,2022
040126,437,0,0,2022
040127,19,0,0,2022
040128,239,1,0,2022
040129,591,1,0,2022
040201,235,1,0,2022
040202,14,0,0,2022
040203,11,1,0,2022
040204,9,1,1,2022
040205,17,1,1,2022
040206,17,1,1,2022
040207,7,0,0,2022
040208,66,0,0,2022
040301,61,1,1,2022
040302,22,0,0,2022
040303,9,0,0,2022
040304,8,1,0,2022
040305,49,1,0,2022
040306,3,1,0,2022
040307,47,1,0,2022
040308,13,0,0,2022
040309,12,1,0,2022
040310,8,0,0,2022
040311,4,0,0,2022
040312,4,0,0,2022
040313,12,0,0,2022
040401,61,0,0,2022
040402,6,0,0,2022
040403,16,0,0,2022
040404,7,1,0,2022
040405,7,1,0,2022
040406,6,1,0,2022
040407,10,1,0,2022
040408,6,1,0,2022
040409,8,0,0,2022
040410,8,0,0,2022
040411,4,1,0,2022
040412,1,0,0,2022
040413,32,0,0,2022
040414,8,0,0,2022
040501,227,1,0,2022
040502,5,1,0,2022
040503,5,0,0,2022
040504,10,1,0,2022
040505,12,1,0,2022
040506,5,0,0,2022
040507,15,1,0,2022
040508,2,0,1,2022
040509,0,0,0,2022
040510,4,1,0,2022
040511,13,0,0,2022
040512,6,1,0,2022
040513,5,1,0,2022
040514,12,0,0,2022
040515,4,1,0,2022
040516,1,1,0,2022
040517,5,0,0,2022
040518,9,1,0,2022
040519,8,0,0,2022
040520,374,1,0,2022
040601,48,0,0,2022
040602,5,1,0,2022
040603,3,0,0,2022
040604,9,0,0,2022
040605,2,1,0,2022
040606,11,0,0,2022
040607,6,1,0,2022
040608,15,1,0,2022
040701,246,1,0,2022
040702,119,0,0,2022
040703,73,0,0,2022
040704,105,0,0,2022
040705,67,0,0,2022
040706,68,1,0,2022
040801,17,1,0,2022
040802,8,1,0,2022
040803,6,1,0,2022
040804,5,0,0,2022
040805,2,0,0,2022
040806,10,1,0,2022
040807,1,0,0,2022
040808,2,0,0,2022
040809,3,1,0,2022
040810,4,0,0,2022
040811,5,1,0,2022
050101,862,1,0,2022
050102,28,1,0,2022
050103,14,0,0,2022
050104,72,1,0,2022
050105,12,1,1,2022
050106,19,1,0,2022
050107,10,1,0,2022
050108,28,1,0,2022
050109,13,1,0,2022
050110,186,1,0,2022
050111,10,1,0,2022
050112,17,0,0,2022
050113,15,1,0,2022
050114,32,1,0,2022
050115,109,1,0,2022
050116,154,1,0,2022
050201,66,1,0,2022
050202,27,0,0,2022
050203,22,1,0,2022
050204,13,1,0,2022
050205,22,1,1,2022
050206,10,0,1,2022
050301,41,1,0,2022
050302,11,1,0,2022
050303,11,1,0,2022
050304,16,1,0,2022
050401,271,0,0,2022
050402,19,1,0,2022
050403,20,1,1,2022
050404,13,1,0,2022
050405,19,0,0,2022
050406,13,1,0,2022
050407,29,0,0,2022
050408,49,1,0,2022
050409,17,0,0,2022
050410,11,1,0,2022
050411,14,1,0,2022
050412,9,1,0,2022
050501,130,1,0,2022
050502,28,1,0,2022
050503,30,0,0,2022
050504,10,1,0,2022
050505,12,1,0,2022
050506,9,0,0,2022
050507,44,1,0,2022
050508,61,1,0,2022
050509,31,0,0,2022
050510,21,0,0,2022
050511,9,1,0,2022
050601,116,1,0,2022
050602,7,1,0,2022
050603,17,1,0,2022
050604,10,1,1,2022
050605,8,1,1,2022
050606,7,1,0,2022
050607,4,0,0,2022
050608,11,0,0,2022
050609,6,0,0,2022
050610,6,0,0,2022
050611,12,0,0,2022
050612,6,0,0,2022
050613,7,1,0,2022
050614,3,1,0,2022
050615,8,0,0,2022
050616,6,1,0,2022
050617,12,1,0,2022
050618,5,0,0,2022
050619,12,0,0,2022
050620,8,1,0,2022
050621,3,0,0,2022
050701,109,1,0,2022
050702,3,1,0,2022
050703,10,1,0,2022
050704,4,1,1,2022
050705,22,0,0,2022
050706,4,1,0,2022
050707,5,0,0,2022
050708,19,1,0,2022
050801,28,1,0,2022
050802,1,1,1,2022
050803,1,0,0,2022
050804,14,0,0,2022
050805,9,0,0,2022
050806,5,1,0,2022
050807,1,1,0,2022
050808,8,1,0,2022
050809,2,0,0,2022
050810,2,0,0,2022
050901,40,1,0,2022
050902,5,0,0,2022
050903,6,1,0,2022
050904,6,0,1,2022
050905,4,0,0,2022
050906,5,1,0,2022
050907,6,1,0,2022
050908,9,1,0,2022
050909,18,0,0,2022
050910,16,0,0,2022
050911,2,0,0,2022
051001,46,0,0,2022
051002,13,1,0,2022
051003,6,0,0,2022
051004,3,0,0,2022
051005,9,1,0,2022
051006,10,1,1,2022
051007,7,1,0,2022
051008,5,0,0,2022
051009,12,0,0,2022
051010,14,0,0,2022
051011,17,1,0,2022
051012,26,1,0,2022
051101,62,1,0,2022
051102,10,1,1,2022
051103,10,0,1,2022
051104,8,0,0,2022
051105,11,0,0,2022
051106,9,0,0,2022
051107,12,0,0,2022
051108,12,0,1,2022
060101,2315,0,1,2022
060102,42,0,0,2022
060103,28,0,0,2022
060104,55,0,0,2022
060105,153,1,0,2022
060106,94,1,0,2022
060107,29,1,0,2022
060108,468,0,0,2022
060109,14,0,0,2022
060110,40,0,0,2022
060111,38,1,0,2022
060112,31,1,0,2022
060201,292,0,1,2022
060202,101,1,0,2022
060203,30,1,0,2022
060204,34,1,0,2022
060301,177,1,0,2022
060302,12,0,0,2022
060303,15,0,0,2022
060304,38,0,0,2022
060305,5,0,0,2022
060306,8,1,0,2022
060307,15,1,0,2022
060308,31,1,0,2022
060309,21,0,0,2022
060310,26,1,1,2022
060311,6,1,0,2022
060312,13,0,0,2022
060401,432,1,0,2022
060402,17,1,0,2022
060403,13,1,0,2022
060404,14,0,0,2022
060405,10,1,0,2022
060406,9,0,0,2022
060407,21,0,0,2022
060408,31,0,0,2022
060409,14,1,0,2022
060410,57,1,0,2022
060411,51,0,0,2022
060412,8,0,0,2022
060413,10,0,0,2022
060414,6,1,0,2022
060415,58,0,0,2022
060416,17,1,0,2022
060417,93,1,0,2022
060418,6,0,0,2022
060419,42,1,0,2022
060501,95,1,0,2022
060502,20,0,0,2022
060503,8,1,0,2022
060504,16,1,1,2022
060505,7,0,0,2022
060506,0,1,0,2022
060507,14,0,0,2022
060508,29,1,0,2022
060601,335,1,0,2022
060602,26,1,0,2022
060603,19,1,0,2022
060604,14,1,0,2022
060605,25,1,0,2022
060606,27,1,0,2022
060607,55,1,0,2022
060608,12,0,0,2022
060609,15,0,0,2022
060610,22,0,0,2022
060611,24,1,0,2022
060612,34,1,0,2022
060613,22,1,0,2022
060614,52,0,0,2022
060615,10,1,0,2022
060701,431,0,0,2022
060702,27,0,0,2022
060703,174,1,0,2022
060801,546,0,0,2022
060802,53,0,0,2022
060803,39,1,0,2022
060804,45,0,0,2022
060805,30,1,0,2022
060806,29,0,0,2022
060807,39,1,0,2022
060808,63,0,0,2022
060809,17,0,0,2022
060810,16,0,0,2022
060811,49,1,0,2022
060812,45,1,0,2022
060901,221,0,0,2022
060902,49,1,0,2022
060903,93,1,0,2022
060904,63,1,0,2022
060905,43,0,0,2022
060906,91,1,0,2022
060907,41,1,0,2022
061001,298,1,0,2022
061002,20,1,0,2022
061003,10,1,0,2022
061004,32,0,0,2022
061005,13,1,0,2022
061006,8,0,0,2022
061007,43,1,0,2022
061101,113,0,0,2022
061102,6,0,0,2022
061103,22,0,0,2022
061104,17,1,0,2022
061105,4,1,0,2022
061106,20,1,0,2022
061107,23,1,0,2022
061108,4,0,0,2022
061109,5,1,0,2022
061110,9,1,0,2022
061111,24,0,0,2022
061112,15,0,0,2022
061113,12,0,0,2022
061201,85,1,0,2022
061202,19,0,0,2022
061203,4,1,0,2022
061204,19,0,0,2022
061301,130,1,0,2022
061302,17,0,0,2022
061303,21,1,0,2022
061304,25,0,0,2022
061305,31,1,0,2022
061306,19,0,0,2022
061307,24,0,1,2022
061308,17,1,0,2022
061309,19,0,1,2022
061310,14,0,0,2022
061311,16,0,0,2022
070101,752,0,1,2022
070102,268,1,0,2022
070103,235,1,0,2022
070104,524,1,0,2022
070105,226,0,0,2022
070106,1831,1,1,2022
070107,395,1,0,2022
080101,2080,1,1,2022
080102,40,0,0,2022
080103,168,1,0,2022
080104,1113,1,0,2022
080105,1107,1,0,2022
080106,782,1,0,2022
080107,45,0,0,2022
080108,463,0,0,2022
080201,109,1,0,2022
080202,10,1,0,2022
080203,10,1,0,2022
080204,2,0,0,2022
080205,41,1,0,2022
080206,6,1,0,2022
080207,20,0,0,2022
080301,657,0,0,2022
080302,5,1,0,2022
080303,80,1,1,2022
080304,38,1,0,2022
080305,141,0,0,2022
080306,81,1,0,2022
080307,16,1,0,2022
080308,78,0,0,2022
080309,12,0,0,2022
080401,579,1,0,2022
080402,61,0,0,2022
080403,22,0,0,2022
080404,56,0,0,2022
080405,235,1,0,2022
080406,141,1,0,2022
080407,26,0,0,2022
080408,47,1,0,2022
080501,419,1,0,2022
080502,5,1,1,2022
080503,10,1,0,2022
080504,13,0,0,2022
080505,30,0,0,2022
080506,7,0,0,2022
080507,12,0,0,2022
080508,5,1,0,2022
080601,291,0,0,2022
080602,15,0,0,2022
080603,65,0,0,2022
080604,142,1,0,2022
080605,17,1,0,2022
080606,15,1,0,2022
080607,11,1,0,2022
080608,29,1,0,2022
080701,719,1,0,2022
080702,9,1,0,2022
080703,228,1,0,2022
080704,27,1,0,2022
080705,489,1,0,2022
080706,35,1,0,2022
080707,10,1,0,2022
080708,25,1,0,2022
080801,584,1,1,2022
080802,10,1,0,2022
080803,89,1,0,2022
080804,4,1,0,2022
080805,317,0,0,2022
080806,112,0,0,2022
080807,6,1,0,2022
080808,109,1,0,2022
080901,1322,1,0,2022
080902,1863,1,0,2022
080903,161,1,0,2022
080904,140,0,1,2022
080905,459,1,0,2022
080906,1268,1,0,2022
080907,47,1,0,2022
080908,597,1,0,2022
080909,802,0,0,2022
080910,89,1,0,2022
080911,288,0,0,2022
080912,14,0,0,2022
080913,19,0,0,2022
080914,2226,1,0,2022
081001,38,1,0,2022
081002,19,0,0,2022
081003,19,1,0,2022
081004,2,0,0,2022
081005,35,0,0,2022
081006,24,1,0,2022
081007,3,1,1,2022
081008,3,1,0,2022
081009,12,1,0,2022
081101,317,1,0,2022
081102,12,0,0,2022
081103,187,1,0,2022
081104,338,1,0,2022
081105,79,1,0,2022
081106,24,0,0,2022
081201,369,1,0,2022
081202,26,1,0,2022
081203,64,1,0,2022
081204,59,1,0,2022
081205,582,1,0,2022
081206,82,1,0,2022
081207,19,1,0,2022
081208,41,1,0,2022
081209,31,1,0,2022
081210,126,1,0,2022
081211,144,1,0,2022
081212,408,1,0,2022
081301,623,0,0,2022
081302,250,1,0,2022
081303,56,1,0,2022
081304,385,1,0,2022
081305,203,1,0,2022
081306,423,1,0,2022
081307,17,1,0,2022
090101,295,1,0,2022
090102,7,0,0,2022
090103,134,0,0,2022
090104,6,0,0,2022
090105,9,0,0,2022
090106,15,1,0,2022
090107,4,0,0,2022
090108,6,1,1,2022
090109,7,1,0,2022
090110,6,0,0,2022
090111,12,0,0,2022
090112,9,0,0,2022
090113,23,1,0,2022
090114,10,0,0,2022
090115,7,1,0,2022
090116,13,0,0,2022
090117,70,0,0,2022
090118,44,1,0,2022
090119,26,1,0,2022
090201,178,1,0,2022
090202,21,0,0,2022
090203,36,1,0,2022
090204,7,1,0,2022
090205,11,1,0,2022
090206,108,1,1,2022
090207,20,0,0,2022
090208,9,0,0,2022
090301,279,0,0,2022
090302,7,0,0,2022
090303,15,0,0,2022
090304,5,0,1,2022
090305,8,0,0,2022
090306,8,1,0,2022
090307,8,1,0,2022
090308,7,0,0,2022
090309,12,0,0,2022
090310,13,1,0,2022
090311,14,1,0,2022
090312,13,1,0,2022
090401,32,0,0,2022
090402,4,1,0,2022
090403,9,0,0,2022
090404,4,1,0,2022
090405,6,0,0,2022
090406,2,0,0,2022
090407,8,1,1,2022
090408,4,0,0,2022
090409,4,0,0,2022
090410,1,1,0,2022
090411,10,0,0,2022
090412,2,1,0,2022
090413,4,0,0,2022
090501,52,1,1,2022
090502,19,0,0,2022
090503,6,0,0,2022
090504,7,1,0,2022
090505,3,1,0,2022
090506,8,0,0,2022
090507,21,1,0,2022
090508,6,0,0,2022
090509,9,0,0,2022
090510,8,1,0,2022
090511,33,0,0,2022
090601,30,0,0,2022
090602,3,1,0,2022
090603,2,1,0,2022
090604,5,0,0,2022
090605,1,0,0,2022
090606,2,0,0,2022
090607,16,0,0,2022
090608,1,0,1,2022
090609,4,1,0,2022
090610,5,0,0,2022
090611,1,0,0,2022
090612,7,0,0,2022
090613,5,0,0,2022
090614,1,0,0,2022
090615,1,1,0,2022
090616,3,1,1,2022
090701,150,0,0,2022
090702,10,1,0,2022
090703,37,1,1,2022
090704,27,1,0,2022
090705,123,1,0,2022
090706,39,1,0,2022
090707,8,1,0,2022
090709,10,1,0,2022
090710,11,1,0,2022
090711,23,1,0,2022
090713,3,0,0,2022
090714,20,1,0,2022
090715,8,0,1,2022
090716,16,1,1,2022
090717,20,0,0,2022
090718,22,1,0,2022
090719,27,1,0,2022
090720,14,1,0,2022
090721,9,0,0,2022
090722,10,1,0,2022
090723,6,0,0,2022
100101,866,1,0,2022
100102,293,1,0,2022
100103,31,0,0,2022
100104,36,0,0,2022
100105,11,1,0,2022
100106,12,0,0,2022
100107,3,1,0,2022
100108,24,1,0,2022
100109,65,1,1,2022
100110,3,1,1,2022
100111,211,1,0,2022
100112,10,0,0,2022
100113,13,1,0,2022
100201,218,0,0,2022
100202,10,0,1,2022
100203,1,0,0,2022
100204,11,0,0,2022
100205,29,1,0,2022
100206,16,0,0,2022
100207,21,1,0,2022
100208,15,0,0,2022
100301,49,0,0,2022
100307,1,0,0,2022
100311,5,0,0,2022
100313,17,0,1,2022
100316,0,0,0,2022
100317,1,1,0,2022
100321,3,1,0,2022
100322,1,1,0,2022
100323,0,1,0,2022
100401,46,1,0,2022
100402,22,0,0,2022
100403,17,0,0,2022
100404,8,0,0,2022
100501,70,0,0,2022
100502,1,0,0,2022
100503,1,0,0,2022
100504,4,0,0,2022
100505,5,1,0,2022
100506,0,1,0,2022
100507,67,0,0,2022
100508,1,0,0,2022
100509,4,1,0,2022
100510,12,1,0,2022
100511,1,1,1,2022
100601,463,1,0,2022
100602,49,1,0,2022
100603,21,0,0,2022
100604,109,1,0,2022
100605,24,1,0,2022
100606,56,1,0,2022
100607,24,0,0,2022
100608,41,1,0,2022
100609,13,1,0,2022
100610,1,1,0,2022
100701,96,0,0,2022
100702,34,0,0,2022
100703,9,1,0,2022
100704,2,0,0,2022
100705,7,0,0,2022
100801,68,1,0,2022
100802,40,1,0,2022
100803,27,1,1,2022
100804,53,0,0,2022
100901,129,0,0,2022
100902,57,1,0,2022
100903,29,1,1,2022
100904,15,1,0,2022
100905,22,1,0,2022
101001,22,1,1,2022
101002,2,1,0,2022
101003,7,1,0,2022
101004,11,0,0,2022
101005,9,1,0,2022
101006,7,0,0,2022
101007,11,0,0,2022
101101,64,1,1,2022
101102,2,0,1,2022
101103,5,1,0,2022
101104,8,0,0,2022
101105,6,1,0,2022
101106,18,1,1,2022
101107,16,1,0,2022
101108,7,1,0,2022
110101,864,1,0,2022
110102,146,0,1,2022
110103,78,0,0,2022
110104,20,0,1,2022
110105,16,0,0,2022
110106,189,1,0,2022
110107,32,0,0,2022
110108,111,1,0,2022
110109,30,0,1,2022
110110,39,1,0,2022
110111,120,0,0,2022
110112,84,1,0,2022
110113,17,0,0,2022
110114,11,1,0,2022
110201,333,0,0,2022
110202,30,0,1,2022
110203,13,0,0,2022
110204,90,1,0,2022
110205,38,1,0,2022
110206,35,1,0,2022
110207,79,1,0,2022
110208,2,1,0,2022
110209,6,1,0,2022
110210,117,0,0,2022
110211,31,0,0,2022
110301,250,0,0,2022
110302,9,1,0,2022
110303,4,0,0,2022
110304,44,1,0,2022
110305,118,0,0,2022
110401,45,0,0,2022
110402,13,0,0,2022
110403,10,1,0,2022
110404,5,0,0,2022
110405,9,0,0,2022
110501,235,1,0,2022
110502,4,0,0,2022
110503,89,0,0,2022
110504,88,1,0,2022
110505,173,1,0,2022
110506,81,1,0,2022
110507,128,1,0,2022
110508,57,1,1,2022
120101,896,1,1,2022
120104,2,0,0,2022
120105,2,1,0,2022
120106,0,0,0,2022
120107,377,1,0,2022
120108,9,0,0,2022
120111,5,1,0,2022
120112,1,0,0,2022
120113,10,1,0,2022
120114,754,0,0,2022
120116,6,1,0,2022
120117,16,1,0,2022
120119,67,0,0,2022
120120,2,1,0,2022
120121,28,1,0,2022
120122,5,1,0,2022
120124,7,0,0,2022
120125,59,1,0,2022
120126,17,0,0,2022
120127,6,1,0,2022
120128,20,0,0,2022
120129,47,1,0,2022
120130,45,1,0,2022
120132,12,0,0,2022
120133,60,0,0,2022
120134,32,1,0,2022
120135,13,0,0,2022
120136,12,1,0,2022
120201,138,1,0,2022
120202,6,1,0,2022
120203,21,0,1,2022
120204,10,1,0,2022
120205,7,0,0,2022
120206,33,1,0,2022
120207,4,1,0,2022
120208,7,0,0,2022
120209,3,1,0,2022
120210,23,0,0,2022
120211,4,1,0,2022
120212,12,1,0,2022
120213,20,0,0,2022
120214,16,1,0,2022
120215,6,1,0,2022
120301,212,1,0,2022
120302,176,0,0,2022
120303,221,1,0,2022
120304,30,1,0,2022
120305,149,0,1,2022
120306,15,1,0,2022
120401,140,1,0,2022
120402,22,0,0,2022
120403,23,1,0,2022
120404,2,0,0,2022
120405,23,0,1,2022
120406,5,0,0,2022
120407,5,0,0,2022
120408,3,0,0,2022
120409,0,0,0,2022
120410,13,0,0,2022
120411,2,0,0,2022
120412,0,1,0,2022
120413,3,1,0,2022
120414,2,0,0,2022
120415,2,0,0,2022
120416,5,0,0,2022
120417,4,1,0,2022
120418,2,1,0,2022
120419,15,1,0,2022
120420,5,1,1,2022
120421,5,0,0,2022
120422,6,0,0,2022
120423,4,1,0,2022
120424,1,1,0,2022
120425,4,0,0,2022
120426,4,1,0,2022
120427,2,0,0,2022
120428,4,0,0,2022
120429,2,0,0,2022
120430,5,0,0,2022
120431,6,0,0,2022
120432,4,0,0,2022
120433,5,0,0,2022
120434,27,1,1,2022
120501,90,0,0,2022
120502,26,0,0,2022
120503,11,1,1,2022
120504,15,0,1,2022
120601,496,1,0,2022
120602,43,1,0,2022
120603,24,0,0,2022
120604,150,1,0,2022
120605,50,0,0,2022
120606,214,1,0,2022
120607,161,1,0,2022
120608,84,1,0,2022
120609,26,1,0,2022
120701,264,0,0,2022
120702,45,0,0,2022
120703,6,0,0,2022
120704,39,1,0,2022
120705,21,1,0,2022
120706,22,1,0,2022
120707,25,0,0,2022
120708,15,1,0,2022
120709,16,1,0,2022
120801,159,1,0,2022
120802,6,1,0,2022
120803,7,0,0,2022
120804,41,0,0,2022
120805,77,1,1,2022
120806,16,1,1,2022
120807,25,1,0,2022
120808,60,1,0,2022
120809,6,1,0,2022
120810,44,1,0,2022
120901,203,1,0,2022
120902,19,0,0,2022
120903,20,0,0,2022
120904,16,0,0,2022
120905,24,0,0,2022
120906,7,1,0,2022
120907,8,0,0,2022
120908,18,1,0,2022
120909,5,0,0,2022
130101,2323,1,0,2022
130102,388,1,0,2022
130103,109,1,0,2022
130104,250,1,0,2022
130105,722,1,0,2022
130106,122,1,0,2022
130107,271,1,0,2022
130108,31,0,0,2022
130109,101,1,0,2022
130110,17,1,0,2022
130111,494,1,0,2022
130201,85,0,1,2022
130202,83,1,1,2022
130203,60,0,0,2022
130204,21,0,0,2022
130205,150,1,0,2022
130206,95,1,1,2022
130207,161,0,1,2022
130208,332,1,0,2022
130301,37,0,0,2022
130302,9,1,0,2022
130303,7,0,0,2022
130304,16,0,0,2022
130305,5,0,0,2022
130306,5,0,0,2022
130401,226,1,0,2022
130402,81,0,0,2022
130403,104,0,0,2022
130501,47,1,0,2022
130502,21,1,0,2022
130503,18,1,0,2022
130504,18,1,0,2022
130601,213,0,0,2022
130602,28,1,1,2022
130604,5,0,0,2022
130605,18,0,0,2022
130606,6,0,0,2022
130608,8,1,0,2022
130610,1,0,0,2022
130611,9,1,0,2022
130613,14,1,0,2022
130614,95,1,0,2022
130701,251,0,1,2022
130702,247,1,0,2022
130703,22,0,1,2022
130704,191,1,0,2022
130705,66,0,0,2022
130801,137,0,0,2022
130802,17,1,0,2022
130803,20,1,0,2022
130804,16,1,0,2022
130805,10,0,0,2022
130806,16,1,0,2022
130807,13,1,0,2022
130808,95,0,0,2022
130809,40,1,0,2022
130810,6,1,0,2022
130811,10,0,0,2022
130812,5,1,0,2022
130813,16,0,0,2022
130901,504,1,0,2022
130902,74,1,0,2022
130903,27,1,0,2022
130904,26,1,0,2022
130905,46,1,1,2022
130906,56,0,0,2022
130907,21,1,1,2022
130908,39,1,0,2022
131001,166,1,0,2022
131002,37,0,0,2022
131003,53,0,0,2022
131004,13,0,0,2022
131005,20,0,0,2022
131006,43,0,0,2022
131007,33,1,0,2022
131008,16,0,0,2022
131101,72,0,0,2022
131102,16,0,0,2022
131103,13,0,0,2022
131104,29,1,1,2022
131201,329,1,0,2022
131202,208,1,0,2022
131203,57,1,0,2022
140101,2550,1,0,2022
140102,97,0,0,2022
140103,75,1,0,2022
140104,35,0,0,2022
140105,526,1,0,2022
140106,348,1,0,2022
140107,29,1,0,2022
140108,110,1,0,2022
140109,13,1,0,2022
140110,24,0,0,2022
140111,30,0,0,2022
140112,264,1,0,2022
140113,75,0,0,2022
140114,43,0,0,2022
140115,50,0,0,2022
140116,79,1,0,2022
140117,109,0,1,2022
140118,147,1,0,2022
140119,65,0,0,2022
140120,107,1,0,2022
140201,239,1,0,2022
140202,40,1,1,2022
140203,40,1,0,2022
140204,49,0,0,2022
140205,113,0,0,2022
140206,62,1,0,2022
140301,582,0,0,2022
140302,7,0,0,2022
140303,24,0,0,2022
140304,53,1,0,2022
140305,70,0,0,2022
140306,165,0,0,2022
140307,171,0,0,2022
140308,100,1,0,2022
140309,29,0,0,2022
140310,49,1,0,2022
140311,42,1,0,2022
140312,62,0,0,2022
150101,6524,1,0,2022
150102,159,1,0,2022
150103,3112,1,0,2022
150104,362,0,0,2022
150105,237,1,0,2022
150106,751,1,0,2022
150107,214,1,0,2022
150108,1554,1,0,2022
150109,90,1,0,2022
150110,889,1,0,2022
150111,176,1,0,2022
150112,560,1,1,2022
150113,729,1,0,2022
150114,1080,1,0,2022
150115,691,1,0,2022
150116,826,1,0,2022
150117,1765,1,0,2022
150118,1018,0,0,2022
150119,738,1,0,2022
150120,335,1,0,2022
150121,670,1,0,2022
150122,1891,1,1,2022
150123,607,1,0,2022
150124,94,0,0,2022
150125,995,0,0,2022
150126,93,1,0,2022
150127,70,1,0,2022
150128,334,1,0,2022
150129,170,0,0,2022
150130,1646,1,1,2022
150131,2315,1,1,2022
150132,1364,1,0,2022
150133,577,0,0,2022
150134,318,1,0,2022
150135,1199,1,0,2022
150136,1355,1,1,2022
150137,517,0,0,2022
150138,64,1,0,2022
150139,120,1,0,2022
150140,2891,1,0,2022
150141,837,1,1,2022
150142,582,1,0,2022
150143,279,1,0,2022
150201,402,1,0,2022
150202,89,0,0,2022
150203,54,0,0,2022
150204,111,1,0,2022
150205,62,1,0,2022
150301,7,0,0,2022
150302,0,0,0,2022
150303,6,1,0,2022
150304,3,1,0,2022
150305,4,0,0,2022
150401,5,0,0,2022
150402,7,0,0,2022
150403,8,1,0,2022
150404,1,0,0,2022
150405,1,0,0,2022
150406,3,1,0,2022
150407,29,0,0,2022
150501,568,1,0,2022
150502,303,1,0,2022
150503,16,1,0,2022
150504,138,0,0,2022
150505,28,0,0,2022
150506,16,0,0,2022
150507,310,1,0,2022
150508,36,1,0,2022
150509,238,0,0,2022
150510,122,0,0,2022
150511,2,0,1,2022
150512,71,1,0,2022
150513,99,1,0,2022
150514,45,0,0,2022
150515,12,1,1,2022
150516,12,0,0,2022
150601,555,0,0,2022
150602,1,1,0,2022
150603,0,0,0,2022
150604,106,0,0,2022
150605,433,1,0,2022
150606,7,0,0,2022
150607,1,0,0,2022
150608,1,0,0,2022
150609,3,0,0,2022
150610,5,0,1,2022
150611,2,1,0,2022
150612,1,0,0,2022
150701,79,0,0,2022
150702,0,0,0,2022
150703,1,1,0,2022
150704,3,0,0,2022
150705,19,0,0,2022
150706,0,1,0,2022
150707,0,0,0,2022
150708,0,1,1,2022
150709,0,0,0,2022
150710,1,0,0,2022
150711,0,0,0,2022
150712,1,1,0,2022
150713,3,1,0,2022
150714,17,1,0,2022
150715,2,0,0,2022
150716,135,1,0,2022
150717,5,1,0,2022
150718,0,0,0,2022
150719,0,0,0,2022
150720,0,0,0,2022
150721,7,1,0,2022
150722,8,1,0,2022
150723,2,1,0,2022
150724,1,0,0,2022
150725,5,1,0,2022
150726,0,1,0,2022
150727,5,0,0,2022
150728,27,0,0,2022
150729,0,1,0,2022
150730,12,1,0,2022
150731,2,1,0,2022
150732,5,0,0,2022
150801,536,1,0,2022
150802,5,0,1,2022
150803,34,1,0,2022
150804,3,1,0,2022
150805,110,1,0,2022
150806,79,1,0,2022
150807,1,0,0,2022
150808,4,0,0,2022
150809,5,1,0,2022
150810,107,0,0,2022
150811,84,0,0,2022
150812,66,0,0,2022
150901,119,0,0,2022
150902,2,1,0,2022
150903,5,0,1,2022
150904,4,0,0,2022
150905,3,1,0,2022
150906,19,0,1,2022
151001,15,0,0,2022
151002,2,0,0,2022
151003,0,1,0,2022
151004,0,0,0,2022
151005,0,1,0,2022
151006,13,0,0,2022
151007,14,0,0,2022
151008,1,1,0,2022
151009,4,0,0,2022
151010,7,0,0,2022
151011,0,1,0,2022
151012,0,0,0,2022
151013,0,0,0,2022
151014,0,0,0,2022
151015,3,0,0,2022
151016,2,0,0,2022
151017,1,0,0,2022
151018,0,0,0,2022
151019,10,0,0,2022
151020,0,1,0,2022
151021,13,0,0,2022
151022,1,0,0,2022
151023,3,0,0,2022
151024,1,0,0,2022
151025,0,1,0,2022
151026,0,0,0,2022
151027,0,0,0,2022
151028,2,0,0,2022
151029,1,1,0,2022
151030,0,0,0,2022
151031,1,1,0,2022
151032,1,0,0,2022
151033,1,1,0,2022
160101,1259,0,0,2022
160102,27,0,0,2022
160103,59,1,0,2022
160104,45,0,0,2022
160105,57,0,0,2022
160106,49,0,0,2022
160107,22,1,0,2022
160108,216,1,0,2022
160110,24,1,0,2022
160112,307,0,0,2022
160113,471,1,0,2022
160201,152,0,0,2022
160202,32,0,0,2022
160205,10,1,0,2022
160206,18,0,0,2022
160210,10,0,0,2022
160211,18,0,0,2022
160301,168,0,0,2022
160302,18,0,0,2022
160303,25,0,0,2022
160304,18,1,0,2022
160305,22,0,0,2022
160401,117,0,0,2022
160402,61,0,0,2022
160403,28,1,1,2022
160404,31,0,0,2022
160501,124,1,1,2022
160502,9,1,0,2022
160503,23,1,0,2022
160504,20,0,0,2022
160505,24,1,0,2022
160506,12,0,0,2022
160507,23,0,0,2022
160508,8,1,0,2022
160509,6,1,0,2022
160510,18,0,0,2022
160511,22,0,0,2022
160601,121,0,0,2022
160602,13,0,0,2022
160603,21,0,0,2022
160604,15,1,0,2022
160605,23,1,0,2022
160606,27,1,0,2022
160701,48,0,0,2022
160702,19,0,0,2022
160703,27,0,0,2022
160704,22,1,1,2022
160705,30,0,0,2022
160706,15,1,0,2022
160801,40,1,0,2022
160802,8,0,0,2022
160803,14,0,0,2022
160804,18,1,0,2022
170101,471,0,0,2022
170102,49,1,0,2022
170103,32,1,0,2022
170104,39,0,0,2022
170201,28,1,0,2022
170202,10,1,0,2022
170203,43,0,0,2022
170204,20,0,0,2022
170301,61,0,0,2022
170302,29,1,0,2022
170303,16,1,0,2022
180101,534,1,0,2022
180102,118,0,0,2022
180103,66,0,0,2022
180104,95,1,0,2022
180105,74,0,0,2022
180106,368,1,0,2022
180201,46,0,0,2022
180202,48,1,0,2022
180203,5,0,0,2022
180204,148,1,0,2022
180205,3,0,0,2022
180206,4,0,0,2022
180207,8,0,0,2022
180208,8,1,0,2022
180209,8,0,0,2022
180210,10,1,0,2022
180211,6,1,0,2022
180301,295,0,0,2022
180302,38,1,0,2022
180303,57,1,0,2022
190101,200,1,1,2022
190102,38,0,1,2022
190103,38,1,0,2022
190104,53,1,0,2022
190105,9,0,0,2022
190106,31,0,0,2022
190107,37,1,0,2022
190108,41,1,1,2022
190109,72,0,0,2022
190110,23,1,0,2022
190111,14,0,0,2022
190112,14,0,0,2022
190113,147,0,0,2022
190201,130,0,0,2022
190202,28,0,0,2022
190203,14,1,0,2022
190204,12,1,0,2022
190205,10,1,0,2022
190206,20,1,0,2022
190207,12,1,1,2022
190208,6,1,0,2022
190301,134,1,0,2022
190302,30,0,0,2022
190303,64,1,0,2022
190304,28,1,0,2022
190305,34,0,0,2022
190306,140,1,0,2022
190307,144,1,0,2022
190308,71,0,1,2022
200101,1289,1,0,2022
200104,876,0,0,2022
200105,115,1,0,2022
200107,98,0,1,2022
200108,35,1,1,2022
200109,85,1,0,2022
200110,106,1,0,2022
200111,80,0,0,2022
200114,358,1,0,2022
200115,520,1,0,2022
200201,75,0,0,2022
200202,25,1,0,2022
200203,12,1,1,2022
200204,23,1,0,2022
200205,15,1,1,2022
200206,86,1,0,2022
200207,14,1,0,2022
200208,54,0,0,2022
200209,9,1,0,2022
200210,60,0,0,2022
200301,129,0,0,2022
200302,44,1,0,2022
200303,56,1,0,2022
200304,69,1,0,2022
200305,8,0,0,2022
200306,33,1,1,2022
200307,31,1,0,2022
200308,41,1,0,2022
200401,303,0,0,2022
200402,27,1,0,2022
200403,19,1,0,2022
200404,27,1,1,2022
200405,33,1,0,2022
200406,34,0,1,2022
200407,18,1,0,2022
200408,11,0,0,2022
200409,30,1,0,2022
200410,23,1,0,2022
200501,632,0,0,2022
200502,17,0,0,2022
200503,11,0,0,2022
200504,49,0,0,2022
200505,27,1,0,2022
200506,20,0,0,2022
200507,15,0,0,2022
200601,1048,1,0,2022
200602,105,0,0,2022
200603,47,0,0,2022
200604,57,0,0,2022
200605,50,1,0,2022
200606,45,0,0,2022
200607,79,1,0,2022
200608,25,0,0,2022
200701,505,0,0,2022
200702,157,0,0,2022
200703,70,0,0,2022
200704,22,1,0,2022
200705,87,0,0,2022
200706,91,0,1,2022
200801,189,1,0,2022
200802,19,1,1,2022
200803,34,1,0,2022
200804,19,0,1,2022
200805,44,1,0,2022
200806,14,1,0,2022
210101,830,1,1,2022
210102,53,0,0,2022
210103,1,0,0,2022
210104,9,1,0,2022
210105,4,0,0,2022
210106,19,1,0,2022
210107,12,0,0,2022
210108,14,0,1,2022
210109,9,1,0,2022
210110,37,1,0,2022
210111,15,1,0,2022
210112,13,1,0,2022
210113,3,1,0,2022
210114,8,1,1,2022
210115,10,1,0,2022
210201,219,0,0,2022
210202,5,0,0,2022
210203,8,0,1,2022
210204,36,1,0,2022
210205,1,1,0,2022
210206,11,1,0,2022
210207,5,0,0,2022
210208,3,1,0,2022
210209,7,1,0,2022
210210,17,1,0,2022
210211,39,0,1,2022
210212,6,0,0,2022
210213,4,0,0,2022
210214,4,1,0,2022
210215,2,1,0,2022
210301,107,1,0,2022
210302,1,1,1,2022
210303,24,1,0,2022
210304,21,1,0,2022
210305,9,0,0,2022
210306,47,1,0,2022
210307,6,0,0,2022
210308,40,0,0,2022
210309,15,1,0,2022
210310,14,0,0,2022
210401,259,1,0,2022
210402,26,0,0,2022
210403,9,1,0,2022
210404,26,1,0,2022
210405,34,1,0,2022
210406,47,1,0,2022
210407,60,1,0,2022
210501,257,0,0,2022
210502,11,1,0,2022
210503,30,0,0,2022
210504,24,0,0,2022
210505,4,1,0,2022
210601,69,1,0,2022
210602,25,0,0,2022
210603,4,1,0,2022
210604,2,1,0,2022
210605,5,1,0,2022
210606,10,0,0,2022
210607,13,1,0,2022
210608,5,1,1,2022
210701,92,1,0,2022
210702,5,0,0,2022
210703,17,1,0,2022
210704,1,0,0,2022
210705,1,1,0,2022
210706,2,0,0,2022
210707,2,0,0,2022
210708,3,1,1,2022
210709,2,0,0,2022
210710,4,0,0,2022
210801,194,1,0,2022
210802,22,0,0,2022
210803,11,1,0,2022
210804,1,0,1,2022
210805,3,0,0,2022
210806,52,0,0,2022
210807,5,1,0,2022
210808,4,1,0,2022
210809,7,0,0,2022
210901,57,0,0,2022
210902,2,1,0,2022
210903,1,0,0,2022
210904,1,1,0,2022
211001,55,0,0,2022
211002,64,0,0,2022
211003,3,1,0,2022
211004,7,0,0,2022
211005,4,0,0,2022
211101,1145,0,0,2022
211102,3,0,0,2022
211103,3,0,1,2022
211104,13,1,0,2022
211105,103,1,0,2022
211201,107,0,0,2022
211202,9,1,0,2022
211203,4,1,0,2022
211204,1,1,0,2022
211205,1,1,1,2022
211206,5,0,0,2022
211207,9,0,0,2022
211208,2,0,0,2022
211209,5,0,0,2022
211210,28,1,0,2022
211301,68,1,0,2022
211302,9,0,0,2022
211303,7,0,0,2022
211304,12,1,0,2022
211305,5,1,0,2022
211306,2,0,0,2022
211307,7,0,1,2022
220101,403,1,0,2022
220102,22,1,0,2022
220103,18,1,0,2022
220104,24,1,0,2022
220105,86,1,0,2022
220106,14,0,0,2022
220201,127,0,0,2022
220202,17,0,0,2022
220203,37,0,0,2022
220204,13,0,0,2022
220205,37,0,0,2022
220206,16,0,0,2022
220301,77,0,0,2022
220302,12,0,0,2022
220303,15,1,1,2022
220304,20,0,0,2022
220305,11,0,0,2022
220401,71,0,0,2022
220402,13,1,0,2022
220403,14,0,0,2022
220404,4,0,0,2022
220405,10,1,0,2022
220406,11,0,0,2022
220501,79,1,0,2022
220502,26,0,0,2022
220503,12,0,0,2022
220504,15,0,0,2022
220505,10,1,0,2022
220506,13,0,0,2022
220507,8,1,0,2022
220508,9,1,0,2022
220509,6,1,0,2022
220510,29,1,0,2022
220511,15,0,0,2022
220601,146,0,0,2022
220602,16,1,0,2022
220603,18,1,0,2022
220604,13,0,0,2022
220605,11,1,0,2022
220701,104,1,1,2022
220702,14,0,0,2022
220703,15,0,0,2022
220704,2,0,0,2022
220705,8,0,0,2022
220706,7,0,0,2022
220707,14,0,0,2022
220708,15,0,0,2022
220709,11,0,0,2022
220710,13,0,0,2022
220801,217,1,0,2022
220802,48,0,0,2022
220803,40,0,0,2022
220804,184,0,0,2022
220805,108,0,0,2022
220806,9,0,0,2022
220807,18,1,0,2022
220808,21,0,1,2022
220809,8,1,0,2022
220901,513,0,0,2022
220902,3,0,0,2022
220903,6,0,0,2022
220904,10,0,0,2022
220905,2,0,0,2022
220906,11,0,0,2022
220907,9,0,0,2022
220908,13,0,0,2022
220909,77,1,0,2022
220910,69,1,0,2022
220911,1,0,0,2022
220912,6,0,0,2022
220913,9,1,0,2022
220914,6,1,0,2022
221001,219,0,0,2022
221002,22,0,0,2022
221003,33,1,0,2022
221004,4,0,0,2022
221005,71,0,0,2022
230101,503,0,1,2022
230102,131,1,0,2022
230103,38,1,0,2022
230104,183,1,0,2022
230105,128,0,0,2022
230106,22,0,1,2022
230107,54,1,0,2022
230108,127,1,0,2022
230109,50,0,0,2022
230110,571,1,0,2022
230111,35,0,0,2022
230201,46,0,0,2022
230202,10,0,0,2022
230203,28,0,0,2022
230204,6,0,0,2022
230205,14,1,0,2022
230206,14,1,0,2022
230301,512,0,0,2022
230302,1342,0,0,2022
230303,294,1,0,2022
230401,41,0,0,2022
230402,9,0,1,2022
230403,8,0,0,2022
230404,7,0,0,2022
230405,6,0,0,2022
230406,8,0,0,2022
230407,7,1,0,2022
230408,15,0,0,2022
240101,559,1,0,2022
240102,76,0,1,2022
240103,50,0,1,2022
240104,46,0,1,2022
240105,50,0,0,2022
240106,16,0,0,2022
240201,159,0,0,2022
240202,23,0,0,2022
240203,44,0,0,2022
240301,205,1,0,2022
240302,180,1,0,2022
240303,20,1,0,2022
240304,26,0,0,2022
250101,806,1,0,2022
250102,59,1,0,2022
250103,31,0,0,2022
250104,39,1,1,2022
250105,188,1,0,2022
250106,32,0,1,2022
250107,159,1,0,2022
250201,307,1,0,2022
250202,43,0,0,2022
250203,53,1,0,2022
250204,16,0,0,2022
250301,71,0,0,2022
250302,37,0,0,2022
250303,44,0,0,2022
250304,28,0,0,2022
250305,13,1,0,2022
250401,55,1,0,2022
010101,206,1,0,2023
010102,1,0,0,2023
010103,5,0,0,2023
010104,,1,0,2023
010105,2,1,0,2023
010106,1,0,0,2023
010107,3,0,0,2023
010108,4,0,0,2023
010109,5,0,0,2023
010110,4,0,0,2023
010111,3,0,0,2023
010112,3,1,0,2023
010113,4,0,0,2023
010114,4,0,0,2023
010115,5,0,0,2023
010116,2,0,0,2023
010117,2,1,0,2023
010118,2,0,0,2023
010119,4,1,0,2023
010120,4,1,0,2023
010121,2,0,0,2023
010201,141,0,0,2023
010202,18,1,0,2023
010203,12,0,1,2023
010204,12,0,0,2023
010205,96,1,0,2023
010206,29,1,0,2023
010301,12,0,0,2023
010302,2,1,0,2023
010303,3,1,0,2023
010304,,1,0,2023
010305,10,0,0,2023
010306,13,0,0,2023
010307,37,0,0,2023
010308,2,1,0,2023
010309,4,1,0,2023
010310,3,0,0,2023
010311,5,0,0,2023
010312,16,0,1,2023
010401,161,1,0,2023
010402,16,1,0,2023
010403,71,0,0,2023
010501,75,1,0,2023
010502,7,0,0,2023
010503,3,0,0,2023
010504,2,1,1,2023
010505,3,0,0,2023
010506,3,0,0,2023
010507,4,1,0,2023
010508,2,0,0,2023
010509,6,0,0,2023
010510,1,1,0,2023
010511,,0,0,2023
010512,6,0,0,2023
010513,1,0,1,2023
010514,6,0,0,2023
010515,2,1,0,2023
010516,6,0,0,2023
010517,3,0,0,2023
010518,2,0,0,2023
010519,2,1,0,2023
010520,6,0,0,2023
010521,2,0,0,2023
010522,5,0,0,2023
010523,4,0,0,2023
010601,43,0,0,2023
010602,4,0,0,2023
010603,3,0,0,2023
010604,11,1,0,2023
010605,16,0,0,2023
010606,7,0,0,2023
010607,9,0,0,2023
010608,7,0,0,2023
010609,14,1,0,2023
010610,4,0,0,2023
010611,6,0,0,2023
010612,2,0,0,2023
010701,246,0,0,2023
010702,60,1,0,2023
010703,20,0,0,2023
010704,12,0,0,2023
010705,19,1,1,2023
010706,23,0,0,2023
010707,12,0,0,2023
020101,517,1,0,2023
020102,14,0,0,2023
020103,1,0,0,2023
020104,15,1,0,2023
020105,294,1,0,2023
020106,16,0,0,2023
020107,3,0,0,2023
020108,6,1,0,2023
020109,1,0,0,2023
020110,13,0,0,2023
020111,5,0,0,2023
020112,14,0,0,2023
020201,12,1,0,2023
020202,29,1,1,2023
020203,8,1,0,2023
020204,5,0,0,2023
020205,8,0,0,2023
020301,13,0,0,2023
020302,5,0,0,2023
020303,7,0,0,2023
020304,6,0,0,2023
020305,21,0,0,2023
020306,3,0,0,2023
020401,29,0,0,2023
020402,15,1,0,2023
020501,16,0,0,2023
020502,4,1,0,2023
020503,21,1,0,2023
020504,6,0,0,2023
020505,12,0,1,2023
020506,,0,0,2023
020507,12,1,0,2023
020508,35,1,1,2023
020509,14,0,0,2023
020510,4,0,0,2023
020511,1,0,0,2023
020512,6,0,0,2023
020513,3,0,0,2023
020514,6,0,0,2023
020515,2,0,0,2023
020601,206,0,0,2023
020602,7,0,0,2023
020603,7,0,0,2023
020604,25,0,0,2023
020605,3,1,0,2023
020606,17,1,1,2023
020607,11,0,0,2023
020608,4,0,0,2023
020609,6,1,0,2023
020610,5,0,0,2023
020611,5,0,0,2023
020701,81,0,0,2023
020702,11,0,0,2023
020703,17,1,0,2023
020801,142,0,0,2023
020802,25,0,0,2023
020803,12,0,0,2023
020804,27,0,0,2023
020901,16,0,0,2023
020902,7,0,0,2023
020903,13,1,0,2023
020904,3,0,0,2023
020905,8,0,0,2023
020906,,0,0,2023
020907,4,0,0,2023
021001,77,1,0,2023
021002,10,1,0,2023
021003,6,0,0,2023
021004,39,0,0,2023
021005,5,0,0,2023
021006,6,0,0,2023
021007,6,0,0,2023
021008,11,0,0,2023
021009,8,0,0,2023
021010,5,0,0,2023
021011,,0,0,2023
021012,4,0,0,2023
021013,9,0,1,2023
021014,46,0,0,2023
021015,6,0,0,2023
021016,9,0,0,2023
021101,123,0,0,2023
021102,7,0,0,2023
021103,32,1,0,2023
021104,3,0,0,2023
021105,,0,0,2023
021201,196,1,0,2023
021202,10,1,0,2023
021203,6,0,0,2023
021204,8,1,0,2023
021205,8,0,0,2023
021206,11,0,0,2023
021207,16,1,0,2023
021208,12,0,0,2023
021209,9,0,0,2023
021210,11,0,0,2023
021301,32,0,0,2023
021302,14,0,0,2023
021303,4,0,0,2023
021304,7,1,0,2023
021305,5,0,0,2023
021306,28,0,0,2023
021307,14,0,0,2023
021308,5,0,0,2023
021401,16,0,0,2023
021402,3,1,0,2023
021403,,0,0,2023
021404,5,1,0,2023
021405,1,0,0,2023
021406,1,0,0,2023
021407,1,0,0,2023
021408,,0,0,2023
021409,,0,0,2023
021410,3,0,0,2023
021501,64,0,0,2023
021502,9,0,0,2023
021503,35,0,0,2023
021504,,0,0,2023
021505,11,0,0,2023
021506,6,1,0,2023
021507,8,0,0,2023
021508,17,0,0,2023
021509,37,1,0,2023
021510,8,0,0,2023
021511,13,0,0,2023
021601,84,0,0,2023
021602,5,1,0,2023
021603,4,0,0,2023
021604,4,0,0,2023
021701,11,1,0,2023
021702,12,0,0,2023
021703,17,0,0,2023
021704,2,0,0,2023
021705,7,0,0,2023
021706,3,1,0,2023
021707,12,0,0,2023
021708,5,0,0,2023
021709,,0,0,2023
021710,4,1,0,2023
021801,1843,0,1,2023
021802,43,0,0,2023
021803,116,1,0,2023
021804,23,0,0,2023
021805,104,0,0,2023
021806,195,0,0,2023
021807,53,1,0,2023
021808,186,1,0,2023
021809,740,1,0,2023
021901,51,0,0,2023
021902,3,1,0,2023
021903,3,0,0,2023
021904,14,0,0,2023
021905,2,0,0,2023
021906,8,0,0,2023
021907,6,0,1,2023
021908,3,0,0,2023
021909,11,0,0,2023
021910,9,1,0,2023
022001,114,0,0,2023
022002,13,0,0,2023
022003,21,0,0,2023
022004,6,1,0,2023
022005,12,0,0,2023
022006,8,1,0,2023
022007,3,1,0,2023
022008,18,1,0,2023
030101,526,1,0,2023
030102,2,0,0,2023
030103,3,0,0,2023
030104,136,0,0,2023
030105,4,0,0,2023
030106,11,0,0,2023
030107,,1,0,2023
030108,6,1,1,2023
030109,51,1,0,2023
030201,466,1,0,2023
030202,14,1,0,2023
030203,11,0,0,2023
030204,13,0,0,2023
030205,4,0,0,2023
030206,4,1,0,2023
030207,15,1,0,2023
030208,6,1,0,2023
030209,10,0,0,2023
030210,5,1,1,2023
030211,8,0,0,2023
030212,13,1,1,2023
030213,49,0,0,2023
030214,6,1,0,2023
030215,18,0,0,2023
030216,99,1,0,2023
030217,6,1,0,2023
030218,11,1,0,2023
030219,8,1,0,2023
030220,8,1,1,2023
030301,30,1,0,2023
030302,2,0,0,2023
030303,1,1,0,2023
030304,1,0,0,2023
030305,4,0,0,2023
030306,2,0,0,2023
030307,,1,0,2023
030401,48,0,0,2023
030402,16,0,0,2023
030403,3,0,0,2023
030404,14,0,0,2023
030405,3,0,0,2023
030406,5,1,0,2023
030407,4,1,0,2023
030408,1,0,0,2023
030409,5,1,1,2023
030410,8,1,0,2023
030411,1,0,0,2023
030412,8,0,0,2023
030413,11,0,0,2023
030414,7,0,0,2023
030415,2,1,0,2023
030416,2,1,0,2023
030417,4,1,1,2023
030501,552,1,0,2023
030502,17,0,0,2023
030503,39,1,0,2023
030504,265,1,0,2023
030505,122,1,0,2023
030506,102,1,0,2023
030601,66,1,0,2023
030602,37,1,1,2023
030603,8,1,1,2023
030604,30,1,1,2023
030605,20,0,0,2023
030606,15,0,0,2023
030607,20,0,0,2023
030608,9,1,0,2023
030609,16,1,1,2023
030610,8,1,1,2023
030611,1,0,0,2023
030612,0,0,0,2023
030701,18,1,0,2023
030702,4,0,0,2023
030703,4,0,0,2023
030704,3,0,0,2023
030705,,1,0,2023
030706,2,0,0,2023
030707,2,0,0,2023
030708,4,0,0,2023
030709,2,1,0,2023
030710,1,0,0,2023
030711,5,1,0,2023
030712,2,1,0,2023
030713,3,1,0,2023
030714,2,0,0,2023
040101,1491,0,1,2023
040102,444,0,0,2023
040103,555,1,0,2023
040104,1192,1,0,2023
040105,74,1,0,2023
040106,8,0,0,2023
040107,274,1,0,2023
040108,250,1,0,2023
040109,227,1,0,2023
040110,346,1,1,2023
040111,20,1,0,2023
040112,464,0,0,2023
040113,5,1,0,2023
040114,4,0,0,2023
040115,10,1,0,2023
040116,43,1,0,2023
040117,273,1,0,2023
040118,8,0,0,2023
040119,21,1,0,2023
040120,3,1,0,2023
040121,21,1,0,2023
040122,320,1,0,2023
040123,104,0,0,2023
040124,81,1,0,2023
040125,48,1,0,2023
040126,404,1,0,2023
040127,24,0,0,2023
040128,221,0,0,2023
040129,549,1,0,2023
040201,234,0,0,2023
040202,11,0,0,2023
040203,8,0,0,2023
040204,9,1,0,2023
040205,15,1,0,2023
040206,26,0,0,2023
040207,6,1,0,2023
040208,63,1,0,2023
040301,53,1,0,2023
040302,10,1,0,2023
040303,8,0,0,2023
040304,8,0,0,2023
040305,49,1,0,2023
040306,4,1,0,2023
040307,45,0,0,2023
040308,12,1,0,2023
040309,11,1,0,2023
040310,8,0,0,2023
040311,9,0,0,2023
040312,8,1,0,2023
040313,13,0,0,2023
040401,105,1,0,2023
040402,1,0,0,2023
040403,4,0,0,2023
040404,7,1,0,2023
040405,2,1,0,2023
040406,8,1,0,2023
040407,11,0,0,2023
040408,5,1,0,2023
040409,11,0,0,2023
040410,8,1,0,2023
040411,3,1,0,2023
040412,1,1,0,2023
040413,33,0,0,2023
040414,5,0,0,2023
040501,195,1,0,2023
040502,1,0,0,2023
040503,5,1,0,2023
040504,4,1,0,2023
040505,13,0,0,2023
040506,3,1,0,2023
040507,3,1,0,2023
040508,1,0,0,2023
040509,,0,0,2023
040510,,0,0,2023
040511,10,1,0,2023
040512,3,0,0,2023
040513,4,0,0,2023
040514,8,0,0,2023
040515,3,1,0,2023
040516,,0,0,2023
040517,5,1,0,2023
040518,2,0,0,2023
040519,4,1,0,2023
040520,418,0,0,2023
040601,47,1,0,2023
040602,3,1,0,2023
040603,2,1,0,2023
040604,9,1,0,2023
040605,2,1,0,2023
040606,9,0,0,2023
040607,7,1,0,2023
040608,28,1,0,2023
040701,269,1,0,2023
040702,89,0,0,2023
040703,79,1,0,2023
040704,106,1,0,2023
040705,70,0,0,2023
040706,63,1,0,2023
040801,16,1,0,2023
040802,9,1,1,2023
040803,5,0,0,2023
040804,5,0,0,2023
040805,2,0,1,2023
040806,21,0,0,2023
040807,1,0,0,2023
040808,2,0,0,2023
040809,3,0,1,2023
040810,4,1,0,2023
040811,3,0,0,2023
050101,818,1,0,2023
050102,28,0,0,2023
050103,10,1,0,2023
050104,119,1,0,2023
050105,20,0,0,2023
050106,22,0,0,2023
050107,23,1,0,2023
050108,32,0,0,2023
050109,10,1,0,2023
050110,213,1,0,2023
050111,9,1,0,2023
050112,22,1,0,2023
050113,23,1,0,2023
050114,34,0,0,2023
050115,83,1,0,2023
050116,161,1,1,2023
050201,79,1,0,2023
050202,10,0,0,2023
050203,16,1,0,2023
050204,40,1,1,2023
050205,34,1,0,2023
050206,11,0,0,2023
050301,45,1,1,2023
050302,11,1,0,2023
050303,9,1,1,2023
050304,15,1,0,2023
050401,284,0,0,2023
050402,15,1,0,2023
050403,20,0,0,2023
050404,7,0,0,2023
050405,15,0,0,2023
050406,8,1,1,2023
050407,34,1,0,2023
050408,51,1,1,2023
050409,16,1,0,2023
050410,7,0,0,2023
050411,16,0,0,2023
050412,10,1,0,2023
050413,0,0,0,2023
050501,123,0,1,2023
050502,18,0,0,2023
050503,59,1,0,2023
050504,11,1,0,2023
050505,13,1,0,2023
050506,10,0,0,2023
050507,43,1,0,2023
050508,37,1,0,2023
050509,25,1,0,2023
050510,11,0,0,2023
050511,9,1,0,2023
050512,0,0,1,2023
050513,0,0,0,2023
050514,0,0,0,2023
050515,0,0,0,2023
050601,120,0,0,2023
050602,8,1,0,2023
050603,11,1,0,2023
050604,5,0,0,2023
050605,6,1,0,2023
050606,7,0,0,2023
050607,2,0,0,2023
050608,8,1,0,2023
050609,6,1,0,2023
050610,,1,0,2023
050611,11,1,0,2023
050612,4,1,0,2023
050613,10,1,0,2023
050614,3,1,0,2023
050615,9,1,1,2023
050616,6,0,1,2023
050617,9,1,1,2023
050618,4,0,0,2023
050619,10,0,0,2023
050620,7,1,0,2023
050621,10,0,0,2023
050701,112,0,0,2023
050702,2,0,1,2023
050703,7,1,0,2023
050704,9,1,0,2023
050705,21,0,0,2023
050706,6,1,0,2023
050707,5,0,0,2023
050708,,0,0,2023
050801,28,0,0,2023
050802,2,0,0,2023
050803,3,0,0,2023
050804,5,1,0,2023
050805,9,0,0,2023
050806,7,1,0,2023
050807,1,1,0,2023
050808,7,1,0,2023
050809,3,0,0,2023
050810,2,1,0,2023
050901,33,1,0,2023
050902,8,1,0,2023
050903,6,0,0,2023
050904,8,0,0,2023
050905,4,1,0,2023
050906,6,1,0,2023
050907,6,0,0,2023
050908,10,1,0,2023
050909,17,0,0,2023
050910,6,1,0,2023
050911,6,0,1,2023
051001,41,1,0,2023
051002,18,0,0,2023
051003,6,0,0,2023
051004,4,0,0,2023
051005,17,1,0,2023
051006,6,0,1,2023
051007,8,0,0,2023
051008,10,0,0,2023
051009,10,0,0,2023
051010,17,0,0,2023
051011,17,0,1,2023
051012,21,0,0,2023
051101,65,1,0,2023
051102,10,0,0,2023
051103,8,1,0,2023
051104,10,0,0,2023
051105,12,0,0,2023
051106,8,0,0,2023
051107,10,1,0,2023
051108,21,0,0,2023
060101,2449,1,1,2023
060102,48,0,0,2023
060103,35,0,0,2023
060104,36,1,0,2023
060105,153,1,0,2023
060106,112,0,0,2023
060107,28,0,0,2023
060108,416,1,1,2023
060109,13,0,0,2023
060110,30,1,0,2023
060111,19,0,0,2023
060112,23,1,0,2023
060201,221,1,1,2023
060202,47,1,0,2023
060203,36,1,0,2023
060204,34,1,0,2023
060301,156,1,0,2023
060302,5,1,0,2023
060303,38,0,0,2023
060304,65,0,0,2023
060305,9,0,0,2023
060306,12,1,0,2023
060307,15,1,0,2023
060308,36,0,0,2023
060309,35,0,0,2023
060310,19,1,0,2023
060311,6,1,1,2023
060312,20,1,0,2023
060401,429,1,0,2023
060402,17,0,1,2023
060403,14,1,0,2023
060404,20,0,0,2023
060405,10,0,0,2023
060406,13,0,0,2023
060407,25,1,0,2023
060408,29,1,0,2023
060409,14,0,0,2023
060410,54,0,0,2023
060411,52,1,0,2023
060412,4,0,0,2023
060413,25,0,0,2023
060414,7,0,0,2023
060415,21,1,0,2023
060416,3,0,0,2023
060417,88,1,0,2023
060418,6,1,0,2023
060419,41,0,0,2023
060501,51,1,0,2023
060502,20,0,0,2023
060503,9,0,0,2023
060504,18,0,0,2023
060505,8,0,0,2023
060506,3,0,0,2023
060507,14,0,0,2023
060508,29,1,0,2023
060601,402,1,0,2023
060602,28,0,0,2023
060603,12,0,1,2023
060604,15,1,0,2023
060605,25,0,0,2023
060606,23,0,0,2023
060607,31,1,0,2023
060608,13,0,0,2023
060609,6,1,0,2023
060610,22,1,0,2023
060611,21,1,0,2023
060612,26,1,0,2023
060613,17,0,0,2023
060614,71,1,0,2023
060615,19,1,0,2023
060701,416,1,0,2023
060702,30,1,0,2023
060703,154,0,0,2023
060801,546,0,0,2023
060802,61,0,0,2023
060803,34,0,0,2023
060804,48,0,0,2023
060805,20,1,1,2023
060806,24,0,1,2023
060807,39,0,0,2023
060808,49,0,0,2023
060809,25,0,0,2023
060810,24,1,0,2023
060811,47,0,0,2023
060812,45,0,0,2023
060901,223,0,0,2023
060902,45,0,0,2023
060903,66,1,0,2023
060904,56,1,0,2023
060905,44,0,0,2023
060906,88,1,0,2023
060907,57,0,0,2023
061001,223,0,0,2023
061002,18,0,0,2023
061003,10,0,0,2023
061004,42,0,0,2023
061005,13,1,0,2023
061006,7,1,1,2023
061007,45,0,0,2023
061101,113,1,0,2023
061102,11,0,0,2023
061103,7,1,0,2023
061104,15,1,0,2023
061105,21,0,0,2023
061106,17,1,1,2023
061107,18,0,1,2023
061108,7,1,0,2023
061109,7,0,0,2023
061110,4,0,0,2023
061111,22,1,0,2023
061112,16,0,1,2023
061113,12,0,0,2023
061201,80,0,0,2023
061202,21,0,0,2023
061203,6,0,0,2023
061204,26,0,0,2023
061301,123,0,0,2023
061302,11,1,0,2023
061303,29,0,0,2023
061304,15,0,0,2023
061305,31,0,0,2023
061306,18,1,0,2023
061307,24,0,0,2023
061308,15,1,0,2023
061309,11,0,0,2023
061310,14,0,0,2023
061311,31,0,0,2023
070101,717,1,1,2023
070102,291,1,0,2023
070103,192,1,0,2023
070104,563,1,0,2023
070105,255,0,0,2023
070106,1637,1,1,2023
070107,417,1,1,2023
080101,1903,0,1,2023
080102,27,0,0,2023
080103,489,1,0,2023
080104,1373,0,0,2023
080105,1482,1,0,2023
080106,1118,1,0,2023
080107,36,0,0,2023
080108,573,1,0,2023
080201,42,1,0,2023
080202,7,0,0,2023
080203,7,1,0,2023
080204,1,1,0,2023
080205,16,0,0,2023
080206,6,1,0,2023
080207,9,0,0,2023
080301,615,1,0,2023
080302,8,0,1,2023
080303,163,0,0,2023
080304,44,1,1,2023
080305,141,0,0,2023
080306,120,1,0,2023
080307,9,0,0,2023
080308,155,0,0,2023
080309,13,0,0,2023
080401,316,1,0,2023
080402,67,0,0,2023
080403,17,0,0,2023
080404,495,1,0,2023
080405,412,1,1,2023
080406,89,1,0,2023
080407,105,0,0,2023
080408,87,0,0,2023
080501,434,1,0,2023
080502,10,1,1,2023
080503,32,1,0,2023
080504,13,1,0,2023
080505,40,1,0,2023
080506,43,1,0,2023
080507,11,1,0,2023
080508,4,1,0,2023
080601,262,0,0,2023
080602,,0,0,2023
080603,64,1,0,2023
080604,55,0,0,2023
080605,19,0,0,2023
080606,55,0,0,2023
080607,8,1,0,2023
080608,117,0,0,2023
080701,888,1,0,2023
080702,21,0,0,2023
080703,171,0,0,2023
080704,25,0,0,2023
080705,401,0,0,2023
080706,31,1,0,2023
080707,7,0,0,2023
080708,138,0,0,2023
080801,916,0,0,2023
080802,10,0,0,2023
080803,368,1,0,2023
080804,7,1,0,2023
080805,300,1,1,2023
080806,42,0,0,2023
080807,26,1,0,2023
080808,26,1,0,2023
080901,2438,1,0,2023
080902,1352,1,0,2023
080903,543,0,0,2023
080904,408,0,0,2023
080905,502,0,0,2023
080906,1654,0,0,2023
080907,56,1,0,2023
080908,597,0,0,2023
080909,1447,1,0,2023
080910,92,1,0,2023
080911,271,0,0,2023
080912,16,1,0,2023
080913,14,1,0,2023
080914,3098,1,0,2023
080915,0,0,0,2023
080916,0,0,0,2023
080917,0,0,0,2023
080918,0,0,0,2023
081001,45,1,0,2023
081002,18,0,0,2023
081003,13,0,0,2023
081004,6,0,0,2023
081005,22,1,0,2023
081006,23,1,0,2023
081007,6,1,1,2023
081008,5,0,0,2023
081009,11,0,0,2023
081101,100,1,0,2023
081102,15,0,0,2023
081103,184,0,0,2023
081104,238,1,0,2023
081105,77,1,1,2023
081106,35,1,0,2023
081201,610,1,0,2023
081202,52,0,0,2023
081203,36,1,0,2023
081204,130,0,0,2023
081205,377,1,0,2023
081206,105,1,0,2023
081207,18,1,1,2023
081208,26,1,0,2023
081209,45,1,0,2023
081210,448,0,0,2023
081211,63,1,0,2023
081212,500,1,0,2023
081301,461,1,0,2023
081302,126,1,0,2023
081303,58,1,0,2023
081304,421,0,0,2023
081305,278,0,1,2023
081306,462,1,1,2023
081307,48,1,0,2023
090101,320,0,0,2023
090102,4,0,0,2023
090103,172,1,0,2023
090104,7,1,1,2023
090105,8,1,0,2023
090106,4,1,0,2023
090107,5,0,0,2023
090108,9,1,0,2023
090109,8,0,0,2023
090110,4,0,0,2023
090111,7,0,0,2023
090112,10,0,0,2023
090113,10,1,0,2023
090114,10,1,0,2023
090115,7,1,0,2023
090116,26,0,0,2023
090117,109,1,1,2023
090118,77,1,0,2023
090119,34,0,0,2023
090201,204,0,0,2023
090202,10,0,1,2023
090203,8,1,0,2023
090204,7,0,1,2023
090205,6,1,0,2023
090206,120,0,0,2023
090207,20,0,0,2023
090208,9,0,0,2023
090301,162,0,0,2023
090302,28,0,0,2023
090303,13,0,0,2023
090304,10,0,0,2023
090305,11,1,0,2023
090306,9,0,0,2023
090307,,0,0,2023
090308,8,1,0,2023
090309,12,0,0,2023
090310,14,1,0,2023
090311,11,1,0,2023
090312,24,0,0,2023
090401,41,0,0,2023
090402,7,0,0,2023
090403,6,0,0,2023
090404,3,0,0,2023
090405,7,0,0,2023
090406,5,1,0,2023
090407,7,0,0,2023
090408,4,1,0,2023
090409,,0,0,2023
090410,2,0,0,2023
090411,11,0,0,2023
090412,2,1,1,2023
090413,8,0,0,2023
090501,94,0,0,2023
090502,13,0,0,2023
090503,6,1,0,2023
090504,7,1,0,2023
090505,6,1,1,2023
090506,14,0,0,2023
090507,10,1,0,2023
090508,6,0,0,2023
090509,9,0,0,2023
090510,6,1,0,2023
090511,9,0,0,2023
090601,31,0,0,2023
090602,5,0,0,2023
090603,1,0,0,2023
090604,5,1,0,2023
090605,,0,1,2023
090606,2,0,0,2023
090607,16,1,0,2023
090608,0,0,1,2023
090609,2,1,0,2023
090610,6,0,0,2023
090611,1,1,0,2023
090612,2,1,0,2023
090613,6,1,0,2023
090614,1,0,0,2023
090615,1,0,0,2023
090616,7,0,0,2023
090701,150,0,0,2023
090702,9,0,0,2023
090703,27,1,0,2023
090704,29,0,0,2023
090705,120,0,1,2023
090706,35,0,0,2023
090707,8,1,0,2023
090709,13,0,0,2023
090710,8,1,0,2023
090711,10,1,1,2023
090713,1,0,0,2023
090714,12,1,0,2023
090715,10,1,0,2023
090716,6,1,0,2023
090717,26,1,0,2023
090718,19,1,0,2023
090719,17,0,0,2023
090720,14,1,1,2023
090721,15,0,0,2023
090722,14,0,0,2023
090723,11,0,1,2023
090724,0,0,0,2023
090725,0,0,0,2023
100101,788,1,0,2023
100102,269,1,0,2023
100103,30,1,0,2023
100104,30,1,0,2023
100105,14,0,0,2023
100106,15,0,0,2023
100107,5,0,0,2023
100108,29,1,0,2023
100109,44,1,0,2023
100110,3,1,0,2023
100111,204,1,1,2023
100112,10,0,1,2023
100113,13,0,0,2023
100201,228,0,0,2023
100202,6,1,0,2023
100203,9,0,0,2023
100204,15,0,0,2023
100205,25,1,0,2023
100206,5,1,0,2023
100207,35,1,0,2023
100208,14,0,0,2023
100301,35,0,0,2023
100307,1,1,0,2023
100311,6,1,0,2023
100313,7,0,0,2023
100316,,0,0,2023
100317,2,0,0,2023
100321,1,0,0,2023
100322,1,0,0,2023
100323,1,1,0,2023
100401,73,1,0,2023
100402,3,1,0,2023
100403,12,1,0,2023
100404,11,1,1,2023
100501,108,0,0,2023
100502,1,0,0,2023
100503,3,0,0,2023
100504,7,1,0,2023
100505,8,1,0,2023
100506,0,0,0,2023
100507,41,1,0,2023
100508,2,0,0,2023
100509,5,0,0,2023
100510,12,1,0,2023
100511,2,0,0,2023
100601,333,1,0,2023
100602,48,1,0,2023
100603,22,0,0,2023
100604,87,1,1,2023
100605,27,0,0,2023
100606,58,0,0,2023
100607,15,0,0,2023
100608,55,1,0,2023
100609,19,0,0,2023
100610,1,0,0,2023
100701,110,0,0,2023
100702,23,0,0,2023
100703,8,0,0,2023
100704,3,1,1,2023
100705,9,1,0,2023
100801,41,0,0,2023
100802,7,0,0,2023
100803,27,1,0,2023
100804,20,0,0,2023
100901,163,0,0,2023
100902,48,0,0,2023
100903,61,0,0,2023
100904,18,1,0,2023
100905,30,1,1,2023
101001,22,1,0,2023
101002,1,0,0,2023
101003,,1,0,2023
101004,7,0,0,2023
101005,13,1,0,2023
101006,1,0,0,2023
101007,11,1,1,2023
101101,34,0,0,2023
101102,1,0,0,2023
101103,4,0,0,2023
101104,8,1,0,2023
101105,6,0,0,2023
101106,13,1,0,2023
101107,5,0,0,2023
101108,7,0,0,2023
110101,932,1,0,2023
110102,146,0,1,2023
110103,53,1,0,2023
110104,12,0,0,2023
110105,15,1,0,2023
110106,205,1,0,2023
110107,31,1,0,2023
110108,99,1,0,2023
110109,27,1,0,2023
110110,37,1,0,2023
110111,192,0,0,2023
110112,84,1,0,2023
110113,6,0,0,2023
110114,12,1,0,2023
110201,363,1,0,2023
110202,44,0,0,2023
110203,27,0,0,2023
110204,90,0,0,2023
110205,46,1,0,2023
110206,46,0,1,2023
110207,168,1,0,2023
110208,2,1,0,2023
110209,2,1,0,2023
110210,128,0,0,2023
110211,36,0,0,2023
110301,324,1,0,2023
110302,9,1,0,2023
110303,7,0,0,2023
110304,48,0,0,2023
110305,157,0,0,2023
110401,57,1,0,2023
110402,11,0,0,2023
110403,12,0,0,2023
110404,3,0,0,2023
110405,1,0,1,2023
110501,298,1,0,2023
110502,11,0,0,2023
110503,92,0,0,2023
110504,72,1,0,2023
110505,163,1,0,2023
110506,72,0,0,2023
110507,142,1,0,2023
110508,58,1,0,2023
120101,904,1,1,2023
120104,2,0,0,2023
120105,,1,0,2023
120106,3,0,0,2023
120107,382,1,0,2023
120108,6,0,0,2023
120111,5,1,0,2023
120112,2,0,0,2023
120113,5,0,0,2023
120114,812,1,0,2023
120116,,1,0,2023
120117,19,1,0,2023
120119,69,1,1,2023
120120,2,0,0,2023
120121,29,1,0,2023
120122,5,1,0,2023
120124,7,0,0,2023
120125,61,0,0,2023
120126,15,1,0,2023
120127,10,1,1,2023
120128,20,0,0,2023
120129,39,1,1,2023
120130,44,1,0,2023
120132,15,1,0,2023
120133,67,0,0,2023
120134,32,1,1,2023
120135,13,0,0,2023
120136,13,1,0,2023
120201,140,0,0,2023
120202,5,1,0,2023
120203,16,1,0,2023
120204,10,0,0,2023
120205,7,0,0,2023
120206,18,0,0,2023
120207,,0,0,2023
120208,7,0,0,2023
120209,8,0,0,2023
120210,22,1,1,2023
120211,4,0,0,2023
120212,9,1,0,2023
120213,20,1,0,2023
120214,16,0,0,2023
120215,8,0,0,2023
120301,221,1,0,2023
120302,185,0,0,2023
120303,229,1,0,2023
120304,29,0,0,2023
120305,146,1,0,2023
120306,15,0,0,2023
120401,145,1,0,2023
120402,23,0,0,2023
120403,20,0,0,2023
120404,2,0,0,2023
120405,23,0,0,2023
120406,5,0,0,2023
120407,6,1,0,2023
120408,6,0,0,2023
120409,,1,0,2023
120410,4,0,0,2023
120411,2,0,0,2023
120412,,0,0,2023
120413,3,1,0,2023
120414,1,0,0,2023
120415,3,0,0,2023
120416,5,0,0,2023
120417,3,0,0,2023
120418,1,0,0,2023
120419,15,0,0,2023
120420,13,0,0,2023
120421,5,1,0,2023
120422,5,0,0,2023
120423,,1,0,2023
120424,4,1,0,2023
120425,2,0,0,2023
120426,6,0,0,2023
120427,10,0,0,2023
120428,4,0,0,2023
120429,3,0,0,2023
120430,6,1,0,2023
120431,5,0,0,2023
120432,12,1,0,2023
120433,5,0,0,2023
120434,43,0,0,2023
120501,96,0,0,2023
120502,33,0,0,2023
120503,16,1,0,2023
120504,16,0,1,2023
120601,498,1,0,2023
120602,43,1,0,2023
120603,34,0,0,2023
120604,236,1,1,2023
120605,43,0,0,2023
120606,262,1,0,2023
120607,169,1,0,2023
120608,109,1,0,2023
120609,24,0,0,2023
120701,268,0,0,2023
120702,45,1,1,2023
120703,5,0,0,2023
120704,45,0,0,2023
120705,10,0,0,2023
120706,25,0,0,2023
120707,18,1,0,2023
120708,15,0,0,2023
120709,15,0,0,2023
120801,145,1,1,2023
120802,6,1,0,2023
120803,8,1,0,2023
120804,13,1,0,2023
120805,70,1,0,2023
120806,6,1,0,2023
120807,52,1,0,2023
120808,66,0,0,2023
120809,8,0,0,2023
120810,33,1,0,2023
120901,212,1,0,2023
120902,18,0,0,2023
120903,19,0,0,2023
120904,14,1,1,2023
120905,26,0,0,2023
120906,7,1,0,2023
120907,7,0,1,2023
120908,15,0,0,2023
120909,17,0,0,2023
130101,2151,1,0,2023
130102,388,1,0,2023
130103,129,1,0,2023
130104,227,1,0,2023
130105,677,1,0,2023
130106,126,1,0,2023
130107,279,1,0,2023
130108,11,1,0,2023
130109,93,1,0,2023
130110,24,1,0,2023
130111,494,1,0,2023
130201,84,0,0,2023
130202,70,1,0,2023
130203,60,0,0,2023
130204,26,0,1,2023
130205,128,0,0,2023
130206,97,0,1,2023
130207,163,1,0,2023
130208,277,1,0,2023
130301,31,0,0,2023
130302,5,0,0,2023
130303,10,1,0,2023
130304,3,0,0,2023
130305,5,0,0,2023
130306,11,0,0,2023
130401,244,1,0,2023
130402,107,1,1,2023
130403,110,0,0,2023
130501,59,0,0,2023
130502,8,1,1,2023
130503,20,1,0,2023
130504,24,0,0,2023
130601,193,0,0,2023
130602,22,0,0,2023
130604,3,0,1,2023
130605,12,0,0,2023
130606,1,0,0,2023
130608,8,1,0,2023
130610,,0,0,2023
130611,23,1,1,2023
130613,3,1,0,2023
130614,116,0,0,2023
130701,250,0,0,2023
130702,236,1,0,2023
130703,21,0,1,2023
130704,190,1,0,2023
130705,57,0,0,2023
130801,126,0,0,2023
130802,62,0,0,2023
130803,20,1,0,2023
130804,19,0,0,2023
130805,9,0,0,2023
130806,16,0,0,2023
130807,9,0,0,2023
130808,94,0,0,2023
130809,34,1,0,2023
130810,6,0,0,2023
130811,11,1,0,2023
130812,8,1,0,2023
130813,4,0,0,2023
130901,511,1,0,2023
130902,42,0,1,2023
130903,27,1,0,2023
130904,16,1,0,2023
130905,39,0,0,2023
130906,66,1,1,2023
130907,13,1,0,2023
130908,40,1,0,2023
131001,138,1,0,2023
131002,46,1,0,2023
131003,37,0,0,2023
131004,13,0,0,2023
131005,11,0,0,2023
131006,38,0,0,2023
131007,29,1,0,2023
131008,12,1,0,2023
131101,91,1,0,2023
131102,15,1,0,2023
131103,16,1,0,2023
131104,17,1,0,2023
131201,217,1,0,2023
131202,220,1,0,2023
131203,47,1,0,2023
140101,2518,0,0,2023
140102,101,1,0,2023
140103,35,0,0,2023
140104,33,0,0,2023
140105,526,1,0,2023
140106,359,1,0,2023
140107,21,1,0,2023
140108,110,1,0,2023
140109,,0,0,2023
140110,28,0,0,2023
140111,32,0,0,2023
140112,331,0,0,2023
140113,63,1,1,2023
140114,47,1,0,2023
140115,42,0,0,2023
140116,93,0,1,2023
140117,111,0,1,2023
140118,144,1,0,2023
140119,63,0,0,2023
140120,135,0,1,2023
140201,239,1,0,2023
140202,29,1,0,2023
140203,26,1,0,2023
140204,48,1,0,2023
140205,130,1,0,2023
140206,62,1,0,2023
140301,674,0,0,2023
140302,5,0,0,2023
140303,24,0,0,2023
140304,46,0,0,2023
140305,70,1,0,2023
140306,163,1,0,2023
140307,166,0,0,2023
140308,109,0,0,2023
140309,28,0,0,2023
140310,26,1,1,2023
140311,42,1,1,2023
140312,60,0,0,2023
150101,6222,1,0,2023
150102,155,1,0,2023
150103,2670,1,0,2023
150104,378,1,0,2023
150105,241,1,0,2023
150106,699,1,0,2023
150107,205,1,0,2023
150108,561,1,1,2023
150109,88,1,0,2023
150110,777,1,0,2023
150111,168,1,0,2023
150112,693,0,1,2023
150113,755,1,0,2023
150114,941,0,0,2023
150115,629,0,0,2023
150116,822,0,0,2023
150117,1099,1,0,2023
150118,1260,0,0,2023
150119,667,1,0,2023
150120,305,1,0,2023
150121,541,0,0,2023
150122,1757,1,1,2023
150123,532,1,0,2023
150124,80,1,0,2023
150125,907,1,1,2023
150126,90,0,0,2023
150127,62,1,0,2023
150128,401,1,0,2023
150129,140,0,0,2023
150130,1577,1,1,2023
150131,2281,1,1,2023
150132,1681,0,0,2023
150133,568,1,0,2023
150134,228,0,0,2023
150135,1268,1,0,2023
150136,898,1,0,2023
150137,517,1,0,2023
150138,64,0,0,2023
150139,95,1,0,2023
150140,2890,1,1,2023
150141,674,0,1,2023
150142,584,0,1,2023
150143,497,1,0,2023
150201,411,1,0,2023
150202,79,0,1,2023
150203,51,0,1,2023
150204,117,1,0,2023
150205,55,1,0,2023
150301,6,0,0,2023
150302,,0,0,2023
150303,7,0,0,2023
150304,5,1,0,2023
150305,4,0,0,2023
150401,4,1,1,2023
150402,9,0,1,2023
150403,3,1,0,2023
150404,4,0,0,2023
150405,1,0,0,2023
150406,6,0,0,2023
150407,22,0,0,2023
150501,559,1,0,2023
150502,254,1,0,2023
150503,13,0,0,2023
150504,143,1,0,2023
150505,43,0,0,2023
150506,15,0,0,2023
150507,348,0,1,2023
150508,37,0,1,2023
150509,225,1,1,2023
150510,98,0,0,2023
150511,5,1,1,2023
150512,78,0,0,2023
150513,128,1,0,2023
150514,39,1,0,2023
150515,19,1,0,2023
150516,6,0,0,2023
150601,522,0,0,2023
150602,1,0,0,2023
150603,,0,0,2023
150604,134,1,1,2023
150605,371,1,0,2023
150606,1,0,0,2023
150607,1,1,0,2023
150608,,0,0,2023
150609,4,1,0,2023
150610,,1,0,2023
150611,1,0,0,2023
150612,,0,0,2023
150701,111,0,0,2023
150702,,1,0,2023
150703,1,0,0,2023
150704,11,0,0,2023
150705,14,0,0,2023
150706,,0,0,2023
150707,1,0,0,2023
150708,,1,0,2023
150709,,0,0,2023
150710,1,1,0,2023
150711,,0,0,2023
150712,1,0,0,2023
150713,3,0,0,2023
150714,15,1,0,2023
150715,5,0,0,2023
150716,135,1,0,2023
150717,3,0,0,2023
150718,,0,0,2023
150719,,0,0,2023
150720,,0,0,2023
150721,,0,0,2023
150722,14,0,0,2023
150723,,1,0,2023
150724,1,1,0,2023
150725,11,1,0,2023
150726,1,1,0,2023
150727,5,0,1,2023
150728,27,1,0,2023
150729,2,0,0,2023
150730,6,0,0,2023
150731,2,0,0,2023
150732,11,0,0,2023
150801,547,1,0,2023
150802,7,0,0,2023
150803,35,0,0,2023
150804,4,0,0,2023
150805,111,0,0,2023
150806,108,0,0,2023
150807,,1,0,2023
150808,3,1,0,2023
150809,,0,0,2023
150810,213,1,0,2023
150811,68,1,0,2023
150812,65,1,0,2023
150901,101,0,0,2023
150902,2,0,0,2023
150903,6,0,0,2023
150904,4,0,0,2023
150905,4,0,0,2023
150906,21,1,0,2023
151001,11,0,0,2023
151002,,0,0,2023
151003,,0,0,2023
151004,,0,0,2023
151005,,0,0,2023
151006,,0,0,2023
151007,2,1,0,2023
151008,6,0,0,2023
151009,5,0,0,2023
151010,11,1,0,2023
151011,,1,0,2023
151012,,0,0,2023
151013,2,0,0,2023
151014,2,1,0,2023
151015,,0,0,2023
151016,4,0,0,2023
151017,14,1,1,2023
151018,,0,0,2023
151019,12,1,0,2023
151020,,0,0,2023
151021,2,1,0,2023
151022,,0,0,2023
151023,,0,0,2023
151024,,0,0,2023
151025,2,0,0,2023
151026,,0,0,2023
151027,18,0,0,2023
151028,,0,0,2023
151029,,0,0,2023
151030,,1,0,2023
151031,,1,0,2023
151032,3,0,0,2023
151033,,0,0,2023
160101,1454,1,0,2023
160102,28,0,0,2023
160103,77,0,0,2023
160104,32,0,0,2023
160105,56,0,0,2023
160106,61,1,0,2023
160107,15,0,0,2023
160108,306,0,0,2023
160110,17,0,0,2023
160112,297,1,0,2023
160113,649,1,0,2023
160201,148,0,0,2023
160202,41,0,0,2023
160205,10,0,0,2023
160206,12,1,0,2023
160210,12,1,0,2023
160211,18,0,0,2023
160301,179,1,0,2023
160302,28,0,0,2023
160303,10,0,0,2023
160304,18,1,0,2023
160305,23,1,0,2023
160401,62,1,0,2023
160402,48,0,0,2023
160403,40,0,0,2023
160404,31,1,0,2023
160501,148,0,0,2023
160502,10,0,0,2023
160503,14,0,0,2023
160504,23,1,0,2023
160505,22,1,0,2023
160506,10,0,0,2023
160507,18,1,0,2023
160508,7,0,0,2023
160509,8,0,0,2023
160510,18,0,0,2023
160511,23,0,0,2023
160601,130,0,0,2023
160602,10,0,0,2023
160603,20,0,0,2023
160604,20,1,0,2023
160605,22,0,0,2023
160606,68,1,0,2023
160701,39,0,0,2023
160702,5,0,0,2023
160703,26,1,0,2023
160704,25,1,0,2023
160705,35,0,0,2023
160706,7,0,0,2023
160801,33,1,0,2023
160802,13,0,0,2023
160803,9,0,0,2023
160804,12,0,0,2023
170101,472,1,0,2023
170102,33,1,0,2023
170103,18,1,0,2023
170104,37,0,0,2023
170201,30,1,0,2023
170202,10,0,0,2023
170203,27,0,0,2023
170204,26,0,0,2023
170301,45,1,0,2023
170302,36,1,0,2023
170303,21,0,0,2023
180101,428,1,0,2023
180102,144,0,0,2023
180103,27,0,0,2023
180104,162,0,0,2023
180105,95,0,0,2023
180106,462,1,0,2023
180201,48,0,0,2023
180202,23,0,0,2023
180203,17,0,0,2023
180204,76,1,0,2023
180205,3,1,0,2023
180206,4,0,0,2023
180207,4,0,0,2023
180208,10,0,0,2023
180209,5,0,0,2023
180210,17,1,0,2023
180211,13,1,0,2023
180301,286,0,0,2023
180302,37,0,0,2023
180303,59,1,0,2023
190101,310,1,0,2023
190102,27,0,0,2023
190103,38,0,0,2023
190104,52,0,0,2023
190105,6,0,0,2023
190106,15,1,0,2023
190107,19,1,0,2023
190108,44,1,0,2023
190109,53,0,0,2023
190110,32,0,0,2023
190111,36,0,0,2023
190112,14,0,0,2023
190113,152,1,0,2023
190201,119,0,0,2023
190202,27,0,0,2023
190203,17,0,0,2023
190204,10,1,0,2023
190205,8,1,0,2023
190206,24,0,0,2023
190207,8,0,0,2023
190208,9,1,0,2023
190301,136,1,0,2023
190302,30,0,0,2023
190303,61,1,0,2023
190304,31,1,0,2023
190305,25,1,0,2023
190306,114,1,0,2023
190307,167,0,0,2023
190308,68,1,0,2023
200101,1326,1,0,2023
200104,828,0,0,2023
200105,264,1,0,2023
200107,73,1,0,2023
200108,13,1,0,2023
200109,80,1,0,2023
200110,113,0,0,2023
200111,124,1,0,2023
200114,286,1,1,2023
200115,403,0,0,2023
200201,195,0,0,2023
200202,27,1,0,2023
200203,12,1,0,2023
200204,26,1,0,2023
200205,24,1,0,2023
200206,77,1,0,2023
200207,14,1,0,2023
200208,48,1,0,2023
200209,9,1,0,2023
200210,59,1,0,2023
200301,126,0,0,2023
200302,41,0,0,2023
200303,40,0,0,2023
200304,77,0,0,2023
200305,12,0,0,2023
200306,40,1,0,2023
200307,27,1,0,2023
200308,39,0,0,2023
200401,290,0,0,2023
200402,30,0,0,2023
200403,39,1,0,2023
200404,31,1,0,2023
200405,34,0,0,2023
200406,28,0,0,2023
200407,17,0,0,2023
200408,14,0,0,2023
200409,47,1,0,2023
200410,37,0,0,2023
200501,404,0,0,2023
200502,15,0,0,2023
200503,11,0,0,2023
200504,46,1,0,2023
200505,33,1,0,2023
200506,20,0,0,2023
200507,14,0,1,2023
200601,1027,0,0,2023
200602,168,1,1,2023
200603,49,0,0,2023
200604,56,0,0,2023
200605,33,0,0,2023
200606,65,1,1,2023
200607,79,1,0,2023
200608,33,0,0,2023
200701,503,1,1,2023
200702,87,0,0,2023
200703,61,0,0,2023
200704,38,0,0,2023
200705,27,0,0,2023
200706,103,0,1,2023
200801,164,1,0,2023
200802,29,1,0,2023
200803,20,1,1,2023
200804,23,0,0,2023
200805,64,0,0,2023
200806,13,1,1,2023
210101,694,1,0,2023
210102,55,0,0,2023
210103,9,0,0,2023
210104,7,0,0,2023
210105,10,1,0,2023
210106,22,1,0,2023
210107,5,0,0,2023
210108,21,0,0,2023
210109,7,0,0,2023
210110,5,0,0,2023
210111,45,0,1,2023
210112,21,1,0,2023
210113,1,0,1,2023
210114,4,0,0,2023
210115,7,0,0,2023
210201,220,1,0,2023
210202,5,0,0,2023
210203,4,1,0,2023
210204,36,1,1,2023
210205,11,1,1,2023
210206,16,1,0,2023
210207,5,0,1,2023
210208,,1,1,2023
210209,9,0,0,2023
210210,23,0,1,2023
210211,20,1,0,2023
210212,3,0,0,2023
210213,4,1,0,2023
210214,2,1,0,2023
210215,2,1,0,2023
210301,124,0,0,2023
210302,11,0,1,2023
210303,38,0,0,2023
210304,26,1,0,2023
210305,,0,0,2023
210306,49,0,0,2023
210307,23,0,0,2023
210308,20,1,0,2023
210309,12,0,0,2023
210310,,0,0,2023
210401,328,0,0,2023
210402,21,1,0,2023
210403,14,1,0,2023
210404,24,1,0,2023
210405,18,0,0,2023
210406,35,1,0,2023
210407,61,0,0,2023
210501,224,1,0,2023
210502,5,1,0,2023
210503,30,0,0,2023
210504,43,0,0,2023
210505,4,0,0,2023
210601,76,1,0,2023
210602,,1,0,2023
210603,3,1,0,2023
210604,,0,0,2023
210605,4,0,0,2023
210606,8,0,1,2023
210607,13,1,1,2023
210608,4,0,0,2023
210701,47,0,0,2023
210702,6,1,0,2023
210703,,0,0,2023
210704,1,1,1,2023
210705,2,0,0,2023
210706,,0,0,2023
210707,2,1,0,2023
210708,23,1,1,2023
210709,5,1,0,2023
210710,4,1,0,2023
210801,118,1,0,2023
210802,12,0,1,2023
210803,11,1,0,2023
210804,4,0,0,2023
210805,3,0,0,2023
210806,33,1,0,2023
210807,10,1,1,2023
210808,10,0,0,2023
210809,11,1,0,2023
210901,57,0,0,2023
210902,3,1,0,2023
210903,1,0,0,2023
210904,1,0,0,2023
211001,35,1,0,2023
211002,52,1,0,2023
211003,3,0,0,2023
211004,7,0,0,2023
211005,14,0,0,2023
211101,1116,0,0,2023
211102,4,0,1,2023
211103,4,0,0,2023
211104,6,1,0,2023
211105,111,1,1,2023
211201,226,0,0,2023
211202,6,0,1,2023
211203,4,0,0,2023
211204,,0,0,2023
211205,3,0,0,2023
211206,7,0,0,2023
211207,7,0,1,2023
211208,27,0,0,2023
211209,8,1,1,2023
211210,28,0,0,2023
211301,146,1,0,2023
211302,1,1,0,2023
211303,5,0,0,2023
211304,3,0,0,2023
211305,3,1,1,2023
211306,2,0,0,2023
211307,3,0,0,2023
220101,419,1,0,2023
220102,23,1,0,2023
220103,10,0,1,2023
220104,10,1,0,2023
220105,86,1,0,2023
220106,12,1,0,2023
220201,129,0,0,2023
220202,14,0,0,2023
220203,35,1,0,2023
220204,13,1,0,2023
220205,45,1,0,2023
220206,16,1,0,2023
220301,71,1,0,2023
220302,14,0,0,2023
220303,35,0,0,2023
220304,29,1,0,2023
220305,8,1,0,2023
220401,59,0,0,2023
220402,,1,0,2023
220403,10,1,0,2023
220404,11,1,0,2023
220405,11,0,0,2023
220406,9,0,0,2023
220501,88,0,0,2023
220502,27,0,0,2023
220503,18,0,0,2023
220504,4,0,0,2023
220505,9,1,0,2023
220506,23,1,0,2023
220507,20,0,0,2023
220508,7,0,0,2023
220509,6,1,0,2023
220510,32,0,0,2023
220511,16,0,0,2023
220601,138,0,0,2023
220602,29,0,0,2023
220603,22,0,0,2023
220604,13,0,0,2023
220605,12,1,0,2023
220701,102,0,0,2023
220702,13,0,0,2023
220703,5,0,0,2023
220704,2,0,0,2023
220705,5,0,0,2023
220706,6,0,0,2023
220707,20,1,1,2023
220708,17,1,0,2023
220709,11,1,1,2023
220710,9,0,0,2023
220801,217,0,0,2023
220802,51,1,0,2023
220803,36,0,0,2023
220804,154,1,0,2023
220805,108,0,0,2023
220806,11,1,0,2023
220807,19,1,0,2023
220808,23,0,0,2023
220809,10,1,0,2023
220901,523,1,0,2023
220902,2,1,0,2023
220903,15,1,1,2023
220904,11,1,0,2023
220905,,0,0,2023
220906,11,0,1,2023
220907,24,0,0,2023
220908,13,1,0,2023
220909,67,1,0,2023
220910,70,1,1,2023
220911,6,0,0,2023
220912,7,0,0,2023
220913,9,0,0,2023
220914,6,1,0,2023
221001,201,0,0,2023
221002,16,1,0,2023
221003,33,1,0,2023
221004,3,1,0,2023
221005,81,1,0,2023
221006,0,0,1,2023
230101,1065,0,0,2023
230102,192,1,0,2023
230103,93,0,0,2023
230104,281,1,1,2023
230105,69,0,0,2023
230106,29,0,0,2023
230107,29,1,1,2023
230108,70,0,0,2023
230109,102,0,0,2023
230110,572,0,0,2023
230111,111,1,0,2023
230201,55,0,1,2023
230202,10,1,0,2023
230203,29,0,0,2023
230204,13,0,0,2023
230205,7,0,0,2023
230206,11,0,0,2023
230301,1587,0,0,2023
230302,1159,0,0,2023
230303,335,0,0,2023
230401,51,0,0,2023
230402,10,0,1,2023
230403,18,0,0,2023
230404,7,0,0,2023
230405,15,0,0,2023
230406,6,0,0,2023
230407,8,0,0,2023
230408,87,0,0,2023
240101,571,1,0,2023
240102,90,1,1,2023
240103,57,0,0,2023
240104,53,0,0,2023
240105,49,0,0,2023
240106,17,0,1,2023
240201,186,1,0,2023
240202,38,0,0,2023
240203,35,0,0,2023
240301,224,1,1,2023
240302,141,1,0,2023
240303,20,1,0,2023
240304,26,0,0,2023
250101,889,1,0,2023
250102,36,0,1,2023
250103,33,1,0,2023
250104,46,1,0,2023
250105,258,1,0,2023
250106,31,1,0,2023
250107,152,0,0,2023
250201,195,1,0,2023
250202,47,1,1,2023
250203,51,0,0,2023
250204,37,0,0,2023
250301,69,0,0,2023
250302,44,1,0,2023
250303,27,0,0,2023
250304,21,0,0,2023
250305,13,1,0,2023
250306,0,0,0,2023
250307,0,0,0,2023
250401,57,0,0,2023
010101,268,1,0,2024
010102,,1,0,2024
010103,,0,0,2024
010104,,0,0,2024
010105,3,1,0,2024
010106,2,0,0,2024
010107,3,0,0,2024
010108,3,0,0,2024
010109,4,1,0,2024
010110,6,0,0,2024
010111,5,0,0,2024
010112,,0,0,2024
010113,4,0,0,2024
010114,4,0,0,2024
010115,5,0,0,2024
010116,4,0,0,2024
010117,2,0,0,2024
010118,3,0,0,2024
010119,3,0,0,2024
010120,5,0,0,2024
010121,3,1,0,2024
010201,172,1,0,2024
010202,21,0,0,2024
010203,22,1,0,2024
010204,12,1,0,2024
010205,113,1,0,2024
010206,26,1,0,2024
010301,27,0,0,2024
010302,2,0,0,2024
010303,9,0,0,2024
010304,,1,0,2024
010305,6,0,0,2024
010306,7,1,0,2024
010307,29,0,0,2024
010308,,0,0,2024
010309,4,0,0,2024
010310,,1,0,2024
010311,8,1,0,2024
010312,8,0,0,2024
010401,157,1,0,2024
010402,26,0,0,2024
010403,78,0,0,2024
010501,80,1,0,2024
010502,10,0,0,2024
010503,3,0,0,2024
010504,8,0,0,2024
010505,4,0,0,2024
010506,3,1,0,2024
010507,5,1,0,2024
010508,2,1,0,2024
010509,7,1,0,2024
010510,3,0,0,2024
010511,2,0,0,2024
010512,6,0,0,2024
010513,,1,0,2024
010514,8,0,0,2024
010515,2,0,0,2024
010516,,1,0,2024
010517,2,0,0,2024
010518,2,0,0,2024
010519,2,0,0,2024
010520,3,0,0,2024
010521,,0,0,2024
010522,7,0,0,2024
010523,4,0,0,2024
010601,35,0,0,2024
010602,3,0,0,2024
010603,3,0,0,2024
010604,11,1,0,2024
010605,14,0,0,2024
010606,4,0,0,2024
010607,10,0,0,2024
010608,7,0,0,2024
010609,27,1,0,2024
010610,7,1,0,2024
010611,7,1,0,2024
010612,5,1,0,2024
010701,155,0,0,2024
010702,60,1,0,2024
010703,21,1,0,2024
010704,35,0,0,2024
010705,20,1,0,2024
010706,23,0,0,2024
010707,8,1,0,2024
020101,507,1,0,2024
020102,21,0,0,2024
020103,11,0,0,2024
020104,4,1,0,2024
020105,236,1,0,2024
020106,14,0,0,2024
020107,16,0,0,2024
020108,14,1,0,2024
020109,9,0,0,2024
020110,13,0,0,2024
020111,6,0,0,2024
020112,15,0,0,2024
020201,14,1,0,2024
020202,21,1,0,2024
020203,9,0,0,2024
020204,10,0,0,2024
020205,10,0,0,2024
020301,30,0,0,2024
020302,8,0,0,2024
020303,12,1,0,2024
020304,12,0,0,2024
020305,30,1,0,2024
020306,3,1,0,2024
020401,30,0,0,2024
020402,14,0,0,2024
020501,13,1,0,2024
020502,4,1,0,2024
020503,21,1,0,2024
020504,5,1,0,2024
020505,6,0,0,2024
020506,,0,0,2024
020507,14,1,0,2024
020508,18,1,0,2024
020509,4,1,0,2024
020510,3,1,0,2024
020511,2,1,0,2024
020512,6,0,0,2024
020513,7,0,0,2024
020514,24,0,0,2024
020515,1,1,0,2024
020601,178,0,0,2024
020602,1,1,0,2024
020603,7,0,0,2024
020604,14,0,0,2024
020605,5,1,0,2024
020606,18,1,0,2024
020607,12,0,0,2024
020608,7,0,0,2024
020609,2,1,0,2024
020610,8,0,0,2024
020611,13,0,0,2024
020701,96,0,0,2024
020702,7,0,0,2024
020703,19,0,0,2024
020801,149,1,0,2024
020802,12,1,0,2024
020803,9,0,0,2024
020804,12,0,0,2024
020901,14,0,0,2024
020902,6,0,0,2024
020903,11,1,0,2024
020904,3,1,0,2024
020905,8,1,0,2024
020906,,0,0,2024
020907,4,0,0,2024
021001,75,0,0,2024
021002,9,0,0,2024
021003,9,0,0,2024
021004,39,1,0,2024
021005,154,0,0,2024
021006,5,1,0,2024
021007,8,0,0,2024
021008,10,0,0,2024
021009,8,0,0,2024
021010,9,0,0,2024
021011,6,1,0,2024
021012,4,0,0,2024
021013,16,0,0,2024
021014,45,1,0,2024
021015,14,1,0,2024
021016,13,0,0,2024
021101,142,0,0,2024
021102,14,0,0,2024
021103,32,1,0,2024
021104,8,1,0,2024
021105,15,0,0,2024
021201,197,1,0,2024
021202,14,0,0,2024
021203,10,0,0,2024
021204,3,0,0,2024
021205,9,0,0,2024
021206,7,0,0,2024
021207,23,1,0,2024
021208,10,1,0,2024
021209,10,0,0,2024
021210,13,1,0,2024
021301,30,1,0,2024
021302,11,0,0,2024
021303,4,1,0,2024
021304,9,1,0,2024
021305,5,0,0,2024
021306,26,0,0,2024
021307,14,0,0,2024
021308,3,1,0,2024
021401,15,0,1,2024
021402,5,1,0,2024
021403,,0,0,2024
021404,19,0,0,2024
021405,,0,0,2024
021406,4,0,0,2024
021407,1,0,0,2024
021408,2,0,0,2024
021409,2,0,0,2024
021410,14,1,0,2024
021501,48,0,1,2024
021502,10,1,0,2024
021503,33,1,0,2024
021504,12,0,0,2024
021505,14,0,0,2024
021506,5,1,1,2024
021507,12,0,0,2024
021508,15,0,0,2024
021509,18,0,0,2024
021510,8,0,0,2024
021511,13,1,1,2024
021601,90,1,0,2024
021602,6,1,0,2024
021603,21,0,0,2024
021604,4,1,0,2024
021701,23,1,0,2024
021702,18,1,0,2024
021703,19,0,0,2024
021704,2,1,0,2024
021705,7,0,0,2024
021706,,0,0,2024
021707,1,1,0,2024
021708,28,1,0,2024
021709,,1,0,2024
021710,7,0,0,2024
021801,1880,0,1,2024
021802,45,1,0,2024
021803,131,0,0,2024
021804,30,0,0,2024
021805,113,1,1,2024
021806,186,1,0,2024
021807,30,0,0,2024
021808,216,1,0,2024
021809,835,1,0,2024
021901,51,1,0,2024
021902,4,1,0,2024
021903,14,1,0,2024
021904,6,0,0,2024
021905,,0,0,2024
021906,15,0,0,2024
021907,7,0,0,2024
021908,25,0,0,2024
021909,4,0,0,2024
021910,20,1,0,2024
022001,109,1,0,2024
022002,10,0,0,2024
022003,25,1,0,2024
022004,3,0,0,2024
022005,32,0,0,2024
022006,10,0,0,2024
022007,4,1,0,2024
022008,18,1,0,2024
030101,462,1,0,2024
030102,2,1,0,2024
030103,5,1,0,2024
030104,164,1,0,2024
030105,6,1,0,2024
030106,9,0,0,2024
030107,23,0,0,2024
030108,6,0,0,2024
030109,50,1,0,2024
030201,363,0,0,2024
030202,13,1,0,2024
030203,5,0,0,2024
030204,13,1,0,2024
030205,9,1,0,2024
030206,10,1,0,2024
030207,15,1,1,2024
030208,,1,0,2024
030209,2,0,0,2024
030210,6,1,0,2024
030211,6,1,0,2024
030212,31,1,0,2024
030213,82,0,0,2024
030214,5,0,0,2024
030215,20,1,0,2024
030216,115,1,0,2024
030217,6,0,0,2024
030218,11,1,0,2024
030219,8,0,0,2024
030220,12,0,0,2024
030301,27,1,1,2024
030302,,1,0,2024
030303,2,1,0,2024
030304,5,1,0,2024
030305,3,1,0,2024
030306,3,1,1,2024
030307,,0,0,2024
030401,61,1,0,2024
030402,,1,0,2024
030403,3,1,0,2024
030404,4,0,0,2024
030405,1,1,0,2024
030406,6,1,0,2024
030407,3,1,0,2024
030408,2,1,0,2024
030409,2,1,0,2024
030410,1,1,0,2024
030411,,0,0,2024
030412,16,0,0,2024
030413,2,1,0,2024
030414,4,1,0,2024
030415,4,1,0,2024
030416,12,1,0,2024
030417,4,1,0,2024
030501,505,0,0,2024
030502,17,0,0,2024
030503,36,1,0,2024
030504,249,0,0,2024
030505,87,1,0,2024
030506,80,0,0,2024
030601,91,1,0,2024
030602,89,0,0,2024
030603,8,1,1,2024
030604,40,1,0,2024
030605,27,0,0,2024
030606,17,0,0,2024
030607,21,0,1,2024
030608,16,0,0,2024
030609,15,1,0,2024
030610,9,1,0,2024
030611,7,1,0,2024
030612,2,1,0,2024
030701,31,1,0,2024
030702,5,1,0,2024
030703,,0,0,2024
030704,,0,0,2024
030705,,0,0,2024
030706,2,0,0,2024
030707,,1,0,2024
030708,47,1,0,2024
030709,2,0,0,2024
030710,16,0,0,2024
030711,1,1,0,2024
030712,1,1,0,2024
030713,,0,0,2024
030714,,0,0,2024
040101,1249,1,0,2024
040102,463,1,0,2024
040103,525,1,0,2024
040104,1223,1,0,2024
040105,64,1,0,2024
040106,8,1,0,2024
040107,300,0,0,2024
040108,323,1,0,2024
040109,218,1,0,2024
040110,353,0,0,2024
040111,28,1,0,2024
040112,519,0,0,2024
040113,3,1,0,2024
040114,4,1,0,2024
040115,14,1,0,2024
040116,54,1,0,2024
040117,327,1,0,2024
040118,8,0,0,2024
040119,18,0,0,2024
040120,5,1,1,2024
040121,42,1,0,2024
040122,296,1,0,2024
040123,113,0,0,2024
040124,109,1,0,2024
040125,52,1,0,2024
040126,408,1,0,2024
040127,26,0,0,2024
040128,234,0,0,2024
040129,582,1,0,2024
040201,202,0,0,2024
040202,7,0,0,2024
040203,17,0,0,2024
040204,9,1,0,2024
040205,16,1,0,2024
040206,26,1,0,2024
040207,12,1,0,2024
040208,88,1,0,2024
040301,32,1,0,2024
040302,20,0,0,2024
040303,7,0,0,2024
040304,7,0,0,2024
040305,18,1,0,2024
040306,,1,0,2024
040307,65,0,0,2024
040308,12,1,0,2024
040309,10,1,0,2024
040310,6,0,0,2024
040311,21,0,0,2024
040312,5,0,0,2024
040313,4,0,0,2024
040401,98,0,0,2024
040402,2,1,0,2024
040403,3,1,0,2024
040404,2,1,0,2024
040405,,1,0,2024
040406,4,1,0,2024
040407,10,1,0,2024
040408,6,1,0,2024
040409,11,0,0,2024
040410,3,1,0,2024
040411,3,0,0,2024
040412,,1,0,2024
040413,81,0,0,2024
040414,3,1,1,2024
040501,203,1,0,2024
040502,,1,0,2024
040503,,0,0,2024
040504,2,1,0,2024
040505,2,0,0,2024
040506,3,0,0,2024
040507,6,1,0,2024
040508,,1,0,2024
040509,,0,0,2024
040510,3,0,0,2024
040511,14,1,0,2024
040512,,1,0,2024
040513,6,0,0,2024
040514,6,0,0,2024
040515,,0,0,2024
040516,1,1,0,2024
040517,1,1,0,2024
040518,3,1,0,2024
040519,5,1,0,2024
040520,461,1,0,2024
040601,52,1,0,2024
040602,2,1,0,2024
040603,4,1,0,2024
040604,9,1,0,2024
040605,2,1,0,2024
040606,10,1,0,2024
040607,5,1,0,2024
040608,24,1,0,2024
040701,256,1,0,2024
040702,204,1,0,2024
040703,104,1,0,2024
040704,141,1,0,2024
040705,73,1,0,2024
040706,47,0,0,2024
040801,58,1,0,2024
040802,10,1,1,2024
040803,3,0,0,2024
040804,6,0,0,2024
040805,1,0,0,2024
040806,8,0,0,2024
040807,1,1,0,2024
040808,6,0,0,2024
040809,,0,1,2024
040810,4,1,0,2024
040811,4,1,0,2024
050101,726,1,0,2024
050102,23,1,0,2024
050103,13,1,1,2024
050104,121,1,1,2024
050105,24,1,0,2024
050106,12,1,0,2024
050107,10,0,0,2024
050108,34,0,1,2024
050109,17,1,0,2024
050110,285,1,0,2024
050111,9,0,0,2024
050112,14,1,1,2024
050113,37,1,0,2024
050114,29,1,0,2024
050115,133,1,0,2024
050116,169,1,0,2024
050201,80,0,0,2024
050202,30,0,0,2024
050203,17,1,0,2024
050204,10,1,0,2024
050205,14,1,0,2024
050206,9,0,0,2024
050301,43,1,0,2024
050302,9,0,0,2024
050303,8,0,0,2024
050304,20,1,0,2024
050401,267,1,0,2024
050402,34,1,0,2024
050403,17,1,1,2024
050404,24,1,0,2024
050405,17,1,0,2024
050406,12,1,0,2024
050407,21,1,0,2024
050408,50,1,0,2024
050409,14,1,0,2024
050410,15,0,0,2024
050411,17,1,0,2024
050412,7,1,0,2024
050413,16,0,0,2024
050501,188,1,0,2024
050502,14,0,0,2024
050503,52,1,0,2024
050504,22,1,0,2024
050505,8,0,0,2024
050506,7,0,0,2024
050507,31,1,1,2024
050508,43,1,0,2024
050509,26,1,0,2024
050510,10,1,0,2024
050511,11,0,0,2024
050512,12,0,0,2024
050513,3,0,0,2024
050514,8,0,0,2024
050515,7,1,0,2024
050601,105,1,0,2024
050602,8,0,0,2024
050603,11,1,0,2024
050604,6,0,0,2024
050605,6,0,0,2024
050606,8,0,0,2024
050607,5,1,0,2024
050608,5,1,0,2024
050609,12,1,0,2024
050610,4,1,0,2024
050611,10,0,0,2024
050612,4,1,0,2024
050613,13,1,0,2024
050614,3,1,0,2024
050615,2,1,0,2024
050616,1,1,0,2024
050617,18,1,1,2024
050618,2,0,0,2024
050619,12,1,0,2024
050620,6,0,0,2024
050621,10,1,0,2024
050701,116,0,0,2024
050702,8,1,1,2024
050703,6,0,0,2024
050704,5,1,0,2024
050705,19,0,0,2024
050706,9,1,0,2024
050707,3,1,0,2024
050708,4,1,0,2024
050801,27,1,0,2024
050802,2,1,0,2024
050803,,1,0,2024
050804,5,1,0,2024
050805,24,1,0,2024
050806,6,1,0,2024
050807,13,0,1,2024
050808,15,0,0,2024
050809,3,0,0,2024
050810,2,1,0,2024
050901,31,1,0,2024
050902,6,1,0,2024
050903,7,0,0,2024
050904,,0,0,2024
050905,4,1,0,2024
050906,,0,1,2024
050907,10,0,0,2024
050908,8,0,0,2024
050909,3,1,0,2024
050910,7,0,0,2024
050911,9,1,0,2024
051001,38,1,0,2024
051002,15,1,0,2024
051003,9,1,1,2024
051004,4,0,0,2024
051005,18,0,0,2024
051006,12,1,0,2024
051007,7,0,1,2024
051008,8,0,0,2024
051009,10,0,0,2024
051010,22,1,1,2024
051011,14,1,1,2024
051012,18,1,0,2024
051101,52,1,0,2024
051102,10,0,1,2024
051103,8,0,0,2024
051104,8,1,1,2024
051105,10,1,0,2024
051106,11,0,0,2024
051107,12,1,0,2024
051108,27,1,0,2024
060101,2202,1,1,2024
060102,54,1,0,2024
060103,41,0,0,2024
060104,39,0,0,2024
060105,163,1,0,2024
060106,113,1,0,2024
060107,29,1,0,2024
060108,462,1,0,2024
060109,37,0,0,2024
060110,30,0,0,2024
060111,18,1,0,2024
060112,23,1,0,2024
060201,307,1,1,2024
060202,65,1,0,2024
060203,38,0,0,2024
060204,9,0,0,2024
060301,197,0,0,2024
060302,13,0,0,2024
060303,33,1,0,2024
060304,64,1,0,2024
060305,6,0,0,2024
060306,4,1,0,2024
060307,16,0,0,2024
060308,36,1,0,2024
060309,38,1,0,2024
060310,14,1,0,2024
060311,9,0,0,2024
060312,18,0,0,2024
060401,430,0,0,2024
060402,20,0,0,2024
060403,16,1,0,2024
060404,17,0,0,2024
060405,22,1,0,2024
060406,14,0,0,2024
060407,24,1,0,2024
060408,32,1,0,2024
060409,35,0,0,2024
060410,36,1,0,2024
060411,53,1,0,2024
060412,10,0,0,2024
060413,18,1,0,2024
060414,8,0,0,2024
060415,40,0,0,2024
060416,7,0,0,2024
060417,117,0,0,2024
060418,10,0,0,2024
060419,47,0,0,2024
060501,51,1,0,2024
060502,30,0,0,2024
060503,9,0,0,2024
060504,9,0,0,2024
060505,13,0,0,2024
060506,3,0,0,2024
060507,7,0,0,2024
060508,48,0,0,2024
060601,241,1,0,2024
060602,28,0,0,2024
060603,18,1,0,2024
060604,15,1,0,2024
060605,25,0,0,2024
060606,24,0,0,2024
060607,43,1,0,2024
060608,16,0,0,2024
060609,6,0,0,2024
060610,29,1,0,2024
060611,16,0,0,2024
060612,25,1,0,2024
060613,29,0,1,2024
060614,64,1,0,2024
060615,9,0,0,2024
060701,416,1,0,2024
060702,30,1,0,2024
060703,91,0,0,2024
060801,562,1,0,2024
060802,94,1,0,2024
060803,41,0,0,2024
060804,43,1,0,2024
060805,39,0,0,2024
060806,25,0,0,2024
060807,47,0,0,2024
060808,47,1,0,2024
060809,26,1,0,2024
060810,26,0,0,2024
060811,38,0,0,2024
060812,41,0,0,2024
060901,218,0,0,2024
060902,47,1,1,2024
060903,90,1,0,2024
060904,127,1,0,2024
060905,47,1,0,2024
060906,78,0,0,2024
060907,81,1,0,2024
061001,206,1,0,2024
061002,21,1,0,2024
061003,18,0,0,2024
061004,28,0,0,2024
061005,15,0,0,2024
061006,10,0,0,2024
061007,66,1,1,2024
061101,88,1,0,2024
061102,6,1,0,2024
061103,2,0,0,2024
061104,18,1,0,2024
061105,11,1,0,2024
061106,15,0,0,2024
061107,13,0,0,2024
061108,7,1,0,2024
061109,14,0,0,2024
061110,12,0,0,2024
061111,30,0,0,2024
061112,12,1,0,2024
061113,3,0,0,2024
061201,117,1,0,2024
061202,18,0,1,2024
061203,10,0,0,2024
061204,22,1,0,2024
061301,105,0,0,2024
061302,10,1,0,2024
061303,28,0,0,2024
061304,18,0,0,2024
061305,31,0,0,2024
061306,10,1,0,2024
061307,29,0,0,2024
061308,17,1,0,2024
061309,18,0,0,2024
061310,21,1,0,2024
061311,31,1,0,2024
070101,742,1,1,2024
070102,443,1,0,2024
070103,199,1,0,2024
070104,655,1,0,2024
070105,254,1,1,2024
070106,1354,1,1,2024
070107,350,1,0,2024
080101,2321,0,1,2024
080102,92,0,0,2024
080103,335,1,0,2024
080104,1345,1,0,2024
080105,2025,1,0,2024
080106,1344,1,0,2024
080107,116,1,0,2024
080108,602,1,0,2024
080201,42,1,0,2024
080202,,1,0,2024
080203,16,1,0,2024
080204,2,1,0,2024
080205,48,0,1,2024
080206,51,1,0,2024
080207,4,1,0,2024
080301,588,1,0,2024
080302,252,1,0,2024
080303,75,0,0,2024
080304,20,0,0,2024
080305,192,0,0,2024
080306,216,1,0,2024
080307,29,1,0,2024
080308,138,1,0,2024
080309,32,0,0,2024
080401,129,1,0,2024
080402,63,1,0,2024
080403,114,1,0,2024
080404,300,1,0,2024
080405,600,1,0,2024
080406,115,1,0,2024
080407,72,0,0,2024
080408,163,1,0,2024
080501,509,1,0,2024
080502,10,1,0,2024
080503,4,1,1,2024
080504,12,1,0,2024
080505,24,1,0,2024
080506,29,1,0,2024
080507,4,1,0,2024
080508,5,1,0,2024
080601,180,1,0,2024
080602,27,1,0,2024
080603,87,0,0,2024
080604,18,1,0,2024
080605,114,1,1,2024
080606,62,1,0,2024
080607,7,1,0,2024
080608,104,1,0,2024
080701,1216,1,0,2024
080702,60,1,0,2024
080703,230,0,0,2024
080704,82,1,0,2024
080705,338,1,0,2024
080706,22,1,0,2024
080707,86,1,0,2024
080708,163,1,0,2024
080801,1324,1,1,2024
080802,6,0,0,2024
080803,177,1,0,2024
080804,4,1,0,2024
080805,307,0,0,2024
080806,118,1,0,2024
080807,46,1,0,2024
080808,28,0,0,2024
080901,2411,1,0,2024
080902,1217,0,0,2024
080903,274,1,0,2024
080904,409,0,0,2024
080905,509,0,0,2024
080906,2223,1,0,2024
080907,48,1,0,2024
080908,603,0,0,2024
080909,1694,1,0,2024
080910,62,1,0,2024
080911,205,1,0,2024
080912,8,1,0,2024
080913,15,1,0,2024
080914,5485,0,0,2024
080915,747,1,0,2024
080916,9,1,1,2024
080917,,0,0,2024
080918,91,1,0,2024
081001,95,1,1,2024
081002,26,1,0,2024
081003,24,1,0,2024
081004,8,1,0,2024
081005,108,1,0,2024
081006,19,1,0,2024
081007,11,1,0,2024
081008,,0,0,2024
081009,13,1,0,2024
081101,64,1,0,2024
081102,38,0,0,2024
081103,455,1,0,2024
081104,168,1,0,2024
081105,217,1,0,2024
081106,26,0,0,2024
081201,316,1,0,2024
081202,93,1,0,2024
081203,48,1,1,2024
081204,129,0,0,2024
081205,751,1,0,2024
081206,172,1,1,2024
081207,72,0,0,2024
081208,27,1,0,2024
081209,242,1,0,2024
081210,517,0,1,2024
081211,54,1,1,2024
081212,400,1,0,2024
081301,1066,1,0,2024
081302,116,1,0,2024
081303,41,1,0,2024
081304,690,1,0,2024
081305,284,1,0,2024
081306,27,1,1,2024
081307,98,1,1,2024
090101,325,1,0,2024
090102,6,0,0,2024
090103,85,1,0,2024
090104,9,0,0,2024
090105,8,1,0,2024
090106,13,0,0,2024
090107,3,0,0,2024
090108,10,0,0,2024
090109,3,1,0,2024
090110,14,1,0,2024
090111,9,0,0,2024
090112,10,0,0,2024
090113,23,1,1,2024
090114,10,1,0,2024
090115,8,0,0,2024
090116,6,0,1,2024
090117,107,0,0,2024
090118,47,1,0,2024
090119,19,1,0,2024
090201,193,0,0,2024
090202,26,1,0,2024
090203,18,0,0,2024
090204,13,0,0,2024
090205,16,0,0,2024
090206,117,1,0,2024
090207,20,0,0,2024
090208,21,1,0,2024
090301,414,0,0,2024
090302,16,1,0,2024
090303,12,1,0,2024
090304,7,0,1,2024
090305,10,1,0,2024
090306,9,1,0,2024
090307,15,0,0,2024
090308,16,1,0,2024
090309,14,0,1,2024
090310,16,0,0,2024
090311,7,1,0,2024
090312,15,1,0,2024
090401,49,0,0,2024
090402,6,1,0,2024
090403,5,1,1,2024
090404,5,1,0,2024
090405,6,0,0,2024
090406,6,1,0,2024
090407,5,0,0,2024
090408,8,1,0,2024
090409,5,1,0,2024
090410,1,1,0,2024
090411,9,1,0,2024
090412,1,0,0,2024
090413,8,1,0,2024
090501,96,0,0,2024
090502,13,0,0,2024
090503,8,0,0,2024
090504,7,1,0,2024
090505,6,0,0,2024
090506,7,0,0,2024
090507,7,1,0,2024
090508,6,0,0,2024
090509,6,1,0,2024
090510,11,1,0,2024
090511,16,0,0,2024
090601,40,0,0,2024
090602,2,0,0,2024
090603,1,0,0,2024
090604,,1,1,2024
090605,,0,0,2024
090606,2,0,0,2024
090607,12,1,0,2024
090608,1,0,0,2024
090609,,0,0,2024
090610,2,0,0,2024
090611,4,0,0,2024
090612,,0,0,2024
090613,4,0,0,2024
090614,1,0,0,2024
090615,2,1,0,2024
090616,3,0,0,2024
090701,197,0,0,2024
090702,14,0,0,2024
090703,27,0,0,2024
090704,35,0,0,2024
090705,60,0,0,2024
090706,40,0,0,2024
090707,14,1,0,2024
090709,9,1,0,2024
090710,12,0,0,2024
090711,32,0,0,2024
090713,2,0,0,2024
090714,12,1,0,2024
090715,21,0,0,2024
090716,6,1,0,2024
090717,26,0,0,2024
090718,15,1,1,2024
090719,44,1,0,2024
090720,10,0,1,2024
090721,4,0,0,2024
090722,6,0,0,2024
090723,8,0,0,2024
090724,,0,0,2024
090725,6,1,0,2024
100101,850,1,0,2024
100102,408,1,0,2024
100103,36,1,0,2024
100104,33,1,0,2024
100105,13,1,0,2024
100106,19,1,0,2024
100107,6,0,0,2024
100108,8,0,0,2024
100109,62,0,0,2024
100110,,1,0,2024
100111,271,1,0,2024
100112,9,0,0,2024
100113,,0,0,2024
100201,188,1,0,2024
100202,7,0,0,2024
100203,6,1,0,2024
100204,21,1,1,2024
100205,42,1,0,2024
100206,6,0,0,2024
100207,20,0,0,2024
100208,19,0,0,2024
100301,70,0,0,2024
100307,4,1,0,2024
100311,8,1,1,2024
100313,7,0,0,2024
100316,2,0,0,2024
100317,,0,0,2024
100321,1,0,0,2024
100322,5,1,0,2024
100323,2,0,0,2024
100401,50,0,0,2024
100402,2,1,1,2024
100403,7,1,0,2024
100404,11,0,1,2024
100501,169,0,0,2024
100502,,0,0,2024
100503,5,0,0,2024
100504,8,0,0,2024
100505,4,0,0,2024
100506,,0,0,2024
100507,60,0,0,2024
100508,6,1,0,2024
100509,4,1,0,2024
100510,3,1,0,2024
100511,1,0,0,2024
100601,539,1,0,2024
100602,65,1,0,2024
100603,10,1,0,2024
100604,193,1,0,2024
100605,44,0,0,2024
100606,52,1,0,2024
100607,22,1,0,2024
100608,63,0,0,2024
100609,20,1,0,2024
100610,7,1,0,2024
100701,128,0,0,2024
100702,28,0,0,2024
100703,8,0,0,2024
100704,41,1,0,2024
100705,12,0,0,2024
100801,54,0,0,2024
100802,62,1,0,2024
100803,29,1,0,2024
100804,34,1,0,2024
100901,163,0,0,2024
100902,53,1,0,2024
100903,16,1,0,2024
100904,32,1,0,2024
100905,49,1,0,2024
101001,13,1,0,2024
101002,3,0,0,2024
101003,1,1,0,2024
101004,7,1,0,2024
101005,12,1,1,2024
101006,3,1,1,2024
101007,6,1,0,2024
101101,25,0,1,2024
101102,1,1,0,2024
101103,4,0,0,2024
101104,18,1,0,2024
101105,5,0,1,2024
101106,24,1,0,2024
101107,4,1,1,2024
101108,5,0,0,2024
110101,1194,1,1,2024
110102,120,1,0,2024
110103,64,1,0,2024
110104,4,1,0,2024
110105,15,0,0,2024
110106,217,0,0,2024
110107,24,1,0,2024
110108,112,0,1,2024
110109,38,0,0,2024
110110,40,1,1,2024
110111,135,1,0,2024
110112,122,1,0,2024
110113,5,0,0,2024
110114,14,0,0,2024
110201,407,0,0,2024
110202,50,0,0,2024
110203,28,0,0,2024
110204,37,0,0,2024
110205,64,0,0,2024
110206,46,1,0,2024
110207,161,1,0,2024
110208,3,0,0,2024
110209,12,1,0,2024
110210,112,1,0,2024
110211,22,1,0,2024
110301,290,1,0,2024
110302,10,1,1,2024
110303,14,0,0,2024
110304,53,0,0,2024
110305,156,0,0,2024
110401,27,0,1,2024
110402,11,0,0,2024
110403,12,0,0,2024
110404,3,0,0,2024
110405,1,0,1,2024
110501,321,1,0,2024
110502,14,1,0,2024
110503,94,0,0,2024
110504,80,1,0,2024
110505,158,0,0,2024
110506,69,0,0,2024
110507,142,1,0,2024
110508,65,1,0,2024
120101,936,1,1,2024
120104,2,0,0,2024
120105,4,0,0,2024
120106,3,1,0,2024
120107,389,1,0,2024
120108,9,0,1,2024
120111,3,1,0,2024
120112,1,1,0,2024
120113,4,0,0,2024
120114,822,1,0,2024
120116,,1,0,2024
120117,25,1,0,2024
120119,75,1,0,2024
120120,4,0,0,2024
120121,26,1,1,2024
120122,5,1,0,2024
120124,9,0,0,2024
120125,101,0,0,2024
120126,12,1,0,2024
120127,16,1,0,2024
120128,23,0,0,2024
120129,62,1,0,2024
120130,39,1,0,2024
120132,12,0,0,2024
120133,80,1,0,2024
120134,64,1,1,2024
120135,12,1,0,2024
120136,13,0,0,2024
120201,156,1,0,2024
120202,4,1,0,2024
120203,6,1,1,2024
120204,18,1,0,2024
120205,,1,0,2024
120206,12,0,0,2024
120207,22,1,0,2024
120208,7,1,0,2024
120209,6,1,0,2024
120210,24,1,0,2024
120211,4,1,0,2024
120212,13,1,0,2024
120213,21,1,0,2024
120214,14,1,0,2024
120215,8,0,0,2024
120301,228,1,0,2024
120302,194,0,0,2024
120303,239,0,0,2024
120304,42,0,0,2024
120305,176,0,0,2024
120306,39,1,0,2024
120401,246,1,0,2024
120402,22,0,0,2024
120403,31,0,0,2024
120404,2,1,0,2024
120405,2,0,0,2024
120406,3,1,0,2024
120407,4,0,0,2024
120408,14,0,0,2024
120409,,1,0,2024
120410,8,0,0,2024
120411,6,1,0,2024
120412,,1,0,2024
120413,1,0,0,2024
120414,,0,0,2024
120415,2,0,0,2024
120416,1,0,0,2024
120417,3,1,0,2024
120418,2,0,0,2024
120419,18,0,0,2024
120420,6,0,0,2024
120421,4,0,0,2024
120422,10,0,0,2024
120423,3,1,0,2024
120424,4,0,0,2024
120425,2,0,0,2024
120426,4,0,0,2024
120427,,1,0,2024
120428,4,1,0,2024
120429,8,1,0,2024
120430,28,1,0,2024
120431,9,0,0,2024
120432,4,0,0,2024
120433,3,0,0,2024
120434,42,0,0,2024
120501,94,1,1,2024
120502,43,1,0,2024
120503,16,1,0,2024
120504,30,1,1,2024
120601,508,1,0,2024
120602,42,0,0,2024
120603,69,1,1,2024
120604,174,1,1,2024
120605,56,1,0,2024
120606,264,1,0,2024
120607,167,1,0,2024
120608,107,1,0,2024
120609,34,1,0,2024
120701,300,1,0,2024
120702,39,0,0,2024
120703,5,0,0,2024
120704,25,1,0,2024
120705,24,1,0,2024
120706,31,0,0,2024
120707,23,0,0,2024
120708,13,0,0,2024
120709,16,1,0,2024
120801,164,1,1,2024
120802,6,1,0,2024
120803,8,1,0,2024
120804,10,0,0,2024
120805,15,1,0,2024
120806,21,1,0,2024
120807,31,1,0,2024
120808,58,1,0,2024
120809,7,0,0,2024
120810,74,1,0,2024
120901,208,1,0,2024
120902,29,0,0,2024
120903,20,1,0,2024
120904,14,0,1,2024
120905,27,0,0,2024
120906,8,1,0,2024
120907,16,1,1,2024
120908,10,1,0,2024
120909,10,1,0,2024
130101,2353,1,0,2024
130102,417,1,0,2024
130103,79,1,0,2024
130104,282,1,0,2024
130105,558,1,0,2024
130106,202,1,0,2024
130107,297,1,0,2024
130108,31,0,0,2024
130109,227,0,0,2024
130110,27,1,0,2024
130111,480,1,1,2024
130201,90,1,0,2024
130202,72,0,0,2024
130203,66,0,1,2024
130204,27,0,1,2024
130205,130,1,0,2024
130206,81,0,0,2024
130207,163,0,0,2024
130208,230,1,0,2024
130301,32,0,0,2024
130302,4,1,1,2024
130303,6,1,0,2024
130304,3,0,0,2024
130305,10,0,0,2024
130306,8,0,0,2024
130401,262,1,0,2024
130402,78,0,0,2024
130403,118,0,0,2024
130501,35,0,0,2024
130502,26,1,0,2024
130503,13,1,0,2024
130504,15,0,0,2024
130601,266,1,0,2024
130602,21,1,0,2024
130604,21,0,0,2024
130605,14,0,0,2024
130606,2,1,0,2024
130608,5,1,0,2024
130610,,0,0,2024
130611,11,1,0,2024
130613,31,0,1,2024
130614,76,1,0,2024
130701,246,0,0,2024
130702,231,1,0,2024
130703,24,0,0,2024
130704,216,1,0,2024
130705,57,1,0,2024
130801,138,0,0,2024
130802,12,0,0,2024
130803,22,1,0,2024
130804,27,0,0,2024
130805,13,0,0,2024
130806,10,0,0,2024
130807,,0,0,2024
130808,67,1,0,2024
130809,30,1,0,2024
130810,8,0,0,2024
130811,9,0,0,2024
130812,10,0,0,2024
130813,5,1,0,2024
130901,581,1,0,2024
130902,36,0,0,2024
130903,19,1,0,2024
130904,20,0,0,2024
130905,30,1,0,2024
130906,84,1,0,2024
130907,24,1,0,2024
130908,38,0,1,2024
131001,171,1,0,2024
131002,75,0,0,2024
131003,17,0,0,2024
131004,9,0,0,2024
131005,26,0,0,2024
131006,25,1,0,2024
131007,11,1,0,2024
131008,30,1,0,2024
131101,94,1,0,2024
131102,12,1,0,2024
131103,21,1,0,2024
131104,17,1,0,2024
131201,347,0,0,2024
131202,236,0,0,2024
131203,32,0,0,2024
140101,1948,1,0,2024
140102,69,0,0,2024
140103,45,1,0,2024
140104,26,0,0,2024
140105,521,1,0,2024
140106,374,1,0,2024
140107,22,0,0,2024
140108,128,1,0,2024
140109,26,1,0,2024
140110,24,0,1,2024
140111,36,0,0,2024
140112,317,1,0,2024
140113,59,1,0,2024
140114,42,0,1,2024
140115,54,0,0,2024
140116,94,1,0,2024
140117,118,0,0,2024
140118,174,0,0,2024
140119,72,1,0,2024
140120,139,1,0,2024
140201,301,0,0,2024
140202,50,1,0,2024
140203,26,1,0,2024
140204,57,1,0,2024
140205,120,1,0,2024
140206,50,1,0,2024
140301,649,1,0,2024
140302,6,0,0,2024
140303,21,0,0,2024
140304,42,0,0,2024
140305,76,1,0,2024
140306,185,0,0,2024
140307,156,0,0,2024
140308,106,0,0,2024
140309,47,1,0,2024
140310,62,1,1,2024
140311,56,0,1,2024
140312,52,0,0,2024
150101,4009,1,0,2024
150102,272,1,0,2024
150103,2597,1,0,2024
150104,438,1,0,2024
150105,242,1,0,2024
150106,554,0,0,2024
150107,199,1,0,2024
150108,574,1,0,2024
150109,80,1,0,2024
150110,774,1,0,2024
150111,180,1,0,2024
150112,737,0,0,2024
150113,673,1,0,2024
150114,1086,1,0,2024
150115,780,1,0,2024
150116,874,0,0,2024
150117,1452,1,0,2024
150118,1149,1,0,2024
150119,821,1,0,2024
150120,361,1,0,2024
150121,648,1,0,2024
150122,2314,1,0,2024
150123,467,1,0,2024
150124,78,1,0,2024
150125,893,1,0,2024
150126,144,1,0,2024
150127,71,1,0,2024
150128,305,1,0,2024
150129,148,0,0,2024
150130,1685,1,1,2024
150131,1802,1,1,2024
150132,1982,1,0,2024
150133,589,1,0,2024
150134,228,1,0,2024
150135,1790,1,0,2024
150136,901,1,0,2024
150137,496,1,0,2024
150138,115,1,0,2024
150139,87,1,0,2024
150140,2977,1,0,2024
150141,942,1,0,2024
150142,561,1,1,2024
150143,472,1,0,2024
150201,396,1,0,2024
150202,84,0,0,2024
150203,59,0,0,2024
150204,127,1,0,2024
150205,64,0,0,2024
150301,6,0,0,2024
150302,5,0,0,2024
150303,9,1,0,2024
150304,5,1,0,2024
150305,6,1,0,2024
150401,8,1,0,2024
150402,3,0,0,2024
150403,3,1,0,2024
150404,8,1,0,2024
150405,,0,0,2024
150406,2,1,0,2024
150407,22,0,0,2024
150501,594,1,0,2024
150502,301,1,0,2024
150503,15,1,0,2024
150504,149,1,1,2024
150505,135,1,0,2024
150506,11,1,0,2024
150507,299,0,0,2024
150508,36,0,0,2024
150509,202,1,0,2024
150510,177,0,0,2024
150511,9,0,0,2024
150512,84,1,0,2024
150513,132,0,0,2024
150514,78,0,0,2024
150515,39,1,0,2024
150516,6,0,0,2024
150601,515,1,0,2024
150602,,1,0,2024
150603,1,1,0,2024
150604,166,1,1,2024
150605,327,1,0,2024
150606,6,0,0,2024
150607,5,1,0,2024
150608,9,1,0,2024
150609,,1,0,2024
150610,,1,0,2024
150611,,0,1,2024
150612,,0,0,2024
150701,81,1,0,2024
150702,,0,0,2024
150703,2,1,0,2024
150704,7,0,0,2024
150705,16,1,0,2024
150706,,1,0,2024
150707,8,0,0,2024
150708,1,0,0,2024
150709,1,0,1,2024
150710,,1,0,2024
150711,,0,0,2024
150712,1,1,0,2024
150713,3,1,0,2024
150714,20,0,0,2024
150715,9,0,0,2024
150716,181,0,0,2024
150717,3,0,0,2024
150718,3,0,0,2024
150719,1,0,0,2024
150720,,0,0,2024
150721,,1,0,2024
150722,14,1,0,2024
150723,,0,0,2024
150724,1,1,0,2024
150725,11,0,0,2024
150726,,1,0,2024
150727,7,0,1,2024
150728,44,1,0,2024
150729,1,0,0,2024
150730,2,1,0,2024
150731,5,1,0,2024
150732,25,0,0,2024
150801,633,1,0,2024
150802,6,1,0,2024
150803,35,1,0,2024
150804,3,1,0,2024
150805,125,0,0,2024
150806,202,1,0,2024
150807,4,0,0,2024
150808,6,1,0,2024
150809,4,0,0,2024
150810,152,1,0,2024
150811,74,1,0,2024
150812,87,1,0,2024
150901,98,0,0,2024
150902,,0,0,2024
150903,11,1,0,2024
150904,8,0,0,2024
150905,4,0,0,2024
150906,20,1,1,2024
151001,12,1,0,2024
151002,3,1,0,2024
151003,,0,0,2024
151004,,0,1,2024
151005,,0,0,2024
151006,,0,0,2024
151007,12,0,0,2024
151008,6,0,0,2024
151009,2,1,0,2024
151010,11,0,0,2024
151011,,0,1,2024
151012,1,0,0,2024
151013,2,1,0,2024
151014,3,1,0,2024
151015,,1,0,2024
151016,17,0,0,2024
151017,,1,0,2024
151018,3,1,0,2024
151019,6,1,0,2024
151020,,0,0,2024
151021,14,0,0,2024
151022,,0,0,2024
151023,,1,0,2024
151024,,0,0,2024
151025,,1,0,2024
151026,,0,0,2024
151027,,0,0,2024
151028,,1,0,2024
151029,,1,0,2024
151030,1,1,0,2024
151031,41,0,0,2024
151032,,0,0,2024
151033,,0,0,2024
160101,1452,1,0,2024
160102,16,1,0,2024
160103,86,0,0,2024
160104,59,1,1,2024
160105,55,0,0,2024
160106,57,0,0,2024
160107,47,0,0,2024
160108,273,1,0,2024
160110,34,1,0,2024
160112,306,1,0,2024
160113,495,1,0,2024
160201,151,1,0,2024
160202,32,1,0,2024
160205,23,0,0,2024
160206,25,1,0,2024
160210,12,0,0,2024
160211,10,0,0,2024
160301,189,0,0,2024
160302,20,0,0,2024
160303,19,1,0,2024
160304,30,1,0,2024
160305,32,1,0,2024
160401,121,0,0,2024
160402,57,0,0,2024
160403,85,0,0,2024
160404,74,1,0,2024
160501,143,0,0,2024
160502,7,1,0,2024
160503,45,1,0,2024
160504,22,1,0,2024
160505,20,0,0,2024
160506,14,1,0,2024
160507,22,0,0,2024
160508,7,0,0,2024
160509,8,0,0,2024
160510,17,0,1,2024
160511,24,0,0,2024
160601,105,1,0,2024
160602,10,0,0,2024
160603,114,1,0,2024
160604,23,1,0,2024
160605,35,0,0,2024
160606,100,0,0,2024
160701,82,0,0,2024
160702,14,0,0,2024
160703,38,1,0,2024
160704,12,0,0,2024
160705,19,0,0,2024
160706,28,1,0,2024
160801,37,0,0,2024
160802,8,0,0,2024
160803,12,1,0,2024
160804,17,0,0,2024
170101,649,1,0,2024
170102,38,0,0,2024
170103,25,1,0,2024
170104,52,0,0,2024
170201,37,1,0,2024
170202,,1,0,2024
170203,41,0,0,2024
170204,13,0,0,2024
170301,50,1,0,2024
170302,40,0,0,2024
170303,41,0,0,2024
180101,609,1,0,2024
180102,49,0,0,2024
180103,64,0,0,2024
180104,159,1,0,2024
180105,29,0,0,2024
180106,642,1,0,2024
180201,45,0,0,2024
180202,17,0,0,2024
180203,5,0,0,2024
180204,33,0,0,2024
180205,5,1,0,2024
180206,,1,0,2024
180207,23,0,0,2024
180208,13,1,0,2024
180209,10,1,0,2024
180210,9,1,0,2024
180211,19,1,0,2024
180301,269,0,0,2024
180302,35,0,0,2024
180303,42,1,0,2024
190101,295,1,0,2024
190102,25,0,0,2024
190103,38,1,0,2024
190104,80,1,0,2024
190105,34,0,0,2024
190106,21,0,0,2024
190107,53,0,1,2024
190108,50,0,0,2024
190109,47,1,0,2024
190110,32,1,0,2024
190111,26,1,0,2024
190112,14,1,0,2024
190113,143,1,0,2024
190201,123,0,0,2024
190202,21,0,0,2024
190203,3,0,0,2024
190204,15,0,0,2024
190205,11,1,0,2024
190206,31,1,0,2024
190207,11,1,0,2024
190208,18,1,0,2024
190301,186,1,0,2024
190302,39,1,0,2024
190303,65,1,0,2024
190304,103,1,0,2024
190305,48,0,0,2024
190306,145,0,0,2024
190307,162,1,0,2024
190308,123,1,0,2024
200101,1041,0,0,2024
200104,705,1,0,2024
200105,258,0,0,2024
200107,95,0,0,2024
200108,31,1,0,2024
200109,79,1,0,2024
200110,103,0,0,2024
200111,100,1,0,2024
200114,259,1,0,2024
200115,705,1,0,2024
200201,158,0,0,2024
200202,34,0,0,2024
200203,17,1,0,2024
200204,66,1,0,2024
200205,14,1,0,2024
200206,109,1,0,2024
200207,73,1,0,2024
200208,52,1,0,2024
200209,11,1,0,2024
200210,59,1,0,2024
200301,97,1,0,2024
200302,50,1,0,2024
200303,58,1,0,2024
200304,73,1,0,2024
200305,15,1,0,2024
200306,32,1,0,2024
200307,33,1,0,2024
200308,63,1,0,2024
200401,414,1,0,2024
200402,25,0,0,2024
200403,27,0,0,2024
200404,29,0,0,2024
200405,38,1,0,2024
200406,43,0,0,2024
200407,22,1,0,2024
200408,17,0,0,2024
200409,27,1,0,2024
200410,39,1,0,2024
200501,310,0,0,2024
200502,23,1,0,2024
200503,15,0,0,2024
200504,51,1,0,2024
200505,36,1,0,2024
200506,12,0,0,2024
200507,17,1,0,2024
200601,1075,1,0,2024
200602,169,1,1,2024
200603,49,0,0,2024
200604,64,0,0,2024
200605,52,0,0,2024
200606,52,1,1,2024
200607,79,1,0,2024
200608,24,0,0,2024
200701,475,0,0,2024
200702,90,0,1,2024
200703,50,1,0,2024
200704,39,1,0,2024
200705,80,0,0,2024
200706,111,1,1,2024
200801,144,1,0,2024
200802,20,1,0,2024
200803,24,1,1,2024
200804,22,1,0,2024
200805,58,1,0,2024
200806,28,1,0,2024
210101,722,1,0,2024
210102,18,1,0,2024
210103,3,0,0,2024
210104,15,0,0,2024
210105,9,0,0,2024
210106,17,1,0,2024
210107,4,0,0,2024
210108,19,1,0,2024
210109,17,1,0,2024
210110,6,1,1,2024
210111,41,0,0,2024
210112,10,1,0,2024
210113,,0,0,2024
210114,,0,0,2024
210115,5,1,0,2024
210201,204,1,0,2024
210202,5,1,0,2024
210203,7,0,0,2024
210204,49,0,0,2024
210205,,0,0,2024
210206,17,0,0,2024
210207,,0,0,2024
210208,,0,0,2024
210209,18,0,0,2024
210210,33,0,0,2024
210211,33,1,0,2024
210212,6,1,0,2024
210213,3,1,0,2024
210214,6,0,0,2024
210215,3,1,0,2024
210301,90,0,0,2024
210302,2,1,0,2024
210303,26,0,0,2024
210304,8,1,0,2024
210305,111,0,0,2024
210306,8,1,0,2024
210307,23,0,0,2024
210308,23,0,0,2024
210309,20,1,0,2024
210310,63,1,0,2024
210401,223,1,0,2024
210402,53,1,1,2024
210403,9,1,0,2024
210404,19,1,0,2024
210405,19,1,0,2024
210406,24,1,0,2024
210407,62,0,0,2024
210501,136,1,0,2024
210502,7,1,0,2024
210503,22,1,0,2024
210504,34,0,0,2024
210505,4,1,0,2024
210601,78,0,0,2024
210602,4,0,0,2024
210603,8,0,0,2024
210604,,0,0,2024
210605,5,0,0,2024
210606,15,0,0,2024
210607,13,1,0,2024
210608,5,1,1,2024
210701,128,0,0,2024
210702,6,1,0,2024
210703,,0,0,2024
210704,1,1,0,2024
210705,3,1,0,2024
210706,,1,1,2024
210707,2,0,0,2024
210708,3,1,1,2024
210709,5,0,0,2024
210710,4,1,0,2024
210801,115,1,0,2024
210802,37,1,0,2024
210803,5,1,0,2024
210804,5,1,0,2024
210805,18,0,0,2024
210806,22,0,0,2024
210807,11,1,0,2024
210808,11,0,0,2024
210809,5,1,1,2024
210901,48,1,0,2024
210902,3,0,0,2024
210903,1,1,0,2024
210904,,1,0,2024
211001,137,1,0,2024
211002,30,1,0,2024
211003,3,1,0,2024
211004,3,0,0,2024
211005,5,1,0,2024
211101,1189,0,0,2024
211102,20,0,0,2024
211103,31,0,0,2024
211104,6,1,0,2024
211105,82,1,0,2024
211201,143,1,0,2024
211202,8,0,0,2024
211203,,0,0,2024
211204,5,0,0,2024
211205,2,0,0,2024
211206,6,0,0,2024
211207,6,1,0,2024
211208,1,0,0,2024
211209,8,1,0,2024
211210,2,0,0,2024
211301,87,0,0,2024
211302,22,1,1,2024
211303,18,0,0,2024
211304,,0,1,2024
211305,6,0,0,2024
211306,2,0,0,2024
211307,14,1,0,2024
220101,468,1,0,2024
220102,18,0,0,2024
220103,15,1,0,2024
220104,45,1,0,2024
220105,99,1,0,2024
220106,11,0,0,2024
220201,121,0,0,2024
220202,13,0,0,2024
220203,53,1,0,2024
220204,17,0,0,2024
220205,46,0,0,2024
220206,17,1,0,2024
220301,50,1,0,2024
220302,13,0,0,2024
220303,17,0,0,2024
220304,22,1,0,2024
220305,21,1,0,2024
220401,59,0,0,2024
220402,11,0,0,2024
220403,10,1,0,2024
220404,18,0,0,2024
220405,21,0,0,2024
220406,8,0,0,2024
220501,69,0,0,2024
220502,59,1,0,2024
220503,18,0,1,2024
220504,14,0,0,2024
220505,16,1,0,2024
220506,32,1,0,2024
220507,24,1,0,2024
220508,8,1,0,2024
220509,6,0,0,2024
220510,31,1,0,2024
220511,16,0,0,2024
220601,151,0,0,2024
220602,19,0,0,2024
220603,14,1,0,2024
220604,16,0,0,2024
220605,17,1,0,2024
220701,93,0,0,2024
220702,13,0,0,2024
220703,6,0,0,2024
220704,4,0,0,2024
220705,19,0,0,2024
220706,,0,0,2024
220707,13,0,0,2024
220708,93,0,0,2024
220709,12,0,1,2024
220710,2,0,1,2024
220801,185,1,0,2024
220802,70,1,0,2024
220803,43,1,0,2024
220804,188,1,0,2024
220805,108,1,0,2024
220806,21,1,0,2024
220807,19,0,0,2024
220808,42,1,0,2024
220809,13,1,1,2024
220901,522,0,0,2024
220902,6,1,0,2024
220903,13,1,0,2024
220904,29,0,0,2024
220905,4,1,0,2024
220906,28,0,0,2024
220907,11,1,0,2024
220908,14,0,0,2024
220909,82,1,0,2024
220910,77,1,0,2024
220911,5,0,0,2024
220912,9,0,0,2024
220913,16,1,0,2024
220914,8,1,0,2024
221001,348,0,0,2024
221002,25,1,1,2024
221003,33,1,0,2024
221004,14,0,0,2024
221005,128,1,0,2024
221006,,1,0,2024
230101,905,1,0,2024
230102,238,1,0,2024
230103,41,1,0,2024
230104,214,0,0,2024
230105,57,0,0,2024
230106,44,0,0,2024
230107,25,1,0,2024
230108,97,1,0,2024
230109,129,1,0,2024
230110,528,1,0,2024
230111,79,0,0,2024
230201,146,0,0,2024
230202,20,0,0,2024
230203,27,0,0,2024
230204,19,0,0,2024
230205,12,0,0,2024
230206,9,1,0,2024
230301,612,0,1,2024
230302,1001,1,0,2024
230303,390,0,0,2024
230401,31,0,1,2024
230402,9,0,0,2024
230403,18,0,0,2024
230404,8,0,0,2024
230405,9,1,0,2024
230406,11,0,0,2024
230407,9,0,1,2024
230408,16,0,0,2024
240101,547,1,0,2024
240102,106,0,0,2024
240103,57,0,0,2024
240104,48,1,0,2024
240105,65,0,0,2024
240106,22,1,1,2024
240201,193,0,0,2024
240202,19,1,0,2024
240203,35,1,0,2024
240301,201,0,0,2024
240302,144,1,0,2024
240303,21,1,0,2024
240304,55,0,0,2024
250101,846,1,0,2024
250102,60,1,0,2024
250103,41,1,0,2024
250104,41,1,0,2024
250105,181,1,0,2024
250106,51,1,0,2024
250107,258,1,0,2024
250201,376,1,0,2024
250202,56,1,0,2024
250203,50,1,0,2024
250204,26,1,0,2024
250301,212,0,0,2024
250302,35,1,0,2024
250303,33,0,0,2024
250304,25,0,0,2024
250305,13,0,0,2024
250306,25,0,0,2024
250307,5,1,0,2024
250401,48,0,1,2024
