ubigeo,Año,departamento,provincia,distrito,ninos_evaluados,ninos_con_anemia,ninos_sin_anemia,prevalencia_anemia
010101,2020,AMAZONAS,CHACHAPOYAS,CHACHAPOYAS,245,85,160,0.3469387755102041
010101,2021,AMAZONAS,CHACHAPOYAS,CHACHAPOYAS,234,71,163,0.3034188034188034
010101,2022,AMAZONAS,CHACHAPOYAS,CHACHAPOYAS,201,76,125,0.3781094527363184
010101,2023,AMAZONAS,CHACHAPOYAS,CHACHAPOYAS,837,160,677,0.1911589008363202
010101,2024,AMAZONAS,CHACHAPOYAS,CHACHAPOYAS,969,157,812,0.16202270381836945
010101,2025,AMAZONAS,CHACHAPOYAS,CHACHAPOYAS,916,107,809,0.1168122270742358
010101,2026,AMAZONAS,CHACHAPOYAS,CHACHAPOYAS,597,80,517,0.13400335008375208
010102,2022,AMAZONAS,CHACHAPOYAS,ASUNCION,1,0,1,0.0
010102,2023,AMAZONAS,CHACHAPOYAS,ASUNCION,7,4,3,0.5714285714285714
010102,2024,AMAZONAS,CHACHAPOYAS,ASUNCION,6,0,6,0.0
010102,2025,AMAZONAS,CHACHAPOYAS,ASUNCION,6,0,6,0.0
010102,2026,AMAZONAS,CHACHAPOYAS,ASUNCION,1,0,1,0.0
010103,2020,AMAZONAS,CHACHAPOYAS,BALSAS,23,4,19,0.17391304347826086
010103,2021,AMAZONAS,CHACHAPOYAS,BALSAS,20,0,20,0.0
010103,2022,AMAZONAS,CHACHAPOYAS,BALSAS,21,1,20,0.047619047619047616
010103,2023,AMAZONAS,CHACHAPOYAS,BALSAS,39,8,31,0.20512820512820512
010103,2024,AMAZONAS,CHACHAPOYAS,BALSAS,49,8,41,0.16326530612244897
010103,2025,AMAZONAS,CHACHAPOYAS,BALSAS,56,10,46,0.17857142857142858
010103,2026,AMAZONAS,CHACHAPOYAS,BALSAS,28,8,20,0.2857142857142857
010104,2020,AMAZONAS,CHACHAPOYAS,CHETO,6,3,3,0.5
010104,2021,AMAZONAS,CHACHAPOYAS,CHETO,3,1,2,0.3333333333333333
010104,2022,AMAZONAS,CHACHAPOYAS,CHETO,2,0,2,0.0
010104,2023,AMAZONAS,CHACHAPOYAS,CHETO,15,4,11,0.26666666666666666
010104,2024,AMAZONAS,CHACHAPOYAS,CHETO,19,2,17,0.10526315789473684
010104,2025,AMAZONAS,CHACHAPOYAS,CHETO,15,1,14,0.06666666666666667
010104,2026,AMAZONAS,CHACHAPOYAS,CHETO,9,0,9,0.0
010105,2020,AMAZONAS,CHACHAPOYAS,CHILIQUIN,9,1,8,0.1111111111111111
010105,2021,AMAZONAS,CHACHAPOYAS,CHILIQUIN,20,2,18,0.1
010105,2022,AMAZONAS,CHACHAPOYAS,CHILIQUIN,19,4,15,0.21052631578947367
010105,2023,AMAZONAS,CHACHAPOYAS,CHILIQUIN,33,5,28,0.15151515151515152
010105,2024,AMAZONAS,CHACHAPOYAS,CHILIQUIN,26,3,23,0.11538461538461539
010105,2025,AMAZONAS,CHACHAPOYAS,CHILIQUIN,20,0,20,0.0
010105,2026,AMAZONAS,CHACHAPOYAS,CHILIQUIN,12,3,9,0.25
010106,2020,AMAZONAS,CHACHAPOYAS,CHUQUIBAMBA,26,19,7,0.7307692307692307
010106,2021,AMAZONAS,CHACHAPOYAS,CHUQUIBAMBA,38,30,8,0.7894736842105263
010106,2022,AMAZONAS,CHACHAPOYAS,CHUQUIBAMBA,39,37,2,0.9487179487179487
010106,2023,AMAZONAS,CHACHAPOYAS,CHUQUIBAMBA,78,48,30,0.6153846153846154
010106,2024,AMAZONAS,CHACHAPOYAS,CHUQUIBAMBA,64,37,27,0.578125
010106,2025,AMAZONAS,CHACHAPOYAS,CHUQUIBAMBA,74,27,47,0.36486486486486486
010106,2026,AMAZONAS,CHACHAPOYAS,CHUQUIBAMBA,34,12,22,0.35294117647058826
010107,2020,AMAZONAS,CHACHAPOYAS,GRANADA,1,1,0,1.0
010107,2021,AMAZONAS,CHACHAPOYAS,GRANADA,2,1,1,0.5
010107,2022,AMAZONAS,CHACHAPOYAS,GRANADA,2,1,1,0.5
010107,2023,AMAZONAS,CHACHAPOYAS,GRANADA,7,0,7,0.0
010107,2024,AMAZONAS,CHACHAPOYAS,GRANADA,9,0,9,0.0
010107,2025,AMAZONAS,CHACHAPOYAS,GRANADA,6,0,6,0.0
010107,2026,AMAZONAS,CHACHAPOYAS,GRANADA,3,0,3,0.0
010108,2020,AMAZONAS,CHACHAPOYAS,HUANCAS,5,1,4,0.2
010108,2021,AMAZONAS,CHACHAPOYAS,HUANCAS,9,3,6,0.3333333333333333
010108,2022,AMAZONAS,CHACHAPOYAS,HUANCAS,5,0,5,0.0
010108,2023,AMAZONAS,CHACHAPOYAS,HUANCAS,20,6,14,0.3
010108,2024,AMAZONAS,CHACHAPOYAS,HUANCAS,16,5,11,0.3125
010108,2025,AMAZONAS,CHACHAPOYAS,HUANCAS,12,2,10,0.16666666666666666
010108,2026,AMAZONAS,CHACHAPOYAS,HUANCAS,4,0,4,0.0
010109,2020,AMAZONAS,CHACHAPOYAS,LA JALCA,67,26,41,0.3880597014925373
010109,2021,AMAZONAS,CHACHAPOYAS,LA JALCA,83,32,51,0.3855421686746988
010109,2022,AMAZONAS,CHACHAPOYAS,LA JALCA,50,27,23,0.54
010109,2023,AMAZONAS,CHACHAPOYAS,LA JALCA,217,76,141,0.35023041474654376
010109,2024,AMAZONAS,CHACHAPOYAS,LA JALCA,258,72,186,0.27906976744186046
010109,2025,AMAZONAS,CHACHAPOYAS,LA JALCA,235,75,160,0.3191489361702128
010109,2026,AMAZONAS,CHACHAPOYAS,LA JALCA,146,48,98,0.3287671232876712
010110,2020,AMAZONAS,CHACHAPOYAS,LEIMEBAMBA,37,7,30,0.1891891891891892
010110,2021,AMAZONAS,CHACHAPOYAS,LEIMEBAMBA,45,7,38,0.15555555555555556
010110,2022,AMAZONAS,CHACHAPOYAS,LEIMEBAMBA,40,8,32,0.2
010110,2023,AMAZONAS,CHACHAPOYAS,LEIMEBAMBA,138,13,125,0.09420289855072464
010110,2024,AMAZONAS,CHACHAPOYAS,LEIMEBAMBA,128,14,114,0.109375
010110,2025,AMAZONAS,CHACHAPOYAS,LEIMEBAMBA,111,17,94,0.15315315315315314
010110,2026,AMAZONAS,CHACHAPOYAS,LEIMEBAMBA,60,12,48,0.2
010111,2020,AMAZONAS,CHACHAPOYAS,LEVANTO,2,1,1,0.5
010111,2021,AMAZONAS,CHACHAPOYAS,LEVANTO,2,2,0,1.0
010111,2022,AMAZONAS,CHACHAPOYAS,LEVANTO,2,1,1,0.5
010111,2023,AMAZONAS,CHACHAPOYAS,LEVANTO,15,3,12,0.2
010111,2024,AMAZONAS,CHACHAPOYAS,LEVANTO,17,1,16,0.058823529411764705
010111,2025,AMAZONAS,CHACHAPOYAS,LEVANTO,18,8,10,0.4444444444444444
010111,2026,AMAZONAS,CHACHAPOYAS,LEVANTO,7,1,6,0.14285714285714285
010112,2020,AMAZONAS,CHACHAPOYAS,MAGDALENA,3,2,1,0.6666666666666666
010112,2021,AMAZONAS,CHACHAPOYAS,MAGDALENA,6,0,6,0.0
010112,2022,AMAZONAS,CHACHAPOYAS,MAGDALENA,7,0,7,0.0
010112,2023,AMAZONAS,CHACHAPOYAS,MAGDALENA,26,7,19,0.2692307692307692
010112,2024,AMAZONAS,CHACHAPOYAS,MAGDALENA,25,3,22,0.12
010112,2025,AMAZONAS,CHACHAPOYAS,MAGDALENA,22,3,19,0.13636363636363635
010112,2026,AMAZONAS,CHACHAPOYAS,MAGDALENA,12,3,9,0.25
010113,2020,AMAZONAS,CHACHAPOYAS,MARISCAL CASTILLA,5,2,3,0.4
010113,2021,AMAZONAS,CHACHAPOYAS,MARISCAL CASTILLA,6,1,5,0.16666666666666666
010113,2022,AMAZONAS,CHACHAPOYAS,MARISCAL CASTILLA,6,2,4,0.3333333333333333
010113,2023,AMAZONAS,CHACHAPOYAS,MARISCAL CASTILLA,16,1,15,0.0625
010113,2024,AMAZONAS,CHACHAPOYAS,MARISCAL CASTILLA,21,7,14,0.3333333333333333
010113,2025,AMAZONAS,CHACHAPOYAS,MARISCAL CASTILLA,17,2,15,0.11764705882352941
010113,2026,AMAZONAS,CHACHAPOYAS,MARISCAL CASTILLA,11,0,11,0.0
010114,2020,AMAZONAS,CHACHAPOYAS,MOLINOPAMPA,26,7,19,0.2692307692307692
010114,2021,AMAZONAS,CHACHAPOYAS,MOLINOPAMPA,23,13,10,0.5652173913043478
010114,2022,AMAZONAS,CHACHAPOYAS,MOLINOPAMPA,26,6,20,0.23076923076923078
010114,2023,AMAZONAS,CHACHAPOYAS,MOLINOPAMPA,41,14,27,0.34146341463414637
010114,2024,AMAZONAS,CHACHAPOYAS,MOLINOPAMPA,53,19,34,0.3584905660377358
010114,2025,AMAZONAS,CHACHAPOYAS,MOLINOPAMPA,53,13,40,0.24528301886792453
010114,2026,AMAZONAS,CHACHAPOYAS,MOLINOPAMPA,29,9,20,0.3103448275862069
010115,2020,AMAZONAS,CHACHAPOYAS,MONTEVIDEO,6,0,6,0.0
010115,2021,AMAZONAS,CHACHAPOYAS,MONTEVIDEO,1,0,1,0.0
010115,2022,AMAZONAS,CHACHAPOYAS,MONTEVIDEO,1,0,1,0.0
010115,2023,AMAZONAS,CHACHAPOYAS,MONTEVIDEO,9,2,7,0.2222222222222222
010115,2024,AMAZONAS,CHACHAPOYAS,MONTEVIDEO,6,1,5,0.16666666666666666
010115,2025,AMAZONAS,CHACHAPOYAS,MONTEVIDEO,4,1,3,0.25
010115,2026,AMAZONAS,CHACHAPOYAS,MONTEVIDEO,5,2,3,0.4
010116,2020,AMAZONAS,CHACHAPOYAS,OLLEROS,3,0,3,0.0
010116,2021,AMAZONAS,CHACHAPOYAS,OLLEROS,2,0,2,0.0
010116,2022,AMAZONAS,CHACHAPOYAS,OLLEROS,2,1,1,0.5
010116,2023,AMAZONAS,CHACHAPOYAS,OLLEROS,9,3,6,0.3333333333333333
010116,2024,AMAZONAS,CHACHAPOYAS,OLLEROS,10,0,10,0.0
010116,2025,AMAZONAS,CHACHAPOYAS,OLLEROS,5,3,2,0.6
010116,2026,AMAZONAS,CHACHAPOYAS,OLLEROS,2,1,1,0.5
010117,2020,AMAZONAS,CHACHAPOYAS,QUINJALCA,5,1,4,0.2
010117,2021,AMAZONAS,CHACHAPOYAS,QUINJALCA,5,0,5,0.0
010117,2022,AMAZONAS,CHACHAPOYAS,QUINJALCA,5,2,3,0.4
010117,2023,AMAZONAS,CHACHAPOYAS,QUINJALCA,10,2,8,0.2
010117,2024,AMAZONAS,CHACHAPOYAS,QUINJALCA,8,2,6,0.25
010117,2025,AMAZONAS,CHACHAPOYAS,QUINJALCA,8,3,5,0.375
010117,2026,AMAZONAS,CHACHAPOYAS,QUINJALCA,4,1,3,0.25
010118,2020,AMAZONAS,CHACHAPOYAS,SAN FRANCISCO DE DAGUAS,6,1,5,0.16666666666666666
010118,2021,AMAZONAS,CHACHAPOYAS,SAN FRANCISCO DE DAGUAS,5,1,4,0.2
010118,2022,AMAZONAS,CHACHAPOYAS,SAN FRANCISCO DE DAGUAS,1,0,1,0.0
010118,2023,AMAZONAS,CHACHAPOYAS,SAN FRANCISCO DE DAGUAS,5,0,5,0.0
010118,2024,AMAZONAS,CHACHAPOYAS,SAN FRANCISCO DE DAGUAS,3,0,3,0.0
010118,2025,AMAZONAS,CHACHAPOYAS,SAN FRANCISCO DE DAGUAS,1,0,1,0.0
010119,2020,AMAZONAS,CHACHAPOYAS,SAN ISIDRO DE MAINO,3,1,2,0.3333333333333333
010119,2021,AMAZONAS,CHACHAPOYAS,SAN ISIDRO DE MAINO,2,0,2,0.0
010119,2022,AMAZONAS,CHACHAPOYAS,SAN ISIDRO DE MAINO,6,1,5,0.16666666666666666
010119,2023,AMAZONAS,CHACHAPOYAS,SAN ISIDRO DE MAINO,12,2,10,0.16666666666666666
010119,2024,AMAZONAS,CHACHAPOYAS,SAN ISIDRO DE MAINO,19,0,19,0.0
010119,2025,AMAZONAS,CHACHAPOYAS,SAN ISIDRO DE MAINO,19,0,19,0.0
010119,2026,AMAZONAS,CHACHAPOYAS,SAN ISIDRO DE MAINO,15,0,15,0.0
010120,2020,AMAZONAS,CHACHAPOYAS,SOLOCO,14,7,7,0.5
010120,2021,AMAZONAS,CHACHAPOYAS,SOLOCO,28,5,23,0.17857142857142858
010120,2022,AMAZONAS,CHACHAPOYAS,SOLOCO,24,8,16,0.3333333333333333
010120,2023,AMAZONAS,CHACHAPOYAS,SOLOCO,34,13,21,0.38235294117647056
010120,2024,AMAZONAS,CHACHAPOYAS,SOLOCO,30,16,14,0.5333333333333333
010120,2025,AMAZONAS,CHACHAPOYAS,SOLOCO,29,6,23,0.20689655172413793
010120,2026,AMAZONAS,CHACHAPOYAS,SOLOCO,17,1,16,0.058823529411764705
010121,2020,AMAZONAS,CHACHAPOYAS,SONCHE,3,0,3,0.0
010121,2021,AMAZONAS,CHACHAPOYAS,SONCHE,7,0,7,0.0
010121,2022,AMAZONAS,CHACHAPOYAS,SONCHE,11,2,9,0.18181818181818182
010121,2023,AMAZONAS,CHACHAPOYAS,SONCHE,11,1,10,0.09090909090909091
010121,2024,AMAZONAS,CHACHAPOYAS,SONCHE,11,0,11,0.0
010121,2025,AMAZONAS,CHACHAPOYAS,SONCHE,7,0,7,0.0
010121,2026,AMAZONAS,CHACHAPOYAS,SONCHE,5,0,5,0.0
010201,2020,AMAZONAS,BAGUA,BAGUA,405,55,350,0.13580246913580246
010201,2021,AMAZONAS,BAGUA,BAGUA,352,57,295,0.16193181818181818
010201,2022,AMAZONAS,BAGUA,BAGUA,288,38,250,0.13194444444444445
010201,2023,AMAZONAS,BAGUA,BAGUA,964,97,867,0.10062240663900415
010201,2024,AMAZONAS,BAGUA,BAGUA,848,66,782,0.07783018867924528
010201,2025,AMAZONAS,BAGUA,BAGUA,832,29,803,0.03485576923076923
010201,2026,AMAZONAS,BAGUA,BAGUA,538,22,516,0.040892193308550186
010202,2020,AMAZONAS,BAGUA,ARAMANGO,149,9,140,0.06040268456375839
010202,2021,AMAZONAS,BAGUA,ARAMANGO,140,15,125,0.10714285714285714
010202,2022,AMAZONAS,BAGUA,ARAMANGO,98,12,86,0.12244897959183673
010202,2023,AMAZONAS,BAGUA,ARAMANGO,435,28,407,0.06436781609195402
010202,2024,AMAZONAS,BAGUA,ARAMANGO,448,22,426,0.049107142857142856
010202,2025,AMAZONAS,BAGUA,ARAMANGO,447,62,385,0.13870246085011187
010202,2026,AMAZONAS,BAGUA,ARAMANGO,278,44,234,0.15827338129496402
010203,2020,AMAZONAS,BAGUA,COPALLIN,34,5,29,0.14705882352941177
010203,2021,AMAZONAS,BAGUA,COPALLIN,30,1,29,0.03333333333333333
010203,2022,AMAZONAS,BAGUA,COPALLIN,32,6,26,0.1875
010203,2023,AMAZONAS,BAGUA,COPALLIN,161,13,148,0.08074534161490683
010203,2024,AMAZONAS,BAGUA,COPALLIN,147,24,123,0.16326530612244897
010203,2025,AMAZONAS,BAGUA,COPALLIN,124,12,112,0.0967741935483871
010203,2026,AMAZONAS,BAGUA,COPALLIN,86,7,79,0.08139534883720931
010204,2020,AMAZONAS,BAGUA,EL PARCO,22,2,20,0.09090909090909091
010204,2021,AMAZONAS,BAGUA,EL PARCO,20,1,19,0.05
010204,2022,AMAZONAS,BAGUA,EL PARCO,12,2,10,0.16666666666666666
010204,2023,AMAZONAS,BAGUA,EL PARCO,59,8,51,0.13559322033898305
010204,2024,AMAZONAS,BAGUA,EL PARCO,66,16,50,0.24242424242424243
010204,2025,AMAZONAS,BAGUA,EL PARCO,59,5,54,0.0847457627118644
010204,2026,AMAZONAS,BAGUA,EL PARCO,39,4,35,0.10256410256410256
010205,2020,AMAZONAS,BAGUA,IMAZA,508,182,326,0.35826771653543305
010205,2021,AMAZONAS,BAGUA,IMAZA,831,291,540,0.35018050541516244
010205,2022,AMAZONAS,BAGUA,IMAZA,852,293,559,0.3438967136150235
010205,2023,AMAZONAS,BAGUA,IMAZA,2985,751,2234,0.25159128978224454
010205,2024,AMAZONAS,BAGUA,IMAZA,3187,624,2563,0.19579541888923752
010205,2025,AMAZONAS,BAGUA,IMAZA,3220,412,2808,0.12795031055900621
010205,2026,AMAZONAS,BAGUA,IMAZA,1767,243,1524,0.13752122241086587
010206,2020,AMAZONAS,BAGUA,LA PECA,73,11,62,0.1506849315068493
010206,2021,AMAZONAS,BAGUA,LA PECA,43,2,41,0.046511627906976744
010206,2022,AMAZONAS,BAGUA,LA PECA,47,8,39,0.1702127659574468
010206,2023,AMAZONAS,BAGUA,LA PECA,198,17,181,0.08585858585858586
010206,2024,AMAZONAS,BAGUA,LA PECA,173,8,165,0.046242774566473986
010206,2025,AMAZONAS,BAGUA,LA PECA,150,35,115,0.23333333333333334
010206,2026,AMAZONAS,BAGUA,LA PECA,113,18,95,0.1592920353982301
010301,2020,AMAZONAS,BONGARA,JUMBILLA,25,3,22,0.12
010301,2021,AMAZONAS,BONGARA,JUMBILLA,5,0,5,0.0
010301,2022,AMAZONAS,BONGARA,JUMBILLA,15,2,13,0.13333333333333333
010301,2023,AMAZONAS,BONGARA,JUMBILLA,33,4,29,0.12121212121212122
010301,2024,AMAZONAS,BONGARA,JUMBILLA,40,8,32,0.2
010301,2025,AMAZONAS,BONGARA,JUMBILLA,37,2,35,0.05405405405405406
010301,2026,AMAZONAS,BONGARA,JUMBILLA,18,2,16,0.1111111111111111
010302,2020,AMAZONAS,BONGARA,CHISQUILLA,4,3,1,0.75
010302,2021,AMAZONAS,BONGARA,CHISQUILLA,8,3,5,0.375
010302,2022,AMAZONAS,BONGARA,CHISQUILLA,4,0,4,0.0
010302,2023,AMAZONAS,BONGARA,CHISQUILLA,14,1,13,0.07142857142857142
010302,2024,AMAZONAS,BONGARA,CHISQUILLA,13,1,12,0.07692307692307693
010302,2025,AMAZONAS,BONGARA,CHISQUILLA,11,0,11,0.0
010302,2026,AMAZONAS,BONGARA,CHISQUILLA,5,0,5,0.0
010303,2020,AMAZONAS,BONGARA,CHURUJA,16,7,9,0.4375
010303,2021,AMAZONAS,BONGARA,CHURUJA,7,1,6,0.14285714285714285
010303,2022,AMAZONAS,BONGARA,CHURUJA,7,2,5,0.2857142857142857
010303,2023,AMAZONAS,BONGARA,CHURUJA,10,1,9,0.1
010303,2024,AMAZONAS,BONGARA,CHURUJA,7,0,7,0.0
010303,2025,AMAZONAS,BONGARA,CHURUJA,8,4,4,0.5
010303,2026,AMAZONAS,BONGARA,CHURUJA,7,3,4,0.42857142857142855
010304,2020,AMAZONAS,BONGARA,COROSHA,10,0,10,0.0
010304,2021,AMAZONAS,BONGARA,COROSHA,13,6,7,0.46153846153846156
010304,2022,AMAZONAS,BONGARA,COROSHA,9,3,6,0.3333333333333333
010304,2023,AMAZONAS,BONGARA,COROSHA,33,14,19,0.42424242424242425
010304,2024,AMAZONAS,BONGARA,COROSHA,30,4,26,0.13333333333333333
010304,2025,AMAZONAS,BONGARA,COROSHA,18,0,18,0.0
010304,2026,AMAZONAS,BONGARA,COROSHA,13,6,7,0.46153846153846156
010305,2020,AMAZONAS,BONGARA,CUISPES,20,1,19,0.05
010305,2021,AMAZONAS,BONGARA,CUISPES,10,0,10,0.0
010305,2022,AMAZONAS,BONGARA,CUISPES,7,4,3,0.5714285714285714
010305,2023,AMAZONAS,BONGARA,CUISPES,17,3,14,0.17647058823529413
010305,2024,AMAZONAS,BONGARA,CUISPES,14,0,14,0.0
010305,2025,AMAZONAS,BONGARA,CUISPES,8,0,8,0.0
010305,2026,AMAZONAS,BONGARA,CUISPES,6,0,6,0.0
010306,2020,AMAZONAS,BONGARA,FLORIDA,92,11,81,0.11956521739130435
010306,2021,AMAZONAS,BONGARA,FLORIDA,77,17,60,0.22077922077922077
010306,2022,AMAZONAS,BONGARA,FLORIDA,39,5,34,0.1282051282051282
010306,2023,AMAZONAS,BONGARA,FLORIDA,206,62,144,0.30097087378640774
010306,2024,AMAZONAS,BONGARA,FLORIDA,219,19,200,0.0867579908675799
010306,2025,AMAZONAS,BONGARA,FLORIDA,206,27,179,0.13106796116504854
010306,2026,AMAZONAS,BONGARA,FLORIDA,140,22,118,0.15714285714285714
010307,2020,AMAZONAS,BONGARA,JAZAN,90,6,84,0.06666666666666667
010307,2021,AMAZONAS,BONGARA,JAZAN,83,8,75,0.0963855421686747
010307,2022,AMAZONAS,BONGARA,JAZAN,103,13,90,0.1262135922330097
010307,2023,AMAZONAS,BONGARA,JAZAN,267,34,233,0.12734082397003746
010307,2024,AMAZONAS,BONGARA,JAZAN,263,40,223,0.1520912547528517
010307,2025,AMAZONAS,BONGARA,JAZAN,209,26,183,0.12440191387559808
010307,2026,AMAZONAS,BONGARA,JAZAN,123,26,97,0.21138211382113822
010308,2020,AMAZONAS,BONGARA,RECTA,1,0,1,0.0
010308,2021,AMAZONAS,BONGARA,RECTA,4,0,4,0.0
010308,2022,AMAZONAS,BONGARA,RECTA,2,0,2,0.0
010308,2023,AMAZONAS,BONGARA,RECTA,1,0,1,0.0
010308,2024,AMAZONAS,BONGARA,RECTA,3,0,3,0.0
010308,2025,AMAZONAS,BONGARA,RECTA,4,0,4,0.0
010308,2026,AMAZONAS,BONGARA,RECTA,7,0,7,0.0
010309,2020,AMAZONAS,BONGARA,SAN CARLOS,1,1,0,1.0
010309,2021,AMAZONAS,BONGARA,SAN CARLOS,1,0,1,0.0
010309,2022,AMAZONAS,BONGARA,SAN CARLOS,4,1,3,0.25
010309,2023,AMAZONAS,BONGARA,SAN CARLOS,7,2,5,0.2857142857142857
010309,2024,AMAZONAS,BONGARA,SAN CARLOS,10,0,10,0.0
010309,2025,AMAZONAS,BONGARA,SAN CARLOS,8,2,6,0.25
010309,2026,AMAZONAS,BONGARA,SAN CARLOS,5,0,5,0.0
010310,2020,AMAZONAS,BONGARA,SHIPASBAMBA,7,0,7,0.0
010310,2021,AMAZONAS,BONGARA,SHIPASBAMBA,11,0,11,0.0
010310,2022,AMAZONAS,BONGARA,SHIPASBAMBA,6,0,6,0.0
010310,2023,AMAZONAS,BONGARA,SHIPASBAMBA,55,5,50,0.09090909090909091
010310,2024,AMAZONAS,BONGARA,SHIPASBAMBA,52,2,50,0.038461538461538464
010310,2025,AMAZONAS,BONGARA,SHIPASBAMBA,41,9,32,0.21951219512195122
010310,2026,AMAZONAS,BONGARA,SHIPASBAMBA,26,1,25,0.038461538461538464
010311,2020,AMAZONAS,BONGARA,VALERA,9,3,6,0.3333333333333333
010311,2021,AMAZONAS,BONGARA,VALERA,6,2,4,0.3333333333333333
010311,2022,AMAZONAS,BONGARA,VALERA,8,2,6,0.25
010311,2023,AMAZONAS,BONGARA,VALERA,24,4,20,0.16666666666666666
010311,2024,AMAZONAS,BONGARA,VALERA,24,8,16,0.3333333333333333
010311,2025,AMAZONAS,BONGARA,VALERA,21,6,15,0.2857142857142857
010311,2026,AMAZONAS,BONGARA,VALERA,15,4,11,0.26666666666666666
010312,2020,AMAZONAS,BONGARA,YAMBRASBAMBA,27,1,26,0.037037037037037035
010312,2021,AMAZONAS,BONGARA,YAMBRASBAMBA,54,15,39,0.2777777777777778
010312,2022,AMAZONAS,BONGARA,YAMBRASBAMBA,44,6,38,0.13636363636363635
010312,2023,AMAZONAS,BONGARA,YAMBRASBAMBA,219,22,197,0.1004566210045662
010312,2024,AMAZONAS,BONGARA,YAMBRASBAMBA,250,37,213,0.148
010312,2025,AMAZONAS,BONGARA,YAMBRASBAMBA,221,10,211,0.04524886877828054
010312,2026,AMAZONAS,BONGARA,YAMBRASBAMBA,167,10,157,0.059880239520958084
010401,2020,AMAZONAS,CONDORCANQUI,NIEVA,374,154,220,0.4117647058823529
010401,2021,AMAZONAS,CONDORCANQUI,NIEVA,760,157,603,0.20657894736842106
010401,2022,AMAZONAS,CONDORCANQUI,NIEVA,866,176,690,0.20323325635103925
010401,2023,AMAZONAS,CONDORCANQUI,NIEVA,3191,393,2798,0.12315888436226888
010401,2024,AMAZONAS,CONDORCANQUI,NIEVA,2916,392,2524,0.13443072702331962
010401,2025,AMAZONAS,CONDORCANQUI,NIEVA,3047,440,2607,0.1444043321299639
010401,2026,AMAZONAS,CONDORCANQUI,NIEVA,1786,221,1565,0.12374020156774916
010402,2020,AMAZONAS,CONDORCANQUI,EL CENEPA,244,72,172,0.29508196721311475
010402,2021,AMAZONAS,CONDORCANQUI,EL CENEPA,357,58,299,0.16246498599439776
010402,2022,AMAZONAS,CONDORCANQUI,EL CENEPA,419,62,357,0.14797136038186157
010402,2023,AMAZONAS,CONDORCANQUI,EL CENEPA,1485,220,1265,0.14814814814814814
010402,2024,AMAZONAS,CONDORCANQUI,EL CENEPA,1249,183,1066,0.1465172137710168
010402,2025,AMAZONAS,CONDORCANQUI,EL CENEPA,1377,192,1185,0.1394335511982571
010402,2026,AMAZONAS,CONDORCANQUI,EL CENEPA,774,92,682,0.11886304909560723
010403,2020,AMAZONAS,CONDORCANQUI,RIO SANTIAGO,329,181,148,0.5501519756838906
010403,2021,AMAZONAS,CONDORCANQUI,RIO SANTIAGO,426,164,262,0.38497652582159625
010403,2022,AMAZONAS,CONDORCANQUI,RIO SANTIAGO,515,187,328,0.36310679611650487
010403,2023,AMAZONAS,CONDORCANQUI,RIO SANTIAGO,1656,630,1026,0.3804347826086957
010403,2024,AMAZONAS,CONDORCANQUI,RIO SANTIAGO,1699,336,1363,0.19776339022954678
010403,2025,AMAZONAS,CONDORCANQUI,RIO SANTIAGO,1800,259,1541,0.1438888888888889
010403,2026,AMAZONAS,CONDORCANQUI,RIO SANTIAGO,1135,162,973,0.14273127753303966
010501,2020,AMAZONAS,LUYA,LAMUD,21,2,19,0.09523809523809523
010501,2021,AMAZONAS,LUYA,LAMUD,24,0,24,0.0
010501,2022,AMAZONAS,LUYA,LAMUD,23,2,21,0.08695652173913043
010501,2023,AMAZONAS,LUYA,LAMUD,64,6,58,0.09375
010501,2024,AMAZONAS,LUYA,LAMUD,75,6,69,0.08
010501,2025,AMAZONAS,LUYA,LAMUD,69,4,65,0.057971014492753624
010501,2026,AMAZONAS,LUYA,LAMUD,40,5,35,0.125
010502,2020,AMAZONAS,LUYA,CAMPORREDONDO,99,27,72,0.2727272727272727
010502,2021,AMAZONAS,LUYA,CAMPORREDONDO,144,49,95,0.3402777777777778
010502,2022,AMAZONAS,LUYA,CAMPORREDONDO,123,38,85,0.3089430894308943
010502,2023,AMAZONAS,LUYA,CAMPORREDONDO,299,70,229,0.23411371237458195
010502,2024,AMAZONAS,LUYA,CAMPORREDONDO,344,45,299,0.1308139534883721
010502,2025,AMAZONAS,LUYA,CAMPORREDONDO,318,23,295,0.07232704402515723
010502,2026,AMAZONAS,LUYA,CAMPORREDONDO,198,13,185,0.06565656565656566
010503,2020,AMAZONAS,LUYA,COCABAMBA,11,6,5,0.5454545454545454
010503,2021,AMAZONAS,LUYA,COCABAMBA,33,12,21,0.36363636363636365
010503,2022,AMAZONAS,LUYA,COCABAMBA,22,11,11,0.5
010503,2023,AMAZONAS,LUYA,COCABAMBA,99,43,56,0.43434343434343436
010503,2024,AMAZONAS,LUYA,COCABAMBA,102,37,65,0.3627450980392157
010503,2025,AMAZONAS,LUYA,COCABAMBA,86,11,75,0.12790697674418605
010503,2026,AMAZONAS,LUYA,COCABAMBA,47,5,42,0.10638297872340426
010504,2020,AMAZONAS,LUYA,COLCAMAR,9,3,6,0.3333333333333333
010504,2021,AMAZONAS,LUYA,COLCAMAR,13,3,10,0.23076923076923078
010504,2022,AMAZONAS,LUYA,COLCAMAR,27,3,24,0.1111111111111111
010504,2023,AMAZONAS,LUYA,COLCAMAR,59,10,49,0.1694915254237288
010504,2024,AMAZONAS,LUYA,COLCAMAR,56,14,42,0.25
010504,2025,AMAZONAS,LUYA,COLCAMAR,39,6,33,0.15384615384615385
010504,2026,AMAZONAS,LUYA,COLCAMAR,23,2,21,0.08695652173913043
010505,2020,AMAZONAS,LUYA,CONILA,7,4,3,0.5714285714285714
010505,2021,AMAZONAS,LUYA,CONILA,12,10,2,0.8333333333333334
010505,2022,AMAZONAS,LUYA,CONILA,20,17,3,0.85
010505,2023,AMAZONAS,LUYA,CONILA,66,37,29,0.5606060606060606
010505,2024,AMAZONAS,LUYA,CONILA,65,34,31,0.5230769230769231
010505,2025,AMAZONAS,LUYA,CONILA,63,6,57,0.09523809523809523
010505,2026,AMAZONAS,LUYA,CONILA,31,1,30,0.03225806451612903
010506,2020,AMAZONAS,LUYA,INGUILPATA,3,1,2,0.3333333333333333
010506,2021,AMAZONAS,LUYA,INGUILPATA,5,0,5,0.0
010506,2022,AMAZONAS,LUYA,INGUILPATA,1,0,1,0.0
010506,2023,AMAZONAS,LUYA,INGUILPATA,5,0,5,0.0
010506,2024,AMAZONAS,LUYA,INGUILPATA,7,0,7,0.0
010506,2025,AMAZONAS,LUYA,INGUILPATA,4,0,4,0.0
010506,2026,AMAZONAS,LUYA,INGUILPATA,3,0,3,0.0
010507,2020,AMAZONAS,LUYA,LONGUITA,5,0,5,0.0
010507,2021,AMAZONAS,LUYA,LONGUITA,9,0,9,0.0
010507,2022,AMAZONAS,LUYA,LONGUITA,6,0,6,0.0
010507,2023,AMAZONAS,LUYA,LONGUITA,32,1,31,0.03125
010507,2024,AMAZONAS,LUYA,LONGUITA,34,0,34,0.0
010507,2025,AMAZONAS,LUYA,LONGUITA,27,3,24,0.1111111111111111
010507,2026,AMAZONAS,LUYA,LONGUITA,16,0,16,0.0
010508,2020,AMAZONAS,LUYA,LONYA CHICO,5,0,5,0.0
010508,2021,AMAZONAS,LUYA,LONYA CHICO,3,0,3,0.0
010508,2022,AMAZONAS,LUYA,LONYA CHICO,7,2,5,0.2857142857142857
010508,2023,AMAZONAS,LUYA,LONYA CHICO,27,2,25,0.07407407407407407
010508,2024,AMAZONAS,LUYA,LONYA CHICO,21,4,17,0.19047619047619047
010508,2025,AMAZONAS,LUYA,LONYA CHICO,19,1,18,0.05263157894736842
010508,2026,AMAZONAS,LUYA,LONYA CHICO,11,3,8,0.2727272727272727
010509,2020,AMAZONAS,LUYA,LUYA,41,8,33,0.1951219512195122
010509,2021,AMAZONAS,LUYA,LUYA,45,6,39,0.13333333333333333
010509,2022,AMAZONAS,LUYA,LUYA,27,2,25,0.07407407407407407
010509,2023,AMAZONAS,LUYA,LUYA,140,9,131,0.06428571428571428
010509,2024,AMAZONAS,LUYA,LUYA,159,10,149,0.06289308176100629
010509,2025,AMAZONAS,LUYA,LUYA,129,16,113,0.12403100775193798
010509,2026,AMAZONAS,LUYA,LUYA,68,7,61,0.10294117647058823
010510,2020,AMAZONAS,LUYA,LUYA VIEJO,6,0,6,0.0
010510,2021,AMAZONAS,LUYA,LUYA VIEJO,2,0,2,0.0
010510,2022,AMAZONAS,LUYA,LUYA VIEJO,4,1,3,0.25
010510,2023,AMAZONAS,LUYA,LUYA VIEJO,19,1,18,0.05263157894736842
010510,2024,AMAZONAS,LUYA,LUYA VIEJO,16,3,13,0.1875
010510,2025,AMAZONAS,LUYA,LUYA VIEJO,7,1,6,0.14285714285714285
010510,2026,AMAZONAS,LUYA,LUYA VIEJO,1,0,1,0.0
010511,2020,AMAZONAS,LUYA,MARIA,6,5,1,0.8333333333333334
010511,2021,AMAZONAS,LUYA,MARIA,7,4,3,0.5714285714285714
010511,2022,AMAZONAS,LUYA,MARIA,9,5,4,0.5555555555555556
010511,2023,AMAZONAS,LUYA,MARIA,26,10,16,0.38461538461538464
010511,2024,AMAZONAS,LUYA,MARIA,25,8,17,0.32
010511,2025,AMAZONAS,LUYA,MARIA,24,2,22,0.08333333333333333
010511,2026,AMAZONAS,LUYA,MARIA,18,0,18,0.0
010512,2020,AMAZONAS,LUYA,OCALLI,83,12,71,0.14457831325301204
010512,2021,AMAZONAS,LUYA,OCALLI,21,6,15,0.2857142857142857
010512,2022,AMAZONAS,LUYA,OCALLI,47,18,29,0.3829787234042553
010512,2023,AMAZONAS,LUYA,OCALLI,167,38,129,0.2275449101796407
010512,2024,AMAZONAS,LUYA,OCALLI,158,33,125,0.2088607594936709
010512,2025,AMAZONAS,LUYA,OCALLI,112,4,108,0.03571428571428571
010512,2026,AMAZONAS,LUYA,OCALLI,54,2,52,0.037037037037037035
010513,2020,AMAZONAS,LUYA,OCUMAL,10,1,9,0.1
010513,2021,AMAZONAS,LUYA,OCUMAL,40,6,34,0.15
010513,2022,AMAZONAS,LUYA,OCUMAL,28,2,26,0.07142857142857142
010513,2023,AMAZONAS,LUYA,OCUMAL,139,16,123,0.11510791366906475
010513,2024,AMAZONAS,LUYA,OCUMAL,173,7,166,0.04046242774566474
010513,2025,AMAZONAS,LUYA,OCUMAL,148,10,138,0.06756756756756757
010513,2026,AMAZONAS,LUYA,OCUMAL,90,8,82,0.08888888888888889
010514,2020,AMAZONAS,LUYA,PISUQUIA,38,1,37,0.02631578947368421
010514,2021,AMAZONAS,LUYA,PISUQUIA,42,1,41,0.023809523809523808
010514,2022,AMAZONAS,LUYA,PISUQUIA,38,2,36,0.05263157894736842
010514,2023,AMAZONAS,LUYA,PISUQUIA,196,9,187,0.04591836734693878
010514,2024,AMAZONAS,LUYA,PISUQUIA,201,3,198,0.014925373134328358
010514,2025,AMAZONAS,LUYA,PISUQUIA,188,9,179,0.047872340425531915
010514,2026,AMAZONAS,LUYA,PISUQUIA,136,2,134,0.014705882352941176
010515,2020,AMAZONAS,LUYA,PROVIDENCIA,13,2,11,0.15384615384615385
010515,2021,AMAZONAS,LUYA,PROVIDENCIA,15,2,13,0.13333333333333333
010515,2022,AMAZONAS,LUYA,PROVIDENCIA,21,10,11,0.47619047619047616
010515,2023,AMAZONAS,LUYA,PROVIDENCIA,52,10,42,0.19230769230769232
010515,2024,AMAZONAS,LUYA,PROVIDENCIA,57,9,48,0.15789473684210525
010515,2025,AMAZONAS,LUYA,PROVIDENCIA,40,5,35,0.125
010515,2026,AMAZONAS,LUYA,PROVIDENCIA,25,1,24,0.04
010516,2020,AMAZONAS,LUYA,SAN CRISTOBAL,3,0,3,0.0
010516,2021,AMAZONAS,LUYA,SAN CRISTOBAL,5,0,5,0.0
010516,2022,AMAZONAS,LUYA,SAN CRISTOBAL,4,0,4,0.0
010516,2023,AMAZONAS,LUYA,SAN CRISTOBAL,22,0,22,0.0
010516,2024,AMAZONAS,LUYA,SAN CRISTOBAL,24,6,18,0.25
010516,2025,AMAZONAS,LUYA,SAN CRISTOBAL,23,0,23,0.0
010516,2026,AMAZONAS,LUYA,SAN CRISTOBAL,13,0,13,0.0
010517,2020,AMAZONAS,LUYA,SAN FRANCISCO DE YESO,7,1,6,0.14285714285714285
010517,2021,AMAZONAS,LUYA,SAN FRANCISCO DE YESO,6,0,6,0.0
010517,2022,AMAZONAS,LUYA,SAN FRANCISCO DE YESO,9,0,9,0.0
010517,2023,AMAZONAS,LUYA,SAN FRANCISCO DE YESO,20,0,20,0.0
010517,2024,AMAZONAS,LUYA,SAN FRANCISCO DE YESO,9,0,9,0.0
010517,2025,AMAZONAS,LUYA,SAN FRANCISCO DE YESO,8,0,8,0.0
010517,2026,AMAZONAS,LUYA,SAN FRANCISCO DE YESO,6,0,6,0.0
010518,2020,AMAZONAS,LUYA,SAN JERONIMO,3,1,2,0.3333333333333333
010518,2021,AMAZONAS,LUYA,SAN JERONIMO,1,0,1,0.0
010518,2022,AMAZONAS,LUYA,SAN JERONIMO,6,0,6,0.0
010518,2023,AMAZONAS,LUYA,SAN JERONIMO,14,0,14,0.0
010518,2024,AMAZONAS,LUYA,SAN JERONIMO,11,0,11,0.0
010518,2025,AMAZONAS,LUYA,SAN JERONIMO,7,0,7,0.0
010518,2026,AMAZONAS,LUYA,SAN JERONIMO,2,0,2,0.0
010519,2020,AMAZONAS,LUYA,SAN JUAN DE LOPECANCHA,1,0,1,0.0
010519,2021,AMAZONAS,LUYA,SAN JUAN DE LOPECANCHA,8,1,7,0.125
010519,2022,AMAZONAS,LUYA,SAN JUAN DE LOPECANCHA,4,0,4,0.0
010519,2023,AMAZONAS,LUYA,SAN JUAN DE LOPECANCHA,9,0,9,0.0
010519,2024,AMAZONAS,LUYA,SAN JUAN DE LOPECANCHA,6,0,6,0.0
010519,2025,AMAZONAS,LUYA,SAN JUAN DE LOPECANCHA,10,0,10,0.0
010519,2026,AMAZONAS,LUYA,SAN JUAN DE LOPECANCHA,6,0,6,0.0
010520,2020,AMAZONAS,LUYA,SANTA CATALINA,21,8,13,0.38095238095238093
010520,2021,AMAZONAS,LUYA,SANTA CATALINA,19,6,13,0.3157894736842105
010520,2022,AMAZONAS,LUYA,SANTA CATALINA,24,9,15,0.375
010520,2023,AMAZONAS,LUYA,SANTA CATALINA,99,28,71,0.2828282828282828
010520,2024,AMAZONAS,LUYA,SANTA CATALINA,101,24,77,0.2376237623762376
010520,2025,AMAZONAS,LUYA,SANTA CATALINA,102,40,62,0.39215686274509803
010520,2026,AMAZONAS,LUYA,SANTA CATALINA,70,22,48,0.3142857142857143
010521,2020,AMAZONAS,LUYA,SANTO TOMAS,32,18,14,0.5625
010521,2021,AMAZONAS,LUYA,SANTO TOMAS,33,22,11,0.6666666666666666
010521,2022,AMAZONAS,LUYA,SANTO TOMAS,13,4,9,0.3076923076923077
010521,2023,AMAZONAS,LUYA,SANTO TOMAS,94,19,75,0.20212765957446807
010521,2024,AMAZONAS,LUYA,SANTO TOMAS,105,28,77,0.26666666666666666
010521,2025,AMAZONAS,LUYA,SANTO TOMAS,101,57,44,0.5643564356435643
010521,2026,AMAZONAS,LUYA,SANTO TOMAS,59,35,24,0.5932203389830508
010522,2020,AMAZONAS,LUYA,TINGO,10,0,10,0.0
010522,2021,AMAZONAS,LUYA,TINGO,15,2,13,0.13333333333333333
010522,2022,AMAZONAS,LUYA,TINGO,13,1,12,0.07692307692307693
010522,2023,AMAZONAS,LUYA,TINGO,46,0,46,0.0
010522,2024,AMAZONAS,LUYA,TINGO,44,1,43,0.022727272727272728
010522,2025,AMAZONAS,LUYA,TINGO,47,15,32,0.3191489361702128
010522,2026,AMAZONAS,LUYA,TINGO,32,5,27,0.15625
010523,2020,AMAZONAS,LUYA,TRITA,11,1,10,0.09090909090909091
010523,2021,AMAZONAS,LUYA,TRITA,13,3,10,0.23076923076923078
010523,2022,AMAZONAS,LUYA,TRITA,10,1,9,0.1
010523,2023,AMAZONAS,LUYA,TRITA,59,2,57,0.03389830508474576
010523,2024,AMAZONAS,LUYA,TRITA,52,2,50,0.038461538461538464
010523,2025,AMAZONAS,LUYA,TRITA,35,5,30,0.14285714285714285
010523,2026,AMAZONAS,LUYA,TRITA,22,3,19,0.13636363636363635
010601,2020,AMAZONAS,RODRIGUEZ DE MENDOZA,SAN NICOLAS,43,9,34,0.20930232558139536
010601,2021,AMAZONAS,RODRIGUEZ DE MENDOZA,SAN NICOLAS,43,7,36,0.16279069767441862
010601,2022,AMAZONAS,RODRIGUEZ DE MENDOZA,SAN NICOLAS,63,20,43,0.31746031746031744
010601,2023,AMAZONAS,RODRIGUEZ DE MENDOZA,SAN NICOLAS,177,46,131,0.2598870056497175
010601,2024,AMAZONAS,RODRIGUEZ DE MENDOZA,SAN NICOLAS,192,39,153,0.203125
010601,2025,AMAZONAS,RODRIGUEZ DE MENDOZA,SAN NICOLAS,168,4,164,0.023809523809523808
010601,2026,AMAZONAS,RODRIGUEZ DE MENDOZA,SAN NICOLAS,122,6,116,0.04918032786885246
010602,2020,AMAZONAS,RODRIGUEZ DE MENDOZA,CHIRIMOTO,26,15,11,0.5769230769230769
010602,2021,AMAZONAS,RODRIGUEZ DE MENDOZA,CHIRIMOTO,30,8,22,0.26666666666666666
010602,2022,AMAZONAS,RODRIGUEZ DE MENDOZA,CHIRIMOTO,29,11,18,0.3793103448275862
010602,2023,AMAZONAS,RODRIGUEZ DE MENDOZA,CHIRIMOTO,76,24,52,0.3157894736842105
010602,2024,AMAZONAS,RODRIGUEZ DE MENDOZA,CHIRIMOTO,76,30,46,0.39473684210526316
010602,2025,AMAZONAS,RODRIGUEZ DE MENDOZA,CHIRIMOTO,103,14,89,0.13592233009708737
010602,2026,AMAZONAS,RODRIGUEZ DE MENDOZA,CHIRIMOTO,35,4,31,0.11428571428571428
010603,2020,AMAZONAS,RODRIGUEZ DE MENDOZA,COCHAMAL,2,0,2,0.0
010603,2021,AMAZONAS,RODRIGUEZ DE MENDOZA,COCHAMAL,1,1,0,1.0
010603,2022,AMAZONAS,RODRIGUEZ DE MENDOZA,COCHAMAL,1,0,1,0.0
010603,2023,AMAZONAS,RODRIGUEZ DE MENDOZA,COCHAMAL,14,0,14,0.0
010603,2024,AMAZONAS,RODRIGUEZ DE MENDOZA,COCHAMAL,15,4,11,0.26666666666666666
010603,2025,AMAZONAS,RODRIGUEZ DE MENDOZA,COCHAMAL,13,0,13,0.0
010603,2026,AMAZONAS,RODRIGUEZ DE MENDOZA,COCHAMAL,9,1,8,0.1111111111111111
010604,2020,AMAZONAS,RODRIGUEZ DE MENDOZA,HUAMBO,10,0,10,0.0
010604,2021,AMAZONAS,RODRIGUEZ DE MENDOZA,HUAMBO,6,0,6,0.0
010604,2022,AMAZONAS,RODRIGUEZ DE MENDOZA,HUAMBO,5,2,3,0.4
010604,2023,AMAZONAS,RODRIGUEZ DE MENDOZA,HUAMBO,30,6,24,0.2
010604,2024,AMAZONAS,RODRIGUEZ DE MENDOZA,HUAMBO,44,1,43,0.022727272727272728
010604,2025,AMAZONAS,RODRIGUEZ DE MENDOZA,HUAMBO,31,1,30,0.03225806451612903
010604,2026,AMAZONAS,RODRIGUEZ DE MENDOZA,HUAMBO,23,0,23,0.0
010605,2020,AMAZONAS,RODRIGUEZ DE MENDOZA,LIMABAMBA,8,0,8,0.0
010605,2021,AMAZONAS,RODRIGUEZ DE MENDOZA,LIMABAMBA,7,1,6,0.14285714285714285
010605,2022,AMAZONAS,RODRIGUEZ DE MENDOZA,LIMABAMBA,11,1,10,0.09090909090909091
010605,2023,AMAZONAS,RODRIGUEZ DE MENDOZA,LIMABAMBA,53,2,51,0.03773584905660377
010605,2024,AMAZONAS,RODRIGUEZ DE MENDOZA,LIMABAMBA,48,2,46,0.041666666666666664
010605,2025,AMAZONAS,RODRIGUEZ DE MENDOZA,LIMABAMBA,45,2,43,0.044444444444444446
010605,2026,AMAZONAS,RODRIGUEZ DE MENDOZA,LIMABAMBA,32,2,30,0.0625
010606,2020,AMAZONAS,RODRIGUEZ DE MENDOZA,LONGAR,7,4,3,0.5714285714285714
010606,2021,AMAZONAS,RODRIGUEZ DE MENDOZA,LONGAR,5,0,5,0.0
010606,2022,AMAZONAS,RODRIGUEZ DE MENDOZA,LONGAR,4,3,1,0.75
010606,2023,AMAZONAS,RODRIGUEZ DE MENDOZA,LONGAR,33,8,25,0.24242424242424243
010606,2024,AMAZONAS,RODRIGUEZ DE MENDOZA,LONGAR,31,6,25,0.1935483870967742
010606,2025,AMAZONAS,RODRIGUEZ DE MENDOZA,LONGAR,24,2,22,0.08333333333333333
010606,2026,AMAZONAS,RODRIGUEZ DE MENDOZA,LONGAR,17,1,16,0.058823529411764705
010607,2020,AMAZONAS,RODRIGUEZ DE MENDOZA,MARISCAL BENAVIDES,17,4,13,0.23529411764705882
010607,2021,AMAZONAS,RODRIGUEZ DE MENDOZA,MARISCAL BENAVIDES,20,3,17,0.15
010607,2022,AMAZONAS,RODRIGUEZ DE MENDOZA,MARISCAL BENAVIDES,15,5,10,0.3333333333333333
010607,2023,AMAZONAS,RODRIGUEZ DE MENDOZA,MARISCAL BENAVIDES,62,10,52,0.16129032258064516
010607,2024,AMAZONAS,RODRIGUEZ DE MENDOZA,MARISCAL BENAVIDES,64,18,46,0.28125
010607,2025,AMAZONAS,RODRIGUEZ DE MENDOZA,MARISCAL BENAVIDES,59,7,52,0.11864406779661017
010607,2026,AMAZONAS,RODRIGUEZ DE MENDOZA,MARISCAL BENAVIDES,39,4,35,0.10256410256410256
010608,2020,AMAZONAS,RODRIGUEZ DE MENDOZA,MILPUCC,7,0,7,0.0
010608,2021,AMAZONAS,RODRIGUEZ DE MENDOZA,MILPUCC,7,0,7,0.0
010608,2022,AMAZONAS,RODRIGUEZ DE MENDOZA,MILPUCC,2,1,1,0.5
010608,2023,AMAZONAS,RODRIGUEZ DE MENDOZA,MILPUCC,14,0,14,0.0
010608,2024,AMAZONAS,RODRIGUEZ DE MENDOZA,MILPUCC,11,1,10,0.09090909090909091
010608,2025,AMAZONAS,RODRIGUEZ DE MENDOZA,MILPUCC,5,0,5,0.0
010608,2026,AMAZONAS,RODRIGUEZ DE MENDOZA,MILPUCC,5,0,5,0.0
010609,2020,AMAZONAS,RODRIGUEZ DE MENDOZA,OMIA,109,17,92,0.1559633027522936
010609,2021,AMAZONAS,RODRIGUEZ DE MENDOZA,OMIA,153,38,115,0.24836601307189543
010609,2022,AMAZONAS,RODRIGUEZ DE MENDOZA,OMIA,102,24,78,0.23529411764705882
010609,2023,AMAZONAS,RODRIGUEZ DE MENDOZA,OMIA,340,58,282,0.17058823529411765
010609,2024,AMAZONAS,RODRIGUEZ DE MENDOZA,OMIA,347,67,280,0.1930835734870317
010609,2025,AMAZONAS,RODRIGUEZ DE MENDOZA,OMIA,321,57,264,0.17757009345794392
010609,2026,AMAZONAS,RODRIGUEZ DE MENDOZA,OMIA,148,42,106,0.28378378378378377
010610,2020,AMAZONAS,RODRIGUEZ DE MENDOZA,SANTA ROSA,4,0,4,0.0
010610,2021,AMAZONAS,RODRIGUEZ DE MENDOZA,SANTA ROSA,1,0,1,0.0
010610,2022,AMAZONAS,RODRIGUEZ DE MENDOZA,SANTA ROSA,0,0,0,
010610,2023,AMAZONAS,RODRIGUEZ DE MENDOZA,SANTA ROSA,8,0,8,0.0
010610,2024,AMAZONAS,RODRIGUEZ DE MENDOZA,SANTA ROSA,3,0,3,0.0
010610,2025,AMAZONAS,RODRIGUEZ DE MENDOZA,SANTA ROSA,9,0,9,0.0
010610,2026,AMAZONAS,RODRIGUEZ DE MENDOZA,SANTA ROSA,6,1,5,0.16666666666666666
010611,2020,AMAZONAS,RODRIGUEZ DE MENDOZA,TOTORA,1,0,1,0.0
010611,2021,AMAZONAS,RODRIGUEZ DE MENDOZA,TOTORA,1,0,1,0.0
010611,2022,AMAZONAS,RODRIGUEZ DE MENDOZA,TOTORA,1,0,1,0.0
010611,2023,AMAZONAS,RODRIGUEZ DE MENDOZA,TOTORA,5,0,5,0.0
010611,2024,AMAZONAS,RODRIGUEZ DE MENDOZA,TOTORA,9,5,4,0.5555555555555556
010611,2025,AMAZONAS,RODRIGUEZ DE MENDOZA,TOTORA,7,0,7,0.0
010611,2026,AMAZONAS,RODRIGUEZ DE MENDOZA,TOTORA,6,0,6,0.0
010612,2020,AMAZONAS,RODRIGUEZ DE MENDOZA,VISTA ALEGRE,19,3,16,0.15789473684210525
010612,2021,AMAZONAS,RODRIGUEZ DE MENDOZA,VISTA ALEGRE,15,2,13,0.13333333333333333
010612,2022,AMAZONAS,RODRIGUEZ DE MENDOZA,VISTA ALEGRE,27,13,14,0.48148148148148145
010612,2023,AMAZONAS,RODRIGUEZ DE MENDOZA,VISTA ALEGRE,146,29,117,0.19863013698630136
010612,2024,AMAZONAS,RODRIGUEZ DE MENDOZA,VISTA ALEGRE,191,28,163,0.14659685863874344
010612,2025,AMAZONAS,RODRIGUEZ DE MENDOZA,VISTA ALEGRE,166,5,161,0.030120481927710843
010612,2026,AMAZONAS,RODRIGUEZ DE MENDOZA,VISTA ALEGRE,107,1,106,0.009345794392523364
010701,2020,AMAZONAS,UTCUBAMBA,BAGUA GRANDE,379,85,294,0.22427440633245382
010701,2021,AMAZONAS,UTCUBAMBA,BAGUA GRANDE,537,47,490,0.08752327746741155
010701,2022,AMAZONAS,UTCUBAMBA,BAGUA GRANDE,474,47,427,0.09915611814345991
010701,2023,AMAZONAS,UTCUBAMBA,BAGUA GRANDE,1856,72,1784,0.03879310344827586
010701,2024,AMAZONAS,UTCUBAMBA,BAGUA GRANDE,1840,60,1780,0.03260869565217391
010701,2025,AMAZONAS,UTCUBAMBA,BAGUA GRANDE,1649,58,1591,0.0351728320194057
010701,2026,AMAZONAS,UTCUBAMBA,BAGUA GRANDE,1098,43,1055,0.039162112932604735
010702,2020,AMAZONAS,UTCUBAMBA,CAJARURO,195,21,174,0.1076923076923077
010702,2021,AMAZONAS,UTCUBAMBA,CAJARURO,295,69,226,0.23389830508474577
010702,2022,AMAZONAS,UTCUBAMBA,CAJARURO,211,39,172,0.1848341232227488
010702,2023,AMAZONAS,UTCUBAMBA,CAJARURO,943,75,868,0.07953340402969247
010702,2024,AMAZONAS,UTCUBAMBA,CAJARURO,914,64,850,0.0700218818380744
010702,2025,AMAZONAS,UTCUBAMBA,CAJARURO,807,10,797,0.012391573729863693
010702,2026,AMAZONAS,UTCUBAMBA,CAJARURO,521,7,514,0.013435700575815739
010703,2020,AMAZONAS,UTCUBAMBA,CUMBA,55,5,50,0.09090909090909091
010703,2021,AMAZONAS,UTCUBAMBA,CUMBA,90,12,78,0.13333333333333333
010703,2022,AMAZONAS,UTCUBAMBA,CUMBA,97,19,78,0.1958762886597938
010703,2023,AMAZONAS,UTCUBAMBA,CUMBA,345,18,327,0.05217391304347826
010703,2024,AMAZONAS,UTCUBAMBA,CUMBA,353,3,350,0.0084985835694051
010703,2025,AMAZONAS,UTCUBAMBA,CUMBA,307,5,302,0.016286644951140065
010703,2026,AMAZONAS,UTCUBAMBA,CUMBA,216,5,211,0.023148148148148147
010704,2020,AMAZONAS,UTCUBAMBA,EL MILAGRO,70,15,55,0.21428571428571427
010704,2021,AMAZONAS,UTCUBAMBA,EL MILAGRO,92,17,75,0.18478260869565216
010704,2022,AMAZONAS,UTCUBAMBA,EL MILAGRO,72,19,53,0.2638888888888889
010704,2023,AMAZONAS,UTCUBAMBA,EL MILAGRO,291,15,276,0.05154639175257732
010704,2024,AMAZONAS,UTCUBAMBA,EL MILAGRO,290,16,274,0.05517241379310345
010704,2025,AMAZONAS,UTCUBAMBA,EL MILAGRO,256,11,245,0.04296875
010704,2026,AMAZONAS,UTCUBAMBA,EL MILAGRO,158,12,146,0.0759493670886076
010705,2020,AMAZONAS,UTCUBAMBA,JAMALCA,49,8,41,0.16326530612244897
010705,2021,AMAZONAS,UTCUBAMBA,JAMALCA,69,7,62,0.10144927536231885
010705,2022,AMAZONAS,UTCUBAMBA,JAMALCA,41,9,32,0.21951219512195122
010705,2023,AMAZONAS,UTCUBAMBA,JAMALCA,215,11,204,0.05116279069767442
010705,2024,AMAZONAS,UTCUBAMBA,JAMALCA,248,13,235,0.05241935483870968
010705,2025,AMAZONAS,UTCUBAMBA,JAMALCA,245,9,236,0.036734693877551024
010705,2026,AMAZONAS,UTCUBAMBA,JAMALCA,183,7,176,0.03825136612021858
010706,2020,AMAZONAS,UTCUBAMBA,LONYA GRANDE,87,6,81,0.06896551724137931
010706,2021,AMAZONAS,UTCUBAMBA,LONYA GRANDE,92,13,79,0.14130434782608695
010706,2022,AMAZONAS,UTCUBAMBA,LONYA GRANDE,79,12,67,0.1518987341772152
010706,2023,AMAZONAS,UTCUBAMBA,LONYA GRANDE,462,12,450,0.025974025974025976
010706,2024,AMAZONAS,UTCUBAMBA,LONYA GRANDE,438,31,407,0.07077625570776255
010706,2025,AMAZONAS,UTCUBAMBA,LONYA GRANDE,376,17,359,0.04521276595744681
010706,2026,AMAZONAS,UTCUBAMBA,LONYA GRANDE,259,7,252,0.02702702702702703
010707,2020,AMAZONAS,UTCUBAMBA,YAMON,10,0,10,0.0
010707,2021,AMAZONAS,UTCUBAMBA,YAMON,42,2,40,0.047619047619047616
010707,2022,AMAZONAS,UTCUBAMBA,YAMON,39,1,38,0.02564102564102564
010707,2023,AMAZONAS,UTCUBAMBA,YAMON,156,7,149,0.04487179487179487
010707,2024,AMAZONAS,UTCUBAMBA,YAMON,129,2,127,0.015503875968992248
010707,2025,AMAZONAS,UTCUBAMBA,YAMON,123,1,122,0.008130081300813009
010707,2026,AMAZONAS,UTCUBAMBA,YAMON,90,1,89,0.011111111111111112
020101,2020,ANCASH,HUARAZ,HUARAZ,927,458,469,0.49406688241639696
020101,2021,ANCASH,HUARAZ,HUARAZ,543,251,292,0.4622467771639042
020101,2022,ANCASH,HUARAZ,HUARAZ,576,246,330,0.4270833333333333
020101,2023,ANCASH,HUARAZ,HUARAZ,1569,523,1046,0.3333333333333333
020101,2024,ANCASH,HUARAZ,HUARAZ,1638,442,1196,0.2698412698412698
020101,2025,ANCASH,HUARAZ,HUARAZ,1519,379,1140,0.24950625411454905
020101,2026,ANCASH,HUARAZ,HUARAZ,894,223,671,0.2494407158836689
020102,2020,ANCASH,HUARAZ,COCHABAMBA,13,6,7,0.46153846153846156
020102,2021,ANCASH,HUARAZ,COCHABAMBA,11,0,11,0.0
020102,2022,ANCASH,HUARAZ,COCHABAMBA,21,7,14,0.3333333333333333
020102,2023,ANCASH,HUARAZ,COCHABAMBA,64,9,55,0.140625
020102,2024,ANCASH,HUARAZ,COCHABAMBA,59,15,44,0.2542372881355932
020102,2025,ANCASH,HUARAZ,COCHABAMBA,57,15,42,0.2631578947368421
020102,2026,ANCASH,HUARAZ,COCHABAMBA,23,4,19,0.17391304347826086
020103,2020,ANCASH,HUARAZ,COLCABAMBA,7,6,1,0.8571428571428571
020103,2021,ANCASH,HUARAZ,COLCABAMBA,1,1,0,1.0
020103,2022,ANCASH,HUARAZ,COLCABAMBA,6,4,2,0.6666666666666666
020103,2023,ANCASH,HUARAZ,COLCABAMBA,8,3,5,0.375
020103,2024,ANCASH,HUARAZ,COLCABAMBA,6,3,3,0.5
020103,2025,ANCASH,HUARAZ,COLCABAMBA,5,3,2,0.6
020103,2026,ANCASH,HUARAZ,COLCABAMBA,5,5,0,1.0
020104,2020,ANCASH,HUARAZ,HUANCHAY,24,24,0,1.0
020104,2021,ANCASH,HUARAZ,HUANCHAY,3,2,1,0.6666666666666666
020104,2022,ANCASH,HUARAZ,HUANCHAY,27,23,4,0.8518518518518519
020104,2023,ANCASH,HUARAZ,HUANCHAY,36,29,7,0.8055555555555556
020104,2024,ANCASH,HUARAZ,HUANCHAY,30,21,9,0.7
020104,2025,ANCASH,HUARAZ,HUANCHAY,27,18,9,0.6666666666666666
020104,2026,ANCASH,HUARAZ,HUANCHAY,31,13,18,0.41935483870967744
020105,2020,ANCASH,HUARAZ,INDEPENDENCIA,1463,741,722,0.5064935064935064
020105,2021,ANCASH,HUARAZ,INDEPENDENCIA,1157,472,685,0.4079515989628349
020105,2022,ANCASH,HUARAZ,INDEPENDENCIA,1127,465,662,0.4125998225377107
020105,2023,ANCASH,HUARAZ,INDEPENDENCIA,2794,775,2019,0.2773801002147459
020105,2024,ANCASH,HUARAZ,INDEPENDENCIA,2798,521,2277,0.18620443173695497
020105,2025,ANCASH,HUARAZ,INDEPENDENCIA,2442,354,2088,0.14496314496314497
020105,2026,ANCASH,HUARAZ,INDEPENDENCIA,1573,250,1323,0.1589319771137953
020106,2020,ANCASH,HUARAZ,JANGAS,144,46,98,0.3194444444444444
020106,2021,ANCASH,HUARAZ,JANGAS,68,13,55,0.19117647058823528
020106,2022,ANCASH,HUARAZ,JANGAS,52,15,37,0.28846153846153844
020106,2023,ANCASH,HUARAZ,JANGAS,157,52,105,0.33121019108280253
020106,2024,ANCASH,HUARAZ,JANGAS,159,11,148,0.06918238993710692
020106,2025,ANCASH,HUARAZ,JANGAS,149,14,135,0.09395973154362416
020106,2026,ANCASH,HUARAZ,JANGAS,110,2,108,0.01818181818181818
020107,2020,ANCASH,HUARAZ,LA LIBERTAD,10,9,1,0.9
020107,2021,ANCASH,HUARAZ,LA LIBERTAD,8,4,4,0.5
020107,2022,ANCASH,HUARAZ,LA LIBERTAD,12,6,6,0.5
020107,2023,ANCASH,HUARAZ,LA LIBERTAD,34,6,28,0.17647058823529413
020107,2024,ANCASH,HUARAZ,LA LIBERTAD,34,9,25,0.2647058823529412
020107,2025,ANCASH,HUARAZ,LA LIBERTAD,34,5,29,0.14705882352941177
020107,2026,ANCASH,HUARAZ,LA LIBERTAD,18,1,17,0.05555555555555555
020108,2020,ANCASH,HUARAZ,OLLEROS,39,8,31,0.20512820512820512
020108,2021,ANCASH,HUARAZ,OLLEROS,22,7,15,0.3181818181818182
020108,2022,ANCASH,HUARAZ,OLLEROS,18,6,12,0.3333333333333333
020108,2023,ANCASH,HUARAZ,OLLEROS,84,11,73,0.13095238095238096
020108,2024,ANCASH,HUARAZ,OLLEROS,62,6,56,0.0967741935483871
020108,2025,ANCASH,HUARAZ,OLLEROS,54,6,48,0.1111111111111111
020108,2026,ANCASH,HUARAZ,OLLEROS,44,3,41,0.06818181818181818
020109,2020,ANCASH,HUARAZ,PAMPAS GRANDE,10,9,1,0.9
020109,2021,ANCASH,HUARAZ,PAMPAS GRANDE,6,3,3,0.5
020109,2022,ANCASH,HUARAZ,PAMPAS GRANDE,6,4,2,0.6666666666666666
020109,2023,ANCASH,HUARAZ,PAMPAS GRANDE,14,8,6,0.5714285714285714
020109,2024,ANCASH,HUARAZ,PAMPAS GRANDE,19,5,14,0.2631578947368421
020109,2025,ANCASH,HUARAZ,PAMPAS GRANDE,17,7,10,0.4117647058823529
020109,2026,ANCASH,HUARAZ,PAMPAS GRANDE,10,3,7,0.3
020110,2020,ANCASH,HUARAZ,PARIACOTO,78,29,49,0.3717948717948718
020110,2021,ANCASH,HUARAZ,PARIACOTO,75,46,29,0.6133333333333333
020110,2022,ANCASH,HUARAZ,PARIACOTO,74,37,37,0.5
020110,2023,ANCASH,HUARAZ,PARIACOTO,235,63,172,0.2680851063829787
020110,2024,ANCASH,HUARAZ,PARIACOTO,213,87,126,0.4084507042253521
020110,2025,ANCASH,HUARAZ,PARIACOTO,189,55,134,0.291005291005291
020110,2026,ANCASH,HUARAZ,PARIACOTO,134,37,97,0.27611940298507465
020111,2020,ANCASH,HUARAZ,PIRA,31,29,2,0.9354838709677419
020111,2021,ANCASH,HUARAZ,PIRA,21,16,5,0.7619047619047619
020111,2022,ANCASH,HUARAZ,PIRA,24,19,5,0.7916666666666666
020111,2023,ANCASH,HUARAZ,PIRA,112,67,45,0.5982142857142857
020111,2024,ANCASH,HUARAZ,PIRA,112,40,72,0.35714285714285715
020111,2025,ANCASH,HUARAZ,PIRA,97,24,73,0.24742268041237114
020111,2026,ANCASH,HUARAZ,PIRA,49,16,33,0.32653061224489793
020112,2020,ANCASH,HUARAZ,TARICA,188,67,121,0.35638297872340424
020112,2021,ANCASH,HUARAZ,TARICA,117,45,72,0.38461538461538464
020112,2022,ANCASH,HUARAZ,TARICA,121,51,70,0.4214876033057851
020112,2023,ANCASH,HUARAZ,TARICA,256,152,104,0.59375
020112,2024,ANCASH,HUARAZ,TARICA,233,45,188,0.19313304721030042
020112,2025,ANCASH,HUARAZ,TARICA,199,60,139,0.3015075376884422
020112,2026,ANCASH,HUARAZ,TARICA,153,21,132,0.13725490196078433
020201,2020,ANCASH,AIJA,AIJA,32,11,21,0.34375
020201,2021,ANCASH,AIJA,AIJA,18,9,9,0.5
020201,2022,ANCASH,AIJA,AIJA,10,2,8,0.2
020201,2023,ANCASH,AIJA,AIJA,52,16,36,0.3076923076923077
020201,2024,ANCASH,AIJA,AIJA,57,5,52,0.08771929824561403
020201,2025,ANCASH,AIJA,AIJA,35,11,24,0.3142857142857143
020201,2026,ANCASH,AIJA,AIJA,26,8,18,0.3076923076923077
020202,2020,ANCASH,AIJA,CORIS,60,14,46,0.23333333333333334
020202,2021,ANCASH,AIJA,CORIS,19,6,13,0.3157894736842105
020202,2022,ANCASH,AIJA,CORIS,23,7,16,0.30434782608695654
020202,2023,ANCASH,AIJA,CORIS,57,14,43,0.24561403508771928
020202,2024,ANCASH,AIJA,CORIS,63,9,54,0.14285714285714285
020202,2025,ANCASH,AIJA,CORIS,59,9,50,0.15254237288135594
020202,2026,ANCASH,AIJA,CORIS,50,9,41,0.18
020203,2020,ANCASH,AIJA,HUACLLAN,12,1,11,0.08333333333333333
020203,2021,ANCASH,AIJA,HUACLLAN,2,0,2,0.0
020203,2022,ANCASH,AIJA,HUACLLAN,5,0,5,0.0
020203,2023,ANCASH,AIJA,HUACLLAN,9,3,6,0.3333333333333333
020203,2024,ANCASH,AIJA,HUACLLAN,4,0,4,0.0
020203,2025,ANCASH,AIJA,HUACLLAN,6,0,6,0.0
020203,2026,ANCASH,AIJA,HUACLLAN,5,0,5,0.0
020204,2020,ANCASH,AIJA,LA MERCED,72,23,49,0.3194444444444444
020204,2021,ANCASH,AIJA,LA MERCED,15,4,11,0.26666666666666666
020204,2022,ANCASH,AIJA,LA MERCED,20,4,16,0.2
020204,2023,ANCASH,AIJA,LA MERCED,52,10,42,0.19230769230769232
020204,2024,ANCASH,AIJA,LA MERCED,56,4,52,0.07142857142857142
020204,2025,ANCASH,AIJA,LA MERCED,50,7,43,0.14
020204,2026,ANCASH,AIJA,LA MERCED,30,4,26,0.13333333333333333
020205,2020,ANCASH,AIJA,SUCCHA,10,1,9,0.1
020205,2021,ANCASH,AIJA,SUCCHA,4,0,4,0.0
020205,2022,ANCASH,AIJA,SUCCHA,4,2,2,0.5
020205,2023,ANCASH,AIJA,SUCCHA,19,2,17,0.10526315789473684
020205,2024,ANCASH,AIJA,SUCCHA,16,0,16,0.0
020205,2025,ANCASH,AIJA,SUCCHA,14,1,13,0.07142857142857142
020205,2026,ANCASH,AIJA,SUCCHA,12,2,10,0.16666666666666666
020301,2020,ANCASH,ANTONIO RAIMONDI,LLAMELLIN,64,61,3,0.953125
020301,2021,ANCASH,ANTONIO RAIMONDI,LLAMELLIN,49,48,1,0.9795918367346939
020301,2022,ANCASH,ANTONIO RAIMONDI,LLAMELLIN,69,51,18,0.7391304347826086
020301,2023,ANCASH,ANTONIO RAIMONDI,LLAMELLIN,127,82,45,0.6456692913385826
020301,2024,ANCASH,ANTONIO RAIMONDI,LLAMELLIN,102,20,82,0.19607843137254902
020301,2025,ANCASH,ANTONIO RAIMONDI,LLAMELLIN,84,20,64,0.23809523809523808
020301,2026,ANCASH,ANTONIO RAIMONDI,LLAMELLIN,53,6,47,0.11320754716981132
020302,2020,ANCASH,ANTONIO RAIMONDI,ACZO,34,17,17,0.5
020302,2021,ANCASH,ANTONIO RAIMONDI,ACZO,24,6,18,0.25
020302,2022,ANCASH,ANTONIO RAIMONDI,ACZO,32,16,16,0.5
020302,2023,ANCASH,ANTONIO RAIMONDI,ACZO,66,14,52,0.21212121212121213
020302,2024,ANCASH,ANTONIO RAIMONDI,ACZO,54,10,44,0.18518518518518517
020302,2025,ANCASH,ANTONIO RAIMONDI,ACZO,59,10,49,0.1694915254237288
020302,2026,ANCASH,ANTONIO RAIMONDI,ACZO,47,7,40,0.14893617021276595
020303,2020,ANCASH,ANTONIO RAIMONDI,CHACCHO,23,23,0,1.0
020303,2021,ANCASH,ANTONIO RAIMONDI,CHACCHO,12,11,1,0.9166666666666666
020303,2022,ANCASH,ANTONIO RAIMONDI,CHACCHO,22,15,7,0.6818181818181818
020303,2023,ANCASH,ANTONIO RAIMONDI,CHACCHO,40,10,30,0.25
020303,2024,ANCASH,ANTONIO RAIMONDI,CHACCHO,40,10,30,0.25
020303,2025,ANCASH,ANTONIO RAIMONDI,CHACCHO,24,1,23,0.041666666666666664
020303,2026,ANCASH,ANTONIO RAIMONDI,CHACCHO,17,1,16,0.058823529411764705
020304,2020,ANCASH,ANTONIO RAIMONDI,CHINGAS,24,12,12,0.5
020304,2021,ANCASH,ANTONIO RAIMONDI,CHINGAS,20,20,0,1.0
020304,2022,ANCASH,ANTONIO RAIMONDI,CHINGAS,28,7,21,0.25
020304,2023,ANCASH,ANTONIO RAIMONDI,CHINGAS,60,18,42,0.3
020304,2024,ANCASH,ANTONIO RAIMONDI,CHINGAS,52,11,41,0.21153846153846154
020304,2025,ANCASH,ANTONIO RAIMONDI,CHINGAS,47,12,35,0.2553191489361702
020304,2026,ANCASH,ANTONIO RAIMONDI,CHINGAS,33,8,25,0.24242424242424243
020305,2020,ANCASH,ANTONIO RAIMONDI,MIRGAS,70,52,18,0.7428571428571429
020305,2021,ANCASH,ANTONIO RAIMONDI,MIRGAS,98,92,6,0.9387755102040817
020305,2022,ANCASH,ANTONIO RAIMONDI,MIRGAS,66,28,38,0.42424242424242425
020305,2023,ANCASH,ANTONIO RAIMONDI,MIRGAS,177,40,137,0.22598870056497175
020305,2024,ANCASH,ANTONIO RAIMONDI,MIRGAS,151,26,125,0.17218543046357615
020305,2025,ANCASH,ANTONIO RAIMONDI,MIRGAS,148,19,129,0.12837837837837837
020305,2026,ANCASH,ANTONIO RAIMONDI,MIRGAS,91,41,50,0.45054945054945056
020306,2020,ANCASH,ANTONIO RAIMONDI,SAN JUAN DE RONTOY,31,25,6,0.8064516129032258
020306,2021,ANCASH,ANTONIO RAIMONDI,SAN JUAN DE RONTOY,17,16,1,0.9411764705882353
020306,2022,ANCASH,ANTONIO RAIMONDI,SAN JUAN DE RONTOY,12,4,8,0.3333333333333333
020306,2023,ANCASH,ANTONIO RAIMONDI,SAN JUAN DE RONTOY,41,12,29,0.2926829268292683
020306,2024,ANCASH,ANTONIO RAIMONDI,SAN JUAN DE RONTOY,52,14,38,0.2692307692307692
020306,2025,ANCASH,ANTONIO RAIMONDI,SAN JUAN DE RONTOY,45,2,43,0.044444444444444446
020306,2026,ANCASH,ANTONIO RAIMONDI,SAN JUAN DE RONTOY,32,1,31,0.03125
020401,2020,ANCASH,ASUNCION,CHACAS,116,72,44,0.6206896551724138
020401,2021,ANCASH,ASUNCION,CHACAS,46,5,41,0.10869565217391304
020401,2022,ANCASH,ASUNCION,CHACAS,43,10,33,0.23255813953488372
020401,2023,ANCASH,ASUNCION,CHACAS,164,34,130,0.2073170731707317
020401,2024,ANCASH,ASUNCION,CHACAS,168,6,162,0.03571428571428571
020401,2025,ANCASH,ASUNCION,CHACAS,140,19,121,0.1357142857142857
020401,2026,ANCASH,ASUNCION,CHACAS,100,9,91,0.09
020402,2020,ANCASH,ASUNCION,ACOCHACA,39,24,15,0.6153846153846154
020402,2021,ANCASH,ASUNCION,ACOCHACA,24,8,16,0.3333333333333333
020402,2022,ANCASH,ASUNCION,ACOCHACA,25,8,17,0.32
020402,2023,ANCASH,ASUNCION,ACOCHACA,76,5,71,0.06578947368421052
020402,2024,ANCASH,ASUNCION,ACOCHACA,71,2,69,0.028169014084507043
020402,2025,ANCASH,ASUNCION,ACOCHACA,62,0,62,0.0
020402,2026,ANCASH,ASUNCION,ACOCHACA,54,2,52,0.037037037037037035
020501,2020,ANCASH,BOLOGNESI,CHIQUIAN,65,32,33,0.49230769230769234
020501,2021,ANCASH,BOLOGNESI,CHIQUIAN,45,18,27,0.4
020501,2022,ANCASH,BOLOGNESI,CHIQUIAN,42,24,18,0.5714285714285714
020501,2023,ANCASH,BOLOGNESI,CHIQUIAN,112,41,71,0.36607142857142855
020501,2024,ANCASH,BOLOGNESI,CHIQUIAN,112,37,75,0.33035714285714285
020501,2025,ANCASH,BOLOGNESI,CHIQUIAN,107,18,89,0.16822429906542055
020501,2026,ANCASH,BOLOGNESI,CHIQUIAN,64,12,52,0.1875
020502,2021,ANCASH,BOLOGNESI,ABELARDO PARDO LEZAMETA,7,1,6,0.14285714285714285
020502,2022,ANCASH,BOLOGNESI,ABELARDO PARDO LEZAMETA,2,0,2,0.0
020502,2023,ANCASH,BOLOGNESI,ABELARDO PARDO LEZAMETA,5,0,5,0.0
020502,2024,ANCASH,BOLOGNESI,ABELARDO PARDO LEZAMETA,5,0,5,0.0
020502,2025,ANCASH,BOLOGNESI,ABELARDO PARDO LEZAMETA,5,0,5,0.0
020502,2026,ANCASH,BOLOGNESI,ABELARDO PARDO LEZAMETA,4,2,2,0.5
020503,2020,ANCASH,BOLOGNESI,ANTONIO RAIMONDI,33,7,26,0.21212121212121213
020503,2021,ANCASH,BOLOGNESI,ANTONIO RAIMONDI,5,2,3,0.4
020503,2022,ANCASH,BOLOGNESI,ANTONIO RAIMONDI,5,3,2,0.6
020503,2023,ANCASH,BOLOGNESI,ANTONIO RAIMONDI,16,10,6,0.625
020503,2024,ANCASH,BOLOGNESI,ANTONIO RAIMONDI,17,1,16,0.058823529411764705
020503,2025,ANCASH,BOLOGNESI,ANTONIO RAIMONDI,14,0,14,0.0
020503,2026,ANCASH,BOLOGNESI,ANTONIO RAIMONDI,13,2,11,0.15384615384615385
020504,2020,ANCASH,BOLOGNESI,AQUIA,73,12,61,0.1643835616438356
020504,2021,ANCASH,BOLOGNESI,AQUIA,31,12,19,0.3870967741935484
020504,2022,ANCASH,BOLOGNESI,AQUIA,21,4,17,0.19047619047619047
020504,2023,ANCASH,BOLOGNESI,AQUIA,51,9,42,0.17647058823529413
020504,2024,ANCASH,BOLOGNESI,AQUIA,64,6,58,0.09375
020504,2025,ANCASH,BOLOGNESI,AQUIA,57,9,48,0.15789473684210525
020504,2026,ANCASH,BOLOGNESI,AQUIA,38,3,35,0.07894736842105263
020505,2020,ANCASH,BOLOGNESI,CAJACAY,47,10,37,0.2127659574468085
020505,2021,ANCASH,BOLOGNESI,CAJACAY,37,13,24,0.35135135135135137
020505,2022,ANCASH,BOLOGNESI,CAJACAY,26,16,10,0.6153846153846154
020505,2023,ANCASH,BOLOGNESI,CAJACAY,45,27,18,0.6
020505,2024,ANCASH,BOLOGNESI,CAJACAY,35,7,28,0.2
020505,2025,ANCASH,BOLOGNESI,CAJACAY,34,5,29,0.14705882352941177
020505,2026,ANCASH,BOLOGNESI,CAJACAY,31,6,25,0.1935483870967742
020506,2020,ANCASH,BOLOGNESI,CANIS,2,1,1,0.5
020506,2021,ANCASH,BOLOGNESI,CANIS,8,5,3,0.625
020506,2022,ANCASH,BOLOGNESI,CANIS,5,4,1,0.8
020506,2023,ANCASH,BOLOGNESI,CANIS,5,2,3,0.4
020506,2024,ANCASH,BOLOGNESI,CANIS,6,2,4,0.3333333333333333
020506,2025,ANCASH,BOLOGNESI,CANIS,5,2,3,0.4
020506,2026,ANCASH,BOLOGNESI,CANIS,3,0,3,0.0
020507,2020,ANCASH,BOLOGNESI,COLQUIOC,27,5,22,0.18518518518518517
020507,2021,ANCASH,BOLOGNESI,COLQUIOC,29,10,19,0.3448275862068966
020507,2022,ANCASH,BOLOGNESI,COLQUIOC,19,6,13,0.3157894736842105
020507,2023,ANCASH,BOLOGNESI,COLQUIOC,65,16,49,0.24615384615384617
020507,2024,ANCASH,BOLOGNESI,COLQUIOC,70,14,56,0.2
020507,2025,ANCASH,BOLOGNESI,COLQUIOC,59,7,52,0.11864406779661017
020507,2026,ANCASH,BOLOGNESI,COLQUIOC,44,9,35,0.20454545454545456
020508,2020,ANCASH,BOLOGNESI,HUALLANCA,276,21,255,0.07608695652173914
020508,2021,ANCASH,BOLOGNESI,HUALLANCA,113,3,110,0.02654867256637168
020508,2022,ANCASH,BOLOGNESI,HUALLANCA,96,16,80,0.16666666666666666
020508,2023,ANCASH,BOLOGNESI,HUALLANCA,294,16,278,0.05442176870748299
020508,2024,ANCASH,BOLOGNESI,HUALLANCA,276,3,273,0.010869565217391304
020508,2025,ANCASH,BOLOGNESI,HUALLANCA,278,22,256,0.07913669064748201
020508,2026,ANCASH,BOLOGNESI,HUALLANCA,158,20,138,0.12658227848101267
020509,2020,ANCASH,BOLOGNESI,HUASTA,55,17,38,0.3090909090909091
020509,2021,ANCASH,BOLOGNESI,HUASTA,33,8,25,0.24242424242424243
020509,2022,ANCASH,BOLOGNESI,HUASTA,22,5,17,0.22727272727272727
020509,2023,ANCASH,BOLOGNESI,HUASTA,45,9,36,0.2
020509,2024,ANCASH,BOLOGNESI,HUASTA,39,5,34,0.1282051282051282
020509,2025,ANCASH,BOLOGNESI,HUASTA,30,5,25,0.16666666666666666
020509,2026,ANCASH,BOLOGNESI,HUASTA,24,2,22,0.08333333333333333
020510,2020,ANCASH,BOLOGNESI,HUAYLLACAYAN,11,8,3,0.7272727272727273
020510,2021,ANCASH,BOLOGNESI,HUAYLLACAYAN,10,6,4,0.6
020510,2022,ANCASH,BOLOGNESI,HUAYLLACAYAN,3,3,0,1.0
020510,2023,ANCASH,BOLOGNESI,HUAYLLACAYAN,23,18,5,0.782608695652174
020510,2024,ANCASH,BOLOGNESI,HUAYLLACAYAN,25,17,8,0.68
020510,2025,ANCASH,BOLOGNESI,HUAYLLACAYAN,19,11,8,0.5789473684210527
020510,2026,ANCASH,BOLOGNESI,HUAYLLACAYAN,15,6,9,0.4
020511,2021,ANCASH,BOLOGNESI,LA PRIMAVERA,9,3,6,0.3333333333333333
020511,2022,ANCASH,BOLOGNESI,LA PRIMAVERA,7,3,4,0.42857142857142855
020511,2023,ANCASH,BOLOGNESI,LA PRIMAVERA,8,3,5,0.375
020511,2024,ANCASH,BOLOGNESI,LA PRIMAVERA,9,2,7,0.2222222222222222
020511,2025,ANCASH,BOLOGNESI,LA PRIMAVERA,3,1,2,0.3333333333333333
020511,2026,ANCASH,BOLOGNESI,LA PRIMAVERA,3,1,2,0.3333333333333333
020512,2021,ANCASH,BOLOGNESI,MANGAS,17,16,1,0.9411764705882353
020512,2022,ANCASH,BOLOGNESI,MANGAS,16,5,11,0.3125
020512,2023,ANCASH,BOLOGNESI,MANGAS,15,0,15,0.0
020512,2024,ANCASH,BOLOGNESI,MANGAS,10,1,9,0.1
020512,2025,ANCASH,BOLOGNESI,MANGAS,7,2,5,0.2857142857142857
020512,2026,ANCASH,BOLOGNESI,MANGAS,6,1,5,0.16666666666666666
020513,2020,ANCASH,BOLOGNESI,PACLLON,22,11,11,0.5
020513,2021,ANCASH,BOLOGNESI,PACLLON,8,1,7,0.125
020513,2022,ANCASH,BOLOGNESI,PACLLON,11,4,7,0.36363636363636365
020513,2023,ANCASH,BOLOGNESI,PACLLON,21,4,17,0.19047619047619047
020513,2024,ANCASH,BOLOGNESI,PACLLON,19,1,18,0.05263157894736842
020513,2025,ANCASH,BOLOGNESI,PACLLON,19,0,19,0.0
020513,2026,ANCASH,BOLOGNESI,PACLLON,15,0,15,0.0
020514,2021,ANCASH,BOLOGNESI,SAN MIGUEL DE CORPANQUI,5,4,1,0.8
020514,2022,ANCASH,BOLOGNESI,SAN MIGUEL DE CORPANQUI,6,3,3,0.5
020514,2023,ANCASH,BOLOGNESI,SAN MIGUEL DE CORPANQUI,4,2,2,0.5
020514,2024,ANCASH,BOLOGNESI,SAN MIGUEL DE CORPANQUI,3,1,2,0.3333333333333333
020514,2025,ANCASH,BOLOGNESI,SAN MIGUEL DE CORPANQUI,2,0,2,0.0
020514,2026,ANCASH,BOLOGNESI,SAN MIGUEL DE CORPANQUI,2,0,2,0.0
020515,2020,ANCASH,BOLOGNESI,TICLLOS,2,2,0,1.0
020515,2021,ANCASH,BOLOGNESI,TICLLOS,11,7,4,0.6363636363636364
020515,2022,ANCASH,BOLOGNESI,TICLLOS,8,6,2,0.75
020515,2023,ANCASH,BOLOGNESI,TICLLOS,14,5,9,0.35714285714285715
020515,2024,ANCASH,BOLOGNESI,TICLLOS,20,3,17,0.15
020515,2025,ANCASH,BOLOGNESI,TICLLOS,11,1,10,0.09090909090909091
020515,2026,ANCASH,BOLOGNESI,TICLLOS,6,2,4,0.3333333333333333
020601,2020,ANCASH,CARHUAZ,CARHUAZ,288,133,155,0.4618055555555556
020601,2021,ANCASH,CARHUAZ,CARHUAZ,169,89,80,0.5266272189349113
020601,2022,ANCASH,CARHUAZ,CARHUAZ,225,118,107,0.5244444444444445
020601,2023,ANCASH,CARHUAZ,CARHUAZ,570,169,401,0.2964912280701754
020601,2024,ANCASH,CARHUAZ,CARHUAZ,537,136,401,0.2532588454376164
020601,2025,ANCASH,CARHUAZ,CARHUAZ,496,76,420,0.1532258064516129
020601,2026,ANCASH,CARHUAZ,CARHUAZ,311,52,259,0.16720257234726688
020602,2020,ANCASH,CARHUAZ,ACOPAMPA,31,5,26,0.16129032258064516
020602,2021,ANCASH,CARHUAZ,ACOPAMPA,33,9,24,0.2727272727272727
020602,2022,ANCASH,CARHUAZ,ACOPAMPA,28,15,13,0.5357142857142857
020602,2023,ANCASH,CARHUAZ,ACOPAMPA,99,14,85,0.1414141414141414
020602,2024,ANCASH,CARHUAZ,ACOPAMPA,96,7,89,0.07291666666666667
020602,2025,ANCASH,CARHUAZ,ACOPAMPA,100,6,94,0.06
020602,2026,ANCASH,CARHUAZ,ACOPAMPA,79,5,74,0.06329113924050633
020603,2020,ANCASH,CARHUAZ,AMASHCA,23,2,21,0.08695652173913043
020603,2021,ANCASH,CARHUAZ,AMASHCA,12,1,11,0.08333333333333333
020603,2022,ANCASH,CARHUAZ,AMASHCA,11,1,10,0.09090909090909091
020603,2023,ANCASH,CARHUAZ,AMASHCA,37,2,35,0.05405405405405406
020603,2024,ANCASH,CARHUAZ,AMASHCA,35,5,30,0.14285714285714285
020603,2025,ANCASH,CARHUAZ,AMASHCA,37,6,31,0.16216216216216217
020603,2026,ANCASH,CARHUAZ,AMASHCA,20,3,17,0.15
020604,2020,ANCASH,CARHUAZ,ANTA,53,32,21,0.6037735849056604
020604,2021,ANCASH,CARHUAZ,ANTA,44,19,25,0.4318181818181818
020604,2022,ANCASH,CARHUAZ,ANTA,32,23,9,0.71875
020604,2023,ANCASH,CARHUAZ,ANTA,94,35,59,0.3723404255319149
020604,2024,ANCASH,CARHUAZ,ANTA,94,32,62,0.3404255319148936
020604,2025,ANCASH,CARHUAZ,ANTA,87,25,62,0.28735632183908044
020604,2026,ANCASH,CARHUAZ,ANTA,66,25,41,0.3787878787878788
020605,2020,ANCASH,CARHUAZ,ATAQUERO,17,2,15,0.11764705882352941
020605,2021,ANCASH,CARHUAZ,ATAQUERO,22,2,20,0.09090909090909091
020605,2022,ANCASH,CARHUAZ,ATAQUERO,21,4,17,0.19047619047619047
020605,2023,ANCASH,CARHUAZ,ATAQUERO,52,5,47,0.09615384615384616
020605,2024,ANCASH,CARHUAZ,ATAQUERO,60,9,51,0.15
020605,2025,ANCASH,CARHUAZ,ATAQUERO,49,3,46,0.061224489795918366
020605,2026,ANCASH,CARHUAZ,ATAQUERO,41,4,37,0.0975609756097561
020606,2020,ANCASH,CARHUAZ,MARCARA,177,78,99,0.4406779661016949
020606,2021,ANCASH,CARHUAZ,MARCARA,210,65,145,0.30952380952380953
020606,2022,ANCASH,CARHUAZ,MARCARA,159,46,113,0.2893081761006289
020606,2023,ANCASH,CARHUAZ,MARCARA,375,44,331,0.11733333333333333
020606,2024,ANCASH,CARHUAZ,MARCARA,386,49,337,0.12694300518134716
020606,2025,ANCASH,CARHUAZ,MARCARA,349,48,301,0.13753581661891118
020606,2026,ANCASH,CARHUAZ,MARCARA,261,49,212,0.18773946360153257
020607,2020,ANCASH,CARHUAZ,PARIAHUANCA,34,6,28,0.17647058823529413
020607,2021,ANCASH,CARHUAZ,PARIAHUANCA,23,13,10,0.5652173913043478
020607,2022,ANCASH,CARHUAZ,PARIAHUANCA,34,16,18,0.47058823529411764
020607,2023,ANCASH,CARHUAZ,PARIAHUANCA,61,21,40,0.3442622950819672
020607,2024,ANCASH,CARHUAZ,PARIAHUANCA,56,13,43,0.23214285714285715
020607,2025,ANCASH,CARHUAZ,PARIAHUANCA,51,16,35,0.3137254901960784
020607,2026,ANCASH,CARHUAZ,PARIAHUANCA,30,10,20,0.3333333333333333
020608,2020,ANCASH,CARHUAZ,SAN MIGUEL DE ACO,30,4,26,0.13333333333333333
020608,2021,ANCASH,CARHUAZ,SAN MIGUEL DE ACO,17,1,16,0.058823529411764705
020608,2022,ANCASH,CARHUAZ,SAN MIGUEL DE ACO,25,3,22,0.12
020608,2023,ANCASH,CARHUAZ,SAN MIGUEL DE ACO,87,17,70,0.19540229885057472
020608,2024,ANCASH,CARHUAZ,SAN MIGUEL DE ACO,78,5,73,0.0641025641025641
020608,2025,ANCASH,CARHUAZ,SAN MIGUEL DE ACO,76,7,69,0.09210526315789473
020608,2026,ANCASH,CARHUAZ,SAN MIGUEL DE ACO,57,9,48,0.15789473684210525
020609,2020,ANCASH,CARHUAZ,SHILLA,49,48,1,0.9795918367346939
020609,2021,ANCASH,CARHUAZ,SHILLA,30,28,2,0.9333333333333333
020609,2022,ANCASH,CARHUAZ,SHILLA,44,38,6,0.8636363636363636
020609,2023,ANCASH,CARHUAZ,SHILLA,91,71,20,0.7802197802197802
020609,2024,ANCASH,CARHUAZ,SHILLA,77,35,42,0.45454545454545453
020609,2025,ANCASH,CARHUAZ,SHILLA,71,9,62,0.1267605633802817
020609,2026,ANCASH,CARHUAZ,SHILLA,49,3,46,0.061224489795918366
020610,2020,ANCASH,CARHUAZ,TINCO,53,9,44,0.16981132075471697
020610,2021,ANCASH,CARHUAZ,TINCO,34,7,27,0.20588235294117646
020610,2022,ANCASH,CARHUAZ,TINCO,36,7,29,0.19444444444444445
020610,2023,ANCASH,CARHUAZ,TINCO,109,15,94,0.13761467889908258
020610,2024,ANCASH,CARHUAZ,TINCO,113,18,95,0.1592920353982301
020610,2025,ANCASH,CARHUAZ,TINCO,103,14,89,0.13592233009708737
020610,2026,ANCASH,CARHUAZ,TINCO,61,7,54,0.11475409836065574
020611,2020,ANCASH,CARHUAZ,YUNGAR,43,21,22,0.4883720930232558
020611,2021,ANCASH,CARHUAZ,YUNGAR,34,17,17,0.5
020611,2022,ANCASH,CARHUAZ,YUNGAR,49,19,30,0.3877551020408163
020611,2023,ANCASH,CARHUAZ,YUNGAR,132,62,70,0.4696969696969697
020611,2024,ANCASH,CARHUAZ,YUNGAR,137,49,88,0.35766423357664234
020611,2025,ANCASH,CARHUAZ,YUNGAR,126,43,83,0.3412698412698413
020611,2026,ANCASH,CARHUAZ,YUNGAR,71,24,47,0.3380281690140845
020701,2020,ANCASH,CARLOS FERMIN FITZCARRALD,SAN LUIS,153,63,90,0.4117647058823529
020701,2021,ANCASH,CARLOS FERMIN FITZCARRALD,SAN LUIS,96,53,43,0.5520833333333334
020701,2022,ANCASH,CARLOS FERMIN FITZCARRALD,SAN LUIS,90,48,42,0.5333333333333333
020701,2023,ANCASH,CARLOS FERMIN FITZCARRALD,SAN LUIS,329,90,239,0.2735562310030395
020701,2024,ANCASH,CARLOS FERMIN FITZCARRALD,SAN LUIS,331,60,271,0.18126888217522658
020701,2025,ANCASH,CARLOS FERMIN FITZCARRALD,SAN LUIS,276,34,242,0.12318840579710146
020701,2026,ANCASH,CARLOS FERMIN FITZCARRALD,SAN LUIS,208,12,196,0.057692307692307696
020702,2020,ANCASH,CARLOS FERMIN FITZCARRALD,SAN NICOLAS,1,0,1,0.0
020702,2021,ANCASH,CARLOS FERMIN FITZCARRALD,SAN NICOLAS,37,12,25,0.32432432432432434
020702,2022,ANCASH,CARLOS FERMIN FITZCARRALD,SAN NICOLAS,60,20,40,0.3333333333333333
020702,2023,ANCASH,CARLOS FERMIN FITZCARRALD,SAN NICOLAS,148,26,122,0.17567567567567569
020702,2024,ANCASH,CARLOS FERMIN FITZCARRALD,SAN NICOLAS,132,18,114,0.13636363636363635
020702,2025,ANCASH,CARLOS FERMIN FITZCARRALD,SAN NICOLAS,101,21,80,0.2079207920792079
020702,2026,ANCASH,CARLOS FERMIN FITZCARRALD,SAN NICOLAS,78,2,76,0.02564102564102564
020703,2020,ANCASH,CARLOS FERMIN FITZCARRALD,YAUYA,0,0,0,
020703,2021,ANCASH,CARLOS FERMIN FITZCARRALD,YAUYA,150,73,77,0.4866666666666667
020703,2022,ANCASH,CARLOS FERMIN FITZCARRALD,YAUYA,129,46,83,0.35658914728682173
020703,2023,ANCASH,CARLOS FERMIN FITZCARRALD,YAUYA,138,36,102,0.2608695652173913
020703,2024,ANCASH,CARLOS FERMIN FITZCARRALD,YAUYA,133,22,111,0.16541353383458646
020703,2025,ANCASH,CARLOS FERMIN FITZCARRALD,YAUYA,119,22,97,0.18487394957983194
020703,2026,ANCASH,CARLOS FERMIN FITZCARRALD,YAUYA,85,8,77,0.09411764705882353
020801,2020,ANCASH,CASMA,CASMA,425,203,222,0.4776470588235294
020801,2021,ANCASH,CASMA,CASMA,565,216,349,0.3823008849557522
020801,2022,ANCASH,CASMA,CASMA,438,108,330,0.2465753424657534
020801,2023,ANCASH,CASMA,CASMA,1071,195,876,0.18207282913165265
020801,2024,ANCASH,CASMA,CASMA,1022,124,898,0.12133072407045009
020801,2025,ANCASH,CASMA,CASMA,1079,126,953,0.11677479147358666
020801,2026,ANCASH,CASMA,CASMA,686,97,589,0.141399416909621
020802,2020,ANCASH,CASMA,BUENA VISTA ALTA,43,14,29,0.32558139534883723
020802,2021,ANCASH,CASMA,BUENA VISTA ALTA,88,40,48,0.45454545454545453
020802,2022,ANCASH,CASMA,BUENA VISTA ALTA,171,62,109,0.36257309941520466
020802,2023,ANCASH,CASMA,BUENA VISTA ALTA,231,93,138,0.4025974025974026
020802,2024,ANCASH,CASMA,BUENA VISTA ALTA,229,66,163,0.28820960698689957
020802,2025,ANCASH,CASMA,BUENA VISTA ALTA,173,41,132,0.23699421965317918
020802,2026,ANCASH,CASMA,BUENA VISTA ALTA,113,32,81,0.2831858407079646
020803,2020,ANCASH,CASMA,COMANDANTE NOEL,53,21,32,0.39622641509433965
020803,2021,ANCASH,CASMA,COMANDANTE NOEL,59,25,34,0.423728813559322
020803,2022,ANCASH,CASMA,COMANDANTE NOEL,74,26,48,0.35135135135135137
020803,2023,ANCASH,CASMA,COMANDANTE NOEL,98,18,80,0.1836734693877551
020803,2024,ANCASH,CASMA,COMANDANTE NOEL,97,14,83,0.14432989690721648
020803,2025,ANCASH,CASMA,COMANDANTE NOEL,94,13,81,0.13829787234042554
020803,2026,ANCASH,CASMA,COMANDANTE NOEL,65,8,57,0.12307692307692308
020804,2020,ANCASH,CASMA,YAUTAN,190,76,114,0.4
020804,2021,ANCASH,CASMA,YAUTAN,144,68,76,0.4722222222222222
020804,2022,ANCASH,CASMA,YAUTAN,178,97,81,0.5449438202247191
020804,2023,ANCASH,CASMA,YAUTAN,389,120,269,0.30848329048843187
020804,2024,ANCASH,CASMA,YAUTAN,387,121,266,0.31266149870801035
020804,2025,ANCASH,CASMA,YAUTAN,401,117,284,0.29177057356608477
020804,2026,ANCASH,CASMA,YAUTAN,259,90,169,0.3474903474903475
020901,2020,ANCASH,CORONGO,CORONGO,20,7,13,0.35
020901,2021,ANCASH,CORONGO,CORONGO,22,20,2,0.9090909090909091
020901,2022,ANCASH,CORONGO,CORONGO,21,15,6,0.7142857142857143
020901,2023,ANCASH,CORONGO,CORONGO,48,27,21,0.5625
020901,2024,ANCASH,CORONGO,CORONGO,50,10,40,0.2
020901,2025,ANCASH,CORONGO,CORONGO,50,19,31,0.38
020901,2026,ANCASH,CORONGO,CORONGO,33,7,26,0.21212121212121213
020902,2020,ANCASH,CORONGO,ACO,15,4,11,0.26666666666666666
020902,2021,ANCASH,CORONGO,ACO,11,3,8,0.2727272727272727
020902,2022,ANCASH,CORONGO,ACO,6,6,0,1.0
020902,2023,ANCASH,CORONGO,ACO,19,2,17,0.10526315789473684
020902,2024,ANCASH,CORONGO,ACO,24,9,15,0.375
020902,2025,ANCASH,CORONGO,ACO,11,2,9,0.18181818181818182
020902,2026,ANCASH,CORONGO,ACO,10,1,9,0.1
020903,2020,ANCASH,CORONGO,BAMBAS,9,5,4,0.5555555555555556
020903,2021,ANCASH,CORONGO,BAMBAS,16,13,3,0.8125
020903,2022,ANCASH,CORONGO,BAMBAS,7,7,0,1.0
020903,2023,ANCASH,CORONGO,BAMBAS,10,3,7,0.3
020903,2024,ANCASH,CORONGO,BAMBAS,16,8,8,0.5
020903,2025,ANCASH,CORONGO,BAMBAS,9,3,6,0.3333333333333333
020903,2026,ANCASH,CORONGO,BAMBAS,6,2,4,0.3333333333333333
020904,2020,ANCASH,CORONGO,CUSCA,107,37,70,0.34579439252336447
020904,2021,ANCASH,CORONGO,CUSCA,144,54,90,0.375
020904,2022,ANCASH,CORONGO,CUSCA,134,58,76,0.43283582089552236
020904,2023,ANCASH,CORONGO,CUSCA,148,51,97,0.34459459459459457
020904,2024,ANCASH,CORONGO,CUSCA,151,33,118,0.2185430463576159
020904,2025,ANCASH,CORONGO,CUSCA,111,19,92,0.17117117117117117
020904,2026,ANCASH,CORONGO,CUSCA,62,11,51,0.1774193548387097
020905,2020,ANCASH,CORONGO,LA PAMPA,26,9,17,0.34615384615384615
020905,2021,ANCASH,CORONGO,LA PAMPA,44,4,40,0.09090909090909091
020905,2022,ANCASH,CORONGO,LA PAMPA,10,0,10,0.0
020905,2023,ANCASH,CORONGO,LA PAMPA,41,2,39,0.04878048780487805
020905,2024,ANCASH,CORONGO,LA PAMPA,39,14,25,0.358974358974359
020905,2025,ANCASH,CORONGO,LA PAMPA,28,3,25,0.10714285714285714
020905,2026,ANCASH,CORONGO,LA PAMPA,18,5,13,0.2777777777777778
020906,2020,ANCASH,CORONGO,YANAC,24,19,5,0.7916666666666666
020906,2021,ANCASH,CORONGO,YANAC,18,10,8,0.5555555555555556
020906,2022,ANCASH,CORONGO,YANAC,15,10,5,0.6666666666666666
020906,2023,ANCASH,CORONGO,YANAC,18,6,12,0.3333333333333333
020906,2024,ANCASH,CORONGO,YANAC,14,3,11,0.21428571428571427
020906,2025,ANCASH,CORONGO,YANAC,15,1,14,0.06666666666666667
020906,2026,ANCASH,CORONGO,YANAC,13,1,12,0.07692307692307693
020907,2020,ANCASH,CORONGO,YUPAN,14,13,1,0.9285714285714286
020907,2021,ANCASH,CORONGO,YUPAN,9,3,6,0.3333333333333333
020907,2022,ANCASH,CORONGO,YUPAN,4,0,4,0.0
020907,2023,ANCASH,CORONGO,YUPAN,14,6,8,0.42857142857142855
020907,2024,ANCASH,CORONGO,YUPAN,15,7,8,0.4666666666666667
020907,2025,ANCASH,CORONGO,YUPAN,10,5,5,0.5
020907,2026,ANCASH,CORONGO,YUPAN,9,2,7,0.2222222222222222
021001,2020,ANCASH,HUARI,HUARI,298,192,106,0.6442953020134228
021001,2021,ANCASH,HUARI,HUARI,209,116,93,0.5550239234449761
021001,2022,ANCASH,HUARI,HUARI,163,82,81,0.5030674846625767
021001,2023,ANCASH,HUARI,HUARI,423,185,238,0.4373522458628842
021001,2024,ANCASH,HUARI,HUARI,409,144,265,0.35207823960880197
021001,2025,ANCASH,HUARI,HUARI,402,124,278,0.30845771144278605
021001,2026,ANCASH,HUARI,HUARI,282,100,182,0.3546099290780142
021002,2020,ANCASH,HUARI,ANRA,8,4,4,0.5
021002,2021,ANCASH,HUARI,ANRA,18,0,18,0.0
021002,2022,ANCASH,HUARI,ANRA,14,1,13,0.07142857142857142
021002,2023,ANCASH,HUARI,ANRA,51,3,48,0.058823529411764705
021002,2024,ANCASH,HUARI,ANRA,47,0,47,0.0
021002,2025,ANCASH,HUARI,ANRA,47,1,46,0.02127659574468085
021002,2026,ANCASH,HUARI,ANRA,35,0,35,0.0
021003,2020,ANCASH,HUARI,CAJAY,86,26,60,0.3023255813953488
021003,2021,ANCASH,HUARI,CAJAY,48,18,30,0.375
021003,2022,ANCASH,HUARI,CAJAY,45,11,34,0.24444444444444444
021003,2023,ANCASH,HUARI,CAJAY,76,18,58,0.23684210526315788
021003,2024,ANCASH,HUARI,CAJAY,85,15,70,0.17647058823529413
021003,2025,ANCASH,HUARI,CAJAY,79,14,65,0.17721518987341772
021003,2026,ANCASH,HUARI,CAJAY,54,7,47,0.12962962962962962
021004,2020,ANCASH,HUARI,CHAVIN DE HUANTAR,114,109,5,0.956140350877193
021004,2021,ANCASH,HUARI,CHAVIN DE HUANTAR,102,49,53,0.4803921568627451
021004,2022,ANCASH,HUARI,CHAVIN DE HUANTAR,78,23,55,0.2948717948717949
021004,2023,ANCASH,HUARI,CHAVIN DE HUANTAR,341,103,238,0.3020527859237537
021004,2024,ANCASH,HUARI,CHAVIN DE HUANTAR,307,62,245,0.20195439739413681
021004,2025,ANCASH,HUARI,CHAVIN DE HUANTAR,322,40,282,0.12422360248447205
021004,2026,ANCASH,HUARI,CHAVIN DE HUANTAR,235,34,201,0.14468085106382977
021005,2020,ANCASH,HUARI,HUACACHI,60,54,6,0.9
021005,2021,ANCASH,HUARI,HUACACHI,41,22,19,0.5365853658536586
021005,2022,ANCASH,HUARI,HUACACHI,21,4,17,0.19047619047619047
021005,2023,ANCASH,HUARI,HUACACHI,69,14,55,0.2028985507246377
021005,2024,ANCASH,HUARI,HUACACHI,66,15,51,0.22727272727272727
021005,2025,ANCASH,HUARI,HUACACHI,63,8,55,0.12698412698412698
021005,2026,ANCASH,HUARI,HUACACHI,36,4,32,0.1111111111111111
021006,2020,ANCASH,HUARI,HUACCHIS,42,17,25,0.40476190476190477
021006,2021,ANCASH,HUARI,HUACCHIS,25,5,20,0.2
021006,2022,ANCASH,HUARI,HUACCHIS,25,12,13,0.48
021006,2023,ANCASH,HUARI,HUACCHIS,53,7,46,0.1320754716981132
021006,2024,ANCASH,HUARI,HUACCHIS,51,15,36,0.29411764705882354
021006,2025,ANCASH,HUARI,HUACCHIS,43,9,34,0.20930232558139536
021006,2026,ANCASH,HUARI,HUACCHIS,27,6,21,0.2222222222222222
021007,2020,ANCASH,HUARI,HUACHIS,87,54,33,0.6206896551724138
021007,2021,ANCASH,HUARI,HUACHIS,42,27,15,0.6428571428571429
021007,2022,ANCASH,HUARI,HUACHIS,70,30,40,0.42857142857142855
021007,2023,ANCASH,HUARI,HUACHIS,93,41,52,0.44086021505376344
021007,2024,ANCASH,HUARI,HUACHIS,79,21,58,0.26582278481012656
021007,2025,ANCASH,HUARI,HUACHIS,70,13,57,0.18571428571428572
021007,2026,ANCASH,HUARI,HUACHIS,65,12,53,0.18461538461538463
021008,2020,ANCASH,HUARI,HUANTAR,62,37,25,0.5967741935483871
021008,2021,ANCASH,HUARI,HUANTAR,19,17,2,0.8947368421052632
021008,2022,ANCASH,HUARI,HUANTAR,19,14,5,0.7368421052631579
021008,2023,ANCASH,HUARI,HUANTAR,69,22,47,0.3188405797101449
021008,2024,ANCASH,HUARI,HUANTAR,76,16,60,0.21052631578947367
021008,2025,ANCASH,HUARI,HUANTAR,88,11,77,0.125
021008,2026,ANCASH,HUARI,HUANTAR,64,11,53,0.171875
021009,2020,ANCASH,HUARI,MASIN,50,31,19,0.62
021009,2021,ANCASH,HUARI,MASIN,20,6,14,0.3
021009,2022,ANCASH,HUARI,MASIN,16,11,5,0.6875
021009,2023,ANCASH,HUARI,MASIN,53,28,25,0.5283018867924528
021009,2024,ANCASH,HUARI,MASIN,51,13,38,0.2549019607843137
021009,2025,ANCASH,HUARI,MASIN,47,7,40,0.14893617021276595
021009,2026,ANCASH,HUARI,MASIN,32,5,27,0.15625
021010,2020,ANCASH,HUARI,PAUCAS,29,4,25,0.13793103448275862
021010,2021,ANCASH,HUARI,PAUCAS,32,13,19,0.40625
021010,2022,ANCASH,HUARI,PAUCAS,27,5,22,0.18518518518518517
021010,2023,ANCASH,HUARI,PAUCAS,56,6,50,0.10714285714285714
021010,2024,ANCASH,HUARI,PAUCAS,58,7,51,0.1206896551724138
021010,2025,ANCASH,HUARI,PAUCAS,52,11,41,0.21153846153846154
021010,2026,ANCASH,HUARI,PAUCAS,37,1,36,0.02702702702702703
021011,2020,ANCASH,HUARI,PONTO,58,54,4,0.9310344827586207
021011,2021,ANCASH,HUARI,PONTO,38,20,18,0.5263157894736842
021011,2022,ANCASH,HUARI,PONTO,48,20,28,0.4166666666666667
021011,2023,ANCASH,HUARI,PONTO,74,19,55,0.25675675675675674
021011,2024,ANCASH,HUARI,PONTO,63,16,47,0.25396825396825395
021011,2025,ANCASH,HUARI,PONTO,50,3,47,0.06
021011,2026,ANCASH,HUARI,PONTO,33,1,32,0.030303030303030304
021012,2020,ANCASH,HUARI,RAHUAPAMPA,24,7,17,0.2916666666666667
021012,2021,ANCASH,HUARI,RAHUAPAMPA,20,5,15,0.25
021012,2022,ANCASH,HUARI,RAHUAPAMPA,17,6,11,0.35294117647058826
021012,2023,ANCASH,HUARI,RAHUAPAMPA,40,9,31,0.225
021012,2024,ANCASH,HUARI,RAHUAPAMPA,42,10,32,0.23809523809523808
021012,2025,ANCASH,HUARI,RAHUAPAMPA,45,5,40,0.1111111111111111
021012,2026,ANCASH,HUARI,RAHUAPAMPA,27,3,24,0.1111111111111111
021013,2020,ANCASH,HUARI,RAPAYAN,50,10,40,0.2
021013,2021,ANCASH,HUARI,RAPAYAN,19,10,9,0.5263157894736842
021013,2022,ANCASH,HUARI,RAPAYAN,25,4,21,0.16
021013,2023,ANCASH,HUARI,RAPAYAN,58,9,49,0.15517241379310345
021013,2024,ANCASH,HUARI,RAPAYAN,54,15,39,0.2777777777777778
021013,2025,ANCASH,HUARI,RAPAYAN,49,13,36,0.2653061224489796
021013,2026,ANCASH,HUARI,RAPAYAN,29,7,22,0.2413793103448276
021014,2020,ANCASH,HUARI,SAN MARCOS,520,128,392,0.24615384615384617
021014,2021,ANCASH,HUARI,SAN MARCOS,274,100,174,0.36496350364963503
021014,2022,ANCASH,HUARI,SAN MARCOS,219,67,152,0.3059360730593607
021014,2023,ANCASH,HUARI,SAN MARCOS,741,49,692,0.06612685560053981
021014,2024,ANCASH,HUARI,SAN MARCOS,731,57,674,0.07797537619699042
021014,2025,ANCASH,HUARI,SAN MARCOS,691,37,654,0.053545586107091175
021014,2026,ANCASH,HUARI,SAN MARCOS,479,25,454,0.05219206680584551
021015,2020,ANCASH,HUARI,SAN PEDRO DE CHANA,106,71,35,0.6698113207547169
021015,2021,ANCASH,HUARI,SAN PEDRO DE CHANA,97,52,45,0.5360824742268041
021015,2022,ANCASH,HUARI,SAN PEDRO DE CHANA,73,54,19,0.7397260273972602
021015,2023,ANCASH,HUARI,SAN PEDRO DE CHANA,150,58,92,0.38666666666666666
021015,2024,ANCASH,HUARI,SAN PEDRO DE CHANA,136,17,119,0.125
021015,2025,ANCASH,HUARI,SAN PEDRO DE CHANA,149,25,124,0.16778523489932887
021015,2026,ANCASH,HUARI,SAN PEDRO DE CHANA,102,19,83,0.18627450980392157
021016,2020,ANCASH,HUARI,UCO,38,27,11,0.7105263157894737
021016,2021,ANCASH,HUARI,UCO,33,19,14,0.5757575757575758
021016,2022,ANCASH,HUARI,UCO,22,19,3,0.8636363636363636
021016,2023,ANCASH,HUARI,UCO,47,25,22,0.5319148936170213
021016,2024,ANCASH,HUARI,UCO,33,17,16,0.5151515151515151
021016,2025,ANCASH,HUARI,UCO,33,12,21,0.36363636363636365
021016,2026,ANCASH,HUARI,UCO,28,9,19,0.32142857142857145
021101,2020,ANCASH,HUARMEY,HUARMEY,602,82,520,0.1362126245847176
021101,2021,ANCASH,HUARMEY,HUARMEY,132,25,107,0.1893939393939394
021101,2022,ANCASH,HUARMEY,HUARMEY,629,179,450,0.2845786963434022
021101,2023,ANCASH,HUARMEY,HUARMEY,897,123,774,0.13712374581939799
021101,2024,ANCASH,HUARMEY,HUARMEY,879,109,770,0.12400455062571103
021101,2025,ANCASH,HUARMEY,HUARMEY,861,114,747,0.13240418118466898
021101,2026,ANCASH,HUARMEY,HUARMEY,544,101,443,0.18566176470588236
021102,2020,ANCASH,HUARMEY,COCHAPETI,21,14,7,0.6666666666666666
021102,2021,ANCASH,HUARMEY,COCHAPETI,5,4,1,0.8
021102,2022,ANCASH,HUARMEY,COCHAPETI,4,4,0,1.0
021102,2023,ANCASH,HUARMEY,COCHAPETI,20,9,11,0.45
021102,2024,ANCASH,HUARMEY,COCHAPETI,21,7,14,0.3333333333333333
021102,2025,ANCASH,HUARMEY,COCHAPETI,15,9,6,0.6
021102,2026,ANCASH,HUARMEY,COCHAPETI,5,0,5,0.0
021103,2020,ANCASH,HUARMEY,CULEBRAS,59,8,51,0.13559322033898305
021103,2021,ANCASH,HUARMEY,CULEBRAS,6,3,3,0.5
021103,2022,ANCASH,HUARMEY,CULEBRAS,98,33,65,0.336734693877551
021103,2023,ANCASH,HUARMEY,CULEBRAS,118,21,97,0.17796610169491525
021103,2024,ANCASH,HUARMEY,CULEBRAS,97,15,82,0.15463917525773196
021103,2025,ANCASH,HUARMEY,CULEBRAS,87,10,77,0.11494252873563218
021103,2026,ANCASH,HUARMEY,CULEBRAS,62,13,49,0.20967741935483872
021104,2020,ANCASH,HUARMEY,HUAYAN,12,11,1,0.9166666666666666
021104,2022,ANCASH,HUARMEY,HUAYAN,20,13,7,0.65
021104,2023,ANCASH,HUARMEY,HUAYAN,23,14,9,0.6086956521739131
021104,2024,ANCASH,HUARMEY,HUAYAN,22,15,7,0.6818181818181818
021104,2025,ANCASH,HUARMEY,HUAYAN,22,19,3,0.8636363636363636
021104,2026,ANCASH,HUARMEY,HUAYAN,15,8,7,0.5333333333333333
021105,2020,ANCASH,HUARMEY,MALVAS,13,9,4,0.6923076923076923
021105,2021,ANCASH,HUARMEY,MALVAS,0,0,0,
021105,2022,ANCASH,HUARMEY,MALVAS,16,15,1,0.9375
021105,2023,ANCASH,HUARMEY,MALVAS,21,18,3,0.8571428571428571
021105,2024,ANCASH,HUARMEY,MALVAS,18,14,4,0.7777777777777778
021105,2025,ANCASH,HUARMEY,MALVAS,17,14,3,0.8235294117647058
021105,2026,ANCASH,HUARMEY,MALVAS,12,11,1,0.9166666666666666
021201,2020,ANCASH,HUAYLAS,CARAZ,935,184,751,0.19679144385026737
021201,2021,ANCASH,HUAYLAS,CARAZ,619,156,463,0.2520193861066236
021201,2022,ANCASH,HUAYLAS,CARAZ,356,103,253,0.2893258426966292
021201,2023,ANCASH,HUAYLAS,CARAZ,1108,421,687,0.3799638989169675
021201,2024,ANCASH,HUAYLAS,CARAZ,1081,161,920,0.14893617021276595
021201,2025,ANCASH,HUAYLAS,CARAZ,1041,282,759,0.27089337175792505
021201,2026,ANCASH,HUAYLAS,CARAZ,718,208,510,0.28969359331476324
021202,2020,ANCASH,HUAYLAS,HUALLANCA,27,6,21,0.2222222222222222
021202,2021,ANCASH,HUAYLAS,HUALLANCA,25,4,21,0.16
021202,2022,ANCASH,HUAYLAS,HUALLANCA,28,13,15,0.4642857142857143
021202,2023,ANCASH,HUAYLAS,HUALLANCA,37,16,21,0.43243243243243246
021202,2024,ANCASH,HUAYLAS,HUALLANCA,41,12,29,0.2926829268292683
021202,2025,ANCASH,HUAYLAS,HUALLANCA,32,5,27,0.15625
021202,2026,ANCASH,HUAYLAS,HUALLANCA,19,5,14,0.2631578947368421
021203,2020,ANCASH,HUAYLAS,HUATA,18,4,14,0.2222222222222222
021203,2021,ANCASH,HUAYLAS,HUATA,7,3,4,0.42857142857142855
021203,2022,ANCASH,HUAYLAS,HUATA,11,5,6,0.45454545454545453
021203,2023,ANCASH,HUAYLAS,HUATA,35,1,34,0.02857142857142857
021203,2024,ANCASH,HUAYLAS,HUATA,44,8,36,0.18181818181818182
021203,2025,ANCASH,HUAYLAS,HUATA,44,5,39,0.11363636363636363
021203,2026,ANCASH,HUAYLAS,HUATA,32,4,28,0.125
021204,2020,ANCASH,HUAYLAS,HUAYLAS,9,3,6,0.3333333333333333
021204,2021,ANCASH,HUAYLAS,HUAYLAS,5,4,1,0.8
021204,2022,ANCASH,HUAYLAS,HUAYLAS,7,4,3,0.5714285714285714
021204,2023,ANCASH,HUAYLAS,HUAYLAS,38,26,12,0.6842105263157895
021204,2024,ANCASH,HUAYLAS,HUAYLAS,46,20,26,0.43478260869565216
021204,2025,ANCASH,HUAYLAS,HUAYLAS,35,14,21,0.4
021204,2026,ANCASH,HUAYLAS,HUAYLAS,28,6,22,0.21428571428571427
021205,2020,ANCASH,HUAYLAS,MATO,36,8,28,0.2222222222222222
021205,2021,ANCASH,HUAYLAS,MATO,26,12,14,0.46153846153846156
021205,2022,ANCASH,HUAYLAS,MATO,15,10,5,0.6666666666666666
021205,2023,ANCASH,HUAYLAS,MATO,77,24,53,0.3116883116883117
021205,2024,ANCASH,HUAYLAS,MATO,75,28,47,0.37333333333333335
021205,2025,ANCASH,HUAYLAS,MATO,74,12,62,0.16216216216216217
021205,2026,ANCASH,HUAYLAS,MATO,45,8,37,0.17777777777777778
021206,2020,ANCASH,HUAYLAS,PAMPAROMAS,187,63,124,0.33689839572192515
021206,2021,ANCASH,HUAYLAS,PAMPAROMAS,268,78,190,0.291044776119403
021206,2022,ANCASH,HUAYLAS,PAMPAROMAS,237,69,168,0.2911392405063291
021206,2023,ANCASH,HUAYLAS,PAMPAROMAS,388,87,301,0.22422680412371135
021206,2024,ANCASH,HUAYLAS,PAMPAROMAS,379,81,298,0.21372031662269128
021206,2025,ANCASH,HUAYLAS,PAMPAROMAS,333,51,282,0.15315315315315314
021206,2026,ANCASH,HUAYLAS,PAMPAROMAS,236,28,208,0.11864406779661017
021207,2020,ANCASH,HUAYLAS,PUEBLO LIBRE,104,31,73,0.2980769230769231
021207,2021,ANCASH,HUAYLAS,PUEBLO LIBRE,94,38,56,0.40425531914893614
021207,2022,ANCASH,HUAYLAS,PUEBLO LIBRE,85,35,50,0.4117647058823529
021207,2023,ANCASH,HUAYLAS,PUEBLO LIBRE,251,92,159,0.3665338645418327
021207,2024,ANCASH,HUAYLAS,PUEBLO LIBRE,262,54,208,0.20610687022900764
021207,2025,ANCASH,HUAYLAS,PUEBLO LIBRE,227,59,168,0.2599118942731278
021207,2026,ANCASH,HUAYLAS,PUEBLO LIBRE,136,32,104,0.23529411764705882
021208,2020,ANCASH,HUAYLAS,SANTA CRUZ,46,20,26,0.43478260869565216
021208,2021,ANCASH,HUAYLAS,SANTA CRUZ,34,10,24,0.29411764705882354
021208,2022,ANCASH,HUAYLAS,SANTA CRUZ,35,13,22,0.37142857142857144
021208,2023,ANCASH,HUAYLAS,SANTA CRUZ,170,78,92,0.4588235294117647
021208,2024,ANCASH,HUAYLAS,SANTA CRUZ,187,46,141,0.24598930481283424
021208,2025,ANCASH,HUAYLAS,SANTA CRUZ,168,42,126,0.25
021208,2026,ANCASH,HUAYLAS,SANTA CRUZ,106,30,76,0.2830188679245283
021209,2020,ANCASH,HUAYLAS,SANTO TORIBIO,16,4,12,0.25
021209,2021,ANCASH,HUAYLAS,SANTO TORIBIO,14,10,4,0.7142857142857143
021209,2022,ANCASH,HUAYLAS,SANTO TORIBIO,11,8,3,0.7272727272727273
021209,2023,ANCASH,HUAYLAS,SANTO TORIBIO,50,32,18,0.64
021209,2024,ANCASH,HUAYLAS,SANTO TORIBIO,45,11,34,0.24444444444444444
021209,2025,ANCASH,HUAYLAS,SANTO TORIBIO,40,6,34,0.15
021209,2026,ANCASH,HUAYLAS,SANTO TORIBIO,26,5,21,0.19230769230769232
021210,2020,ANCASH,HUAYLAS,YURACMARCA,83,16,67,0.1927710843373494
021210,2021,ANCASH,HUAYLAS,YURACMARCA,109,11,98,0.10091743119266056
021210,2022,ANCASH,HUAYLAS,YURACMARCA,108,20,88,0.18518518518518517
021210,2023,ANCASH,HUAYLAS,YURACMARCA,91,5,86,0.054945054945054944
021210,2024,ANCASH,HUAYLAS,YURACMARCA,92,18,74,0.1956521739130435
021210,2025,ANCASH,HUAYLAS,YURACMARCA,77,17,60,0.22077922077922077
021210,2026,ANCASH,HUAYLAS,YURACMARCA,52,12,40,0.23076923076923078
021301,2020,ANCASH,MARISCAL LUZURIAGA,PISCOBAMBA,61,23,38,0.3770491803278688
021301,2021,ANCASH,MARISCAL LUZURIAGA,PISCOBAMBA,29,25,4,0.8620689655172413
021301,2022,ANCASH,MARISCAL LUZURIAGA,PISCOBAMBA,32,17,15,0.53125
021301,2023,ANCASH,MARISCAL LUZURIAGA,PISCOBAMBA,123,52,71,0.42276422764227645
021301,2024,ANCASH,MARISCAL LUZURIAGA,PISCOBAMBA,91,5,86,0.054945054945054944
021301,2025,ANCASH,MARISCAL LUZURIAGA,PISCOBAMBA,90,27,63,0.3
021301,2026,ANCASH,MARISCAL LUZURIAGA,PISCOBAMBA,63,16,47,0.25396825396825395
021302,2020,ANCASH,MARISCAL LUZURIAGA,CASCA,34,10,24,0.29411764705882354
021302,2021,ANCASH,MARISCAL LUZURIAGA,CASCA,34,31,3,0.9117647058823529
021302,2022,ANCASH,MARISCAL LUZURIAGA,CASCA,31,14,17,0.45161290322580644
021302,2023,ANCASH,MARISCAL LUZURIAGA,CASCA,69,10,59,0.14492753623188406
021302,2024,ANCASH,MARISCAL LUZURIAGA,CASCA,61,6,55,0.09836065573770492
021302,2025,ANCASH,MARISCAL LUZURIAGA,CASCA,60,7,53,0.11666666666666667
021302,2026,ANCASH,MARISCAL LUZURIAGA,CASCA,43,8,35,0.18604651162790697
021303,2020,ANCASH,MARISCAL LUZURIAGA,ELEAZAR GUZMAN BARRON,11,5,6,0.45454545454545453
021303,2021,ANCASH,MARISCAL LUZURIAGA,ELEAZAR GUZMAN BARRON,18,18,0,1.0
021303,2022,ANCASH,MARISCAL LUZURIAGA,ELEAZAR GUZMAN BARRON,14,9,5,0.6428571428571429
021303,2023,ANCASH,MARISCAL LUZURIAGA,ELEAZAR GUZMAN BARRON,43,10,33,0.23255813953488372
021303,2024,ANCASH,MARISCAL LUZURIAGA,ELEAZAR GUZMAN BARRON,39,6,33,0.15384615384615385
021303,2025,ANCASH,MARISCAL LUZURIAGA,ELEAZAR GUZMAN BARRON,42,11,31,0.2619047619047619
021303,2026,ANCASH,MARISCAL LUZURIAGA,ELEAZAR GUZMAN BARRON,27,6,21,0.2222222222222222
021304,2020,ANCASH,MARISCAL LUZURIAGA,FIDEL OLIVAS ESCUDERO,20,3,17,0.15
021304,2021,ANCASH,MARISCAL LUZURIAGA,FIDEL OLIVAS ESCUDERO,16,9,7,0.5625
021304,2022,ANCASH,MARISCAL LUZURIAGA,FIDEL OLIVAS ESCUDERO,21,1,20,0.047619047619047616
021304,2023,ANCASH,MARISCAL LUZURIAGA,FIDEL OLIVAS ESCUDERO,61,11,50,0.18032786885245902
021304,2024,ANCASH,MARISCAL LUZURIAGA,FIDEL OLIVAS ESCUDERO,70,2,68,0.02857142857142857
021304,2025,ANCASH,MARISCAL LUZURIAGA,FIDEL OLIVAS ESCUDERO,54,3,51,0.05555555555555555
021304,2026,ANCASH,MARISCAL LUZURIAGA,FIDEL OLIVAS ESCUDERO,34,1,33,0.029411764705882353
021305,2020,ANCASH,MARISCAL LUZURIAGA,LLAMA,16,4,12,0.25
021305,2021,ANCASH,MARISCAL LUZURIAGA,LLAMA,9,7,2,0.7777777777777778
021305,2022,ANCASH,MARISCAL LUZURIAGA,LLAMA,9,2,7,0.2222222222222222
021305,2023,ANCASH,MARISCAL LUZURIAGA,LLAMA,31,3,28,0.0967741935483871
021305,2024,ANCASH,MARISCAL LUZURIAGA,LLAMA,29,5,24,0.1724137931034483
021305,2025,ANCASH,MARISCAL LUZURIAGA,LLAMA,16,4,12,0.25
021305,2026,ANCASH,MARISCAL LUZURIAGA,LLAMA,14,2,12,0.14285714285714285
021306,2020,ANCASH,MARISCAL LUZURIAGA,LLUMPA,77,21,56,0.2727272727272727
021306,2021,ANCASH,MARISCAL LUZURIAGA,LLUMPA,54,27,27,0.5
021306,2022,ANCASH,MARISCAL LUZURIAGA,LLUMPA,53,22,31,0.41509433962264153
021306,2023,ANCASH,MARISCAL LUZURIAGA,LLUMPA,195,144,51,0.7384615384615385
021306,2024,ANCASH,MARISCAL LUZURIAGA,LLUMPA,220,63,157,0.2863636363636364
021306,2025,ANCASH,MARISCAL LUZURIAGA,LLUMPA,180,13,167,0.07222222222222222
021306,2026,ANCASH,MARISCAL LUZURIAGA,LLUMPA,126,9,117,0.07142857142857142
021307,2020,ANCASH,MARISCAL LUZURIAGA,LUCMA,56,6,50,0.10714285714285714
021307,2021,ANCASH,MARISCAL LUZURIAGA,LUCMA,32,28,4,0.875
021307,2022,ANCASH,MARISCAL LUZURIAGA,LUCMA,55,9,46,0.16363636363636364
021307,2023,ANCASH,MARISCAL LUZURIAGA,LUCMA,118,20,98,0.1694915254237288
021307,2024,ANCASH,MARISCAL LUZURIAGA,LUCMA,101,15,86,0.1485148514851485
021307,2025,ANCASH,MARISCAL LUZURIAGA,LUCMA,98,7,91,0.07142857142857142
021307,2026,ANCASH,MARISCAL LUZURIAGA,LUCMA,61,3,58,0.04918032786885246
021308,2020,ANCASH,MARISCAL LUZURIAGA,MUSGA,6,2,4,0.3333333333333333
021308,2021,ANCASH,MARISCAL LUZURIAGA,MUSGA,7,5,2,0.7142857142857143
021308,2022,ANCASH,MARISCAL LUZURIAGA,MUSGA,3,0,3,0.0
021308,2023,ANCASH,MARISCAL LUZURIAGA,MUSGA,12,2,10,0.16666666666666666
021308,2024,ANCASH,MARISCAL LUZURIAGA,MUSGA,16,6,10,0.375
021308,2025,ANCASH,MARISCAL LUZURIAGA,MUSGA,15,2,13,0.13333333333333333
021308,2026,ANCASH,MARISCAL LUZURIAGA,MUSGA,18,2,16,0.1111111111111111
021401,2020,ANCASH,OCROS,OCROS,19,5,14,0.2631578947368421
021401,2021,ANCASH,OCROS,OCROS,11,3,8,0.2727272727272727
021401,2022,ANCASH,OCROS,OCROS,13,8,5,0.6153846153846154
021401,2023,ANCASH,OCROS,OCROS,36,16,20,0.4444444444444444
021401,2024,ANCASH,OCROS,OCROS,48,15,33,0.3125
021401,2025,ANCASH,OCROS,OCROS,46,23,23,0.5
021401,2026,ANCASH,OCROS,OCROS,23,11,12,0.4782608695652174
021402,2020,ANCASH,OCROS,ACAS,5,5,0,1.0
021402,2021,ANCASH,OCROS,ACAS,3,3,0,1.0
021402,2022,ANCASH,OCROS,ACAS,10,10,0,1.0
021402,2023,ANCASH,OCROS,ACAS,9,9,0,1.0
021402,2024,ANCASH,OCROS,ACAS,11,11,0,1.0
021402,2025,ANCASH,OCROS,ACAS,11,10,1,0.9090909090909091
021402,2026,ANCASH,OCROS,ACAS,3,3,0,1.0
021403,2020,ANCASH,OCROS,CAJAMARQUILLA,1,1,0,1.0
021403,2023,ANCASH,OCROS,CAJAMARQUILLA,3,2,1,0.6666666666666666
021403,2024,ANCASH,OCROS,CAJAMARQUILLA,3,0,3,0.0
021404,2020,ANCASH,OCROS,CARHUAPAMPA,10,8,2,0.8
021404,2021,ANCASH,OCROS,CARHUAPAMPA,4,1,3,0.25
021404,2022,ANCASH,OCROS,CARHUAPAMPA,2,2,0,1.0
021404,2023,ANCASH,OCROS,CARHUAPAMPA,7,5,2,0.7142857142857143
021404,2024,ANCASH,OCROS,CARHUAPAMPA,11,7,4,0.6363636363636364
021404,2025,ANCASH,OCROS,CARHUAPAMPA,7,2,5,0.2857142857142857
021404,2026,ANCASH,OCROS,CARHUAPAMPA,4,3,1,0.75
021405,2020,ANCASH,OCROS,COCHAS,15,0,15,0.0
021405,2021,ANCASH,OCROS,COCHAS,14,0,14,0.0
021405,2022,ANCASH,OCROS,COCHAS,14,0,14,0.0
021405,2023,ANCASH,OCROS,COCHAS,24,1,23,0.041666666666666664
021405,2024,ANCASH,OCROS,COCHAS,36,0,36,0.0
021405,2025,ANCASH,OCROS,COCHAS,41,3,38,0.07317073170731707
021405,2026,ANCASH,OCROS,COCHAS,20,0,20,0.0
021406,2020,ANCASH,OCROS,CONGAS,10,6,4,0.6
021406,2021,ANCASH,OCROS,CONGAS,11,10,1,0.9090909090909091
021406,2022,ANCASH,OCROS,CONGAS,13,9,4,0.6923076923076923
021406,2023,ANCASH,OCROS,CONGAS,20,8,12,0.4
021406,2024,ANCASH,OCROS,CONGAS,20,9,11,0.45
021406,2025,ANCASH,OCROS,CONGAS,17,3,14,0.17647058823529413
021406,2026,ANCASH,OCROS,CONGAS,10,1,9,0.1
021407,2020,ANCASH,OCROS,LLIPA,3,3,0,1.0
021407,2021,ANCASH,OCROS,LLIPA,2,2,0,1.0
021407,2022,ANCASH,OCROS,LLIPA,3,2,1,0.6666666666666666
021407,2023,ANCASH,OCROS,LLIPA,1,1,0,1.0
021407,2024,ANCASH,OCROS,LLIPA,1,0,1,0.0
021407,2025,ANCASH,OCROS,LLIPA,2,0,2,0.0
021408,2020,ANCASH,OCROS,SAN CRISTOBAL DE RAJAN,6,6,0,1.0
021408,2021,ANCASH,OCROS,SAN CRISTOBAL DE RAJAN,2,2,0,1.0
021408,2022,ANCASH,OCROS,SAN CRISTOBAL DE RAJAN,6,6,0,1.0
021408,2023,ANCASH,OCROS,SAN CRISTOBAL DE RAJAN,7,2,5,0.2857142857142857
021408,2024,ANCASH,OCROS,SAN CRISTOBAL DE RAJAN,6,1,5,0.16666666666666666
021408,2025,ANCASH,OCROS,SAN CRISTOBAL DE RAJAN,5,0,5,0.0
021408,2026,ANCASH,OCROS,SAN CRISTOBAL DE RAJAN,2,0,2,0.0
021409,2020,ANCASH,OCROS,SAN PEDRO,13,0,13,0.0
021409,2021,ANCASH,OCROS,SAN PEDRO,6,3,3,0.5
021409,2022,ANCASH,OCROS,SAN PEDRO,4,0,4,0.0
021409,2023,ANCASH,OCROS,SAN PEDRO,10,1,9,0.1
021409,2024,ANCASH,OCROS,SAN PEDRO,14,4,10,0.2857142857142857
021409,2025,ANCASH,OCROS,SAN PEDRO,16,1,15,0.0625
021409,2026,ANCASH,OCROS,SAN PEDRO,7,0,7,0.0
021410,2020,ANCASH,OCROS,SANTIAGO DE CHILCAS,2,2,0,1.0
021410,2021,ANCASH,OCROS,SANTIAGO DE CHILCAS,2,2,0,1.0
021410,2022,ANCASH,OCROS,SANTIAGO DE CHILCAS,8,8,0,1.0
021410,2023,ANCASH,OCROS,SANTIAGO DE CHILCAS,8,3,5,0.375
021410,2024,ANCASH,OCROS,SANTIAGO DE CHILCAS,5,1,4,0.2
021410,2025,ANCASH,OCROS,SANTIAGO DE CHILCAS,8,1,7,0.125
021410,2026,ANCASH,OCROS,SANTIAGO DE CHILCAS,4,1,3,0.25
021501,2020,ANCASH,PALLASCA,CABANA,106,98,8,0.9245283018867925
021501,2021,ANCASH,PALLASCA,CABANA,98,90,8,0.9183673469387755
021501,2022,ANCASH,PALLASCA,CABANA,90,83,7,0.9222222222222223
021501,2023,ANCASH,PALLASCA,CABANA,96,78,18,0.8125
021501,2024,ANCASH,PALLASCA,CABANA,98,81,17,0.826530612244898
021501,2025,ANCASH,PALLASCA,CABANA,96,10,86,0.10416666666666667
021501,2026,ANCASH,PALLASCA,CABANA,59,6,53,0.1016949152542373
021502,2020,ANCASH,PALLASCA,BOLOGNESI,39,38,1,0.9743589743589743
021502,2021,ANCASH,PALLASCA,BOLOGNESI,50,45,5,0.9
021502,2022,ANCASH,PALLASCA,BOLOGNESI,47,36,11,0.7659574468085106
021502,2023,ANCASH,PALLASCA,BOLOGNESI,42,34,8,0.8095238095238095
021502,2024,ANCASH,PALLASCA,BOLOGNESI,52,49,3,0.9423076923076923
021502,2025,ANCASH,PALLASCA,BOLOGNESI,43,6,37,0.13953488372093023
021502,2026,ANCASH,PALLASCA,BOLOGNESI,36,4,32,0.1111111111111111
021503,2020,ANCASH,PALLASCA,CONCHUCOS,242,44,198,0.18181818181818182
021503,2021,ANCASH,PALLASCA,CONCHUCOS,176,120,56,0.6818181818181818
021503,2022,ANCASH,PALLASCA,CONCHUCOS,194,155,39,0.7989690721649485
021503,2023,ANCASH,PALLASCA,CONCHUCOS,334,295,39,0.8832335329341318
021503,2024,ANCASH,PALLASCA,CONCHUCOS,342,79,263,0.2309941520467836
021503,2025,ANCASH,PALLASCA,CONCHUCOS,258,49,209,0.18992248062015504
021503,2026,ANCASH,PALLASCA,CONCHUCOS,156,33,123,0.21153846153846154
021504,2020,ANCASH,PALLASCA,HUACASCHUQUE,7,3,4,0.42857142857142855
021504,2021,ANCASH,PALLASCA,HUACASCHUQUE,3,3,0,1.0
021504,2022,ANCASH,PALLASCA,HUACASCHUQUE,10,10,0,1.0
021504,2023,ANCASH,PALLASCA,HUACASCHUQUE,24,23,1,0.9583333333333334
021504,2024,ANCASH,PALLASCA,HUACASCHUQUE,22,4,18,0.18181818181818182
021504,2025,ANCASH,PALLASCA,HUACASCHUQUE,12,0,12,0.0
021504,2026,ANCASH,PALLASCA,HUACASCHUQUE,9,1,8,0.1111111111111111
021505,2020,ANCASH,PALLASCA,HUANDOVAL,45,42,3,0.9333333333333333
021505,2021,ANCASH,PALLASCA,HUANDOVAL,47,42,5,0.8936170212765957
021505,2022,ANCASH,PALLASCA,HUANDOVAL,31,30,1,0.967741935483871
021505,2023,ANCASH,PALLASCA,HUANDOVAL,26,18,8,0.6923076923076923
021505,2024,ANCASH,PALLASCA,HUANDOVAL,30,23,7,0.7666666666666667
021505,2025,ANCASH,PALLASCA,HUANDOVAL,26,7,19,0.2692307692307692
021505,2026,ANCASH,PALLASCA,HUANDOVAL,26,3,23,0.11538461538461539
021506,2020,ANCASH,PALLASCA,LACABAMBA,14,11,3,0.7857142857142857
021506,2021,ANCASH,PALLASCA,LACABAMBA,13,10,3,0.7692307692307693
021506,2022,ANCASH,PALLASCA,LACABAMBA,9,9,0,1.0
021506,2023,ANCASH,PALLASCA,LACABAMBA,27,27,0,1.0
021506,2024,ANCASH,PALLASCA,LACABAMBA,25,9,16,0.36
021506,2025,ANCASH,PALLASCA,LACABAMBA,18,5,13,0.2777777777777778
021506,2026,ANCASH,PALLASCA,LACABAMBA,10,5,5,0.5
021507,2020,ANCASH,PALLASCA,LLAPO,13,6,7,0.46153846153846156
021507,2021,ANCASH,PALLASCA,LLAPO,16,10,6,0.625
021507,2022,ANCASH,PALLASCA,LLAPO,21,18,3,0.8571428571428571
021507,2023,ANCASH,PALLASCA,LLAPO,10,10,0,1.0
021507,2024,ANCASH,PALLASCA,LLAPO,12,12,0,1.0
021507,2025,ANCASH,PALLASCA,LLAPO,4,0,4,0.0
021507,2026,ANCASH,PALLASCA,LLAPO,4,1,3,0.25
021508,2020,ANCASH,PALLASCA,PALLASCA,56,29,27,0.5178571428571429
021508,2021,ANCASH,PALLASCA,PALLASCA,40,34,6,0.85
021508,2022,ANCASH,PALLASCA,PALLASCA,25,22,3,0.88
021508,2023,ANCASH,PALLASCA,PALLASCA,86,78,8,0.9069767441860465
021508,2024,ANCASH,PALLASCA,PALLASCA,83,29,54,0.3493975903614458
021508,2025,ANCASH,PALLASCA,PALLASCA,77,20,57,0.2597402597402597
021508,2026,ANCASH,PALLASCA,PALLASCA,59,19,40,0.3220338983050847
021509,2020,ANCASH,PALLASCA,PAMPAS,72,58,14,0.8055555555555556
021509,2021,ANCASH,PALLASCA,PAMPAS,51,39,12,0.7647058823529411
021509,2022,ANCASH,PALLASCA,PAMPAS,45,36,9,0.8
021509,2023,ANCASH,PALLASCA,PAMPAS,143,139,4,0.972027972027972
021509,2024,ANCASH,PALLASCA,PAMPAS,157,93,64,0.5923566878980892
021509,2025,ANCASH,PALLASCA,PAMPAS,165,46,119,0.2787878787878788
021509,2026,ANCASH,PALLASCA,PAMPAS,117,28,89,0.23931623931623933
021510,2020,ANCASH,PALLASCA,SANTA ROSA,19,15,4,0.7894736842105263
021510,2021,ANCASH,PALLASCA,SANTA ROSA,33,29,4,0.8787878787878788
021510,2022,ANCASH,PALLASCA,SANTA ROSA,31,26,5,0.8387096774193549
021510,2023,ANCASH,PALLASCA,SANTA ROSA,29,21,8,0.7241379310344828
021510,2024,ANCASH,PALLASCA,SANTA ROSA,28,22,6,0.7857142857142857
021510,2025,ANCASH,PALLASCA,SANTA ROSA,33,2,31,0.06060606060606061
021510,2026,ANCASH,PALLASCA,SANTA ROSA,23,12,11,0.5217391304347826
021511,2020,ANCASH,PALLASCA,TAUCA,117,114,3,0.9743589743589743
021511,2021,ANCASH,PALLASCA,TAUCA,95,94,1,0.9894736842105263
021511,2022,ANCASH,PALLASCA,TAUCA,83,82,1,0.9879518072289156
021511,2023,ANCASH,PALLASCA,TAUCA,68,60,8,0.8823529411764706
021511,2024,ANCASH,PALLASCA,TAUCA,75,70,5,0.9333333333333333
021511,2025,ANCASH,PALLASCA,TAUCA,67,16,51,0.23880597014925373
021511,2026,ANCASH,PALLASCA,TAUCA,39,3,36,0.07692307692307693
021601,2020,ANCASH,POMABAMBA,POMABAMBA,288,65,223,0.22569444444444445
021601,2021,ANCASH,POMABAMBA,POMABAMBA,175,116,59,0.6628571428571428
021601,2022,ANCASH,POMABAMBA,POMABAMBA,180,100,80,0.5555555555555556
021601,2023,ANCASH,POMABAMBA,POMABAMBA,616,243,373,0.3944805194805195
021601,2024,ANCASH,POMABAMBA,POMABAMBA,642,86,556,0.13395638629283488
021601,2025,ANCASH,POMABAMBA,POMABAMBA,602,57,545,0.0946843853820598
021601,2026,ANCASH,POMABAMBA,POMABAMBA,430,71,359,0.16511627906976745
021602,2020,ANCASH,POMABAMBA,HUAYLLAN,47,5,42,0.10638297872340426
021602,2021,ANCASH,POMABAMBA,HUAYLLAN,39,23,16,0.5897435897435898
021602,2022,ANCASH,POMABAMBA,HUAYLLAN,57,6,51,0.10526315789473684
021602,2023,ANCASH,POMABAMBA,HUAYLLAN,105,14,91,0.13333333333333333
021602,2024,ANCASH,POMABAMBA,HUAYLLAN,75,5,70,0.06666666666666667
021602,2025,ANCASH,POMABAMBA,HUAYLLAN,54,2,52,0.037037037037037035
021602,2026,ANCASH,POMABAMBA,HUAYLLAN,47,3,44,0.06382978723404255
021603,2020,ANCASH,POMABAMBA,PAROBAMBA,96,10,86,0.10416666666666667
021603,2021,ANCASH,POMABAMBA,PAROBAMBA,71,12,59,0.16901408450704225
021603,2022,ANCASH,POMABAMBA,PAROBAMBA,70,22,48,0.3142857142857143
021603,2023,ANCASH,POMABAMBA,PAROBAMBA,199,34,165,0.1708542713567839
021603,2024,ANCASH,POMABAMBA,PAROBAMBA,183,24,159,0.13114754098360656
021603,2025,ANCASH,POMABAMBA,PAROBAMBA,153,17,136,0.1111111111111111
021603,2026,ANCASH,POMABAMBA,PAROBAMBA,97,16,81,0.16494845360824742
021604,2020,ANCASH,POMABAMBA,QUINUABAMBA,77,26,51,0.33766233766233766
021604,2021,ANCASH,POMABAMBA,QUINUABAMBA,31,5,26,0.16129032258064516
021604,2022,ANCASH,POMABAMBA,QUINUABAMBA,25,3,22,0.12
021604,2023,ANCASH,POMABAMBA,QUINUABAMBA,64,4,60,0.0625
021604,2024,ANCASH,POMABAMBA,QUINUABAMBA,82,7,75,0.08536585365853659
021604,2025,ANCASH,POMABAMBA,QUINUABAMBA,82,13,69,0.15853658536585366
021604,2026,ANCASH,POMABAMBA,QUINUABAMBA,34,3,31,0.08823529411764706
021701,2020,ANCASH,RECUAY,RECUAY,61,28,33,0.45901639344262296
021701,2021,ANCASH,RECUAY,RECUAY,66,40,26,0.6060606060606061
021701,2022,ANCASH,RECUAY,RECUAY,40,18,22,0.45
021701,2023,ANCASH,RECUAY,RECUAY,174,76,98,0.4367816091954023
021701,2024,ANCASH,RECUAY,RECUAY,180,37,143,0.20555555555555555
021701,2025,ANCASH,RECUAY,RECUAY,136,31,105,0.22794117647058823
021701,2026,ANCASH,RECUAY,RECUAY,79,18,61,0.22784810126582278
021702,2020,ANCASH,RECUAY,CATAC,123,69,54,0.5609756097560976
021702,2021,ANCASH,RECUAY,CATAC,41,20,21,0.4878048780487805
021702,2022,ANCASH,RECUAY,CATAC,67,49,18,0.7313432835820896
021702,2023,ANCASH,RECUAY,CATAC,167,66,101,0.39520958083832336
021702,2024,ANCASH,RECUAY,CATAC,175,32,143,0.18285714285714286
021702,2025,ANCASH,RECUAY,CATAC,158,27,131,0.17088607594936708
021702,2026,ANCASH,RECUAY,CATAC,100,23,77,0.23
021703,2020,ANCASH,RECUAY,COTAPARACO,13,6,7,0.46153846153846156
021703,2021,ANCASH,RECUAY,COTAPARACO,6,0,6,0.0
021703,2022,ANCASH,RECUAY,COTAPARACO,3,0,3,0.0
021703,2023,ANCASH,RECUAY,COTAPARACO,14,2,12,0.14285714285714285
021703,2024,ANCASH,RECUAY,COTAPARACO,13,1,12,0.07692307692307693
021703,2025,ANCASH,RECUAY,COTAPARACO,7,0,7,0.0
021703,2026,ANCASH,RECUAY,COTAPARACO,3,0,3,0.0
021704,2020,ANCASH,RECUAY,HUAYLLAPAMPA,19,14,5,0.7368421052631579
021704,2021,ANCASH,RECUAY,HUAYLLAPAMPA,6,4,2,0.6666666666666666
021704,2022,ANCASH,RECUAY,HUAYLLAPAMPA,4,4,0,1.0
021704,2023,ANCASH,RECUAY,HUAYLLAPAMPA,14,12,2,0.8571428571428571
021704,2024,ANCASH,RECUAY,HUAYLLAPAMPA,13,1,12,0.07692307692307693
021704,2025,ANCASH,RECUAY,HUAYLLAPAMPA,9,0,9,0.0
021704,2026,ANCASH,RECUAY,HUAYLLAPAMPA,9,0,9,0.0
021705,2020,ANCASH,RECUAY,LLACLLIN,8,4,4,0.5
021705,2021,ANCASH,RECUAY,LLACLLIN,4,3,1,0.75
021705,2022,ANCASH,RECUAY,LLACLLIN,9,3,6,0.3333333333333333
021705,2023,ANCASH,RECUAY,LLACLLIN,22,11,11,0.5
021705,2024,ANCASH,RECUAY,LLACLLIN,25,23,2,0.92
021705,2025,ANCASH,RECUAY,LLACLLIN,23,5,18,0.21739130434782608
021705,2026,ANCASH,RECUAY,LLACLLIN,12,2,10,0.16666666666666666
021706,2020,ANCASH,RECUAY,MARCA,14,7,7,0.5
021706,2021,ANCASH,RECUAY,MARCA,7,0,7,0.0
021706,2022,ANCASH,RECUAY,MARCA,5,3,2,0.6
021706,2023,ANCASH,RECUAY,MARCA,24,13,11,0.5416666666666666
021706,2024,ANCASH,RECUAY,MARCA,21,3,18,0.14285714285714285
021706,2025,ANCASH,RECUAY,MARCA,15,0,15,0.0
021706,2026,ANCASH,RECUAY,MARCA,8,0,8,0.0
021707,2020,ANCASH,RECUAY,PAMPAS CHICO,20,13,7,0.65
021707,2021,ANCASH,RECUAY,PAMPAS CHICO,12,6,6,0.5
021707,2022,ANCASH,RECUAY,PAMPAS CHICO,10,10,0,1.0
021707,2023,ANCASH,RECUAY,PAMPAS CHICO,19,14,5,0.7368421052631579
021707,2024,ANCASH,RECUAY,PAMPAS CHICO,19,7,12,0.3684210526315789
021707,2025,ANCASH,RECUAY,PAMPAS CHICO,19,6,13,0.3157894736842105
021707,2026,ANCASH,RECUAY,PAMPAS CHICO,18,2,16,0.1111111111111111
021708,2020,ANCASH,RECUAY,PARARIN,10,10,0,1.0
021708,2021,ANCASH,RECUAY,PARARIN,14,12,2,0.8571428571428571
021708,2022,ANCASH,RECUAY,PARARIN,6,4,2,0.6666666666666666
021708,2023,ANCASH,RECUAY,PARARIN,18,17,1,0.9444444444444444
021708,2024,ANCASH,RECUAY,PARARIN,33,30,3,0.9090909090909091
021708,2025,ANCASH,RECUAY,PARARIN,32,28,4,0.875
021708,2026,ANCASH,RECUAY,PARARIN,22,17,5,0.7727272727272727
021709,2020,ANCASH,RECUAY,TAPACOCHA,10,10,0,1.0
021709,2021,ANCASH,RECUAY,TAPACOCHA,11,11,0,1.0
021709,2022,ANCASH,RECUAY,TAPACOCHA,12,11,1,0.9166666666666666
021709,2023,ANCASH,RECUAY,TAPACOCHA,8,4,4,0.5
021709,2024,ANCASH,RECUAY,TAPACOCHA,5,0,5,0.0
021709,2025,ANCASH,RECUAY,TAPACOCHA,5,0,5,0.0
021709,2026,ANCASH,RECUAY,TAPACOCHA,2,0,2,0.0
021710,2020,ANCASH,RECUAY,TICAPAMPA,67,11,56,0.16417910447761194
021710,2021,ANCASH,RECUAY,TICAPAMPA,40,7,33,0.175
021710,2022,ANCASH,RECUAY,TICAPAMPA,12,2,10,0.16666666666666666
021710,2023,ANCASH,RECUAY,TICAPAMPA,89,6,83,0.06741573033707865
021710,2024,ANCASH,RECUAY,TICAPAMPA,86,7,79,0.08139534883720931
021710,2025,ANCASH,RECUAY,TICAPAMPA,75,27,48,0.36
021710,2026,ANCASH,RECUAY,TICAPAMPA,42,14,28,0.3333333333333333
021801,2020,ANCASH,SANTA,CHIMBOTE,3092,979,2113,0.3166235446313066
021801,2021,ANCASH,SANTA,CHIMBOTE,3449,973,2476,0.2821107567410844
021801,2022,ANCASH,SANTA,CHIMBOTE,2621,801,1820,0.30560854635635254
021801,2023,ANCASH,SANTA,CHIMBOTE,4296,1054,3242,0.24534450651769088
021801,2024,ANCASH,SANTA,CHIMBOTE,4358,685,3673,0.15718219366681965
021801,2025,ANCASH,SANTA,CHIMBOTE,4273,481,3792,0.11256728293938685
021801,2026,ANCASH,SANTA,CHIMBOTE,2600,318,2282,0.12230769230769231
021802,2020,ANCASH,SANTA,CACERES DEL PERU,115,44,71,0.3826086956521739
021802,2021,ANCASH,SANTA,CACERES DEL PERU,123,58,65,0.4715447154471545
021802,2022,ANCASH,SANTA,CACERES DEL PERU,107,35,72,0.32710280373831774
021802,2023,ANCASH,SANTA,CACERES DEL PERU,200,40,160,0.2
021802,2024,ANCASH,SANTA,CACERES DEL PERU,170,54,116,0.3176470588235294
021802,2025,ANCASH,SANTA,CACERES DEL PERU,155,28,127,0.18064516129032257
021802,2026,ANCASH,SANTA,CACERES DEL PERU,109,10,99,0.09174311926605505
021803,2020,ANCASH,SANTA,COISHCO,482,67,415,0.13900414937759337
021803,2021,ANCASH,SANTA,COISHCO,215,11,204,0.05116279069767442
021803,2022,ANCASH,SANTA,COISHCO,76,10,66,0.13157894736842105
021803,2023,ANCASH,SANTA,COISHCO,484,24,460,0.049586776859504134
021803,2024,ANCASH,SANTA,COISHCO,421,29,392,0.0688836104513064
021803,2025,ANCASH,SANTA,COISHCO,433,11,422,0.025404157043879907
021803,2026,ANCASH,SANTA,COISHCO,270,12,258,0.044444444444444446
021804,2020,ANCASH,SANTA,MACATE,81,46,35,0.5679012345679012
021804,2021,ANCASH,SANTA,MACATE,50,31,19,0.62
021804,2022,ANCASH,SANTA,MACATE,54,52,2,0.9629629629629629
021804,2023,ANCASH,SANTA,MACATE,109,77,32,0.7064220183486238
021804,2024,ANCASH,SANTA,MACATE,102,71,31,0.696078431372549
021804,2025,ANCASH,SANTA,MACATE,90,57,33,0.6333333333333333
021804,2026,ANCASH,SANTA,MACATE,54,32,22,0.5925925925925926
021805,2020,ANCASH,SANTA,MORO,346,79,267,0.22832369942196531
021805,2021,ANCASH,SANTA,MORO,185,52,133,0.2810810810810811
021805,2022,ANCASH,SANTA,MORO,218,71,147,0.3256880733944954
021805,2023,ANCASH,SANTA,MORO,423,53,370,0.12529550827423167
021805,2024,ANCASH,SANTA,MORO,389,14,375,0.03598971722365039
021805,2025,ANCASH,SANTA,MORO,368,64,304,0.17391304347826086
021805,2026,ANCASH,SANTA,MORO,221,25,196,0.11312217194570136
021806,2020,ANCASH,SANTA,NEPEÑA,222,65,157,0.2927927927927928
021806,2021,ANCASH,SANTA,NEPEÑA,101,38,63,0.37623762376237624
021806,2022,ANCASH,SANTA,NEPEÑA,106,37,69,0.3490566037735849
021806,2023,ANCASH,SANTA,NEPEÑA,260,53,207,0.20384615384615384
021806,2024,ANCASH,SANTA,NEPEÑA,326,35,291,0.10736196319018405
021806,2025,ANCASH,SANTA,NEPEÑA,323,33,290,0.1021671826625387
021806,2026,ANCASH,SANTA,NEPEÑA,192,28,164,0.14583333333333334
021807,2020,ANCASH,SANTA,SAMANCO,68,32,36,0.47058823529411764
021807,2021,ANCASH,SANTA,SAMANCO,3,3,0,1.0
021807,2022,ANCASH,SANTA,SAMANCO,34,23,11,0.6764705882352942
021807,2023,ANCASH,SANTA,SAMANCO,37,14,23,0.3783783783783784
021807,2024,ANCASH,SANTA,SAMANCO,120,17,103,0.14166666666666666
021807,2025,ANCASH,SANTA,SAMANCO,113,11,102,0.09734513274336283
021807,2026,ANCASH,SANTA,SAMANCO,60,11,49,0.18333333333333332
021808,2020,ANCASH,SANTA,SANTA,518,149,369,0.2876447876447876
021808,2021,ANCASH,SANTA,SANTA,436,153,283,0.35091743119266056
021808,2022,ANCASH,SANTA,SANTA,415,141,274,0.3397590361445783
021808,2023,ANCASH,SANTA,SANTA,1091,280,811,0.2566452795600367
021808,2024,ANCASH,SANTA,SANTA,982,140,842,0.1425661914460285
021808,2025,ANCASH,SANTA,SANTA,916,122,794,0.1331877729257642
021808,2026,ANCASH,SANTA,SANTA,515,80,435,0.1553398058252427
021809,2020,ANCASH,SANTA,NUEVO CHIMBOTE,676,273,403,0.40384615384615385
021809,2021,ANCASH,SANTA,NUEVO CHIMBOTE,1090,377,713,0.3458715596330275
021809,2022,ANCASH,SANTA,NUEVO CHIMBOTE,2250,1017,1233,0.452
021809,2023,ANCASH,SANTA,NUEVO CHIMBOTE,2651,877,1774,0.33081855903432666
021809,2024,ANCASH,SANTA,NUEVO CHIMBOTE,3454,665,2789,0.19253039953676895
021809,2025,ANCASH,SANTA,NUEVO CHIMBOTE,3816,547,3269,0.14334381551362682
021809,2026,ANCASH,SANTA,NUEVO CHIMBOTE,2053,327,1726,0.15927910375060886
021901,2020,ANCASH,SIHUAS,SIHUAS,127,33,94,0.25984251968503935
021901,2021,ANCASH,SIHUAS,SIHUAS,113,75,38,0.6637168141592921
021901,2022,ANCASH,SIHUAS,SIHUAS,89,51,38,0.5730337078651685
021901,2023,ANCASH,SIHUAS,SIHUAS,208,71,137,0.34134615384615385
021901,2024,ANCASH,SIHUAS,SIHUAS,216,66,150,0.3055555555555556
021901,2025,ANCASH,SIHUAS,SIHUAS,198,57,141,0.2878787878787879
021901,2026,ANCASH,SIHUAS,SIHUAS,95,23,72,0.24210526315789474
021902,2020,ANCASH,SIHUAS,ACOBAMBA,48,22,26,0.4583333333333333
021902,2021,ANCASH,SIHUAS,ACOBAMBA,39,24,15,0.6153846153846154
021902,2022,ANCASH,SIHUAS,ACOBAMBA,44,17,27,0.38636363636363635
021902,2023,ANCASH,SIHUAS,ACOBAMBA,98,35,63,0.35714285714285715
021902,2024,ANCASH,SIHUAS,ACOBAMBA,78,11,67,0.14102564102564102
021902,2025,ANCASH,SIHUAS,ACOBAMBA,70,25,45,0.35714285714285715
021902,2026,ANCASH,SIHUAS,ACOBAMBA,42,10,32,0.23809523809523808
021903,2020,ANCASH,SIHUAS,ALFONSO UGARTE,9,4,5,0.4444444444444444
021903,2021,ANCASH,SIHUAS,ALFONSO UGARTE,6,5,1,0.8333333333333334
021903,2022,ANCASH,SIHUAS,ALFONSO UGARTE,3,2,1,0.6666666666666666
021903,2023,ANCASH,SIHUAS,ALFONSO UGARTE,11,1,10,0.09090909090909091
021903,2024,ANCASH,SIHUAS,ALFONSO UGARTE,10,1,9,0.1
021903,2025,ANCASH,SIHUAS,ALFONSO UGARTE,13,5,8,0.38461538461538464
021903,2026,ANCASH,SIHUAS,ALFONSO UGARTE,10,4,6,0.4
021904,2020,ANCASH,SIHUAS,CASHAPAMPA,29,16,13,0.5517241379310345
021904,2021,ANCASH,SIHUAS,CASHAPAMPA,29,15,14,0.5172413793103449
021904,2022,ANCASH,SIHUAS,CASHAPAMPA,28,13,15,0.4642857142857143
021904,2023,ANCASH,SIHUAS,CASHAPAMPA,55,15,40,0.2727272727272727
021904,2024,ANCASH,SIHUAS,CASHAPAMPA,64,2,62,0.03125
021904,2025,ANCASH,SIHUAS,CASHAPAMPA,63,9,54,0.14285714285714285
021904,2026,ANCASH,SIHUAS,CASHAPAMPA,37,5,32,0.13513513513513514
021905,2020,ANCASH,SIHUAS,CHINGALPO,11,3,8,0.2727272727272727
021905,2021,ANCASH,SIHUAS,CHINGALPO,15,4,11,0.26666666666666666
021905,2022,ANCASH,SIHUAS,CHINGALPO,17,2,15,0.11764705882352941
021905,2023,ANCASH,SIHUAS,CHINGALPO,37,7,30,0.1891891891891892
021905,2024,ANCASH,SIHUAS,CHINGALPO,42,4,38,0.09523809523809523
021905,2025,ANCASH,SIHUAS,CHINGALPO,22,2,20,0.09090909090909091
021905,2026,ANCASH,SIHUAS,CHINGALPO,19,2,17,0.10526315789473684
021906,2020,ANCASH,SIHUAS,HUAYLLABAMBA,52,11,41,0.21153846153846154
021906,2021,ANCASH,SIHUAS,HUAYLLABAMBA,59,19,40,0.3220338983050847
021906,2022,ANCASH,SIHUAS,HUAYLLABAMBA,79,19,60,0.24050632911392406
021906,2023,ANCASH,SIHUAS,HUAYLLABAMBA,93,33,60,0.3548387096774194
021906,2024,ANCASH,SIHUAS,HUAYLLABAMBA,104,9,95,0.08653846153846154
021906,2025,ANCASH,SIHUAS,HUAYLLABAMBA,91,7,84,0.07692307692307693
021906,2026,ANCASH,SIHUAS,HUAYLLABAMBA,61,6,55,0.09836065573770492
021907,2020,ANCASH,SIHUAS,QUICHES,44,20,24,0.45454545454545453
021907,2021,ANCASH,SIHUAS,QUICHES,54,23,31,0.42592592592592593
021907,2022,ANCASH,SIHUAS,QUICHES,63,24,39,0.38095238095238093
021907,2023,ANCASH,SIHUAS,QUICHES,109,31,78,0.28440366972477066
021907,2024,ANCASH,SIHUAS,QUICHES,90,30,60,0.3333333333333333
021907,2025,ANCASH,SIHUAS,QUICHES,87,31,56,0.3563218390804598
021907,2026,ANCASH,SIHUAS,QUICHES,64,18,46,0.28125
021908,2020,ANCASH,SIHUAS,RAGASH,40,3,37,0.075
021908,2021,ANCASH,SIHUAS,RAGASH,45,9,36,0.2
021908,2022,ANCASH,SIHUAS,RAGASH,46,5,41,0.10869565217391304
021908,2023,ANCASH,SIHUAS,RAGASH,56,3,53,0.05357142857142857
021908,2024,ANCASH,SIHUAS,RAGASH,75,2,73,0.02666666666666667
021908,2025,ANCASH,SIHUAS,RAGASH,55,4,51,0.07272727272727272
021908,2026,ANCASH,SIHUAS,RAGASH,39,5,34,0.1282051282051282
021909,2020,ANCASH,SIHUAS,SAN JUAN,159,14,145,0.0880503144654088
021909,2021,ANCASH,SIHUAS,SAN JUAN,83,7,76,0.08433734939759036
021909,2022,ANCASH,SIHUAS,SAN JUAN,120,15,105,0.125
021909,2023,ANCASH,SIHUAS,SAN JUAN,239,19,220,0.0794979079497908
021909,2024,ANCASH,SIHUAS,SAN JUAN,269,13,256,0.048327137546468404
021909,2025,ANCASH,SIHUAS,SAN JUAN,223,15,208,0.06726457399103139
021909,2026,ANCASH,SIHUAS,SAN JUAN,146,24,122,0.1643835616438356
021910,2020,ANCASH,SIHUAS,SICSIBAMBA,37,7,30,0.1891891891891892
021910,2021,ANCASH,SIHUAS,SICSIBAMBA,29,4,25,0.13793103448275862
021910,2022,ANCASH,SIHUAS,SICSIBAMBA,37,10,27,0.2702702702702703
021910,2023,ANCASH,SIHUAS,SICSIBAMBA,44,12,32,0.2727272727272727
021910,2024,ANCASH,SIHUAS,SICSIBAMBA,34,7,27,0.20588235294117646
021910,2025,ANCASH,SIHUAS,SICSIBAMBA,29,2,27,0.06896551724137931
021910,2026,ANCASH,SIHUAS,SICSIBAMBA,21,6,15,0.2857142857142857
022001,2020,ANCASH,YUNGAY,YUNGAY,419,254,165,0.6062052505966588
022001,2021,ANCASH,YUNGAY,YUNGAY,654,244,410,0.3730886850152905
022001,2022,ANCASH,YUNGAY,YUNGAY,624,284,340,0.4551282051282051
022001,2023,ANCASH,YUNGAY,YUNGAY,806,280,526,0.34739454094292804
022001,2024,ANCASH,YUNGAY,YUNGAY,804,259,545,0.32213930348258707
022001,2025,ANCASH,YUNGAY,YUNGAY,738,257,481,0.34823848238482386
022001,2026,ANCASH,YUNGAY,YUNGAY,513,152,361,0.2962962962962963
022002,2020,ANCASH,YUNGAY,CASCAPARA,15,3,12,0.2
022002,2021,ANCASH,YUNGAY,CASCAPARA,10,5,5,0.5
022002,2022,ANCASH,YUNGAY,CASCAPARA,17,17,0,1.0
022002,2023,ANCASH,YUNGAY,CASCAPARA,30,26,4,0.8666666666666667
022002,2024,ANCASH,YUNGAY,CASCAPARA,20,3,17,0.15
022002,2025,ANCASH,YUNGAY,CASCAPARA,22,6,16,0.2727272727272727
022002,2026,ANCASH,YUNGAY,CASCAPARA,17,5,12,0.29411764705882354
022003,2020,ANCASH,YUNGAY,MANCOS,108,78,30,0.7222222222222222
022003,2021,ANCASH,YUNGAY,MANCOS,96,72,24,0.75
022003,2022,ANCASH,YUNGAY,MANCOS,106,59,47,0.5566037735849056
022003,2023,ANCASH,YUNGAY,MANCOS,250,101,149,0.404
022003,2024,ANCASH,YUNGAY,MANCOS,220,37,183,0.16818181818181818
022003,2025,ANCASH,YUNGAY,MANCOS,176,25,151,0.14204545454545456
022003,2026,ANCASH,YUNGAY,MANCOS,113,24,89,0.21238938053097345
022004,2020,ANCASH,YUNGAY,MATACOTO,25,12,13,0.48
022004,2021,ANCASH,YUNGAY,MATACOTO,37,11,26,0.2972972972972973
022004,2022,ANCASH,YUNGAY,MATACOTO,13,4,9,0.3076923076923077
022004,2023,ANCASH,YUNGAY,MATACOTO,44,13,31,0.29545454545454547
022004,2024,ANCASH,YUNGAY,MATACOTO,44,22,22,0.5
022004,2025,ANCASH,YUNGAY,MATACOTO,38,18,20,0.47368421052631576
022004,2026,ANCASH,YUNGAY,MATACOTO,29,4,25,0.13793103448275862
022005,2020,ANCASH,YUNGAY,QUILLO,117,53,64,0.452991452991453
022005,2021,ANCASH,YUNGAY,QUILLO,145,71,74,0.4896551724137931
022005,2022,ANCASH,YUNGAY,QUILLO,167,92,75,0.5508982035928144
022005,2023,ANCASH,YUNGAY,QUILLO,481,229,252,0.4760914760914761
022005,2024,ANCASH,YUNGAY,QUILLO,501,180,321,0.3592814371257485
022005,2025,ANCASH,YUNGAY,QUILLO,449,149,300,0.33184855233853006
022005,2026,ANCASH,YUNGAY,QUILLO,274,85,189,0.3102189781021898
022006,2020,ANCASH,YUNGAY,RANRAHIRCA,42,12,30,0.2857142857142857
022006,2021,ANCASH,YUNGAY,RANRAHIRCA,48,26,22,0.5416666666666666
022006,2022,ANCASH,YUNGAY,RANRAHIRCA,47,37,10,0.7872340425531915
022006,2023,ANCASH,YUNGAY,RANRAHIRCA,133,52,81,0.39097744360902253
022006,2024,ANCASH,YUNGAY,RANRAHIRCA,122,40,82,0.32786885245901637
022006,2025,ANCASH,YUNGAY,RANRAHIRCA,89,39,50,0.43820224719101125
022006,2026,ANCASH,YUNGAY,RANRAHIRCA,73,24,49,0.3287671232876712
022007,2020,ANCASH,YUNGAY,SHUPLUY,37,21,16,0.5675675675675675
022007,2021,ANCASH,YUNGAY,SHUPLUY,34,23,11,0.6764705882352942
022007,2022,ANCASH,YUNGAY,SHUPLUY,38,33,5,0.868421052631579
022007,2023,ANCASH,YUNGAY,SHUPLUY,103,43,60,0.4174757281553398
022007,2024,ANCASH,YUNGAY,SHUPLUY,98,17,81,0.17346938775510204
022007,2025,ANCASH,YUNGAY,SHUPLUY,70,6,64,0.08571428571428572
022007,2026,ANCASH,YUNGAY,SHUPLUY,45,8,37,0.17777777777777778
022008,2020,ANCASH,YUNGAY,YANAMA,93,34,59,0.3655913978494624
022008,2021,ANCASH,YUNGAY,YANAMA,60,19,41,0.31666666666666665
022008,2022,ANCASH,YUNGAY,YANAMA,48,18,30,0.375
022008,2023,ANCASH,YUNGAY,YANAMA,179,151,28,0.8435754189944135
022008,2024,ANCASH,YUNGAY,YANAMA,210,66,144,0.3142857142857143
022008,2025,ANCASH,YUNGAY,YANAMA,169,37,132,0.21893491124260356
022008,2026,ANCASH,YUNGAY,YANAMA,123,31,92,0.25203252032520324
030101,2020,APURIMAC,ABANCAY,ABANCAY,1495,372,1123,0.24882943143812708
030101,2021,APURIMAC,ABANCAY,ABANCAY,1052,260,792,0.24714828897338403
030101,2022,APURIMAC,ABANCAY,ABANCAY,888,255,633,0.28716216216216217
030101,2023,APURIMAC,ABANCAY,ABANCAY,2224,355,1869,0.1596223021582734
030101,2024,APURIMAC,ABANCAY,ABANCAY,2220,499,1721,0.22477477477477478
030101,2025,APURIMAC,ABANCAY,ABANCAY,2135,478,1657,0.22388758782201404
030101,2026,APURIMAC,ABANCAY,ABANCAY,1367,288,1079,0.21068032187271396
030102,2020,APURIMAC,ABANCAY,CHACOCHE,34,29,5,0.8529411764705882
030102,2021,APURIMAC,ABANCAY,CHACOCHE,27,23,4,0.8518518518518519
030102,2022,APURIMAC,ABANCAY,CHACOCHE,28,26,2,0.9285714285714286
030102,2023,APURIMAC,ABANCAY,CHACOCHE,61,50,11,0.819672131147541
030102,2024,APURIMAC,ABANCAY,CHACOCHE,71,49,22,0.6901408450704225
030102,2025,APURIMAC,ABANCAY,CHACOCHE,65,44,21,0.676923076923077
030102,2026,APURIMAC,ABANCAY,CHACOCHE,46,28,18,0.6086956521739131
030103,2020,APURIMAC,ABANCAY,CIRCA,38,21,17,0.5526315789473685
030103,2021,APURIMAC,ABANCAY,CIRCA,15,9,6,0.6
030103,2022,APURIMAC,ABANCAY,CIRCA,8,5,3,0.625
030103,2023,APURIMAC,ABANCAY,CIRCA,41,19,22,0.4634146341463415
030103,2024,APURIMAC,ABANCAY,CIRCA,32,8,24,0.25
030103,2025,APURIMAC,ABANCAY,CIRCA,22,7,15,0.3181818181818182
030103,2026,APURIMAC,ABANCAY,CIRCA,11,4,7,0.36363636363636365
030104,2020,APURIMAC,ABANCAY,CURAHUASI,403,140,263,0.34739454094292804
030104,2021,APURIMAC,ABANCAY,CURAHUASI,301,80,221,0.26578073089701
030104,2022,APURIMAC,ABANCAY,CURAHUASI,232,73,159,0.3146551724137931
030104,2023,APURIMAC,ABANCAY,CURAHUASI,587,99,488,0.1686541737649063
030104,2024,APURIMAC,ABANCAY,CURAHUASI,646,48,598,0.07430340557275542
030104,2025,APURIMAC,ABANCAY,CURAHUASI,582,24,558,0.041237113402061855
030104,2026,APURIMAC,ABANCAY,CURAHUASI,393,11,382,0.027989821882951654
030105,2020,APURIMAC,ABANCAY,HUANIPACA,29,15,14,0.5172413793103449
030105,2021,APURIMAC,ABANCAY,HUANIPACA,30,17,13,0.5666666666666667
030105,2022,APURIMAC,ABANCAY,HUANIPACA,16,9,7,0.5625
030105,2023,APURIMAC,ABANCAY,HUANIPACA,56,23,33,0.4107142857142857
030105,2024,APURIMAC,ABANCAY,HUANIPACA,97,30,67,0.30927835051546393
030105,2025,APURIMAC,ABANCAY,HUANIPACA,82,12,70,0.14634146341463414
030105,2026,APURIMAC,ABANCAY,HUANIPACA,54,13,41,0.24074074074074073
030106,2020,APURIMAC,ABANCAY,LAMBRAMA,45,17,28,0.37777777777777777
030106,2021,APURIMAC,ABANCAY,LAMBRAMA,35,17,18,0.4857142857142857
030106,2022,APURIMAC,ABANCAY,LAMBRAMA,19,9,10,0.47368421052631576
030106,2023,APURIMAC,ABANCAY,LAMBRAMA,55,16,39,0.2909090909090909
030106,2024,APURIMAC,ABANCAY,LAMBRAMA,46,12,34,0.2608695652173913
030106,2025,APURIMAC,ABANCAY,LAMBRAMA,31,8,23,0.25806451612903225
030106,2026,APURIMAC,ABANCAY,LAMBRAMA,15,3,12,0.2
030107,2020,APURIMAC,ABANCAY,PICHIRHUA,67,21,46,0.31343283582089554
030107,2021,APURIMAC,ABANCAY,PICHIRHUA,26,13,13,0.5
030107,2022,APURIMAC,ABANCAY,PICHIRHUA,43,18,25,0.4186046511627907
030107,2023,APURIMAC,ABANCAY,PICHIRHUA,74,22,52,0.2972972972972973
030107,2024,APURIMAC,ABANCAY,PICHIRHUA,55,15,40,0.2727272727272727
030107,2025,APURIMAC,ABANCAY,PICHIRHUA,64,29,35,0.453125
030107,2026,APURIMAC,ABANCAY,PICHIRHUA,37,19,18,0.5135135135135135
030108,2020,APURIMAC,ABANCAY,SAN PEDRO DE CACHORA,6,5,1,0.8333333333333334
030108,2021,APURIMAC,ABANCAY,SAN PEDRO DE CACHORA,27,10,17,0.37037037037037035
030108,2022,APURIMAC,ABANCAY,SAN PEDRO DE CACHORA,38,13,25,0.34210526315789475
030108,2023,APURIMAC,ABANCAY,SAN PEDRO DE CACHORA,71,12,59,0.16901408450704225
030108,2024,APURIMAC,ABANCAY,SAN PEDRO DE CACHORA,58,6,52,0.10344827586206896
030108,2025,APURIMAC,ABANCAY,SAN PEDRO DE CACHORA,41,1,40,0.024390243902439025
030108,2026,APURIMAC,ABANCAY,SAN PEDRO DE CACHORA,22,0,22,0.0
030109,2020,APURIMAC,ABANCAY,TAMBURCO,212,82,130,0.3867924528301887
030109,2021,APURIMAC,ABANCAY,TAMBURCO,203,75,128,0.3694581280788177
030109,2022,APURIMAC,ABANCAY,TAMBURCO,185,60,125,0.32432432432432434
030109,2023,APURIMAC,ABANCAY,TAMBURCO,438,101,337,0.23059360730593606
030109,2024,APURIMAC,ABANCAY,TAMBURCO,422,54,368,0.12796208530805686
030109,2025,APURIMAC,ABANCAY,TAMBURCO,407,53,354,0.13022113022113022
030109,2026,APURIMAC,ABANCAY,TAMBURCO,284,36,248,0.1267605633802817
030201,2020,APURIMAC,ANDAHUAYLAS,ANDAHUAYLAS,1082,344,738,0.3179297597042514
030201,2021,APURIMAC,ANDAHUAYLAS,ANDAHUAYLAS,1021,203,818,0.19882468168462292
030201,2022,APURIMAC,ANDAHUAYLAS,ANDAHUAYLAS,693,179,514,0.2582972582972583
030201,2023,APURIMAC,ANDAHUAYLAS,ANDAHUAYLAS,1434,282,1152,0.19665271966527198
030201,2024,APURIMAC,ANDAHUAYLAS,ANDAHUAYLAS,1386,243,1143,0.17532467532467533
030201,2025,APURIMAC,ANDAHUAYLAS,ANDAHUAYLAS,1307,138,1169,0.10558530986993114
030201,2026,APURIMAC,ANDAHUAYLAS,ANDAHUAYLAS,816,94,722,0.11519607843137254
030202,2020,APURIMAC,ANDAHUAYLAS,ANDARAPA,91,40,51,0.43956043956043955
030202,2021,APURIMAC,ANDAHUAYLAS,ANDARAPA,95,36,59,0.37894736842105264
030202,2022,APURIMAC,ANDAHUAYLAS,ANDARAPA,140,27,113,0.19285714285714287
030202,2023,APURIMAC,ANDAHUAYLAS,ANDARAPA,220,33,187,0.15
030202,2024,APURIMAC,ANDAHUAYLAS,ANDARAPA,201,19,182,0.0945273631840796
030202,2025,APURIMAC,ANDAHUAYLAS,ANDARAPA,154,22,132,0.14285714285714285
030202,2026,APURIMAC,ANDAHUAYLAS,ANDARAPA,115,12,103,0.10434782608695652
030203,2020,APURIMAC,ANDAHUAYLAS,CHIARA,6,0,6,0.0
030203,2021,APURIMAC,ANDAHUAYLAS,CHIARA,3,1,2,0.3333333333333333
030203,2022,APURIMAC,ANDAHUAYLAS,CHIARA,16,3,13,0.1875
030203,2023,APURIMAC,ANDAHUAYLAS,CHIARA,40,9,31,0.225
030203,2024,APURIMAC,ANDAHUAYLAS,CHIARA,37,4,33,0.10810810810810811
030203,2025,APURIMAC,ANDAHUAYLAS,CHIARA,27,1,26,0.037037037037037035
030203,2026,APURIMAC,ANDAHUAYLAS,CHIARA,18,1,17,0.05555555555555555
030204,2020,APURIMAC,ANDAHUAYLAS,HUANCARAMA,121,41,80,0.33884297520661155
030204,2021,APURIMAC,ANDAHUAYLAS,HUANCARAMA,97,24,73,0.24742268041237114
030204,2022,APURIMAC,ANDAHUAYLAS,HUANCARAMA,106,27,79,0.25471698113207547
030204,2023,APURIMAC,ANDAHUAYLAS,HUANCARAMA,185,37,148,0.2
030204,2024,APURIMAC,ANDAHUAYLAS,HUANCARAMA,162,24,138,0.14814814814814814
030204,2025,APURIMAC,ANDAHUAYLAS,HUANCARAMA,127,18,109,0.14173228346456693
030204,2026,APURIMAC,ANDAHUAYLAS,HUANCARAMA,84,15,69,0.17857142857142858
030205,2020,APURIMAC,ANDAHUAYLAS,HUANCARAY,94,18,76,0.19148936170212766
030205,2021,APURIMAC,ANDAHUAYLAS,HUANCARAY,114,19,95,0.16666666666666666
030205,2022,APURIMAC,ANDAHUAYLAS,HUANCARAY,61,23,38,0.3770491803278688
030205,2023,APURIMAC,ANDAHUAYLAS,HUANCARAY,160,30,130,0.1875
030205,2024,APURIMAC,ANDAHUAYLAS,HUANCARAY,148,11,137,0.07432432432432433
030205,2025,APURIMAC,ANDAHUAYLAS,HUANCARAY,104,9,95,0.08653846153846154
030205,2026,APURIMAC,ANDAHUAYLAS,HUANCARAY,66,9,57,0.13636363636363635
030206,2021,APURIMAC,ANDAHUAYLAS,HUAYANA,4,1,3,0.25
030206,2022,APURIMAC,ANDAHUAYLAS,HUAYANA,18,4,14,0.2222222222222222
030206,2023,APURIMAC,ANDAHUAYLAS,HUAYANA,27,3,24,0.1111111111111111
030206,2024,APURIMAC,ANDAHUAYLAS,HUAYANA,22,4,18,0.18181818181818182
030206,2025,APURIMAC,ANDAHUAYLAS,HUAYANA,15,3,12,0.2
030206,2026,APURIMAC,ANDAHUAYLAS,HUAYANA,10,5,5,0.5
030207,2020,APURIMAC,ANDAHUAYLAS,KISHUARA,141,101,40,0.7163120567375887
030207,2021,APURIMAC,ANDAHUAYLAS,KISHUARA,161,93,68,0.577639751552795
030207,2022,APURIMAC,ANDAHUAYLAS,KISHUARA,173,122,51,0.7052023121387283
030207,2023,APURIMAC,ANDAHUAYLAS,KISHUARA,278,160,118,0.5755395683453237
030207,2024,APURIMAC,ANDAHUAYLAS,KISHUARA,261,104,157,0.39846743295019155
030207,2025,APURIMAC,ANDAHUAYLAS,KISHUARA,188,84,104,0.44680851063829785
030207,2026,APURIMAC,ANDAHUAYLAS,KISHUARA,121,55,66,0.45454545454545453
030208,2020,APURIMAC,ANDAHUAYLAS,PACOBAMBA,105,39,66,0.37142857142857144
030208,2021,APURIMAC,ANDAHUAYLAS,PACOBAMBA,82,9,73,0.10975609756097561
030208,2022,APURIMAC,ANDAHUAYLAS,PACOBAMBA,55,14,41,0.2545454545454545
030208,2023,APURIMAC,ANDAHUAYLAS,PACOBAMBA,105,8,97,0.0761904761904762
030208,2024,APURIMAC,ANDAHUAYLAS,PACOBAMBA,88,7,81,0.07954545454545454
030208,2025,APURIMAC,ANDAHUAYLAS,PACOBAMBA,71,4,67,0.056338028169014086
030208,2026,APURIMAC,ANDAHUAYLAS,PACOBAMBA,44,2,42,0.045454545454545456
030209,2020,APURIMAC,ANDAHUAYLAS,PACUCHA,134,26,108,0.19402985074626866
030209,2021,APURIMAC,ANDAHUAYLAS,PACUCHA,146,33,113,0.22602739726027396
030209,2022,APURIMAC,ANDAHUAYLAS,PACUCHA,118,36,82,0.3050847457627119
030209,2023,APURIMAC,ANDAHUAYLAS,PACUCHA,250,37,213,0.148
030209,2024,APURIMAC,ANDAHUAYLAS,PACUCHA,220,15,205,0.06818181818181818
030209,2025,APURIMAC,ANDAHUAYLAS,PACUCHA,180,10,170,0.05555555555555555
030209,2026,APURIMAC,ANDAHUAYLAS,PACUCHA,118,8,110,0.06779661016949153
030210,2020,APURIMAC,ANDAHUAYLAS,PAMPACHIRI,26,14,12,0.5384615384615384
030210,2021,APURIMAC,ANDAHUAYLAS,PAMPACHIRI,26,7,19,0.2692307692307692
030210,2022,APURIMAC,ANDAHUAYLAS,PAMPACHIRI,74,34,40,0.4594594594594595
030210,2023,APURIMAC,ANDAHUAYLAS,PAMPACHIRI,96,23,73,0.23958333333333334
030210,2024,APURIMAC,ANDAHUAYLAS,PAMPACHIRI,83,16,67,0.1927710843373494
030210,2025,APURIMAC,ANDAHUAYLAS,PAMPACHIRI,83,12,71,0.14457831325301204
030210,2026,APURIMAC,ANDAHUAYLAS,PAMPACHIRI,65,7,58,0.1076923076923077
030211,2021,APURIMAC,ANDAHUAYLAS,POMACOCHA,13,4,9,0.3076923076923077
030211,2022,APURIMAC,ANDAHUAYLAS,POMACOCHA,20,6,14,0.3
030211,2023,APURIMAC,ANDAHUAYLAS,POMACOCHA,24,6,18,0.25
030211,2024,APURIMAC,ANDAHUAYLAS,POMACOCHA,24,4,20,0.16666666666666666
030211,2025,APURIMAC,ANDAHUAYLAS,POMACOCHA,15,0,15,0.0
030211,2026,APURIMAC,ANDAHUAYLAS,POMACOCHA,11,2,9,0.18181818181818182
030212,2020,APURIMAC,ANDAHUAYLAS,SAN ANTONIO DE CACHI,77,7,70,0.09090909090909091
030212,2021,APURIMAC,ANDAHUAYLAS,SAN ANTONIO DE CACHI,61,6,55,0.09836065573770492
030212,2022,APURIMAC,ANDAHUAYLAS,SAN ANTONIO DE CACHI,76,11,65,0.14473684210526316
030212,2023,APURIMAC,ANDAHUAYLAS,SAN ANTONIO DE CACHI,73,9,64,0.1232876712328767
030212,2024,APURIMAC,ANDAHUAYLAS,SAN ANTONIO DE CACHI,69,9,60,0.13043478260869565
030212,2025,APURIMAC,ANDAHUAYLAS,SAN ANTONIO DE CACHI,77,2,75,0.025974025974025976
030212,2026,APURIMAC,ANDAHUAYLAS,SAN ANTONIO DE CACHI,55,0,55,0.0
030213,2020,APURIMAC,ANDAHUAYLAS,SAN JERONIMO,484,332,152,0.6859504132231405
030213,2021,APURIMAC,ANDAHUAYLAS,SAN JERONIMO,370,254,116,0.6864864864864865
030213,2022,APURIMAC,ANDAHUAYLAS,SAN JERONIMO,97,48,49,0.4948453608247423
030213,2023,APURIMAC,ANDAHUAYLAS,SAN JERONIMO,749,97,652,0.1295060080106809
030213,2024,APURIMAC,ANDAHUAYLAS,SAN JERONIMO,714,91,623,0.12745098039215685
030213,2025,APURIMAC,ANDAHUAYLAS,SAN JERONIMO,680,44,636,0.06470588235294118
030213,2026,APURIMAC,ANDAHUAYLAS,SAN JERONIMO,453,38,415,0.08388520971302428
030214,2020,APURIMAC,ANDAHUAYLAS,SAN MIGUEL DE CHACCRAMPA,66,27,39,0.4090909090909091
030214,2021,APURIMAC,ANDAHUAYLAS,SAN MIGUEL DE CHACCRAMPA,75,18,57,0.24
030214,2022,APURIMAC,ANDAHUAYLAS,SAN MIGUEL DE CHACCRAMPA,66,21,45,0.3181818181818182
030214,2023,APURIMAC,ANDAHUAYLAS,SAN MIGUEL DE CHACCRAMPA,61,17,44,0.2786885245901639
030214,2024,APURIMAC,ANDAHUAYLAS,SAN MIGUEL DE CHACCRAMPA,62,2,60,0.03225806451612903
030214,2025,APURIMAC,ANDAHUAYLAS,SAN MIGUEL DE CHACCRAMPA,66,1,65,0.015151515151515152
030214,2026,APURIMAC,ANDAHUAYLAS,SAN MIGUEL DE CHACCRAMPA,45,1,44,0.022222222222222223
030215,2020,APURIMAC,ANDAHUAYLAS,SANTA MARIA DE CHICMO,177,74,103,0.4180790960451977
030215,2021,APURIMAC,ANDAHUAYLAS,SANTA MARIA DE CHICMO,243,84,159,0.345679012345679
030215,2022,APURIMAC,ANDAHUAYLAS,SANTA MARIA DE CHICMO,272,107,165,0.39338235294117646
030215,2023,APURIMAC,ANDAHUAYLAS,SANTA MARIA DE CHICMO,320,61,259,0.190625
030215,2024,APURIMAC,ANDAHUAYLAS,SANTA MARIA DE CHICMO,277,27,250,0.09747292418772563
030215,2025,APURIMAC,ANDAHUAYLAS,SANTA MARIA DE CHICMO,222,25,197,0.11261261261261261
030215,2026,APURIMAC,ANDAHUAYLAS,SANTA MARIA DE CHICMO,170,19,151,0.11176470588235295
030216,2020,APURIMAC,ANDAHUAYLAS,TALAVERA,618,186,432,0.30097087378640774
030216,2021,APURIMAC,ANDAHUAYLAS,TALAVERA,624,152,472,0.24358974358974358
030216,2022,APURIMAC,ANDAHUAYLAS,TALAVERA,490,133,357,0.2714285714285714
030216,2023,APURIMAC,ANDAHUAYLAS,TALAVERA,702,162,540,0.23076923076923078
030216,2024,APURIMAC,ANDAHUAYLAS,TALAVERA,674,112,562,0.1661721068249258
030216,2025,APURIMAC,ANDAHUAYLAS,TALAVERA,645,112,533,0.17364341085271318
030216,2026,APURIMAC,ANDAHUAYLAS,TALAVERA,423,67,356,0.15839243498817968
030217,2020,APURIMAC,ANDAHUAYLAS,TUMAY HUARACA,20,17,3,0.85
030217,2021,APURIMAC,ANDAHUAYLAS,TUMAY HUARACA,21,6,15,0.2857142857142857
030217,2022,APURIMAC,ANDAHUAYLAS,TUMAY HUARACA,34,12,22,0.35294117647058826
030217,2023,APURIMAC,ANDAHUAYLAS,TUMAY HUARACA,58,2,56,0.034482758620689655
030217,2024,APURIMAC,ANDAHUAYLAS,TUMAY HUARACA,61,5,56,0.08196721311475409
030217,2025,APURIMAC,ANDAHUAYLAS,TUMAY HUARACA,33,1,32,0.030303030303030304
030217,2026,APURIMAC,ANDAHUAYLAS,TUMAY HUARACA,19,3,16,0.15789473684210525
030218,2020,APURIMAC,ANDAHUAYLAS,TURPO,98,18,80,0.1836734693877551
030218,2021,APURIMAC,ANDAHUAYLAS,TURPO,93,11,82,0.11827956989247312
030218,2022,APURIMAC,ANDAHUAYLAS,TURPO,87,29,58,0.3333333333333333
030218,2023,APURIMAC,ANDAHUAYLAS,TURPO,126,7,119,0.05555555555555555
030218,2024,APURIMAC,ANDAHUAYLAS,TURPO,108,1,107,0.009259259259259259
030218,2025,APURIMAC,ANDAHUAYLAS,TURPO,83,1,82,0.012048192771084338
030218,2026,APURIMAC,ANDAHUAYLAS,TURPO,60,1,59,0.016666666666666666
030219,2020,APURIMAC,ANDAHUAYLAS,KAQUIABAMBA,6,2,4,0.3333333333333333
030219,2021,APURIMAC,ANDAHUAYLAS,KAQUIABAMBA,9,4,5,0.4444444444444444
030219,2022,APURIMAC,ANDAHUAYLAS,KAQUIABAMBA,15,1,14,0.06666666666666667
030219,2023,APURIMAC,ANDAHUAYLAS,KAQUIABAMBA,31,1,30,0.03225806451612903
030219,2024,APURIMAC,ANDAHUAYLAS,KAQUIABAMBA,26,2,24,0.07692307692307693
030219,2025,APURIMAC,ANDAHUAYLAS,KAQUIABAMBA,25,3,22,0.12
030219,2026,APURIMAC,ANDAHUAYLAS,KAQUIABAMBA,16,2,14,0.125
030220,2020,APURIMAC,ANDAHUAYLAS,JOSE MARIA ARGUEDAS,15,6,9,0.4
030220,2021,APURIMAC,ANDAHUAYLAS,JOSE MARIA ARGUEDAS,18,9,9,0.5
030220,2022,APURIMAC,ANDAHUAYLAS,JOSE MARIA ARGUEDAS,68,31,37,0.45588235294117646
030220,2023,APURIMAC,ANDAHUAYLAS,JOSE MARIA ARGUEDAS,240,62,178,0.25833333333333336
030220,2024,APURIMAC,ANDAHUAYLAS,JOSE MARIA ARGUEDAS,231,27,204,0.11688311688311688
030220,2025,APURIMAC,ANDAHUAYLAS,JOSE MARIA ARGUEDAS,184,21,163,0.11413043478260869
030220,2026,APURIMAC,ANDAHUAYLAS,JOSE MARIA ARGUEDAS,129,15,114,0.11627906976744186
030301,2020,APURIMAC,ANTABAMBA,ANTABAMBA,19,6,13,0.3157894736842105
030301,2021,APURIMAC,ANTABAMBA,ANTABAMBA,13,8,5,0.6153846153846154
030301,2022,APURIMAC,ANTABAMBA,ANTABAMBA,17,9,8,0.5294117647058824
030301,2023,APURIMAC,ANTABAMBA,ANTABAMBA,89,39,50,0.43820224719101125
030301,2024,APURIMAC,ANTABAMBA,ANTABAMBA,81,18,63,0.2222222222222222
030301,2025,APURIMAC,ANTABAMBA,ANTABAMBA,81,7,74,0.08641975308641975
030301,2026,APURIMAC,ANTABAMBA,ANTABAMBA,44,6,38,0.13636363636363635
030302,2020,APURIMAC,ANTABAMBA,EL ORO,1,0,1,0.0
030302,2021,APURIMAC,ANTABAMBA,EL ORO,2,0,2,0.0
030302,2023,APURIMAC,ANTABAMBA,EL ORO,5,0,5,0.0
030302,2024,APURIMAC,ANTABAMBA,EL ORO,17,2,15,0.11764705882352941
030302,2025,APURIMAC,ANTABAMBA,EL ORO,20,1,19,0.05
030302,2026,APURIMAC,ANTABAMBA,EL ORO,16,3,13,0.1875
030303,2020,APURIMAC,ANTABAMBA,HUAQUIRCA,3,2,1,0.6666666666666666
030303,2021,APURIMAC,ANTABAMBA,HUAQUIRCA,7,7,0,1.0
030303,2022,APURIMAC,ANTABAMBA,HUAQUIRCA,6,2,4,0.3333333333333333
030303,2023,APURIMAC,ANTABAMBA,HUAQUIRCA,34,7,27,0.20588235294117646
030303,2024,APURIMAC,ANTABAMBA,HUAQUIRCA,44,10,34,0.22727272727272727
030303,2025,APURIMAC,ANTABAMBA,HUAQUIRCA,42,6,36,0.14285714285714285
030303,2026,APURIMAC,ANTABAMBA,HUAQUIRCA,27,3,24,0.1111111111111111
030304,2020,APURIMAC,ANTABAMBA,JUAN ESPINOZA MEDRANO,2,0,2,0.0
030304,2021,APURIMAC,ANTABAMBA,JUAN ESPINOZA MEDRANO,0,0,0,
030304,2022,APURIMAC,ANTABAMBA,JUAN ESPINOZA MEDRANO,5,3,2,0.6
030304,2023,APURIMAC,ANTABAMBA,JUAN ESPINOZA MEDRANO,34,7,27,0.20588235294117646
030304,2024,APURIMAC,ANTABAMBA,JUAN ESPINOZA MEDRANO,36,4,32,0.1111111111111111
030304,2025,APURIMAC,ANTABAMBA,JUAN ESPINOZA MEDRANO,46,2,44,0.043478260869565216
030304,2026,APURIMAC,ANTABAMBA,JUAN ESPINOZA MEDRANO,30,4,26,0.13333333333333333
030305,2020,APURIMAC,ANTABAMBA,OROPESA,15,4,11,0.26666666666666666
030305,2021,APURIMAC,ANTABAMBA,OROPESA,12,1,11,0.08333333333333333
030305,2022,APURIMAC,ANTABAMBA,OROPESA,1,0,1,0.0
030305,2023,APURIMAC,ANTABAMBA,OROPESA,74,16,58,0.21621621621621623
030305,2024,APURIMAC,ANTABAMBA,OROPESA,94,17,77,0.18085106382978725
030305,2025,APURIMAC,ANTABAMBA,OROPESA,72,15,57,0.20833333333333334
030305,2026,APURIMAC,ANTABAMBA,OROPESA,50,15,35,0.3
030306,2020,APURIMAC,ANTABAMBA,PACHACONAS,1,0,1,0.0
030306,2021,APURIMAC,ANTABAMBA,PACHACONAS,0,0,0,
030306,2022,APURIMAC,ANTABAMBA,PACHACONAS,3,0,3,0.0
030306,2023,APURIMAC,ANTABAMBA,PACHACONAS,9,5,4,0.5555555555555556
030306,2024,APURIMAC,ANTABAMBA,PACHACONAS,15,11,4,0.7333333333333333
030306,2025,APURIMAC,ANTABAMBA,PACHACONAS,20,9,11,0.45
030306,2026,APURIMAC,ANTABAMBA,PACHACONAS,20,5,15,0.25
030307,2020,APURIMAC,ANTABAMBA,SABAINO,18,0,18,0.0
030307,2021,APURIMAC,ANTABAMBA,SABAINO,24,0,24,0.0
030307,2022,APURIMAC,ANTABAMBA,SABAINO,21,1,20,0.047619047619047616
030307,2023,APURIMAC,ANTABAMBA,SABAINO,24,2,22,0.08333333333333333
030307,2024,APURIMAC,ANTABAMBA,SABAINO,17,4,13,0.23529411764705882
030307,2025,APURIMAC,ANTABAMBA,SABAINO,29,2,27,0.06896551724137931
030307,2026,APURIMAC,ANTABAMBA,SABAINO,18,4,14,0.2222222222222222
030401,2020,APURIMAC,AYMARAES,CHALHUANCA,99,31,68,0.31313131313131315
030401,2021,APURIMAC,AYMARAES,CHALHUANCA,84,22,62,0.2619047619047619
030401,2022,APURIMAC,AYMARAES,CHALHUANCA,54,16,38,0.2962962962962963
030401,2023,APURIMAC,AYMARAES,CHALHUANCA,175,52,123,0.29714285714285715
030401,2024,APURIMAC,AYMARAES,CHALHUANCA,174,34,140,0.19540229885057472
030401,2025,APURIMAC,AYMARAES,CHALHUANCA,142,41,101,0.2887323943661972
030401,2026,APURIMAC,AYMARAES,CHALHUANCA,115,29,86,0.25217391304347825
030402,2020,APURIMAC,AYMARAES,CAPAYA,9,2,7,0.2222222222222222
030402,2021,APURIMAC,AYMARAES,CAPAYA,7,5,2,0.7142857142857143
030402,2022,APURIMAC,AYMARAES,CAPAYA,7,6,1,0.8571428571428571
030402,2023,APURIMAC,AYMARAES,CAPAYA,23,7,16,0.30434782608695654
030402,2024,APURIMAC,AYMARAES,CAPAYA,22,2,20,0.09090909090909091
030402,2025,APURIMAC,AYMARAES,CAPAYA,19,1,18,0.05263157894736842
030402,2026,APURIMAC,AYMARAES,CAPAYA,12,0,12,0.0
030403,2020,APURIMAC,AYMARAES,CARAYBAMBA,4,0,4,0.0
030403,2021,APURIMAC,AYMARAES,CARAYBAMBA,9,1,8,0.1111111111111111
030403,2022,APURIMAC,AYMARAES,CARAYBAMBA,8,3,5,0.375
030403,2023,APURIMAC,AYMARAES,CARAYBAMBA,27,3,24,0.1111111111111111
030403,2024,APURIMAC,AYMARAES,CARAYBAMBA,26,1,25,0.038461538461538464
030403,2025,APURIMAC,AYMARAES,CARAYBAMBA,20,4,16,0.2
030403,2026,APURIMAC,AYMARAES,CARAYBAMBA,15,5,10,0.3333333333333333
030404,2020,APURIMAC,AYMARAES,CHAPIMARCA,41,19,22,0.4634146341463415
030404,2021,APURIMAC,AYMARAES,CHAPIMARCA,17,10,7,0.5882352941176471
030404,2022,APURIMAC,AYMARAES,CHAPIMARCA,15,8,7,0.5333333333333333
030404,2023,APURIMAC,AYMARAES,CHAPIMARCA,81,37,44,0.4567901234567901
030404,2024,APURIMAC,AYMARAES,CHAPIMARCA,68,29,39,0.4264705882352941
030404,2025,APURIMAC,AYMARAES,CHAPIMARCA,61,30,31,0.4918032786885246
030404,2026,APURIMAC,AYMARAES,CHAPIMARCA,32,16,16,0.5
030405,2020,APURIMAC,AYMARAES,COLCABAMBA,16,6,10,0.375
030405,2021,APURIMAC,AYMARAES,COLCABAMBA,12,0,12,0.0
030405,2022,APURIMAC,AYMARAES,COLCABAMBA,7,1,6,0.14285714285714285
030405,2023,APURIMAC,AYMARAES,COLCABAMBA,17,3,14,0.17647058823529413
030405,2024,APURIMAC,AYMARAES,COLCABAMBA,18,0,18,0.0
030405,2025,APURIMAC,AYMARAES,COLCABAMBA,18,0,18,0.0
030405,2026,APURIMAC,AYMARAES,COLCABAMBA,12,1,11,0.08333333333333333
030406,2020,APURIMAC,AYMARAES,COTARUSE,32,5,27,0.15625
030406,2021,APURIMAC,AYMARAES,COTARUSE,46,8,38,0.17391304347826086
030406,2022,APURIMAC,AYMARAES,COTARUSE,32,7,25,0.21875
030406,2023,APURIMAC,AYMARAES,COTARUSE,140,15,125,0.10714285714285714
030406,2024,APURIMAC,AYMARAES,COTARUSE,127,6,121,0.047244094488188976
030406,2025,APURIMAC,AYMARAES,COTARUSE,113,11,102,0.09734513274336283
030406,2026,APURIMAC,AYMARAES,COTARUSE,81,3,78,0.037037037037037035
030407,2020,APURIMAC,AYMARAES,HUAYLLO,1,0,1,0.0
030407,2021,APURIMAC,AYMARAES,HUAYLLO,1,0,1,0.0
030407,2022,APURIMAC,AYMARAES,HUAYLLO,2,0,2,0.0
030407,2023,APURIMAC,AYMARAES,HUAYLLO,9,1,8,0.1111111111111111
030407,2024,APURIMAC,AYMARAES,HUAYLLO,10,0,10,0.0
030407,2025,APURIMAC,AYMARAES,HUAYLLO,5,1,4,0.2
030407,2026,APURIMAC,AYMARAES,HUAYLLO,1,0,1,0.0
030408,2020,APURIMAC,AYMARAES,JUSTO APU SAHUARAURA,3,2,1,0.6666666666666666
030408,2021,APURIMAC,AYMARAES,JUSTO APU SAHUARAURA,5,2,3,0.4
030408,2022,APURIMAC,AYMARAES,JUSTO APU SAHUARAURA,4,0,4,0.0
030408,2023,APURIMAC,AYMARAES,JUSTO APU SAHUARAURA,19,5,14,0.2631578947368421
030408,2024,APURIMAC,AYMARAES,JUSTO APU SAHUARAURA,21,5,16,0.23809523809523808
030408,2025,APURIMAC,AYMARAES,JUSTO APU SAHUARAURA,13,0,13,0.0
030408,2026,APURIMAC,AYMARAES,JUSTO APU SAHUARAURA,11,0,11,0.0
030409,2020,APURIMAC,AYMARAES,LUCRE,26,2,24,0.07692307692307693
030409,2021,APURIMAC,AYMARAES,LUCRE,15,2,13,0.13333333333333333
030409,2022,APURIMAC,AYMARAES,LUCRE,5,1,4,0.2
030409,2023,APURIMAC,AYMARAES,LUCRE,61,0,61,0.0
030409,2024,APURIMAC,AYMARAES,LUCRE,60,4,56,0.06666666666666667
030409,2025,APURIMAC,AYMARAES,LUCRE,52,2,50,0.038461538461538464
030409,2026,APURIMAC,AYMARAES,LUCRE,35,2,33,0.05714285714285714
030410,2020,APURIMAC,AYMARAES,POCOHUANCA,3,0,3,0.0
030410,2021,APURIMAC,AYMARAES,POCOHUANCA,7,6,1,0.8571428571428571
030410,2022,APURIMAC,AYMARAES,POCOHUANCA,5,0,5,0.0
030410,2023,APURIMAC,AYMARAES,POCOHUANCA,22,2,20,0.09090909090909091
030410,2024,APURIMAC,AYMARAES,POCOHUANCA,21,2,19,0.09523809523809523
030410,2025,APURIMAC,AYMARAES,POCOHUANCA,28,5,23,0.17857142857142858
030410,2026,APURIMAC,AYMARAES,POCOHUANCA,18,2,16,0.1111111111111111
030411,2020,APURIMAC,AYMARAES,SAN JUAN DE CHACÑA,19,2,17,0.10526315789473684
030411,2021,APURIMAC,AYMARAES,SAN JUAN DE CHACÑA,6,1,5,0.16666666666666666
030411,2022,APURIMAC,AYMARAES,SAN JUAN DE CHACÑA,5,2,3,0.4
030411,2023,APURIMAC,AYMARAES,SAN JUAN DE CHACÑA,21,2,19,0.09523809523809523
030411,2024,APURIMAC,AYMARAES,SAN JUAN DE CHACÑA,19,3,16,0.15789473684210525
030411,2025,APURIMAC,AYMARAES,SAN JUAN DE CHACÑA,17,1,16,0.058823529411764705
030411,2026,APURIMAC,AYMARAES,SAN JUAN DE CHACÑA,12,1,11,0.08333333333333333
030412,2020,APURIMAC,AYMARAES,SAÑAYCA,6,3,3,0.5
030412,2021,APURIMAC,AYMARAES,SAÑAYCA,10,0,10,0.0
030412,2022,APURIMAC,AYMARAES,SAÑAYCA,4,1,3,0.25
030412,2023,APURIMAC,AYMARAES,SAÑAYCA,25,7,18,0.28
030412,2024,APURIMAC,AYMARAES,SAÑAYCA,22,6,16,0.2727272727272727
030412,2025,APURIMAC,AYMARAES,SAÑAYCA,24,3,21,0.125
030412,2026,APURIMAC,AYMARAES,SAÑAYCA,16,3,13,0.1875
030413,2020,APURIMAC,AYMARAES,SORAYA,6,0,6,0.0
030413,2021,APURIMAC,AYMARAES,SORAYA,5,0,5,0.0
030413,2022,APURIMAC,AYMARAES,SORAYA,3,0,3,0.0
030413,2023,APURIMAC,AYMARAES,SORAYA,17,0,17,0.0
030413,2024,APURIMAC,AYMARAES,SORAYA,16,0,16,0.0
030413,2025,APURIMAC,AYMARAES,SORAYA,16,1,15,0.0625
030413,2026,APURIMAC,AYMARAES,SORAYA,12,0,12,0.0
030414,2020,APURIMAC,AYMARAES,TAPAIRIHUA,34,14,20,0.4117647058823529
030414,2021,APURIMAC,AYMARAES,TAPAIRIHUA,13,6,7,0.46153846153846156
030414,2022,APURIMAC,AYMARAES,TAPAIRIHUA,23,10,13,0.43478260869565216
030414,2023,APURIMAC,AYMARAES,TAPAIRIHUA,82,21,61,0.25609756097560976
030414,2024,APURIMAC,AYMARAES,TAPAIRIHUA,68,8,60,0.11764705882352941
030414,2025,APURIMAC,AYMARAES,TAPAIRIHUA,60,10,50,0.16666666666666666
030414,2026,APURIMAC,AYMARAES,TAPAIRIHUA,47,10,37,0.2127659574468085
030415,2020,APURIMAC,AYMARAES,TINTAY,39,10,29,0.2564102564102564
030415,2021,APURIMAC,AYMARAES,TINTAY,19,5,14,0.2631578947368421
030415,2022,APURIMAC,AYMARAES,TINTAY,21,2,19,0.09523809523809523
030415,2023,APURIMAC,AYMARAES,TINTAY,54,5,49,0.09259259259259259
030415,2024,APURIMAC,AYMARAES,TINTAY,51,2,49,0.0392156862745098
030415,2025,APURIMAC,AYMARAES,TINTAY,46,3,43,0.06521739130434782
030415,2026,APURIMAC,AYMARAES,TINTAY,26,0,26,0.0
030416,2020,APURIMAC,AYMARAES,TORAYA,12,0,12,0.0
030416,2021,APURIMAC,AYMARAES,TORAYA,10,3,7,0.3
030416,2022,APURIMAC,AYMARAES,TORAYA,8,2,6,0.25
030416,2023,APURIMAC,AYMARAES,TORAYA,34,6,28,0.17647058823529413
030416,2024,APURIMAC,AYMARAES,TORAYA,34,3,31,0.08823529411764706
030416,2025,APURIMAC,AYMARAES,TORAYA,27,0,27,0.0
030416,2026,APURIMAC,AYMARAES,TORAYA,18,1,17,0.05555555555555555
030417,2020,APURIMAC,AYMARAES,YANACA,9,5,4,0.5555555555555556
030417,2021,APURIMAC,AYMARAES,YANACA,6,4,2,0.6666666666666666
030417,2022,APURIMAC,AYMARAES,YANACA,6,1,5,0.16666666666666666
030417,2023,APURIMAC,AYMARAES,YANACA,32,4,28,0.125
030417,2024,APURIMAC,AYMARAES,YANACA,30,4,26,0.13333333333333333
030417,2025,APURIMAC,AYMARAES,YANACA,24,7,17,0.2916666666666667
030417,2026,APURIMAC,AYMARAES,YANACA,11,3,8,0.2727272727272727
030501,2020,APURIMAC,COTABAMBAS,TAMBOBAMBA,214,186,28,0.8691588785046729
030501,2021,APURIMAC,COTABAMBAS,TAMBOBAMBA,220,174,46,0.7909090909090909
030501,2022,APURIMAC,COTABAMBAS,TAMBOBAMBA,237,61,176,0.25738396624472576
030501,2023,APURIMAC,COTABAMBAS,TAMBOBAMBA,620,146,474,0.23548387096774193
030501,2024,APURIMAC,COTABAMBAS,TAMBOBAMBA,535,64,471,0.11962616822429907
030501,2025,APURIMAC,COTABAMBAS,TAMBOBAMBA,491,63,428,0.12830957230142567
030501,2026,APURIMAC,COTABAMBAS,TAMBOBAMBA,340,39,301,0.11470588235294117
030502,2020,APURIMAC,COTABAMBAS,COTABAMBAS,73,26,47,0.3561643835616438
030502,2021,APURIMAC,COTABAMBAS,COTABAMBAS,62,17,45,0.27419354838709675
030502,2022,APURIMAC,COTABAMBAS,COTABAMBAS,44,12,32,0.2727272727272727
030502,2023,APURIMAC,COTABAMBAS,COTABAMBAS,129,25,104,0.1937984496124031
030502,2024,APURIMAC,COTABAMBAS,COTABAMBAS,121,10,111,0.08264462809917356
030502,2025,APURIMAC,COTABAMBAS,COTABAMBAS,105,7,98,0.06666666666666667
030502,2026,APURIMAC,COTABAMBAS,COTABAMBAS,73,11,62,0.1506849315068493
030503,2020,APURIMAC,COTABAMBAS,COYLLURQUI,198,45,153,0.22727272727272727
030503,2021,APURIMAC,COTABAMBAS,COYLLURQUI,147,24,123,0.16326530612244897
030503,2022,APURIMAC,COTABAMBAS,COYLLURQUI,133,33,100,0.24812030075187969
030503,2023,APURIMAC,COTABAMBAS,COYLLURQUI,456,67,389,0.14692982456140352
030503,2024,APURIMAC,COTABAMBAS,COYLLURQUI,413,30,383,0.07263922518159806
030503,2025,APURIMAC,COTABAMBAS,COYLLURQUI,349,32,317,0.09169054441260745
030503,2026,APURIMAC,COTABAMBAS,COYLLURQUI,245,22,223,0.08979591836734693
030504,2020,APURIMAC,COTABAMBAS,HAQUIRA,209,115,94,0.5502392344497608
030504,2021,APURIMAC,COTABAMBAS,HAQUIRA,130,71,59,0.5461538461538461
030504,2022,APURIMAC,COTABAMBAS,HAQUIRA,136,52,84,0.38235294117647056
030504,2023,APURIMAC,COTABAMBAS,HAQUIRA,411,141,270,0.34306569343065696
030504,2024,APURIMAC,COTABAMBAS,HAQUIRA,335,40,295,0.11940298507462686
030504,2025,APURIMAC,COTABAMBAS,HAQUIRA,279,31,248,0.1111111111111111
030504,2026,APURIMAC,COTABAMBAS,HAQUIRA,191,22,169,0.11518324607329843
030505,2020,APURIMAC,COTABAMBAS,MARA,130,41,89,0.3153846153846154
030505,2021,APURIMAC,COTABAMBAS,MARA,173,68,105,0.3930635838150289
030505,2022,APURIMAC,COTABAMBAS,MARA,95,57,38,0.6
030505,2023,APURIMAC,COTABAMBAS,MARA,221,95,126,0.4298642533936652
030505,2024,APURIMAC,COTABAMBAS,MARA,238,35,203,0.14705882352941177
030505,2025,APURIMAC,COTABAMBAS,MARA,210,22,188,0.10476190476190476
030505,2026,APURIMAC,COTABAMBAS,MARA,155,33,122,0.2129032258064516
030506,2020,APURIMAC,COTABAMBAS,CHALLHUAHUACHO,283,144,139,0.508833922261484
030506,2021,APURIMAC,COTABAMBAS,CHALLHUAHUACHO,270,96,174,0.35555555555555557
030506,2022,APURIMAC,COTABAMBAS,CHALLHUAHUACHO,227,131,96,0.5770925110132159
030506,2023,APURIMAC,COTABAMBAS,CHALLHUAHUACHO,677,250,427,0.36927621861152143
030506,2024,APURIMAC,COTABAMBAS,CHALLHUAHUACHO,719,44,675,0.061196105702364396
030506,2025,APURIMAC,COTABAMBAS,CHALLHUAHUACHO,623,49,574,0.07865168539325842
030506,2026,APURIMAC,COTABAMBAS,CHALLHUAHUACHO,438,33,405,0.07534246575342465
030601,2020,APURIMAC,CHINCHEROS,CHINCHEROS,103,27,76,0.2621359223300971
030601,2021,APURIMAC,CHINCHEROS,CHINCHEROS,85,35,50,0.4117647058823529
030601,2022,APURIMAC,CHINCHEROS,CHINCHEROS,71,27,44,0.38028169014084506
030601,2023,APURIMAC,CHINCHEROS,CHINCHEROS,228,54,174,0.23684210526315788
030601,2024,APURIMAC,CHINCHEROS,CHINCHEROS,192,25,167,0.13020833333333334
030601,2025,APURIMAC,CHINCHEROS,CHINCHEROS,165,35,130,0.21212121212121213
030601,2026,APURIMAC,CHINCHEROS,CHINCHEROS,102,29,73,0.28431372549019607
030602,2020,APURIMAC,CHINCHEROS,ANCO HUALLO,281,93,188,0.3309608540925267
030602,2021,APURIMAC,CHINCHEROS,ANCO HUALLO,188,69,119,0.3670212765957447
030602,2022,APURIMAC,CHINCHEROS,ANCO HUALLO,146,46,100,0.3150684931506849
030602,2023,APURIMAC,CHINCHEROS,ANCO HUALLO,416,84,332,0.20192307692307693
030602,2024,APURIMAC,CHINCHEROS,ANCO HUALLO,427,72,355,0.1686182669789227
030602,2025,APURIMAC,CHINCHEROS,ANCO HUALLO,373,61,312,0.16353887399463807
030602,2026,APURIMAC,CHINCHEROS,ANCO HUALLO,276,58,218,0.21014492753623187
030603,2020,APURIMAC,CHINCHEROS,COCHARCAS,20,7,13,0.35
030603,2021,APURIMAC,CHINCHEROS,COCHARCAS,31,10,21,0.3225806451612903
030603,2022,APURIMAC,CHINCHEROS,COCHARCAS,27,7,20,0.25925925925925924
030603,2023,APURIMAC,CHINCHEROS,COCHARCAS,43,2,41,0.046511627906976744
030603,2024,APURIMAC,CHINCHEROS,COCHARCAS,56,8,48,0.14285714285714285
030603,2025,APURIMAC,CHINCHEROS,COCHARCAS,53,7,46,0.1320754716981132
030603,2026,APURIMAC,CHINCHEROS,COCHARCAS,33,8,25,0.24242424242424243
030604,2020,APURIMAC,CHINCHEROS,HUACCANA,238,105,133,0.4411764705882353
030604,2021,APURIMAC,CHINCHEROS,HUACCANA,230,74,156,0.3217391304347826
030604,2022,APURIMAC,CHINCHEROS,HUACCANA,104,42,62,0.40384615384615385
030604,2023,APURIMAC,CHINCHEROS,HUACCANA,254,85,169,0.3346456692913386
030604,2024,APURIMAC,CHINCHEROS,HUACCANA,164,22,142,0.13414634146341464
030604,2025,APURIMAC,CHINCHEROS,HUACCANA,132,13,119,0.09848484848484848
030604,2026,APURIMAC,CHINCHEROS,HUACCANA,108,10,98,0.09259259259259259
030605,2020,APURIMAC,CHINCHEROS,OCOBAMBA,89,50,39,0.5617977528089888
030605,2021,APURIMAC,CHINCHEROS,OCOBAMBA,74,27,47,0.36486486486486486
030605,2022,APURIMAC,CHINCHEROS,OCOBAMBA,54,25,29,0.46296296296296297
030605,2023,APURIMAC,CHINCHEROS,OCOBAMBA,275,48,227,0.17454545454545456
030605,2024,APURIMAC,CHINCHEROS,OCOBAMBA,252,21,231,0.08333333333333333
030605,2025,APURIMAC,CHINCHEROS,OCOBAMBA,230,14,216,0.06086956521739131
030605,2026,APURIMAC,CHINCHEROS,OCOBAMBA,166,8,158,0.04819277108433735
030606,2020,APURIMAC,CHINCHEROS,ONGOY,65,3,62,0.046153846153846156
030606,2021,APURIMAC,CHINCHEROS,ONGOY,55,1,54,0.01818181818181818
030606,2022,APURIMAC,CHINCHEROS,ONGOY,61,4,57,0.06557377049180328
030606,2023,APURIMAC,CHINCHEROS,ONGOY,102,18,84,0.17647058823529413
030606,2024,APURIMAC,CHINCHEROS,ONGOY,98,7,91,0.07142857142857142
030606,2025,APURIMAC,CHINCHEROS,ONGOY,75,14,61,0.18666666666666668
030606,2026,APURIMAC,CHINCHEROS,ONGOY,54,6,48,0.1111111111111111
030607,2020,APURIMAC,CHINCHEROS,URANMARCA,40,25,15,0.625
030607,2021,APURIMAC,CHINCHEROS,URANMARCA,45,24,21,0.5333333333333333
030607,2022,APURIMAC,CHINCHEROS,URANMARCA,44,22,22,0.5
030607,2023,APURIMAC,CHINCHEROS,URANMARCA,81,29,52,0.35802469135802467
030607,2024,APURIMAC,CHINCHEROS,URANMARCA,75,23,52,0.30666666666666664
030607,2025,APURIMAC,CHINCHEROS,URANMARCA,60,23,37,0.38333333333333336
030607,2026,APURIMAC,CHINCHEROS,URANMARCA,50,16,34,0.32
030608,2020,APURIMAC,CHINCHEROS,RANRACANCHA,93,38,55,0.40860215053763443
030608,2021,APURIMAC,CHINCHEROS,RANRACANCHA,31,15,16,0.4838709677419355
030608,2022,APURIMAC,CHINCHEROS,RANRACANCHA,35,17,18,0.4857142857142857
030608,2023,APURIMAC,CHINCHEROS,RANRACANCHA,140,48,92,0.34285714285714286
030608,2024,APURIMAC,CHINCHEROS,RANRACANCHA,142,34,108,0.23943661971830985
030608,2025,APURIMAC,CHINCHEROS,RANRACANCHA,132,27,105,0.20454545454545456
030608,2026,APURIMAC,CHINCHEROS,RANRACANCHA,87,16,71,0.1839080459770115
030609,2020,APURIMAC,CHINCHEROS,ROCCHACC,71,19,52,0.2676056338028169
030609,2021,APURIMAC,CHINCHEROS,ROCCHACC,31,15,16,0.4838709677419355
030609,2022,APURIMAC,CHINCHEROS,ROCCHACC,34,15,19,0.4411764705882353
030609,2023,APURIMAC,CHINCHEROS,ROCCHACC,146,56,90,0.3835616438356164
030609,2024,APURIMAC,CHINCHEROS,ROCCHACC,126,29,97,0.23015873015873015
030609,2025,APURIMAC,CHINCHEROS,ROCCHACC,114,22,92,0.19298245614035087
030609,2026,APURIMAC,CHINCHEROS,ROCCHACC,64,6,58,0.09375
030610,2020,APURIMAC,CHINCHEROS,EL PORVENIR,41,14,27,0.34146341463414637
030610,2021,APURIMAC,CHINCHEROS,EL PORVENIR,25,3,22,0.12
030610,2022,APURIMAC,CHINCHEROS,EL PORVENIR,9,3,6,0.3333333333333333
030610,2023,APURIMAC,CHINCHEROS,EL PORVENIR,70,8,62,0.11428571428571428
030610,2024,APURIMAC,CHINCHEROS,EL PORVENIR,66,4,62,0.06060606060606061
030610,2025,APURIMAC,CHINCHEROS,EL PORVENIR,57,4,53,0.07017543859649122
030610,2026,APURIMAC,CHINCHEROS,EL PORVENIR,42,4,38,0.09523809523809523
030611,2020,APURIMAC,CHINCHEROS,LOS CHANKAS,32,2,30,0.0625
030611,2021,APURIMAC,CHINCHEROS,LOS CHANKAS,55,3,52,0.05454545454545454
030611,2022,APURIMAC,CHINCHEROS,LOS CHANKAS,20,2,18,0.1
030611,2023,APURIMAC,CHINCHEROS,LOS CHANKAS,53,9,44,0.16981132075471697
030611,2024,APURIMAC,CHINCHEROS,LOS CHANKAS,65,4,61,0.06153846153846154
030611,2025,APURIMAC,CHINCHEROS,LOS CHANKAS,45,1,44,0.022222222222222223
030611,2026,APURIMAC,CHINCHEROS,LOS CHANKAS,34,0,34,0.0
030612,2024,APURIMAC,CHINCHEROS,AHUAYRO,48,32,16,0.6666666666666666
030612,2025,APURIMAC,CHINCHEROS,AHUAYRO,46,32,14,0.6956521739130435
030612,2026,APURIMAC,CHINCHEROS,AHUAYRO,29,21,8,0.7241379310344828
030701,2020,APURIMAC,GRAU,CHUQUIBAMBILLA,65,16,49,0.24615384615384617
030701,2021,APURIMAC,GRAU,CHUQUIBAMBILLA,155,37,118,0.23870967741935484
030701,2022,APURIMAC,GRAU,CHUQUIBAMBILLA,162,27,135,0.16666666666666666
030701,2023,APURIMAC,GRAU,CHUQUIBAMBILLA,147,28,119,0.19047619047619047
030701,2024,APURIMAC,GRAU,CHUQUIBAMBILLA,138,26,112,0.18840579710144928
030701,2025,APURIMAC,GRAU,CHUQUIBAMBILLA,124,17,107,0.13709677419354838
030701,2026,APURIMAC,GRAU,CHUQUIBAMBILLA,77,8,69,0.1038961038961039
030702,2020,APURIMAC,GRAU,CURPAHUASI,21,4,17,0.19047619047619047
030702,2021,APURIMAC,GRAU,CURPAHUASI,40,14,26,0.35
030702,2022,APURIMAC,GRAU,CURPAHUASI,30,12,18,0.4
030702,2023,APURIMAC,GRAU,CURPAHUASI,51,12,39,0.23529411764705882
030702,2024,APURIMAC,GRAU,CURPAHUASI,42,14,28,0.3333333333333333
030702,2025,APURIMAC,GRAU,CURPAHUASI,44,19,25,0.4318181818181818
030702,2026,APURIMAC,GRAU,CURPAHUASI,32,9,23,0.28125
030703,2020,APURIMAC,GRAU,MARISCAL GAMARRA,37,18,19,0.4864864864864865
030703,2021,APURIMAC,GRAU,MARISCAL GAMARRA,25,15,10,0.6
030703,2022,APURIMAC,GRAU,MARISCAL GAMARRA,38,18,20,0.47368421052631576
030703,2023,APURIMAC,GRAU,MARISCAL GAMARRA,79,34,45,0.43037974683544306
030703,2024,APURIMAC,GRAU,MARISCAL GAMARRA,74,22,52,0.2972972972972973
030703,2025,APURIMAC,GRAU,MARISCAL GAMARRA,58,16,42,0.27586206896551724
030703,2026,APURIMAC,GRAU,MARISCAL GAMARRA,32,12,20,0.375
030704,2020,APURIMAC,GRAU,HUAILLATI,16,13,3,0.8125
030704,2021,APURIMAC,GRAU,HUAILLATI,5,2,3,0.4
030704,2022,APURIMAC,GRAU,HUAILLATI,2,2,0,1.0
030704,2023,APURIMAC,GRAU,HUAILLATI,1,0,1,0.0
030704,2024,APURIMAC,GRAU,HUAILLATI,31,4,27,0.12903225806451613
030704,2025,APURIMAC,GRAU,HUAILLATI,28,6,22,0.21428571428571427
030704,2026,APURIMAC,GRAU,HUAILLATI,17,2,15,0.11764705882352941
030705,2020,APURIMAC,GRAU,MAMARA,1,1,0,1.0
030705,2021,APURIMAC,GRAU,MAMARA,3,0,3,0.0
030705,2022,APURIMAC,GRAU,MAMARA,1,1,0,1.0
030705,2023,APURIMAC,GRAU,MAMARA,17,7,10,0.4117647058823529
030705,2024,APURIMAC,GRAU,MAMARA,14,3,11,0.21428571428571427
030705,2025,APURIMAC,GRAU,MAMARA,10,1,9,0.1
030705,2026,APURIMAC,GRAU,MAMARA,7,0,7,0.0
030706,2020,APURIMAC,GRAU,MICAELA BASTIDAS,9,4,5,0.4444444444444444
030706,2021,APURIMAC,GRAU,MICAELA BASTIDAS,13,5,8,0.38461538461538464
030706,2022,APURIMAC,GRAU,MICAELA BASTIDAS,8,3,5,0.375
030706,2023,APURIMAC,GRAU,MICAELA BASTIDAS,19,4,15,0.21052631578947367
030706,2024,APURIMAC,GRAU,MICAELA BASTIDAS,15,5,10,0.3333333333333333
030706,2025,APURIMAC,GRAU,MICAELA BASTIDAS,19,3,16,0.15789473684210525
030706,2026,APURIMAC,GRAU,MICAELA BASTIDAS,18,3,15,0.16666666666666666
030707,2020,APURIMAC,GRAU,PATAYPAMPA,10,5,5,0.5
030707,2021,APURIMAC,GRAU,PATAYPAMPA,18,11,7,0.6111111111111112
030707,2022,APURIMAC,GRAU,PATAYPAMPA,14,13,1,0.9285714285714286
030707,2023,APURIMAC,GRAU,PATAYPAMPA,25,9,16,0.36
030707,2024,APURIMAC,GRAU,PATAYPAMPA,26,11,15,0.4230769230769231
030707,2025,APURIMAC,GRAU,PATAYPAMPA,19,5,14,0.2631578947368421
030707,2026,APURIMAC,GRAU,PATAYPAMPA,7,1,6,0.14285714285714285
030708,2020,APURIMAC,GRAU,PROGRESO,93,62,31,0.6666666666666666
030708,2021,APURIMAC,GRAU,PROGRESO,34,18,16,0.5294117647058824
030708,2022,APURIMAC,GRAU,PROGRESO,16,9,7,0.5625
030708,2023,APURIMAC,GRAU,PROGRESO,25,12,13,0.48
030708,2024,APURIMAC,GRAU,PROGRESO,171,22,149,0.1286549707602339
030708,2025,APURIMAC,GRAU,PROGRESO,151,27,124,0.17880794701986755
030708,2026,APURIMAC,GRAU,PROGRESO,96,12,84,0.125
030709,2020,APURIMAC,GRAU,SAN ANTONIO,2,1,1,0.5
030709,2021,APURIMAC,GRAU,SAN ANTONIO,6,1,5,0.16666666666666666
030709,2022,APURIMAC,GRAU,SAN ANTONIO,4,0,4,0.0
030709,2023,APURIMAC,GRAU,SAN ANTONIO,10,2,8,0.2
030709,2024,APURIMAC,GRAU,SAN ANTONIO,3,1,2,0.3333333333333333
030709,2025,APURIMAC,GRAU,SAN ANTONIO,6,1,5,0.16666666666666666
030709,2026,APURIMAC,GRAU,SAN ANTONIO,5,1,4,0.2
030710,2020,APURIMAC,GRAU,SANTA ROSA,8,3,5,0.375
030710,2021,APURIMAC,GRAU,SANTA ROSA,6,2,4,0.3333333333333333
030710,2022,APURIMAC,GRAU,SANTA ROSA,7,5,2,0.7142857142857143
030710,2023,APURIMAC,GRAU,SANTA ROSA,18,9,9,0.5
030710,2024,APURIMAC,GRAU,SANTA ROSA,19,3,16,0.15789473684210525
030710,2025,APURIMAC,GRAU,SANTA ROSA,15,2,13,0.13333333333333333
030710,2026,APURIMAC,GRAU,SANTA ROSA,8,1,7,0.125
030711,2020,APURIMAC,GRAU,TURPAY,2,0,2,0.0
030711,2021,APURIMAC,GRAU,TURPAY,0,0,0,
030711,2023,APURIMAC,GRAU,TURPAY,13,0,13,0.0
030711,2024,APURIMAC,GRAU,TURPAY,7,0,7,0.0
030711,2025,APURIMAC,GRAU,TURPAY,8,0,8,0.0
030711,2026,APURIMAC,GRAU,TURPAY,8,0,8,0.0
030712,2020,APURIMAC,GRAU,VILCABAMBA,19,5,14,0.2631578947368421
030712,2021,APURIMAC,GRAU,VILCABAMBA,22,7,15,0.3181818181818182
030712,2022,APURIMAC,GRAU,VILCABAMBA,29,10,19,0.3448275862068966
030712,2023,APURIMAC,GRAU,VILCABAMBA,47,11,36,0.23404255319148937
030712,2024,APURIMAC,GRAU,VILCABAMBA,46,8,38,0.17391304347826086
030712,2025,APURIMAC,GRAU,VILCABAMBA,54,8,46,0.14814814814814814
030712,2026,APURIMAC,GRAU,VILCABAMBA,36,7,29,0.19444444444444445
030713,2020,APURIMAC,GRAU,VIRUNDO,17,5,12,0.29411764705882354
030713,2021,APURIMAC,GRAU,VIRUNDO,12,7,5,0.5833333333333334
030713,2022,APURIMAC,GRAU,VIRUNDO,11,8,3,0.7272727272727273
030713,2023,APURIMAC,GRAU,VIRUNDO,14,5,9,0.35714285714285715
030713,2024,APURIMAC,GRAU,VIRUNDO,20,1,19,0.05
030713,2025,APURIMAC,GRAU,VIRUNDO,20,1,19,0.05
030713,2026,APURIMAC,GRAU,VIRUNDO,16,2,14,0.125
030714,2020,APURIMAC,GRAU,CURASCO,10,3,7,0.3
030714,2021,APURIMAC,GRAU,CURASCO,25,8,17,0.32
030714,2022,APURIMAC,GRAU,CURASCO,19,7,12,0.3684210526315789
030714,2023,APURIMAC,GRAU,CURASCO,34,8,26,0.23529411764705882
030714,2024,APURIMAC,GRAU,CURASCO,37,0,37,0.0
030714,2025,APURIMAC,GRAU,CURASCO,29,2,27,0.06896551724137931
030714,2026,APURIMAC,GRAU,CURASCO,26,4,22,0.15384615384615385
040101,2020,AREQUIPA,AREQUIPA,AREQUIPA,101,47,54,0.46534653465346537
040101,2021,AREQUIPA,AREQUIPA,AREQUIPA,30,7,23,0.23333333333333334
040101,2022,AREQUIPA,AREQUIPA,AREQUIPA,54,21,33,0.3888888888888889
040101,2023,AREQUIPA,AREQUIPA,AREQUIPA,150,62,88,0.41333333333333333
040101,2024,AREQUIPA,AREQUIPA,AREQUIPA,166,54,112,0.3253012048192771
040101,2025,AREQUIPA,AREQUIPA,AREQUIPA,106,40,66,0.37735849056603776
040101,2026,AREQUIPA,AREQUIPA,AREQUIPA,60,33,27,0.55
040102,2020,AREQUIPA,AREQUIPA,ALTO SELVA ALEGRE,804,288,516,0.3582089552238806
040102,2021,AREQUIPA,AREQUIPA,ALTO SELVA ALEGRE,825,211,614,0.25575757575757574
040102,2022,AREQUIPA,AREQUIPA,ALTO SELVA ALEGRE,783,197,586,0.2515964240102171
040102,2023,AREQUIPA,AREQUIPA,ALTO SELVA ALEGRE,1469,380,1089,0.2586793737236215
040102,2024,AREQUIPA,AREQUIPA,ALTO SELVA ALEGRE,1446,302,1144,0.20885200553250347
040102,2025,AREQUIPA,AREQUIPA,ALTO SELVA ALEGRE,1256,123,1133,0.09792993630573249
040102,2026,AREQUIPA,AREQUIPA,ALTO SELVA ALEGRE,597,61,536,0.10217755443886097
040103,2020,AREQUIPA,AREQUIPA,CAYMA,706,185,521,0.26203966005665724
040103,2021,AREQUIPA,AREQUIPA,CAYMA,977,285,692,0.2917093142272262
040103,2022,AREQUIPA,AREQUIPA,CAYMA,818,244,574,0.2982885085574572
040103,2023,AREQUIPA,AREQUIPA,CAYMA,1714,433,1281,0.2526254375729288
040103,2024,AREQUIPA,AREQUIPA,CAYMA,1731,459,1272,0.2651646447140381
040103,2025,AREQUIPA,AREQUIPA,CAYMA,1535,311,1224,0.2026058631921824
040103,2026,AREQUIPA,AREQUIPA,CAYMA,818,205,613,0.2506112469437653
040104,2020,AREQUIPA,AREQUIPA,CERRO COLORADO,1878,649,1229,0.345580404685836
040104,2021,AREQUIPA,AREQUIPA,CERRO COLORADO,1977,624,1353,0.3156297420333839
040104,2022,AREQUIPA,AREQUIPA,CERRO COLORADO,1678,538,1140,0.3206197854588796
040104,2023,AREQUIPA,AREQUIPA,CERRO COLORADO,3405,862,2543,0.25315712187958883
040104,2024,AREQUIPA,AREQUIPA,CERRO COLORADO,3443,979,2464,0.28434504792332266
040104,2025,AREQUIPA,AREQUIPA,CERRO COLORADO,3336,929,2407,0.27847721822541965
040104,2026,AREQUIPA,AREQUIPA,CERRO COLORADO,1823,546,1277,0.2995063082830499
040105,2020,AREQUIPA,AREQUIPA,CHARACATO,120,58,62,0.48333333333333334
040105,2021,AREQUIPA,AREQUIPA,CHARACATO,149,53,96,0.35570469798657717
040105,2022,AREQUIPA,AREQUIPA,CHARACATO,170,62,108,0.36470588235294116
040105,2023,AREQUIPA,AREQUIPA,CHARACATO,305,83,222,0.2721311475409836
040105,2024,AREQUIPA,AREQUIPA,CHARACATO,323,80,243,0.2476780185758514
040105,2025,AREQUIPA,AREQUIPA,CHARACATO,310,62,248,0.2
040105,2026,AREQUIPA,AREQUIPA,CHARACATO,160,47,113,0.29375
040106,2020,AREQUIPA,AREQUIPA,CHIGUATA,75,30,45,0.4
040106,2021,AREQUIPA,AREQUIPA,CHIGUATA,41,18,23,0.43902439024390244
040106,2022,AREQUIPA,AREQUIPA,CHIGUATA,38,21,17,0.5526315789473685
040106,2023,AREQUIPA,AREQUIPA,CHIGUATA,74,42,32,0.5675675675675675
040106,2024,AREQUIPA,AREQUIPA,CHIGUATA,91,43,48,0.4725274725274725
040106,2025,AREQUIPA,AREQUIPA,CHIGUATA,88,30,58,0.3409090909090909
040106,2026,AREQUIPA,AREQUIPA,CHIGUATA,54,15,39,0.2777777777777778
040107,2020,AREQUIPA,AREQUIPA,JACOBO HUNTER,255,80,175,0.3137254901960784
040107,2021,AREQUIPA,AREQUIPA,JACOBO HUNTER,636,182,454,0.2861635220125786
040107,2022,AREQUIPA,AREQUIPA,JACOBO HUNTER,604,124,480,0.2052980132450331
040107,2023,AREQUIPA,AREQUIPA,JACOBO HUNTER,1121,219,902,0.19536128456735058
040107,2024,AREQUIPA,AREQUIPA,JACOBO HUNTER,1089,289,800,0.26538108356290174
040107,2025,AREQUIPA,AREQUIPA,JACOBO HUNTER,954,206,748,0.21593291404612158
040107,2026,AREQUIPA,AREQUIPA,JACOBO HUNTER,537,112,425,0.2085661080074488
040108,2020,AREQUIPA,AREQUIPA,LA JOYA,830,119,711,0.14337349397590363
040108,2021,AREQUIPA,AREQUIPA,LA JOYA,554,89,465,0.16064981949458484
040108,2022,AREQUIPA,AREQUIPA,LA JOYA,434,79,355,0.18202764976958524
040108,2023,AREQUIPA,AREQUIPA,LA JOYA,916,115,801,0.12554585152838427
040108,2024,AREQUIPA,AREQUIPA,LA JOYA,964,202,762,0.2095435684647303
040108,2025,AREQUIPA,AREQUIPA,LA JOYA,1012,253,759,0.25
040108,2026,AREQUIPA,AREQUIPA,LA JOYA,524,122,402,0.23282442748091603
040109,2020,AREQUIPA,AREQUIPA,MARIANO MELGAR,989,235,754,0.23761375126390294
040109,2021,AREQUIPA,AREQUIPA,MARIANO MELGAR,671,160,511,0.23845007451564829
040109,2022,AREQUIPA,AREQUIPA,MARIANO MELGAR,609,139,470,0.22824302134646962
040109,2023,AREQUIPA,AREQUIPA,MARIANO MELGAR,1427,270,1157,0.18920812894183603
040109,2024,AREQUIPA,AREQUIPA,MARIANO MELGAR,1425,326,1099,0.2287719298245614
040109,2025,AREQUIPA,AREQUIPA,MARIANO MELGAR,1299,364,935,0.2802155504234026
040109,2026,AREQUIPA,AREQUIPA,MARIANO MELGAR,687,205,482,0.29839883551673946
040110,2020,AREQUIPA,AREQUIPA,MIRAFLORES,490,138,352,0.2816326530612245
040110,2021,AREQUIPA,AREQUIPA,MIRAFLORES,540,112,428,0.2074074074074074
040110,2022,AREQUIPA,AREQUIPA,MIRAFLORES,399,127,272,0.3182957393483709
040110,2023,AREQUIPA,AREQUIPA,MIRAFLORES,1058,213,845,0.20132325141776938
040110,2024,AREQUIPA,AREQUIPA,MIRAFLORES,992,245,747,0.2469758064516129
040110,2025,AREQUIPA,AREQUIPA,MIRAFLORES,888,189,699,0.21283783783783783
040110,2026,AREQUIPA,AREQUIPA,MIRAFLORES,492,109,383,0.22154471544715448
040111,2020,AREQUIPA,AREQUIPA,MOLLEBAYA,96,46,50,0.4791666666666667
040111,2021,AREQUIPA,AREQUIPA,MOLLEBAYA,60,24,36,0.4
040111,2022,AREQUIPA,AREQUIPA,MOLLEBAYA,50,27,23,0.54
040111,2023,AREQUIPA,AREQUIPA,MOLLEBAYA,160,60,100,0.375
040111,2024,AREQUIPA,AREQUIPA,MOLLEBAYA,148,61,87,0.41216216216216217
040111,2025,AREQUIPA,AREQUIPA,MOLLEBAYA,146,33,113,0.22602739726027396
040111,2026,AREQUIPA,AREQUIPA,MOLLEBAYA,95,34,61,0.35789473684210527
040112,2020,AREQUIPA,AREQUIPA,PAUCARPATA,1576,485,1091,0.30774111675126903
040112,2021,AREQUIPA,AREQUIPA,PAUCARPATA,1285,387,898,0.30116731517509726
040112,2022,AREQUIPA,AREQUIPA,PAUCARPATA,1098,297,801,0.27049180327868855
040112,2023,AREQUIPA,AREQUIPA,PAUCARPATA,2558,625,1933,0.24433150899139952
040112,2024,AREQUIPA,AREQUIPA,PAUCARPATA,2628,701,1927,0.2667427701674277
040112,2025,AREQUIPA,AREQUIPA,PAUCARPATA,2415,683,1732,0.282815734989648
040112,2026,AREQUIPA,AREQUIPA,PAUCARPATA,1377,395,982,0.28685548293391433
040113,2020,AREQUIPA,AREQUIPA,POCSI,10,2,8,0.2
040113,2021,AREQUIPA,AREQUIPA,POCSI,6,1,5,0.16666666666666666
040113,2022,AREQUIPA,AREQUIPA,POCSI,2,0,2,0.0
040113,2023,AREQUIPA,AREQUIPA,POCSI,3,0,3,0.0
040113,2024,AREQUIPA,AREQUIPA,POCSI,6,0,6,0.0
040113,2025,AREQUIPA,AREQUIPA,POCSI,9,1,8,0.1111111111111111
040113,2026,AREQUIPA,AREQUIPA,POCSI,4,0,4,0.0
040114,2020,AREQUIPA,AREQUIPA,POLOBAYA,0,0,0,
040114,2021,AREQUIPA,AREQUIPA,POLOBAYA,12,11,1,0.9166666666666666
040114,2022,AREQUIPA,AREQUIPA,POLOBAYA,5,4,1,0.8
040114,2023,AREQUIPA,AREQUIPA,POLOBAYA,22,7,15,0.3181818181818182
040114,2024,AREQUIPA,AREQUIPA,POLOBAYA,19,4,15,0.21052631578947367
040114,2025,AREQUIPA,AREQUIPA,POLOBAYA,10,1,9,0.1
040114,2026,AREQUIPA,AREQUIPA,POLOBAYA,7,0,7,0.0
040115,2020,AREQUIPA,AREQUIPA,QUEQUEÑA,38,19,19,0.5
040115,2021,AREQUIPA,AREQUIPA,QUEQUEÑA,38,15,23,0.39473684210526316
040115,2022,AREQUIPA,AREQUIPA,QUEQUEÑA,51,27,24,0.5294117647058824
040115,2023,AREQUIPA,AREQUIPA,QUEQUEÑA,90,36,54,0.4
040115,2024,AREQUIPA,AREQUIPA,QUEQUEÑA,77,43,34,0.5584415584415584
040115,2025,AREQUIPA,AREQUIPA,QUEQUEÑA,63,25,38,0.3968253968253968
040115,2026,AREQUIPA,AREQUIPA,QUEQUEÑA,33,5,28,0.15151515151515152
040116,2020,AREQUIPA,AREQUIPA,SABANDIA,67,13,54,0.19402985074626866
040116,2021,AREQUIPA,AREQUIPA,SABANDIA,93,14,79,0.15053763440860216
040116,2022,AREQUIPA,AREQUIPA,SABANDIA,66,7,59,0.10606060606060606
040116,2023,AREQUIPA,AREQUIPA,SABANDIA,146,16,130,0.1095890410958904
040116,2024,AREQUIPA,AREQUIPA,SABANDIA,132,34,98,0.25757575757575757
040116,2025,AREQUIPA,AREQUIPA,SABANDIA,122,44,78,0.36065573770491804
040116,2026,AREQUIPA,AREQUIPA,SABANDIA,54,15,39,0.2777777777777778
040117,2020,AREQUIPA,AREQUIPA,SACHACA,209,73,136,0.3492822966507177
040117,2021,AREQUIPA,AREQUIPA,SACHACA,228,75,153,0.32894736842105265
040117,2022,AREQUIPA,AREQUIPA,SACHACA,210,86,124,0.4095238095238095
040117,2023,AREQUIPA,AREQUIPA,SACHACA,391,114,277,0.2915601023017903
040117,2024,AREQUIPA,AREQUIPA,SACHACA,340,117,223,0.34411764705882353
040117,2025,AREQUIPA,AREQUIPA,SACHACA,346,118,228,0.34104046242774566
040117,2026,AREQUIPA,AREQUIPA,SACHACA,187,89,98,0.47593582887700536
040118,2022,AREQUIPA,AREQUIPA,SAN JUAN DE SIGUAS,4,0,4,0.0
040118,2023,AREQUIPA,AREQUIPA,SAN JUAN DE SIGUAS,13,5,8,0.38461538461538464
040118,2024,AREQUIPA,AREQUIPA,SAN JUAN DE SIGUAS,17,2,15,0.11764705882352941
040118,2025,AREQUIPA,AREQUIPA,SAN JUAN DE SIGUAS,10,2,8,0.2
040118,2026,AREQUIPA,AREQUIPA,SAN JUAN DE SIGUAS,7,0,7,0.0
040119,2020,AREQUIPA,AREQUIPA,SAN JUAN DE TARUCANI,16,7,9,0.4375
040119,2021,AREQUIPA,AREQUIPA,SAN JUAN DE TARUCANI,4,2,2,0.5
040119,2022,AREQUIPA,AREQUIPA,SAN JUAN DE TARUCANI,9,6,3,0.6666666666666666
040119,2023,AREQUIPA,AREQUIPA,SAN JUAN DE TARUCANI,12,9,3,0.75
040119,2024,AREQUIPA,AREQUIPA,SAN JUAN DE TARUCANI,13,5,8,0.38461538461538464
040119,2025,AREQUIPA,AREQUIPA,SAN JUAN DE TARUCANI,8,4,4,0.5
040119,2026,AREQUIPA,AREQUIPA,SAN JUAN DE TARUCANI,9,2,7,0.2222222222222222
040120,2025,AREQUIPA,AREQUIPA,SANTA ISABEL DE SIGUAS,1,0,1,0.0
040121,2020,AREQUIPA,AREQUIPA,SANTA RITA DE SIHUAS,98,11,87,0.11224489795918367
040121,2021,AREQUIPA,AREQUIPA,SANTA RITA DE SIHUAS,80,18,62,0.225
040121,2022,AREQUIPA,AREQUIPA,SANTA RITA DE SIHUAS,79,24,55,0.3037974683544304
040121,2023,AREQUIPA,AREQUIPA,SANTA RITA DE SIHUAS,152,42,110,0.27631578947368424
040121,2024,AREQUIPA,AREQUIPA,SANTA RITA DE SIHUAS,160,69,91,0.43125
040121,2025,AREQUIPA,AREQUIPA,SANTA RITA DE SIHUAS,162,48,114,0.2962962962962963
040121,2026,AREQUIPA,AREQUIPA,SANTA RITA DE SIHUAS,99,34,65,0.3434343434343434
040122,2020,AREQUIPA,AREQUIPA,SOCABAYA,416,150,266,0.3605769230769231
040122,2021,AREQUIPA,AREQUIPA,SOCABAYA,570,126,444,0.22105263157894736
040122,2022,AREQUIPA,AREQUIPA,SOCABAYA,561,142,419,0.2531194295900178
040122,2023,AREQUIPA,AREQUIPA,SOCABAYA,1232,241,991,0.1956168831168831
040122,2024,AREQUIPA,AREQUIPA,SOCABAYA,1333,339,994,0.25431357839459867
040122,2025,AREQUIPA,AREQUIPA,SOCABAYA,1270,323,947,0.2543307086614173
040122,2026,AREQUIPA,AREQUIPA,SOCABAYA,688,166,522,0.24127906976744187
040123,2020,AREQUIPA,AREQUIPA,TIABAYA,325,122,203,0.37538461538461537
040123,2021,AREQUIPA,AREQUIPA,TIABAYA,264,101,163,0.38257575757575757
040123,2022,AREQUIPA,AREQUIPA,TIABAYA,224,84,140,0.375
040123,2023,AREQUIPA,AREQUIPA,TIABAYA,454,109,345,0.24008810572687225
040123,2024,AREQUIPA,AREQUIPA,TIABAYA,451,103,348,0.22838137472283815
040123,2025,AREQUIPA,AREQUIPA,TIABAYA,462,123,339,0.2662337662337662
040123,2026,AREQUIPA,AREQUIPA,TIABAYA,269,92,177,0.3420074349442379
040124,2020,AREQUIPA,AREQUIPA,UCHUMAYO,213,60,153,0.28169014084507044
040124,2021,AREQUIPA,AREQUIPA,UCHUMAYO,169,43,126,0.25443786982248523
040124,2022,AREQUIPA,AREQUIPA,UCHUMAYO,196,55,141,0.28061224489795916
040124,2023,AREQUIPA,AREQUIPA,UCHUMAYO,308,83,225,0.2694805194805195
040124,2024,AREQUIPA,AREQUIPA,UCHUMAYO,332,107,225,0.32228915662650603
040124,2025,AREQUIPA,AREQUIPA,UCHUMAYO,318,77,241,0.24213836477987422
040124,2026,AREQUIPA,AREQUIPA,UCHUMAYO,168,44,124,0.2619047619047619
040125,2020,AREQUIPA,AREQUIPA,VITOR,44,12,32,0.2727272727272727
040125,2021,AREQUIPA,AREQUIPA,VITOR,55,12,43,0.21818181818181817
040125,2022,AREQUIPA,AREQUIPA,VITOR,53,17,36,0.32075471698113206
040125,2023,AREQUIPA,AREQUIPA,VITOR,99,30,69,0.30303030303030304
040125,2024,AREQUIPA,AREQUIPA,VITOR,117,42,75,0.358974358974359
040125,2025,AREQUIPA,AREQUIPA,VITOR,104,30,74,0.28846153846153844
040125,2026,AREQUIPA,AREQUIPA,VITOR,62,13,49,0.20967741935483872
040126,2020,AREQUIPA,AREQUIPA,YANAHUARA,147,32,115,0.21768707482993196
040126,2021,AREQUIPA,AREQUIPA,YANAHUARA,231,40,191,0.17316017316017315
040126,2022,AREQUIPA,AREQUIPA,YANAHUARA,134,31,103,0.23134328358208955
040126,2023,AREQUIPA,AREQUIPA,YANAHUARA,308,49,259,0.1590909090909091
040126,2024,AREQUIPA,AREQUIPA,YANAHUARA,334,49,285,0.1467065868263473
040126,2025,AREQUIPA,AREQUIPA,YANAHUARA,304,67,237,0.22039473684210525
040126,2026,AREQUIPA,AREQUIPA,YANAHUARA,118,34,84,0.288135593220339
040127,2020,AREQUIPA,AREQUIPA,YARABAMBA,32,23,9,0.71875
040127,2021,AREQUIPA,AREQUIPA,YARABAMBA,41,18,23,0.43902439024390244
040127,2022,AREQUIPA,AREQUIPA,YARABAMBA,29,14,15,0.4827586206896552
040127,2023,AREQUIPA,AREQUIPA,YARABAMBA,64,14,50,0.21875
040127,2024,AREQUIPA,AREQUIPA,YARABAMBA,59,19,40,0.3220338983050847
040127,2025,AREQUIPA,AREQUIPA,YARABAMBA,61,19,42,0.3114754098360656
040127,2026,AREQUIPA,AREQUIPA,YARABAMBA,28,17,11,0.6071428571428571
040128,2020,AREQUIPA,AREQUIPA,YURA,220,86,134,0.39090909090909093
040128,2021,AREQUIPA,AREQUIPA,YURA,260,105,155,0.40384615384615385
040128,2022,AREQUIPA,AREQUIPA,YURA,338,125,213,0.3698224852071006
040128,2023,AREQUIPA,AREQUIPA,YURA,859,290,569,0.33760186263096625
040128,2024,AREQUIPA,AREQUIPA,YURA,975,317,658,0.3251282051282051
040128,2025,AREQUIPA,AREQUIPA,YURA,941,226,715,0.24017003188097769
040128,2026,AREQUIPA,AREQUIPA,YURA,558,152,406,0.2724014336917563
040129,2020,AREQUIPA,AREQUIPA,JOSE LUIS BUSTAMANTE Y RIVERO,446,134,312,0.3004484304932735
040129,2021,AREQUIPA,AREQUIPA,JOSE LUIS BUSTAMANTE Y RIVERO,460,76,384,0.16521739130434782
040129,2022,AREQUIPA,AREQUIPA,JOSE LUIS BUSTAMANTE Y RIVERO,394,72,322,0.18274111675126903
040129,2023,AREQUIPA,AREQUIPA,JOSE LUIS BUSTAMANTE Y RIVERO,847,154,693,0.18181818181818182
040129,2024,AREQUIPA,AREQUIPA,JOSE LUIS BUSTAMANTE Y RIVERO,896,228,668,0.2544642857142857
040129,2025,AREQUIPA,AREQUIPA,JOSE LUIS BUSTAMANTE Y RIVERO,766,195,571,0.2545691906005222
040129,2026,AREQUIPA,AREQUIPA,JOSE LUIS BUSTAMANTE Y RIVERO,415,85,330,0.20481927710843373
040201,2020,AREQUIPA,CAMANA,CAMANA,67,1,66,0.014925373134328358
040201,2021,AREQUIPA,CAMANA,CAMANA,46,2,44,0.043478260869565216
040201,2022,AREQUIPA,CAMANA,CAMANA,42,1,41,0.023809523809523808
040201,2023,AREQUIPA,CAMANA,CAMANA,214,0,214,0.0
040201,2024,AREQUIPA,CAMANA,CAMANA,252,0,252,0.0
040201,2025,AREQUIPA,CAMANA,CAMANA,216,0,216,0.0
040201,2026,AREQUIPA,CAMANA,CAMANA,85,0,85,0.0
040202,2020,AREQUIPA,CAMANA,JOSE MARIA QUIMPER,6,0,6,0.0
040202,2021,AREQUIPA,CAMANA,JOSE MARIA QUIMPER,65,4,61,0.06153846153846154
040202,2022,AREQUIPA,CAMANA,JOSE MARIA QUIMPER,43,1,42,0.023255813953488372
040202,2023,AREQUIPA,CAMANA,JOSE MARIA QUIMPER,125,3,122,0.024
040202,2024,AREQUIPA,CAMANA,JOSE MARIA QUIMPER,137,1,136,0.0072992700729927005
040202,2025,AREQUIPA,CAMANA,JOSE MARIA QUIMPER,126,1,125,0.007936507936507936
040202,2026,AREQUIPA,CAMANA,JOSE MARIA QUIMPER,74,1,73,0.013513513513513514
040203,2020,AREQUIPA,CAMANA,MARIANO NICOLAS VALCARCEL,102,46,56,0.45098039215686275
040203,2021,AREQUIPA,CAMANA,MARIANO NICOLAS VALCARCEL,108,45,63,0.4166666666666667
040203,2022,AREQUIPA,CAMANA,MARIANO NICOLAS VALCARCEL,115,68,47,0.591304347826087
040203,2023,AREQUIPA,CAMANA,MARIANO NICOLAS VALCARCEL,406,102,304,0.2512315270935961
040203,2024,AREQUIPA,CAMANA,MARIANO NICOLAS VALCARCEL,464,47,417,0.10129310344827586
040203,2025,AREQUIPA,CAMANA,MARIANO NICOLAS VALCARCEL,454,25,429,0.05506607929515418
040203,2026,AREQUIPA,CAMANA,MARIANO NICOLAS VALCARCEL,216,15,201,0.06944444444444445
040204,2020,AREQUIPA,CAMANA,MARISCAL CACERES,95,5,90,0.05263157894736842
040204,2021,AREQUIPA,CAMANA,MARISCAL CACERES,89,5,84,0.056179775280898875
040204,2022,AREQUIPA,CAMANA,MARISCAL CACERES,74,6,68,0.08108108108108109
040204,2023,AREQUIPA,CAMANA,MARISCAL CACERES,205,2,203,0.00975609756097561
040204,2024,AREQUIPA,CAMANA,MARISCAL CACERES,213,6,207,0.028169014084507043
040204,2025,AREQUIPA,CAMANA,MARISCAL CACERES,198,2,196,0.010101010101010102
040204,2026,AREQUIPA,CAMANA,MARISCAL CACERES,108,2,106,0.018518518518518517
040205,2020,AREQUIPA,CAMANA,NICOLAS DE PIEROLA,73,12,61,0.1643835616438356
040205,2021,AREQUIPA,CAMANA,NICOLAS DE PIEROLA,111,12,99,0.10810810810810811
040205,2022,AREQUIPA,CAMANA,NICOLAS DE PIEROLA,61,7,54,0.11475409836065574
040205,2023,AREQUIPA,CAMANA,NICOLAS DE PIEROLA,179,13,166,0.07262569832402235
040205,2024,AREQUIPA,CAMANA,NICOLAS DE PIEROLA,207,8,199,0.03864734299516908
040205,2025,AREQUIPA,CAMANA,NICOLAS DE PIEROLA,189,10,179,0.05291005291005291
040205,2026,AREQUIPA,CAMANA,NICOLAS DE PIEROLA,114,4,110,0.03508771929824561
040206,2020,AREQUIPA,CAMANA,OCOÑA,63,11,52,0.1746031746031746
040206,2021,AREQUIPA,CAMANA,OCOÑA,51,9,42,0.17647058823529413
040206,2022,AREQUIPA,CAMANA,OCOÑA,37,5,32,0.13513513513513514
040206,2023,AREQUIPA,CAMANA,OCOÑA,120,16,104,0.13333333333333333
040206,2024,AREQUIPA,CAMANA,OCOÑA,95,5,90,0.05263157894736842
040206,2025,AREQUIPA,CAMANA,OCOÑA,113,0,113,0.0
040206,2026,AREQUIPA,CAMANA,OCOÑA,59,2,57,0.03389830508474576
040207,2020,AREQUIPA,CAMANA,QUILCA,19,2,17,0.10526315789473684
040207,2021,AREQUIPA,CAMANA,QUILCA,11,1,10,0.09090909090909091
040207,2022,AREQUIPA,CAMANA,QUILCA,16,3,13,0.1875
040207,2023,AREQUIPA,CAMANA,QUILCA,38,0,38,0.0
040207,2024,AREQUIPA,CAMANA,QUILCA,28,1,27,0.03571428571428571
040207,2025,AREQUIPA,CAMANA,QUILCA,30,3,27,0.1
040207,2026,AREQUIPA,CAMANA,QUILCA,15,4,11,0.26666666666666666
040208,2020,AREQUIPA,CAMANA,SAMUEL PASTOR,234,29,205,0.12393162393162394
040208,2021,AREQUIPA,CAMANA,SAMUEL PASTOR,222,19,203,0.08558558558558559
040208,2022,AREQUIPA,CAMANA,SAMUEL PASTOR,162,17,145,0.10493827160493827
040208,2023,AREQUIPA,CAMANA,SAMUEL PASTOR,435,19,416,0.04367816091954023
040208,2024,AREQUIPA,CAMANA,SAMUEL PASTOR,402,21,381,0.05223880597014925
040208,2025,AREQUIPA,CAMANA,SAMUEL PASTOR,372,14,358,0.03763440860215054
040208,2026,AREQUIPA,CAMANA,SAMUEL PASTOR,207,15,192,0.07246376811594203
040301,2020,AREQUIPA,CARAVELI,CARAVELI,65,29,36,0.4461538461538462
040301,2021,AREQUIPA,CARAVELI,CARAVELI,66,30,36,0.45454545454545453
040301,2022,AREQUIPA,CARAVELI,CARAVELI,95,50,45,0.5263157894736842
040301,2023,AREQUIPA,CARAVELI,CARAVELI,203,55,148,0.270935960591133
040301,2024,AREQUIPA,CARAVELI,CARAVELI,261,124,137,0.47509578544061304
040301,2025,AREQUIPA,CARAVELI,CARAVELI,264,99,165,0.375
040301,2026,AREQUIPA,CARAVELI,CARAVELI,146,50,96,0.3424657534246575
040302,2020,AREQUIPA,CARAVELI,ACARI,48,19,29,0.3958333333333333
040302,2021,AREQUIPA,CARAVELI,ACARI,19,6,13,0.3157894736842105
040302,2022,AREQUIPA,CARAVELI,ACARI,40,13,27,0.325
040302,2023,AREQUIPA,CARAVELI,ACARI,103,19,84,0.18446601941747573
040302,2024,AREQUIPA,CARAVELI,ACARI,96,17,79,0.17708333333333334
040302,2025,AREQUIPA,CARAVELI,ACARI,107,9,98,0.08411214953271028
040302,2026,AREQUIPA,CARAVELI,ACARI,46,8,38,0.17391304347826086
040303,2020,AREQUIPA,CARAVELI,ATICO,100,31,69,0.31
040303,2021,AREQUIPA,CARAVELI,ATICO,74,9,65,0.12162162162162163
040303,2022,AREQUIPA,CARAVELI,ATICO,57,14,43,0.24561403508771928
040303,2023,AREQUIPA,CARAVELI,ATICO,180,28,152,0.15555555555555556
040303,2024,AREQUIPA,CARAVELI,ATICO,189,9,180,0.047619047619047616
040303,2025,AREQUIPA,CARAVELI,ATICO,152,3,149,0.019736842105263157
040303,2026,AREQUIPA,CARAVELI,ATICO,82,4,78,0.04878048780487805
040304,2021,AREQUIPA,CARAVELI,ATIQUIPA,7,1,6,0.14285714285714285
040304,2022,AREQUIPA,CARAVELI,ATIQUIPA,4,0,4,0.0
040304,2025,AREQUIPA,CARAVELI,ATIQUIPA,13,1,12,0.07692307692307693
040304,2026,AREQUIPA,CARAVELI,ATIQUIPA,12,1,11,0.08333333333333333
040305,2020,AREQUIPA,CARAVELI,BELLA UNION,30,12,18,0.4
040305,2021,AREQUIPA,CARAVELI,BELLA UNION,37,3,34,0.08108108108108109
040305,2022,AREQUIPA,CARAVELI,BELLA UNION,44,6,38,0.13636363636363635
040305,2023,AREQUIPA,CARAVELI,BELLA UNION,77,20,57,0.2597402597402597
040305,2024,AREQUIPA,CARAVELI,BELLA UNION,79,7,72,0.08860759493670886
040305,2025,AREQUIPA,CARAVELI,BELLA UNION,94,8,86,0.0851063829787234
040305,2026,AREQUIPA,CARAVELI,BELLA UNION,36,5,31,0.1388888888888889
040306,2020,AREQUIPA,CARAVELI,CAHUACHO,4,3,1,0.75
040306,2021,AREQUIPA,CARAVELI,CAHUACHO,3,3,0,1.0
040306,2022,AREQUIPA,CARAVELI,CAHUACHO,7,7,0,1.0
040306,2023,AREQUIPA,CARAVELI,CAHUACHO,13,7,6,0.5384615384615384
040306,2024,AREQUIPA,CARAVELI,CAHUACHO,18,5,13,0.2777777777777778
040306,2025,AREQUIPA,CARAVELI,CAHUACHO,21,3,18,0.14285714285714285
040306,2026,AREQUIPA,CARAVELI,CAHUACHO,16,3,13,0.1875
040307,2020,AREQUIPA,CARAVELI,CHALA,147,38,109,0.2585034013605442
040307,2021,AREQUIPA,CARAVELI,CHALA,126,27,99,0.21428571428571427
040307,2022,AREQUIPA,CARAVELI,CHALA,115,17,98,0.14782608695652175
040307,2023,AREQUIPA,CARAVELI,CHALA,288,48,240,0.16666666666666666
040307,2024,AREQUIPA,CARAVELI,CHALA,306,30,276,0.09803921568627451
040307,2025,AREQUIPA,CARAVELI,CHALA,327,22,305,0.0672782874617737
040307,2026,AREQUIPA,CARAVELI,CHALA,150,13,137,0.08666666666666667
040308,2021,AREQUIPA,CARAVELI,CHAPARRA,52,21,31,0.40384615384615385
040308,2022,AREQUIPA,CARAVELI,CHAPARRA,64,22,42,0.34375
040308,2023,AREQUIPA,CARAVELI,CHAPARRA,96,24,72,0.25
040308,2024,AREQUIPA,CARAVELI,CHAPARRA,118,16,102,0.13559322033898305
040308,2025,AREQUIPA,CARAVELI,CHAPARRA,123,38,85,0.3089430894308943
040308,2026,AREQUIPA,CARAVELI,CHAPARRA,75,24,51,0.32
040309,2021,AREQUIPA,CARAVELI,HUANUHUANU,37,11,26,0.2972972972972973
040309,2022,AREQUIPA,CARAVELI,HUANUHUANU,45,10,35,0.2222222222222222
040309,2023,AREQUIPA,CARAVELI,HUANUHUANU,4,0,4,0.0
040309,2024,AREQUIPA,CARAVELI,HUANUHUANU,157,10,147,0.06369426751592357
040309,2025,AREQUIPA,CARAVELI,HUANUHUANU,145,18,127,0.12413793103448276
040309,2026,AREQUIPA,CARAVELI,HUANUHUANU,87,19,68,0.21839080459770116
040310,2020,AREQUIPA,CARAVELI,JAQUI,14,3,11,0.21428571428571427
040310,2021,AREQUIPA,CARAVELI,JAQUI,21,2,19,0.09523809523809523
040310,2022,AREQUIPA,CARAVELI,JAQUI,17,1,16,0.058823529411764705
040310,2023,AREQUIPA,CARAVELI,JAQUI,50,9,41,0.18
040310,2024,AREQUIPA,CARAVELI,JAQUI,50,6,44,0.12
040310,2025,AREQUIPA,CARAVELI,JAQUI,56,7,49,0.125
040310,2026,AREQUIPA,CARAVELI,JAQUI,38,7,31,0.18421052631578946
040311,2020,AREQUIPA,CARAVELI,LOMAS,16,1,15,0.0625
040311,2021,AREQUIPA,CARAVELI,LOMAS,19,7,12,0.3684210526315789
040311,2022,AREQUIPA,CARAVELI,LOMAS,18,5,13,0.2777777777777778
040311,2023,AREQUIPA,CARAVELI,LOMAS,31,9,22,0.2903225806451613
040311,2024,AREQUIPA,CARAVELI,LOMAS,54,2,52,0.037037037037037035
040311,2025,AREQUIPA,CARAVELI,LOMAS,36,3,33,0.08333333333333333
040312,2021,AREQUIPA,CARAVELI,QUICACHA,13,2,11,0.15384615384615385
040312,2024,AREQUIPA,CARAVELI,QUICACHA,14,2,12,0.14285714285714285
040312,2025,AREQUIPA,CARAVELI,QUICACHA,41,20,21,0.4878048780487805
040312,2026,AREQUIPA,CARAVELI,QUICACHA,25,12,13,0.48
040313,2020,AREQUIPA,CARAVELI,YAUCA,23,5,18,0.21739130434782608
040313,2021,AREQUIPA,CARAVELI,YAUCA,33,5,28,0.15151515151515152
040313,2022,AREQUIPA,CARAVELI,YAUCA,34,5,29,0.14705882352941177
040313,2023,AREQUIPA,CARAVELI,YAUCA,71,11,60,0.15492957746478872
040313,2024,AREQUIPA,CARAVELI,YAUCA,83,8,75,0.0963855421686747
040313,2025,AREQUIPA,CARAVELI,YAUCA,71,3,68,0.04225352112676056
040313,2026,AREQUIPA,CARAVELI,YAUCA,36,5,31,0.1388888888888889
040401,2020,AREQUIPA,CASTILLA,APLAO,129,26,103,0.20155038759689922
040401,2021,AREQUIPA,CASTILLA,APLAO,138,18,120,0.13043478260869565
040401,2022,AREQUIPA,CASTILLA,APLAO,76,17,59,0.2236842105263158
040401,2023,AREQUIPA,CASTILLA,APLAO,234,56,178,0.23931623931623933
040401,2024,AREQUIPA,CASTILLA,APLAO,217,38,179,0.17511520737327188
040401,2025,AREQUIPA,CASTILLA,APLAO,212,41,171,0.19339622641509435
040401,2026,AREQUIPA,CASTILLA,APLAO,105,30,75,0.2857142857142857
040402,2020,AREQUIPA,CASTILLA,ANDAGUA,8,1,7,0.125
040402,2021,AREQUIPA,CASTILLA,ANDAGUA,4,2,2,0.5
040402,2022,AREQUIPA,CASTILLA,ANDAGUA,5,4,1,0.8
040402,2023,AREQUIPA,CASTILLA,ANDAGUA,24,11,13,0.4583333333333333
040402,2024,AREQUIPA,CASTILLA,ANDAGUA,25,6,19,0.24
040402,2025,AREQUIPA,CASTILLA,ANDAGUA,18,4,14,0.2222222222222222
040402,2026,AREQUIPA,CASTILLA,ANDAGUA,12,5,7,0.4166666666666667
040403,2020,AREQUIPA,CASTILLA,AYO,4,0,4,0.0
040403,2021,AREQUIPA,CASTILLA,AYO,8,2,6,0.25
040403,2022,AREQUIPA,CASTILLA,AYO,2,1,1,0.5
040403,2023,AREQUIPA,CASTILLA,AYO,9,4,5,0.4444444444444444
040403,2024,AREQUIPA,CASTILLA,AYO,10,1,9,0.1
040403,2025,AREQUIPA,CASTILLA,AYO,5,1,4,0.2
040403,2026,AREQUIPA,CASTILLA,AYO,6,1,5,0.16666666666666666
040404,2020,AREQUIPA,CASTILLA,CHACHAS,23,17,6,0.7391304347826086
040404,2021,AREQUIPA,CASTILLA,CHACHAS,32,13,19,0.40625
040404,2022,AREQUIPA,CASTILLA,CHACHAS,15,6,9,0.4
040404,2023,AREQUIPA,CASTILLA,CHACHAS,66,13,53,0.19696969696969696
040404,2024,AREQUIPA,CASTILLA,CHACHAS,53,9,44,0.16981132075471697
040404,2025,AREQUIPA,CASTILLA,CHACHAS,42,8,34,0.19047619047619047
040404,2026,AREQUIPA,CASTILLA,CHACHAS,29,9,20,0.3103448275862069
040405,2020,AREQUIPA,CASTILLA,CHILCAYMARCA,7,5,2,0.7142857142857143
040405,2021,AREQUIPA,CASTILLA,CHILCAYMARCA,11,8,3,0.7272727272727273
040405,2022,AREQUIPA,CASTILLA,CHILCAYMARCA,8,7,1,0.875
040405,2023,AREQUIPA,CASTILLA,CHILCAYMARCA,20,14,6,0.7
040405,2024,AREQUIPA,CASTILLA,CHILCAYMARCA,27,12,15,0.4444444444444444
040405,2025,AREQUIPA,CASTILLA,CHILCAYMARCA,22,14,8,0.6363636363636364
040405,2026,AREQUIPA,CASTILLA,CHILCAYMARCA,8,6,2,0.75
040406,2020,AREQUIPA,CASTILLA,CHOCO,3,0,3,0.0
040406,2021,AREQUIPA,CASTILLA,CHOCO,3,0,3,0.0
040406,2022,AREQUIPA,CASTILLA,CHOCO,3,3,0,1.0
040406,2023,AREQUIPA,CASTILLA,CHOCO,8,6,2,0.75
040406,2024,AREQUIPA,CASTILLA,CHOCO,11,1,10,0.09090909090909091
040406,2025,AREQUIPA,CASTILLA,CHOCO,7,1,6,0.14285714285714285
040406,2026,AREQUIPA,CASTILLA,CHOCO,3,2,1,0.6666666666666666
040407,2020,AREQUIPA,CASTILLA,HUANCARQUI,10,3,7,0.3
040407,2021,AREQUIPA,CASTILLA,HUANCARQUI,12,2,10,0.16666666666666666
040407,2022,AREQUIPA,CASTILLA,HUANCARQUI,16,2,14,0.125
040407,2023,AREQUIPA,CASTILLA,HUANCARQUI,23,4,19,0.17391304347826086
040407,2024,AREQUIPA,CASTILLA,HUANCARQUI,24,6,18,0.25
040407,2025,AREQUIPA,CASTILLA,HUANCARQUI,19,3,16,0.15789473684210525
040407,2026,AREQUIPA,CASTILLA,HUANCARQUI,15,5,10,0.3333333333333333
040408,2020,AREQUIPA,CASTILLA,MACHAGUAY,6,2,4,0.3333333333333333
040408,2021,AREQUIPA,CASTILLA,MACHAGUAY,4,0,4,0.0
040408,2022,AREQUIPA,CASTILLA,MACHAGUAY,5,0,5,0.0
040408,2023,AREQUIPA,CASTILLA,MACHAGUAY,11,0,11,0.0
040408,2024,AREQUIPA,CASTILLA,MACHAGUAY,10,0,10,0.0
040408,2025,AREQUIPA,CASTILLA,MACHAGUAY,7,0,7,0.0
040408,2026,AREQUIPA,CASTILLA,MACHAGUAY,3,1,2,0.3333333333333333
040409,2020,AREQUIPA,CASTILLA,ORCOPAMPA,117,33,84,0.28205128205128205
040409,2021,AREQUIPA,CASTILLA,ORCOPAMPA,87,27,60,0.3103448275862069
040409,2022,AREQUIPA,CASTILLA,ORCOPAMPA,49,8,41,0.16326530612244897
040409,2023,AREQUIPA,CASTILLA,ORCOPAMPA,169,26,143,0.15384615384615385
040409,2024,AREQUIPA,CASTILLA,ORCOPAMPA,189,35,154,0.18518518518518517
040409,2025,AREQUIPA,CASTILLA,ORCOPAMPA,158,22,136,0.13924050632911392
040409,2026,AREQUIPA,CASTILLA,ORCOPAMPA,91,15,76,0.16483516483516483
040410,2020,AREQUIPA,CASTILLA,PAMPACOLCA,1,0,1,0.0
040410,2021,AREQUIPA,CASTILLA,PAMPACOLCA,27,12,15,0.4444444444444444
040410,2022,AREQUIPA,CASTILLA,PAMPACOLCA,19,9,10,0.47368421052631576
040410,2023,AREQUIPA,CASTILLA,PAMPACOLCA,47,13,34,0.2765957446808511
040410,2024,AREQUIPA,CASTILLA,PAMPACOLCA,41,13,28,0.3170731707317073
040410,2025,AREQUIPA,CASTILLA,PAMPACOLCA,54,17,37,0.3148148148148148
040410,2026,AREQUIPA,CASTILLA,PAMPACOLCA,30,11,19,0.36666666666666664
040411,2020,AREQUIPA,CASTILLA,TIPAN,7,0,7,0.0
040411,2021,AREQUIPA,CASTILLA,TIPAN,4,2,2,0.5
040411,2022,AREQUIPA,CASTILLA,TIPAN,3,0,3,0.0
040411,2023,AREQUIPA,CASTILLA,TIPAN,7,3,4,0.42857142857142855
040411,2024,AREQUIPA,CASTILLA,TIPAN,6,1,5,0.16666666666666666
040411,2025,AREQUIPA,CASTILLA,TIPAN,9,3,6,0.3333333333333333
040411,2026,AREQUIPA,CASTILLA,TIPAN,5,0,5,0.0
040412,2020,AREQUIPA,CASTILLA,UÑON,1,1,0,1.0
040412,2021,AREQUIPA,CASTILLA,UÑON,3,0,3,0.0
040412,2023,AREQUIPA,CASTILLA,UÑON,2,0,2,0.0
040412,2024,AREQUIPA,CASTILLA,UÑON,3,1,2,0.3333333333333333
040412,2025,AREQUIPA,CASTILLA,UÑON,3,0,3,0.0
040413,2020,AREQUIPA,CASTILLA,URACA,50,9,41,0.18
040413,2021,AREQUIPA,CASTILLA,URACA,41,12,29,0.2926829268292683
040413,2022,AREQUIPA,CASTILLA,URACA,32,6,26,0.1875
040413,2023,AREQUIPA,CASTILLA,URACA,141,38,103,0.2695035460992908
040413,2024,AREQUIPA,CASTILLA,URACA,159,9,150,0.05660377358490566
040413,2025,AREQUIPA,CASTILLA,URACA,127,5,122,0.03937007874015748
040413,2026,AREQUIPA,CASTILLA,URACA,71,10,61,0.14084507042253522
040414,2020,AREQUIPA,CASTILLA,VIRACO,22,17,5,0.7727272727272727
040414,2021,AREQUIPA,CASTILLA,VIRACO,25,17,8,0.68
040414,2022,AREQUIPA,CASTILLA,VIRACO,28,17,11,0.6071428571428571
040414,2023,AREQUIPA,CASTILLA,VIRACO,30,6,24,0.2
040414,2024,AREQUIPA,CASTILLA,VIRACO,25,8,17,0.32
040414,2025,AREQUIPA,CASTILLA,VIRACO,24,6,18,0.25
040414,2026,AREQUIPA,CASTILLA,VIRACO,12,5,7,0.4166666666666667
040501,2020,AREQUIPA,CAYLLOMA,CHIVAY,84,83,1,0.9880952380952381
040501,2021,AREQUIPA,CAYLLOMA,CHIVAY,71,51,20,0.7183098591549296
040501,2022,AREQUIPA,CAYLLOMA,CHIVAY,40,17,23,0.425
040501,2023,AREQUIPA,CAYLLOMA,CHIVAY,180,78,102,0.43333333333333335
040501,2024,AREQUIPA,CAYLLOMA,CHIVAY,205,64,141,0.3121951219512195
040501,2025,AREQUIPA,CAYLLOMA,CHIVAY,177,40,137,0.22598870056497175
040501,2026,AREQUIPA,CAYLLOMA,CHIVAY,94,11,83,0.11702127659574468
040502,2020,AREQUIPA,CAYLLOMA,ACHOMA,8,8,0,1.0
040502,2021,AREQUIPA,CAYLLOMA,ACHOMA,6,4,2,0.6666666666666666
040502,2022,AREQUIPA,CAYLLOMA,ACHOMA,7,3,4,0.42857142857142855
040502,2023,AREQUIPA,CAYLLOMA,ACHOMA,12,2,10,0.16666666666666666
040502,2024,AREQUIPA,CAYLLOMA,ACHOMA,17,8,9,0.47058823529411764
040502,2025,AREQUIPA,CAYLLOMA,ACHOMA,12,4,8,0.3333333333333333
040502,2026,AREQUIPA,CAYLLOMA,ACHOMA,1,0,1,0.0
040503,2020,AREQUIPA,CAYLLOMA,CABANACONDE,16,14,2,0.875
040503,2021,AREQUIPA,CAYLLOMA,CABANACONDE,20,8,12,0.4
040503,2022,AREQUIPA,CAYLLOMA,CABANACONDE,9,7,2,0.7777777777777778
040503,2023,AREQUIPA,CAYLLOMA,CABANACONDE,39,11,28,0.28205128205128205
040503,2024,AREQUIPA,CAYLLOMA,CABANACONDE,37,8,29,0.21621621621621623
040503,2025,AREQUIPA,CAYLLOMA,CABANACONDE,37,12,25,0.32432432432432434
040503,2026,AREQUIPA,CAYLLOMA,CABANACONDE,27,8,19,0.2962962962962963
040504,2020,AREQUIPA,CAYLLOMA,CALLALLI,16,8,8,0.5
040504,2021,AREQUIPA,CAYLLOMA,CALLALLI,9,3,6,0.3333333333333333
040504,2022,AREQUIPA,CAYLLOMA,CALLALLI,15,10,5,0.6666666666666666
040504,2023,AREQUIPA,CAYLLOMA,CALLALLI,46,24,22,0.5217391304347826
040504,2024,AREQUIPA,CAYLLOMA,CALLALLI,43,9,34,0.20930232558139536
040504,2025,AREQUIPA,CAYLLOMA,CALLALLI,40,12,28,0.3
040504,2026,AREQUIPA,CAYLLOMA,CALLALLI,22,12,10,0.5454545454545454
040505,2020,AREQUIPA,CAYLLOMA,CAYLLOMA,34,25,9,0.7352941176470589
040505,2021,AREQUIPA,CAYLLOMA,CAYLLOMA,63,28,35,0.4444444444444444
040505,2022,AREQUIPA,CAYLLOMA,CAYLLOMA,62,28,34,0.45161290322580644
040505,2023,AREQUIPA,CAYLLOMA,CAYLLOMA,80,24,56,0.3
040505,2024,AREQUIPA,CAYLLOMA,CAYLLOMA,89,16,73,0.1797752808988764
040505,2025,AREQUIPA,CAYLLOMA,CAYLLOMA,77,18,59,0.23376623376623376
040505,2026,AREQUIPA,CAYLLOMA,CAYLLOMA,51,6,45,0.11764705882352941
040506,2020,AREQUIPA,CAYLLOMA,COPORAQUE,18,18,0,1.0
040506,2021,AREQUIPA,CAYLLOMA,COPORAQUE,15,7,8,0.4666666666666667
040506,2022,AREQUIPA,CAYLLOMA,COPORAQUE,9,8,1,0.8888888888888888
040506,2023,AREQUIPA,CAYLLOMA,COPORAQUE,15,15,0,1.0
040506,2024,AREQUIPA,CAYLLOMA,COPORAQUE,7,6,1,0.8571428571428571
040506,2025,AREQUIPA,CAYLLOMA,COPORAQUE,17,6,11,0.35294117647058826
040506,2026,AREQUIPA,CAYLLOMA,COPORAQUE,11,8,3,0.7272727272727273
040507,2020,AREQUIPA,CAYLLOMA,HUAMBO,2,2,0,1.0
040507,2021,AREQUIPA,CAYLLOMA,HUAMBO,7,7,0,1.0
040507,2022,AREQUIPA,CAYLLOMA,HUAMBO,7,7,0,1.0
040507,2023,AREQUIPA,CAYLLOMA,HUAMBO,12,5,7,0.4166666666666667
040507,2024,AREQUIPA,CAYLLOMA,HUAMBO,10,1,9,0.1
040507,2025,AREQUIPA,CAYLLOMA,HUAMBO,10,0,10,0.0
040507,2026,AREQUIPA,CAYLLOMA,HUAMBO,3,3,0,1.0
040508,2020,AREQUIPA,CAYLLOMA,HUANCA,7,6,1,0.8571428571428571
040508,2021,AREQUIPA,CAYLLOMA,HUANCA,4,1,3,0.25
040508,2022,AREQUIPA,CAYLLOMA,HUANCA,3,3,0,1.0
040508,2023,AREQUIPA,CAYLLOMA,HUANCA,20,9,11,0.45
040508,2024,AREQUIPA,CAYLLOMA,HUANCA,12,5,7,0.4166666666666667
040508,2025,AREQUIPA,CAYLLOMA,HUANCA,15,1,14,0.06666666666666667
040508,2026,AREQUIPA,CAYLLOMA,HUANCA,3,0,3,0.0
040509,2020,AREQUIPA,CAYLLOMA,ICHUPAMPA,5,5,0,1.0
040509,2021,AREQUIPA,CAYLLOMA,ICHUPAMPA,4,3,1,0.75
040509,2022,AREQUIPA,CAYLLOMA,ICHUPAMPA,6,4,2,0.6666666666666666
040509,2023,AREQUIPA,CAYLLOMA,ICHUPAMPA,2,0,2,0.0
040509,2024,AREQUIPA,CAYLLOMA,ICHUPAMPA,7,0,7,0.0
040509,2025,AREQUIPA,CAYLLOMA,ICHUPAMPA,6,1,5,0.16666666666666666
040509,2026,AREQUIPA,CAYLLOMA,ICHUPAMPA,4,2,2,0.5
040510,2020,AREQUIPA,CAYLLOMA,LARI,17,15,2,0.8823529411764706
040510,2021,AREQUIPA,CAYLLOMA,LARI,14,13,1,0.9285714285714286
040510,2022,AREQUIPA,CAYLLOMA,LARI,5,1,4,0.2
040510,2023,AREQUIPA,CAYLLOMA,LARI,5,2,3,0.4
040510,2024,AREQUIPA,CAYLLOMA,LARI,23,14,9,0.6086956521739131
040510,2025,AREQUIPA,CAYLLOMA,LARI,20,6,14,0.3
040510,2026,AREQUIPA,CAYLLOMA,LARI,8,6,2,0.75
040511,2020,AREQUIPA,CAYLLOMA,LLUTA,6,2,4,0.3333333333333333
040511,2021,AREQUIPA,CAYLLOMA,LLUTA,10,8,2,0.8
040511,2022,AREQUIPA,CAYLLOMA,LLUTA,11,8,3,0.7272727272727273
040511,2023,AREQUIPA,CAYLLOMA,LLUTA,17,7,10,0.4117647058823529
040511,2024,AREQUIPA,CAYLLOMA,LLUTA,17,12,5,0.7058823529411765
040511,2025,AREQUIPA,CAYLLOMA,LLUTA,6,0,6,0.0
040511,2026,AREQUIPA,CAYLLOMA,LLUTA,9,3,6,0.3333333333333333
040512,2020,AREQUIPA,CAYLLOMA,MACA,7,3,4,0.42857142857142855
040512,2021,AREQUIPA,CAYLLOMA,MACA,7,4,3,0.5714285714285714
040512,2022,AREQUIPA,CAYLLOMA,MACA,4,1,3,0.25
040512,2023,AREQUIPA,CAYLLOMA,MACA,3,2,1,0.6666666666666666
040512,2024,AREQUIPA,CAYLLOMA,MACA,3,3,0,1.0
040512,2025,AREQUIPA,CAYLLOMA,MACA,8,2,6,0.25
040512,2026,AREQUIPA,CAYLLOMA,MACA,5,0,5,0.0
040513,2020,AREQUIPA,CAYLLOMA,MADRIGAL,6,5,1,0.8333333333333334
040513,2021,AREQUIPA,CAYLLOMA,MADRIGAL,4,1,3,0.25
040513,2023,AREQUIPA,CAYLLOMA,MADRIGAL,3,2,1,0.6666666666666666
040513,2024,AREQUIPA,CAYLLOMA,MADRIGAL,6,1,5,0.16666666666666666
040513,2025,AREQUIPA,CAYLLOMA,MADRIGAL,6,0,6,0.0
040513,2026,AREQUIPA,CAYLLOMA,MADRIGAL,5,1,4,0.2
040514,2020,AREQUIPA,CAYLLOMA,SAN ANTONIO DE CHUCA,12,11,1,0.9166666666666666
040514,2021,AREQUIPA,CAYLLOMA,SAN ANTONIO DE CHUCA,9,8,1,0.8888888888888888
040514,2022,AREQUIPA,CAYLLOMA,SAN ANTONIO DE CHUCA,8,7,1,0.875
040514,2023,AREQUIPA,CAYLLOMA,SAN ANTONIO DE CHUCA,22,9,13,0.4090909090909091
040514,2024,AREQUIPA,CAYLLOMA,SAN ANTONIO DE CHUCA,24,7,17,0.2916666666666667
040514,2025,AREQUIPA,CAYLLOMA,SAN ANTONIO DE CHUCA,26,12,14,0.46153846153846156
040514,2026,AREQUIPA,CAYLLOMA,SAN ANTONIO DE CHUCA,11,4,7,0.36363636363636365
040515,2020,AREQUIPA,CAYLLOMA,SIBAYO,9,7,2,0.7777777777777778
040515,2021,AREQUIPA,CAYLLOMA,SIBAYO,4,2,2,0.5
040515,2022,AREQUIPA,CAYLLOMA,SIBAYO,2,0,2,0.0
040515,2023,AREQUIPA,CAYLLOMA,SIBAYO,10,2,8,0.2
040515,2024,AREQUIPA,CAYLLOMA,SIBAYO,4,3,1,0.75
040515,2025,AREQUIPA,CAYLLOMA,SIBAYO,12,4,8,0.3333333333333333
040515,2026,AREQUIPA,CAYLLOMA,SIBAYO,7,5,2,0.7142857142857143
040516,2020,AREQUIPA,CAYLLOMA,TAPAY,1,1,0,1.0
040516,2021,AREQUIPA,CAYLLOMA,TAPAY,9,9,0,1.0
040516,2022,AREQUIPA,CAYLLOMA,TAPAY,7,4,3,0.5714285714285714
040516,2023,AREQUIPA,CAYLLOMA,TAPAY,16,8,8,0.5
040516,2024,AREQUIPA,CAYLLOMA,TAPAY,11,2,9,0.18181818181818182
040516,2025,AREQUIPA,CAYLLOMA,TAPAY,7,2,5,0.2857142857142857
040516,2026,AREQUIPA,CAYLLOMA,TAPAY,4,1,3,0.25
040517,2020,AREQUIPA,CAYLLOMA,TISCO,12,8,4,0.6666666666666666
040517,2021,AREQUIPA,CAYLLOMA,TISCO,20,16,4,0.8
040517,2022,AREQUIPA,CAYLLOMA,TISCO,9,7,2,0.7777777777777778
040517,2023,AREQUIPA,CAYLLOMA,TISCO,18,14,4,0.7777777777777778
040517,2024,AREQUIPA,CAYLLOMA,TISCO,18,7,11,0.3888888888888889
040517,2025,AREQUIPA,CAYLLOMA,TISCO,16,3,13,0.1875
040517,2026,AREQUIPA,CAYLLOMA,TISCO,1,0,1,0.0
040518,2020,AREQUIPA,CAYLLOMA,TUTI,8,4,4,0.5
040518,2021,AREQUIPA,CAYLLOMA,TUTI,3,1,2,0.3333333333333333
040518,2022,AREQUIPA,CAYLLOMA,TUTI,1,0,1,0.0
040518,2023,AREQUIPA,CAYLLOMA,TUTI,15,2,13,0.13333333333333333
040518,2024,AREQUIPA,CAYLLOMA,TUTI,19,4,15,0.21052631578947367
040518,2025,AREQUIPA,CAYLLOMA,TUTI,15,4,11,0.26666666666666666
040518,2026,AREQUIPA,CAYLLOMA,TUTI,10,4,6,0.4
040519,2020,AREQUIPA,CAYLLOMA,YANQUE,18,4,14,0.2222222222222222
040519,2021,AREQUIPA,CAYLLOMA,YANQUE,12,8,4,0.6666666666666666
040519,2022,AREQUIPA,CAYLLOMA,YANQUE,4,3,1,0.75
040519,2023,AREQUIPA,CAYLLOMA,YANQUE,5,4,1,0.8
040519,2024,AREQUIPA,CAYLLOMA,YANQUE,38,16,22,0.42105263157894735
040519,2025,AREQUIPA,CAYLLOMA,YANQUE,30,4,26,0.13333333333333333
040519,2026,AREQUIPA,CAYLLOMA,YANQUE,7,2,5,0.2857142857142857
040520,2020,AREQUIPA,CAYLLOMA,MAJES,138,56,82,0.4057971014492754
040520,2021,AREQUIPA,CAYLLOMA,MAJES,342,106,236,0.30994152046783624
040520,2022,AREQUIPA,CAYLLOMA,MAJES,836,303,533,0.3624401913875598
040520,2023,AREQUIPA,CAYLLOMA,MAJES,1937,499,1438,0.25761486835312336
040520,2024,AREQUIPA,CAYLLOMA,MAJES,1948,591,1357,0.303388090349076
040520,2025,AREQUIPA,CAYLLOMA,MAJES,1921,591,1330,0.30765226444560123
040520,2026,AREQUIPA,CAYLLOMA,MAJES,992,292,700,0.29435483870967744
040601,2020,AREQUIPA,CONDESUYOS,CHUQUIBAMBA,51,27,24,0.5294117647058824
040601,2021,AREQUIPA,CONDESUYOS,CHUQUIBAMBA,61,32,29,0.5245901639344263
040601,2022,AREQUIPA,CONDESUYOS,CHUQUIBAMBA,45,29,16,0.6444444444444445
040601,2023,AREQUIPA,CONDESUYOS,CHUQUIBAMBA,120,63,57,0.525
040601,2024,AREQUIPA,CONDESUYOS,CHUQUIBAMBA,134,62,72,0.4626865671641791
040601,2025,AREQUIPA,CONDESUYOS,CHUQUIBAMBA,118,39,79,0.3305084745762712
040601,2026,AREQUIPA,CONDESUYOS,CHUQUIBAMBA,70,33,37,0.4714285714285714
040602,2020,AREQUIPA,CONDESUYOS,ANDARAY,5,1,4,0.2
040602,2021,AREQUIPA,CONDESUYOS,ANDARAY,6,2,4,0.3333333333333333
040602,2022,AREQUIPA,CONDESUYOS,ANDARAY,0,0,0,
040602,2023,AREQUIPA,CONDESUYOS,ANDARAY,9,6,3,0.6666666666666666
040602,2024,AREQUIPA,CONDESUYOS,ANDARAY,9,4,5,0.4444444444444444
040602,2025,AREQUIPA,CONDESUYOS,ANDARAY,4,1,3,0.25
040602,2026,AREQUIPA,CONDESUYOS,ANDARAY,2,2,0,1.0
040603,2020,AREQUIPA,CONDESUYOS,CAYARANI,19,16,3,0.8421052631578947
040603,2021,AREQUIPA,CONDESUYOS,CAYARANI,66,53,13,0.803030303030303
040603,2022,AREQUIPA,CONDESUYOS,CAYARANI,38,27,11,0.7105263157894737
040603,2023,AREQUIPA,CONDESUYOS,CAYARANI,46,19,27,0.41304347826086957
040603,2024,AREQUIPA,CONDESUYOS,CAYARANI,73,30,43,0.410958904109589
040603,2025,AREQUIPA,CONDESUYOS,CAYARANI,51,16,35,0.3137254901960784
040603,2026,AREQUIPA,CONDESUYOS,CAYARANI,34,12,22,0.35294117647058826
040604,2020,AREQUIPA,CONDESUYOS,CHICHAS,4,0,4,0.0
040604,2021,AREQUIPA,CONDESUYOS,CHICHAS,1,1,0,1.0
040604,2022,AREQUIPA,CONDESUYOS,CHICHAS,3,0,3,0.0
040604,2023,AREQUIPA,CONDESUYOS,CHICHAS,7,2,5,0.2857142857142857
040604,2024,AREQUIPA,CONDESUYOS,CHICHAS,9,6,3,0.6666666666666666
040604,2025,AREQUIPA,CONDESUYOS,CHICHAS,11,8,3,0.7272727272727273
040604,2026,AREQUIPA,CONDESUYOS,CHICHAS,2,2,0,1.0
040605,2020,AREQUIPA,CONDESUYOS,IRAY,7,3,4,0.42857142857142855
040605,2021,AREQUIPA,CONDESUYOS,IRAY,10,3,7,0.3
040605,2022,AREQUIPA,CONDESUYOS,IRAY,4,1,3,0.25
040605,2023,AREQUIPA,CONDESUYOS,IRAY,11,0,11,0.0
040605,2024,AREQUIPA,CONDESUYOS,IRAY,8,1,7,0.125
040605,2025,AREQUIPA,CONDESUYOS,IRAY,9,1,8,0.1111111111111111
040605,2026,AREQUIPA,CONDESUYOS,IRAY,3,0,3,0.0
040606,2020,AREQUIPA,CONDESUYOS,RIO GRANDE,75,12,63,0.16
040606,2021,AREQUIPA,CONDESUYOS,RIO GRANDE,62,13,49,0.20967741935483872
040606,2022,AREQUIPA,CONDESUYOS,RIO GRANDE,72,32,40,0.4444444444444444
040606,2023,AREQUIPA,CONDESUYOS,RIO GRANDE,241,86,155,0.35684647302904565
040606,2024,AREQUIPA,CONDESUYOS,RIO GRANDE,220,42,178,0.19090909090909092
040606,2025,AREQUIPA,CONDESUYOS,RIO GRANDE,190,9,181,0.04736842105263158
040606,2026,AREQUIPA,CONDESUYOS,RIO GRANDE,82,5,77,0.06097560975609756
040607,2020,AREQUIPA,CONDESUYOS,SALAMANCA,6,1,5,0.16666666666666666
040607,2021,AREQUIPA,CONDESUYOS,SALAMANCA,3,2,1,0.6666666666666666
040607,2022,AREQUIPA,CONDESUYOS,SALAMANCA,4,0,4,0.0
040607,2023,AREQUIPA,CONDESUYOS,SALAMANCA,7,7,0,1.0
040607,2024,AREQUIPA,CONDESUYOS,SALAMANCA,1,1,0,1.0
040607,2025,AREQUIPA,CONDESUYOS,SALAMANCA,4,1,3,0.25
040607,2026,AREQUIPA,CONDESUYOS,SALAMANCA,2,1,1,0.5
040608,2020,AREQUIPA,CONDESUYOS,YANAQUIHUA,26,12,14,0.46153846153846156
040608,2021,AREQUIPA,CONDESUYOS,YANAQUIHUA,44,33,11,0.75
040608,2022,AREQUIPA,CONDESUYOS,YANAQUIHUA,56,41,15,0.7321428571428571
040608,2023,AREQUIPA,CONDESUYOS,YANAQUIHUA,208,134,74,0.6442307692307693
040608,2024,AREQUIPA,CONDESUYOS,YANAQUIHUA,176,96,80,0.5454545454545454
040608,2025,AREQUIPA,CONDESUYOS,YANAQUIHUA,159,75,84,0.4716981132075472
040608,2026,AREQUIPA,CONDESUYOS,YANAQUIHUA,85,38,47,0.4470588235294118
040701,2020,AREQUIPA,ISLAY,MOLLENDO,173,19,154,0.10982658959537572
040701,2021,AREQUIPA,ISLAY,MOLLENDO,149,39,110,0.26174496644295303
040701,2022,AREQUIPA,ISLAY,MOLLENDO,152,42,110,0.27631578947368424
040701,2023,AREQUIPA,ISLAY,MOLLENDO,408,35,373,0.0857843137254902
040701,2024,AREQUIPA,ISLAY,MOLLENDO,386,30,356,0.07772020725388601
040701,2025,AREQUIPA,ISLAY,MOLLENDO,368,17,351,0.04619565217391304
040701,2026,AREQUIPA,ISLAY,MOLLENDO,231,21,210,0.09090909090909091
040702,2020,AREQUIPA,ISLAY,COCACHACRA,32,9,23,0.28125
040702,2021,AREQUIPA,ISLAY,COCACHACRA,196,52,144,0.2653061224489796
040702,2022,AREQUIPA,ISLAY,COCACHACRA,100,22,78,0.22
040702,2023,AREQUIPA,ISLAY,COCACHACRA,219,60,159,0.273972602739726
040702,2024,AREQUIPA,ISLAY,COCACHACRA,234,41,193,0.1752136752136752
040702,2025,AREQUIPA,ISLAY,COCACHACRA,231,30,201,0.12987012987012986
040702,2026,AREQUIPA,ISLAY,COCACHACRA,119,27,92,0.226890756302521
040703,2020,AREQUIPA,ISLAY,DEAN VALDIVIA,46,6,40,0.13043478260869565
040703,2021,AREQUIPA,ISLAY,DEAN VALDIVIA,28,1,27,0.03571428571428571
040703,2022,AREQUIPA,ISLAY,DEAN VALDIVIA,36,4,32,0.1111111111111111
040703,2023,AREQUIPA,ISLAY,DEAN VALDIVIA,178,21,157,0.11797752808988764
040703,2024,AREQUIPA,ISLAY,DEAN VALDIVIA,231,17,214,0.0735930735930736
040703,2025,AREQUIPA,ISLAY,DEAN VALDIVIA,185,23,162,0.12432432432432433
040703,2026,AREQUIPA,ISLAY,DEAN VALDIVIA,123,17,106,0.13821138211382114
040704,2020,AREQUIPA,ISLAY,ISLAY,31,5,26,0.16129032258064516
040704,2021,AREQUIPA,ISLAY,ISLAY,20,4,16,0.2
040704,2022,AREQUIPA,ISLAY,ISLAY,25,1,24,0.04
040704,2023,AREQUIPA,ISLAY,ISLAY,159,28,131,0.1761006289308176
040704,2024,AREQUIPA,ISLAY,ISLAY,200,6,194,0.03
040704,2025,AREQUIPA,ISLAY,ISLAY,148,9,139,0.060810810810810814
040704,2026,AREQUIPA,ISLAY,ISLAY,76,3,73,0.039473684210526314
040705,2020,AREQUIPA,ISLAY,MEJIA,7,0,7,0.0
040705,2021,AREQUIPA,ISLAY,MEJIA,12,1,11,0.08333333333333333
040705,2022,AREQUIPA,ISLAY,MEJIA,5,0,5,0.0
040705,2023,AREQUIPA,ISLAY,MEJIA,26,5,21,0.19230769230769232
040705,2024,AREQUIPA,ISLAY,MEJIA,24,2,22,0.08333333333333333
040705,2025,AREQUIPA,ISLAY,MEJIA,21,1,20,0.047619047619047616
040705,2026,AREQUIPA,ISLAY,MEJIA,10,0,10,0.0
040706,2020,AREQUIPA,ISLAY,PUNTA DE BOMBON,41,4,37,0.0975609756097561
040706,2021,AREQUIPA,ISLAY,PUNTA DE BOMBON,44,1,43,0.022727272727272728
040706,2022,AREQUIPA,ISLAY,PUNTA DE BOMBON,44,11,33,0.25
040706,2023,AREQUIPA,ISLAY,PUNTA DE BOMBON,121,22,99,0.18181818181818182
040706,2024,AREQUIPA,ISLAY,PUNTA DE BOMBON,185,13,172,0.07027027027027027
040706,2025,AREQUIPA,ISLAY,PUNTA DE BOMBON,171,3,168,0.017543859649122806
040706,2026,AREQUIPA,ISLAY,PUNTA DE BOMBON,91,5,86,0.054945054945054944
040801,2020,AREQUIPA,LA UNION,COTAHUASI,48,13,35,0.2708333333333333
040801,2021,AREQUIPA,LA UNION,COTAHUASI,53,11,42,0.20754716981132076
040801,2022,AREQUIPA,LA UNION,COTAHUASI,41,13,28,0.3170731707317073
040801,2023,AREQUIPA,LA UNION,COTAHUASI,112,38,74,0.3392857142857143
040801,2024,AREQUIPA,LA UNION,COTAHUASI,110,34,76,0.3090909090909091
040801,2025,AREQUIPA,LA UNION,COTAHUASI,95,32,63,0.3368421052631579
040801,2026,AREQUIPA,LA UNION,COTAHUASI,82,34,48,0.4146341463414634
040802,2020,AREQUIPA,LA UNION,ALCA,24,11,13,0.4583333333333333
040802,2021,AREQUIPA,LA UNION,ALCA,72,9,63,0.125
040802,2022,AREQUIPA,LA UNION,ALCA,66,17,49,0.25757575757575757
040802,2023,AREQUIPA,LA UNION,ALCA,67,9,58,0.13432835820895522
040802,2024,AREQUIPA,LA UNION,ALCA,51,5,46,0.09803921568627451
040802,2025,AREQUIPA,LA UNION,ALCA,46,6,40,0.13043478260869565
040802,2026,AREQUIPA,LA UNION,ALCA,34,6,28,0.17647058823529413
040803,2021,AREQUIPA,LA UNION,CHARCANA,5,3,2,0.6
040803,2022,AREQUIPA,LA UNION,CHARCANA,8,4,4,0.5
040803,2023,AREQUIPA,LA UNION,CHARCANA,19,5,14,0.2631578947368421
040803,2024,AREQUIPA,LA UNION,CHARCANA,20,8,12,0.4
040803,2025,AREQUIPA,LA UNION,CHARCANA,16,2,14,0.125
040803,2026,AREQUIPA,LA UNION,CHARCANA,3,0,3,0.0
040804,2020,AREQUIPA,LA UNION,HUAYNACOTAS,1,0,1,0.0
040804,2021,AREQUIPA,LA UNION,HUAYNACOTAS,13,1,12,0.07692307692307693
040804,2022,AREQUIPA,LA UNION,HUAYNACOTAS,12,3,9,0.25
040804,2023,AREQUIPA,LA UNION,HUAYNACOTAS,62,10,52,0.16129032258064516
040804,2024,AREQUIPA,LA UNION,HUAYNACOTAS,47,3,44,0.06382978723404255
040804,2025,AREQUIPA,LA UNION,HUAYNACOTAS,48,0,48,0.0
040804,2026,AREQUIPA,LA UNION,HUAYNACOTAS,23,1,22,0.043478260869565216
040805,2020,AREQUIPA,LA UNION,PAMPAMARCA,3,0,3,0.0
040805,2021,AREQUIPA,LA UNION,PAMPAMARCA,10,0,10,0.0
040805,2022,AREQUIPA,LA UNION,PAMPAMARCA,7,0,7,0.0
040805,2023,AREQUIPA,LA UNION,PAMPAMARCA,28,1,27,0.03571428571428571
040805,2024,AREQUIPA,LA UNION,PAMPAMARCA,30,14,16,0.4666666666666667
040805,2025,AREQUIPA,LA UNION,PAMPAMARCA,26,3,23,0.11538461538461539
040805,2026,AREQUIPA,LA UNION,PAMPAMARCA,13,2,11,0.15384615384615385
040806,2020,AREQUIPA,LA UNION,PUYCA,12,8,4,0.6666666666666666
040806,2021,AREQUIPA,LA UNION,PUYCA,55,23,32,0.41818181818181815
040806,2022,AREQUIPA,LA UNION,PUYCA,36,11,25,0.3055555555555556
040806,2023,AREQUIPA,LA UNION,PUYCA,93,31,62,0.3333333333333333
040806,2024,AREQUIPA,LA UNION,PUYCA,69,5,64,0.07246376811594203
040806,2025,AREQUIPA,LA UNION,PUYCA,61,8,53,0.13114754098360656
040806,2026,AREQUIPA,LA UNION,PUYCA,34,6,28,0.17647058823529413
040807,2020,AREQUIPA,LA UNION,QUECHUALLA,5,0,5,0.0
040807,2021,AREQUIPA,LA UNION,QUECHUALLA,3,2,1,0.6666666666666666
040807,2022,AREQUIPA,LA UNION,QUECHUALLA,1,0,1,0.0
040807,2023,AREQUIPA,LA UNION,QUECHUALLA,1,0,1,0.0
040807,2025,AREQUIPA,LA UNION,QUECHUALLA,3,0,3,0.0
040807,2026,AREQUIPA,LA UNION,QUECHUALLA,1,0,1,0.0
040808,2020,AREQUIPA,LA UNION,SAYLA,2,2,0,1.0
040808,2021,AREQUIPA,LA UNION,SAYLA,0,0,0,
040808,2022,AREQUIPA,LA UNION,SAYLA,1,1,0,1.0
040808,2023,AREQUIPA,LA UNION,SAYLA,13,0,13,0.0
040808,2024,AREQUIPA,LA UNION,SAYLA,14,0,14,0.0
040808,2025,AREQUIPA,LA UNION,SAYLA,17,8,9,0.47058823529411764
040808,2026,AREQUIPA,LA UNION,SAYLA,10,0,10,0.0
040809,2020,AREQUIPA,LA UNION,TAURIA,1,0,1,0.0
040809,2021,AREQUIPA,LA UNION,TAURIA,5,2,3,0.4
040809,2022,AREQUIPA,LA UNION,TAURIA,2,0,2,0.0
040809,2023,AREQUIPA,LA UNION,TAURIA,14,3,11,0.21428571428571427
040809,2024,AREQUIPA,LA UNION,TAURIA,13,1,12,0.07692307692307693
040809,2025,AREQUIPA,LA UNION,TAURIA,7,0,7,0.0
040809,2026,AREQUIPA,LA UNION,TAURIA,8,0,8,0.0
040810,2020,AREQUIPA,LA UNION,TOMEPAMPA,9,1,8,0.1111111111111111
040810,2021,AREQUIPA,LA UNION,TOMEPAMPA,4,0,4,0.0
040810,2022,AREQUIPA,LA UNION,TOMEPAMPA,2,0,2,0.0
040810,2023,AREQUIPA,LA UNION,TOMEPAMPA,11,1,10,0.09090909090909091
040810,2024,AREQUIPA,LA UNION,TOMEPAMPA,10,0,10,0.0
040810,2025,AREQUIPA,LA UNION,TOMEPAMPA,11,2,9,0.18181818181818182
040810,2026,AREQUIPA,LA UNION,TOMEPAMPA,11,0,11,0.0
040811,2020,AREQUIPA,LA UNION,TORO,1,1,0,1.0
040811,2021,AREQUIPA,LA UNION,TORO,4,1,3,0.25
040811,2022,AREQUIPA,LA UNION,TORO,1,1,0,1.0
040811,2023,AREQUIPA,LA UNION,TORO,5,3,2,0.6
040811,2024,AREQUIPA,LA UNION,TORO,3,3,0,1.0
040811,2025,AREQUIPA,LA UNION,TORO,7,2,5,0.2857142857142857
040811,2026,AREQUIPA,LA UNION,TORO,4,0,4,0.0
050101,2020,AYACUCHO,HUAMANGA,AYACUCHO,1819,623,1196,0.34249587685541505
050101,2021,AYACUCHO,HUAMANGA,AYACUCHO,1722,561,1161,0.32578397212543553
050101,2022,AYACUCHO,HUAMANGA,AYACUCHO,1452,413,1039,0.284435261707989
050101,2023,AYACUCHO,HUAMANGA,AYACUCHO,2990,623,2367,0.20836120401337793
050101,2024,AYACUCHO,HUAMANGA,AYACUCHO,2851,430,2421,0.15082427218519817
050101,2025,AYACUCHO,HUAMANGA,AYACUCHO,2417,512,1905,0.21183285064129084
050101,2026,AYACUCHO,HUAMANGA,AYACUCHO,1416,330,1086,0.2330508474576271
050102,2020,AYACUCHO,HUAMANGA,ACOCRO,229,72,157,0.314410480349345
050102,2021,AYACUCHO,HUAMANGA,ACOCRO,203,63,140,0.3103448275862069
050102,2022,AYACUCHO,HUAMANGA,ACOCRO,237,128,109,0.540084388185654
050102,2023,AYACUCHO,HUAMANGA,ACOCRO,376,217,159,0.5771276595744681
050102,2024,AYACUCHO,HUAMANGA,ACOCRO,345,109,236,0.3159420289855073
050102,2025,AYACUCHO,HUAMANGA,ACOCRO,286,62,224,0.21678321678321677
050102,2026,AYACUCHO,HUAMANGA,ACOCRO,174,38,136,0.21839080459770116
050103,2020,AYACUCHO,HUAMANGA,ACOS VINCHOS,107,36,71,0.3364485981308411
050103,2021,AYACUCHO,HUAMANGA,ACOS VINCHOS,128,60,68,0.46875
050103,2022,AYACUCHO,HUAMANGA,ACOS VINCHOS,137,63,74,0.45985401459854014
050103,2023,AYACUCHO,HUAMANGA,ACOS VINCHOS,258,30,228,0.11627906976744186
050103,2024,AYACUCHO,HUAMANGA,ACOS VINCHOS,226,24,202,0.10619469026548672
050103,2025,AYACUCHO,HUAMANGA,ACOS VINCHOS,174,16,158,0.09195402298850575
050103,2026,AYACUCHO,HUAMANGA,ACOS VINCHOS,113,12,101,0.10619469026548672
050104,2020,AYACUCHO,HUAMANGA,CARMEN ALTO,835,259,576,0.31017964071856285
050104,2021,AYACUCHO,HUAMANGA,CARMEN ALTO,732,166,566,0.226775956284153
050104,2022,AYACUCHO,HUAMANGA,CARMEN ALTO,698,136,562,0.19484240687679083
050104,2023,AYACUCHO,HUAMANGA,CARMEN ALTO,1263,141,1122,0.11163895486935867
050104,2024,AYACUCHO,HUAMANGA,CARMEN ALTO,1239,219,1020,0.17675544794188863
050104,2025,AYACUCHO,HUAMANGA,CARMEN ALTO,1101,213,888,0.19346049046321526
050104,2026,AYACUCHO,HUAMANGA,CARMEN ALTO,691,138,553,0.19971056439942114
050105,2020,AYACUCHO,HUAMANGA,CHIARA,101,33,68,0.32673267326732675
050105,2021,AYACUCHO,HUAMANGA,CHIARA,122,41,81,0.3360655737704918
050105,2022,AYACUCHO,HUAMANGA,CHIARA,101,33,68,0.32673267326732675
050105,2023,AYACUCHO,HUAMANGA,CHIARA,226,76,150,0.336283185840708
050105,2024,AYACUCHO,HUAMANGA,CHIARA,191,15,176,0.07853403141361257
050105,2025,AYACUCHO,HUAMANGA,CHIARA,181,15,166,0.08287292817679558
050105,2026,AYACUCHO,HUAMANGA,CHIARA,121,27,94,0.2231404958677686
050106,2020,AYACUCHO,HUAMANGA,OCROS,124,51,73,0.4112903225806452
050106,2021,AYACUCHO,HUAMANGA,OCROS,151,75,76,0.4966887417218543
050106,2022,AYACUCHO,HUAMANGA,OCROS,161,88,73,0.546583850931677
050106,2023,AYACUCHO,HUAMANGA,OCROS,251,118,133,0.4701195219123506
050106,2024,AYACUCHO,HUAMANGA,OCROS,211,77,134,0.36492890995260663
050106,2025,AYACUCHO,HUAMANGA,OCROS,179,51,128,0.2849162011173184
050106,2026,AYACUCHO,HUAMANGA,OCROS,82,20,62,0.24390243902439024
050107,2020,AYACUCHO,HUAMANGA,PACAYCASA,90,16,74,0.17777777777777778
050107,2021,AYACUCHO,HUAMANGA,PACAYCASA,120,26,94,0.21666666666666667
050107,2022,AYACUCHO,HUAMANGA,PACAYCASA,72,14,58,0.19444444444444445
050107,2023,AYACUCHO,HUAMANGA,PACAYCASA,127,14,113,0.11023622047244094
050107,2024,AYACUCHO,HUAMANGA,PACAYCASA,114,17,97,0.14912280701754385
050107,2025,AYACUCHO,HUAMANGA,PACAYCASA,101,15,86,0.1485148514851485
050107,2026,AYACUCHO,HUAMANGA,PACAYCASA,69,11,58,0.15942028985507245
050108,2020,AYACUCHO,HUAMANGA,QUINUA,100,62,38,0.62
050108,2021,AYACUCHO,HUAMANGA,QUINUA,71,47,24,0.6619718309859155
050108,2022,AYACUCHO,HUAMANGA,QUINUA,68,42,26,0.6176470588235294
050108,2023,AYACUCHO,HUAMANGA,QUINUA,179,90,89,0.5027932960893855
050108,2024,AYACUCHO,HUAMANGA,QUINUA,156,40,116,0.2564102564102564
050108,2025,AYACUCHO,HUAMANGA,QUINUA,129,36,93,0.27906976744186046
050108,2026,AYACUCHO,HUAMANGA,QUINUA,85,34,51,0.4
050109,2020,AYACUCHO,HUAMANGA,SAN JOSE DE TICLLAS,27,15,12,0.5555555555555556
050109,2021,AYACUCHO,HUAMANGA,SAN JOSE DE TICLLAS,21,10,11,0.47619047619047616
050109,2022,AYACUCHO,HUAMANGA,SAN JOSE DE TICLLAS,23,10,13,0.43478260869565216
050109,2023,AYACUCHO,HUAMANGA,SAN JOSE DE TICLLAS,55,13,42,0.23636363636363636
050109,2024,AYACUCHO,HUAMANGA,SAN JOSE DE TICLLAS,44,5,39,0.11363636363636363
050109,2025,AYACUCHO,HUAMANGA,SAN JOSE DE TICLLAS,35,3,32,0.08571428571428572
050109,2026,AYACUCHO,HUAMANGA,SAN JOSE DE TICLLAS,24,4,20,0.16666666666666666
050110,2020,AYACUCHO,HUAMANGA,SAN JUAN BAUTISTA,1302,367,935,0.2818740399385561
050110,2021,AYACUCHO,HUAMANGA,SAN JUAN BAUTISTA,1145,308,837,0.2689956331877729
050110,2022,AYACUCHO,HUAMANGA,SAN JUAN BAUTISTA,881,308,573,0.3496027241770715
050110,2023,AYACUCHO,HUAMANGA,SAN JUAN BAUTISTA,1814,383,1431,0.211135611907387
050110,2024,AYACUCHO,HUAMANGA,SAN JUAN BAUTISTA,1744,366,1378,0.2098623853211009
050110,2025,AYACUCHO,HUAMANGA,SAN JUAN BAUTISTA,1570,345,1225,0.2197452229299363
050110,2026,AYACUCHO,HUAMANGA,SAN JUAN BAUTISTA,942,225,717,0.23885350318471338
050111,2020,AYACUCHO,HUAMANGA,SANTIAGO DE PISCHA,28,18,10,0.6428571428571429
050111,2021,AYACUCHO,HUAMANGA,SANTIAGO DE PISCHA,19,10,9,0.5263157894736842
050111,2022,AYACUCHO,HUAMANGA,SANTIAGO DE PISCHA,20,16,4,0.8
050111,2023,AYACUCHO,HUAMANGA,SANTIAGO DE PISCHA,36,26,10,0.7222222222222222
050111,2024,AYACUCHO,HUAMANGA,SANTIAGO DE PISCHA,29,15,14,0.5172413793103449
050111,2025,AYACUCHO,HUAMANGA,SANTIAGO DE PISCHA,13,7,6,0.5384615384615384
050111,2026,AYACUCHO,HUAMANGA,SANTIAGO DE PISCHA,6,3,3,0.5
050112,2020,AYACUCHO,HUAMANGA,SOCOS,137,75,62,0.5474452554744526
050112,2021,AYACUCHO,HUAMANGA,SOCOS,94,38,56,0.40425531914893614
050112,2022,AYACUCHO,HUAMANGA,SOCOS,147,64,83,0.43537414965986393
050112,2023,AYACUCHO,HUAMANGA,SOCOS,282,140,142,0.49645390070921985
050112,2024,AYACUCHO,HUAMANGA,SOCOS,220,86,134,0.39090909090909093
050112,2025,AYACUCHO,HUAMANGA,SOCOS,159,58,101,0.36477987421383645
050112,2026,AYACUCHO,HUAMANGA,SOCOS,98,29,69,0.29591836734693877
050113,2020,AYACUCHO,HUAMANGA,TAMBILLO,217,88,129,0.4055299539170507
050113,2021,AYACUCHO,HUAMANGA,TAMBILLO,208,110,98,0.5288461538461539
050113,2022,AYACUCHO,HUAMANGA,TAMBILLO,227,113,114,0.4977973568281938
050113,2023,AYACUCHO,HUAMANGA,TAMBILLO,367,164,203,0.44686648501362397
050113,2024,AYACUCHO,HUAMANGA,TAMBILLO,393,90,303,0.22900763358778625
050113,2025,AYACUCHO,HUAMANGA,TAMBILLO,338,82,256,0.24260355029585798
050113,2026,AYACUCHO,HUAMANGA,TAMBILLO,245,45,200,0.1836734693877551
050114,2020,AYACUCHO,HUAMANGA,VINCHOS,401,82,319,0.20448877805486285
050114,2021,AYACUCHO,HUAMANGA,VINCHOS,367,65,302,0.1771117166212534
050114,2022,AYACUCHO,HUAMANGA,VINCHOS,346,85,261,0.24566473988439305
050114,2023,AYACUCHO,HUAMANGA,VINCHOS,646,123,523,0.19040247678018576
050114,2024,AYACUCHO,HUAMANGA,VINCHOS,562,49,513,0.08718861209964412
050114,2025,AYACUCHO,HUAMANGA,VINCHOS,456,38,418,0.08333333333333333
050114,2026,AYACUCHO,HUAMANGA,VINCHOS,306,26,280,0.08496732026143791
050115,2020,AYACUCHO,HUAMANGA,JESUS NAZARENO,856,263,593,0.3072429906542056
050115,2021,AYACUCHO,HUAMANGA,JESUS NAZARENO,599,168,431,0.28046744574290483
050115,2022,AYACUCHO,HUAMANGA,JESUS NAZARENO,521,145,376,0.2783109404990403
050115,2023,AYACUCHO,HUAMANGA,JESUS NAZARENO,893,177,716,0.19820828667413215
050115,2024,AYACUCHO,HUAMANGA,JESUS NAZARENO,795,152,643,0.19119496855345913
050115,2025,AYACUCHO,HUAMANGA,JESUS NAZARENO,710,148,562,0.2084507042253521
050115,2026,AYACUCHO,HUAMANGA,JESUS NAZARENO,479,132,347,0.2755741127348643
050116,2020,AYACUCHO,HUAMANGA,ANDRES AVELINO CACERES D.,653,200,453,0.30627871362940273
050116,2021,AYACUCHO,HUAMANGA,ANDRES AVELINO CACERES D.,637,221,416,0.3469387755102041
050116,2022,AYACUCHO,HUAMANGA,ANDRES AVELINO CACERES D.,601,240,361,0.39933444259567386
050116,2023,AYACUCHO,HUAMANGA,ANDRES AVELINO CACERES D.,992,281,711,0.28326612903225806
050116,2024,AYACUCHO,HUAMANGA,ANDRES AVELINO CACERES D.,990,178,812,0.1797979797979798
050116,2025,AYACUCHO,HUAMANGA,ANDRES AVELINO CACERES D.,911,151,760,0.16575192096597147
050116,2026,AYACUCHO,HUAMANGA,ANDRES AVELINO CACERES D.,531,109,422,0.20527306967984935
050201,2020,AYACUCHO,CANGALLO,CANGALLO,128,45,83,0.3515625
050201,2021,AYACUCHO,CANGALLO,CANGALLO,101,25,76,0.24752475247524752
050201,2022,AYACUCHO,CANGALLO,CANGALLO,90,27,63,0.3
050201,2023,AYACUCHO,CANGALLO,CANGALLO,180,30,150,0.16666666666666666
050201,2024,AYACUCHO,CANGALLO,CANGALLO,182,18,164,0.0989010989010989
050201,2025,AYACUCHO,CANGALLO,CANGALLO,173,11,162,0.06358381502890173
050201,2026,AYACUCHO,CANGALLO,CANGALLO,132,8,124,0.06060606060606061
050202,2020,AYACUCHO,CANGALLO,CHUSCHI,131,25,106,0.19083969465648856
050202,2021,AYACUCHO,CANGALLO,CHUSCHI,144,24,120,0.16666666666666666
050202,2022,AYACUCHO,CANGALLO,CHUSCHI,117,36,81,0.3076923076923077
050202,2023,AYACUCHO,CANGALLO,CHUSCHI,239,30,209,0.12552301255230125
050202,2024,AYACUCHO,CANGALLO,CHUSCHI,210,22,188,0.10476190476190476
050202,2025,AYACUCHO,CANGALLO,CHUSCHI,186,18,168,0.0967741935483871
050202,2026,AYACUCHO,CANGALLO,CHUSCHI,127,25,102,0.1968503937007874
050203,2020,AYACUCHO,CANGALLO,LOS MOROCHUCOS,263,30,233,0.11406844106463879
050203,2021,AYACUCHO,CANGALLO,LOS MOROCHUCOS,136,22,114,0.16176470588235295
050203,2022,AYACUCHO,CANGALLO,LOS MOROCHUCOS,124,24,100,0.1935483870967742
050203,2023,AYACUCHO,CANGALLO,LOS MOROCHUCOS,360,62,298,0.17222222222222222
050203,2024,AYACUCHO,CANGALLO,LOS MOROCHUCOS,345,23,322,0.06666666666666667
050203,2025,AYACUCHO,CANGALLO,LOS MOROCHUCOS,293,18,275,0.06143344709897611
050203,2026,AYACUCHO,CANGALLO,LOS MOROCHUCOS,183,17,166,0.09289617486338798
050204,2020,AYACUCHO,CANGALLO,MARIA PARADO DE BELLIDO,47,14,33,0.2978723404255319
050204,2021,AYACUCHO,CANGALLO,MARIA PARADO DE BELLIDO,35,15,20,0.42857142857142855
050204,2022,AYACUCHO,CANGALLO,MARIA PARADO DE BELLIDO,38,14,24,0.3684210526315789
050204,2023,AYACUCHO,CANGALLO,MARIA PARADO DE BELLIDO,96,21,75,0.21875
050204,2024,AYACUCHO,CANGALLO,MARIA PARADO DE BELLIDO,93,9,84,0.0967741935483871
050204,2025,AYACUCHO,CANGALLO,MARIA PARADO DE BELLIDO,69,7,62,0.10144927536231885
050204,2026,AYACUCHO,CANGALLO,MARIA PARADO DE BELLIDO,54,5,49,0.09259259259259259
050205,2020,AYACUCHO,CANGALLO,PARAS,127,44,83,0.3464566929133858
050205,2021,AYACUCHO,CANGALLO,PARAS,118,48,70,0.4067796610169492
050205,2022,AYACUCHO,CANGALLO,PARAS,115,47,68,0.40869565217391307
050205,2023,AYACUCHO,CANGALLO,PARAS,168,42,126,0.25
050205,2024,AYACUCHO,CANGALLO,PARAS,147,20,127,0.1360544217687075
050205,2025,AYACUCHO,CANGALLO,PARAS,133,14,119,0.10526315789473684
050205,2026,AYACUCHO,CANGALLO,PARAS,89,15,74,0.16853932584269662
050206,2020,AYACUCHO,CANGALLO,TOTOS,44,19,25,0.4318181818181818
050206,2021,AYACUCHO,CANGALLO,TOTOS,66,22,44,0.3333333333333333
050206,2022,AYACUCHO,CANGALLO,TOTOS,56,12,44,0.21428571428571427
050206,2023,AYACUCHO,CANGALLO,TOTOS,80,37,43,0.4625
050206,2024,AYACUCHO,CANGALLO,TOTOS,77,17,60,0.22077922077922077
050206,2025,AYACUCHO,CANGALLO,TOTOS,60,25,35,0.4166666666666667
050206,2026,AYACUCHO,CANGALLO,TOTOS,40,12,28,0.3
050301,2020,AYACUCHO,HUANCA SANCOS,SANCOS,75,11,64,0.14666666666666667
050301,2021,AYACUCHO,HUANCA SANCOS,SANCOS,51,4,47,0.0784313725490196
050301,2022,AYACUCHO,HUANCA SANCOS,SANCOS,48,11,37,0.22916666666666666
050301,2023,AYACUCHO,HUANCA SANCOS,SANCOS,119,11,108,0.09243697478991597
050301,2024,AYACUCHO,HUANCA SANCOS,SANCOS,119,1,118,0.008403361344537815
050301,2025,AYACUCHO,HUANCA SANCOS,SANCOS,107,7,100,0.06542056074766354
050301,2026,AYACUCHO,HUANCA SANCOS,SANCOS,63,8,55,0.12698412698412698
050302,2020,AYACUCHO,HUANCA SANCOS,CARAPO,34,7,27,0.20588235294117646
050302,2021,AYACUCHO,HUANCA SANCOS,CARAPO,28,9,19,0.32142857142857145
050302,2022,AYACUCHO,HUANCA SANCOS,CARAPO,23,4,19,0.17391304347826086
050302,2023,AYACUCHO,HUANCA SANCOS,CARAPO,50,4,46,0.08
050302,2024,AYACUCHO,HUANCA SANCOS,CARAPO,48,1,47,0.020833333333333332
050302,2025,AYACUCHO,HUANCA SANCOS,CARAPO,38,3,35,0.07894736842105263
050302,2026,AYACUCHO,HUANCA SANCOS,CARAPO,21,2,19,0.09523809523809523
050303,2020,AYACUCHO,HUANCA SANCOS,SACSAMARCA,30,10,20,0.3333333333333333
050303,2021,AYACUCHO,HUANCA SANCOS,SACSAMARCA,11,3,8,0.2727272727272727
050303,2022,AYACUCHO,HUANCA SANCOS,SACSAMARCA,13,5,8,0.38461538461538464
050303,2023,AYACUCHO,HUANCA SANCOS,SACSAMARCA,36,6,30,0.16666666666666666
050303,2024,AYACUCHO,HUANCA SANCOS,SACSAMARCA,37,3,34,0.08108108108108109
050303,2025,AYACUCHO,HUANCA SANCOS,SACSAMARCA,29,1,28,0.034482758620689655
050303,2026,AYACUCHO,HUANCA SANCOS,SACSAMARCA,20,2,18,0.1
050304,2020,AYACUCHO,HUANCA SANCOS,SANTIAGO DE LUCANAMARCA,36,10,26,0.2777777777777778
050304,2021,AYACUCHO,HUANCA SANCOS,SANTIAGO DE LUCANAMARCA,45,14,31,0.3111111111111111
050304,2022,AYACUCHO,HUANCA SANCOS,SANTIAGO DE LUCANAMARCA,28,9,19,0.32142857142857145
050304,2023,AYACUCHO,HUANCA SANCOS,SANTIAGO DE LUCANAMARCA,64,8,56,0.125
050304,2024,AYACUCHO,HUANCA SANCOS,SANTIAGO DE LUCANAMARCA,57,2,55,0.03508771929824561
050304,2025,AYACUCHO,HUANCA SANCOS,SANTIAGO DE LUCANAMARCA,46,1,45,0.021739130434782608
050304,2026,AYACUCHO,HUANCA SANCOS,SANTIAGO DE LUCANAMARCA,32,1,31,0.03125
050401,2020,AYACUCHO,HUANTA,HUANTA,899,146,753,0.16240266963292546
050401,2021,AYACUCHO,HUANTA,HUANTA,534,87,447,0.16292134831460675
050401,2022,AYACUCHO,HUANTA,HUANTA,534,102,432,0.19101123595505617
050401,2023,AYACUCHO,HUANTA,HUANTA,1538,162,1376,0.10533159947984395
050401,2024,AYACUCHO,HUANTA,HUANTA,1462,226,1236,0.1545827633378933
050401,2025,AYACUCHO,HUANTA,HUANTA,1298,181,1117,0.13944530046224962
050401,2026,AYACUCHO,HUANTA,HUANTA,781,85,696,0.1088348271446863
050402,2020,AYACUCHO,HUANTA,AYAHUANCO,30,15,15,0.5
050402,2021,AYACUCHO,HUANTA,AYAHUANCO,37,29,8,0.7837837837837838
050402,2022,AYACUCHO,HUANTA,AYAHUANCO,35,24,11,0.6857142857142857
050402,2023,AYACUCHO,HUANTA,AYAHUANCO,70,36,34,0.5142857142857142
050402,2024,AYACUCHO,HUANTA,AYAHUANCO,73,35,38,0.4794520547945205
050402,2025,AYACUCHO,HUANTA,AYAHUANCO,57,8,49,0.14035087719298245
050402,2026,AYACUCHO,HUANTA,AYAHUANCO,39,7,32,0.1794871794871795
050403,2020,AYACUCHO,HUANTA,HUAMANGUILLA,96,42,54,0.4375
050403,2021,AYACUCHO,HUANTA,HUAMANGUILLA,57,23,34,0.40350877192982454
050403,2022,AYACUCHO,HUANTA,HUAMANGUILLA,50,20,30,0.4
050403,2023,AYACUCHO,HUANTA,HUAMANGUILLA,150,51,99,0.34
050403,2024,AYACUCHO,HUANTA,HUAMANGUILLA,138,20,118,0.14492753623188406
050403,2025,AYACUCHO,HUANTA,HUAMANGUILLA,118,25,93,0.211864406779661
050403,2026,AYACUCHO,HUANTA,HUAMANGUILLA,82,14,68,0.17073170731707318
050404,2020,AYACUCHO,HUANTA,IGUAIN,48,21,27,0.4375
050404,2021,AYACUCHO,HUANTA,IGUAIN,39,15,24,0.38461538461538464
050404,2022,AYACUCHO,HUANTA,IGUAIN,32,7,25,0.21875
050404,2023,AYACUCHO,HUANTA,IGUAIN,123,47,76,0.3821138211382114
050404,2024,AYACUCHO,HUANTA,IGUAIN,115,37,78,0.3217391304347826
050404,2025,AYACUCHO,HUANTA,IGUAIN,98,25,73,0.25510204081632654
050404,2026,AYACUCHO,HUANTA,IGUAIN,65,18,47,0.27692307692307694
050405,2020,AYACUCHO,HUANTA,LURICOCHA,164,35,129,0.21341463414634146
050405,2021,AYACUCHO,HUANTA,LURICOCHA,107,38,69,0.35514018691588783
050405,2022,AYACUCHO,HUANTA,LURICOCHA,97,40,57,0.41237113402061853
050405,2023,AYACUCHO,HUANTA,LURICOCHA,322,50,272,0.15527950310559005
050405,2024,AYACUCHO,HUANTA,LURICOCHA,316,70,246,0.22151898734177214
050405,2025,AYACUCHO,HUANTA,LURICOCHA,280,28,252,0.1
050405,2026,AYACUCHO,HUANTA,LURICOCHA,182,32,150,0.17582417582417584
050406,2020,AYACUCHO,HUANTA,SANTILLANA,82,46,36,0.5609756097560976
050406,2021,AYACUCHO,HUANTA,SANTILLANA,66,34,32,0.5151515151515151
050406,2022,AYACUCHO,HUANTA,SANTILLANA,79,36,43,0.45569620253164556
050406,2023,AYACUCHO,HUANTA,SANTILLANA,184,76,108,0.41304347826086957
050406,2024,AYACUCHO,HUANTA,SANTILLANA,162,42,120,0.25925925925925924
050406,2025,AYACUCHO,HUANTA,SANTILLANA,128,25,103,0.1953125
050406,2026,AYACUCHO,HUANTA,SANTILLANA,87,25,62,0.28735632183908044
050407,2020,AYACUCHO,HUANTA,SIVIA,293,26,267,0.08873720136518772
050407,2021,AYACUCHO,HUANTA,SIVIA,284,18,266,0.06338028169014084
050407,2022,AYACUCHO,HUANTA,SIVIA,212,8,204,0.03773584905660377
050407,2023,AYACUCHO,HUANTA,SIVIA,499,14,485,0.028056112224448898
050407,2024,AYACUCHO,HUANTA,SIVIA,454,15,439,0.03303964757709251
050407,2025,AYACUCHO,HUANTA,SIVIA,391,27,364,0.06905370843989769
050407,2026,AYACUCHO,HUANTA,SIVIA,229,16,213,0.06986899563318777
050408,2020,AYACUCHO,HUANTA,LLOCHEGUA,424,40,384,0.09433962264150944
050408,2021,AYACUCHO,HUANTA,LLOCHEGUA,432,35,397,0.08101851851851852
050408,2022,AYACUCHO,HUANTA,LLOCHEGUA,239,17,222,0.07112970711297072
050408,2023,AYACUCHO,HUANTA,LLOCHEGUA,479,13,466,0.027139874739039668
050408,2024,AYACUCHO,HUANTA,LLOCHEGUA,462,11,451,0.023809523809523808
050408,2025,AYACUCHO,HUANTA,LLOCHEGUA,424,51,373,0.12028301886792453
050408,2026,AYACUCHO,HUANTA,LLOCHEGUA,270,29,241,0.10740740740740741
050409,2020,AYACUCHO,HUANTA,CANAYRE,165,39,126,0.23636363636363636
050409,2021,AYACUCHO,HUANTA,CANAYRE,230,53,177,0.23043478260869565
050409,2022,AYACUCHO,HUANTA,CANAYRE,163,34,129,0.2085889570552147
050409,2023,AYACUCHO,HUANTA,CANAYRE,287,32,255,0.11149825783972125
050409,2024,AYACUCHO,HUANTA,CANAYRE,312,34,278,0.10897435897435898
050409,2025,AYACUCHO,HUANTA,CANAYRE,275,44,231,0.16
050409,2026,AYACUCHO,HUANTA,CANAYRE,138,16,122,0.11594202898550725
050410,2020,AYACUCHO,HUANTA,UCHURACCAY,90,46,44,0.5111111111111111
050410,2021,AYACUCHO,HUANTA,UCHURACCAY,78,57,21,0.7307692307692307
050410,2022,AYACUCHO,HUANTA,UCHURACCAY,82,50,32,0.6097560975609756
050410,2023,AYACUCHO,HUANTA,UCHURACCAY,215,96,119,0.44651162790697674
050410,2024,AYACUCHO,HUANTA,UCHURACCAY,190,40,150,0.21052631578947367
050410,2025,AYACUCHO,HUANTA,UCHURACCAY,154,33,121,0.21428571428571427
050410,2026,AYACUCHO,HUANTA,UCHURACCAY,105,24,81,0.22857142857142856
050411,2020,AYACUCHO,HUANTA,PUCACOLPA,68,30,38,0.4411764705882353
050411,2021,AYACUCHO,HUANTA,PUCACOLPA,44,32,12,0.7272727272727273
050411,2022,AYACUCHO,HUANTA,PUCACOLPA,52,31,21,0.5961538461538461
050411,2023,AYACUCHO,HUANTA,PUCACOLPA,133,65,68,0.48872180451127817
050411,2024,AYACUCHO,HUANTA,PUCACOLPA,132,32,100,0.24242424242424243
050411,2025,AYACUCHO,HUANTA,PUCACOLPA,116,30,86,0.25862068965517243
050411,2026,AYACUCHO,HUANTA,PUCACOLPA,52,7,45,0.1346153846153846
050412,2020,AYACUCHO,HUANTA,CHACA,30,13,17,0.43333333333333335
050412,2021,AYACUCHO,HUANTA,CHACA,19,6,13,0.3157894736842105
050412,2022,AYACUCHO,HUANTA,CHACA,14,4,10,0.2857142857142857
050412,2023,AYACUCHO,HUANTA,CHACA,95,29,66,0.30526315789473685
050412,2024,AYACUCHO,HUANTA,CHACA,82,2,80,0.024390243902439025
050412,2025,AYACUCHO,HUANTA,CHACA,65,6,59,0.09230769230769231
050412,2026,AYACUCHO,HUANTA,CHACA,37,1,36,0.02702702702702703
050501,2020,AYACUCHO,LA MAR,SAN MIGUEL,374,100,274,0.26737967914438504
050501,2021,AYACUCHO,LA MAR,SAN MIGUEL,257,73,184,0.2840466926070039
050501,2022,AYACUCHO,LA MAR,SAN MIGUEL,246,71,175,0.2886178861788618
050501,2023,AYACUCHO,LA MAR,SAN MIGUEL,339,15,324,0.04424778761061947
050501,2024,AYACUCHO,LA MAR,SAN MIGUEL,308,28,280,0.09090909090909091
050501,2025,AYACUCHO,LA MAR,SAN MIGUEL,264,11,253,0.041666666666666664
050501,2026,AYACUCHO,LA MAR,SAN MIGUEL,176,10,166,0.056818181818181816
050502,2020,AYACUCHO,LA MAR,ANCO,177,125,52,0.7062146892655368
050502,2021,AYACUCHO,LA MAR,ANCO,155,121,34,0.7806451612903226
050502,2022,AYACUCHO,LA MAR,ANCO,110,75,35,0.6818181818181818
050502,2023,AYACUCHO,LA MAR,ANCO,437,319,118,0.7299771167048055
050502,2024,AYACUCHO,LA MAR,ANCO,395,272,123,0.6886075949367089
050502,2025,AYACUCHO,LA MAR,ANCO,206,125,81,0.6067961165048543
050502,2026,AYACUCHO,LA MAR,ANCO,138,79,59,0.572463768115942
050503,2020,AYACUCHO,LA MAR,AYNA,110,26,84,0.23636363636363636
050503,2021,AYACUCHO,LA MAR,AYNA,255,64,191,0.25098039215686274
050503,2022,AYACUCHO,LA MAR,AYNA,342,22,320,0.06432748538011696
050503,2023,AYACUCHO,LA MAR,AYNA,371,52,319,0.14016172506738545
050503,2024,AYACUCHO,LA MAR,AYNA,315,18,297,0.05714285714285714
050503,2025,AYACUCHO,LA MAR,AYNA,286,35,251,0.12237762237762238
050503,2026,AYACUCHO,LA MAR,AYNA,167,19,148,0.11377245508982035
050504,2020,AYACUCHO,LA MAR,CHILCAS,32,7,25,0.21875
050504,2021,AYACUCHO,LA MAR,CHILCAS,45,15,30,0.3333333333333333
050504,2022,AYACUCHO,LA MAR,CHILCAS,16,4,12,0.25
050504,2023,AYACUCHO,LA MAR,CHILCAS,51,22,29,0.43137254901960786
050504,2024,AYACUCHO,LA MAR,CHILCAS,42,16,26,0.38095238095238093
050504,2025,AYACUCHO,LA MAR,CHILCAS,37,13,24,0.35135135135135137
050504,2026,AYACUCHO,LA MAR,CHILCAS,23,5,18,0.21739130434782608
050505,2020,AYACUCHO,LA MAR,CHUNGUI,104,62,42,0.5961538461538461
050505,2021,AYACUCHO,LA MAR,CHUNGUI,124,90,34,0.7258064516129032
050505,2022,AYACUCHO,LA MAR,CHUNGUI,93,69,24,0.7419354838709677
050505,2023,AYACUCHO,LA MAR,CHUNGUI,264,179,85,0.678030303030303
050505,2024,AYACUCHO,LA MAR,CHUNGUI,233,144,89,0.6180257510729614
050505,2025,AYACUCHO,LA MAR,CHUNGUI,175,107,68,0.6114285714285714
050505,2026,AYACUCHO,LA MAR,CHUNGUI,125,81,44,0.648
050506,2020,AYACUCHO,LA MAR,LUIS CARRANZA,15,2,13,0.13333333333333333
050506,2021,AYACUCHO,LA MAR,LUIS CARRANZA,39,8,31,0.20512820512820512
050506,2022,AYACUCHO,LA MAR,LUIS CARRANZA,21,2,19,0.09523809523809523
050506,2023,AYACUCHO,LA MAR,LUIS CARRANZA,76,30,46,0.39473684210526316
050506,2024,AYACUCHO,LA MAR,LUIS CARRANZA,67,35,32,0.5223880597014925
050506,2025,AYACUCHO,LA MAR,LUIS CARRANZA,55,30,25,0.5454545454545454
050506,2026,AYACUCHO,LA MAR,LUIS CARRANZA,31,14,17,0.45161290322580644
050507,2020,AYACUCHO,LA MAR,SANTA ROSA,426,64,362,0.15023474178403756
050507,2021,AYACUCHO,LA MAR,SANTA ROSA,352,27,325,0.07670454545454546
050507,2022,AYACUCHO,LA MAR,SANTA ROSA,267,26,241,0.09737827715355805
050507,2023,AYACUCHO,LA MAR,SANTA ROSA,471,40,431,0.08492569002123142
050507,2024,AYACUCHO,LA MAR,SANTA ROSA,439,16,423,0.03644646924829157
050507,2025,AYACUCHO,LA MAR,SANTA ROSA,434,63,371,0.14516129032258066
050507,2026,AYACUCHO,LA MAR,SANTA ROSA,219,28,191,0.1278538812785388
050508,2020,AYACUCHO,LA MAR,TAMBO,425,151,274,0.3552941176470588
050508,2021,AYACUCHO,LA MAR,TAMBO,359,126,233,0.35097493036211697
050508,2022,AYACUCHO,LA MAR,TAMBO,269,121,148,0.44981412639405205
050508,2023,AYACUCHO,LA MAR,TAMBO,528,111,417,0.21022727272727273
050508,2024,AYACUCHO,LA MAR,TAMBO,454,58,396,0.1277533039647577
050508,2025,AYACUCHO,LA MAR,TAMBO,415,42,373,0.10120481927710843
050508,2026,AYACUCHO,LA MAR,TAMBO,245,17,228,0.06938775510204082
050509,2020,AYACUCHO,LA MAR,SAMUGARI,444,101,343,0.22747747747747749
050509,2021,AYACUCHO,LA MAR,SAMUGARI,260,63,197,0.2423076923076923
050509,2022,AYACUCHO,LA MAR,SAMUGARI,224,61,163,0.27232142857142855
050509,2023,AYACUCHO,LA MAR,SAMUGARI,358,78,280,0.21787709497206703
050509,2024,AYACUCHO,LA MAR,SAMUGARI,397,59,338,0.1486146095717884
050509,2025,AYACUCHO,LA MAR,SAMUGARI,250,34,216,0.136
050509,2026,AYACUCHO,LA MAR,SAMUGARI,154,17,137,0.11038961038961038
050510,2020,AYACUCHO,LA MAR,ANCHIHUAY,53,10,43,0.18867924528301888
050510,2021,AYACUCHO,LA MAR,ANCHIHUAY,58,20,38,0.3448275862068966
050510,2022,AYACUCHO,LA MAR,ANCHIHUAY,45,9,36,0.2
050510,2023,AYACUCHO,LA MAR,ANCHIHUAY,199,31,168,0.15577889447236182
050510,2024,AYACUCHO,LA MAR,ANCHIHUAY,175,19,156,0.10857142857142857
050510,2025,AYACUCHO,LA MAR,ANCHIHUAY,127,13,114,0.10236220472440945
050510,2026,AYACUCHO,LA MAR,ANCHIHUAY,88,10,78,0.11363636363636363
050511,2020,AYACUCHO,LA MAR,ORONCCOY,6,5,1,0.8333333333333334
050511,2021,AYACUCHO,LA MAR,ORONCCOY,7,0,7,0.0
050511,2022,AYACUCHO,LA MAR,ORONCCOY,5,0,5,0.0
050511,2023,AYACUCHO,LA MAR,ORONCCOY,11,0,11,0.0
050511,2024,AYACUCHO,LA MAR,ORONCCOY,13,1,12,0.07692307692307693
050511,2025,AYACUCHO,LA MAR,ORONCCOY,9,1,8,0.1111111111111111
050511,2026,AYACUCHO,LA MAR,ORONCCOY,6,0,6,0.0
050512,2025,AYACUCHO,LA MAR,UNIÓN PROGRESO,104,94,10,0.9038461538461539
050512,2026,AYACUCHO,LA MAR,UNIÓN PROGRESO,75,63,12,0.84
050513,2025,AYACUCHO,LA MAR,RIO MAGDALENA,69,9,60,0.13043478260869565
050513,2026,AYACUCHO,LA MAR,RIO MAGDALENA,45,1,44,0.022222222222222223
050514,2025,AYACUCHO,LA MAR,NINABAMBA,56,34,22,0.6071428571428571
050514,2026,AYACUCHO,LA MAR,NINABAMBA,34,11,23,0.3235294117647059
050515,2025,AYACUCHO,LA MAR,PATIBAMBA,44,12,32,0.2727272727272727
050515,2026,AYACUCHO,LA MAR,PATIBAMBA,31,16,15,0.5161290322580645
050601,2020,AYACUCHO,LUCANAS,PUQUIO,375,179,196,0.47733333333333333
050601,2021,AYACUCHO,LUCANAS,PUQUIO,15,7,8,0.4666666666666667
050601,2022,AYACUCHO,LUCANAS,PUQUIO,152,65,87,0.4276315789473684
050601,2023,AYACUCHO,LUCANAS,PUQUIO,554,183,371,0.3303249097472924
050601,2024,AYACUCHO,LUCANAS,PUQUIO,550,172,378,0.31272727272727274
050601,2025,AYACUCHO,LUCANAS,PUQUIO,532,206,326,0.38721804511278196
050601,2026,AYACUCHO,LUCANAS,PUQUIO,354,124,230,0.3502824858757062
050602,2020,AYACUCHO,LUCANAS,AUCARA,26,11,15,0.4230769230769231
050602,2021,AYACUCHO,LUCANAS,AUCARA,52,24,28,0.46153846153846156
050602,2022,AYACUCHO,LUCANAS,AUCARA,41,11,30,0.2682926829268293
050602,2023,AYACUCHO,LUCANAS,AUCARA,53,9,44,0.16981132075471697
050602,2024,AYACUCHO,LUCANAS,AUCARA,45,8,37,0.17777777777777778
050602,2025,AYACUCHO,LUCANAS,AUCARA,39,3,36,0.07692307692307693
050602,2026,AYACUCHO,LUCANAS,AUCARA,22,6,16,0.2727272727272727
050603,2020,AYACUCHO,LUCANAS,CABANA,30,14,16,0.4666666666666667
050603,2021,AYACUCHO,LUCANAS,CABANA,36,12,24,0.3333333333333333
050603,2022,AYACUCHO,LUCANAS,CABANA,13,8,5,0.6153846153846154
050603,2023,AYACUCHO,LUCANAS,CABANA,36,7,29,0.19444444444444445
050603,2024,AYACUCHO,LUCANAS,CABANA,29,3,26,0.10344827586206896
050603,2025,AYACUCHO,LUCANAS,CABANA,27,5,22,0.18518518518518517
050603,2026,AYACUCHO,LUCANAS,CABANA,14,3,11,0.21428571428571427
050604,2020,AYACUCHO,LUCANAS,CARMEN SALCEDO,34,16,18,0.47058823529411764
050604,2021,AYACUCHO,LUCANAS,CARMEN SALCEDO,32,12,20,0.375
050604,2022,AYACUCHO,LUCANAS,CARMEN SALCEDO,22,7,15,0.3181818181818182
050604,2023,AYACUCHO,LUCANAS,CARMEN SALCEDO,31,7,24,0.22580645161290322
050604,2024,AYACUCHO,LUCANAS,CARMEN SALCEDO,29,10,19,0.3448275862068966
050604,2025,AYACUCHO,LUCANAS,CARMEN SALCEDO,29,14,15,0.4827586206896552
050604,2026,AYACUCHO,LUCANAS,CARMEN SALCEDO,24,11,13,0.4583333333333333
050605,2020,AYACUCHO,LUCANAS,CHAVIÑA,53,20,33,0.37735849056603776
050605,2021,AYACUCHO,LUCANAS,CHAVIÑA,31,20,11,0.6451612903225806
050605,2022,AYACUCHO,LUCANAS,CHAVIÑA,39,12,27,0.3076923076923077
050605,2023,AYACUCHO,LUCANAS,CHAVIÑA,78,19,59,0.24358974358974358
050605,2024,AYACUCHO,LUCANAS,CHAVIÑA,50,3,47,0.06
050605,2025,AYACUCHO,LUCANAS,CHAVIÑA,46,18,28,0.391304347826087
050605,2026,AYACUCHO,LUCANAS,CHAVIÑA,22,7,15,0.3181818181818182
050606,2020,AYACUCHO,LUCANAS,CHIPAO,79,42,37,0.5316455696202531
050606,2021,AYACUCHO,LUCANAS,CHIPAO,66,23,43,0.3484848484848485
050606,2022,AYACUCHO,LUCANAS,CHIPAO,21,7,14,0.3333333333333333
050606,2023,AYACUCHO,LUCANAS,CHIPAO,72,16,56,0.2222222222222222
050606,2024,AYACUCHO,LUCANAS,CHIPAO,64,19,45,0.296875
050606,2025,AYACUCHO,LUCANAS,CHIPAO,64,19,45,0.296875
050606,2026,AYACUCHO,LUCANAS,CHIPAO,44,16,28,0.36363636363636365
050607,2020,AYACUCHO,LUCANAS,HUAC-HUAS,26,16,10,0.6153846153846154
050607,2021,AYACUCHO,LUCANAS,HUAC-HUAS,14,5,9,0.35714285714285715
050607,2022,AYACUCHO,LUCANAS,HUAC-HUAS,1,0,1,0.0
050607,2023,AYACUCHO,LUCANAS,HUAC-HUAS,36,15,21,0.4166666666666667
050607,2024,AYACUCHO,LUCANAS,HUAC-HUAS,35,17,18,0.4857142857142857
050607,2025,AYACUCHO,LUCANAS,HUAC-HUAS,33,19,14,0.5757575757575758
050607,2026,AYACUCHO,LUCANAS,HUAC-HUAS,15,11,4,0.7333333333333333
050608,2020,AYACUCHO,LUCANAS,LARAMATE,24,9,15,0.375
050608,2021,AYACUCHO,LUCANAS,LARAMATE,17,1,16,0.058823529411764705
050608,2022,AYACUCHO,LUCANAS,LARAMATE,20,7,13,0.35
050608,2023,AYACUCHO,LUCANAS,LARAMATE,52,12,40,0.23076923076923078
050608,2024,AYACUCHO,LUCANAS,LARAMATE,41,6,35,0.14634146341463414
050608,2025,AYACUCHO,LUCANAS,LARAMATE,30,6,24,0.2
050608,2026,AYACUCHO,LUCANAS,LARAMATE,20,6,14,0.3
050609,2020,AYACUCHO,LUCANAS,LEONCIO PRADO,19,1,18,0.05263157894736842
050609,2021,AYACUCHO,LUCANAS,LEONCIO PRADO,14,1,13,0.07142857142857142
050609,2022,AYACUCHO,LUCANAS,LEONCIO PRADO,1,0,1,0.0
050609,2023,AYACUCHO,LUCANAS,LEONCIO PRADO,21,1,20,0.047619047619047616
050609,2024,AYACUCHO,LUCANAS,LEONCIO PRADO,21,4,17,0.19047619047619047
050609,2025,AYACUCHO,LUCANAS,LEONCIO PRADO,16,3,13,0.1875
050609,2026,AYACUCHO,LUCANAS,LEONCIO PRADO,10,1,9,0.1
050610,2020,AYACUCHO,LUCANAS,LLAUTA,22,5,17,0.22727272727272727
050610,2021,AYACUCHO,LUCANAS,LLAUTA,13,3,10,0.23076923076923078
050610,2022,AYACUCHO,LUCANAS,LLAUTA,5,2,3,0.4
050610,2023,AYACUCHO,LUCANAS,LLAUTA,25,9,16,0.36
050610,2024,AYACUCHO,LUCANAS,LLAUTA,20,8,12,0.4
050610,2025,AYACUCHO,LUCANAS,LLAUTA,24,10,14,0.4166666666666667
050610,2026,AYACUCHO,LUCANAS,LLAUTA,17,4,13,0.23529411764705882
050611,2020,AYACUCHO,LUCANAS,LUCANAS,84,35,49,0.4166666666666667
050611,2021,AYACUCHO,LUCANAS,LUCANAS,56,25,31,0.44642857142857145
050611,2022,AYACUCHO,LUCANAS,LUCANAS,24,14,10,0.5833333333333334
050611,2023,AYACUCHO,LUCANAS,LUCANAS,91,26,65,0.2857142857142857
050611,2024,AYACUCHO,LUCANAS,LUCANAS,88,17,71,0.19318181818181818
050611,2025,AYACUCHO,LUCANAS,LUCANAS,86,14,72,0.16279069767441862
050611,2026,AYACUCHO,LUCANAS,LUCANAS,49,13,36,0.2653061224489796
050612,2022,AYACUCHO,LUCANAS,OCAÑA,25,9,16,0.36
050612,2023,AYACUCHO,LUCANAS,OCAÑA,88,10,78,0.11363636363636363
050612,2024,AYACUCHO,LUCANAS,OCAÑA,72,6,66,0.08333333333333333
050612,2025,AYACUCHO,LUCANAS,OCAÑA,52,9,43,0.17307692307692307
050612,2026,AYACUCHO,LUCANAS,OCAÑA,32,3,29,0.09375
050613,2020,AYACUCHO,LUCANAS,OTOCA,40,17,23,0.425
050613,2021,AYACUCHO,LUCANAS,OTOCA,29,3,26,0.10344827586206896
050613,2022,AYACUCHO,LUCANAS,OTOCA,22,4,18,0.18181818181818182
050613,2023,AYACUCHO,LUCANAS,OTOCA,65,9,56,0.13846153846153847
050613,2024,AYACUCHO,LUCANAS,OTOCA,53,13,40,0.24528301886792453
050613,2025,AYACUCHO,LUCANAS,OTOCA,45,17,28,0.37777777777777777
050613,2026,AYACUCHO,LUCANAS,OTOCA,33,8,25,0.24242424242424243
050614,2020,AYACUCHO,LUCANAS,SAISA,9,3,6,0.3333333333333333
050614,2021,AYACUCHO,LUCANAS,SAISA,3,0,3,0.0
050614,2022,AYACUCHO,LUCANAS,SAISA,2,1,1,0.5
050614,2023,AYACUCHO,LUCANAS,SAISA,7,0,7,0.0
050614,2024,AYACUCHO,LUCANAS,SAISA,9,1,8,0.1111111111111111
050614,2025,AYACUCHO,LUCANAS,SAISA,8,1,7,0.125
050614,2026,AYACUCHO,LUCANAS,SAISA,7,1,6,0.14285714285714285
050615,2020,AYACUCHO,LUCANAS,SAN CRISTOBAL,38,26,12,0.6842105263157895
050615,2021,AYACUCHO,LUCANAS,SAN CRISTOBAL,32,20,12,0.625
050615,2022,AYACUCHO,LUCANAS,SAN CRISTOBAL,22,17,5,0.7727272727272727
050615,2023,AYACUCHO,LUCANAS,SAN CRISTOBAL,50,11,39,0.22
050615,2024,AYACUCHO,LUCANAS,SAN CRISTOBAL,44,14,30,0.3181818181818182
050615,2025,AYACUCHO,LUCANAS,SAN CRISTOBAL,37,17,20,0.4594594594594595
050615,2026,AYACUCHO,LUCANAS,SAN CRISTOBAL,31,13,18,0.41935483870967744
050616,2020,AYACUCHO,LUCANAS,SAN JUAN,6,3,3,0.5
050616,2021,AYACUCHO,LUCANAS,SAN JUAN,6,4,2,0.6666666666666666
050616,2022,AYACUCHO,LUCANAS,SAN JUAN,5,3,2,0.6
050616,2023,AYACUCHO,LUCANAS,SAN JUAN,24,17,7,0.7083333333333334
050616,2024,AYACUCHO,LUCANAS,SAN JUAN,29,3,26,0.10344827586206896
050616,2025,AYACUCHO,LUCANAS,SAN JUAN,21,3,18,0.14285714285714285
050616,2026,AYACUCHO,LUCANAS,SAN JUAN,9,2,7,0.2222222222222222
050617,2020,AYACUCHO,LUCANAS,SAN PEDRO,61,20,41,0.32786885245901637
050617,2021,AYACUCHO,LUCANAS,SAN PEDRO,32,8,24,0.25
050617,2022,AYACUCHO,LUCANAS,SAN PEDRO,38,9,29,0.23684210526315788
050617,2023,AYACUCHO,LUCANAS,SAN PEDRO,71,5,66,0.07042253521126761
050617,2024,AYACUCHO,LUCANAS,SAN PEDRO,77,9,68,0.11688311688311688
050617,2025,AYACUCHO,LUCANAS,SAN PEDRO,64,6,58,0.09375
050617,2026,AYACUCHO,LUCANAS,SAN PEDRO,43,2,41,0.046511627906976744
050618,2020,AYACUCHO,LUCANAS,SAN PEDRO DE PALCO,27,7,20,0.25925925925925924
050618,2021,AYACUCHO,LUCANAS,SAN PEDRO DE PALCO,4,4,0,1.0
050618,2022,AYACUCHO,LUCANAS,SAN PEDRO DE PALCO,12,3,9,0.25
050618,2023,AYACUCHO,LUCANAS,SAN PEDRO DE PALCO,34,5,29,0.14705882352941177
050618,2024,AYACUCHO,LUCANAS,SAN PEDRO DE PALCO,21,5,16,0.23809523809523808
050618,2025,AYACUCHO,LUCANAS,SAN PEDRO DE PALCO,11,1,10,0.09090909090909091
050618,2026,AYACUCHO,LUCANAS,SAN PEDRO DE PALCO,9,0,9,0.0
050619,2020,AYACUCHO,LUCANAS,SANCOS,40,31,9,0.775
050619,2021,AYACUCHO,LUCANAS,SANCOS,23,18,5,0.782608695652174
050619,2022,AYACUCHO,LUCANAS,SANCOS,45,23,22,0.5111111111111111
050619,2023,AYACUCHO,LUCANAS,SANCOS,234,87,147,0.3717948717948718
050619,2024,AYACUCHO,LUCANAS,SANCOS,211,74,137,0.35071090047393366
050619,2025,AYACUCHO,LUCANAS,SANCOS,227,104,123,0.4581497797356828
050619,2026,AYACUCHO,LUCANAS,SANCOS,111,48,63,0.43243243243243246
050620,2020,AYACUCHO,LUCANAS,SANTA ANA DE HUAYCAHUACHO,20,13,7,0.65
050620,2021,AYACUCHO,LUCANAS,SANTA ANA DE HUAYCAHUACHO,15,0,15,0.0
050620,2022,AYACUCHO,LUCANAS,SANTA ANA DE HUAYCAHUACHO,12,0,12,0.0
050620,2023,AYACUCHO,LUCANAS,SANTA ANA DE HUAYCAHUACHO,18,1,17,0.05555555555555555
050620,2024,AYACUCHO,LUCANAS,SANTA ANA DE HUAYCAHUACHO,18,5,13,0.2777777777777778
050620,2025,AYACUCHO,LUCANAS,SANTA ANA DE HUAYCAHUACHO,14,1,13,0.07142857142857142
050620,2026,AYACUCHO,LUCANAS,SANTA ANA DE HUAYCAHUACHO,7,3,4,0.42857142857142855
050621,2020,AYACUCHO,LUCANAS,SANTA LUCIA,51,36,15,0.7058823529411765
050621,2021,AYACUCHO,LUCANAS,SANTA LUCIA,45,28,17,0.6222222222222222
050621,2022,AYACUCHO,LUCANAS,SANTA LUCIA,20,17,3,0.85
050621,2023,AYACUCHO,LUCANAS,SANTA LUCIA,90,71,19,0.7888888888888889
050621,2024,AYACUCHO,LUCANAS,SANTA LUCIA,86,59,27,0.686046511627907
050621,2025,AYACUCHO,LUCANAS,SANTA LUCIA,70,56,14,0.8
050621,2026,AYACUCHO,LUCANAS,SANTA LUCIA,46,36,10,0.782608695652174
050701,2020,AYACUCHO,PARINACOCHAS,CORACORA,215,132,83,0.6139534883720931
050701,2021,AYACUCHO,PARINACOCHAS,CORACORA,120,47,73,0.39166666666666666
050701,2022,AYACUCHO,PARINACOCHAS,CORACORA,175,81,94,0.46285714285714286
050701,2023,AYACUCHO,PARINACOCHAS,CORACORA,476,149,327,0.3130252100840336
050701,2024,AYACUCHO,PARINACOCHAS,CORACORA,462,85,377,0.18398268398268397
050701,2025,AYACUCHO,PARINACOCHAS,CORACORA,424,36,388,0.08490566037735849
050701,2026,AYACUCHO,PARINACOCHAS,CORACORA,262,23,239,0.08778625954198473
050702,2020,AYACUCHO,PARINACOCHAS,CHUMPI,43,34,9,0.7906976744186046
050702,2021,AYACUCHO,PARINACOCHAS,CHUMPI,28,10,18,0.35714285714285715
050702,2022,AYACUCHO,PARINACOCHAS,CHUMPI,22,9,13,0.4090909090909091
050702,2023,AYACUCHO,PARINACOCHAS,CHUMPI,49,22,27,0.4489795918367347
050702,2024,AYACUCHO,PARINACOCHAS,CHUMPI,45,8,37,0.17777777777777778
050702,2025,AYACUCHO,PARINACOCHAS,CHUMPI,36,17,19,0.4722222222222222
050702,2026,AYACUCHO,PARINACOCHAS,CHUMPI,22,9,13,0.4090909090909091
050703,2020,AYACUCHO,PARINACOCHAS,CORONEL CASTAÑEDA,2,0,2,0.0
050703,2022,AYACUCHO,PARINACOCHAS,CORONEL CASTAÑEDA,6,4,2,0.6666666666666666
050703,2023,AYACUCHO,PARINACOCHAS,CORONEL CASTAÑEDA,18,2,16,0.1111111111111111
050703,2024,AYACUCHO,PARINACOCHAS,CORONEL CASTAÑEDA,10,0,10,0.0
050703,2025,AYACUCHO,PARINACOCHAS,CORONEL CASTAÑEDA,9,2,7,0.2222222222222222
050703,2026,AYACUCHO,PARINACOCHAS,CORONEL CASTAÑEDA,5,1,4,0.2
050704,2020,AYACUCHO,PARINACOCHAS,PACAPAUSA,3,2,1,0.6666666666666666
050704,2021,AYACUCHO,PARINACOCHAS,PACAPAUSA,4,4,0,1.0
050704,2022,AYACUCHO,PARINACOCHAS,PACAPAUSA,3,1,2,0.3333333333333333
050704,2023,AYACUCHO,PARINACOCHAS,PACAPAUSA,18,3,15,0.16666666666666666
050704,2024,AYACUCHO,PARINACOCHAS,PACAPAUSA,18,8,10,0.4444444444444444
050704,2025,AYACUCHO,PARINACOCHAS,PACAPAUSA,17,8,9,0.47058823529411764
050704,2026,AYACUCHO,PARINACOCHAS,PACAPAUSA,13,4,9,0.3076923076923077
050705,2020,AYACUCHO,PARINACOCHAS,PULLO,163,135,28,0.8282208588957055
050705,2021,AYACUCHO,PARINACOCHAS,PULLO,142,112,30,0.7887323943661971
050705,2022,AYACUCHO,PARINACOCHAS,PULLO,168,148,20,0.8809523809523809
050705,2023,AYACUCHO,PARINACOCHAS,PULLO,475,325,150,0.6842105263157895
050705,2024,AYACUCHO,PARINACOCHAS,PULLO,497,412,85,0.8289738430583501
050705,2025,AYACUCHO,PARINACOCHAS,PULLO,427,342,85,0.8009367681498829
050705,2026,AYACUCHO,PARINACOCHAS,PULLO,231,197,34,0.8528138528138528
050706,2020,AYACUCHO,PARINACOCHAS,PUYUSCA,41,17,24,0.4146341463414634
050706,2021,AYACUCHO,PARINACOCHAS,PUYUSCA,31,23,8,0.7419354838709677
050706,2022,AYACUCHO,PARINACOCHAS,PUYUSCA,36,16,20,0.4444444444444444
050706,2023,AYACUCHO,PARINACOCHAS,PUYUSCA,98,9,89,0.09183673469387756
050706,2024,AYACUCHO,PARINACOCHAS,PUYUSCA,91,8,83,0.08791208791208792
050706,2025,AYACUCHO,PARINACOCHAS,PUYUSCA,63,1,62,0.015873015873015872
050706,2026,AYACUCHO,PARINACOCHAS,PUYUSCA,37,1,36,0.02702702702702703
050707,2020,AYACUCHO,PARINACOCHAS,SAN FRANCISCO DE RAVACAYCO,9,7,2,0.7777777777777778
050707,2021,AYACUCHO,PARINACOCHAS,SAN FRANCISCO DE RAVACAYCO,4,4,0,1.0
050707,2022,AYACUCHO,PARINACOCHAS,SAN FRANCISCO DE RAVACAYCO,5,3,2,0.6
050707,2023,AYACUCHO,PARINACOCHAS,SAN FRANCISCO DE RAVACAYCO,25,2,23,0.08
050707,2024,AYACUCHO,PARINACOCHAS,SAN FRANCISCO DE RAVACAYCO,17,0,17,0.0
050707,2025,AYACUCHO,PARINACOCHAS,SAN FRANCISCO DE RAVACAYCO,18,3,15,0.16666666666666666
050707,2026,AYACUCHO,PARINACOCHAS,SAN FRANCISCO DE RAVACAYCO,11,1,10,0.09090909090909091
050708,2020,AYACUCHO,PARINACOCHAS,UPAHUACHO,20,15,5,0.75
050708,2021,AYACUCHO,PARINACOCHAS,UPAHUACHO,15,9,6,0.6
050708,2022,AYACUCHO,PARINACOCHAS,UPAHUACHO,8,1,7,0.125
050708,2023,AYACUCHO,PARINACOCHAS,UPAHUACHO,31,0,31,0.0
050708,2024,AYACUCHO,PARINACOCHAS,UPAHUACHO,24,2,22,0.08333333333333333
050708,2025,AYACUCHO,PARINACOCHAS,UPAHUACHO,22,0,22,0.0
050708,2026,AYACUCHO,PARINACOCHAS,UPAHUACHO,18,0,18,0.0
050801,2020,AYACUCHO,PAUCAR DEL SARA SARA,PAUSA,107,43,64,0.40186915887850466
050801,2021,AYACUCHO,PAUCAR DEL SARA SARA,PAUSA,60,18,42,0.3
050801,2022,AYACUCHO,PAUCAR DEL SARA SARA,PAUSA,80,51,29,0.6375
050801,2023,AYACUCHO,PAUCAR DEL SARA SARA,PAUSA,145,15,130,0.10344827586206896
050801,2024,AYACUCHO,PAUCAR DEL SARA SARA,PAUSA,155,34,121,0.21935483870967742
050801,2025,AYACUCHO,PAUCAR DEL SARA SARA,PAUSA,131,39,92,0.29770992366412213
050801,2026,AYACUCHO,PAUCAR DEL SARA SARA,PAUSA,79,20,59,0.25316455696202533
050802,2020,AYACUCHO,PAUCAR DEL SARA SARA,COLTA,5,2,3,0.4
050802,2021,AYACUCHO,PAUCAR DEL SARA SARA,COLTA,4,1,3,0.25
050802,2022,AYACUCHO,PAUCAR DEL SARA SARA,COLTA,3,0,3,0.0
050802,2023,AYACUCHO,PAUCAR DEL SARA SARA,COLTA,15,2,13,0.13333333333333333
050802,2024,AYACUCHO,PAUCAR DEL SARA SARA,COLTA,11,1,10,0.09090909090909091
050802,2025,AYACUCHO,PAUCAR DEL SARA SARA,COLTA,11,1,10,0.09090909090909091
050802,2026,AYACUCHO,PAUCAR DEL SARA SARA,COLTA,12,1,11,0.08333333333333333
050803,2020,AYACUCHO,PAUCAR DEL SARA SARA,CORCULLA,6,6,0,1.0
050803,2021,AYACUCHO,PAUCAR DEL SARA SARA,CORCULLA,7,6,1,0.8571428571428571
050803,2022,AYACUCHO,PAUCAR DEL SARA SARA,CORCULLA,6,5,1,0.8333333333333334
050803,2023,AYACUCHO,PAUCAR DEL SARA SARA,CORCULLA,8,4,4,0.5
050803,2024,AYACUCHO,PAUCAR DEL SARA SARA,CORCULLA,5,2,3,0.4
050803,2025,AYACUCHO,PAUCAR DEL SARA SARA,CORCULLA,5,1,4,0.2
050803,2026,AYACUCHO,PAUCAR DEL SARA SARA,CORCULLA,2,2,0,1.0
050804,2020,AYACUCHO,PAUCAR DEL SARA SARA,LAMPA,53,29,24,0.5471698113207547
050804,2021,AYACUCHO,PAUCAR DEL SARA SARA,LAMPA,25,15,10,0.6
050804,2022,AYACUCHO,PAUCAR DEL SARA SARA,LAMPA,25,13,12,0.52
050804,2023,AYACUCHO,PAUCAR DEL SARA SARA,LAMPA,79,45,34,0.569620253164557
050804,2024,AYACUCHO,PAUCAR DEL SARA SARA,LAMPA,69,21,48,0.30434782608695654
050804,2025,AYACUCHO,PAUCAR DEL SARA SARA,LAMPA,47,10,37,0.2127659574468085
050804,2026,AYACUCHO,PAUCAR DEL SARA SARA,LAMPA,34,12,22,0.35294117647058826
050805,2020,AYACUCHO,PAUCAR DEL SARA SARA,MARCABAMBA,15,13,2,0.8666666666666667
050805,2021,AYACUCHO,PAUCAR DEL SARA SARA,MARCABAMBA,6,2,4,0.3333333333333333
050805,2022,AYACUCHO,PAUCAR DEL SARA SARA,MARCABAMBA,2,0,2,0.0
050805,2023,AYACUCHO,PAUCAR DEL SARA SARA,MARCABAMBA,20,4,16,0.2
050805,2024,AYACUCHO,PAUCAR DEL SARA SARA,MARCABAMBA,21,6,15,0.2857142857142857
050805,2025,AYACUCHO,PAUCAR DEL SARA SARA,MARCABAMBA,14,2,12,0.14285714285714285
050805,2026,AYACUCHO,PAUCAR DEL SARA SARA,MARCABAMBA,6,1,5,0.16666666666666666
050806,2020,AYACUCHO,PAUCAR DEL SARA SARA,OYOLO,34,22,12,0.6470588235294118
050806,2021,AYACUCHO,PAUCAR DEL SARA SARA,OYOLO,21,4,17,0.19047619047619047
050806,2022,AYACUCHO,PAUCAR DEL SARA SARA,OYOLO,26,6,20,0.23076923076923078
050806,2023,AYACUCHO,PAUCAR DEL SARA SARA,OYOLO,60,8,52,0.13333333333333333
050806,2024,AYACUCHO,PAUCAR DEL SARA SARA,OYOLO,63,5,58,0.07936507936507936
050806,2025,AYACUCHO,PAUCAR DEL SARA SARA,OYOLO,50,3,47,0.06
050806,2026,AYACUCHO,PAUCAR DEL SARA SARA,OYOLO,24,2,22,0.08333333333333333
050807,2020,AYACUCHO,PAUCAR DEL SARA SARA,PARARCA,13,2,11,0.15384615384615385
050807,2021,AYACUCHO,PAUCAR DEL SARA SARA,PARARCA,7,2,5,0.2857142857142857
050807,2022,AYACUCHO,PAUCAR DEL SARA SARA,PARARCA,6,2,4,0.3333333333333333
050807,2023,AYACUCHO,PAUCAR DEL SARA SARA,PARARCA,15,1,14,0.06666666666666667
050807,2024,AYACUCHO,PAUCAR DEL SARA SARA,PARARCA,6,0,6,0.0
050807,2025,AYACUCHO,PAUCAR DEL SARA SARA,PARARCA,7,0,7,0.0
050807,2026,AYACUCHO,PAUCAR DEL SARA SARA,PARARCA,4,0,4,0.0
050808,2020,AYACUCHO,PAUCAR DEL SARA SARA,SAN JAVIER DE ALPABAMBA,3,3,0,1.0
050808,2021,AYACUCHO,PAUCAR DEL SARA SARA,SAN JAVIER DE ALPABAMBA,6,4,2,0.6666666666666666
050808,2022,AYACUCHO,PAUCAR DEL SARA SARA,SAN JAVIER DE ALPABAMBA,2,0,2,0.0
050808,2023,AYACUCHO,PAUCAR DEL SARA SARA,SAN JAVIER DE ALPABAMBA,14,5,9,0.35714285714285715
050808,2024,AYACUCHO,PAUCAR DEL SARA SARA,SAN JAVIER DE ALPABAMBA,12,0,12,0.0
050808,2025,AYACUCHO,PAUCAR DEL SARA SARA,SAN JAVIER DE ALPABAMBA,6,0,6,0.0
050808,2026,AYACUCHO,PAUCAR DEL SARA SARA,SAN JAVIER DE ALPABAMBA,3,0,3,0.0
050809,2020,AYACUCHO,PAUCAR DEL SARA SARA,SAN JOSE DE USHUA,4,4,0,1.0
050809,2021,AYACUCHO,PAUCAR DEL SARA SARA,SAN JOSE DE USHUA,2,1,1,0.5
050809,2022,AYACUCHO,PAUCAR DEL SARA SARA,SAN JOSE DE USHUA,3,3,0,1.0
050809,2023,AYACUCHO,PAUCAR DEL SARA SARA,SAN JOSE DE USHUA,11,2,9,0.18181818181818182
050809,2024,AYACUCHO,PAUCAR DEL SARA SARA,SAN JOSE DE USHUA,10,0,10,0.0
050809,2025,AYACUCHO,PAUCAR DEL SARA SARA,SAN JOSE DE USHUA,9,0,9,0.0
050809,2026,AYACUCHO,PAUCAR DEL SARA SARA,SAN JOSE DE USHUA,8,0,8,0.0
050810,2020,AYACUCHO,PAUCAR DEL SARA SARA,SARA SARA,15,9,6,0.6
050810,2021,AYACUCHO,PAUCAR DEL SARA SARA,SARA SARA,7,4,3,0.5714285714285714
050810,2022,AYACUCHO,PAUCAR DEL SARA SARA,SARA SARA,7,1,6,0.14285714285714285
050810,2023,AYACUCHO,PAUCAR DEL SARA SARA,SARA SARA,8,0,8,0.0
050810,2024,AYACUCHO,PAUCAR DEL SARA SARA,SARA SARA,6,0,6,0.0
050810,2025,AYACUCHO,PAUCAR DEL SARA SARA,SARA SARA,3,0,3,0.0
050810,2026,AYACUCHO,PAUCAR DEL SARA SARA,SARA SARA,4,1,3,0.25
050901,2020,AYACUCHO,SUCRE,QUEROBAMBA,59,17,42,0.288135593220339
050901,2021,AYACUCHO,SUCRE,QUEROBAMBA,51,13,38,0.2549019607843137
050901,2022,AYACUCHO,SUCRE,QUEROBAMBA,47,17,30,0.3617021276595745
050901,2023,AYACUCHO,SUCRE,QUEROBAMBA,93,26,67,0.27956989247311825
050901,2024,AYACUCHO,SUCRE,QUEROBAMBA,97,11,86,0.1134020618556701
050901,2025,AYACUCHO,SUCRE,QUEROBAMBA,91,7,84,0.07692307692307693
050901,2026,AYACUCHO,SUCRE,QUEROBAMBA,66,7,59,0.10606060606060606
050902,2020,AYACUCHO,SUCRE,BELEN,6,3,3,0.5
050902,2021,AYACUCHO,SUCRE,BELEN,4,0,4,0.0
050902,2022,AYACUCHO,SUCRE,BELEN,1,0,1,0.0
050902,2023,AYACUCHO,SUCRE,BELEN,8,0,8,0.0
050902,2024,AYACUCHO,SUCRE,BELEN,6,0,6,0.0
050902,2025,AYACUCHO,SUCRE,BELEN,5,0,5,0.0
050902,2026,AYACUCHO,SUCRE,BELEN,3,0,3,0.0
050903,2020,AYACUCHO,SUCRE,CHALCOS,10,3,7,0.3
050903,2021,AYACUCHO,SUCRE,CHALCOS,7,3,4,0.42857142857142855
050903,2022,AYACUCHO,SUCRE,CHALCOS,4,1,3,0.25
050903,2023,AYACUCHO,SUCRE,CHALCOS,12,4,8,0.3333333333333333
050903,2024,AYACUCHO,SUCRE,CHALCOS,11,2,9,0.18181818181818182
050903,2025,AYACUCHO,SUCRE,CHALCOS,12,1,11,0.08333333333333333
050903,2026,AYACUCHO,SUCRE,CHALCOS,9,0,9,0.0
050904,2020,AYACUCHO,SUCRE,CHILCAYOC,15,4,11,0.26666666666666666
050904,2021,AYACUCHO,SUCRE,CHILCAYOC,7,2,5,0.2857142857142857
050904,2022,AYACUCHO,SUCRE,CHILCAYOC,8,0,8,0.0
050904,2023,AYACUCHO,SUCRE,CHILCAYOC,27,4,23,0.14814814814814814
050904,2024,AYACUCHO,SUCRE,CHILCAYOC,31,1,30,0.03225806451612903
050904,2025,AYACUCHO,SUCRE,CHILCAYOC,26,2,24,0.07692307692307693
050904,2026,AYACUCHO,SUCRE,CHILCAYOC,13,1,12,0.07692307692307693
050905,2020,AYACUCHO,SUCRE,HUACAÑA,2,0,2,0.0
050905,2021,AYACUCHO,SUCRE,HUACAÑA,4,0,4,0.0
050905,2022,AYACUCHO,SUCRE,HUACAÑA,3,0,3,0.0
050905,2023,AYACUCHO,SUCRE,HUACAÑA,8,1,7,0.125
050905,2024,AYACUCHO,SUCRE,HUACAÑA,5,0,5,0.0
050905,2025,AYACUCHO,SUCRE,HUACAÑA,3,0,3,0.0
050905,2026,AYACUCHO,SUCRE,HUACAÑA,1,0,1,0.0
050906,2020,AYACUCHO,SUCRE,MORCOLLA,20,4,16,0.2
050906,2021,AYACUCHO,SUCRE,MORCOLLA,9,0,9,0.0
050906,2022,AYACUCHO,SUCRE,MORCOLLA,10,1,9,0.1
050906,2023,AYACUCHO,SUCRE,MORCOLLA,28,3,25,0.10714285714285714
050906,2024,AYACUCHO,SUCRE,MORCOLLA,21,0,21,0.0
050906,2025,AYACUCHO,SUCRE,MORCOLLA,22,2,20,0.09090909090909091
050906,2026,AYACUCHO,SUCRE,MORCOLLA,12,0,12,0.0
050907,2020,AYACUCHO,SUCRE,PAICO,9,0,9,0.0
050907,2021,AYACUCHO,SUCRE,PAICO,8,2,6,0.25
050907,2022,AYACUCHO,SUCRE,PAICO,5,1,4,0.2
050907,2023,AYACUCHO,SUCRE,PAICO,12,6,6,0.5
050907,2024,AYACUCHO,SUCRE,PAICO,16,3,13,0.1875
050907,2025,AYACUCHO,SUCRE,PAICO,13,2,11,0.15384615384615385
050907,2026,AYACUCHO,SUCRE,PAICO,12,1,11,0.08333333333333333
050908,2020,AYACUCHO,SUCRE,SAN PEDRO DE LARCAY,10,1,9,0.1
050908,2021,AYACUCHO,SUCRE,SAN PEDRO DE LARCAY,13,0,13,0.0
050908,2022,AYACUCHO,SUCRE,SAN PEDRO DE LARCAY,11,1,10,0.09090909090909091
050908,2023,AYACUCHO,SUCRE,SAN PEDRO DE LARCAY,29,3,26,0.10344827586206896
050908,2024,AYACUCHO,SUCRE,SAN PEDRO DE LARCAY,33,1,32,0.030303030303030304
050908,2025,AYACUCHO,SUCRE,SAN PEDRO DE LARCAY,15,0,15,0.0
050908,2026,AYACUCHO,SUCRE,SAN PEDRO DE LARCAY,6,0,6,0.0
050909,2020,AYACUCHO,SUCRE,SAN SALVADOR DE QUIJE,19,5,14,0.2631578947368421
050909,2021,AYACUCHO,SUCRE,SAN SALVADOR DE QUIJE,11,4,7,0.36363636363636365
050909,2022,AYACUCHO,SUCRE,SAN SALVADOR DE QUIJE,9,1,8,0.1111111111111111
050909,2023,AYACUCHO,SUCRE,SAN SALVADOR DE QUIJE,31,7,24,0.22580645161290322
050909,2024,AYACUCHO,SUCRE,SAN SALVADOR DE QUIJE,33,4,29,0.12121212121212122
050909,2025,AYACUCHO,SUCRE,SAN SALVADOR DE QUIJE,26,8,18,0.3076923076923077
050909,2026,AYACUCHO,SUCRE,SAN SALVADOR DE QUIJE,18,3,15,0.16666666666666666
050910,2020,AYACUCHO,SUCRE,SANTIAGO DE PAUCARAY,12,3,9,0.25
050910,2021,AYACUCHO,SUCRE,SANTIAGO DE PAUCARAY,4,1,3,0.25
050910,2022,AYACUCHO,SUCRE,SANTIAGO DE PAUCARAY,10,1,9,0.1
050910,2023,AYACUCHO,SUCRE,SANTIAGO DE PAUCARAY,23,3,20,0.13043478260869565
050910,2024,AYACUCHO,SUCRE,SANTIAGO DE PAUCARAY,22,1,21,0.045454545454545456
050910,2025,AYACUCHO,SUCRE,SANTIAGO DE PAUCARAY,14,1,13,0.07142857142857142
050910,2026,AYACUCHO,SUCRE,SANTIAGO DE PAUCARAY,8,0,8,0.0
050911,2020,AYACUCHO,SUCRE,SORAS,14,4,10,0.2857142857142857
050911,2021,AYACUCHO,SUCRE,SORAS,8,2,6,0.25
050911,2022,AYACUCHO,SUCRE,SORAS,13,5,8,0.38461538461538464
050911,2023,AYACUCHO,SUCRE,SORAS,36,13,23,0.3611111111111111
050911,2024,AYACUCHO,SUCRE,SORAS,38,6,32,0.15789473684210525
050911,2025,AYACUCHO,SUCRE,SORAS,26,1,25,0.038461538461538464
050911,2026,AYACUCHO,SUCRE,SORAS,19,1,18,0.05263157894736842
051001,2020,AYACUCHO,VICTOR FAJARDO,HUANCAPI,31,15,16,0.4838709677419355
051001,2021,AYACUCHO,VICTOR FAJARDO,HUANCAPI,28,12,16,0.42857142857142855
051001,2022,AYACUCHO,VICTOR FAJARDO,HUANCAPI,17,7,10,0.4117647058823529
051001,2023,AYACUCHO,VICTOR FAJARDO,HUANCAPI,49,14,35,0.2857142857142857
051001,2024,AYACUCHO,VICTOR FAJARDO,HUANCAPI,44,3,41,0.06818181818181818
051001,2025,AYACUCHO,VICTOR FAJARDO,HUANCAPI,39,10,29,0.2564102564102564
051001,2026,AYACUCHO,VICTOR FAJARDO,HUANCAPI,34,0,34,0.0
051002,2020,AYACUCHO,VICTOR FAJARDO,ALCAMENCA,20,0,20,0.0
051002,2021,AYACUCHO,VICTOR FAJARDO,ALCAMENCA,19,2,17,0.10526315789473684
051002,2022,AYACUCHO,VICTOR FAJARDO,ALCAMENCA,21,1,20,0.047619047619047616
051002,2023,AYACUCHO,VICTOR FAJARDO,ALCAMENCA,41,2,39,0.04878048780487805
051002,2024,AYACUCHO,VICTOR FAJARDO,ALCAMENCA,36,1,35,0.027777777777777776
051002,2025,AYACUCHO,VICTOR FAJARDO,ALCAMENCA,18,1,17,0.05555555555555555
051002,2026,AYACUCHO,VICTOR FAJARDO,ALCAMENCA,11,0,11,0.0
051003,2020,AYACUCHO,VICTOR FAJARDO,APONGO,11,5,6,0.45454545454545453
051003,2021,AYACUCHO,VICTOR FAJARDO,APONGO,4,1,3,0.25
051003,2022,AYACUCHO,VICTOR FAJARDO,APONGO,1,1,0,1.0
051003,2023,AYACUCHO,VICTOR FAJARDO,APONGO,13,3,10,0.23076923076923078
051003,2024,AYACUCHO,VICTOR FAJARDO,APONGO,8,1,7,0.125
051003,2025,AYACUCHO,VICTOR FAJARDO,APONGO,7,2,5,0.2857142857142857
051003,2026,AYACUCHO,VICTOR FAJARDO,APONGO,4,0,4,0.0
051004,2020,AYACUCHO,VICTOR FAJARDO,ASQUIPATA,2,2,0,1.0
051004,2021,AYACUCHO,VICTOR FAJARDO,ASQUIPATA,5,3,2,0.6
051004,2022,AYACUCHO,VICTOR FAJARDO,ASQUIPATA,1,0,1,0.0
051004,2023,AYACUCHO,VICTOR FAJARDO,ASQUIPATA,9,4,5,0.4444444444444444
051004,2024,AYACUCHO,VICTOR FAJARDO,ASQUIPATA,6,0,6,0.0
051004,2025,AYACUCHO,VICTOR FAJARDO,ASQUIPATA,4,1,3,0.25
051004,2026,AYACUCHO,VICTOR FAJARDO,ASQUIPATA,3,2,1,0.6666666666666666
051005,2020,AYACUCHO,VICTOR FAJARDO,CANARIA,50,4,46,0.08
051005,2021,AYACUCHO,VICTOR FAJARDO,CANARIA,61,12,49,0.19672131147540983
051005,2022,AYACUCHO,VICTOR FAJARDO,CANARIA,32,10,22,0.3125
051005,2023,AYACUCHO,VICTOR FAJARDO,CANARIA,111,14,97,0.12612612612612611
051005,2024,AYACUCHO,VICTOR FAJARDO,CANARIA,110,5,105,0.045454545454545456
051005,2025,AYACUCHO,VICTOR FAJARDO,CANARIA,94,7,87,0.07446808510638298
051005,2026,AYACUCHO,VICTOR FAJARDO,CANARIA,58,12,46,0.20689655172413793
051006,2020,AYACUCHO,VICTOR FAJARDO,CAYARA,6,0,6,0.0
051006,2021,AYACUCHO,VICTOR FAJARDO,CAYARA,13,0,13,0.0
051006,2022,AYACUCHO,VICTOR FAJARDO,CAYARA,4,0,4,0.0
051006,2023,AYACUCHO,VICTOR FAJARDO,CAYARA,18,1,17,0.05555555555555555
051006,2024,AYACUCHO,VICTOR FAJARDO,CAYARA,10,1,9,0.1
051006,2025,AYACUCHO,VICTOR FAJARDO,CAYARA,6,1,5,0.16666666666666666
051006,2026,AYACUCHO,VICTOR FAJARDO,CAYARA,2,0,2,0.0
051007,2020,AYACUCHO,VICTOR FAJARDO,COLCA,17,8,9,0.47058823529411764
051007,2021,AYACUCHO,VICTOR FAJARDO,COLCA,3,0,3,0.0
051007,2022,AYACUCHO,VICTOR FAJARDO,COLCA,7,3,4,0.42857142857142855
051007,2023,AYACUCHO,VICTOR FAJARDO,COLCA,22,9,13,0.4090909090909091
051007,2024,AYACUCHO,VICTOR FAJARDO,COLCA,12,0,12,0.0
051007,2025,AYACUCHO,VICTOR FAJARDO,COLCA,18,1,17,0.05555555555555555
051007,2026,AYACUCHO,VICTOR FAJARDO,COLCA,13,1,12,0.07692307692307693
051008,2020,AYACUCHO,VICTOR FAJARDO,HUAMANQUIQUIA,25,10,15,0.4
051008,2021,AYACUCHO,VICTOR FAJARDO,HUAMANQUIQUIA,13,5,8,0.38461538461538464
051008,2022,AYACUCHO,VICTOR FAJARDO,HUAMANQUIQUIA,9,3,6,0.3333333333333333
051008,2023,AYACUCHO,VICTOR FAJARDO,HUAMANQUIQUIA,27,10,17,0.37037037037037035
051008,2024,AYACUCHO,VICTOR FAJARDO,HUAMANQUIQUIA,36,1,35,0.027777777777777776
051008,2025,AYACUCHO,VICTOR FAJARDO,HUAMANQUIQUIA,35,2,33,0.05714285714285714
051008,2026,AYACUCHO,VICTOR FAJARDO,HUAMANQUIQUIA,21,2,19,0.09523809523809523
051009,2020,AYACUCHO,VICTOR FAJARDO,HUANCARAYLLA,29,12,17,0.41379310344827586
051009,2021,AYACUCHO,VICTOR FAJARDO,HUANCARAYLLA,17,5,12,0.29411764705882354
051009,2022,AYACUCHO,VICTOR FAJARDO,HUANCARAYLLA,10,2,8,0.2
051009,2023,AYACUCHO,VICTOR FAJARDO,HUANCARAYLLA,28,2,26,0.07142857142857142
051009,2024,AYACUCHO,VICTOR FAJARDO,HUANCARAYLLA,32,3,29,0.09375
051009,2025,AYACUCHO,VICTOR FAJARDO,HUANCARAYLLA,31,4,27,0.12903225806451613
051009,2026,AYACUCHO,VICTOR FAJARDO,HUANCARAYLLA,27,0,27,0.0
051010,2020,AYACUCHO,VICTOR FAJARDO,HUALLA,35,11,24,0.3142857142857143
051010,2021,AYACUCHO,VICTOR FAJARDO,HUALLA,26,12,14,0.46153846153846156
051010,2022,AYACUCHO,VICTOR FAJARDO,HUALLA,19,7,12,0.3684210526315789
051010,2023,AYACUCHO,VICTOR FAJARDO,HUALLA,62,21,41,0.3387096774193548
051010,2024,AYACUCHO,VICTOR FAJARDO,HUALLA,50,6,44,0.12
051010,2025,AYACUCHO,VICTOR FAJARDO,HUALLA,40,12,28,0.3
051010,2026,AYACUCHO,VICTOR FAJARDO,HUALLA,28,5,23,0.17857142857142858
051011,2020,AYACUCHO,VICTOR FAJARDO,SARHUA,41,10,31,0.24390243902439024
051011,2021,AYACUCHO,VICTOR FAJARDO,SARHUA,30,5,25,0.16666666666666666
051011,2022,AYACUCHO,VICTOR FAJARDO,SARHUA,42,13,29,0.30952380952380953
051011,2023,AYACUCHO,VICTOR FAJARDO,SARHUA,82,28,54,0.34146341463414637
051011,2024,AYACUCHO,VICTOR FAJARDO,SARHUA,80,14,66,0.175
051011,2025,AYACUCHO,VICTOR FAJARDO,SARHUA,68,5,63,0.07352941176470588
051011,2026,AYACUCHO,VICTOR FAJARDO,SARHUA,42,2,40,0.047619047619047616
051012,2020,AYACUCHO,VICTOR FAJARDO,VILCANCHOS,54,10,44,0.18518518518518517
051012,2021,AYACUCHO,VICTOR FAJARDO,VILCANCHOS,43,1,42,0.023255813953488372
051012,2022,AYACUCHO,VICTOR FAJARDO,VILCANCHOS,50,6,44,0.12
051012,2023,AYACUCHO,VICTOR FAJARDO,VILCANCHOS,80,6,74,0.075
051012,2024,AYACUCHO,VICTOR FAJARDO,VILCANCHOS,71,4,67,0.056338028169014086
051012,2025,AYACUCHO,VICTOR FAJARDO,VILCANCHOS,60,6,54,0.1
051012,2026,AYACUCHO,VICTOR FAJARDO,VILCANCHOS,39,5,34,0.1282051282051282
051101,2020,AYACUCHO,VILCAS HUAMAN,VILCAS HUAMAN,167,69,98,0.41317365269461076
051101,2021,AYACUCHO,VILCAS HUAMAN,VILCAS HUAMAN,115,39,76,0.3391304347826087
051101,2022,AYACUCHO,VILCAS HUAMAN,VILCAS HUAMAN,114,45,69,0.39473684210526316
051101,2023,AYACUCHO,VILCAS HUAMAN,VILCAS HUAMAN,250,59,191,0.236
051101,2024,AYACUCHO,VILCAS HUAMAN,VILCAS HUAMAN,224,30,194,0.13392857142857142
051101,2025,AYACUCHO,VILCAS HUAMAN,VILCAS HUAMAN,194,26,168,0.13402061855670103
051101,2026,AYACUCHO,VILCAS HUAMAN,VILCAS HUAMAN,127,20,107,0.15748031496062992
051102,2020,AYACUCHO,VILCAS HUAMAN,ACCOMARCA,14,5,9,0.35714285714285715
051102,2021,AYACUCHO,VILCAS HUAMAN,ACCOMARCA,14,4,10,0.2857142857142857
051102,2022,AYACUCHO,VILCAS HUAMAN,ACCOMARCA,9,3,6,0.3333333333333333
051102,2023,AYACUCHO,VILCAS HUAMAN,ACCOMARCA,26,3,23,0.11538461538461539
051102,2024,AYACUCHO,VILCAS HUAMAN,ACCOMARCA,17,4,13,0.23529411764705882
051102,2025,AYACUCHO,VILCAS HUAMAN,ACCOMARCA,18,0,18,0.0
051102,2026,AYACUCHO,VILCAS HUAMAN,ACCOMARCA,8,0,8,0.0
051103,2020,AYACUCHO,VILCAS HUAMAN,CARHUANCA,4,0,4,0.0
051103,2021,AYACUCHO,VILCAS HUAMAN,CARHUANCA,5,0,5,0.0
051103,2022,AYACUCHO,VILCAS HUAMAN,CARHUANCA,2,0,2,0.0
051103,2023,AYACUCHO,VILCAS HUAMAN,CARHUANCA,16,0,16,0.0
051103,2024,AYACUCHO,VILCAS HUAMAN,CARHUANCA,19,1,18,0.05263157894736842
051103,2025,AYACUCHO,VILCAS HUAMAN,CARHUANCA,14,1,13,0.07142857142857142
051103,2026,AYACUCHO,VILCAS HUAMAN,CARHUANCA,8,0,8,0.0
051104,2020,AYACUCHO,VILCAS HUAMAN,CONCEPCION,12,2,10,0.16666666666666666
051104,2021,AYACUCHO,VILCAS HUAMAN,CONCEPCION,15,5,10,0.3333333333333333
051104,2022,AYACUCHO,VILCAS HUAMAN,CONCEPCION,17,1,16,0.058823529411764705
051104,2023,AYACUCHO,VILCAS HUAMAN,CONCEPCION,52,7,45,0.1346153846153846
051104,2024,AYACUCHO,VILCAS HUAMAN,CONCEPCION,50,2,48,0.04
051104,2025,AYACUCHO,VILCAS HUAMAN,CONCEPCION,41,2,39,0.04878048780487805
051104,2026,AYACUCHO,VILCAS HUAMAN,CONCEPCION,25,1,24,0.04
051105,2020,AYACUCHO,VILCAS HUAMAN,HUAMBALPA,24,13,11,0.5416666666666666
051105,2021,AYACUCHO,VILCAS HUAMAN,HUAMBALPA,19,5,14,0.2631578947368421
051105,2022,AYACUCHO,VILCAS HUAMAN,HUAMBALPA,9,2,7,0.2222222222222222
051105,2023,AYACUCHO,VILCAS HUAMAN,HUAMBALPA,39,9,30,0.23076923076923078
051105,2024,AYACUCHO,VILCAS HUAMAN,HUAMBALPA,42,1,41,0.023809523809523808
051105,2025,AYACUCHO,VILCAS HUAMAN,HUAMBALPA,36,5,31,0.1388888888888889
051105,2026,AYACUCHO,VILCAS HUAMAN,HUAMBALPA,24,0,24,0.0
051106,2020,AYACUCHO,VILCAS HUAMAN,INDEPENDENCIA,15,2,13,0.13333333333333333
051106,2021,AYACUCHO,VILCAS HUAMAN,INDEPENDENCIA,9,1,8,0.1111111111111111
051106,2022,AYACUCHO,VILCAS HUAMAN,INDEPENDENCIA,6,0,6,0.0
051106,2023,AYACUCHO,VILCAS HUAMAN,INDEPENDENCIA,17,1,16,0.058823529411764705
051106,2024,AYACUCHO,VILCAS HUAMAN,INDEPENDENCIA,16,3,13,0.1875
051106,2025,AYACUCHO,VILCAS HUAMAN,INDEPENDENCIA,15,1,14,0.06666666666666667
051106,2026,AYACUCHO,VILCAS HUAMAN,INDEPENDENCIA,9,0,9,0.0
051107,2020,AYACUCHO,VILCAS HUAMAN,SAURAMA,8,4,4,0.5
051107,2021,AYACUCHO,VILCAS HUAMAN,SAURAMA,9,0,9,0.0
051107,2022,AYACUCHO,VILCAS HUAMAN,SAURAMA,10,3,7,0.3
051107,2023,AYACUCHO,VILCAS HUAMAN,SAURAMA,22,1,21,0.045454545454545456
051107,2024,AYACUCHO,VILCAS HUAMAN,SAURAMA,27,1,26,0.037037037037037035
051107,2025,AYACUCHO,VILCAS HUAMAN,SAURAMA,18,0,18,0.0
051107,2026,AYACUCHO,VILCAS HUAMAN,SAURAMA,13,0,13,0.0
051108,2020,AYACUCHO,VILCAS HUAMAN,VISCHONGO,47,14,33,0.2978723404255319
051108,2021,AYACUCHO,VILCAS HUAMAN,VISCHONGO,62,29,33,0.46774193548387094
051108,2022,AYACUCHO,VILCAS HUAMAN,VISCHONGO,43,18,25,0.4186046511627907
051108,2023,AYACUCHO,VILCAS HUAMAN,VISCHONGO,142,50,92,0.352112676056338
051108,2024,AYACUCHO,VILCAS HUAMAN,VISCHONGO,137,33,104,0.24087591240875914
051108,2025,AYACUCHO,VILCAS HUAMAN,VISCHONGO,94,16,78,0.1702127659574468
051108,2026,AYACUCHO,VILCAS HUAMAN,VISCHONGO,53,13,40,0.24528301886792453
060101,2020,CAJAMARCA,CAJAMARCA,CAJAMARCA,3575,738,2837,0.20643356643356645
060101,2021,CAJAMARCA,CAJAMARCA,CAJAMARCA,2390,371,2019,0.15523012552301255
060101,2022,CAJAMARCA,CAJAMARCA,CAJAMARCA,2075,357,1718,0.17204819277108432
060101,2023,CAJAMARCA,CAJAMARCA,CAJAMARCA,6424,745,5679,0.11597135740971358
060101,2024,CAJAMARCA,CAJAMARCA,CAJAMARCA,6680,1005,5675,0.1504491017964072
060101,2025,CAJAMARCA,CAJAMARCA,CAJAMARCA,6277,446,5831,0.07105305082045563
060101,2026,CAJAMARCA,CAJAMARCA,CAJAMARCA,3756,272,3484,0.0724174653887114
060102,2020,CAJAMARCA,CAJAMARCA,ASUNCION,137,17,120,0.12408759124087591
060102,2021,CAJAMARCA,CAJAMARCA,ASUNCION,76,10,66,0.13157894736842105
060102,2022,CAJAMARCA,CAJAMARCA,ASUNCION,67,16,51,0.23880597014925373
060102,2023,CAJAMARCA,CAJAMARCA,ASUNCION,273,23,250,0.08424908424908426
060102,2024,CAJAMARCA,CAJAMARCA,ASUNCION,254,47,207,0.18503937007874016
060102,2025,CAJAMARCA,CAJAMARCA,ASUNCION,227,23,204,0.1013215859030837
060102,2026,CAJAMARCA,CAJAMARCA,ASUNCION,138,15,123,0.10869565217391304
060103,2020,CAJAMARCA,CAJAMARCA,CHETILLA,49,16,33,0.32653061224489793
060103,2021,CAJAMARCA,CAJAMARCA,CHETILLA,46,13,33,0.2826086956521739
060103,2022,CAJAMARCA,CAJAMARCA,CHETILLA,37,9,28,0.24324324324324326
060103,2023,CAJAMARCA,CAJAMARCA,CHETILLA,154,26,128,0.16883116883116883
060103,2024,CAJAMARCA,CAJAMARCA,CHETILLA,131,18,113,0.13740458015267176
060103,2025,CAJAMARCA,CAJAMARCA,CHETILLA,100,19,81,0.19
060103,2026,CAJAMARCA,CAJAMARCA,CHETILLA,71,11,60,0.15492957746478872
060104,2020,CAJAMARCA,CAJAMARCA,COSPAN,59,14,45,0.23728813559322035
060104,2021,CAJAMARCA,CAJAMARCA,COSPAN,188,66,122,0.35106382978723405
060104,2022,CAJAMARCA,CAJAMARCA,COSPAN,72,14,58,0.19444444444444445
060104,2023,CAJAMARCA,CAJAMARCA,COSPAN,267,43,224,0.16104868913857678
060104,2024,CAJAMARCA,CAJAMARCA,COSPAN,293,62,231,0.21160409556313994
060104,2025,CAJAMARCA,CAJAMARCA,COSPAN,270,51,219,0.18888888888888888
060104,2026,CAJAMARCA,CAJAMARCA,COSPAN,162,19,143,0.11728395061728394
060105,2020,CAJAMARCA,CAJAMARCA,ENCAÑADA,374,125,249,0.3342245989304813
060105,2021,CAJAMARCA,CAJAMARCA,ENCAÑADA,298,86,212,0.28859060402684567
060105,2022,CAJAMARCA,CAJAMARCA,ENCAÑADA,246,60,186,0.24390243902439024
060105,2023,CAJAMARCA,CAJAMARCA,ENCAÑADA,850,157,693,0.18470588235294116
060105,2024,CAJAMARCA,CAJAMARCA,ENCAÑADA,822,94,728,0.11435523114355231
060105,2025,CAJAMARCA,CAJAMARCA,ENCAÑADA,738,78,660,0.10569105691056911
060105,2026,CAJAMARCA,CAJAMARCA,ENCAÑADA,490,38,452,0.07755102040816327
060106,2020,CAJAMARCA,CAJAMARCA,JESUS,522,115,407,0.22030651340996169
060106,2021,CAJAMARCA,CAJAMARCA,JESUS,286,75,211,0.26223776223776224
060106,2022,CAJAMARCA,CAJAMARCA,JESUS,304,108,196,0.35526315789473684
060106,2023,CAJAMARCA,CAJAMARCA,JESUS,799,158,641,0.19774718397997496
060106,2024,CAJAMARCA,CAJAMARCA,JESUS,830,147,683,0.17710843373493976
060106,2025,CAJAMARCA,CAJAMARCA,JESUS,655,97,558,0.1480916030534351
060106,2026,CAJAMARCA,CAJAMARCA,JESUS,409,63,346,0.15403422982885084
060107,2020,CAJAMARCA,CAJAMARCA,LLACANORA,85,33,52,0.38823529411764707
060107,2021,CAJAMARCA,CAJAMARCA,LLACANORA,52,11,41,0.21153846153846154
060107,2022,CAJAMARCA,CAJAMARCA,LLACANORA,74,23,51,0.3108108108108108
060107,2023,CAJAMARCA,CAJAMARCA,LLACANORA,323,37,286,0.11455108359133127
060107,2024,CAJAMARCA,CAJAMARCA,LLACANORA,195,39,156,0.2
060107,2025,CAJAMARCA,CAJAMARCA,LLACANORA,257,21,236,0.08171206225680934
060107,2026,CAJAMARCA,CAJAMARCA,LLACANORA,164,9,155,0.054878048780487805
060108,2020,CAJAMARCA,CAJAMARCA,LOS BAÑOS DEL INCA,847,319,528,0.37662337662337664
060108,2021,CAJAMARCA,CAJAMARCA,LOS BAÑOS DEL INCA,697,160,537,0.22955523672883787
060108,2022,CAJAMARCA,CAJAMARCA,LOS BAÑOS DEL INCA,678,228,450,0.336283185840708
060108,2023,CAJAMARCA,CAJAMARCA,LOS BAÑOS DEL INCA,2011,342,1669,0.17006464445549477
060108,2024,CAJAMARCA,CAJAMARCA,LOS BAÑOS DEL INCA,1955,292,1663,0.1493606138107417
060108,2025,CAJAMARCA,CAJAMARCA,LOS BAÑOS DEL INCA,1792,159,1633,0.08872767857142858
060108,2026,CAJAMARCA,CAJAMARCA,LOS BAÑOS DEL INCA,1129,100,1029,0.08857395925597875
060109,2020,CAJAMARCA,CAJAMARCA,MAGDALENA,167,36,131,0.2155688622754491
060109,2021,CAJAMARCA,CAJAMARCA,MAGDALENA,116,15,101,0.12931034482758622
060109,2022,CAJAMARCA,CAJAMARCA,MAGDALENA,95,19,76,0.2
060109,2023,CAJAMARCA,CAJAMARCA,MAGDALENA,341,53,288,0.15542521994134897
060109,2024,CAJAMARCA,CAJAMARCA,MAGDALENA,329,38,291,0.11550151975683891
060109,2025,CAJAMARCA,CAJAMARCA,MAGDALENA,318,27,291,0.08490566037735849
060109,2026,CAJAMARCA,CAJAMARCA,MAGDALENA,182,14,168,0.07692307692307693
060110,2020,CAJAMARCA,CAJAMARCA,MATARA,64,28,36,0.4375
060110,2021,CAJAMARCA,CAJAMARCA,MATARA,37,14,23,0.3783783783783784
060110,2022,CAJAMARCA,CAJAMARCA,MATARA,30,9,21,0.3
060110,2023,CAJAMARCA,CAJAMARCA,MATARA,111,8,103,0.07207207207207207
060110,2024,CAJAMARCA,CAJAMARCA,MATARA,112,21,91,0.1875
060110,2025,CAJAMARCA,CAJAMARCA,MATARA,86,18,68,0.20930232558139536
060110,2026,CAJAMARCA,CAJAMARCA,MATARA,40,8,32,0.2
060111,2020,CAJAMARCA,CAJAMARCA,NAMORA,285,84,201,0.29473684210526313
060111,2021,CAJAMARCA,CAJAMARCA,NAMORA,179,61,118,0.3407821229050279
060111,2022,CAJAMARCA,CAJAMARCA,NAMORA,157,47,110,0.29936305732484075
060111,2023,CAJAMARCA,CAJAMARCA,NAMORA,517,95,422,0.18375241779497098
060111,2024,CAJAMARCA,CAJAMARCA,NAMORA,490,79,411,0.16122448979591836
060111,2025,CAJAMARCA,CAJAMARCA,NAMORA,430,23,407,0.053488372093023255
060111,2026,CAJAMARCA,CAJAMARCA,NAMORA,309,17,292,0.05501618122977346
060112,2020,CAJAMARCA,CAJAMARCA,SAN JUAN,54,12,42,0.2222222222222222
060112,2021,CAJAMARCA,CAJAMARCA,SAN JUAN,44,9,35,0.20454545454545456
060112,2022,CAJAMARCA,CAJAMARCA,SAN JUAN,49,13,36,0.2653061224489796
060112,2023,CAJAMARCA,CAJAMARCA,SAN JUAN,162,25,137,0.15432098765432098
060112,2024,CAJAMARCA,CAJAMARCA,SAN JUAN,157,27,130,0.17197452229299362
060112,2025,CAJAMARCA,CAJAMARCA,SAN JUAN,149,23,126,0.15436241610738255
060112,2026,CAJAMARCA,CAJAMARCA,SAN JUAN,92,19,73,0.20652173913043478
060201,2020,CAJAMARCA,CAJABAMBA,CAJABAMBA,522,213,309,0.40804597701149425
060201,2021,CAJAMARCA,CAJABAMBA,CAJABAMBA,409,117,292,0.2860635696821516
060201,2022,CAJAMARCA,CAJABAMBA,CAJABAMBA,359,103,256,0.28690807799442897
060201,2023,CAJAMARCA,CAJABAMBA,CAJABAMBA,1389,215,1174,0.15478761699064075
060201,2024,CAJAMARCA,CAJABAMBA,CAJABAMBA,1447,235,1212,0.16240497581202487
060201,2025,CAJAMARCA,CAJABAMBA,CAJABAMBA,1360,144,1216,0.10588235294117647
060201,2026,CAJAMARCA,CAJABAMBA,CAJABAMBA,895,66,829,0.07374301675977654
060202,2020,CAJAMARCA,CAJABAMBA,CACHACHI,312,184,128,0.5897435897435898
060202,2021,CAJAMARCA,CAJABAMBA,CACHACHI,440,272,168,0.6181818181818182
060202,2022,CAJAMARCA,CAJABAMBA,CACHACHI,431,255,176,0.5916473317865429
060202,2023,CAJAMARCA,CAJABAMBA,CACHACHI,1393,598,795,0.42928930366116297
060202,2024,CAJAMARCA,CAJABAMBA,CACHACHI,1414,524,890,0.37057991513437055
060202,2025,CAJAMARCA,CAJABAMBA,CACHACHI,1303,452,851,0.3468917881811205
060202,2026,CAJAMARCA,CAJABAMBA,CACHACHI,809,254,555,0.31396786155747836
060203,2020,CAJAMARCA,CAJABAMBA,CONDEBAMBA,262,130,132,0.4961832061068702
060203,2021,CAJAMARCA,CAJABAMBA,CONDEBAMBA,228,112,116,0.49122807017543857
060203,2022,CAJAMARCA,CAJABAMBA,CONDEBAMBA,238,103,135,0.4327731092436975
060203,2023,CAJAMARCA,CAJABAMBA,CONDEBAMBA,725,242,483,0.33379310344827584
060203,2024,CAJAMARCA,CAJABAMBA,CONDEBAMBA,671,198,473,0.29508196721311475
060203,2025,CAJAMARCA,CAJABAMBA,CONDEBAMBA,579,182,397,0.3143350604490501
060203,2026,CAJAMARCA,CAJABAMBA,CONDEBAMBA,406,101,305,0.24876847290640394
060204,2020,CAJAMARCA,CAJABAMBA,SITACOCHA,112,60,52,0.5357142857142857
060204,2021,CAJAMARCA,CAJABAMBA,SITACOCHA,124,64,60,0.5161290322580645
060204,2022,CAJAMARCA,CAJABAMBA,SITACOCHA,121,53,68,0.4380165289256198
060204,2023,CAJAMARCA,CAJABAMBA,SITACOCHA,502,124,378,0.24701195219123506
060204,2024,CAJAMARCA,CAJABAMBA,SITACOCHA,463,108,355,0.23326133909287258
060204,2025,CAJAMARCA,CAJABAMBA,SITACOCHA,418,152,266,0.36363636363636365
060204,2026,CAJAMARCA,CAJABAMBA,SITACOCHA,249,86,163,0.3453815261044177
060301,2020,CAJAMARCA,CELENDIN,CELENDIN,316,130,186,0.41139240506329117
060301,2021,CAJAMARCA,CELENDIN,CELENDIN,261,89,172,0.34099616858237547
060301,2022,CAJAMARCA,CELENDIN,CELENDIN,249,101,148,0.40562248995983935
060301,2023,CAJAMARCA,CELENDIN,CELENDIN,909,210,699,0.23102310231023102
060301,2024,CAJAMARCA,CELENDIN,CELENDIN,840,243,597,0.2892857142857143
060301,2025,CAJAMARCA,CELENDIN,CELENDIN,812,180,632,0.22167487684729065
060301,2026,CAJAMARCA,CELENDIN,CELENDIN,508,118,390,0.23228346456692914
060302,2020,CAJAMARCA,CELENDIN,CHUMUCH,25,14,11,0.56
060302,2021,CAJAMARCA,CELENDIN,CHUMUCH,30,14,16,0.4666666666666667
060302,2022,CAJAMARCA,CELENDIN,CHUMUCH,28,8,20,0.2857142857142857
060302,2023,CAJAMARCA,CELENDIN,CHUMUCH,96,27,69,0.28125
060302,2024,CAJAMARCA,CELENDIN,CHUMUCH,95,13,82,0.1368421052631579
060302,2025,CAJAMARCA,CELENDIN,CHUMUCH,89,8,81,0.0898876404494382
060302,2026,CAJAMARCA,CELENDIN,CHUMUCH,64,4,60,0.0625
060303,2020,CAJAMARCA,CELENDIN,CORTEGANA,77,22,55,0.2857142857142857
060303,2021,CAJAMARCA,CELENDIN,CORTEGANA,100,41,59,0.41
060303,2022,CAJAMARCA,CELENDIN,CORTEGANA,96,24,72,0.25
060303,2023,CAJAMARCA,CELENDIN,CORTEGANA,276,56,220,0.2028985507246377
060303,2024,CAJAMARCA,CELENDIN,CORTEGANA,305,59,246,0.19344262295081968
060303,2025,CAJAMARCA,CELENDIN,CORTEGANA,269,19,250,0.07063197026022305
060303,2026,CAJAMARCA,CELENDIN,CORTEGANA,146,10,136,0.0684931506849315
060304,2020,CAJAMARCA,CELENDIN,HUASMIN,86,4,82,0.046511627906976744
060304,2021,CAJAMARCA,CELENDIN,HUASMIN,128,9,119,0.0703125
060304,2022,CAJAMARCA,CELENDIN,HUASMIN,92,17,75,0.18478260869565216
060304,2023,CAJAMARCA,CELENDIN,HUASMIN,406,58,348,0.14285714285714285
060304,2024,CAJAMARCA,CELENDIN,HUASMIN,412,62,350,0.15048543689320387
060304,2025,CAJAMARCA,CELENDIN,HUASMIN,379,20,359,0.052770448548812667
060304,2026,CAJAMARCA,CELENDIN,HUASMIN,235,8,227,0.03404255319148936
060305,2020,CAJAMARCA,CELENDIN,JORGE CHAVEZ,5,0,5,0.0
060305,2021,CAJAMARCA,CELENDIN,JORGE CHAVEZ,2,0,2,0.0
060305,2022,CAJAMARCA,CELENDIN,JORGE CHAVEZ,2,1,1,0.5
060305,2023,CAJAMARCA,CELENDIN,JORGE CHAVEZ,9,1,8,0.1111111111111111
060305,2024,CAJAMARCA,CELENDIN,JORGE CHAVEZ,7,1,6,0.14285714285714285
060305,2025,CAJAMARCA,CELENDIN,JORGE CHAVEZ,6,0,6,0.0
060305,2026,CAJAMARCA,CELENDIN,JORGE CHAVEZ,6,0,6,0.0
060306,2020,CAJAMARCA,CELENDIN,JOSE GALVEZ,29,4,25,0.13793103448275862
060306,2021,CAJAMARCA,CELENDIN,JOSE GALVEZ,37,6,31,0.16216216216216217
060306,2022,CAJAMARCA,CELENDIN,JOSE GALVEZ,38,10,28,0.2631578947368421
060306,2023,CAJAMARCA,CELENDIN,JOSE GALVEZ,106,22,84,0.20754716981132076
060306,2024,CAJAMARCA,CELENDIN,JOSE GALVEZ,118,16,102,0.13559322033898305
060306,2025,CAJAMARCA,CELENDIN,JOSE GALVEZ,88,4,84,0.045454545454545456
060306,2026,CAJAMARCA,CELENDIN,JOSE GALVEZ,56,3,53,0.05357142857142857
060307,2020,CAJAMARCA,CELENDIN,MIGUEL IGLESIAS,34,12,22,0.35294117647058826
060307,2021,CAJAMARCA,CELENDIN,MIGUEL IGLESIAS,69,20,49,0.2898550724637681
060307,2022,CAJAMARCA,CELENDIN,MIGUEL IGLESIAS,46,12,34,0.2608695652173913
060307,2023,CAJAMARCA,CELENDIN,MIGUEL IGLESIAS,155,35,120,0.22580645161290322
060307,2024,CAJAMARCA,CELENDIN,MIGUEL IGLESIAS,148,27,121,0.18243243243243243
060307,2025,CAJAMARCA,CELENDIN,MIGUEL IGLESIAS,152,29,123,0.19078947368421054
060307,2026,CAJAMARCA,CELENDIN,MIGUEL IGLESIAS,95,9,86,0.09473684210526316
060308,2020,CAJAMARCA,CELENDIN,OXAMARCA,79,10,69,0.12658227848101267
060308,2021,CAJAMARCA,CELENDIN,OXAMARCA,77,21,56,0.2727272727272727
060308,2022,CAJAMARCA,CELENDIN,OXAMARCA,87,27,60,0.3103448275862069
060308,2023,CAJAMARCA,CELENDIN,OXAMARCA,277,44,233,0.1588447653429603
060308,2024,CAJAMARCA,CELENDIN,OXAMARCA,254,30,224,0.11811023622047244
060308,2025,CAJAMARCA,CELENDIN,OXAMARCA,216,25,191,0.11574074074074074
060308,2026,CAJAMARCA,CELENDIN,OXAMARCA,138,12,126,0.08695652173913043
060309,2020,CAJAMARCA,CELENDIN,SOROCHUCO,71,6,65,0.08450704225352113
060309,2021,CAJAMARCA,CELENDIN,SOROCHUCO,60,9,51,0.15
060309,2022,CAJAMARCA,CELENDIN,SOROCHUCO,47,1,46,0.02127659574468085
060309,2023,CAJAMARCA,CELENDIN,SOROCHUCO,247,20,227,0.08097165991902834
060309,2024,CAJAMARCA,CELENDIN,SOROCHUCO,248,20,228,0.08064516129032258
060309,2025,CAJAMARCA,CELENDIN,SOROCHUCO,229,6,223,0.026200873362445413
060309,2026,CAJAMARCA,CELENDIN,SOROCHUCO,152,6,146,0.039473684210526314
060310,2020,CAJAMARCA,CELENDIN,SUCRE,102,14,88,0.13725490196078433
060310,2021,CAJAMARCA,CELENDIN,SUCRE,112,17,95,0.15178571428571427
060310,2022,CAJAMARCA,CELENDIN,SUCRE,97,27,70,0.27835051546391754
060310,2023,CAJAMARCA,CELENDIN,SUCRE,209,36,173,0.1722488038277512
060310,2024,CAJAMARCA,CELENDIN,SUCRE,219,28,191,0.1278538812785388
060310,2025,CAJAMARCA,CELENDIN,SUCRE,168,8,160,0.047619047619047616
060310,2026,CAJAMARCA,CELENDIN,SUCRE,100,3,97,0.03
060311,2020,CAJAMARCA,CELENDIN,UTCO,5,2,3,0.4
060311,2021,CAJAMARCA,CELENDIN,UTCO,12,5,7,0.4166666666666667
060311,2022,CAJAMARCA,CELENDIN,UTCO,10,1,9,0.1
060311,2023,CAJAMARCA,CELENDIN,UTCO,35,8,27,0.22857142857142856
060311,2024,CAJAMARCA,CELENDIN,UTCO,29,0,29,0.0
060311,2025,CAJAMARCA,CELENDIN,UTCO,27,6,21,0.2222222222222222
060311,2026,CAJAMARCA,CELENDIN,UTCO,20,0,20,0.0
060312,2020,CAJAMARCA,CELENDIN,LA LIBERTAD DE PALLAN,75,23,52,0.30666666666666664
060312,2021,CAJAMARCA,CELENDIN,LA LIBERTAD DE PALLAN,73,16,57,0.2191780821917808
060312,2022,CAJAMARCA,CELENDIN,LA LIBERTAD DE PALLAN,39,10,29,0.2564102564102564
060312,2023,CAJAMARCA,CELENDIN,LA LIBERTAD DE PALLAN,225,26,199,0.11555555555555555
060312,2024,CAJAMARCA,CELENDIN,LA LIBERTAD DE PALLAN,232,16,216,0.06896551724137931
060312,2025,CAJAMARCA,CELENDIN,LA LIBERTAD DE PALLAN,196,5,191,0.025510204081632654
060312,2026,CAJAMARCA,CELENDIN,LA LIBERTAD DE PALLAN,133,3,130,0.022556390977443608
060401,2020,CAJAMARCA,CHOTA,CHOTA,616,143,473,0.23214285714285715
060401,2021,CAJAMARCA,CHOTA,CHOTA,414,76,338,0.18357487922705315
060401,2022,CAJAMARCA,CHOTA,CHOTA,385,96,289,0.24935064935064935
060401,2023,CAJAMARCA,CHOTA,CHOTA,1710,221,1489,0.12923976608187135
060401,2024,CAJAMARCA,CHOTA,CHOTA,1677,321,1356,0.19141323792486584
060401,2025,CAJAMARCA,CHOTA,CHOTA,1610,291,1319,0.18074534161490682
060401,2026,CAJAMARCA,CHOTA,CHOTA,1101,225,876,0.20435967302452315
060402,2020,CAJAMARCA,CHOTA,ANGUIA,32,9,23,0.28125
060402,2021,CAJAMARCA,CHOTA,ANGUIA,33,10,23,0.30303030303030304
060402,2022,CAJAMARCA,CHOTA,ANGUIA,27,3,24,0.1111111111111111
060402,2023,CAJAMARCA,CHOTA,ANGUIA,109,15,94,0.13761467889908258
060402,2024,CAJAMARCA,CHOTA,ANGUIA,103,15,88,0.14563106796116504
060402,2025,CAJAMARCA,CHOTA,ANGUIA,96,24,72,0.25
060402,2026,CAJAMARCA,CHOTA,ANGUIA,74,17,57,0.22972972972972974
060403,2020,CAJAMARCA,CHOTA,CHADIN,36,33,3,0.9166666666666666
060403,2021,CAJAMARCA,CHOTA,CHADIN,40,34,6,0.85
060403,2022,CAJAMARCA,CHOTA,CHADIN,45,36,9,0.8
060403,2023,CAJAMARCA,CHOTA,CHADIN,110,69,41,0.6272727272727273
060403,2024,CAJAMARCA,CHOTA,CHADIN,102,36,66,0.35294117647058826
060403,2025,CAJAMARCA,CHOTA,CHADIN,95,8,87,0.08421052631578947
060403,2026,CAJAMARCA,CHOTA,CHADIN,73,7,66,0.0958904109589041
060404,2020,CAJAMARCA,CHOTA,CHIGUIRIP,39,0,39,0.0
060404,2021,CAJAMARCA,CHOTA,CHIGUIRIP,24,0,24,0.0
060404,2022,CAJAMARCA,CHOTA,CHIGUIRIP,25,0,25,0.0
060404,2023,CAJAMARCA,CHOTA,CHIGUIRIP,118,0,118,0.0
060404,2024,CAJAMARCA,CHOTA,CHIGUIRIP,101,6,95,0.0594059405940594
060404,2025,CAJAMARCA,CHOTA,CHIGUIRIP,88,1,87,0.011363636363636364
060404,2026,CAJAMARCA,CHOTA,CHIGUIRIP,54,2,52,0.037037037037037035
060405,2020,CAJAMARCA,CHOTA,CHIMBAN,23,0,23,0.0
060405,2021,CAJAMARCA,CHOTA,CHIMBAN,16,2,14,0.125
060405,2022,CAJAMARCA,CHOTA,CHIMBAN,16,0,16,0.0
060405,2023,CAJAMARCA,CHOTA,CHIMBAN,78,3,75,0.038461538461538464
060405,2024,CAJAMARCA,CHOTA,CHIMBAN,72,6,66,0.08333333333333333
060405,2025,CAJAMARCA,CHOTA,CHIMBAN,68,6,62,0.08823529411764706
060405,2026,CAJAMARCA,CHOTA,CHIMBAN,47,6,41,0.1276595744680851
060406,2020,CAJAMARCA,CHOTA,CHOROPAMPA,41,4,37,0.0975609756097561
060406,2021,CAJAMARCA,CHOTA,CHOROPAMPA,27,1,26,0.037037037037037035
060406,2022,CAJAMARCA,CHOTA,CHOROPAMPA,23,0,23,0.0
060406,2023,CAJAMARCA,CHOTA,CHOROPAMPA,80,7,73,0.0875
060406,2024,CAJAMARCA,CHOTA,CHOROPAMPA,79,3,76,0.0379746835443038
060406,2025,CAJAMARCA,CHOTA,CHOROPAMPA,54,5,49,0.09259259259259259
060406,2026,CAJAMARCA,CHOTA,CHOROPAMPA,31,4,27,0.12903225806451613
060407,2020,CAJAMARCA,CHOTA,COCHABAMBA,43,8,35,0.18604651162790697
060407,2021,CAJAMARCA,CHOTA,COCHABAMBA,27,7,20,0.25925925925925924
060407,2022,CAJAMARCA,CHOTA,COCHABAMBA,31,3,28,0.0967741935483871
060407,2023,CAJAMARCA,CHOTA,COCHABAMBA,149,8,141,0.053691275167785234
060407,2024,CAJAMARCA,CHOTA,COCHABAMBA,146,25,121,0.17123287671232876
060407,2025,CAJAMARCA,CHOTA,COCHABAMBA,120,12,108,0.1
060407,2026,CAJAMARCA,CHOTA,COCHABAMBA,88,8,80,0.09090909090909091
060408,2020,CAJAMARCA,CHOTA,CONCHAN,65,6,59,0.09230769230769231
060408,2021,CAJAMARCA,CHOTA,CONCHAN,48,13,35,0.2708333333333333
060408,2022,CAJAMARCA,CHOTA,CONCHAN,31,4,27,0.12903225806451613
060408,2023,CAJAMARCA,CHOTA,CONCHAN,179,17,162,0.09497206703910614
060408,2024,CAJAMARCA,CHOTA,CONCHAN,171,18,153,0.10526315789473684
060408,2025,CAJAMARCA,CHOTA,CONCHAN,156,6,150,0.038461538461538464
060408,2026,CAJAMARCA,CHOTA,CONCHAN,101,3,98,0.0297029702970297
060409,2020,CAJAMARCA,CHOTA,HUAMBOS,100,40,60,0.4
060409,2021,CAJAMARCA,CHOTA,HUAMBOS,60,21,39,0.35
060409,2022,CAJAMARCA,CHOTA,HUAMBOS,53,15,38,0.2830188679245283
060409,2023,CAJAMARCA,CHOTA,HUAMBOS,240,69,171,0.2875
060409,2024,CAJAMARCA,CHOTA,HUAMBOS,247,55,192,0.22267206477732793
060409,2025,CAJAMARCA,CHOTA,HUAMBOS,199,26,173,0.1306532663316583
060409,2026,CAJAMARCA,CHOTA,HUAMBOS,140,27,113,0.19285714285714287
060410,2020,CAJAMARCA,CHOTA,LAJAS,119,44,75,0.3697478991596639
060410,2021,CAJAMARCA,CHOTA,LAJAS,129,36,93,0.27906976744186046
060410,2022,CAJAMARCA,CHOTA,LAJAS,128,7,121,0.0546875
060410,2023,CAJAMARCA,CHOTA,LAJAS,367,8,359,0.021798365122615803
060410,2024,CAJAMARCA,CHOTA,LAJAS,308,19,289,0.06168831168831169
060410,2025,CAJAMARCA,CHOTA,LAJAS,277,9,268,0.032490974729241874
060410,2026,CAJAMARCA,CHOTA,LAJAS,203,7,196,0.034482758620689655
060411,2020,CAJAMARCA,CHOTA,LLAMA,73,39,34,0.5342465753424658
060411,2021,CAJAMARCA,CHOTA,LLAMA,67,44,23,0.6567164179104478
060411,2022,CAJAMARCA,CHOTA,LLAMA,58,34,24,0.5862068965517241
060411,2023,CAJAMARCA,CHOTA,LLAMA,236,94,142,0.3983050847457627
060411,2024,CAJAMARCA,CHOTA,LLAMA,228,123,105,0.5394736842105263
060411,2025,CAJAMARCA,CHOTA,LLAMA,191,112,79,0.5863874345549738
060411,2026,CAJAMARCA,CHOTA,LLAMA,123,72,51,0.5853658536585366
060412,2020,CAJAMARCA,CHOTA,MIRACOSTA,31,22,9,0.7096774193548387
060412,2021,CAJAMARCA,CHOTA,MIRACOSTA,27,18,9,0.6666666666666666
060412,2022,CAJAMARCA,CHOTA,MIRACOSTA,37,24,13,0.6486486486486487
060412,2023,CAJAMARCA,CHOTA,MIRACOSTA,120,75,45,0.625
060412,2024,CAJAMARCA,CHOTA,MIRACOSTA,87,46,41,0.5287356321839081
060412,2025,CAJAMARCA,CHOTA,MIRACOSTA,71,30,41,0.4225352112676056
060412,2026,CAJAMARCA,CHOTA,MIRACOSTA,48,20,28,0.4166666666666667
060413,2020,CAJAMARCA,CHOTA,PACCHA,53,13,40,0.24528301886792453
060413,2021,CAJAMARCA,CHOTA,PACCHA,42,7,35,0.16666666666666666
060413,2022,CAJAMARCA,CHOTA,PACCHA,55,7,48,0.12727272727272726
060413,2023,CAJAMARCA,CHOTA,PACCHA,191,14,177,0.07329842931937172
060413,2024,CAJAMARCA,CHOTA,PACCHA,178,28,150,0.15730337078651685
060413,2025,CAJAMARCA,CHOTA,PACCHA,155,13,142,0.08387096774193549
060413,2026,CAJAMARCA,CHOTA,PACCHA,109,3,106,0.027522935779816515
060414,2020,CAJAMARCA,CHOTA,PION,21,9,12,0.42857142857142855
060414,2021,CAJAMARCA,CHOTA,PION,11,3,8,0.2727272727272727
060414,2022,CAJAMARCA,CHOTA,PION,18,1,17,0.05555555555555555
060414,2023,CAJAMARCA,CHOTA,PION,41,6,35,0.14634146341463414
060414,2024,CAJAMARCA,CHOTA,PION,38,15,23,0.39473684210526316
060414,2025,CAJAMARCA,CHOTA,PION,44,11,33,0.25
060414,2026,CAJAMARCA,CHOTA,PION,34,7,27,0.20588235294117646
060415,2020,CAJAMARCA,CHOTA,QUEROCOTO,151,51,100,0.33774834437086093
060415,2021,CAJAMARCA,CHOTA,QUEROCOTO,103,53,50,0.5145631067961165
060415,2022,CAJAMARCA,CHOTA,QUEROCOTO,89,41,48,0.4606741573033708
060415,2023,CAJAMARCA,CHOTA,QUEROCOTO,280,64,216,0.22857142857142856
060415,2024,CAJAMARCA,CHOTA,QUEROCOTO,268,53,215,0.19776119402985073
060415,2025,CAJAMARCA,CHOTA,QUEROCOTO,234,37,197,0.1581196581196581
060415,2026,CAJAMARCA,CHOTA,QUEROCOTO,156,21,135,0.1346153846153846
060416,2020,CAJAMARCA,CHOTA,SAN JUAN DE LICUPIS,10,7,3,0.7
060416,2021,CAJAMARCA,CHOTA,SAN JUAN DE LICUPIS,4,4,0,1.0
060416,2022,CAJAMARCA,CHOTA,SAN JUAN DE LICUPIS,5,4,1,0.8
060416,2023,CAJAMARCA,CHOTA,SAN JUAN DE LICUPIS,25,16,9,0.64
060416,2024,CAJAMARCA,CHOTA,SAN JUAN DE LICUPIS,20,10,10,0.5
060416,2025,CAJAMARCA,CHOTA,SAN JUAN DE LICUPIS,19,10,9,0.5263157894736842
060416,2026,CAJAMARCA,CHOTA,SAN JUAN DE LICUPIS,14,8,6,0.5714285714285714
060417,2020,CAJAMARCA,CHOTA,TACABAMBA,195,29,166,0.14871794871794872
060417,2021,CAJAMARCA,CHOTA,TACABAMBA,155,39,116,0.25161290322580643
060417,2022,CAJAMARCA,CHOTA,TACABAMBA,154,20,134,0.12987012987012986
060417,2023,CAJAMARCA,CHOTA,TACABAMBA,504,48,456,0.09523809523809523
060417,2024,CAJAMARCA,CHOTA,TACABAMBA,456,53,403,0.1162280701754386
060417,2025,CAJAMARCA,CHOTA,TACABAMBA,373,16,357,0.04289544235924933
060417,2026,CAJAMARCA,CHOTA,TACABAMBA,276,7,269,0.025362318840579712
060418,2020,CAJAMARCA,CHOTA,TOCMOCHE,11,4,7,0.36363636363636365
060418,2021,CAJAMARCA,CHOTA,TOCMOCHE,7,3,4,0.42857142857142855
060418,2022,CAJAMARCA,CHOTA,TOCMOCHE,1,0,1,0.0
060418,2023,CAJAMARCA,CHOTA,TOCMOCHE,12,1,11,0.08333333333333333
060418,2024,CAJAMARCA,CHOTA,TOCMOCHE,11,2,9,0.18181818181818182
060418,2025,CAJAMARCA,CHOTA,TOCMOCHE,12,2,10,0.16666666666666666
060418,2026,CAJAMARCA,CHOTA,TOCMOCHE,13,1,12,0.07692307692307693
060419,2020,CAJAMARCA,CHOTA,CHALAMARCA,141,55,86,0.3900709219858156
060419,2021,CAJAMARCA,CHOTA,CHALAMARCA,111,19,92,0.17117117117117117
060419,2022,CAJAMARCA,CHOTA,CHALAMARCA,120,27,93,0.225
060419,2023,CAJAMARCA,CHOTA,CHALAMARCA,340,36,304,0.10588235294117647
060419,2024,CAJAMARCA,CHOTA,CHALAMARCA,289,31,258,0.10726643598615918
060419,2025,CAJAMARCA,CHOTA,CHALAMARCA,278,32,246,0.11510791366906475
060419,2026,CAJAMARCA,CHOTA,CHALAMARCA,202,18,184,0.0891089108910891
060501,2020,CAJAMARCA,CONTUMAZA,CONTUMAZA,105,45,60,0.42857142857142855
060501,2021,CAJAMARCA,CONTUMAZA,CONTUMAZA,93,40,53,0.43010752688172044
060501,2022,CAJAMARCA,CONTUMAZA,CONTUMAZA,88,42,46,0.4772727272727273
060501,2023,CAJAMARCA,CONTUMAZA,CONTUMAZA,234,57,177,0.24358974358974358
060501,2024,CAJAMARCA,CONTUMAZA,CONTUMAZA,214,63,151,0.29439252336448596
060501,2025,CAJAMARCA,CONTUMAZA,CONTUMAZA,180,50,130,0.2777777777777778
060501,2026,CAJAMARCA,CONTUMAZA,CONTUMAZA,135,22,113,0.16296296296296298
060502,2020,CAJAMARCA,CONTUMAZA,CHILETE,62,13,49,0.20967741935483872
060502,2021,CAJAMARCA,CONTUMAZA,CHILETE,55,5,50,0.09090909090909091
060502,2022,CAJAMARCA,CONTUMAZA,CHILETE,38,7,31,0.18421052631578946
060502,2023,CAJAMARCA,CONTUMAZA,CHILETE,150,23,127,0.15333333333333332
060502,2024,CAJAMARCA,CONTUMAZA,CHILETE,137,29,108,0.2116788321167883
060502,2025,CAJAMARCA,CONTUMAZA,CHILETE,124,34,90,0.27419354838709675
060502,2026,CAJAMARCA,CONTUMAZA,CHILETE,82,13,69,0.15853658536585366
060503,2020,CAJAMARCA,CONTUMAZA,CUPISNIQUE,10,0,10,0.0
060503,2021,CAJAMARCA,CONTUMAZA,CUPISNIQUE,16,1,15,0.0625
060503,2022,CAJAMARCA,CONTUMAZA,CUPISNIQUE,12,0,12,0.0
060503,2023,CAJAMARCA,CONTUMAZA,CUPISNIQUE,60,7,53,0.11666666666666667
060503,2024,CAJAMARCA,CONTUMAZA,CUPISNIQUE,45,7,38,0.15555555555555556
060503,2025,CAJAMARCA,CONTUMAZA,CUPISNIQUE,43,11,32,0.2558139534883721
060503,2026,CAJAMARCA,CONTUMAZA,CUPISNIQUE,34,6,28,0.17647058823529413
060504,2020,CAJAMARCA,CONTUMAZA,GUZMANGO,23,5,18,0.21739130434782608
060504,2021,CAJAMARCA,CONTUMAZA,GUZMANGO,25,4,21,0.16
060504,2022,CAJAMARCA,CONTUMAZA,GUZMANGO,32,18,14,0.5625
060504,2023,CAJAMARCA,CONTUMAZA,GUZMANGO,92,18,74,0.1956521739130435
060504,2024,CAJAMARCA,CONTUMAZA,GUZMANGO,90,21,69,0.23333333333333334
060504,2025,CAJAMARCA,CONTUMAZA,GUZMANGO,89,9,80,0.10112359550561797
060504,2026,CAJAMARCA,CONTUMAZA,GUZMANGO,60,6,54,0.1
060505,2020,CAJAMARCA,CONTUMAZA,SAN BENITO,29,6,23,0.20689655172413793
060505,2021,CAJAMARCA,CONTUMAZA,SAN BENITO,47,2,45,0.0425531914893617
060505,2022,CAJAMARCA,CONTUMAZA,SAN BENITO,38,10,28,0.2631578947368421
060505,2023,CAJAMARCA,CONTUMAZA,SAN BENITO,111,27,84,0.24324324324324326
060505,2024,CAJAMARCA,CONTUMAZA,SAN BENITO,92,29,63,0.31521739130434784
060505,2025,CAJAMARCA,CONTUMAZA,SAN BENITO,95,17,78,0.17894736842105263
060505,2026,CAJAMARCA,CONTUMAZA,SAN BENITO,78,24,54,0.3076923076923077
060506,2020,CAJAMARCA,CONTUMAZA,SANTA CRUZ DE TOLED,9,0,9,0.0
060506,2021,CAJAMARCA,CONTUMAZA,SANTA CRUZ DE TOLED,4,0,4,0.0
060506,2022,CAJAMARCA,CONTUMAZA,SANTA CRUZ DE TOLED,6,2,4,0.3333333333333333
060506,2023,CAJAMARCA,CONTUMAZA,SANTA CRUZ DE TOLED,26,2,24,0.07692307692307693
060506,2024,CAJAMARCA,CONTUMAZA,SANTA CRUZ DE TOLED,24,0,24,0.0
060506,2025,CAJAMARCA,CONTUMAZA,SANTA CRUZ DE TOLED,25,0,25,0.0
060506,2026,CAJAMARCA,CONTUMAZA,SANTA CRUZ DE TOLED,17,0,17,0.0
060507,2020,CAJAMARCA,CONTUMAZA,TANTARICA,5,0,5,0.0
060507,2021,CAJAMARCA,CONTUMAZA,TANTARICA,2,0,2,0.0
060507,2022,CAJAMARCA,CONTUMAZA,TANTARICA,3,0,3,0.0
060507,2023,CAJAMARCA,CONTUMAZA,TANTARICA,22,1,21,0.045454545454545456
060507,2024,CAJAMARCA,CONTUMAZA,TANTARICA,18,0,18,0.0
060507,2025,CAJAMARCA,CONTUMAZA,TANTARICA,17,0,17,0.0
060507,2026,CAJAMARCA,CONTUMAZA,TANTARICA,8,0,8,0.0
060508,2020,CAJAMARCA,CONTUMAZA,YONAN,58,1,57,0.017241379310344827
060508,2021,CAJAMARCA,CONTUMAZA,YONAN,85,5,80,0.058823529411764705
060508,2022,CAJAMARCA,CONTUMAZA,YONAN,71,13,58,0.18309859154929578
060508,2023,CAJAMARCA,CONTUMAZA,YONAN,213,12,201,0.056338028169014086
060508,2024,CAJAMARCA,CONTUMAZA,YONAN,213,2,211,0.009389671361502348
060508,2025,CAJAMARCA,CONTUMAZA,YONAN,187,1,186,0.0053475935828877
060508,2026,CAJAMARCA,CONTUMAZA,YONAN,131,2,129,0.015267175572519083
060601,2020,CAJAMARCA,CUTERVO,CUTERVO,513,137,376,0.26705653021442494
060601,2021,CAJAMARCA,CUTERVO,CUTERVO,411,109,302,0.26520681265206814
060601,2022,CAJAMARCA,CUTERVO,CUTERVO,355,101,254,0.28450704225352114
060601,2023,CAJAMARCA,CUTERVO,CUTERVO,1824,634,1190,0.3475877192982456
060601,2024,CAJAMARCA,CUTERVO,CUTERVO,1845,261,1584,0.14146341463414633
060601,2025,CAJAMARCA,CUTERVO,CUTERVO,1598,117,1481,0.07321652065081352
060601,2026,CAJAMARCA,CUTERVO,CUTERVO,1118,96,1022,0.08586762075134168
060602,2020,CAJAMARCA,CUTERVO,CALLAYUC,103,20,83,0.1941747572815534
060602,2021,CAJAMARCA,CUTERVO,CALLAYUC,112,13,99,0.11607142857142858
060602,2022,CAJAMARCA,CUTERVO,CALLAYUC,100,14,86,0.14
060602,2023,CAJAMARCA,CUTERVO,CALLAYUC,400,27,373,0.0675
060602,2024,CAJAMARCA,CUTERVO,CALLAYUC,403,78,325,0.1935483870967742
060602,2025,CAJAMARCA,CUTERVO,CALLAYUC,361,39,322,0.10803324099722991
060602,2026,CAJAMARCA,CUTERVO,CALLAYUC,260,35,225,0.1346153846153846
060603,2020,CAJAMARCA,CUTERVO,CHOROS,29,0,29,0.0
060603,2021,CAJAMARCA,CUTERVO,CHOROS,27,1,26,0.037037037037037035
060603,2022,CAJAMARCA,CUTERVO,CHOROS,24,1,23,0.041666666666666664
060603,2023,CAJAMARCA,CUTERVO,CHOROS,81,6,75,0.07407407407407407
060603,2024,CAJAMARCA,CUTERVO,CHOROS,76,1,75,0.013157894736842105
060603,2025,CAJAMARCA,CUTERVO,CHOROS,77,1,76,0.012987012987012988
060603,2026,CAJAMARCA,CUTERVO,CHOROS,59,3,56,0.05084745762711865
060604,2020,CAJAMARCA,CUTERVO,CUJILLO,19,3,16,0.15789473684210525
060604,2021,CAJAMARCA,CUTERVO,CUJILLO,17,3,14,0.17647058823529413
060604,2022,CAJAMARCA,CUTERVO,CUJILLO,20,6,14,0.3
060604,2023,CAJAMARCA,CUTERVO,CUJILLO,94,14,80,0.14893617021276595
060604,2024,CAJAMARCA,CUTERVO,CUJILLO,83,8,75,0.0963855421686747
060604,2025,CAJAMARCA,CUTERVO,CUJILLO,71,11,60,0.15492957746478872
060604,2026,CAJAMARCA,CUTERVO,CUJILLO,49,5,44,0.10204081632653061
060605,2020,CAJAMARCA,CUTERVO,LA RAMADA,40,1,39,0.025
060605,2021,CAJAMARCA,CUTERVO,LA RAMADA,34,0,34,0.0
060605,2022,CAJAMARCA,CUTERVO,LA RAMADA,23,0,23,0.0
060605,2023,CAJAMARCA,CUTERVO,LA RAMADA,121,0,121,0.0
060605,2024,CAJAMARCA,CUTERVO,LA RAMADA,144,7,137,0.04861111111111111
060605,2025,CAJAMARCA,CUTERVO,LA RAMADA,121,2,119,0.01652892561983471
060605,2026,CAJAMARCA,CUTERVO,LA RAMADA,85,1,84,0.011764705882352941
060606,2020,CAJAMARCA,CUTERVO,PIMPINGOS,57,5,52,0.08771929824561403
060606,2021,CAJAMARCA,CUTERVO,PIMPINGOS,52,4,48,0.07692307692307693
060606,2022,CAJAMARCA,CUTERVO,PIMPINGOS,34,4,30,0.11764705882352941
060606,2023,CAJAMARCA,CUTERVO,PIMPINGOS,188,10,178,0.05319148936170213
060606,2024,CAJAMARCA,CUTERVO,PIMPINGOS,174,6,168,0.034482758620689655
060606,2025,CAJAMARCA,CUTERVO,PIMPINGOS,163,36,127,0.22085889570552147
060606,2026,CAJAMARCA,CUTERVO,PIMPINGOS,109,35,74,0.3211009174311927
060607,2020,CAJAMARCA,CUTERVO,QUEROCOTILLO,108,20,88,0.18518518518518517
060607,2021,CAJAMARCA,CUTERVO,QUEROCOTILLO,99,10,89,0.10101010101010101
060607,2022,CAJAMARCA,CUTERVO,QUEROCOTILLO,121,14,107,0.11570247933884298
060607,2023,CAJAMARCA,CUTERVO,QUEROCOTILLO,513,31,482,0.06042884990253411
060607,2024,CAJAMARCA,CUTERVO,QUEROCOTILLO,479,52,427,0.10855949895615867
060607,2025,CAJAMARCA,CUTERVO,QUEROCOTILLO,409,49,360,0.1198044009779951
060607,2026,CAJAMARCA,CUTERVO,QUEROCOTILLO,293,26,267,0.08873720136518772
060608,2020,CAJAMARCA,CUTERVO,SAN ANDRES DE CUTERVO,54,27,27,0.5
060608,2021,CAJAMARCA,CUTERVO,SAN ANDRES DE CUTERVO,55,19,36,0.34545454545454546
060608,2022,CAJAMARCA,CUTERVO,SAN ANDRES DE CUTERVO,61,35,26,0.5737704918032787
060608,2023,CAJAMARCA,CUTERVO,SAN ANDRES DE CUTERVO,149,44,105,0.2953020134228188
060608,2024,CAJAMARCA,CUTERVO,SAN ANDRES DE CUTERVO,148,13,135,0.08783783783783784
060608,2025,CAJAMARCA,CUTERVO,SAN ANDRES DE CUTERVO,133,4,129,0.03007518796992481
060608,2026,CAJAMARCA,CUTERVO,SAN ANDRES DE CUTERVO,98,10,88,0.10204081632653061
060609,2020,CAJAMARCA,CUTERVO,SAN JUAN DE CUTERVO,29,8,21,0.27586206896551724
060609,2021,CAJAMARCA,CUTERVO,SAN JUAN DE CUTERVO,22,5,17,0.22727272727272727
060609,2022,CAJAMARCA,CUTERVO,SAN JUAN DE CUTERVO,28,4,24,0.14285714285714285
060609,2023,CAJAMARCA,CUTERVO,SAN JUAN DE CUTERVO,111,18,93,0.16216216216216217
060609,2024,CAJAMARCA,CUTERVO,SAN JUAN DE CUTERVO,115,11,104,0.09565217391304348
060609,2025,CAJAMARCA,CUTERVO,SAN JUAN DE CUTERVO,80,3,77,0.0375
060609,2026,CAJAMARCA,CUTERVO,SAN JUAN DE CUTERVO,52,0,52,0.0
060610,2020,CAJAMARCA,CUTERVO,SAN LUIS DE LUCMA,18,3,15,0.16666666666666666
060610,2021,CAJAMARCA,CUTERVO,SAN LUIS DE LUCMA,13,1,12,0.07692307692307693
060610,2022,CAJAMARCA,CUTERVO,SAN LUIS DE LUCMA,15,1,14,0.06666666666666667
060610,2023,CAJAMARCA,CUTERVO,SAN LUIS DE LUCMA,83,1,82,0.012048192771084338
060610,2024,CAJAMARCA,CUTERVO,SAN LUIS DE LUCMA,81,4,77,0.04938271604938271
060610,2025,CAJAMARCA,CUTERVO,SAN LUIS DE LUCMA,67,3,64,0.04477611940298507
060610,2026,CAJAMARCA,CUTERVO,SAN LUIS DE LUCMA,41,1,40,0.024390243902439025
060611,2020,CAJAMARCA,CUTERVO,SANTA CRUZ,26,9,17,0.34615384615384615
060611,2021,CAJAMARCA,CUTERVO,SANTA CRUZ,30,6,24,0.2
060611,2022,CAJAMARCA,CUTERVO,SANTA CRUZ,35,9,26,0.2571428571428571
060611,2023,CAJAMARCA,CUTERVO,SANTA CRUZ,97,29,68,0.29896907216494845
060611,2024,CAJAMARCA,CUTERVO,SANTA CRUZ,80,33,47,0.4125
060611,2025,CAJAMARCA,CUTERVO,SANTA CRUZ,81,2,79,0.024691358024691357
060611,2026,CAJAMARCA,CUTERVO,SANTA CRUZ,58,0,58,0.0
060612,2020,CAJAMARCA,CUTERVO,SANTO DOMINGO DE LA CAPILLA,58,10,48,0.1724137931034483
060612,2021,CAJAMARCA,CUTERVO,SANTO DOMINGO DE LA CAPILLA,39,5,34,0.1282051282051282
060612,2022,CAJAMARCA,CUTERVO,SANTO DOMINGO DE LA CAPILLA,48,10,38,0.20833333333333334
060612,2023,CAJAMARCA,CUTERVO,SANTO DOMINGO DE LA CAPILLA,178,19,159,0.10674157303370786
060612,2024,CAJAMARCA,CUTERVO,SANTO DOMINGO DE LA CAPILLA,188,69,119,0.3670212765957447
060612,2025,CAJAMARCA,CUTERVO,SANTO DOMINGO DE LA CAPILLA,151,13,138,0.08609271523178808
060612,2026,CAJAMARCA,CUTERVO,SANTO DOMINGO DE LA CAPILLA,112,9,103,0.08035714285714286
060613,2020,CAJAMARCA,CUTERVO,SANTO TOMAS,71,27,44,0.38028169014084506
060613,2021,CAJAMARCA,CUTERVO,SANTO TOMAS,69,17,52,0.2463768115942029
060613,2022,CAJAMARCA,CUTERVO,SANTO TOMAS,64,9,55,0.140625
060613,2023,CAJAMARCA,CUTERVO,SANTO TOMAS,255,32,223,0.12549019607843137
060613,2024,CAJAMARCA,CUTERVO,SANTO TOMAS,257,59,198,0.22957198443579765
060613,2025,CAJAMARCA,CUTERVO,SANTO TOMAS,245,48,197,0.19591836734693877
060613,2026,CAJAMARCA,CUTERVO,SANTO TOMAS,168,23,145,0.13690476190476192
060614,2020,CAJAMARCA,CUTERVO,SOCOTA,128,17,111,0.1328125
060614,2021,CAJAMARCA,CUTERVO,SOCOTA,73,7,66,0.0958904109589041
060614,2022,CAJAMARCA,CUTERVO,SOCOTA,82,6,76,0.07317073170731707
060614,2023,CAJAMARCA,CUTERVO,SOCOTA,370,13,357,0.03513513513513514
060614,2024,CAJAMARCA,CUTERVO,SOCOTA,346,37,309,0.1069364161849711
060614,2025,CAJAMARCA,CUTERVO,SOCOTA,261,13,248,0.04980842911877394
060614,2026,CAJAMARCA,CUTERVO,SOCOTA,181,9,172,0.049723756906077346
060615,2020,CAJAMARCA,CUTERVO,TORIBIO CASANOVA,12,0,12,0.0
060615,2021,CAJAMARCA,CUTERVO,TORIBIO CASANOVA,10,4,6,0.4
060615,2022,CAJAMARCA,CUTERVO,TORIBIO CASANOVA,13,4,9,0.3076923076923077
060615,2023,CAJAMARCA,CUTERVO,TORIBIO CASANOVA,39,5,34,0.1282051282051282
060615,2024,CAJAMARCA,CUTERVO,TORIBIO CASANOVA,37,5,32,0.13513513513513514
060615,2025,CAJAMARCA,CUTERVO,TORIBIO CASANOVA,37,5,32,0.13513513513513514
060615,2026,CAJAMARCA,CUTERVO,TORIBIO CASANOVA,24,1,23,0.041666666666666664
060701,2020,CAJAMARCA,HUALGAYOC,BAMBAMARCA,707,224,483,0.31683168316831684
060701,2021,CAJAMARCA,HUALGAYOC,BAMBAMARCA,545,105,440,0.1926605504587156
060701,2022,CAJAMARCA,HUALGAYOC,BAMBAMARCA,499,135,364,0.27054108216432865
060701,2023,CAJAMARCA,HUALGAYOC,BAMBAMARCA,2361,285,2076,0.1207115628970775
060701,2024,CAJAMARCA,HUALGAYOC,BAMBAMARCA,2253,311,1942,0.1380381713271194
060701,2025,CAJAMARCA,HUALGAYOC,BAMBAMARCA,2061,127,1934,0.061620572537603106
060701,2026,CAJAMARCA,HUALGAYOC,BAMBAMARCA,1511,74,1437,0.04897418927862343
060702,2020,CAJAMARCA,HUALGAYOC,CHUGUR,18,0,18,0.0
060702,2021,CAJAMARCA,HUALGAYOC,CHUGUR,29,13,16,0.4482758620689655
060702,2022,CAJAMARCA,HUALGAYOC,CHUGUR,19,7,12,0.3684210526315789
060702,2023,CAJAMARCA,HUALGAYOC,CHUGUR,100,20,80,0.2
060702,2024,CAJAMARCA,HUALGAYOC,CHUGUR,84,12,72,0.14285714285714285
060702,2025,CAJAMARCA,HUALGAYOC,CHUGUR,68,5,63,0.07352941176470588
060702,2026,CAJAMARCA,HUALGAYOC,CHUGUR,45,3,42,0.06666666666666667
060703,2020,CAJAMARCA,HUALGAYOC,HUALGAYOC,96,67,29,0.6979166666666666
060703,2021,CAJAMARCA,HUALGAYOC,HUALGAYOC,103,47,56,0.4563106796116505
060703,2022,CAJAMARCA,HUALGAYOC,HUALGAYOC,108,55,53,0.5092592592592593
060703,2023,CAJAMARCA,HUALGAYOC,HUALGAYOC,385,127,258,0.32987012987012987
060703,2024,CAJAMARCA,HUALGAYOC,HUALGAYOC,357,58,299,0.16246498599439776
060703,2025,CAJAMARCA,HUALGAYOC,HUALGAYOC,317,52,265,0.1640378548895899
060703,2026,CAJAMARCA,HUALGAYOC,HUALGAYOC,210,17,193,0.08095238095238096
060801,2020,CAJAMARCA,JAEN,JAEN,1962,568,1394,0.28950050968399593
060801,2021,CAJAMARCA,JAEN,JAEN,1483,488,995,0.32906271072151044
060801,2022,CAJAMARCA,JAEN,JAEN,1429,529,900,0.3701889433170049
060801,2023,CAJAMARCA,JAEN,JAEN,4120,875,3245,0.21237864077669902
060801,2024,CAJAMARCA,JAEN,JAEN,3675,795,2880,0.2163265306122449
060801,2025,CAJAMARCA,JAEN,JAEN,3502,546,2956,0.1559109080525414
060801,2026,CAJAMARCA,JAEN,JAEN,2351,302,2049,0.1284559761803488
060802,2020,CAJAMARCA,JAEN,BELLAVISTA,310,66,244,0.2129032258064516
060802,2021,CAJAMARCA,JAEN,BELLAVISTA,205,40,165,0.1951219512195122
060802,2022,CAJAMARCA,JAEN,BELLAVISTA,245,60,185,0.24489795918367346
060802,2023,CAJAMARCA,JAEN,BELLAVISTA,658,64,594,0.0972644376899696
060802,2024,CAJAMARCA,JAEN,BELLAVISTA,607,39,568,0.0642504118616145
060802,2025,CAJAMARCA,JAEN,BELLAVISTA,540,34,506,0.06296296296296296
060802,2026,CAJAMARCA,JAEN,BELLAVISTA,370,32,338,0.08648648648648649
060803,2020,CAJAMARCA,JAEN,CHONTALI,102,19,83,0.18627450980392157
060803,2021,CAJAMARCA,JAEN,CHONTALI,137,29,108,0.2116788321167883
060803,2022,CAJAMARCA,JAEN,CHONTALI,179,54,125,0.3016759776536313
060803,2023,CAJAMARCA,JAEN,CHONTALI,369,70,299,0.1897018970189702
060803,2024,CAJAMARCA,JAEN,CHONTALI,383,135,248,0.3524804177545692
060803,2025,CAJAMARCA,JAEN,CHONTALI,382,238,144,0.6230366492146597
060803,2026,CAJAMARCA,JAEN,CHONTALI,282,141,141,0.5
060804,2020,CAJAMARCA,JAEN,COLASAY,174,53,121,0.3045977011494253
060804,2021,CAJAMARCA,JAEN,COLASAY,136,39,97,0.2867647058823529
060804,2022,CAJAMARCA,JAEN,COLASAY,128,37,91,0.2890625
060804,2023,CAJAMARCA,JAEN,COLASAY,458,96,362,0.2096069868995633
060804,2024,CAJAMARCA,JAEN,COLASAY,409,137,272,0.33496332518337407
060804,2025,CAJAMARCA,JAEN,COLASAY,437,152,285,0.34782608695652173
060804,2026,CAJAMARCA,JAEN,COLASAY,306,94,212,0.30718954248366015
060805,2020,CAJAMARCA,JAEN,HUABAL,105,30,75,0.2857142857142857
060805,2021,CAJAMARCA,JAEN,HUABAL,112,29,83,0.25892857142857145
060805,2022,CAJAMARCA,JAEN,HUABAL,91,34,57,0.37362637362637363
060805,2023,CAJAMARCA,JAEN,HUABAL,329,65,264,0.19756838905775076
060805,2024,CAJAMARCA,JAEN,HUABAL,308,118,190,0.38311688311688313
060805,2025,CAJAMARCA,JAEN,HUABAL,350,34,316,0.09714285714285714
060805,2026,CAJAMARCA,JAEN,HUABAL,237,6,231,0.02531645569620253
060806,2020,CAJAMARCA,JAEN,LAS PIRIAS,58,16,42,0.27586206896551724
060806,2021,CAJAMARCA,JAEN,LAS PIRIAS,42,23,19,0.5476190476190477
060806,2022,CAJAMARCA,JAEN,LAS PIRIAS,45,38,7,0.8444444444444444
060806,2023,CAJAMARCA,JAEN,LAS PIRIAS,182,81,101,0.44505494505494503
060806,2024,CAJAMARCA,JAEN,LAS PIRIAS,166,73,93,0.4397590361445783
060806,2025,CAJAMARCA,JAEN,LAS PIRIAS,136,43,93,0.3161764705882353
060806,2026,CAJAMARCA,JAEN,LAS PIRIAS,109,24,85,0.22018348623853212
060807,2020,CAJAMARCA,JAEN,POMAHUACA,151,41,110,0.271523178807947
060807,2021,CAJAMARCA,JAEN,POMAHUACA,120,18,102,0.15
060807,2022,CAJAMARCA,JAEN,POMAHUACA,133,29,104,0.21804511278195488
060807,2023,CAJAMARCA,JAEN,POMAHUACA,458,63,395,0.13755458515283842
060807,2024,CAJAMARCA,JAEN,POMAHUACA,433,93,340,0.21478060046189376
060807,2025,CAJAMARCA,JAEN,POMAHUACA,410,102,308,0.24878048780487805
060807,2026,CAJAMARCA,JAEN,POMAHUACA,279,75,204,0.26881720430107525
060808,2020,CAJAMARCA,JAEN,PUCARA,102,35,67,0.3431372549019608
060808,2021,CAJAMARCA,JAEN,PUCARA,66,30,36,0.45454545454545453
060808,2022,CAJAMARCA,JAEN,PUCARA,75,26,49,0.3466666666666667
060808,2023,CAJAMARCA,JAEN,PUCARA,248,36,212,0.14516129032258066
060808,2024,CAJAMARCA,JAEN,PUCARA,259,90,169,0.3474903474903475
060808,2025,CAJAMARCA,JAEN,PUCARA,247,84,163,0.340080971659919
060808,2026,CAJAMARCA,JAEN,PUCARA,156,51,105,0.3269230769230769
060809,2020,CAJAMARCA,JAEN,SALLIQUE,100,30,70,0.3
060809,2021,CAJAMARCA,JAEN,SALLIQUE,104,35,69,0.33653846153846156
060809,2022,CAJAMARCA,JAEN,SALLIQUE,93,43,50,0.46236559139784944
060809,2023,CAJAMARCA,JAEN,SALLIQUE,372,75,297,0.20161290322580644
060809,2024,CAJAMARCA,JAEN,SALLIQUE,344,164,180,0.47674418604651164
060809,2025,CAJAMARCA,JAEN,SALLIQUE,320,52,268,0.1625
060809,2026,CAJAMARCA,JAEN,SALLIQUE,212,26,186,0.12264150943396226
060810,2020,CAJAMARCA,JAEN,SAN FELIPE,77,47,30,0.6103896103896104
060810,2021,CAJAMARCA,JAEN,SAN FELIPE,46,25,21,0.5434782608695652
060810,2022,CAJAMARCA,JAEN,SAN FELIPE,59,26,33,0.4406779661016949
060810,2023,CAJAMARCA,JAEN,SAN FELIPE,185,85,100,0.4594594594594595
060810,2024,CAJAMARCA,JAEN,SAN FELIPE,157,81,76,0.5159235668789809
060810,2025,CAJAMARCA,JAEN,SAN FELIPE,137,70,67,0.5109489051094891
060810,2026,CAJAMARCA,JAEN,SAN FELIPE,104,55,49,0.5288461538461539
060811,2020,CAJAMARCA,JAEN,SAN JOSE DEL ALTO,146,36,110,0.2465753424657534
060811,2021,CAJAMARCA,JAEN,SAN JOSE DEL ALTO,105,35,70,0.3333333333333333
060811,2022,CAJAMARCA,JAEN,SAN JOSE DEL ALTO,88,24,64,0.2727272727272727
060811,2023,CAJAMARCA,JAEN,SAN JOSE DEL ALTO,334,95,239,0.2844311377245509
060811,2024,CAJAMARCA,JAEN,SAN JOSE DEL ALTO,311,126,185,0.40514469453376206
060811,2025,CAJAMARCA,JAEN,SAN JOSE DEL ALTO,272,64,208,0.23529411764705882
060811,2026,CAJAMARCA,JAEN,SAN JOSE DEL ALTO,184,20,164,0.10869565217391304
060812,2020,CAJAMARCA,JAEN,SANTA ROSA,166,24,142,0.14457831325301204
060812,2021,CAJAMARCA,JAEN,SANTA ROSA,113,18,95,0.1592920353982301
060812,2022,CAJAMARCA,JAEN,SANTA ROSA,107,27,80,0.2523364485981308
060812,2023,CAJAMARCA,JAEN,SANTA ROSA,349,34,315,0.09742120343839542
060812,2024,CAJAMARCA,JAEN,SANTA ROSA,316,22,294,0.06962025316455696
060812,2025,CAJAMARCA,JAEN,SANTA ROSA,330,63,267,0.19090909090909092
060812,2026,CAJAMARCA,JAEN,SANTA ROSA,233,38,195,0.1630901287553648
060901,2020,CAJAMARCA,SAN IGNACIO,SAN IGNACIO,756,205,551,0.27116402116402116
060901,2021,CAJAMARCA,SAN IGNACIO,SAN IGNACIO,522,105,417,0.20114942528735633
060901,2022,CAJAMARCA,SAN IGNACIO,SAN IGNACIO,473,135,338,0.2854122621564482
060901,2023,CAJAMARCA,SAN IGNACIO,SAN IGNACIO,1505,242,1263,0.16079734219269104
060901,2024,CAJAMARCA,SAN IGNACIO,SAN IGNACIO,1443,314,1129,0.2176022176022176
060901,2025,CAJAMARCA,SAN IGNACIO,SAN IGNACIO,1356,241,1115,0.17772861356932154
060901,2026,CAJAMARCA,SAN IGNACIO,SAN IGNACIO,959,160,799,0.16684045881126172
060902,2020,CAJAMARCA,SAN IGNACIO,CHIRINOS,284,127,157,0.4471830985915493
060902,2021,CAJAMARCA,SAN IGNACIO,CHIRINOS,207,87,120,0.42028985507246375
060902,2022,CAJAMARCA,SAN IGNACIO,CHIRINOS,202,100,102,0.49504950495049505
060902,2023,CAJAMARCA,SAN IGNACIO,CHIRINOS,616,201,415,0.3262987012987013
060902,2024,CAJAMARCA,SAN IGNACIO,CHIRINOS,587,247,340,0.42078364565587734
060902,2025,CAJAMARCA,SAN IGNACIO,CHIRINOS,576,158,418,0.2743055555555556
060902,2026,CAJAMARCA,SAN IGNACIO,CHIRINOS,385,106,279,0.2753246753246753
060903,2020,CAJAMARCA,SAN IGNACIO,HUARANGO,454,84,370,0.18502202643171806
060903,2021,CAJAMARCA,SAN IGNACIO,HUARANGO,255,70,185,0.27450980392156865
060903,2022,CAJAMARCA,SAN IGNACIO,HUARANGO,234,57,177,0.24358974358974358
060903,2023,CAJAMARCA,SAN IGNACIO,HUARANGO,746,108,638,0.1447721179624665
060903,2024,CAJAMARCA,SAN IGNACIO,HUARANGO,736,108,628,0.14673913043478262
060903,2025,CAJAMARCA,SAN IGNACIO,HUARANGO,725,93,632,0.12827586206896552
060903,2026,CAJAMARCA,SAN IGNACIO,HUARANGO,525,53,472,0.10095238095238095
060904,2020,CAJAMARCA,SAN IGNACIO,LA COIPA,381,105,276,0.2755905511811024
060904,2021,CAJAMARCA,SAN IGNACIO,LA COIPA,255,64,191,0.25098039215686274
060904,2022,CAJAMARCA,SAN IGNACIO,LA COIPA,251,62,189,0.24701195219123506
060904,2023,CAJAMARCA,SAN IGNACIO,LA COIPA,919,151,768,0.16430903155603918
060904,2024,CAJAMARCA,SAN IGNACIO,LA COIPA,864,216,648,0.25
060904,2025,CAJAMARCA,SAN IGNACIO,LA COIPA,824,122,702,0.14805825242718446
060904,2026,CAJAMARCA,SAN IGNACIO,LA COIPA,586,71,515,0.12116040955631399
060905,2020,CAJAMARCA,SAN IGNACIO,NAMBALLE,323,34,289,0.10526315789473684
060905,2021,CAJAMARCA,SAN IGNACIO,NAMBALLE,149,26,123,0.174496644295302
060905,2022,CAJAMARCA,SAN IGNACIO,NAMBALLE,144,38,106,0.2638888888888889
060905,2023,CAJAMARCA,SAN IGNACIO,NAMBALLE,485,61,424,0.12577319587628866
060905,2024,CAJAMARCA,SAN IGNACIO,NAMBALLE,493,64,429,0.12981744421906694
060905,2025,CAJAMARCA,SAN IGNACIO,NAMBALLE,416,39,377,0.09375
060905,2026,CAJAMARCA,SAN IGNACIO,NAMBALLE,293,27,266,0.09215017064846416
060906,2020,CAJAMARCA,SAN IGNACIO,SAN JOSE DE LOURDES,478,96,382,0.200836820083682
060906,2021,CAJAMARCA,SAN IGNACIO,SAN JOSE DE LOURDES,313,87,226,0.2779552715654952
060906,2022,CAJAMARCA,SAN IGNACIO,SAN JOSE DE LOURDES,276,65,211,0.23550724637681159
060906,2023,CAJAMARCA,SAN IGNACIO,SAN JOSE DE LOURDES,878,142,736,0.16173120728929385
060906,2024,CAJAMARCA,SAN IGNACIO,SAN JOSE DE LOURDES,786,204,582,0.2595419847328244
060906,2025,CAJAMARCA,SAN IGNACIO,SAN JOSE DE LOURDES,746,100,646,0.13404825737265416
060906,2026,CAJAMARCA,SAN IGNACIO,SAN JOSE DE LOURDES,493,57,436,0.11561866125760649
060907,2020,CAJAMARCA,SAN IGNACIO,TABACONAS,624,252,372,0.40384615384615385
060907,2021,CAJAMARCA,SAN IGNACIO,TABACONAS,276,120,156,0.43478260869565216
060907,2022,CAJAMARCA,SAN IGNACIO,TABACONAS,325,151,174,0.4646153846153846
060907,2023,CAJAMARCA,SAN IGNACIO,TABACONAS,913,385,528,0.42168674698795183
060907,2024,CAJAMARCA,SAN IGNACIO,TABACONAS,840,459,381,0.5464285714285714
060907,2025,CAJAMARCA,SAN IGNACIO,TABACONAS,830,418,412,0.5036144578313253
060907,2026,CAJAMARCA,SAN IGNACIO,TABACONAS,583,249,334,0.42710120068610635
061001,2020,CAJAMARCA,SAN MARCOS,PEDRO GALVEZ,301,42,259,0.13953488372093023
061001,2021,CAJAMARCA,SAN MARCOS,PEDRO GALVEZ,226,39,187,0.17256637168141592
061001,2022,CAJAMARCA,SAN MARCOS,PEDRO GALVEZ,211,47,164,0.22274881516587677
061001,2023,CAJAMARCA,SAN MARCOS,PEDRO GALVEZ,692,69,623,0.09971098265895954
061001,2024,CAJAMARCA,SAN MARCOS,PEDRO GALVEZ,725,110,615,0.15172413793103448
061001,2025,CAJAMARCA,SAN MARCOS,PEDRO GALVEZ,682,75,607,0.10997067448680352
061001,2026,CAJAMARCA,SAN MARCOS,PEDRO GALVEZ,465,99,366,0.2129032258064516
061002,2020,CAJAMARCA,SAN MARCOS,CHANCAY,46,4,42,0.08695652173913043
061002,2021,CAJAMARCA,SAN MARCOS,CHANCAY,46,15,31,0.32608695652173914
061002,2022,CAJAMARCA,SAN MARCOS,CHANCAY,44,9,35,0.20454545454545456
061002,2023,CAJAMARCA,SAN MARCOS,CHANCAY,158,24,134,0.1518987341772152
061002,2024,CAJAMARCA,SAN MARCOS,CHANCAY,139,20,119,0.14388489208633093
061002,2025,CAJAMARCA,SAN MARCOS,CHANCAY,137,13,124,0.0948905109489051
061002,2026,CAJAMARCA,SAN MARCOS,CHANCAY,99,3,96,0.030303030303030304
061003,2020,CAJAMARCA,SAN MARCOS,EDUARDO VILLANUEVA,35,7,28,0.2
061003,2021,CAJAMARCA,SAN MARCOS,EDUARDO VILLANUEVA,38,7,31,0.18421052631578946
061003,2022,CAJAMARCA,SAN MARCOS,EDUARDO VILLANUEVA,35,3,32,0.08571428571428572
061003,2023,CAJAMARCA,SAN MARCOS,EDUARDO VILLANUEVA,135,17,118,0.1259259259259259
061003,2024,CAJAMARCA,SAN MARCOS,EDUARDO VILLANUEVA,130,30,100,0.23076923076923078
061003,2025,CAJAMARCA,SAN MARCOS,EDUARDO VILLANUEVA,122,17,105,0.13934426229508196
061003,2026,CAJAMARCA,SAN MARCOS,EDUARDO VILLANUEVA,109,21,88,0.1926605504587156
061004,2020,CAJAMARCA,SAN MARCOS,GREGORIO PITA,87,2,85,0.022988505747126436
061004,2021,CAJAMARCA,SAN MARCOS,GREGORIO PITA,70,3,67,0.04285714285714286
061004,2022,CAJAMARCA,SAN MARCOS,GREGORIO PITA,51,5,46,0.09803921568627451
061004,2023,CAJAMARCA,SAN MARCOS,GREGORIO PITA,160,5,155,0.03125
061004,2024,CAJAMARCA,SAN MARCOS,GREGORIO PITA,163,5,158,0.03067484662576687
061004,2025,CAJAMARCA,SAN MARCOS,GREGORIO PITA,146,2,144,0.0136986301369863
061004,2026,CAJAMARCA,SAN MARCOS,GREGORIO PITA,104,3,101,0.028846153846153848
061005,2020,CAJAMARCA,SAN MARCOS,ICHOCAN,22,7,15,0.3181818181818182
061005,2021,CAJAMARCA,SAN MARCOS,ICHOCAN,12,2,10,0.16666666666666666
061005,2022,CAJAMARCA,SAN MARCOS,ICHOCAN,16,0,16,0.0
061005,2023,CAJAMARCA,SAN MARCOS,ICHOCAN,63,13,50,0.20634920634920634
061005,2024,CAJAMARCA,SAN MARCOS,ICHOCAN,64,11,53,0.171875
061005,2025,CAJAMARCA,SAN MARCOS,ICHOCAN,53,5,48,0.09433962264150944
061005,2026,CAJAMARCA,SAN MARCOS,ICHOCAN,29,6,23,0.20689655172413793
061006,2020,CAJAMARCA,SAN MARCOS,JOSE MANUEL QUIROZ,37,11,26,0.2972972972972973
061006,2021,CAJAMARCA,SAN MARCOS,JOSE MANUEL QUIROZ,51,16,35,0.3137254901960784
061006,2022,CAJAMARCA,SAN MARCOS,JOSE MANUEL QUIROZ,47,11,36,0.23404255319148937
061006,2023,CAJAMARCA,SAN MARCOS,JOSE MANUEL QUIROZ,162,18,144,0.1111111111111111
061006,2024,CAJAMARCA,SAN MARCOS,JOSE MANUEL QUIROZ,143,7,136,0.04895104895104895
061006,2025,CAJAMARCA,SAN MARCOS,JOSE MANUEL QUIROZ,117,14,103,0.11965811965811966
061006,2026,CAJAMARCA,SAN MARCOS,JOSE MANUEL QUIROZ,81,9,72,0.1111111111111111
061007,2020,CAJAMARCA,SAN MARCOS,JOSE SABOGAL,218,17,201,0.0779816513761468
061007,2021,CAJAMARCA,SAN MARCOS,JOSE SABOGAL,266,12,254,0.045112781954887216
061007,2022,CAJAMARCA,SAN MARCOS,JOSE SABOGAL,257,36,221,0.14007782101167315
061007,2023,CAJAMARCA,SAN MARCOS,JOSE SABOGAL,870,97,773,0.11149425287356322
061007,2024,CAJAMARCA,SAN MARCOS,JOSE SABOGAL,783,69,714,0.08812260536398467
061007,2025,CAJAMARCA,SAN MARCOS,JOSE SABOGAL,673,45,628,0.06686478454680535
061007,2026,CAJAMARCA,SAN MARCOS,JOSE SABOGAL,441,36,405,0.08163265306122448
061101,2020,CAJAMARCA,SAN MIGUEL,SAN MIGUEL,104,47,57,0.4519230769230769
061101,2021,CAJAMARCA,SAN MIGUEL,SAN MIGUEL,118,60,58,0.5084745762711864
061101,2022,CAJAMARCA,SAN MIGUEL,SAN MIGUEL,101,45,56,0.44554455445544555
061101,2023,CAJAMARCA,SAN MIGUEL,SAN MIGUEL,281,79,202,0.28113879003558717
061101,2024,CAJAMARCA,SAN MIGUEL,SAN MIGUEL,255,90,165,0.35294117647058826
061101,2025,CAJAMARCA,SAN MIGUEL,SAN MIGUEL,210,51,159,0.24285714285714285
061101,2026,CAJAMARCA,SAN MIGUEL,SAN MIGUEL,171,27,144,0.15789473684210525
061102,2020,CAJAMARCA,SAN MIGUEL,BOLIVAR,13,1,12,0.07692307692307693
061102,2021,CAJAMARCA,SAN MIGUEL,BOLIVAR,7,0,7,0.0
061102,2022,CAJAMARCA,SAN MIGUEL,BOLIVAR,12,0,12,0.0
061102,2023,CAJAMARCA,SAN MIGUEL,BOLIVAR,26,5,21,0.19230769230769232
061102,2024,CAJAMARCA,SAN MIGUEL,BOLIVAR,23,2,21,0.08695652173913043
061102,2025,CAJAMARCA,SAN MIGUEL,BOLIVAR,26,7,19,0.2692307692307692
061102,2026,CAJAMARCA,SAN MIGUEL,BOLIVAR,14,2,12,0.14285714285714285
061103,2020,CAJAMARCA,SAN MIGUEL,CALQUIS,43,7,36,0.16279069767441862
061103,2021,CAJAMARCA,SAN MIGUEL,CALQUIS,28,5,23,0.17857142857142858
061103,2022,CAJAMARCA,SAN MIGUEL,CALQUIS,36,10,26,0.2777777777777778
061103,2023,CAJAMARCA,SAN MIGUEL,CALQUIS,129,44,85,0.34108527131782945
061103,2024,CAJAMARCA,SAN MIGUEL,CALQUIS,118,26,92,0.22033898305084745
061103,2025,CAJAMARCA,SAN MIGUEL,CALQUIS,102,23,79,0.22549019607843138
061103,2026,CAJAMARCA,SAN MIGUEL,CALQUIS,66,10,56,0.15151515151515152
061104,2020,CAJAMARCA,SAN MIGUEL,CATILLUC,37,13,24,0.35135135135135137
061104,2021,CAJAMARCA,SAN MIGUEL,CATILLUC,31,5,26,0.16129032258064516
061104,2022,CAJAMARCA,SAN MIGUEL,CATILLUC,20,3,17,0.15
061104,2023,CAJAMARCA,SAN MIGUEL,CATILLUC,87,6,81,0.06896551724137931
061104,2024,CAJAMARCA,SAN MIGUEL,CATILLUC,89,4,85,0.0449438202247191
061104,2025,CAJAMARCA,SAN MIGUEL,CATILLUC,82,8,74,0.0975609756097561
061104,2026,CAJAMARCA,SAN MIGUEL,CATILLUC,59,3,56,0.05084745762711865
061105,2020,CAJAMARCA,SAN MIGUEL,EL PRADO,50,24,26,0.48
061105,2021,CAJAMARCA,SAN MIGUEL,EL PRADO,60,34,26,0.5666666666666667
061105,2022,CAJAMARCA,SAN MIGUEL,EL PRADO,54,32,22,0.5925925925925926
061105,2023,CAJAMARCA,SAN MIGUEL,EL PRADO,142,54,88,0.38028169014084506
061105,2024,CAJAMARCA,SAN MIGUEL,EL PRADO,136,50,86,0.36764705882352944
061105,2025,CAJAMARCA,SAN MIGUEL,EL PRADO,123,40,83,0.3252032520325203
061105,2026,CAJAMARCA,SAN MIGUEL,EL PRADO,66,21,45,0.3181818181818182
061106,2020,CAJAMARCA,SAN MIGUEL,LA FLORIDA,16,2,14,0.125
061106,2021,CAJAMARCA,SAN MIGUEL,LA FLORIDA,27,3,24,0.1111111111111111
061106,2022,CAJAMARCA,SAN MIGUEL,LA FLORIDA,21,1,20,0.047619047619047616
061106,2023,CAJAMARCA,SAN MIGUEL,LA FLORIDA,52,13,39,0.25
061106,2024,CAJAMARCA,SAN MIGUEL,LA FLORIDA,50,7,43,0.14
061106,2025,CAJAMARCA,SAN MIGUEL,LA FLORIDA,36,6,30,0.16666666666666666
061106,2026,CAJAMARCA,SAN MIGUEL,LA FLORIDA,21,4,17,0.19047619047619047
061107,2020,CAJAMARCA,SAN MIGUEL,LLAPA,43,13,30,0.3023255813953488
061107,2021,CAJAMARCA,SAN MIGUEL,LLAPA,62,20,42,0.3225806451612903
061107,2022,CAJAMARCA,SAN MIGUEL,LLAPA,57,17,40,0.2982456140350877
061107,2023,CAJAMARCA,SAN MIGUEL,LLAPA,120,30,90,0.25
061107,2024,CAJAMARCA,SAN MIGUEL,LLAPA,113,22,91,0.19469026548672566
061107,2025,CAJAMARCA,SAN MIGUEL,LLAPA,92,16,76,0.17391304347826086
061107,2026,CAJAMARCA,SAN MIGUEL,LLAPA,70,12,58,0.17142857142857143
061108,2020,CAJAMARCA,SAN MIGUEL,NANCHOC,12,1,11,0.08333333333333333
061108,2021,CAJAMARCA,SAN MIGUEL,NANCHOC,12,0,12,0.0
061108,2022,CAJAMARCA,SAN MIGUEL,NANCHOC,6,0,6,0.0
061108,2023,CAJAMARCA,SAN MIGUEL,NANCHOC,44,2,42,0.045454545454545456
061108,2024,CAJAMARCA,SAN MIGUEL,NANCHOC,42,2,40,0.047619047619047616
061108,2025,CAJAMARCA,SAN MIGUEL,NANCHOC,42,3,39,0.07142857142857142
061108,2026,CAJAMARCA,SAN MIGUEL,NANCHOC,25,1,24,0.04
061109,2020,CAJAMARCA,SAN MIGUEL,NIEPOS,28,9,19,0.32142857142857145
061109,2021,CAJAMARCA,SAN MIGUEL,NIEPOS,50,8,42,0.16
061109,2022,CAJAMARCA,SAN MIGUEL,NIEPOS,31,18,13,0.5806451612903226
061109,2023,CAJAMARCA,SAN MIGUEL,NIEPOS,85,38,47,0.4470588235294118
061109,2024,CAJAMARCA,SAN MIGUEL,NIEPOS,83,12,71,0.14457831325301204
061109,2025,CAJAMARCA,SAN MIGUEL,NIEPOS,74,16,58,0.21621621621621623
061109,2026,CAJAMARCA,SAN MIGUEL,NIEPOS,56,9,47,0.16071428571428573
061110,2020,CAJAMARCA,SAN MIGUEL,SAN GREGORIO,19,5,14,0.2631578947368421
061110,2021,CAJAMARCA,SAN MIGUEL,SAN GREGORIO,19,6,13,0.3157894736842105
061110,2022,CAJAMARCA,SAN MIGUEL,SAN GREGORIO,20,10,10,0.5
061110,2023,CAJAMARCA,SAN MIGUEL,SAN GREGORIO,67,17,50,0.2537313432835821
061110,2024,CAJAMARCA,SAN MIGUEL,SAN GREGORIO,56,22,34,0.39285714285714285
061110,2025,CAJAMARCA,SAN MIGUEL,SAN GREGORIO,48,29,19,0.6041666666666666
061110,2026,CAJAMARCA,SAN MIGUEL,SAN GREGORIO,30,19,11,0.6333333333333333
061111,2020,CAJAMARCA,SAN MIGUEL,SAN SILVESTRE DE COCHAN,49,5,44,0.10204081632653061
061111,2021,CAJAMARCA,SAN MIGUEL,SAN SILVESTRE DE COCHAN,50,12,38,0.24
061111,2022,CAJAMARCA,SAN MIGUEL,SAN SILVESTRE DE COCHAN,31,7,24,0.22580645161290322
061111,2023,CAJAMARCA,SAN MIGUEL,SAN SILVESTRE DE COCHAN,126,28,98,0.2222222222222222
061111,2024,CAJAMARCA,SAN MIGUEL,SAN SILVESTRE DE COCHAN,108,19,89,0.17592592592592593
061111,2025,CAJAMARCA,SAN MIGUEL,SAN SILVESTRE DE COCHAN,88,9,79,0.10227272727272728
061111,2026,CAJAMARCA,SAN MIGUEL,SAN SILVESTRE DE COCHAN,54,12,42,0.2222222222222222
061112,2020,CAJAMARCA,SAN MIGUEL,TONGOD,27,8,19,0.2962962962962963
061112,2021,CAJAMARCA,SAN MIGUEL,TONGOD,27,12,15,0.4444444444444444
061112,2022,CAJAMARCA,SAN MIGUEL,TONGOD,30,15,15,0.5
061112,2023,CAJAMARCA,SAN MIGUEL,TONGOD,111,18,93,0.16216216216216217
061112,2024,CAJAMARCA,SAN MIGUEL,TONGOD,91,26,65,0.2857142857142857
061112,2025,CAJAMARCA,SAN MIGUEL,TONGOD,59,5,54,0.0847457627118644
061112,2026,CAJAMARCA,SAN MIGUEL,TONGOD,45,3,42,0.06666666666666667
061113,2020,CAJAMARCA,SAN MIGUEL,UNION AGUA BLANCA,23,18,5,0.782608695652174
061113,2021,CAJAMARCA,SAN MIGUEL,UNION AGUA BLANCA,28,18,10,0.6428571428571429
061113,2022,CAJAMARCA,SAN MIGUEL,UNION AGUA BLANCA,24,18,6,0.75
061113,2023,CAJAMARCA,SAN MIGUEL,UNION AGUA BLANCA,75,38,37,0.5066666666666667
061113,2024,CAJAMARCA,SAN MIGUEL,UNION AGUA BLANCA,79,15,64,0.189873417721519
061113,2025,CAJAMARCA,SAN MIGUEL,UNION AGUA BLANCA,84,18,66,0.21428571428571427
061113,2026,CAJAMARCA,SAN MIGUEL,UNION AGUA BLANCA,64,9,55,0.140625
061201,2020,CAJAMARCA,SAN PABLO,SAN PABLO,139,24,115,0.17266187050359713
061201,2021,CAJAMARCA,SAN PABLO,SAN PABLO,104,36,68,0.34615384615384615
061201,2022,CAJAMARCA,SAN PABLO,SAN PABLO,104,26,78,0.25
061201,2023,CAJAMARCA,SAN PABLO,SAN PABLO,411,65,346,0.15815085158150852
061201,2024,CAJAMARCA,SAN PABLO,SAN PABLO,391,92,299,0.23529411764705882
061201,2025,CAJAMARCA,SAN PABLO,SAN PABLO,353,62,291,0.17563739376770537
061201,2026,CAJAMARCA,SAN PABLO,SAN PABLO,242,41,201,0.16942148760330578
061202,2020,CAJAMARCA,SAN PABLO,SAN BERNARDINO,36,0,36,0.0
061202,2021,CAJAMARCA,SAN PABLO,SAN BERNARDINO,43,1,42,0.023255813953488372
061202,2022,CAJAMARCA,SAN PABLO,SAN BERNARDINO,25,0,25,0.0
061202,2023,CAJAMARCA,SAN PABLO,SAN BERNARDINO,118,4,114,0.03389830508474576
061202,2024,CAJAMARCA,SAN PABLO,SAN BERNARDINO,102,6,96,0.058823529411764705
061202,2025,CAJAMARCA,SAN PABLO,SAN BERNARDINO,99,4,95,0.04040404040404041
061202,2026,CAJAMARCA,SAN PABLO,SAN BERNARDINO,69,1,68,0.014492753623188406
061203,2020,CAJAMARCA,SAN PABLO,SAN LUIS,7,1,6,0.14285714285714285
061203,2021,CAJAMARCA,SAN PABLO,SAN LUIS,11,0,11,0.0
061203,2022,CAJAMARCA,SAN PABLO,SAN LUIS,4,1,3,0.25
061203,2023,CAJAMARCA,SAN PABLO,SAN LUIS,13,1,12,0.07692307692307693
061203,2024,CAJAMARCA,SAN PABLO,SAN LUIS,12,1,11,0.08333333333333333
061203,2025,CAJAMARCA,SAN PABLO,SAN LUIS,13,0,13,0.0
061203,2026,CAJAMARCA,SAN PABLO,SAN LUIS,9,0,9,0.0
061204,2020,CAJAMARCA,SAN PABLO,TUMBADEN,31,7,24,0.22580645161290322
061204,2021,CAJAMARCA,SAN PABLO,TUMBADEN,31,11,20,0.3548387096774194
061204,2022,CAJAMARCA,SAN PABLO,TUMBADEN,27,10,17,0.37037037037037035
061204,2023,CAJAMARCA,SAN PABLO,TUMBADEN,97,30,67,0.30927835051546393
061204,2024,CAJAMARCA,SAN PABLO,TUMBADEN,107,13,94,0.12149532710280374
061204,2025,CAJAMARCA,SAN PABLO,TUMBADEN,97,6,91,0.061855670103092786
061204,2026,CAJAMARCA,SAN PABLO,TUMBADEN,75,2,73,0.02666666666666667
061301,2020,CAJAMARCA,SANTA CRUZ,SANTA CRUZ,166,58,108,0.3493975903614458
061301,2021,CAJAMARCA,SANTA CRUZ,SANTA CRUZ,108,43,65,0.39814814814814814
061301,2022,CAJAMARCA,SANTA CRUZ,SANTA CRUZ,92,29,63,0.31521739130434784
061301,2023,CAJAMARCA,SANTA CRUZ,SANTA CRUZ,247,68,179,0.27530364372469635
061301,2024,CAJAMARCA,SANTA CRUZ,SANTA CRUZ,286,95,191,0.3321678321678322
061301,2025,CAJAMARCA,SANTA CRUZ,SANTA CRUZ,284,29,255,0.10211267605633803
061301,2026,CAJAMARCA,SANTA CRUZ,SANTA CRUZ,205,30,175,0.14634146341463414
061302,2020,CAJAMARCA,SANTA CRUZ,ANDABAMBA,4,4,0,1.0
061302,2021,CAJAMARCA,SANTA CRUZ,ANDABAMBA,12,1,11,0.08333333333333333
061302,2022,CAJAMARCA,SANTA CRUZ,ANDABAMBA,6,0,6,0.0
061302,2023,CAJAMARCA,SANTA CRUZ,ANDABAMBA,24,3,21,0.125
061302,2024,CAJAMARCA,SANTA CRUZ,ANDABAMBA,28,2,26,0.07142857142857142
061302,2025,CAJAMARCA,SANTA CRUZ,ANDABAMBA,17,0,17,0.0
061302,2026,CAJAMARCA,SANTA CRUZ,ANDABAMBA,14,0,14,0.0
061303,2020,CAJAMARCA,SANTA CRUZ,CATACHE,80,11,69,0.1375
061303,2021,CAJAMARCA,SANTA CRUZ,CATACHE,77,6,71,0.07792207792207792
061303,2022,CAJAMARCA,SANTA CRUZ,CATACHE,58,7,51,0.1206896551724138
061303,2023,CAJAMARCA,SANTA CRUZ,CATACHE,335,16,319,0.04776119402985075
061303,2024,CAJAMARCA,SANTA CRUZ,CATACHE,328,37,291,0.11280487804878049
061303,2025,CAJAMARCA,SANTA CRUZ,CATACHE,305,8,297,0.02622950819672131
061303,2026,CAJAMARCA,SANTA CRUZ,CATACHE,216,7,209,0.032407407407407406
061304,2020,CAJAMARCA,SANTA CRUZ,CHANCAYBAÑOS,32,6,26,0.1875
061304,2021,CAJAMARCA,SANTA CRUZ,CHANCAYBAÑOS,25,1,24,0.04
061304,2022,CAJAMARCA,SANTA CRUZ,CHANCAYBAÑOS,19,6,13,0.3157894736842105
061304,2023,CAJAMARCA,SANTA CRUZ,CHANCAYBAÑOS,81,19,62,0.2345679012345679
061304,2024,CAJAMARCA,SANTA CRUZ,CHANCAYBAÑOS,87,20,67,0.22988505747126436
061304,2025,CAJAMARCA,SANTA CRUZ,CHANCAYBAÑOS,78,1,77,0.01282051282051282
061304,2026,CAJAMARCA,SANTA CRUZ,CHANCAYBAÑOS,54,0,54,0.0
061305,2020,CAJAMARCA,SANTA CRUZ,LA ESPERANZA,17,0,17,0.0
061305,2021,CAJAMARCA,SANTA CRUZ,LA ESPERANZA,10,3,7,0.3
061305,2022,CAJAMARCA,SANTA CRUZ,LA ESPERANZA,13,5,8,0.38461538461538464
061305,2023,CAJAMARCA,SANTA CRUZ,LA ESPERANZA,48,4,44,0.08333333333333333
061305,2024,CAJAMARCA,SANTA CRUZ,LA ESPERANZA,53,19,34,0.3584905660377358
061305,2025,CAJAMARCA,SANTA CRUZ,LA ESPERANZA,46,0,46,0.0
061305,2026,CAJAMARCA,SANTA CRUZ,LA ESPERANZA,34,0,34,0.0
061306,2020,CAJAMARCA,SANTA CRUZ,NINABAMBA,23,1,22,0.043478260869565216
061306,2021,CAJAMARCA,SANTA CRUZ,NINABAMBA,17,0,17,0.0
061306,2022,CAJAMARCA,SANTA CRUZ,NINABAMBA,11,0,11,0.0
061306,2023,CAJAMARCA,SANTA CRUZ,NINABAMBA,59,0,59,0.0
061306,2024,CAJAMARCA,SANTA CRUZ,NINABAMBA,55,9,46,0.16363636363636364
061306,2025,CAJAMARCA,SANTA CRUZ,NINABAMBA,44,1,43,0.022727272727272728
061306,2026,CAJAMARCA,SANTA CRUZ,NINABAMBA,37,0,37,0.0
061307,2020,CAJAMARCA,SANTA CRUZ,PULAN,32,5,27,0.15625
061307,2021,CAJAMARCA,SANTA CRUZ,PULAN,39,6,33,0.15384615384615385
061307,2022,CAJAMARCA,SANTA CRUZ,PULAN,25,10,15,0.4
061307,2023,CAJAMARCA,SANTA CRUZ,PULAN,121,31,90,0.256198347107438
061307,2024,CAJAMARCA,SANTA CRUZ,PULAN,98,28,70,0.2857142857142857
061307,2025,CAJAMARCA,SANTA CRUZ,PULAN,83,1,82,0.012048192771084338
061307,2026,CAJAMARCA,SANTA CRUZ,PULAN,61,0,61,0.0
061308,2020,CAJAMARCA,SANTA CRUZ,SAUCEPAMPA,14,0,14,0.0
061308,2021,CAJAMARCA,SANTA CRUZ,SAUCEPAMPA,11,1,10,0.09090909090909091
061308,2022,CAJAMARCA,SANTA CRUZ,SAUCEPAMPA,8,1,7,0.125
061308,2023,CAJAMARCA,SANTA CRUZ,SAUCEPAMPA,43,1,42,0.023255813953488372
061308,2024,CAJAMARCA,SANTA CRUZ,SAUCEPAMPA,42,5,37,0.11904761904761904
061308,2025,CAJAMARCA,SANTA CRUZ,SAUCEPAMPA,30,1,29,0.03333333333333333
061308,2026,CAJAMARCA,SANTA CRUZ,SAUCEPAMPA,18,0,18,0.0
061309,2020,CAJAMARCA,SANTA CRUZ,SEXI,4,1,3,0.25
061309,2021,CAJAMARCA,SANTA CRUZ,SEXI,2,2,0,1.0
061309,2022,CAJAMARCA,SANTA CRUZ,SEXI,0,0,0,
061309,2023,CAJAMARCA,SANTA CRUZ,SEXI,6,4,2,0.6666666666666666
061309,2024,CAJAMARCA,SANTA CRUZ,SEXI,6,0,6,0.0
061309,2025,CAJAMARCA,SANTA CRUZ,SEXI,7,0,7,0.0
061309,2026,CAJAMARCA,SANTA CRUZ,SEXI,4,2,2,0.5
061310,2020,CAJAMARCA,SANTA CRUZ,UTICYACU,8,4,4,0.5
061310,2021,CAJAMARCA,SANTA CRUZ,UTICYACU,7,3,4,0.42857142857142855
061310,2022,CAJAMARCA,SANTA CRUZ,UTICYACU,7,0,7,0.0
061310,2023,CAJAMARCA,SANTA CRUZ,UTICYACU,31,0,31,0.0
061310,2024,CAJAMARCA,SANTA CRUZ,UTICYACU,30,4,26,0.13333333333333333
061310,2025,CAJAMARCA,SANTA CRUZ,UTICYACU,33,2,31,0.06060606060606061
061310,2026,CAJAMARCA,SANTA CRUZ,UTICYACU,20,1,19,0.05
061311,2020,CAJAMARCA,SANTA CRUZ,YAUYUCAN,25,12,13,0.48
061311,2021,CAJAMARCA,SANTA CRUZ,YAUYUCAN,36,17,19,0.4722222222222222
061311,2022,CAJAMARCA,SANTA CRUZ,YAUYUCAN,31,9,22,0.2903225806451613
061311,2023,CAJAMARCA,SANTA CRUZ,YAUYUCAN,90,14,76,0.15555555555555556
061311,2024,CAJAMARCA,SANTA CRUZ,YAUYUCAN,81,18,63,0.2222222222222222
061311,2025,CAJAMARCA,SANTA CRUZ,YAUYUCAN,80,3,77,0.0375
061311,2026,CAJAMARCA,SANTA CRUZ,YAUYUCAN,53,7,46,0.1320754716981132
070101,2020,CALLAO,CALLAO,CALLAO,5197,1265,3932,0.24340965941889553
070101,2021,CALLAO,CALLAO,CALLAO,4958,925,4033,0.1865671641791045
070101,2022,CALLAO,CALLAO,CALLAO,4777,786,3991,0.16453841323006071
070101,2023,CALLAO,CALLAO,CALLAO,7954,969,6985,0.12182549660548152
070101,2024,CALLAO,CALLAO,CALLAO,8042,591,7451,0.07348918179557325
070101,2025,CALLAO,CALLAO,CALLAO,7995,560,7435,0.07004377736085053
070101,2026,CALLAO,CALLAO,CALLAO,3435,333,3102,0.09694323144104804
070102,2020,CALLAO,CALLAO,BELLAVISTA,438,129,309,0.2945205479452055
070102,2021,CALLAO,CALLAO,BELLAVISTA,494,98,396,0.19838056680161945
070102,2022,CALLAO,CALLAO,BELLAVISTA,367,23,344,0.06267029972752043
070102,2023,CALLAO,CALLAO,BELLAVISTA,770,95,675,0.12337662337662338
070102,2024,CALLAO,CALLAO,BELLAVISTA,571,68,503,0.1190893169877408
070102,2025,CALLAO,CALLAO,BELLAVISTA,482,55,427,0.11410788381742738
070102,2026,CALLAO,CALLAO,BELLAVISTA,213,37,176,0.17370892018779344
070103,2020,CALLAO,CALLAO,CARMEN DE LA LEGUA-REYNOSO,596,134,462,0.22483221476510068
070103,2021,CALLAO,CALLAO,CARMEN DE LA LEGUA-REYNOSO,616,120,496,0.19480519480519481
070103,2022,CALLAO,CALLAO,CARMEN DE LA LEGUA-REYNOSO,360,81,279,0.225
070103,2023,CALLAO,CALLAO,CARMEN DE LA LEGUA-REYNOSO,769,149,620,0.19375812743823148
070103,2024,CALLAO,CALLAO,CARMEN DE LA LEGUA-REYNOSO,822,104,718,0.12652068126520682
070103,2025,CALLAO,CALLAO,CARMEN DE LA LEGUA-REYNOSO,697,94,603,0.13486370157819225
070103,2026,CALLAO,CALLAO,CARMEN DE LA LEGUA-REYNOSO,337,46,291,0.13649851632047477
070104,2020,CALLAO,CALLAO,LA PERLA,289,71,218,0.24567474048442905
070104,2021,CALLAO,CALLAO,LA PERLA,247,42,205,0.1700404858299595
070104,2022,CALLAO,CALLAO,LA PERLA,336,59,277,0.17559523809523808
070104,2023,CALLAO,CALLAO,LA PERLA,537,97,440,0.18063314711359404
070104,2024,CALLAO,CALLAO,LA PERLA,544,48,496,0.08823529411764706
070104,2025,CALLAO,CALLAO,LA PERLA,453,39,414,0.08609271523178808
070104,2026,CALLAO,CALLAO,LA PERLA,199,34,165,0.1708542713567839
070105,2020,CALLAO,CALLAO,LA PUNTA,27,0,27,0.0
070105,2021,CALLAO,CALLAO,LA PUNTA,60,6,54,0.1
070105,2022,CALLAO,CALLAO,LA PUNTA,89,0,89,0.0
070105,2023,CALLAO,CALLAO,LA PUNTA,138,3,135,0.021739130434782608
070105,2024,CALLAO,CALLAO,LA PUNTA,128,2,126,0.015625
070105,2025,CALLAO,CALLAO,LA PUNTA,138,1,137,0.007246376811594203
070105,2026,CALLAO,CALLAO,LA PUNTA,61,2,59,0.03278688524590164
070106,2020,CALLAO,CALLAO,VENTANILLA,4620,1136,3484,0.24588744588744588
070106,2021,CALLAO,CALLAO,VENTANILLA,4608,1052,3556,0.2282986111111111
070106,2022,CALLAO,CALLAO,VENTANILLA,4763,1109,3654,0.23283644761704808
070106,2023,CALLAO,CALLAO,VENTANILLA,9191,1673,7518,0.18202589489718202
070106,2024,CALLAO,CALLAO,VENTANILLA,8405,1086,7319,0.12920880428316478
070106,2025,CALLAO,CALLAO,VENTANILLA,8296,771,7525,0.09293635486981677
070106,2026,CALLAO,CALLAO,VENTANILLA,4449,576,3873,0.1294672960215779
070107,2020,CALLAO,CALLAO,MI PERU,603,77,526,0.12769485903814262
070107,2021,CALLAO,CALLAO,MI PERU,771,96,675,0.1245136186770428
070107,2022,CALLAO,CALLAO,MI PERU,729,116,613,0.15912208504801098
070107,2023,CALLAO,CALLAO,MI PERU,1127,119,1008,0.10559006211180125
070107,2024,CALLAO,CALLAO,MI PERU,1166,93,1073,0.0797598627787307
070107,2025,CALLAO,CALLAO,MI PERU,1212,70,1142,0.057755775577557754
070107,2026,CALLAO,CALLAO,MI PERU,711,34,677,0.04781997187060478
080101,2020,CUSCO,CUSCO,CUSCO,1751,802,949,0.45802398629354657
080101,2021,CUSCO,CUSCO,CUSCO,1520,652,868,0.42894736842105263
080101,2022,CUSCO,CUSCO,CUSCO,1000,393,607,0.393
080101,2023,CUSCO,CUSCO,CUSCO,1778,537,1241,0.30202474690663667
080101,2024,CUSCO,CUSCO,CUSCO,1789,268,1521,0.14980435997764113
080101,2025,CUSCO,CUSCO,CUSCO,1728,317,1411,0.18344907407407407
080101,2026,CUSCO,CUSCO,CUSCO,968,166,802,0.17148760330578514
080102,2020,CUSCO,CUSCO,CCORCA,30,29,1,0.9666666666666667
080102,2021,CUSCO,CUSCO,CCORCA,45,44,1,0.9777777777777777
080102,2022,CUSCO,CUSCO,CCORCA,37,35,2,0.9459459459459459
080102,2023,CUSCO,CUSCO,CCORCA,102,35,67,0.3431372549019608
080102,2024,CUSCO,CUSCO,CCORCA,88,14,74,0.1590909090909091
080102,2025,CUSCO,CUSCO,CCORCA,84,14,70,0.16666666666666666
080102,2026,CUSCO,CUSCO,CCORCA,57,9,48,0.15789473684210525
080103,2020,CUSCO,CUSCO,POROY,149,81,68,0.5436241610738255
080103,2021,CUSCO,CUSCO,POROY,149,64,85,0.42953020134228187
080103,2022,CUSCO,CUSCO,POROY,132,56,76,0.42424242424242425
080103,2023,CUSCO,CUSCO,POROY,226,70,156,0.30973451327433627
080103,2024,CUSCO,CUSCO,POROY,297,28,269,0.09427609427609428
080103,2025,CUSCO,CUSCO,POROY,278,27,251,0.09712230215827339
080103,2026,CUSCO,CUSCO,POROY,178,15,163,0.08426966292134831
080104,2020,CUSCO,CUSCO,SAN JERONIMO,1206,571,635,0.4734660033167496
080104,2021,CUSCO,CUSCO,SAN JERONIMO,831,524,307,0.6305655836341757
080104,2022,CUSCO,CUSCO,SAN JERONIMO,690,346,344,0.5014492753623189
080104,2023,CUSCO,CUSCO,SAN JERONIMO,1578,519,1059,0.3288973384030418
080104,2024,CUSCO,CUSCO,SAN JERONIMO,1564,392,1172,0.2506393861892583
080104,2025,CUSCO,CUSCO,SAN JERONIMO,1396,418,978,0.2994269340974212
080104,2026,CUSCO,CUSCO,SAN JERONIMO,735,219,516,0.2979591836734694
080105,2020,CUSCO,CUSCO,SAN SEBASTIAN,583,260,323,0.44596912521440824
080105,2021,CUSCO,CUSCO,SAN SEBASTIAN,522,223,299,0.4272030651340996
080105,2022,CUSCO,CUSCO,SAN SEBASTIAN,669,307,362,0.4588938714499253
080105,2023,CUSCO,CUSCO,SAN SEBASTIAN,2257,519,1738,0.22995126273814798
080105,2024,CUSCO,CUSCO,SAN SEBASTIAN,2238,438,1800,0.19571045576407506
080105,2025,CUSCO,CUSCO,SAN SEBASTIAN,2081,501,1580,0.2407496395963479
080105,2026,CUSCO,CUSCO,SAN SEBASTIAN,1172,291,881,0.24829351535836178
080106,2020,CUSCO,CUSCO,SANTIAGO,2655,1081,1574,0.4071563088512241
080106,2021,CUSCO,CUSCO,SANTIAGO,1814,683,1131,0.37651598676957
080106,2022,CUSCO,CUSCO,SANTIAGO,1613,684,929,0.4240545567265964
080106,2023,CUSCO,CUSCO,SANTIAGO,2950,881,2069,0.2986440677966102
080106,2024,CUSCO,CUSCO,SANTIAGO,2963,559,2404,0.18866014174822815
080106,2025,CUSCO,CUSCO,SANTIAGO,2792,678,2114,0.24283667621776503
080106,2026,CUSCO,CUSCO,SANTIAGO,1681,440,1241,0.26174895895300415
080107,2020,CUSCO,CUSCO,SAYLLA,73,29,44,0.3972602739726027
080107,2021,CUSCO,CUSCO,SAYLLA,64,38,26,0.59375
080107,2022,CUSCO,CUSCO,SAYLLA,125,70,55,0.56
080107,2023,CUSCO,CUSCO,SAYLLA,302,96,206,0.31788079470198677
080107,2024,CUSCO,CUSCO,SAYLLA,264,50,214,0.1893939393939394
080107,2025,CUSCO,CUSCO,SAYLLA,252,36,216,0.14285714285714285
080107,2026,CUSCO,CUSCO,SAYLLA,115,29,86,0.25217391304347825
080108,2020,CUSCO,CUSCO,WANCHAQ,1340,470,870,0.35074626865671643
080108,2021,CUSCO,CUSCO,WANCHAQ,902,198,704,0.21951219512195122
080108,2022,CUSCO,CUSCO,WANCHAQ,463,70,393,0.1511879049676026
080108,2023,CUSCO,CUSCO,WANCHAQ,1347,55,1292,0.04083147735708983
080108,2024,CUSCO,CUSCO,WANCHAQ,1370,93,1277,0.06788321167883211
080108,2025,CUSCO,CUSCO,WANCHAQ,1310,53,1257,0.04045801526717557
080108,2026,CUSCO,CUSCO,WANCHAQ,741,17,724,0.022941970310391364
080201,2020,CUSCO,ACOMAYO,ACOMAYO,56,32,24,0.5714285714285714
080201,2021,CUSCO,ACOMAYO,ACOMAYO,100,64,36,0.64
080201,2022,CUSCO,ACOMAYO,ACOMAYO,68,39,29,0.5735294117647058
080201,2023,CUSCO,ACOMAYO,ACOMAYO,139,65,74,0.4676258992805755
080201,2024,CUSCO,ACOMAYO,ACOMAYO,120,44,76,0.36666666666666664
080201,2025,CUSCO,ACOMAYO,ACOMAYO,114,26,88,0.22807017543859648
080201,2026,CUSCO,ACOMAYO,ACOMAYO,74,19,55,0.25675675675675674
080202,2020,CUSCO,ACOMAYO,ACOPIA,13,9,4,0.6923076923076923
080202,2021,CUSCO,ACOMAYO,ACOPIA,6,3,3,0.5
080202,2022,CUSCO,ACOMAYO,ACOPIA,30,14,16,0.4666666666666667
080202,2023,CUSCO,ACOMAYO,ACOPIA,75,13,62,0.17333333333333334
080202,2024,CUSCO,ACOMAYO,ACOPIA,54,6,48,0.1111111111111111
080202,2025,CUSCO,ACOMAYO,ACOPIA,37,3,34,0.08108108108108109
080202,2026,CUSCO,ACOMAYO,ACOPIA,27,3,24,0.1111111111111111
080203,2020,CUSCO,ACOMAYO,ACOS,36,18,18,0.5
080203,2021,CUSCO,ACOMAYO,ACOS,36,4,32,0.1111111111111111
080203,2022,CUSCO,ACOMAYO,ACOS,20,5,15,0.25
080203,2023,CUSCO,ACOMAYO,ACOS,63,17,46,0.2698412698412698
080203,2024,CUSCO,ACOMAYO,ACOS,57,5,52,0.08771929824561403
080203,2025,CUSCO,ACOMAYO,ACOS,34,1,33,0.029411764705882353
080203,2026,CUSCO,ACOMAYO,ACOS,26,1,25,0.038461538461538464
080204,2020,CUSCO,ACOMAYO,MOSOC LLACTA,10,2,8,0.2
080204,2021,CUSCO,ACOMAYO,MOSOC LLACTA,14,3,11,0.21428571428571427
080204,2022,CUSCO,ACOMAYO,MOSOC LLACTA,14,3,11,0.21428571428571427
080204,2023,CUSCO,ACOMAYO,MOSOC LLACTA,29,4,25,0.13793103448275862
080204,2024,CUSCO,ACOMAYO,MOSOC LLACTA,32,2,30,0.0625
080204,2025,CUSCO,ACOMAYO,MOSOC LLACTA,26,1,25,0.038461538461538464
080204,2026,CUSCO,ACOMAYO,MOSOC LLACTA,15,0,15,0.0
080205,2020,CUSCO,ACOMAYO,POMACANCHI,67,53,14,0.7910447761194029
080205,2021,CUSCO,ACOMAYO,POMACANCHI,85,57,28,0.6705882352941176
080205,2022,CUSCO,ACOMAYO,POMACANCHI,94,64,30,0.6808510638297872
080205,2023,CUSCO,ACOMAYO,POMACANCHI,217,103,114,0.47465437788018433
080205,2024,CUSCO,ACOMAYO,POMACANCHI,204,49,155,0.24019607843137256
080205,2025,CUSCO,ACOMAYO,POMACANCHI,208,64,144,0.3076923076923077
080205,2026,CUSCO,ACOMAYO,POMACANCHI,146,43,103,0.2945205479452055
080206,2020,CUSCO,ACOMAYO,RONDOCAN,33,17,16,0.5151515151515151
080206,2021,CUSCO,ACOMAYO,RONDOCAN,21,14,7,0.6666666666666666
080206,2022,CUSCO,ACOMAYO,RONDOCAN,15,7,8,0.4666666666666667
080206,2023,CUSCO,ACOMAYO,RONDOCAN,53,6,47,0.11320754716981132
080206,2024,CUSCO,ACOMAYO,RONDOCAN,40,4,36,0.1
080206,2025,CUSCO,ACOMAYO,RONDOCAN,25,1,24,0.04
080206,2026,CUSCO,ACOMAYO,RONDOCAN,11,1,10,0.09090909090909091
080207,2020,CUSCO,ACOMAYO,SANGARARA,21,16,5,0.7619047619047619
080207,2021,CUSCO,ACOMAYO,SANGARARA,18,11,7,0.6111111111111112
080207,2022,CUSCO,ACOMAYO,SANGARARA,47,29,18,0.6170212765957447
080207,2023,CUSCO,ACOMAYO,SANGARARA,112,60,52,0.5357142857142857
080207,2024,CUSCO,ACOMAYO,SANGARARA,87,24,63,0.27586206896551724
080207,2025,CUSCO,ACOMAYO,SANGARARA,73,17,56,0.2328767123287671
080207,2026,CUSCO,ACOMAYO,SANGARARA,43,10,33,0.23255813953488372
080301,2020,CUSCO,ANTA,ANTA,529,304,225,0.5746691871455577
080301,2021,CUSCO,ANTA,ANTA,359,158,201,0.4401114206128134
080301,2022,CUSCO,ANTA,ANTA,309,168,141,0.5436893203883495
080301,2023,CUSCO,ANTA,ANTA,725,224,501,0.30896551724137933
080301,2024,CUSCO,ANTA,ANTA,753,143,610,0.1899070385126162
080301,2025,CUSCO,ANTA,ANTA,722,139,583,0.1925207756232687
080301,2026,CUSCO,ANTA,ANTA,459,88,371,0.19172113289760348
080302,2020,CUSCO,ANTA,ANCAHUASI,95,24,71,0.25263157894736843
080302,2021,CUSCO,ANTA,ANCAHUASI,98,53,45,0.5408163265306123
080302,2022,CUSCO,ANTA,ANCAHUASI,125,67,58,0.536
080302,2023,CUSCO,ANTA,ANCAHUASI,267,77,190,0.2883895131086142
080302,2024,CUSCO,ANTA,ANCAHUASI,226,71,155,0.3141592920353982
080302,2025,CUSCO,ANTA,ANCAHUASI,198,30,168,0.15151515151515152
080302,2026,CUSCO,ANTA,ANCAHUASI,138,27,111,0.1956521739130435
080303,2020,CUSCO,ANTA,CACHIMAYO,29,16,13,0.5517241379310345
080303,2021,CUSCO,ANTA,CACHIMAYO,31,19,12,0.6129032258064516
080303,2022,CUSCO,ANTA,CACHIMAYO,35,21,14,0.6
080303,2023,CUSCO,ANTA,CACHIMAYO,70,18,52,0.2571428571428571
080303,2024,CUSCO,ANTA,CACHIMAYO,62,16,46,0.25806451612903225
080303,2025,CUSCO,ANTA,CACHIMAYO,60,18,42,0.3
080303,2026,CUSCO,ANTA,CACHIMAYO,31,5,26,0.16129032258064516
080304,2020,CUSCO,ANTA,CHINCHAYPUJIO,32,17,15,0.53125
080304,2021,CUSCO,ANTA,CHINCHAYPUJIO,63,35,28,0.5555555555555556
080304,2022,CUSCO,ANTA,CHINCHAYPUJIO,58,21,37,0.3620689655172414
080304,2023,CUSCO,ANTA,CHINCHAYPUJIO,160,48,112,0.3
080304,2024,CUSCO,ANTA,CHINCHAYPUJIO,158,26,132,0.16455696202531644
080304,2025,CUSCO,ANTA,CHINCHAYPUJIO,123,8,115,0.06504065040650407
080304,2026,CUSCO,ANTA,CHINCHAYPUJIO,81,2,79,0.024691358024691357
080305,2020,CUSCO,ANTA,HUAROCONDO,135,81,54,0.6
080305,2021,CUSCO,ANTA,HUAROCONDO,61,28,33,0.45901639344262296
080305,2022,CUSCO,ANTA,HUAROCONDO,109,62,47,0.5688073394495413
080305,2023,CUSCO,ANTA,HUAROCONDO,189,69,120,0.36507936507936506
080305,2024,CUSCO,ANTA,HUAROCONDO,171,38,133,0.2222222222222222
080305,2025,CUSCO,ANTA,HUAROCONDO,163,45,118,0.27607361963190186
080305,2026,CUSCO,ANTA,HUAROCONDO,104,28,76,0.2692307692307692
080306,2020,CUSCO,ANTA,LIMATAMBO,24,17,7,0.7083333333333334
080306,2021,CUSCO,ANTA,LIMATAMBO,186,19,167,0.10215053763440861
080306,2022,CUSCO,ANTA,LIMATAMBO,115,8,107,0.06956521739130435
080306,2023,CUSCO,ANTA,LIMATAMBO,270,11,259,0.040740740740740744
080306,2024,CUSCO,ANTA,LIMATAMBO,257,20,237,0.07782101167315175
080306,2025,CUSCO,ANTA,LIMATAMBO,222,15,207,0.06756756756756757
080306,2026,CUSCO,ANTA,LIMATAMBO,159,10,149,0.06289308176100629
080307,2020,CUSCO,ANTA,MOLLEPATA,21,7,14,0.3333333333333333
080307,2021,CUSCO,ANTA,MOLLEPATA,43,13,30,0.3023255813953488
080307,2022,CUSCO,ANTA,MOLLEPATA,53,9,44,0.16981132075471697
080307,2023,CUSCO,ANTA,MOLLEPATA,94,15,79,0.1595744680851064
080307,2024,CUSCO,ANTA,MOLLEPATA,87,19,68,0.21839080459770116
080307,2025,CUSCO,ANTA,MOLLEPATA,76,8,68,0.10526315789473684
080307,2026,CUSCO,ANTA,MOLLEPATA,46,6,40,0.13043478260869565
080308,2020,CUSCO,ANTA,PUCYURA,80,46,34,0.575
080308,2021,CUSCO,ANTA,PUCYURA,41,17,24,0.4146341463414634
080308,2022,CUSCO,ANTA,PUCYURA,44,23,21,0.5227272727272727
080308,2023,CUSCO,ANTA,PUCYURA,148,49,99,0.3310810810810811
080308,2024,CUSCO,ANTA,PUCYURA,133,17,116,0.12781954887218044
080308,2025,CUSCO,ANTA,PUCYURA,118,29,89,0.2457627118644068
080308,2026,CUSCO,ANTA,PUCYURA,83,7,76,0.08433734939759036
080309,2020,CUSCO,ANTA,ZURITE,82,34,48,0.4146341463414634
080309,2021,CUSCO,ANTA,ZURITE,62,6,56,0.0967741935483871
080309,2022,CUSCO,ANTA,ZURITE,49,30,19,0.6122448979591837
080309,2023,CUSCO,ANTA,ZURITE,125,27,98,0.216
080309,2024,CUSCO,ANTA,ZURITE,104,12,92,0.11538461538461539
080309,2025,CUSCO,ANTA,ZURITE,96,19,77,0.19791666666666666
080309,2026,CUSCO,ANTA,ZURITE,67,11,56,0.16417910447761194
080401,2020,CUSCO,CALCA,CALCA,598,290,308,0.48494983277591974
080401,2021,CUSCO,CALCA,CALCA,392,141,251,0.3596938775510204
080401,2022,CUSCO,CALCA,CALCA,307,87,220,0.28338762214983715
080401,2023,CUSCO,CALCA,CALCA,685,105,580,0.15328467153284672
080401,2024,CUSCO,CALCA,CALCA,703,125,578,0.17780938833570412
080401,2025,CUSCO,CALCA,CALCA,654,97,557,0.14831804281345565
080401,2026,CUSCO,CALCA,CALCA,396,53,343,0.13383838383838384
080402,2020,CUSCO,CALCA,COYA,65,12,53,0.18461538461538463
080402,2021,CUSCO,CALCA,COYA,54,7,47,0.12962962962962962
080402,2022,CUSCO,CALCA,COYA,30,10,20,0.3333333333333333
080402,2023,CUSCO,CALCA,COYA,94,9,85,0.09574468085106383
080402,2024,CUSCO,CALCA,COYA,90,12,78,0.13333333333333333
080402,2025,CUSCO,CALCA,COYA,80,16,64,0.2
080402,2026,CUSCO,CALCA,COYA,47,7,40,0.14893617021276595
080403,2020,CUSCO,CALCA,LAMAY,120,45,75,0.375
080403,2021,CUSCO,CALCA,LAMAY,92,15,77,0.16304347826086957
080403,2022,CUSCO,CALCA,LAMAY,69,26,43,0.37681159420289856
080403,2023,CUSCO,CALCA,LAMAY,190,30,160,0.15789473684210525
080403,2024,CUSCO,CALCA,LAMAY,169,26,143,0.15384615384615385
080403,2025,CUSCO,CALCA,LAMAY,147,19,128,0.1292517006802721
080403,2026,CUSCO,CALCA,LAMAY,92,15,77,0.16304347826086957
080404,2020,CUSCO,CALCA,LARES,102,46,56,0.45098039215686275
080404,2021,CUSCO,CALCA,LARES,121,25,96,0.2066115702479339
080404,2022,CUSCO,CALCA,LARES,85,33,52,0.38823529411764707
080404,2023,CUSCO,CALCA,LARES,255,50,205,0.19607843137254902
080404,2024,CUSCO,CALCA,LARES,244,48,196,0.19672131147540983
080404,2025,CUSCO,CALCA,LARES,219,48,171,0.2191780821917808
080404,2026,CUSCO,CALCA,LARES,156,20,136,0.1282051282051282
080405,2020,CUSCO,CALCA,PISAC,157,56,101,0.35668789808917195
080405,2021,CUSCO,CALCA,PISAC,181,84,97,0.46408839779005523
080405,2022,CUSCO,CALCA,PISAC,136,50,86,0.36764705882352944
080405,2023,CUSCO,CALCA,PISAC,356,54,302,0.15168539325842698
080405,2024,CUSCO,CALCA,PISAC,350,60,290,0.17142857142857143
080405,2025,CUSCO,CALCA,PISAC,310,44,266,0.14193548387096774
080405,2026,CUSCO,CALCA,PISAC,220,24,196,0.10909090909090909
080406,2020,CUSCO,CALCA,SAN SALVADOR,166,62,104,0.37349397590361444
080406,2021,CUSCO,CALCA,SAN SALVADOR,134,34,100,0.2537313432835821
080406,2022,CUSCO,CALCA,SAN SALVADOR,106,46,60,0.4339622641509434
080406,2023,CUSCO,CALCA,SAN SALVADOR,219,51,168,0.2328767123287671
080406,2024,CUSCO,CALCA,SAN SALVADOR,172,15,157,0.0872093023255814
080406,2025,CUSCO,CALCA,SAN SALVADOR,145,22,123,0.15172413793103448
080406,2026,CUSCO,CALCA,SAN SALVADOR,100,12,88,0.12
080407,2020,CUSCO,CALCA,TARAY,110,41,69,0.37272727272727274
080407,2021,CUSCO,CALCA,TARAY,83,27,56,0.3253012048192771
080407,2022,CUSCO,CALCA,TARAY,56,24,32,0.42857142857142855
080407,2023,CUSCO,CALCA,TARAY,161,49,112,0.30434782608695654
080407,2024,CUSCO,CALCA,TARAY,140,13,127,0.09285714285714286
080407,2025,CUSCO,CALCA,TARAY,125,3,122,0.024
080407,2026,CUSCO,CALCA,TARAY,73,4,69,0.0547945205479452
080408,2020,CUSCO,CALCA,YANATILE,207,38,169,0.18357487922705315
080408,2021,CUSCO,CALCA,YANATILE,164,25,139,0.1524390243902439
080408,2022,CUSCO,CALCA,YANATILE,94,21,73,0.22340425531914893
080408,2023,CUSCO,CALCA,YANATILE,292,27,265,0.09246575342465753
080408,2024,CUSCO,CALCA,YANATILE,305,32,273,0.10491803278688525
080408,2025,CUSCO,CALCA,YANATILE,215,25,190,0.11627906976744186
080408,2026,CUSCO,CALCA,YANATILE,134,9,125,0.06716417910447761
080501,2020,CUSCO,CANAS,YANAOCA,134,67,67,0.5
080501,2021,CUSCO,CANAS,YANAOCA,109,50,59,0.45871559633027525
080501,2022,CUSCO,CANAS,YANAOCA,113,61,52,0.5398230088495575
080501,2023,CUSCO,CANAS,YANAOCA,233,53,180,0.22746781115879827
080501,2024,CUSCO,CANAS,YANAOCA,247,26,221,0.10526315789473684
080501,2025,CUSCO,CANAS,YANAOCA,230,19,211,0.08260869565217391
080501,2026,CUSCO,CANAS,YANAOCA,148,12,136,0.08108108108108109
080502,2020,CUSCO,CANAS,CHECCA,64,15,49,0.234375
080502,2021,CUSCO,CANAS,CHECCA,42,5,37,0.11904761904761904
080502,2022,CUSCO,CANAS,CHECCA,45,5,40,0.1111111111111111
080502,2023,CUSCO,CANAS,CHECCA,153,12,141,0.0784313725490196
080502,2024,CUSCO,CANAS,CHECCA,144,9,135,0.0625
080502,2025,CUSCO,CANAS,CHECCA,118,8,110,0.06779661016949153
080502,2026,CUSCO,CANAS,CHECCA,79,1,78,0.012658227848101266
080503,2020,CUSCO,CANAS,KUNTURKANKI,76,36,40,0.47368421052631576
080503,2021,CUSCO,CANAS,KUNTURKANKI,61,22,39,0.36065573770491804
080503,2022,CUSCO,CANAS,KUNTURKANKI,34,8,26,0.23529411764705882
080503,2023,CUSCO,CANAS,KUNTURKANKI,157,30,127,0.1910828025477707
080503,2024,CUSCO,CANAS,KUNTURKANKI,133,9,124,0.06766917293233082
080503,2025,CUSCO,CANAS,KUNTURKANKI,103,12,91,0.11650485436893204
080503,2026,CUSCO,CANAS,KUNTURKANKI,65,2,63,0.03076923076923077
080504,2020,CUSCO,CANAS,LANGUI,18,5,13,0.2777777777777778
080504,2021,CUSCO,CANAS,LANGUI,15,5,10,0.3333333333333333
080504,2022,CUSCO,CANAS,LANGUI,14,3,11,0.21428571428571427
080504,2023,CUSCO,CANAS,LANGUI,38,2,36,0.05263157894736842
080504,2024,CUSCO,CANAS,LANGUI,34,3,31,0.08823529411764706
080504,2025,CUSCO,CANAS,LANGUI,33,1,32,0.030303030303030304
080504,2026,CUSCO,CANAS,LANGUI,25,2,23,0.08
080505,2020,CUSCO,CANAS,LAYO,47,19,28,0.40425531914893614
080505,2021,CUSCO,CANAS,LAYO,32,10,22,0.3125
080505,2022,CUSCO,CANAS,LAYO,36,11,25,0.3055555555555556
080505,2023,CUSCO,CANAS,LAYO,132,37,95,0.2803030303030303
080505,2024,CUSCO,CANAS,LAYO,128,20,108,0.15625
080505,2025,CUSCO,CANAS,LAYO,128,12,116,0.09375
080505,2026,CUSCO,CANAS,LAYO,82,8,74,0.0975609756097561
080506,2020,CUSCO,CANAS,PAMPAMARCA,11,9,2,0.8181818181818182
080506,2021,CUSCO,CANAS,PAMPAMARCA,12,9,3,0.75
080506,2022,CUSCO,CANAS,PAMPAMARCA,8,4,4,0.5
080506,2023,CUSCO,CANAS,PAMPAMARCA,34,6,28,0.17647058823529413
080506,2024,CUSCO,CANAS,PAMPAMARCA,30,3,27,0.1
080506,2025,CUSCO,CANAS,PAMPAMARCA,22,2,20,0.09090909090909091
080506,2026,CUSCO,CANAS,PAMPAMARCA,19,0,19,0.0
080507,2020,CUSCO,CANAS,QUEHUE,24,5,19,0.20833333333333334
080507,2021,CUSCO,CANAS,QUEHUE,32,13,19,0.40625
080507,2022,CUSCO,CANAS,QUEHUE,33,17,16,0.5151515151515151
080507,2023,CUSCO,CANAS,QUEHUE,71,10,61,0.14084507042253522
080507,2024,CUSCO,CANAS,QUEHUE,61,7,54,0.11475409836065574
080507,2025,CUSCO,CANAS,QUEHUE,40,1,39,0.025
080507,2026,CUSCO,CANAS,QUEHUE,20,0,20,0.0
080508,2020,CUSCO,CANAS,TUPAC AMARU,45,22,23,0.4888888888888889
080508,2021,CUSCO,CANAS,TUPAC AMARU,25,9,16,0.36
080508,2022,CUSCO,CANAS,TUPAC AMARU,23,11,12,0.4782608695652174
080508,2023,CUSCO,CANAS,TUPAC AMARU,63,16,47,0.25396825396825395
080508,2024,CUSCO,CANAS,TUPAC AMARU,65,10,55,0.15384615384615385
080508,2025,CUSCO,CANAS,TUPAC AMARU,50,8,42,0.16
080508,2026,CUSCO,CANAS,TUPAC AMARU,30,1,29,0.03333333333333333
080601,2020,CUSCO,CANCHIS,SICUANI,843,457,386,0.5421115065243179
080601,2021,CUSCO,CANCHIS,SICUANI,472,219,253,0.4639830508474576
080601,2022,CUSCO,CANCHIS,SICUANI,453,184,269,0.40618101545253865
080601,2023,CUSCO,CANCHIS,SICUANI,1659,483,1176,0.2911392405063291
080601,2024,CUSCO,CANCHIS,SICUANI,1687,234,1453,0.13870776526378187
080601,2025,CUSCO,CANCHIS,SICUANI,1576,191,1385,0.12119289340101523
080601,2026,CUSCO,CANCHIS,SICUANI,972,119,853,0.12242798353909465
080602,2020,CUSCO,CANCHIS,CHECACUPE,24,8,16,0.3333333333333333
080602,2021,CUSCO,CANCHIS,CHECACUPE,17,3,14,0.17647058823529413
080602,2022,CUSCO,CANCHIS,CHECACUPE,35,1,34,0.02857142857142857
080602,2023,CUSCO,CANCHIS,CHECACUPE,104,10,94,0.09615384615384616
080602,2024,CUSCO,CANCHIS,CHECACUPE,113,9,104,0.07964601769911504
080602,2025,CUSCO,CANCHIS,CHECACUPE,98,11,87,0.11224489795918367
080602,2026,CUSCO,CANCHIS,CHECACUPE,55,11,44,0.2
080603,2020,CUSCO,CANCHIS,COMBAPATA,87,48,39,0.5517241379310345
080603,2021,CUSCO,CANCHIS,COMBAPATA,57,22,35,0.38596491228070173
080603,2022,CUSCO,CANCHIS,COMBAPATA,66,27,39,0.4090909090909091
080603,2023,CUSCO,CANCHIS,COMBAPATA,219,21,198,0.0958904109589041
080603,2024,CUSCO,CANCHIS,COMBAPATA,193,14,179,0.07253886010362694
080603,2025,CUSCO,CANCHIS,COMBAPATA,186,13,173,0.06989247311827956
080603,2026,CUSCO,CANCHIS,COMBAPATA,129,11,118,0.08527131782945736
080604,2020,CUSCO,CANCHIS,MARANGANI,116,32,84,0.27586206896551724
080604,2021,CUSCO,CANCHIS,MARANGANI,102,23,79,0.22549019607843138
080604,2022,CUSCO,CANCHIS,MARANGANI,69,14,55,0.2028985507246377
080604,2023,CUSCO,CANCHIS,MARANGANI,257,41,216,0.15953307392996108
080604,2024,CUSCO,CANCHIS,MARANGANI,242,33,209,0.13636363636363635
080604,2025,CUSCO,CANCHIS,MARANGANI,196,29,167,0.14795918367346939
080604,2026,CUSCO,CANCHIS,MARANGANI,134,13,121,0.09701492537313433
080605,2020,CUSCO,CANCHIS,PITUMARCA,80,35,45,0.4375
080605,2021,CUSCO,CANCHIS,PITUMARCA,36,15,21,0.4166666666666667
080605,2022,CUSCO,CANCHIS,PITUMARCA,114,26,88,0.22807017543859648
080605,2023,CUSCO,CANCHIS,PITUMARCA,288,43,245,0.14930555555555555
080605,2024,CUSCO,CANCHIS,PITUMARCA,278,25,253,0.08992805755395683
080605,2025,CUSCO,CANCHIS,PITUMARCA,236,27,209,0.11440677966101695
080605,2026,CUSCO,CANCHIS,PITUMARCA,140,15,125,0.10714285714285714
080606,2020,CUSCO,CANCHIS,SAN PABLO,42,5,37,0.11904761904761904
080606,2021,CUSCO,CANCHIS,SAN PABLO,37,7,30,0.1891891891891892
080606,2022,CUSCO,CANCHIS,SAN PABLO,29,11,18,0.3793103448275862
080606,2023,CUSCO,CANCHIS,SAN PABLO,114,5,109,0.043859649122807015
080606,2024,CUSCO,CANCHIS,SAN PABLO,110,3,107,0.02727272727272727
080606,2025,CUSCO,CANCHIS,SAN PABLO,95,0,95,0.0
080606,2026,CUSCO,CANCHIS,SAN PABLO,64,1,63,0.015625
080607,2020,CUSCO,CANCHIS,SAN PEDRO,21,2,19,0.09523809523809523
080607,2021,CUSCO,CANCHIS,SAN PEDRO,23,9,14,0.391304347826087
080607,2022,CUSCO,CANCHIS,SAN PEDRO,19,9,10,0.47368421052631576
080607,2023,CUSCO,CANCHIS,SAN PEDRO,65,3,62,0.046153846153846156
080607,2024,CUSCO,CANCHIS,SAN PEDRO,63,4,59,0.06349206349206349
080607,2025,CUSCO,CANCHIS,SAN PEDRO,52,2,50,0.038461538461538464
080607,2026,CUSCO,CANCHIS,SAN PEDRO,33,1,32,0.030303030303030304
080608,2020,CUSCO,CANCHIS,TINTA,60,24,36,0.4
080608,2021,CUSCO,CANCHIS,TINTA,47,16,31,0.3404255319148936
080608,2022,CUSCO,CANCHIS,TINTA,40,15,25,0.375
080608,2023,CUSCO,CANCHIS,TINTA,119,27,92,0.226890756302521
080608,2024,CUSCO,CANCHIS,TINTA,120,18,102,0.15
080608,2025,CUSCO,CANCHIS,TINTA,115,7,108,0.06086956521739131
080608,2026,CUSCO,CANCHIS,TINTA,80,11,69,0.1375
080701,2020,CUSCO,CHUMBIVILCAS,SANTO TOMAS,234,109,125,0.4658119658119658
080701,2021,CUSCO,CHUMBIVILCAS,SANTO TOMAS,274,101,173,0.3686131386861314
080701,2022,CUSCO,CHUMBIVILCAS,SANTO TOMAS,248,95,153,0.38306451612903225
080701,2023,CUSCO,CHUMBIVILCAS,SANTO TOMAS,873,260,613,0.29782359679266895
080701,2024,CUSCO,CHUMBIVILCAS,SANTO TOMAS,945,45,900,0.047619047619047616
080701,2025,CUSCO,CHUMBIVILCAS,SANTO TOMAS,875,49,826,0.056
080701,2026,CUSCO,CHUMBIVILCAS,SANTO TOMAS,532,46,486,0.08646616541353383
080702,2020,CUSCO,CHUMBIVILCAS,CAPACMARCA,47,27,20,0.574468085106383
080702,2021,CUSCO,CHUMBIVILCAS,CAPACMARCA,54,29,25,0.5370370370370371
080702,2022,CUSCO,CHUMBIVILCAS,CAPACMARCA,56,26,30,0.4642857142857143
080702,2023,CUSCO,CHUMBIVILCAS,CAPACMARCA,160,44,116,0.275
080702,2024,CUSCO,CHUMBIVILCAS,CAPACMARCA,160,23,137,0.14375
080702,2025,CUSCO,CHUMBIVILCAS,CAPACMARCA,120,17,103,0.14166666666666666
080702,2026,CUSCO,CHUMBIVILCAS,CAPACMARCA,79,8,71,0.10126582278481013
080703,2020,CUSCO,CHUMBIVILCAS,CHAMACA,96,17,79,0.17708333333333334
080703,2021,CUSCO,CHUMBIVILCAS,CHAMACA,71,23,48,0.323943661971831
080703,2022,CUSCO,CHUMBIVILCAS,CHAMACA,70,20,50,0.2857142857142857
080703,2023,CUSCO,CHUMBIVILCAS,CHAMACA,251,72,179,0.2868525896414343
080703,2024,CUSCO,CHUMBIVILCAS,CHAMACA,229,27,202,0.11790393013100436
080703,2025,CUSCO,CHUMBIVILCAS,CHAMACA,200,17,183,0.085
080703,2026,CUSCO,CHUMBIVILCAS,CHAMACA,137,5,132,0.0364963503649635
080704,2020,CUSCO,CHUMBIVILCAS,COLQUEMARCA,133,45,88,0.3383458646616541
080704,2021,CUSCO,CHUMBIVILCAS,COLQUEMARCA,132,79,53,0.5984848484848485
080704,2022,CUSCO,CHUMBIVILCAS,COLQUEMARCA,112,52,60,0.4642857142857143
080704,2023,CUSCO,CHUMBIVILCAS,COLQUEMARCA,395,162,233,0.41012658227848103
080704,2024,CUSCO,CHUMBIVILCAS,COLQUEMARCA,429,39,390,0.09090909090909091
080704,2025,CUSCO,CHUMBIVILCAS,COLQUEMARCA,348,29,319,0.08333333333333333
080704,2026,CUSCO,CHUMBIVILCAS,COLQUEMARCA,201,24,177,0.11940298507462686
080705,2020,CUSCO,CHUMBIVILCAS,LIVITACA,98,27,71,0.2755102040816326
080705,2021,CUSCO,CHUMBIVILCAS,LIVITACA,101,33,68,0.32673267326732675
080705,2022,CUSCO,CHUMBIVILCAS,LIVITACA,100,33,67,0.33
080705,2023,CUSCO,CHUMBIVILCAS,LIVITACA,406,75,331,0.18472906403940886
080705,2024,CUSCO,CHUMBIVILCAS,LIVITACA,384,51,333,0.1328125
080705,2025,CUSCO,CHUMBIVILCAS,LIVITACA,332,63,269,0.1897590361445783
080705,2026,CUSCO,CHUMBIVILCAS,LIVITACA,220,42,178,0.19090909090909092
080706,2020,CUSCO,CHUMBIVILCAS,LLUSCO,72,29,43,0.4027777777777778
080706,2021,CUSCO,CHUMBIVILCAS,LLUSCO,60,29,31,0.48333333333333334
080706,2022,CUSCO,CHUMBIVILCAS,LLUSCO,54,20,34,0.37037037037037035
080706,2023,CUSCO,CHUMBIVILCAS,LLUSCO,176,46,130,0.26136363636363635
080706,2024,CUSCO,CHUMBIVILCAS,LLUSCO,161,17,144,0.10559006211180125
080706,2025,CUSCO,CHUMBIVILCAS,LLUSCO,121,6,115,0.049586776859504134
080706,2026,CUSCO,CHUMBIVILCAS,LLUSCO,74,7,67,0.0945945945945946
080707,2020,CUSCO,CHUMBIVILCAS,QUIÑOTA,63,31,32,0.49206349206349204
080707,2021,CUSCO,CHUMBIVILCAS,QUIÑOTA,60,25,35,0.4166666666666667
080707,2022,CUSCO,CHUMBIVILCAS,QUIÑOTA,53,21,32,0.39622641509433965
080707,2023,CUSCO,CHUMBIVILCAS,QUIÑOTA,148,56,92,0.3783783783783784
080707,2024,CUSCO,CHUMBIVILCAS,QUIÑOTA,148,14,134,0.0945945945945946
080707,2025,CUSCO,CHUMBIVILCAS,QUIÑOTA,128,12,116,0.09375
080707,2026,CUSCO,CHUMBIVILCAS,QUIÑOTA,83,8,75,0.0963855421686747
080708,2020,CUSCO,CHUMBIVILCAS,VELILLE,106,41,65,0.3867924528301887
080708,2021,CUSCO,CHUMBIVILCAS,VELILLE,106,37,69,0.3490566037735849
080708,2022,CUSCO,CHUMBIVILCAS,VELILLE,91,44,47,0.4835164835164835
080708,2023,CUSCO,CHUMBIVILCAS,VELILLE,273,85,188,0.31135531135531136
080708,2024,CUSCO,CHUMBIVILCAS,VELILLE,277,48,229,0.17328519855595667
080708,2025,CUSCO,CHUMBIVILCAS,VELILLE,267,77,190,0.2883895131086142
080708,2026,CUSCO,CHUMBIVILCAS,VELILLE,157,36,121,0.22929936305732485
080801,2020,CUSCO,ESPINAR,ESPINAR,520,288,232,0.5538461538461539
080801,2021,CUSCO,ESPINAR,ESPINAR,444,165,279,0.3716216216216216
080801,2022,CUSCO,ESPINAR,ESPINAR,644,333,311,0.5170807453416149
080801,2023,CUSCO,ESPINAR,ESPINAR,1145,435,710,0.3799126637554585
080801,2024,CUSCO,ESPINAR,ESPINAR,1208,285,923,0.2359271523178808
080801,2025,CUSCO,ESPINAR,ESPINAR,1125,323,802,0.2871111111111111
080801,2026,CUSCO,ESPINAR,ESPINAR,640,176,464,0.275
080802,2020,CUSCO,ESPINAR,CONDOROMA,19,13,6,0.6842105263157895
080802,2021,CUSCO,ESPINAR,CONDOROMA,11,2,9,0.18181818181818182
080802,2022,CUSCO,ESPINAR,CONDOROMA,5,3,2,0.6
080802,2023,CUSCO,ESPINAR,CONDOROMA,16,3,13,0.1875
080802,2024,CUSCO,ESPINAR,CONDOROMA,16,2,14,0.125
080802,2025,CUSCO,ESPINAR,CONDOROMA,7,1,6,0.14285714285714285
080802,2026,CUSCO,ESPINAR,CONDOROMA,5,1,4,0.2
080803,2020,CUSCO,ESPINAR,COPORAQUE,69,27,42,0.391304347826087
080803,2021,CUSCO,ESPINAR,COPORAQUE,64,17,47,0.265625
080803,2022,CUSCO,ESPINAR,COPORAQUE,58,13,45,0.22413793103448276
080803,2023,CUSCO,ESPINAR,COPORAQUE,187,15,172,0.08021390374331551
080803,2024,CUSCO,ESPINAR,COPORAQUE,173,9,164,0.05202312138728324
080803,2025,CUSCO,ESPINAR,COPORAQUE,133,11,122,0.08270676691729323
080803,2026,CUSCO,ESPINAR,COPORAQUE,81,9,72,0.1111111111111111
080804,2020,CUSCO,ESPINAR,OCORURO,24,21,3,0.875
080804,2021,CUSCO,ESPINAR,OCORURO,33,10,23,0.30303030303030304
080804,2022,CUSCO,ESPINAR,OCORURO,20,6,14,0.3
080804,2023,CUSCO,ESPINAR,OCORURO,31,19,12,0.6129032258064516
080804,2024,CUSCO,ESPINAR,OCORURO,47,6,41,0.1276595744680851
080804,2025,CUSCO,ESPINAR,OCORURO,42,1,41,0.023809523809523808
080804,2026,CUSCO,ESPINAR,OCORURO,25,3,22,0.12
080805,2020,CUSCO,ESPINAR,PALLPATA,140,89,51,0.6357142857142857
080805,2021,CUSCO,ESPINAR,PALLPATA,132,74,58,0.5606060606060606
080805,2022,CUSCO,ESPINAR,PALLPATA,63,38,25,0.6031746031746031
080805,2023,CUSCO,ESPINAR,PALLPATA,204,80,124,0.39215686274509803
080805,2024,CUSCO,ESPINAR,PALLPATA,220,41,179,0.18636363636363637
080805,2025,CUSCO,ESPINAR,PALLPATA,197,22,175,0.1116751269035533
080805,2026,CUSCO,ESPINAR,PALLPATA,124,26,98,0.20967741935483872
080806,2020,CUSCO,ESPINAR,PICHIGUA,49,1,48,0.02040816326530612
080806,2021,CUSCO,ESPINAR,PICHIGUA,35,3,32,0.08571428571428572
080806,2022,CUSCO,ESPINAR,PICHIGUA,25,4,21,0.16
080806,2023,CUSCO,ESPINAR,PICHIGUA,101,17,84,0.16831683168316833
080806,2024,CUSCO,ESPINAR,PICHIGUA,93,13,80,0.13978494623655913
080806,2025,CUSCO,ESPINAR,PICHIGUA,90,13,77,0.14444444444444443
080806,2026,CUSCO,ESPINAR,PICHIGUA,52,2,50,0.038461538461538464
080807,2020,CUSCO,ESPINAR,SUYCKUTAMBO,12,12,0,1.0
080807,2021,CUSCO,ESPINAR,SUYCKUTAMBO,19,18,1,0.9473684210526315
080807,2022,CUSCO,ESPINAR,SUYCKUTAMBO,18,18,0,1.0
080807,2023,CUSCO,ESPINAR,SUYCKUTAMBO,35,32,3,0.9142857142857143
080807,2024,CUSCO,ESPINAR,SUYCKUTAMBO,34,6,28,0.17647058823529413
080807,2025,CUSCO,ESPINAR,SUYCKUTAMBO,25,0,25,0.0
080807,2026,CUSCO,ESPINAR,SUYCKUTAMBO,18,0,18,0.0
080808,2020,CUSCO,ESPINAR,ALTO PICHIGUA,46,26,20,0.5652173913043478
080808,2021,CUSCO,ESPINAR,ALTO PICHIGUA,11,3,8,0.2727272727272727
080808,2022,CUSCO,ESPINAR,ALTO PICHIGUA,5,4,1,0.8
080808,2023,CUSCO,ESPINAR,ALTO PICHIGUA,36,16,20,0.4444444444444444
080808,2024,CUSCO,ESPINAR,ALTO PICHIGUA,38,9,29,0.23684210526315788
080808,2025,CUSCO,ESPINAR,ALTO PICHIGUA,42,5,37,0.11904761904761904
080808,2026,CUSCO,ESPINAR,ALTO PICHIGUA,23,5,18,0.21739130434782608
080901,2020,CUSCO,LA CONVENCION,SANTA ANA,276,101,175,0.36594202898550726
080901,2021,CUSCO,LA CONVENCION,SANTA ANA,443,129,314,0.291196388261851
080901,2022,CUSCO,LA CONVENCION,SANTA ANA,453,115,338,0.25386313465783666
080901,2023,CUSCO,LA CONVENCION,SANTA ANA,1023,119,904,0.11632453567937438
080901,2024,CUSCO,LA CONVENCION,SANTA ANA,1087,140,947,0.12879484820607176
080901,2025,CUSCO,LA CONVENCION,SANTA ANA,1014,99,915,0.09763313609467456
080901,2026,CUSCO,LA CONVENCION,SANTA ANA,656,71,585,0.10823170731707317
080902,2020,CUSCO,LA CONVENCION,ECHARATE,73,13,60,0.1780821917808219
080902,2021,CUSCO,LA CONVENCION,ECHARATE,340,89,251,0.26176470588235295
080902,2022,CUSCO,LA CONVENCION,ECHARATE,410,126,284,0.3073170731707317
080902,2023,CUSCO,LA CONVENCION,ECHARATE,959,236,723,0.24608967674661106
080902,2024,CUSCO,LA CONVENCION,ECHARATE,932,204,728,0.21888412017167383
080902,2025,CUSCO,LA CONVENCION,ECHARATE,901,344,557,0.38179800221975585
080902,2026,CUSCO,LA CONVENCION,ECHARATE,553,191,362,0.3453887884267631
080903,2020,CUSCO,LA CONVENCION,HUAYOPATA,16,4,12,0.25
080903,2021,CUSCO,LA CONVENCION,HUAYOPATA,33,3,30,0.09090909090909091
080903,2022,CUSCO,LA CONVENCION,HUAYOPATA,25,4,21,0.16
080903,2023,CUSCO,LA CONVENCION,HUAYOPATA,122,14,108,0.11475409836065574
080903,2024,CUSCO,LA CONVENCION,HUAYOPATA,118,12,106,0.1016949152542373
080903,2025,CUSCO,LA CONVENCION,HUAYOPATA,95,7,88,0.07368421052631578
080903,2026,CUSCO,LA CONVENCION,HUAYOPATA,60,4,56,0.06666666666666667
080904,2020,CUSCO,LA CONVENCION,MARANURA,43,6,37,0.13953488372093023
080904,2021,CUSCO,LA CONVENCION,MARANURA,49,11,38,0.22448979591836735
080904,2022,CUSCO,LA CONVENCION,MARANURA,33,5,28,0.15151515151515152
080904,2023,CUSCO,LA CONVENCION,MARANURA,134,16,118,0.11940298507462686
080904,2024,CUSCO,LA CONVENCION,MARANURA,148,19,129,0.12837837837837837
080904,2025,CUSCO,LA CONVENCION,MARANURA,122,6,116,0.04918032786885246
080904,2026,CUSCO,LA CONVENCION,MARANURA,80,8,72,0.1
080905,2020,CUSCO,LA CONVENCION,OCOBAMBA,61,20,41,0.32786885245901637
080905,2021,CUSCO,LA CONVENCION,OCOBAMBA,36,11,25,0.3055555555555556
080905,2022,CUSCO,LA CONVENCION,OCOBAMBA,24,10,14,0.4166666666666667
080905,2023,CUSCO,LA CONVENCION,OCOBAMBA,127,37,90,0.29133858267716534
080905,2024,CUSCO,LA CONVENCION,OCOBAMBA,105,35,70,0.3333333333333333
080905,2025,CUSCO,LA CONVENCION,OCOBAMBA,118,22,96,0.1864406779661017
080905,2026,CUSCO,LA CONVENCION,OCOBAMBA,53,8,45,0.1509433962264151
080906,2020,CUSCO,LA CONVENCION,QUELLOUNO,43,8,35,0.18604651162790697
080906,2021,CUSCO,LA CONVENCION,QUELLOUNO,93,23,70,0.24731182795698925
080906,2022,CUSCO,LA CONVENCION,QUELLOUNO,84,30,54,0.35714285714285715
080906,2023,CUSCO,LA CONVENCION,QUELLOUNO,283,44,239,0.15547703180212014
080906,2024,CUSCO,LA CONVENCION,QUELLOUNO,271,41,230,0.15129151291512916
080906,2025,CUSCO,LA CONVENCION,QUELLOUNO,239,25,214,0.10460251046025104
080906,2026,CUSCO,LA CONVENCION,QUELLOUNO,115,14,101,0.12173913043478261
080907,2020,CUSCO,LA CONVENCION,KIMBIRI,418,111,307,0.26555023923444976
080907,2021,CUSCO,LA CONVENCION,KIMBIRI,384,112,272,0.2916666666666667
080907,2022,CUSCO,LA CONVENCION,KIMBIRI,387,100,287,0.25839793281653745
080907,2023,CUSCO,LA CONVENCION,KIMBIRI,1029,133,896,0.1292517006802721
080907,2024,CUSCO,LA CONVENCION,KIMBIRI,690,38,652,0.05507246376811594
080907,2025,CUSCO,LA CONVENCION,KIMBIRI,603,62,541,0.10281923714759536
080907,2026,CUSCO,LA CONVENCION,KIMBIRI,375,55,320,0.14666666666666667
080908,2021,CUSCO,LA CONVENCION,SANTA TERESA,49,13,36,0.2653061224489796
080908,2022,CUSCO,LA CONVENCION,SANTA TERESA,36,12,24,0.3333333333333333
080908,2023,CUSCO,LA CONVENCION,SANTA TERESA,119,14,105,0.11764705882352941
080908,2024,CUSCO,LA CONVENCION,SANTA TERESA,157,30,127,0.1910828025477707
080908,2025,CUSCO,LA CONVENCION,SANTA TERESA,143,16,127,0.11188811188811189
080908,2026,CUSCO,LA CONVENCION,SANTA TERESA,88,15,73,0.17045454545454544
080909,2021,CUSCO,LA CONVENCION,VILCABAMBA,11,11,0,1.0
080909,2022,CUSCO,LA CONVENCION,VILCABAMBA,19,19,0,1.0
080909,2023,CUSCO,LA CONVENCION,VILCABAMBA,192,129,63,0.671875
080909,2024,CUSCO,LA CONVENCION,VILCABAMBA,238,113,125,0.47478991596638653
080909,2025,CUSCO,LA CONVENCION,VILCABAMBA,225,72,153,0.32
080909,2026,CUSCO,LA CONVENCION,VILCABAMBA,148,38,110,0.25675675675675674
080910,2020,CUSCO,LA CONVENCION,PICHARI,256,96,160,0.375
080910,2021,CUSCO,LA CONVENCION,PICHARI,291,124,167,0.4261168384879725
080910,2022,CUSCO,LA CONVENCION,PICHARI,409,144,265,0.35207823960880197
080910,2023,CUSCO,LA CONVENCION,PICHARI,1778,329,1449,0.18503937007874016
080910,2024,CUSCO,LA CONVENCION,PICHARI,1546,188,1358,0.12160413971539456
080910,2025,CUSCO,LA CONVENCION,PICHARI,1518,154,1364,0.10144927536231885
080910,2026,CUSCO,LA CONVENCION,PICHARI,847,81,766,0.09563164108618655
080911,2020,CUSCO,LA CONVENCION,INKAWASI,8,4,4,0.5
080911,2021,CUSCO,LA CONVENCION,INKAWASI,44,29,15,0.6590909090909091
080911,2022,CUSCO,LA CONVENCION,INKAWASI,55,46,9,0.8363636363636363
080911,2023,CUSCO,LA CONVENCION,INKAWASI,164,64,100,0.3902439024390244
080911,2024,CUSCO,LA CONVENCION,INKAWASI,165,43,122,0.2606060606060606
080911,2025,CUSCO,LA CONVENCION,INKAWASI,148,7,141,0.0472972972972973
080911,2026,CUSCO,LA CONVENCION,INKAWASI,93,7,86,0.07526881720430108
080912,2020,CUSCO,LA CONVENCION,VILLA VIRGEN,18,5,13,0.2777777777777778
080912,2021,CUSCO,LA CONVENCION,VILLA VIRGEN,39,10,29,0.2564102564102564
080912,2022,CUSCO,LA CONVENCION,VILLA VIRGEN,50,23,27,0.46
080912,2023,CUSCO,LA CONVENCION,VILLA VIRGEN,128,38,90,0.296875
080912,2024,CUSCO,LA CONVENCION,VILLA VIRGEN,121,35,86,0.2892561983471074
080912,2025,CUSCO,LA CONVENCION,VILLA VIRGEN,106,30,76,0.2830188679245283
080912,2026,CUSCO,LA CONVENCION,VILLA VIRGEN,69,18,51,0.2608695652173913
080913,2020,CUSCO,LA CONVENCION,VILLA KINTIARINA,77,25,52,0.3246753246753247
080913,2021,CUSCO,LA CONVENCION,VILLA KINTIARINA,90,35,55,0.3888888888888889
080913,2022,CUSCO,LA CONVENCION,VILLA KINTIARINA,62,29,33,0.46774193548387094
080913,2023,CUSCO,LA CONVENCION,VILLA KINTIARINA,186,29,157,0.15591397849462366
080913,2024,CUSCO,LA CONVENCION,VILLA KINTIARINA,143,35,108,0.24475524475524477
080913,2025,CUSCO,LA CONVENCION,VILLA KINTIARINA,146,13,133,0.08904109589041095
080913,2026,CUSCO,LA CONVENCION,VILLA KINTIARINA,87,6,81,0.06896551724137931
080914,2020,CUSCO,LA CONVENCION,MEGANTONI,186,99,87,0.532258064516129
080914,2021,CUSCO,LA CONVENCION,MEGANTONI,408,288,120,0.7058823529411765
080914,2022,CUSCO,LA CONVENCION,MEGANTONI,483,376,107,0.7784679089026915
080914,2023,CUSCO,LA CONVENCION,MEGANTONI,1253,645,608,0.5147645650438947
080914,2024,CUSCO,LA CONVENCION,MEGANTONI,1215,631,584,0.5193415637860083
080914,2025,CUSCO,LA CONVENCION,MEGANTONI,1225,358,867,0.2922448979591837
080914,2026,CUSCO,LA CONVENCION,MEGANTONI,753,189,564,0.250996015936255
080916,2024,CUSCO,LA CONVENCION,CIELO PUNCO,103,6,97,0.05825242718446602
080916,2025,CUSCO,LA CONVENCION,CIELO PUNCO,92,8,84,0.08695652173913043
080916,2026,CUSCO,LA CONVENCION,CIELO PUNCO,74,3,71,0.04054054054054054
080917,2024,CUSCO,LA CONVENCION,MANITEA,147,5,142,0.034013605442176874
080917,2025,CUSCO,LA CONVENCION,MANITEA,119,10,109,0.08403361344537816
080917,2026,CUSCO,LA CONVENCION,MANITEA,77,10,67,0.12987012987012986
080918,2024,CUSCO,LA CONVENCION,UNIÓN ASHANINKA,372,23,349,0.06182795698924731
080918,2025,CUSCO,LA CONVENCION,UNIÓN ASHANINKA,403,31,372,0.07692307692307693
080918,2026,CUSCO,LA CONVENCION,UNIÓN ASHANINKA,232,22,210,0.09482758620689655
081001,2022,CUSCO,PARURO,PARURO,14,9,5,0.6428571428571429
081001,2023,CUSCO,PARURO,PARURO,93,11,82,0.11827956989247312
081001,2024,CUSCO,PARURO,PARURO,91,6,85,0.06593406593406594
081001,2025,CUSCO,PARURO,PARURO,76,6,70,0.07894736842105263
081001,2026,CUSCO,PARURO,PARURO,45,9,36,0.2
081002,2021,CUSCO,PARURO,ACCHA,18,9,9,0.5
081002,2022,CUSCO,PARURO,ACCHA,58,44,14,0.7586206896551724
081002,2023,CUSCO,PARURO,ACCHA,101,59,42,0.5841584158415841
081002,2024,CUSCO,PARURO,ACCHA,93,27,66,0.2903225806451613
081002,2025,CUSCO,PARURO,ACCHA,89,32,57,0.3595505617977528
081002,2026,CUSCO,PARURO,ACCHA,56,23,33,0.4107142857142857
081003,2020,CUSCO,PARURO,CCAPI,1,1,0,1.0
081003,2022,CUSCO,PARURO,CCAPI,27,9,18,0.3333333333333333
081003,2023,CUSCO,PARURO,CCAPI,78,16,62,0.20512820512820512
081003,2024,CUSCO,PARURO,CCAPI,73,13,60,0.1780821917808219
081003,2025,CUSCO,PARURO,CCAPI,74,13,61,0.17567567567567569
081003,2026,CUSCO,PARURO,CCAPI,40,6,34,0.15
081004,2022,CUSCO,PARURO,COLCHA,2,0,2,0.0
081004,2023,CUSCO,PARURO,COLCHA,16,2,14,0.125
081004,2024,CUSCO,PARURO,COLCHA,10,1,9,0.1
081004,2025,CUSCO,PARURO,COLCHA,8,0,8,0.0
081004,2026,CUSCO,PARURO,COLCHA,2,1,1,0.5
081005,2022,CUSCO,PARURO,HUANOQUITE,50,25,25,0.5
081005,2023,CUSCO,PARURO,HUANOQUITE,150,74,76,0.49333333333333335
081005,2024,CUSCO,PARURO,HUANOQUITE,144,56,88,0.3888888888888889
081005,2025,CUSCO,PARURO,HUANOQUITE,140,54,86,0.38571428571428573
081005,2026,CUSCO,PARURO,HUANOQUITE,79,22,57,0.27848101265822783
081006,2021,CUSCO,PARURO,OMACHA,11,7,4,0.6363636363636364
081006,2022,CUSCO,PARURO,OMACHA,87,64,23,0.735632183908046
081006,2023,CUSCO,PARURO,OMACHA,198,100,98,0.5050505050505051
081006,2024,CUSCO,PARURO,OMACHA,196,75,121,0.3826530612244898
081006,2025,CUSCO,PARURO,OMACHA,159,41,118,0.2578616352201258
081006,2026,CUSCO,PARURO,OMACHA,89,38,51,0.42696629213483145
081007,2022,CUSCO,PARURO,PACCARITAMBO,6,2,4,0.3333333333333333
081007,2023,CUSCO,PARURO,PACCARITAMBO,34,7,27,0.20588235294117646
081007,2024,CUSCO,PARURO,PACCARITAMBO,37,3,34,0.08108108108108109
081007,2025,CUSCO,PARURO,PACCARITAMBO,30,0,30,0.0
081007,2026,CUSCO,PARURO,PACCARITAMBO,22,3,19,0.13636363636363635
081008,2020,CUSCO,PARURO,PILLPINTO,1,1,0,1.0
081008,2021,CUSCO,PARURO,PILLPINTO,7,5,2,0.7142857142857143
081008,2022,CUSCO,PARURO,PILLPINTO,7,0,7,0.0
081008,2023,CUSCO,PARURO,PILLPINTO,16,0,16,0.0
081008,2024,CUSCO,PARURO,PILLPINTO,7,0,7,0.0
081008,2025,CUSCO,PARURO,PILLPINTO,11,0,11,0.0
081008,2026,CUSCO,PARURO,PILLPINTO,7,0,7,0.0
081009,2021,CUSCO,PARURO,YAURISQUE,2,2,0,1.0
081009,2022,CUSCO,PARURO,YAURISQUE,40,31,9,0.775
081009,2023,CUSCO,PARURO,YAURISQUE,107,46,61,0.42990654205607476
081009,2024,CUSCO,PARURO,YAURISQUE,101,20,81,0.19801980198019803
081009,2025,CUSCO,PARURO,YAURISQUE,92,21,71,0.22826086956521738
081009,2026,CUSCO,PARURO,YAURISQUE,44,17,27,0.38636363636363635
081101,2020,CUSCO,PAUCARTAMBO,PAUCARTAMBO,171,82,89,0.47953216374269003
081101,2021,CUSCO,PAUCARTAMBO,PAUCARTAMBO,218,101,117,0.463302752293578
081101,2022,CUSCO,PAUCARTAMBO,PAUCARTAMBO,181,77,104,0.425414364640884
081101,2023,CUSCO,PAUCARTAMBO,PAUCARTAMBO,445,166,279,0.37303370786516854
081101,2024,CUSCO,PAUCARTAMBO,PAUCARTAMBO,414,124,290,0.2995169082125604
081101,2025,CUSCO,PAUCARTAMBO,PAUCARTAMBO,415,87,328,0.20963855421686747
081101,2026,CUSCO,PAUCARTAMBO,PAUCARTAMBO,238,71,167,0.29831932773109243
081102,2020,CUSCO,PAUCARTAMBO,CAICAY,12,6,6,0.5
081102,2021,CUSCO,PAUCARTAMBO,CAICAY,9,6,3,0.6666666666666666
081102,2022,CUSCO,PAUCARTAMBO,CAICAY,19,11,8,0.5789473684210527
081102,2023,CUSCO,PAUCARTAMBO,CAICAY,59,21,38,0.3559322033898305
081102,2024,CUSCO,PAUCARTAMBO,CAICAY,60,22,38,0.36666666666666664
081102,2025,CUSCO,PAUCARTAMBO,CAICAY,52,3,49,0.057692307692307696
081102,2026,CUSCO,PAUCARTAMBO,CAICAY,24,2,22,0.08333333333333333
081103,2020,CUSCO,PAUCARTAMBO,CHALLABAMBA,75,37,38,0.49333333333333335
081103,2021,CUSCO,PAUCARTAMBO,CHALLABAMBA,183,94,89,0.5136612021857924
081103,2022,CUSCO,PAUCARTAMBO,CHALLABAMBA,152,69,83,0.45394736842105265
081103,2023,CUSCO,PAUCARTAMBO,CHALLABAMBA,330,111,219,0.33636363636363636
081103,2024,CUSCO,PAUCARTAMBO,CHALLABAMBA,299,68,231,0.22742474916387959
081103,2025,CUSCO,PAUCARTAMBO,CHALLABAMBA,257,68,189,0.26459143968871596
081103,2026,CUSCO,PAUCARTAMBO,CHALLABAMBA,161,39,122,0.2422360248447205
081104,2020,CUSCO,PAUCARTAMBO,COLQUEPATA,92,57,35,0.6195652173913043
081104,2021,CUSCO,PAUCARTAMBO,COLQUEPATA,101,76,25,0.7524752475247525
081104,2022,CUSCO,PAUCARTAMBO,COLQUEPATA,96,44,52,0.4583333333333333
081104,2023,CUSCO,PAUCARTAMBO,COLQUEPATA,291,140,151,0.48109965635738833
081104,2024,CUSCO,PAUCARTAMBO,COLQUEPATA,279,53,226,0.18996415770609318
081104,2025,CUSCO,PAUCARTAMBO,COLQUEPATA,224,32,192,0.14285714285714285
081104,2026,CUSCO,PAUCARTAMBO,COLQUEPATA,138,26,112,0.18840579710144928
081105,2020,CUSCO,PAUCARTAMBO,HUANCARANI,46,38,8,0.8260869565217391
081105,2021,CUSCO,PAUCARTAMBO,HUANCARANI,109,100,9,0.9174311926605505
081105,2022,CUSCO,PAUCARTAMBO,HUANCARANI,106,84,22,0.7924528301886793
081105,2023,CUSCO,PAUCARTAMBO,HUANCARANI,281,184,97,0.6548042704626335
081105,2024,CUSCO,PAUCARTAMBO,HUANCARANI,274,102,172,0.3722627737226277
081105,2025,CUSCO,PAUCARTAMBO,HUANCARANI,243,87,156,0.35802469135802467
081105,2026,CUSCO,PAUCARTAMBO,HUANCARANI,151,46,105,0.304635761589404
081106,2020,CUSCO,PAUCARTAMBO,KOSÑIPATA,68,45,23,0.6617647058823529
081106,2021,CUSCO,PAUCARTAMBO,KOSÑIPATA,55,35,20,0.6363636363636364
081106,2022,CUSCO,PAUCARTAMBO,KOSÑIPATA,127,69,58,0.5433070866141733
081106,2023,CUSCO,PAUCARTAMBO,KOSÑIPATA,361,122,239,0.3379501385041551
081106,2024,CUSCO,PAUCARTAMBO,KOSÑIPATA,327,161,166,0.4923547400611621
081106,2025,CUSCO,PAUCARTAMBO,KOSÑIPATA,292,86,206,0.2945205479452055
081106,2026,CUSCO,PAUCARTAMBO,KOSÑIPATA,132,47,85,0.3560606060606061
081201,2020,CUSCO,QUISPICANCHI,URCOS,23,15,8,0.6521739130434783
081201,2021,CUSCO,QUISPICANCHI,URCOS,165,127,38,0.7696969696969697
081201,2022,CUSCO,QUISPICANCHI,URCOS,128,71,57,0.5546875
081201,2023,CUSCO,QUISPICANCHI,URCOS,334,126,208,0.3772455089820359
081201,2024,CUSCO,QUISPICANCHI,URCOS,334,92,242,0.2754491017964072
081201,2025,CUSCO,QUISPICANCHI,URCOS,292,82,210,0.2808219178082192
081201,2026,CUSCO,QUISPICANCHI,URCOS,161,47,114,0.2919254658385093
081202,2021,CUSCO,QUISPICANCHI,ANDAHUAYLILLAS,22,13,9,0.5909090909090909
081202,2022,CUSCO,QUISPICANCHI,ANDAHUAYLILLAS,56,47,9,0.8392857142857143
081202,2023,CUSCO,QUISPICANCHI,ANDAHUAYLILLAS,193,84,109,0.43523316062176165
081202,2024,CUSCO,QUISPICANCHI,ANDAHUAYLILLAS,204,67,137,0.3284313725490196
081202,2025,CUSCO,QUISPICANCHI,ANDAHUAYLILLAS,184,55,129,0.29891304347826086
081202,2026,CUSCO,QUISPICANCHI,ANDAHUAYLILLAS,115,28,87,0.24347826086956523
081203,2020,CUSCO,QUISPICANCHI,CAMANTI,26,18,8,0.6923076923076923
081203,2021,CUSCO,QUISPICANCHI,CAMANTI,44,17,27,0.38636363636363635
081203,2022,CUSCO,QUISPICANCHI,CAMANTI,52,26,26,0.5
081203,2023,CUSCO,QUISPICANCHI,CAMANTI,135,27,108,0.2
081203,2024,CUSCO,QUISPICANCHI,CAMANTI,124,37,87,0.29838709677419356
081203,2025,CUSCO,QUISPICANCHI,CAMANTI,130,33,97,0.25384615384615383
081203,2026,CUSCO,QUISPICANCHI,CAMANTI,67,14,53,0.208955223880597
081204,2021,CUSCO,QUISPICANCHI,CCARHUAYO,3,1,2,0.3333333333333333
081204,2022,CUSCO,QUISPICANCHI,CCARHUAYO,33,14,19,0.42424242424242425
081204,2023,CUSCO,QUISPICANCHI,CCARHUAYO,121,34,87,0.2809917355371901
081204,2024,CUSCO,QUISPICANCHI,CCARHUAYO,99,33,66,0.3333333333333333
081204,2025,CUSCO,QUISPICANCHI,CCARHUAYO,102,20,82,0.19607843137254902
081204,2026,CUSCO,QUISPICANCHI,CCARHUAYO,45,10,35,0.2222222222222222
081205,2020,CUSCO,QUISPICANCHI,CCATCA,39,28,11,0.717948717948718
081205,2021,CUSCO,QUISPICANCHI,CCATCA,142,92,50,0.647887323943662
081205,2022,CUSCO,QUISPICANCHI,CCATCA,229,152,77,0.6637554585152838
081205,2023,CUSCO,QUISPICANCHI,CCATCA,594,246,348,0.41414141414141414
081205,2024,CUSCO,QUISPICANCHI,CCATCA,549,81,468,0.14754098360655737
081205,2025,CUSCO,QUISPICANCHI,CCATCA,443,124,319,0.2799097065462754
081205,2026,CUSCO,QUISPICANCHI,CCATCA,264,78,186,0.29545454545454547
081206,2020,CUSCO,QUISPICANCHI,CUSIPATA,37,26,11,0.7027027027027027
081206,2021,CUSCO,QUISPICANCHI,CUSIPATA,42,20,22,0.47619047619047616
081206,2022,CUSCO,QUISPICANCHI,CUSIPATA,62,31,31,0.5
081206,2023,CUSCO,QUISPICANCHI,CUSIPATA,159,64,95,0.4025157232704403
081206,2024,CUSCO,QUISPICANCHI,CUSIPATA,164,52,112,0.3170731707317073
081206,2025,CUSCO,QUISPICANCHI,CUSIPATA,147,45,102,0.30612244897959184
081206,2026,CUSCO,QUISPICANCHI,CUSIPATA,96,36,60,0.375
081207,2021,CUSCO,QUISPICANCHI,HUARO,10,6,4,0.6
081207,2022,CUSCO,QUISPICANCHI,HUARO,47,23,24,0.48936170212765956
081207,2023,CUSCO,QUISPICANCHI,HUARO,117,36,81,0.3076923076923077
081207,2024,CUSCO,QUISPICANCHI,HUARO,123,15,108,0.12195121951219512
081207,2025,CUSCO,QUISPICANCHI,HUARO,114,12,102,0.10526315789473684
081207,2026,CUSCO,QUISPICANCHI,HUARO,49,10,39,0.20408163265306123
081208,2020,CUSCO,QUISPICANCHI,LUCRE,88,74,14,0.8409090909090909
081208,2021,CUSCO,QUISPICANCHI,LUCRE,52,24,28,0.46153846153846156
081208,2022,CUSCO,QUISPICANCHI,LUCRE,46,24,22,0.5217391304347826
081208,2023,CUSCO,QUISPICANCHI,LUCRE,142,70,72,0.49295774647887325
081208,2024,CUSCO,QUISPICANCHI,LUCRE,131,26,105,0.1984732824427481
081208,2025,CUSCO,QUISPICANCHI,LUCRE,113,25,88,0.22123893805309736
081208,2026,CUSCO,QUISPICANCHI,LUCRE,56,24,32,0.42857142857142855
081209,2020,CUSCO,QUISPICANCHI,MARCAPATA,62,33,29,0.532258064516129
081209,2021,CUSCO,QUISPICANCHI,MARCAPATA,36,22,14,0.6111111111111112
081209,2022,CUSCO,QUISPICANCHI,MARCAPATA,54,35,19,0.6481481481481481
081209,2023,CUSCO,QUISPICANCHI,MARCAPATA,147,74,73,0.5034013605442177
081209,2024,CUSCO,QUISPICANCHI,MARCAPATA,157,59,98,0.37579617834394907
081209,2025,CUSCO,QUISPICANCHI,MARCAPATA,112,35,77,0.3125
081209,2026,CUSCO,QUISPICANCHI,MARCAPATA,58,16,42,0.27586206896551724
081210,2020,CUSCO,QUISPICANCHI,OCONGATE,146,109,37,0.7465753424657534
081210,2021,CUSCO,QUISPICANCHI,OCONGATE,165,118,47,0.7151515151515152
081210,2022,CUSCO,QUISPICANCHI,OCONGATE,201,140,61,0.6965174129353234
081210,2023,CUSCO,QUISPICANCHI,OCONGATE,662,294,368,0.44410876132930516
081210,2024,CUSCO,QUISPICANCHI,OCONGATE,767,250,517,0.3259452411994785
081210,2025,CUSCO,QUISPICANCHI,OCONGATE,657,159,498,0.2420091324200913
081210,2026,CUSCO,QUISPICANCHI,OCONGATE,358,104,254,0.2905027932960894
081211,2020,CUSCO,QUISPICANCHI,OROPESA,157,83,74,0.5286624203821656
081211,2021,CUSCO,QUISPICANCHI,OROPESA,172,88,84,0.5116279069767442
081211,2022,CUSCO,QUISPICANCHI,OROPESA,179,96,83,0.5363128491620112
081211,2023,CUSCO,QUISPICANCHI,OROPESA,416,171,245,0.4110576923076923
081211,2024,CUSCO,QUISPICANCHI,OROPESA,382,124,258,0.32460732984293195
081211,2025,CUSCO,QUISPICANCHI,OROPESA,346,119,227,0.3439306358381503
081211,2026,CUSCO,QUISPICANCHI,OROPESA,223,72,151,0.32286995515695066
081212,2020,CUSCO,QUISPICANCHI,QUIQUIJANA,131,40,91,0.3053435114503817
081212,2021,CUSCO,QUISPICANCHI,QUIQUIJANA,108,31,77,0.28703703703703703
081212,2022,CUSCO,QUISPICANCHI,QUIQUIJANA,109,28,81,0.25688073394495414
081212,2023,CUSCO,QUISPICANCHI,QUIQUIJANA,424,50,374,0.1179245283018868
081212,2024,CUSCO,QUISPICANCHI,QUIQUIJANA,408,34,374,0.08333333333333333
081212,2025,CUSCO,QUISPICANCHI,QUIQUIJANA,329,32,297,0.0972644376899696
081212,2026,CUSCO,QUISPICANCHI,QUIQUIJANA,158,16,142,0.10126582278481013
081301,2020,CUSCO,URUBAMBA,URUBAMBA,581,245,336,0.42168674698795183
081301,2021,CUSCO,URUBAMBA,URUBAMBA,451,144,307,0.31929046563192903
081301,2022,CUSCO,URUBAMBA,URUBAMBA,316,113,203,0.3575949367088608
081301,2023,CUSCO,URUBAMBA,URUBAMBA,530,89,441,0.16792452830188678
081301,2024,CUSCO,URUBAMBA,URUBAMBA,559,87,472,0.1556350626118068
081301,2025,CUSCO,URUBAMBA,URUBAMBA,540,78,462,0.14444444444444443
081301,2026,CUSCO,URUBAMBA,URUBAMBA,276,42,234,0.15217391304347827
081302,2020,CUSCO,URUBAMBA,CHINCHERO,262,79,183,0.3015267175572519
081302,2021,CUSCO,URUBAMBA,CHINCHERO,221,52,169,0.23529411764705882
081302,2022,CUSCO,URUBAMBA,CHINCHERO,173,72,101,0.4161849710982659
081302,2023,CUSCO,URUBAMBA,CHINCHERO,425,131,294,0.30823529411764705
081302,2024,CUSCO,URUBAMBA,CHINCHERO,377,48,329,0.1273209549071618
081302,2025,CUSCO,URUBAMBA,CHINCHERO,343,53,290,0.15451895043731778
081302,2026,CUSCO,URUBAMBA,CHINCHERO,194,25,169,0.12886597938144329
081303,2020,CUSCO,URUBAMBA,HUAYLLABAMBA,126,62,64,0.49206349206349204
081303,2021,CUSCO,URUBAMBA,HUAYLLABAMBA,63,11,52,0.1746031746031746
081303,2022,CUSCO,URUBAMBA,HUAYLLABAMBA,71,22,49,0.30985915492957744
081303,2023,CUSCO,URUBAMBA,HUAYLLABAMBA,155,22,133,0.14193548387096774
081303,2024,CUSCO,URUBAMBA,HUAYLLABAMBA,148,18,130,0.12162162162162163
081303,2025,CUSCO,URUBAMBA,HUAYLLABAMBA,130,12,118,0.09230769230769231
081303,2026,CUSCO,URUBAMBA,HUAYLLABAMBA,67,8,59,0.11940298507462686
081304,2020,CUSCO,URUBAMBA,MACHUPICCHU,123,42,81,0.34146341463414637
081304,2021,CUSCO,URUBAMBA,MACHUPICCHU,138,23,115,0.16666666666666666
081304,2022,CUSCO,URUBAMBA,MACHUPICCHU,60,10,50,0.16666666666666666
081304,2023,CUSCO,URUBAMBA,MACHUPICCHU,139,31,108,0.22302158273381295
081304,2024,CUSCO,URUBAMBA,MACHUPICCHU,137,28,109,0.20437956204379562
081304,2025,CUSCO,URUBAMBA,MACHUPICCHU,140,11,129,0.07857142857142857
081304,2026,CUSCO,URUBAMBA,MACHUPICCHU,95,5,90,0.05263157894736842
081305,2020,CUSCO,URUBAMBA,MARAS,81,41,40,0.5061728395061729
081305,2021,CUSCO,URUBAMBA,MARAS,191,89,102,0.46596858638743455
081305,2022,CUSCO,URUBAMBA,MARAS,115,38,77,0.33043478260869563
081305,2023,CUSCO,URUBAMBA,MARAS,208,45,163,0.21634615384615385
081305,2024,CUSCO,URUBAMBA,MARAS,187,34,153,0.18181818181818182
081305,2025,CUSCO,URUBAMBA,MARAS,150,31,119,0.20666666666666667
081305,2026,CUSCO,URUBAMBA,MARAS,74,22,52,0.2972972972972973
081306,2020,CUSCO,URUBAMBA,OLLANTAYTAMBO,148,90,58,0.6081081081081081
081306,2021,CUSCO,URUBAMBA,OLLANTAYTAMBO,209,90,119,0.430622009569378
081306,2022,CUSCO,URUBAMBA,OLLANTAYTAMBO,107,37,70,0.34579439252336447
081306,2023,CUSCO,URUBAMBA,OLLANTAYTAMBO,309,61,248,0.19741100323624594
081306,2024,CUSCO,URUBAMBA,OLLANTAYTAMBO,285,35,250,0.12280701754385964
081306,2025,CUSCO,URUBAMBA,OLLANTAYTAMBO,255,36,219,0.1411764705882353
081306,2026,CUSCO,URUBAMBA,OLLANTAYTAMBO,126,13,113,0.10317460317460317
081307,2020,CUSCO,URUBAMBA,YUCAY,77,11,66,0.14285714285714285
081307,2021,CUSCO,URUBAMBA,YUCAY,40,4,36,0.1
081307,2022,CUSCO,URUBAMBA,YUCAY,29,1,28,0.034482758620689655
081307,2023,CUSCO,URUBAMBA,YUCAY,96,4,92,0.041666666666666664
081307,2024,CUSCO,URUBAMBA,YUCAY,90,10,80,0.1111111111111111
081307,2025,CUSCO,URUBAMBA,YUCAY,74,9,65,0.12162162162162163
081307,2026,CUSCO,URUBAMBA,YUCAY,46,5,41,0.10869565217391304
090101,2020,HUANCAVELICA,HUANCAVELICA,HUANCAVELICA,403,262,141,0.6501240694789082
090101,2021,HUANCAVELICA,HUANCAVELICA,HUANCAVELICA,387,269,118,0.6950904392764858
090101,2022,HUANCAVELICA,HUANCAVELICA,HUANCAVELICA,370,222,148,0.6
090101,2023,HUANCAVELICA,HUANCAVELICA,HUANCAVELICA,1189,537,652,0.45164003364171573
090101,2024,HUANCAVELICA,HUANCAVELICA,HUANCAVELICA,1130,316,814,0.27964601769911507
090101,2025,HUANCAVELICA,HUANCAVELICA,HUANCAVELICA,980,349,631,0.35612244897959183
090101,2026,HUANCAVELICA,HUANCAVELICA,HUANCAVELICA,698,250,448,0.35816618911174786
090102,2020,HUANCAVELICA,HUANCAVELICA,ACOBAMBILLA,14,12,2,0.8571428571428571
090102,2021,HUANCAVELICA,HUANCAVELICA,ACOBAMBILLA,17,16,1,0.9411764705882353
090102,2022,HUANCAVELICA,HUANCAVELICA,ACOBAMBILLA,11,5,6,0.45454545454545453
090102,2023,HUANCAVELICA,HUANCAVELICA,ACOBAMBILLA,71,25,46,0.352112676056338
090102,2024,HUANCAVELICA,HUANCAVELICA,ACOBAMBILLA,68,12,56,0.17647058823529413
090102,2025,HUANCAVELICA,HUANCAVELICA,ACOBAMBILLA,49,3,46,0.061224489795918366
090102,2026,HUANCAVELICA,HUANCAVELICA,ACOBAMBILLA,30,1,29,0.03333333333333333
090103,2020,HUANCAVELICA,HUANCAVELICA,ACORIA,114,49,65,0.4298245614035088
090103,2021,HUANCAVELICA,HUANCAVELICA,ACORIA,80,38,42,0.475
090103,2022,HUANCAVELICA,HUANCAVELICA,ACORIA,88,19,69,0.2159090909090909
090103,2023,HUANCAVELICA,HUANCAVELICA,ACORIA,671,165,506,0.2459016393442623
090103,2024,HUANCAVELICA,HUANCAVELICA,ACORIA,630,92,538,0.14603174603174604
090103,2025,HUANCAVELICA,HUANCAVELICA,ACORIA,510,70,440,0.13725490196078433
090103,2026,HUANCAVELICA,HUANCAVELICA,ACORIA,343,55,288,0.16034985422740525
090104,2020,HUANCAVELICA,HUANCAVELICA,CONAYCA,8,0,8,0.0
090104,2021,HUANCAVELICA,HUANCAVELICA,CONAYCA,2,0,2,0.0
090104,2022,HUANCAVELICA,HUANCAVELICA,CONAYCA,10,1,9,0.1
090104,2023,HUANCAVELICA,HUANCAVELICA,CONAYCA,25,3,22,0.12
090104,2024,HUANCAVELICA,HUANCAVELICA,CONAYCA,22,4,18,0.18181818181818182
090104,2025,HUANCAVELICA,HUANCAVELICA,CONAYCA,14,2,12,0.14285714285714285
090104,2026,HUANCAVELICA,HUANCAVELICA,CONAYCA,10,2,8,0.2
090105,2020,HUANCAVELICA,HUANCAVELICA,CUENCA,3,2,1,0.6666666666666666
090105,2021,HUANCAVELICA,HUANCAVELICA,CUENCA,5,2,3,0.4
090105,2022,HUANCAVELICA,HUANCAVELICA,CUENCA,1,0,1,0.0
090105,2023,HUANCAVELICA,HUANCAVELICA,CUENCA,32,8,24,0.25
090105,2024,HUANCAVELICA,HUANCAVELICA,CUENCA,29,1,28,0.034482758620689655
090105,2025,HUANCAVELICA,HUANCAVELICA,CUENCA,24,0,24,0.0
090105,2026,HUANCAVELICA,HUANCAVELICA,CUENCA,13,0,13,0.0
090106,2020,HUANCAVELICA,HUANCAVELICA,HUACHOCOLPA,34,0,34,0.0
090106,2021,HUANCAVELICA,HUANCAVELICA,HUACHOCOLPA,43,2,41,0.046511627906976744
090106,2022,HUANCAVELICA,HUANCAVELICA,HUACHOCOLPA,26,1,25,0.038461538461538464
090106,2023,HUANCAVELICA,HUANCAVELICA,HUACHOCOLPA,99,4,95,0.04040404040404041
090106,2024,HUANCAVELICA,HUANCAVELICA,HUACHOCOLPA,92,3,89,0.03260869565217391
090106,2025,HUANCAVELICA,HUANCAVELICA,HUACHOCOLPA,84,5,79,0.05952380952380952
090106,2026,HUANCAVELICA,HUANCAVELICA,HUACHOCOLPA,54,6,48,0.1111111111111111
090107,2023,HUANCAVELICA,HUANCAVELICA,HUAYLLAHUARA,10,7,3,0.7
090107,2024,HUANCAVELICA,HUANCAVELICA,HUAYLLAHUARA,8,2,6,0.25
090107,2025,HUANCAVELICA,HUANCAVELICA,HUAYLLAHUARA,8,5,3,0.625
090107,2026,HUANCAVELICA,HUANCAVELICA,HUAYLLAHUARA,6,2,4,0.3333333333333333
090108,2020,HUANCAVELICA,HUANCAVELICA,IZCUCHACA,23,15,8,0.6521739130434783
090108,2021,HUANCAVELICA,HUANCAVELICA,IZCUCHACA,19,15,4,0.7894736842105263
090108,2022,HUANCAVELICA,HUANCAVELICA,IZCUCHACA,13,7,6,0.5384615384615384
090108,2023,HUANCAVELICA,HUANCAVELICA,IZCUCHACA,29,14,15,0.4827586206896552
090108,2024,HUANCAVELICA,HUANCAVELICA,IZCUCHACA,36,15,21,0.4166666666666667
090108,2025,HUANCAVELICA,HUANCAVELICA,IZCUCHACA,34,12,22,0.35294117647058826
090108,2026,HUANCAVELICA,HUANCAVELICA,IZCUCHACA,21,6,15,0.2857142857142857
090109,2020,HUANCAVELICA,HUANCAVELICA,LARIA,1,1,0,1.0
090109,2021,HUANCAVELICA,HUANCAVELICA,LARIA,5,3,2,0.6
090109,2022,HUANCAVELICA,HUANCAVELICA,LARIA,1,0,1,0.0
090109,2023,HUANCAVELICA,HUANCAVELICA,LARIA,15,6,9,0.4
090109,2024,HUANCAVELICA,HUANCAVELICA,LARIA,14,1,13,0.07142857142857142
090109,2025,HUANCAVELICA,HUANCAVELICA,LARIA,15,1,14,0.06666666666666667
090109,2026,HUANCAVELICA,HUANCAVELICA,LARIA,9,0,9,0.0
090110,2020,HUANCAVELICA,HUANCAVELICA,MANTA,7,5,2,0.7142857142857143
090110,2021,HUANCAVELICA,HUANCAVELICA,MANTA,2,1,1,0.5
090110,2022,HUANCAVELICA,HUANCAVELICA,MANTA,3,0,3,0.0
090110,2023,HUANCAVELICA,HUANCAVELICA,MANTA,35,14,21,0.4
090110,2024,HUANCAVELICA,HUANCAVELICA,MANTA,32,3,29,0.09375
090110,2025,HUANCAVELICA,HUANCAVELICA,MANTA,22,0,22,0.0
090110,2026,HUANCAVELICA,HUANCAVELICA,MANTA,15,0,15,0.0
090111,2021,HUANCAVELICA,HUANCAVELICA,MARISCAL CACERES,3,2,1,0.6666666666666666
090111,2022,HUANCAVELICA,HUANCAVELICA,MARISCAL CACERES,1,1,0,1.0
090111,2023,HUANCAVELICA,HUANCAVELICA,MARISCAL CACERES,30,11,19,0.36666666666666664
090111,2024,HUANCAVELICA,HUANCAVELICA,MARISCAL CACERES,36,4,32,0.1111111111111111
090111,2025,HUANCAVELICA,HUANCAVELICA,MARISCAL CACERES,38,6,32,0.15789473684210525
090111,2026,HUANCAVELICA,HUANCAVELICA,MARISCAL CACERES,22,0,22,0.0
090112,2020,HUANCAVELICA,HUANCAVELICA,MOYA,5,3,2,0.6
090112,2022,HUANCAVELICA,HUANCAVELICA,MOYA,2,1,1,0.5
090112,2023,HUANCAVELICA,HUANCAVELICA,MOYA,13,12,1,0.9230769230769231
090112,2024,HUANCAVELICA,HUANCAVELICA,MOYA,17,4,13,0.23529411764705882
090112,2025,HUANCAVELICA,HUANCAVELICA,MOYA,21,5,16,0.23809523809523808
090112,2026,HUANCAVELICA,HUANCAVELICA,MOYA,12,0,12,0.0
090113,2020,HUANCAVELICA,HUANCAVELICA,NUEVO OCCORO,14,5,9,0.35714285714285715
090113,2021,HUANCAVELICA,HUANCAVELICA,NUEVO OCCORO,15,5,10,0.3333333333333333
090113,2022,HUANCAVELICA,HUANCAVELICA,NUEVO OCCORO,17,13,4,0.7647058823529411
090113,2023,HUANCAVELICA,HUANCAVELICA,NUEVO OCCORO,54,34,20,0.6296296296296297
090113,2024,HUANCAVELICA,HUANCAVELICA,NUEVO OCCORO,64,16,48,0.25
090113,2025,HUANCAVELICA,HUANCAVELICA,NUEVO OCCORO,59,10,49,0.1694915254237288
090113,2026,HUANCAVELICA,HUANCAVELICA,NUEVO OCCORO,38,8,30,0.21052631578947367
090114,2020,HUANCAVELICA,HUANCAVELICA,PALCA,23,12,11,0.5217391304347826
090114,2021,HUANCAVELICA,HUANCAVELICA,PALCA,15,9,6,0.6
090114,2022,HUANCAVELICA,HUANCAVELICA,PALCA,15,6,9,0.4
090114,2023,HUANCAVELICA,HUANCAVELICA,PALCA,67,20,47,0.29850746268656714
090114,2024,HUANCAVELICA,HUANCAVELICA,PALCA,54,3,51,0.05555555555555555
090114,2025,HUANCAVELICA,HUANCAVELICA,PALCA,52,7,45,0.1346153846153846
090114,2026,HUANCAVELICA,HUANCAVELICA,PALCA,35,6,29,0.17142857142857143
090115,2022,HUANCAVELICA,HUANCAVELICA,PILCHACA,0,0,0,
090115,2023,HUANCAVELICA,HUANCAVELICA,PILCHACA,9,5,4,0.5555555555555556
090115,2024,HUANCAVELICA,HUANCAVELICA,PILCHACA,9,4,5,0.4444444444444444
090115,2025,HUANCAVELICA,HUANCAVELICA,PILCHACA,6,0,6,0.0
090115,2026,HUANCAVELICA,HUANCAVELICA,PILCHACA,6,0,6,0.0
090116,2021,HUANCAVELICA,HUANCAVELICA,VILCA,1,0,1,0.0
090116,2022,HUANCAVELICA,HUANCAVELICA,VILCA,4,0,4,0.0
090116,2023,HUANCAVELICA,HUANCAVELICA,VILCA,61,3,58,0.04918032786885246
090116,2024,HUANCAVELICA,HUANCAVELICA,VILCA,56,8,48,0.14285714285714285
090116,2025,HUANCAVELICA,HUANCAVELICA,VILCA,42,4,38,0.09523809523809523
090116,2026,HUANCAVELICA,HUANCAVELICA,VILCA,28,4,24,0.14285714285714285
090117,2020,HUANCAVELICA,HUANCAVELICA,YAULI,496,227,269,0.4576612903225806
090117,2021,HUANCAVELICA,HUANCAVELICA,YAULI,363,152,211,0.418732782369146
090117,2022,HUANCAVELICA,HUANCAVELICA,YAULI,433,178,255,0.4110854503464203
090117,2023,HUANCAVELICA,HUANCAVELICA,YAULI,1082,246,836,0.22735674676524953
090117,2024,HUANCAVELICA,HUANCAVELICA,YAULI,1012,164,848,0.16205533596837945
090117,2025,HUANCAVELICA,HUANCAVELICA,YAULI,913,118,795,0.12924424972617743
090117,2026,HUANCAVELICA,HUANCAVELICA,YAULI,629,67,562,0.10651828298887123
090118,2020,HUANCAVELICA,HUANCAVELICA,ASCENSION,189,105,84,0.5555555555555556
090118,2021,HUANCAVELICA,HUANCAVELICA,ASCENSION,229,142,87,0.6200873362445415
090118,2022,HUANCAVELICA,HUANCAVELICA,ASCENSION,224,173,51,0.7723214285714286
090118,2023,HUANCAVELICA,HUANCAVELICA,ASCENSION,421,249,172,0.5914489311163895
090118,2024,HUANCAVELICA,HUANCAVELICA,ASCENSION,383,101,282,0.26370757180156656
090118,2025,HUANCAVELICA,HUANCAVELICA,ASCENSION,308,106,202,0.34415584415584416
090118,2026,HUANCAVELICA,HUANCAVELICA,ASCENSION,226,80,146,0.35398230088495575
090119,2020,HUANCAVELICA,HUANCAVELICA,HUANDO,101,49,52,0.48514851485148514
090119,2021,HUANCAVELICA,HUANCAVELICA,HUANDO,77,34,43,0.44155844155844154
090119,2022,HUANCAVELICA,HUANCAVELICA,HUANDO,78,42,36,0.5384615384615384
090119,2023,HUANCAVELICA,HUANCAVELICA,HUANDO,226,89,137,0.3938053097345133
090119,2024,HUANCAVELICA,HUANCAVELICA,HUANDO,221,47,174,0.21266968325791855
090119,2025,HUANCAVELICA,HUANCAVELICA,HUANDO,185,33,152,0.1783783783783784
090119,2026,HUANCAVELICA,HUANCAVELICA,HUANDO,137,32,105,0.23357664233576642
090201,2020,HUANCAVELICA,ACOBAMBA,ACOBAMBA,12,5,7,0.4166666666666667
090201,2021,HUANCAVELICA,ACOBAMBA,ACOBAMBA,17,11,6,0.6470588235294118
090201,2022,HUANCAVELICA,ACOBAMBA,ACOBAMBA,51,42,9,0.8235294117647058
090201,2023,HUANCAVELICA,ACOBAMBA,ACOBAMBA,236,123,113,0.5211864406779662
090201,2024,HUANCAVELICA,ACOBAMBA,ACOBAMBA,280,83,197,0.29642857142857143
090201,2025,HUANCAVELICA,ACOBAMBA,ACOBAMBA,262,75,187,0.2862595419847328
090201,2026,HUANCAVELICA,ACOBAMBA,ACOBAMBA,195,64,131,0.3282051282051282
090202,2020,HUANCAVELICA,ACOBAMBA,ANDABAMBA,14,10,4,0.7142857142857143
090202,2021,HUANCAVELICA,ACOBAMBA,ANDABAMBA,2,2,0,1.0
090202,2022,HUANCAVELICA,ACOBAMBA,ANDABAMBA,4,0,4,0.0
090202,2023,HUANCAVELICA,ACOBAMBA,ANDABAMBA,114,22,92,0.19298245614035087
090202,2024,HUANCAVELICA,ACOBAMBA,ANDABAMBA,126,23,103,0.18253968253968253
090202,2025,HUANCAVELICA,ACOBAMBA,ANDABAMBA,128,19,109,0.1484375
090202,2026,HUANCAVELICA,ACOBAMBA,ANDABAMBA,92,12,80,0.13043478260869565
090203,2020,HUANCAVELICA,ACOBAMBA,ANTA,23,15,8,0.6521739130434783
090203,2021,HUANCAVELICA,ACOBAMBA,ANTA,27,13,14,0.48148148148148145
090203,2022,HUANCAVELICA,ACOBAMBA,ANTA,19,10,9,0.5263157894736842
090203,2023,HUANCAVELICA,ACOBAMBA,ANTA,162,42,120,0.25925925925925924
090203,2024,HUANCAVELICA,ACOBAMBA,ANTA,143,11,132,0.07692307692307693
090203,2025,HUANCAVELICA,ACOBAMBA,ANTA,112,8,104,0.07142857142857142
090203,2026,HUANCAVELICA,ACOBAMBA,ANTA,65,3,62,0.046153846153846156
090204,2020,HUANCAVELICA,ACOBAMBA,CAJA,15,11,4,0.7333333333333333
090204,2021,HUANCAVELICA,ACOBAMBA,CAJA,14,6,8,0.42857142857142855
090204,2022,HUANCAVELICA,ACOBAMBA,CAJA,13,10,3,0.7692307692307693
090204,2023,HUANCAVELICA,ACOBAMBA,CAJA,59,33,26,0.559322033898305
090204,2024,HUANCAVELICA,ACOBAMBA,CAJA,54,18,36,0.3333333333333333
090204,2025,HUANCAVELICA,ACOBAMBA,CAJA,52,8,44,0.15384615384615385
090204,2026,HUANCAVELICA,ACOBAMBA,CAJA,38,2,36,0.05263157894736842
090205,2020,HUANCAVELICA,ACOBAMBA,MARCAS,9,4,5,0.4444444444444444
090205,2021,HUANCAVELICA,ACOBAMBA,MARCAS,3,3,0,1.0
090205,2022,HUANCAVELICA,ACOBAMBA,MARCAS,4,1,3,0.25
090205,2023,HUANCAVELICA,ACOBAMBA,MARCAS,32,14,18,0.4375
090205,2024,HUANCAVELICA,ACOBAMBA,MARCAS,31,5,26,0.16129032258064516
090205,2025,HUANCAVELICA,ACOBAMBA,MARCAS,26,6,20,0.23076923076923078
090205,2026,HUANCAVELICA,ACOBAMBA,MARCAS,18,6,12,0.3333333333333333
090206,2020,HUANCAVELICA,ACOBAMBA,PAUCARA,121,104,17,0.859504132231405
090206,2021,HUANCAVELICA,ACOBAMBA,PAUCARA,109,93,16,0.8532110091743119
090206,2022,HUANCAVELICA,ACOBAMBA,PAUCARA,98,71,27,0.7244897959183674
090206,2023,HUANCAVELICA,ACOBAMBA,PAUCARA,486,253,233,0.5205761316872428
090206,2024,HUANCAVELICA,ACOBAMBA,PAUCARA,482,150,332,0.3112033195020747
090206,2025,HUANCAVELICA,ACOBAMBA,PAUCARA,410,137,273,0.33414634146341465
090206,2026,HUANCAVELICA,ACOBAMBA,PAUCARA,276,88,188,0.3188405797101449
090207,2020,HUANCAVELICA,ACOBAMBA,POMACOCHA,5,4,1,0.8
090207,2021,HUANCAVELICA,ACOBAMBA,POMACOCHA,20,15,5,0.75
090207,2022,HUANCAVELICA,ACOBAMBA,POMACOCHA,19,13,6,0.6842105263157895
090207,2023,HUANCAVELICA,ACOBAMBA,POMACOCHA,81,17,64,0.20987654320987653
090207,2024,HUANCAVELICA,ACOBAMBA,POMACOCHA,65,13,52,0.2
090207,2025,HUANCAVELICA,ACOBAMBA,POMACOCHA,56,7,49,0.125
090207,2026,HUANCAVELICA,ACOBAMBA,POMACOCHA,49,5,44,0.10204081632653061
090208,2020,HUANCAVELICA,ACOBAMBA,ROSARIO,27,16,11,0.5925925925925926
090208,2021,HUANCAVELICA,ACOBAMBA,ROSARIO,17,5,12,0.29411764705882354
090208,2022,HUANCAVELICA,ACOBAMBA,ROSARIO,31,21,10,0.6774193548387096
090208,2023,HUANCAVELICA,ACOBAMBA,ROSARIO,160,33,127,0.20625
090208,2024,HUANCAVELICA,ACOBAMBA,ROSARIO,135,25,110,0.18518518518518517
090208,2025,HUANCAVELICA,ACOBAMBA,ROSARIO,130,15,115,0.11538461538461539
090208,2026,HUANCAVELICA,ACOBAMBA,ROSARIO,86,9,77,0.10465116279069768
090301,2020,HUANCAVELICA,ANGARAES,LIRCAY,373,226,147,0.6058981233243967
090301,2021,HUANCAVELICA,ANGARAES,LIRCAY,181,70,111,0.3867403314917127
090301,2022,HUANCAVELICA,ANGARAES,LIRCAY,232,73,159,0.3146551724137931
090301,2023,HUANCAVELICA,ANGARAES,LIRCAY,860,229,631,0.26627906976744187
090301,2024,HUANCAVELICA,ANGARAES,LIRCAY,846,163,683,0.19267139479905437
090301,2025,HUANCAVELICA,ANGARAES,LIRCAY,809,166,643,0.20519159456118666
090301,2026,HUANCAVELICA,ANGARAES,LIRCAY,524,105,419,0.20038167938931298
090302,2020,HUANCAVELICA,ANGARAES,ANCHONGA,32,8,24,0.25
090302,2021,HUANCAVELICA,ANGARAES,ANCHONGA,71,37,34,0.5211267605633803
090302,2022,HUANCAVELICA,ANGARAES,ANCHONGA,113,57,56,0.504424778761062
090302,2023,HUANCAVELICA,ANGARAES,ANCHONGA,318,74,244,0.23270440251572327
090302,2024,HUANCAVELICA,ANGARAES,ANCHONGA,280,49,231,0.175
090302,2025,HUANCAVELICA,ANGARAES,ANCHONGA,240,34,206,0.14166666666666666
090302,2026,HUANCAVELICA,ANGARAES,ANCHONGA,167,20,147,0.11976047904191617
090303,2020,HUANCAVELICA,ANGARAES,CALLANMARCA,6,5,1,0.8333333333333334
090303,2021,HUANCAVELICA,ANGARAES,CALLANMARCA,5,5,0,1.0
090303,2022,HUANCAVELICA,ANGARAES,CALLANMARCA,8,5,3,0.625
090303,2023,HUANCAVELICA,ANGARAES,CALLANMARCA,24,11,13,0.4583333333333333
090303,2024,HUANCAVELICA,ANGARAES,CALLANMARCA,20,5,15,0.25
090303,2025,HUANCAVELICA,ANGARAES,CALLANMARCA,17,0,17,0.0
090303,2026,HUANCAVELICA,ANGARAES,CALLANMARCA,13,3,10,0.23076923076923078
090304,2020,HUANCAVELICA,ANGARAES,CCOCHACCASA,44,25,19,0.5681818181818182
090304,2021,HUANCAVELICA,ANGARAES,CCOCHACCASA,57,40,17,0.7017543859649122
090304,2022,HUANCAVELICA,ANGARAES,CCOCHACCASA,53,18,35,0.33962264150943394
090304,2023,HUANCAVELICA,ANGARAES,CCOCHACCASA,158,72,86,0.45569620253164556
090304,2024,HUANCAVELICA,ANGARAES,CCOCHACCASA,161,48,113,0.2981366459627329
090304,2025,HUANCAVELICA,ANGARAES,CCOCHACCASA,134,12,122,0.08955223880597014
090304,2026,HUANCAVELICA,ANGARAES,CCOCHACCASA,92,9,83,0.09782608695652174
090305,2020,HUANCAVELICA,ANGARAES,CHINCHO,21,14,7,0.6666666666666666
090305,2021,HUANCAVELICA,ANGARAES,CHINCHO,8,8,0,1.0
090305,2022,HUANCAVELICA,ANGARAES,CHINCHO,12,9,3,0.75
090305,2023,HUANCAVELICA,ANGARAES,CHINCHO,40,26,14,0.65
090305,2024,HUANCAVELICA,ANGARAES,CHINCHO,33,17,16,0.5151515151515151
090305,2025,HUANCAVELICA,ANGARAES,CHINCHO,22,7,15,0.3181818181818182
090305,2026,HUANCAVELICA,ANGARAES,CHINCHO,20,5,15,0.25
090306,2020,HUANCAVELICA,ANGARAES,CONGALLA,23,13,10,0.5652173913043478
090306,2021,HUANCAVELICA,ANGARAES,CONGALLA,27,9,18,0.3333333333333333
090306,2022,HUANCAVELICA,ANGARAES,CONGALLA,19,11,8,0.5789473684210527
090306,2023,HUANCAVELICA,ANGARAES,CONGALLA,101,41,60,0.40594059405940597
090306,2024,HUANCAVELICA,ANGARAES,CONGALLA,111,14,97,0.12612612612612611
090306,2025,HUANCAVELICA,ANGARAES,CONGALLA,97,11,86,0.1134020618556701
090306,2026,HUANCAVELICA,ANGARAES,CONGALLA,71,9,62,0.1267605633802817
090307,2020,HUANCAVELICA,ANGARAES,HUANCA-HUANCA,4,3,1,0.75
090307,2021,HUANCAVELICA,ANGARAES,HUANCA-HUANCA,6,4,2,0.6666666666666666
090307,2022,HUANCAVELICA,ANGARAES,HUANCA-HUANCA,11,9,2,0.8181818181818182
090307,2023,HUANCAVELICA,ANGARAES,HUANCA-HUANCA,52,22,30,0.4230769230769231
090307,2024,HUANCAVELICA,ANGARAES,HUANCA-HUANCA,54,9,45,0.16666666666666666
090307,2025,HUANCAVELICA,ANGARAES,HUANCA-HUANCA,50,2,48,0.04
090307,2026,HUANCAVELICA,ANGARAES,HUANCA-HUANCA,38,1,37,0.02631578947368421
090308,2020,HUANCAVELICA,ANGARAES,HUALLAY-GRANDE,4,1,3,0.25
090308,2021,HUANCAVELICA,ANGARAES,HUALLAY-GRANDE,9,5,4,0.5555555555555556
090308,2022,HUANCAVELICA,ANGARAES,HUALLAY-GRANDE,10,9,1,0.9
090308,2023,HUANCAVELICA,ANGARAES,HUALLAY-GRANDE,42,11,31,0.2619047619047619
090308,2024,HUANCAVELICA,ANGARAES,HUALLAY-GRANDE,45,9,36,0.2
090308,2025,HUANCAVELICA,ANGARAES,HUALLAY-GRANDE,34,4,30,0.11764705882352941
090308,2026,HUANCAVELICA,ANGARAES,HUALLAY-GRANDE,20,0,20,0.0
090309,2020,HUANCAVELICA,ANGARAES,JULCAMARCA,18,9,9,0.5
090309,2021,HUANCAVELICA,ANGARAES,JULCAMARCA,17,6,11,0.35294117647058826
090309,2022,HUANCAVELICA,ANGARAES,JULCAMARCA,13,6,7,0.46153846153846156
090309,2023,HUANCAVELICA,ANGARAES,JULCAMARCA,41,7,34,0.17073170731707318
090309,2024,HUANCAVELICA,ANGARAES,JULCAMARCA,39,2,37,0.05128205128205128
090309,2025,HUANCAVELICA,ANGARAES,JULCAMARCA,37,1,36,0.02702702702702703
090309,2026,HUANCAVELICA,ANGARAES,JULCAMARCA,23,3,20,0.13043478260869565
090310,2020,HUANCAVELICA,ANGARAES,SAN ANTONIO DE ANTAPARCO,27,17,10,0.6296296296296297
090310,2021,HUANCAVELICA,ANGARAES,SAN ANTONIO DE ANTAPARCO,15,11,4,0.7333333333333333
090310,2022,HUANCAVELICA,ANGARAES,SAN ANTONIO DE ANTAPARCO,12,8,4,0.6666666666666666
090310,2023,HUANCAVELICA,ANGARAES,SAN ANTONIO DE ANTAPARCO,23,2,21,0.08695652173913043
090310,2024,HUANCAVELICA,ANGARAES,SAN ANTONIO DE ANTAPARCO,14,0,14,0.0
090310,2025,HUANCAVELICA,ANGARAES,SAN ANTONIO DE ANTAPARCO,10,0,10,0.0
090310,2026,HUANCAVELICA,ANGARAES,SAN ANTONIO DE ANTAPARCO,8,0,8,0.0
090311,2020,HUANCAVELICA,ANGARAES,SANTO TOMAS DE PATA,28,17,11,0.6071428571428571
090311,2021,HUANCAVELICA,ANGARAES,SANTO TOMAS DE PATA,19,9,10,0.47368421052631576
090311,2022,HUANCAVELICA,ANGARAES,SANTO TOMAS DE PATA,13,6,7,0.46153846153846156
090311,2023,HUANCAVELICA,ANGARAES,SANTO TOMAS DE PATA,39,6,33,0.15384615384615385
090311,2024,HUANCAVELICA,ANGARAES,SANTO TOMAS DE PATA,35,2,33,0.05714285714285714
090311,2025,HUANCAVELICA,ANGARAES,SANTO TOMAS DE PATA,32,2,30,0.0625
090311,2026,HUANCAVELICA,ANGARAES,SANTO TOMAS DE PATA,24,4,20,0.16666666666666666
090312,2020,HUANCAVELICA,ANGARAES,SECCLLA,42,14,28,0.3333333333333333
090312,2021,HUANCAVELICA,ANGARAES,SECCLLA,39,16,23,0.41025641025641024
090312,2022,HUANCAVELICA,ANGARAES,SECCLLA,31,13,18,0.41935483870967744
090312,2023,HUANCAVELICA,ANGARAES,SECCLLA,131,33,98,0.25190839694656486
090312,2024,HUANCAVELICA,ANGARAES,SECCLLA,114,22,92,0.19298245614035087
090312,2025,HUANCAVELICA,ANGARAES,SECCLLA,99,15,84,0.15151515151515152
090312,2026,HUANCAVELICA,ANGARAES,SECCLLA,73,7,66,0.0958904109589041
090401,2020,HUANCAVELICA,CASTROVIRREYNA,CASTROVIRREYNA,28,17,11,0.6071428571428571
090401,2021,HUANCAVELICA,CASTROVIRREYNA,CASTROVIRREYNA,30,19,11,0.6333333333333333
090401,2022,HUANCAVELICA,CASTROVIRREYNA,CASTROVIRREYNA,12,9,3,0.75
090401,2023,HUANCAVELICA,CASTROVIRREYNA,CASTROVIRREYNA,108,37,71,0.3425925925925926
090401,2024,HUANCAVELICA,CASTROVIRREYNA,CASTROVIRREYNA,109,6,103,0.05504587155963303
090401,2025,HUANCAVELICA,CASTROVIRREYNA,CASTROVIRREYNA,94,9,85,0.09574468085106383
090401,2026,HUANCAVELICA,CASTROVIRREYNA,CASTROVIRREYNA,65,4,61,0.06153846153846154
090402,2020,HUANCAVELICA,CASTROVIRREYNA,ARMA,6,5,1,0.8333333333333334
090402,2021,HUANCAVELICA,CASTROVIRREYNA,ARMA,15,11,4,0.7333333333333333
090402,2022,HUANCAVELICA,CASTROVIRREYNA,ARMA,2,1,1,0.5
090402,2023,HUANCAVELICA,CASTROVIRREYNA,ARMA,21,13,8,0.6190476190476191
090402,2024,HUANCAVELICA,CASTROVIRREYNA,ARMA,17,2,15,0.11764705882352941
090402,2025,HUANCAVELICA,CASTROVIRREYNA,ARMA,14,2,12,0.14285714285714285
090402,2026,HUANCAVELICA,CASTROVIRREYNA,ARMA,11,1,10,0.09090909090909091
090403,2020,HUANCAVELICA,CASTROVIRREYNA,AURAHUA,7,5,2,0.7142857142857143
090403,2021,HUANCAVELICA,CASTROVIRREYNA,AURAHUA,8,5,3,0.625
090403,2022,HUANCAVELICA,CASTROVIRREYNA,AURAHUA,5,5,0,1.0
090403,2023,HUANCAVELICA,CASTROVIRREYNA,AURAHUA,41,14,27,0.34146341463414637
090403,2024,HUANCAVELICA,CASTROVIRREYNA,AURAHUA,38,3,35,0.07894736842105263
090403,2025,HUANCAVELICA,CASTROVIRREYNA,AURAHUA,33,3,30,0.09090909090909091
090403,2026,HUANCAVELICA,CASTROVIRREYNA,AURAHUA,19,0,19,0.0
090404,2020,HUANCAVELICA,CASTROVIRREYNA,CAPILLAS,9,8,1,0.8888888888888888
090404,2021,HUANCAVELICA,CASTROVIRREYNA,CAPILLAS,8,6,2,0.75
090404,2022,HUANCAVELICA,CASTROVIRREYNA,CAPILLAS,5,5,0,1.0
090404,2023,HUANCAVELICA,CASTROVIRREYNA,CAPILLAS,34,14,20,0.4117647058823529
090404,2024,HUANCAVELICA,CASTROVIRREYNA,CAPILLAS,33,7,26,0.21212121212121213
090404,2025,HUANCAVELICA,CASTROVIRREYNA,CAPILLAS,32,3,29,0.09375
090404,2026,HUANCAVELICA,CASTROVIRREYNA,CAPILLAS,22,1,21,0.045454545454545456
090405,2021,HUANCAVELICA,CASTROVIRREYNA,CHUPAMARCA,9,9,0,1.0
090405,2022,HUANCAVELICA,CASTROVIRREYNA,CHUPAMARCA,8,6,2,0.75
090405,2023,HUANCAVELICA,CASTROVIRREYNA,CHUPAMARCA,29,7,22,0.2413793103448276
090405,2024,HUANCAVELICA,CASTROVIRREYNA,CHUPAMARCA,22,1,21,0.045454545454545456
090405,2025,HUANCAVELICA,CASTROVIRREYNA,CHUPAMARCA,19,0,19,0.0
090405,2026,HUANCAVELICA,CASTROVIRREYNA,CHUPAMARCA,11,0,11,0.0
090406,2021,HUANCAVELICA,CASTROVIRREYNA,COCAS,3,1,2,0.3333333333333333
090406,2022,HUANCAVELICA,CASTROVIRREYNA,COCAS,5,0,5,0.0
090406,2023,HUANCAVELICA,CASTROVIRREYNA,COCAS,26,7,19,0.2692307692307692
090406,2024,HUANCAVELICA,CASTROVIRREYNA,COCAS,22,1,21,0.045454545454545456
090406,2025,HUANCAVELICA,CASTROVIRREYNA,COCAS,16,1,15,0.0625
090406,2026,HUANCAVELICA,CASTROVIRREYNA,COCAS,14,1,13,0.07142857142857142
090407,2020,HUANCAVELICA,CASTROVIRREYNA,HUACHOS,3,2,1,0.6666666666666666
090407,2021,HUANCAVELICA,CASTROVIRREYNA,HUACHOS,18,10,8,0.5555555555555556
090407,2022,HUANCAVELICA,CASTROVIRREYNA,HUACHOS,9,3,6,0.3333333333333333
090407,2023,HUANCAVELICA,CASTROVIRREYNA,HUACHOS,28,4,24,0.14285714285714285
090407,2024,HUANCAVELICA,CASTROVIRREYNA,HUACHOS,35,1,34,0.02857142857142857
090407,2025,HUANCAVELICA,CASTROVIRREYNA,HUACHOS,30,2,28,0.06666666666666667
090407,2026,HUANCAVELICA,CASTROVIRREYNA,HUACHOS,27,2,25,0.07407407407407407
090408,2020,HUANCAVELICA,CASTROVIRREYNA,HUAMATAMBO,1,0,1,0.0
090408,2022,HUANCAVELICA,CASTROVIRREYNA,HUAMATAMBO,3,3,0,1.0
090408,2023,HUANCAVELICA,CASTROVIRREYNA,HUAMATAMBO,12,6,6,0.5
090408,2024,HUANCAVELICA,CASTROVIRREYNA,HUAMATAMBO,11,0,11,0.0
090408,2025,HUANCAVELICA,CASTROVIRREYNA,HUAMATAMBO,13,1,12,0.07692307692307693
090408,2026,HUANCAVELICA,CASTROVIRREYNA,HUAMATAMBO,7,0,7,0.0
090409,2020,HUANCAVELICA,CASTROVIRREYNA,MOLLEPAMPA,5,0,5,0.0
090409,2021,HUANCAVELICA,CASTROVIRREYNA,MOLLEPAMPA,6,0,6,0.0
090409,2022,HUANCAVELICA,CASTROVIRREYNA,MOLLEPAMPA,7,1,6,0.14285714285714285
090409,2023,HUANCAVELICA,CASTROVIRREYNA,MOLLEPAMPA,16,2,14,0.125
090409,2024,HUANCAVELICA,CASTROVIRREYNA,MOLLEPAMPA,18,1,17,0.05555555555555555
090409,2025,HUANCAVELICA,CASTROVIRREYNA,MOLLEPAMPA,16,1,15,0.0625
090409,2026,HUANCAVELICA,CASTROVIRREYNA,MOLLEPAMPA,9,1,8,0.1111111111111111
090410,2021,HUANCAVELICA,CASTROVIRREYNA,SAN JUAN,3,1,2,0.3333333333333333
090410,2022,HUANCAVELICA,CASTROVIRREYNA,SAN JUAN,6,3,3,0.5
090410,2023,HUANCAVELICA,CASTROVIRREYNA,SAN JUAN,11,6,5,0.5454545454545454
090410,2024,HUANCAVELICA,CASTROVIRREYNA,SAN JUAN,10,3,7,0.3
090410,2025,HUANCAVELICA,CASTROVIRREYNA,SAN JUAN,10,1,9,0.1
090410,2026,HUANCAVELICA,CASTROVIRREYNA,SAN JUAN,7,4,3,0.5714285714285714
090411,2020,HUANCAVELICA,CASTROVIRREYNA,SANTA ANA,4,4,0,1.0
090411,2021,HUANCAVELICA,CASTROVIRREYNA,SANTA ANA,10,9,1,0.9
090411,2022,HUANCAVELICA,CASTROVIRREYNA,SANTA ANA,9,9,0,1.0
090411,2023,HUANCAVELICA,CASTROVIRREYNA,SANTA ANA,33,2,31,0.06060606060606061
090411,2024,HUANCAVELICA,CASTROVIRREYNA,SANTA ANA,32,1,31,0.03125
090411,2025,HUANCAVELICA,CASTROVIRREYNA,SANTA ANA,29,1,28,0.034482758620689655
090411,2026,HUANCAVELICA,CASTROVIRREYNA,SANTA ANA,21,1,20,0.047619047619047616
090412,2020,HUANCAVELICA,CASTROVIRREYNA,TANTARA,13,2,11,0.15384615384615385
090412,2021,HUANCAVELICA,CASTROVIRREYNA,TANTARA,7,2,5,0.2857142857142857
090412,2022,HUANCAVELICA,CASTROVIRREYNA,TANTARA,11,5,6,0.45454545454545453
090412,2023,HUANCAVELICA,CASTROVIRREYNA,TANTARA,15,2,13,0.13333333333333333
090412,2024,HUANCAVELICA,CASTROVIRREYNA,TANTARA,13,1,12,0.07692307692307693
090412,2025,HUANCAVELICA,CASTROVIRREYNA,TANTARA,16,3,13,0.1875
090412,2026,HUANCAVELICA,CASTROVIRREYNA,TANTARA,10,1,9,0.1
090413,2020,HUANCAVELICA,CASTROVIRREYNA,TICRAPO,34,11,23,0.3235294117647059
090413,2021,HUANCAVELICA,CASTROVIRREYNA,TICRAPO,18,5,13,0.2777777777777778
090413,2022,HUANCAVELICA,CASTROVIRREYNA,TICRAPO,18,6,12,0.3333333333333333
090413,2023,HUANCAVELICA,CASTROVIRREYNA,TICRAPO,52,6,46,0.11538461538461539
090413,2024,HUANCAVELICA,CASTROVIRREYNA,TICRAPO,41,8,33,0.1951219512195122
090413,2025,HUANCAVELICA,CASTROVIRREYNA,TICRAPO,33,3,30,0.09090909090909091
090413,2026,HUANCAVELICA,CASTROVIRREYNA,TICRAPO,21,2,19,0.09523809523809523
090501,2020,HUANCAVELICA,CHURCAMPA,CHURCAMPA,100,50,50,0.5
090501,2021,HUANCAVELICA,CHURCAMPA,CHURCAMPA,95,57,38,0.6
090501,2022,HUANCAVELICA,CHURCAMPA,CHURCAMPA,108,71,37,0.6574074074074074
090501,2023,HUANCAVELICA,CHURCAMPA,CHURCAMPA,202,112,90,0.5544554455445545
090501,2024,HUANCAVELICA,CHURCAMPA,CHURCAMPA,173,46,127,0.2658959537572254
090501,2025,HUANCAVELICA,CHURCAMPA,CHURCAMPA,146,53,93,0.363013698630137
090501,2026,HUANCAVELICA,CHURCAMPA,CHURCAMPA,109,28,81,0.25688073394495414
090502,2020,HUANCAVELICA,CHURCAMPA,ANCO,93,25,68,0.26881720430107525
090502,2021,HUANCAVELICA,CHURCAMPA,ANCO,91,42,49,0.46153846153846156
090502,2022,HUANCAVELICA,CHURCAMPA,ANCO,86,17,69,0.19767441860465115
090502,2023,HUANCAVELICA,CHURCAMPA,ANCO,262,49,213,0.18702290076335878
090502,2024,HUANCAVELICA,CHURCAMPA,ANCO,279,59,220,0.2114695340501792
090502,2025,HUANCAVELICA,CHURCAMPA,ANCO,229,41,188,0.17903930131004367
090502,2026,HUANCAVELICA,CHURCAMPA,ANCO,156,31,125,0.1987179487179487
090503,2020,HUANCAVELICA,CHURCAMPA,CHINCHIHUASI,31,3,28,0.0967741935483871
090503,2021,HUANCAVELICA,CHURCAMPA,CHINCHIHUASI,34,9,25,0.2647058823529412
090503,2022,HUANCAVELICA,CHURCAMPA,CHINCHIHUASI,25,6,19,0.24
090503,2023,HUANCAVELICA,CHURCAMPA,CHINCHIHUASI,74,7,67,0.0945945945945946
090503,2024,HUANCAVELICA,CHURCAMPA,CHINCHIHUASI,72,1,71,0.013888888888888888
090503,2025,HUANCAVELICA,CHURCAMPA,CHINCHIHUASI,57,5,52,0.08771929824561403
090503,2026,HUANCAVELICA,CHURCAMPA,CHINCHIHUASI,32,2,30,0.0625
090504,2020,HUANCAVELICA,CHURCAMPA,EL CARMEN,36,5,31,0.1388888888888889
090504,2021,HUANCAVELICA,CHURCAMPA,EL CARMEN,21,6,15,0.2857142857142857
090504,2022,HUANCAVELICA,CHURCAMPA,EL CARMEN,34,7,27,0.20588235294117646
090504,2023,HUANCAVELICA,CHURCAMPA,EL CARMEN,75,27,48,0.36
090504,2024,HUANCAVELICA,CHURCAMPA,EL CARMEN,79,11,68,0.13924050632911392
090504,2025,HUANCAVELICA,CHURCAMPA,EL CARMEN,61,7,54,0.11475409836065574
090504,2026,HUANCAVELICA,CHURCAMPA,EL CARMEN,47,1,46,0.02127659574468085
090505,2021,HUANCAVELICA,CHURCAMPA,LA MERCED,6,3,3,0.5
090505,2022,HUANCAVELICA,CHURCAMPA,LA MERCED,0,0,0,
090505,2023,HUANCAVELICA,CHURCAMPA,LA MERCED,15,1,14,0.06666666666666667
090505,2024,HUANCAVELICA,CHURCAMPA,LA MERCED,12,2,10,0.16666666666666666
090505,2025,HUANCAVELICA,CHURCAMPA,LA MERCED,17,1,16,0.058823529411764705
090505,2026,HUANCAVELICA,CHURCAMPA,LA MERCED,12,2,10,0.16666666666666666
090506,2020,HUANCAVELICA,CHURCAMPA,LOCROJA,36,14,22,0.3888888888888889
090506,2021,HUANCAVELICA,CHURCAMPA,LOCROJA,21,12,9,0.5714285714285714
090506,2022,HUANCAVELICA,CHURCAMPA,LOCROJA,23,5,18,0.21739130434782608
090506,2023,HUANCAVELICA,CHURCAMPA,LOCROJA,118,24,94,0.2033898305084746
090506,2024,HUANCAVELICA,CHURCAMPA,LOCROJA,115,17,98,0.14782608695652175
090506,2025,HUANCAVELICA,CHURCAMPA,LOCROJA,92,8,84,0.08695652173913043
090506,2026,HUANCAVELICA,CHURCAMPA,LOCROJA,60,6,54,0.1
090507,2020,HUANCAVELICA,CHURCAMPA,PAUCARBAMBA,60,31,29,0.5166666666666667
090507,2021,HUANCAVELICA,CHURCAMPA,PAUCARBAMBA,68,36,32,0.5294117647058824
090507,2022,HUANCAVELICA,CHURCAMPA,PAUCARBAMBA,72,22,50,0.3055555555555556
090507,2023,HUANCAVELICA,CHURCAMPA,PAUCARBAMBA,237,61,176,0.25738396624472576
090507,2024,HUANCAVELICA,CHURCAMPA,PAUCARBAMBA,237,35,202,0.14767932489451477
090507,2025,HUANCAVELICA,CHURCAMPA,PAUCARBAMBA,193,31,162,0.16062176165803108
090507,2026,HUANCAVELICA,CHURCAMPA,PAUCARBAMBA,139,23,116,0.16546762589928057
090508,2021,HUANCAVELICA,CHURCAMPA,SAN MIGUEL DE MAYOCC,1,0,1,0.0
090508,2023,HUANCAVELICA,CHURCAMPA,SAN MIGUEL DE MAYOCC,25,3,22,0.12
090508,2024,HUANCAVELICA,CHURCAMPA,SAN MIGUEL DE MAYOCC,32,2,30,0.0625
090508,2025,HUANCAVELICA,CHURCAMPA,SAN MIGUEL DE MAYOCC,33,3,30,0.09090909090909091
090508,2026,HUANCAVELICA,CHURCAMPA,SAN MIGUEL DE MAYOCC,25,0,25,0.0
090509,2020,HUANCAVELICA,CHURCAMPA,SAN PEDRO DE CORIS,30,20,10,0.6666666666666666
090509,2021,HUANCAVELICA,CHURCAMPA,SAN PEDRO DE CORIS,36,25,11,0.6944444444444444
090509,2022,HUANCAVELICA,CHURCAMPA,SAN PEDRO DE CORIS,38,16,22,0.42105263157894735
090509,2023,HUANCAVELICA,CHURCAMPA,SAN PEDRO DE CORIS,100,47,53,0.47
090509,2024,HUANCAVELICA,CHURCAMPA,SAN PEDRO DE CORIS,89,34,55,0.38202247191011235
090509,2025,HUANCAVELICA,CHURCAMPA,SAN PEDRO DE CORIS,79,12,67,0.1518987341772152
090509,2026,HUANCAVELICA,CHURCAMPA,SAN PEDRO DE CORIS,55,10,45,0.18181818181818182
090510,2020,HUANCAVELICA,CHURCAMPA,PACHAMARCA,18,2,16,0.1111111111111111
090510,2021,HUANCAVELICA,CHURCAMPA,PACHAMARCA,8,0,8,0.0
090510,2022,HUANCAVELICA,CHURCAMPA,PACHAMARCA,26,5,21,0.19230769230769232
090510,2023,HUANCAVELICA,CHURCAMPA,PACHAMARCA,90,4,86,0.044444444444444446
090510,2024,HUANCAVELICA,CHURCAMPA,PACHAMARCA,95,4,91,0.042105263157894736
090510,2025,HUANCAVELICA,CHURCAMPA,PACHAMARCA,71,3,68,0.04225352112676056
090510,2026,HUANCAVELICA,CHURCAMPA,PACHAMARCA,51,2,49,0.0392156862745098
090511,2020,HUANCAVELICA,CHURCAMPA,COSME,51,11,40,0.21568627450980393
090511,2021,HUANCAVELICA,CHURCAMPA,COSME,52,7,45,0.1346153846153846
090511,2022,HUANCAVELICA,CHURCAMPA,COSME,77,37,40,0.4805194805194805
090511,2023,HUANCAVELICA,CHURCAMPA,COSME,152,37,115,0.24342105263157895
090511,2024,HUANCAVELICA,CHURCAMPA,COSME,143,37,106,0.25874125874125875
090511,2025,HUANCAVELICA,CHURCAMPA,COSME,123,17,106,0.13821138211382114
090511,2026,HUANCAVELICA,CHURCAMPA,COSME,96,18,78,0.1875
090601,2020,HUANCAVELICA,HUAYTARA,HUAYTARA,41,19,22,0.4634146341463415
090601,2021,HUANCAVELICA,HUAYTARA,HUAYTARA,36,19,17,0.5277777777777778
090601,2022,HUANCAVELICA,HUAYTARA,HUAYTARA,42,22,20,0.5238095238095238
090601,2023,HUANCAVELICA,HUAYTARA,HUAYTARA,88,34,54,0.38636363636363635
090601,2024,HUANCAVELICA,HUAYTARA,HUAYTARA,79,23,56,0.2911392405063291
090601,2025,HUANCAVELICA,HUAYTARA,HUAYTARA,61,7,54,0.11475409836065574
090601,2026,HUANCAVELICA,HUAYTARA,HUAYTARA,46,10,36,0.21739130434782608
090602,2022,HUANCAVELICA,HUAYTARA,AYAVI,7,5,2,0.7142857142857143
090602,2023,HUANCAVELICA,HUAYTARA,AYAVI,14,3,11,0.21428571428571427
090602,2024,HUANCAVELICA,HUAYTARA,AYAVI,13,3,10,0.23076923076923078
090602,2025,HUANCAVELICA,HUAYTARA,AYAVI,6,1,5,0.16666666666666666
090602,2026,HUANCAVELICA,HUAYTARA,AYAVI,4,0,4,0.0
090603,2020,HUANCAVELICA,HUAYTARA,CORDOVA,4,3,1,0.75
090603,2021,HUANCAVELICA,HUAYTARA,CORDOVA,2,1,1,0.5
090603,2022,HUANCAVELICA,HUAYTARA,CORDOVA,4,0,4,0.0
090603,2023,HUANCAVELICA,HUAYTARA,CORDOVA,16,6,10,0.375
090603,2024,HUANCAVELICA,HUAYTARA,CORDOVA,23,1,22,0.043478260869565216
090603,2025,HUANCAVELICA,HUAYTARA,CORDOVA,11,0,11,0.0
090603,2026,HUANCAVELICA,HUAYTARA,CORDOVA,11,0,11,0.0
090604,2020,HUANCAVELICA,HUAYTARA,HUAYACUNDO ARMA,5,3,2,0.6
090604,2021,HUANCAVELICA,HUAYTARA,HUAYACUNDO ARMA,2,1,1,0.5
090604,2022,HUANCAVELICA,HUAYTARA,HUAYACUNDO ARMA,4,3,1,0.75
090604,2023,HUANCAVELICA,HUAYTARA,HUAYACUNDO ARMA,5,2,3,0.4
090604,2024,HUANCAVELICA,HUAYTARA,HUAYACUNDO ARMA,7,0,7,0.0
090604,2025,HUANCAVELICA,HUAYTARA,HUAYACUNDO ARMA,7,0,7,0.0
090604,2026,HUANCAVELICA,HUAYTARA,HUAYACUNDO ARMA,3,0,3,0.0
090605,2020,HUANCAVELICA,HUAYTARA,LARAMARCA,10,7,3,0.7
090605,2021,HUANCAVELICA,HUAYTARA,LARAMARCA,9,8,1,0.8888888888888888
090605,2022,HUANCAVELICA,HUAYTARA,LARAMARCA,3,3,0,1.0
090605,2023,HUANCAVELICA,HUAYTARA,LARAMARCA,5,4,1,0.8
090605,2024,HUANCAVELICA,HUAYTARA,LARAMARCA,5,0,5,0.0
090605,2025,HUANCAVELICA,HUAYTARA,LARAMARCA,6,0,6,0.0
090605,2026,HUANCAVELICA,HUAYTARA,LARAMARCA,4,0,4,0.0
090606,2020,HUANCAVELICA,HUAYTARA,OCOYO,12,3,9,0.25
090606,2021,HUANCAVELICA,HUAYTARA,OCOYO,9,0,9,0.0
090606,2022,HUANCAVELICA,HUAYTARA,OCOYO,17,0,17,0.0
090606,2023,HUANCAVELICA,HUAYTARA,OCOYO,18,0,18,0.0
090606,2024,HUANCAVELICA,HUAYTARA,OCOYO,19,0,19,0.0
090606,2025,HUANCAVELICA,HUAYTARA,OCOYO,14,0,14,0.0
090606,2026,HUANCAVELICA,HUAYTARA,OCOYO,8,0,8,0.0
090607,2020,HUANCAVELICA,HUAYTARA,PILPICHACA,66,18,48,0.2727272727272727
090607,2021,HUANCAVELICA,HUAYTARA,PILPICHACA,99,36,63,0.36363636363636365
090607,2022,HUANCAVELICA,HUAYTARA,PILPICHACA,100,21,79,0.21
090607,2023,HUANCAVELICA,HUAYTARA,PILPICHACA,169,33,136,0.1952662721893491
090607,2024,HUANCAVELICA,HUAYTARA,PILPICHACA,180,2,178,0.011111111111111112
090607,2025,HUANCAVELICA,HUAYTARA,PILPICHACA,134,2,132,0.014925373134328358
090607,2026,HUANCAVELICA,HUAYTARA,PILPICHACA,84,1,83,0.011904761904761904
090608,2020,HUANCAVELICA,HUAYTARA,QUERCO,1,0,1,0.0
090608,2021,HUANCAVELICA,HUAYTARA,QUERCO,3,1,2,0.3333333333333333
090608,2022,HUANCAVELICA,HUAYTARA,QUERCO,4,2,2,0.5
090608,2023,HUANCAVELICA,HUAYTARA,QUERCO,15,4,11,0.26666666666666666
090608,2024,HUANCAVELICA,HUAYTARA,QUERCO,15,5,10,0.3333333333333333
090608,2025,HUANCAVELICA,HUAYTARA,QUERCO,10,3,7,0.3
090608,2026,HUANCAVELICA,HUAYTARA,QUERCO,11,1,10,0.09090909090909091
090609,2020,HUANCAVELICA,HUAYTARA,QUITO ARMA,18,12,6,0.6666666666666666
090609,2021,HUANCAVELICA,HUAYTARA,QUITO ARMA,12,7,5,0.5833333333333334
090609,2022,HUANCAVELICA,HUAYTARA,QUITO ARMA,8,5,3,0.625
090609,2023,HUANCAVELICA,HUAYTARA,QUITO ARMA,22,2,20,0.09090909090909091
090609,2024,HUANCAVELICA,HUAYTARA,QUITO ARMA,23,2,21,0.08695652173913043
090609,2025,HUANCAVELICA,HUAYTARA,QUITO ARMA,13,2,11,0.15384615384615385
090609,2026,HUANCAVELICA,HUAYTARA,QUITO ARMA,10,2,8,0.2
090610,2020,HUANCAVELICA,HUAYTARA,SAN ANTONIO DE CUSICANCHA,43,30,13,0.6976744186046512
090610,2021,HUANCAVELICA,HUAYTARA,SAN ANTONIO DE CUSICANCHA,36,22,14,0.6111111111111112
090610,2022,HUANCAVELICA,HUAYTARA,SAN ANTONIO DE CUSICANCHA,34,30,4,0.8823529411764706
090610,2023,HUANCAVELICA,HUAYTARA,SAN ANTONIO DE CUSICANCHA,57,9,48,0.15789473684210525
090610,2024,HUANCAVELICA,HUAYTARA,SAN ANTONIO DE CUSICANCHA,57,5,52,0.08771929824561403
090610,2025,HUANCAVELICA,HUAYTARA,SAN ANTONIO DE CUSICANCHA,34,1,33,0.029411764705882353
090610,2026,HUANCAVELICA,HUAYTARA,SAN ANTONIO DE CUSICANCHA,24,0,24,0.0
090611,2020,HUANCAVELICA,HUAYTARA,SAN FRANCISCO DE SANGAYAICO,13,9,4,0.6923076923076923
090611,2021,HUANCAVELICA,HUAYTARA,SAN FRANCISCO DE SANGAYAICO,20,6,14,0.3
090611,2022,HUANCAVELICA,HUAYTARA,SAN FRANCISCO DE SANGAYAICO,14,4,10,0.2857142857142857
090611,2023,HUANCAVELICA,HUAYTARA,SAN FRANCISCO DE SANGAYAICO,34,8,26,0.23529411764705882
090611,2024,HUANCAVELICA,HUAYTARA,SAN FRANCISCO DE SANGAYAICO,35,6,29,0.17142857142857143
090611,2025,HUANCAVELICA,HUAYTARA,SAN FRANCISCO DE SANGAYAICO,30,3,27,0.1
090611,2026,HUANCAVELICA,HUAYTARA,SAN FRANCISCO DE SANGAYAICO,23,3,20,0.13043478260869565
090612,2020,HUANCAVELICA,HUAYTARA,SAN ISIDRO,7,5,2,0.7142857142857143
090612,2021,HUANCAVELICA,HUAYTARA,SAN ISIDRO,10,6,4,0.6
090612,2022,HUANCAVELICA,HUAYTARA,SAN ISIDRO,8,3,5,0.375
090612,2023,HUANCAVELICA,HUAYTARA,SAN ISIDRO,7,3,4,0.42857142857142855
090612,2024,HUANCAVELICA,HUAYTARA,SAN ISIDRO,11,0,11,0.0
090612,2025,HUANCAVELICA,HUAYTARA,SAN ISIDRO,14,0,14,0.0
090612,2026,HUANCAVELICA,HUAYTARA,SAN ISIDRO,7,0,7,0.0
090613,2020,HUANCAVELICA,HUAYTARA,SANTIAGO DE CHOCORVOS,23,13,10,0.5652173913043478
090613,2021,HUANCAVELICA,HUAYTARA,SANTIAGO DE CHOCORVOS,14,5,9,0.35714285714285715
090613,2022,HUANCAVELICA,HUAYTARA,SANTIAGO DE CHOCORVOS,23,2,21,0.08695652173913043
090613,2023,HUANCAVELICA,HUAYTARA,SANTIAGO DE CHOCORVOS,51,4,47,0.0784313725490196
090613,2024,HUANCAVELICA,HUAYTARA,SANTIAGO DE CHOCORVOS,58,2,56,0.034482758620689655
090613,2025,HUANCAVELICA,HUAYTARA,SANTIAGO DE CHOCORVOS,39,0,39,0.0
090613,2026,HUANCAVELICA,HUAYTARA,SANTIAGO DE CHOCORVOS,26,0,26,0.0
090614,2021,HUANCAVELICA,HUAYTARA,SANTIAGO DE QUIRAHUARA,1,0,1,0.0
090614,2023,HUANCAVELICA,HUAYTARA,SANTIAGO DE QUIRAHUARA,6,0,6,0.0
090614,2024,HUANCAVELICA,HUAYTARA,SANTIAGO DE QUIRAHUARA,10,1,9,0.1
090614,2025,HUANCAVELICA,HUAYTARA,SANTIAGO DE QUIRAHUARA,6,0,6,0.0
090614,2026,HUANCAVELICA,HUAYTARA,SANTIAGO DE QUIRAHUARA,4,0,4,0.0
090615,2021,HUANCAVELICA,HUAYTARA,SANTO DOMINGO DE CAPILLAS,1,1,0,1.0
090615,2022,HUANCAVELICA,HUAYTARA,SANTO DOMINGO DE CAPILLAS,5,4,1,0.8
090615,2023,HUANCAVELICA,HUAYTARA,SANTO DOMINGO DE CAPILLAS,13,2,11,0.15384615384615385
090615,2024,HUANCAVELICA,HUAYTARA,SANTO DOMINGO DE CAPILLAS,13,5,8,0.38461538461538464
090615,2025,HUANCAVELICA,HUAYTARA,SANTO DOMINGO DE CAPILLAS,10,0,10,0.0
090615,2026,HUANCAVELICA,HUAYTARA,SANTO DOMINGO DE CAPILLAS,5,1,4,0.2
090616,2020,HUANCAVELICA,HUAYTARA,TAMBO,3,2,1,0.6666666666666666
090616,2021,HUANCAVELICA,HUAYTARA,TAMBO,2,0,2,0.0
090616,2022,HUANCAVELICA,HUAYTARA,TAMBO,2,1,1,0.5
090616,2023,HUANCAVELICA,HUAYTARA,TAMBO,9,3,6,0.3333333333333333
090616,2024,HUANCAVELICA,HUAYTARA,TAMBO,8,1,7,0.125
090616,2025,HUANCAVELICA,HUAYTARA,TAMBO,5,0,5,0.0
090616,2026,HUANCAVELICA,HUAYTARA,TAMBO,3,1,2,0.3333333333333333
090701,2020,HUANCAVELICA,TAYACAJA,PAMPAS,275,105,170,0.38181818181818183
090701,2021,HUANCAVELICA,TAYACAJA,PAMPAS,128,20,108,0.15625
090701,2022,HUANCAVELICA,TAYACAJA,PAMPAS,133,41,92,0.3082706766917293
090701,2023,HUANCAVELICA,TAYACAJA,PAMPAS,434,60,374,0.1382488479262673
090701,2024,HUANCAVELICA,TAYACAJA,PAMPAS,420,48,372,0.11428571428571428
090701,2025,HUANCAVELICA,TAYACAJA,PAMPAS,392,62,330,0.15816326530612246
090701,2026,HUANCAVELICA,TAYACAJA,PAMPAS,264,23,241,0.08712121212121213
090702,2020,HUANCAVELICA,TAYACAJA,ACOSTAMBO,105,35,70,0.3333333333333333
090702,2021,HUANCAVELICA,TAYACAJA,ACOSTAMBO,58,27,31,0.46551724137931033
090702,2022,HUANCAVELICA,TAYACAJA,ACOSTAMBO,57,21,36,0.3684210526315789
090702,2023,HUANCAVELICA,TAYACAJA,ACOSTAMBO,116,24,92,0.20689655172413793
090702,2024,HUANCAVELICA,TAYACAJA,ACOSTAMBO,94,5,89,0.05319148936170213
090702,2025,HUANCAVELICA,TAYACAJA,ACOSTAMBO,83,5,78,0.060240963855421686
090702,2026,HUANCAVELICA,TAYACAJA,ACOSTAMBO,53,6,47,0.11320754716981132
090703,2020,HUANCAVELICA,TAYACAJA,ACRAQUIA,63,26,37,0.4126984126984127
090703,2021,HUANCAVELICA,TAYACAJA,ACRAQUIA,50,18,32,0.36
090703,2022,HUANCAVELICA,TAYACAJA,ACRAQUIA,57,22,35,0.38596491228070173
090703,2023,HUANCAVELICA,TAYACAJA,ACRAQUIA,141,20,121,0.14184397163120568
090703,2024,HUANCAVELICA,TAYACAJA,ACRAQUIA,128,6,122,0.046875
090703,2025,HUANCAVELICA,TAYACAJA,ACRAQUIA,105,7,98,0.06666666666666667
090703,2026,HUANCAVELICA,TAYACAJA,ACRAQUIA,63,3,60,0.047619047619047616
090704,2020,HUANCAVELICA,TAYACAJA,AHUAYCHA,78,16,62,0.20512820512820512
090704,2021,HUANCAVELICA,TAYACAJA,AHUAYCHA,59,17,42,0.288135593220339
090704,2022,HUANCAVELICA,TAYACAJA,AHUAYCHA,33,8,25,0.24242424242424243
090704,2023,HUANCAVELICA,TAYACAJA,AHUAYCHA,116,9,107,0.07758620689655173
090704,2024,HUANCAVELICA,TAYACAJA,AHUAYCHA,115,1,114,0.008695652173913044
090704,2025,HUANCAVELICA,TAYACAJA,AHUAYCHA,102,8,94,0.0784313725490196
090704,2026,HUANCAVELICA,TAYACAJA,AHUAYCHA,68,1,67,0.014705882352941176
090705,2020,HUANCAVELICA,TAYACAJA,COLCABAMBA,246,104,142,0.42276422764227645
090705,2021,HUANCAVELICA,TAYACAJA,COLCABAMBA,200,85,115,0.425
090705,2022,HUANCAVELICA,TAYACAJA,COLCABAMBA,152,46,106,0.3026315789473684
090705,2023,HUANCAVELICA,TAYACAJA,COLCABAMBA,547,81,466,0.1480804387568556
090705,2024,HUANCAVELICA,TAYACAJA,COLCABAMBA,550,95,455,0.17272727272727273
090705,2025,HUANCAVELICA,TAYACAJA,COLCABAMBA,453,71,382,0.15673289183222958
090705,2026,HUANCAVELICA,TAYACAJA,COLCABAMBA,292,35,257,0.11986301369863013
090706,2020,HUANCAVELICA,TAYACAJA,DANIEL HERNANDEZ,213,129,84,0.6056338028169014
090706,2021,HUANCAVELICA,TAYACAJA,DANIEL HERNANDEZ,153,90,63,0.5882352941176471
090706,2022,HUANCAVELICA,TAYACAJA,DANIEL HERNANDEZ,115,62,53,0.5391304347826087
090706,2023,HUANCAVELICA,TAYACAJA,DANIEL HERNANDEZ,389,192,197,0.493573264781491
090706,2024,HUANCAVELICA,TAYACAJA,DANIEL HERNANDEZ,342,123,219,0.35964912280701755
090706,2025,HUANCAVELICA,TAYACAJA,DANIEL HERNANDEZ,293,71,222,0.24232081911262798
090706,2026,HUANCAVELICA,TAYACAJA,DANIEL HERNANDEZ,205,31,174,0.15121951219512195
090707,2020,HUANCAVELICA,TAYACAJA,HUACHOCOLPA,41,12,29,0.2926829268292683
090707,2021,HUANCAVELICA,TAYACAJA,HUACHOCOLPA,26,13,13,0.5
090707,2022,HUANCAVELICA,TAYACAJA,HUACHOCOLPA,27,9,18,0.3333333333333333
090707,2023,HUANCAVELICA,TAYACAJA,HUACHOCOLPA,105,17,88,0.1619047619047619
090707,2024,HUANCAVELICA,TAYACAJA,HUACHOCOLPA,57,11,46,0.19298245614035087
090707,2025,HUANCAVELICA,TAYACAJA,HUACHOCOLPA,54,9,45,0.16666666666666666
090707,2026,HUANCAVELICA,TAYACAJA,HUACHOCOLPA,38,1,37,0.02631578947368421
090709,2020,HUANCAVELICA,TAYACAJA,HUARIBAMBA,57,25,32,0.43859649122807015
090709,2021,HUANCAVELICA,TAYACAJA,HUARIBAMBA,51,17,34,0.3333333333333333
090709,2022,HUANCAVELICA,TAYACAJA,HUARIBAMBA,38,9,29,0.23684210526315788
090709,2023,HUANCAVELICA,TAYACAJA,HUARIBAMBA,120,18,102,0.15
090709,2024,HUANCAVELICA,TAYACAJA,HUARIBAMBA,94,9,85,0.09574468085106383
090709,2025,HUANCAVELICA,TAYACAJA,HUARIBAMBA,63,3,60,0.047619047619047616
090709,2026,HUANCAVELICA,TAYACAJA,HUARIBAMBA,44,2,42,0.045454545454545456
090710,2020,HUANCAVELICA,TAYACAJA,ÑAHUIMPUQUIO,44,4,40,0.09090909090909091
090710,2021,HUANCAVELICA,TAYACAJA,ÑAHUIMPUQUIO,28,8,20,0.2857142857142857
090710,2022,HUANCAVELICA,TAYACAJA,ÑAHUIMPUQUIO,19,6,13,0.3157894736842105
090710,2023,HUANCAVELICA,TAYACAJA,ÑAHUIMPUQUIO,45,7,38,0.15555555555555556
090710,2024,HUANCAVELICA,TAYACAJA,ÑAHUIMPUQUIO,46,1,45,0.021739130434782608
090710,2025,HUANCAVELICA,TAYACAJA,ÑAHUIMPUQUIO,43,6,37,0.13953488372093023
090710,2026,HUANCAVELICA,TAYACAJA,ÑAHUIMPUQUIO,32,1,31,0.03125
090711,2020,HUANCAVELICA,TAYACAJA,PAZOS,160,75,85,0.46875
090711,2021,HUANCAVELICA,TAYACAJA,PAZOS,58,23,35,0.39655172413793105
090711,2022,HUANCAVELICA,TAYACAJA,PAZOS,62,31,31,0.5
090711,2023,HUANCAVELICA,TAYACAJA,PAZOS,199,87,112,0.4371859296482412
090711,2024,HUANCAVELICA,TAYACAJA,PAZOS,137,24,113,0.17518248175182483
090711,2025,HUANCAVELICA,TAYACAJA,PAZOS,107,14,93,0.1308411214953271
090711,2026,HUANCAVELICA,TAYACAJA,PAZOS,75,0,75,0.0
090713,2020,HUANCAVELICA,TAYACAJA,QUISHUAR,11,6,5,0.5454545454545454
090713,2021,HUANCAVELICA,TAYACAJA,QUISHUAR,10,5,5,0.5
090713,2022,HUANCAVELICA,TAYACAJA,QUISHUAR,12,2,10,0.16666666666666666
090713,2023,HUANCAVELICA,TAYACAJA,QUISHUAR,40,14,26,0.35
090713,2024,HUANCAVELICA,TAYACAJA,QUISHUAR,31,6,25,0.1935483870967742
090713,2025,HUANCAVELICA,TAYACAJA,QUISHUAR,18,0,18,0.0
090713,2026,HUANCAVELICA,TAYACAJA,QUISHUAR,13,0,13,0.0
090714,2020,HUANCAVELICA,TAYACAJA,SALCABAMBA,74,29,45,0.3918918918918919
090714,2021,HUANCAVELICA,TAYACAJA,SALCABAMBA,78,11,67,0.14102564102564102
090714,2022,HUANCAVELICA,TAYACAJA,SALCABAMBA,64,17,47,0.265625
090714,2023,HUANCAVELICA,TAYACAJA,SALCABAMBA,160,15,145,0.09375
090714,2024,HUANCAVELICA,TAYACAJA,SALCABAMBA,162,16,146,0.09876543209876543
090714,2025,HUANCAVELICA,TAYACAJA,SALCABAMBA,129,10,119,0.07751937984496124
090714,2026,HUANCAVELICA,TAYACAJA,SALCABAMBA,92,13,79,0.14130434782608695
090715,2020,HUANCAVELICA,TAYACAJA,SALCAHUASI,37,9,28,0.24324324324324326
090715,2021,HUANCAVELICA,TAYACAJA,SALCAHUASI,27,14,13,0.5185185185185185
090715,2022,HUANCAVELICA,TAYACAJA,SALCAHUASI,26,10,16,0.38461538461538464
090715,2023,HUANCAVELICA,TAYACAJA,SALCAHUASI,111,30,81,0.2702702702702703
090715,2024,HUANCAVELICA,TAYACAJA,SALCAHUASI,102,3,99,0.029411764705882353
090715,2025,HUANCAVELICA,TAYACAJA,SALCAHUASI,77,8,69,0.1038961038961039
090715,2026,HUANCAVELICA,TAYACAJA,SALCAHUASI,55,5,50,0.09090909090909091
090716,2020,HUANCAVELICA,TAYACAJA,SAN MARCOS DE ROCCHAC,37,12,25,0.32432432432432434
090716,2021,HUANCAVELICA,TAYACAJA,SAN MARCOS DE ROCCHAC,25,6,19,0.24
090716,2022,HUANCAVELICA,TAYACAJA,SAN MARCOS DE ROCCHAC,17,1,16,0.058823529411764705
090716,2023,HUANCAVELICA,TAYACAJA,SAN MARCOS DE ROCCHAC,77,3,74,0.03896103896103896
090716,2024,HUANCAVELICA,TAYACAJA,SAN MARCOS DE ROCCHAC,74,5,69,0.06756756756756757
090716,2025,HUANCAVELICA,TAYACAJA,SAN MARCOS DE ROCCHAC,62,1,61,0.016129032258064516
090716,2026,HUANCAVELICA,TAYACAJA,SAN MARCOS DE ROCCHAC,43,4,39,0.09302325581395349
090717,2020,HUANCAVELICA,TAYACAJA,SURCUBAMBA,109,24,85,0.22018348623853212
090717,2021,HUANCAVELICA,TAYACAJA,SURCUBAMBA,75,15,60,0.2
090717,2022,HUANCAVELICA,TAYACAJA,SURCUBAMBA,58,7,51,0.1206896551724138
090717,2023,HUANCAVELICA,TAYACAJA,SURCUBAMBA,184,8,176,0.043478260869565216
090717,2024,HUANCAVELICA,TAYACAJA,SURCUBAMBA,143,4,139,0.027972027972027972
090717,2025,HUANCAVELICA,TAYACAJA,SURCUBAMBA,131,2,129,0.015267175572519083
090717,2026,HUANCAVELICA,TAYACAJA,SURCUBAMBA,99,6,93,0.06060606060606061
090718,2020,HUANCAVELICA,TAYACAJA,TINTAY PUNCU,37,2,35,0.05405405405405406
090718,2021,HUANCAVELICA,TAYACAJA,TINTAY PUNCU,38,8,30,0.21052631578947367
090718,2022,HUANCAVELICA,TAYACAJA,TINTAY PUNCU,43,13,30,0.3023255813953488
090718,2023,HUANCAVELICA,TAYACAJA,TINTAY PUNCU,117,11,106,0.09401709401709402
090718,2024,HUANCAVELICA,TAYACAJA,TINTAY PUNCU,72,8,64,0.1111111111111111
090718,2025,HUANCAVELICA,TAYACAJA,TINTAY PUNCU,71,8,63,0.11267605633802817
090718,2026,HUANCAVELICA,TAYACAJA,TINTAY PUNCU,51,7,44,0.13725490196078433
090719,2020,HUANCAVELICA,TAYACAJA,QUICHUAS,126,30,96,0.23809523809523808
090719,2021,HUANCAVELICA,TAYACAJA,QUICHUAS,92,12,80,0.13043478260869565
090719,2022,HUANCAVELICA,TAYACAJA,QUICHUAS,56,11,45,0.19642857142857142
090719,2023,HUANCAVELICA,TAYACAJA,QUICHUAS,227,11,216,0.048458149779735685
090719,2024,HUANCAVELICA,TAYACAJA,QUICHUAS,193,9,184,0.046632124352331605
090719,2025,HUANCAVELICA,TAYACAJA,QUICHUAS,151,3,148,0.019867549668874173
090719,2026,HUANCAVELICA,TAYACAJA,QUICHUAS,113,3,110,0.02654867256637168
090720,2020,HUANCAVELICA,TAYACAJA,ANDAYMARCA,36,11,25,0.3055555555555556
090720,2021,HUANCAVELICA,TAYACAJA,ANDAYMARCA,19,7,12,0.3684210526315789
090720,2022,HUANCAVELICA,TAYACAJA,ANDAYMARCA,18,5,13,0.2777777777777778
090720,2023,HUANCAVELICA,TAYACAJA,ANDAYMARCA,110,13,97,0.11818181818181818
090720,2024,HUANCAVELICA,TAYACAJA,ANDAYMARCA,101,14,87,0.13861386138613863
090720,2025,HUANCAVELICA,TAYACAJA,ANDAYMARCA,70,14,56,0.2
090720,2026,HUANCAVELICA,TAYACAJA,ANDAYMARCA,49,6,43,0.12244897959183673
090721,2020,HUANCAVELICA,TAYACAJA,ROBLE,26,21,5,0.8076923076923077
090721,2021,HUANCAVELICA,TAYACAJA,ROBLE,15,14,1,0.9333333333333333
090721,2022,HUANCAVELICA,TAYACAJA,ROBLE,23,20,3,0.8695652173913043
090721,2023,HUANCAVELICA,TAYACAJA,ROBLE,76,55,21,0.7236842105263158
090721,2024,HUANCAVELICA,TAYACAJA,ROBLE,70,45,25,0.6428571428571429
090721,2025,HUANCAVELICA,TAYACAJA,ROBLE,51,0,51,0.0
090721,2026,HUANCAVELICA,TAYACAJA,ROBLE,37,2,35,0.05405405405405406
090722,2020,HUANCAVELICA,TAYACAJA,PICHOS,74,27,47,0.36486486486486486
090722,2021,HUANCAVELICA,TAYACAJA,PICHOS,57,24,33,0.42105263157894735
090722,2022,HUANCAVELICA,TAYACAJA,PICHOS,42,13,29,0.30952380952380953
090722,2023,HUANCAVELICA,TAYACAJA,PICHOS,133,6,127,0.045112781954887216
090722,2024,HUANCAVELICA,TAYACAJA,PICHOS,92,16,76,0.17391304347826086
090722,2025,HUANCAVELICA,TAYACAJA,PICHOS,64,12,52,0.1875
090722,2026,HUANCAVELICA,TAYACAJA,PICHOS,46,8,38,0.17391304347826086
090723,2020,HUANCAVELICA,TAYACAJA,SANTIAGO DE TUCUMA,17,12,5,0.7058823529411765
090723,2021,HUANCAVELICA,TAYACAJA,SANTIAGO DE TUCUMA,26,12,14,0.46153846153846156
090723,2022,HUANCAVELICA,TAYACAJA,SANTIAGO DE TUCUMA,17,6,11,0.35294117647058826
090723,2023,HUANCAVELICA,TAYACAJA,SANTIAGO DE TUCUMA,53,8,45,0.1509433962264151
090723,2024,HUANCAVELICA,TAYACAJA,SANTIAGO DE TUCUMA,53,11,42,0.20754716981132076
090723,2025,HUANCAVELICA,TAYACAJA,SANTIAGO DE TUCUMA,41,11,30,0.2682926829268293
090723,2026,HUANCAVELICA,TAYACAJA,SANTIAGO DE TUCUMA,20,5,15,0.25
090724,2024,HUANCAVELICA,TAYACAJA,LAMBRAS,45,8,37,0.17777777777777778
090724,2025,HUANCAVELICA,TAYACAJA,LAMBRAS,38,4,34,0.10526315789473684
090724,2026,HUANCAVELICA,TAYACAJA,LAMBRAS,27,0,27,0.0
090725,2024,HUANCAVELICA,TAYACAJA,COCHABAMBA,26,0,26,0.0
090725,2025,HUANCAVELICA,TAYACAJA,COCHABAMBA,26,0,26,0.0
090725,2026,HUANCAVELICA,TAYACAJA,COCHABAMBA,24,1,23,0.041666666666666664
100101,2020,HUANUCO,HUANUCO,HUANUCO,1149,170,979,0.14795474325500435
100101,2021,HUANUCO,HUANUCO,HUANUCO,746,64,682,0.08579088471849866
100101,2022,HUANUCO,HUANUCO,HUANUCO,375,45,330,0.12
100101,2023,HUANUCO,HUANUCO,HUANUCO,2607,137,2470,0.05255082470272344
100101,2024,HUANUCO,HUANUCO,HUANUCO,2819,600,2219,0.21284143313231643
100101,2025,HUANUCO,HUANUCO,HUANUCO,2478,625,1853,0.25221953188054885
100101,2026,HUANUCO,HUANUCO,HUANUCO,1417,359,1058,0.25335215243472126
100102,2020,HUANUCO,HUANUCO,AMARILIS,1070,88,982,0.08224299065420561
100102,2021,HUANUCO,HUANUCO,AMARILIS,918,46,872,0.05010893246187364
100102,2022,HUANUCO,HUANUCO,AMARILIS,893,67,826,0.07502799552071669
100102,2023,HUANUCO,HUANUCO,AMARILIS,2374,76,2298,0.03201347935973041
100102,2024,HUANUCO,HUANUCO,AMARILIS,2530,322,2208,0.12727272727272726
100102,2025,HUANUCO,HUANUCO,AMARILIS,2301,438,1863,0.19035202086049544
100102,2026,HUANUCO,HUANUCO,AMARILIS,1452,296,1156,0.20385674931129477
100103,2020,HUANUCO,HUANUCO,CHINCHAO,219,50,169,0.228310502283105
100103,2021,HUANUCO,HUANUCO,CHINCHAO,184,38,146,0.20652173913043478
100103,2022,HUANUCO,HUANUCO,CHINCHAO,217,44,173,0.20276497695852536
100103,2023,HUANUCO,HUANUCO,CHINCHAO,684,120,564,0.17543859649122806
100103,2024,HUANUCO,HUANUCO,CHINCHAO,605,117,488,0.1933884297520661
100103,2025,HUANUCO,HUANUCO,CHINCHAO,536,74,462,0.13805970149253732
100103,2026,HUANUCO,HUANUCO,CHINCHAO,358,47,311,0.13128491620111732
100104,2020,HUANUCO,HUANUCO,CHURUBAMBA,115,31,84,0.26956521739130435
100104,2021,HUANUCO,HUANUCO,CHURUBAMBA,127,42,85,0.33070866141732286
100104,2022,HUANUCO,HUANUCO,CHURUBAMBA,203,70,133,0.3448275862068966
100104,2023,HUANUCO,HUANUCO,CHURUBAMBA,819,154,665,0.18803418803418803
100104,2024,HUANUCO,HUANUCO,CHURUBAMBA,876,132,744,0.1506849315068493
100104,2025,HUANUCO,HUANUCO,CHURUBAMBA,742,47,695,0.06334231805929919
100104,2026,HUANUCO,HUANUCO,CHURUBAMBA,434,28,406,0.06451612903225806
100105,2020,HUANUCO,HUANUCO,MARGOS,56,15,41,0.26785714285714285
100105,2021,HUANUCO,HUANUCO,MARGOS,56,18,38,0.32142857142857145
100105,2022,HUANUCO,HUANUCO,MARGOS,51,19,32,0.37254901960784315
100105,2023,HUANUCO,HUANUCO,MARGOS,160,44,116,0.275
100105,2024,HUANUCO,HUANUCO,MARGOS,172,31,141,0.18023255813953487
100105,2025,HUANUCO,HUANUCO,MARGOS,127,22,105,0.1732283464566929
100105,2026,HUANUCO,HUANUCO,MARGOS,86,14,72,0.16279069767441862
100106,2020,HUANUCO,HUANUCO,QUISQUI,29,4,25,0.13793103448275862
100106,2021,HUANUCO,HUANUCO,QUISQUI,36,13,23,0.3611111111111111
100106,2022,HUANUCO,HUANUCO,QUISQUI,31,8,23,0.25806451612903225
100106,2023,HUANUCO,HUANUCO,QUISQUI,143,19,124,0.13286713286713286
100106,2024,HUANUCO,HUANUCO,QUISQUI,150,18,132,0.12
100106,2025,HUANUCO,HUANUCO,QUISQUI,128,7,121,0.0546875
100106,2026,HUANUCO,HUANUCO,QUISQUI,79,4,75,0.05063291139240506
100107,2020,HUANUCO,HUANUCO,SAN FRANCISCO DE CAYRAN,61,10,51,0.16393442622950818
100107,2021,HUANUCO,HUANUCO,SAN FRANCISCO DE CAYRAN,54,12,42,0.2222222222222222
100107,2022,HUANUCO,HUANUCO,SAN FRANCISCO DE CAYRAN,61,12,49,0.19672131147540983
100107,2023,HUANUCO,HUANUCO,SAN FRANCISCO DE CAYRAN,192,32,160,0.16666666666666666
100107,2024,HUANUCO,HUANUCO,SAN FRANCISCO DE CAYRAN,230,38,192,0.16521739130434782
100107,2025,HUANUCO,HUANUCO,SAN FRANCISCO DE CAYRAN,180,35,145,0.19444444444444445
100107,2026,HUANUCO,HUANUCO,SAN FRANCISCO DE CAYRAN,104,18,86,0.17307692307692307
100108,2020,HUANUCO,HUANUCO,SAN PEDRO DE CHAULAN,87,24,63,0.27586206896551724
100108,2021,HUANUCO,HUANUCO,SAN PEDRO DE CHAULAN,152,35,117,0.23026315789473684
100108,2022,HUANUCO,HUANUCO,SAN PEDRO DE CHAULAN,46,23,23,0.5
100108,2023,HUANUCO,HUANUCO,SAN PEDRO DE CHAULAN,120,63,57,0.525
100108,2024,HUANUCO,HUANUCO,SAN PEDRO DE CHAULAN,150,13,137,0.08666666666666667
100108,2025,HUANUCO,HUANUCO,SAN PEDRO DE CHAULAN,138,4,134,0.028985507246376812
100108,2026,HUANUCO,HUANUCO,SAN PEDRO DE CHAULAN,77,5,72,0.06493506493506493
100109,2020,HUANUCO,HUANUCO,SANTA MARIA DEL VALLE,260,13,247,0.05
100109,2021,HUANUCO,HUANUCO,SANTA MARIA DEL VALLE,319,46,273,0.14420062695924765
100109,2022,HUANUCO,HUANUCO,SANTA MARIA DEL VALLE,266,35,231,0.13157894736842105
100109,2023,HUANUCO,HUANUCO,SANTA MARIA DEL VALLE,1007,48,959,0.047666335650446874
100109,2024,HUANUCO,HUANUCO,SANTA MARIA DEL VALLE,979,77,902,0.07865168539325842
100109,2025,HUANUCO,HUANUCO,SANTA MARIA DEL VALLE,800,72,728,0.09
100109,2026,HUANUCO,HUANUCO,SANTA MARIA DEL VALLE,481,47,434,0.09771309771309772
100110,2020,HUANUCO,HUANUCO,YARUMAYO,36,33,3,0.9166666666666666
100110,2021,HUANUCO,HUANUCO,YARUMAYO,32,31,1,0.96875
100110,2022,HUANUCO,HUANUCO,YARUMAYO,24,21,3,0.875
100110,2023,HUANUCO,HUANUCO,YARUMAYO,90,75,15,0.8333333333333334
100110,2024,HUANUCO,HUANUCO,YARUMAYO,84,44,40,0.5238095238095238
100110,2025,HUANUCO,HUANUCO,YARUMAYO,62,6,56,0.0967741935483871
100110,2026,HUANUCO,HUANUCO,YARUMAYO,42,1,41,0.023809523809523808
100111,2020,HUANUCO,HUANUCO,PILLCO MARCA,653,70,583,0.10719754977029096
100111,2021,HUANUCO,HUANUCO,PILLCO MARCA,531,42,489,0.07909604519774012
100111,2022,HUANUCO,HUANUCO,PILLCO MARCA,423,45,378,0.10638297872340426
100111,2023,HUANUCO,HUANUCO,PILLCO MARCA,1134,95,1039,0.0837742504409171
100111,2024,HUANUCO,HUANUCO,PILLCO MARCA,1194,288,906,0.24120603015075376
100111,2025,HUANUCO,HUANUCO,PILLCO MARCA,1161,275,886,0.2368647717484927
100111,2026,HUANUCO,HUANUCO,PILLCO MARCA,671,163,508,0.2429210134128167
100112,2020,HUANUCO,HUANUCO,YACUS,33,2,31,0.06060606060606061
100112,2021,HUANUCO,HUANUCO,YACUS,27,3,24,0.1111111111111111
100112,2022,HUANUCO,HUANUCO,YACUS,27,3,24,0.1111111111111111
100112,2023,HUANUCO,HUANUCO,YACUS,94,2,92,0.02127659574468085
100112,2024,HUANUCO,HUANUCO,YACUS,96,3,93,0.03125
100112,2025,HUANUCO,HUANUCO,YACUS,78,8,70,0.10256410256410256
100112,2026,HUANUCO,HUANUCO,YACUS,57,3,54,0.05263157894736842
100113,2020,HUANUCO,HUANUCO,SAN PABLO DE PILLAO,160,18,142,0.1125
100113,2021,HUANUCO,HUANUCO,SAN PABLO DE PILLAO,160,22,138,0.1375
100113,2022,HUANUCO,HUANUCO,SAN PABLO DE PILLAO,120,14,106,0.11666666666666667
100113,2023,HUANUCO,HUANUCO,SAN PABLO DE PILLAO,481,64,417,0.13305613305613306
100113,2024,HUANUCO,HUANUCO,SAN PABLO DE PILLAO,503,82,421,0.16302186878727634
100113,2025,HUANUCO,HUANUCO,SAN PABLO DE PILLAO,436,130,306,0.2981651376146789
100113,2026,HUANUCO,HUANUCO,SAN PABLO DE PILLAO,268,78,190,0.291044776119403
100201,2020,HUANUCO,AMBO,AMBO,324,39,285,0.12037037037037036
100201,2021,HUANUCO,AMBO,AMBO,352,62,290,0.17613636363636365
100201,2022,HUANUCO,AMBO,AMBO,300,42,258,0.14
100201,2023,HUANUCO,AMBO,AMBO,881,71,810,0.08059023836549375
100201,2024,HUANUCO,AMBO,AMBO,920,87,833,0.09456521739130434
100201,2025,HUANUCO,AMBO,AMBO,786,58,728,0.0737913486005089
100201,2026,HUANUCO,AMBO,AMBO,490,59,431,0.12040816326530612
100202,2020,HUANUCO,AMBO,CAYNA,14,2,12,0.14285714285714285
100202,2021,HUANUCO,AMBO,CAYNA,21,4,17,0.19047619047619047
100202,2022,HUANUCO,AMBO,CAYNA,18,1,17,0.05555555555555555
100202,2023,HUANUCO,AMBO,CAYNA,102,13,89,0.12745098039215685
100202,2024,HUANUCO,AMBO,CAYNA,107,7,100,0.06542056074766354
100202,2025,HUANUCO,AMBO,CAYNA,74,5,69,0.06756756756756757
100202,2026,HUANUCO,AMBO,CAYNA,43,3,40,0.06976744186046512
100203,2020,HUANUCO,AMBO,COLPAS,16,1,15,0.0625
100203,2021,HUANUCO,AMBO,COLPAS,17,1,16,0.058823529411764705
100203,2022,HUANUCO,AMBO,COLPAS,15,1,14,0.06666666666666667
100203,2023,HUANUCO,AMBO,COLPAS,61,4,57,0.06557377049180328
100203,2024,HUANUCO,AMBO,COLPAS,50,2,48,0.04
100203,2025,HUANUCO,AMBO,COLPAS,43,0,43,0.0
100203,2026,HUANUCO,AMBO,COLPAS,32,4,28,0.125
100204,2020,HUANUCO,AMBO,CONCHAMARCA,72,10,62,0.1388888888888889
100204,2021,HUANUCO,AMBO,CONCHAMARCA,71,12,59,0.16901408450704225
100204,2022,HUANUCO,AMBO,CONCHAMARCA,70,21,49,0.3
100204,2023,HUANUCO,AMBO,CONCHAMARCA,190,36,154,0.18947368421052632
100204,2024,HUANUCO,AMBO,CONCHAMARCA,172,21,151,0.12209302325581395
100204,2025,HUANUCO,AMBO,CONCHAMARCA,158,5,153,0.03164556962025317
100204,2026,HUANUCO,AMBO,CONCHAMARCA,97,5,92,0.05154639175257732
100205,2020,HUANUCO,AMBO,HUACAR,70,9,61,0.12857142857142856
100205,2021,HUANUCO,AMBO,HUACAR,78,12,66,0.15384615384615385
100205,2022,HUANUCO,AMBO,HUACAR,84,19,65,0.2261904761904762
100205,2023,HUANUCO,AMBO,HUACAR,243,52,191,0.2139917695473251
100205,2024,HUANUCO,AMBO,HUACAR,204,29,175,0.14215686274509803
100205,2025,HUANUCO,AMBO,HUACAR,206,12,194,0.05825242718446602
100205,2026,HUANUCO,AMBO,HUACAR,138,5,133,0.036231884057971016
100206,2020,HUANUCO,AMBO,SAN FRANCISCO,29,14,15,0.4827586206896552
100206,2021,HUANUCO,AMBO,SAN FRANCISCO,23,8,15,0.34782608695652173
100206,2022,HUANUCO,AMBO,SAN FRANCISCO,18,7,11,0.3888888888888889
100206,2023,HUANUCO,AMBO,SAN FRANCISCO,52,17,35,0.3269230769230769
100206,2024,HUANUCO,AMBO,SAN FRANCISCO,57,15,42,0.2631578947368421
100206,2025,HUANUCO,AMBO,SAN FRANCISCO,52,9,43,0.17307692307692307
100206,2026,HUANUCO,AMBO,SAN FRANCISCO,36,12,24,0.3333333333333333
100207,2020,HUANUCO,AMBO,SAN RAFAEL,148,33,115,0.22297297297297297
100207,2021,HUANUCO,AMBO,SAN RAFAEL,203,52,151,0.2561576354679803
100207,2022,HUANUCO,AMBO,SAN RAFAEL,174,40,134,0.22988505747126436
100207,2023,HUANUCO,AMBO,SAN RAFAEL,516,44,472,0.08527131782945736
100207,2024,HUANUCO,AMBO,SAN RAFAEL,514,44,470,0.08560311284046693
100207,2025,HUANUCO,AMBO,SAN RAFAEL,488,31,457,0.06352459016393443
100207,2026,HUANUCO,AMBO,SAN RAFAEL,319,21,298,0.06583072100313479
100208,2020,HUANUCO,AMBO,TOMAY-KICHWA,25,4,21,0.16
100208,2021,HUANUCO,AMBO,TOMAY-KICHWA,54,25,29,0.46296296296296297
100208,2022,HUANUCO,AMBO,TOMAY-KICHWA,56,16,40,0.2857142857142857
100208,2023,HUANUCO,AMBO,TOMAY-KICHWA,140,15,125,0.10714285714285714
100208,2024,HUANUCO,AMBO,TOMAY-KICHWA,125,32,93,0.256
100208,2025,HUANUCO,AMBO,TOMAY-KICHWA,121,16,105,0.1322314049586777
100208,2026,HUANUCO,AMBO,TOMAY-KICHWA,71,9,62,0.1267605633802817
100301,2020,HUANUCO,DOS DE MAYO,LA UNION,60,0,60,0.0
100301,2021,HUANUCO,DOS DE MAYO,LA UNION,64,1,63,0.015625
100301,2022,HUANUCO,DOS DE MAYO,LA UNION,59,4,55,0.06779661016949153
100301,2023,HUANUCO,DOS DE MAYO,LA UNION,164,18,146,0.10975609756097561
100301,2024,HUANUCO,DOS DE MAYO,LA UNION,237,29,208,0.12236286919831224
100301,2025,HUANUCO,DOS DE MAYO,LA UNION,237,25,212,0.10548523206751055
100301,2026,HUANUCO,DOS DE MAYO,LA UNION,145,18,127,0.12413793103448276
100307,2020,HUANUCO,DOS DE MAYO,CHUQUIS,93,30,63,0.3225806451612903
100307,2021,HUANUCO,DOS DE MAYO,CHUQUIS,88,9,79,0.10227272727272728
100307,2022,HUANUCO,DOS DE MAYO,CHUQUIS,82,22,60,0.2682926829268293
100307,2023,HUANUCO,DOS DE MAYO,CHUQUIS,101,15,86,0.1485148514851485
100307,2024,HUANUCO,DOS DE MAYO,CHUQUIS,115,30,85,0.2608695652173913
100307,2025,HUANUCO,DOS DE MAYO,CHUQUIS,110,40,70,0.36363636363636365
100307,2026,HUANUCO,DOS DE MAYO,CHUQUIS,66,15,51,0.22727272727272727
100311,2020,HUANUCO,DOS DE MAYO,MARIAS,123,61,62,0.4959349593495935
100311,2021,HUANUCO,DOS DE MAYO,MARIAS,112,41,71,0.36607142857142855
100311,2022,HUANUCO,DOS DE MAYO,MARIAS,125,57,68,0.456
100311,2023,HUANUCO,DOS DE MAYO,MARIAS,268,112,156,0.417910447761194
100311,2024,HUANUCO,DOS DE MAYO,MARIAS,276,108,168,0.391304347826087
100311,2025,HUANUCO,DOS DE MAYO,MARIAS,255,71,184,0.2784313725490196
100311,2026,HUANUCO,DOS DE MAYO,MARIAS,170,38,132,0.2235294117647059
100313,2020,HUANUCO,DOS DE MAYO,PACHAS,146,28,118,0.1917808219178082
100313,2021,HUANUCO,DOS DE MAYO,PACHAS,120,10,110,0.08333333333333333
100313,2022,HUANUCO,DOS DE MAYO,PACHAS,142,23,119,0.1619718309859155
100313,2023,HUANUCO,DOS DE MAYO,PACHAS,202,20,182,0.09900990099009901
100313,2024,HUANUCO,DOS DE MAYO,PACHAS,194,26,168,0.13402061855670103
100313,2025,HUANUCO,DOS DE MAYO,PACHAS,181,20,161,0.11049723756906077
100313,2026,HUANUCO,DOS DE MAYO,PACHAS,116,7,109,0.0603448275862069
100316,2020,HUANUCO,DOS DE MAYO,QUIVILLA,13,5,8,0.38461538461538464
100316,2021,HUANUCO,DOS DE MAYO,QUIVILLA,19,7,12,0.3684210526315789
100316,2022,HUANUCO,DOS DE MAYO,QUIVILLA,16,6,10,0.375
100316,2023,HUANUCO,DOS DE MAYO,QUIVILLA,38,10,28,0.2631578947368421
100316,2024,HUANUCO,DOS DE MAYO,QUIVILLA,37,10,27,0.2702702702702703
100316,2025,HUANUCO,DOS DE MAYO,QUIVILLA,27,9,18,0.3333333333333333
100316,2026,HUANUCO,DOS DE MAYO,QUIVILLA,16,4,12,0.25
100317,2020,HUANUCO,DOS DE MAYO,RIPAN,62,42,20,0.6774193548387096
100317,2021,HUANUCO,DOS DE MAYO,RIPAN,27,17,10,0.6296296296296297
100317,2022,HUANUCO,DOS DE MAYO,RIPAN,47,24,23,0.5106382978723404
100317,2023,HUANUCO,DOS DE MAYO,RIPAN,105,31,74,0.29523809523809524
100317,2024,HUANUCO,DOS DE MAYO,RIPAN,229,125,104,0.5458515283842795
100317,2025,HUANUCO,DOS DE MAYO,RIPAN,225,59,166,0.26222222222222225
100317,2026,HUANUCO,DOS DE MAYO,RIPAN,115,29,86,0.25217391304347825
100321,2020,HUANUCO,DOS DE MAYO,SHUNQUI,51,2,49,0.0392156862745098
100321,2021,HUANUCO,DOS DE MAYO,SHUNQUI,19,1,18,0.05263157894736842
100321,2022,HUANUCO,DOS DE MAYO,SHUNQUI,17,2,15,0.11764705882352941
100321,2023,HUANUCO,DOS DE MAYO,SHUNQUI,59,9,50,0.15254237288135594
100321,2024,HUANUCO,DOS DE MAYO,SHUNQUI,66,7,59,0.10606060606060606
100321,2025,HUANUCO,DOS DE MAYO,SHUNQUI,45,4,41,0.08888888888888889
100321,2026,HUANUCO,DOS DE MAYO,SHUNQUI,29,4,25,0.13793103448275862
100322,2020,HUANUCO,DOS DE MAYO,SILLAPATA,60,3,57,0.05
100322,2021,HUANUCO,DOS DE MAYO,SILLAPATA,21,4,17,0.19047619047619047
100322,2022,HUANUCO,DOS DE MAYO,SILLAPATA,43,9,34,0.20930232558139536
100322,2023,HUANUCO,DOS DE MAYO,SILLAPATA,52,6,46,0.11538461538461539
100322,2024,HUANUCO,DOS DE MAYO,SILLAPATA,53,3,50,0.05660377358490566
100322,2025,HUANUCO,DOS DE MAYO,SILLAPATA,48,0,48,0.0
100322,2026,HUANUCO,DOS DE MAYO,SILLAPATA,36,6,30,0.16666666666666666
100323,2020,HUANUCO,DOS DE MAYO,YANAS,9,5,4,0.5555555555555556
100323,2021,HUANUCO,DOS DE MAYO,YANAS,10,10,0,1.0
100323,2022,HUANUCO,DOS DE MAYO,YANAS,8,7,1,0.875
100323,2023,HUANUCO,DOS DE MAYO,YANAS,58,18,40,0.3103448275862069
100323,2024,HUANUCO,DOS DE MAYO,YANAS,66,22,44,0.3333333333333333
100323,2025,HUANUCO,DOS DE MAYO,YANAS,53,10,43,0.18867924528301888
100323,2026,HUANUCO,DOS DE MAYO,YANAS,37,5,32,0.13513513513513514
100401,2020,HUANUCO,HUACAYBAMBA,HUACAYBAMBA,96,57,39,0.59375
100401,2021,HUANUCO,HUACAYBAMBA,HUACAYBAMBA,88,41,47,0.4659090909090909
100401,2022,HUANUCO,HUACAYBAMBA,HUACAYBAMBA,93,33,60,0.3548387096774194
100401,2023,HUANUCO,HUACAYBAMBA,HUACAYBAMBA,248,49,199,0.1975806451612903
100401,2024,HUANUCO,HUACAYBAMBA,HUACAYBAMBA,264,39,225,0.14772727272727273
100401,2025,HUANUCO,HUACAYBAMBA,HUACAYBAMBA,263,25,238,0.09505703422053231
100401,2026,HUANUCO,HUACAYBAMBA,HUACAYBAMBA,170,15,155,0.08823529411764706
100402,2020,HUANUCO,HUACAYBAMBA,CANCHABAMBA,37,13,24,0.35135135135135137
100402,2021,HUANUCO,HUACAYBAMBA,CANCHABAMBA,16,0,16,0.0
100402,2022,HUANUCO,HUACAYBAMBA,CANCHABAMBA,26,9,17,0.34615384615384615
100402,2023,HUANUCO,HUACAYBAMBA,CANCHABAMBA,109,29,80,0.26605504587155965
100402,2024,HUANUCO,HUACAYBAMBA,CANCHABAMBA,105,27,78,0.2571428571428571
100402,2025,HUANUCO,HUACAYBAMBA,CANCHABAMBA,105,14,91,0.13333333333333333
100402,2026,HUANUCO,HUACAYBAMBA,CANCHABAMBA,64,11,53,0.171875
100403,2020,HUANUCO,HUACAYBAMBA,COCHABAMBA,20,2,18,0.1
100403,2021,HUANUCO,HUACAYBAMBA,COCHABAMBA,8,1,7,0.125
100403,2022,HUANUCO,HUACAYBAMBA,COCHABAMBA,8,3,5,0.375
100403,2023,HUANUCO,HUACAYBAMBA,COCHABAMBA,54,2,52,0.037037037037037035
100403,2024,HUANUCO,HUACAYBAMBA,COCHABAMBA,45,1,44,0.022222222222222223
100403,2025,HUANUCO,HUACAYBAMBA,COCHABAMBA,42,11,31,0.2619047619047619
100403,2026,HUANUCO,HUACAYBAMBA,COCHABAMBA,35,7,28,0.2
100404,2020,HUANUCO,HUACAYBAMBA,PINRA,44,5,39,0.11363636363636363
100404,2021,HUANUCO,HUACAYBAMBA,PINRA,39,12,27,0.3076923076923077
100404,2022,HUANUCO,HUACAYBAMBA,PINRA,44,8,36,0.18181818181818182
100404,2023,HUANUCO,HUACAYBAMBA,PINRA,219,19,200,0.0867579908675799
100404,2024,HUANUCO,HUACAYBAMBA,PINRA,240,37,203,0.15416666666666667
100404,2025,HUANUCO,HUACAYBAMBA,PINRA,216,42,174,0.19444444444444445
100404,2026,HUANUCO,HUACAYBAMBA,PINRA,143,12,131,0.08391608391608392
100501,2020,HUANUCO,HUAMALIES,LLATA,137,51,86,0.3722627737226277
100501,2021,HUANUCO,HUAMALIES,LLATA,103,23,80,0.22330097087378642
100501,2022,HUANUCO,HUAMALIES,LLATA,225,78,147,0.3466666666666667
100501,2023,HUANUCO,HUAMALIES,LLATA,562,85,477,0.1512455516014235
100501,2024,HUANUCO,HUAMALIES,LLATA,545,76,469,0.13944954128440368
100501,2025,HUANUCO,HUAMALIES,LLATA,501,54,447,0.10778443113772455
100501,2026,HUANUCO,HUAMALIES,LLATA,331,94,237,0.283987915407855
100502,2020,HUANUCO,HUAMALIES,ARANCAY,22,21,1,0.9545454545454546
100502,2021,HUANUCO,HUAMALIES,ARANCAY,21,10,11,0.47619047619047616
100502,2022,HUANUCO,HUAMALIES,ARANCAY,17,3,14,0.17647058823529413
100502,2023,HUANUCO,HUAMALIES,ARANCAY,60,31,29,0.5166666666666667
100502,2024,HUANUCO,HUAMALIES,ARANCAY,59,16,43,0.2711864406779661
100502,2025,HUANUCO,HUAMALIES,ARANCAY,53,12,41,0.22641509433962265
100502,2026,HUANUCO,HUAMALIES,ARANCAY,33,5,28,0.15151515151515152
100503,2020,HUANUCO,HUAMALIES,CHAVIN DE PARIARCA,81,32,49,0.3950617283950617
100503,2021,HUANUCO,HUAMALIES,CHAVIN DE PARIARCA,36,15,21,0.4166666666666667
100503,2022,HUANUCO,HUAMALIES,CHAVIN DE PARIARCA,43,11,32,0.2558139534883721
100503,2023,HUANUCO,HUAMALIES,CHAVIN DE PARIARCA,142,51,91,0.3591549295774648
100503,2024,HUANUCO,HUAMALIES,CHAVIN DE PARIARCA,152,17,135,0.1118421052631579
100503,2025,HUANUCO,HUAMALIES,CHAVIN DE PARIARCA,119,12,107,0.10084033613445378
100503,2026,HUANUCO,HUAMALIES,CHAVIN DE PARIARCA,74,15,59,0.20270270270270271
100504,2020,HUANUCO,HUAMALIES,JACAS GRANDE,52,23,29,0.4423076923076923
100504,2021,HUANUCO,HUAMALIES,JACAS GRANDE,39,9,30,0.23076923076923078
100504,2022,HUANUCO,HUAMALIES,JACAS GRANDE,42,15,27,0.35714285714285715
100504,2023,HUANUCO,HUAMALIES,JACAS GRANDE,191,50,141,0.2617801047120419
100504,2024,HUANUCO,HUAMALIES,JACAS GRANDE,183,25,158,0.1366120218579235
100504,2025,HUANUCO,HUAMALIES,JACAS GRANDE,164,22,142,0.13414634146341464
100504,2026,HUANUCO,HUAMALIES,JACAS GRANDE,107,5,102,0.04672897196261682
100505,2020,HUANUCO,HUAMALIES,JIRCAN,29,2,27,0.06896551724137931
100505,2021,HUANUCO,HUAMALIES,JIRCAN,22,1,21,0.045454545454545456
100505,2022,HUANUCO,HUAMALIES,JIRCAN,19,2,17,0.10526315789473684
100505,2023,HUANUCO,HUAMALIES,JIRCAN,48,8,40,0.16666666666666666
100505,2024,HUANUCO,HUAMALIES,JIRCAN,38,6,32,0.15789473684210525
100505,2025,HUANUCO,HUAMALIES,JIRCAN,27,1,26,0.037037037037037035
100505,2026,HUANUCO,HUAMALIES,JIRCAN,23,0,23,0.0
100506,2020,HUANUCO,HUAMALIES,MIRAFLORES,36,8,28,0.2222222222222222
100506,2021,HUANUCO,HUAMALIES,MIRAFLORES,23,10,13,0.43478260869565216
100506,2022,HUANUCO,HUAMALIES,MIRAFLORES,19,3,16,0.15789473684210525
100506,2023,HUANUCO,HUAMALIES,MIRAFLORES,129,10,119,0.07751937984496124
100506,2024,HUANUCO,HUAMALIES,MIRAFLORES,130,1,129,0.007692307692307693
100506,2025,HUANUCO,HUAMALIES,MIRAFLORES,123,2,121,0.016260162601626018
100506,2026,HUANUCO,HUAMALIES,MIRAFLORES,91,5,86,0.054945054945054944
100507,2020,HUANUCO,HUAMALIES,MONZON,206,105,101,0.5097087378640777
100507,2021,HUANUCO,HUAMALIES,MONZON,152,78,74,0.5131578947368421
100507,2022,HUANUCO,HUAMALIES,MONZON,215,132,83,0.6139534883720931
100507,2023,HUANUCO,HUAMALIES,MONZON,532,250,282,0.4699248120300752
100507,2024,HUANUCO,HUAMALIES,MONZON,573,361,212,0.6300174520069808
100507,2025,HUANUCO,HUAMALIES,MONZON,531,129,402,0.24293785310734464
100507,2026,HUANUCO,HUAMALIES,MONZON,301,76,225,0.25249169435215946
100508,2020,HUANUCO,HUAMALIES,PUNCHAO,36,5,31,0.1388888888888889
100508,2021,HUANUCO,HUAMALIES,PUNCHAO,30,8,22,0.26666666666666666
100508,2022,HUANUCO,HUAMALIES,PUNCHAO,19,4,15,0.21052631578947367
100508,2023,HUANUCO,HUAMALIES,PUNCHAO,77,11,66,0.14285714285714285
100508,2024,HUANUCO,HUAMALIES,PUNCHAO,85,9,76,0.10588235294117647
100508,2025,HUANUCO,HUAMALIES,PUNCHAO,59,21,38,0.3559322033898305
100508,2026,HUANUCO,HUAMALIES,PUNCHAO,34,10,24,0.29411764705882354
100509,2020,HUANUCO,HUAMALIES,PUÑOS,38,9,29,0.23684210526315788
100509,2021,HUANUCO,HUAMALIES,PUÑOS,35,20,15,0.5714285714285714
100509,2022,HUANUCO,HUAMALIES,PUÑOS,49,23,26,0.46938775510204084
100509,2023,HUANUCO,HUAMALIES,PUÑOS,155,58,97,0.3741935483870968
100509,2024,HUANUCO,HUAMALIES,PUÑOS,183,45,138,0.2459016393442623
100509,2025,HUANUCO,HUAMALIES,PUÑOS,162,49,113,0.30246913580246915
100509,2026,HUANUCO,HUAMALIES,PUÑOS,123,25,98,0.2032520325203252
100510,2020,HUANUCO,HUAMALIES,SINGA,37,16,21,0.43243243243243246
100510,2021,HUANUCO,HUAMALIES,SINGA,34,4,30,0.11764705882352941
100510,2022,HUANUCO,HUAMALIES,SINGA,31,18,13,0.5806451612903226
100510,2023,HUANUCO,HUAMALIES,SINGA,70,23,47,0.32857142857142857
100510,2024,HUANUCO,HUAMALIES,SINGA,80,17,63,0.2125
100510,2025,HUANUCO,HUAMALIES,SINGA,81,14,67,0.1728395061728395
100510,2026,HUANUCO,HUAMALIES,SINGA,60,16,44,0.26666666666666666
100511,2020,HUANUCO,HUAMALIES,TANTAMAYO,28,6,22,0.21428571428571427
100511,2021,HUANUCO,HUAMALIES,TANTAMAYO,11,1,10,0.09090909090909091
100511,2022,HUANUCO,HUAMALIES,TANTAMAYO,11,3,8,0.2727272727272727
100511,2023,HUANUCO,HUAMALIES,TANTAMAYO,66,5,61,0.07575757575757576
100511,2024,HUANUCO,HUAMALIES,TANTAMAYO,63,0,63,0.0
100511,2025,HUANUCO,HUAMALIES,TANTAMAYO,49,6,43,0.12244897959183673
100511,2026,HUANUCO,HUAMALIES,TANTAMAYO,28,2,26,0.07142857142857142
100601,2020,HUANUCO,LEONCIO PRADO,RUPA-RUPA,746,261,485,0.34986595174262736
100601,2021,HUANUCO,LEONCIO PRADO,RUPA-RUPA,510,166,344,0.3254901960784314
100601,2022,HUANUCO,LEONCIO PRADO,RUPA-RUPA,492,181,311,0.3678861788617886
100601,2023,HUANUCO,LEONCIO PRADO,RUPA-RUPA,1481,390,1091,0.26333558406482105
100601,2024,HUANUCO,LEONCIO PRADO,RUPA-RUPA,1591,233,1358,0.1464487743557511
100601,2025,HUANUCO,LEONCIO PRADO,RUPA-RUPA,1435,124,1311,0.08641114982578398
100601,2026,HUANUCO,LEONCIO PRADO,RUPA-RUPA,834,57,777,0.0683453237410072
100602,2020,HUANUCO,LEONCIO PRADO,DANIEL ALOMIA ROBLES,250,35,215,0.14
100602,2021,HUANUCO,LEONCIO PRADO,DANIEL ALOMIA ROBLES,85,11,74,0.12941176470588237
100602,2022,HUANUCO,LEONCIO PRADO,DANIEL ALOMIA ROBLES,88,24,64,0.2727272727272727
100602,2023,HUANUCO,LEONCIO PRADO,DANIEL ALOMIA ROBLES,295,65,230,0.22033898305084745
100602,2024,HUANUCO,LEONCIO PRADO,DANIEL ALOMIA ROBLES,312,84,228,0.2692307692307692
100602,2025,HUANUCO,LEONCIO PRADO,DANIEL ALOMIA ROBLES,289,24,265,0.08304498269896193
100602,2026,HUANUCO,LEONCIO PRADO,DANIEL ALOMIA ROBLES,188,18,170,0.09574468085106383
100603,2020,HUANUCO,LEONCIO PRADO,HERMILIO VALDIZAN,33,6,27,0.18181818181818182
100603,2021,HUANUCO,LEONCIO PRADO,HERMILIO VALDIZAN,18,1,17,0.05555555555555555
100603,2022,HUANUCO,LEONCIO PRADO,HERMILIO VALDIZAN,28,3,25,0.10714285714285714
100603,2023,HUANUCO,LEONCIO PRADO,HERMILIO VALDIZAN,139,13,126,0.09352517985611511
100603,2024,HUANUCO,LEONCIO PRADO,HERMILIO VALDIZAN,153,40,113,0.26143790849673204
100603,2025,HUANUCO,LEONCIO PRADO,HERMILIO VALDIZAN,114,21,93,0.18421052631578946
100603,2026,HUANUCO,LEONCIO PRADO,HERMILIO VALDIZAN,64,12,52,0.1875
100604,2020,HUANUCO,LEONCIO PRADO,JOSE CRESPO Y CASTILLO,485,198,287,0.40824742268041236
100604,2021,HUANUCO,LEONCIO PRADO,JOSE CRESPO Y CASTILLO,466,141,325,0.30257510729613735
100604,2022,HUANUCO,LEONCIO PRADO,JOSE CRESPO Y CASTILLO,313,92,221,0.2939297124600639
100604,2023,HUANUCO,LEONCIO PRADO,JOSE CRESPO Y CASTILLO,933,262,671,0.2808145766345123
100604,2024,HUANUCO,LEONCIO PRADO,JOSE CRESPO Y CASTILLO,828,164,664,0.19806763285024154
100604,2025,HUANUCO,LEONCIO PRADO,JOSE CRESPO Y CASTILLO,782,121,661,0.1547314578005115
100604,2026,HUANUCO,LEONCIO PRADO,JOSE CRESPO Y CASTILLO,446,46,400,0.1031390134529148
100605,2020,HUANUCO,LEONCIO PRADO,LUYANDO,226,58,168,0.25663716814159293
100605,2021,HUANUCO,LEONCIO PRADO,LUYANDO,133,46,87,0.3458646616541353
100605,2022,HUANUCO,LEONCIO PRADO,LUYANDO,148,34,114,0.22972972972972974
100605,2023,HUANUCO,LEONCIO PRADO,LUYANDO,438,107,331,0.24429223744292236
100605,2024,HUANUCO,LEONCIO PRADO,LUYANDO,525,117,408,0.22285714285714286
100605,2025,HUANUCO,LEONCIO PRADO,LUYANDO,446,35,411,0.07847533632286996
100605,2026,HUANUCO,LEONCIO PRADO,LUYANDO,278,41,237,0.1474820143884892
100606,2020,HUANUCO,LEONCIO PRADO,MARIANO DAMASO BERAUN,337,75,262,0.22255192878338279
100606,2021,HUANUCO,LEONCIO PRADO,MARIANO DAMASO BERAUN,174,35,139,0.20114942528735633
100606,2022,HUANUCO,LEONCIO PRADO,MARIANO DAMASO BERAUN,172,33,139,0.19186046511627908
100606,2023,HUANUCO,LEONCIO PRADO,MARIANO DAMASO BERAUN,487,86,401,0.17659137577002054
100606,2024,HUANUCO,LEONCIO PRADO,MARIANO DAMASO BERAUN,440,85,355,0.19318181818181818
100606,2025,HUANUCO,LEONCIO PRADO,MARIANO DAMASO BERAUN,389,65,324,0.16709511568123395
100606,2026,HUANUCO,LEONCIO PRADO,MARIANO DAMASO BERAUN,239,42,197,0.17573221757322174
100607,2020,HUANUCO,LEONCIO PRADO,PUCAYACU,82,26,56,0.3170731707317073
100607,2021,HUANUCO,LEONCIO PRADO,PUCAYACU,104,13,91,0.125
100607,2022,HUANUCO,LEONCIO PRADO,PUCAYACU,46,9,37,0.1956521739130435
100607,2023,HUANUCO,LEONCIO PRADO,PUCAYACU,173,37,136,0.2138728323699422
100607,2024,HUANUCO,LEONCIO PRADO,PUCAYACU,206,25,181,0.12135922330097088
100607,2025,HUANUCO,LEONCIO PRADO,PUCAYACU,175,13,162,0.07428571428571429
100607,2026,HUANUCO,LEONCIO PRADO,PUCAYACU,95,4,91,0.042105263157894736
100608,2020,HUANUCO,LEONCIO PRADO,CASTILLO GRANDE,241,92,149,0.3817427385892116
100608,2021,HUANUCO,LEONCIO PRADO,CASTILLO GRANDE,132,43,89,0.32575757575757575
100608,2022,HUANUCO,LEONCIO PRADO,CASTILLO GRANDE,206,76,130,0.36893203883495146
100608,2023,HUANUCO,LEONCIO PRADO,CASTILLO GRANDE,568,125,443,0.22007042253521128
100608,2024,HUANUCO,LEONCIO PRADO,CASTILLO GRANDE,537,99,438,0.18435754189944134
100608,2025,HUANUCO,LEONCIO PRADO,CASTILLO GRANDE,502,48,454,0.09561752988047809
100608,2026,HUANUCO,LEONCIO PRADO,CASTILLO GRANDE,283,41,242,0.14487632508833923
100609,2020,HUANUCO,LEONCIO PRADO,PUEBLO NUEVO,97,6,91,0.061855670103092786
100609,2021,HUANUCO,LEONCIO PRADO,PUEBLO NUEVO,52,3,49,0.057692307692307696
100609,2022,HUANUCO,LEONCIO PRADO,PUEBLO NUEVO,58,10,48,0.1724137931034483
100609,2023,HUANUCO,LEONCIO PRADO,PUEBLO NUEVO,197,35,162,0.17766497461928935
100609,2024,HUANUCO,LEONCIO PRADO,PUEBLO NUEVO,195,23,172,0.11794871794871795
100609,2025,HUANUCO,LEONCIO PRADO,PUEBLO NUEVO,174,21,153,0.1206896551724138
100609,2026,HUANUCO,LEONCIO PRADO,PUEBLO NUEVO,117,15,102,0.1282051282051282
100610,2020,HUANUCO,LEONCIO PRADO,SANTO DOMINGO DE ANDA,67,14,53,0.208955223880597
100610,2021,HUANUCO,LEONCIO PRADO,SANTO DOMINGO DE ANDA,21,6,15,0.2857142857142857
100610,2022,HUANUCO,LEONCIO PRADO,SANTO DOMINGO DE ANDA,50,13,37,0.26
100610,2023,HUANUCO,LEONCIO PRADO,SANTO DOMINGO DE ANDA,105,23,82,0.21904761904761905
100610,2024,HUANUCO,LEONCIO PRADO,SANTO DOMINGO DE ANDA,103,9,94,0.08737864077669903
100610,2025,HUANUCO,LEONCIO PRADO,SANTO DOMINGO DE ANDA,112,15,97,0.13392857142857142
100610,2026,HUANUCO,LEONCIO PRADO,SANTO DOMINGO DE ANDA,77,5,72,0.06493506493506493
100701,2020,HUANUCO,MARAÑON,HUACRACHUCO,218,92,126,0.42201834862385323
100701,2021,HUANUCO,MARAÑON,HUACRACHUCO,224,106,118,0.4732142857142857
100701,2022,HUANUCO,MARAÑON,HUACRACHUCO,123,92,31,0.7479674796747967
100701,2023,HUANUCO,MARAÑON,HUACRACHUCO,587,228,359,0.38841567291311757
100701,2024,HUANUCO,MARAÑON,HUACRACHUCO,611,106,505,0.1734860883797054
100701,2025,HUANUCO,MARAÑON,HUACRACHUCO,567,99,468,0.1746031746031746
100701,2026,HUANUCO,MARAÑON,HUACRACHUCO,368,48,320,0.13043478260869565
100702,2020,HUANUCO,MARAÑON,CHOLON,75,61,14,0.8133333333333334
100702,2021,HUANUCO,MARAÑON,CHOLON,105,88,17,0.8380952380952381
100702,2022,HUANUCO,MARAÑON,CHOLON,111,94,17,0.8468468468468469
100702,2023,HUANUCO,MARAÑON,CHOLON,334,240,94,0.718562874251497
100702,2024,HUANUCO,MARAÑON,CHOLON,349,258,91,0.7392550143266475
100702,2025,HUANUCO,MARAÑON,CHOLON,291,187,104,0.6426116838487973
100702,2026,HUANUCO,MARAÑON,CHOLON,199,132,67,0.6633165829145728
100703,2020,HUANUCO,MARAÑON,SAN BUENAVENTURA,58,29,29,0.5
100703,2021,HUANUCO,MARAÑON,SAN BUENAVENTURA,64,15,49,0.234375
100703,2022,HUANUCO,MARAÑON,SAN BUENAVENTURA,49,30,19,0.6122448979591837
100703,2023,HUANUCO,MARAÑON,SAN BUENAVENTURA,132,33,99,0.25
100703,2024,HUANUCO,MARAÑON,SAN BUENAVENTURA,119,26,93,0.2184873949579832
100703,2025,HUANUCO,MARAÑON,SAN BUENAVENTURA,97,36,61,0.3711340206185567
100703,2026,HUANUCO,MARAÑON,SAN BUENAVENTURA,65,16,49,0.24615384615384617
100704,2020,HUANUCO,MARAÑON,LA MORADA,44,8,36,0.18181818181818182
100704,2021,HUANUCO,MARAÑON,LA MORADA,53,6,47,0.11320754716981132
100704,2022,HUANUCO,MARAÑON,LA MORADA,72,14,58,0.19444444444444445
100704,2023,HUANUCO,MARAÑON,LA MORADA,194,26,168,0.13402061855670103
100704,2024,HUANUCO,MARAÑON,LA MORADA,182,28,154,0.15384615384615385
100704,2025,HUANUCO,MARAÑON,LA MORADA,175,15,160,0.08571428571428572
100704,2026,HUANUCO,MARAÑON,LA MORADA,84,3,81,0.03571428571428571
100705,2020,HUANUCO,MARAÑON,SANTA ROSA DE ALTO YANAJANCA,64,5,59,0.078125
100705,2021,HUANUCO,MARAÑON,SANTA ROSA DE ALTO YANAJANCA,75,11,64,0.14666666666666667
100705,2022,HUANUCO,MARAÑON,SANTA ROSA DE ALTO YANAJANCA,48,5,43,0.10416666666666667
100705,2023,HUANUCO,MARAÑON,SANTA ROSA DE ALTO YANAJANCA,99,15,84,0.15151515151515152
100705,2024,HUANUCO,MARAÑON,SANTA ROSA DE ALTO YANAJANCA,117,30,87,0.2564102564102564
100705,2025,HUANUCO,MARAÑON,SANTA ROSA DE ALTO YANAJANCA,119,18,101,0.15126050420168066
100705,2026,HUANUCO,MARAÑON,SANTA ROSA DE ALTO YANAJANCA,70,5,65,0.07142857142857142
100801,2020,HUANUCO,PACHITEA,PANAO,291,18,273,0.061855670103092786
100801,2021,HUANUCO,PACHITEA,PANAO,308,10,298,0.032467532467532464
100801,2022,HUANUCO,PACHITEA,PANAO,299,18,281,0.06020066889632107
100801,2023,HUANUCO,PACHITEA,PANAO,1057,19,1038,0.017975402081362345
100801,2024,HUANUCO,PACHITEA,PANAO,1061,40,1021,0.03770028275212064
100801,2025,HUANUCO,PACHITEA,PANAO,972,37,935,0.03806584362139918
100801,2026,HUANUCO,PACHITEA,PANAO,552,58,494,0.10507246376811594
100802,2020,HUANUCO,PACHITEA,CHAGLLA,169,65,104,0.38461538461538464
100802,2021,HUANUCO,PACHITEA,CHAGLLA,154,70,84,0.45454545454545453
100802,2022,HUANUCO,PACHITEA,CHAGLLA,151,51,100,0.33774834437086093
100802,2023,HUANUCO,PACHITEA,CHAGLLA,497,163,334,0.32796780684104626
100802,2024,HUANUCO,PACHITEA,CHAGLLA,501,162,339,0.32335329341317365
100802,2025,HUANUCO,PACHITEA,CHAGLLA,394,145,249,0.3680203045685279
100802,2026,HUANUCO,PACHITEA,CHAGLLA,252,78,174,0.30952380952380953
100803,2020,HUANUCO,PACHITEA,MOLINO,194,151,43,0.7783505154639175
100803,2021,HUANUCO,PACHITEA,MOLINO,186,157,29,0.8440860215053764
100803,2022,HUANUCO,PACHITEA,MOLINO,188,142,46,0.7553191489361702
100803,2023,HUANUCO,PACHITEA,MOLINO,707,485,222,0.685997171145686
100803,2024,HUANUCO,PACHITEA,MOLINO,688,440,248,0.6395348837209303
100803,2025,HUANUCO,PACHITEA,MOLINO,617,80,537,0.12965964343598055
100803,2026,HUANUCO,PACHITEA,MOLINO,408,52,356,0.12745098039215685
100804,2020,HUANUCO,PACHITEA,UMARI,33,1,32,0.030303030303030304
100804,2021,HUANUCO,PACHITEA,UMARI,45,3,42,0.06666666666666667
100804,2022,HUANUCO,PACHITEA,UMARI,50,3,47,0.06
100804,2023,HUANUCO,PACHITEA,UMARI,123,7,116,0.056910569105691054
100804,2024,HUANUCO,PACHITEA,UMARI,455,20,435,0.04395604395604396
100804,2025,HUANUCO,PACHITEA,UMARI,429,45,384,0.1048951048951049
100804,2026,HUANUCO,PACHITEA,UMARI,276,25,251,0.09057971014492754
100901,2020,HUANUCO,PUERTO INCA,PUERTO INCA,105,13,92,0.12380952380952381
100901,2021,HUANUCO,PUERTO INCA,PUERTO INCA,157,12,145,0.07643312101910828
100901,2022,HUANUCO,PUERTO INCA,PUERTO INCA,244,22,222,0.09016393442622951
100901,2023,HUANUCO,PUERTO INCA,PUERTO INCA,616,76,540,0.12337662337662338
100901,2024,HUANUCO,PUERTO INCA,PUERTO INCA,787,38,749,0.048284625158831
100901,2025,HUANUCO,PUERTO INCA,PUERTO INCA,776,55,721,0.07087628865979381
100901,2026,HUANUCO,PUERTO INCA,PUERTO INCA,457,15,442,0.03282275711159737
100902,2020,HUANUCO,PUERTO INCA,CODO DEL POZUZO,159,51,108,0.32075471698113206
100902,2021,HUANUCO,PUERTO INCA,CODO DEL POZUZO,374,162,212,0.43315508021390375
100902,2022,HUANUCO,PUERTO INCA,CODO DEL POZUZO,354,98,256,0.2768361581920904
100902,2023,HUANUCO,PUERTO INCA,CODO DEL POZUZO,600,126,474,0.21
100902,2024,HUANUCO,PUERTO INCA,CODO DEL POZUZO,614,202,412,0.3289902280130293
100902,2025,HUANUCO,PUERTO INCA,CODO DEL POZUZO,538,50,488,0.09293680297397769
100902,2026,HUANUCO,PUERTO INCA,CODO DEL POZUZO,347,30,317,0.08645533141210375
100903,2020,HUANUCO,PUERTO INCA,HONORIA,113,11,102,0.09734513274336283
100903,2021,HUANUCO,PUERTO INCA,HONORIA,182,20,162,0.10989010989010989
100903,2022,HUANUCO,PUERTO INCA,HONORIA,106,25,81,0.2358490566037736
100903,2023,HUANUCO,PUERTO INCA,HONORIA,249,31,218,0.12449799196787148
100903,2024,HUANUCO,PUERTO INCA,HONORIA,307,14,293,0.04560260586319218
100903,2025,HUANUCO,PUERTO INCA,HONORIA,299,18,281,0.06020066889632107
100903,2026,HUANUCO,PUERTO INCA,HONORIA,193,9,184,0.046632124352331605
100904,2020,HUANUCO,PUERTO INCA,TOURNAVISTA,24,4,20,0.16666666666666666
100904,2021,HUANUCO,PUERTO INCA,TOURNAVISTA,112,17,95,0.15178571428571427
100904,2022,HUANUCO,PUERTO INCA,TOURNAVISTA,68,5,63,0.07352941176470588
100904,2023,HUANUCO,PUERTO INCA,TOURNAVISTA,209,21,188,0.10047846889952153
100904,2024,HUANUCO,PUERTO INCA,TOURNAVISTA,318,16,302,0.050314465408805034
100904,2025,HUANUCO,PUERTO INCA,TOURNAVISTA,280,9,271,0.03214285714285714
100904,2026,HUANUCO,PUERTO INCA,TOURNAVISTA,181,5,176,0.027624309392265192
100905,2020,HUANUCO,PUERTO INCA,YUYAPICHIS,205,29,176,0.14146341463414633
100905,2021,HUANUCO,PUERTO INCA,YUYAPICHIS,294,28,266,0.09523809523809523
100905,2022,HUANUCO,PUERTO INCA,YUYAPICHIS,165,20,145,0.12121212121212122
100905,2023,HUANUCO,PUERTO INCA,YUYAPICHIS,432,34,398,0.0787037037037037
100905,2024,HUANUCO,PUERTO INCA,YUYAPICHIS,491,11,480,0.02240325865580448
100905,2025,HUANUCO,PUERTO INCA,YUYAPICHIS,418,11,407,0.02631578947368421
100905,2026,HUANUCO,PUERTO INCA,YUYAPICHIS,240,14,226,0.058333333333333334
101001,2020,HUANUCO,LAURICOCHA,JESUS,30,12,18,0.4
101001,2021,HUANUCO,LAURICOCHA,JESUS,23,10,13,0.43478260869565216
101001,2022,HUANUCO,LAURICOCHA,JESUS,26,12,14,0.46153846153846156
101001,2023,HUANUCO,LAURICOCHA,JESUS,140,36,104,0.2571428571428571
101001,2024,HUANUCO,LAURICOCHA,JESUS,135,7,128,0.05185185185185185
101001,2025,HUANUCO,LAURICOCHA,JESUS,121,15,106,0.12396694214876033
101001,2026,HUANUCO,LAURICOCHA,JESUS,68,13,55,0.19117647058823528
101002,2020,HUANUCO,LAURICOCHA,BAÑOS,45,21,24,0.4666666666666667
101002,2021,HUANUCO,LAURICOCHA,BAÑOS,105,27,78,0.2571428571428571
101002,2022,HUANUCO,LAURICOCHA,BAÑOS,67,25,42,0.373134328358209
101002,2023,HUANUCO,LAURICOCHA,BAÑOS,74,18,56,0.24324324324324326
101002,2024,HUANUCO,LAURICOCHA,BAÑOS,110,16,94,0.14545454545454545
101002,2025,HUANUCO,LAURICOCHA,BAÑOS,102,20,82,0.19607843137254902
101002,2026,HUANUCO,LAURICOCHA,BAÑOS,77,15,62,0.19480519480519481
101003,2020,HUANUCO,LAURICOCHA,JIVIA,7,5,2,0.7142857142857143
101003,2021,HUANUCO,LAURICOCHA,JIVIA,8,6,2,0.75
101003,2022,HUANUCO,LAURICOCHA,JIVIA,8,2,6,0.25
101003,2023,HUANUCO,LAURICOCHA,JIVIA,22,17,5,0.7727272727272727
101003,2024,HUANUCO,LAURICOCHA,JIVIA,28,8,20,0.2857142857142857
101003,2025,HUANUCO,LAURICOCHA,JIVIA,23,2,21,0.08695652173913043
101003,2026,HUANUCO,LAURICOCHA,JIVIA,17,3,14,0.17647058823529413
101004,2022,HUANUCO,LAURICOCHA,QUEROPALCA,5,3,2,0.6
101004,2023,HUANUCO,LAURICOCHA,QUEROPALCA,17,13,4,0.7647058823529411
101004,2024,HUANUCO,LAURICOCHA,QUEROPALCA,23,9,14,0.391304347826087
101004,2025,HUANUCO,LAURICOCHA,QUEROPALCA,24,9,15,0.375
101004,2026,HUANUCO,LAURICOCHA,QUEROPALCA,6,2,4,0.3333333333333333
101005,2020,HUANUCO,LAURICOCHA,RONDOS,19,3,16,0.15789473684210525
101005,2021,HUANUCO,LAURICOCHA,RONDOS,12,3,9,0.25
101005,2022,HUANUCO,LAURICOCHA,RONDOS,30,5,25,0.16666666666666666
101005,2023,HUANUCO,LAURICOCHA,RONDOS,108,15,93,0.1388888888888889
101005,2024,HUANUCO,LAURICOCHA,RONDOS,143,12,131,0.08391608391608392
101005,2025,HUANUCO,LAURICOCHA,RONDOS,145,11,134,0.07586206896551724
101005,2026,HUANUCO,LAURICOCHA,RONDOS,92,12,80,0.13043478260869565
101006,2020,HUANUCO,LAURICOCHA,SAN FRANCISCO DE ASIS,8,5,3,0.625
101006,2021,HUANUCO,LAURICOCHA,SAN FRANCISCO DE ASIS,10,9,1,0.9
101006,2022,HUANUCO,LAURICOCHA,SAN FRANCISCO DE ASIS,12,6,6,0.5
101006,2023,HUANUCO,LAURICOCHA,SAN FRANCISCO DE ASIS,43,8,35,0.18604651162790697
101006,2024,HUANUCO,LAURICOCHA,SAN FRANCISCO DE ASIS,49,6,43,0.12244897959183673
101006,2025,HUANUCO,LAURICOCHA,SAN FRANCISCO DE ASIS,43,1,42,0.023255813953488372
101006,2026,HUANUCO,LAURICOCHA,SAN FRANCISCO DE ASIS,22,0,22,0.0
101007,2020,HUANUCO,LAURICOCHA,SAN MIGUEL DE CAURI,96,17,79,0.17708333333333334
101007,2021,HUANUCO,LAURICOCHA,SAN MIGUEL DE CAURI,139,13,126,0.09352517985611511
101007,2022,HUANUCO,LAURICOCHA,SAN MIGUEL DE CAURI,174,15,159,0.08620689655172414
101007,2023,HUANUCO,LAURICOCHA,SAN MIGUEL DE CAURI,176,46,130,0.26136363636363635
101007,2024,HUANUCO,LAURICOCHA,SAN MIGUEL DE CAURI,174,18,156,0.10344827586206896
101007,2025,HUANUCO,LAURICOCHA,SAN MIGUEL DE CAURI,144,11,133,0.0763888888888889
101007,2026,HUANUCO,LAURICOCHA,SAN MIGUEL DE CAURI,89,11,78,0.12359550561797752
101101,2020,HUANUCO,YAROWILCA,CHAVINILLO,98,26,72,0.2653061224489796
101101,2021,HUANUCO,YAROWILCA,CHAVINILLO,58,9,49,0.15517241379310345
101101,2022,HUANUCO,YAROWILCA,CHAVINILLO,46,18,28,0.391304347826087
101101,2023,HUANUCO,YAROWILCA,CHAVINILLO,252,53,199,0.21031746031746032
101101,2024,HUANUCO,YAROWILCA,CHAVINILLO,242,37,205,0.15289256198347106
101101,2025,HUANUCO,YAROWILCA,CHAVINILLO,198,22,176,0.1111111111111111
101101,2026,HUANUCO,YAROWILCA,CHAVINILLO,114,10,104,0.08771929824561403
101102,2020,HUANUCO,YAROWILCA,CAHUAC,7,0,7,0.0
101102,2021,HUANUCO,YAROWILCA,CAHUAC,16,0,16,0.0
101102,2022,HUANUCO,YAROWILCA,CAHUAC,15,0,15,0.0
101102,2023,HUANUCO,YAROWILCA,CAHUAC,42,0,42,0.0
101102,2024,HUANUCO,YAROWILCA,CAHUAC,41,0,41,0.0
101102,2025,HUANUCO,YAROWILCA,CAHUAC,31,0,31,0.0
101102,2026,HUANUCO,YAROWILCA,CAHUAC,26,0,26,0.0
101103,2020,HUANUCO,YAROWILCA,CHACABAMBA,14,6,8,0.42857142857142855
101103,2021,HUANUCO,YAROWILCA,CHACABAMBA,15,15,0,1.0
101103,2022,HUANUCO,YAROWILCA,CHACABAMBA,12,8,4,0.6666666666666666
101103,2023,HUANUCO,YAROWILCA,CHACABAMBA,33,11,22,0.3333333333333333
101103,2024,HUANUCO,YAROWILCA,CHACABAMBA,31,3,28,0.0967741935483871
101103,2025,HUANUCO,YAROWILCA,CHACABAMBA,32,4,28,0.125
101103,2026,HUANUCO,YAROWILCA,CHACABAMBA,16,2,14,0.125
101104,2020,HUANUCO,YAROWILCA,APARICIO POMARES,60,13,47,0.21666666666666667
101104,2021,HUANUCO,YAROWILCA,APARICIO POMARES,59,8,51,0.13559322033898305
101104,2022,HUANUCO,YAROWILCA,APARICIO POMARES,89,19,70,0.21348314606741572
101104,2023,HUANUCO,YAROWILCA,APARICIO POMARES,186,11,175,0.05913978494623656
101104,2024,HUANUCO,YAROWILCA,APARICIO POMARES,208,13,195,0.0625
101104,2025,HUANUCO,YAROWILCA,APARICIO POMARES,175,2,173,0.011428571428571429
101104,2026,HUANUCO,YAROWILCA,APARICIO POMARES,111,2,109,0.018018018018018018
101105,2020,HUANUCO,YAROWILCA,JACAS CHICO,24,10,14,0.4166666666666667
101105,2021,HUANUCO,YAROWILCA,JACAS CHICO,25,10,15,0.4
101105,2022,HUANUCO,YAROWILCA,JACAS CHICO,27,14,13,0.5185185185185185
101105,2023,HUANUCO,YAROWILCA,JACAS CHICO,26,10,16,0.38461538461538464
101105,2024,HUANUCO,YAROWILCA,JACAS CHICO,23,7,16,0.30434782608695654
101105,2025,HUANUCO,YAROWILCA,JACAS CHICO,19,7,12,0.3684210526315789
101105,2026,HUANUCO,YAROWILCA,JACAS CHICO,11,3,8,0.2727272727272727
101106,2020,HUANUCO,YAROWILCA,OBAS,35,9,26,0.2571428571428571
101106,2021,HUANUCO,YAROWILCA,OBAS,34,17,17,0.5
101106,2022,HUANUCO,YAROWILCA,OBAS,38,16,22,0.42105263157894735
101106,2023,HUANUCO,YAROWILCA,OBAS,143,33,110,0.23076923076923078
101106,2024,HUANUCO,YAROWILCA,OBAS,133,11,122,0.08270676691729323
101106,2025,HUANUCO,YAROWILCA,OBAS,107,2,105,0.018691588785046728
101106,2026,HUANUCO,YAROWILCA,OBAS,70,1,69,0.014285714285714285
101107,2020,HUANUCO,YAROWILCA,PAMPAMARCA,12,4,8,0.3333333333333333
101107,2021,HUANUCO,YAROWILCA,PAMPAMARCA,24,4,20,0.16666666666666666
101107,2022,HUANUCO,YAROWILCA,PAMPAMARCA,16,8,8,0.5
101107,2023,HUANUCO,YAROWILCA,PAMPAMARCA,45,4,41,0.08888888888888889
101107,2024,HUANUCO,YAROWILCA,PAMPAMARCA,47,1,46,0.02127659574468085
101107,2025,HUANUCO,YAROWILCA,PAMPAMARCA,39,3,36,0.07692307692307693
101107,2026,HUANUCO,YAROWILCA,PAMPAMARCA,29,1,28,0.034482758620689655
101108,2020,HUANUCO,YAROWILCA,CHORAS,32,15,17,0.46875
101108,2021,HUANUCO,YAROWILCA,CHORAS,42,17,25,0.40476190476190477
101108,2022,HUANUCO,YAROWILCA,CHORAS,32,7,25,0.21875
101108,2023,HUANUCO,YAROWILCA,CHORAS,80,2,78,0.025
101108,2024,HUANUCO,YAROWILCA,CHORAS,59,0,59,0.0
101108,2025,HUANUCO,YAROWILCA,CHORAS,61,1,60,0.01639344262295082
101108,2026,HUANUCO,YAROWILCA,CHORAS,41,1,40,0.024390243902439025
110101,2020,ICA,ICA,ICA,2035,520,1515,0.25552825552825553
110101,2021,ICA,ICA,ICA,2038,400,1638,0.19627085377821393
110101,2022,ICA,ICA,ICA,1703,386,1317,0.22665883734586026
110101,2023,ICA,ICA,ICA,3410,468,2942,0.1372434017595308
110101,2024,ICA,ICA,ICA,3642,289,3353,0.07935200439319055
110101,2025,ICA,ICA,ICA,3494,291,3203,0.08328563251287922
110101,2026,ICA,ICA,ICA,1920,226,1694,0.11770833333333333
110102,2020,ICA,ICA,LA TINGUIÑA,636,222,414,0.3490566037735849
110102,2021,ICA,ICA,LA TINGUIÑA,579,140,439,0.24179620034542315
110102,2022,ICA,ICA,LA TINGUIÑA,477,99,378,0.20754716981132076
110102,2023,ICA,ICA,LA TINGUIÑA,1064,95,969,0.08928571428571429
110102,2024,ICA,ICA,LA TINGUIÑA,1045,46,999,0.04401913875598086
110102,2025,ICA,ICA,LA TINGUIÑA,916,59,857,0.06441048034934498
110102,2026,ICA,ICA,LA TINGUIÑA,479,32,447,0.06680584551148225
110103,2020,ICA,ICA,LOS AQUIJES,298,147,151,0.49328859060402686
110103,2021,ICA,ICA,LOS AQUIJES,377,167,210,0.44297082228116713
110103,2022,ICA,ICA,LOS AQUIJES,456,186,270,0.40789473684210525
110103,2023,ICA,ICA,LOS AQUIJES,864,291,573,0.3368055555555556
110103,2024,ICA,ICA,LOS AQUIJES,881,74,807,0.08399545970488081
110103,2025,ICA,ICA,LOS AQUIJES,870,62,808,0.07126436781609195
110103,2026,ICA,ICA,LOS AQUIJES,528,47,481,0.08901515151515152
110104,2020,ICA,ICA,OCUCAJE,55,5,50,0.09090909090909091
110104,2021,ICA,ICA,OCUCAJE,95,11,84,0.11578947368421053
110104,2022,ICA,ICA,OCUCAJE,54,20,34,0.37037037037037035
110104,2023,ICA,ICA,OCUCAJE,137,41,96,0.29927007299270075
110104,2024,ICA,ICA,OCUCAJE,176,19,157,0.10795454545454546
110104,2025,ICA,ICA,OCUCAJE,146,10,136,0.0684931506849315
110104,2026,ICA,ICA,OCUCAJE,93,10,83,0.10752688172043011
110105,2020,ICA,ICA,PACHACUTEC,239,48,191,0.200836820083682
110105,2021,ICA,ICA,PACHACUTEC,107,16,91,0.14953271028037382
110105,2022,ICA,ICA,PACHACUTEC,196,55,141,0.28061224489795916
110105,2023,ICA,ICA,PACHACUTEC,387,87,300,0.2248062015503876
110105,2024,ICA,ICA,PACHACUTEC,368,32,336,0.08695652173913043
110105,2025,ICA,ICA,PACHACUTEC,341,28,313,0.08211143695014662
110105,2026,ICA,ICA,PACHACUTEC,190,23,167,0.12105263157894737
110106,2020,ICA,ICA,PARCONA,746,223,523,0.29892761394101874
110106,2021,ICA,ICA,PARCONA,701,133,568,0.18972895863052783
110106,2022,ICA,ICA,PARCONA,663,166,497,0.25037707390648567
110106,2023,ICA,ICA,PARCONA,1655,151,1504,0.09123867069486405
110106,2024,ICA,ICA,PARCONA,1679,100,1579,0.05955926146515783
110106,2025,ICA,ICA,PARCONA,1484,77,1407,0.05188679245283019
110106,2026,ICA,ICA,PARCONA,873,63,810,0.07216494845360824
110107,2020,ICA,ICA,PUEBLO NUEVO,159,23,136,0.14465408805031446
110107,2021,ICA,ICA,PUEBLO NUEVO,119,22,97,0.18487394957983194
110107,2022,ICA,ICA,PUEBLO NUEVO,111,16,95,0.14414414414414414
110107,2023,ICA,ICA,PUEBLO NUEVO,259,14,245,0.05405405405405406
110107,2024,ICA,ICA,PUEBLO NUEVO,234,18,216,0.07692307692307693
110107,2025,ICA,ICA,PUEBLO NUEVO,211,9,202,0.04265402843601896
110107,2026,ICA,ICA,PUEBLO NUEVO,127,7,120,0.05511811023622047
110108,2020,ICA,ICA,SALAS,554,195,359,0.351985559566787
110108,2021,ICA,ICA,SALAS,514,147,367,0.28599221789883267
110108,2022,ICA,ICA,SALAS,477,199,278,0.4171907756813417
110108,2023,ICA,ICA,SALAS,992,221,771,0.22278225806451613
110108,2024,ICA,ICA,SALAS,1066,136,930,0.1275797373358349
110108,2025,ICA,ICA,SALAS,1199,96,1103,0.08006672226855713
110108,2026,ICA,ICA,SALAS,579,66,513,0.11398963730569948
110109,2020,ICA,ICA,SAN JOSE DE LOS MOLINOS,167,43,124,0.25748502994011974
110109,2021,ICA,ICA,SAN JOSE DE LOS MOLINOS,119,49,70,0.4117647058823529
110109,2022,ICA,ICA,SAN JOSE DE LOS MOLINOS,124,68,56,0.5483870967741935
110109,2023,ICA,ICA,SAN JOSE DE LOS MOLINOS,238,65,173,0.27310924369747897
110109,2024,ICA,ICA,SAN JOSE DE LOS MOLINOS,248,54,194,0.21774193548387097
110109,2025,ICA,ICA,SAN JOSE DE LOS MOLINOS,193,22,171,0.11398963730569948
110109,2026,ICA,ICA,SAN JOSE DE LOS MOLINOS,95,11,84,0.11578947368421053
110110,2020,ICA,ICA,SAN JUAN BAUTISTA,78,11,67,0.14102564102564102
110110,2021,ICA,ICA,SAN JUAN BAUTISTA,111,16,95,0.14414414414414414
110110,2022,ICA,ICA,SAN JUAN BAUTISTA,83,9,74,0.10843373493975904
110110,2023,ICA,ICA,SAN JUAN BAUTISTA,244,12,232,0.04918032786885246
110110,2024,ICA,ICA,SAN JUAN BAUTISTA,246,10,236,0.04065040650406504
110110,2025,ICA,ICA,SAN JUAN BAUTISTA,212,14,198,0.0660377358490566
110110,2026,ICA,ICA,SAN JUAN BAUTISTA,140,6,134,0.04285714285714286
110111,2020,ICA,ICA,SANTIAGO,305,114,191,0.3737704918032787
110111,2021,ICA,ICA,SANTIAGO,328,91,237,0.2774390243902439
110111,2022,ICA,ICA,SANTIAGO,310,87,223,0.2806451612903226
110111,2023,ICA,ICA,SANTIAGO,829,133,696,0.16043425814234016
110111,2024,ICA,ICA,SANTIAGO,755,85,670,0.11258278145695365
110111,2025,ICA,ICA,SANTIAGO,642,49,593,0.0763239875389408
110111,2026,ICA,ICA,SANTIAGO,286,29,257,0.10139860139860139
110112,2020,ICA,ICA,SUBTANJALLA,488,163,325,0.33401639344262296
110112,2021,ICA,ICA,SUBTANJALLA,432,122,310,0.2824074074074074
110112,2022,ICA,ICA,SUBTANJALLA,496,176,320,0.3548387096774194
110112,2023,ICA,ICA,SUBTANJALLA,1039,189,850,0.18190567853705486
110112,2024,ICA,ICA,SUBTANJALLA,942,95,847,0.10084925690021232
110112,2025,ICA,ICA,SUBTANJALLA,826,46,780,0.05569007263922518
110112,2026,ICA,ICA,SUBTANJALLA,446,41,405,0.09192825112107623
110113,2020,ICA,ICA,TATE,110,6,104,0.05454545454545454
110113,2021,ICA,ICA,TATE,97,8,89,0.08247422680412371
110113,2022,ICA,ICA,TATE,103,15,88,0.14563106796116504
110113,2023,ICA,ICA,TATE,262,20,242,0.07633587786259542
110113,2024,ICA,ICA,TATE,268,8,260,0.029850746268656716
110113,2025,ICA,ICA,TATE,246,10,236,0.04065040650406504
110113,2026,ICA,ICA,TATE,162,8,154,0.04938271604938271
110114,2020,ICA,ICA,YAUCA DEL ROSARIO,15,13,2,0.8666666666666667
110114,2021,ICA,ICA,YAUCA DEL ROSARIO,18,15,3,0.8333333333333334
110114,2022,ICA,ICA,YAUCA DEL ROSARIO,10,9,1,0.9
110114,2023,ICA,ICA,YAUCA DEL ROSARIO,27,20,7,0.7407407407407407
110114,2024,ICA,ICA,YAUCA DEL ROSARIO,24,16,8,0.6666666666666666
110114,2025,ICA,ICA,YAUCA DEL ROSARIO,23,11,12,0.4782608695652174
110114,2026,ICA,ICA,YAUCA DEL ROSARIO,9,2,7,0.2222222222222222
110201,2020,ICA,CHINCHA,CHINCHA ALTA,1182,352,830,0.29780033840947545
110201,2021,ICA,CHINCHA,CHINCHA ALTA,1050,324,726,0.30857142857142855
110201,2022,ICA,CHINCHA,CHINCHA ALTA,791,262,529,0.33122629582806573
110201,2023,ICA,CHINCHA,CHINCHA ALTA,1754,323,1431,0.18415051311288483
110201,2024,ICA,CHINCHA,CHINCHA ALTA,1790,148,1642,0.08268156424581005
110201,2025,ICA,CHINCHA,CHINCHA ALTA,1881,123,1758,0.06539074960127592
110201,2026,ICA,CHINCHA,CHINCHA ALTA,982,105,877,0.10692464358452139
110202,2020,ICA,CHINCHA,ALTO LARAN,231,79,152,0.341991341991342
110202,2021,ICA,CHINCHA,ALTO LARAN,169,55,114,0.3254437869822485
110202,2022,ICA,CHINCHA,ALTO LARAN,179,58,121,0.3240223463687151
110202,2023,ICA,CHINCHA,ALTO LARAN,344,110,234,0.31976744186046513
110202,2024,ICA,CHINCHA,ALTO LARAN,339,47,292,0.13864306784660768
110202,2025,ICA,CHINCHA,ALTO LARAN,291,42,249,0.14432989690721648
110202,2026,ICA,CHINCHA,ALTO LARAN,150,38,112,0.25333333333333335
110203,2020,ICA,CHINCHA,CHAVIN,8,6,2,0.75
110203,2021,ICA,CHINCHA,CHAVIN,4,4,0,1.0
110203,2022,ICA,CHINCHA,CHAVIN,10,8,2,0.8
110203,2023,ICA,CHINCHA,CHAVIN,19,4,15,0.21052631578947367
110203,2024,ICA,CHINCHA,CHAVIN,19,2,17,0.10526315789473684
110203,2025,ICA,CHINCHA,CHAVIN,25,10,15,0.4
110203,2026,ICA,CHINCHA,CHAVIN,12,7,5,0.5833333333333334
110204,2020,ICA,CHINCHA,CHINCHA BAJA,275,31,244,0.11272727272727273
110204,2021,ICA,CHINCHA,CHINCHA BAJA,259,30,229,0.11583011583011583
110204,2022,ICA,CHINCHA,CHINCHA BAJA,197,42,155,0.2131979695431472
110204,2023,ICA,CHINCHA,CHINCHA BAJA,415,35,380,0.08433734939759036
110204,2024,ICA,CHINCHA,CHINCHA BAJA,395,18,377,0.04556962025316456
110204,2025,ICA,CHINCHA,CHINCHA BAJA,358,13,345,0.036312849162011177
110204,2026,ICA,CHINCHA,CHINCHA BAJA,208,14,194,0.0673076923076923
110205,2020,ICA,CHINCHA,EL CARMEN,366,20,346,0.0546448087431694
110205,2021,ICA,CHINCHA,EL CARMEN,351,22,329,0.06267806267806268
110205,2022,ICA,CHINCHA,EL CARMEN,136,19,117,0.13970588235294118
110205,2023,ICA,CHINCHA,EL CARMEN,325,32,293,0.09846153846153846
110205,2024,ICA,CHINCHA,EL CARMEN,448,45,403,0.10044642857142858
110205,2025,ICA,CHINCHA,EL CARMEN,450,31,419,0.06888888888888889
110205,2026,ICA,CHINCHA,EL CARMEN,242,17,225,0.07024793388429752
110206,2020,ICA,CHINCHA,GROCIO PRADO,417,93,324,0.22302158273381295
110206,2021,ICA,CHINCHA,GROCIO PRADO,334,32,302,0.09580838323353294
110206,2022,ICA,CHINCHA,GROCIO PRADO,219,53,166,0.2420091324200913
110206,2023,ICA,CHINCHA,GROCIO PRADO,792,104,688,0.13131313131313133
110206,2024,ICA,CHINCHA,GROCIO PRADO,851,61,790,0.07168037602820211
110206,2025,ICA,CHINCHA,GROCIO PRADO,864,56,808,0.06481481481481481
110206,2026,ICA,CHINCHA,GROCIO PRADO,501,63,438,0.12574850299401197
110207,2020,ICA,CHINCHA,PUEBLO NUEVO,598,149,449,0.2491638795986622
110207,2021,ICA,CHINCHA,PUEBLO NUEVO,702,167,535,0.2378917378917379
110207,2022,ICA,CHINCHA,PUEBLO NUEVO,636,215,421,0.3380503144654088
110207,2023,ICA,CHINCHA,PUEBLO NUEVO,1383,192,1191,0.13882863340563992
110207,2024,ICA,CHINCHA,PUEBLO NUEVO,1363,125,1238,0.09170946441672781
110207,2025,ICA,CHINCHA,PUEBLO NUEVO,1338,81,1257,0.06053811659192825
110207,2026,ICA,CHINCHA,PUEBLO NUEVO,731,58,673,0.07934336525307797
110208,2020,ICA,CHINCHA,SAN JUAN DE YANAC,9,7,2,0.7777777777777778
110208,2021,ICA,CHINCHA,SAN JUAN DE YANAC,21,15,6,0.7142857142857143
110208,2022,ICA,CHINCHA,SAN JUAN DE YANAC,19,13,6,0.6842105263157895
110208,2023,ICA,CHINCHA,SAN JUAN DE YANAC,21,9,12,0.42857142857142855
110208,2024,ICA,CHINCHA,SAN JUAN DE YANAC,14,8,6,0.5714285714285714
110208,2025,ICA,CHINCHA,SAN JUAN DE YANAC,9,5,4,0.5555555555555556
110208,2026,ICA,CHINCHA,SAN JUAN DE YANAC,6,5,1,0.8333333333333334
110209,2020,ICA,CHINCHA,SAN PEDRO DE HUACARPANA,14,11,3,0.7857142857142857
110209,2021,ICA,CHINCHA,SAN PEDRO DE HUACARPANA,15,13,2,0.8666666666666667
110209,2022,ICA,CHINCHA,SAN PEDRO DE HUACARPANA,4,3,1,0.75
110209,2023,ICA,CHINCHA,SAN PEDRO DE HUACARPANA,20,17,3,0.85
110209,2024,ICA,CHINCHA,SAN PEDRO DE HUACARPANA,22,13,9,0.5909090909090909
110209,2025,ICA,CHINCHA,SAN PEDRO DE HUACARPANA,21,12,9,0.5714285714285714
110209,2026,ICA,CHINCHA,SAN PEDRO DE HUACARPANA,10,10,0,1.0
110210,2020,ICA,CHINCHA,SUNAMPE,491,183,308,0.3727087576374745
110210,2021,ICA,CHINCHA,SUNAMPE,350,120,230,0.34285714285714286
110210,2022,ICA,CHINCHA,SUNAMPE,276,109,167,0.39492753623188404
110210,2023,ICA,CHINCHA,SUNAMPE,695,143,552,0.20575539568345325
110210,2024,ICA,CHINCHA,SUNAMPE,658,88,570,0.1337386018237082
110210,2025,ICA,CHINCHA,SUNAMPE,689,69,620,0.10014513788098693
110210,2026,ICA,CHINCHA,SUNAMPE,368,40,328,0.10869565217391304
110211,2020,ICA,CHINCHA,TAMBO DE MORA,54,9,45,0.16666666666666666
110211,2021,ICA,CHINCHA,TAMBO DE MORA,32,8,24,0.25
110211,2022,ICA,CHINCHA,TAMBO DE MORA,65,14,51,0.2153846153846154
110211,2023,ICA,CHINCHA,TAMBO DE MORA,126,28,98,0.2222222222222222
110211,2024,ICA,CHINCHA,TAMBO DE MORA,147,16,131,0.10884353741496598
110211,2025,ICA,CHINCHA,TAMBO DE MORA,134,6,128,0.04477611940298507
110211,2026,ICA,CHINCHA,TAMBO DE MORA,67,3,64,0.04477611940298507
110301,2020,ICA,NAZCA,NAZCA,601,198,403,0.32945091514143093
110301,2021,ICA,NAZCA,NAZCA,303,99,204,0.32673267326732675
110301,2022,ICA,NAZCA,NAZCA,368,131,237,0.35597826086956524
110301,2023,ICA,NAZCA,NAZCA,1108,248,860,0.22382671480144403
110301,2024,ICA,NAZCA,NAZCA,1002,221,781,0.22055888223552894
110301,2025,ICA,NAZCA,NAZCA,947,174,773,0.18373812038014783
110301,2026,ICA,NAZCA,NAZCA,587,112,475,0.19080068143100512
110302,2020,ICA,NAZCA,CHANGUILLO,52,6,46,0.11538461538461539
110302,2021,ICA,NAZCA,CHANGUILLO,28,7,21,0.25
110302,2022,ICA,NAZCA,CHANGUILLO,25,4,21,0.16
110302,2023,ICA,NAZCA,CHANGUILLO,69,5,64,0.07246376811594203
110302,2024,ICA,NAZCA,CHANGUILLO,69,2,67,0.028985507246376812
110302,2025,ICA,NAZCA,CHANGUILLO,55,2,53,0.03636363636363636
110302,2026,ICA,NAZCA,CHANGUILLO,28,2,26,0.07142857142857142
110303,2020,ICA,NAZCA,EL INGENIO,70,32,38,0.45714285714285713
110303,2021,ICA,NAZCA,EL INGENIO,71,26,45,0.36619718309859156
110303,2022,ICA,NAZCA,EL INGENIO,79,39,40,0.4936708860759494
110303,2023,ICA,NAZCA,EL INGENIO,162,51,111,0.3148148148148148
110303,2024,ICA,NAZCA,EL INGENIO,152,20,132,0.13157894736842105
110303,2025,ICA,NAZCA,EL INGENIO,127,11,116,0.08661417322834646
110303,2026,ICA,NAZCA,EL INGENIO,76,8,68,0.10526315789473684
110304,2020,ICA,NAZCA,MARCONA,194,12,182,0.061855670103092786
110304,2021,ICA,NAZCA,MARCONA,175,12,163,0.06857142857142857
110304,2022,ICA,NAZCA,MARCONA,121,3,118,0.024793388429752067
110304,2023,ICA,NAZCA,MARCONA,544,39,505,0.07169117647058823
110304,2024,ICA,NAZCA,MARCONA,511,19,492,0.03718199608610567
110304,2025,ICA,NAZCA,MARCONA,510,19,491,0.03725490196078431
110304,2026,ICA,NAZCA,MARCONA,288,13,275,0.04513888888888889
110305,2020,ICA,NAZCA,VISTA ALEGRE,423,165,258,0.3900709219858156
110305,2021,ICA,NAZCA,VISTA ALEGRE,318,117,201,0.36792452830188677
110305,2022,ICA,NAZCA,VISTA ALEGRE,337,138,199,0.4094955489614243
110305,2023,ICA,NAZCA,VISTA ALEGRE,824,211,613,0.25606796116504854
110305,2024,ICA,NAZCA,VISTA ALEGRE,812,244,568,0.30049261083743845
110305,2025,ICA,NAZCA,VISTA ALEGRE,765,233,532,0.3045751633986928
110305,2026,ICA,NAZCA,VISTA ALEGRE,457,77,380,0.16849015317286653
110401,2020,ICA,PALPA,PALPA,194,67,127,0.34536082474226804
110401,2021,ICA,PALPA,PALPA,128,42,86,0.328125
110401,2022,ICA,PALPA,PALPA,149,58,91,0.38926174496644295
110401,2023,ICA,PALPA,PALPA,365,72,293,0.19726027397260273
110401,2024,ICA,PALPA,PALPA,330,65,265,0.19696969696969696
110401,2025,ICA,PALPA,PALPA,296,49,247,0.16554054054054054
110401,2026,ICA,PALPA,PALPA,156,30,126,0.19230769230769232
110402,2020,ICA,PALPA,LLIPATA,43,13,30,0.3023255813953488
110402,2021,ICA,PALPA,LLIPATA,31,7,24,0.22580645161290322
110402,2022,ICA,PALPA,LLIPATA,24,8,16,0.3333333333333333
110402,2023,ICA,PALPA,LLIPATA,70,2,68,0.02857142857142857
110402,2024,ICA,PALPA,LLIPATA,74,3,71,0.04054054054054054
110402,2025,ICA,PALPA,LLIPATA,58,6,52,0.10344827586206896
110402,2026,ICA,PALPA,LLIPATA,52,3,49,0.057692307692307696
110403,2020,ICA,PALPA,RIO GRANDE,62,8,54,0.12903225806451613
110403,2021,ICA,PALPA,RIO GRANDE,49,3,46,0.061224489795918366
110403,2022,ICA,PALPA,RIO GRANDE,39,3,36,0.07692307692307693
110403,2023,ICA,PALPA,RIO GRANDE,121,7,114,0.05785123966942149
110403,2024,ICA,PALPA,RIO GRANDE,130,4,126,0.03076923076923077
110403,2025,ICA,PALPA,RIO GRANDE,111,6,105,0.05405405405405406
110403,2026,ICA,PALPA,RIO GRANDE,65,1,64,0.015384615384615385
110404,2020,ICA,PALPA,SANTA CRUZ,15,6,9,0.4
110404,2021,ICA,PALPA,SANTA CRUZ,15,5,10,0.3333333333333333
110404,2022,ICA,PALPA,SANTA CRUZ,12,6,6,0.5
110404,2023,ICA,PALPA,SANTA CRUZ,29,13,16,0.4482758620689655
110404,2024,ICA,PALPA,SANTA CRUZ,31,4,27,0.12903225806451613
110404,2025,ICA,PALPA,SANTA CRUZ,32,8,24,0.25
110404,2026,ICA,PALPA,SANTA CRUZ,18,2,16,0.1111111111111111
110405,2020,ICA,PALPA,TIBILLO,1,0,1,0.0
110405,2021,ICA,PALPA,TIBILLO,2,0,2,0.0
110405,2022,ICA,PALPA,TIBILLO,5,3,2,0.6
110405,2023,ICA,PALPA,TIBILLO,13,2,11,0.15384615384615385
110405,2024,ICA,PALPA,TIBILLO,8,1,7,0.125
110405,2025,ICA,PALPA,TIBILLO,8,0,8,0.0
110405,2026,ICA,PALPA,TIBILLO,5,0,5,0.0
110501,2020,ICA,PISCO,PISCO,466,63,403,0.1351931330472103
110501,2021,ICA,PISCO,PISCO,411,48,363,0.11678832116788321
110501,2022,ICA,PISCO,PISCO,399,29,370,0.07268170426065163
110501,2023,ICA,PISCO,PISCO,1303,85,1218,0.06523407521105141
110501,2024,ICA,PISCO,PISCO,1469,46,1423,0.031313818924438394
110501,2025,ICA,PISCO,PISCO,1385,27,1358,0.019494584837545126
110501,2026,ICA,PISCO,PISCO,719,17,702,0.02364394993045897
110502,2020,ICA,PISCO,HUANCANO,17,3,14,0.17647058823529413
110502,2021,ICA,PISCO,HUANCANO,18,7,11,0.3888888888888889
110502,2022,ICA,PISCO,HUANCANO,6,1,5,0.16666666666666666
110502,2023,ICA,PISCO,HUANCANO,57,8,49,0.14035087719298245
110502,2024,ICA,PISCO,HUANCANO,56,12,44,0.21428571428571427
110502,2025,ICA,PISCO,HUANCANO,41,8,33,0.1951219512195122
110502,2026,ICA,PISCO,HUANCANO,22,3,19,0.13636363636363635
110503,2020,ICA,PISCO,HUMAY,104,5,99,0.04807692307692308
110503,2021,ICA,PISCO,HUMAY,135,1,134,0.007407407407407408
110503,2022,ICA,PISCO,HUMAY,110,1,109,0.00909090909090909
110503,2023,ICA,PISCO,HUMAY,290,11,279,0.03793103448275862
110503,2024,ICA,PISCO,HUMAY,295,9,286,0.030508474576271188
110503,2025,ICA,PISCO,HUMAY,247,5,242,0.020242914979757085
110503,2026,ICA,PISCO,HUMAY,140,1,139,0.007142857142857143
110504,2020,ICA,PISCO,INDEPENDENCIA,281,19,262,0.06761565836298933
110504,2021,ICA,PISCO,INDEPENDENCIA,194,37,157,0.19072164948453607
110504,2022,ICA,PISCO,INDEPENDENCIA,183,22,161,0.12021857923497267
110504,2023,ICA,PISCO,INDEPENDENCIA,570,40,530,0.07017543859649122
110504,2024,ICA,PISCO,INDEPENDENCIA,514,37,477,0.07198443579766536
110504,2025,ICA,PISCO,INDEPENDENCIA,440,18,422,0.04090909090909091
110504,2026,ICA,PISCO,INDEPENDENCIA,283,33,250,0.1166077738515901
110505,2020,ICA,PISCO,PARACAS,119,9,110,0.07563025210084033
110505,2021,ICA,PISCO,PARACAS,175,6,169,0.03428571428571429
110505,2022,ICA,PISCO,PARACAS,203,15,188,0.07389162561576355
110505,2023,ICA,PISCO,PARACAS,403,16,387,0.03970223325062035
110505,2024,ICA,PISCO,PARACAS,411,4,407,0.009732360097323601
110505,2025,ICA,PISCO,PARACAS,363,3,360,0.008264462809917356
110505,2026,ICA,PISCO,PARACAS,232,11,221,0.04741379310344827
110506,2020,ICA,PISCO,SAN ANDRES,271,23,248,0.08487084870848709
110506,2021,ICA,PISCO,SAN ANDRES,250,23,227,0.092
110506,2022,ICA,PISCO,SAN ANDRES,213,16,197,0.07511737089201878
110506,2023,ICA,PISCO,SAN ANDRES,821,20,801,0.024360535931790498
110506,2024,ICA,PISCO,SAN ANDRES,875,23,852,0.026285714285714287
110506,2025,ICA,PISCO,SAN ANDRES,820,34,786,0.041463414634146344
110506,2026,ICA,PISCO,SAN ANDRES,493,11,482,0.02231237322515213
110507,2020,ICA,PISCO,SAN CLEMENTE,239,19,220,0.0794979079497908
110507,2021,ICA,PISCO,SAN CLEMENTE,223,20,203,0.08968609865470852
110507,2022,ICA,PISCO,SAN CLEMENTE,181,10,171,0.055248618784530384
110507,2023,ICA,PISCO,SAN CLEMENTE,627,59,568,0.09409888357256778
110507,2024,ICA,PISCO,SAN CLEMENTE,613,63,550,0.10277324632952692
110507,2025,ICA,PISCO,SAN CLEMENTE,670,50,620,0.07462686567164178
110507,2026,ICA,PISCO,SAN CLEMENTE,362,51,311,0.1408839779005525
110508,2020,ICA,PISCO,TUPAC AMARU INCA,399,84,315,0.21052631578947367
110508,2021,ICA,PISCO,TUPAC AMARU INCA,263,16,247,0.060836501901140684
110508,2022,ICA,PISCO,TUPAC AMARU INCA,218,17,201,0.0779816513761468
110508,2023,ICA,PISCO,TUPAC AMARU INCA,468,29,439,0.06196581196581197
110508,2024,ICA,PISCO,TUPAC AMARU INCA,456,11,445,0.02412280701754386
110508,2025,ICA,PISCO,TUPAC AMARU INCA,478,19,459,0.0397489539748954
110508,2026,ICA,PISCO,TUPAC AMARU INCA,272,12,260,0.04411764705882353
120101,2020,JUNIN,HUANCAYO,HUANCAYO,1537,216,1321,0.1405335068314899
120101,2021,JUNIN,HUANCAYO,HUANCAYO,1451,119,1332,0.08201240523776705
120101,2022,JUNIN,HUANCAYO,HUANCAYO,1438,131,1307,0.09109874826147427
120101,2023,JUNIN,HUANCAYO,HUANCAYO,1936,252,1684,0.13016528925619836
120101,2024,JUNIN,HUANCAYO,HUANCAYO,2368,284,2084,0.11993243243243243
120101,2025,JUNIN,HUANCAYO,HUANCAYO,2182,516,1666,0.23648029330889092
120101,2026,JUNIN,HUANCAYO,HUANCAYO,1274,257,1017,0.20172684458398743
120104,2020,JUNIN,HUANCAYO,CARHUACALLANGA,4,2,2,0.5
120104,2021,JUNIN,HUANCAYO,CARHUACALLANGA,4,2,2,0.5
120104,2023,JUNIN,HUANCAYO,CARHUACALLANGA,0,0,0,
120104,2024,JUNIN,HUANCAYO,CARHUACALLANGA,3,1,2,0.3333333333333333
120104,2025,JUNIN,HUANCAYO,CARHUACALLANGA,2,0,2,0.0
120104,2026,JUNIN,HUANCAYO,CARHUACALLANGA,1,1,0,1.0
120105,2020,JUNIN,HUANCAYO,CHACAPAMPA,18,6,12,0.3333333333333333
120105,2021,JUNIN,HUANCAYO,CHACAPAMPA,10,1,9,0.1
120105,2022,JUNIN,HUANCAYO,CHACAPAMPA,4,0,4,0.0
120105,2023,JUNIN,HUANCAYO,CHACAPAMPA,12,1,11,0.08333333333333333
120105,2024,JUNIN,HUANCAYO,CHACAPAMPA,13,1,12,0.07692307692307693
120105,2025,JUNIN,HUANCAYO,CHACAPAMPA,7,0,7,0.0
120105,2026,JUNIN,HUANCAYO,CHACAPAMPA,5,4,1,0.8
120106,2020,JUNIN,HUANCAYO,CHICCHE,10,1,9,0.1
120106,2021,JUNIN,HUANCAYO,CHICCHE,3,0,3,0.0
120106,2022,JUNIN,HUANCAYO,CHICCHE,10,0,10,0.0
120106,2023,JUNIN,HUANCAYO,CHICCHE,14,2,12,0.14285714285714285
120106,2024,JUNIN,HUANCAYO,CHICCHE,9,0,9,0.0
120106,2025,JUNIN,HUANCAYO,CHICCHE,9,0,9,0.0
120106,2026,JUNIN,HUANCAYO,CHICCHE,5,0,5,0.0
120107,2020,JUNIN,HUANCAYO,CHILCA,820,373,447,0.4548780487804878
120107,2021,JUNIN,HUANCAYO,CHILCA,723,312,411,0.4315352697095436
120107,2022,JUNIN,HUANCAYO,CHILCA,676,338,338,0.5
120107,2023,JUNIN,HUANCAYO,CHILCA,2429,578,1851,0.23795800741045697
120107,2024,JUNIN,HUANCAYO,CHILCA,2568,470,2098,0.18302180685358255
120107,2025,JUNIN,HUANCAYO,CHILCA,2410,541,1869,0.22448132780082988
120107,2026,JUNIN,HUANCAYO,CHILCA,1380,320,1060,0.2318840579710145
120108,2020,JUNIN,HUANCAYO,CHONGOS ALTO,11,3,8,0.2727272727272727
120108,2021,JUNIN,HUANCAYO,CHONGOS ALTO,12,5,7,0.4166666666666667
120108,2022,JUNIN,HUANCAYO,CHONGOS ALTO,9,5,4,0.5555555555555556
120108,2023,JUNIN,HUANCAYO,CHONGOS ALTO,29,12,17,0.41379310344827586
120108,2024,JUNIN,HUANCAYO,CHONGOS ALTO,33,2,31,0.06060606060606061
120108,2025,JUNIN,HUANCAYO,CHONGOS ALTO,20,2,18,0.1
120108,2026,JUNIN,HUANCAYO,CHONGOS ALTO,19,3,16,0.15789473684210525
120111,2020,JUNIN,HUANCAYO,CHUPURO,3,0,3,0.0
120111,2021,JUNIN,HUANCAYO,CHUPURO,4,0,4,0.0
120111,2022,JUNIN,HUANCAYO,CHUPURO,11,3,8,0.2727272727272727
120111,2023,JUNIN,HUANCAYO,CHUPURO,98,13,85,0.1326530612244898
120111,2024,JUNIN,HUANCAYO,CHUPURO,89,15,74,0.16853932584269662
120111,2025,JUNIN,HUANCAYO,CHUPURO,75,8,67,0.10666666666666667
120111,2026,JUNIN,HUANCAYO,CHUPURO,43,10,33,0.23255813953488372
120112,2020,JUNIN,HUANCAYO,COLCA,5,1,4,0.2
120112,2021,JUNIN,HUANCAYO,COLCA,5,0,5,0.0
120112,2022,JUNIN,HUANCAYO,COLCA,10,2,8,0.2
120112,2023,JUNIN,HUANCAYO,COLCA,19,4,15,0.21052631578947367
120112,2024,JUNIN,HUANCAYO,COLCA,22,2,20,0.09090909090909091
120112,2025,JUNIN,HUANCAYO,COLCA,20,5,15,0.25
120112,2026,JUNIN,HUANCAYO,COLCA,9,2,7,0.2222222222222222
120113,2020,JUNIN,HUANCAYO,CULLHUAS,16,6,10,0.375
120113,2021,JUNIN,HUANCAYO,CULLHUAS,12,11,1,0.9166666666666666
120113,2022,JUNIN,HUANCAYO,CULLHUAS,2,1,1,0.5
120113,2023,JUNIN,HUANCAYO,CULLHUAS,44,15,29,0.3409090909090909
120113,2024,JUNIN,HUANCAYO,CULLHUAS,46,3,43,0.06521739130434782
120113,2025,JUNIN,HUANCAYO,CULLHUAS,37,5,32,0.13513513513513514
120113,2026,JUNIN,HUANCAYO,CULLHUAS,31,0,31,0.0
120114,2020,JUNIN,HUANCAYO,EL TAMBO,870,458,412,0.5264367816091954
120114,2021,JUNIN,HUANCAYO,EL TAMBO,2207,719,1488,0.3257816039873131
120114,2022,JUNIN,HUANCAYO,EL TAMBO,1412,545,867,0.3859773371104816
120114,2023,JUNIN,HUANCAYO,EL TAMBO,2486,583,1903,0.2345132743362832
120114,2024,JUNIN,HUANCAYO,EL TAMBO,2692,399,2293,0.14821693907875186
120114,2025,JUNIN,HUANCAYO,EL TAMBO,2580,447,2133,0.17325581395348838
120114,2026,JUNIN,HUANCAYO,EL TAMBO,1451,224,1227,0.1543762922122674
120116,2020,JUNIN,HUANCAYO,HUACRAPUQUIO,11,7,4,0.6363636363636364
120116,2021,JUNIN,HUANCAYO,HUACRAPUQUIO,2,1,1,0.5
120116,2022,JUNIN,HUANCAYO,HUACRAPUQUIO,16,8,8,0.5
120116,2023,JUNIN,HUANCAYO,HUACRAPUQUIO,65,11,54,0.16923076923076924
120116,2024,JUNIN,HUANCAYO,HUACRAPUQUIO,66,12,54,0.18181818181818182
120116,2025,JUNIN,HUANCAYO,HUACRAPUQUIO,51,3,48,0.058823529411764705
120116,2026,JUNIN,HUANCAYO,HUACRAPUQUIO,37,7,30,0.1891891891891892
120117,2020,JUNIN,HUANCAYO,HUALHUAS,5,2,3,0.4
120117,2021,JUNIN,HUANCAYO,HUALHUAS,201,62,139,0.30845771144278605
120117,2022,JUNIN,HUANCAYO,HUALHUAS,65,26,39,0.4
120117,2023,JUNIN,HUANCAYO,HUALHUAS,140,45,95,0.32142857142857145
120117,2024,JUNIN,HUANCAYO,HUALHUAS,151,22,129,0.1456953642384106
120117,2025,JUNIN,HUANCAYO,HUALHUAS,167,28,139,0.16766467065868262
120117,2026,JUNIN,HUANCAYO,HUALHUAS,107,22,85,0.205607476635514
120119,2020,JUNIN,HUANCAYO,HUANCAN,48,23,25,0.4791666666666667
120119,2021,JUNIN,HUANCAYO,HUANCAN,185,53,132,0.2864864864864865
120119,2022,JUNIN,HUANCAYO,HUANCAN,158,87,71,0.5506329113924051
120119,2023,JUNIN,HUANCAYO,HUANCAN,727,143,584,0.19669876203576342
120119,2024,JUNIN,HUANCAYO,HUANCAN,768,153,615,0.19921875
120119,2025,JUNIN,HUANCAYO,HUANCAN,771,134,637,0.17380025940337224
120119,2026,JUNIN,HUANCAYO,HUANCAN,461,80,381,0.1735357917570499
120120,2020,JUNIN,HUANCAYO,HUASICANCHA,9,5,4,0.5555555555555556
120120,2021,JUNIN,HUANCAYO,HUASICANCHA,4,3,1,0.75
120120,2022,JUNIN,HUANCAYO,HUASICANCHA,11,2,9,0.18181818181818182
120120,2023,JUNIN,HUANCAYO,HUASICANCHA,18,1,17,0.05555555555555555
120120,2024,JUNIN,HUANCAYO,HUASICANCHA,14,0,14,0.0
120120,2025,JUNIN,HUANCAYO,HUASICANCHA,7,1,6,0.14285714285714285
120120,2026,JUNIN,HUANCAYO,HUASICANCHA,1,0,1,0.0
120121,2020,JUNIN,HUANCAYO,HUAYUCACHI,88,32,56,0.36363636363636365
120121,2021,JUNIN,HUANCAYO,HUAYUCACHI,375,48,327,0.128
120121,2022,JUNIN,HUANCAYO,HUAYUCACHI,219,43,176,0.1963470319634703
120121,2023,JUNIN,HUANCAYO,HUAYUCACHI,402,29,373,0.07213930348258707
120121,2024,JUNIN,HUANCAYO,HUAYUCACHI,430,49,381,0.11395348837209303
120121,2025,JUNIN,HUANCAYO,HUAYUCACHI,400,61,339,0.1525
120121,2026,JUNIN,HUANCAYO,HUAYUCACHI,231,27,204,0.11688311688311688
120122,2020,JUNIN,HUANCAYO,INGENIO,6,3,3,0.5
120122,2021,JUNIN,HUANCAYO,INGENIO,21,9,12,0.42857142857142855
120122,2022,JUNIN,HUANCAYO,INGENIO,29,19,10,0.6551724137931034
120122,2023,JUNIN,HUANCAYO,INGENIO,73,25,48,0.3424657534246575
120122,2024,JUNIN,HUANCAYO,INGENIO,61,7,54,0.11475409836065574
120122,2025,JUNIN,HUANCAYO,INGENIO,58,7,51,0.1206896551724138
120122,2026,JUNIN,HUANCAYO,INGENIO,35,3,32,0.08571428571428572
120124,2020,JUNIN,HUANCAYO,PARIAHUANCA,79,57,22,0.7215189873417721
120124,2021,JUNIN,HUANCAYO,PARIAHUANCA,101,78,23,0.7722772277227723
120124,2022,JUNIN,HUANCAYO,PARIAHUANCA,104,85,19,0.8173076923076923
120124,2023,JUNIN,HUANCAYO,PARIAHUANCA,198,129,69,0.6515151515151515
120124,2024,JUNIN,HUANCAYO,PARIAHUANCA,181,106,75,0.585635359116022
120124,2025,JUNIN,HUANCAYO,PARIAHUANCA,141,21,120,0.14893617021276595
120124,2026,JUNIN,HUANCAYO,PARIAHUANCA,66,8,58,0.12121212121212122
120125,2020,JUNIN,HUANCAYO,PILCOMAYO,90,24,66,0.26666666666666666
120125,2021,JUNIN,HUANCAYO,PILCOMAYO,112,41,71,0.36607142857142855
120125,2022,JUNIN,HUANCAYO,PILCOMAYO,281,70,211,0.2491103202846975
120125,2023,JUNIN,HUANCAYO,PILCOMAYO,464,82,382,0.17672413793103448
120125,2024,JUNIN,HUANCAYO,PILCOMAYO,486,84,402,0.1728395061728395
120125,2025,JUNIN,HUANCAYO,PILCOMAYO,472,136,336,0.288135593220339
120125,2026,JUNIN,HUANCAYO,PILCOMAYO,288,75,213,0.2604166666666667
120126,2020,JUNIN,HUANCAYO,PUCARA,143,26,117,0.18181818181818182
120126,2021,JUNIN,HUANCAYO,PUCARA,169,132,37,0.7810650887573964
120126,2022,JUNIN,HUANCAYO,PUCARA,54,25,29,0.46296296296296297
120126,2023,JUNIN,HUANCAYO,PUCARA,181,43,138,0.23756906077348067
120126,2024,JUNIN,HUANCAYO,PUCARA,182,28,154,0.15384615384615385
120126,2025,JUNIN,HUANCAYO,PUCARA,150,31,119,0.20666666666666667
120126,2026,JUNIN,HUANCAYO,PUCARA,101,22,79,0.21782178217821782
120127,2020,JUNIN,HUANCAYO,QUICHUAY,9,1,8,0.1111111111111111
120127,2021,JUNIN,HUANCAYO,QUICHUAY,2,1,1,0.5
120127,2022,JUNIN,HUANCAYO,QUICHUAY,25,13,12,0.52
120127,2023,JUNIN,HUANCAYO,QUICHUAY,53,13,40,0.24528301886792453
120127,2024,JUNIN,HUANCAYO,QUICHUAY,55,6,49,0.10909090909090909
120127,2025,JUNIN,HUANCAYO,QUICHUAY,47,7,40,0.14893617021276595
120127,2026,JUNIN,HUANCAYO,QUICHUAY,31,7,24,0.22580645161290322
120128,2020,JUNIN,HUANCAYO,QUILCAS,11,5,6,0.45454545454545453
120128,2021,JUNIN,HUANCAYO,QUILCAS,146,52,94,0.3561643835616438
120128,2022,JUNIN,HUANCAYO,QUILCAS,89,34,55,0.38202247191011235
120128,2023,JUNIN,HUANCAYO,QUILCAS,181,36,145,0.19889502762430938
120128,2024,JUNIN,HUANCAYO,QUILCAS,177,13,164,0.07344632768361582
120128,2025,JUNIN,HUANCAYO,QUILCAS,160,26,134,0.1625
120128,2026,JUNIN,HUANCAYO,QUILCAS,97,7,90,0.07216494845360824
120129,2020,JUNIN,HUANCAYO,SAN AGUSTIN,45,18,27,0.4
120129,2021,JUNIN,HUANCAYO,SAN AGUSTIN,485,99,386,0.20412371134020618
120129,2022,JUNIN,HUANCAYO,SAN AGUSTIN,199,49,150,0.24623115577889448
120129,2023,JUNIN,HUANCAYO,SAN AGUSTIN,428,59,369,0.1378504672897196
120129,2024,JUNIN,HUANCAYO,SAN AGUSTIN,455,51,404,0.11208791208791209
120129,2025,JUNIN,HUANCAYO,SAN AGUSTIN,444,71,373,0.15990990990990991
120129,2026,JUNIN,HUANCAYO,SAN AGUSTIN,265,34,231,0.12830188679245283
120130,2020,JUNIN,HUANCAYO,SAN JERONIMO DE TUNAN,6,4,2,0.6666666666666666
120130,2021,JUNIN,HUANCAYO,SAN JERONIMO DE TUNAN,307,149,158,0.48534201954397393
120130,2022,JUNIN,HUANCAYO,SAN JERONIMO DE TUNAN,259,116,143,0.44787644787644787
120130,2023,JUNIN,HUANCAYO,SAN JERONIMO DE TUNAN,394,71,323,0.1802030456852792
120130,2024,JUNIN,HUANCAYO,SAN JERONIMO DE TUNAN,423,71,352,0.16784869976359337
120130,2025,JUNIN,HUANCAYO,SAN JERONIMO DE TUNAN,404,115,289,0.28465346534653463
120130,2026,JUNIN,HUANCAYO,SAN JERONIMO DE TUNAN,248,72,176,0.2903225806451613
120132,2020,JUNIN,HUANCAYO,SAÑO,10,2,8,0.2
120132,2021,JUNIN,HUANCAYO,SAÑO,99,17,82,0.1717171717171717
120132,2022,JUNIN,HUANCAYO,SAÑO,121,19,102,0.15702479338842976
120132,2023,JUNIN,HUANCAYO,SAÑO,170,38,132,0.2235294117647059
120132,2024,JUNIN,HUANCAYO,SAÑO,161,10,151,0.062111801242236024
120132,2025,JUNIN,HUANCAYO,SAÑO,135,9,126,0.06666666666666667
120132,2026,JUNIN,HUANCAYO,SAÑO,80,5,75,0.0625
120133,2020,JUNIN,HUANCAYO,SAPALLANGA,107,74,33,0.6915887850467289
120133,2021,JUNIN,HUANCAYO,SAPALLANGA,136,81,55,0.5955882352941176
120133,2022,JUNIN,HUANCAYO,SAPALLANGA,132,81,51,0.6136363636363636
120133,2023,JUNIN,HUANCAYO,SAPALLANGA,909,318,591,0.34983498349834985
120133,2024,JUNIN,HUANCAYO,SAPALLANGA,946,188,758,0.19873150105708245
120133,2025,JUNIN,HUANCAYO,SAPALLANGA,878,280,598,0.31890660592255127
120133,2026,JUNIN,HUANCAYO,SAPALLANGA,493,127,366,0.25760649087221094
120134,2020,JUNIN,HUANCAYO,SICAYA,46,34,12,0.7391304347826086
120134,2021,JUNIN,HUANCAYO,SICAYA,175,134,41,0.7657142857142857
120134,2022,JUNIN,HUANCAYO,SICAYA,172,121,51,0.7034883720930233
120134,2023,JUNIN,HUANCAYO,SICAYA,330,199,131,0.603030303030303
120134,2024,JUNIN,HUANCAYO,SICAYA,354,156,198,0.4406779661016949
120134,2025,JUNIN,HUANCAYO,SICAYA,339,71,268,0.20943952802359883
120134,2026,JUNIN,HUANCAYO,SICAYA,202,31,171,0.15346534653465346
120135,2020,JUNIN,HUANCAYO,SANTO DOMINGO DE ACOBAMBA,47,13,34,0.2765957446808511
120135,2021,JUNIN,HUANCAYO,SANTO DOMINGO DE ACOBAMBA,86,24,62,0.27906976744186046
120135,2022,JUNIN,HUANCAYO,SANTO DOMINGO DE ACOBAMBA,62,20,42,0.3225806451612903
120135,2023,JUNIN,HUANCAYO,SANTO DOMINGO DE ACOBAMBA,187,49,138,0.2620320855614973
120135,2024,JUNIN,HUANCAYO,SANTO DOMINGO DE ACOBAMBA,178,44,134,0.24719101123595505
120135,2025,JUNIN,HUANCAYO,SANTO DOMINGO DE ACOBAMBA,135,25,110,0.18518518518518517
120135,2026,JUNIN,HUANCAYO,SANTO DOMINGO DE ACOBAMBA,63,11,52,0.1746031746031746
120136,2020,JUNIN,HUANCAYO,VIQUES,24,12,12,0.5
120136,2021,JUNIN,HUANCAYO,VIQUES,4,1,3,0.25
120136,2022,JUNIN,HUANCAYO,VIQUES,35,12,23,0.34285714285714286
120136,2023,JUNIN,HUANCAYO,VIQUES,118,16,102,0.13559322033898305
120136,2024,JUNIN,HUANCAYO,VIQUES,101,29,72,0.2871287128712871
120136,2025,JUNIN,HUANCAYO,VIQUES,80,9,71,0.1125
120136,2026,JUNIN,HUANCAYO,VIQUES,56,5,51,0.08928571428571429
120201,2020,JUNIN,CONCEPCION,CONCEPCION,268,88,180,0.3283582089552239
120201,2021,JUNIN,CONCEPCION,CONCEPCION,286,105,181,0.36713286713286714
120201,2022,JUNIN,CONCEPCION,CONCEPCION,168,63,105,0.375
120201,2023,JUNIN,CONCEPCION,CONCEPCION,442,139,303,0.31447963800904977
120201,2024,JUNIN,CONCEPCION,CONCEPCION,410,93,317,0.22682926829268293
120201,2025,JUNIN,CONCEPCION,CONCEPCION,437,88,349,0.20137299771167047
120201,2026,JUNIN,CONCEPCION,CONCEPCION,264,50,214,0.1893939393939394
120202,2020,JUNIN,CONCEPCION,ACO,25,11,14,0.44
120202,2021,JUNIN,CONCEPCION,ACO,21,7,14,0.3333333333333333
120202,2022,JUNIN,CONCEPCION,ACO,9,4,5,0.4444444444444444
120202,2023,JUNIN,CONCEPCION,ACO,51,33,18,0.6470588235294118
120202,2024,JUNIN,CONCEPCION,ACO,50,8,42,0.16
120202,2025,JUNIN,CONCEPCION,ACO,39,10,29,0.2564102564102564
120202,2026,JUNIN,CONCEPCION,ACO,25,6,19,0.24
120203,2020,JUNIN,CONCEPCION,ANDAMARCA,0,0,0,
120203,2021,JUNIN,CONCEPCION,ANDAMARCA,9,4,5,0.4444444444444444
120203,2022,JUNIN,CONCEPCION,ANDAMARCA,8,4,4,0.5
120203,2023,JUNIN,CONCEPCION,ANDAMARCA,112,48,64,0.42857142857142855
120203,2024,JUNIN,CONCEPCION,ANDAMARCA,143,29,114,0.20279720279720279
120203,2025,JUNIN,CONCEPCION,ANDAMARCA,116,24,92,0.20689655172413793
120203,2026,JUNIN,CONCEPCION,ANDAMARCA,83,10,73,0.12048192771084337
120204,2020,JUNIN,CONCEPCION,CHAMBARA,49,32,17,0.6530612244897959
120204,2021,JUNIN,CONCEPCION,CHAMBARA,40,25,15,0.625
120204,2022,JUNIN,CONCEPCION,CHAMBARA,30,14,16,0.4666666666666667
120204,2023,JUNIN,CONCEPCION,CHAMBARA,82,38,44,0.4634146341463415
120204,2024,JUNIN,CONCEPCION,CHAMBARA,69,6,63,0.08695652173913043
120204,2025,JUNIN,CONCEPCION,CHAMBARA,73,5,68,0.0684931506849315
120204,2026,JUNIN,CONCEPCION,CHAMBARA,56,1,55,0.017857142857142856
120205,2020,JUNIN,CONCEPCION,COCHAS,2,1,1,0.5
120205,2021,JUNIN,CONCEPCION,COCHAS,16,10,6,0.625
120205,2023,JUNIN,CONCEPCION,COCHAS,54,7,47,0.12962962962962962
120205,2024,JUNIN,CONCEPCION,COCHAS,81,6,75,0.07407407407407407
120205,2025,JUNIN,CONCEPCION,COCHAS,76,8,68,0.10526315789473684
120205,2026,JUNIN,CONCEPCION,COCHAS,45,4,41,0.08888888888888889
120206,2020,JUNIN,CONCEPCION,COMAS,2,0,2,0.0
120206,2021,JUNIN,CONCEPCION,COMAS,20,5,15,0.25
120206,2022,JUNIN,CONCEPCION,COMAS,12,8,4,0.6666666666666666
120206,2023,JUNIN,CONCEPCION,COMAS,136,14,122,0.10294117647058823
120206,2024,JUNIN,CONCEPCION,COMAS,176,28,148,0.1590909090909091
120206,2025,JUNIN,CONCEPCION,COMAS,130,20,110,0.15384615384615385
120206,2026,JUNIN,CONCEPCION,COMAS,67,4,63,0.05970149253731343
120207,2020,JUNIN,CONCEPCION,HEROINAS TOLEDO,9,4,5,0.4444444444444444
120207,2021,JUNIN,CONCEPCION,HEROINAS TOLEDO,7,2,5,0.2857142857142857
120207,2022,JUNIN,CONCEPCION,HEROINAS TOLEDO,12,2,10,0.16666666666666666
120207,2023,JUNIN,CONCEPCION,HEROINAS TOLEDO,33,3,30,0.09090909090909091
120207,2024,JUNIN,CONCEPCION,HEROINAS TOLEDO,34,1,33,0.029411764705882353
120207,2025,JUNIN,CONCEPCION,HEROINAS TOLEDO,30,1,29,0.03333333333333333
120207,2026,JUNIN,CONCEPCION,HEROINAS TOLEDO,17,0,17,0.0
120208,2020,JUNIN,CONCEPCION,MANZANARES,16,9,7,0.5625
120208,2021,JUNIN,CONCEPCION,MANZANARES,21,13,8,0.6190476190476191
120208,2022,JUNIN,CONCEPCION,MANZANARES,23,10,13,0.43478260869565216
120208,2023,JUNIN,CONCEPCION,MANZANARES,58,15,43,0.25862068965517243
120208,2024,JUNIN,CONCEPCION,MANZANARES,53,7,46,0.1320754716981132
120208,2025,JUNIN,CONCEPCION,MANZANARES,40,7,33,0.175
120208,2026,JUNIN,CONCEPCION,MANZANARES,15,2,13,0.13333333333333333
120209,2020,JUNIN,CONCEPCION,MARISCAL CASTILLA,6,4,2,0.6666666666666666
120209,2021,JUNIN,CONCEPCION,MARISCAL CASTILLA,23,16,7,0.6956521739130435
120209,2022,JUNIN,CONCEPCION,MARISCAL CASTILLA,3,2,1,0.6666666666666666
120209,2023,JUNIN,CONCEPCION,MARISCAL CASTILLA,51,16,35,0.3137254901960784
120209,2024,JUNIN,CONCEPCION,MARISCAL CASTILLA,61,12,49,0.19672131147540983
120209,2025,JUNIN,CONCEPCION,MARISCAL CASTILLA,52,5,47,0.09615384615384616
120209,2026,JUNIN,CONCEPCION,MARISCAL CASTILLA,30,3,27,0.1
120210,2020,JUNIN,CONCEPCION,MATAHUASI,23,9,14,0.391304347826087
120210,2021,JUNIN,CONCEPCION,MATAHUASI,35,15,20,0.42857142857142855
120210,2022,JUNIN,CONCEPCION,MATAHUASI,48,16,32,0.3333333333333333
120210,2023,JUNIN,CONCEPCION,MATAHUASI,147,28,119,0.19047619047619047
120210,2024,JUNIN,CONCEPCION,MATAHUASI,157,9,148,0.05732484076433121
120210,2025,JUNIN,CONCEPCION,MATAHUASI,163,17,146,0.10429447852760736
120210,2026,JUNIN,CONCEPCION,MATAHUASI,90,17,73,0.18888888888888888
120211,2020,JUNIN,CONCEPCION,MITO,21,9,12,0.42857142857142855
120211,2021,JUNIN,CONCEPCION,MITO,20,1,19,0.05
120211,2022,JUNIN,CONCEPCION,MITO,13,2,11,0.15384615384615385
120211,2023,JUNIN,CONCEPCION,MITO,51,5,46,0.09803921568627451
120211,2024,JUNIN,CONCEPCION,MITO,49,3,46,0.061224489795918366
120211,2025,JUNIN,CONCEPCION,MITO,48,3,45,0.0625
120211,2026,JUNIN,CONCEPCION,MITO,26,5,21,0.19230769230769232
120212,2020,JUNIN,CONCEPCION,NUEVE DE JULIO,22,1,21,0.045454545454545456
120212,2021,JUNIN,CONCEPCION,NUEVE DE JULIO,48,1,47,0.020833333333333332
120212,2022,JUNIN,CONCEPCION,NUEVE DE JULIO,28,2,26,0.07142857142857142
120212,2023,JUNIN,CONCEPCION,NUEVE DE JULIO,86,1,85,0.011627906976744186
120212,2024,JUNIN,CONCEPCION,NUEVE DE JULIO,80,18,62,0.225
120212,2025,JUNIN,CONCEPCION,NUEVE DE JULIO,79,22,57,0.27848101265822783
120212,2026,JUNIN,CONCEPCION,NUEVE DE JULIO,55,6,49,0.10909090909090909
120213,2020,JUNIN,CONCEPCION,ORCOTUNA,173,25,148,0.14450867052023122
120213,2021,JUNIN,CONCEPCION,ORCOTUNA,94,11,83,0.11702127659574468
120213,2022,JUNIN,CONCEPCION,ORCOTUNA,68,13,55,0.19117647058823528
120213,2023,JUNIN,CONCEPCION,ORCOTUNA,196,24,172,0.12244897959183673
120213,2024,JUNIN,CONCEPCION,ORCOTUNA,181,27,154,0.14917127071823205
120213,2025,JUNIN,CONCEPCION,ORCOTUNA,160,20,140,0.125
120213,2026,JUNIN,CONCEPCION,ORCOTUNA,104,23,81,0.22115384615384615
120214,2020,JUNIN,CONCEPCION,SAN JOSE DE QUERO,66,44,22,0.6666666666666666
120214,2021,JUNIN,CONCEPCION,SAN JOSE DE QUERO,69,45,24,0.6521739130434783
120214,2022,JUNIN,CONCEPCION,SAN JOSE DE QUERO,60,49,11,0.8166666666666667
120214,2023,JUNIN,CONCEPCION,SAN JOSE DE QUERO,159,98,61,0.6163522012578616
120214,2024,JUNIN,CONCEPCION,SAN JOSE DE QUERO,138,18,120,0.13043478260869565
120214,2025,JUNIN,CONCEPCION,SAN JOSE DE QUERO,108,16,92,0.14814814814814814
120214,2026,JUNIN,CONCEPCION,SAN JOSE DE QUERO,85,12,73,0.1411764705882353
120215,2020,JUNIN,CONCEPCION,SANTA ROSA DE OCOPA,12,0,12,0.0
120215,2021,JUNIN,CONCEPCION,SANTA ROSA DE OCOPA,6,0,6,0.0
120215,2022,JUNIN,CONCEPCION,SANTA ROSA DE OCOPA,26,4,22,0.15384615384615385
120215,2023,JUNIN,CONCEPCION,SANTA ROSA DE OCOPA,59,7,52,0.11864406779661017
120215,2024,JUNIN,CONCEPCION,SANTA ROSA DE OCOPA,60,1,59,0.016666666666666666
120215,2025,JUNIN,CONCEPCION,SANTA ROSA DE OCOPA,52,7,45,0.1346153846153846
120215,2026,JUNIN,CONCEPCION,SANTA ROSA DE OCOPA,37,1,36,0.02702702702702703
120301,2020,JUNIN,CHANCHAMAYO,CHANCHAMAYO,775,171,604,0.22064516129032258
120301,2021,JUNIN,CHANCHAMAYO,CHANCHAMAYO,694,145,549,0.20893371757925072
120301,2022,JUNIN,CHANCHAMAYO,CHANCHAMAYO,276,61,215,0.2210144927536232
120301,2023,JUNIN,CHANCHAMAYO,CHANCHAMAYO,743,172,571,0.23149394347240915
120301,2024,JUNIN,CHANCHAMAYO,CHANCHAMAYO,712,64,648,0.0898876404494382
120301,2025,JUNIN,CHANCHAMAYO,CHANCHAMAYO,693,72,621,0.1038961038961039
120301,2026,JUNIN,CHANCHAMAYO,CHANCHAMAYO,423,28,395,0.06619385342789598
120302,2020,JUNIN,CHANCHAMAYO,PERENE,1416,460,956,0.3248587570621469
120302,2021,JUNIN,CHANCHAMAYO,PERENE,1137,411,726,0.36147757255936674
120302,2022,JUNIN,CHANCHAMAYO,PERENE,915,371,544,0.4054644808743169
120302,2023,JUNIN,CHANCHAMAYO,PERENE,2482,620,1862,0.24979854955680902
120302,2024,JUNIN,CHANCHAMAYO,PERENE,2350,898,1452,0.3821276595744681
120302,2025,JUNIN,CHANCHAMAYO,PERENE,2065,458,1607,0.2217917675544794
120302,2026,JUNIN,CHANCHAMAYO,PERENE,1377,364,1013,0.2643427741466957
120303,2020,JUNIN,CHANCHAMAYO,PICHANAQUI,874,365,509,0.41762013729977115
120303,2021,JUNIN,CHANCHAMAYO,PICHANAQUI,1345,382,963,0.28401486988847585
120303,2022,JUNIN,CHANCHAMAYO,PICHANAQUI,1187,361,826,0.3041280539174389
120303,2023,JUNIN,CHANCHAMAYO,PICHANAQUI,2231,573,1658,0.25683549977588527
120303,2024,JUNIN,CHANCHAMAYO,PICHANAQUI,2189,792,1397,0.36180904522613067
120303,2025,JUNIN,CHANCHAMAYO,PICHANAQUI,1996,861,1135,0.4313627254509018
120303,2026,JUNIN,CHANCHAMAYO,PICHANAQUI,1383,660,723,0.4772234273318872
120304,2020,JUNIN,CHANCHAMAYO,SAN LUIS DE SHUARO,98,25,73,0.25510204081632654
120304,2021,JUNIN,CHANCHAMAYO,SAN LUIS DE SHUARO,77,14,63,0.18181818181818182
120304,2022,JUNIN,CHANCHAMAYO,SAN LUIS DE SHUARO,76,18,58,0.23684210526315788
120304,2023,JUNIN,CHANCHAMAYO,SAN LUIS DE SHUARO,188,20,168,0.10638297872340426
120304,2024,JUNIN,CHANCHAMAYO,SAN LUIS DE SHUARO,167,30,137,0.17964071856287425
120304,2025,JUNIN,CHANCHAMAYO,SAN LUIS DE SHUARO,165,31,134,0.18787878787878787
120304,2026,JUNIN,CHANCHAMAYO,SAN LUIS DE SHUARO,117,19,98,0.1623931623931624
120305,2020,JUNIN,CHANCHAMAYO,SAN RAMON,445,148,297,0.3325842696629214
120305,2021,JUNIN,CHANCHAMAYO,SAN RAMON,555,119,436,0.21441441441441442
120305,2022,JUNIN,CHANCHAMAYO,SAN RAMON,324,94,230,0.29012345679012347
120305,2023,JUNIN,CHANCHAMAYO,SAN RAMON,732,171,561,0.2336065573770492
120305,2024,JUNIN,CHANCHAMAYO,SAN RAMON,725,141,584,0.19448275862068964
120305,2025,JUNIN,CHANCHAMAYO,SAN RAMON,740,219,521,0.2959459459459459
120305,2026,JUNIN,CHANCHAMAYO,SAN RAMON,430,160,270,0.37209302325581395
120306,2020,JUNIN,CHANCHAMAYO,VITOC,30,14,16,0.4666666666666667
120306,2021,JUNIN,CHANCHAMAYO,VITOC,29,12,17,0.41379310344827586
120306,2022,JUNIN,CHANCHAMAYO,VITOC,29,18,11,0.6206896551724138
120306,2023,JUNIN,CHANCHAMAYO,VITOC,42,13,29,0.30952380952380953
120306,2024,JUNIN,CHANCHAMAYO,VITOC,41,26,15,0.6341463414634146
120306,2025,JUNIN,CHANCHAMAYO,VITOC,44,12,32,0.2727272727272727
120306,2026,JUNIN,CHANCHAMAYO,VITOC,23,5,18,0.21739130434782608
120401,2020,JUNIN,JAUJA,JAUJA,479,417,62,0.8705636743215032
120401,2021,JUNIN,JAUJA,JAUJA,286,43,243,0.15034965034965034
120401,2022,JUNIN,JAUJA,JAUJA,178,25,153,0.1404494382022472
120401,2023,JUNIN,JAUJA,JAUJA,421,11,410,0.026128266033254157
120401,2024,JUNIN,JAUJA,JAUJA,393,46,347,0.11704834605597965
120401,2025,JUNIN,JAUJA,JAUJA,377,80,297,0.21220159151193635
120401,2026,JUNIN,JAUJA,JAUJA,260,68,192,0.26153846153846155
120402,2020,JUNIN,JAUJA,ACOLLA,149,122,27,0.8187919463087249
120402,2021,JUNIN,JAUJA,ACOLLA,81,33,48,0.4074074074074074
120402,2022,JUNIN,JAUJA,ACOLLA,69,25,44,0.36231884057971014
120402,2023,JUNIN,JAUJA,ACOLLA,177,65,112,0.3672316384180791
120402,2024,JUNIN,JAUJA,ACOLLA,150,13,137,0.08666666666666667
120402,2025,JUNIN,JAUJA,ACOLLA,150,18,132,0.12
120402,2026,JUNIN,JAUJA,ACOLLA,93,15,78,0.16129032258064516
120403,2020,JUNIN,JAUJA,APATA,128,114,14,0.890625
120403,2021,JUNIN,JAUJA,APATA,94,16,78,0.1702127659574468
120403,2022,JUNIN,JAUJA,APATA,52,9,43,0.17307692307692307
120403,2023,JUNIN,JAUJA,APATA,203,33,170,0.1625615763546798
120403,2024,JUNIN,JAUJA,APATA,210,28,182,0.13333333333333333
120403,2025,JUNIN,JAUJA,APATA,175,31,144,0.17714285714285713
120403,2026,JUNIN,JAUJA,APATA,124,24,100,0.1935483870967742
120404,2020,JUNIN,JAUJA,ATAURA,9,8,1,0.8888888888888888
120404,2021,JUNIN,JAUJA,ATAURA,9,1,8,0.1111111111111111
120404,2022,JUNIN,JAUJA,ATAURA,7,0,7,0.0
120404,2023,JUNIN,JAUJA,ATAURA,23,3,20,0.13043478260869565
120404,2024,JUNIN,JAUJA,ATAURA,25,1,24,0.04
120404,2025,JUNIN,JAUJA,ATAURA,27,11,16,0.4074074074074074
120404,2026,JUNIN,JAUJA,ATAURA,18,5,13,0.2777777777777778
120405,2020,JUNIN,JAUJA,CANCHAYLLO,29,28,1,0.9655172413793104
120405,2021,JUNIN,JAUJA,CANCHAYLLO,25,1,24,0.04
120405,2022,JUNIN,JAUJA,CANCHAYLLO,9,2,7,0.2222222222222222
120405,2023,JUNIN,JAUJA,CANCHAYLLO,30,4,26,0.13333333333333333
120405,2024,JUNIN,JAUJA,CANCHAYLLO,31,1,30,0.03225806451612903
120405,2025,JUNIN,JAUJA,CANCHAYLLO,33,0,33,0.0
120405,2026,JUNIN,JAUJA,CANCHAYLLO,23,0,23,0.0
120406,2020,JUNIN,JAUJA,CURICACA,25,24,1,0.96
120406,2021,JUNIN,JAUJA,CURICACA,12,1,11,0.08333333333333333
120406,2022,JUNIN,JAUJA,CURICACA,10,1,9,0.1
120406,2023,JUNIN,JAUJA,CURICACA,35,6,29,0.17142857142857143
120406,2024,JUNIN,JAUJA,CURICACA,39,0,39,0.0
120406,2025,JUNIN,JAUJA,CURICACA,33,1,32,0.030303030303030304
120406,2026,JUNIN,JAUJA,CURICACA,25,1,24,0.04
120407,2020,JUNIN,JAUJA,EL MANTARO,64,56,8,0.875
120407,2021,JUNIN,JAUJA,EL MANTARO,43,3,40,0.06976744186046512
120407,2022,JUNIN,JAUJA,EL MANTARO,34,3,31,0.08823529411764706
120407,2023,JUNIN,JAUJA,EL MANTARO,75,6,69,0.08
120407,2024,JUNIN,JAUJA,EL MANTARO,76,8,68,0.10526315789473684
120407,2025,JUNIN,JAUJA,EL MANTARO,75,15,60,0.2
120407,2026,JUNIN,JAUJA,EL MANTARO,57,13,44,0.22807017543859648
120408,2020,JUNIN,JAUJA,HUAMALI,63,62,1,0.9841269841269841
120408,2021,JUNIN,JAUJA,HUAMALI,15,1,14,0.06666666666666667
120408,2022,JUNIN,JAUJA,HUAMALI,12,2,10,0.16666666666666666
120408,2023,JUNIN,JAUJA,HUAMALI,44,7,37,0.1590909090909091
120408,2024,JUNIN,JAUJA,HUAMALI,49,2,47,0.04081632653061224
120408,2025,JUNIN,JAUJA,HUAMALI,49,11,38,0.22448979591836735
120408,2026,JUNIN,JAUJA,HUAMALI,32,5,27,0.15625
120409,2020,JUNIN,JAUJA,HUARIPAMPA,17,16,1,0.9411764705882353
120409,2021,JUNIN,JAUJA,HUARIPAMPA,25,10,15,0.4
120409,2022,JUNIN,JAUJA,HUARIPAMPA,8,4,4,0.5
120409,2023,JUNIN,JAUJA,HUARIPAMPA,21,4,17,0.19047619047619047
120409,2024,JUNIN,JAUJA,HUARIPAMPA,23,1,22,0.043478260869565216
120409,2025,JUNIN,JAUJA,HUARIPAMPA,20,3,17,0.15
120409,2026,JUNIN,JAUJA,HUARIPAMPA,8,1,7,0.125
120410,2020,JUNIN,JAUJA,HUERTAS,31,29,2,0.9354838709677419
120410,2021,JUNIN,JAUJA,HUERTAS,27,2,25,0.07407407407407407
120410,2022,JUNIN,JAUJA,HUERTAS,20,0,20,0.0
120410,2023,JUNIN,JAUJA,HUERTAS,59,2,57,0.03389830508474576
120410,2024,JUNIN,JAUJA,HUERTAS,62,3,59,0.04838709677419355
120410,2025,JUNIN,JAUJA,HUERTAS,55,10,45,0.18181818181818182
120410,2026,JUNIN,JAUJA,HUERTAS,40,7,33,0.175
120411,2020,JUNIN,JAUJA,JANJAILLO,3,3,0,1.0
120411,2021,JUNIN,JAUJA,JANJAILLO,6,3,3,0.5
120411,2022,JUNIN,JAUJA,JANJAILLO,3,0,3,0.0
120411,2023,JUNIN,JAUJA,JANJAILLO,5,2,3,0.4
120411,2024,JUNIN,JAUJA,JANJAILLO,6,1,5,0.16666666666666666
120411,2025,JUNIN,JAUJA,JANJAILLO,4,0,4,0.0
120411,2026,JUNIN,JAUJA,JANJAILLO,3,0,3,0.0
120412,2020,JUNIN,JAUJA,JULCAN,16,16,0,1.0
120412,2021,JUNIN,JAUJA,JULCAN,9,1,8,0.1111111111111111
120412,2022,JUNIN,JAUJA,JULCAN,5,0,5,0.0
120412,2023,JUNIN,JAUJA,JULCAN,17,4,13,0.23529411764705882
120412,2024,JUNIN,JAUJA,JULCAN,19,0,19,0.0
120412,2025,JUNIN,JAUJA,JULCAN,17,3,14,0.17647058823529413
120412,2026,JUNIN,JAUJA,JULCAN,9,3,6,0.3333333333333333
120413,2020,JUNIN,JAUJA,LEONOR ORDOÑEZ,19,18,1,0.9473684210526315
120413,2021,JUNIN,JAUJA,LEONOR ORDOÑEZ,17,2,15,0.11764705882352941
120413,2022,JUNIN,JAUJA,LEONOR ORDOÑEZ,8,0,8,0.0
120413,2023,JUNIN,JAUJA,LEONOR ORDOÑEZ,43,1,42,0.023255813953488372
120413,2024,JUNIN,JAUJA,LEONOR ORDOÑEZ,40,0,40,0.0
120413,2025,JUNIN,JAUJA,LEONOR ORDOÑEZ,37,3,34,0.08108108108108109
120413,2026,JUNIN,JAUJA,LEONOR ORDOÑEZ,26,6,20,0.23076923076923078
120414,2020,JUNIN,JAUJA,LLOCLLAPAMPA,26,23,3,0.8846153846153846
120414,2021,JUNIN,JAUJA,LLOCLLAPAMPA,8,0,8,0.0
120414,2022,JUNIN,JAUJA,LLOCLLAPAMPA,11,0,11,0.0
120414,2023,JUNIN,JAUJA,LLOCLLAPAMPA,41,3,38,0.07317073170731707
120414,2024,JUNIN,JAUJA,LLOCLLAPAMPA,32,3,29,0.09375
120414,2025,JUNIN,JAUJA,LLOCLLAPAMPA,19,0,19,0.0
120414,2026,JUNIN,JAUJA,LLOCLLAPAMPA,12,1,11,0.08333333333333333
120415,2020,JUNIN,JAUJA,MARCO,25,12,13,0.48
120415,2021,JUNIN,JAUJA,MARCO,14,0,14,0.0
120415,2022,JUNIN,JAUJA,MARCO,12,3,9,0.25
120415,2023,JUNIN,JAUJA,MARCO,31,3,28,0.0967741935483871
120415,2024,JUNIN,JAUJA,MARCO,25,2,23,0.08
120415,2025,JUNIN,JAUJA,MARCO,34,14,20,0.4117647058823529
120415,2026,JUNIN,JAUJA,MARCO,21,10,11,0.47619047619047616
120416,2020,JUNIN,JAUJA,MASMA,38,27,11,0.7105263157894737
120416,2021,JUNIN,JAUJA,MASMA,24,14,10,0.5833333333333334
120416,2022,JUNIN,JAUJA,MASMA,24,18,6,0.75
120416,2023,JUNIN,JAUJA,MASMA,58,27,31,0.46551724137931033
120416,2024,JUNIN,JAUJA,MASMA,71,24,47,0.3380281690140845
120416,2025,JUNIN,JAUJA,MASMA,67,26,41,0.3880597014925373
120416,2026,JUNIN,JAUJA,MASMA,48,15,33,0.3125
120417,2020,JUNIN,JAUJA,MASMA CHICCHE,18,18,0,1.0
120417,2021,JUNIN,JAUJA,MASMA CHICCHE,9,3,6,0.3333333333333333
120417,2022,JUNIN,JAUJA,MASMA CHICCHE,2,1,1,0.5
120417,2023,JUNIN,JAUJA,MASMA CHICCHE,31,5,26,0.16129032258064516
120417,2024,JUNIN,JAUJA,MASMA CHICCHE,25,0,25,0.0
120417,2025,JUNIN,JAUJA,MASMA CHICCHE,16,0,16,0.0
120417,2026,JUNIN,JAUJA,MASMA CHICCHE,12,1,11,0.08333333333333333
120418,2020,JUNIN,JAUJA,MOLINOS,50,47,3,0.94
120418,2021,JUNIN,JAUJA,MOLINOS,16,4,12,0.25
120418,2022,JUNIN,JAUJA,MOLINOS,12,0,12,0.0
120418,2023,JUNIN,JAUJA,MOLINOS,50,4,46,0.08
120418,2024,JUNIN,JAUJA,MOLINOS,55,4,51,0.07272727272727272
120418,2025,JUNIN,JAUJA,MOLINOS,47,10,37,0.2127659574468085
120418,2026,JUNIN,JAUJA,MOLINOS,27,5,22,0.18518518518518517
120419,2020,JUNIN,JAUJA,MONOBAMBA,16,3,13,0.1875
120419,2021,JUNIN,JAUJA,MONOBAMBA,28,7,21,0.25
120419,2022,JUNIN,JAUJA,MONOBAMBA,28,9,19,0.32142857142857145
120419,2023,JUNIN,JAUJA,MONOBAMBA,47,17,30,0.3617021276595745
120419,2024,JUNIN,JAUJA,MONOBAMBA,33,18,15,0.5454545454545454
120419,2025,JUNIN,JAUJA,MONOBAMBA,35,14,21,0.4
120419,2026,JUNIN,JAUJA,MONOBAMBA,25,7,18,0.28
120420,2020,JUNIN,JAUJA,MUQUI,19,18,1,0.9473684210526315
120420,2021,JUNIN,JAUJA,MUQUI,3,0,3,0.0
120420,2022,JUNIN,JAUJA,MUQUI,4,2,2,0.5
120420,2023,JUNIN,JAUJA,MUQUI,26,1,25,0.038461538461538464
120420,2024,JUNIN,JAUJA,MUQUI,24,2,22,0.08333333333333333
120420,2025,JUNIN,JAUJA,MUQUI,27,1,26,0.037037037037037035
120420,2026,JUNIN,JAUJA,MUQUI,19,0,19,0.0
120421,2020,JUNIN,JAUJA,MUQUIYAUYO,52,46,6,0.8846153846153846
120421,2021,JUNIN,JAUJA,MUQUIYAUYO,22,0,22,0.0
120421,2022,JUNIN,JAUJA,MUQUIYAUYO,19,8,11,0.42105263157894735
120421,2023,JUNIN,JAUJA,MUQUIYAUYO,74,10,64,0.13513513513513514
120421,2024,JUNIN,JAUJA,MUQUIYAUYO,76,2,74,0.02631578947368421
120421,2025,JUNIN,JAUJA,MUQUIYAUYO,65,6,59,0.09230769230769231
120421,2026,JUNIN,JAUJA,MUQUIYAUYO,47,12,35,0.2553191489361702
120422,2020,JUNIN,JAUJA,PACA,12,11,1,0.9166666666666666
120422,2021,JUNIN,JAUJA,PACA,4,0,4,0.0
120422,2022,JUNIN,JAUJA,PACA,2,0,2,0.0
120422,2023,JUNIN,JAUJA,PACA,23,1,22,0.043478260869565216
120422,2024,JUNIN,JAUJA,PACA,22,3,19,0.13636363636363635
120422,2025,JUNIN,JAUJA,PACA,14,3,11,0.21428571428571427
120422,2026,JUNIN,JAUJA,PACA,5,0,5,0.0
120423,2020,JUNIN,JAUJA,PACCHA,28,27,1,0.9642857142857143
120423,2021,JUNIN,JAUJA,PACCHA,21,2,19,0.09523809523809523
120423,2022,JUNIN,JAUJA,PACCHA,12,0,12,0.0
120423,2023,JUNIN,JAUJA,PACCHA,37,3,34,0.08108108108108109
120423,2024,JUNIN,JAUJA,PACCHA,35,1,34,0.02857142857142857
120423,2025,JUNIN,JAUJA,PACCHA,28,0,28,0.0
120423,2026,JUNIN,JAUJA,PACCHA,17,1,16,0.058823529411764705
120424,2020,JUNIN,JAUJA,PANCAN,20,19,1,0.95
120424,2021,JUNIN,JAUJA,PANCAN,15,9,6,0.6
120424,2022,JUNIN,JAUJA,PANCAN,16,6,10,0.375
120424,2023,JUNIN,JAUJA,PANCAN,56,11,45,0.19642857142857142
120424,2024,JUNIN,JAUJA,PANCAN,59,11,48,0.1864406779661017
120424,2025,JUNIN,JAUJA,PANCAN,44,8,36,0.18181818181818182
120424,2026,JUNIN,JAUJA,PANCAN,22,7,15,0.3181818181818182
120425,2020,JUNIN,JAUJA,PARCO,12,8,4,0.6666666666666666
120425,2021,JUNIN,JAUJA,PARCO,8,0,8,0.0
120425,2022,JUNIN,JAUJA,PARCO,3,0,3,0.0
120425,2023,JUNIN,JAUJA,PARCO,21,1,20,0.047619047619047616
120425,2024,JUNIN,JAUJA,PARCO,22,4,18,0.18181818181818182
120425,2025,JUNIN,JAUJA,PARCO,26,1,25,0.038461538461538464
120425,2026,JUNIN,JAUJA,PARCO,23,6,17,0.2608695652173913
120426,2020,JUNIN,JAUJA,POMACANCHA,34,31,3,0.9117647058823529
120426,2021,JUNIN,JAUJA,POMACANCHA,14,3,11,0.21428571428571427
120426,2022,JUNIN,JAUJA,POMACANCHA,18,2,16,0.1111111111111111
120426,2023,JUNIN,JAUJA,POMACANCHA,43,1,42,0.023255813953488372
120426,2024,JUNIN,JAUJA,POMACANCHA,48,8,40,0.16666666666666666
120426,2025,JUNIN,JAUJA,POMACANCHA,38,4,34,0.10526315789473684
120426,2026,JUNIN,JAUJA,POMACANCHA,18,1,17,0.05555555555555555
120427,2020,JUNIN,JAUJA,RICRAN,14,13,1,0.9285714285714286
120427,2021,JUNIN,JAUJA,RICRAN,4,2,2,0.5
120427,2022,JUNIN,JAUJA,RICRAN,6,0,6,0.0
120427,2023,JUNIN,JAUJA,RICRAN,35,8,27,0.22857142857142856
120427,2024,JUNIN,JAUJA,RICRAN,27,5,22,0.18518518518518517
120427,2025,JUNIN,JAUJA,RICRAN,27,1,26,0.037037037037037035
120427,2026,JUNIN,JAUJA,RICRAN,14,1,13,0.07142857142857142
120428,2020,JUNIN,JAUJA,SAN LORENZO,54,51,3,0.9444444444444444
120428,2021,JUNIN,JAUJA,SAN LORENZO,33,8,25,0.24242424242424243
120428,2022,JUNIN,JAUJA,SAN LORENZO,30,5,25,0.16666666666666666
120428,2023,JUNIN,JAUJA,SAN LORENZO,87,9,78,0.10344827586206896
120428,2024,JUNIN,JAUJA,SAN LORENZO,73,4,69,0.0547945205479452
120428,2025,JUNIN,JAUJA,SAN LORENZO,71,3,68,0.04225352112676056
120428,2026,JUNIN,JAUJA,SAN LORENZO,41,1,40,0.024390243902439025
120429,2020,JUNIN,JAUJA,SAN PEDRO DE CHUNAN,9,9,0,1.0
120429,2021,JUNIN,JAUJA,SAN PEDRO DE CHUNAN,8,6,2,0.75
120429,2022,JUNIN,JAUJA,SAN PEDRO DE CHUNAN,1,0,1,0.0
120429,2023,JUNIN,JAUJA,SAN PEDRO DE CHUNAN,10,1,9,0.1
120429,2024,JUNIN,JAUJA,SAN PEDRO DE CHUNAN,9,1,8,0.1111111111111111
120429,2025,JUNIN,JAUJA,SAN PEDRO DE CHUNAN,12,3,9,0.25
120429,2026,JUNIN,JAUJA,SAN PEDRO DE CHUNAN,9,1,8,0.1111111111111111
120430,2020,JUNIN,JAUJA,SAUSA,75,66,9,0.88
120430,2021,JUNIN,JAUJA,SAUSA,65,2,63,0.03076923076923077
120430,2022,JUNIN,JAUJA,SAUSA,35,4,31,0.11428571428571428
120430,2023,JUNIN,JAUJA,SAUSA,67,5,62,0.07462686567164178
120430,2024,JUNIN,JAUJA,SAUSA,67,6,61,0.08955223880597014
120430,2025,JUNIN,JAUJA,SAUSA,64,18,46,0.28125
120430,2026,JUNIN,JAUJA,SAUSA,59,10,49,0.1694915254237288
120431,2020,JUNIN,JAUJA,SINCOS,79,60,19,0.759493670886076
120431,2021,JUNIN,JAUJA,SINCOS,52,8,44,0.15384615384615385
120431,2022,JUNIN,JAUJA,SINCOS,40,5,35,0.125
120431,2023,JUNIN,JAUJA,SINCOS,120,14,106,0.11666666666666667
120431,2024,JUNIN,JAUJA,SINCOS,103,9,94,0.08737864077669903
120431,2025,JUNIN,JAUJA,SINCOS,94,10,84,0.10638297872340426
120431,2026,JUNIN,JAUJA,SINCOS,54,3,51,0.05555555555555555
120432,2020,JUNIN,JAUJA,TUNAN MARCA,28,26,2,0.9285714285714286
120432,2021,JUNIN,JAUJA,TUNAN MARCA,13,7,6,0.5384615384615384
120432,2022,JUNIN,JAUJA,TUNAN MARCA,11,8,3,0.7272727272727273
120432,2023,JUNIN,JAUJA,TUNAN MARCA,30,13,17,0.43333333333333335
120432,2024,JUNIN,JAUJA,TUNAN MARCA,21,2,19,0.09523809523809523
120432,2025,JUNIN,JAUJA,TUNAN MARCA,16,2,14,0.125
120432,2026,JUNIN,JAUJA,TUNAN MARCA,14,2,12,0.14285714285714285
120433,2020,JUNIN,JAUJA,YAULI,23,23,0,1.0
120433,2021,JUNIN,JAUJA,YAULI,18,14,4,0.7777777777777778
120433,2022,JUNIN,JAUJA,YAULI,7,6,1,0.8571428571428571
120433,2023,JUNIN,JAUJA,YAULI,35,28,7,0.8
120433,2024,JUNIN,JAUJA,YAULI,38,20,18,0.5263157894736842
120433,2025,JUNIN,JAUJA,YAULI,40,3,37,0.075
120433,2026,JUNIN,JAUJA,YAULI,30,7,23,0.23333333333333334
120434,2020,JUNIN,JAUJA,YAUYOS,169,154,15,0.9112426035502958
120434,2021,JUNIN,JAUJA,YAUYOS,140,70,70,0.5
120434,2022,JUNIN,JAUJA,YAUYOS,114,44,70,0.38596491228070173
120434,2023,JUNIN,JAUJA,YAUYOS,235,69,166,0.2936170212765957
120434,2024,JUNIN,JAUJA,YAUYOS,225,32,193,0.14222222222222222
120434,2025,JUNIN,JAUJA,YAUYOS,183,32,151,0.17486338797814208
120434,2026,JUNIN,JAUJA,YAUYOS,108,28,80,0.25925925925925924
120501,2020,JUNIN,JUNIN,JUNIN,268,126,142,0.4701492537313433
120501,2021,JUNIN,JUNIN,JUNIN,281,154,127,0.5480427046263345
120501,2022,JUNIN,JUNIN,JUNIN,135,86,49,0.6370370370370371
120501,2023,JUNIN,JUNIN,JUNIN,301,122,179,0.4053156146179402
120501,2024,JUNIN,JUNIN,JUNIN,272,1,271,0.003676470588235294
120501,2025,JUNIN,JUNIN,JUNIN,289,6,283,0.020761245674740483
120501,2026,JUNIN,JUNIN,JUNIN,203,3,200,0.014778325123152709
120502,2020,JUNIN,JUNIN,CARHUAMAYO,98,47,51,0.47959183673469385
120502,2021,JUNIN,JUNIN,CARHUAMAYO,103,43,60,0.4174757281553398
120502,2022,JUNIN,JUNIN,CARHUAMAYO,72,46,26,0.6388888888888888
120502,2023,JUNIN,JUNIN,CARHUAMAYO,231,90,141,0.38961038961038963
120502,2024,JUNIN,JUNIN,CARHUAMAYO,200,22,178,0.11
120502,2025,JUNIN,JUNIN,CARHUAMAYO,202,7,195,0.034653465346534656
120502,2026,JUNIN,JUNIN,CARHUAMAYO,148,8,140,0.05405405405405406
120503,2020,JUNIN,JUNIN,ONDORES,13,2,11,0.15384615384615385
120503,2021,JUNIN,JUNIN,ONDORES,9,3,6,0.3333333333333333
120503,2022,JUNIN,JUNIN,ONDORES,3,1,2,0.3333333333333333
120503,2023,JUNIN,JUNIN,ONDORES,24,3,21,0.125
120503,2024,JUNIN,JUNIN,ONDORES,18,1,17,0.05555555555555555
120503,2025,JUNIN,JUNIN,ONDORES,20,1,19,0.05
120503,2026,JUNIN,JUNIN,ONDORES,9,0,9,0.0
120504,2020,JUNIN,JUNIN,ULCUMAYO,80,43,37,0.5375
120504,2021,JUNIN,JUNIN,ULCUMAYO,94,62,32,0.6595744680851063
120504,2022,JUNIN,JUNIN,ULCUMAYO,71,37,34,0.5211267605633803
120504,2023,JUNIN,JUNIN,ULCUMAYO,175,83,92,0.4742857142857143
120504,2024,JUNIN,JUNIN,ULCUMAYO,184,65,119,0.3532608695652174
120504,2025,JUNIN,JUNIN,ULCUMAYO,161,60,101,0.37267080745341613
120504,2026,JUNIN,JUNIN,ULCUMAYO,112,44,68,0.39285714285714285
120601,2020,JUNIN,SATIPO,SATIPO,1108,391,717,0.3528880866425993
120601,2021,JUNIN,SATIPO,SATIPO,1470,459,1011,0.3122448979591837
120601,2022,JUNIN,SATIPO,SATIPO,1276,378,898,0.2962382445141066
120601,2023,JUNIN,SATIPO,SATIPO,1579,318,1261,0.20139328689043698
120601,2024,JUNIN,SATIPO,SATIPO,1523,276,1247,0.18122127380170716
120601,2025,JUNIN,SATIPO,SATIPO,1417,318,1099,0.2244177840508116
120601,2026,JUNIN,SATIPO,SATIPO,971,195,776,0.2008238928939238
120602,2020,JUNIN,SATIPO,COVIRIALI,141,33,108,0.23404255319148937
120602,2021,JUNIN,SATIPO,COVIRIALI,104,9,95,0.08653846153846154
120602,2022,JUNIN,SATIPO,COVIRIALI,106,27,79,0.25471698113207547
120602,2023,JUNIN,SATIPO,COVIRIALI,148,48,100,0.32432432432432434
120602,2024,JUNIN,SATIPO,COVIRIALI,165,34,131,0.20606060606060606
120602,2025,JUNIN,SATIPO,COVIRIALI,140,36,104,0.2571428571428571
120602,2026,JUNIN,SATIPO,COVIRIALI,92,29,63,0.31521739130434784
120603,2020,JUNIN,SATIPO,LLAYLLA,149,30,119,0.20134228187919462
120603,2021,JUNIN,SATIPO,LLAYLLA,216,60,156,0.2777777777777778
120603,2022,JUNIN,SATIPO,LLAYLLA,185,36,149,0.1945945945945946
120603,2023,JUNIN,SATIPO,LLAYLLA,194,40,154,0.20618556701030927
120603,2024,JUNIN,SATIPO,LLAYLLA,191,56,135,0.2931937172774869
120603,2025,JUNIN,SATIPO,LLAYLLA,177,44,133,0.24858757062146894
120603,2026,JUNIN,SATIPO,LLAYLLA,116,18,98,0.15517241379310345
120604,2020,JUNIN,SATIPO,MAZAMARI,604,143,461,0.2367549668874172
120604,2021,JUNIN,SATIPO,MAZAMARI,723,167,556,0.23098201936376211
120604,2022,JUNIN,SATIPO,MAZAMARI,896,219,677,0.24441964285714285
120604,2023,JUNIN,SATIPO,MAZAMARI,1052,275,777,0.26140684410646386
120604,2024,JUNIN,SATIPO,MAZAMARI,1315,333,982,0.2532319391634981
120604,2025,JUNIN,SATIPO,MAZAMARI,1169,319,850,0.2728828058169376
120604,2026,JUNIN,SATIPO,MAZAMARI,728,181,547,0.24862637362637363
120605,2020,JUNIN,SATIPO,PAMPA HERMOSA,144,11,133,0.0763888888888889
120605,2021,JUNIN,SATIPO,PAMPA HERMOSA,202,17,185,0.08415841584158416
120605,2022,JUNIN,SATIPO,PAMPA HERMOSA,183,27,156,0.14754098360655737
120605,2023,JUNIN,SATIPO,PAMPA HERMOSA,160,26,134,0.1625
120605,2024,JUNIN,SATIPO,PAMPA HERMOSA,147,30,117,0.20408163265306123
120605,2025,JUNIN,SATIPO,PAMPA HERMOSA,104,4,100,0.038461538461538464
120605,2026,JUNIN,SATIPO,PAMPA HERMOSA,81,10,71,0.12345679012345678
120606,2020,JUNIN,SATIPO,PANGOA,1757,492,1265,0.280022766078543
120606,2021,JUNIN,SATIPO,PANGOA,2030,528,1502,0.2600985221674877
120606,2022,JUNIN,SATIPO,PANGOA,1547,449,1098,0.2902391725921138
120606,2023,JUNIN,SATIPO,PANGOA,3800,916,2884,0.24105263157894738
120606,2024,JUNIN,SATIPO,PANGOA,3635,704,2931,0.1936726272352132
120606,2025,JUNIN,SATIPO,PANGOA,3658,915,2743,0.25013668671405137
120606,2026,JUNIN,SATIPO,PANGOA,2364,592,1772,0.25042301184433163
120607,2020,JUNIN,SATIPO,RIO NEGRO,401,169,232,0.42144638403990026
120607,2021,JUNIN,SATIPO,RIO NEGRO,745,239,506,0.3208053691275168
120607,2022,JUNIN,SATIPO,RIO NEGRO,921,301,620,0.3268186753528773
120607,2023,JUNIN,SATIPO,RIO NEGRO,1054,285,769,0.2703984819734345
120607,2024,JUNIN,SATIPO,RIO NEGRO,976,311,665,0.31864754098360654
120607,2025,JUNIN,SATIPO,RIO NEGRO,845,324,521,0.3834319526627219
120607,2026,JUNIN,SATIPO,RIO NEGRO,556,190,366,0.34172661870503596
120608,2020,JUNIN,SATIPO,RIO TAMBO,467,161,306,0.34475374732334046
120608,2021,JUNIN,SATIPO,RIO TAMBO,1371,438,933,0.31947483588621445
120608,2022,JUNIN,SATIPO,RIO TAMBO,1877,555,1322,0.2956846030900373
120608,2023,JUNIN,SATIPO,RIO TAMBO,2624,767,1857,0.2923018292682927
120608,2024,JUNIN,SATIPO,RIO TAMBO,2656,556,2100,0.20933734939759036
120608,2025,JUNIN,SATIPO,RIO TAMBO,2661,542,2119,0.2036828260052612
120608,2026,JUNIN,SATIPO,RIO TAMBO,1576,333,1243,0.21129441624365483
120609,2020,JUNIN,SATIPO,VIZCATAN DEL ENE,145,50,95,0.3448275862068966
120609,2021,JUNIN,SATIPO,VIZCATAN DEL ENE,151,66,85,0.4370860927152318
120609,2022,JUNIN,SATIPO,VIZCATAN DEL ENE,111,37,74,0.3333333333333333
120609,2023,JUNIN,SATIPO,VIZCATAN DEL ENE,241,44,197,0.1825726141078838
120609,2024,JUNIN,SATIPO,VIZCATAN DEL ENE,246,18,228,0.07317073170731707
120609,2025,JUNIN,SATIPO,VIZCATAN DEL ENE,230,83,147,0.36086956521739133
120609,2026,JUNIN,SATIPO,VIZCATAN DEL ENE,154,42,112,0.2727272727272727
120701,2020,JUNIN,TARMA,TARMA,997,622,375,0.6238716148445336
120701,2021,JUNIN,TARMA,TARMA,618,293,325,0.4741100323624595
120701,2022,JUNIN,TARMA,TARMA,439,196,243,0.44646924829157175
120701,2023,JUNIN,TARMA,TARMA,1215,942,273,0.7753086419753087
120701,2024,JUNIN,TARMA,TARMA,1256,236,1020,0.18789808917197454
120701,2025,JUNIN,TARMA,TARMA,1211,60,1151,0.0495458298926507
120701,2026,JUNIN,TARMA,TARMA,818,38,780,0.04645476772616137
120702,2020,JUNIN,TARMA,ACOBAMBA,174,24,150,0.13793103448275862
120702,2021,JUNIN,TARMA,ACOBAMBA,196,21,175,0.10714285714285714
120702,2022,JUNIN,TARMA,ACOBAMBA,130,35,95,0.2692307692307692
120702,2023,JUNIN,TARMA,ACOBAMBA,284,74,210,0.2605633802816901
120702,2024,JUNIN,TARMA,ACOBAMBA,294,61,233,0.20748299319727892
120702,2025,JUNIN,TARMA,ACOBAMBA,276,33,243,0.11956521739130435
120702,2026,JUNIN,TARMA,ACOBAMBA,170,22,148,0.12941176470588237
120703,2020,JUNIN,TARMA,HUARICOLCA,0,0,0,
120703,2021,JUNIN,TARMA,HUARICOLCA,27,0,27,0.0
120703,2022,JUNIN,TARMA,HUARICOLCA,15,0,15,0.0
120703,2023,JUNIN,TARMA,HUARICOLCA,59,34,25,0.576271186440678
120703,2024,JUNIN,TARMA,HUARICOLCA,57,3,54,0.05263157894736842
120703,2025,JUNIN,TARMA,HUARICOLCA,53,4,49,0.07547169811320754
120703,2026,JUNIN,TARMA,HUARICOLCA,37,0,37,0.0
120704,2020,JUNIN,TARMA,HUASAHUASI,132,44,88,0.3333333333333333
120704,2021,JUNIN,TARMA,HUASAHUASI,377,206,171,0.5464190981432361
120704,2022,JUNIN,TARMA,HUASAHUASI,231,36,195,0.15584415584415584
120704,2023,JUNIN,TARMA,HUASAHUASI,393,105,288,0.26717557251908397
120704,2024,JUNIN,TARMA,HUASAHUASI,386,50,336,0.12953367875647667
120704,2025,JUNIN,TARMA,HUASAHUASI,362,32,330,0.08839779005524862
120704,2026,JUNIN,TARMA,HUASAHUASI,243,22,221,0.09053497942386832
120705,2020,JUNIN,TARMA,LA UNION,46,13,33,0.2826086956521739
120705,2021,JUNIN,TARMA,LA UNION,94,34,60,0.3617021276595745
120705,2022,JUNIN,TARMA,LA UNION,103,32,71,0.3106796116504854
120705,2023,JUNIN,TARMA,LA UNION,77,52,25,0.6753246753246753
120705,2024,JUNIN,TARMA,LA UNION,113,21,92,0.18584070796460178
120705,2025,JUNIN,TARMA,LA UNION,124,6,118,0.04838709677419355
120705,2026,JUNIN,TARMA,LA UNION,86,4,82,0.046511627906976744
120706,2020,JUNIN,TARMA,PALCA,85,41,44,0.4823529411764706
120706,2021,JUNIN,TARMA,PALCA,126,40,86,0.31746031746031744
120706,2022,JUNIN,TARMA,PALCA,107,25,82,0.2336448598130841
120706,2023,JUNIN,TARMA,PALCA,225,83,142,0.3688888888888889
120706,2024,JUNIN,TARMA,PALCA,267,53,214,0.19850187265917604
120706,2025,JUNIN,TARMA,PALCA,240,16,224,0.06666666666666667
120706,2026,JUNIN,TARMA,PALCA,145,10,135,0.06896551724137931
120707,2020,JUNIN,TARMA,PALCAMAYO,56,16,40,0.2857142857142857
120707,2021,JUNIN,TARMA,PALCAMAYO,35,8,27,0.22857142857142856
120707,2022,JUNIN,TARMA,PALCAMAYO,29,6,23,0.20689655172413793
120707,2023,JUNIN,TARMA,PALCAMAYO,112,13,99,0.11607142857142858
120707,2024,JUNIN,TARMA,PALCAMAYO,113,11,102,0.09734513274336283
120707,2025,JUNIN,TARMA,PALCAMAYO,103,12,91,0.11650485436893204
120707,2026,JUNIN,TARMA,PALCAMAYO,77,17,60,0.22077922077922077
120708,2020,JUNIN,TARMA,SAN PEDRO DE CAJAS,32,22,10,0.6875
120708,2021,JUNIN,TARMA,SAN PEDRO DE CAJAS,26,17,9,0.6538461538461539
120708,2022,JUNIN,TARMA,SAN PEDRO DE CAJAS,21,8,13,0.38095238095238093
120708,2023,JUNIN,TARMA,SAN PEDRO DE CAJAS,70,28,42,0.4
120708,2024,JUNIN,TARMA,SAN PEDRO DE CAJAS,63,7,56,0.1111111111111111
120708,2025,JUNIN,TARMA,SAN PEDRO DE CAJAS,42,4,38,0.09523809523809523
120708,2026,JUNIN,TARMA,SAN PEDRO DE CAJAS,27,8,19,0.2962962962962963
120709,2020,JUNIN,TARMA,TAPO,33,10,23,0.30303030303030304
120709,2021,JUNIN,TARMA,TAPO,42,24,18,0.5714285714285714
120709,2022,JUNIN,TARMA,TAPO,31,18,13,0.5806451612903226
120709,2023,JUNIN,TARMA,TAPO,112,49,63,0.4375
120709,2024,JUNIN,TARMA,TAPO,145,33,112,0.22758620689655173
120709,2025,JUNIN,TARMA,TAPO,142,9,133,0.06338028169014084
120709,2026,JUNIN,TARMA,TAPO,92,13,79,0.14130434782608695
120801,2020,JUNIN,YAULI,LA OROYA,184,168,16,0.9130434782608695
120801,2021,JUNIN,YAULI,LA OROYA,161,42,119,0.2608695652173913
120801,2022,JUNIN,YAULI,LA OROYA,104,30,74,0.28846153846153844
120801,2023,JUNIN,YAULI,LA OROYA,168,32,136,0.19047619047619047
120801,2024,JUNIN,YAULI,LA OROYA,180,15,165,0.08333333333333333
120801,2025,JUNIN,YAULI,LA OROYA,166,32,134,0.1927710843373494
120801,2026,JUNIN,YAULI,LA OROYA,105,18,87,0.17142857142857143
120802,2020,JUNIN,YAULI,CHACAPALPA,11,11,0,1.0
120802,2021,JUNIN,YAULI,CHACAPALPA,16,11,5,0.6875
120802,2022,JUNIN,YAULI,CHACAPALPA,17,8,9,0.47058823529411764
120802,2023,JUNIN,YAULI,CHACAPALPA,14,2,12,0.14285714285714285
120802,2024,JUNIN,YAULI,CHACAPALPA,14,8,6,0.5714285714285714
120802,2025,JUNIN,YAULI,CHACAPALPA,13,7,6,0.5384615384615384
120802,2026,JUNIN,YAULI,CHACAPALPA,14,2,12,0.14285714285714285
120803,2020,JUNIN,YAULI,HUAY HUAY,27,25,2,0.9259259259259259
120803,2021,JUNIN,YAULI,HUAY HUAY,27,19,8,0.7037037037037037
120803,2022,JUNIN,YAULI,HUAY HUAY,22,6,16,0.2727272727272727
120803,2023,JUNIN,YAULI,HUAY HUAY,64,8,56,0.125
120803,2024,JUNIN,YAULI,HUAY HUAY,47,8,39,0.1702127659574468
120803,2025,JUNIN,YAULI,HUAY HUAY,27,5,22,0.18518518518518517
120803,2026,JUNIN,YAULI,HUAY HUAY,13,1,12,0.07692307692307693
120804,2020,JUNIN,YAULI,MARCAPOMACOCHA,17,11,6,0.6470588235294118
120804,2021,JUNIN,YAULI,MARCAPOMACOCHA,16,13,3,0.8125
120804,2022,JUNIN,YAULI,MARCAPOMACOCHA,10,8,2,0.8
120804,2023,JUNIN,YAULI,MARCAPOMACOCHA,17,12,5,0.7058823529411765
120804,2024,JUNIN,YAULI,MARCAPOMACOCHA,21,6,15,0.2857142857142857
120804,2025,JUNIN,YAULI,MARCAPOMACOCHA,21,3,18,0.14285714285714285
120804,2026,JUNIN,YAULI,MARCAPOMACOCHA,12,1,11,0.08333333333333333
120805,2020,JUNIN,YAULI,MOROCOCHA,51,51,0,1.0
120805,2021,JUNIN,YAULI,MOROCOCHA,58,44,14,0.7586206896551724
120805,2022,JUNIN,YAULI,MOROCOCHA,37,31,6,0.8378378378378378
120805,2023,JUNIN,YAULI,MOROCOCHA,51,37,14,0.7254901960784313
120805,2024,JUNIN,YAULI,MOROCOCHA,55,13,42,0.23636363636363636
120805,2025,JUNIN,YAULI,MOROCOCHA,58,13,45,0.22413793103448276
120805,2026,JUNIN,YAULI,MOROCOCHA,37,4,33,0.10810810810810811
120806,2020,JUNIN,YAULI,PACCHA,17,15,2,0.8823529411764706
120806,2021,JUNIN,YAULI,PACCHA,9,7,2,0.7777777777777778
120806,2022,JUNIN,YAULI,PACCHA,18,11,7,0.6111111111111112
120806,2023,JUNIN,YAULI,PACCHA,29,16,13,0.5517241379310345
120806,2024,JUNIN,YAULI,PACCHA,38,8,30,0.21052631578947367
120806,2025,JUNIN,YAULI,PACCHA,35,12,23,0.34285714285714286
120806,2026,JUNIN,YAULI,PACCHA,19,7,12,0.3684210526315789
120807,2020,JUNIN,YAULI,SANTA BARBARA DE CARHUACAYAN,6,1,5,0.16666666666666666
120807,2021,JUNIN,YAULI,SANTA BARBARA DE CARHUACAYAN,8,3,5,0.375
120807,2022,JUNIN,YAULI,SANTA BARBARA DE CARHUACAYAN,15,2,13,0.13333333333333333
120807,2023,JUNIN,YAULI,SANTA BARBARA DE CARHUACAYAN,37,10,27,0.2702702702702703
120807,2024,JUNIN,YAULI,SANTA BARBARA DE CARHUACAYAN,29,2,27,0.06896551724137931
120807,2025,JUNIN,YAULI,SANTA BARBARA DE CARHUACAYAN,18,2,16,0.1111111111111111
120807,2026,JUNIN,YAULI,SANTA BARBARA DE CARHUACAYAN,12,1,11,0.08333333333333333
120808,2020,JUNIN,YAULI,SANTA ROSA DE SACCO,130,124,6,0.9538461538461539
120808,2021,JUNIN,YAULI,SANTA ROSA DE SACCO,102,58,44,0.5686274509803921
120808,2022,JUNIN,YAULI,SANTA ROSA DE SACCO,65,32,33,0.49230769230769234
120808,2023,JUNIN,YAULI,SANTA ROSA DE SACCO,116,53,63,0.45689655172413796
120808,2024,JUNIN,YAULI,SANTA ROSA DE SACCO,124,32,92,0.25806451612903225
120808,2025,JUNIN,YAULI,SANTA ROSA DE SACCO,112,19,93,0.16964285714285715
120808,2026,JUNIN,YAULI,SANTA ROSA DE SACCO,83,9,74,0.10843373493975904
120809,2020,JUNIN,YAULI,SUITUCANCHA,20,15,5,0.75
120809,2021,JUNIN,YAULI,SUITUCANCHA,29,18,11,0.6206896551724138
120809,2022,JUNIN,YAULI,SUITUCANCHA,32,8,24,0.25
120809,2023,JUNIN,YAULI,SUITUCANCHA,28,11,17,0.39285714285714285
120809,2024,JUNIN,YAULI,SUITUCANCHA,33,2,31,0.06060606060606061
120809,2025,JUNIN,YAULI,SUITUCANCHA,40,2,38,0.05
120809,2026,JUNIN,YAULI,SUITUCANCHA,30,2,28,0.06666666666666667
120810,2020,JUNIN,YAULI,YAULI,30,29,1,0.9666666666666667
120810,2021,JUNIN,YAULI,YAULI,31,25,6,0.8064516129032258
120810,2022,JUNIN,YAULI,YAULI,27,11,16,0.4074074074074074
120810,2023,JUNIN,YAULI,YAULI,54,16,38,0.2962962962962963
120810,2024,JUNIN,YAULI,YAULI,47,3,44,0.06382978723404255
120810,2025,JUNIN,YAULI,YAULI,42,7,35,0.16666666666666666
120810,2026,JUNIN,YAULI,YAULI,26,7,19,0.2692307692307692
120901,2020,JUNIN,CHUPACA,CHUPACA,473,184,289,0.3890063424947146
120901,2021,JUNIN,CHUPACA,CHUPACA,459,190,269,0.4139433551198257
120901,2022,JUNIN,CHUPACA,CHUPACA,438,218,220,0.4977168949771689
120901,2023,JUNIN,CHUPACA,CHUPACA,827,302,525,0.3651753325272068
120901,2024,JUNIN,CHUPACA,CHUPACA,790,139,651,0.1759493670886076
120901,2025,JUNIN,CHUPACA,CHUPACA,786,237,549,0.3015267175572519
120901,2026,JUNIN,CHUPACA,CHUPACA,428,128,300,0.29906542056074764
120902,2020,JUNIN,CHUPACA,AHUAC,193,148,45,0.7668393782383419
120902,2021,JUNIN,CHUPACA,AHUAC,111,41,70,0.36936936936936937
120902,2022,JUNIN,CHUPACA,AHUAC,122,23,99,0.1885245901639344
120902,2023,JUNIN,CHUPACA,AHUAC,242,24,218,0.09917355371900827
120902,2024,JUNIN,CHUPACA,AHUAC,207,45,162,0.21739130434782608
120902,2025,JUNIN,CHUPACA,AHUAC,168,41,127,0.24404761904761904
120902,2026,JUNIN,CHUPACA,AHUAC,105,32,73,0.3047619047619048
120903,2020,JUNIN,CHUPACA,CHONGOS BAJO,56,45,11,0.8035714285714286
120903,2021,JUNIN,CHUPACA,CHONGOS BAJO,59,32,27,0.5423728813559322
120903,2022,JUNIN,CHUPACA,CHONGOS BAJO,41,26,15,0.6341463414634146
120903,2023,JUNIN,CHUPACA,CHONGOS BAJO,125,57,68,0.456
120903,2024,JUNIN,CHUPACA,CHONGOS BAJO,135,28,107,0.2074074074074074
120903,2025,JUNIN,CHUPACA,CHONGOS BAJO,127,43,84,0.33858267716535434
120903,2026,JUNIN,CHUPACA,CHONGOS BAJO,92,26,66,0.2826086956521739
120904,2020,JUNIN,CHUPACA,HUACHAC,35,17,18,0.4857142857142857
120904,2021,JUNIN,CHUPACA,HUACHAC,29,11,18,0.3793103448275862
120904,2022,JUNIN,CHUPACA,HUACHAC,31,11,20,0.3548387096774194
120904,2023,JUNIN,CHUPACA,HUACHAC,105,20,85,0.19047619047619047
120904,2024,JUNIN,CHUPACA,HUACHAC,86,10,76,0.11627906976744186
120904,2025,JUNIN,CHUPACA,HUACHAC,90,20,70,0.2222222222222222
120904,2026,JUNIN,CHUPACA,HUACHAC,68,14,54,0.20588235294117646
120905,2020,JUNIN,CHUPACA,HUAMANCACA CHICO,80,13,67,0.1625
120905,2021,JUNIN,CHUPACA,HUAMANCACA CHICO,103,57,46,0.5533980582524272
120905,2022,JUNIN,CHUPACA,HUAMANCACA CHICO,161,93,68,0.577639751552795
120905,2023,JUNIN,CHUPACA,HUAMANCACA CHICO,254,40,214,0.15748031496062992
120905,2024,JUNIN,CHUPACA,HUAMANCACA CHICO,240,71,169,0.29583333333333334
120905,2025,JUNIN,CHUPACA,HUAMANCACA CHICO,235,59,176,0.251063829787234
120905,2026,JUNIN,CHUPACA,HUAMANCACA CHICO,129,51,78,0.3953488372093023
120906,2020,JUNIN,CHUPACA,SAN JUAN DE YSCOS,36,14,22,0.3888888888888889
120906,2021,JUNIN,CHUPACA,SAN JUAN DE YSCOS,39,14,25,0.358974358974359
120906,2022,JUNIN,CHUPACA,SAN JUAN DE YSCOS,51,38,13,0.7450980392156863
120906,2023,JUNIN,CHUPACA,SAN JUAN DE YSCOS,78,30,48,0.38461538461538464
120906,2024,JUNIN,CHUPACA,SAN JUAN DE YSCOS,66,18,48,0.2727272727272727
120906,2025,JUNIN,CHUPACA,SAN JUAN DE YSCOS,60,14,46,0.23333333333333334
120906,2026,JUNIN,CHUPACA,SAN JUAN DE YSCOS,45,11,34,0.24444444444444444
120907,2020,JUNIN,CHUPACA,SAN JUAN DE JARPA,24,10,14,0.4166666666666667
120907,2021,JUNIN,CHUPACA,SAN JUAN DE JARPA,23,14,9,0.6086956521739131
120907,2022,JUNIN,CHUPACA,SAN JUAN DE JARPA,19,9,10,0.47368421052631576
120907,2023,JUNIN,CHUPACA,SAN JUAN DE JARPA,84,33,51,0.39285714285714285
120907,2024,JUNIN,CHUPACA,SAN JUAN DE JARPA,70,6,64,0.08571428571428572
120907,2025,JUNIN,CHUPACA,SAN JUAN DE JARPA,45,14,31,0.3111111111111111
120907,2026,JUNIN,CHUPACA,SAN JUAN DE JARPA,24,6,18,0.25
120908,2020,JUNIN,CHUPACA,TRES DE DICIEMBRE,60,21,39,0.35
120908,2021,JUNIN,CHUPACA,TRES DE DICIEMBRE,63,12,51,0.19047619047619047
120908,2022,JUNIN,CHUPACA,TRES DE DICIEMBRE,57,3,54,0.05263157894736842
120908,2023,JUNIN,CHUPACA,TRES DE DICIEMBRE,150,13,137,0.08666666666666667
120908,2024,JUNIN,CHUPACA,TRES DE DICIEMBRE,108,3,105,0.027777777777777776
120908,2025,JUNIN,CHUPACA,TRES DE DICIEMBRE,114,35,79,0.30701754385964913
120908,2026,JUNIN,CHUPACA,TRES DE DICIEMBRE,72,28,44,0.3888888888888889
120909,2020,JUNIN,CHUPACA,YANACANCHA,32,14,18,0.4375
120909,2021,JUNIN,CHUPACA,YANACANCHA,26,3,23,0.11538461538461539
120909,2022,JUNIN,CHUPACA,YANACANCHA,46,41,5,0.8913043478260869
120909,2023,JUNIN,CHUPACA,YANACANCHA,63,14,49,0.2222222222222222
120909,2024,JUNIN,CHUPACA,YANACANCHA,60,8,52,0.13333333333333333
120909,2025,JUNIN,CHUPACA,YANACANCHA,50,13,37,0.26
120909,2026,JUNIN,CHUPACA,YANACANCHA,29,4,25,0.13793103448275862
130101,2020,LA LIBERTAD,TRUJILLO,TRUJILLO,2920,607,2313,0.20787671232876712
130101,2021,LA LIBERTAD,TRUJILLO,TRUJILLO,2304,377,1927,0.1636284722222222
130101,2022,LA LIBERTAD,TRUJILLO,TRUJILLO,2111,328,1783,0.15537659876835622
130101,2023,LA LIBERTAD,TRUJILLO,TRUJILLO,4549,252,4297,0.055396790503407345
130101,2024,LA LIBERTAD,TRUJILLO,TRUJILLO,4411,127,4284,0.028791657220584903
130101,2025,LA LIBERTAD,TRUJILLO,TRUJILLO,4144,125,4019,0.030164092664092663
130101,2026,LA LIBERTAD,TRUJILLO,TRUJILLO,2271,73,2198,0.032144429766622636
130102,2020,LA LIBERTAD,TRUJILLO,EL PORVENIR,2581,644,1937,0.24951569159240605
130102,2021,LA LIBERTAD,TRUJILLO,EL PORVENIR,3410,587,2823,0.17214076246334312
130102,2022,LA LIBERTAD,TRUJILLO,EL PORVENIR,2724,468,2256,0.17180616740088106
130102,2023,LA LIBERTAD,TRUJILLO,EL PORVENIR,4815,320,4495,0.06645898234683281
130102,2024,LA LIBERTAD,TRUJILLO,EL PORVENIR,2503,88,2415,0.0351578106272473
130102,2025,LA LIBERTAD,TRUJILLO,EL PORVENIR,2576,91,2485,0.035326086956521736
130102,2026,LA LIBERTAD,TRUJILLO,EL PORVENIR,1823,60,1763,0.03291278113000549
130103,2020,LA LIBERTAD,TRUJILLO,FLORENCIA DE MORA,1088,122,966,0.11213235294117647
130103,2021,LA LIBERTAD,TRUJILLO,FLORENCIA DE MORA,427,59,368,0.13817330210772832
130103,2022,LA LIBERTAD,TRUJILLO,FLORENCIA DE MORA,459,92,367,0.20043572984749455
130103,2023,LA LIBERTAD,TRUJILLO,FLORENCIA DE MORA,1667,101,1566,0.060587882423515295
130103,2024,LA LIBERTAD,TRUJILLO,FLORENCIA DE MORA,1686,49,1637,0.029062870699881376
130103,2025,LA LIBERTAD,TRUJILLO,FLORENCIA DE MORA,1528,19,1509,0.012434554973821989
130103,2026,LA LIBERTAD,TRUJILLO,FLORENCIA DE MORA,952,20,932,0.02100840336134454
130104,2020,LA LIBERTAD,TRUJILLO,HUANCHACO,820,259,561,0.31585365853658537
130104,2021,LA LIBERTAD,TRUJILLO,HUANCHACO,917,109,808,0.11886586695747
130104,2022,LA LIBERTAD,TRUJILLO,HUANCHACO,1536,238,1298,0.15494791666666666
130104,2023,LA LIBERTAD,TRUJILLO,HUANCHACO,2247,253,1994,0.11259457053849577
130104,2024,LA LIBERTAD,TRUJILLO,HUANCHACO,2195,102,2093,0.04646924829157175
130104,2025,LA LIBERTAD,TRUJILLO,HUANCHACO,2079,68,2011,0.03270803270803271
130104,2026,LA LIBERTAD,TRUJILLO,HUANCHACO,1294,67,1227,0.0517774343122102
130105,2020,LA LIBERTAD,TRUJILLO,LA ESPERANZA,1974,452,1522,0.22897669706180346
130105,2021,LA LIBERTAD,TRUJILLO,LA ESPERANZA,1447,260,1187,0.1796821008984105
130105,2022,LA LIBERTAD,TRUJILLO,LA ESPERANZA,1586,275,1311,0.1733921815889029
130105,2023,LA LIBERTAD,TRUJILLO,LA ESPERANZA,3562,235,3327,0.06597417181358788
130105,2024,LA LIBERTAD,TRUJILLO,LA ESPERANZA,3763,108,3655,0.028700504916290195
130105,2025,LA LIBERTAD,TRUJILLO,LA ESPERANZA,3565,113,3452,0.031697054698457225
130105,2026,LA LIBERTAD,TRUJILLO,LA ESPERANZA,2167,121,2046,0.05583756345177665
130106,2020,LA LIBERTAD,TRUJILLO,LAREDO,683,159,524,0.232796486090776
130106,2021,LA LIBERTAD,TRUJILLO,LAREDO,321,114,207,0.35514018691588783
130106,2022,LA LIBERTAD,TRUJILLO,LAREDO,639,129,510,0.20187793427230047
130106,2023,LA LIBERTAD,TRUJILLO,LAREDO,979,109,870,0.11133810010214505
130106,2024,LA LIBERTAD,TRUJILLO,LAREDO,998,60,938,0.06012024048096192
130106,2025,LA LIBERTAD,TRUJILLO,LAREDO,976,63,913,0.06454918032786885
130106,2026,LA LIBERTAD,TRUJILLO,LAREDO,637,43,594,0.06750392464678179
130107,2020,LA LIBERTAD,TRUJILLO,MOCHE,690,261,429,0.3782608695652174
130107,2021,LA LIBERTAD,TRUJILLO,MOCHE,679,220,459,0.3240058910162003
130107,2022,LA LIBERTAD,TRUJILLO,MOCHE,838,121,717,0.14439140811455847
130107,2023,LA LIBERTAD,TRUJILLO,MOCHE,1350,146,1204,0.10814814814814815
130107,2024,LA LIBERTAD,TRUJILLO,MOCHE,1363,65,1298,0.04768892149669846
130107,2025,LA LIBERTAD,TRUJILLO,MOCHE,1344,68,1276,0.050595238095238096
130107,2026,LA LIBERTAD,TRUJILLO,MOCHE,857,42,815,0.049008168028004666
130108,2020,LA LIBERTAD,TRUJILLO,POROTO,20,10,10,0.5
130108,2021,LA LIBERTAD,TRUJILLO,POROTO,18,4,14,0.2222222222222222
130108,2022,LA LIBERTAD,TRUJILLO,POROTO,68,25,43,0.36764705882352944
130108,2023,LA LIBERTAD,TRUJILLO,POROTO,129,27,102,0.20930232558139536
130108,2024,LA LIBERTAD,TRUJILLO,POROTO,125,22,103,0.176
130108,2025,LA LIBERTAD,TRUJILLO,POROTO,128,22,106,0.171875
130108,2026,LA LIBERTAD,TRUJILLO,POROTO,88,13,75,0.14772727272727273
130109,2020,LA LIBERTAD,TRUJILLO,SALAVERRY,228,73,155,0.3201754385964912
130109,2021,LA LIBERTAD,TRUJILLO,SALAVERRY,103,36,67,0.34951456310679613
130109,2022,LA LIBERTAD,TRUJILLO,SALAVERRY,119,36,83,0.3025210084033613
130109,2023,LA LIBERTAD,TRUJILLO,SALAVERRY,330,47,283,0.14242424242424243
130109,2024,LA LIBERTAD,TRUJILLO,SALAVERRY,304,18,286,0.05921052631578947
130109,2025,LA LIBERTAD,TRUJILLO,SALAVERRY,265,9,256,0.033962264150943396
130109,2026,LA LIBERTAD,TRUJILLO,SALAVERRY,173,11,162,0.06358381502890173
130110,2020,LA LIBERTAD,TRUJILLO,SIMBAL,39,11,28,0.28205128205128205
130110,2021,LA LIBERTAD,TRUJILLO,SIMBAL,19,7,12,0.3684210526315789
130110,2022,LA LIBERTAD,TRUJILLO,SIMBAL,24,12,12,0.5
130110,2023,LA LIBERTAD,TRUJILLO,SIMBAL,179,35,144,0.19553072625698323
130110,2024,LA LIBERTAD,TRUJILLO,SIMBAL,170,41,129,0.2411764705882353
130110,2025,LA LIBERTAD,TRUJILLO,SIMBAL,127,33,94,0.25984251968503935
130110,2026,LA LIBERTAD,TRUJILLO,SIMBAL,83,14,69,0.1686746987951807
130111,2020,LA LIBERTAD,TRUJILLO,VICTOR LARCO HERRERA,371,86,285,0.23180592991913745
130111,2021,LA LIBERTAD,TRUJILLO,VICTOR LARCO HERRERA,176,44,132,0.25
130111,2022,LA LIBERTAD,TRUJILLO,VICTOR LARCO HERRERA,575,67,508,0.11652173913043479
130111,2023,LA LIBERTAD,TRUJILLO,VICTOR LARCO HERRERA,1149,115,1034,0.10008703220191471
130111,2024,LA LIBERTAD,TRUJILLO,VICTOR LARCO HERRERA,1248,38,1210,0.030448717948717948
130111,2025,LA LIBERTAD,TRUJILLO,VICTOR LARCO HERRERA,1154,36,1118,0.03119584055459272
130111,2026,LA LIBERTAD,TRUJILLO,VICTOR LARCO HERRERA,675,38,637,0.056296296296296296
130112,2024,LA LIBERTAD,TRUJILLO,ALTO TRUJILLO,2217,35,2182,0.015787099684258007
130112,2025,LA LIBERTAD,TRUJILLO,ALTO TRUJILLO,2177,31,2146,0.01423977951309141
130112,2026,LA LIBERTAD,TRUJILLO,ALTO TRUJILLO,1377,40,1337,0.029048656499636893
130201,2020,LA LIBERTAD,ASCOPE,ASCOPE,132,45,87,0.3409090909090909
130201,2021,LA LIBERTAD,ASCOPE,ASCOPE,55,21,34,0.38181818181818183
130201,2022,LA LIBERTAD,ASCOPE,ASCOPE,58,9,49,0.15517241379310345
130201,2023,LA LIBERTAD,ASCOPE,ASCOPE,181,22,159,0.12154696132596685
130201,2024,LA LIBERTAD,ASCOPE,ASCOPE,155,9,146,0.05806451612903226
130201,2025,LA LIBERTAD,ASCOPE,ASCOPE,128,13,115,0.1015625
130201,2026,LA LIBERTAD,ASCOPE,ASCOPE,63,7,56,0.1111111111111111
130202,2020,LA LIBERTAD,ASCOPE,CHICAMA,341,114,227,0.3343108504398827
130202,2021,LA LIBERTAD,ASCOPE,CHICAMA,241,81,160,0.3360995850622407
130202,2022,LA LIBERTAD,ASCOPE,CHICAMA,202,21,181,0.10396039603960396
130202,2023,LA LIBERTAD,ASCOPE,CHICAMA,465,17,448,0.03655913978494624
130202,2024,LA LIBERTAD,ASCOPE,CHICAMA,393,8,385,0.020356234096692113
130202,2025,LA LIBERTAD,ASCOPE,CHICAMA,383,14,369,0.03655352480417755
130202,2026,LA LIBERTAD,ASCOPE,CHICAMA,198,7,191,0.03535353535353535
130203,2020,LA LIBERTAD,ASCOPE,CHOCOPE,141,27,114,0.19148936170212766
130203,2021,LA LIBERTAD,ASCOPE,CHOCOPE,89,29,60,0.3258426966292135
130203,2022,LA LIBERTAD,ASCOPE,CHOCOPE,80,11,69,0.1375
130203,2023,LA LIBERTAD,ASCOPE,CHOCOPE,174,21,153,0.1206896551724138
130203,2024,LA LIBERTAD,ASCOPE,CHOCOPE,182,9,173,0.04945054945054945
130203,2025,LA LIBERTAD,ASCOPE,CHOCOPE,180,12,168,0.06666666666666667
130203,2026,LA LIBERTAD,ASCOPE,CHOCOPE,99,7,92,0.0707070707070707
130204,2020,LA LIBERTAD,ASCOPE,MAGDALENA DE CAO,28,10,18,0.35714285714285715
130204,2021,LA LIBERTAD,ASCOPE,MAGDALENA DE CAO,26,0,26,0.0
130204,2022,LA LIBERTAD,ASCOPE,MAGDALENA DE CAO,20,0,20,0.0
130204,2023,LA LIBERTAD,ASCOPE,MAGDALENA DE CAO,52,0,52,0.0
130204,2024,LA LIBERTAD,ASCOPE,MAGDALENA DE CAO,46,0,46,0.0
130204,2025,LA LIBERTAD,ASCOPE,MAGDALENA DE CAO,55,0,55,0.0
130204,2026,LA LIBERTAD,ASCOPE,MAGDALENA DE CAO,28,0,28,0.0
130205,2020,LA LIBERTAD,ASCOPE,PAIJAN,521,176,345,0.3378119001919386
130205,2021,LA LIBERTAD,ASCOPE,PAIJAN,235,34,201,0.14468085106382977
130205,2022,LA LIBERTAD,ASCOPE,PAIJAN,269,29,240,0.10780669144981413
130205,2023,LA LIBERTAD,ASCOPE,PAIJAN,867,45,822,0.05190311418685121
130205,2024,LA LIBERTAD,ASCOPE,PAIJAN,766,40,726,0.05221932114882506
130205,2025,LA LIBERTAD,ASCOPE,PAIJAN,722,47,675,0.06509695290858726
130205,2026,LA LIBERTAD,ASCOPE,PAIJAN,348,17,331,0.04885057471264368
130206,2020,LA LIBERTAD,ASCOPE,RAZURI,145,37,108,0.25517241379310346
130206,2021,LA LIBERTAD,ASCOPE,RAZURI,152,23,129,0.1513157894736842
130206,2022,LA LIBERTAD,ASCOPE,RAZURI,124,19,105,0.1532258064516129
130206,2023,LA LIBERTAD,ASCOPE,RAZURI,280,30,250,0.10714285714285714
130206,2024,LA LIBERTAD,ASCOPE,RAZURI,255,9,246,0.03529411764705882
130206,2025,LA LIBERTAD,ASCOPE,RAZURI,226,2,224,0.008849557522123894
130206,2026,LA LIBERTAD,ASCOPE,RAZURI,99,0,99,0.0
130207,2020,LA LIBERTAD,ASCOPE,SANTIAGO DE CAO,344,79,265,0.22965116279069767
130207,2021,LA LIBERTAD,ASCOPE,SANTIAGO DE CAO,281,91,190,0.3238434163701068
130207,2022,LA LIBERTAD,ASCOPE,SANTIAGO DE CAO,105,24,81,0.22857142857142856
130207,2023,LA LIBERTAD,ASCOPE,SANTIAGO DE CAO,286,38,248,0.13286713286713286
130207,2024,LA LIBERTAD,ASCOPE,SANTIAGO DE CAO,273,11,262,0.040293040293040296
130207,2025,LA LIBERTAD,ASCOPE,SANTIAGO DE CAO,265,8,257,0.03018867924528302
130207,2026,LA LIBERTAD,ASCOPE,SANTIAGO DE CAO,124,2,122,0.016129032258064516
130208,2020,LA LIBERTAD,ASCOPE,CASA GRANDE,603,160,443,0.26533996683250416
130208,2021,LA LIBERTAD,ASCOPE,CASA GRANDE,315,67,248,0.2126984126984127
130208,2022,LA LIBERTAD,ASCOPE,CASA GRANDE,252,37,215,0.14682539682539683
130208,2023,LA LIBERTAD,ASCOPE,CASA GRANDE,623,41,582,0.06581059390048154
130208,2024,LA LIBERTAD,ASCOPE,CASA GRANDE,584,27,557,0.046232876712328765
130208,2025,LA LIBERTAD,ASCOPE,CASA GRANDE,475,22,453,0.04631578947368421
130208,2026,LA LIBERTAD,ASCOPE,CASA GRANDE,246,14,232,0.056910569105691054
130301,2020,LA LIBERTAD,BOLIVAR,BOLIVAR,37,27,10,0.7297297297297297
130301,2021,LA LIBERTAD,BOLIVAR,BOLIVAR,28,26,2,0.9285714285714286
130301,2022,LA LIBERTAD,BOLIVAR,BOLIVAR,30,27,3,0.9
130301,2023,LA LIBERTAD,BOLIVAR,BOLIVAR,201,120,81,0.5970149253731343
130301,2024,LA LIBERTAD,BOLIVAR,BOLIVAR,214,107,107,0.5
130301,2025,LA LIBERTAD,BOLIVAR,BOLIVAR,150,76,74,0.5066666666666667
130301,2026,LA LIBERTAD,BOLIVAR,BOLIVAR,53,25,28,0.4716981132075472
130302,2020,LA LIBERTAD,BOLIVAR,BAMBAMARCA,70,54,16,0.7714285714285715
130302,2021,LA LIBERTAD,BOLIVAR,BAMBAMARCA,77,74,3,0.961038961038961
130302,2022,LA LIBERTAD,BOLIVAR,BAMBAMARCA,46,45,1,0.9782608695652174
130302,2023,LA LIBERTAD,BOLIVAR,BAMBAMARCA,176,138,38,0.7840909090909091
130302,2024,LA LIBERTAD,BOLIVAR,BAMBAMARCA,211,131,80,0.6208530805687204
130302,2025,LA LIBERTAD,BOLIVAR,BAMBAMARCA,206,109,97,0.529126213592233
130302,2026,LA LIBERTAD,BOLIVAR,BAMBAMARCA,118,65,53,0.5508474576271186
130303,2020,LA LIBERTAD,BOLIVAR,CONDORMARCA,36,9,27,0.25
130303,2021,LA LIBERTAD,BOLIVAR,CONDORMARCA,50,47,3,0.94
130303,2022,LA LIBERTAD,BOLIVAR,CONDORMARCA,39,37,2,0.9487179487179487
130303,2023,LA LIBERTAD,BOLIVAR,CONDORMARCA,96,46,50,0.4791666666666667
130303,2024,LA LIBERTAD,BOLIVAR,CONDORMARCA,106,42,64,0.39622641509433965
130303,2025,LA LIBERTAD,BOLIVAR,CONDORMARCA,89,27,62,0.30337078651685395
130303,2026,LA LIBERTAD,BOLIVAR,CONDORMARCA,46,6,40,0.13043478260869565
130304,2020,LA LIBERTAD,BOLIVAR,LONGOTEA,9,9,0,1.0
130304,2021,LA LIBERTAD,BOLIVAR,LONGOTEA,17,14,3,0.8235294117647058
130304,2022,LA LIBERTAD,BOLIVAR,LONGOTEA,25,21,4,0.84
130304,2023,LA LIBERTAD,BOLIVAR,LONGOTEA,134,90,44,0.6716417910447762
130304,2024,LA LIBERTAD,BOLIVAR,LONGOTEA,136,100,36,0.7352941176470589
130304,2025,LA LIBERTAD,BOLIVAR,LONGOTEA,115,65,50,0.5652173913043478
130304,2026,LA LIBERTAD,BOLIVAR,LONGOTEA,74,52,22,0.7027027027027027
130305,2020,LA LIBERTAD,BOLIVAR,UCHUMARCA,21,12,9,0.5714285714285714
130305,2021,LA LIBERTAD,BOLIVAR,UCHUMARCA,12,10,2,0.8333333333333334
130305,2022,LA LIBERTAD,BOLIVAR,UCHUMARCA,15,13,2,0.8666666666666667
130305,2023,LA LIBERTAD,BOLIVAR,UCHUMARCA,106,31,75,0.29245283018867924
130305,2024,LA LIBERTAD,BOLIVAR,UCHUMARCA,113,8,105,0.07079646017699115
130305,2025,LA LIBERTAD,BOLIVAR,UCHUMARCA,84,2,82,0.023809523809523808
130305,2026,LA LIBERTAD,BOLIVAR,UCHUMARCA,41,2,39,0.04878048780487805
130306,2020,LA LIBERTAD,BOLIVAR,UCUNCHA,13,8,5,0.6153846153846154
130306,2021,LA LIBERTAD,BOLIVAR,UCUNCHA,16,13,3,0.8125
130306,2022,LA LIBERTAD,BOLIVAR,UCUNCHA,12,11,1,0.9166666666666666
130306,2023,LA LIBERTAD,BOLIVAR,UCUNCHA,38,14,24,0.3684210526315789
130306,2024,LA LIBERTAD,BOLIVAR,UCUNCHA,43,16,27,0.37209302325581395
130306,2025,LA LIBERTAD,BOLIVAR,UCUNCHA,39,5,34,0.1282051282051282
130306,2026,LA LIBERTAD,BOLIVAR,UCUNCHA,25,4,21,0.16
130401,2020,LA LIBERTAD,CHEPEN,CHEPEN,631,51,580,0.08082408874801902
130401,2021,LA LIBERTAD,CHEPEN,CHEPEN,634,56,578,0.08832807570977919
130401,2022,LA LIBERTAD,CHEPEN,CHEPEN,387,37,350,0.09560723514211886
130401,2023,LA LIBERTAD,CHEPEN,CHEPEN,1103,159,944,0.1441523118766999
130401,2024,LA LIBERTAD,CHEPEN,CHEPEN,1193,53,1140,0.04442581726739313
130401,2025,LA LIBERTAD,CHEPEN,CHEPEN,1103,73,1030,0.06618313689936536
130401,2026,LA LIBERTAD,CHEPEN,CHEPEN,719,61,658,0.08484005563282336
130402,2020,LA LIBERTAD,CHEPEN,PACANGA,557,63,494,0.11310592459605028
130402,2021,LA LIBERTAD,CHEPEN,PACANGA,604,48,556,0.07947019867549669
130402,2022,LA LIBERTAD,CHEPEN,PACANGA,423,52,371,0.12293144208037825
130402,2023,LA LIBERTAD,CHEPEN,PACANGA,829,54,775,0.06513872135102533
130402,2024,LA LIBERTAD,CHEPEN,PACANGA,774,26,748,0.03359173126614987
130402,2025,LA LIBERTAD,CHEPEN,PACANGA,793,14,779,0.017654476670870115
130402,2026,LA LIBERTAD,CHEPEN,PACANGA,485,21,464,0.04329896907216495
130403,2020,LA LIBERTAD,CHEPEN,PUEBLO NUEVO,161,34,127,0.2111801242236025
130403,2021,LA LIBERTAD,CHEPEN,PUEBLO NUEVO,156,29,127,0.1858974358974359
130403,2022,LA LIBERTAD,CHEPEN,PUEBLO NUEVO,169,29,140,0.17159763313609466
130403,2023,LA LIBERTAD,CHEPEN,PUEBLO NUEVO,453,38,415,0.08388520971302428
130403,2024,LA LIBERTAD,CHEPEN,PUEBLO NUEVO,409,11,398,0.02689486552567237
130403,2025,LA LIBERTAD,CHEPEN,PUEBLO NUEVO,391,8,383,0.020460358056265986
130403,2026,LA LIBERTAD,CHEPEN,PUEBLO NUEVO,251,13,238,0.05179282868525897
130501,2020,LA LIBERTAD,JULCAN,JULCAN,138,81,57,0.5869565217391305
130501,2021,LA LIBERTAD,JULCAN,JULCAN,95,64,31,0.6736842105263158
130501,2022,LA LIBERTAD,JULCAN,JULCAN,77,39,38,0.5064935064935064
130501,2023,LA LIBERTAD,JULCAN,JULCAN,480,125,355,0.2604166666666667
130501,2024,LA LIBERTAD,JULCAN,JULCAN,484,48,436,0.09917355371900827
130501,2025,LA LIBERTAD,JULCAN,JULCAN,380,61,319,0.16052631578947368
130501,2026,LA LIBERTAD,JULCAN,JULCAN,225,45,180,0.2
130502,2020,LA LIBERTAD,JULCAN,CALAMARCA,24,11,13,0.4583333333333333
130502,2021,LA LIBERTAD,JULCAN,CALAMARCA,47,26,21,0.5531914893617021
130502,2022,LA LIBERTAD,JULCAN,CALAMARCA,34,1,33,0.029411764705882353
130502,2023,LA LIBERTAD,JULCAN,CALAMARCA,273,17,256,0.06227106227106227
130502,2024,LA LIBERTAD,JULCAN,CALAMARCA,251,8,243,0.03187250996015936
130502,2025,LA LIBERTAD,JULCAN,CALAMARCA,201,39,162,0.19402985074626866
130502,2026,LA LIBERTAD,JULCAN,CALAMARCA,140,19,121,0.1357142857142857
130503,2020,LA LIBERTAD,JULCAN,CARABAMBA,48,16,32,0.3333333333333333
130503,2021,LA LIBERTAD,JULCAN,CARABAMBA,100,59,41,0.59
130503,2022,LA LIBERTAD,JULCAN,CARABAMBA,57,24,33,0.42105263157894735
130503,2023,LA LIBERTAD,JULCAN,CARABAMBA,280,41,239,0.14642857142857144
130503,2024,LA LIBERTAD,JULCAN,CARABAMBA,260,50,210,0.19230769230769232
130503,2025,LA LIBERTAD,JULCAN,CARABAMBA,230,66,164,0.28695652173913044
130503,2026,LA LIBERTAD,JULCAN,CARABAMBA,165,45,120,0.2727272727272727
130504,2020,LA LIBERTAD,JULCAN,HUASO,41,25,16,0.6097560975609756
130504,2021,LA LIBERTAD,JULCAN,HUASO,50,25,25,0.5
130504,2022,LA LIBERTAD,JULCAN,HUASO,50,18,32,0.36
130504,2023,LA LIBERTAD,JULCAN,HUASO,314,79,235,0.2515923566878981
130504,2024,LA LIBERTAD,JULCAN,HUASO,265,50,215,0.18867924528301888
130504,2025,LA LIBERTAD,JULCAN,HUASO,226,11,215,0.048672566371681415
130504,2026,LA LIBERTAD,JULCAN,HUASO,148,9,139,0.060810810810810814
130601,2020,LA LIBERTAD,OTUZCO,OTUZCO,504,241,263,0.4781746031746032
130601,2021,LA LIBERTAD,OTUZCO,OTUZCO,377,238,139,0.6312997347480106
130601,2022,LA LIBERTAD,OTUZCO,OTUZCO,358,222,136,0.6201117318435754
130601,2023,LA LIBERTAD,OTUZCO,OTUZCO,957,379,578,0.3960292580982236
130601,2024,LA LIBERTAD,OTUZCO,OTUZCO,896,241,655,0.2689732142857143
130601,2025,LA LIBERTAD,OTUZCO,OTUZCO,797,125,672,0.15683814303638646
130601,2026,LA LIBERTAD,OTUZCO,OTUZCO,574,96,478,0.1672473867595819
130602,2020,LA LIBERTAD,OTUZCO,AGALLPAMPA,437,102,335,0.2334096109839817
130602,2021,LA LIBERTAD,OTUZCO,AGALLPAMPA,514,107,407,0.20817120622568094
130602,2022,LA LIBERTAD,OTUZCO,AGALLPAMPA,506,85,421,0.16798418972332016
130602,2023,LA LIBERTAD,OTUZCO,AGALLPAMPA,496,52,444,0.10483870967741936
130602,2024,LA LIBERTAD,OTUZCO,AGALLPAMPA,451,58,393,0.1286031042128603
130602,2025,LA LIBERTAD,OTUZCO,AGALLPAMPA,412,43,369,0.10436893203883495
130602,2026,LA LIBERTAD,OTUZCO,AGALLPAMPA,268,31,237,0.11567164179104478
130604,2020,LA LIBERTAD,OTUZCO,CHARAT,61,25,36,0.4098360655737705
130604,2021,LA LIBERTAD,OTUZCO,CHARAT,80,18,62,0.225
130604,2022,LA LIBERTAD,OTUZCO,CHARAT,88,33,55,0.375
130604,2023,LA LIBERTAD,OTUZCO,CHARAT,84,17,67,0.20238095238095238
130604,2024,LA LIBERTAD,OTUZCO,CHARAT,84,18,66,0.21428571428571427
130604,2025,LA LIBERTAD,OTUZCO,CHARAT,92,21,71,0.22826086956521738
130604,2026,LA LIBERTAD,OTUZCO,CHARAT,62,12,50,0.1935483870967742
130605,2020,LA LIBERTAD,OTUZCO,HUARANCHAL,165,120,45,0.7272727272727273
130605,2021,LA LIBERTAD,OTUZCO,HUARANCHAL,273,151,122,0.5531135531135531
130605,2022,LA LIBERTAD,OTUZCO,HUARANCHAL,202,108,94,0.5346534653465347
130605,2023,LA LIBERTAD,OTUZCO,HUARANCHAL,195,82,113,0.4205128205128205
130605,2024,LA LIBERTAD,OTUZCO,HUARANCHAL,196,79,117,0.4030612244897959
130605,2025,LA LIBERTAD,OTUZCO,HUARANCHAL,187,68,119,0.36363636363636365
130605,2026,LA LIBERTAD,OTUZCO,HUARANCHAL,131,47,84,0.35877862595419846
130606,2020,LA LIBERTAD,OTUZCO,LA CUESTA,18,4,14,0.2222222222222222
130606,2021,LA LIBERTAD,OTUZCO,LA CUESTA,13,6,7,0.46153846153846156
130606,2022,LA LIBERTAD,OTUZCO,LA CUESTA,8,1,7,0.125
130606,2023,LA LIBERTAD,OTUZCO,LA CUESTA,13,2,11,0.15384615384615385
130606,2024,LA LIBERTAD,OTUZCO,LA CUESTA,13,1,12,0.07692307692307693
130606,2025,LA LIBERTAD,OTUZCO,LA CUESTA,16,3,13,0.1875
130606,2026,LA LIBERTAD,OTUZCO,LA CUESTA,8,1,7,0.125
130608,2020,LA LIBERTAD,OTUZCO,MACHE,82,8,74,0.0975609756097561
130608,2021,LA LIBERTAD,OTUZCO,MACHE,92,22,70,0.2391304347826087
130608,2022,LA LIBERTAD,OTUZCO,MACHE,95,10,85,0.10526315789473684
130608,2023,LA LIBERTAD,OTUZCO,MACHE,97,12,85,0.12371134020618557
130608,2024,LA LIBERTAD,OTUZCO,MACHE,88,10,78,0.11363636363636363
130608,2025,LA LIBERTAD,OTUZCO,MACHE,69,6,63,0.08695652173913043
130608,2026,LA LIBERTAD,OTUZCO,MACHE,53,5,48,0.09433962264150944
130610,2020,LA LIBERTAD,OTUZCO,PARANDAY,14,10,4,0.7142857142857143
130610,2021,LA LIBERTAD,OTUZCO,PARANDAY,23,16,7,0.6956521739130435
130610,2022,LA LIBERTAD,OTUZCO,PARANDAY,15,12,3,0.8
130610,2023,LA LIBERTAD,OTUZCO,PARANDAY,16,4,12,0.25
130610,2024,LA LIBERTAD,OTUZCO,PARANDAY,14,3,11,0.21428571428571427
130610,2025,LA LIBERTAD,OTUZCO,PARANDAY,14,1,13,0.07142857142857142
130610,2026,LA LIBERTAD,OTUZCO,PARANDAY,10,1,9,0.1
130611,2020,LA LIBERTAD,OTUZCO,SALPO,228,94,134,0.41228070175438597
130611,2021,LA LIBERTAD,OTUZCO,SALPO,239,88,151,0.3682008368200837
130611,2022,LA LIBERTAD,OTUZCO,SALPO,205,58,147,0.28292682926829266
130611,2023,LA LIBERTAD,OTUZCO,SALPO,222,44,178,0.1981981981981982
130611,2024,LA LIBERTAD,OTUZCO,SALPO,205,44,161,0.2146341463414634
130611,2025,LA LIBERTAD,OTUZCO,SALPO,177,39,138,0.22033898305084745
130611,2026,LA LIBERTAD,OTUZCO,SALPO,110,27,83,0.24545454545454545
130613,2020,LA LIBERTAD,OTUZCO,SINSICAP,148,45,103,0.30405405405405406
130613,2021,LA LIBERTAD,OTUZCO,SINSICAP,245,93,152,0.3795918367346939
130613,2022,LA LIBERTAD,OTUZCO,SINSICAP,239,65,174,0.2719665271966527
130613,2023,LA LIBERTAD,OTUZCO,SINSICAP,263,57,206,0.21673003802281368
130613,2024,LA LIBERTAD,OTUZCO,SINSICAP,193,17,176,0.08808290155440414
130613,2025,LA LIBERTAD,OTUZCO,SINSICAP,161,5,156,0.031055900621118012
130613,2026,LA LIBERTAD,OTUZCO,SINSICAP,106,8,98,0.07547169811320754
130614,2020,LA LIBERTAD,OTUZCO,USQUIL,754,591,163,0.7838196286472149
130614,2021,LA LIBERTAD,OTUZCO,USQUIL,1198,890,308,0.7429048414023373
130614,2022,LA LIBERTAD,OTUZCO,USQUIL,1094,778,316,0.7111517367458866
130614,2023,LA LIBERTAD,OTUZCO,USQUIL,1184,645,539,0.5447635135135135
130614,2024,LA LIBERTAD,OTUZCO,USQUIL,1166,426,740,0.3653516295025729
130614,2025,LA LIBERTAD,OTUZCO,USQUIL,1104,259,845,0.2346014492753623
130614,2026,LA LIBERTAD,OTUZCO,USQUIL,735,170,565,0.23129251700680273
130701,2020,LA LIBERTAD,PACASMAYO,SAN PEDRO DE LLOC,214,72,142,0.3364485981308411
130701,2021,LA LIBERTAD,PACASMAYO,SAN PEDRO DE LLOC,179,34,145,0.18994413407821228
130701,2022,LA LIBERTAD,PACASMAYO,SAN PEDRO DE LLOC,143,25,118,0.17482517482517482
130701,2023,LA LIBERTAD,PACASMAYO,SAN PEDRO DE LLOC,303,78,225,0.25742574257425743
130701,2024,LA LIBERTAD,PACASMAYO,SAN PEDRO DE LLOC,372,24,348,0.06451612903225806
130701,2025,LA LIBERTAD,PACASMAYO,SAN PEDRO DE LLOC,366,18,348,0.04918032786885246
130701,2026,LA LIBERTAD,PACASMAYO,SAN PEDRO DE LLOC,220,8,212,0.03636363636363636
130702,2020,LA LIBERTAD,PACASMAYO,GUADALUPE,1157,202,955,0.17458945548833188
130702,2021,LA LIBERTAD,PACASMAYO,GUADALUPE,855,96,759,0.11228070175438597
130702,2022,LA LIBERTAD,PACASMAYO,GUADALUPE,692,45,647,0.06502890173410404
130702,2023,LA LIBERTAD,PACASMAYO,GUADALUPE,1084,57,1027,0.052583025830258305
130702,2024,LA LIBERTAD,PACASMAYO,GUADALUPE,1163,27,1136,0.023215821152192607
130702,2025,LA LIBERTAD,PACASMAYO,GUADALUPE,1016,20,996,0.01968503937007874
130702,2026,LA LIBERTAD,PACASMAYO,GUADALUPE,542,24,518,0.04428044280442804
130703,2020,LA LIBERTAD,PACASMAYO,JEQUETEPEQUE,103,29,74,0.2815533980582524
130703,2021,LA LIBERTAD,PACASMAYO,JEQUETEPEQUE,174,42,132,0.2413793103448276
130703,2022,LA LIBERTAD,PACASMAYO,JEQUETEPEQUE,92,25,67,0.2717391304347826
130703,2023,LA LIBERTAD,PACASMAYO,JEQUETEPEQUE,97,38,59,0.3917525773195876
130703,2024,LA LIBERTAD,PACASMAYO,JEQUETEPEQUE,126,13,113,0.10317460317460317
130703,2025,LA LIBERTAD,PACASMAYO,JEQUETEPEQUE,126,12,114,0.09523809523809523
130703,2026,LA LIBERTAD,PACASMAYO,JEQUETEPEQUE,72,8,64,0.1111111111111111
130704,2020,LA LIBERTAD,PACASMAYO,PACASMAYO,352,27,325,0.07670454545454546
130704,2021,LA LIBERTAD,PACASMAYO,PACASMAYO,345,23,322,0.06666666666666667
130704,2022,LA LIBERTAD,PACASMAYO,PACASMAYO,428,29,399,0.06775700934579439
130704,2023,LA LIBERTAD,PACASMAYO,PACASMAYO,667,58,609,0.08695652173913043
130704,2024,LA LIBERTAD,PACASMAYO,PACASMAYO,614,6,608,0.009771986970684038
130704,2025,LA LIBERTAD,PACASMAYO,PACASMAYO,662,16,646,0.02416918429003021
130704,2026,LA LIBERTAD,PACASMAYO,PACASMAYO,435,6,429,0.013793103448275862
130705,2020,LA LIBERTAD,PACASMAYO,SAN JOSE,315,66,249,0.20952380952380953
130705,2021,LA LIBERTAD,PACASMAYO,SAN JOSE,343,72,271,0.2099125364431487
130705,2022,LA LIBERTAD,PACASMAYO,SAN JOSE,356,83,273,0.23314606741573032
130705,2023,LA LIBERTAD,PACASMAYO,SAN JOSE,371,80,291,0.215633423180593
130705,2024,LA LIBERTAD,PACASMAYO,SAN JOSE,357,16,341,0.04481792717086835
130705,2025,LA LIBERTAD,PACASMAYO,SAN JOSE,323,17,306,0.05263157894736842
130705,2026,LA LIBERTAD,PACASMAYO,SAN JOSE,179,6,173,0.0335195530726257
130801,2020,LA LIBERTAD,PATAZ,TAYABAMBA,200,147,53,0.735
130801,2021,LA LIBERTAD,PATAZ,TAYABAMBA,114,89,25,0.7807017543859649
130801,2022,LA LIBERTAD,PATAZ,TAYABAMBA,182,130,52,0.7142857142857143
130801,2023,LA LIBERTAD,PATAZ,TAYABAMBA,421,231,190,0.5486935866983373
130801,2024,LA LIBERTAD,PATAZ,TAYABAMBA,493,193,300,0.39148073022312374
130801,2025,LA LIBERTAD,PATAZ,TAYABAMBA,499,143,356,0.2865731462925852
130801,2026,LA LIBERTAD,PATAZ,TAYABAMBA,272,87,185,0.31985294117647056
130802,2020,LA LIBERTAD,PATAZ,BULDIBUYO,97,83,14,0.8556701030927835
130802,2021,LA LIBERTAD,PATAZ,BULDIBUYO,73,71,2,0.9726027397260274
130802,2022,LA LIBERTAD,PATAZ,BULDIBUYO,79,55,24,0.6962025316455697
130802,2023,LA LIBERTAD,PATAZ,BULDIBUYO,186,88,98,0.4731182795698925
130802,2024,LA LIBERTAD,PATAZ,BULDIBUYO,196,70,126,0.35714285714285715
130802,2025,LA LIBERTAD,PATAZ,BULDIBUYO,177,49,128,0.2768361581920904
130802,2026,LA LIBERTAD,PATAZ,BULDIBUYO,123,33,90,0.2682926829268293
130803,2020,LA LIBERTAD,PATAZ,CHILLIA,365,263,102,0.7205479452054795
130803,2021,LA LIBERTAD,PATAZ,CHILLIA,408,372,36,0.9117647058823529
130803,2022,LA LIBERTAD,PATAZ,CHILLIA,349,321,28,0.9197707736389685
130803,2023,LA LIBERTAD,PATAZ,CHILLIA,687,553,134,0.8049490538573508
130803,2024,LA LIBERTAD,PATAZ,CHILLIA,730,111,619,0.15205479452054796
130803,2025,LA LIBERTAD,PATAZ,CHILLIA,649,72,577,0.11093990755007704
130803,2026,LA LIBERTAD,PATAZ,CHILLIA,417,36,381,0.08633093525179857
130804,2020,LA LIBERTAD,PATAZ,HUANCASPATA,109,68,41,0.6238532110091743
130804,2021,LA LIBERTAD,PATAZ,HUANCASPATA,59,38,21,0.6440677966101694
130804,2022,LA LIBERTAD,PATAZ,HUANCASPATA,49,36,13,0.7346938775510204
130804,2023,LA LIBERTAD,PATAZ,HUANCASPATA,200,129,71,0.645
130804,2024,LA LIBERTAD,PATAZ,HUANCASPATA,242,50,192,0.2066115702479339
130804,2025,LA LIBERTAD,PATAZ,HUANCASPATA,252,58,194,0.23015873015873015
130804,2026,LA LIBERTAD,PATAZ,HUANCASPATA,147,36,111,0.24489795918367346
130805,2020,LA LIBERTAD,PATAZ,HUAYLILLAS,25,20,5,0.8
130805,2021,LA LIBERTAD,PATAZ,HUAYLILLAS,20,16,4,0.8
130805,2022,LA LIBERTAD,PATAZ,HUAYLILLAS,20,15,5,0.75
130805,2023,LA LIBERTAD,PATAZ,HUAYLILLAS,63,42,21,0.6666666666666666
130805,2024,LA LIBERTAD,PATAZ,HUAYLILLAS,45,24,21,0.5333333333333333
130805,2025,LA LIBERTAD,PATAZ,HUAYLILLAS,37,5,32,0.13513513513513514
130805,2026,LA LIBERTAD,PATAZ,HUAYLILLAS,18,1,17,0.05555555555555555
130806,2020,LA LIBERTAD,PATAZ,HUAYO,43,21,22,0.4883720930232558
130806,2021,LA LIBERTAD,PATAZ,HUAYO,64,12,52,0.1875
130806,2022,LA LIBERTAD,PATAZ,HUAYO,79,30,49,0.379746835443038
130806,2023,LA LIBERTAD,PATAZ,HUAYO,188,58,130,0.30851063829787234
130806,2024,LA LIBERTAD,PATAZ,HUAYO,158,40,118,0.25316455696202533
130806,2025,LA LIBERTAD,PATAZ,HUAYO,117,6,111,0.05128205128205128
130806,2026,LA LIBERTAD,PATAZ,HUAYO,72,0,72,0.0
130807,2020,LA LIBERTAD,PATAZ,ONGON,22,8,14,0.36363636363636365
130807,2021,LA LIBERTAD,PATAZ,ONGON,21,2,19,0.09523809523809523
130807,2022,LA LIBERTAD,PATAZ,ONGON,26,2,24,0.07692307692307693
130807,2023,LA LIBERTAD,PATAZ,ONGON,58,2,56,0.034482758620689655
130807,2024,LA LIBERTAD,PATAZ,ONGON,45,3,42,0.06666666666666667
130807,2025,LA LIBERTAD,PATAZ,ONGON,48,2,46,0.041666666666666664
130807,2026,LA LIBERTAD,PATAZ,ONGON,33,3,30,0.09090909090909091
130808,2020,LA LIBERTAD,PATAZ,PARCOY,319,276,43,0.8652037617554859
130808,2021,LA LIBERTAD,PATAZ,PARCOY,468,389,79,0.8311965811965812
130808,2022,LA LIBERTAD,PATAZ,PARCOY,732,424,308,0.5792349726775956
130808,2023,LA LIBERTAD,PATAZ,PARCOY,902,535,367,0.5931263858093127
130808,2024,LA LIBERTAD,PATAZ,PARCOY,1025,448,577,0.4370731707317073
130808,2025,LA LIBERTAD,PATAZ,PARCOY,1061,196,865,0.18473138548539114
130808,2026,LA LIBERTAD,PATAZ,PARCOY,631,116,515,0.1838351822503962
130809,2020,LA LIBERTAD,PATAZ,PATAZ,243,137,106,0.5637860082304527
130809,2021,LA LIBERTAD,PATAZ,PATAZ,219,139,80,0.634703196347032
130809,2022,LA LIBERTAD,PATAZ,PATAZ,261,168,93,0.6436781609195402
130809,2023,LA LIBERTAD,PATAZ,PATAZ,642,368,274,0.573208722741433
130809,2024,LA LIBERTAD,PATAZ,PATAZ,663,284,379,0.42835595776772245
130809,2025,LA LIBERTAD,PATAZ,PATAZ,642,198,444,0.308411214953271
130809,2026,LA LIBERTAD,PATAZ,PATAZ,333,113,220,0.33933933933933935
130810,2020,LA LIBERTAD,PATAZ,PIAS,28,12,16,0.42857142857142855
130810,2021,LA LIBERTAD,PATAZ,PIAS,19,11,8,0.5789473684210527
130810,2022,LA LIBERTAD,PATAZ,PIAS,19,17,2,0.8947368421052632
130810,2023,LA LIBERTAD,PATAZ,PIAS,65,29,36,0.4461538461538462
130810,2024,LA LIBERTAD,PATAZ,PIAS,63,20,43,0.31746031746031744
130810,2025,LA LIBERTAD,PATAZ,PIAS,53,12,41,0.22641509433962265
130810,2026,LA LIBERTAD,PATAZ,PIAS,26,5,21,0.19230769230769232
130811,2020,LA LIBERTAD,PATAZ,SANTIAGO DE CHALLAS,37,29,8,0.7837837837837838
130811,2021,LA LIBERTAD,PATAZ,SANTIAGO DE CHALLAS,16,15,1,0.9375
130811,2022,LA LIBERTAD,PATAZ,SANTIAGO DE CHALLAS,21,18,3,0.8571428571428571
130811,2023,LA LIBERTAD,PATAZ,SANTIAGO DE CHALLAS,72,47,25,0.6527777777777778
130811,2024,LA LIBERTAD,PATAZ,SANTIAGO DE CHALLAS,79,18,61,0.22784810126582278
130811,2025,LA LIBERTAD,PATAZ,SANTIAGO DE CHALLAS,65,16,49,0.24615384615384617
130811,2026,LA LIBERTAD,PATAZ,SANTIAGO DE CHALLAS,39,10,29,0.2564102564102564
130812,2020,LA LIBERTAD,PATAZ,TAURIJA,85,58,27,0.6823529411764706
130812,2021,LA LIBERTAD,PATAZ,TAURIJA,76,72,4,0.9473684210526315
130812,2022,LA LIBERTAD,PATAZ,TAURIJA,80,74,6,0.925
130812,2023,LA LIBERTAD,PATAZ,TAURIJA,121,95,26,0.7851239669421488
130812,2024,LA LIBERTAD,PATAZ,TAURIJA,157,40,117,0.25477707006369427
130812,2025,LA LIBERTAD,PATAZ,TAURIJA,128,28,100,0.21875
130812,2026,LA LIBERTAD,PATAZ,TAURIJA,81,22,59,0.2716049382716049
130813,2020,LA LIBERTAD,PATAZ,URPAY,74,49,25,0.6621621621621622
130813,2021,LA LIBERTAD,PATAZ,URPAY,11,4,7,0.36363636363636365
130813,2022,LA LIBERTAD,PATAZ,URPAY,29,13,16,0.4482758620689655
130813,2023,LA LIBERTAD,PATAZ,URPAY,162,53,109,0.3271604938271605
130813,2024,LA LIBERTAD,PATAZ,URPAY,156,22,134,0.14102564102564102
130813,2025,LA LIBERTAD,PATAZ,URPAY,161,5,156,0.031055900621118012
130813,2026,LA LIBERTAD,PATAZ,URPAY,98,5,93,0.05102040816326531
130901,2020,LA LIBERTAD,SANCHEZ CARRION,HUAMACHUCO,989,332,657,0.3356926188068756
130901,2021,LA LIBERTAD,SANCHEZ CARRION,HUAMACHUCO,626,216,410,0.3450479233226837
130901,2022,LA LIBERTAD,SANCHEZ CARRION,HUAMACHUCO,724,230,494,0.31767955801104975
130901,2023,LA LIBERTAD,SANCHEZ CARRION,HUAMACHUCO,3141,738,2403,0.2349570200573066
130901,2024,LA LIBERTAD,SANCHEZ CARRION,HUAMACHUCO,3348,339,3009,0.10125448028673835
130901,2025,LA LIBERTAD,SANCHEZ CARRION,HUAMACHUCO,3271,275,2996,0.0840721491898502
130901,2026,LA LIBERTAD,SANCHEZ CARRION,HUAMACHUCO,2049,222,1827,0.10834553440702782
130902,2020,LA LIBERTAD,SANCHEZ CARRION,CHUGAY,63,44,19,0.6984126984126984
130902,2021,LA LIBERTAD,SANCHEZ CARRION,CHUGAY,132,90,42,0.6818181818181818
130902,2022,LA LIBERTAD,SANCHEZ CARRION,CHUGAY,266,127,139,0.4774436090225564
130902,2023,LA LIBERTAD,SANCHEZ CARRION,CHUGAY,975,376,599,0.38564102564102565
130902,2024,LA LIBERTAD,SANCHEZ CARRION,CHUGAY,1060,258,802,0.24339622641509434
130902,2025,LA LIBERTAD,SANCHEZ CARRION,CHUGAY,858,218,640,0.2540792540792541
130902,2026,LA LIBERTAD,SANCHEZ CARRION,CHUGAY,554,155,399,0.27978339350180503
130903,2020,LA LIBERTAD,SANCHEZ CARRION,COCHORCO,268,117,151,0.43656716417910446
130903,2021,LA LIBERTAD,SANCHEZ CARRION,COCHORCO,438,187,251,0.4269406392694064
130903,2022,LA LIBERTAD,SANCHEZ CARRION,COCHORCO,166,80,86,0.4819277108433735
130903,2023,LA LIBERTAD,SANCHEZ CARRION,COCHORCO,733,122,611,0.1664392905866303
130903,2024,LA LIBERTAD,SANCHEZ CARRION,COCHORCO,690,55,635,0.07971014492753623
130903,2025,LA LIBERTAD,SANCHEZ CARRION,COCHORCO,579,73,506,0.12607944732297063
130903,2026,LA LIBERTAD,SANCHEZ CARRION,COCHORCO,372,43,329,0.11559139784946236
130904,2020,LA LIBERTAD,SANCHEZ CARRION,CURGOS,234,106,128,0.452991452991453
130904,2021,LA LIBERTAD,SANCHEZ CARRION,CURGOS,277,156,121,0.5631768953068592
130904,2022,LA LIBERTAD,SANCHEZ CARRION,CURGOS,213,59,154,0.27699530516431925
130904,2023,LA LIBERTAD,SANCHEZ CARRION,CURGOS,444,89,355,0.20045045045045046
130904,2024,LA LIBERTAD,SANCHEZ CARRION,CURGOS,439,47,392,0.1070615034168565
130904,2025,LA LIBERTAD,SANCHEZ CARRION,CURGOS,405,89,316,0.21975308641975308
130904,2026,LA LIBERTAD,SANCHEZ CARRION,CURGOS,282,48,234,0.1702127659574468
130905,2020,LA LIBERTAD,SANCHEZ CARRION,MARCABAL,173,72,101,0.4161849710982659
130905,2021,LA LIBERTAD,SANCHEZ CARRION,MARCABAL,165,68,97,0.4121212121212121
130905,2022,LA LIBERTAD,SANCHEZ CARRION,MARCABAL,187,39,148,0.20855614973262032
130905,2023,LA LIBERTAD,SANCHEZ CARRION,MARCABAL,661,91,570,0.13767019667170954
130905,2024,LA LIBERTAD,SANCHEZ CARRION,MARCABAL,674,67,607,0.09940652818991098
130905,2025,LA LIBERTAD,SANCHEZ CARRION,MARCABAL,641,70,571,0.10920436817472699
130905,2026,LA LIBERTAD,SANCHEZ CARRION,MARCABAL,480,51,429,0.10625
130906,2020,LA LIBERTAD,SANCHEZ CARRION,SANAGORAN,240,87,153,0.3625
130906,2021,LA LIBERTAD,SANCHEZ CARRION,SANAGORAN,292,84,208,0.2876712328767123
130906,2022,LA LIBERTAD,SANCHEZ CARRION,SANAGORAN,448,109,339,0.24330357142857142
130906,2023,LA LIBERTAD,SANCHEZ CARRION,SANAGORAN,812,133,679,0.16379310344827586
130906,2024,LA LIBERTAD,SANCHEZ CARRION,SANAGORAN,801,62,739,0.07740324594257178
130906,2025,LA LIBERTAD,SANCHEZ CARRION,SANAGORAN,768,62,706,0.08072916666666667
130906,2026,LA LIBERTAD,SANCHEZ CARRION,SANAGORAN,562,48,514,0.08540925266903915
130907,2020,LA LIBERTAD,SANCHEZ CARRION,SARIN,213,139,74,0.6525821596244131
130907,2021,LA LIBERTAD,SANCHEZ CARRION,SARIN,312,220,92,0.7051282051282052
130907,2022,LA LIBERTAD,SANCHEZ CARRION,SARIN,273,102,171,0.37362637362637363
130907,2023,LA LIBERTAD,SANCHEZ CARRION,SARIN,541,111,430,0.20517560073937152
130907,2024,LA LIBERTAD,SANCHEZ CARRION,SARIN,607,68,539,0.11202635914332784
130907,2025,LA LIBERTAD,SANCHEZ CARRION,SARIN,554,48,506,0.08664259927797834
130907,2026,LA LIBERTAD,SANCHEZ CARRION,SARIN,395,28,367,0.07088607594936709
130908,2020,LA LIBERTAD,SANCHEZ CARRION,SARTIMBAMBA,54,33,21,0.6111111111111112
130908,2021,LA LIBERTAD,SANCHEZ CARRION,SARTIMBAMBA,358,166,192,0.46368715083798884
130908,2022,LA LIBERTAD,SANCHEZ CARRION,SARTIMBAMBA,242,60,182,0.24793388429752067
130908,2023,LA LIBERTAD,SANCHEZ CARRION,SARTIMBAMBA,752,133,619,0.1768617021276596
130908,2024,LA LIBERTAD,SANCHEZ CARRION,SARTIMBAMBA,818,143,675,0.17481662591687042
130908,2025,LA LIBERTAD,SANCHEZ CARRION,SARTIMBAMBA,805,141,664,0.17515527950310558
130908,2026,LA LIBERTAD,SANCHEZ CARRION,SARTIMBAMBA,548,47,501,0.08576642335766424
131001,2020,LA LIBERTAD,SANTIAGO DE CHUCO,SANTIAGO DE CHUCO,49,32,17,0.6530612244897959
131001,2021,LA LIBERTAD,SANTIAGO DE CHUCO,SANTIAGO DE CHUCO,45,20,25,0.4444444444444444
131001,2022,LA LIBERTAD,SANTIAGO DE CHUCO,SANTIAGO DE CHUCO,20,9,11,0.45
131001,2023,LA LIBERTAD,SANTIAGO DE CHUCO,SANTIAGO DE CHUCO,100,42,58,0.42
131001,2024,LA LIBERTAD,SANTIAGO DE CHUCO,SANTIAGO DE CHUCO,842,233,609,0.27672209026128264
131001,2025,LA LIBERTAD,SANTIAGO DE CHUCO,SANTIAGO DE CHUCO,952,132,820,0.13865546218487396
131001,2026,LA LIBERTAD,SANTIAGO DE CHUCO,SANTIAGO DE CHUCO,630,95,535,0.15079365079365079
131002,2020,LA LIBERTAD,SANTIAGO DE CHUCO,ANGASMARCA,57,24,33,0.42105263157894735
131002,2021,LA LIBERTAD,SANTIAGO DE CHUCO,ANGASMARCA,55,55,0,1.0
131002,2022,LA LIBERTAD,SANTIAGO DE CHUCO,ANGASMARCA,38,30,8,0.7894736842105263
131002,2023,LA LIBERTAD,SANTIAGO DE CHUCO,ANGASMARCA,133,76,57,0.5714285714285714
131002,2024,LA LIBERTAD,SANTIAGO DE CHUCO,ANGASMARCA,189,81,108,0.42857142857142855
131002,2025,LA LIBERTAD,SANTIAGO DE CHUCO,ANGASMARCA,220,67,153,0.30454545454545456
131002,2026,LA LIBERTAD,SANTIAGO DE CHUCO,ANGASMARCA,153,50,103,0.32679738562091504
131003,2020,LA LIBERTAD,SANTIAGO DE CHUCO,CACHICADAN,29,7,22,0.2413793103448276
131003,2021,LA LIBERTAD,SANTIAGO DE CHUCO,CACHICADAN,8,2,6,0.25
131003,2022,LA LIBERTAD,SANTIAGO DE CHUCO,CACHICADAN,28,7,21,0.25
131003,2023,LA LIBERTAD,SANTIAGO DE CHUCO,CACHICADAN,58,18,40,0.3103448275862069
131003,2024,LA LIBERTAD,SANTIAGO DE CHUCO,CACHICADAN,96,31,65,0.3229166666666667
131003,2025,LA LIBERTAD,SANTIAGO DE CHUCO,CACHICADAN,102,39,63,0.38235294117647056
131003,2026,LA LIBERTAD,SANTIAGO DE CHUCO,CACHICADAN,110,29,81,0.2636363636363636
131004,2020,LA LIBERTAD,SANTIAGO DE CHUCO,MOLLEBAMBA,35,21,14,0.6
131004,2021,LA LIBERTAD,SANTIAGO DE CHUCO,MOLLEBAMBA,22,21,1,0.9545454545454546
131004,2022,LA LIBERTAD,SANTIAGO DE CHUCO,MOLLEBAMBA,2,2,0,1.0
131004,2023,LA LIBERTAD,SANTIAGO DE CHUCO,MOLLEBAMBA,31,23,8,0.7419354838709677
131004,2024,LA LIBERTAD,SANTIAGO DE CHUCO,MOLLEBAMBA,57,18,39,0.3157894736842105
131004,2025,LA LIBERTAD,SANTIAGO DE CHUCO,MOLLEBAMBA,41,9,32,0.21951219512195122
131004,2026,LA LIBERTAD,SANTIAGO DE CHUCO,MOLLEBAMBA,33,12,21,0.36363636363636365
131005,2020,LA LIBERTAD,SANTIAGO DE CHUCO,MOLLEPATA,2,2,0,1.0
131005,2021,LA LIBERTAD,SANTIAGO DE CHUCO,MOLLEPATA,14,6,8,0.42857142857142855
131005,2022,LA LIBERTAD,SANTIAGO DE CHUCO,MOLLEPATA,10,9,1,0.9
131005,2023,LA LIBERTAD,SANTIAGO DE CHUCO,MOLLEPATA,38,28,10,0.7368421052631579
131005,2024,LA LIBERTAD,SANTIAGO DE CHUCO,MOLLEPATA,102,18,84,0.17647058823529413
131005,2025,LA LIBERTAD,SANTIAGO DE CHUCO,MOLLEPATA,78,12,66,0.15384615384615385
131005,2026,LA LIBERTAD,SANTIAGO DE CHUCO,MOLLEPATA,49,8,41,0.16326530612244897
131006,2020,LA LIBERTAD,SANTIAGO DE CHUCO,QUIRUVILCA,32,25,7,0.78125
131006,2021,LA LIBERTAD,SANTIAGO DE CHUCO,QUIRUVILCA,4,4,0,1.0
131006,2022,LA LIBERTAD,SANTIAGO DE CHUCO,QUIRUVILCA,9,9,0,1.0
131006,2023,LA LIBERTAD,SANTIAGO DE CHUCO,QUIRUVILCA,19,12,7,0.631578947368421
131006,2024,LA LIBERTAD,SANTIAGO DE CHUCO,QUIRUVILCA,188,104,84,0.5531914893617021
131006,2025,LA LIBERTAD,SANTIAGO DE CHUCO,QUIRUVILCA,304,137,167,0.4506578947368421
131006,2026,LA LIBERTAD,SANTIAGO DE CHUCO,QUIRUVILCA,260,97,163,0.3730769230769231
131007,2020,LA LIBERTAD,SANTIAGO DE CHUCO,SANTA CRUZ DE CHUCA,22,21,1,0.9545454545454546
131007,2021,LA LIBERTAD,SANTIAGO DE CHUCO,SANTA CRUZ DE CHUCA,27,24,3,0.8888888888888888
131007,2022,LA LIBERTAD,SANTIAGO DE CHUCO,SANTA CRUZ DE CHUCA,49,20,29,0.40816326530612246
131007,2023,LA LIBERTAD,SANTIAGO DE CHUCO,SANTA CRUZ DE CHUCA,61,30,31,0.4918032786885246
131007,2024,LA LIBERTAD,SANTIAGO DE CHUCO,SANTA CRUZ DE CHUCA,91,15,76,0.16483516483516483
131007,2025,LA LIBERTAD,SANTIAGO DE CHUCO,SANTA CRUZ DE CHUCA,87,10,77,0.11494252873563218
131007,2026,LA LIBERTAD,SANTIAGO DE CHUCO,SANTA CRUZ DE CHUCA,60,11,49,0.18333333333333332
131008,2020,LA LIBERTAD,SANTIAGO DE CHUCO,SITABAMBA,2,0,2,0.0
131008,2021,LA LIBERTAD,SANTIAGO DE CHUCO,SITABAMBA,31,23,8,0.7419354838709677
131008,2022,LA LIBERTAD,SANTIAGO DE CHUCO,SITABAMBA,23,20,3,0.8695652173913043
131008,2023,LA LIBERTAD,SANTIAGO DE CHUCO,SITABAMBA,32,27,5,0.84375
131008,2024,LA LIBERTAD,SANTIAGO DE CHUCO,SITABAMBA,110,42,68,0.38181818181818183
131008,2025,LA LIBERTAD,SANTIAGO DE CHUCO,SITABAMBA,154,34,120,0.22077922077922077
131008,2026,LA LIBERTAD,SANTIAGO DE CHUCO,SITABAMBA,113,38,75,0.336283185840708
131101,2020,LA LIBERTAD,GRAN CHIMU,CASCAS,170,69,101,0.40588235294117647
131101,2021,LA LIBERTAD,GRAN CHIMU,CASCAS,89,43,46,0.48314606741573035
131101,2022,LA LIBERTAD,GRAN CHIMU,CASCAS,96,31,65,0.3229166666666667
131101,2023,LA LIBERTAD,GRAN CHIMU,CASCAS,344,107,237,0.311046511627907
131101,2024,LA LIBERTAD,GRAN CHIMU,CASCAS,438,156,282,0.3561643835616438
131101,2025,LA LIBERTAD,GRAN CHIMU,CASCAS,412,101,311,0.24514563106796117
131101,2026,LA LIBERTAD,GRAN CHIMU,CASCAS,237,59,178,0.2489451476793249
131102,2020,LA LIBERTAD,GRAN CHIMU,LUCMA,21,14,7,0.6666666666666666
131102,2021,LA LIBERTAD,GRAN CHIMU,LUCMA,2,2,0,1.0
131102,2022,LA LIBERTAD,GRAN CHIMU,LUCMA,48,32,16,0.6666666666666666
131102,2023,LA LIBERTAD,GRAN CHIMU,LUCMA,90,25,65,0.2777777777777778
131102,2024,LA LIBERTAD,GRAN CHIMU,LUCMA,135,51,84,0.37777777777777777
131102,2025,LA LIBERTAD,GRAN CHIMU,LUCMA,121,45,76,0.371900826446281
131102,2026,LA LIBERTAD,GRAN CHIMU,LUCMA,80,26,54,0.325
131103,2020,LA LIBERTAD,GRAN CHIMU,MARMOT,3,2,1,0.6666666666666666
131103,2021,LA LIBERTAD,GRAN CHIMU,MARMOT,13,9,4,0.6923076923076923
131103,2022,LA LIBERTAD,GRAN CHIMU,MARMOT,29,16,13,0.5517241379310345
131103,2023,LA LIBERTAD,GRAN CHIMU,MARMOT,58,18,40,0.3103448275862069
131103,2024,LA LIBERTAD,GRAN CHIMU,MARMOT,67,27,40,0.40298507462686567
131103,2025,LA LIBERTAD,GRAN CHIMU,MARMOT,51,16,35,0.3137254901960784
131103,2026,LA LIBERTAD,GRAN CHIMU,MARMOT,30,10,20,0.3333333333333333
131104,2020,LA LIBERTAD,GRAN CHIMU,SAYAPULLO,132,30,102,0.22727272727272727
131104,2021,LA LIBERTAD,GRAN CHIMU,SAYAPULLO,100,29,71,0.29
131104,2022,LA LIBERTAD,GRAN CHIMU,SAYAPULLO,111,40,71,0.36036036036036034
131104,2023,LA LIBERTAD,GRAN CHIMU,SAYAPULLO,329,83,246,0.25227963525835867
131104,2024,LA LIBERTAD,GRAN CHIMU,SAYAPULLO,351,91,260,0.25925925925925924
131104,2025,LA LIBERTAD,GRAN CHIMU,SAYAPULLO,345,118,227,0.34202898550724636
131104,2026,LA LIBERTAD,GRAN CHIMU,SAYAPULLO,158,42,116,0.26582278481012656
131201,2020,LA LIBERTAD,VIRU,VIRU,1183,334,849,0.28233305156382077
131201,2021,LA LIBERTAD,VIRU,VIRU,1121,313,808,0.2792149866190901
131201,2022,LA LIBERTAD,VIRU,VIRU,952,242,710,0.2542016806722689
131201,2023,LA LIBERTAD,VIRU,VIRU,1974,223,1751,0.11296859169199595
131201,2024,LA LIBERTAD,VIRU,VIRU,1951,171,1780,0.08764736032803691
131201,2025,LA LIBERTAD,VIRU,VIRU,1922,200,1722,0.1040582726326743
131201,2026,LA LIBERTAD,VIRU,VIRU,1176,104,1072,0.08843537414965986
131202,2020,LA LIBERTAD,VIRU,CHAO,1142,364,778,0.318739054290718
131202,2021,LA LIBERTAD,VIRU,CHAO,1094,290,804,0.26508226691042047
131202,2022,LA LIBERTAD,VIRU,CHAO,943,209,734,0.22163308589607636
131202,2023,LA LIBERTAD,VIRU,CHAO,1847,217,1630,0.11748781808337845
131202,2024,LA LIBERTAD,VIRU,CHAO,1607,117,1490,0.07280647168637212
131202,2025,LA LIBERTAD,VIRU,CHAO,1584,139,1445,0.08775252525252525
131202,2026,LA LIBERTAD,VIRU,CHAO,874,97,777,0.11098398169336385
131203,2020,LA LIBERTAD,VIRU,GUADALUPITO,135,9,126,0.06666666666666667
131203,2021,LA LIBERTAD,VIRU,GUADALUPITO,187,30,157,0.16042780748663102
131203,2022,LA LIBERTAD,VIRU,GUADALUPITO,150,4,146,0.02666666666666667
131203,2023,LA LIBERTAD,VIRU,GUADALUPITO,279,4,275,0.014336917562724014
131203,2024,LA LIBERTAD,VIRU,GUADALUPITO,278,10,268,0.03597122302158273
131203,2025,LA LIBERTAD,VIRU,GUADALUPITO,223,2,221,0.008968609865470852
131203,2026,LA LIBERTAD,VIRU,GUADALUPITO,135,0,135,0.0
140101,2020,LAMBAYEQUE,CHICLAYO,CHICLAYO,2213,845,1368,0.3818346136466335
140101,2021,LAMBAYEQUE,CHICLAYO,CHICLAYO,2477,669,1808,0.2700847799757771
140101,2022,LAMBAYEQUE,CHICLAYO,CHICLAYO,1632,324,1308,0.19852941176470587
140101,2023,LAMBAYEQUE,CHICLAYO,CHICLAYO,3744,668,3076,0.17841880341880342
140101,2024,LAMBAYEQUE,CHICLAYO,CHICLAYO,4002,341,3661,0.08520739630184908
140101,2025,LAMBAYEQUE,CHICLAYO,CHICLAYO,4049,350,3699,0.0864410965670536
140101,2026,LAMBAYEQUE,CHICLAYO,CHICLAYO,2231,261,1970,0.11698789780367548
140102,2020,LAMBAYEQUE,CHICLAYO,CHONGOYAPE,222,71,151,0.31981981981981983
140102,2021,LAMBAYEQUE,CHICLAYO,CHONGOYAPE,219,39,180,0.1780821917808219
140102,2022,LAMBAYEQUE,CHICLAYO,CHONGOYAPE,170,35,135,0.20588235294117646
140102,2023,LAMBAYEQUE,CHICLAYO,CHONGOYAPE,373,70,303,0.1876675603217158
140102,2024,LAMBAYEQUE,CHICLAYO,CHONGOYAPE,347,48,299,0.138328530259366
140102,2025,LAMBAYEQUE,CHICLAYO,CHONGOYAPE,449,47,402,0.10467706013363029
140102,2026,LAMBAYEQUE,CHICLAYO,CHONGOYAPE,276,22,254,0.07971014492753623
140103,2020,LAMBAYEQUE,CHICLAYO,ETEN,113,22,91,0.19469026548672566
140103,2021,LAMBAYEQUE,CHICLAYO,ETEN,159,29,130,0.18238993710691823
140103,2022,LAMBAYEQUE,CHICLAYO,ETEN,172,49,123,0.28488372093023256
140103,2023,LAMBAYEQUE,CHICLAYO,ETEN,355,51,304,0.14366197183098592
140103,2024,LAMBAYEQUE,CHICLAYO,ETEN,354,27,327,0.07627118644067797
140103,2025,LAMBAYEQUE,CHICLAYO,ETEN,362,12,350,0.03314917127071823
140103,2026,LAMBAYEQUE,CHICLAYO,ETEN,157,8,149,0.050955414012738856
140104,2020,LAMBAYEQUE,CHICLAYO,ETEN PUERTO,38,6,32,0.15789473684210525
140104,2021,LAMBAYEQUE,CHICLAYO,ETEN PUERTO,26,4,22,0.15384615384615385
140104,2022,LAMBAYEQUE,CHICLAYO,ETEN PUERTO,25,4,21,0.16
140104,2023,LAMBAYEQUE,CHICLAYO,ETEN PUERTO,34,4,30,0.11764705882352941
140104,2024,LAMBAYEQUE,CHICLAYO,ETEN PUERTO,45,3,42,0.06666666666666667
140104,2025,LAMBAYEQUE,CHICLAYO,ETEN PUERTO,32,4,28,0.125
140104,2026,LAMBAYEQUE,CHICLAYO,ETEN PUERTO,16,1,15,0.0625
140105,2020,LAMBAYEQUE,CHICLAYO,JOSE LEONARDO ORTIZ,1929,506,1423,0.2623120787973043
140105,2021,LAMBAYEQUE,CHICLAYO,JOSE LEONARDO ORTIZ,1770,335,1435,0.18926553672316385
140105,2022,LAMBAYEQUE,CHICLAYO,JOSE LEONARDO ORTIZ,1443,268,1175,0.18572418572418573
140105,2023,LAMBAYEQUE,CHICLAYO,JOSE LEONARDO ORTIZ,3367,547,2820,0.16245916245916245
140105,2024,LAMBAYEQUE,CHICLAYO,JOSE LEONARDO ORTIZ,3440,362,3078,0.10523255813953489
140105,2025,LAMBAYEQUE,CHICLAYO,JOSE LEONARDO ORTIZ,3448,234,3214,0.06786542923433875
140105,2026,LAMBAYEQUE,CHICLAYO,JOSE LEONARDO ORTIZ,1914,153,1761,0.07993730407523511
140106,2020,LAMBAYEQUE,CHICLAYO,LA VICTORIA,871,187,684,0.21469575200918484
140106,2021,LAMBAYEQUE,CHICLAYO,LA VICTORIA,796,149,647,0.1871859296482412
140106,2022,LAMBAYEQUE,CHICLAYO,LA VICTORIA,761,74,687,0.09724047306176084
140106,2023,LAMBAYEQUE,CHICLAYO,LA VICTORIA,1933,194,1739,0.10036213140196586
140106,2024,LAMBAYEQUE,CHICLAYO,LA VICTORIA,1964,77,1887,0.03920570264765784
140106,2025,LAMBAYEQUE,CHICLAYO,LA VICTORIA,1734,81,1653,0.04671280276816609
140106,2026,LAMBAYEQUE,CHICLAYO,LA VICTORIA,911,28,883,0.030735455543358946
140107,2020,LAMBAYEQUE,CHICLAYO,LAGUNAS,214,22,192,0.102803738317757
140107,2021,LAMBAYEQUE,CHICLAYO,LAGUNAS,247,18,229,0.0728744939271255
140107,2022,LAMBAYEQUE,CHICLAYO,LAGUNAS,140,16,124,0.11428571428571428
140107,2023,LAMBAYEQUE,CHICLAYO,LAGUNAS,284,32,252,0.11267605633802817
140107,2024,LAMBAYEQUE,CHICLAYO,LAGUNAS,301,19,282,0.06312292358803986
140107,2025,LAMBAYEQUE,CHICLAYO,LAGUNAS,346,23,323,0.06647398843930635
140107,2026,LAMBAYEQUE,CHICLAYO,LAGUNAS,213,14,199,0.06572769953051644
140108,2020,LAMBAYEQUE,CHICLAYO,MONSEFU,435,106,329,0.24367816091954023
140108,2021,LAMBAYEQUE,CHICLAYO,MONSEFU,357,88,269,0.24649859943977592
140108,2022,LAMBAYEQUE,CHICLAYO,MONSEFU,386,71,315,0.18393782383419688
140108,2023,LAMBAYEQUE,CHICLAYO,MONSEFU,1126,105,1021,0.09325044404973357
140108,2024,LAMBAYEQUE,CHICLAYO,MONSEFU,1216,84,1132,0.06907894736842106
140108,2025,LAMBAYEQUE,CHICLAYO,MONSEFU,1093,64,1029,0.0585544373284538
140108,2026,LAMBAYEQUE,CHICLAYO,MONSEFU,565,44,521,0.07787610619469026
140109,2020,LAMBAYEQUE,CHICLAYO,NUEVA ARICA,45,10,35,0.2222222222222222
140109,2021,LAMBAYEQUE,CHICLAYO,NUEVA ARICA,14,7,7,0.5
140109,2022,LAMBAYEQUE,CHICLAYO,NUEVA ARICA,17,2,15,0.11764705882352941
140109,2023,LAMBAYEQUE,CHICLAYO,NUEVA ARICA,80,20,60,0.25
140109,2024,LAMBAYEQUE,CHICLAYO,NUEVA ARICA,75,10,65,0.13333333333333333
140109,2025,LAMBAYEQUE,CHICLAYO,NUEVA ARICA,78,12,66,0.15384615384615385
140109,2026,LAMBAYEQUE,CHICLAYO,NUEVA ARICA,37,5,32,0.13513513513513514
140110,2020,LAMBAYEQUE,CHICLAYO,OYOTUN,66,27,39,0.4090909090909091
140110,2021,LAMBAYEQUE,CHICLAYO,OYOTUN,131,61,70,0.46564885496183206
140110,2022,LAMBAYEQUE,CHICLAYO,OYOTUN,105,42,63,0.4
140110,2023,LAMBAYEQUE,CHICLAYO,OYOTUN,269,87,182,0.32342007434944237
140110,2024,LAMBAYEQUE,CHICLAYO,OYOTUN,226,22,204,0.09734513274336283
140110,2025,LAMBAYEQUE,CHICLAYO,OYOTUN,194,32,162,0.16494845360824742
140110,2026,LAMBAYEQUE,CHICLAYO,OYOTUN,74,18,56,0.24324324324324326
140111,2020,LAMBAYEQUE,CHICLAYO,PICSI,140,27,113,0.19285714285714287
140111,2021,LAMBAYEQUE,CHICLAYO,PICSI,163,14,149,0.08588957055214724
140111,2022,LAMBAYEQUE,CHICLAYO,PICSI,48,10,38,0.20833333333333334
140111,2023,LAMBAYEQUE,CHICLAYO,PICSI,166,29,137,0.1746987951807229
140111,2024,LAMBAYEQUE,CHICLAYO,PICSI,180,26,154,0.14444444444444443
140111,2025,LAMBAYEQUE,CHICLAYO,PICSI,179,36,143,0.2011173184357542
140111,2026,LAMBAYEQUE,CHICLAYO,PICSI,99,15,84,0.15151515151515152
140112,2020,LAMBAYEQUE,CHICLAYO,PIMENTEL,198,29,169,0.14646464646464646
140112,2021,LAMBAYEQUE,CHICLAYO,PIMENTEL,259,55,204,0.21235521235521235
140112,2022,LAMBAYEQUE,CHICLAYO,PIMENTEL,170,47,123,0.27647058823529413
140112,2023,LAMBAYEQUE,CHICLAYO,PIMENTEL,541,108,433,0.19963031423290203
140112,2024,LAMBAYEQUE,CHICLAYO,PIMENTEL,676,143,533,0.21153846153846154
140112,2025,LAMBAYEQUE,CHICLAYO,PIMENTEL,687,115,572,0.16739446870451238
140112,2026,LAMBAYEQUE,CHICLAYO,PIMENTEL,350,67,283,0.19142857142857142
140113,2020,LAMBAYEQUE,CHICLAYO,REQUE,225,59,166,0.26222222222222225
140113,2021,LAMBAYEQUE,CHICLAYO,REQUE,280,58,222,0.20714285714285716
140113,2022,LAMBAYEQUE,CHICLAYO,REQUE,230,54,176,0.23478260869565218
140113,2023,LAMBAYEQUE,CHICLAYO,REQUE,569,91,478,0.15992970123022848
140113,2024,LAMBAYEQUE,CHICLAYO,REQUE,532,59,473,0.11090225563909774
140113,2025,LAMBAYEQUE,CHICLAYO,REQUE,476,40,436,0.08403361344537816
140113,2026,LAMBAYEQUE,CHICLAYO,REQUE,287,22,265,0.07665505226480836
140114,2020,LAMBAYEQUE,CHICLAYO,SANTA ROSA,8,3,5,0.375
140114,2021,LAMBAYEQUE,CHICLAYO,SANTA ROSA,70,2,68,0.02857142857142857
140114,2022,LAMBAYEQUE,CHICLAYO,SANTA ROSA,176,37,139,0.21022727272727273
140114,2023,LAMBAYEQUE,CHICLAYO,SANTA ROSA,304,36,268,0.11842105263157894
140114,2024,LAMBAYEQUE,CHICLAYO,SANTA ROSA,338,28,310,0.08284023668639054
140114,2025,LAMBAYEQUE,CHICLAYO,SANTA ROSA,359,26,333,0.07242339832869081
140114,2026,LAMBAYEQUE,CHICLAYO,SANTA ROSA,160,11,149,0.06875
140115,2020,LAMBAYEQUE,CHICLAYO,SAÑA,142,45,97,0.31690140845070425
140115,2021,LAMBAYEQUE,CHICLAYO,SAÑA,111,46,65,0.4144144144144144
140115,2022,LAMBAYEQUE,CHICLAYO,SAÑA,96,31,65,0.3229166666666667
140115,2023,LAMBAYEQUE,CHICLAYO,SAÑA,317,44,273,0.138801261829653
140115,2024,LAMBAYEQUE,CHICLAYO,SAÑA,369,45,324,0.12195121951219512
140115,2025,LAMBAYEQUE,CHICLAYO,SAÑA,337,36,301,0.10682492581602374
140115,2026,LAMBAYEQUE,CHICLAYO,SAÑA,177,22,155,0.12429378531073447
140116,2020,LAMBAYEQUE,CHICLAYO,CAYALTI,69,38,31,0.5507246376811594
140116,2021,LAMBAYEQUE,CHICLAYO,CAYALTI,51,11,40,0.21568627450980393
140116,2022,LAMBAYEQUE,CHICLAYO,CAYALTI,10,9,1,0.9
140116,2023,LAMBAYEQUE,CHICLAYO,CAYALTI,91,28,63,0.3076923076923077
140116,2024,LAMBAYEQUE,CHICLAYO,CAYALTI,191,3,188,0.015706806282722512
140116,2025,LAMBAYEQUE,CHICLAYO,CAYALTI,297,13,284,0.04377104377104377
140116,2026,LAMBAYEQUE,CHICLAYO,CAYALTI,109,2,107,0.01834862385321101
140117,2020,LAMBAYEQUE,CHICLAYO,PATAPO,203,99,104,0.4876847290640394
140117,2021,LAMBAYEQUE,CHICLAYO,PATAPO,154,72,82,0.4675324675324675
140117,2022,LAMBAYEQUE,CHICLAYO,PATAPO,180,60,120,0.3333333333333333
140117,2023,LAMBAYEQUE,CHICLAYO,PATAPO,550,101,449,0.18363636363636363
140117,2024,LAMBAYEQUE,CHICLAYO,PATAPO,564,38,526,0.0673758865248227
140117,2025,LAMBAYEQUE,CHICLAYO,PATAPO,508,52,456,0.10236220472440945
140117,2026,LAMBAYEQUE,CHICLAYO,PATAPO,272,42,230,0.15441176470588236
140118,2020,LAMBAYEQUE,CHICLAYO,POMALCA,14,9,5,0.6428571428571429
140118,2021,LAMBAYEQUE,CHICLAYO,POMALCA,72,21,51,0.2916666666666667
140118,2022,LAMBAYEQUE,CHICLAYO,POMALCA,233,102,131,0.43776824034334766
140118,2023,LAMBAYEQUE,CHICLAYO,POMALCA,312,104,208,0.3333333333333333
140118,2024,LAMBAYEQUE,CHICLAYO,POMALCA,514,43,471,0.08365758754863813
140118,2025,LAMBAYEQUE,CHICLAYO,POMALCA,481,86,395,0.1787941787941788
140118,2026,LAMBAYEQUE,CHICLAYO,POMALCA,215,32,183,0.14883720930232558
140119,2020,LAMBAYEQUE,CHICLAYO,PUCALA,79,21,58,0.26582278481012656
140119,2021,LAMBAYEQUE,CHICLAYO,PUCALA,38,5,33,0.13157894736842105
140119,2022,LAMBAYEQUE,CHICLAYO,PUCALA,23,6,17,0.2608695652173913
140119,2023,LAMBAYEQUE,CHICLAYO,PUCALA,148,23,125,0.1554054054054054
140119,2024,LAMBAYEQUE,CHICLAYO,PUCALA,147,9,138,0.061224489795918366
140119,2025,LAMBAYEQUE,CHICLAYO,PUCALA,122,7,115,0.05737704918032787
140119,2026,LAMBAYEQUE,CHICLAYO,PUCALA,41,0,41,0.0
140120,2020,LAMBAYEQUE,CHICLAYO,TUMAN,222,107,115,0.481981981981982
140120,2021,LAMBAYEQUE,CHICLAYO,TUMAN,169,48,121,0.28402366863905326
140120,2022,LAMBAYEQUE,CHICLAYO,TUMAN,172,69,103,0.4011627906976744
140120,2023,LAMBAYEQUE,CHICLAYO,TUMAN,478,131,347,0.27405857740585776
140120,2024,LAMBAYEQUE,CHICLAYO,TUMAN,437,85,352,0.1945080091533181
140120,2025,LAMBAYEQUE,CHICLAYO,TUMAN,472,84,388,0.17796610169491525
140120,2026,LAMBAYEQUE,CHICLAYO,TUMAN,203,37,166,0.18226600985221675
140201,2020,LAMBAYEQUE,FERREÑAFE,FERREÑAFE,437,179,258,0.4096109839816934
140201,2021,LAMBAYEQUE,FERREÑAFE,FERREÑAFE,257,58,199,0.22568093385214008
140201,2022,LAMBAYEQUE,FERREÑAFE,FERREÑAFE,297,66,231,0.2222222222222222
140201,2023,LAMBAYEQUE,FERREÑAFE,FERREÑAFE,771,190,581,0.24643320363164722
140201,2024,LAMBAYEQUE,FERREÑAFE,FERREÑAFE,716,103,613,0.14385474860335196
140201,2025,LAMBAYEQUE,FERREÑAFE,FERREÑAFE,393,70,323,0.178117048346056
140201,2026,LAMBAYEQUE,FERREÑAFE,FERREÑAFE,209,47,162,0.22488038277511962
140202,2020,LAMBAYEQUE,FERREÑAFE,CAÑARIS,351,270,81,0.7692307692307693
140202,2021,LAMBAYEQUE,FERREÑAFE,CAÑARIS,279,233,46,0.8351254480286738
140202,2022,LAMBAYEQUE,FERREÑAFE,CAÑARIS,559,427,132,0.7638640429338104
140202,2023,LAMBAYEQUE,FERREÑAFE,CAÑARIS,621,409,212,0.6586151368760065
140202,2024,LAMBAYEQUE,FERREÑAFE,CAÑARIS,554,440,114,0.7942238267148014
140202,2025,LAMBAYEQUE,FERREÑAFE,CAÑARIS,608,451,157,0.7417763157894737
140202,2026,LAMBAYEQUE,FERREÑAFE,CAÑARIS,391,286,105,0.731457800511509
140203,2020,LAMBAYEQUE,FERREÑAFE,INCAHUASI,296,273,23,0.9222972972972973
140203,2021,LAMBAYEQUE,FERREÑAFE,INCAHUASI,556,543,13,0.9766187050359713
140203,2022,LAMBAYEQUE,FERREÑAFE,INCAHUASI,357,350,7,0.9803921568627451
140203,2023,LAMBAYEQUE,FERREÑAFE,INCAHUASI,766,677,89,0.8838120104438643
140203,2024,LAMBAYEQUE,FERREÑAFE,INCAHUASI,727,662,65,0.9105914718019257
140203,2025,LAMBAYEQUE,FERREÑAFE,INCAHUASI,680,529,151,0.7779411764705882
140203,2026,LAMBAYEQUE,FERREÑAFE,INCAHUASI,369,264,105,0.7154471544715447
140204,2020,LAMBAYEQUE,FERREÑAFE,MANUEL ANTONIO MESONES MURO,88,2,86,0.022727272727272728
140204,2021,LAMBAYEQUE,FERREÑAFE,MANUEL ANTONIO MESONES MURO,94,16,78,0.1702127659574468
140204,2022,LAMBAYEQUE,FERREÑAFE,MANUEL ANTONIO MESONES MURO,69,25,44,0.36231884057971014
140204,2023,LAMBAYEQUE,FERREÑAFE,MANUEL ANTONIO MESONES MURO,166,30,136,0.18072289156626506
140204,2024,LAMBAYEQUE,FERREÑAFE,MANUEL ANTONIO MESONES MURO,153,16,137,0.10457516339869281
140204,2025,LAMBAYEQUE,FERREÑAFE,MANUEL ANTONIO MESONES MURO,164,18,146,0.10975609756097561
140204,2026,LAMBAYEQUE,FERREÑAFE,MANUEL ANTONIO MESONES MURO,107,7,100,0.06542056074766354
140205,2020,LAMBAYEQUE,FERREÑAFE,PITIPO,362,123,239,0.3397790055248619
140205,2021,LAMBAYEQUE,FERREÑAFE,PITIPO,612,154,458,0.25163398692810457
140205,2022,LAMBAYEQUE,FERREÑAFE,PITIPO,336,98,238,0.2916666666666667
140205,2023,LAMBAYEQUE,FERREÑAFE,PITIPO,893,180,713,0.20156774916013437
140205,2024,LAMBAYEQUE,FERREÑAFE,PITIPO,843,112,731,0.132858837485172
140205,2025,LAMBAYEQUE,FERREÑAFE,PITIPO,740,98,642,0.13243243243243244
140205,2026,LAMBAYEQUE,FERREÑAFE,PITIPO,447,74,373,0.16554809843400448
140206,2020,LAMBAYEQUE,FERREÑAFE,PUEBLO NUEVO,205,58,147,0.28292682926829266
140206,2021,LAMBAYEQUE,FERREÑAFE,PUEBLO NUEVO,132,15,117,0.11363636363636363
140206,2022,LAMBAYEQUE,FERREÑAFE,PUEBLO NUEVO,149,44,105,0.2953020134228188
140206,2023,LAMBAYEQUE,FERREÑAFE,PUEBLO NUEVO,501,23,478,0.04590818363273453
140206,2024,LAMBAYEQUE,FERREÑAFE,PUEBLO NUEVO,516,1,515,0.001937984496124031
140206,2025,LAMBAYEQUE,FERREÑAFE,PUEBLO NUEVO,731,4,727,0.005471956224350205
140206,2026,LAMBAYEQUE,FERREÑAFE,PUEBLO NUEVO,458,5,453,0.010917030567685589
140301,2020,LAMBAYEQUE,LAMBAYEQUE,LAMBAYEQUE,1148,497,651,0.4329268292682927
140301,2021,LAMBAYEQUE,LAMBAYEQUE,LAMBAYEQUE,752,232,520,0.30851063829787234
140301,2022,LAMBAYEQUE,LAMBAYEQUE,LAMBAYEQUE,741,234,507,0.3157894736842105
140301,2023,LAMBAYEQUE,LAMBAYEQUE,LAMBAYEQUE,2085,497,1588,0.2383693045563549
140301,2024,LAMBAYEQUE,LAMBAYEQUE,LAMBAYEQUE,2164,542,1622,0.25046210720887246
140301,2025,LAMBAYEQUE,LAMBAYEQUE,LAMBAYEQUE,2191,375,1816,0.17115472387037883
140301,2026,LAMBAYEQUE,LAMBAYEQUE,LAMBAYEQUE,1411,275,1136,0.19489723600283487
140302,2020,LAMBAYEQUE,LAMBAYEQUE,CHOCHOPE,17,2,15,0.11764705882352941
140302,2021,LAMBAYEQUE,LAMBAYEQUE,CHOCHOPE,44,3,41,0.06818181818181818
140302,2022,LAMBAYEQUE,LAMBAYEQUE,CHOCHOPE,13,4,9,0.3076923076923077
140302,2023,LAMBAYEQUE,LAMBAYEQUE,CHOCHOPE,65,10,55,0.15384615384615385
140302,2024,LAMBAYEQUE,LAMBAYEQUE,CHOCHOPE,63,5,58,0.07936507936507936
140302,2025,LAMBAYEQUE,LAMBAYEQUE,CHOCHOPE,66,5,61,0.07575757575757576
140302,2026,LAMBAYEQUE,LAMBAYEQUE,CHOCHOPE,44,5,39,0.11363636363636363
140303,2020,LAMBAYEQUE,LAMBAYEQUE,ILLIMO,197,73,124,0.37055837563451777
140303,2021,LAMBAYEQUE,LAMBAYEQUE,ILLIMO,306,142,164,0.46405228758169936
140303,2022,LAMBAYEQUE,LAMBAYEQUE,ILLIMO,138,65,73,0.47101449275362317
140303,2023,LAMBAYEQUE,LAMBAYEQUE,ILLIMO,427,156,271,0.36533957845433257
140303,2024,LAMBAYEQUE,LAMBAYEQUE,ILLIMO,394,59,335,0.14974619289340102
140303,2025,LAMBAYEQUE,LAMBAYEQUE,ILLIMO,423,38,385,0.08983451536643026
140303,2026,LAMBAYEQUE,LAMBAYEQUE,ILLIMO,285,28,257,0.09824561403508772
140304,2020,LAMBAYEQUE,LAMBAYEQUE,JAYANCA,394,177,217,0.44923857868020306
140304,2021,LAMBAYEQUE,LAMBAYEQUE,JAYANCA,397,110,287,0.2770780856423174
140304,2022,LAMBAYEQUE,LAMBAYEQUE,JAYANCA,266,85,181,0.31954887218045114
140304,2023,LAMBAYEQUE,LAMBAYEQUE,JAYANCA,564,160,404,0.28368794326241137
140304,2024,LAMBAYEQUE,LAMBAYEQUE,JAYANCA,632,112,520,0.17721518987341772
140304,2025,LAMBAYEQUE,LAMBAYEQUE,JAYANCA,720,33,687,0.04583333333333333
140304,2026,LAMBAYEQUE,LAMBAYEQUE,JAYANCA,368,13,355,0.035326086956521736
140305,2020,LAMBAYEQUE,LAMBAYEQUE,MOCHUMI,476,170,306,0.35714285714285715
140305,2021,LAMBAYEQUE,LAMBAYEQUE,MOCHUMI,544,121,423,0.22242647058823528
140305,2022,LAMBAYEQUE,LAMBAYEQUE,MOCHUMI,225,33,192,0.14666666666666667
140305,2023,LAMBAYEQUE,LAMBAYEQUE,MOCHUMI,825,105,720,0.12727272727272726
140305,2024,LAMBAYEQUE,LAMBAYEQUE,MOCHUMI,708,63,645,0.08898305084745763
140305,2025,LAMBAYEQUE,LAMBAYEQUE,MOCHUMI,778,39,739,0.05012853470437018
140305,2026,LAMBAYEQUE,LAMBAYEQUE,MOCHUMI,423,33,390,0.07801418439716312
140306,2020,LAMBAYEQUE,LAMBAYEQUE,MORROPE,1005,472,533,0.4696517412935323
140306,2021,LAMBAYEQUE,LAMBAYEQUE,MORROPE,1542,562,980,0.364461738002594
140306,2022,LAMBAYEQUE,LAMBAYEQUE,MORROPE,785,349,436,0.4445859872611465
140306,2023,LAMBAYEQUE,LAMBAYEQUE,MORROPE,2423,837,1586,0.3454395377631036
140306,2024,LAMBAYEQUE,LAMBAYEQUE,MORROPE,3133,739,2394,0.23587615703798276
140306,2025,LAMBAYEQUE,LAMBAYEQUE,MORROPE,3080,536,2544,0.17402597402597403
140306,2026,LAMBAYEQUE,LAMBAYEQUE,MORROPE,1752,357,1395,0.20376712328767124
140307,2020,LAMBAYEQUE,LAMBAYEQUE,MOTUPE,581,235,346,0.4044750430292599
140307,2021,LAMBAYEQUE,LAMBAYEQUE,MOTUPE,852,285,567,0.3345070422535211
140307,2022,LAMBAYEQUE,LAMBAYEQUE,MOTUPE,521,194,327,0.3723608445297505
140307,2023,LAMBAYEQUE,LAMBAYEQUE,MOTUPE,861,397,464,0.4610917537746806
140307,2024,LAMBAYEQUE,LAMBAYEQUE,MOTUPE,1091,192,899,0.1759853345554537
140307,2025,LAMBAYEQUE,LAMBAYEQUE,MOTUPE,1002,101,901,0.10079840319361277
140307,2026,LAMBAYEQUE,LAMBAYEQUE,MOTUPE,589,77,512,0.1307300509337861
140308,2020,LAMBAYEQUE,LAMBAYEQUE,OLMOS,901,398,503,0.44173140954495005
140308,2021,LAMBAYEQUE,LAMBAYEQUE,OLMOS,1283,466,817,0.36321122369446607
140308,2022,LAMBAYEQUE,LAMBAYEQUE,OLMOS,892,258,634,0.289237668161435
140308,2023,LAMBAYEQUE,LAMBAYEQUE,OLMOS,1174,247,927,0.21039182282793867
140308,2024,LAMBAYEQUE,LAMBAYEQUE,OLMOS,1886,259,1627,0.13732767762460232
140308,2025,LAMBAYEQUE,LAMBAYEQUE,OLMOS,2088,204,1884,0.09770114942528736
140308,2026,LAMBAYEQUE,LAMBAYEQUE,OLMOS,1114,209,905,0.18761220825852784
140309,2020,LAMBAYEQUE,LAMBAYEQUE,PACORA,163,49,114,0.3006134969325153
140309,2021,LAMBAYEQUE,LAMBAYEQUE,PACORA,127,26,101,0.2047244094488189
140309,2022,LAMBAYEQUE,LAMBAYEQUE,PACORA,88,20,68,0.22727272727272727
140309,2023,LAMBAYEQUE,LAMBAYEQUE,PACORA,287,67,220,0.23344947735191637
140309,2024,LAMBAYEQUE,LAMBAYEQUE,PACORA,310,24,286,0.07741935483870968
140309,2025,LAMBAYEQUE,LAMBAYEQUE,PACORA,320,33,287,0.103125
140309,2026,LAMBAYEQUE,LAMBAYEQUE,PACORA,166,29,137,0.1746987951807229
140310,2020,LAMBAYEQUE,LAMBAYEQUE,SALAS,197,70,127,0.3553299492385787
140310,2021,LAMBAYEQUE,LAMBAYEQUE,SALAS,128,46,82,0.359375
140310,2022,LAMBAYEQUE,LAMBAYEQUE,SALAS,161,56,105,0.34782608695652173
140310,2023,LAMBAYEQUE,LAMBAYEQUE,SALAS,521,155,366,0.29750479846449135
140310,2024,LAMBAYEQUE,LAMBAYEQUE,SALAS,498,93,405,0.18674698795180722
140310,2025,LAMBAYEQUE,LAMBAYEQUE,SALAS,485,79,406,0.16288659793814433
140310,2026,LAMBAYEQUE,LAMBAYEQUE,SALAS,319,62,257,0.19435736677115986
140311,2020,LAMBAYEQUE,LAMBAYEQUE,SAN JOSE,443,174,269,0.3927765237020316
140311,2021,LAMBAYEQUE,LAMBAYEQUE,SAN JOSE,297,112,185,0.3771043771043771
140311,2022,LAMBAYEQUE,LAMBAYEQUE,SAN JOSE,338,136,202,0.40236686390532544
140311,2023,LAMBAYEQUE,LAMBAYEQUE,SAN JOSE,571,149,422,0.2609457092819615
140311,2024,LAMBAYEQUE,LAMBAYEQUE,SAN JOSE,787,100,687,0.12706480304955528
140311,2025,LAMBAYEQUE,LAMBAYEQUE,SAN JOSE,765,61,704,0.07973856209150326
140311,2026,LAMBAYEQUE,LAMBAYEQUE,SAN JOSE,461,48,413,0.10412147505422993
140312,2020,LAMBAYEQUE,LAMBAYEQUE,TUCUME,395,77,318,0.1949367088607595
140312,2021,LAMBAYEQUE,LAMBAYEQUE,TUCUME,598,141,457,0.23578595317725753
140312,2022,LAMBAYEQUE,LAMBAYEQUE,TUCUME,517,141,376,0.2727272727272727
140312,2023,LAMBAYEQUE,LAMBAYEQUE,TUCUME,911,185,726,0.2030735455543359
140312,2024,LAMBAYEQUE,LAMBAYEQUE,TUCUME,1021,118,903,0.11557296767874632
140312,2025,LAMBAYEQUE,LAMBAYEQUE,TUCUME,873,42,831,0.048109965635738834
140312,2026,LAMBAYEQUE,LAMBAYEQUE,TUCUME,470,23,447,0.04893617021276596
150101,2020,LIMA,LIMA,LIMA,2379,530,1849,0.22278268179907523
150101,2021,LIMA,LIMA,LIMA,2576,465,2111,0.18051242236024845
150101,2022,LIMA,LIMA,LIMA,2064,414,1650,0.2005813953488372
150101,2023,LIMA,LIMA,LIMA,3516,676,2840,0.19226393629124006
150101,2024,LIMA,LIMA,LIMA,3342,468,2874,0.1400359066427289
150101,2025,LIMA,LIMA,LIMA,3147,480,2667,0.15252621544327932
150101,2026,LIMA,LIMA,LIMA,1359,270,1089,0.1986754966887417
150102,2020,LIMA,LIMA,ANCON,1003,377,626,0.37587238285144564
150102,2021,LIMA,LIMA,ANCON,665,196,469,0.29473684210526313
150102,2022,LIMA,LIMA,ANCON,617,176,441,0.2852512155591572
150102,2023,LIMA,LIMA,ANCON,1296,341,955,0.2631172839506173
150102,2024,LIMA,LIMA,ANCON,1556,240,1316,0.15424164524421594
150102,2025,LIMA,LIMA,ANCON,1484,201,1283,0.13544474393530997
150102,2026,LIMA,LIMA,ANCON,752,116,636,0.15425531914893617
150103,2020,LIMA,LIMA,ATE,6172,2067,4105,0.334899546338302
150103,2021,LIMA,LIMA,ATE,5887,1540,4347,0.2615933412604043
150103,2022,LIMA,LIMA,ATE,4358,1194,3164,0.27397888939880677
150103,2023,LIMA,LIMA,ATE,10461,2186,8275,0.20896663798872
150103,2024,LIMA,LIMA,ATE,10655,1639,9016,0.15382449554199906
150103,2025,LIMA,LIMA,ATE,10564,1150,9414,0.10886028019689512
150103,2026,LIMA,LIMA,ATE,5170,702,4468,0.1357833655705996
150104,2020,LIMA,LIMA,BARRANCO,361,73,288,0.20221606648199447
150104,2021,LIMA,LIMA,BARRANCO,230,41,189,0.1782608695652174
150104,2022,LIMA,LIMA,BARRANCO,164,44,120,0.2682926829268293
150104,2023,LIMA,LIMA,BARRANCO,272,68,204,0.25
150104,2024,LIMA,LIMA,BARRANCO,362,42,320,0.11602209944751381
150104,2025,LIMA,LIMA,BARRANCO,296,31,265,0.10472972972972973
150104,2026,LIMA,LIMA,BARRANCO,123,19,104,0.15447154471544716
150105,2020,LIMA,LIMA,BREÑA,26,8,18,0.3076923076923077
150105,2021,LIMA,LIMA,BREÑA,786,118,668,0.15012722646310434
150105,2022,LIMA,LIMA,BREÑA,439,81,358,0.1845102505694761
150105,2023,LIMA,LIMA,BREÑA,751,147,604,0.19573901464713714
150105,2024,LIMA,LIMA,BREÑA,703,87,616,0.12375533428165007
150105,2025,LIMA,LIMA,BREÑA,695,82,613,0.11798561151079137
150105,2026,LIMA,LIMA,BREÑA,373,47,326,0.1260053619302949
150106,2020,LIMA,LIMA,CARABAYLLO,5029,1533,3496,0.3048319745476238
150106,2021,LIMA,LIMA,CARABAYLLO,4996,1221,3775,0.2443955164131305
150106,2022,LIMA,LIMA,CARABAYLLO,3788,1094,2694,0.28880675818373813
150106,2023,LIMA,LIMA,CARABAYLLO,6380,1548,4832,0.2426332288401254
150106,2024,LIMA,LIMA,CARABAYLLO,6557,977,5580,0.1490010675613848
150106,2025,LIMA,LIMA,CARABAYLLO,6356,757,5599,0.11910006293266205
150106,2026,LIMA,LIMA,CARABAYLLO,3065,511,2554,0.166721044045677
150107,2020,LIMA,LIMA,CHACLACAYO,603,182,421,0.3018242122719735
150107,2021,LIMA,LIMA,CHACLACAYO,714,175,539,0.24509803921568626
150107,2022,LIMA,LIMA,CHACLACAYO,529,165,364,0.31190926275992437
150107,2023,LIMA,LIMA,CHACLACAYO,1397,334,1063,0.23908375089477452
150107,2024,LIMA,LIMA,CHACLACAYO,1209,259,950,0.2142266335814723
150107,2025,LIMA,LIMA,CHACLACAYO,1035,315,720,0.30434782608695654
150107,2026,LIMA,LIMA,CHACLACAYO,502,142,360,0.28286852589641437
150108,2020,LIMA,LIMA,CHORRILLOS,3643,1324,2319,0.3634367279714521
150108,2021,LIMA,LIMA,CHORRILLOS,3852,1095,2757,0.2842679127725857
150108,2022,LIMA,LIMA,CHORRILLOS,2330,766,1564,0.32875536480686696
150108,2023,LIMA,LIMA,CHORRILLOS,4096,1137,2959,0.277587890625
150108,2024,LIMA,LIMA,CHORRILLOS,4399,674,3725,0.1532166401454876
150108,2025,LIMA,LIMA,CHORRILLOS,4033,554,3479,0.13736672452268783
150108,2026,LIMA,LIMA,CHORRILLOS,1995,286,1709,0.14335839598997493
150109,2020,LIMA,LIMA,CIENEGUILLA,278,69,209,0.24820143884892087
150109,2021,LIMA,LIMA,CIENEGUILLA,382,56,326,0.14659685863874344
150109,2022,LIMA,LIMA,CIENEGUILLA,194,61,133,0.31443298969072164
150109,2023,LIMA,LIMA,CIENEGUILLA,687,131,556,0.19068413391557495
150109,2024,LIMA,LIMA,CIENEGUILLA,743,131,612,0.17631224764468373
150109,2025,LIMA,LIMA,CIENEGUILLA,689,86,603,0.12481857764876633
150109,2026,LIMA,LIMA,CIENEGUILLA,306,33,273,0.10784313725490197
150110,2020,LIMA,LIMA,COMAS,7320,2016,5304,0.2754098360655738
150110,2021,LIMA,LIMA,COMAS,7118,1545,5573,0.21705535262714246
150110,2022,LIMA,LIMA,COMAS,4459,1154,3305,0.2588024220677282
150110,2023,LIMA,LIMA,COMAS,8371,1676,6695,0.20021502807310954
150110,2024,LIMA,LIMA,COMAS,8608,1103,7505,0.12813661710037175
150110,2025,LIMA,LIMA,COMAS,8399,1048,7351,0.12477675913799262
150110,2026,LIMA,LIMA,COMAS,3844,569,3275,0.14802289281997918
150111,2020,LIMA,LIMA,EL AGUSTINO,1852,619,1233,0.33423326133909287
150111,2021,LIMA,LIMA,EL AGUSTINO,2467,623,1844,0.2525334414268342
150111,2022,LIMA,LIMA,EL AGUSTINO,1717,492,1225,0.2865463016889924
150111,2023,LIMA,LIMA,EL AGUSTINO,2838,755,2083,0.26603241719520787
150111,2024,LIMA,LIMA,EL AGUSTINO,3051,574,2477,0.18813503769255982
150111,2025,LIMA,LIMA,EL AGUSTINO,3022,483,2539,0.1598279285241562
150111,2026,LIMA,LIMA,EL AGUSTINO,1099,236,863,0.21474067333939945
150112,2020,LIMA,LIMA,INDEPENDENCIA,2626,1017,1609,0.3872810357958873
150112,2021,LIMA,LIMA,INDEPENDENCIA,2522,667,1855,0.26447264076130056
150112,2022,LIMA,LIMA,INDEPENDENCIA,2003,575,1428,0.2870693959061408
150112,2023,LIMA,LIMA,INDEPENDENCIA,3276,879,2397,0.2683150183150183
150112,2024,LIMA,LIMA,INDEPENDENCIA,3481,534,2947,0.1534041941970698
150112,2025,LIMA,LIMA,INDEPENDENCIA,3409,335,3074,0.0982692871809915
150112,2026,LIMA,LIMA,INDEPENDENCIA,1638,219,1419,0.1336996336996337
150113,2020,LIMA,LIMA,JESUS MARIA,274,75,199,0.2737226277372263
150113,2021,LIMA,LIMA,JESUS MARIA,413,44,369,0.10653753026634383
150113,2022,LIMA,LIMA,JESUS MARIA,412,54,358,0.13106796116504854
150113,2023,LIMA,LIMA,JESUS MARIA,377,64,313,0.16976127320954906
150113,2024,LIMA,LIMA,JESUS MARIA,408,23,385,0.056372549019607844
150113,2025,LIMA,LIMA,JESUS MARIA,363,35,328,0.09641873278236915
150113,2026,LIMA,LIMA,JESUS MARIA,166,14,152,0.08433734939759036
150114,2020,LIMA,LIMA,LA MOLINA,645,54,591,0.08372093023255814
150114,2021,LIMA,LIMA,LA MOLINA,504,45,459,0.08928571428571429
150114,2022,LIMA,LIMA,LA MOLINA,352,37,315,0.10511363636363637
150114,2023,LIMA,LIMA,LA MOLINA,935,70,865,0.0748663101604278
150114,2024,LIMA,LIMA,LA MOLINA,677,37,640,0.05465288035450517
150114,2025,LIMA,LIMA,LA MOLINA,747,43,704,0.05756358768406961
150114,2026,LIMA,LIMA,LA MOLINA,390,23,367,0.05897435897435897
150115,2020,LIMA,LIMA,LA VICTORIA,1830,528,1302,0.28852459016393445
150115,2021,LIMA,LIMA,LA VICTORIA,2127,334,1793,0.15702867889045605
150115,2022,LIMA,LIMA,LA VICTORIA,1589,297,1292,0.1869100062932662
150115,2023,LIMA,LIMA,LA VICTORIA,2247,445,1802,0.19804183355585225
150115,2024,LIMA,LIMA,LA VICTORIA,2467,282,2185,0.11430887717875962
150115,2025,LIMA,LIMA,LA VICTORIA,2280,268,2012,0.11754385964912281
150115,2026,LIMA,LIMA,LA VICTORIA,1069,187,882,0.17492984097287184
150116,2020,LIMA,LIMA,LINCE,73,20,53,0.273972602739726
150116,2021,LIMA,LIMA,LINCE,207,28,179,0.13526570048309178
150116,2022,LIMA,LIMA,LINCE,148,36,112,0.24324324324324326
150116,2023,LIMA,LIMA,LINCE,296,43,253,0.14527027027027026
150116,2024,LIMA,LIMA,LINCE,341,17,324,0.04985337243401759
150116,2025,LIMA,LIMA,LINCE,331,6,325,0.01812688821752266
150116,2026,LIMA,LIMA,LINCE,153,3,150,0.0196078431372549
150117,2020,LIMA,LIMA,LOS OLIVOS,3976,966,3010,0.24295774647887325
150117,2021,LIMA,LIMA,LOS OLIVOS,4002,771,3231,0.1926536731634183
150117,2022,LIMA,LIMA,LOS OLIVOS,2513,612,1901,0.24353362514922403
150117,2023,LIMA,LIMA,LOS OLIVOS,5253,948,4305,0.18046830382638493
150117,2024,LIMA,LIMA,LOS OLIVOS,5180,535,4645,0.10328185328185328
150117,2025,LIMA,LIMA,LOS OLIVOS,4808,465,4343,0.09671381031613976
150117,2026,LIMA,LIMA,LOS OLIVOS,2146,237,1909,0.11043802423112768
150118,2020,LIMA,LIMA,LURIGANCHO,3089,1287,1802,0.41663968921981226
150118,2021,LIMA,LIMA,LURIGANCHO,3684,1229,2455,0.3336047774158523
150118,2022,LIMA,LIMA,LURIGANCHO,2901,1015,1886,0.3498793519476043
150118,2023,LIMA,LIMA,LURIGANCHO,5689,1680,4009,0.29530673229038495
150118,2024,LIMA,LIMA,LURIGANCHO,5042,1996,3046,0.3958746529155097
150118,2025,LIMA,LIMA,LURIGANCHO,4992,2233,2759,0.4473157051282051
150118,2026,LIMA,LIMA,LURIGANCHO,2579,1262,1317,0.4893369523070958
150119,2020,LIMA,LIMA,LURIN,1922,714,1208,0.37148803329864727
150119,2021,LIMA,LIMA,LURIN,1910,523,1387,0.27382198952879583
150119,2022,LIMA,LIMA,LURIN,1413,382,1031,0.27034677990092004
150119,2023,LIMA,LIMA,LURIN,2265,442,1823,0.19514348785871966
150119,2024,LIMA,LIMA,LURIN,2305,318,1987,0.13796095444685466
150119,2025,LIMA,LIMA,LURIN,2283,268,2015,0.11738939991239597
150119,2026,LIMA,LIMA,LURIN,1311,161,1150,0.12280701754385964
150120,2020,LIMA,LIMA,MAGDALENA DEL MAR,555,94,461,0.16936936936936936
150120,2021,LIMA,LIMA,MAGDALENA DEL MAR,473,77,396,0.16279069767441862
150120,2022,LIMA,LIMA,MAGDALENA DEL MAR,423,101,322,0.23877068557919623
150120,2023,LIMA,LIMA,MAGDALENA DEL MAR,718,130,588,0.181058495821727
150120,2024,LIMA,LIMA,MAGDALENA DEL MAR,775,58,717,0.07483870967741936
150120,2025,LIMA,LIMA,MAGDALENA DEL MAR,828,54,774,0.06521739130434782
150120,2026,LIMA,LIMA,MAGDALENA DEL MAR,233,42,191,0.18025751072961374
150122,2020,LIMA,LIMA,MIRAFLORES,314,59,255,0.18789808917197454
150122,2021,LIMA,LIMA,MIRAFLORES,396,48,348,0.12121212121212122
150122,2022,LIMA,LIMA,MIRAFLORES,314,39,275,0.12420382165605096
150122,2023,LIMA,LIMA,MIRAFLORES,237,26,211,0.10970464135021098
150122,2024,LIMA,LIMA,MIRAFLORES,186,20,166,0.10752688172043011
150122,2025,LIMA,LIMA,MIRAFLORES,135,20,115,0.14814814814814814
150122,2026,LIMA,LIMA,MIRAFLORES,99,24,75,0.24242424242424243
150123,2020,LIMA,LIMA,PACHACAMAC,2941,954,1987,0.3243794627677661
150123,2021,LIMA,LIMA,PACHACAMAC,2586,806,1780,0.31167826759474093
150123,2022,LIMA,LIMA,PACHACAMAC,1801,560,1241,0.31093836757357024
150123,2023,LIMA,LIMA,PACHACAMAC,3903,733,3170,0.18780425313861132
150123,2024,LIMA,LIMA,PACHACAMAC,3905,375,3530,0.09603072983354674
150123,2025,LIMA,LIMA,PACHACAMAC,3574,201,3373,0.05623950755456072
150123,2026,LIMA,LIMA,PACHACAMAC,1790,137,1653,0.07653631284916201
150124,2020,LIMA,LIMA,PUCUSANA,350,108,242,0.30857142857142855
150124,2021,LIMA,LIMA,PUCUSANA,300,87,213,0.29
150124,2022,LIMA,LIMA,PUCUSANA,241,82,159,0.34024896265560167
150124,2023,LIMA,LIMA,PUCUSANA,470,108,362,0.2297872340425532
150124,2024,LIMA,LIMA,PUCUSANA,490,53,437,0.10816326530612246
150124,2025,LIMA,LIMA,PUCUSANA,496,58,438,0.11693548387096774
150124,2026,LIMA,LIMA,PUCUSANA,241,37,204,0.15352697095435686
150125,2020,LIMA,LIMA,PUENTE PIEDRA,3225,1235,1990,0.3829457364341085
150125,2021,LIMA,LIMA,PUENTE PIEDRA,3689,1121,2568,0.3038763892653836
150125,2022,LIMA,LIMA,PUENTE PIEDRA,2776,876,1900,0.31556195965417866
150125,2023,LIMA,LIMA,PUENTE PIEDRA,5951,1358,4593,0.2281969416904722
150125,2024,LIMA,LIMA,PUENTE PIEDRA,6349,811,5538,0.12773665144117183
150125,2025,LIMA,LIMA,PUENTE PIEDRA,6510,621,5889,0.09539170506912442
150125,2026,LIMA,LIMA,PUENTE PIEDRA,3356,365,2991,0.10876042908224076
150126,2020,LIMA,LIMA,PUNTA HERMOSA,181,50,131,0.27624309392265195
150126,2021,LIMA,LIMA,PUNTA HERMOSA,169,64,105,0.378698224852071
150126,2022,LIMA,LIMA,PUNTA HERMOSA,107,27,80,0.2523364485981308
150126,2023,LIMA,LIMA,PUNTA HERMOSA,206,13,193,0.06310679611650485
150126,2024,LIMA,LIMA,PUNTA HERMOSA,176,8,168,0.045454545454545456
150126,2025,LIMA,LIMA,PUNTA HERMOSA,178,18,160,0.10112359550561797
150126,2026,LIMA,LIMA,PUNTA HERMOSA,112,13,99,0.11607142857142858
150127,2020,LIMA,LIMA,PUNTA NEGRA,113,32,81,0.2831858407079646
150127,2021,LIMA,LIMA,PUNTA NEGRA,113,26,87,0.23008849557522124
150127,2022,LIMA,LIMA,PUNTA NEGRA,114,16,98,0.14035087719298245
150127,2023,LIMA,LIMA,PUNTA NEGRA,187,5,182,0.026737967914438502
150127,2024,LIMA,LIMA,PUNTA NEGRA,218,2,216,0.009174311926605505
150127,2025,LIMA,LIMA,PUNTA NEGRA,185,5,180,0.02702702702702703
150127,2026,LIMA,LIMA,PUNTA NEGRA,119,9,110,0.07563025210084033
150128,2020,LIMA,LIMA,RIMAC,2040,609,1431,0.2985294117647059
150128,2021,LIMA,LIMA,RIMAC,1615,409,1206,0.2532507739938081
150128,2022,LIMA,LIMA,RIMAC,1356,436,920,0.3215339233038348
150128,2023,LIMA,LIMA,RIMAC,2889,551,2338,0.19072343371408793
150128,2024,LIMA,LIMA,RIMAC,3021,364,2657,0.12048990400529626
150128,2025,LIMA,LIMA,RIMAC,3102,340,2762,0.1096067053513862
150128,2026,LIMA,LIMA,RIMAC,1482,220,1262,0.1484480431848853
150129,2020,LIMA,LIMA,SAN BARTOLO,260,72,188,0.27692307692307694
150129,2021,LIMA,LIMA,SAN BARTOLO,299,77,222,0.25752508361204013
150129,2022,LIMA,LIMA,SAN BARTOLO,164,40,124,0.24390243902439024
150129,2023,LIMA,LIMA,SAN BARTOLO,342,67,275,0.195906432748538
150129,2024,LIMA,LIMA,SAN BARTOLO,313,33,280,0.10543130990415335
150129,2025,LIMA,LIMA,SAN BARTOLO,278,26,252,0.09352517985611511
150129,2026,LIMA,LIMA,SAN BARTOLO,135,12,123,0.08888888888888889
150130,2020,LIMA,LIMA,SAN BORJA,345,26,319,0.07536231884057971
150130,2021,LIMA,LIMA,SAN BORJA,207,7,200,0.033816425120772944
150130,2022,LIMA,LIMA,SAN BORJA,346,71,275,0.20520231213872833
150130,2023,LIMA,LIMA,SAN BORJA,1391,271,1120,0.19482386772106397
150130,2024,LIMA,LIMA,SAN BORJA,1034,128,906,0.12379110251450677
150130,2025,LIMA,LIMA,SAN BORJA,1013,131,882,0.12931885488647582
150130,2026,LIMA,LIMA,SAN BORJA,464,46,418,0.09913793103448276
150131,2020,LIMA,LIMA,SAN ISIDRO,151,28,123,0.18543046357615894
150131,2021,LIMA,LIMA,SAN ISIDRO,170,10,160,0.058823529411764705
150131,2022,LIMA,LIMA,SAN ISIDRO,130,29,101,0.2230769230769231
150131,2023,LIMA,LIMA,SAN ISIDRO,278,25,253,0.08992805755395683
150131,2024,LIMA,LIMA,SAN ISIDRO,214,14,200,0.06542056074766354
150131,2025,LIMA,LIMA,SAN ISIDRO,186,15,171,0.08064516129032258
150131,2026,LIMA,LIMA,SAN ISIDRO,44,3,41,0.06818181818181818
150132,2020,LIMA,LIMA,SAN JUAN DE LURIGANCHO,12895,3189,9706,0.24730515703761147
150132,2021,LIMA,LIMA,SAN JUAN DE LURIGANCHO,19619,2848,16771,0.14516540088689536
150132,2022,LIMA,LIMA,SAN JUAN DE LURIGANCHO,14172,2707,11465,0.19101044312729326
150132,2023,LIMA,LIMA,SAN JUAN DE LURIGANCHO,20870,3441,17429,0.16487781504551988
150132,2024,LIMA,LIMA,SAN JUAN DE LURIGANCHO,20444,1933,18511,0.0945509684993152
150132,2025,LIMA,LIMA,SAN JUAN DE LURIGANCHO,19750,1621,18129,0.0820759493670886
150132,2026,LIMA,LIMA,SAN JUAN DE LURIGANCHO,10179,972,9207,0.09549071618037135
150133,2020,LIMA,LIMA,SAN JUAN DE MIRAFLORES,5416,1142,4274,0.21085672082717874
150133,2021,LIMA,LIMA,SAN JUAN DE MIRAFLORES,4563,822,3741,0.18014464168310323
150133,2022,LIMA,LIMA,SAN JUAN DE MIRAFLORES,3179,759,2420,0.23875432525951557
150133,2023,LIMA,LIMA,SAN JUAN DE MIRAFLORES,5543,1013,4530,0.18275302182933428
150133,2024,LIMA,LIMA,SAN JUAN DE MIRAFLORES,5794,566,5228,0.09768726268553676
150133,2025,LIMA,LIMA,SAN JUAN DE MIRAFLORES,5249,472,4777,0.08992188988378738
150133,2026,LIMA,LIMA,SAN JUAN DE MIRAFLORES,2690,297,2393,0.1104089219330855
150134,2020,LIMA,LIMA,SAN LUIS,140,59,81,0.42142857142857143
150134,2021,LIMA,LIMA,SAN LUIS,417,105,312,0.2517985611510791
150134,2022,LIMA,LIMA,SAN LUIS,357,121,236,0.3389355742296919
150134,2023,LIMA,LIMA,SAN LUIS,344,87,257,0.25290697674418605
150134,2024,LIMA,LIMA,SAN LUIS,457,90,367,0.19693654266958424
150134,2025,LIMA,LIMA,SAN LUIS,461,55,406,0.1193058568329718
150134,2026,LIMA,LIMA,SAN LUIS,260,36,224,0.13846153846153847
150135,2020,LIMA,LIMA,SAN MARTIN DE PORRES,5597,1757,3840,0.31391817044845455
150135,2021,LIMA,LIMA,SAN MARTIN DE PORRES,6032,1384,4648,0.22944297082228116
150135,2022,LIMA,LIMA,SAN MARTIN DE PORRES,4100,1052,3048,0.25658536585365854
150135,2023,LIMA,LIMA,SAN MARTIN DE PORRES,6780,1440,5340,0.21238938053097345
150135,2024,LIMA,LIMA,SAN MARTIN DE PORRES,6432,805,5627,0.12515547263681592
150135,2025,LIMA,LIMA,SAN MARTIN DE PORRES,6319,651,5668,0.10302263016300048
150135,2026,LIMA,LIMA,SAN MARTIN DE PORRES,2955,406,2549,0.1373942470389171
150136,2020,LIMA,LIMA,SAN MIGUEL,698,108,590,0.15472779369627507
150136,2021,LIMA,LIMA,SAN MIGUEL,801,80,721,0.09987515605493133
150136,2022,LIMA,LIMA,SAN MIGUEL,640,86,554,0.134375
150136,2023,LIMA,LIMA,SAN MIGUEL,851,161,690,0.1891891891891892
150136,2024,LIMA,LIMA,SAN MIGUEL,860,71,789,0.08255813953488372
150136,2025,LIMA,LIMA,SAN MIGUEL,687,43,644,0.06259097525473072
150136,2026,LIMA,LIMA,SAN MIGUEL,321,33,288,0.102803738317757
150137,2020,LIMA,LIMA,SANTA ANITA,2627,854,1773,0.325085649029311
150137,2021,LIMA,LIMA,SANTA ANITA,2102,534,1568,0.25404376784015226
150137,2022,LIMA,LIMA,SANTA ANITA,1818,378,1440,0.2079207920792079
150137,2023,LIMA,LIMA,SANTA ANITA,3577,645,2932,0.1803187028235952
150137,2024,LIMA,LIMA,SANTA ANITA,3416,315,3101,0.09221311475409837
150137,2025,LIMA,LIMA,SANTA ANITA,3290,321,2969,0.09756838905775075
150137,2026,LIMA,LIMA,SANTA ANITA,1469,205,1264,0.13955071477195372
150138,2020,LIMA,LIMA,SANTA MARIA DEL MAR,21,8,13,0.38095238095238093
150138,2021,LIMA,LIMA,SANTA MARIA DEL MAR,16,3,13,0.1875
150138,2022,LIMA,LIMA,SANTA MARIA DEL MAR,17,4,13,0.23529411764705882
150138,2023,LIMA,LIMA,SANTA MARIA DEL MAR,22,3,19,0.13636363636363635
150138,2024,LIMA,LIMA,SANTA MARIA DEL MAR,18,6,12,0.3333333333333333
150138,2025,LIMA,LIMA,SANTA MARIA DEL MAR,31,4,27,0.12903225806451613
150138,2026,LIMA,LIMA,SANTA MARIA DEL MAR,11,1,10,0.09090909090909091
150139,2020,LIMA,LIMA,SANTA ROSA,254,87,167,0.3425196850393701
150139,2021,LIMA,LIMA,SANTA ROSA,240,71,169,0.29583333333333334
150139,2022,LIMA,LIMA,SANTA ROSA,257,95,162,0.36964980544747084
150139,2023,LIMA,LIMA,SANTA ROSA,594,149,445,0.25084175084175087
150139,2024,LIMA,LIMA,SANTA ROSA,636,91,545,0.1430817610062893
150139,2025,LIMA,LIMA,SANTA ROSA,642,68,574,0.1059190031152648
150139,2026,LIMA,LIMA,SANTA ROSA,362,50,312,0.13812154696132597
150140,2020,LIMA,LIMA,SANTIAGO DE SURCO,1686,460,1226,0.27283511269276395
150140,2021,LIMA,LIMA,SANTIAGO DE SURCO,1978,291,1687,0.14711830131445905
150140,2022,LIMA,LIMA,SANTIAGO DE SURCO,1471,316,1155,0.21481985044187626
150140,2023,LIMA,LIMA,SANTIAGO DE SURCO,1628,269,1359,0.16523341523341523
150140,2024,LIMA,LIMA,SANTIAGO DE SURCO,1537,115,1422,0.07482108002602472
150140,2025,LIMA,LIMA,SANTIAGO DE SURCO,1875,141,1734,0.0752
150140,2026,LIMA,LIMA,SANTIAGO DE SURCO,973,110,863,0.1130524152106886
150141,2020,LIMA,LIMA,SURQUILLO,762,117,645,0.15354330708661418
150141,2021,LIMA,LIMA,SURQUILLO,604,82,522,0.1357615894039735
150141,2022,LIMA,LIMA,SURQUILLO,299,44,255,0.14715719063545152
150141,2023,LIMA,LIMA,SURQUILLO,692,120,572,0.17341040462427745
150141,2024,LIMA,LIMA,SURQUILLO,802,63,739,0.07855361596009976
150141,2025,LIMA,LIMA,SURQUILLO,732,72,660,0.09836065573770492
150141,2026,LIMA,LIMA,SURQUILLO,334,42,292,0.12574850299401197
150142,2020,LIMA,LIMA,VILLA EL SALVADOR,6225,1726,4499,0.2772690763052209
150142,2021,LIMA,LIMA,VILLA EL SALVADOR,7305,1670,5635,0.22861054072553047
150142,2022,LIMA,LIMA,VILLA EL SALVADOR,4978,1062,3916,0.213338690237043
150142,2023,LIMA,LIMA,VILLA EL SALVADOR,8508,1405,7103,0.1651386929948284
150142,2024,LIMA,LIMA,VILLA EL SALVADOR,8868,809,8059,0.09122688317546233
150142,2025,LIMA,LIMA,VILLA EL SALVADOR,7902,553,7349,0.06998228296633764
150142,2026,LIMA,LIMA,VILLA EL SALVADOR,4095,331,3764,0.08083028083028083
150143,2020,LIMA,LIMA,VILLA MARIA DEL TRIUNFO,7381,2011,5370,0.27245630673350496
150143,2021,LIMA,LIMA,VILLA MARIA DEL TRIUNFO,8161,1941,6220,0.237838500183801
150143,2022,LIMA,LIMA,VILLA MARIA DEL TRIUNFO,4335,1140,3195,0.2629757785467128
150143,2023,LIMA,LIMA,VILLA MARIA DEL TRIUNFO,7619,1292,6327,0.16957605985037408
150143,2024,LIMA,LIMA,VILLA MARIA DEL TRIUNFO,7368,676,6692,0.09174809989142237
150143,2025,LIMA,LIMA,VILLA MARIA DEL TRIUNFO,6947,590,6357,0.08492874622139053
150143,2026,LIMA,LIMA,VILLA MARIA DEL TRIUNFO,3595,373,3222,0.10375521557719054
150201,2020,LIMA,BARRANCA,BARRANCA,1077,155,922,0.14391829155060354
150201,2021,LIMA,BARRANCA,BARRANCA,1253,103,1150,0.08220271348762968
150201,2022,LIMA,BARRANCA,BARRANCA,758,76,682,0.10026385224274406
150201,2023,LIMA,BARRANCA,BARRANCA,1894,119,1775,0.06282998944033791
150201,2024,LIMA,BARRANCA,BARRANCA,1922,72,1850,0.037460978147762745
150201,2025,LIMA,BARRANCA,BARRANCA,1917,68,1849,0.03547209181011998
150201,2026,LIMA,BARRANCA,BARRANCA,1092,53,1039,0.048534798534798536
150202,2020,LIMA,BARRANCA,PARAMONGA,270,28,242,0.1037037037037037
150202,2021,LIMA,BARRANCA,PARAMONGA,210,22,188,0.10476190476190476
150202,2022,LIMA,BARRANCA,PARAMONGA,249,29,220,0.11646586345381527
150202,2023,LIMA,BARRANCA,PARAMONGA,502,25,477,0.049800796812749
150202,2024,LIMA,BARRANCA,PARAMONGA,465,13,452,0.02795698924731183
150202,2025,LIMA,BARRANCA,PARAMONGA,457,2,455,0.00437636761487965
150202,2026,LIMA,BARRANCA,PARAMONGA,262,6,256,0.022900763358778626
150203,2020,LIMA,BARRANCA,PATIVILCA,334,10,324,0.029940119760479042
150203,2021,LIMA,BARRANCA,PATIVILCA,205,8,197,0.03902439024390244
150203,2022,LIMA,BARRANCA,PATIVILCA,162,13,149,0.08024691358024691
150203,2023,LIMA,BARRANCA,PATIVILCA,543,32,511,0.058931860036832415
150203,2024,LIMA,BARRANCA,PATIVILCA,498,11,487,0.02208835341365462
150203,2025,LIMA,BARRANCA,PATIVILCA,553,6,547,0.0108499095840868
150203,2026,LIMA,BARRANCA,PATIVILCA,344,6,338,0.01744186046511628
150204,2020,LIMA,BARRANCA,SUPE,493,36,457,0.07302231237322515
150204,2021,LIMA,BARRANCA,SUPE,458,33,425,0.07205240174672489
150204,2022,LIMA,BARRANCA,SUPE,302,29,273,0.09602649006622517
150204,2023,LIMA,BARRANCA,SUPE,978,79,899,0.08077709611451943
150204,2024,LIMA,BARRANCA,SUPE,985,44,941,0.04467005076142132
150204,2025,LIMA,BARRANCA,SUPE,954,51,903,0.05345911949685535
150204,2026,LIMA,BARRANCA,SUPE,609,24,585,0.03940886699507389
150205,2020,LIMA,BARRANCA,SUPE PUERTO,168,18,150,0.10714285714285714
150205,2021,LIMA,BARRANCA,SUPE PUERTO,192,15,177,0.078125
150205,2022,LIMA,BARRANCA,SUPE PUERTO,141,12,129,0.0851063829787234
150205,2023,LIMA,BARRANCA,SUPE PUERTO,442,35,407,0.07918552036199095
150205,2024,LIMA,BARRANCA,SUPE PUERTO,442,31,411,0.07013574660633484
150205,2025,LIMA,BARRANCA,SUPE PUERTO,405,23,382,0.056790123456790124
150205,2026,LIMA,BARRANCA,SUPE PUERTO,250,15,235,0.06
150301,2020,LIMA,CAJATAMBO,CAJATAMBO,22,2,20,0.09090909090909091
150301,2021,LIMA,CAJATAMBO,CAJATAMBO,42,3,39,0.07142857142857142
150301,2022,LIMA,CAJATAMBO,CAJATAMBO,12,2,10,0.16666666666666666
150301,2023,LIMA,CAJATAMBO,CAJATAMBO,58,4,54,0.06896551724137931
150301,2024,LIMA,CAJATAMBO,CAJATAMBO,54,2,52,0.037037037037037035
150301,2025,LIMA,CAJATAMBO,CAJATAMBO,66,18,48,0.2727272727272727
150301,2026,LIMA,CAJATAMBO,CAJATAMBO,32,1,31,0.03125
150302,2020,LIMA,CAJATAMBO,COPA,11,5,6,0.45454545454545453
150302,2021,LIMA,CAJATAMBO,COPA,17,15,2,0.8823529411764706
150302,2022,LIMA,CAJATAMBO,COPA,9,6,3,0.6666666666666666
150302,2023,LIMA,CAJATAMBO,COPA,28,6,22,0.21428571428571427
150302,2024,LIMA,CAJATAMBO,COPA,25,6,19,0.24
150302,2025,LIMA,CAJATAMBO,COPA,15,3,12,0.2
150302,2026,LIMA,CAJATAMBO,COPA,10,6,4,0.6
150303,2020,LIMA,CAJATAMBO,GORGOR,20,9,11,0.45
150303,2021,LIMA,CAJATAMBO,GORGOR,47,9,38,0.19148936170212766
150303,2022,LIMA,CAJATAMBO,GORGOR,18,8,10,0.4444444444444444
150303,2023,LIMA,CAJATAMBO,GORGOR,70,15,55,0.21428571428571427
150303,2024,LIMA,CAJATAMBO,GORGOR,59,6,53,0.1016949152542373
150303,2025,LIMA,CAJATAMBO,GORGOR,64,13,51,0.203125
150303,2026,LIMA,CAJATAMBO,GORGOR,43,6,37,0.13953488372093023
150304,2020,LIMA,CAJATAMBO,HUANCAPON,15,10,5,0.6666666666666666
150304,2021,LIMA,CAJATAMBO,HUANCAPON,16,4,12,0.25
150304,2022,LIMA,CAJATAMBO,HUANCAPON,5,1,4,0.2
150304,2023,LIMA,CAJATAMBO,HUANCAPON,20,4,16,0.2
150304,2024,LIMA,CAJATAMBO,HUANCAPON,13,4,9,0.3076923076923077
150304,2025,LIMA,CAJATAMBO,HUANCAPON,2,1,1,0.5
150304,2026,LIMA,CAJATAMBO,HUANCAPON,2,1,1,0.5
150305,2020,LIMA,CAJATAMBO,MANAS,14,10,4,0.7142857142857143
150305,2021,LIMA,CAJATAMBO,MANAS,24,11,13,0.4583333333333333
150305,2022,LIMA,CAJATAMBO,MANAS,9,2,7,0.2222222222222222
150305,2023,LIMA,CAJATAMBO,MANAS,25,11,14,0.44
150305,2024,LIMA,CAJATAMBO,MANAS,22,13,9,0.5909090909090909
150305,2025,LIMA,CAJATAMBO,MANAS,23,14,9,0.6086956521739131
150305,2026,LIMA,CAJATAMBO,MANAS,17,10,7,0.5882352941176471
150401,2020,LIMA,CANTA,CANTA,28,6,22,0.21428571428571427
150401,2021,LIMA,CANTA,CANTA,33,5,28,0.15151515151515152
150401,2022,LIMA,CANTA,CANTA,29,13,16,0.4482758620689655
150401,2023,LIMA,CANTA,CANTA,68,36,32,0.5294117647058824
150401,2024,LIMA,CANTA,CANTA,75,26,49,0.3466666666666667
150401,2025,LIMA,CANTA,CANTA,65,11,54,0.16923076923076924
150401,2026,LIMA,CANTA,CANTA,36,6,30,0.16666666666666666
150402,2020,LIMA,CANTA,ARAHUAY,7,4,3,0.5714285714285714
150402,2021,LIMA,CANTA,ARAHUAY,4,2,2,0.5
150402,2022,LIMA,CANTA,ARAHUAY,5,0,5,0.0
150402,2023,LIMA,CANTA,ARAHUAY,13,1,12,0.07692307692307693
150402,2024,LIMA,CANTA,ARAHUAY,13,6,7,0.46153846153846156
150402,2025,LIMA,CANTA,ARAHUAY,10,1,9,0.1
150402,2026,LIMA,CANTA,ARAHUAY,8,1,7,0.125
150403,2020,LIMA,CANTA,HUAMANTANGA,4,1,3,0.25
150403,2021,LIMA,CANTA,HUAMANTANGA,2,2,0,1.0
150403,2022,LIMA,CANTA,HUAMANTANGA,4,0,4,0.0
150403,2023,LIMA,CANTA,HUAMANTANGA,11,1,10,0.09090909090909091
150403,2024,LIMA,CANTA,HUAMANTANGA,9,5,4,0.5555555555555556
150403,2025,LIMA,CANTA,HUAMANTANGA,14,3,11,0.21428571428571427
150403,2026,LIMA,CANTA,HUAMANTANGA,7,2,5,0.2857142857142857
150404,2020,LIMA,CANTA,HUAROS,6,2,4,0.3333333333333333
150404,2021,LIMA,CANTA,HUAROS,13,1,12,0.07692307692307693
150404,2022,LIMA,CANTA,HUAROS,7,1,6,0.14285714285714285
150404,2023,LIMA,CANTA,HUAROS,18,3,15,0.16666666666666666
150404,2024,LIMA,CANTA,HUAROS,17,1,16,0.058823529411764705
150404,2025,LIMA,CANTA,HUAROS,22,1,21,0.045454545454545456
150404,2026,LIMA,CANTA,HUAROS,11,1,10,0.09090909090909091
150405,2020,LIMA,CANTA,LACHAQUI,12,1,11,0.08333333333333333
150405,2021,LIMA,CANTA,LACHAQUI,9,9,0,1.0
150405,2022,LIMA,CANTA,LACHAQUI,6,6,0,1.0
150405,2023,LIMA,CANTA,LACHAQUI,18,15,3,0.8333333333333334
150405,2024,LIMA,CANTA,LACHAQUI,13,8,5,0.6153846153846154
150405,2025,LIMA,CANTA,LACHAQUI,8,6,2,0.75
150405,2026,LIMA,CANTA,LACHAQUI,3,3,0,1.0
150406,2020,LIMA,CANTA,SAN BUENAVENTURA,1,0,1,0.0
150406,2021,LIMA,CANTA,SAN BUENAVENTURA,7,2,5,0.2857142857142857
150406,2022,LIMA,CANTA,SAN BUENAVENTURA,1,1,0,1.0
150406,2023,LIMA,CANTA,SAN BUENAVENTURA,11,1,10,0.09090909090909091
150406,2024,LIMA,CANTA,SAN BUENAVENTURA,10,2,8,0.2
150406,2025,LIMA,CANTA,SAN BUENAVENTURA,9,1,8,0.1111111111111111
150406,2026,LIMA,CANTA,SAN BUENAVENTURA,7,1,6,0.14285714285714285
150407,2020,LIMA,CANTA,SANTA ROSA DE QUIVES,158,41,117,0.25949367088607594
150407,2021,LIMA,CANTA,SANTA ROSA DE QUIVES,120,39,81,0.325
150407,2022,LIMA,CANTA,SANTA ROSA DE QUIVES,116,37,79,0.31896551724137934
150407,2023,LIMA,CANTA,SANTA ROSA DE QUIVES,358,84,274,0.2346368715083799
150407,2024,LIMA,CANTA,SANTA ROSA DE QUIVES,362,112,250,0.30939226519337015
150407,2025,LIMA,CANTA,SANTA ROSA DE QUIVES,316,88,228,0.27848101265822783
150407,2026,LIMA,CANTA,SANTA ROSA DE QUIVES,201,50,151,0.24875621890547264
150501,2020,LIMA,CAÑETE,SAN VICENTE DE CAÑETE,778,255,523,0.3277634961439589
150501,2021,LIMA,CAÑETE,SAN VICENTE DE CAÑETE,893,285,608,0.3191489361702128
150501,2022,LIMA,CAÑETE,SAN VICENTE DE CAÑETE,599,139,460,0.23205342237061768
150501,2023,LIMA,CAÑETE,SAN VICENTE DE CAÑETE,1274,220,1054,0.1726844583987441
150501,2024,LIMA,CAÑETE,SAN VICENTE DE CAÑETE,1356,120,1236,0.08849557522123894
150501,2025,LIMA,CAÑETE,SAN VICENTE DE CAÑETE,1335,108,1227,0.08089887640449438
150501,2026,LIMA,CAÑETE,SAN VICENTE DE CAÑETE,714,69,645,0.09663865546218488
150502,2020,LIMA,CAÑETE,ASIA,196,81,115,0.413265306122449
150502,2021,LIMA,CAÑETE,ASIA,185,64,121,0.34594594594594597
150502,2022,LIMA,CAÑETE,ASIA,140,38,102,0.2714285714285714
150502,2023,LIMA,CAÑETE,ASIA,231,39,192,0.16883116883116883
150502,2024,LIMA,CAÑETE,ASIA,255,27,228,0.10588235294117647
150502,2025,LIMA,CAÑETE,ASIA,194,16,178,0.08247422680412371
150502,2026,LIMA,CAÑETE,ASIA,109,14,95,0.12844036697247707
150503,2020,LIMA,CAÑETE,CALANGO,13,4,9,0.3076923076923077
150503,2021,LIMA,CAÑETE,CALANGO,4,1,3,0.25
150503,2023,LIMA,CAÑETE,CALANGO,46,10,36,0.21739130434782608
150503,2024,LIMA,CAÑETE,CALANGO,45,1,44,0.022222222222222223
150503,2025,LIMA,CAÑETE,CALANGO,45,3,42,0.06666666666666667
150503,2026,LIMA,CAÑETE,CALANGO,19,2,17,0.10526315789473684
150504,2020,LIMA,CAÑETE,CERRO AZUL,149,29,120,0.19463087248322147
150504,2021,LIMA,CAÑETE,CERRO AZUL,229,13,216,0.056768558951965066
150504,2022,LIMA,CAÑETE,CERRO AZUL,142,10,132,0.07042253521126761
150504,2023,LIMA,CAÑETE,CERRO AZUL,306,17,289,0.05555555555555555
150504,2024,LIMA,CAÑETE,CERRO AZUL,342,12,330,0.03508771929824561
150504,2025,LIMA,CAÑETE,CERRO AZUL,297,13,284,0.04377104377104377
150504,2026,LIMA,CAÑETE,CERRO AZUL,185,10,175,0.05405405405405406
150505,2020,LIMA,CAÑETE,CHILCA,351,65,286,0.18518518518518517
150505,2021,LIMA,CAÑETE,CHILCA,451,151,300,0.3348115299334812
150505,2022,LIMA,CAÑETE,CHILCA,214,33,181,0.1542056074766355
150505,2023,LIMA,CAÑETE,CHILCA,589,71,518,0.12054329371816638
150505,2024,LIMA,CAÑETE,CHILCA,685,53,632,0.07737226277372262
150505,2025,LIMA,CAÑETE,CHILCA,763,31,732,0.04062909567496723
150505,2026,LIMA,CAÑETE,CHILCA,439,33,406,0.07517084282460136
150506,2020,LIMA,CAÑETE,COAYLLO,16,4,12,0.25
150506,2021,LIMA,CAÑETE,COAYLLO,9,2,7,0.2222222222222222
150506,2022,LIMA,CAÑETE,COAYLLO,9,1,8,0.1111111111111111
150506,2023,LIMA,CAÑETE,COAYLLO,19,7,12,0.3684210526315789
150506,2024,LIMA,CAÑETE,COAYLLO,19,1,18,0.05263157894736842
150506,2025,LIMA,CAÑETE,COAYLLO,16,3,13,0.1875
150506,2026,LIMA,CAÑETE,COAYLLO,5,0,5,0.0
150507,2020,LIMA,CAÑETE,IMPERIAL,908,298,610,0.32819383259911894
150507,2021,LIMA,CAÑETE,IMPERIAL,1080,230,850,0.21296296296296297
150507,2022,LIMA,CAÑETE,IMPERIAL,493,101,392,0.20486815415821502
150507,2023,LIMA,CAÑETE,IMPERIAL,1257,170,1087,0.13524264120922833
150507,2024,LIMA,CAÑETE,IMPERIAL,1237,123,1114,0.09943411479385611
150507,2025,LIMA,CAÑETE,IMPERIAL,1177,97,1080,0.08241291418861513
150507,2026,LIMA,CAÑETE,IMPERIAL,751,76,675,0.10119840213049268
150508,2020,LIMA,CAÑETE,LUNAHUANA,73,49,24,0.6712328767123288
150508,2021,LIMA,CAÑETE,LUNAHUANA,69,23,46,0.3333333333333333
150508,2022,LIMA,CAÑETE,LUNAHUANA,31,9,22,0.2903225806451613
150508,2023,LIMA,CAÑETE,LUNAHUANA,116,36,80,0.3103448275862069
150508,2024,LIMA,CAÑETE,LUNAHUANA,105,7,98,0.06666666666666667
150508,2025,LIMA,CAÑETE,LUNAHUANA,94,8,86,0.0851063829787234
150508,2026,LIMA,CAÑETE,LUNAHUANA,55,10,45,0.18181818181818182
150509,2020,LIMA,CAÑETE,MALA,495,53,442,0.10707070707070707
150509,2021,LIMA,CAÑETE,MALA,370,38,332,0.10270270270270271
150509,2022,LIMA,CAÑETE,MALA,308,42,266,0.13636363636363635
150509,2023,LIMA,CAÑETE,MALA,948,100,848,0.10548523206751055
150509,2024,LIMA,CAÑETE,MALA,938,55,883,0.05863539445628998
150509,2025,LIMA,CAÑETE,MALA,894,46,848,0.05145413870246085
150509,2026,LIMA,CAÑETE,MALA,416,25,391,0.06009615384615385
150510,2020,LIMA,CAÑETE,NUEVO IMPERIAL,336,75,261,0.22321428571428573
150510,2021,LIMA,CAÑETE,NUEVO IMPERIAL,590,95,495,0.16101694915254236
150510,2022,LIMA,CAÑETE,NUEVO IMPERIAL,389,64,325,0.16452442159383032
150510,2023,LIMA,CAÑETE,NUEVO IMPERIAL,1080,104,976,0.0962962962962963
150510,2024,LIMA,CAÑETE,NUEVO IMPERIAL,988,32,956,0.032388663967611336
150510,2025,LIMA,CAÑETE,NUEVO IMPERIAL,861,38,823,0.04413472706155633
150510,2026,LIMA,CAÑETE,NUEVO IMPERIAL,530,36,494,0.06792452830188679
150511,2020,LIMA,CAÑETE,PACARAN,42,13,29,0.30952380952380953
150511,2021,LIMA,CAÑETE,PACARAN,43,14,29,0.32558139534883723
150511,2022,LIMA,CAÑETE,PACARAN,21,8,13,0.38095238095238093
150511,2023,LIMA,CAÑETE,PACARAN,70,19,51,0.2714285714285714
150511,2024,LIMA,CAÑETE,PACARAN,86,29,57,0.3372093023255814
150511,2025,LIMA,CAÑETE,PACARAN,82,25,57,0.3048780487804878
150511,2026,LIMA,CAÑETE,PACARAN,41,21,20,0.5121951219512195
150512,2020,LIMA,CAÑETE,QUILMANA,295,132,163,0.44745762711864406
150512,2021,LIMA,CAÑETE,QUILMANA,386,176,210,0.45595854922279794
150512,2022,LIMA,CAÑETE,QUILMANA,228,97,131,0.42543859649122806
150512,2023,LIMA,CAÑETE,QUILMANA,630,125,505,0.1984126984126984
150512,2024,LIMA,CAÑETE,QUILMANA,593,84,509,0.14165261382799327
150512,2025,LIMA,CAÑETE,QUILMANA,587,42,545,0.07155025553662692
150512,2026,LIMA,CAÑETE,QUILMANA,344,45,299,0.1308139534883721
150513,2020,LIMA,CAÑETE,SAN ANTONIO,73,7,66,0.0958904109589041
150513,2021,LIMA,CAÑETE,SAN ANTONIO,141,4,137,0.028368794326241134
150513,2022,LIMA,CAÑETE,SAN ANTONIO,58,8,50,0.13793103448275862
150513,2023,LIMA,CAÑETE,SAN ANTONIO,120,16,104,0.13333333333333333
150513,2024,LIMA,CAÑETE,SAN ANTONIO,103,5,98,0.04854368932038835
150513,2025,LIMA,CAÑETE,SAN ANTONIO,109,1,108,0.009174311926605505
150513,2026,LIMA,CAÑETE,SAN ANTONIO,56,4,52,0.07142857142857142
150514,2020,LIMA,CAÑETE,SAN LUIS,342,129,213,0.37719298245614036
150514,2021,LIMA,CAÑETE,SAN LUIS,216,75,141,0.3472222222222222
150514,2022,LIMA,CAÑETE,SAN LUIS,197,57,140,0.2893401015228426
150514,2023,LIMA,CAÑETE,SAN LUIS,493,72,421,0.1460446247464503
150514,2024,LIMA,CAÑETE,SAN LUIS,536,65,471,0.12126865671641791
150514,2025,LIMA,CAÑETE,SAN LUIS,505,49,456,0.09702970297029703
150514,2026,LIMA,CAÑETE,SAN LUIS,299,43,256,0.14381270903010032
150515,2020,LIMA,CAÑETE,SANTA CRUZ DE FLORES,25,7,18,0.28
150515,2021,LIMA,CAÑETE,SANTA CRUZ DE FLORES,28,8,20,0.2857142857142857
150515,2022,LIMA,CAÑETE,SANTA CRUZ DE FLORES,20,9,11,0.45
150515,2023,LIMA,CAÑETE,SANTA CRUZ DE FLORES,78,29,49,0.3717948717948718
150515,2024,LIMA,CAÑETE,SANTA CRUZ DE FLORES,73,16,57,0.2191780821917808
150515,2025,LIMA,CAÑETE,SANTA CRUZ DE FLORES,71,3,68,0.04225352112676056
150515,2026,LIMA,CAÑETE,SANTA CRUZ DE FLORES,28,6,22,0.21428571428571427
150516,2020,LIMA,CAÑETE,ZUÑIGA,29,7,22,0.2413793103448276
150516,2021,LIMA,CAÑETE,ZUÑIGA,26,9,17,0.34615384615384615
150516,2022,LIMA,CAÑETE,ZUÑIGA,15,7,8,0.4666666666666667
150516,2023,LIMA,CAÑETE,ZUÑIGA,66,15,51,0.22727272727272727
150516,2024,LIMA,CAÑETE,ZUÑIGA,62,25,37,0.4032258064516129
150516,2025,LIMA,CAÑETE,ZUÑIGA,51,25,26,0.49019607843137253
150516,2026,LIMA,CAÑETE,ZUÑIGA,30,18,12,0.6
150601,2020,LIMA,HUARAL,HUARAL,1627,378,1249,0.23232944068838352
150601,2021,LIMA,HUARAL,HUARAL,1813,341,1472,0.18808604522890238
150601,2022,LIMA,HUARAL,HUARAL,731,143,588,0.19562243502051985
150601,2023,LIMA,HUARAL,HUARAL,3182,336,2846,0.10559396605908233
150601,2024,LIMA,HUARAL,HUARAL,3078,127,2951,0.04126055880441845
150601,2025,LIMA,HUARAL,HUARAL,2803,96,2707,0.03424901890831252
150601,2026,LIMA,HUARAL,HUARAL,1672,77,1595,0.046052631578947366
150602,2020,LIMA,HUARAL,ATAVILLOS ALTO,5,0,5,0.0
150602,2021,LIMA,HUARAL,ATAVILLOS ALTO,6,0,6,0.0
150602,2022,LIMA,HUARAL,ATAVILLOS ALTO,1,1,0,1.0
150602,2023,LIMA,HUARAL,ATAVILLOS ALTO,8,1,7,0.125
150602,2024,LIMA,HUARAL,ATAVILLOS ALTO,8,1,7,0.125
150602,2025,LIMA,HUARAL,ATAVILLOS ALTO,7,1,6,0.14285714285714285
150602,2026,LIMA,HUARAL,ATAVILLOS ALTO,8,0,8,0.0
150603,2020,LIMA,HUARAL,ATAVILLOS BAJO,2,1,1,0.5
150603,2021,LIMA,HUARAL,ATAVILLOS BAJO,5,0,5,0.0
150603,2022,LIMA,HUARAL,ATAVILLOS BAJO,1,0,1,0.0
150603,2023,LIMA,HUARAL,ATAVILLOS BAJO,10,2,8,0.2
150603,2024,LIMA,HUARAL,ATAVILLOS BAJO,14,3,11,0.21428571428571427
150603,2025,LIMA,HUARAL,ATAVILLOS BAJO,6,0,6,0.0
150603,2026,LIMA,HUARAL,ATAVILLOS BAJO,5,1,4,0.2
150604,2020,LIMA,HUARAL,AUCALLAMA,320,13,307,0.040625
150604,2021,LIMA,HUARAL,AUCALLAMA,292,14,278,0.04794520547945205
150604,2022,LIMA,HUARAL,AUCALLAMA,225,22,203,0.09777777777777778
150604,2023,LIMA,HUARAL,AUCALLAMA,673,47,626,0.06983655274888559
150604,2024,LIMA,HUARAL,AUCALLAMA,629,30,599,0.04769475357710652
150604,2025,LIMA,HUARAL,AUCALLAMA,566,11,555,0.019434628975265017
150604,2026,LIMA,HUARAL,AUCALLAMA,367,8,359,0.021798365122615803
150605,2020,LIMA,HUARAL,CHANCAY,985,58,927,0.05888324873096447
150605,2021,LIMA,HUARAL,CHANCAY,828,39,789,0.04710144927536232
150605,2022,LIMA,HUARAL,CHANCAY,661,62,599,0.09379727685325265
150605,2023,LIMA,HUARAL,CHANCAY,2199,122,2077,0.05547976352887676
150605,2024,LIMA,HUARAL,CHANCAY,1926,46,1880,0.023883696780893044
150605,2025,LIMA,HUARAL,CHANCAY,1637,40,1597,0.02443494196701283
150605,2026,LIMA,HUARAL,CHANCAY,942,28,914,0.029723991507430998
150606,2020,LIMA,HUARAL,IHUARI,31,16,15,0.5161290322580645
150606,2021,LIMA,HUARAL,IHUARI,30,16,14,0.5333333333333333
150606,2022,LIMA,HUARAL,IHUARI,35,15,20,0.42857142857142855
150606,2023,LIMA,HUARAL,IHUARI,99,62,37,0.6262626262626263
150606,2024,LIMA,HUARAL,IHUARI,73,42,31,0.5753424657534246
150606,2025,LIMA,HUARAL,IHUARI,63,23,40,0.36507936507936506
150606,2026,LIMA,HUARAL,IHUARI,35,13,22,0.37142857142857144
150607,2020,LIMA,HUARAL,LAMPIAN,3,0,3,0.0
150607,2021,LIMA,HUARAL,LAMPIAN,3,1,2,0.3333333333333333
150607,2023,LIMA,HUARAL,LAMPIAN,5,1,4,0.2
150607,2024,LIMA,HUARAL,LAMPIAN,5,2,3,0.4
150607,2025,LIMA,HUARAL,LAMPIAN,9,7,2,0.7777777777777778
150607,2026,LIMA,HUARAL,LAMPIAN,8,5,3,0.625
150608,2020,LIMA,HUARAL,PACARAOS,9,0,9,0.0
150608,2021,LIMA,HUARAL,PACARAOS,6,0,6,0.0
150608,2022,LIMA,HUARAL,PACARAOS,1,0,1,0.0
150608,2023,LIMA,HUARAL,PACARAOS,16,1,15,0.0625
150608,2024,LIMA,HUARAL,PACARAOS,18,1,17,0.05555555555555555
150608,2025,LIMA,HUARAL,PACARAOS,16,1,15,0.0625
150608,2026,LIMA,HUARAL,PACARAOS,9,1,8,0.1111111111111111
150609,2020,LIMA,HUARAL,SAN MIGUEL DE ACOS,7,0,7,0.0
150609,2021,LIMA,HUARAL,SAN MIGUEL DE ACOS,5,0,5,0.0
150609,2022,LIMA,HUARAL,SAN MIGUEL DE ACOS,1,0,1,0.0
150609,2023,LIMA,HUARAL,SAN MIGUEL DE ACOS,13,2,11,0.15384615384615385
150609,2024,LIMA,HUARAL,SAN MIGUEL DE ACOS,25,15,10,0.6
150609,2025,LIMA,HUARAL,SAN MIGUEL DE ACOS,27,3,24,0.1111111111111111
150609,2026,LIMA,HUARAL,SAN MIGUEL DE ACOS,17,1,16,0.058823529411764705
150610,2020,LIMA,HUARAL,SANTA CRUZ DE ANDAMARCA,10,4,6,0.4
150610,2021,LIMA,HUARAL,SANTA CRUZ DE ANDAMARCA,2,0,2,0.0
150610,2022,LIMA,HUARAL,SANTA CRUZ DE ANDAMARCA,0,0,0,
150610,2023,LIMA,HUARAL,SANTA CRUZ DE ANDAMARCA,13,3,10,0.23076923076923078
150610,2024,LIMA,HUARAL,SANTA CRUZ DE ANDAMARCA,8,0,8,0.0
150610,2025,LIMA,HUARAL,SANTA CRUZ DE ANDAMARCA,5,1,4,0.2
150610,2026,LIMA,HUARAL,SANTA CRUZ DE ANDAMARCA,3,1,2,0.3333333333333333
150611,2020,LIMA,HUARAL,SUMBILCA,0,0,0,
150611,2021,LIMA,HUARAL,SUMBILCA,4,2,2,0.5
150611,2022,LIMA,HUARAL,SUMBILCA,2,2,0,1.0
150611,2023,LIMA,HUARAL,SUMBILCA,4,2,2,0.5
150611,2024,LIMA,HUARAL,SUMBILCA,6,2,4,0.3333333333333333
150611,2025,LIMA,HUARAL,SUMBILCA,18,8,10,0.4444444444444444
150611,2026,LIMA,HUARAL,SUMBILCA,11,5,6,0.45454545454545453
150612,2020,LIMA,HUARAL,VEINTISIETE DE NOVIEMBRE,1,0,1,0.0
150612,2021,LIMA,HUARAL,VEINTISIETE DE NOVIEMBRE,0,0,0,
150612,2022,LIMA,HUARAL,VEINTISIETE DE NOVIEMBRE,1,0,1,0.0
150612,2023,LIMA,HUARAL,VEINTISIETE DE NOVIEMBRE,6,0,6,0.0
150612,2024,LIMA,HUARAL,VEINTISIETE DE NOVIEMBRE,8,0,8,0.0
150612,2025,LIMA,HUARAL,VEINTISIETE DE NOVIEMBRE,6,0,6,0.0
150612,2026,LIMA,HUARAL,VEINTISIETE DE NOVIEMBRE,4,0,4,0.0
150701,2020,LIMA,HUAROCHIRI,MATUCANA,59,33,26,0.559322033898305
150701,2021,LIMA,HUAROCHIRI,MATUCANA,62,26,36,0.41935483870967744
150701,2022,LIMA,HUAROCHIRI,MATUCANA,34,11,23,0.3235294117647059
150701,2023,LIMA,HUAROCHIRI,MATUCANA,132,35,97,0.26515151515151514
150701,2024,LIMA,HUAROCHIRI,MATUCANA,122,49,73,0.4016393442622951
150701,2025,LIMA,HUAROCHIRI,MATUCANA,111,41,70,0.36936936936936937
150701,2026,LIMA,HUAROCHIRI,MATUCANA,59,33,26,0.559322033898305
150702,2020,LIMA,HUAROCHIRI,ANTIOQUIA,9,5,4,0.5555555555555556
150702,2021,LIMA,HUAROCHIRI,ANTIOQUIA,5,3,2,0.6
150702,2022,LIMA,HUAROCHIRI,ANTIOQUIA,13,5,8,0.38461538461538464
150702,2023,LIMA,HUAROCHIRI,ANTIOQUIA,46,15,31,0.32608695652173914
150702,2024,LIMA,HUAROCHIRI,ANTIOQUIA,41,18,23,0.43902439024390244
150702,2025,LIMA,HUAROCHIRI,ANTIOQUIA,32,8,24,0.25
150702,2026,LIMA,HUAROCHIRI,ANTIOQUIA,10,3,7,0.3
150703,2020,LIMA,HUAROCHIRI,CALLAHUANCA,2,0,2,0.0
150703,2021,LIMA,HUAROCHIRI,CALLAHUANCA,9,0,9,0.0
150703,2022,LIMA,HUAROCHIRI,CALLAHUANCA,6,0,6,0.0
150703,2023,LIMA,HUAROCHIRI,CALLAHUANCA,15,3,12,0.2
150703,2024,LIMA,HUAROCHIRI,CALLAHUANCA,12,2,10,0.16666666666666666
150703,2025,LIMA,HUAROCHIRI,CALLAHUANCA,14,1,13,0.07142857142857142
150703,2026,LIMA,HUAROCHIRI,CALLAHUANCA,7,0,7,0.0
150704,2020,LIMA,HUAROCHIRI,CARAMPOMA,2,2,0,1.0
150704,2021,LIMA,HUAROCHIRI,CARAMPOMA,3,3,0,1.0
150704,2022,LIMA,HUAROCHIRI,CARAMPOMA,0,0,0,
150704,2023,LIMA,HUAROCHIRI,CARAMPOMA,3,2,1,0.6666666666666666
150704,2024,LIMA,HUAROCHIRI,CARAMPOMA,5,2,3,0.4
150704,2025,LIMA,HUAROCHIRI,CARAMPOMA,4,1,3,0.25
150704,2026,LIMA,HUAROCHIRI,CARAMPOMA,3,1,2,0.3333333333333333
150705,2020,LIMA,HUAROCHIRI,CHICLA,30,20,10,0.6666666666666666
150705,2021,LIMA,HUAROCHIRI,CHICLA,23,11,12,0.4782608695652174
150705,2022,LIMA,HUAROCHIRI,CHICLA,22,9,13,0.4090909090909091
150705,2023,LIMA,HUAROCHIRI,CHICLA,67,30,37,0.44776119402985076
150705,2024,LIMA,HUAROCHIRI,CHICLA,51,7,44,0.13725490196078433
150705,2025,LIMA,HUAROCHIRI,CHICLA,49,10,39,0.20408163265306123
150705,2026,LIMA,HUAROCHIRI,CHICLA,20,3,17,0.15
150706,2020,LIMA,HUAROCHIRI,SAN JOSE DE LOS CHORRILLOS,0,0,0,
150706,2021,LIMA,HUAROCHIRI,SAN JOSE DE LOS CHORRILLOS,3,3,0,1.0
150706,2022,LIMA,HUAROCHIRI,SAN JOSE DE LOS CHORRILLOS,5,4,1,0.8
150706,2023,LIMA,HUAROCHIRI,SAN JOSE DE LOS CHORRILLOS,8,6,2,0.75
150706,2024,LIMA,HUAROCHIRI,SAN JOSE DE LOS CHORRILLOS,5,3,2,0.6
150706,2025,LIMA,HUAROCHIRI,SAN JOSE DE LOS CHORRILLOS,3,2,1,0.6666666666666666
150706,2026,LIMA,HUAROCHIRI,SAN JOSE DE LOS CHORRILLOS,4,1,3,0.25
150707,2022,LIMA,HUAROCHIRI,HUACHUPAMPA,1,0,1,0.0
150707,2023,LIMA,HUAROCHIRI,HUACHUPAMPA,5,2,3,0.4
150707,2024,LIMA,HUAROCHIRI,HUACHUPAMPA,6,1,5,0.16666666666666666
150707,2025,LIMA,HUAROCHIRI,HUACHUPAMPA,8,5,3,0.625
150707,2026,LIMA,HUAROCHIRI,HUACHUPAMPA,5,3,2,0.6
150708,2020,LIMA,HUAROCHIRI,HUANZA,7,2,5,0.2857142857142857
150708,2021,LIMA,HUAROCHIRI,HUANZA,6,6,0,1.0
150708,2022,LIMA,HUAROCHIRI,HUANZA,3,3,0,1.0
150708,2023,LIMA,HUAROCHIRI,HUANZA,13,9,4,0.6923076923076923
150708,2024,LIMA,HUAROCHIRI,HUANZA,12,3,9,0.25
150708,2025,LIMA,HUAROCHIRI,HUANZA,5,0,5,0.0
150708,2026,LIMA,HUAROCHIRI,HUANZA,3,1,2,0.3333333333333333
150709,2020,LIMA,HUAROCHIRI,HUAROCHIRI,14,6,8,0.42857142857142855
150709,2021,LIMA,HUAROCHIRI,HUAROCHIRI,8,3,5,0.375
150709,2022,LIMA,HUAROCHIRI,HUAROCHIRI,23,19,4,0.8260869565217391
150709,2023,LIMA,HUAROCHIRI,HUAROCHIRI,48,21,27,0.4375
150709,2024,LIMA,HUAROCHIRI,HUAROCHIRI,38,8,30,0.21052631578947367
150709,2025,LIMA,HUAROCHIRI,HUAROCHIRI,36,4,32,0.1111111111111111
150709,2026,LIMA,HUAROCHIRI,HUAROCHIRI,17,2,15,0.11764705882352941
150710,2021,LIMA,HUAROCHIRI,LAHUAYTAMBO,0,0,0,
150710,2022,LIMA,HUAROCHIRI,LAHUAYTAMBO,3,0,3,0.0
150710,2023,LIMA,HUAROCHIRI,LAHUAYTAMBO,13,6,7,0.46153846153846156
150710,2024,LIMA,HUAROCHIRI,LAHUAYTAMBO,7,4,3,0.5714285714285714
150710,2025,LIMA,HUAROCHIRI,LAHUAYTAMBO,8,2,6,0.25
150710,2026,LIMA,HUAROCHIRI,LAHUAYTAMBO,3,3,0,1.0
150711,2020,LIMA,HUAROCHIRI,LANGA,1,1,0,1.0
150711,2021,LIMA,HUAROCHIRI,LANGA,5,5,0,1.0
150711,2022,LIMA,HUAROCHIRI,LANGA,5,5,0,1.0
150711,2023,LIMA,HUAROCHIRI,LANGA,30,12,18,0.4
150711,2024,LIMA,HUAROCHIRI,LANGA,23,9,14,0.391304347826087
150711,2025,LIMA,HUAROCHIRI,LANGA,21,4,17,0.19047619047619047
150711,2026,LIMA,HUAROCHIRI,LANGA,14,7,7,0.5
150712,2020,LIMA,HUAROCHIRI,LARAOS,3,3,0,1.0
150712,2022,LIMA,HUAROCHIRI,LARAOS,3,3,0,1.0
150712,2023,LIMA,HUAROCHIRI,LARAOS,6,3,3,0.5
150712,2024,LIMA,HUAROCHIRI,LARAOS,1,0,1,0.0
150712,2025,LIMA,HUAROCHIRI,LARAOS,1,0,1,0.0
150712,2026,LIMA,HUAROCHIRI,LARAOS,1,0,1,0.0
150713,2020,LIMA,HUAROCHIRI,MARIATANA,12,11,1,0.9166666666666666
150713,2021,LIMA,HUAROCHIRI,MARIATANA,8,8,0,1.0
150713,2022,LIMA,HUAROCHIRI,MARIATANA,16,16,0,1.0
150713,2023,LIMA,HUAROCHIRI,MARIATANA,46,43,3,0.9347826086956522
150713,2024,LIMA,HUAROCHIRI,MARIATANA,57,42,15,0.7368421052631579
150713,2025,LIMA,HUAROCHIRI,MARIATANA,51,40,11,0.7843137254901961
150713,2026,LIMA,HUAROCHIRI,MARIATANA,31,27,4,0.8709677419354839
150714,2020,LIMA,HUAROCHIRI,RICARDO PALMA,135,56,79,0.4148148148148148
150714,2021,LIMA,HUAROCHIRI,RICARDO PALMA,62,33,29,0.532258064516129
150714,2022,LIMA,HUAROCHIRI,RICARDO PALMA,66,49,17,0.7424242424242424
150714,2023,LIMA,HUAROCHIRI,RICARDO PALMA,277,69,208,0.2490974729241877
150714,2024,LIMA,HUAROCHIRI,RICARDO PALMA,282,90,192,0.3191489361702128
150714,2025,LIMA,HUAROCHIRI,RICARDO PALMA,242,35,207,0.1446280991735537
150714,2026,LIMA,HUAROCHIRI,RICARDO PALMA,119,13,106,0.1092436974789916
150715,2020,LIMA,HUAROCHIRI,SAN ANDRES DE TUPICOCHA,6,6,0,1.0
150715,2021,LIMA,HUAROCHIRI,SAN ANDRES DE TUPICOCHA,7,6,1,0.8571428571428571
150715,2022,LIMA,HUAROCHIRI,SAN ANDRES DE TUPICOCHA,21,21,0,1.0
150715,2023,LIMA,HUAROCHIRI,SAN ANDRES DE TUPICOCHA,50,29,21,0.58
150715,2024,LIMA,HUAROCHIRI,SAN ANDRES DE TUPICOCHA,42,21,21,0.5
150715,2025,LIMA,HUAROCHIRI,SAN ANDRES DE TUPICOCHA,34,21,13,0.6176470588235294
150715,2026,LIMA,HUAROCHIRI,SAN ANDRES DE TUPICOCHA,21,16,5,0.7619047619047619
150716,2020,LIMA,HUAROCHIRI,SAN ANTONIO,1129,251,878,0.22232063773250665
150716,2021,LIMA,HUAROCHIRI,SAN ANTONIO,1905,235,1670,0.12335958005249344
150716,2022,LIMA,HUAROCHIRI,SAN ANTONIO,1476,298,1178,0.2018970189701897
150716,2023,LIMA,HUAROCHIRI,SAN ANTONIO,1838,175,1663,0.09521218715995647
150716,2024,LIMA,HUAROCHIRI,SAN ANTONIO,1733,72,1661,0.0415464512406232
150716,2025,LIMA,HUAROCHIRI,SAN ANTONIO,1597,1516,81,0.9492798998121478
150716,2026,LIMA,HUAROCHIRI,SAN ANTONIO,777,747,30,0.9613899613899614
150717,2020,LIMA,HUAROCHIRI,SAN BARTOLOME,12,0,12,0.0
150717,2021,LIMA,HUAROCHIRI,SAN BARTOLOME,15,0,15,0.0
150717,2022,LIMA,HUAROCHIRI,SAN BARTOLOME,5,1,4,0.2
150717,2023,LIMA,HUAROCHIRI,SAN BARTOLOME,17,0,17,0.0
150717,2024,LIMA,HUAROCHIRI,SAN BARTOLOME,15,0,15,0.0
150717,2025,LIMA,HUAROCHIRI,SAN BARTOLOME,19,0,19,0.0
150717,2026,LIMA,HUAROCHIRI,SAN BARTOLOME,7,0,7,0.0
150718,2020,LIMA,HUAROCHIRI,SAN DAMIAN,21,21,0,1.0
150718,2021,LIMA,HUAROCHIRI,SAN DAMIAN,24,24,0,1.0
150718,2022,LIMA,HUAROCHIRI,SAN DAMIAN,24,24,0,1.0
150718,2023,LIMA,HUAROCHIRI,SAN DAMIAN,29,6,23,0.20689655172413793
150718,2024,LIMA,HUAROCHIRI,SAN DAMIAN,38,7,31,0.18421052631578946
150718,2025,LIMA,HUAROCHIRI,SAN DAMIAN,47,2,45,0.0425531914893617
150718,2026,LIMA,HUAROCHIRI,SAN DAMIAN,21,1,20,0.047619047619047616
150719,2020,LIMA,HUAROCHIRI,SAN JUAN DE IRIS,0,0,0,
150719,2021,LIMA,HUAROCHIRI,SAN JUAN DE IRIS,3,2,1,0.6666666666666666
150719,2022,LIMA,HUAROCHIRI,SAN JUAN DE IRIS,0,0,0,
150719,2023,LIMA,HUAROCHIRI,SAN JUAN DE IRIS,4,4,0,1.0
150719,2024,LIMA,HUAROCHIRI,SAN JUAN DE IRIS,6,2,4,0.3333333333333333
150719,2025,LIMA,HUAROCHIRI,SAN JUAN DE IRIS,5,1,4,0.2
150719,2026,LIMA,HUAROCHIRI,SAN JUAN DE IRIS,3,2,1,0.6666666666666666
150720,2020,LIMA,HUAROCHIRI,SAN JUAN DE TANTARANCHE,3,1,2,0.3333333333333333
150720,2021,LIMA,HUAROCHIRI,SAN JUAN DE TANTARANCHE,5,3,2,0.6
150720,2022,LIMA,HUAROCHIRI,SAN JUAN DE TANTARANCHE,6,3,3,0.5
150720,2023,LIMA,HUAROCHIRI,SAN JUAN DE TANTARANCHE,15,8,7,0.5333333333333333
150720,2024,LIMA,HUAROCHIRI,SAN JUAN DE TANTARANCHE,12,1,11,0.08333333333333333
150720,2025,LIMA,HUAROCHIRI,SAN JUAN DE TANTARANCHE,10,4,6,0.4
150720,2026,LIMA,HUAROCHIRI,SAN JUAN DE TANTARANCHE,8,2,6,0.25
150721,2020,LIMA,HUAROCHIRI,SAN LORENZO DE QUINTI,7,4,3,0.5714285714285714
150721,2021,LIMA,HUAROCHIRI,SAN LORENZO DE QUINTI,10,3,7,0.3
150721,2022,LIMA,HUAROCHIRI,SAN LORENZO DE QUINTI,5,2,3,0.4
150721,2023,LIMA,HUAROCHIRI,SAN LORENZO DE QUINTI,24,11,13,0.4583333333333333
150721,2024,LIMA,HUAROCHIRI,SAN LORENZO DE QUINTI,20,10,10,0.5
150721,2025,LIMA,HUAROCHIRI,SAN LORENZO DE QUINTI,13,3,10,0.23076923076923078
150721,2026,LIMA,HUAROCHIRI,SAN LORENZO DE QUINTI,8,3,5,0.375
150722,2020,LIMA,HUAROCHIRI,SAN MATEO,29,9,20,0.3103448275862069
150722,2021,LIMA,HUAROCHIRI,SAN MATEO,27,2,25,0.07407407407407407
150722,2022,LIMA,HUAROCHIRI,SAN MATEO,33,4,29,0.12121212121212122
150722,2023,LIMA,HUAROCHIRI,SAN MATEO,141,9,132,0.06382978723404255
150722,2024,LIMA,HUAROCHIRI,SAN MATEO,122,3,119,0.02459016393442623
150722,2025,LIMA,HUAROCHIRI,SAN MATEO,122,5,117,0.040983606557377046
150722,2026,LIMA,HUAROCHIRI,SAN MATEO,77,7,70,0.09090909090909091
150723,2020,LIMA,HUAROCHIRI,SAN MATEO DE OTAO,21,14,7,0.6666666666666666
150723,2021,LIMA,HUAROCHIRI,SAN MATEO DE OTAO,8,5,3,0.625
150723,2022,LIMA,HUAROCHIRI,SAN MATEO DE OTAO,4,1,3,0.25
150723,2023,LIMA,HUAROCHIRI,SAN MATEO DE OTAO,18,5,13,0.2777777777777778
150723,2024,LIMA,HUAROCHIRI,SAN MATEO DE OTAO,16,9,7,0.5625
150723,2025,LIMA,HUAROCHIRI,SAN MATEO DE OTAO,20,10,10,0.5
150723,2026,LIMA,HUAROCHIRI,SAN MATEO DE OTAO,14,6,8,0.42857142857142855
150724,2020,LIMA,HUAROCHIRI,CASTA,0,0,0,
150724,2021,LIMA,HUAROCHIRI,CASTA,8,6,2,0.75
150724,2022,LIMA,HUAROCHIRI,CASTA,5,0,5,0.0
150724,2023,LIMA,HUAROCHIRI,CASTA,24,8,16,0.3333333333333333
150724,2024,LIMA,HUAROCHIRI,CASTA,20,6,14,0.3
150724,2025,LIMA,HUAROCHIRI,CASTA,13,4,9,0.3076923076923077
150724,2026,LIMA,HUAROCHIRI,CASTA,4,0,4,0.0
150725,2021,LIMA,HUAROCHIRI,SAN PEDRO DE HUANCAYRE,2,0,2,0.0
150725,2022,LIMA,HUAROCHIRI,SAN PEDRO DE HUANCAYRE,2,2,0,1.0
150725,2023,LIMA,HUAROCHIRI,SAN PEDRO DE HUANCAYRE,2,1,1,0.5
150725,2024,LIMA,HUAROCHIRI,SAN PEDRO DE HUANCAYRE,3,1,2,0.3333333333333333
150725,2025,LIMA,HUAROCHIRI,SAN PEDRO DE HUANCAYRE,2,0,2,0.0
150725,2026,LIMA,HUAROCHIRI,SAN PEDRO DE HUANCAYRE,1,0,1,0.0
150726,2020,LIMA,HUAROCHIRI,SANGALLAYA,4,3,1,0.75
150726,2021,LIMA,HUAROCHIRI,SANGALLAYA,11,7,4,0.6363636363636364
150726,2022,LIMA,HUAROCHIRI,SANGALLAYA,7,5,2,0.7142857142857143
150726,2023,LIMA,HUAROCHIRI,SANGALLAYA,30,16,14,0.5333333333333333
150726,2024,LIMA,HUAROCHIRI,SANGALLAYA,21,5,16,0.23809523809523808
150726,2025,LIMA,HUAROCHIRI,SANGALLAYA,17,2,15,0.11764705882352941
150726,2026,LIMA,HUAROCHIRI,SANGALLAYA,10,1,9,0.1
150727,2020,LIMA,HUAROCHIRI,SANTA CRUZ DE COCACHACRA,16,0,16,0.0
150727,2021,LIMA,HUAROCHIRI,SANTA CRUZ DE COCACHACRA,26,4,22,0.15384615384615385
150727,2022,LIMA,HUAROCHIRI,SANTA CRUZ DE COCACHACRA,38,10,28,0.2631578947368421
150727,2023,LIMA,HUAROCHIRI,SANTA CRUZ DE COCACHACRA,90,12,78,0.13333333333333333
150727,2024,LIMA,HUAROCHIRI,SANTA CRUZ DE COCACHACRA,77,25,52,0.3246753246753247
150727,2025,LIMA,HUAROCHIRI,SANTA CRUZ DE COCACHACRA,58,17,41,0.29310344827586204
150727,2026,LIMA,HUAROCHIRI,SANTA CRUZ DE COCACHACRA,35,15,20,0.42857142857142855
150728,2020,LIMA,HUAROCHIRI,SANTA EULALIA,140,43,97,0.30714285714285716
150728,2021,LIMA,HUAROCHIRI,SANTA EULALIA,151,39,112,0.2582781456953642
150728,2022,LIMA,HUAROCHIRI,SANTA EULALIA,126,40,86,0.31746031746031744
150728,2023,LIMA,HUAROCHIRI,SANTA EULALIA,359,43,316,0.11977715877437325
150728,2024,LIMA,HUAROCHIRI,SANTA EULALIA,353,66,287,0.18696883852691218
150728,2025,LIMA,HUAROCHIRI,SANTA EULALIA,344,61,283,0.17732558139534885
150728,2026,LIMA,HUAROCHIRI,SANTA EULALIA,182,33,149,0.1813186813186813
150729,2020,LIMA,HUAROCHIRI,SANTIAGO DE ANCHUCAYA,4,4,0,1.0
150729,2021,LIMA,HUAROCHIRI,SANTIAGO DE ANCHUCAYA,3,1,2,0.3333333333333333
150729,2022,LIMA,HUAROCHIRI,SANTIAGO DE ANCHUCAYA,0,0,0,
150729,2023,LIMA,HUAROCHIRI,SANTIAGO DE ANCHUCAYA,7,3,4,0.42857142857142855
150729,2024,LIMA,HUAROCHIRI,SANTIAGO DE ANCHUCAYA,10,4,6,0.4
150729,2025,LIMA,HUAROCHIRI,SANTIAGO DE ANCHUCAYA,10,2,8,0.2
150729,2026,LIMA,HUAROCHIRI,SANTIAGO DE ANCHUCAYA,6,3,3,0.5
150730,2020,LIMA,HUAROCHIRI,SANTIAGO DE TUNA,6,4,2,0.6666666666666666
150730,2021,LIMA,HUAROCHIRI,SANTIAGO DE TUNA,3,3,0,1.0
150730,2022,LIMA,HUAROCHIRI,SANTIAGO DE TUNA,6,5,1,0.8333333333333334
150730,2023,LIMA,HUAROCHIRI,SANTIAGO DE TUNA,13,2,11,0.15384615384615385
150730,2024,LIMA,HUAROCHIRI,SANTIAGO DE TUNA,10,1,9,0.1
150730,2025,LIMA,HUAROCHIRI,SANTIAGO DE TUNA,12,1,11,0.08333333333333333
150730,2026,LIMA,HUAROCHIRI,SANTIAGO DE TUNA,2,0,2,0.0
150731,2020,LIMA,HUAROCHIRI,SANTO DOMINGO DE LOS OLLEROS,50,43,7,0.86
150731,2021,LIMA,HUAROCHIRI,SANTO DOMINGO DE LOS OLLEROS,40,40,0,1.0
150731,2022,LIMA,HUAROCHIRI,SANTO DOMINGO DE LOS OLLEROS,57,51,6,0.8947368421052632
150731,2023,LIMA,HUAROCHIRI,SANTO DOMINGO DE LOS OLLEROS,201,165,36,0.8208955223880597
150731,2024,LIMA,HUAROCHIRI,SANTO DOMINGO DE LOS OLLEROS,188,153,35,0.8138297872340425
150731,2025,LIMA,HUAROCHIRI,SANTO DOMINGO DE LOS OLLEROS,195,171,24,0.8769230769230769
150731,2026,LIMA,HUAROCHIRI,SANTO DOMINGO DE LOS OLLEROS,125,105,20,0.84
150732,2020,LIMA,HUAROCHIRI,SURCO,7,0,7,0.0
150732,2021,LIMA,HUAROCHIRI,SURCO,8,0,8,0.0
150732,2022,LIMA,HUAROCHIRI,SURCO,16,1,15,0.0625
150732,2023,LIMA,HUAROCHIRI,SURCO,40,0,40,0.0
150732,2024,LIMA,HUAROCHIRI,SURCO,35,9,26,0.2571428571428571
150732,2025,LIMA,HUAROCHIRI,SURCO,33,7,26,0.21212121212121213
150732,2026,LIMA,HUAROCHIRI,SURCO,20,5,15,0.25
150801,2020,LIMA,HUAURA,HUACHO,862,97,765,0.11252900232018562
150801,2021,LIMA,HUAURA,HUACHO,413,59,354,0.14285714285714285
150801,2022,LIMA,HUAURA,HUACHO,413,78,335,0.18886198547215496
150801,2023,LIMA,HUAURA,HUACHO,1209,144,1065,0.11910669975186104
150801,2024,LIMA,HUAURA,HUACHO,1068,87,981,0.08146067415730338
150801,2025,LIMA,HUAURA,HUACHO,978,87,891,0.08895705521472393
150801,2026,LIMA,HUAURA,HUACHO,500,59,441,0.118
150802,2020,LIMA,HUAURA,AMBAR,42,25,17,0.5952380952380952
150802,2021,LIMA,HUAURA,AMBAR,45,23,22,0.5111111111111111
150802,2022,LIMA,HUAURA,AMBAR,40,22,18,0.55
150802,2023,LIMA,HUAURA,AMBAR,109,63,46,0.5779816513761468
150802,2024,LIMA,HUAURA,AMBAR,84,50,34,0.5952380952380952
150802,2025,LIMA,HUAURA,AMBAR,75,47,28,0.6266666666666667
150802,2026,LIMA,HUAURA,AMBAR,45,18,27,0.4
150803,2020,LIMA,HUAURA,CALETA DE CARQUIN,158,25,133,0.15822784810126583
150803,2021,LIMA,HUAURA,CALETA DE CARQUIN,95,25,70,0.2631578947368421
150803,2022,LIMA,HUAURA,CALETA DE CARQUIN,79,3,76,0.0379746835443038
150803,2023,LIMA,HUAURA,CALETA DE CARQUIN,195,11,184,0.05641025641025641
150803,2024,LIMA,HUAURA,CALETA DE CARQUIN,202,8,194,0.039603960396039604
150803,2025,LIMA,HUAURA,CALETA DE CARQUIN,182,2,180,0.01098901098901099
150803,2026,LIMA,HUAURA,CALETA DE CARQUIN,88,4,84,0.045454545454545456
150804,2020,LIMA,HUAURA,CHECRAS,4,3,1,0.75
150804,2021,LIMA,HUAURA,CHECRAS,8,4,4,0.5
150804,2022,LIMA,HUAURA,CHECRAS,5,3,2,0.6
150804,2023,LIMA,HUAURA,CHECRAS,12,7,5,0.5833333333333334
150804,2024,LIMA,HUAURA,CHECRAS,14,5,9,0.35714285714285715
150804,2025,LIMA,HUAURA,CHECRAS,11,4,7,0.36363636363636365
150804,2026,LIMA,HUAURA,CHECRAS,12,4,8,0.3333333333333333
150805,2020,LIMA,HUAURA,HUALMAY,405,74,331,0.18271604938271604
150805,2021,LIMA,HUAURA,HUALMAY,308,66,242,0.21428571428571427
150805,2022,LIMA,HUAURA,HUALMAY,262,52,210,0.1984732824427481
150805,2023,LIMA,HUAURA,HUALMAY,770,65,705,0.08441558441558442
150805,2024,LIMA,HUAURA,HUALMAY,663,38,625,0.05731523378582202
150805,2025,LIMA,HUAURA,HUALMAY,631,42,589,0.06656101426307448
150805,2026,LIMA,HUAURA,HUALMAY,346,32,314,0.09248554913294797
150806,2020,LIMA,HUAURA,HUAURA,616,71,545,0.11525974025974026
150806,2021,LIMA,HUAURA,HUAURA,506,88,418,0.17391304347826086
150806,2022,LIMA,HUAURA,HUAURA,310,29,281,0.0935483870967742
150806,2023,LIMA,HUAURA,HUAURA,1053,111,942,0.10541310541310542
150806,2024,LIMA,HUAURA,HUAURA,1011,78,933,0.0771513353115727
150806,2025,LIMA,HUAURA,HUAURA,1037,77,960,0.0742526518804243
150806,2026,LIMA,HUAURA,HUAURA,599,70,529,0.11686143572621036
150807,2020,LIMA,HUAURA,LEONCIO PRADO,14,9,5,0.6428571428571429
150807,2021,LIMA,HUAURA,LEONCIO PRADO,19,14,5,0.7368421052631579
150807,2022,LIMA,HUAURA,LEONCIO PRADO,42,37,5,0.8809523809523809
150807,2023,LIMA,HUAURA,LEONCIO PRADO,109,82,27,0.7522935779816514
150807,2024,LIMA,HUAURA,LEONCIO PRADO,86,53,33,0.6162790697674418
150807,2025,LIMA,HUAURA,LEONCIO PRADO,77,59,18,0.7662337662337663
150807,2026,LIMA,HUAURA,LEONCIO PRADO,38,25,13,0.6578947368421053
150808,2020,LIMA,HUAURA,PACCHO,13,6,7,0.46153846153846156
150808,2021,LIMA,HUAURA,PACCHO,10,4,6,0.4
150808,2022,LIMA,HUAURA,PACCHO,5,1,4,0.2
150808,2023,LIMA,HUAURA,PACCHO,22,9,13,0.4090909090909091
150808,2024,LIMA,HUAURA,PACCHO,19,5,14,0.2631578947368421
150808,2025,LIMA,HUAURA,PACCHO,20,8,12,0.4
150808,2026,LIMA,HUAURA,PACCHO,11,3,8,0.2727272727272727
150809,2020,LIMA,HUAURA,SANTA LEONOR,12,10,2,0.8333333333333334
150809,2021,LIMA,HUAURA,SANTA LEONOR,12,9,3,0.75
150809,2022,LIMA,HUAURA,SANTA LEONOR,12,8,4,0.6666666666666666
150809,2023,LIMA,HUAURA,SANTA LEONOR,35,14,21,0.4
150809,2024,LIMA,HUAURA,SANTA LEONOR,30,16,14,0.5333333333333333
150809,2025,LIMA,HUAURA,SANTA LEONOR,31,12,19,0.3870967741935484
150809,2026,LIMA,HUAURA,SANTA LEONOR,16,5,11,0.3125
150810,2020,LIMA,HUAURA,SANTA MARIA,428,92,336,0.21495327102803738
150810,2021,LIMA,HUAURA,SANTA MARIA,589,97,492,0.16468590831918506
150810,2022,LIMA,HUAURA,SANTA MARIA,422,91,331,0.2156398104265403
150810,2023,LIMA,HUAURA,SANTA MARIA,1135,208,927,0.18325991189427313
150810,2024,LIMA,HUAURA,SANTA MARIA,1004,104,900,0.10358565737051793
150810,2025,LIMA,HUAURA,SANTA MARIA,998,73,925,0.07314629258517034
150810,2026,LIMA,HUAURA,SANTA MARIA,522,39,483,0.07471264367816093
150811,2020,LIMA,HUAURA,SAYAN,244,72,172,0.29508196721311475
150811,2021,LIMA,HUAURA,SAYAN,293,86,207,0.2935153583617747
150811,2022,LIMA,HUAURA,SAYAN,231,44,187,0.19047619047619047
150811,2023,LIMA,HUAURA,SAYAN,917,119,798,0.1297709923664122
150811,2024,LIMA,HUAURA,SAYAN,856,148,708,0.17289719626168223
150811,2025,LIMA,HUAURA,SAYAN,797,151,646,0.18946047678795483
150811,2026,LIMA,HUAURA,SAYAN,513,97,416,0.18908382066276802
150812,2020,LIMA,HUAURA,VEGUETA,491,84,407,0.1710794297352342
150812,2021,LIMA,HUAURA,VEGUETA,362,45,317,0.12430939226519337
150812,2022,LIMA,HUAURA,VEGUETA,282,38,244,0.1347517730496454
150812,2023,LIMA,HUAURA,VEGUETA,1398,98,1300,0.07010014306151645
150812,2024,LIMA,HUAURA,VEGUETA,1195,45,1150,0.03765690376569038
150812,2025,LIMA,HUAURA,VEGUETA,1123,46,1077,0.04096170970614425
150812,2026,LIMA,HUAURA,VEGUETA,672,37,635,0.05505952380952381
150901,2020,LIMA,OYON,OYON,86,54,32,0.627906976744186
150901,2021,LIMA,OYON,OYON,79,60,19,0.759493670886076
150901,2022,LIMA,OYON,OYON,69,34,35,0.4927536231884058
150901,2023,LIMA,OYON,OYON,276,76,200,0.2753623188405797
150901,2024,LIMA,OYON,OYON,280,20,260,0.07142857142857142
150901,2025,LIMA,OYON,OYON,242,24,218,0.09917355371900827
150901,2026,LIMA,OYON,OYON,162,13,149,0.08024691358024691
150902,2020,LIMA,OYON,ANDAJES,1,1,0,1.0
150902,2021,LIMA,OYON,ANDAJES,5,5,0,1.0
150902,2022,LIMA,OYON,ANDAJES,8,6,2,0.75
150902,2023,LIMA,OYON,ANDAJES,13,11,2,0.8461538461538461
150902,2024,LIMA,OYON,ANDAJES,14,5,9,0.35714285714285715
150902,2025,LIMA,OYON,ANDAJES,14,8,6,0.5714285714285714
150902,2026,LIMA,OYON,ANDAJES,6,4,2,0.6666666666666666
150903,2020,LIMA,OYON,CAUJUL,5,3,2,0.6
150903,2021,LIMA,OYON,CAUJUL,2,1,1,0.5
150903,2022,LIMA,OYON,CAUJUL,2,0,2,0.0
150903,2023,LIMA,OYON,CAUJUL,16,5,11,0.3125
150903,2024,LIMA,OYON,CAUJUL,22,4,18,0.18181818181818182
150903,2025,LIMA,OYON,CAUJUL,20,0,20,0.0
150903,2026,LIMA,OYON,CAUJUL,17,3,14,0.17647058823529413
150904,2020,LIMA,OYON,COCHAMARCA,11,3,8,0.2727272727272727
150904,2021,LIMA,OYON,COCHAMARCA,21,9,12,0.42857142857142855
150904,2022,LIMA,OYON,COCHAMARCA,7,1,6,0.14285714285714285
150904,2023,LIMA,OYON,COCHAMARCA,52,8,44,0.15384615384615385
150904,2024,LIMA,OYON,COCHAMARCA,46,6,40,0.13043478260869565
150904,2025,LIMA,OYON,COCHAMARCA,33,5,28,0.15151515151515152
150904,2026,LIMA,OYON,COCHAMARCA,16,2,14,0.125
150905,2021,LIMA,OYON,NAVAN,7,4,3,0.5714285714285714
150905,2022,LIMA,OYON,NAVAN,3,1,2,0.3333333333333333
150905,2023,LIMA,OYON,NAVAN,22,9,13,0.4090909090909091
150905,2024,LIMA,OYON,NAVAN,19,3,16,0.15789473684210525
150905,2025,LIMA,OYON,NAVAN,13,5,8,0.38461538461538464
150905,2026,LIMA,OYON,NAVAN,6,2,4,0.3333333333333333
150906,2020,LIMA,OYON,PACHANGARA,24,4,20,0.16666666666666666
150906,2021,LIMA,OYON,PACHANGARA,43,20,23,0.46511627906976744
150906,2022,LIMA,OYON,PACHANGARA,35,13,22,0.37142857142857144
150906,2023,LIMA,OYON,PACHANGARA,154,40,114,0.2597402597402597
150906,2024,LIMA,OYON,PACHANGARA,120,28,92,0.23333333333333334
150906,2025,LIMA,OYON,PACHANGARA,106,14,92,0.1320754716981132
150906,2026,LIMA,OYON,PACHANGARA,55,7,48,0.12727272727272726
151001,2020,LIMA,YAUYOS,YAUYOS,20,12,8,0.6
151001,2021,LIMA,YAUYOS,YAUYOS,11,9,2,0.8181818181818182
151001,2022,LIMA,YAUYOS,YAUYOS,9,7,2,0.7777777777777778
151001,2023,LIMA,YAUYOS,YAUYOS,44,23,21,0.5227272727272727
151001,2024,LIMA,YAUYOS,YAUYOS,34,20,14,0.5882352941176471
151001,2025,LIMA,YAUYOS,YAUYOS,30,21,9,0.7
151001,2026,LIMA,YAUYOS,YAUYOS,23,14,9,0.6086956521739131
151002,2020,LIMA,YAUYOS,ALIS,7,7,0,1.0
151002,2021,LIMA,YAUYOS,ALIS,6,2,4,0.3333333333333333
151002,2022,LIMA,YAUYOS,ALIS,3,0,3,0.0
151002,2023,LIMA,YAUYOS,ALIS,8,0,8,0.0
151002,2024,LIMA,YAUYOS,ALIS,9,1,8,0.1111111111111111
151002,2025,LIMA,YAUYOS,ALIS,9,1,8,0.1111111111111111
151002,2026,LIMA,YAUYOS,ALIS,6,0,6,0.0
151003,2020,LIMA,YAUYOS,ALLAUCA,10,10,0,1.0
151003,2021,LIMA,YAUYOS,ALLAUCA,7,6,1,0.8571428571428571
151003,2022,LIMA,YAUYOS,ALLAUCA,2,2,0,1.0
151003,2023,LIMA,YAUYOS,ALLAUCA,31,11,20,0.3548387096774194
151003,2024,LIMA,YAUYOS,ALLAUCA,34,23,11,0.6764705882352942
151003,2025,LIMA,YAUYOS,ALLAUCA,27,18,9,0.6666666666666666
151003,2026,LIMA,YAUYOS,ALLAUCA,11,8,3,0.7272727272727273
151004,2020,LIMA,YAUYOS,AYAVIRI,5,1,4,0.2
151004,2021,LIMA,YAUYOS,AYAVIRI,1,0,1,0.0
151004,2022,LIMA,YAUYOS,AYAVIRI,1,0,1,0.0
151004,2023,LIMA,YAUYOS,AYAVIRI,7,2,5,0.2857142857142857
151004,2024,LIMA,YAUYOS,AYAVIRI,9,3,6,0.3333333333333333
151004,2025,LIMA,YAUYOS,AYAVIRI,6,0,6,0.0
151004,2026,LIMA,YAUYOS,AYAVIRI,2,1,1,0.5
151005,2020,LIMA,YAUYOS,AZANGARO,10,4,6,0.4
151005,2021,LIMA,YAUYOS,AZANGARO,7,2,5,0.2857142857142857
151005,2022,LIMA,YAUYOS,AZANGARO,9,0,9,0.0
151005,2023,LIMA,YAUYOS,AZANGARO,13,0,13,0.0
151005,2024,LIMA,YAUYOS,AZANGARO,15,0,15,0.0
151005,2025,LIMA,YAUYOS,AZANGARO,17,0,17,0.0
151005,2026,LIMA,YAUYOS,AZANGARO,8,0,8,0.0
151006,2020,LIMA,YAUYOS,CACRA,8,6,2,0.75
151006,2022,LIMA,YAUYOS,CACRA,6,1,5,0.16666666666666666
151006,2023,LIMA,YAUYOS,CACRA,17,0,17,0.0
151006,2024,LIMA,YAUYOS,CACRA,12,0,12,0.0
151006,2025,LIMA,YAUYOS,CACRA,10,1,9,0.1
151006,2026,LIMA,YAUYOS,CACRA,10,0,10,0.0
151007,2020,LIMA,YAUYOS,CARANIA,3,3,0,1.0
151007,2021,LIMA,YAUYOS,CARANIA,1,1,0,1.0
151007,2022,LIMA,YAUYOS,CARANIA,0,0,0,
151007,2023,LIMA,YAUYOS,CARANIA,7,4,3,0.5714285714285714
151007,2024,LIMA,YAUYOS,CARANIA,5,0,5,0.0
151007,2025,LIMA,YAUYOS,CARANIA,6,2,4,0.3333333333333333
151007,2026,LIMA,YAUYOS,CARANIA,5,1,4,0.2
151008,2020,LIMA,YAUYOS,CATAHUASI,42,17,25,0.40476190476190477
151008,2021,LIMA,YAUYOS,CATAHUASI,39,15,24,0.38461538461538464
151008,2022,LIMA,YAUYOS,CATAHUASI,18,3,15,0.16666666666666666
151008,2023,LIMA,YAUYOS,CATAHUASI,45,2,43,0.044444444444444446
151008,2024,LIMA,YAUYOS,CATAHUASI,37,19,18,0.5135135135135135
151008,2025,LIMA,YAUYOS,CATAHUASI,27,1,26,0.037037037037037035
151008,2026,LIMA,YAUYOS,CATAHUASI,23,7,16,0.30434782608695654
151009,2020,LIMA,YAUYOS,CHOCOS,22,17,5,0.7727272727272727
151009,2021,LIMA,YAUYOS,CHOCOS,12,11,1,0.9166666666666666
151009,2022,LIMA,YAUYOS,CHOCOS,13,8,5,0.6153846153846154
151009,2023,LIMA,YAUYOS,CHOCOS,22,15,7,0.6818181818181818
151009,2024,LIMA,YAUYOS,CHOCOS,26,15,11,0.5769230769230769
151009,2025,LIMA,YAUYOS,CHOCOS,14,4,10,0.2857142857142857
151009,2026,LIMA,YAUYOS,CHOCOS,11,3,8,0.2727272727272727
151010,2023,LIMA,YAUYOS,COCHAS,5,1,4,0.2
151010,2024,LIMA,YAUYOS,COCHAS,5,1,4,0.2
151010,2025,LIMA,YAUYOS,COCHAS,2,0,2,0.0
151010,2026,LIMA,YAUYOS,COCHAS,1,0,1,0.0
151011,2020,LIMA,YAUYOS,COLONIA,14,10,4,0.7142857142857143
151011,2021,LIMA,YAUYOS,COLONIA,11,6,5,0.5454545454545454
151011,2022,LIMA,YAUYOS,COLONIA,11,8,3,0.7272727272727273
151011,2023,LIMA,YAUYOS,COLONIA,42,29,13,0.6904761904761905
151011,2024,LIMA,YAUYOS,COLONIA,38,27,11,0.7105263157894737
151011,2025,LIMA,YAUYOS,COLONIA,43,29,14,0.6744186046511628
151011,2026,LIMA,YAUYOS,COLONIA,22,13,9,0.5909090909090909
151012,2020,LIMA,YAUYOS,HONGOS,3,3,0,1.0
151012,2021,LIMA,YAUYOS,HONGOS,4,2,2,0.5
151012,2022,LIMA,YAUYOS,HONGOS,3,2,1,0.6666666666666666
151012,2023,LIMA,YAUYOS,HONGOS,19,2,17,0.10526315789473684
151012,2024,LIMA,YAUYOS,HONGOS,13,0,13,0.0
151012,2025,LIMA,YAUYOS,HONGOS,8,0,8,0.0
151012,2026,LIMA,YAUYOS,HONGOS,1,0,1,0.0
151013,2020,LIMA,YAUYOS,HUAMPARA,0,0,0,
151013,2022,LIMA,YAUYOS,HUAMPARA,3,1,2,0.3333333333333333
151013,2023,LIMA,YAUYOS,HUAMPARA,10,5,5,0.5
151013,2024,LIMA,YAUYOS,HUAMPARA,3,1,2,0.3333333333333333
151013,2025,LIMA,YAUYOS,HUAMPARA,1,0,1,0.0
151013,2026,LIMA,YAUYOS,HUAMPARA,1,0,1,0.0
151014,2020,LIMA,YAUYOS,HUANCAYA,6,4,2,0.6666666666666666
151014,2021,LIMA,YAUYOS,HUANCAYA,0,0,0,
151014,2022,LIMA,YAUYOS,HUANCAYA,2,0,2,0.0
151014,2023,LIMA,YAUYOS,HUANCAYA,3,1,2,0.3333333333333333
151014,2024,LIMA,YAUYOS,HUANCAYA,8,2,6,0.25
151014,2025,LIMA,YAUYOS,HUANCAYA,8,2,6,0.25
151014,2026,LIMA,YAUYOS,HUANCAYA,6,1,5,0.16666666666666666
151015,2020,LIMA,YAUYOS,HUANGASCAR,6,5,1,0.8333333333333334
151015,2021,LIMA,YAUYOS,HUANGASCAR,9,6,3,0.6666666666666666
151015,2022,LIMA,YAUYOS,HUANGASCAR,0,0,0,
151015,2023,LIMA,YAUYOS,HUANGASCAR,13,1,12,0.07692307692307693
151015,2024,LIMA,YAUYOS,HUANGASCAR,6,1,5,0.16666666666666666
151015,2025,LIMA,YAUYOS,HUANGASCAR,13,0,13,0.0
151015,2026,LIMA,YAUYOS,HUANGASCAR,8,0,8,0.0
151016,2020,LIMA,YAUYOS,HUANTAN,6,4,2,0.6666666666666666
151016,2021,LIMA,YAUYOS,HUANTAN,6,4,2,0.6666666666666666
151016,2022,LIMA,YAUYOS,HUANTAN,2,0,2,0.0
151016,2023,LIMA,YAUYOS,HUANTAN,20,7,13,0.35
151016,2024,LIMA,YAUYOS,HUANTAN,23,2,21,0.08695652173913043
151016,2025,LIMA,YAUYOS,HUANTAN,13,6,7,0.46153846153846156
151016,2026,LIMA,YAUYOS,HUANTAN,13,5,8,0.38461538461538464
151017,2020,LIMA,YAUYOS,HUAÑEC,9,6,3,0.6666666666666666
151017,2021,LIMA,YAUYOS,HUAÑEC,3,0,3,0.0
151017,2022,LIMA,YAUYOS,HUAÑEC,3,1,2,0.3333333333333333
151017,2023,LIMA,YAUYOS,HUAÑEC,2,0,2,0.0
151018,2020,LIMA,YAUYOS,LARAOS,1,0,1,0.0
151018,2021,LIMA,YAUYOS,LARAOS,4,1,3,0.25
151018,2022,LIMA,YAUYOS,LARAOS,4,1,3,0.25
151018,2023,LIMA,YAUYOS,LARAOS,12,0,12,0.0
151018,2024,LIMA,YAUYOS,LARAOS,9,0,9,0.0
151018,2025,LIMA,YAUYOS,LARAOS,10,1,9,0.1
151018,2026,LIMA,YAUYOS,LARAOS,1,1,0,1.0
151019,2020,LIMA,YAUYOS,LINCHA,1,1,0,1.0
151019,2021,LIMA,YAUYOS,LINCHA,7,6,1,0.8571428571428571
151019,2022,LIMA,YAUYOS,LINCHA,8,6,2,0.75
151019,2023,LIMA,YAUYOS,LINCHA,24,17,7,0.7083333333333334
151019,2024,LIMA,YAUYOS,LINCHA,27,11,16,0.4074074074074074
151019,2025,LIMA,YAUYOS,LINCHA,20,8,12,0.4
151019,2026,LIMA,YAUYOS,LINCHA,11,5,6,0.45454545454545453
151020,2020,LIMA,YAUYOS,MADEAN,9,2,7,0.2222222222222222
151020,2021,LIMA,YAUYOS,MADEAN,11,10,1,0.9090909090909091
151020,2022,LIMA,YAUYOS,MADEAN,9,7,2,0.7777777777777778
151020,2023,LIMA,YAUYOS,MADEAN,23,3,20,0.13043478260869565
151020,2024,LIMA,YAUYOS,MADEAN,21,0,21,0.0
151020,2025,LIMA,YAUYOS,MADEAN,11,1,10,0.09090909090909091
151020,2026,LIMA,YAUYOS,MADEAN,7,0,7,0.0
151021,2020,LIMA,YAUYOS,MIRAFLORES,5,4,1,0.8
151021,2021,LIMA,YAUYOS,MIRAFLORES,1,0,1,0.0
151021,2022,LIMA,YAUYOS,MIRAFLORES,1,0,1,0.0
151021,2023,LIMA,YAUYOS,MIRAFLORES,3,0,3,0.0
151021,2024,LIMA,YAUYOS,MIRAFLORES,2,0,2,0.0
151021,2025,LIMA,YAUYOS,MIRAFLORES,3,0,3,0.0
151021,2026,LIMA,YAUYOS,MIRAFLORES,3,0,3,0.0
151022,2020,LIMA,YAUYOS,OMAS,6,0,6,0.0
151022,2021,LIMA,YAUYOS,OMAS,5,0,5,0.0
151022,2022,LIMA,YAUYOS,OMAS,4,0,4,0.0
151022,2023,LIMA,YAUYOS,OMAS,7,0,7,0.0
151022,2024,LIMA,YAUYOS,OMAS,6,1,5,0.16666666666666666
151022,2025,LIMA,YAUYOS,OMAS,6,2,4,0.3333333333333333
151022,2026,LIMA,YAUYOS,OMAS,4,1,3,0.25
151023,2020,LIMA,YAUYOS,PUTINZA,5,1,4,0.2
151023,2021,LIMA,YAUYOS,PUTINZA,7,2,5,0.2857142857142857
151023,2022,LIMA,YAUYOS,PUTINZA,2,2,0,1.0
151023,2023,LIMA,YAUYOS,PUTINZA,15,1,14,0.06666666666666667
151023,2024,LIMA,YAUYOS,PUTINZA,15,4,11,0.26666666666666666
151023,2025,LIMA,YAUYOS,PUTINZA,10,2,8,0.2
151023,2026,LIMA,YAUYOS,PUTINZA,6,1,5,0.16666666666666666
151024,2020,LIMA,YAUYOS,QUINCHES,8,3,5,0.375
151024,2021,LIMA,YAUYOS,QUINCHES,10,3,7,0.3
151024,2022,LIMA,YAUYOS,QUINCHES,1,0,1,0.0
151024,2023,LIMA,YAUYOS,QUINCHES,3,1,2,0.3333333333333333
151024,2024,LIMA,YAUYOS,QUINCHES,7,3,4,0.42857142857142855
151024,2025,LIMA,YAUYOS,QUINCHES,8,3,5,0.375
151024,2026,LIMA,YAUYOS,QUINCHES,7,3,4,0.42857142857142855
151025,2020,LIMA,YAUYOS,QUINOCAY,9,9,0,1.0
151025,2021,LIMA,YAUYOS,QUINOCAY,3,2,1,0.6666666666666666
151025,2022,LIMA,YAUYOS,QUINOCAY,0,0,0,
151025,2023,LIMA,YAUYOS,QUINOCAY,25,14,11,0.56
151025,2024,LIMA,YAUYOS,QUINOCAY,11,6,5,0.5454545454545454
151025,2025,LIMA,YAUYOS,QUINOCAY,8,4,4,0.5
151025,2026,LIMA,YAUYOS,QUINOCAY,3,2,1,0.6666666666666666
151027,2020,LIMA,YAUYOS,SAN PEDRO DE PILAS,5,0,5,0.0
151027,2021,LIMA,YAUYOS,SAN PEDRO DE PILAS,2,0,2,0.0
151027,2022,LIMA,YAUYOS,SAN PEDRO DE PILAS,1,0,1,0.0
151027,2023,LIMA,YAUYOS,SAN PEDRO DE PILAS,5,1,4,0.2
151027,2024,LIMA,YAUYOS,SAN PEDRO DE PILAS,3,1,2,0.3333333333333333
151027,2025,LIMA,YAUYOS,SAN PEDRO DE PILAS,4,0,4,0.0
151027,2026,LIMA,YAUYOS,SAN PEDRO DE PILAS,4,0,4,0.0
151028,2020,LIMA,YAUYOS,TANTA,9,7,2,0.7777777777777778
151028,2021,LIMA,YAUYOS,TANTA,1,0,1,0.0
151028,2022,LIMA,YAUYOS,TANTA,0,0,0,
151028,2023,LIMA,YAUYOS,TANTA,15,0,15,0.0
151028,2024,LIMA,YAUYOS,TANTA,11,0,11,0.0
151028,2025,LIMA,YAUYOS,TANTA,11,1,10,0.09090909090909091
151028,2026,LIMA,YAUYOS,TANTA,5,1,4,0.2
151029,2020,LIMA,YAUYOS,TAURIPAMPA,3,0,3,0.0
151029,2021,LIMA,YAUYOS,TAURIPAMPA,3,0,3,0.0
151029,2022,LIMA,YAUYOS,TAURIPAMPA,1,0,1,0.0
151029,2023,LIMA,YAUYOS,TAURIPAMPA,7,2,5,0.2857142857142857
151029,2024,LIMA,YAUYOS,TAURIPAMPA,6,4,2,0.6666666666666666
151029,2025,LIMA,YAUYOS,TAURIPAMPA,6,2,4,0.3333333333333333
151029,2026,LIMA,YAUYOS,TAURIPAMPA,6,0,6,0.0
151030,2020,LIMA,YAUYOS,TOMAS,11,11,0,1.0
151030,2021,LIMA,YAUYOS,TOMAS,7,7,0,1.0
151030,2022,LIMA,YAUYOS,TOMAS,6,3,3,0.5
151030,2023,LIMA,YAUYOS,TOMAS,10,3,7,0.3
151030,2024,LIMA,YAUYOS,TOMAS,11,1,10,0.09090909090909091
151030,2025,LIMA,YAUYOS,TOMAS,13,0,13,0.0
151030,2026,LIMA,YAUYOS,TOMAS,6,0,6,0.0
151031,2020,LIMA,YAUYOS,TUPE,12,1,11,0.08333333333333333
151031,2021,LIMA,YAUYOS,TUPE,8,3,5,0.375
151031,2022,LIMA,YAUYOS,TUPE,10,1,9,0.1
151031,2023,LIMA,YAUYOS,TUPE,17,3,14,0.17647058823529413
151031,2024,LIMA,YAUYOS,TUPE,18,0,18,0.0
151031,2025,LIMA,YAUYOS,TUPE,16,0,16,0.0
151031,2026,LIMA,YAUYOS,TUPE,6,0,6,0.0
151032,2020,LIMA,YAUYOS,VIÑAC,29,26,3,0.896551724137931
151032,2021,LIMA,YAUYOS,VIÑAC,25,19,6,0.76
151032,2022,LIMA,YAUYOS,VIÑAC,24,19,5,0.7916666666666666
151032,2023,LIMA,YAUYOS,VIÑAC,55,7,48,0.12727272727272726
151032,2024,LIMA,YAUYOS,VIÑAC,66,17,49,0.25757575757575757
151032,2025,LIMA,YAUYOS,VIÑAC,45,29,16,0.6444444444444445
151032,2026,LIMA,YAUYOS,VIÑAC,22,11,11,0.5
151033,2020,LIMA,YAUYOS,VITIS,2,1,1,0.5
151033,2021,LIMA,YAUYOS,VITIS,3,3,0,1.0
151033,2022,LIMA,YAUYOS,VITIS,0,0,0,
151033,2023,LIMA,YAUYOS,VITIS,4,2,2,0.5
151033,2024,LIMA,YAUYOS,VITIS,3,0,3,0.0
151033,2025,LIMA,YAUYOS,VITIS,4,0,4,0.0
151033,2026,LIMA,YAUYOS,VITIS,2,0,2,0.0
160101,2020,LORETO,MAYNAS,IQUITOS,1390,502,888,0.36115107913669064
160101,2021,LORETO,MAYNAS,IQUITOS,1615,515,1100,0.3188854489164087
160101,2022,LORETO,MAYNAS,IQUITOS,1543,490,1053,0.31756318859364874
160101,2023,LORETO,MAYNAS,IQUITOS,3658,522,3136,0.14270092946965554
160101,2024,LORETO,MAYNAS,IQUITOS,3478,304,3174,0.08740655549166187
160101,2025,LORETO,MAYNAS,IQUITOS,3117,389,2728,0.12479948668591595
160101,2026,LORETO,MAYNAS,IQUITOS,1713,224,1489,0.13076474022183304
160102,2020,LORETO,MAYNAS,ALTO NANAY,31,11,20,0.3548387096774194
160102,2021,LORETO,MAYNAS,ALTO NANAY,55,24,31,0.43636363636363634
160102,2022,LORETO,MAYNAS,ALTO NANAY,84,43,41,0.5119047619047619
160102,2023,LORETO,MAYNAS,ALTO NANAY,154,46,108,0.2987012987012987
160102,2024,LORETO,MAYNAS,ALTO NANAY,172,33,139,0.19186046511627908
160102,2025,LORETO,MAYNAS,ALTO NANAY,139,12,127,0.08633093525179857
160102,2026,LORETO,MAYNAS,ALTO NANAY,67,4,63,0.05970149253731343
160103,2020,LORETO,MAYNAS,FERNANDO LORES,136,21,115,0.15441176470588236
160103,2021,LORETO,MAYNAS,FERNANDO LORES,193,53,140,0.27461139896373055
160103,2022,LORETO,MAYNAS,FERNANDO LORES,191,39,152,0.20418848167539266
160103,2023,LORETO,MAYNAS,FERNANDO LORES,607,78,529,0.128500823723229
160103,2024,LORETO,MAYNAS,FERNANDO LORES,538,93,445,0.17286245353159851
160103,2025,LORETO,MAYNAS,FERNANDO LORES,531,124,407,0.2335216572504708
160103,2026,LORETO,MAYNAS,FERNANDO LORES,305,40,265,0.13114754098360656
160104,2020,LORETO,MAYNAS,INDIANA,184,39,145,0.21195652173913043
160104,2021,LORETO,MAYNAS,INDIANA,230,52,178,0.22608695652173913
160104,2022,LORETO,MAYNAS,INDIANA,194,40,154,0.20618556701030927
160104,2023,LORETO,MAYNAS,INDIANA,411,52,359,0.12652068126520682
160104,2024,LORETO,MAYNAS,INDIANA,360,38,322,0.10555555555555556
160104,2025,LORETO,MAYNAS,INDIANA,327,34,293,0.10397553516819572
160104,2026,LORETO,MAYNAS,INDIANA,173,12,161,0.06936416184971098
160105,2020,LORETO,MAYNAS,LAS AMAZONAS,99,18,81,0.18181818181818182
160105,2021,LORETO,MAYNAS,LAS AMAZONAS,201,66,135,0.3283582089552239
160105,2022,LORETO,MAYNAS,LAS AMAZONAS,112,35,77,0.3125
160105,2023,LORETO,MAYNAS,LAS AMAZONAS,253,65,188,0.25691699604743085
160105,2024,LORETO,MAYNAS,LAS AMAZONAS,285,108,177,0.37894736842105264
160105,2025,LORETO,MAYNAS,LAS AMAZONAS,311,97,214,0.31189710610932475
160105,2026,LORETO,MAYNAS,LAS AMAZONAS,161,65,96,0.40372670807453415
160106,2020,LORETO,MAYNAS,MAZAN,283,105,178,0.3710247349823322
160106,2021,LORETO,MAYNAS,MAZAN,405,140,265,0.345679012345679
160106,2022,LORETO,MAYNAS,MAZAN,234,82,152,0.3504273504273504
160106,2023,LORETO,MAYNAS,MAZAN,745,235,510,0.31543624161073824
160106,2024,LORETO,MAYNAS,MAZAN,686,155,531,0.2259475218658892
160106,2025,LORETO,MAYNAS,MAZAN,640,95,545,0.1484375
160106,2026,LORETO,MAYNAS,MAZAN,276,38,238,0.13768115942028986
160107,2020,LORETO,MAYNAS,NAPO,220,75,145,0.3409090909090909
160107,2021,LORETO,MAYNAS,NAPO,496,207,289,0.4173387096774194
160107,2022,LORETO,MAYNAS,NAPO,371,146,225,0.3935309973045822
160107,2023,LORETO,MAYNAS,NAPO,873,223,650,0.2554410080183276
160107,2024,LORETO,MAYNAS,NAPO,748,92,656,0.12299465240641712
160107,2025,LORETO,MAYNAS,NAPO,737,118,619,0.16010854816824965
160107,2026,LORETO,MAYNAS,NAPO,306,50,256,0.16339869281045752
160108,2020,LORETO,MAYNAS,PUNCHANA,670,252,418,0.3761194029850746
160108,2021,LORETO,MAYNAS,PUNCHANA,882,386,496,0.4376417233560091
160108,2022,LORETO,MAYNAS,PUNCHANA,683,259,424,0.37920937042459735
160108,2023,LORETO,MAYNAS,PUNCHANA,2225,473,1752,0.21258426966292135
160108,2024,LORETO,MAYNAS,PUNCHANA,2000,291,1709,0.1455
160108,2025,LORETO,MAYNAS,PUNCHANA,1792,271,1521,0.15122767857142858
160108,2026,LORETO,MAYNAS,PUNCHANA,1006,146,860,0.14512922465208747
160110,2020,LORETO,MAYNAS,TORRES CAUSANA,74,23,51,0.3108108108108108
160110,2021,LORETO,MAYNAS,TORRES CAUSANA,172,65,107,0.37790697674418605
160110,2022,LORETO,MAYNAS,TORRES CAUSANA,242,91,151,0.3760330578512397
160110,2023,LORETO,MAYNAS,TORRES CAUSANA,422,78,344,0.1848341232227488
160110,2024,LORETO,MAYNAS,TORRES CAUSANA,509,35,474,0.068762278978389
160110,2025,LORETO,MAYNAS,TORRES CAUSANA,466,36,430,0.07725321888412018
160110,2026,LORETO,MAYNAS,TORRES CAUSANA,152,15,137,0.09868421052631579
160112,2020,LORETO,MAYNAS,BELEN,1278,567,711,0.44366197183098594
160112,2021,LORETO,MAYNAS,BELEN,1339,632,707,0.4719940253920836
160112,2022,LORETO,MAYNAS,BELEN,1304,727,577,0.5575153374233128
160112,2023,LORETO,MAYNAS,BELEN,2717,693,2024,0.2550607287449393
160112,2024,LORETO,MAYNAS,BELEN,2450,387,2063,0.1579591836734694
160112,2025,LORETO,MAYNAS,BELEN,2284,403,1881,0.17644483362521893
160112,2026,LORETO,MAYNAS,BELEN,1249,210,1039,0.16813450760608487
160113,2020,LORETO,MAYNAS,SAN JUAN BAUTISTA,1788,629,1159,0.3517897091722595
160113,2021,LORETO,MAYNAS,SAN JUAN BAUTISTA,2323,824,1499,0.3547137322427895
160113,2022,LORETO,MAYNAS,SAN JUAN BAUTISTA,2072,840,1232,0.40540540540540543
160113,2023,LORETO,MAYNAS,SAN JUAN BAUTISTA,4957,1011,3946,0.20395400443816825
160113,2024,LORETO,MAYNAS,SAN JUAN BAUTISTA,4727,520,4207,0.11000634651999154
160113,2025,LORETO,MAYNAS,SAN JUAN BAUTISTA,4436,399,4037,0.08994589720468892
160113,2026,LORETO,MAYNAS,SAN JUAN BAUTISTA,2484,191,2293,0.07689210950080515
160201,2020,LORETO,ALTO AMAZONAS,YURIMAGUAS,1702,747,955,0.4388954171562867
160201,2021,LORETO,ALTO AMAZONAS,YURIMAGUAS,1406,505,901,0.35917496443812236
160201,2022,LORETO,ALTO AMAZONAS,YURIMAGUAS,2017,764,1253,0.3787803668815072
160201,2023,LORETO,ALTO AMAZONAS,YURIMAGUAS,4273,1182,3091,0.2766206412356658
160201,2024,LORETO,ALTO AMAZONAS,YURIMAGUAS,4380,877,3503,0.2002283105022831
160201,2025,LORETO,ALTO AMAZONAS,YURIMAGUAS,3988,633,3355,0.15872617853560683
160201,2026,LORETO,ALTO AMAZONAS,YURIMAGUAS,2468,307,2161,0.12439222042139383
160202,2020,LORETO,ALTO AMAZONAS,BALSAPUERTO,408,162,246,0.39705882352941174
160202,2021,LORETO,ALTO AMAZONAS,BALSAPUERTO,1152,360,792,0.3125
160202,2022,LORETO,ALTO AMAZONAS,BALSAPUERTO,1210,499,711,0.412396694214876
160202,2023,LORETO,ALTO AMAZONAS,BALSAPUERTO,1637,567,1070,0.3463653023824068
160202,2024,LORETO,ALTO AMAZONAS,BALSAPUERTO,1892,262,1630,0.13847780126849896
160202,2025,LORETO,ALTO AMAZONAS,BALSAPUERTO,1897,125,1772,0.06589351607801792
160202,2026,LORETO,ALTO AMAZONAS,BALSAPUERTO,909,52,857,0.05720572057205721
160205,2020,LORETO,ALTO AMAZONAS,JEBEROS,82,6,76,0.07317073170731707
160205,2021,LORETO,ALTO AMAZONAS,JEBEROS,188,18,170,0.09574468085106383
160205,2022,LORETO,ALTO AMAZONAS,JEBEROS,239,52,187,0.2175732217573222
160205,2023,LORETO,ALTO AMAZONAS,JEBEROS,527,89,438,0.16888045540796964
160205,2024,LORETO,ALTO AMAZONAS,JEBEROS,494,50,444,0.10121457489878542
160205,2025,LORETO,ALTO AMAZONAS,JEBEROS,431,23,408,0.05336426914153132
160205,2026,LORETO,ALTO AMAZONAS,JEBEROS,197,17,180,0.08629441624365482
160206,2020,LORETO,ALTO AMAZONAS,LAGUNAS,188,74,114,0.39361702127659576
160206,2021,LORETO,ALTO AMAZONAS,LAGUNAS,267,51,216,0.19101123595505617
160206,2022,LORETO,ALTO AMAZONAS,LAGUNAS,277,38,239,0.1371841155234657
160206,2023,LORETO,ALTO AMAZONAS,LAGUNAS,869,142,727,0.16340621403912542
160206,2024,LORETO,ALTO AMAZONAS,LAGUNAS,846,92,754,0.10874704491725769
160206,2025,LORETO,ALTO AMAZONAS,LAGUNAS,821,37,784,0.04506699147381242
160206,2026,LORETO,ALTO AMAZONAS,LAGUNAS,443,19,424,0.04288939051918736
160210,2020,LORETO,ALTO AMAZONAS,SANTA CRUZ,56,21,35,0.375
160210,2021,LORETO,ALTO AMAZONAS,SANTA CRUZ,3,2,1,0.6666666666666666
160210,2022,LORETO,ALTO AMAZONAS,SANTA CRUZ,100,39,61,0.39
160210,2023,LORETO,ALTO AMAZONAS,SANTA CRUZ,292,90,202,0.3082191780821918
160210,2024,LORETO,ALTO AMAZONAS,SANTA CRUZ,337,40,297,0.11869436201780416
160210,2025,LORETO,ALTO AMAZONAS,SANTA CRUZ,328,20,308,0.06097560975609756
160210,2026,LORETO,ALTO AMAZONAS,SANTA CRUZ,190,12,178,0.06315789473684211
160211,2020,LORETO,ALTO AMAZONAS,TENIENTE CESAR LOPEZ ROJAS,105,47,58,0.44761904761904764
160211,2021,LORETO,ALTO AMAZONAS,TENIENTE CESAR LOPEZ ROJAS,162,53,109,0.3271604938271605
160211,2022,LORETO,ALTO AMAZONAS,TENIENTE CESAR LOPEZ ROJAS,168,45,123,0.26785714285714285
160211,2023,LORETO,ALTO AMAZONAS,TENIENTE CESAR LOPEZ ROJAS,397,68,329,0.1712846347607053
160211,2024,LORETO,ALTO AMAZONAS,TENIENTE CESAR LOPEZ ROJAS,383,53,330,0.13838120104438642
160211,2025,LORETO,ALTO AMAZONAS,TENIENTE CESAR LOPEZ ROJAS,374,26,348,0.06951871657754011
160211,2026,LORETO,ALTO AMAZONAS,TENIENTE CESAR LOPEZ ROJAS,199,10,189,0.05025125628140704
160301,2020,LORETO,LORETO,NAUTA,669,250,419,0.37369207772795215
160301,2021,LORETO,LORETO,NAUTA,641,259,382,0.4040561622464899
160301,2022,LORETO,LORETO,NAUTA,704,354,350,0.5028409090909091
160301,2023,LORETO,LORETO,NAUTA,1648,402,1246,0.24393203883495146
160301,2024,LORETO,LORETO,NAUTA,1665,322,1343,0.1933933933933934
160301,2025,LORETO,LORETO,NAUTA,1564,188,1376,0.12020460358056266
160301,2026,LORETO,LORETO,NAUTA,884,122,762,0.13800904977375567
160302,2020,LORETO,LORETO,PARINARI,134,51,83,0.3805970149253731
160302,2021,LORETO,LORETO,PARINARI,253,106,147,0.4189723320158103
160302,2022,LORETO,LORETO,PARINARI,117,52,65,0.4444444444444444
160302,2023,LORETO,LORETO,PARINARI,279,96,183,0.34408602150537637
160302,2024,LORETO,LORETO,PARINARI,333,45,288,0.13513513513513514
160302,2025,LORETO,LORETO,PARINARI,313,21,292,0.0670926517571885
160302,2026,LORETO,LORETO,PARINARI,156,2,154,0.01282051282051282
160303,2020,LORETO,LORETO,TIGRE,43,7,36,0.16279069767441862
160303,2021,LORETO,LORETO,TIGRE,181,87,94,0.48066298342541436
160303,2022,LORETO,LORETO,TIGRE,186,102,84,0.5483870967741935
160303,2023,LORETO,LORETO,TIGRE,450,107,343,0.23777777777777778
160303,2024,LORETO,LORETO,TIGRE,524,60,464,0.11450381679389313
160303,2025,LORETO,LORETO,TIGRE,485,70,415,0.14432989690721648
160303,2026,LORETO,LORETO,TIGRE,197,51,146,0.25888324873096447
160304,2020,LORETO,LORETO,TROMPETEROS,51,19,32,0.37254901960784315
160304,2021,LORETO,LORETO,TROMPETEROS,216,94,122,0.4351851851851852
160304,2022,LORETO,LORETO,TROMPETEROS,261,100,161,0.3831417624521073
160304,2023,LORETO,LORETO,TROMPETEROS,635,197,438,0.3102362204724409
160304,2024,LORETO,LORETO,TROMPETEROS,587,159,428,0.2708688245315162
160304,2025,LORETO,LORETO,TROMPETEROS,613,135,478,0.22022838499184338
160304,2026,LORETO,LORETO,TROMPETEROS,354,82,272,0.23163841807909605
160305,2020,LORETO,LORETO,URARINAS,162,68,94,0.41975308641975306
160305,2021,LORETO,LORETO,URARINAS,255,134,121,0.5254901960784314
160305,2022,LORETO,LORETO,URARINAS,307,168,139,0.5472312703583062
160305,2023,LORETO,LORETO,URARINAS,498,201,297,0.4036144578313253
160305,2024,LORETO,LORETO,URARINAS,784,367,417,0.46811224489795916
160305,2025,LORETO,LORETO,URARINAS,934,239,695,0.2558886509635974
160305,2026,LORETO,LORETO,URARINAS,394,79,315,0.20050761421319796
160401,2020,LORETO,MARISCAL RAMON CASTILLA,RAMON CASTILLA,315,103,212,0.326984126984127
160401,2021,LORETO,MARISCAL RAMON CASTILLA,RAMON CASTILLA,493,177,316,0.359026369168357
160401,2022,LORETO,MARISCAL RAMON CASTILLA,RAMON CASTILLA,502,170,332,0.3386454183266932
160401,2023,LORETO,MARISCAL RAMON CASTILLA,RAMON CASTILLA,1167,220,947,0.18851756640959727
160401,2024,LORETO,MARISCAL RAMON CASTILLA,RAMON CASTILLA,1111,151,960,0.13591359135913592
160401,2025,LORETO,MARISCAL RAMON CASTILLA,RAMON CASTILLA,1109,181,928,0.16321009918845808
160401,2026,LORETO,MARISCAL RAMON CASTILLA,RAMON CASTILLA,689,93,596,0.13497822931785197
160402,2020,LORETO,MARISCAL RAMON CASTILLA,PEBAS,129,34,95,0.26356589147286824
160402,2021,LORETO,MARISCAL RAMON CASTILLA,PEBAS,228,58,170,0.2543859649122807
160402,2022,LORETO,MARISCAL RAMON CASTILLA,PEBAS,186,49,137,0.26344086021505375
160402,2023,LORETO,MARISCAL RAMON CASTILLA,PEBAS,576,36,540,0.0625
160402,2024,LORETO,MARISCAL RAMON CASTILLA,PEBAS,597,40,557,0.06700167504187604
160402,2025,LORETO,MARISCAL RAMON CASTILLA,PEBAS,651,24,627,0.03686635944700461
160402,2026,LORETO,MARISCAL RAMON CASTILLA,PEBAS,329,8,321,0.0243161094224924
160403,2020,LORETO,MARISCAL RAMON CASTILLA,YAVARI,45,16,29,0.35555555555555557
160403,2021,LORETO,MARISCAL RAMON CASTILLA,YAVARI,338,140,198,0.41420118343195267
160403,2022,LORETO,MARISCAL RAMON CASTILLA,YAVARI,263,147,116,0.55893536121673
160403,2023,LORETO,MARISCAL RAMON CASTILLA,YAVARI,500,229,271,0.458
160403,2024,LORETO,MARISCAL RAMON CASTILLA,YAVARI,558,207,351,0.3709677419354839
160403,2025,LORETO,MARISCAL RAMON CASTILLA,YAVARI,447,101,346,0.22595078299776286
160403,2026,LORETO,MARISCAL RAMON CASTILLA,YAVARI,195,35,160,0.1794871794871795
160404,2020,LORETO,MARISCAL RAMON CASTILLA,SAN PABLO,101,23,78,0.22772277227722773
160404,2021,LORETO,MARISCAL RAMON CASTILLA,SAN PABLO,164,50,114,0.3048780487804878
160404,2022,LORETO,MARISCAL RAMON CASTILLA,SAN PABLO,148,58,90,0.3918918918918919
160404,2023,LORETO,MARISCAL RAMON CASTILLA,SAN PABLO,595,126,469,0.21176470588235294
160404,2024,LORETO,MARISCAL RAMON CASTILLA,SAN PABLO,621,83,538,0.13365539452495975
160404,2025,LORETO,MARISCAL RAMON CASTILLA,SAN PABLO,569,96,473,0.1687170474516696
160404,2026,LORETO,MARISCAL RAMON CASTILLA,SAN PABLO,379,23,356,0.06068601583113457
160501,2020,LORETO,REQUENA,REQUENA,422,182,240,0.4312796208530806
160501,2021,LORETO,REQUENA,REQUENA,383,119,264,0.31070496083550914
160501,2022,LORETO,REQUENA,REQUENA,376,224,152,0.5957446808510638
160501,2023,LORETO,REQUENA,REQUENA,990,322,668,0.32525252525252524
160501,2024,LORETO,REQUENA,REQUENA,922,277,645,0.3004338394793926
160501,2025,LORETO,REQUENA,REQUENA,958,44,914,0.04592901878914405
160501,2026,LORETO,REQUENA,REQUENA,404,6,398,0.01485148514851485
160502,2020,LORETO,REQUENA,ALTO TAPICHE,24,7,17,0.2916666666666667
160502,2021,LORETO,REQUENA,ALTO TAPICHE,0,0,0,
160502,2022,LORETO,REQUENA,ALTO TAPICHE,9,5,4,0.5555555555555556
160502,2023,LORETO,REQUENA,ALTO TAPICHE,51,10,41,0.19607843137254902
160502,2024,LORETO,REQUENA,ALTO TAPICHE,27,22,5,0.8148148148148148
160502,2025,LORETO,REQUENA,ALTO TAPICHE,16,5,11,0.3125
160502,2026,LORETO,REQUENA,ALTO TAPICHE,30,1,29,0.03333333333333333
160503,2021,LORETO,REQUENA,CAPELO,48,32,16,0.6666666666666666
160503,2022,LORETO,REQUENA,CAPELO,8,7,1,0.875
160503,2023,LORETO,REQUENA,CAPELO,51,32,19,0.6274509803921569
160503,2024,LORETO,REQUENA,CAPELO,120,32,88,0.26666666666666666
160503,2025,LORETO,REQUENA,CAPELO,101,24,77,0.2376237623762376
160503,2026,LORETO,REQUENA,CAPELO,45,7,38,0.15555555555555556
160504,2020,LORETO,REQUENA,EMILIO SAN MARTIN,63,31,32,0.49206349206349204
160504,2021,LORETO,REQUENA,EMILIO SAN MARTIN,109,31,78,0.28440366972477066
160504,2022,LORETO,REQUENA,EMILIO SAN MARTIN,52,14,38,0.2692307692307692
160504,2023,LORETO,REQUENA,EMILIO SAN MARTIN,148,66,82,0.44594594594594594
160504,2024,LORETO,REQUENA,EMILIO SAN MARTIN,121,64,57,0.5289256198347108
160504,2025,LORETO,REQUENA,EMILIO SAN MARTIN,212,77,135,0.3632075471698113
160504,2026,LORETO,REQUENA,EMILIO SAN MARTIN,74,3,71,0.04054054054054054
160505,2020,LORETO,REQUENA,MAQUIA,16,2,14,0.125
160505,2021,LORETO,REQUENA,MAQUIA,143,56,87,0.3916083916083916
160505,2022,LORETO,REQUENA,MAQUIA,105,42,63,0.4
160505,2023,LORETO,REQUENA,MAQUIA,139,11,128,0.07913669064748201
160505,2024,LORETO,REQUENA,MAQUIA,258,20,238,0.07751937984496124
160505,2025,LORETO,REQUENA,MAQUIA,324,17,307,0.05246913580246913
160505,2026,LORETO,REQUENA,MAQUIA,151,7,144,0.046357615894039736
160506,2020,LORETO,REQUENA,PUINAHUA,23,1,22,0.043478260869565216
160506,2021,LORETO,REQUENA,PUINAHUA,90,7,83,0.07777777777777778
160506,2022,LORETO,REQUENA,PUINAHUA,89,7,82,0.07865168539325842
160506,2023,LORETO,REQUENA,PUINAHUA,276,37,239,0.13405797101449277
160506,2024,LORETO,REQUENA,PUINAHUA,323,65,258,0.20123839009287925
160506,2025,LORETO,REQUENA,PUINAHUA,394,70,324,0.17766497461928935
160506,2026,LORETO,REQUENA,PUINAHUA,233,11,222,0.04721030042918455
160507,2020,LORETO,REQUENA,SAQUENA,20,10,10,0.5
160507,2021,LORETO,REQUENA,SAQUENA,73,51,22,0.6986301369863014
160507,2022,LORETO,REQUENA,SAQUENA,28,21,7,0.75
160507,2023,LORETO,REQUENA,SAQUENA,151,89,62,0.5894039735099338
160507,2024,LORETO,REQUENA,SAQUENA,89,21,68,0.23595505617977527
160507,2025,LORETO,REQUENA,SAQUENA,157,48,109,0.3057324840764331
160507,2026,LORETO,REQUENA,SAQUENA,76,12,64,0.15789473684210525
160508,2020,LORETO,REQUENA,SOPLIN,4,1,3,0.25
160508,2021,LORETO,REQUENA,SOPLIN,1,0,1,0.0
160508,2022,LORETO,REQUENA,SOPLIN,2,2,0,1.0
160508,2023,LORETO,REQUENA,SOPLIN,34,15,19,0.4411764705882353
160508,2024,LORETO,REQUENA,SOPLIN,4,1,3,0.25
160508,2025,LORETO,REQUENA,SOPLIN,24,5,19,0.20833333333333334
160508,2026,LORETO,REQUENA,SOPLIN,10,1,9,0.1
160509,2020,LORETO,REQUENA,TAPICHE,0,0,0,
160509,2021,LORETO,REQUENA,TAPICHE,1,0,1,0.0
160509,2022,LORETO,REQUENA,TAPICHE,1,1,0,1.0
160509,2023,LORETO,REQUENA,TAPICHE,7,0,7,0.0
160509,2024,LORETO,REQUENA,TAPICHE,1,0,1,0.0
160509,2025,LORETO,REQUENA,TAPICHE,15,2,13,0.13333333333333333
160510,2020,LORETO,REQUENA,JENARO HERRERA,73,28,45,0.3835616438356164
160510,2021,LORETO,REQUENA,JENARO HERRERA,188,45,143,0.2393617021276596
160510,2022,LORETO,REQUENA,JENARO HERRERA,122,22,100,0.18032786885245902
160510,2023,LORETO,REQUENA,JENARO HERRERA,206,44,162,0.21359223300970873
160510,2024,LORETO,REQUENA,JENARO HERRERA,191,26,165,0.13612565445026178
160510,2025,LORETO,REQUENA,JENARO HERRERA,184,18,166,0.09782608695652174
160510,2026,LORETO,REQUENA,JENARO HERRERA,112,5,107,0.044642857142857144
160511,2020,LORETO,REQUENA,YAQUERANA,19,7,12,0.3684210526315789
160511,2021,LORETO,REQUENA,YAQUERANA,76,21,55,0.27631578947368424
160511,2022,LORETO,REQUENA,YAQUERANA,62,26,36,0.41935483870967744
160511,2023,LORETO,REQUENA,YAQUERANA,125,45,80,0.36
160511,2024,LORETO,REQUENA,YAQUERANA,172,56,116,0.32558139534883723
160511,2025,LORETO,REQUENA,YAQUERANA,153,38,115,0.24836601307189543
160511,2026,LORETO,REQUENA,YAQUERANA,64,14,50,0.21875
160601,2020,LORETO,UCAYALI,CONTAMANA,186,75,111,0.4032258064516129
160601,2021,LORETO,UCAYALI,CONTAMANA,455,156,299,0.34285714285714286
160601,2022,LORETO,UCAYALI,CONTAMANA,404,117,287,0.2896039603960396
160601,2023,LORETO,UCAYALI,CONTAMANA,1018,121,897,0.11886051080550099
160601,2024,LORETO,UCAYALI,CONTAMANA,1028,63,965,0.061284046692607
160601,2025,LORETO,UCAYALI,CONTAMANA,1061,66,995,0.06220546654099906
160601,2026,LORETO,UCAYALI,CONTAMANA,476,30,446,0.06302521008403361
160602,2020,LORETO,UCAYALI,INAHUAYA,27,17,10,0.6296296296296297
160602,2021,LORETO,UCAYALI,INAHUAYA,24,14,10,0.5833333333333334
160602,2022,LORETO,UCAYALI,INAHUAYA,52,24,28,0.46153846153846156
160602,2023,LORETO,UCAYALI,INAHUAYA,78,30,48,0.38461538461538464
160602,2024,LORETO,UCAYALI,INAHUAYA,78,12,66,0.15384615384615385
160602,2025,LORETO,UCAYALI,INAHUAYA,66,10,56,0.15151515151515152
160602,2026,LORETO,UCAYALI,INAHUAYA,30,0,30,0.0
160603,2020,LORETO,UCAYALI,PADRE MARQUEZ,61,21,40,0.3442622950819672
160603,2021,LORETO,UCAYALI,PADRE MARQUEZ,97,49,48,0.5051546391752577
160603,2022,LORETO,UCAYALI,PADRE MARQUEZ,56,24,32,0.42857142857142855
160603,2023,LORETO,UCAYALI,PADRE MARQUEZ,212,84,128,0.39622641509433965
160603,2024,LORETO,UCAYALI,PADRE MARQUEZ,214,39,175,0.1822429906542056
160603,2025,LORETO,UCAYALI,PADRE MARQUEZ,217,36,181,0.16589861751152074
160603,2026,LORETO,UCAYALI,PADRE MARQUEZ,67,11,56,0.16417910447761194
160604,2021,LORETO,UCAYALI,PAMPA HERMOSA,50,9,41,0.18
160604,2022,LORETO,UCAYALI,PAMPA HERMOSA,73,16,57,0.2191780821917808
160604,2023,LORETO,UCAYALI,PAMPA HERMOSA,134,32,102,0.23880597014925373
160604,2024,LORETO,UCAYALI,PAMPA HERMOSA,162,34,128,0.20987654320987653
160604,2025,LORETO,UCAYALI,PAMPA HERMOSA,193,38,155,0.19689119170984457
160604,2026,LORETO,UCAYALI,PAMPA HERMOSA,109,5,104,0.045871559633027525
160605,2020,LORETO,UCAYALI,SARAYACU,88,22,66,0.25
160605,2021,LORETO,UCAYALI,SARAYACU,274,102,172,0.3722627737226277
160605,2022,LORETO,UCAYALI,SARAYACU,236,61,175,0.2584745762711864
160605,2023,LORETO,UCAYALI,SARAYACU,734,104,630,0.14168937329700274
160605,2024,LORETO,UCAYALI,SARAYACU,715,86,629,0.12027972027972028
160605,2025,LORETO,UCAYALI,SARAYACU,666,114,552,0.17117117117117117
160605,2026,LORETO,UCAYALI,SARAYACU,285,40,245,0.14035087719298245
160606,2020,LORETO,UCAYALI,VARGAS GUERRA,206,114,92,0.5533980582524272
160606,2021,LORETO,UCAYALI,VARGAS GUERRA,362,238,124,0.6574585635359116
160606,2022,LORETO,UCAYALI,VARGAS GUERRA,264,154,110,0.5833333333333334
160606,2023,LORETO,UCAYALI,VARGAS GUERRA,655,274,381,0.4183206106870229
160606,2024,LORETO,UCAYALI,VARGAS GUERRA,570,210,360,0.3684210526315789
160606,2025,LORETO,UCAYALI,VARGAS GUERRA,418,125,293,0.29904306220095694
160606,2026,LORETO,UCAYALI,VARGAS GUERRA,227,59,168,0.2599118942731278
160701,2020,LORETO,DATEM DEL MARAÑON,BARRANCA,383,160,223,0.4177545691906005
160701,2021,LORETO,DATEM DEL MARAÑON,BARRANCA,588,228,360,0.3877551020408163
160701,2022,LORETO,DATEM DEL MARAÑON,BARRANCA,549,168,381,0.30601092896174864
160701,2023,LORETO,DATEM DEL MARAÑON,BARRANCA,1284,235,1049,0.18302180685358255
160701,2024,LORETO,DATEM DEL MARAÑON,BARRANCA,1480,211,1269,0.14256756756756755
160701,2025,LORETO,DATEM DEL MARAÑON,BARRANCA,1366,243,1123,0.17789165446559296
160701,2026,LORETO,DATEM DEL MARAÑON,BARRANCA,808,164,644,0.20297029702970298
160702,2020,LORETO,DATEM DEL MARAÑON,CAHUAPANAS,34,3,31,0.08823529411764706
160702,2021,LORETO,DATEM DEL MARAÑON,CAHUAPANAS,288,98,190,0.3402777777777778
160702,2022,LORETO,DATEM DEL MARAÑON,CAHUAPANAS,445,191,254,0.42921348314606744
160702,2023,LORETO,DATEM DEL MARAÑON,CAHUAPANAS,542,225,317,0.4151291512915129
160702,2024,LORETO,DATEM DEL MARAÑON,CAHUAPANAS,562,197,365,0.3505338078291815
160702,2025,LORETO,DATEM DEL MARAÑON,CAHUAPANAS,443,63,380,0.14221218961625282
160702,2026,LORETO,DATEM DEL MARAÑON,CAHUAPANAS,318,52,266,0.16352201257861634
160703,2020,LORETO,DATEM DEL MARAÑON,MANSERICHE,91,36,55,0.3956043956043956
160703,2021,LORETO,DATEM DEL MARAÑON,MANSERICHE,335,94,241,0.28059701492537314
160703,2022,LORETO,DATEM DEL MARAÑON,MANSERICHE,397,95,302,0.23929471032745592
160703,2023,LORETO,DATEM DEL MARAÑON,MANSERICHE,505,81,424,0.1603960396039604
160703,2024,LORETO,DATEM DEL MARAÑON,MANSERICHE,897,156,741,0.17391304347826086
160703,2025,LORETO,DATEM DEL MARAÑON,MANSERICHE,1097,161,936,0.14676390154968094
160703,2026,LORETO,DATEM DEL MARAÑON,MANSERICHE,405,30,375,0.07407407407407407
160704,2020,LORETO,DATEM DEL MARAÑON,MORONA,40,18,22,0.45
160704,2021,LORETO,DATEM DEL MARAÑON,MORONA,255,71,184,0.2784313725490196
160704,2022,LORETO,DATEM DEL MARAÑON,MORONA,228,70,158,0.30701754385964913
160704,2023,LORETO,DATEM DEL MARAÑON,MORONA,514,190,324,0.36964980544747084
160704,2024,LORETO,DATEM DEL MARAÑON,MORONA,742,156,586,0.21024258760107817
160704,2025,LORETO,DATEM DEL MARAÑON,MORONA,743,101,642,0.13593539703903096
160704,2026,LORETO,DATEM DEL MARAÑON,MORONA,329,33,296,0.10030395136778116
160705,2020,LORETO,DATEM DEL MARAÑON,PASTAZA,6,3,3,0.5
160705,2021,LORETO,DATEM DEL MARAÑON,PASTAZA,71,29,42,0.4084507042253521
160705,2022,LORETO,DATEM DEL MARAÑON,PASTAZA,96,42,54,0.4375
160705,2023,LORETO,DATEM DEL MARAÑON,PASTAZA,232,100,132,0.43103448275862066
160705,2024,LORETO,DATEM DEL MARAÑON,PASTAZA,421,125,296,0.29691211401425177
160705,2025,LORETO,DATEM DEL MARAÑON,PASTAZA,652,145,507,0.2223926380368098
160705,2026,LORETO,DATEM DEL MARAÑON,PASTAZA,242,55,187,0.22727272727272727
160706,2020,LORETO,DATEM DEL MARAÑON,ANDOAS,40,15,25,0.375
160706,2021,LORETO,DATEM DEL MARAÑON,ANDOAS,316,121,195,0.3829113924050633
160706,2022,LORETO,DATEM DEL MARAÑON,ANDOAS,307,127,180,0.41368078175895767
160706,2023,LORETO,DATEM DEL MARAÑON,ANDOAS,261,111,150,0.42528735632183906
160706,2024,LORETO,DATEM DEL MARAÑON,ANDOAS,727,308,419,0.4236588720770289
160706,2025,LORETO,DATEM DEL MARAÑON,ANDOAS,951,252,699,0.26498422712933756
160706,2026,LORETO,DATEM DEL MARAÑON,ANDOAS,342,81,261,0.23684210526315788
160801,2020,LORETO,PUTUMAYO,PUTUMAYO,80,18,62,0.225
160801,2021,LORETO,PUTUMAYO,PUTUMAYO,78,28,50,0.358974358974359
160801,2022,LORETO,PUTUMAYO,PUTUMAYO,98,44,54,0.4489795918367347
160801,2023,LORETO,PUTUMAYO,PUTUMAYO,226,74,152,0.3274336283185841
160801,2024,LORETO,PUTUMAYO,PUTUMAYO,208,27,181,0.12980769230769232
160801,2025,LORETO,PUTUMAYO,PUTUMAYO,182,22,160,0.12087912087912088
160801,2026,LORETO,PUTUMAYO,PUTUMAYO,100,6,94,0.06
160802,2021,LORETO,PUTUMAYO,ROSA PANDURO,12,6,6,0.5
160802,2022,LORETO,PUTUMAYO,ROSA PANDURO,13,5,8,0.38461538461538464
160802,2023,LORETO,PUTUMAYO,ROSA PANDURO,23,10,13,0.43478260869565216
160802,2024,LORETO,PUTUMAYO,ROSA PANDURO,20,10,10,0.5
160802,2025,LORETO,PUTUMAYO,ROSA PANDURO,15,7,8,0.4666666666666667
160802,2026,LORETO,PUTUMAYO,ROSA PANDURO,2,0,2,0.0
160803,2020,LORETO,PUTUMAYO,TENIENTE MANUEL CLAVERO,18,5,13,0.2777777777777778
160803,2021,LORETO,PUTUMAYO,TENIENTE MANUEL CLAVERO,68,35,33,0.5147058823529411
160803,2022,LORETO,PUTUMAYO,TENIENTE MANUEL CLAVERO,47,28,19,0.5957446808510638
160803,2023,LORETO,PUTUMAYO,TENIENTE MANUEL CLAVERO,81,42,39,0.5185185185185185
160803,2024,LORETO,PUTUMAYO,TENIENTE MANUEL CLAVERO,91,26,65,0.2857142857142857
160803,2025,LORETO,PUTUMAYO,TENIENTE MANUEL CLAVERO,161,54,107,0.33540372670807456
160803,2026,LORETO,PUTUMAYO,TENIENTE MANUEL CLAVERO,49,21,28,0.42857142857142855
160804,2020,LORETO,PUTUMAYO,YAGUAS,6,1,5,0.16666666666666666
160804,2021,LORETO,PUTUMAYO,YAGUAS,35,11,24,0.3142857142857143
160804,2022,LORETO,PUTUMAYO,YAGUAS,23,11,12,0.4782608695652174
160804,2023,LORETO,PUTUMAYO,YAGUAS,47,15,32,0.3191489361702128
160804,2024,LORETO,PUTUMAYO,YAGUAS,69,21,48,0.30434782608695654
160804,2025,LORETO,PUTUMAYO,YAGUAS,82,5,77,0.06097560975609756
160804,2026,LORETO,PUTUMAYO,YAGUAS,28,2,26,0.07142857142857142
170101,2020,MADRE DE DIOS,TAMBOPATA,TAMBOPATA,1270,619,651,0.4874015748031496
170101,2021,MADRE DE DIOS,TAMBOPATA,TAMBOPATA,1542,616,926,0.39948119325551235
170101,2022,MADRE DE DIOS,TAMBOPATA,TAMBOPATA,1330,551,779,0.4142857142857143
170101,2023,MADRE DE DIOS,TAMBOPATA,TAMBOPATA,2908,875,2033,0.30089408528198075
170101,2024,MADRE DE DIOS,TAMBOPATA,TAMBOPATA,3223,558,2665,0.17313062364256904
170101,2025,MADRE DE DIOS,TAMBOPATA,TAMBOPATA,3180,421,2759,0.13238993710691824
170101,2026,MADRE DE DIOS,TAMBOPATA,TAMBOPATA,1736,248,1488,0.14285714285714285
170102,2020,MADRE DE DIOS,TAMBOPATA,INAMBARI,306,116,190,0.3790849673202614
170102,2021,MADRE DE DIOS,TAMBOPATA,INAMBARI,316,107,209,0.33860759493670883
170102,2022,MADRE DE DIOS,TAMBOPATA,INAMBARI,277,111,166,0.4007220216606498
170102,2023,MADRE DE DIOS,TAMBOPATA,INAMBARI,903,235,668,0.2602436323366556
170102,2024,MADRE DE DIOS,TAMBOPATA,INAMBARI,1148,147,1001,0.12804878048780488
170102,2025,MADRE DE DIOS,TAMBOPATA,INAMBARI,1321,129,1192,0.09765329295987887
170102,2026,MADRE DE DIOS,TAMBOPATA,INAMBARI,715,71,644,0.0993006993006993
170103,2020,MADRE DE DIOS,TAMBOPATA,LAS PIEDRAS,310,125,185,0.4032258064516129
170103,2021,MADRE DE DIOS,TAMBOPATA,LAS PIEDRAS,376,147,229,0.39095744680851063
170103,2022,MADRE DE DIOS,TAMBOPATA,LAS PIEDRAS,359,88,271,0.24512534818941503
170103,2023,MADRE DE DIOS,TAMBOPATA,LAS PIEDRAS,725,195,530,0.2689655172413793
170103,2024,MADRE DE DIOS,TAMBOPATA,LAS PIEDRAS,826,146,680,0.17675544794188863
170103,2025,MADRE DE DIOS,TAMBOPATA,LAS PIEDRAS,750,99,651,0.132
170103,2026,MADRE DE DIOS,TAMBOPATA,LAS PIEDRAS,408,48,360,0.11764705882352941
170104,2020,MADRE DE DIOS,TAMBOPATA,LABERINTO,179,103,76,0.5754189944134078
170104,2021,MADRE DE DIOS,TAMBOPATA,LABERINTO,120,55,65,0.4583333333333333
170104,2022,MADRE DE DIOS,TAMBOPATA,LABERINTO,114,44,70,0.38596491228070173
170104,2023,MADRE DE DIOS,TAMBOPATA,LABERINTO,440,155,285,0.3522727272727273
170104,2024,MADRE DE DIOS,TAMBOPATA,LABERINTO,487,109,378,0.22381930184804927
170104,2025,MADRE DE DIOS,TAMBOPATA,LABERINTO,504,82,422,0.1626984126984127
170104,2026,MADRE DE DIOS,TAMBOPATA,LABERINTO,239,48,191,0.200836820083682
170201,2020,MADRE DE DIOS,MANU,MANU,128,26,102,0.203125
170201,2021,MADRE DE DIOS,MANU,MANU,131,35,96,0.26717557251908397
170201,2022,MADRE DE DIOS,MANU,MANU,121,31,90,0.256198347107438
170201,2023,MADRE DE DIOS,MANU,MANU,155,21,134,0.13548387096774195
170201,2024,MADRE DE DIOS,MANU,MANU,146,18,128,0.1232876712328767
170201,2025,MADRE DE DIOS,MANU,MANU,123,40,83,0.3252032520325203
170201,2026,MADRE DE DIOS,MANU,MANU,67,22,45,0.3283582089552239
170202,2020,MADRE DE DIOS,MANU,FITZCARRALD,28,22,6,0.7857142857142857
170202,2021,MADRE DE DIOS,MANU,FITZCARRALD,59,30,29,0.5084745762711864
170202,2022,MADRE DE DIOS,MANU,FITZCARRALD,74,50,24,0.6756756756756757
170202,2023,MADRE DE DIOS,MANU,FITZCARRALD,91,62,29,0.6813186813186813
170202,2024,MADRE DE DIOS,MANU,FITZCARRALD,90,46,44,0.5111111111111111
170202,2025,MADRE DE DIOS,MANU,FITZCARRALD,115,29,86,0.25217391304347825
170202,2026,MADRE DE DIOS,MANU,FITZCARRALD,66,12,54,0.18181818181818182
170203,2020,MADRE DE DIOS,MANU,MADRE DE DIOS,115,27,88,0.23478260869565218
170203,2021,MADRE DE DIOS,MANU,MADRE DE DIOS,164,22,142,0.13414634146341464
170203,2022,MADRE DE DIOS,MANU,MADRE DE DIOS,155,40,115,0.25806451612903225
170203,2023,MADRE DE DIOS,MANU,MADRE DE DIOS,629,148,481,0.23529411764705882
170203,2024,MADRE DE DIOS,MANU,MADRE DE DIOS,613,161,452,0.2626427406199021
170203,2025,MADRE DE DIOS,MANU,MADRE DE DIOS,666,123,543,0.18468468468468469
170203,2026,MADRE DE DIOS,MANU,MADRE DE DIOS,294,33,261,0.11224489795918367
170204,2020,MADRE DE DIOS,MANU,HUEPETUHE,178,50,128,0.2808988764044944
170204,2021,MADRE DE DIOS,MANU,HUEPETUHE,147,53,94,0.36054421768707484
170204,2022,MADRE DE DIOS,MANU,HUEPETUHE,125,27,98,0.216
170204,2023,MADRE DE DIOS,MANU,HUEPETUHE,360,78,282,0.21666666666666667
170204,2024,MADRE DE DIOS,MANU,HUEPETUHE,400,39,361,0.0975
170204,2025,MADRE DE DIOS,MANU,HUEPETUHE,347,28,319,0.08069164265129683
170204,2026,MADRE DE DIOS,MANU,HUEPETUHE,189,17,172,0.08994708994708994
170301,2020,MADRE DE DIOS,TAHUAMANU,IÑAPARI,27,12,15,0.4444444444444444
170301,2021,MADRE DE DIOS,TAHUAMANU,IÑAPARI,21,7,14,0.3333333333333333
170301,2022,MADRE DE DIOS,TAHUAMANU,IÑAPARI,21,7,14,0.3333333333333333
170301,2023,MADRE DE DIOS,TAHUAMANU,IÑAPARI,92,26,66,0.2826086956521739
170301,2024,MADRE DE DIOS,TAHUAMANU,IÑAPARI,92,12,80,0.13043478260869565
170301,2025,MADRE DE DIOS,TAHUAMANU,IÑAPARI,64,3,61,0.046875
170301,2026,MADRE DE DIOS,TAHUAMANU,IÑAPARI,27,3,24,0.1111111111111111
170302,2020,MADRE DE DIOS,TAHUAMANU,IBERIA,114,67,47,0.5877192982456141
170302,2021,MADRE DE DIOS,TAHUAMANU,IBERIA,99,26,73,0.26262626262626265
170302,2022,MADRE DE DIOS,TAHUAMANU,IBERIA,126,63,63,0.5
170302,2023,MADRE DE DIOS,TAHUAMANU,IBERIA,271,75,196,0.2767527675276753
170302,2024,MADRE DE DIOS,TAHUAMANU,IBERIA,274,31,243,0.11313868613138686
170302,2025,MADRE DE DIOS,TAHUAMANU,IBERIA,246,55,191,0.22357723577235772
170302,2026,MADRE DE DIOS,TAHUAMANU,IBERIA,119,20,99,0.16806722689075632
170303,2020,MADRE DE DIOS,TAHUAMANU,TAHUAMANU,45,22,23,0.4888888888888889
170303,2021,MADRE DE DIOS,TAHUAMANU,TAHUAMANU,74,24,50,0.32432432432432434
170303,2022,MADRE DE DIOS,TAHUAMANU,TAHUAMANU,76,29,47,0.3815789473684211
170303,2023,MADRE DE DIOS,TAHUAMANU,TAHUAMANU,187,63,124,0.33689839572192515
170303,2024,MADRE DE DIOS,TAHUAMANU,TAHUAMANU,199,33,166,0.1658291457286432
170303,2025,MADRE DE DIOS,TAHUAMANU,TAHUAMANU,198,24,174,0.12121212121212122
170303,2026,MADRE DE DIOS,TAHUAMANU,TAHUAMANU,98,18,80,0.1836734693877551
180101,2020,MOQUEGUA,MARISCAL NIETO,MOQUEGUA,619,177,442,0.2859450726978998
180101,2021,MOQUEGUA,MARISCAL NIETO,MOQUEGUA,564,118,446,0.20921985815602837
180101,2022,MOQUEGUA,MARISCAL NIETO,MOQUEGUA,479,112,367,0.23382045929018788
180101,2023,MOQUEGUA,MARISCAL NIETO,MOQUEGUA,1433,188,1245,0.13119330076762037
180101,2024,MOQUEGUA,MARISCAL NIETO,MOQUEGUA,929,172,757,0.18514531754574812
180101,2025,MOQUEGUA,MARISCAL NIETO,MOQUEGUA,924,165,759,0.17857142857142858
180101,2026,MOQUEGUA,MARISCAL NIETO,MOQUEGUA,613,101,512,0.16476345840130505
180102,2020,MOQUEGUA,MARISCAL NIETO,CARUMAS,9,3,6,0.3333333333333333
180102,2021,MOQUEGUA,MARISCAL NIETO,CARUMAS,9,2,7,0.2222222222222222
180102,2022,MOQUEGUA,MARISCAL NIETO,CARUMAS,3,1,2,0.3333333333333333
180102,2023,MOQUEGUA,MARISCAL NIETO,CARUMAS,9,1,8,0.1111111111111111
180102,2024,MOQUEGUA,MARISCAL NIETO,CARUMAS,12,1,11,0.08333333333333333
180102,2025,MOQUEGUA,MARISCAL NIETO,CARUMAS,12,1,11,0.08333333333333333
180102,2026,MOQUEGUA,MARISCAL NIETO,CARUMAS,9,2,7,0.2222222222222222
180103,2020,MOQUEGUA,MARISCAL NIETO,CUCHUMBAYA,2,0,2,0.0
180103,2021,MOQUEGUA,MARISCAL NIETO,CUCHUMBAYA,1,0,1,0.0
180103,2023,MOQUEGUA,MARISCAL NIETO,CUCHUMBAYA,9,4,5,0.4444444444444444
180103,2024,MOQUEGUA,MARISCAL NIETO,CUCHUMBAYA,14,5,9,0.35714285714285715
180103,2025,MOQUEGUA,MARISCAL NIETO,CUCHUMBAYA,10,3,7,0.3
180103,2026,MOQUEGUA,MARISCAL NIETO,CUCHUMBAYA,4,3,1,0.75
180104,2020,MOQUEGUA,MARISCAL NIETO,SAMEGUA,114,16,98,0.14035087719298245
180104,2021,MOQUEGUA,MARISCAL NIETO,SAMEGUA,107,19,88,0.17757009345794392
180104,2022,MOQUEGUA,MARISCAL NIETO,SAMEGUA,77,14,63,0.18181818181818182
180104,2023,MOQUEGUA,MARISCAL NIETO,SAMEGUA,201,36,165,0.1791044776119403
180104,2024,MOQUEGUA,MARISCAL NIETO,SAMEGUA,224,48,176,0.21428571428571427
180104,2025,MOQUEGUA,MARISCAL NIETO,SAMEGUA,213,26,187,0.12206572769953052
180104,2026,MOQUEGUA,MARISCAL NIETO,SAMEGUA,126,15,111,0.11904761904761904
180105,2020,MOQUEGUA,MARISCAL NIETO,SAN CRISTOBAL,10,4,6,0.4
180105,2021,MOQUEGUA,MARISCAL NIETO,SAN CRISTOBAL,9,5,4,0.5555555555555556
180105,2022,MOQUEGUA,MARISCAL NIETO,SAN CRISTOBAL,10,7,3,0.7
180105,2023,MOQUEGUA,MARISCAL NIETO,SAN CRISTOBAL,36,22,14,0.6111111111111112
180105,2024,MOQUEGUA,MARISCAL NIETO,SAN CRISTOBAL,36,19,17,0.5277777777777778
180105,2025,MOQUEGUA,MARISCAL NIETO,SAN CRISTOBAL,22,6,16,0.2727272727272727
180105,2026,MOQUEGUA,MARISCAL NIETO,SAN CRISTOBAL,16,5,11,0.3125
180106,2020,MOQUEGUA,MARISCAL NIETO,TORATA,44,14,30,0.3181818181818182
180106,2021,MOQUEGUA,MARISCAL NIETO,TORATA,27,5,22,0.18518518518518517
180106,2022,MOQUEGUA,MARISCAL NIETO,TORATA,23,7,16,0.30434782608695654
180106,2023,MOQUEGUA,MARISCAL NIETO,TORATA,86,18,68,0.20930232558139536
180106,2024,MOQUEGUA,MARISCAL NIETO,TORATA,68,16,52,0.23529411764705882
180106,2025,MOQUEGUA,MARISCAL NIETO,TORATA,61,11,50,0.18032786885245902
180106,2026,MOQUEGUA,MARISCAL NIETO,TORATA,33,3,30,0.09090909090909091
180107,2024,MOQUEGUA,MARISCAL NIETO,SAN ANTONIO,493,165,328,0.33468559837728196
180107,2025,MOQUEGUA,MARISCAL NIETO,SAN ANTONIO,521,139,382,0.2667946257197697
180107,2026,MOQUEGUA,MARISCAL NIETO,SAN ANTONIO,274,97,177,0.354014598540146
180201,2020,MOQUEGUA,GENERAL SANCHEZ CERRO,OMATE,49,10,39,0.20408163265306123
180201,2021,MOQUEGUA,GENERAL SANCHEZ CERRO,OMATE,31,6,25,0.1935483870967742
180201,2022,MOQUEGUA,GENERAL SANCHEZ CERRO,OMATE,25,4,21,0.16
180201,2023,MOQUEGUA,GENERAL SANCHEZ CERRO,OMATE,80,11,69,0.1375
180201,2024,MOQUEGUA,GENERAL SANCHEZ CERRO,OMATE,79,19,60,0.24050632911392406
180201,2025,MOQUEGUA,GENERAL SANCHEZ CERRO,OMATE,55,9,46,0.16363636363636364
180201,2026,MOQUEGUA,GENERAL SANCHEZ CERRO,OMATE,41,6,35,0.14634146341463414
180202,2020,MOQUEGUA,GENERAL SANCHEZ CERRO,CHOJATA,6,2,4,0.3333333333333333
180202,2021,MOQUEGUA,GENERAL SANCHEZ CERRO,CHOJATA,4,4,0,1.0
180202,2022,MOQUEGUA,GENERAL SANCHEZ CERRO,CHOJATA,2,0,2,0.0
180202,2023,MOQUEGUA,GENERAL SANCHEZ CERRO,CHOJATA,8,2,6,0.25
180202,2024,MOQUEGUA,GENERAL SANCHEZ CERRO,CHOJATA,10,1,9,0.1
180202,2025,MOQUEGUA,GENERAL SANCHEZ CERRO,CHOJATA,6,1,5,0.16666666666666666
180202,2026,MOQUEGUA,GENERAL SANCHEZ CERRO,CHOJATA,5,1,4,0.2
180203,2020,MOQUEGUA,GENERAL SANCHEZ CERRO,COALAQUE,9,3,6,0.3333333333333333
180203,2021,MOQUEGUA,GENERAL SANCHEZ CERRO,COALAQUE,10,4,6,0.4
180203,2022,MOQUEGUA,GENERAL SANCHEZ CERRO,COALAQUE,11,4,7,0.36363636363636365
180203,2023,MOQUEGUA,GENERAL SANCHEZ CERRO,COALAQUE,28,7,21,0.25
180203,2024,MOQUEGUA,GENERAL SANCHEZ CERRO,COALAQUE,23,5,18,0.21739130434782608
180203,2025,MOQUEGUA,GENERAL SANCHEZ CERRO,COALAQUE,18,4,14,0.2222222222222222
180203,2026,MOQUEGUA,GENERAL SANCHEZ CERRO,COALAQUE,11,4,7,0.36363636363636365
180204,2020,MOQUEGUA,GENERAL SANCHEZ CERRO,ICHUÑA,21,6,15,0.2857142857142857
180204,2021,MOQUEGUA,GENERAL SANCHEZ CERRO,ICHUÑA,14,3,11,0.21428571428571427
180204,2022,MOQUEGUA,GENERAL SANCHEZ CERRO,ICHUÑA,20,9,11,0.45
180204,2023,MOQUEGUA,GENERAL SANCHEZ CERRO,ICHUÑA,64,21,43,0.328125
180204,2024,MOQUEGUA,GENERAL SANCHEZ CERRO,ICHUÑA,59,20,39,0.3389830508474576
180204,2025,MOQUEGUA,GENERAL SANCHEZ CERRO,ICHUÑA,53,17,36,0.32075471698113206
180204,2026,MOQUEGUA,GENERAL SANCHEZ CERRO,ICHUÑA,18,3,15,0.16666666666666666
180205,2020,MOQUEGUA,GENERAL SANCHEZ CERRO,LA CAPILLA,2,1,1,0.5
180205,2021,MOQUEGUA,GENERAL SANCHEZ CERRO,LA CAPILLA,3,1,2,0.3333333333333333
180205,2022,MOQUEGUA,GENERAL SANCHEZ CERRO,LA CAPILLA,5,1,4,0.2
180205,2023,MOQUEGUA,GENERAL SANCHEZ CERRO,LA CAPILLA,7,0,7,0.0
180205,2024,MOQUEGUA,GENERAL SANCHEZ CERRO,LA CAPILLA,9,1,8,0.1111111111111111
180205,2025,MOQUEGUA,GENERAL SANCHEZ CERRO,LA CAPILLA,9,2,7,0.2222222222222222
180205,2026,MOQUEGUA,GENERAL SANCHEZ CERRO,LA CAPILLA,4,1,3,0.25
180206,2020,MOQUEGUA,GENERAL SANCHEZ CERRO,LLOQUE,6,4,2,0.6666666666666666
180206,2021,MOQUEGUA,GENERAL SANCHEZ CERRO,LLOQUE,2,1,1,0.5
180206,2022,MOQUEGUA,GENERAL SANCHEZ CERRO,LLOQUE,1,1,0,1.0
180206,2023,MOQUEGUA,GENERAL SANCHEZ CERRO,LLOQUE,5,0,5,0.0
180206,2024,MOQUEGUA,GENERAL SANCHEZ CERRO,LLOQUE,5,1,4,0.2
180206,2025,MOQUEGUA,GENERAL SANCHEZ CERRO,LLOQUE,3,1,2,0.3333333333333333
180206,2026,MOQUEGUA,GENERAL SANCHEZ CERRO,LLOQUE,1,0,1,0.0
180207,2020,MOQUEGUA,GENERAL SANCHEZ CERRO,MATALAQUE,0,0,0,
180207,2021,MOQUEGUA,GENERAL SANCHEZ CERRO,MATALAQUE,1,0,1,0.0
180207,2022,MOQUEGUA,GENERAL SANCHEZ CERRO,MATALAQUE,1,0,1,0.0
180207,2023,MOQUEGUA,GENERAL SANCHEZ CERRO,MATALAQUE,6,0,6,0.0
180207,2024,MOQUEGUA,GENERAL SANCHEZ CERRO,MATALAQUE,6,1,5,0.16666666666666666
180207,2025,MOQUEGUA,GENERAL SANCHEZ CERRO,MATALAQUE,7,1,6,0.14285714285714285
180207,2026,MOQUEGUA,GENERAL SANCHEZ CERRO,MATALAQUE,3,1,2,0.3333333333333333
180208,2020,MOQUEGUA,GENERAL SANCHEZ CERRO,PUQUINA,14,5,9,0.35714285714285715
180208,2021,MOQUEGUA,GENERAL SANCHEZ CERRO,PUQUINA,13,0,13,0.0
180208,2022,MOQUEGUA,GENERAL SANCHEZ CERRO,PUQUINA,11,3,8,0.2727272727272727
180208,2023,MOQUEGUA,GENERAL SANCHEZ CERRO,PUQUINA,39,4,35,0.10256410256410256
180208,2024,MOQUEGUA,GENERAL SANCHEZ CERRO,PUQUINA,40,2,38,0.05
180208,2025,MOQUEGUA,GENERAL SANCHEZ CERRO,PUQUINA,44,10,34,0.22727272727272727
180208,2026,MOQUEGUA,GENERAL SANCHEZ CERRO,PUQUINA,25,7,18,0.28
180209,2020,MOQUEGUA,GENERAL SANCHEZ CERRO,QUINISTAQUILLAS,5,3,2,0.6
180209,2021,MOQUEGUA,GENERAL SANCHEZ CERRO,QUINISTAQUILLAS,2,1,1,0.5
180209,2023,MOQUEGUA,GENERAL SANCHEZ CERRO,QUINISTAQUILLAS,3,1,2,0.3333333333333333
180209,2024,MOQUEGUA,GENERAL SANCHEZ CERRO,QUINISTAQUILLAS,9,4,5,0.4444444444444444
180209,2025,MOQUEGUA,GENERAL SANCHEZ CERRO,QUINISTAQUILLAS,6,2,4,0.3333333333333333
180209,2026,MOQUEGUA,GENERAL SANCHEZ CERRO,QUINISTAQUILLAS,3,1,2,0.3333333333333333
180210,2020,MOQUEGUA,GENERAL SANCHEZ CERRO,UBINAS,9,4,5,0.4444444444444444
180210,2021,MOQUEGUA,GENERAL SANCHEZ CERRO,UBINAS,6,1,5,0.16666666666666666
180210,2022,MOQUEGUA,GENERAL SANCHEZ CERRO,UBINAS,3,1,2,0.3333333333333333
180210,2023,MOQUEGUA,GENERAL SANCHEZ CERRO,UBINAS,15,5,10,0.3333333333333333
180210,2024,MOQUEGUA,GENERAL SANCHEZ CERRO,UBINAS,18,5,13,0.2777777777777778
180210,2025,MOQUEGUA,GENERAL SANCHEZ CERRO,UBINAS,20,6,14,0.3
180210,2026,MOQUEGUA,GENERAL SANCHEZ CERRO,UBINAS,8,2,6,0.25
180211,2020,MOQUEGUA,GENERAL SANCHEZ CERRO,YUNGA,2,1,1,0.5
180211,2021,MOQUEGUA,GENERAL SANCHEZ CERRO,YUNGA,2,2,0,1.0
180211,2022,MOQUEGUA,GENERAL SANCHEZ CERRO,YUNGA,5,4,1,0.8
180211,2023,MOQUEGUA,GENERAL SANCHEZ CERRO,YUNGA,14,3,11,0.21428571428571427
180211,2024,MOQUEGUA,GENERAL SANCHEZ CERRO,YUNGA,12,1,11,0.08333333333333333
180211,2025,MOQUEGUA,GENERAL SANCHEZ CERRO,YUNGA,11,2,9,0.18181818181818182
180211,2026,MOQUEGUA,GENERAL SANCHEZ CERRO,YUNGA,8,3,5,0.375
180301,2020,MOQUEGUA,ILO,ILO,786,179,607,0.227735368956743
180301,2021,MOQUEGUA,ILO,ILO,678,125,553,0.18436578171091444
180301,2022,MOQUEGUA,ILO,ILO,397,132,265,0.33249370277078083
180301,2023,MOQUEGUA,ILO,ILO,1280,215,1065,0.16796875
180301,2024,MOQUEGUA,ILO,ILO,1394,162,1232,0.11621233859397417
180301,2025,MOQUEGUA,ILO,ILO,1268,79,1189,0.062302839116719244
180301,2026,MOQUEGUA,ILO,ILO,740,42,698,0.05675675675675676
180302,2020,MOQUEGUA,ILO,EL ALGARROBAL,62,25,37,0.4032258064516129
180302,2021,MOQUEGUA,ILO,EL ALGARROBAL,69,43,26,0.6231884057971014
180302,2022,MOQUEGUA,ILO,EL ALGARROBAL,51,24,27,0.47058823529411764
180302,2023,MOQUEGUA,ILO,EL ALGARROBAL,175,39,136,0.22285714285714286
180302,2024,MOQUEGUA,ILO,EL ALGARROBAL,231,52,179,0.22510822510822512
180302,2025,MOQUEGUA,ILO,EL ALGARROBAL,144,20,124,0.1388888888888889
180302,2026,MOQUEGUA,ILO,EL ALGARROBAL,87,16,71,0.1839080459770115
180303,2020,MOQUEGUA,ILO,PACOCHA,36,3,33,0.08333333333333333
180303,2021,MOQUEGUA,ILO,PACOCHA,42,0,42,0.0
180303,2022,MOQUEGUA,ILO,PACOCHA,16,0,16,0.0
180303,2023,MOQUEGUA,ILO,PACOCHA,57,0,57,0.0
180303,2024,MOQUEGUA,ILO,PACOCHA,69,0,69,0.0
180303,2025,MOQUEGUA,ILO,PACOCHA,79,0,79,0.0
180303,2026,MOQUEGUA,ILO,PACOCHA,43,2,41,0.046511627906976744
190101,2020,PASCO,PASCO,CHAUPIMARCA,352,240,112,0.6818181818181818
190101,2021,PASCO,PASCO,CHAUPIMARCA,349,215,134,0.6160458452722063
190101,2022,PASCO,PASCO,CHAUPIMARCA,184,113,71,0.6141304347826086
190101,2023,PASCO,PASCO,CHAUPIMARCA,664,321,343,0.48343373493975905
190101,2024,PASCO,PASCO,CHAUPIMARCA,687,175,512,0.2547307132459971
190101,2025,PASCO,PASCO,CHAUPIMARCA,622,162,460,0.2604501607717042
190101,2026,PASCO,PASCO,CHAUPIMARCA,303,111,192,0.36633663366336633
190102,2020,PASCO,PASCO,HUACHON,86,58,28,0.6744186046511628
190102,2021,PASCO,PASCO,HUACHON,64,51,13,0.796875
190102,2022,PASCO,PASCO,HUACHON,46,32,14,0.6956521739130435
190102,2023,PASCO,PASCO,HUACHON,148,84,64,0.5675675675675675
190102,2024,PASCO,PASCO,HUACHON,128,41,87,0.3203125
190102,2025,PASCO,PASCO,HUACHON,130,56,74,0.4307692307692308
190102,2026,PASCO,PASCO,HUACHON,90,27,63,0.3
190103,2020,PASCO,PASCO,HUARIACA,59,18,41,0.3050847457627119
190103,2021,PASCO,PASCO,HUARIACA,58,7,51,0.1206896551724138
190103,2022,PASCO,PASCO,HUARIACA,68,9,59,0.1323529411764706
190103,2023,PASCO,PASCO,HUARIACA,184,26,158,0.14130434782608695
190103,2024,PASCO,PASCO,HUARIACA,200,31,169,0.155
190103,2025,PASCO,PASCO,HUARIACA,173,43,130,0.24855491329479767
190103,2026,PASCO,PASCO,HUARIACA,94,19,75,0.20212765957446807
190104,2020,PASCO,PASCO,HUAYLLAY,46,17,29,0.3695652173913043
190104,2021,PASCO,PASCO,HUAYLLAY,36,17,19,0.4722222222222222
190104,2022,PASCO,PASCO,HUAYLLAY,49,28,21,0.5714285714285714
190104,2023,PASCO,PASCO,HUAYLLAY,111,32,79,0.2882882882882883
190104,2024,PASCO,PASCO,HUAYLLAY,158,24,134,0.1518987341772152
190104,2025,PASCO,PASCO,HUAYLLAY,157,32,125,0.20382165605095542
190104,2026,PASCO,PASCO,HUAYLLAY,87,27,60,0.3103448275862069
190105,2020,PASCO,PASCO,NINACACA,75,21,54,0.28
190105,2021,PASCO,PASCO,NINACACA,59,19,40,0.3220338983050847
190105,2022,PASCO,PASCO,NINACACA,49,21,28,0.42857142857142855
190105,2023,PASCO,PASCO,NINACACA,146,29,117,0.19863013698630136
190105,2024,PASCO,PASCO,NINACACA,173,25,148,0.14450867052023122
190105,2025,PASCO,PASCO,NINACACA,158,30,128,0.189873417721519
190105,2026,PASCO,PASCO,NINACACA,97,22,75,0.2268041237113402
190106,2020,PASCO,PASCO,PALLANCHACRA,14,3,11,0.21428571428571427
190106,2021,PASCO,PASCO,PALLANCHACRA,23,13,10,0.5652173913043478
190106,2022,PASCO,PASCO,PALLANCHACRA,16,2,14,0.125
190106,2023,PASCO,PASCO,PALLANCHACRA,54,10,44,0.18518518518518517
190106,2024,PASCO,PASCO,PALLANCHACRA,56,11,45,0.19642857142857142
190106,2025,PASCO,PASCO,PALLANCHACRA,52,8,44,0.15384615384615385
190106,2026,PASCO,PASCO,PALLANCHACRA,32,7,25,0.21875
190107,2020,PASCO,PASCO,PAUCARTAMBO,152,143,9,0.9407894736842105
190107,2021,PASCO,PASCO,PAUCARTAMBO,157,145,12,0.9235668789808917
190107,2022,PASCO,PASCO,PAUCARTAMBO,136,128,8,0.9411764705882353
190107,2023,PASCO,PASCO,PAUCARTAMBO,402,365,37,0.9079601990049752
190107,2024,PASCO,PASCO,PAUCARTAMBO,427,303,124,0.7096018735362998
190107,2025,PASCO,PASCO,PAUCARTAMBO,356,99,257,0.27808988764044945
190107,2026,PASCO,PASCO,PAUCARTAMBO,198,69,129,0.3484848484848485
190108,2020,PASCO,PASCO,SAN FCO DE ASIS DE YARUSYACAN,41,24,17,0.5853658536585366
190108,2021,PASCO,PASCO,SAN FCO DE ASIS DE YARUSYACAN,36,25,11,0.6944444444444444
190108,2022,PASCO,PASCO,SAN FCO DE ASIS DE YARUSYACAN,21,14,7,0.6666666666666666
190108,2023,PASCO,PASCO,SAN FCO DE ASIS DE YARUSYACAN,55,18,37,0.32727272727272727
190108,2024,PASCO,PASCO,SAN FCO DE ASIS DE YARUSYACAN,69,17,52,0.2463768115942029
190108,2025,PASCO,PASCO,SAN FCO DE ASIS DE YARUSYACAN,62,20,42,0.3225806451612903
190108,2026,PASCO,PASCO,SAN FCO DE ASIS DE YARUSYACAN,24,7,17,0.2916666666666667
190109,2020,PASCO,PASCO,SIMON BOLIVAR,211,99,112,0.46919431279620855
190109,2021,PASCO,PASCO,SIMON BOLIVAR,203,92,111,0.45320197044334976
190109,2022,PASCO,PASCO,SIMON BOLIVAR,141,65,76,0.46099290780141844
190109,2023,PASCO,PASCO,SIMON BOLIVAR,337,108,229,0.32047477744807124
190109,2024,PASCO,PASCO,SIMON BOLIVAR,336,42,294,0.125
190109,2025,PASCO,PASCO,SIMON BOLIVAR,264,49,215,0.1856060606060606
190109,2026,PASCO,PASCO,SIMON BOLIVAR,142,28,114,0.19718309859154928
190110,2020,PASCO,PASCO,TICLACAYAN,43,18,25,0.4186046511627907
190110,2021,PASCO,PASCO,TICLACAYAN,45,26,19,0.5777777777777777
190110,2022,PASCO,PASCO,TICLACAYAN,28,11,17,0.39285714285714285
190110,2023,PASCO,PASCO,TICLACAYAN,140,24,116,0.17142857142857143
190110,2024,PASCO,PASCO,TICLACAYAN,154,8,146,0.05194805194805195
190110,2025,PASCO,PASCO,TICLACAYAN,127,6,121,0.047244094488188976
190110,2026,PASCO,PASCO,TICLACAYAN,69,9,60,0.13043478260869565
190111,2020,PASCO,PASCO,TINYAHUARCO,49,35,14,0.7142857142857143
190111,2021,PASCO,PASCO,TINYAHUARCO,54,34,20,0.6296296296296297
190111,2022,PASCO,PASCO,TINYAHUARCO,64,32,32,0.5
190111,2023,PASCO,PASCO,TINYAHUARCO,139,74,65,0.5323741007194245
190111,2024,PASCO,PASCO,TINYAHUARCO,147,31,116,0.2108843537414966
190111,2025,PASCO,PASCO,TINYAHUARCO,111,16,95,0.14414414414414414
190111,2026,PASCO,PASCO,TINYAHUARCO,71,12,59,0.16901408450704225
190112,2020,PASCO,PASCO,VICCO,41,18,23,0.43902439024390244
190112,2021,PASCO,PASCO,VICCO,47,25,22,0.5319148936170213
190112,2022,PASCO,PASCO,VICCO,32,19,13,0.59375
190112,2023,PASCO,PASCO,VICCO,105,50,55,0.47619047619047616
190112,2024,PASCO,PASCO,VICCO,100,9,91,0.09
190112,2025,PASCO,PASCO,VICCO,86,6,80,0.06976744186046512
190112,2026,PASCO,PASCO,VICCO,60,1,59,0.016666666666666666
190113,2020,PASCO,PASCO,YANACANCHA,241,151,90,0.6265560165975104
190113,2021,PASCO,PASCO,YANACANCHA,198,72,126,0.36363636363636365
190113,2022,PASCO,PASCO,YANACANCHA,167,50,117,0.2994011976047904
190113,2023,PASCO,PASCO,YANACANCHA,390,82,308,0.21025641025641026
190113,2024,PASCO,PASCO,YANACANCHA,406,53,353,0.13054187192118227
190113,2025,PASCO,PASCO,YANACANCHA,343,47,296,0.13702623906705538
190113,2026,PASCO,PASCO,YANACANCHA,178,36,142,0.20224719101123595
190201,2020,PASCO,DANIEL ALCIDES CARRION,YANAHUANCA,154,62,92,0.4025974025974026
190201,2021,PASCO,DANIEL ALCIDES CARRION,YANAHUANCA,172,62,110,0.36046511627906974
190201,2022,PASCO,DANIEL ALCIDES CARRION,YANAHUANCA,174,65,109,0.3735632183908046
190201,2023,PASCO,DANIEL ALCIDES CARRION,YANAHUANCA,461,135,326,0.2928416485900217
190201,2024,PASCO,DANIEL ALCIDES CARRION,YANAHUANCA,448,67,381,0.14955357142857142
190201,2025,PASCO,DANIEL ALCIDES CARRION,YANAHUANCA,417,94,323,0.22541966426858512
190201,2026,PASCO,DANIEL ALCIDES CARRION,YANAHUANCA,219,63,156,0.2876712328767123
190202,2020,PASCO,DANIEL ALCIDES CARRION,CHACAYAN,25,17,8,0.68
190202,2021,PASCO,DANIEL ALCIDES CARRION,CHACAYAN,21,16,5,0.7619047619047619
190202,2022,PASCO,DANIEL ALCIDES CARRION,CHACAYAN,19,11,8,0.5789473684210527
190202,2023,PASCO,DANIEL ALCIDES CARRION,CHACAYAN,54,16,38,0.2962962962962963
190202,2024,PASCO,DANIEL ALCIDES CARRION,CHACAYAN,60,6,54,0.1
190202,2025,PASCO,DANIEL ALCIDES CARRION,CHACAYAN,52,2,50,0.038461538461538464
190202,2026,PASCO,DANIEL ALCIDES CARRION,CHACAYAN,24,5,19,0.20833333333333334
190203,2020,PASCO,DANIEL ALCIDES CARRION,GOYLLARISQUIZGA,2,1,1,0.5
190203,2021,PASCO,DANIEL ALCIDES CARRION,GOYLLARISQUIZGA,0,0,0,
190203,2022,PASCO,DANIEL ALCIDES CARRION,GOYLLARISQUIZGA,0,0,0,
190203,2023,PASCO,DANIEL ALCIDES CARRION,GOYLLARISQUIZGA,3,3,0,1.0
190203,2024,PASCO,DANIEL ALCIDES CARRION,GOYLLARISQUIZGA,2,0,2,0.0
190203,2025,PASCO,DANIEL ALCIDES CARRION,GOYLLARISQUIZGA,4,2,2,0.5
190203,2026,PASCO,DANIEL ALCIDES CARRION,GOYLLARISQUIZGA,3,1,2,0.3333333333333333
190204,2020,PASCO,DANIEL ALCIDES CARRION,PAUCAR,16,5,11,0.3125
190204,2021,PASCO,DANIEL ALCIDES CARRION,PAUCAR,19,4,15,0.21052631578947367
190204,2022,PASCO,DANIEL ALCIDES CARRION,PAUCAR,24,5,19,0.20833333333333334
190204,2023,PASCO,DANIEL ALCIDES CARRION,PAUCAR,73,6,67,0.0821917808219178
190204,2024,PASCO,DANIEL ALCIDES CARRION,PAUCAR,75,6,69,0.08
190204,2025,PASCO,DANIEL ALCIDES CARRION,PAUCAR,60,8,52,0.13333333333333333
190204,2026,PASCO,DANIEL ALCIDES CARRION,PAUCAR,42,3,39,0.07142857142857142
190205,2020,PASCO,DANIEL ALCIDES CARRION,SAN PEDRO DE PILLAO,18,16,2,0.8888888888888888
190205,2021,PASCO,DANIEL ALCIDES CARRION,SAN PEDRO DE PILLAO,21,12,9,0.5714285714285714
190205,2022,PASCO,DANIEL ALCIDES CARRION,SAN PEDRO DE PILLAO,18,5,13,0.2777777777777778
190205,2023,PASCO,DANIEL ALCIDES CARRION,SAN PEDRO DE PILLAO,33,2,31,0.06060606060606061
190205,2024,PASCO,DANIEL ALCIDES CARRION,SAN PEDRO DE PILLAO,30,1,29,0.03333333333333333
190205,2025,PASCO,DANIEL ALCIDES CARRION,SAN PEDRO DE PILLAO,30,3,27,0.1
190205,2026,PASCO,DANIEL ALCIDES CARRION,SAN PEDRO DE PILLAO,22,5,17,0.22727272727272727
190206,2020,PASCO,DANIEL ALCIDES CARRION,SANTA ANA DE TUSI,52,19,33,0.36538461538461536
190206,2021,PASCO,DANIEL ALCIDES CARRION,SANTA ANA DE TUSI,56,18,38,0.32142857142857145
190206,2022,PASCO,DANIEL ALCIDES CARRION,SANTA ANA DE TUSI,34,11,23,0.3235294117647059
190206,2023,PASCO,DANIEL ALCIDES CARRION,SANTA ANA DE TUSI,159,32,127,0.20125786163522014
190206,2024,PASCO,DANIEL ALCIDES CARRION,SANTA ANA DE TUSI,162,23,139,0.1419753086419753
190206,2025,PASCO,DANIEL ALCIDES CARRION,SANTA ANA DE TUSI,165,20,145,0.12121212121212122
190206,2026,PASCO,DANIEL ALCIDES CARRION,SANTA ANA DE TUSI,108,18,90,0.16666666666666666
190207,2020,PASCO,DANIEL ALCIDES CARRION,TAPUC,12,7,5,0.5833333333333334
190207,2021,PASCO,DANIEL ALCIDES CARRION,TAPUC,15,10,5,0.6666666666666666
190207,2022,PASCO,DANIEL ALCIDES CARRION,TAPUC,20,7,13,0.35
190207,2023,PASCO,DANIEL ALCIDES CARRION,TAPUC,82,41,41,0.5
190207,2024,PASCO,DANIEL ALCIDES CARRION,TAPUC,75,10,65,0.13333333333333333
190207,2025,PASCO,DANIEL ALCIDES CARRION,TAPUC,55,15,40,0.2727272727272727
190207,2026,PASCO,DANIEL ALCIDES CARRION,TAPUC,33,10,23,0.30303030303030304
190208,2020,PASCO,DANIEL ALCIDES CARRION,VILCABAMBA,7,1,6,0.14285714285714285
190208,2021,PASCO,DANIEL ALCIDES CARRION,VILCABAMBA,12,4,8,0.3333333333333333
190208,2022,PASCO,DANIEL ALCIDES CARRION,VILCABAMBA,1,0,1,0.0
190208,2023,PASCO,DANIEL ALCIDES CARRION,VILCABAMBA,20,4,16,0.2
190208,2024,PASCO,DANIEL ALCIDES CARRION,VILCABAMBA,23,3,20,0.13043478260869565
190208,2025,PASCO,DANIEL ALCIDES CARRION,VILCABAMBA,12,2,10,0.16666666666666666
190208,2026,PASCO,DANIEL ALCIDES CARRION,VILCABAMBA,9,3,6,0.3333333333333333
190301,2020,PASCO,OXAPAMPA,OXAPAMPA,365,168,197,0.4602739726027397
190301,2021,PASCO,OXAPAMPA,OXAPAMPA,253,111,142,0.43873517786561267
190301,2022,PASCO,OXAPAMPA,OXAPAMPA,162,45,117,0.2777777777777778
190301,2023,PASCO,OXAPAMPA,OXAPAMPA,533,64,469,0.1200750469043152
190301,2024,PASCO,OXAPAMPA,OXAPAMPA,551,148,403,0.26860254083484575
190301,2025,PASCO,OXAPAMPA,OXAPAMPA,494,109,385,0.22064777327935223
190301,2026,PASCO,OXAPAMPA,OXAPAMPA,287,90,197,0.313588850174216
190302,2020,PASCO,OXAPAMPA,CHONTABAMBA,81,40,41,0.49382716049382713
190302,2021,PASCO,OXAPAMPA,CHONTABAMBA,77,31,46,0.4025974025974026
190302,2022,PASCO,OXAPAMPA,CHONTABAMBA,67,24,43,0.3582089552238806
190302,2023,PASCO,OXAPAMPA,CHONTABAMBA,204,53,151,0.25980392156862747
190302,2024,PASCO,OXAPAMPA,CHONTABAMBA,208,69,139,0.3317307692307692
190302,2025,PASCO,OXAPAMPA,CHONTABAMBA,163,41,122,0.25153374233128833
190302,2026,PASCO,OXAPAMPA,CHONTABAMBA,88,30,58,0.3409090909090909
190303,2020,PASCO,OXAPAMPA,HUANCABAMBA,115,52,63,0.45217391304347826
190303,2021,PASCO,OXAPAMPA,HUANCABAMBA,134,51,83,0.3805970149253731
190303,2022,PASCO,OXAPAMPA,HUANCABAMBA,92,28,64,0.30434782608695654
190303,2023,PASCO,OXAPAMPA,HUANCABAMBA,264,71,193,0.2689393939393939
190303,2024,PASCO,OXAPAMPA,HUANCABAMBA,266,54,212,0.20300751879699247
190303,2025,PASCO,OXAPAMPA,HUANCABAMBA,253,35,218,0.1383399209486166
190303,2026,PASCO,OXAPAMPA,HUANCABAMBA,151,42,109,0.2781456953642384
190304,2020,PASCO,OXAPAMPA,PALCAZU,240,85,155,0.3541666666666667
190304,2021,PASCO,OXAPAMPA,PALCAZU,243,90,153,0.37037037037037035
190304,2022,PASCO,OXAPAMPA,PALCAZU,284,114,170,0.4014084507042254
190304,2023,PASCO,OXAPAMPA,PALCAZU,573,174,399,0.3036649214659686
190304,2024,PASCO,OXAPAMPA,PALCAZU,501,43,458,0.08582834331337326
190304,2025,PASCO,OXAPAMPA,PALCAZU,430,30,400,0.06976744186046512
190304,2026,PASCO,OXAPAMPA,PALCAZU,249,20,229,0.08032128514056225
190305,2020,PASCO,OXAPAMPA,POZUZO,50,10,40,0.2
190305,2021,PASCO,OXAPAMPA,POZUZO,71,18,53,0.2535211267605634
190305,2022,PASCO,OXAPAMPA,POZUZO,74,22,52,0.2972972972972973
190305,2023,PASCO,OXAPAMPA,POZUZO,274,68,206,0.24817518248175183
190305,2024,PASCO,OXAPAMPA,POZUZO,273,103,170,0.3772893772893773
190305,2025,PASCO,OXAPAMPA,POZUZO,257,50,207,0.19455252918287938
190305,2026,PASCO,OXAPAMPA,POZUZO,166,18,148,0.10843373493975904
190306,2020,PASCO,OXAPAMPA,PUERTO BERMUDEZ,308,121,187,0.39285714285714285
190306,2021,PASCO,OXAPAMPA,PUERTO BERMUDEZ,364,158,206,0.4340659340659341
190306,2022,PASCO,OXAPAMPA,PUERTO BERMUDEZ,385,208,177,0.5402597402597402
190306,2023,PASCO,OXAPAMPA,PUERTO BERMUDEZ,1063,411,652,0.38664158043273755
190306,2024,PASCO,OXAPAMPA,PUERTO BERMUDEZ,1199,202,997,0.16847372810675562
190306,2025,PASCO,OXAPAMPA,PUERTO BERMUDEZ,1259,138,1121,0.1096108022239873
190306,2026,PASCO,OXAPAMPA,PUERTO BERMUDEZ,749,133,616,0.17757009345794392
190307,2020,PASCO,OXAPAMPA,VILLA RICA,519,286,233,0.5510597302504817
190307,2021,PASCO,OXAPAMPA,VILLA RICA,461,263,198,0.5704989154013015
190307,2022,PASCO,OXAPAMPA,VILLA RICA,364,191,173,0.5247252747252747
190307,2023,PASCO,OXAPAMPA,VILLA RICA,641,289,352,0.45085803432137284
190307,2024,PASCO,OXAPAMPA,VILLA RICA,692,278,414,0.40173410404624277
190307,2025,PASCO,OXAPAMPA,VILLA RICA,618,131,487,0.21197411003236247
190307,2026,PASCO,OXAPAMPA,VILLA RICA,388,79,309,0.2036082474226804
190308,2020,PASCO,OXAPAMPA,CONSTITUCION,300,66,234,0.22
190308,2021,PASCO,OXAPAMPA,CONSTITUCION,395,89,306,0.22531645569620254
190308,2022,PASCO,OXAPAMPA,CONSTITUCION,420,79,341,0.1880952380952381
190308,2023,PASCO,OXAPAMPA,CONSTITUCION,1103,245,858,0.22212148685403446
190308,2024,PASCO,OXAPAMPA,CONSTITUCION,1060,198,862,0.18679245283018867
190308,2025,PASCO,OXAPAMPA,CONSTITUCION,909,143,766,0.1573157315731573
190308,2026,PASCO,OXAPAMPA,CONSTITUCION,505,68,437,0.13465346534653466
200101,2020,PIURA,PIURA,PIURA,1515,242,1273,0.15973597359735975
200101,2021,PIURA,PIURA,PIURA,1740,165,1575,0.09482758620689655
200101,2022,PIURA,PIURA,PIURA,1457,230,1227,0.1578586135895676
200101,2023,PIURA,PIURA,PIURA,2975,298,2677,0.10016806722689076
200101,2024,PIURA,PIURA,PIURA,3105,138,2967,0.044444444444444446
200101,2025,PIURA,PIURA,PIURA,2764,102,2662,0.03690303907380608
200101,2026,PIURA,PIURA,PIURA,1407,79,1328,0.05614783226723525
200104,2020,PIURA,PIURA,CASTILLA,2434,399,2035,0.1639276910435497
200104,2021,PIURA,PIURA,CASTILLA,2202,396,1806,0.17983651226158037
200104,2022,PIURA,PIURA,CASTILLA,2081,487,1594,0.2340221047573282
200104,2023,PIURA,PIURA,CASTILLA,4217,750,3467,0.17785155323689827
200104,2024,PIURA,PIURA,CASTILLA,4439,422,4017,0.09506645640910115
200104,2025,PIURA,PIURA,CASTILLA,4009,383,3626,0.09553504614617112
200104,2026,PIURA,PIURA,CASTILLA,2322,272,2050,0.11714039621016366
200105,2020,PIURA,PIURA,CATACAOS,1817,437,1380,0.24050632911392406
200105,2021,PIURA,PIURA,CATACAOS,1263,248,1015,0.19635787806809185
200105,2022,PIURA,PIURA,CATACAOS,1065,223,842,0.20938967136150236
200105,2023,PIURA,PIURA,CATACAOS,2599,333,2266,0.1281262023855329
200105,2024,PIURA,PIURA,CATACAOS,2895,208,2687,0.07184801381692574
200105,2025,PIURA,PIURA,CATACAOS,2532,186,2346,0.07345971563981042
200105,2026,PIURA,PIURA,CATACAOS,1595,132,1463,0.08275862068965517
200107,2020,PIURA,PIURA,CURA MORI,384,81,303,0.2109375
200107,2021,PIURA,PIURA,CURA MORI,440,116,324,0.2636363636363636
200107,2022,PIURA,PIURA,CURA MORI,375,123,252,0.328
200107,2023,PIURA,PIURA,CURA MORI,1002,212,790,0.21157684630738524
200107,2024,PIURA,PIURA,CURA MORI,952,92,860,0.09663865546218488
200107,2025,PIURA,PIURA,CURA MORI,786,67,719,0.08524173027989822
200107,2026,PIURA,PIURA,CURA MORI,488,68,420,0.13934426229508196
200108,2020,PIURA,PIURA,EL TALLAN,173,9,164,0.05202312138728324
200108,2021,PIURA,PIURA,EL TALLAN,216,14,202,0.06481481481481481
200108,2022,PIURA,PIURA,EL TALLAN,128,10,118,0.078125
200108,2023,PIURA,PIURA,EL TALLAN,353,16,337,0.0453257790368272
200108,2024,PIURA,PIURA,EL TALLAN,355,21,334,0.059154929577464786
200108,2025,PIURA,PIURA,EL TALLAN,353,11,342,0.031161473087818695
200108,2026,PIURA,PIURA,EL TALLAN,236,5,231,0.0211864406779661
200109,2020,PIURA,PIURA,LA ARENA,808,227,581,0.28094059405940597
200109,2021,PIURA,PIURA,LA ARENA,679,164,515,0.24153166421207659
200109,2022,PIURA,PIURA,LA ARENA,647,208,439,0.321483771251932
200109,2023,PIURA,PIURA,LA ARENA,1728,322,1406,0.1863425925925926
200109,2024,PIURA,PIURA,LA ARENA,1870,155,1715,0.08288770053475936
200109,2025,PIURA,PIURA,LA ARENA,1774,118,1656,0.0665163472378805
200109,2026,PIURA,PIURA,LA ARENA,1109,51,1058,0.045987376014427414
200110,2020,PIURA,PIURA,LA UNION,1160,211,949,0.18189655172413793
200110,2021,PIURA,PIURA,LA UNION,663,113,550,0.17043740573152338
200110,2022,PIURA,PIURA,LA UNION,569,89,480,0.15641476274165203
200110,2023,PIURA,PIURA,LA UNION,1440,139,1301,0.09652777777777778
200110,2024,PIURA,PIURA,LA UNION,1460,105,1355,0.07191780821917808
200110,2025,PIURA,PIURA,LA UNION,1606,84,1522,0.052303860523038606
200110,2026,PIURA,PIURA,LA UNION,867,66,801,0.07612456747404844
200111,2020,PIURA,PIURA,LAS LOMAS,444,46,398,0.1036036036036036
200111,2021,PIURA,PIURA,LAS LOMAS,349,26,323,0.07449856733524356
200111,2022,PIURA,PIURA,LAS LOMAS,353,30,323,0.08498583569405099
200111,2023,PIURA,PIURA,LAS LOMAS,1127,73,1054,0.064773735581189
200111,2024,PIURA,PIURA,LAS LOMAS,1123,23,1100,0.020480854853072127
200111,2025,PIURA,PIURA,LAS LOMAS,1003,16,987,0.015952143569292122
200111,2026,PIURA,PIURA,LAS LOMAS,588,13,575,0.022108843537414966
200114,2020,PIURA,PIURA,TAMBO GRANDE,3017,321,2696,0.10639708319522705
200114,2021,PIURA,PIURA,TAMBO GRANDE,2184,211,1973,0.09661172161172162
200114,2022,PIURA,PIURA,TAMBO GRANDE,1997,245,1752,0.12268402603905859
200114,2023,PIURA,PIURA,TAMBO GRANDE,5299,512,4787,0.09662200415172674
200114,2024,PIURA,PIURA,TAMBO GRANDE,5393,199,5194,0.03689968477656221
200114,2025,PIURA,PIURA,TAMBO GRANDE,4978,216,4762,0.043390920048212135
200114,2026,PIURA,PIURA,TAMBO GRANDE,3136,152,2984,0.04846938775510204
200115,2020,PIURA,PIURA,VEINTISEIS DE OCTUBRE,2532,449,2083,0.1773301737756714
200115,2021,PIURA,PIURA,VEINTISEIS DE OCTUBRE,1638,213,1425,0.13003663003663005
200115,2022,PIURA,PIURA,VEINTISEIS DE OCTUBRE,1799,309,1490,0.1717620900500278
200115,2023,PIURA,PIURA,VEINTISEIS DE OCTUBRE,4277,465,3812,0.10872106616787468
200115,2024,PIURA,PIURA,VEINTISEIS DE OCTUBRE,4480,281,4199,0.06272321428571428
200115,2025,PIURA,PIURA,VEINTISEIS DE OCTUBRE,4340,223,4117,0.051382488479262675
200115,2026,PIURA,PIURA,VEINTISEIS DE OCTUBRE,2332,158,2174,0.06775300171526587
200201,2020,PIURA,AYABACA,AYABACA,455,326,129,0.7164835164835165
200201,2021,PIURA,AYABACA,AYABACA,375,248,127,0.6613333333333333
200201,2022,PIURA,AYABACA,AYABACA,425,277,148,0.6517647058823529
200201,2023,PIURA,AYABACA,AYABACA,1381,747,634,0.5409123823316437
200201,2024,PIURA,AYABACA,AYABACA,1256,739,517,0.5883757961783439
200201,2025,PIURA,AYABACA,AYABACA,1130,508,622,0.4495575221238938
200201,2026,PIURA,AYABACA,AYABACA,690,283,407,0.4101449275362319
200202,2020,PIURA,AYABACA,FRIAS,235,66,169,0.28085106382978725
200202,2021,PIURA,AYABACA,FRIAS,279,40,239,0.14336917562724014
200202,2022,PIURA,AYABACA,FRIAS,268,30,238,0.11194029850746269
200202,2023,PIURA,AYABACA,FRIAS,908,108,800,0.11894273127753303
200202,2024,PIURA,AYABACA,FRIAS,838,165,673,0.19689737470167065
200202,2025,PIURA,AYABACA,FRIAS,672,91,581,0.13541666666666666
200202,2026,PIURA,AYABACA,FRIAS,442,48,394,0.1085972850678733
200203,2020,PIURA,AYABACA,JILILI,97,20,77,0.20618556701030927
200203,2021,PIURA,AYABACA,JILILI,55,4,51,0.07272727272727272
200203,2022,PIURA,AYABACA,JILILI,85,21,64,0.24705882352941178
200203,2023,PIURA,AYABACA,JILILI,107,20,87,0.18691588785046728
200203,2024,PIURA,AYABACA,JILILI,110,34,76,0.3090909090909091
200203,2025,PIURA,AYABACA,JILILI,92,29,63,0.31521739130434784
200203,2026,PIURA,AYABACA,JILILI,59,15,44,0.2542372881355932
200204,2020,PIURA,AYABACA,LAGUNAS,85,63,22,0.7411764705882353
200204,2021,PIURA,AYABACA,LAGUNAS,117,84,33,0.717948717948718
200204,2022,PIURA,AYABACA,LAGUNAS,117,94,23,0.8034188034188035
200204,2023,PIURA,AYABACA,LAGUNAS,321,218,103,0.6791277258566978
200204,2024,PIURA,AYABACA,LAGUNAS,314,162,152,0.5159235668789809
200204,2025,PIURA,AYABACA,LAGUNAS,297,115,182,0.3872053872053872
200204,2026,PIURA,AYABACA,LAGUNAS,166,70,96,0.42168674698795183
200205,2020,PIURA,AYABACA,MONTERO,245,57,188,0.23265306122448978
200205,2021,PIURA,AYABACA,MONTERO,214,32,182,0.14953271028037382
200205,2022,PIURA,AYABACA,MONTERO,202,36,166,0.1782178217821782
200205,2023,PIURA,AYABACA,MONTERO,234,46,188,0.19658119658119658
200205,2024,PIURA,AYABACA,MONTERO,215,87,128,0.4046511627906977
200205,2025,PIURA,AYABACA,MONTERO,176,69,107,0.39204545454545453
200205,2026,PIURA,AYABACA,MONTERO,108,27,81,0.25
200206,2020,PIURA,AYABACA,PACAIPAMPA,174,46,128,0.26436781609195403
200206,2021,PIURA,AYABACA,PACAIPAMPA,396,135,261,0.3409090909090909
200206,2022,PIURA,AYABACA,PACAIPAMPA,354,119,235,0.3361581920903955
200206,2023,PIURA,AYABACA,PACAIPAMPA,1085,281,804,0.2589861751152074
200206,2024,PIURA,AYABACA,PACAIPAMPA,1131,337,794,0.2979664014146773
200206,2025,PIURA,AYABACA,PACAIPAMPA,1164,281,883,0.24140893470790378
200206,2026,PIURA,AYABACA,PACAIPAMPA,736,157,579,0.21331521739130435
200207,2020,PIURA,AYABACA,PAIMAS,164,38,126,0.23170731707317074
200207,2021,PIURA,AYABACA,PAIMAS,153,28,125,0.1830065359477124
200207,2022,PIURA,AYABACA,PAIMAS,159,27,132,0.16981132075471697
200207,2023,PIURA,AYABACA,PAIMAS,436,59,377,0.1353211009174312
200207,2024,PIURA,AYABACA,PAIMAS,403,84,319,0.20843672456575682
200207,2025,PIURA,AYABACA,PAIMAS,392,72,320,0.1836734693877551
200207,2026,PIURA,AYABACA,PAIMAS,246,43,203,0.17479674796747968
200208,2020,PIURA,AYABACA,SAPILLICA,251,43,208,0.17131474103585656
200208,2021,PIURA,AYABACA,SAPILLICA,171,20,151,0.11695906432748537
200208,2022,PIURA,AYABACA,SAPILLICA,222,47,175,0.21171171171171171
200208,2023,PIURA,AYABACA,SAPILLICA,627,114,513,0.18181818181818182
200208,2024,PIURA,AYABACA,SAPILLICA,572,200,372,0.34965034965034963
200208,2025,PIURA,AYABACA,SAPILLICA,512,127,385,0.248046875
200208,2026,PIURA,AYABACA,SAPILLICA,373,117,256,0.3136729222520107
200209,2020,PIURA,AYABACA,SICCHEZ,23,13,10,0.5652173913043478
200209,2021,PIURA,AYABACA,SICCHEZ,44,15,29,0.3409090909090909
200209,2022,PIURA,AYABACA,SICCHEZ,18,8,10,0.4444444444444444
200209,2023,PIURA,AYABACA,SICCHEZ,52,13,39,0.25
200209,2024,PIURA,AYABACA,SICCHEZ,39,14,25,0.358974358974359
200209,2025,PIURA,AYABACA,SICCHEZ,48,14,34,0.2916666666666667
200209,2026,PIURA,AYABACA,SICCHEZ,23,3,20,0.13043478260869565
200210,2020,PIURA,AYABACA,SUYO,175,19,156,0.10857142857142857
200210,2021,PIURA,AYABACA,SUYO,225,30,195,0.13333333333333333
200210,2022,PIURA,AYABACA,SUYO,197,31,166,0.15736040609137056
200210,2023,PIURA,AYABACA,SUYO,532,27,505,0.05075187969924812
200210,2024,PIURA,AYABACA,SUYO,495,28,467,0.05656565656565657
200210,2025,PIURA,AYABACA,SUYO,477,27,450,0.05660377358490566
200210,2026,PIURA,AYABACA,SUYO,268,21,247,0.07835820895522388
200301,2020,PIURA,HUANCABAMBA,HUANCABAMBA,465,79,386,0.16989247311827957
200301,2021,PIURA,HUANCABAMBA,HUANCABAMBA,469,101,368,0.21535181236673773
200301,2022,PIURA,HUANCABAMBA,HUANCABAMBA,396,104,292,0.26262626262626265
200301,2023,PIURA,HUANCABAMBA,HUANCABAMBA,1110,223,887,0.2009009009009009
200301,2024,PIURA,HUANCABAMBA,HUANCABAMBA,1137,256,881,0.22515391380826738
200301,2025,PIURA,HUANCABAMBA,HUANCABAMBA,1104,213,891,0.19293478260869565
200301,2026,PIURA,HUANCABAMBA,HUANCABAMBA,640,93,547,0.1453125
200302,2020,PIURA,HUANCABAMBA,CANCHAQUE,114,52,62,0.45614035087719296
200302,2021,PIURA,HUANCABAMBA,CANCHAQUE,121,43,78,0.35537190082644626
200302,2022,PIURA,HUANCABAMBA,CANCHAQUE,95,33,62,0.3473684210526316
200302,2023,PIURA,HUANCABAMBA,CANCHAQUE,255,71,184,0.2784313725490196
200302,2024,PIURA,HUANCABAMBA,CANCHAQUE,244,69,175,0.2827868852459016
200302,2025,PIURA,HUANCABAMBA,CANCHAQUE,199,50,149,0.25125628140703515
200302,2026,PIURA,HUANCABAMBA,CANCHAQUE,99,36,63,0.36363636363636365
200303,2020,PIURA,HUANCABAMBA,EL CARMEN DE LA FRONTERA,187,132,55,0.7058823529411765
200303,2021,PIURA,HUANCABAMBA,EL CARMEN DE LA FRONTERA,177,131,46,0.7401129943502824
200303,2022,PIURA,HUANCABAMBA,EL CARMEN DE LA FRONTERA,143,110,33,0.7692307692307693
200303,2023,PIURA,HUANCABAMBA,EL CARMEN DE LA FRONTERA,508,301,207,0.59251968503937
200303,2024,PIURA,HUANCABAMBA,EL CARMEN DE LA FRONTERA,478,160,318,0.33472803347280333
200303,2025,PIURA,HUANCABAMBA,EL CARMEN DE LA FRONTERA,422,28,394,0.06635071090047394
200303,2026,PIURA,HUANCABAMBA,EL CARMEN DE LA FRONTERA,294,13,281,0.04421768707482993
200304,2020,PIURA,HUANCABAMBA,HUARMACA,834,457,377,0.5479616306954437
200304,2021,PIURA,HUANCABAMBA,HUARMACA,702,396,306,0.5641025641025641
200304,2022,PIURA,HUANCABAMBA,HUARMACA,523,297,226,0.5678776290630975
200304,2023,PIURA,HUANCABAMBA,HUARMACA,1778,743,1035,0.4178852643419573
200304,2024,PIURA,HUANCABAMBA,HUARMACA,1811,790,1021,0.43622308117062397
200304,2025,PIURA,HUANCABAMBA,HUARMACA,1674,500,1174,0.2986857825567503
200304,2026,PIURA,HUANCABAMBA,HUARMACA,883,261,622,0.2955832389580974
200305,2020,PIURA,HUANCABAMBA,LALAQUIZ,86,20,66,0.23255813953488372
200305,2021,PIURA,HUANCABAMBA,LALAQUIZ,44,9,35,0.20454545454545456
200305,2022,PIURA,HUANCABAMBA,LALAQUIZ,45,14,31,0.3111111111111111
200305,2023,PIURA,HUANCABAMBA,LALAQUIZ,148,38,110,0.25675675675675674
200305,2024,PIURA,HUANCABAMBA,LALAQUIZ,148,31,117,0.20945945945945946
200305,2025,PIURA,HUANCABAMBA,LALAQUIZ,129,16,113,0.12403100775193798
200305,2026,PIURA,HUANCABAMBA,LALAQUIZ,103,14,89,0.13592233009708737
200306,2020,PIURA,HUANCABAMBA,SAN MIGUEL DE EL FAIQUE,253,66,187,0.2608695652173913
200306,2021,PIURA,HUANCABAMBA,SAN MIGUEL DE EL FAIQUE,142,40,102,0.28169014084507044
200306,2022,PIURA,HUANCABAMBA,SAN MIGUEL DE EL FAIQUE,140,35,105,0.25
200306,2023,PIURA,HUANCABAMBA,SAN MIGUEL DE EL FAIQUE,430,81,349,0.1883720930232558
200306,2024,PIURA,HUANCABAMBA,SAN MIGUEL DE EL FAIQUE,406,98,308,0.2413793103448276
200306,2025,PIURA,HUANCABAMBA,SAN MIGUEL DE EL FAIQUE,346,85,261,0.24566473988439305
200306,2026,PIURA,HUANCABAMBA,SAN MIGUEL DE EL FAIQUE,210,58,152,0.2761904761904762
200307,2020,PIURA,HUANCABAMBA,SONDOR,133,79,54,0.5939849624060151
200307,2021,PIURA,HUANCABAMBA,SONDOR,100,36,64,0.36
200307,2022,PIURA,HUANCABAMBA,SONDOR,76,36,40,0.47368421052631576
200307,2023,PIURA,HUANCABAMBA,SONDOR,291,100,191,0.3436426116838488
200307,2024,PIURA,HUANCABAMBA,SONDOR,291,47,244,0.16151202749140894
200307,2025,PIURA,HUANCABAMBA,SONDOR,252,31,221,0.12301587301587301
200307,2026,PIURA,HUANCABAMBA,SONDOR,182,14,168,0.07692307692307693
200308,2020,PIURA,HUANCABAMBA,SONDORILLO,367,157,210,0.42779291553133514
200308,2021,PIURA,HUANCABAMBA,SONDORILLO,151,44,107,0.2913907284768212
200308,2022,PIURA,HUANCABAMBA,SONDORILLO,110,53,57,0.4818181818181818
200308,2023,PIURA,HUANCABAMBA,SONDORILLO,417,137,280,0.328537170263789
200308,2024,PIURA,HUANCABAMBA,SONDORILLO,451,164,287,0.36363636363636365
200308,2025,PIURA,HUANCABAMBA,SONDORILLO,425,79,346,0.18588235294117647
200308,2026,PIURA,HUANCABAMBA,SONDORILLO,296,59,237,0.19932432432432431
200401,2020,PIURA,MORROPON,CHULUCANAS,1390,299,1091,0.21510791366906476
200401,2021,PIURA,MORROPON,CHULUCANAS,1514,226,1288,0.14927344782034346
200401,2022,PIURA,MORROPON,CHULUCANAS,1069,205,864,0.19176800748362957
200401,2023,PIURA,MORROPON,CHULUCANAS,2733,352,2381,0.1287961946578851
200401,2024,PIURA,MORROPON,CHULUCANAS,2746,247,2499,0.08994901675163874
200401,2025,PIURA,MORROPON,CHULUCANAS,2684,191,2493,0.07116244411326378
200401,2026,PIURA,MORROPON,CHULUCANAS,1753,135,1618,0.07701083856246435
200402,2020,PIURA,MORROPON,BUENOS AIRES,142,36,106,0.2535211267605634
200402,2021,PIURA,MORROPON,BUENOS AIRES,134,26,108,0.19402985074626866
200402,2022,PIURA,MORROPON,BUENOS AIRES,108,42,66,0.3888888888888889
200402,2023,PIURA,MORROPON,BUENOS AIRES,396,77,319,0.19444444444444445
200402,2024,PIURA,MORROPON,BUENOS AIRES,397,38,359,0.09571788413098237
200402,2025,PIURA,MORROPON,BUENOS AIRES,347,30,317,0.08645533141210375
200402,2026,PIURA,MORROPON,BUENOS AIRES,194,12,182,0.061855670103092786
200403,2020,PIURA,MORROPON,CHALACO,84,22,62,0.2619047619047619
200403,2021,PIURA,MORROPON,CHALACO,81,22,59,0.2716049382716049
200403,2022,PIURA,MORROPON,CHALACO,84,33,51,0.39285714285714285
200403,2023,PIURA,MORROPON,CHALACO,246,77,169,0.3130081300813008
200403,2024,PIURA,MORROPON,CHALACO,259,76,183,0.29343629343629346
200403,2025,PIURA,MORROPON,CHALACO,219,69,150,0.3150684931506849
200403,2026,PIURA,MORROPON,CHALACO,150,55,95,0.36666666666666664
200404,2020,PIURA,MORROPON,LA MATANZA,429,112,317,0.26107226107226106
200404,2021,PIURA,MORROPON,LA MATANZA,289,63,226,0.2179930795847751
200404,2022,PIURA,MORROPON,LA MATANZA,236,51,185,0.21610169491525424
200404,2023,PIURA,MORROPON,LA MATANZA,712,65,647,0.09129213483146068
200404,2024,PIURA,MORROPON,LA MATANZA,651,26,625,0.039938556067588324
200404,2025,PIURA,MORROPON,LA MATANZA,645,30,615,0.046511627906976744
200404,2026,PIURA,MORROPON,LA MATANZA,399,22,377,0.05513784461152882
200405,2020,PIURA,MORROPON,MORROPON,112,24,88,0.21428571428571427
200405,2021,PIURA,MORROPON,MORROPON,139,1,138,0.007194244604316547
200405,2022,PIURA,MORROPON,MORROPON,146,17,129,0.11643835616438356
200405,2023,PIURA,MORROPON,MORROPON,451,16,435,0.03547671840354767
200405,2024,PIURA,MORROPON,MORROPON,421,9,412,0.021377672209026127
200405,2025,PIURA,MORROPON,MORROPON,411,6,405,0.014598540145985401
200405,2026,PIURA,MORROPON,MORROPON,256,4,252,0.015625
200406,2020,PIURA,MORROPON,SALITRAL,103,36,67,0.34951456310679613
200406,2021,PIURA,MORROPON,SALITRAL,140,28,112,0.2
200406,2022,PIURA,MORROPON,SALITRAL,97,26,71,0.26804123711340205
200406,2023,PIURA,MORROPON,SALITRAL,409,63,346,0.15403422982885084
200406,2024,PIURA,MORROPON,SALITRAL,443,51,392,0.11512415349887133
200406,2025,PIURA,MORROPON,SALITRAL,351,24,327,0.06837606837606838
200406,2026,PIURA,MORROPON,SALITRAL,227,23,204,0.1013215859030837
200407,2020,PIURA,MORROPON,SAN JUAN DE BIGOTE,155,32,123,0.2064516129032258
200407,2021,PIURA,MORROPON,SAN JUAN DE BIGOTE,85,16,69,0.18823529411764706
200407,2022,PIURA,MORROPON,SAN JUAN DE BIGOTE,62,7,55,0.11290322580645161
200407,2023,PIURA,MORROPON,SAN JUAN DE BIGOTE,266,19,247,0.07142857142857142
200407,2024,PIURA,MORROPON,SAN JUAN DE BIGOTE,216,9,207,0.041666666666666664
200407,2025,PIURA,MORROPON,SAN JUAN DE BIGOTE,214,5,209,0.02336448598130841
200407,2026,PIURA,MORROPON,SAN JUAN DE BIGOTE,130,1,129,0.007692307692307693
200408,2020,PIURA,MORROPON,SANTA CATALINA DE MOSSA,42,2,40,0.047619047619047616
200408,2021,PIURA,MORROPON,SANTA CATALINA DE MOSSA,50,5,45,0.1
200408,2022,PIURA,MORROPON,SANTA CATALINA DE MOSSA,61,6,55,0.09836065573770492
200408,2023,PIURA,MORROPON,SANTA CATALINA DE MOSSA,145,14,131,0.09655172413793103
200408,2024,PIURA,MORROPON,SANTA CATALINA DE MOSSA,128,33,95,0.2578125
200408,2025,PIURA,MORROPON,SANTA CATALINA DE MOSSA,89,16,73,0.1797752808988764
200408,2026,PIURA,MORROPON,SANTA CATALINA DE MOSSA,53,13,40,0.24528301886792453
200409,2020,PIURA,MORROPON,SANTO DOMINGO,24,4,20,0.16666666666666666
200409,2021,PIURA,MORROPON,SANTO DOMINGO,34,8,26,0.23529411764705882
200409,2022,PIURA,MORROPON,SANTO DOMINGO,41,9,32,0.21951219512195122
200409,2023,PIURA,MORROPON,SANTO DOMINGO,171,28,143,0.16374269005847952
200409,2024,PIURA,MORROPON,SANTO DOMINGO,156,36,120,0.23076923076923078
200409,2025,PIURA,MORROPON,SANTO DOMINGO,144,49,95,0.3402777777777778
200409,2026,PIURA,MORROPON,SANTO DOMINGO,76,16,60,0.21052631578947367
200410,2020,PIURA,MORROPON,YAMANGO,179,53,126,0.29608938547486036
200410,2021,PIURA,MORROPON,YAMANGO,115,45,70,0.391304347826087
200410,2022,PIURA,MORROPON,YAMANGO,68,20,48,0.29411764705882354
200410,2023,PIURA,MORROPON,YAMANGO,272,75,197,0.2757352941176471
200410,2024,PIURA,MORROPON,YAMANGO,262,86,176,0.3282442748091603
200410,2025,PIURA,MORROPON,YAMANGO,242,43,199,0.17768595041322313
200410,2026,PIURA,MORROPON,YAMANGO,155,23,132,0.14838709677419354
200501,2020,PIURA,PAITA,PAITA,1721,587,1134,0.3410807669959326
200501,2021,PIURA,PAITA,PAITA,1522,266,1256,0.1747700394218134
200501,2022,PIURA,PAITA,PAITA,1296,255,1041,0.19675925925925927
200501,2023,PIURA,PAITA,PAITA,2313,277,2036,0.11975789018590575
200501,2024,PIURA,PAITA,PAITA,2645,263,2382,0.09943289224952741
200501,2025,PIURA,PAITA,PAITA,2578,186,2392,0.0721489526764934
200501,2026,PIURA,PAITA,PAITA,1461,99,1362,0.06776180698151951
200502,2020,PIURA,PAITA,AMOTAPE,65,2,63,0.03076923076923077
200502,2021,PIURA,PAITA,AMOTAPE,38,3,35,0.07894736842105263
200502,2022,PIURA,PAITA,AMOTAPE,47,6,41,0.1276595744680851
200502,2023,PIURA,PAITA,AMOTAPE,96,14,82,0.14583333333333334
200502,2024,PIURA,PAITA,AMOTAPE,79,7,72,0.08860759493670886
200502,2025,PIURA,PAITA,AMOTAPE,75,3,72,0.04
200502,2026,PIURA,PAITA,AMOTAPE,54,4,50,0.07407407407407407
200503,2020,PIURA,PAITA,ARENAL,23,0,23,0.0
200503,2021,PIURA,PAITA,ARENAL,13,5,8,0.38461538461538464
200503,2022,PIURA,PAITA,ARENAL,8,2,6,0.25
200503,2023,PIURA,PAITA,ARENAL,10,2,8,0.2
200503,2024,PIURA,PAITA,ARENAL,35,1,34,0.02857142857142857
200503,2025,PIURA,PAITA,ARENAL,39,2,37,0.05128205128205128
200503,2026,PIURA,PAITA,ARENAL,26,1,25,0.038461538461538464
200504,2020,PIURA,PAITA,COLAN,338,56,282,0.16568047337278108
200504,2021,PIURA,PAITA,COLAN,278,46,232,0.16546762589928057
200504,2022,PIURA,PAITA,COLAN,253,75,178,0.2964426877470356
200504,2023,PIURA,PAITA,COLAN,699,121,578,0.17310443490701002
200504,2024,PIURA,PAITA,COLAN,688,71,617,0.10319767441860465
200504,2025,PIURA,PAITA,COLAN,651,50,601,0.07680491551459294
200504,2026,PIURA,PAITA,COLAN,381,24,357,0.06299212598425197
200505,2020,PIURA,PAITA,LA HUACA,250,19,231,0.076
200505,2021,PIURA,PAITA,LA HUACA,276,5,271,0.018115942028985508
200505,2022,PIURA,PAITA,LA HUACA,225,22,203,0.09777777777777778
200505,2023,PIURA,PAITA,LA HUACA,558,66,492,0.11827956989247312
200505,2024,PIURA,PAITA,LA HUACA,524,19,505,0.03625954198473282
200505,2025,PIURA,PAITA,LA HUACA,467,11,456,0.023554603854389723
200505,2026,PIURA,PAITA,LA HUACA,298,9,289,0.030201342281879196
200506,2020,PIURA,PAITA,TAMARINDO,224,25,199,0.11160714285714286
200506,2021,PIURA,PAITA,TAMARINDO,161,8,153,0.049689440993788817
200506,2022,PIURA,PAITA,TAMARINDO,51,8,43,0.1568627450980392
200506,2023,PIURA,PAITA,TAMARINDO,179,15,164,0.08379888268156424
200506,2024,PIURA,PAITA,TAMARINDO,148,7,141,0.0472972972972973
200506,2025,PIURA,PAITA,TAMARINDO,172,4,168,0.023255813953488372
200506,2026,PIURA,PAITA,TAMARINDO,116,11,105,0.09482758620689655
200507,2020,PIURA,PAITA,VICHAYAL,106,21,85,0.19811320754716982
200507,2021,PIURA,PAITA,VICHAYAL,88,15,73,0.17045454545454544
200507,2022,PIURA,PAITA,VICHAYAL,81,17,64,0.20987654320987653
200507,2023,PIURA,PAITA,VICHAYAL,266,37,229,0.13909774436090225
200507,2024,PIURA,PAITA,VICHAYAL,248,14,234,0.056451612903225805
200507,2025,PIURA,PAITA,VICHAYAL,252,23,229,0.09126984126984126
200507,2026,PIURA,PAITA,VICHAYAL,146,30,116,0.2054794520547945
200601,2020,PIURA,SULLANA,SULLANA,2426,437,1989,0.18013190436933224
200601,2021,PIURA,SULLANA,SULLANA,2015,381,1634,0.1890818858560794
200601,2022,PIURA,SULLANA,SULLANA,2005,360,1645,0.17955112219451372
200601,2023,PIURA,SULLANA,SULLANA,4508,499,4009,0.11069210292812777
200601,2024,PIURA,SULLANA,SULLANA,4937,354,4583,0.07170346364188779
200601,2025,PIURA,SULLANA,SULLANA,4635,303,4332,0.06537216828478964
200601,2026,PIURA,SULLANA,SULLANA,2560,126,2434,0.04921875
200602,2020,PIURA,SULLANA,BELLAVISTA,732,195,537,0.26639344262295084
200602,2021,PIURA,SULLANA,BELLAVISTA,385,90,295,0.23376623376623376
200602,2022,PIURA,SULLANA,BELLAVISTA,458,102,356,0.22270742358078602
200602,2023,PIURA,SULLANA,BELLAVISTA,962,136,826,0.14137214137214138
200602,2024,PIURA,SULLANA,BELLAVISTA,996,69,927,0.06927710843373494
200602,2025,PIURA,SULLANA,BELLAVISTA,1015,43,972,0.042364532019704436
200602,2026,PIURA,SULLANA,BELLAVISTA,680,32,648,0.047058823529411764
200603,2020,PIURA,SULLANA,IGNACIO ESCUDERO,295,85,210,0.288135593220339
200603,2021,PIURA,SULLANA,IGNACIO ESCUDERO,300,59,241,0.19666666666666666
200603,2022,PIURA,SULLANA,IGNACIO ESCUDERO,280,59,221,0.21071428571428572
200603,2023,PIURA,SULLANA,IGNACIO ESCUDERO,775,133,642,0.17161290322580644
200603,2024,PIURA,SULLANA,IGNACIO ESCUDERO,749,65,684,0.08678237650200267
200603,2025,PIURA,SULLANA,IGNACIO ESCUDERO,653,57,596,0.08728943338437979
200603,2026,PIURA,SULLANA,IGNACIO ESCUDERO,402,30,372,0.07462686567164178
200604,2020,PIURA,SULLANA,LANCONES,372,17,355,0.0456989247311828
200604,2021,PIURA,SULLANA,LANCONES,379,32,347,0.08443271767810026
200604,2022,PIURA,SULLANA,LANCONES,380,33,347,0.0868421052631579
200604,2023,PIURA,SULLANA,LANCONES,561,39,522,0.06951871657754011
200604,2024,PIURA,SULLANA,LANCONES,543,14,529,0.02578268876611418
200604,2025,PIURA,SULLANA,LANCONES,463,8,455,0.017278617710583154
200604,2026,PIURA,SULLANA,LANCONES,290,3,287,0.010344827586206896
200605,2020,PIURA,SULLANA,MARCAVELICA,491,75,416,0.15274949083503056
200605,2021,PIURA,SULLANA,MARCAVELICA,413,49,364,0.11864406779661017
200605,2022,PIURA,SULLANA,MARCAVELICA,424,71,353,0.16745283018867924
200605,2023,PIURA,SULLANA,MARCAVELICA,1196,108,1088,0.0903010033444816
200605,2024,PIURA,SULLANA,MARCAVELICA,1113,50,1063,0.044923629829290206
200605,2025,PIURA,SULLANA,MARCAVELICA,972,76,896,0.07818930041152264
200605,2026,PIURA,SULLANA,MARCAVELICA,584,30,554,0.05136986301369863
200606,2020,PIURA,SULLANA,MIGUEL CHECA,214,12,202,0.056074766355140186
200606,2021,PIURA,SULLANA,MIGUEL CHECA,107,7,100,0.06542056074766354
200606,2022,PIURA,SULLANA,MIGUEL CHECA,110,12,98,0.10909090909090909
200606,2023,PIURA,SULLANA,MIGUEL CHECA,379,31,348,0.08179419525065963
200606,2024,PIURA,SULLANA,MIGUEL CHECA,384,12,372,0.03125
200606,2025,PIURA,SULLANA,MIGUEL CHECA,371,8,363,0.0215633423180593
200606,2026,PIURA,SULLANA,MIGUEL CHECA,199,7,192,0.035175879396984924
200607,2020,PIURA,SULLANA,QUERECOTILLO,624,111,513,0.1778846153846154
200607,2021,PIURA,SULLANA,QUERECOTILLO,565,63,502,0.11150442477876106
200607,2022,PIURA,SULLANA,QUERECOTILLO,405,46,359,0.11358024691358025
200607,2023,PIURA,SULLANA,QUERECOTILLO,924,72,852,0.07792207792207792
200607,2024,PIURA,SULLANA,QUERECOTILLO,900,48,852,0.05333333333333334
200607,2025,PIURA,SULLANA,QUERECOTILLO,830,24,806,0.02891566265060241
200607,2026,PIURA,SULLANA,QUERECOTILLO,488,14,474,0.028688524590163935
200608,2020,PIURA,SULLANA,SALITRAL,78,13,65,0.16666666666666666
200608,2021,PIURA,SULLANA,SALITRAL,91,15,76,0.16483516483516483
200608,2022,PIURA,SULLANA,SALITRAL,87,4,83,0.04597701149425287
200608,2023,PIURA,SULLANA,SALITRAL,215,28,187,0.13023255813953488
200608,2024,PIURA,SULLANA,SALITRAL,229,24,205,0.10480349344978165
200608,2025,PIURA,SULLANA,SALITRAL,211,5,206,0.023696682464454975
200608,2026,PIURA,SULLANA,SALITRAL,97,4,93,0.041237113402061855
200701,2020,PIURA,TALARA,PARIÑAS,1559,202,1357,0.12957023733162285
200701,2021,PIURA,TALARA,PARIÑAS,1394,154,1240,0.11047345767575323
200701,2022,PIURA,TALARA,PARIÑAS,1298,164,1134,0.1263482280431433
200701,2023,PIURA,TALARA,PARIÑAS,2080,113,1967,0.05432692307692308
200701,2024,PIURA,TALARA,PARIÑAS,2121,92,2029,0.04337576614804337
200701,2025,PIURA,TALARA,PARIÑAS,2091,58,2033,0.02773792443806791
200701,2026,PIURA,TALARA,PARIÑAS,1247,33,1214,0.026463512429831595
200702,2020,PIURA,TALARA,EL ALTO,144,66,78,0.4583333333333333
200702,2021,PIURA,TALARA,EL ALTO,145,42,103,0.2896551724137931
200702,2022,PIURA,TALARA,EL ALTO,98,29,69,0.29591836734693877
200702,2023,PIURA,TALARA,EL ALTO,214,47,167,0.21962616822429906
200702,2024,PIURA,TALARA,EL ALTO,185,18,167,0.0972972972972973
200702,2025,PIURA,TALARA,EL ALTO,216,8,208,0.037037037037037035
200702,2026,PIURA,TALARA,EL ALTO,135,2,133,0.014814814814814815
200703,2020,PIURA,TALARA,LA BREA,145,2,143,0.013793103448275862
200703,2021,PIURA,TALARA,LA BREA,161,1,160,0.006211180124223602
200703,2022,PIURA,TALARA,LA BREA,272,0,272,0.0
200703,2023,PIURA,TALARA,LA BREA,249,5,244,0.020080321285140562
200703,2024,PIURA,TALARA,LA BREA,282,1,281,0.0035460992907801418
200703,2025,PIURA,TALARA,LA BREA,245,2,243,0.00816326530612245
200703,2026,PIURA,TALARA,LA BREA,145,0,145,0.0
200704,2020,PIURA,TALARA,LOBITOS,27,1,26,0.037037037037037035
200704,2021,PIURA,TALARA,LOBITOS,4,1,3,0.25
200704,2022,PIURA,TALARA,LOBITOS,14,2,12,0.14285714285714285
200704,2023,PIURA,TALARA,LOBITOS,28,4,24,0.14285714285714285
200704,2024,PIURA,TALARA,LOBITOS,35,8,27,0.22857142857142856
200704,2025,PIURA,TALARA,LOBITOS,28,2,26,0.07142857142857142
200704,2026,PIURA,TALARA,LOBITOS,14,1,13,0.07142857142857142
200705,2020,PIURA,TALARA,LOS ORGANOS,277,91,186,0.3285198555956679
200705,2021,PIURA,TALARA,LOS ORGANOS,139,33,106,0.23741007194244604
200705,2022,PIURA,TALARA,LOS ORGANOS,129,21,108,0.16279069767441862
200705,2023,PIURA,TALARA,LOS ORGANOS,387,69,318,0.17829457364341086
200705,2024,PIURA,TALARA,LOS ORGANOS,361,12,349,0.0332409972299169
200705,2025,PIURA,TALARA,LOS ORGANOS,339,22,317,0.06489675516224189
200705,2026,PIURA,TALARA,LOS ORGANOS,188,12,176,0.06382978723404255
200706,2020,PIURA,TALARA,MANCORA,274,82,192,0.29927007299270075
200706,2021,PIURA,TALARA,MANCORA,284,80,204,0.28169014084507044
200706,2022,PIURA,TALARA,MANCORA,265,67,198,0.2528301886792453
200706,2023,PIURA,TALARA,MANCORA,525,152,373,0.2895238095238095
200706,2024,PIURA,TALARA,MANCORA,492,69,423,0.1402439024390244
200706,2025,PIURA,TALARA,MANCORA,469,66,403,0.14072494669509594
200706,2026,PIURA,TALARA,MANCORA,258,18,240,0.06976744186046512
200801,2020,PIURA,SECHURA,SECHURA,1178,312,866,0.26485568760611206
200801,2021,PIURA,SECHURA,SECHURA,1135,241,894,0.21233480176211453
200801,2022,PIURA,SECHURA,SECHURA,1273,334,939,0.2623723487824038
200801,2023,PIURA,SECHURA,SECHURA,2192,440,1752,0.20072992700729927
200801,2024,PIURA,SECHURA,SECHURA,2302,240,2062,0.10425716768027801
200801,2025,PIURA,SECHURA,SECHURA,2008,161,1847,0.0801792828685259
200801,2026,PIURA,SECHURA,SECHURA,1166,89,1077,0.07632933104631218
200802,2020,PIURA,SECHURA,BELLAVISTA DE LA UNION,116,9,107,0.07758620689655173
200802,2021,PIURA,SECHURA,BELLAVISTA DE LA UNION,123,17,106,0.13821138211382114
200802,2022,PIURA,SECHURA,BELLAVISTA DE LA UNION,96,14,82,0.14583333333333334
200802,2023,PIURA,SECHURA,BELLAVISTA DE LA UNION,224,38,186,0.16964285714285715
200802,2024,PIURA,SECHURA,BELLAVISTA DE LA UNION,261,20,241,0.07662835249042145
200802,2025,PIURA,SECHURA,BELLAVISTA DE LA UNION,242,17,225,0.07024793388429752
200802,2026,PIURA,SECHURA,BELLAVISTA DE LA UNION,149,4,145,0.026845637583892617
200803,2020,PIURA,SECHURA,BERNAL,245,25,220,0.10204081632653061
200803,2021,PIURA,SECHURA,BERNAL,131,21,110,0.16030534351145037
200803,2022,PIURA,SECHURA,BERNAL,84,4,80,0.047619047619047616
200803,2023,PIURA,SECHURA,BERNAL,353,12,341,0.0339943342776204
200803,2024,PIURA,SECHURA,BERNAL,355,13,342,0.036619718309859155
200803,2025,PIURA,SECHURA,BERNAL,298,13,285,0.0436241610738255
200803,2026,PIURA,SECHURA,BERNAL,207,11,196,0.05314009661835749
200804,2020,PIURA,SECHURA,CRISTO NOS VALGA,133,30,103,0.22556390977443608
200804,2021,PIURA,SECHURA,CRISTO NOS VALGA,122,37,85,0.30327868852459017
200804,2022,PIURA,SECHURA,CRISTO NOS VALGA,125,40,85,0.32
200804,2023,PIURA,SECHURA,CRISTO NOS VALGA,196,62,134,0.3163265306122449
200804,2024,PIURA,SECHURA,CRISTO NOS VALGA,240,47,193,0.19583333333333333
200804,2025,PIURA,SECHURA,CRISTO NOS VALGA,219,8,211,0.0365296803652968
200804,2026,PIURA,SECHURA,CRISTO NOS VALGA,122,3,119,0.02459016393442623
200805,2020,PIURA,SECHURA,VICE,752,204,548,0.2712765957446808
200805,2021,PIURA,SECHURA,VICE,535,135,400,0.2523364485981308
200805,2022,PIURA,SECHURA,VICE,392,80,312,0.20408163265306123
200805,2023,PIURA,SECHURA,VICE,1101,173,928,0.15712988192552224
200805,2024,PIURA,SECHURA,VICE,1192,128,1064,0.10738255033557047
200805,2025,PIURA,SECHURA,VICE,1037,77,960,0.0742526518804243
200805,2026,PIURA,SECHURA,VICE,596,36,560,0.06040268456375839
200806,2020,PIURA,SECHURA,RINCONADA-LLICUAR,69,30,39,0.43478260869565216
200806,2021,PIURA,SECHURA,RINCONADA-LLICUAR,85,42,43,0.49411764705882355
200806,2022,PIURA,SECHURA,RINCONADA-LLICUAR,35,16,19,0.45714285714285713
200806,2023,PIURA,SECHURA,RINCONADA-LLICUAR,120,13,107,0.10833333333333334
200806,2024,PIURA,SECHURA,RINCONADA-LLICUAR,95,5,90,0.05263157894736842
200806,2025,PIURA,SECHURA,RINCONADA-LLICUAR,129,0,129,0.0
200806,2026,PIURA,SECHURA,RINCONADA-LLICUAR,89,5,84,0.056179775280898875
210101,2020,PUNO,PUNO,PUNO,1554,805,749,0.5180180180180181
210101,2021,PUNO,PUNO,PUNO,1159,574,585,0.49525452976704054
210101,2022,PUNO,PUNO,PUNO,1049,473,576,0.45090562440419446
210101,2023,PUNO,PUNO,PUNO,2564,850,1714,0.33151326053042124
210101,2024,PUNO,PUNO,PUNO,2464,277,2187,0.11241883116883117
210101,2025,PUNO,PUNO,PUNO,2356,405,1951,0.17190152801358236
210101,2026,PUNO,PUNO,PUNO,1370,237,1133,0.172992700729927
210102,2020,PUNO,PUNO,ACORA,206,90,116,0.4368932038834951
210102,2021,PUNO,PUNO,ACORA,197,61,136,0.3096446700507614
210102,2022,PUNO,PUNO,ACORA,217,51,166,0.2350230414746544
210102,2023,PUNO,PUNO,ACORA,463,91,372,0.19654427645788336
210102,2024,PUNO,PUNO,ACORA,531,88,443,0.1657250470809793
210102,2025,PUNO,PUNO,ACORA,376,49,327,0.13031914893617022
210102,2026,PUNO,PUNO,ACORA,233,37,196,0.15879828326180256
210103,2020,PUNO,PUNO,AMANTANI,42,21,21,0.5
210103,2021,PUNO,PUNO,AMANTANI,67,32,35,0.47761194029850745
210103,2022,PUNO,PUNO,AMANTANI,65,9,56,0.13846153846153847
210103,2023,PUNO,PUNO,AMANTANI,113,20,93,0.17699115044247787
210103,2024,PUNO,PUNO,AMANTANI,97,16,81,0.16494845360824742
210103,2025,PUNO,PUNO,AMANTANI,69,16,53,0.2318840579710145
210103,2026,PUNO,PUNO,AMANTANI,43,11,32,0.2558139534883721
210104,2020,PUNO,PUNO,ATUNCOLLA,98,59,39,0.6020408163265306
210104,2021,PUNO,PUNO,ATUNCOLLA,76,42,34,0.5526315789473685
210104,2022,PUNO,PUNO,ATUNCOLLA,46,32,14,0.6956521739130435
210104,2023,PUNO,PUNO,ATUNCOLLA,168,53,115,0.31547619047619047
210104,2024,PUNO,PUNO,ATUNCOLLA,150,31,119,0.20666666666666667
210104,2025,PUNO,PUNO,ATUNCOLLA,127,31,96,0.2440944881889764
210104,2026,PUNO,PUNO,ATUNCOLLA,72,22,50,0.3055555555555556
210105,2020,PUNO,PUNO,CAPACHICA,143,60,83,0.4195804195804196
210105,2021,PUNO,PUNO,CAPACHICA,191,71,120,0.3717277486910995
210105,2022,PUNO,PUNO,CAPACHICA,136,43,93,0.3161764705882353
210105,2023,PUNO,PUNO,CAPACHICA,187,33,154,0.17647058823529413
210105,2024,PUNO,PUNO,CAPACHICA,191,27,164,0.14136125654450263
210105,2025,PUNO,PUNO,CAPACHICA,169,32,137,0.1893491124260355
210105,2026,PUNO,PUNO,CAPACHICA,103,27,76,0.2621359223300971
210106,2020,PUNO,PUNO,CHUCUITO,87,34,53,0.39080459770114945
210106,2021,PUNO,PUNO,CHUCUITO,65,35,30,0.5384615384615384
210106,2022,PUNO,PUNO,CHUCUITO,62,28,34,0.45161290322580644
210106,2023,PUNO,PUNO,CHUCUITO,142,47,95,0.33098591549295775
210106,2024,PUNO,PUNO,CHUCUITO,132,27,105,0.20454545454545456
210106,2025,PUNO,PUNO,CHUCUITO,134,32,102,0.23880597014925373
210106,2026,PUNO,PUNO,CHUCUITO,92,25,67,0.2717391304347826
210107,2020,PUNO,PUNO,COATA,87,27,60,0.3103448275862069
210107,2021,PUNO,PUNO,COATA,93,32,61,0.34408602150537637
210107,2022,PUNO,PUNO,COATA,73,19,54,0.2602739726027397
210107,2023,PUNO,PUNO,COATA,253,31,222,0.1225296442687747
210107,2024,PUNO,PUNO,COATA,232,33,199,0.14224137931034483
210107,2025,PUNO,PUNO,COATA,200,64,136,0.32
210107,2026,PUNO,PUNO,COATA,125,35,90,0.28
210108,2020,PUNO,PUNO,HUATA,39,22,17,0.5641025641025641
210108,2021,PUNO,PUNO,HUATA,45,15,30,0.3333333333333333
210108,2022,PUNO,PUNO,HUATA,30,22,8,0.7333333333333333
210108,2023,PUNO,PUNO,HUATA,83,29,54,0.3493975903614458
210108,2024,PUNO,PUNO,HUATA,97,22,75,0.2268041237113402
210108,2025,PUNO,PUNO,HUATA,90,29,61,0.32222222222222224
210108,2026,PUNO,PUNO,HUATA,65,21,44,0.3230769230769231
210109,2020,PUNO,PUNO,MAÑAZO,105,48,57,0.45714285714285713
210109,2021,PUNO,PUNO,MAÑAZO,101,65,36,0.6435643564356436
210109,2022,PUNO,PUNO,MAÑAZO,64,34,30,0.53125
210109,2023,PUNO,PUNO,MAÑAZO,159,73,86,0.4591194968553459
210109,2024,PUNO,PUNO,MAÑAZO,141,17,124,0.12056737588652482
210109,2025,PUNO,PUNO,MAÑAZO,123,30,93,0.24390243902439024
210109,2026,PUNO,PUNO,MAÑAZO,75,20,55,0.26666666666666666
210110,2020,PUNO,PUNO,PAUCARCOLLA,56,22,34,0.39285714285714285
210110,2021,PUNO,PUNO,PAUCARCOLLA,39,15,24,0.38461538461538464
210110,2022,PUNO,PUNO,PAUCARCOLLA,41,12,29,0.2926829268292683
210110,2023,PUNO,PUNO,PAUCARCOLLA,120,30,90,0.25
210110,2024,PUNO,PUNO,PAUCARCOLLA,126,7,119,0.05555555555555555
210110,2025,PUNO,PUNO,PAUCARCOLLA,123,15,108,0.12195121951219512
210110,2026,PUNO,PUNO,PAUCARCOLLA,94,19,75,0.20212765957446807
210111,2020,PUNO,PUNO,PICHACANI,129,41,88,0.3178294573643411
210111,2021,PUNO,PUNO,PICHACANI,72,19,53,0.2638888888888889
210111,2022,PUNO,PUNO,PICHACANI,93,53,40,0.5698924731182796
210111,2023,PUNO,PUNO,PICHACANI,158,46,112,0.2911392405063291
210111,2024,PUNO,PUNO,PICHACANI,152,31,121,0.20394736842105263
210111,2025,PUNO,PUNO,PICHACANI,116,37,79,0.31896551724137934
210111,2026,PUNO,PUNO,PICHACANI,89,25,64,0.2808988764044944
210112,2020,PUNO,PUNO,PLATERIA,66,20,46,0.30303030303030304
210112,2021,PUNO,PUNO,PLATERIA,37,9,28,0.24324324324324326
210112,2022,PUNO,PUNO,PLATERIA,43,14,29,0.32558139534883723
210112,2023,PUNO,PUNO,PLATERIA,131,27,104,0.20610687022900764
210112,2024,PUNO,PUNO,PLATERIA,140,18,122,0.12857142857142856
210112,2025,PUNO,PUNO,PLATERIA,109,23,86,0.21100917431192662
210112,2026,PUNO,PUNO,PLATERIA,71,11,60,0.15492957746478872
210113,2020,PUNO,PUNO,SAN ANTONIO,6,6,0,1.0
210113,2021,PUNO,PUNO,SAN ANTONIO,15,14,1,0.9333333333333333
210113,2022,PUNO,PUNO,SAN ANTONIO,9,8,1,0.8888888888888888
210113,2023,PUNO,PUNO,SAN ANTONIO,18,12,6,0.6666666666666666
210113,2024,PUNO,PUNO,SAN ANTONIO,16,2,14,0.125
210113,2025,PUNO,PUNO,SAN ANTONIO,20,1,19,0.05
210113,2026,PUNO,PUNO,SAN ANTONIO,13,1,12,0.07692307692307693
210114,2020,PUNO,PUNO,TIQUILLACA,10,3,7,0.3
210114,2021,PUNO,PUNO,TIQUILLACA,9,3,6,0.3333333333333333
210114,2022,PUNO,PUNO,TIQUILLACA,9,1,8,0.1111111111111111
210114,2023,PUNO,PUNO,TIQUILLACA,22,5,17,0.22727272727272727
210114,2024,PUNO,PUNO,TIQUILLACA,28,2,26,0.07142857142857142
210114,2025,PUNO,PUNO,TIQUILLACA,24,4,20,0.16666666666666666
210114,2026,PUNO,PUNO,TIQUILLACA,15,3,12,0.2
210115,2020,PUNO,PUNO,VILQUE,43,10,33,0.23255813953488372
210115,2021,PUNO,PUNO,VILQUE,53,11,42,0.20754716981132076
210115,2022,PUNO,PUNO,VILQUE,46,10,36,0.21739130434782608
210115,2023,PUNO,PUNO,VILQUE,104,11,93,0.10576923076923077
210115,2024,PUNO,PUNO,VILQUE,99,16,83,0.16161616161616163
210115,2025,PUNO,PUNO,VILQUE,88,14,74,0.1590909090909091
210115,2026,PUNO,PUNO,VILQUE,65,7,58,0.1076923076923077
210201,2020,PUNO,AZANGARO,AZANGARO,315,177,138,0.5619047619047619
210201,2021,PUNO,AZANGARO,AZANGARO,295,135,160,0.4576271186440678
210201,2022,PUNO,AZANGARO,AZANGARO,226,97,129,0.42920353982300885
210201,2023,PUNO,AZANGARO,AZANGARO,960,310,650,0.3229166666666667
210201,2024,PUNO,AZANGARO,AZANGARO,959,149,810,0.1553701772679875
210201,2025,PUNO,AZANGARO,AZANGARO,866,229,637,0.2644341801385681
210201,2026,PUNO,AZANGARO,AZANGARO,508,137,371,0.26968503937007876
210202,2020,PUNO,AZANGARO,ACHAYA,54,7,47,0.12962962962962962
210202,2021,PUNO,AZANGARO,ACHAYA,53,12,41,0.22641509433962265
210202,2022,PUNO,AZANGARO,ACHAYA,27,2,25,0.07407407407407407
210202,2023,PUNO,AZANGARO,ACHAYA,105,12,93,0.11428571428571428
210202,2024,PUNO,AZANGARO,ACHAYA,97,2,95,0.020618556701030927
210202,2025,PUNO,AZANGARO,ACHAYA,87,4,83,0.04597701149425287
210202,2026,PUNO,AZANGARO,ACHAYA,65,2,63,0.03076923076923077
210203,2020,PUNO,AZANGARO,ARAPA,37,14,23,0.3783783783783784
210203,2021,PUNO,AZANGARO,ARAPA,46,13,33,0.2826086956521739
210203,2022,PUNO,AZANGARO,ARAPA,28,8,20,0.2857142857142857
210203,2023,PUNO,AZANGARO,ARAPA,149,60,89,0.40268456375838924
210203,2024,PUNO,AZANGARO,ARAPA,136,14,122,0.10294117647058823
210203,2025,PUNO,AZANGARO,ARAPA,133,16,117,0.12030075187969924
210203,2026,PUNO,AZANGARO,ARAPA,76,14,62,0.18421052631578946
210204,2020,PUNO,AZANGARO,ASILLO,148,95,53,0.6418918918918919
210204,2021,PUNO,AZANGARO,ASILLO,115,55,60,0.4782608695652174
210204,2022,PUNO,AZANGARO,ASILLO,112,70,42,0.625
210204,2023,PUNO,AZANGARO,ASILLO,423,195,228,0.46099290780141844
210204,2024,PUNO,AZANGARO,ASILLO,356,59,297,0.16573033707865167
210204,2025,PUNO,AZANGARO,ASILLO,308,43,265,0.1396103896103896
210204,2026,PUNO,AZANGARO,ASILLO,194,22,172,0.1134020618556701
210205,2020,PUNO,AZANGARO,CAMINACA,38,23,15,0.6052631578947368
210205,2021,PUNO,AZANGARO,CAMINACA,38,22,16,0.5789473684210527
210205,2022,PUNO,AZANGARO,CAMINACA,41,7,34,0.17073170731707318
210205,2023,PUNO,AZANGARO,CAMINACA,81,21,60,0.25925925925925924
210205,2024,PUNO,AZANGARO,CAMINACA,83,19,64,0.2289156626506024
210205,2025,PUNO,AZANGARO,CAMINACA,77,17,60,0.22077922077922077
210205,2026,PUNO,AZANGARO,CAMINACA,49,9,40,0.1836734693877551
210206,2020,PUNO,AZANGARO,CHUPA,29,15,14,0.5172413793103449
210206,2021,PUNO,AZANGARO,CHUPA,44,27,17,0.6136363636363636
210206,2022,PUNO,AZANGARO,CHUPA,38,21,17,0.5526315789473685
210206,2023,PUNO,AZANGARO,CHUPA,157,49,108,0.31210191082802546
210206,2024,PUNO,AZANGARO,CHUPA,158,26,132,0.16455696202531644
210206,2025,PUNO,AZANGARO,CHUPA,116,31,85,0.2672413793103448
210206,2026,PUNO,AZANGARO,CHUPA,60,10,50,0.16666666666666666
210207,2020,PUNO,AZANGARO,JOSE DOMINGO CHOQUEHUANCA,23,8,15,0.34782608695652173
210207,2021,PUNO,AZANGARO,JOSE DOMINGO CHOQUEHUANCA,28,12,16,0.42857142857142855
210207,2022,PUNO,AZANGARO,JOSE DOMINGO CHOQUEHUANCA,46,17,29,0.3695652173913043
210207,2023,PUNO,AZANGARO,JOSE DOMINGO CHOQUEHUANCA,116,35,81,0.3017241379310345
210207,2024,PUNO,AZANGARO,JOSE DOMINGO CHOQUEHUANCA,107,19,88,0.17757009345794392
210207,2025,PUNO,AZANGARO,JOSE DOMINGO CHOQUEHUANCA,94,13,81,0.13829787234042554
210207,2026,PUNO,AZANGARO,JOSE DOMINGO CHOQUEHUANCA,55,7,48,0.12727272727272726
210208,2020,PUNO,AZANGARO,MUÑANI,67,25,42,0.373134328358209
210208,2021,PUNO,AZANGARO,MUÑANI,60,19,41,0.31666666666666665
210208,2022,PUNO,AZANGARO,MUÑANI,43,16,27,0.37209302325581395
210208,2023,PUNO,AZANGARO,MUÑANI,216,37,179,0.1712962962962963
210208,2024,PUNO,AZANGARO,MUÑANI,210,28,182,0.13333333333333333
210208,2025,PUNO,AZANGARO,MUÑANI,204,28,176,0.13725490196078433
210208,2026,PUNO,AZANGARO,MUÑANI,123,19,104,0.15447154471544716
210209,2020,PUNO,AZANGARO,POTONI,25,14,11,0.56
210209,2021,PUNO,AZANGARO,POTONI,59,41,18,0.6949152542372882
210209,2022,PUNO,AZANGARO,POTONI,40,27,13,0.675
210209,2023,PUNO,AZANGARO,POTONI,120,59,61,0.49166666666666664
210209,2024,PUNO,AZANGARO,POTONI,114,18,96,0.15789473684210525
210209,2025,PUNO,AZANGARO,POTONI,93,12,81,0.12903225806451613
210209,2026,PUNO,AZANGARO,POTONI,64,8,56,0.125
210210,2020,PUNO,AZANGARO,SAMAN,136,68,68,0.5
210210,2021,PUNO,AZANGARO,SAMAN,114,47,67,0.41228070175438597
210210,2022,PUNO,AZANGARO,SAMAN,134,45,89,0.3358208955223881
210210,2023,PUNO,AZANGARO,SAMAN,302,77,225,0.25496688741721857
210210,2024,PUNO,AZANGARO,SAMAN,259,29,230,0.11196911196911197
210210,2025,PUNO,AZANGARO,SAMAN,234,23,211,0.09829059829059829
210210,2026,PUNO,AZANGARO,SAMAN,148,10,138,0.06756756756756757
210211,2020,PUNO,AZANGARO,SAN ANTON,86,33,53,0.38372093023255816
210211,2021,PUNO,AZANGARO,SAN ANTON,72,38,34,0.5277777777777778
210211,2022,PUNO,AZANGARO,SAN ANTON,64,36,28,0.5625
210211,2023,PUNO,AZANGARO,SAN ANTON,207,89,118,0.42995169082125606
210211,2024,PUNO,AZANGARO,SAN ANTON,206,34,172,0.1650485436893204
210211,2025,PUNO,AZANGARO,SAN ANTON,174,37,137,0.21264367816091953
210211,2026,PUNO,AZANGARO,SAN ANTON,119,36,83,0.3025210084033613
210212,2020,PUNO,AZANGARO,SAN JOSE,37,15,22,0.40540540540540543
210212,2021,PUNO,AZANGARO,SAN JOSE,44,24,20,0.5454545454545454
210212,2022,PUNO,AZANGARO,SAN JOSE,44,32,12,0.7272727272727273
210212,2023,PUNO,AZANGARO,SAN JOSE,107,41,66,0.38317757009345793
210212,2024,PUNO,AZANGARO,SAN JOSE,109,10,99,0.09174311926605505
210212,2025,PUNO,AZANGARO,SAN JOSE,82,12,70,0.14634146341463414
210212,2026,PUNO,AZANGARO,SAN JOSE,56,9,47,0.16071428571428573
210213,2020,PUNO,AZANGARO,SAN JUAN DE SALINAS,34,20,14,0.5882352941176471
210213,2021,PUNO,AZANGARO,SAN JUAN DE SALINAS,18,13,5,0.7222222222222222
210213,2022,PUNO,AZANGARO,SAN JUAN DE SALINAS,17,9,8,0.5294117647058824
210213,2023,PUNO,AZANGARO,SAN JUAN DE SALINAS,55,12,43,0.21818181818181817
210213,2024,PUNO,AZANGARO,SAN JUAN DE SALINAS,59,7,52,0.11864406779661017
210213,2025,PUNO,AZANGARO,SAN JUAN DE SALINAS,56,10,46,0.17857142857142858
210213,2026,PUNO,AZANGARO,SAN JUAN DE SALINAS,38,4,34,0.10526315789473684
210214,2020,PUNO,AZANGARO,SANTIAGO DE PUPUJA,23,15,8,0.6521739130434783
210214,2021,PUNO,AZANGARO,SANTIAGO DE PUPUJA,30,15,15,0.5
210214,2022,PUNO,AZANGARO,SANTIAGO DE PUPUJA,32,14,18,0.4375
210214,2023,PUNO,AZANGARO,SANTIAGO DE PUPUJA,89,27,62,0.30337078651685395
210214,2024,PUNO,AZANGARO,SANTIAGO DE PUPUJA,83,22,61,0.26506024096385544
210214,2025,PUNO,AZANGARO,SANTIAGO DE PUPUJA,75,18,57,0.24
210214,2026,PUNO,AZANGARO,SANTIAGO DE PUPUJA,55,25,30,0.45454545454545453
210215,2020,PUNO,AZANGARO,TIRAPATA,13,2,11,0.15384615384615385
210215,2021,PUNO,AZANGARO,TIRAPATA,13,2,11,0.15384615384615385
210215,2022,PUNO,AZANGARO,TIRAPATA,9,0,9,0.0
210215,2023,PUNO,AZANGARO,TIRAPATA,60,26,34,0.43333333333333335
210215,2024,PUNO,AZANGARO,TIRAPATA,61,16,45,0.26229508196721313
210215,2025,PUNO,AZANGARO,TIRAPATA,55,29,26,0.5272727272727272
210215,2026,PUNO,AZANGARO,TIRAPATA,38,21,17,0.5526315789473685
210301,2020,PUNO,CARABAYA,MACUSANI,335,235,100,0.7014925373134329
210301,2021,PUNO,CARABAYA,MACUSANI,179,125,54,0.6983240223463687
210301,2022,PUNO,CARABAYA,MACUSANI,180,118,62,0.6555555555555556
210301,2023,PUNO,CARABAYA,MACUSANI,601,283,318,0.47088186356073214
210301,2024,PUNO,CARABAYA,MACUSANI,579,135,444,0.23316062176165803
210301,2025,PUNO,CARABAYA,MACUSANI,548,132,416,0.24087591240875914
210301,2026,PUNO,CARABAYA,MACUSANI,372,58,314,0.15591397849462366
210302,2020,PUNO,CARABAYA,AJOYANI,22,9,13,0.4090909090909091
210302,2021,PUNO,CARABAYA,AJOYANI,15,12,3,0.8
210302,2022,PUNO,CARABAYA,AJOYANI,17,3,14,0.17647058823529413
210302,2023,PUNO,CARABAYA,AJOYANI,67,2,65,0.029850746268656716
210302,2024,PUNO,CARABAYA,AJOYANI,66,1,65,0.015151515151515152
210302,2025,PUNO,CARABAYA,AJOYANI,53,7,46,0.1320754716981132
210302,2026,PUNO,CARABAYA,AJOYANI,31,4,27,0.12903225806451613
210303,2020,PUNO,CARABAYA,AYAPATA,92,36,56,0.391304347826087
210303,2021,PUNO,CARABAYA,AYAPATA,62,32,30,0.5161290322580645
210303,2022,PUNO,CARABAYA,AYAPATA,79,28,51,0.35443037974683544
210303,2023,PUNO,CARABAYA,AYAPATA,198,57,141,0.2878787878787879
210303,2024,PUNO,CARABAYA,AYAPATA,169,15,154,0.08875739644970414
210303,2025,PUNO,CARABAYA,AYAPATA,144,17,127,0.11805555555555555
210303,2026,PUNO,CARABAYA,AYAPATA,76,17,59,0.2236842105263158
210304,2020,PUNO,CARABAYA,COASA,162,90,72,0.5555555555555556
210304,2021,PUNO,CARABAYA,COASA,62,31,31,0.5
210304,2022,PUNO,CARABAYA,COASA,66,41,25,0.6212121212121212
210304,2023,PUNO,CARABAYA,COASA,208,93,115,0.44711538461538464
210304,2024,PUNO,CARABAYA,COASA,180,20,160,0.1111111111111111
210304,2025,PUNO,CARABAYA,COASA,153,24,129,0.1568627450980392
210304,2026,PUNO,CARABAYA,COASA,79,16,63,0.20253164556962025
210305,2020,PUNO,CARABAYA,CORANI,56,26,30,0.4642857142857143
210305,2021,PUNO,CARABAYA,CORANI,60,25,35,0.4166666666666667
210305,2022,PUNO,CARABAYA,CORANI,47,9,38,0.19148936170212766
210305,2023,PUNO,CARABAYA,CORANI,132,10,122,0.07575757575757576
210305,2024,PUNO,CARABAYA,CORANI,128,10,118,0.078125
210305,2025,PUNO,CARABAYA,CORANI,98,7,91,0.07142857142857142
210305,2026,PUNO,CARABAYA,CORANI,57,6,51,0.10526315789473684
210306,2020,PUNO,CARABAYA,CRUCERO,85,31,54,0.36470588235294116
210306,2021,PUNO,CARABAYA,CRUCERO,83,54,29,0.6506024096385542
210306,2022,PUNO,CARABAYA,CRUCERO,72,43,29,0.5972222222222222
210306,2023,PUNO,CARABAYA,CRUCERO,304,149,155,0.4901315789473684
210306,2024,PUNO,CARABAYA,CRUCERO,299,62,237,0.20735785953177258
210306,2025,PUNO,CARABAYA,CRUCERO,267,43,224,0.16104868913857678
210306,2026,PUNO,CARABAYA,CRUCERO,148,28,120,0.1891891891891892
210307,2020,PUNO,CARABAYA,ITUATA,49,12,37,0.24489795918367346
210307,2021,PUNO,CARABAYA,ITUATA,85,12,73,0.1411764705882353
210307,2022,PUNO,CARABAYA,ITUATA,74,6,68,0.08108108108108109
210307,2023,PUNO,CARABAYA,ITUATA,156,9,147,0.057692307692307696
210307,2024,PUNO,CARABAYA,ITUATA,112,6,106,0.05357142857142857
210307,2025,PUNO,CARABAYA,ITUATA,92,7,85,0.07608695652173914
210307,2026,PUNO,CARABAYA,ITUATA,71,8,63,0.11267605633802817
210308,2020,PUNO,CARABAYA,OLLACHEA,123,29,94,0.23577235772357724
210308,2021,PUNO,CARABAYA,OLLACHEA,192,26,166,0.13541666666666666
210308,2022,PUNO,CARABAYA,OLLACHEA,168,26,142,0.15476190476190477
210308,2023,PUNO,CARABAYA,OLLACHEA,377,22,355,0.058355437665782495
210308,2024,PUNO,CARABAYA,OLLACHEA,355,30,325,0.08450704225352113
210308,2025,PUNO,CARABAYA,OLLACHEA,335,9,326,0.026865671641791045
210308,2026,PUNO,CARABAYA,OLLACHEA,232,8,224,0.034482758620689655
210309,2020,PUNO,CARABAYA,SAN GABAN,133,62,71,0.46616541353383456
210309,2021,PUNO,CARABAYA,SAN GABAN,215,99,116,0.4604651162790698
210309,2022,PUNO,CARABAYA,SAN GABAN,188,90,98,0.4787234042553192
210309,2023,PUNO,CARABAYA,SAN GABAN,341,95,246,0.2785923753665689
210309,2024,PUNO,CARABAYA,SAN GABAN,305,65,240,0.21311475409836064
210309,2025,PUNO,CARABAYA,SAN GABAN,317,95,222,0.2996845425867508
210309,2026,PUNO,CARABAYA,SAN GABAN,195,62,133,0.31794871794871793
210310,2020,PUNO,CARABAYA,USICAYOS,28,5,23,0.17857142857142858
210310,2021,PUNO,CARABAYA,USICAYOS,59,17,42,0.288135593220339
210310,2022,PUNO,CARABAYA,USICAYOS,44,12,32,0.2727272727272727
210310,2023,PUNO,CARABAYA,USICAYOS,108,40,68,0.37037037037037035
210310,2024,PUNO,CARABAYA,USICAYOS,85,13,72,0.15294117647058825
210310,2025,PUNO,CARABAYA,USICAYOS,88,5,83,0.056818181818181816
210310,2026,PUNO,CARABAYA,USICAYOS,35,2,33,0.05714285714285714
210401,2020,PUNO,CHUCUITO,JULI,134,70,64,0.5223880597014925
210401,2021,PUNO,CHUCUITO,JULI,106,42,64,0.39622641509433965
210401,2022,PUNO,CHUCUITO,JULI,158,40,118,0.25316455696202533
210401,2023,PUNO,CHUCUITO,JULI,441,129,312,0.2925170068027211
210401,2024,PUNO,CHUCUITO,JULI,419,106,313,0.2529832935560859
210401,2025,PUNO,CHUCUITO,JULI,373,75,298,0.20107238605898123
210401,2026,PUNO,CHUCUITO,JULI,196,49,147,0.25
210402,2020,PUNO,CHUCUITO,DESAGUADERO,101,67,34,0.6633663366336634
210402,2021,PUNO,CHUCUITO,DESAGUADERO,60,39,21,0.65
210402,2022,PUNO,CHUCUITO,DESAGUADERO,64,38,26,0.59375
210402,2023,PUNO,CHUCUITO,DESAGUADERO,205,31,174,0.15121951219512195
210402,2024,PUNO,CHUCUITO,DESAGUADERO,234,53,181,0.2264957264957265
210402,2025,PUNO,CHUCUITO,DESAGUADERO,243,85,158,0.3497942386831276
210402,2026,PUNO,CHUCUITO,DESAGUADERO,94,39,55,0.4148936170212766
210403,2020,PUNO,CHUCUITO,HUACULLANI,37,18,19,0.4864864864864865
210403,2021,PUNO,CHUCUITO,HUACULLANI,37,16,21,0.43243243243243246
210403,2022,PUNO,CHUCUITO,HUACULLANI,35,6,29,0.17142857142857143
210403,2023,PUNO,CHUCUITO,HUACULLANI,91,31,60,0.34065934065934067
210403,2024,PUNO,CHUCUITO,HUACULLANI,102,10,92,0.09803921568627451
210403,2025,PUNO,CHUCUITO,HUACULLANI,93,17,76,0.1827956989247312
210403,2026,PUNO,CHUCUITO,HUACULLANI,43,7,36,0.16279069767441862
210404,2020,PUNO,CHUCUITO,KELLUYO,29,12,17,0.41379310344827586
210404,2021,PUNO,CHUCUITO,KELLUYO,29,14,15,0.4827586206896552
210404,2022,PUNO,CHUCUITO,KELLUYO,31,12,19,0.3870967741935484
210404,2023,PUNO,CHUCUITO,KELLUYO,108,44,64,0.4074074074074074
210404,2024,PUNO,CHUCUITO,KELLUYO,94,34,60,0.3617021276595745
210404,2025,PUNO,CHUCUITO,KELLUYO,77,19,58,0.24675324675324675
210404,2026,PUNO,CHUCUITO,KELLUYO,39,17,22,0.4358974358974359
210405,2020,PUNO,CHUCUITO,PISACOMA,25,7,18,0.28
210405,2021,PUNO,CHUCUITO,PISACOMA,20,11,9,0.55
210405,2022,PUNO,CHUCUITO,PISACOMA,23,19,4,0.8260869565217391
210405,2023,PUNO,CHUCUITO,PISACOMA,74,45,29,0.6081081081081081
210405,2024,PUNO,CHUCUITO,PISACOMA,75,24,51,0.32
210405,2025,PUNO,CHUCUITO,PISACOMA,59,14,45,0.23728813559322035
210405,2026,PUNO,CHUCUITO,PISACOMA,42,14,28,0.3333333333333333
210406,2020,PUNO,CHUCUITO,POMATA,75,21,54,0.28
210406,2021,PUNO,CHUCUITO,POMATA,71,40,31,0.5633802816901409
210406,2022,PUNO,CHUCUITO,POMATA,227,47,180,0.20704845814977973
210406,2023,PUNO,CHUCUITO,POMATA,270,41,229,0.15185185185185185
210406,2024,PUNO,CHUCUITO,POMATA,249,55,194,0.22088353413654618
210406,2025,PUNO,CHUCUITO,POMATA,218,19,199,0.0871559633027523
210406,2026,PUNO,CHUCUITO,POMATA,138,11,127,0.07971014492753623
210407,2020,PUNO,CHUCUITO,ZEPITA,158,90,68,0.569620253164557
210407,2021,PUNO,CHUCUITO,ZEPITA,165,94,71,0.5696969696969697
210407,2022,PUNO,CHUCUITO,ZEPITA,310,117,193,0.3774193548387097
210407,2023,PUNO,CHUCUITO,ZEPITA,385,116,269,0.3012987012987013
210407,2024,PUNO,CHUCUITO,ZEPITA,367,75,292,0.20435967302452315
210407,2025,PUNO,CHUCUITO,ZEPITA,327,103,224,0.3149847094801223
210407,2026,PUNO,CHUCUITO,ZEPITA,236,61,175,0.2584745762711864
210501,2020,PUNO,EL COLLAO,ILAVE,711,236,475,0.3319268635724332
210501,2021,PUNO,EL COLLAO,ILAVE,488,192,296,0.39344262295081966
210501,2022,PUNO,EL COLLAO,ILAVE,530,128,402,0.24150943396226415
210501,2023,PUNO,EL COLLAO,ILAVE,1152,236,916,0.2048611111111111
210501,2024,PUNO,EL COLLAO,ILAVE,1208,237,971,0.19619205298013245
210501,2025,PUNO,EL COLLAO,ILAVE,1107,241,866,0.21770551038843722
210501,2026,PUNO,EL COLLAO,ILAVE,705,159,546,0.225531914893617
210502,2020,PUNO,EL COLLAO,CAPASO,3,0,3,0.0
210502,2021,PUNO,EL COLLAO,CAPASO,13,5,8,0.38461538461538464
210502,2022,PUNO,EL COLLAO,CAPASO,16,9,7,0.5625
210502,2023,PUNO,EL COLLAO,CAPASO,14,2,12,0.14285714285714285
210502,2024,PUNO,EL COLLAO,CAPASO,10,1,9,0.1
210502,2025,PUNO,EL COLLAO,CAPASO,11,1,10,0.09090909090909091
210502,2026,PUNO,EL COLLAO,CAPASO,9,0,9,0.0
210503,2020,PUNO,EL COLLAO,PILCUYO,35,5,30,0.14285714285714285
210503,2021,PUNO,EL COLLAO,PILCUYO,58,9,49,0.15517241379310345
210503,2022,PUNO,EL COLLAO,PILCUYO,41,8,33,0.1951219512195122
210503,2023,PUNO,EL COLLAO,PILCUYO,177,8,169,0.04519774011299435
210503,2024,PUNO,EL COLLAO,PILCUYO,164,11,153,0.06707317073170732
210503,2025,PUNO,EL COLLAO,PILCUYO,126,9,117,0.07142857142857142
210503,2026,PUNO,EL COLLAO,PILCUYO,77,5,72,0.06493506493506493
210504,2020,PUNO,EL COLLAO,SANTA ROSA,12,4,8,0.3333333333333333
210504,2021,PUNO,EL COLLAO,SANTA ROSA,43,22,21,0.5116279069767442
210504,2022,PUNO,EL COLLAO,SANTA ROSA,41,19,22,0.4634146341463415
210504,2023,PUNO,EL COLLAO,SANTA ROSA,67,32,35,0.47761194029850745
210504,2024,PUNO,EL COLLAO,SANTA ROSA,81,18,63,0.2222222222222222
210504,2025,PUNO,EL COLLAO,SANTA ROSA,78,27,51,0.34615384615384615
210504,2026,PUNO,EL COLLAO,SANTA ROSA,43,12,31,0.27906976744186046
210505,2020,PUNO,EL COLLAO,CONDURIRI,3,1,2,0.3333333333333333
210505,2021,PUNO,EL COLLAO,CONDURIRI,24,1,23,0.041666666666666664
210505,2022,PUNO,EL COLLAO,CONDURIRI,18,5,13,0.2777777777777778
210505,2023,PUNO,EL COLLAO,CONDURIRI,15,0,15,0.0
210505,2024,PUNO,EL COLLAO,CONDURIRI,18,5,13,0.2777777777777778
210505,2025,PUNO,EL COLLAO,CONDURIRI,19,5,14,0.2631578947368421
210505,2026,PUNO,EL COLLAO,CONDURIRI,13,3,10,0.23076923076923078
210601,2020,PUNO,HUANCANE,HUANCANE,279,190,89,0.6810035842293907
210601,2021,PUNO,HUANCANE,HUANCANE,223,122,101,0.547085201793722
210601,2022,PUNO,HUANCANE,HUANCANE,191,111,80,0.581151832460733
210601,2023,PUNO,HUANCANE,HUANCANE,559,238,321,0.4257602862254025
210601,2024,PUNO,HUANCANE,HUANCANE,520,139,381,0.2673076923076923
210601,2025,PUNO,HUANCANE,HUANCANE,422,114,308,0.27014218009478674
210601,2026,PUNO,HUANCANE,HUANCANE,279,80,199,0.2867383512544803
210602,2020,PUNO,HUANCANE,COJATA,29,17,12,0.5862068965517241
210602,2021,PUNO,HUANCANE,COJATA,36,3,33,0.08333333333333333
210602,2022,PUNO,HUANCANE,COJATA,31,10,21,0.3225806451612903
210602,2023,PUNO,HUANCANE,COJATA,96,16,80,0.16666666666666666
210602,2024,PUNO,HUANCANE,COJATA,91,8,83,0.08791208791208792
210602,2025,PUNO,HUANCANE,COJATA,69,8,61,0.11594202898550725
210602,2026,PUNO,HUANCANE,COJATA,47,10,37,0.2127659574468085
210603,2020,PUNO,HUANCANE,HUATASANI,17,4,13,0.23529411764705882
210603,2021,PUNO,HUANCANE,HUATASANI,40,11,29,0.275
210603,2022,PUNO,HUANCANE,HUATASANI,22,4,18,0.18181818181818182
210603,2023,PUNO,HUANCANE,HUATASANI,71,8,63,0.11267605633802817
210603,2024,PUNO,HUANCANE,HUATASANI,59,6,53,0.1016949152542373
210603,2025,PUNO,HUANCANE,HUATASANI,49,11,38,0.22448979591836735
210603,2026,PUNO,HUANCANE,HUATASANI,37,3,34,0.08108108108108109
210604,2020,PUNO,HUANCANE,INCHUPALLA,15,9,6,0.6
210604,2021,PUNO,HUANCANE,INCHUPALLA,32,20,12,0.625
210604,2022,PUNO,HUANCANE,INCHUPALLA,27,17,10,0.6296296296296297
210604,2023,PUNO,HUANCANE,INCHUPALLA,65,21,44,0.3230769230769231
210604,2024,PUNO,HUANCANE,INCHUPALLA,50,5,45,0.1
210604,2025,PUNO,HUANCANE,INCHUPALLA,44,8,36,0.18181818181818182
210604,2026,PUNO,HUANCANE,INCHUPALLA,25,5,20,0.2
210605,2020,PUNO,HUANCANE,PUSI,29,6,23,0.20689655172413793
210605,2021,PUNO,HUANCANE,PUSI,50,23,27,0.46
210605,2022,PUNO,HUANCANE,PUSI,46,10,36,0.21739130434782608
210605,2023,PUNO,HUANCANE,PUSI,131,9,122,0.06870229007633588
210605,2024,PUNO,HUANCANE,PUSI,122,1,121,0.00819672131147541
210605,2025,PUNO,HUANCANE,PUSI,97,1,96,0.010309278350515464
210605,2026,PUNO,HUANCANE,PUSI,71,1,70,0.014084507042253521
210606,2020,PUNO,HUANCANE,ROSASPATA,26,14,12,0.5384615384615384
210606,2021,PUNO,HUANCANE,ROSASPATA,32,11,21,0.34375
210606,2022,PUNO,HUANCANE,ROSASPATA,42,13,29,0.30952380952380953
210606,2023,PUNO,HUANCANE,ROSASPATA,90,7,83,0.07777777777777778
210606,2024,PUNO,HUANCANE,ROSASPATA,86,4,82,0.046511627906976744
210606,2025,PUNO,HUANCANE,ROSASPATA,82,5,77,0.06097560975609756
210606,2026,PUNO,HUANCANE,ROSASPATA,41,3,38,0.07317073170731707
210607,2020,PUNO,HUANCANE,TARACO,119,16,103,0.13445378151260504
210607,2021,PUNO,HUANCANE,TARACO,89,19,70,0.21348314606741572
210607,2022,PUNO,HUANCANE,TARACO,94,9,85,0.09574468085106383
210607,2023,PUNO,HUANCANE,TARACO,315,20,295,0.06349206349206349
210607,2024,PUNO,HUANCANE,TARACO,309,10,299,0.032362459546925564
210607,2025,PUNO,HUANCANE,TARACO,292,33,259,0.11301369863013698
210607,2026,PUNO,HUANCANE,TARACO,198,14,184,0.0707070707070707
210608,2020,PUNO,HUANCANE,VILQUE CHICO,59,37,22,0.6271186440677966
210608,2021,PUNO,HUANCANE,VILQUE CHICO,93,49,44,0.5268817204301075
210608,2022,PUNO,HUANCANE,VILQUE CHICO,51,29,22,0.5686274509803921
210608,2023,PUNO,HUANCANE,VILQUE CHICO,152,56,96,0.3684210526315789
210608,2024,PUNO,HUANCANE,VILQUE CHICO,136,10,126,0.07352941176470588
210608,2025,PUNO,HUANCANE,VILQUE CHICO,105,4,101,0.0380952380952381
210608,2026,PUNO,HUANCANE,VILQUE CHICO,64,15,49,0.234375
210701,2020,PUNO,LAMPA,LAMPA,207,89,118,0.42995169082125606
210701,2021,PUNO,LAMPA,LAMPA,64,28,36,0.4375
210701,2022,PUNO,LAMPA,LAMPA,57,24,33,0.42105263157894735
210701,2023,PUNO,LAMPA,LAMPA,270,116,154,0.42962962962962964
210701,2024,PUNO,LAMPA,LAMPA,316,67,249,0.2120253164556962
210701,2025,PUNO,LAMPA,LAMPA,289,50,239,0.17301038062283736
210701,2026,PUNO,LAMPA,LAMPA,171,57,114,0.3333333333333333
210702,2020,PUNO,LAMPA,CABANILLA,35,11,24,0.3142857142857143
210702,2021,PUNO,LAMPA,CABANILLA,62,17,45,0.27419354838709675
210702,2022,PUNO,LAMPA,CABANILLA,54,20,34,0.37037037037037035
210702,2023,PUNO,LAMPA,CABANILLA,138,34,104,0.2463768115942029
210702,2024,PUNO,LAMPA,CABANILLA,135,32,103,0.23703703703703705
210702,2025,PUNO,LAMPA,CABANILLA,118,23,95,0.19491525423728814
210702,2026,PUNO,LAMPA,CABANILLA,72,12,60,0.16666666666666666
210703,2020,PUNO,LAMPA,CALAPUJA,18,5,13,0.2777777777777778
210703,2021,PUNO,LAMPA,CALAPUJA,13,1,12,0.07692307692307693
210703,2022,PUNO,LAMPA,CALAPUJA,11,0,11,0.0
210703,2023,PUNO,LAMPA,CALAPUJA,47,13,34,0.2765957446808511
210703,2024,PUNO,LAMPA,CALAPUJA,56,1,55,0.017857142857142856
210703,2025,PUNO,LAMPA,CALAPUJA,46,4,42,0.08695652173913043
210703,2026,PUNO,LAMPA,CALAPUJA,34,2,32,0.058823529411764705
210704,2020,PUNO,LAMPA,NICASIO,27,14,13,0.5185185185185185
210704,2021,PUNO,LAMPA,NICASIO,22,6,16,0.2727272727272727
210704,2022,PUNO,LAMPA,NICASIO,17,4,13,0.23529411764705882
210704,2023,PUNO,LAMPA,NICASIO,60,14,46,0.23333333333333334
210704,2024,PUNO,LAMPA,NICASIO,56,8,48,0.14285714285714285
210704,2025,PUNO,LAMPA,NICASIO,59,5,54,0.0847457627118644
210704,2026,PUNO,LAMPA,NICASIO,44,2,42,0.045454545454545456
210705,2020,PUNO,LAMPA,OCUVIRI,15,8,7,0.5333333333333333
210705,2021,PUNO,LAMPA,OCUVIRI,11,4,7,0.36363636363636365
210705,2022,PUNO,LAMPA,OCUVIRI,14,1,13,0.07142857142857142
210705,2023,PUNO,LAMPA,OCUVIRI,55,14,41,0.2545454545454545
210705,2024,PUNO,LAMPA,OCUVIRI,44,4,40,0.09090909090909091
210705,2025,PUNO,LAMPA,OCUVIRI,33,3,30,0.09090909090909091
210705,2026,PUNO,LAMPA,OCUVIRI,25,4,21,0.16
210706,2020,PUNO,LAMPA,PALCA,20,8,12,0.4
210706,2021,PUNO,LAMPA,PALCA,18,9,9,0.5
210706,2022,PUNO,LAMPA,PALCA,22,8,14,0.36363636363636365
210706,2023,PUNO,LAMPA,PALCA,60,19,41,0.31666666666666665
210706,2024,PUNO,LAMPA,PALCA,69,3,66,0.043478260869565216
210706,2025,PUNO,LAMPA,PALCA,47,2,45,0.0425531914893617
210706,2026,PUNO,LAMPA,PALCA,29,1,28,0.034482758620689655
210707,2020,PUNO,LAMPA,PARATIA,21,8,13,0.38095238095238093
210707,2021,PUNO,LAMPA,PARATIA,19,10,9,0.5263157894736842
210707,2022,PUNO,LAMPA,PARATIA,10,7,3,0.7
210707,2023,PUNO,LAMPA,PARATIA,35,18,17,0.5142857142857142
210707,2024,PUNO,LAMPA,PARATIA,39,5,34,0.1282051282051282
210707,2025,PUNO,LAMPA,PARATIA,31,1,30,0.03225806451612903
210707,2026,PUNO,LAMPA,PARATIA,23,3,20,0.13043478260869565
210708,2020,PUNO,LAMPA,PUCARA,25,11,14,0.44
210708,2021,PUNO,LAMPA,PUCARA,59,23,36,0.3898305084745763
210708,2022,PUNO,LAMPA,PUCARA,52,20,32,0.38461538461538464
210708,2023,PUNO,LAMPA,PUCARA,147,54,93,0.3673469387755102
210708,2024,PUNO,LAMPA,PUCARA,137,23,114,0.1678832116788321
210708,2025,PUNO,LAMPA,PUCARA,119,17,102,0.14285714285714285
210708,2026,PUNO,LAMPA,PUCARA,82,20,62,0.24390243902439024
210709,2020,PUNO,LAMPA,SANTA LUCIA,166,91,75,0.5481927710843374
210709,2021,PUNO,LAMPA,SANTA LUCIA,124,64,60,0.5161290322580645
210709,2022,PUNO,LAMPA,SANTA LUCIA,122,82,40,0.6721311475409836
210709,2023,PUNO,LAMPA,SANTA LUCIA,243,151,92,0.6213991769547325
210709,2024,PUNO,LAMPA,SANTA LUCIA,237,65,172,0.2742616033755274
210709,2025,PUNO,LAMPA,SANTA LUCIA,201,38,163,0.1890547263681592
210709,2026,PUNO,LAMPA,SANTA LUCIA,101,16,85,0.15841584158415842
210710,2020,PUNO,LAMPA,VILAVILA,5,4,1,0.8
210710,2021,PUNO,LAMPA,VILAVILA,2,1,1,0.5
210710,2022,PUNO,LAMPA,VILAVILA,8,6,2,0.75
210710,2023,PUNO,LAMPA,VILAVILA,21,5,16,0.23809523809523808
210710,2024,PUNO,LAMPA,VILAVILA,18,3,15,0.16666666666666666
210710,2025,PUNO,LAMPA,VILAVILA,13,1,12,0.07692307692307693
210710,2026,PUNO,LAMPA,VILAVILA,6,1,5,0.16666666666666666
210801,2020,PUNO,MELGAR,AYAVIRI,255,112,143,0.4392156862745098
210801,2021,PUNO,MELGAR,AYAVIRI,250,119,131,0.476
210801,2022,PUNO,MELGAR,AYAVIRI,262,103,159,0.3931297709923664
210801,2023,PUNO,MELGAR,AYAVIRI,629,125,504,0.1987281399046105
210801,2024,PUNO,MELGAR,AYAVIRI,602,51,551,0.08471760797342193
210801,2025,PUNO,MELGAR,AYAVIRI,547,52,495,0.09506398537477148
210801,2026,PUNO,MELGAR,AYAVIRI,332,38,294,0.1144578313253012
210802,2020,PUNO,MELGAR,ANTAUTA,53,34,19,0.6415094339622641
210802,2021,PUNO,MELGAR,ANTAUTA,73,57,16,0.7808219178082192
210802,2022,PUNO,MELGAR,ANTAUTA,48,44,4,0.9166666666666666
210802,2023,PUNO,MELGAR,ANTAUTA,161,139,22,0.8633540372670807
210802,2024,PUNO,MELGAR,ANTAUTA,142,42,100,0.29577464788732394
210802,2025,PUNO,MELGAR,ANTAUTA,110,15,95,0.13636363636363635
210802,2026,PUNO,MELGAR,ANTAUTA,62,10,52,0.16129032258064516
210803,2020,PUNO,MELGAR,CUPI,17,8,9,0.47058823529411764
210803,2021,PUNO,MELGAR,CUPI,11,2,9,0.18181818181818182
210803,2022,PUNO,MELGAR,CUPI,7,0,7,0.0
210803,2023,PUNO,MELGAR,CUPI,51,11,40,0.21568627450980393
210803,2024,PUNO,MELGAR,CUPI,38,2,36,0.05263157894736842
210803,2025,PUNO,MELGAR,CUPI,26,5,21,0.19230769230769232
210803,2026,PUNO,MELGAR,CUPI,14,3,11,0.21428571428571427
210804,2020,PUNO,MELGAR,LLALLI,21,5,16,0.23809523809523808
210804,2021,PUNO,MELGAR,LLALLI,26,12,14,0.46153846153846156
210804,2022,PUNO,MELGAR,LLALLI,25,4,21,0.16
210804,2023,PUNO,MELGAR,LLALLI,89,29,60,0.3258426966292135
210804,2024,PUNO,MELGAR,LLALLI,95,3,92,0.031578947368421054
210804,2025,PUNO,MELGAR,LLALLI,115,12,103,0.10434782608695652
210804,2026,PUNO,MELGAR,LLALLI,76,5,71,0.06578947368421052
210805,2020,PUNO,MELGAR,MACARI,81,16,65,0.19753086419753085
210805,2021,PUNO,MELGAR,MACARI,91,14,77,0.15384615384615385
210805,2022,PUNO,MELGAR,MACARI,78,7,71,0.08974358974358974
210805,2023,PUNO,MELGAR,MACARI,241,19,222,0.07883817427385892
210805,2024,PUNO,MELGAR,MACARI,212,26,186,0.12264150943396226
210805,2025,PUNO,MELGAR,MACARI,169,23,146,0.13609467455621302
210805,2026,PUNO,MELGAR,MACARI,110,16,94,0.14545454545454545
210806,2020,PUNO,MELGAR,NUÑOA,69,22,47,0.3188405797101449
210806,2021,PUNO,MELGAR,NUÑOA,94,39,55,0.4148936170212766
210806,2022,PUNO,MELGAR,NUÑOA,88,29,59,0.32954545454545453
210806,2023,PUNO,MELGAR,NUÑOA,242,58,184,0.2396694214876033
210806,2024,PUNO,MELGAR,NUÑOA,231,34,197,0.1471861471861472
210806,2025,PUNO,MELGAR,NUÑOA,196,13,183,0.0663265306122449
210806,2026,PUNO,MELGAR,NUÑOA,115,6,109,0.05217391304347826
210807,2020,PUNO,MELGAR,ORURILLO,88,31,57,0.3522727272727273
210807,2021,PUNO,MELGAR,ORURILLO,89,32,57,0.3595505617977528
210807,2022,PUNO,MELGAR,ORURILLO,71,22,49,0.30985915492957744
210807,2023,PUNO,MELGAR,ORURILLO,198,51,147,0.25757575757575757
210807,2024,PUNO,MELGAR,ORURILLO,170,19,151,0.11176470588235295
210807,2025,PUNO,MELGAR,ORURILLO,160,25,135,0.15625
210807,2026,PUNO,MELGAR,ORURILLO,102,21,81,0.20588235294117646
210808,2020,PUNO,MELGAR,SANTA ROSA,37,20,17,0.5405405405405406
210808,2021,PUNO,MELGAR,SANTA ROSA,63,41,22,0.6507936507936508
210808,2022,PUNO,MELGAR,SANTA ROSA,38,18,20,0.47368421052631576
210808,2023,PUNO,MELGAR,SANTA ROSA,141,54,87,0.3829787234042553
210808,2024,PUNO,MELGAR,SANTA ROSA,139,8,131,0.05755395683453238
210808,2025,PUNO,MELGAR,SANTA ROSA,119,10,109,0.08403361344537816
210808,2026,PUNO,MELGAR,SANTA ROSA,74,11,63,0.14864864864864866
210809,2020,PUNO,MELGAR,UMACHIRI,57,18,39,0.3157894736842105
210809,2021,PUNO,MELGAR,UMACHIRI,58,24,34,0.41379310344827586
210809,2022,PUNO,MELGAR,UMACHIRI,40,15,25,0.375
210809,2023,PUNO,MELGAR,UMACHIRI,119,24,95,0.20168067226890757
210809,2024,PUNO,MELGAR,UMACHIRI,104,23,81,0.22115384615384615
210809,2025,PUNO,MELGAR,UMACHIRI,93,15,78,0.16129032258064516
210809,2026,PUNO,MELGAR,UMACHIRI,51,15,36,0.29411764705882354
210901,2020,PUNO,MOHO,MOHO,54,17,37,0.3148148148148148
210901,2021,PUNO,MOHO,MOHO,133,23,110,0.17293233082706766
210901,2022,PUNO,MOHO,MOHO,113,20,93,0.17699115044247787
210901,2023,PUNO,MOHO,MOHO,273,30,243,0.10989010989010989
210901,2024,PUNO,MOHO,MOHO,282,15,267,0.05319148936170213
210901,2025,PUNO,MOHO,MOHO,239,14,225,0.058577405857740586
210901,2026,PUNO,MOHO,MOHO,159,3,156,0.018867924528301886
210902,2020,PUNO,MOHO,CONIMA,34,23,11,0.6764705882352942
210902,2021,PUNO,MOHO,CONIMA,24,17,7,0.7083333333333334
210902,2022,PUNO,MOHO,CONIMA,30,20,10,0.6666666666666666
210902,2023,PUNO,MOHO,CONIMA,67,29,38,0.43283582089552236
210902,2024,PUNO,MOHO,CONIMA,60,24,36,0.4
210902,2025,PUNO,MOHO,CONIMA,48,10,38,0.20833333333333334
210902,2026,PUNO,MOHO,CONIMA,32,11,21,0.34375
210903,2020,PUNO,MOHO,HUAYRAPATA,16,4,12,0.25
210903,2021,PUNO,MOHO,HUAYRAPATA,31,8,23,0.25806451612903225
210903,2022,PUNO,MOHO,HUAYRAPATA,26,8,18,0.3076923076923077
210903,2023,PUNO,MOHO,HUAYRAPATA,65,2,63,0.03076923076923077
210903,2024,PUNO,MOHO,HUAYRAPATA,73,0,73,0.0
210903,2025,PUNO,MOHO,HUAYRAPATA,61,7,54,0.11475409836065574
210903,2026,PUNO,MOHO,HUAYRAPATA,42,3,39,0.07142857142857142
210904,2020,PUNO,MOHO,TILALI,16,7,9,0.4375
210904,2021,PUNO,MOHO,TILALI,20,12,8,0.6
210904,2022,PUNO,MOHO,TILALI,47,34,13,0.723404255319149
210904,2023,PUNO,MOHO,TILALI,54,14,40,0.25925925925925924
210904,2024,PUNO,MOHO,TILALI,51,8,43,0.1568627450980392
210904,2025,PUNO,MOHO,TILALI,49,6,43,0.12244897959183673
210904,2026,PUNO,MOHO,TILALI,29,12,17,0.41379310344827586
211001,2020,PUNO,SAN ANTONIO DE PUTINA,PUTINA,127,76,51,0.5984251968503937
211001,2021,PUNO,SAN ANTONIO DE PUTINA,PUTINA,103,58,45,0.5631067961165048
211001,2022,PUNO,SAN ANTONIO DE PUTINA,PUTINA,162,103,59,0.6358024691358025
211001,2023,PUNO,SAN ANTONIO DE PUTINA,PUTINA,499,230,269,0.46092184368737477
211001,2024,PUNO,SAN ANTONIO DE PUTINA,PUTINA,484,115,369,0.23760330578512398
211001,2025,PUNO,SAN ANTONIO DE PUTINA,PUTINA,426,87,339,0.20422535211267606
211001,2026,PUNO,SAN ANTONIO DE PUTINA,PUTINA,267,48,219,0.1797752808988764
211002,2020,PUNO,SAN ANTONIO DE PUTINA,ANANEA,62,41,21,0.6612903225806451
211002,2021,PUNO,SAN ANTONIO DE PUTINA,ANANEA,60,46,14,0.7666666666666667
211002,2022,PUNO,SAN ANTONIO DE PUTINA,ANANEA,50,29,21,0.58
211002,2023,PUNO,SAN ANTONIO DE PUTINA,ANANEA,122,47,75,0.38524590163934425
211002,2024,PUNO,SAN ANTONIO DE PUTINA,ANANEA,106,4,102,0.03773584905660377
211002,2025,PUNO,SAN ANTONIO DE PUTINA,ANANEA,94,15,79,0.1595744680851064
211002,2026,PUNO,SAN ANTONIO DE PUTINA,ANANEA,53,12,41,0.22641509433962265
211003,2020,PUNO,SAN ANTONIO DE PUTINA,PEDRO VILCA APAZA,15,3,12,0.2
211003,2021,PUNO,SAN ANTONIO DE PUTINA,PEDRO VILCA APAZA,5,2,3,0.4
211003,2022,PUNO,SAN ANTONIO DE PUTINA,PEDRO VILCA APAZA,11,4,7,0.36363636363636365
211003,2023,PUNO,SAN ANTONIO DE PUTINA,PEDRO VILCA APAZA,43,9,34,0.20930232558139536
211003,2024,PUNO,SAN ANTONIO DE PUTINA,PEDRO VILCA APAZA,44,4,40,0.09090909090909091
211003,2025,PUNO,SAN ANTONIO DE PUTINA,PEDRO VILCA APAZA,41,1,40,0.024390243902439025
211003,2026,PUNO,SAN ANTONIO DE PUTINA,PEDRO VILCA APAZA,30,0,30,0.0
211004,2020,PUNO,SAN ANTONIO DE PUTINA,QUILCAPUNCU,49,17,32,0.3469387755102041
211004,2021,PUNO,SAN ANTONIO DE PUTINA,QUILCAPUNCU,47,18,29,0.3829787234042553
211004,2022,PUNO,SAN ANTONIO DE PUTINA,QUILCAPUNCU,62,16,46,0.25806451612903225
211004,2023,PUNO,SAN ANTONIO DE PUTINA,QUILCAPUNCU,156,20,136,0.1282051282051282
211004,2024,PUNO,SAN ANTONIO DE PUTINA,QUILCAPUNCU,134,19,115,0.1417910447761194
211004,2025,PUNO,SAN ANTONIO DE PUTINA,QUILCAPUNCU,121,8,113,0.06611570247933884
211004,2026,PUNO,SAN ANTONIO DE PUTINA,QUILCAPUNCU,88,8,80,0.09090909090909091
211005,2020,PUNO,SAN ANTONIO DE PUTINA,SINA,14,0,14,0.0
211005,2021,PUNO,SAN ANTONIO DE PUTINA,SINA,22,0,22,0.0
211005,2022,PUNO,SAN ANTONIO DE PUTINA,SINA,15,0,15,0.0
211005,2023,PUNO,SAN ANTONIO DE PUTINA,SINA,57,1,56,0.017543859649122806
211005,2024,PUNO,SAN ANTONIO DE PUTINA,SINA,56,2,54,0.03571428571428571
211005,2025,PUNO,SAN ANTONIO DE PUTINA,SINA,38,0,38,0.0
211005,2026,PUNO,SAN ANTONIO DE PUTINA,SINA,25,0,25,0.0
211101,2020,PUNO,SAN ROMAN,JULIACA,1895,873,1022,0.46068601583113455
211101,2021,PUNO,SAN ROMAN,JULIACA,2371,1226,1145,0.5170814002530578
211101,2022,PUNO,SAN ROMAN,JULIACA,1751,874,877,0.49914334665905197
211101,2023,PUNO,SAN ROMAN,JULIACA,4140,1009,3131,0.24371980676328503
211101,2024,PUNO,SAN ROMAN,JULIACA,4155,770,3385,0.18531889290012032
211101,2025,PUNO,SAN ROMAN,JULIACA,4087,1183,2904,0.28945436750672865
211101,2026,PUNO,SAN ROMAN,JULIACA,2183,708,1475,0.32432432432432434
211102,2020,PUNO,SAN ROMAN,CABANA,39,6,33,0.15384615384615385
211102,2021,PUNO,SAN ROMAN,CABANA,52,0,52,0.0
211102,2022,PUNO,SAN ROMAN,CABANA,48,0,48,0.0
211102,2023,PUNO,SAN ROMAN,CABANA,137,3,134,0.021897810218978103
211102,2024,PUNO,SAN ROMAN,CABANA,123,3,120,0.024390243902439025
211102,2025,PUNO,SAN ROMAN,CABANA,115,1,114,0.008695652173913044
211102,2026,PUNO,SAN ROMAN,CABANA,71,2,69,0.028169014084507043
211103,2020,PUNO,SAN ROMAN,CABANILLAS,42,19,23,0.4523809523809524
211103,2021,PUNO,SAN ROMAN,CABANILLAS,46,9,37,0.1956521739130435
211103,2022,PUNO,SAN ROMAN,CABANILLAS,32,9,23,0.28125
211103,2023,PUNO,SAN ROMAN,CABANILLAS,126,27,99,0.21428571428571427
211103,2024,PUNO,SAN ROMAN,CABANILLAS,110,16,94,0.14545454545454545
211103,2025,PUNO,SAN ROMAN,CABANILLAS,92,17,75,0.18478260869565216
211103,2026,PUNO,SAN ROMAN,CABANILLAS,54,10,44,0.18518518518518517
211104,2020,PUNO,SAN ROMAN,CARACOTO,145,51,94,0.35172413793103446
211104,2021,PUNO,SAN ROMAN,CARACOTO,130,36,94,0.27692307692307694
211104,2022,PUNO,SAN ROMAN,CARACOTO,114,47,67,0.41228070175438597
211104,2023,PUNO,SAN ROMAN,CARACOTO,407,117,290,0.28746928746928746
211104,2024,PUNO,SAN ROMAN,CARACOTO,396,39,357,0.09848484848484848
211104,2025,PUNO,SAN ROMAN,CARACOTO,379,78,301,0.20580474934036938
211104,2026,PUNO,SAN ROMAN,CARACOTO,238,48,190,0.20168067226890757
211105,2020,PUNO,SAN ROMAN,SAN MIGUEL,1007,484,523,0.48063555114200596
211105,2021,PUNO,SAN ROMAN,SAN MIGUEL,1076,510,566,0.4739776951672863
211105,2022,PUNO,SAN ROMAN,SAN MIGUEL,737,261,476,0.3541383989145183
211105,2023,PUNO,SAN ROMAN,SAN MIGUEL,2063,298,1765,0.14444983034415898
211105,2024,PUNO,SAN ROMAN,SAN MIGUEL,2116,231,1885,0.10916824196597354
211105,2025,PUNO,SAN ROMAN,SAN MIGUEL,2007,308,1699,0.15346287992027902
211105,2026,PUNO,SAN ROMAN,SAN MIGUEL,1166,179,987,0.153516295025729
211201,2020,PUNO,SANDIA,SANDIA,144,51,93,0.3541666666666667
211201,2021,PUNO,SANDIA,SANDIA,134,53,81,0.39552238805970147
211201,2022,PUNO,SANDIA,SANDIA,123,61,62,0.4959349593495935
211201,2023,PUNO,SANDIA,SANDIA,313,76,237,0.24281150159744408
211201,2024,PUNO,SANDIA,SANDIA,299,88,211,0.29431438127090304
211201,2025,PUNO,SANDIA,SANDIA,280,50,230,0.17857142857142858
211201,2026,PUNO,SANDIA,SANDIA,148,21,127,0.14189189189189189
211202,2020,PUNO,SANDIA,CUYOCUYO,32,21,11,0.65625
211202,2021,PUNO,SANDIA,CUYOCUYO,41,28,13,0.6829268292682927
211202,2022,PUNO,SANDIA,CUYOCUYO,42,25,17,0.5952380952380952
211202,2023,PUNO,SANDIA,CUYOCUYO,121,38,83,0.3140495867768595
211202,2024,PUNO,SANDIA,CUYOCUYO,81,9,72,0.1111111111111111
211202,2025,PUNO,SANDIA,CUYOCUYO,70,9,61,0.12857142857142856
211202,2026,PUNO,SANDIA,CUYOCUYO,41,5,36,0.12195121951219512
211203,2020,PUNO,SANDIA,LIMBANI,10,1,9,0.1
211203,2021,PUNO,SANDIA,LIMBANI,17,1,16,0.058823529411764705
211203,2022,PUNO,SANDIA,LIMBANI,14,2,12,0.14285714285714285
211203,2023,PUNO,SANDIA,LIMBANI,74,31,43,0.4189189189189189
211203,2024,PUNO,SANDIA,LIMBANI,71,22,49,0.30985915492957744
211203,2025,PUNO,SANDIA,LIMBANI,68,11,57,0.16176470588235295
211203,2026,PUNO,SANDIA,LIMBANI,40,17,23,0.425
211204,2020,PUNO,SANDIA,PATAMBUCO,42,9,33,0.21428571428571427
211204,2021,PUNO,SANDIA,PATAMBUCO,41,14,27,0.34146341463414637
211204,2022,PUNO,SANDIA,PATAMBUCO,38,12,26,0.3157894736842105
211204,2023,PUNO,SANDIA,PATAMBUCO,127,12,115,0.09448818897637795
211204,2024,PUNO,SANDIA,PATAMBUCO,128,15,113,0.1171875
211204,2025,PUNO,SANDIA,PATAMBUCO,94,15,79,0.1595744680851064
211204,2026,PUNO,SANDIA,PATAMBUCO,52,8,44,0.15384615384615385
211205,2020,PUNO,SANDIA,PHARA,33,17,16,0.5151515151515151
211205,2021,PUNO,SANDIA,PHARA,37,23,14,0.6216216216216216
211205,2022,PUNO,SANDIA,PHARA,43,24,19,0.5581395348837209
211205,2023,PUNO,SANDIA,PHARA,133,73,60,0.5488721804511278
211205,2024,PUNO,SANDIA,PHARA,127,49,78,0.3858267716535433
211205,2025,PUNO,SANDIA,PHARA,109,35,74,0.3211009174311927
211205,2026,PUNO,SANDIA,PHARA,65,21,44,0.3230769230769231
211206,2020,PUNO,SANDIA,QUIACA,18,2,16,0.1111111111111111
211206,2021,PUNO,SANDIA,QUIACA,36,2,34,0.05555555555555555
211206,2022,PUNO,SANDIA,QUIACA,21,3,18,0.14285714285714285
211206,2023,PUNO,SANDIA,QUIACA,73,8,65,0.1095890410958904
211206,2024,PUNO,SANDIA,QUIACA,77,3,74,0.03896103896103896
211206,2025,PUNO,SANDIA,QUIACA,63,1,62,0.015873015873015872
211206,2026,PUNO,SANDIA,QUIACA,43,5,38,0.11627906976744186
211207,2020,PUNO,SANDIA,SAN JUAN DEL ORO,44,14,30,0.3181818181818182
211207,2021,PUNO,SANDIA,SAN JUAN DEL ORO,53,25,28,0.4716981132075472
211207,2022,PUNO,SANDIA,SAN JUAN DEL ORO,59,26,33,0.4406779661016949
211207,2023,PUNO,SANDIA,SAN JUAN DEL ORO,116,31,85,0.2672413793103448
211207,2024,PUNO,SANDIA,SAN JUAN DEL ORO,110,44,66,0.4
211207,2025,PUNO,SANDIA,SAN JUAN DEL ORO,78,34,44,0.4358974358974359
211207,2026,PUNO,SANDIA,SAN JUAN DEL ORO,39,21,18,0.5384615384615384
211208,2020,PUNO,SANDIA,YANAHUAYA,26,8,18,0.3076923076923077
211208,2021,PUNO,SANDIA,YANAHUAYA,26,14,12,0.5384615384615384
211208,2022,PUNO,SANDIA,YANAHUAYA,28,7,21,0.25
211208,2023,PUNO,SANDIA,YANAHUAYA,67,21,46,0.31343283582089554
211208,2024,PUNO,SANDIA,YANAHUAYA,57,11,46,0.19298245614035087
211208,2025,PUNO,SANDIA,YANAHUAYA,50,22,28,0.44
211208,2026,PUNO,SANDIA,YANAHUAYA,20,6,14,0.3
211209,2020,PUNO,SANDIA,ALTO INAMBARI,107,35,72,0.32710280373831774
211209,2021,PUNO,SANDIA,ALTO INAMBARI,109,48,61,0.44036697247706424
211209,2022,PUNO,SANDIA,ALTO INAMBARI,103,24,79,0.23300970873786409
211209,2023,PUNO,SANDIA,ALTO INAMBARI,171,33,138,0.19298245614035087
211209,2024,PUNO,SANDIA,ALTO INAMBARI,161,56,105,0.34782608695652173
211209,2025,PUNO,SANDIA,ALTO INAMBARI,157,24,133,0.15286624203821655
211209,2026,PUNO,SANDIA,ALTO INAMBARI,100,14,86,0.14
211210,2020,PUNO,SANDIA,SAN PEDRO DE PUTINA PUNCO,93,56,37,0.6021505376344086
211210,2021,PUNO,SANDIA,SAN PEDRO DE PUTINA PUNCO,223,130,93,0.5829596412556054
211210,2022,PUNO,SANDIA,SAN PEDRO DE PUTINA PUNCO,159,76,83,0.4779874213836478
211210,2023,PUNO,SANDIA,SAN PEDRO DE PUTINA PUNCO,339,145,194,0.4277286135693215
211210,2024,PUNO,SANDIA,SAN PEDRO DE PUTINA PUNCO,337,136,201,0.4035608308605341
211210,2025,PUNO,SANDIA,SAN PEDRO DE PUTINA PUNCO,278,113,165,0.4064748201438849
211210,2026,PUNO,SANDIA,SAN PEDRO DE PUTINA PUNCO,132,49,83,0.3712121212121212
211301,2020,PUNO,YUNGUYO,YUNGUYO,385,223,162,0.5792207792207792
211301,2021,PUNO,YUNGUYO,YUNGUYO,292,163,129,0.5582191780821918
211301,2022,PUNO,YUNGUYO,YUNGUYO,248,148,100,0.5967741935483871
211301,2023,PUNO,YUNGUYO,YUNGUYO,616,240,376,0.38961038961038963
211301,2024,PUNO,YUNGUYO,YUNGUYO,573,153,420,0.2670157068062827
211301,2025,PUNO,YUNGUYO,YUNGUYO,543,163,380,0.3001841620626151
211301,2026,PUNO,YUNGUYO,YUNGUYO,328,107,221,0.32621951219512196
211302,2020,PUNO,YUNGUYO,ANAPIA,9,2,7,0.2222222222222222
211302,2021,PUNO,YUNGUYO,ANAPIA,9,2,7,0.2222222222222222
211302,2022,PUNO,YUNGUYO,ANAPIA,5,1,4,0.2
211302,2023,PUNO,YUNGUYO,ANAPIA,32,1,31,0.03125
211302,2024,PUNO,YUNGUYO,ANAPIA,29,1,28,0.034482758620689655
211302,2025,PUNO,YUNGUYO,ANAPIA,16,2,14,0.125
211302,2026,PUNO,YUNGUYO,ANAPIA,8,3,5,0.375
211303,2020,PUNO,YUNGUYO,COPANI,73,36,37,0.4931506849315068
211303,2021,PUNO,YUNGUYO,COPANI,56,33,23,0.5892857142857143
211303,2022,PUNO,YUNGUYO,COPANI,58,35,23,0.603448275862069
211303,2023,PUNO,YUNGUYO,COPANI,109,48,61,0.44036697247706424
211303,2024,PUNO,YUNGUYO,COPANI,92,26,66,0.2826086956521739
211303,2025,PUNO,YUNGUYO,COPANI,83,24,59,0.2891566265060241
211303,2026,PUNO,YUNGUYO,COPANI,65,21,44,0.3230769230769231
211304,2020,PUNO,YUNGUYO,CUTURAPI,18,1,17,0.05555555555555555
211304,2021,PUNO,YUNGUYO,CUTURAPI,10,3,7,0.3
211304,2022,PUNO,YUNGUYO,CUTURAPI,5,0,5,0.0
211304,2023,PUNO,YUNGUYO,CUTURAPI,24,0,24,0.0
211304,2024,PUNO,YUNGUYO,CUTURAPI,20,2,18,0.1
211304,2025,PUNO,YUNGUYO,CUTURAPI,17,2,15,0.11764705882352941
211304,2026,PUNO,YUNGUYO,CUTURAPI,11,1,10,0.09090909090909091
211305,2020,PUNO,YUNGUYO,OLLARAYA,17,8,9,0.47058823529411764
211305,2021,PUNO,YUNGUYO,OLLARAYA,16,5,11,0.3125
211305,2022,PUNO,YUNGUYO,OLLARAYA,8,3,5,0.375
211305,2023,PUNO,YUNGUYO,OLLARAYA,29,8,21,0.27586206896551724
211305,2024,PUNO,YUNGUYO,OLLARAYA,30,7,23,0.23333333333333334
211305,2025,PUNO,YUNGUYO,OLLARAYA,28,6,22,0.21428571428571427
211305,2026,PUNO,YUNGUYO,OLLARAYA,9,4,5,0.4444444444444444
211306,2020,PUNO,YUNGUYO,TINICACHI,12,6,6,0.5
211306,2021,PUNO,YUNGUYO,TINICACHI,10,3,7,0.3
211306,2022,PUNO,YUNGUYO,TINICACHI,4,1,3,0.25
211306,2023,PUNO,YUNGUYO,TINICACHI,21,6,15,0.2857142857142857
211306,2024,PUNO,YUNGUYO,TINICACHI,23,3,20,0.13043478260869565
211306,2025,PUNO,YUNGUYO,TINICACHI,14,0,14,0.0
211306,2026,PUNO,YUNGUYO,TINICACHI,6,0,6,0.0
211307,2020,PUNO,YUNGUYO,UNICACHI,12,4,8,0.3333333333333333
211307,2021,PUNO,YUNGUYO,UNICACHI,8,4,4,0.5
211307,2022,PUNO,YUNGUYO,UNICACHI,9,1,8,0.1111111111111111
211307,2023,PUNO,YUNGUYO,UNICACHI,21,3,18,0.14285714285714285
211307,2024,PUNO,YUNGUYO,UNICACHI,24,1,23,0.041666666666666664
211307,2025,PUNO,YUNGUYO,UNICACHI,16,5,11,0.3125
211307,2026,PUNO,YUNGUYO,UNICACHI,8,0,8,0.0
220101,2020,SAN MARTIN,MOYOBAMBA,MOYOBAMBA,1363,393,970,0.28833455612619224
220101,2021,SAN MARTIN,MOYOBAMBA,MOYOBAMBA,890,207,683,0.23258426966292134
220101,2022,SAN MARTIN,MOYOBAMBA,MOYOBAMBA,749,205,544,0.27369826435246997
220101,2023,SAN MARTIN,MOYOBAMBA,MOYOBAMBA,2837,471,2366,0.16602044413112443
220101,2024,SAN MARTIN,MOYOBAMBA,MOYOBAMBA,2768,782,1986,0.282514450867052
220101,2025,SAN MARTIN,MOYOBAMBA,MOYOBAMBA,2607,652,1955,0.25009589566551593
220101,2026,SAN MARTIN,MOYOBAMBA,MOYOBAMBA,1695,326,1369,0.19233038348082596
220102,2020,SAN MARTIN,MOYOBAMBA,CALZADA,82,31,51,0.3780487804878049
220102,2021,SAN MARTIN,MOYOBAMBA,CALZADA,56,15,41,0.26785714285714285
220102,2022,SAN MARTIN,MOYOBAMBA,CALZADA,59,19,40,0.3220338983050847
220102,2023,SAN MARTIN,MOYOBAMBA,CALZADA,185,30,155,0.16216216216216217
220102,2024,SAN MARTIN,MOYOBAMBA,CALZADA,169,47,122,0.2781065088757396
220102,2025,SAN MARTIN,MOYOBAMBA,CALZADA,135,28,107,0.2074074074074074
220102,2026,SAN MARTIN,MOYOBAMBA,CALZADA,113,22,91,0.19469026548672566
220103,2020,SAN MARTIN,MOYOBAMBA,HABANA,36,13,23,0.3611111111111111
220103,2021,SAN MARTIN,MOYOBAMBA,HABANA,26,3,23,0.11538461538461539
220103,2022,SAN MARTIN,MOYOBAMBA,HABANA,26,8,18,0.3076923076923077
220103,2023,SAN MARTIN,MOYOBAMBA,HABANA,121,13,108,0.10743801652892562
220103,2024,SAN MARTIN,MOYOBAMBA,HABANA,107,10,97,0.09345794392523364
220103,2025,SAN MARTIN,MOYOBAMBA,HABANA,99,29,70,0.29292929292929293
220103,2026,SAN MARTIN,MOYOBAMBA,HABANA,51,19,32,0.37254901960784315
220104,2020,SAN MARTIN,MOYOBAMBA,JEPELACIO,258,63,195,0.2441860465116279
220104,2021,SAN MARTIN,MOYOBAMBA,JEPELACIO,168,38,130,0.2261904761904762
220104,2022,SAN MARTIN,MOYOBAMBA,JEPELACIO,147,31,116,0.2108843537414966
220104,2023,SAN MARTIN,MOYOBAMBA,JEPELACIO,675,96,579,0.14222222222222222
220104,2024,SAN MARTIN,MOYOBAMBA,JEPELACIO,622,180,442,0.28938906752411575
220104,2025,SAN MARTIN,MOYOBAMBA,JEPELACIO,538,116,422,0.21561338289962825
220104,2026,SAN MARTIN,MOYOBAMBA,JEPELACIO,362,61,301,0.1685082872928177
220105,2020,SAN MARTIN,MOYOBAMBA,SORITOR,619,158,461,0.2552504038772213
220105,2021,SAN MARTIN,MOYOBAMBA,SORITOR,208,29,179,0.13942307692307693
220105,2022,SAN MARTIN,MOYOBAMBA,SORITOR,229,56,173,0.2445414847161572
220105,2023,SAN MARTIN,MOYOBAMBA,SORITOR,1022,149,873,0.14579256360078277
220105,2024,SAN MARTIN,MOYOBAMBA,SORITOR,946,127,819,0.13424947145877378
220105,2025,SAN MARTIN,MOYOBAMBA,SORITOR,857,245,612,0.28588098016336055
220105,2026,SAN MARTIN,MOYOBAMBA,SORITOR,579,215,364,0.37132987910189985
220106,2020,SAN MARTIN,MOYOBAMBA,YANTALO,62,11,51,0.1774193548387097
220106,2021,SAN MARTIN,MOYOBAMBA,YANTALO,41,17,24,0.4146341463414634
220106,2022,SAN MARTIN,MOYOBAMBA,YANTALO,40,20,20,0.5
220106,2023,SAN MARTIN,MOYOBAMBA,YANTALO,141,35,106,0.24822695035460993
220106,2024,SAN MARTIN,MOYOBAMBA,YANTALO,123,47,76,0.3821138211382114
220106,2025,SAN MARTIN,MOYOBAMBA,YANTALO,103,25,78,0.24271844660194175
220106,2026,SAN MARTIN,MOYOBAMBA,YANTALO,71,25,46,0.352112676056338
220201,2020,SAN MARTIN,BELLAVISTA,BELLAVISTA,143,2,141,0.013986013986013986
220201,2021,SAN MARTIN,BELLAVISTA,BELLAVISTA,174,20,154,0.11494252873563218
220201,2022,SAN MARTIN,BELLAVISTA,BELLAVISTA,145,9,136,0.06206896551724138
220201,2023,SAN MARTIN,BELLAVISTA,BELLAVISTA,701,123,578,0.1754636233951498
220201,2024,SAN MARTIN,BELLAVISTA,BELLAVISTA,770,58,712,0.07532467532467532
220201,2025,SAN MARTIN,BELLAVISTA,BELLAVISTA,730,21,709,0.028767123287671233
220201,2026,SAN MARTIN,BELLAVISTA,BELLAVISTA,426,15,411,0.035211267605633804
220202,2020,SAN MARTIN,BELLAVISTA,ALTO BIAVO,125,19,106,0.152
220202,2021,SAN MARTIN,BELLAVISTA,ALTO BIAVO,134,17,117,0.12686567164179105
220202,2022,SAN MARTIN,BELLAVISTA,ALTO BIAVO,149,16,133,0.10738255033557047
220202,2023,SAN MARTIN,BELLAVISTA,ALTO BIAVO,618,64,554,0.10355987055016182
220202,2024,SAN MARTIN,BELLAVISTA,ALTO BIAVO,557,8,549,0.01436265709156194
220202,2025,SAN MARTIN,BELLAVISTA,ALTO BIAVO,568,14,554,0.02464788732394366
220202,2026,SAN MARTIN,BELLAVISTA,ALTO BIAVO,355,9,346,0.02535211267605634
220203,2020,SAN MARTIN,BELLAVISTA,BAJO BIAVO,195,9,186,0.046153846153846156
220203,2021,SAN MARTIN,BELLAVISTA,BAJO BIAVO,184,5,179,0.02717391304347826
220203,2022,SAN MARTIN,BELLAVISTA,BAJO BIAVO,177,6,171,0.03389830508474576
220203,2023,SAN MARTIN,BELLAVISTA,BAJO BIAVO,838,14,824,0.016706443914081145
220203,2024,SAN MARTIN,BELLAVISTA,BAJO BIAVO,741,16,725,0.021592442645074223
220203,2025,SAN MARTIN,BELLAVISTA,BAJO BIAVO,711,21,690,0.029535864978902954
220203,2026,SAN MARTIN,BELLAVISTA,BAJO BIAVO,487,19,468,0.039014373716632446
220204,2020,SAN MARTIN,BELLAVISTA,HUALLAGA,19,0,19,0.0
220204,2021,SAN MARTIN,BELLAVISTA,HUALLAGA,21,1,20,0.047619047619047616
220204,2022,SAN MARTIN,BELLAVISTA,HUALLAGA,30,0,30,0.0
220204,2023,SAN MARTIN,BELLAVISTA,HUALLAGA,122,0,122,0.0
220204,2024,SAN MARTIN,BELLAVISTA,HUALLAGA,108,0,108,0.0
220204,2025,SAN MARTIN,BELLAVISTA,HUALLAGA,109,0,109,0.0
220204,2026,SAN MARTIN,BELLAVISTA,HUALLAGA,74,1,73,0.013513513513513514
220205,2020,SAN MARTIN,BELLAVISTA,SAN PABLO,225,17,208,0.07555555555555556
220205,2021,SAN MARTIN,BELLAVISTA,SAN PABLO,94,0,94,0.0
220205,2022,SAN MARTIN,BELLAVISTA,SAN PABLO,97,0,97,0.0
220205,2023,SAN MARTIN,BELLAVISTA,SAN PABLO,468,8,460,0.017094017094017096
220205,2024,SAN MARTIN,BELLAVISTA,SAN PABLO,405,1,404,0.0024691358024691358
220205,2025,SAN MARTIN,BELLAVISTA,SAN PABLO,337,11,326,0.032640949554896145
220205,2026,SAN MARTIN,BELLAVISTA,SAN PABLO,230,0,230,0.0
220206,2020,SAN MARTIN,BELLAVISTA,SAN RAFAEL,77,12,65,0.15584415584415584
220206,2021,SAN MARTIN,BELLAVISTA,SAN RAFAEL,49,4,45,0.08163265306122448
220206,2022,SAN MARTIN,BELLAVISTA,SAN RAFAEL,62,2,60,0.03225806451612903
220206,2023,SAN MARTIN,BELLAVISTA,SAN RAFAEL,269,18,251,0.06691449814126393
220206,2024,SAN MARTIN,BELLAVISTA,SAN RAFAEL,291,2,289,0.006872852233676976
220206,2025,SAN MARTIN,BELLAVISTA,SAN RAFAEL,280,10,270,0.03571428571428571
220206,2026,SAN MARTIN,BELLAVISTA,SAN RAFAEL,188,5,183,0.026595744680851064
220301,2020,SAN MARTIN,EL DORADO,SAN JOSE DE SISA,285,142,143,0.4982456140350877
220301,2021,SAN MARTIN,EL DORADO,SAN JOSE DE SISA,249,116,133,0.46586345381526106
220301,2022,SAN MARTIN,EL DORADO,SAN JOSE DE SISA,227,93,134,0.40969162995594716
220301,2023,SAN MARTIN,EL DORADO,SAN JOSE DE SISA,837,265,572,0.31660692951015534
220301,2024,SAN MARTIN,EL DORADO,SAN JOSE DE SISA,769,138,631,0.17945383615084526
220301,2025,SAN MARTIN,EL DORADO,SAN JOSE DE SISA,733,14,719,0.019099590723055934
220301,2026,SAN MARTIN,EL DORADO,SAN JOSE DE SISA,502,20,482,0.0398406374501992
220302,2020,SAN MARTIN,EL DORADO,AGUA BLANCA,28,11,17,0.39285714285714285
220302,2021,SAN MARTIN,EL DORADO,AGUA BLANCA,31,12,19,0.3870967741935484
220302,2022,SAN MARTIN,EL DORADO,AGUA BLANCA,39,10,29,0.2564102564102564
220302,2023,SAN MARTIN,EL DORADO,AGUA BLANCA,87,6,81,0.06896551724137931
220302,2024,SAN MARTIN,EL DORADO,AGUA BLANCA,76,6,70,0.07894736842105263
220302,2025,SAN MARTIN,EL DORADO,AGUA BLANCA,57,0,57,0.0
220302,2026,SAN MARTIN,EL DORADO,AGUA BLANCA,50,0,50,0.0
220303,2020,SAN MARTIN,EL DORADO,SAN MARTIN,219,79,140,0.3607305936073059
220303,2021,SAN MARTIN,EL DORADO,SAN MARTIN,186,38,148,0.20430107526881722
220303,2022,SAN MARTIN,EL DORADO,SAN MARTIN,226,51,175,0.22566371681415928
220303,2023,SAN MARTIN,EL DORADO,SAN MARTIN,640,115,525,0.1796875
220303,2024,SAN MARTIN,EL DORADO,SAN MARTIN,571,65,506,0.1138353765323993
220303,2025,SAN MARTIN,EL DORADO,SAN MARTIN,580,24,556,0.041379310344827586
220303,2026,SAN MARTIN,EL DORADO,SAN MARTIN,371,22,349,0.05929919137466307
220304,2020,SAN MARTIN,EL DORADO,SANTA ROSA,93,28,65,0.3010752688172043
220304,2021,SAN MARTIN,EL DORADO,SANTA ROSA,74,14,60,0.1891891891891892
220304,2022,SAN MARTIN,EL DORADO,SANTA ROSA,100,14,86,0.14
220304,2023,SAN MARTIN,EL DORADO,SANTA ROSA,349,63,286,0.18051575931232092
220304,2024,SAN MARTIN,EL DORADO,SANTA ROSA,299,27,272,0.0903010033444816
220304,2025,SAN MARTIN,EL DORADO,SANTA ROSA,268,13,255,0.048507462686567165
220304,2026,SAN MARTIN,EL DORADO,SANTA ROSA,162,8,154,0.04938271604938271
220305,2020,SAN MARTIN,EL DORADO,SHATOJA,63,23,40,0.36507936507936506
220305,2021,SAN MARTIN,EL DORADO,SHATOJA,63,21,42,0.3333333333333333
220305,2022,SAN MARTIN,EL DORADO,SHATOJA,55,26,29,0.4727272727272727
220305,2023,SAN MARTIN,EL DORADO,SHATOJA,164,58,106,0.35365853658536583
220305,2024,SAN MARTIN,EL DORADO,SHATOJA,144,23,121,0.1597222222222222
220305,2025,SAN MARTIN,EL DORADO,SHATOJA,114,1,113,0.008771929824561403
220305,2026,SAN MARTIN,EL DORADO,SHATOJA,85,0,85,0.0
220401,2020,SAN MARTIN,HUALLAGA,SAPOSOA,193,14,179,0.07253886010362694
220401,2021,SAN MARTIN,HUALLAGA,SAPOSOA,149,1,148,0.006711409395973154
220401,2022,SAN MARTIN,HUALLAGA,SAPOSOA,165,5,160,0.030303030303030304
220401,2023,SAN MARTIN,HUALLAGA,SAPOSOA,608,11,597,0.018092105263157895
220401,2024,SAN MARTIN,HUALLAGA,SAPOSOA,550,5,545,0.00909090909090909
220401,2025,SAN MARTIN,HUALLAGA,SAPOSOA,553,3,550,0.0054249547920434
220401,2026,SAN MARTIN,HUALLAGA,SAPOSOA,381,2,379,0.005249343832020997
220402,2020,SAN MARTIN,HUALLAGA,ALTO SAPOSOA,39,13,26,0.3333333333333333
220402,2021,SAN MARTIN,HUALLAGA,ALTO SAPOSOA,37,16,21,0.43243243243243246
220402,2022,SAN MARTIN,HUALLAGA,ALTO SAPOSOA,49,5,44,0.10204081632653061
220402,2023,SAN MARTIN,HUALLAGA,ALTO SAPOSOA,191,19,172,0.09947643979057591
220402,2024,SAN MARTIN,HUALLAGA,ALTO SAPOSOA,182,27,155,0.14835164835164835
220402,2025,SAN MARTIN,HUALLAGA,ALTO SAPOSOA,228,1,227,0.0043859649122807015
220402,2026,SAN MARTIN,HUALLAGA,ALTO SAPOSOA,142,1,141,0.007042253521126761
220403,2020,SAN MARTIN,HUALLAGA,EL ESLABON,21,1,20,0.047619047619047616
220403,2021,SAN MARTIN,HUALLAGA,EL ESLABON,24,0,24,0.0
220403,2022,SAN MARTIN,HUALLAGA,EL ESLABON,26,0,26,0.0
220403,2023,SAN MARTIN,HUALLAGA,EL ESLABON,116,1,115,0.008620689655172414
220403,2024,SAN MARTIN,HUALLAGA,EL ESLABON,91,0,91,0.0
220403,2025,SAN MARTIN,HUALLAGA,EL ESLABON,100,0,100,0.0
220403,2026,SAN MARTIN,HUALLAGA,EL ESLABON,74,0,74,0.0
220404,2020,SAN MARTIN,HUALLAGA,PISCOYACU,41,0,41,0.0
220404,2021,SAN MARTIN,HUALLAGA,PISCOYACU,52,1,51,0.019230769230769232
220404,2022,SAN MARTIN,HUALLAGA,PISCOYACU,38,0,38,0.0
220404,2023,SAN MARTIN,HUALLAGA,PISCOYACU,180,0,180,0.0
220404,2024,SAN MARTIN,HUALLAGA,PISCOYACU,169,1,168,0.005917159763313609
220404,2025,SAN MARTIN,HUALLAGA,PISCOYACU,171,3,168,0.017543859649122806
220404,2026,SAN MARTIN,HUALLAGA,PISCOYACU,110,0,110,0.0
220405,2020,SAN MARTIN,HUALLAGA,SACANCHE,26,2,24,0.07692307692307693
220405,2021,SAN MARTIN,HUALLAGA,SACANCHE,26,1,25,0.038461538461538464
220405,2022,SAN MARTIN,HUALLAGA,SACANCHE,24,2,22,0.08333333333333333
220405,2023,SAN MARTIN,HUALLAGA,SACANCHE,119,2,117,0.01680672268907563
220405,2024,SAN MARTIN,HUALLAGA,SACANCHE,109,3,106,0.027522935779816515
220405,2025,SAN MARTIN,HUALLAGA,SACANCHE,113,0,113,0.0
220405,2026,SAN MARTIN,HUALLAGA,SACANCHE,84,0,84,0.0
220406,2020,SAN MARTIN,HUALLAGA,TINGO DE SAPOSOA,3,0,3,0.0
220406,2021,SAN MARTIN,HUALLAGA,TINGO DE SAPOSOA,8,0,8,0.0
220406,2022,SAN MARTIN,HUALLAGA,TINGO DE SAPOSOA,10,0,10,0.0
220406,2023,SAN MARTIN,HUALLAGA,TINGO DE SAPOSOA,24,0,24,0.0
220406,2024,SAN MARTIN,HUALLAGA,TINGO DE SAPOSOA,16,0,16,0.0
220406,2025,SAN MARTIN,HUALLAGA,TINGO DE SAPOSOA,23,0,23,0.0
220406,2026,SAN MARTIN,HUALLAGA,TINGO DE SAPOSOA,9,0,9,0.0
220501,2020,SAN MARTIN,LAMAS,LAMAS,153,39,114,0.2549019607843137
220501,2021,SAN MARTIN,LAMAS,LAMAS,107,24,83,0.22429906542056074
220501,2022,SAN MARTIN,LAMAS,LAMAS,118,43,75,0.3644067796610169
220501,2023,SAN MARTIN,LAMAS,LAMAS,445,144,301,0.3235955056179775
220501,2024,SAN MARTIN,LAMAS,LAMAS,392,122,270,0.3112244897959184
220501,2025,SAN MARTIN,LAMAS,LAMAS,321,62,259,0.19314641744548286
220501,2026,SAN MARTIN,LAMAS,LAMAS,189,20,169,0.10582010582010581
220502,2020,SAN MARTIN,LAMAS,ALONSO DE ALVARADO,264,123,141,0.4659090909090909
220502,2021,SAN MARTIN,LAMAS,ALONSO DE ALVARADO,229,98,131,0.4279475982532751
220502,2022,SAN MARTIN,LAMAS,ALONSO DE ALVARADO,185,64,121,0.34594594594594597
220502,2023,SAN MARTIN,LAMAS,ALONSO DE ALVARADO,657,194,463,0.2952815829528158
220502,2024,SAN MARTIN,LAMAS,ALONSO DE ALVARADO,604,236,368,0.39072847682119205
220502,2025,SAN MARTIN,LAMAS,ALONSO DE ALVARADO,515,171,344,0.3320388349514563
220502,2026,SAN MARTIN,LAMAS,ALONSO DE ALVARADO,326,104,222,0.31901840490797545
220503,2020,SAN MARTIN,LAMAS,BARRANQUITA,150,34,116,0.22666666666666666
220503,2021,SAN MARTIN,LAMAS,BARRANQUITA,130,21,109,0.16153846153846155
220503,2022,SAN MARTIN,LAMAS,BARRANQUITA,108,26,82,0.24074074074074073
220503,2023,SAN MARTIN,LAMAS,BARRANQUITA,343,83,260,0.24198250728862974
220503,2024,SAN MARTIN,LAMAS,BARRANQUITA,307,15,292,0.048859934853420196
220503,2025,SAN MARTIN,LAMAS,BARRANQUITA,278,17,261,0.06115107913669065
220503,2026,SAN MARTIN,LAMAS,BARRANQUITA,193,18,175,0.09326424870466321
220504,2020,SAN MARTIN,LAMAS,CAYNARACHI,165,75,90,0.45454545454545453
220504,2021,SAN MARTIN,LAMAS,CAYNARACHI,218,85,133,0.38990825688073394
220504,2022,SAN MARTIN,LAMAS,CAYNARACHI,201,96,105,0.47761194029850745
220504,2023,SAN MARTIN,LAMAS,CAYNARACHI,611,140,471,0.22913256955810146
220504,2024,SAN MARTIN,LAMAS,CAYNARACHI,586,76,510,0.1296928327645051
220504,2025,SAN MARTIN,LAMAS,CAYNARACHI,539,70,469,0.12987012987012986
220504,2026,SAN MARTIN,LAMAS,CAYNARACHI,313,31,282,0.09904153354632587
220505,2020,SAN MARTIN,LAMAS,CUÑUMBUQUI,41,11,30,0.2682926829268293
220505,2021,SAN MARTIN,LAMAS,CUÑUMBUQUI,44,7,37,0.1590909090909091
220505,2022,SAN MARTIN,LAMAS,CUÑUMBUQUI,52,22,30,0.4230769230769231
220505,2023,SAN MARTIN,LAMAS,CUÑUMBUQUI,196,42,154,0.21428571428571427
220505,2024,SAN MARTIN,LAMAS,CUÑUMBUQUI,167,34,133,0.20359281437125748
220505,2025,SAN MARTIN,LAMAS,CUÑUMBUQUI,145,13,132,0.0896551724137931
220505,2026,SAN MARTIN,LAMAS,CUÑUMBUQUI,98,10,88,0.10204081632653061
220506,2020,SAN MARTIN,LAMAS,PINTO RECODO,82,20,62,0.24390243902439024
220506,2021,SAN MARTIN,LAMAS,PINTO RECODO,115,28,87,0.24347826086956523
220506,2022,SAN MARTIN,LAMAS,PINTO RECODO,108,27,81,0.25
220506,2023,SAN MARTIN,LAMAS,PINTO RECODO,347,57,290,0.1642651296829971
220506,2024,SAN MARTIN,LAMAS,PINTO RECODO,287,88,199,0.30662020905923343
220506,2025,SAN MARTIN,LAMAS,PINTO RECODO,268,20,248,0.07462686567164178
220506,2026,SAN MARTIN,LAMAS,PINTO RECODO,161,9,152,0.055900621118012424
220507,2020,SAN MARTIN,LAMAS,RUMISAPA,18,5,13,0.2777777777777778
220507,2021,SAN MARTIN,LAMAS,RUMISAPA,43,11,32,0.2558139534883721
220507,2022,SAN MARTIN,LAMAS,RUMISAPA,32,4,28,0.125
220507,2023,SAN MARTIN,LAMAS,RUMISAPA,113,15,98,0.13274336283185842
220507,2024,SAN MARTIN,LAMAS,RUMISAPA,131,12,119,0.0916030534351145
220507,2025,SAN MARTIN,LAMAS,RUMISAPA,106,3,103,0.02830188679245283
220507,2026,SAN MARTIN,LAMAS,RUMISAPA,39,2,37,0.05128205128205128
220508,2020,SAN MARTIN,LAMAS,SAN ROQUE DE CUMBAZA,21,9,12,0.42857142857142855
220508,2021,SAN MARTIN,LAMAS,SAN ROQUE DE CUMBAZA,29,5,24,0.1724137931034483
220508,2022,SAN MARTIN,LAMAS,SAN ROQUE DE CUMBAZA,37,7,30,0.1891891891891892
220508,2023,SAN MARTIN,LAMAS,SAN ROQUE DE CUMBAZA,155,23,132,0.14838709677419354
220508,2024,SAN MARTIN,LAMAS,SAN ROQUE DE CUMBAZA,136,41,95,0.3014705882352941
220508,2025,SAN MARTIN,LAMAS,SAN ROQUE DE CUMBAZA,124,36,88,0.2903225806451613
220508,2026,SAN MARTIN,LAMAS,SAN ROQUE DE CUMBAZA,70,14,56,0.2
220509,2020,SAN MARTIN,LAMAS,SHANAO,29,9,20,0.3103448275862069
220509,2021,SAN MARTIN,LAMAS,SHANAO,22,8,14,0.36363636363636365
220509,2022,SAN MARTIN,LAMAS,SHANAO,11,1,10,0.09090909090909091
220509,2023,SAN MARTIN,LAMAS,SHANAO,82,15,67,0.18292682926829268
220509,2024,SAN MARTIN,LAMAS,SHANAO,62,42,20,0.6774193548387096
220509,2025,SAN MARTIN,LAMAS,SHANAO,51,9,42,0.17647058823529413
220509,2026,SAN MARTIN,LAMAS,SHANAO,26,3,23,0.11538461538461539
220510,2020,SAN MARTIN,LAMAS,TABALOSOS,236,101,135,0.4279661016949153
220510,2021,SAN MARTIN,LAMAS,TABALOSOS,217,56,161,0.25806451612903225
220510,2022,SAN MARTIN,LAMAS,TABALOSOS,173,38,135,0.21965317919075145
220510,2023,SAN MARTIN,LAMAS,TABALOSOS,560,125,435,0.22321428571428573
220510,2024,SAN MARTIN,LAMAS,TABALOSOS,564,218,346,0.38652482269503546
220510,2025,SAN MARTIN,LAMAS,TABALOSOS,470,158,312,0.33617021276595743
220510,2026,SAN MARTIN,LAMAS,TABALOSOS,298,60,238,0.20134228187919462
220511,2020,SAN MARTIN,LAMAS,ZAPATERO,80,15,65,0.1875
220511,2021,SAN MARTIN,LAMAS,ZAPATERO,84,14,70,0.16666666666666666
220511,2022,SAN MARTIN,LAMAS,ZAPATERO,58,8,50,0.13793103448275862
220511,2023,SAN MARTIN,LAMAS,ZAPATERO,312,26,286,0.08333333333333333
220511,2024,SAN MARTIN,LAMAS,ZAPATERO,269,29,240,0.10780669144981413
220511,2025,SAN MARTIN,LAMAS,ZAPATERO,232,5,227,0.021551724137931036
220511,2026,SAN MARTIN,LAMAS,ZAPATERO,161,1,160,0.006211180124223602
220601,2020,SAN MARTIN,MARISCAL CACERES,JUANJUI,257,15,242,0.058365758754863814
220601,2021,SAN MARTIN,MARISCAL CACERES,JUANJUI,329,12,317,0.0364741641337386
220601,2022,SAN MARTIN,MARISCAL CACERES,JUANJUI,259,14,245,0.05405405405405406
220601,2023,SAN MARTIN,MARISCAL CACERES,JUANJUI,1094,123,971,0.11243144424131626
220601,2024,SAN MARTIN,MARISCAL CACERES,JUANJUI,1049,53,996,0.05052430886558627
220601,2025,SAN MARTIN,MARISCAL CACERES,JUANJUI,960,48,912,0.05
220601,2026,SAN MARTIN,MARISCAL CACERES,JUANJUI,592,25,567,0.04222972972972973
220602,2020,SAN MARTIN,MARISCAL CACERES,CAMPANILLA,199,29,170,0.1457286432160804
220602,2021,SAN MARTIN,MARISCAL CACERES,CAMPANILLA,169,10,159,0.05917159763313609
220602,2022,SAN MARTIN,MARISCAL CACERES,CAMPANILLA,187,9,178,0.0481283422459893
220602,2023,SAN MARTIN,MARISCAL CACERES,CAMPANILLA,607,46,561,0.0757825370675453
220602,2024,SAN MARTIN,MARISCAL CACERES,CAMPANILLA,644,37,607,0.05745341614906832
220602,2025,SAN MARTIN,MARISCAL CACERES,CAMPANILLA,618,33,585,0.05339805825242718
220602,2026,SAN MARTIN,MARISCAL CACERES,CAMPANILLA,363,18,345,0.049586776859504134
220603,2020,SAN MARTIN,MARISCAL CACERES,HUICUNGO,102,36,66,0.35294117647058826
220603,2021,SAN MARTIN,MARISCAL CACERES,HUICUNGO,104,5,99,0.04807692307692308
220603,2022,SAN MARTIN,MARISCAL CACERES,HUICUNGO,101,3,98,0.0297029702970297
220603,2023,SAN MARTIN,MARISCAL CACERES,HUICUNGO,459,15,444,0.032679738562091505
220603,2024,SAN MARTIN,MARISCAL CACERES,HUICUNGO,449,6,443,0.013363028953229399
220603,2025,SAN MARTIN,MARISCAL CACERES,HUICUNGO,384,3,381,0.0078125
220603,2026,SAN MARTIN,MARISCAL CACERES,HUICUNGO,242,0,242,0.0
220604,2020,SAN MARTIN,MARISCAL CACERES,PACHIZA,58,20,38,0.3448275862068966
220604,2021,SAN MARTIN,MARISCAL CACERES,PACHIZA,69,16,53,0.2318840579710145
220604,2022,SAN MARTIN,MARISCAL CACERES,PACHIZA,66,3,63,0.045454545454545456
220604,2023,SAN MARTIN,MARISCAL CACERES,PACHIZA,276,26,250,0.09420289855072464
220604,2024,SAN MARTIN,MARISCAL CACERES,PACHIZA,294,5,289,0.017006802721088437
220604,2025,SAN MARTIN,MARISCAL CACERES,PACHIZA,304,13,291,0.04276315789473684
220604,2026,SAN MARTIN,MARISCAL CACERES,PACHIZA,202,7,195,0.034653465346534656
220605,2020,SAN MARTIN,MARISCAL CACERES,PAJARILLO,47,17,30,0.3617021276595745
220605,2021,SAN MARTIN,MARISCAL CACERES,PAJARILLO,88,17,71,0.19318181818181818
220605,2022,SAN MARTIN,MARISCAL CACERES,PAJARILLO,75,10,65,0.13333333333333333
220605,2023,SAN MARTIN,MARISCAL CACERES,PAJARILLO,285,17,268,0.05964912280701754
220605,2024,SAN MARTIN,MARISCAL CACERES,PAJARILLO,281,2,279,0.0071174377224199285
220605,2025,SAN MARTIN,MARISCAL CACERES,PAJARILLO,266,11,255,0.041353383458646614
220605,2026,SAN MARTIN,MARISCAL CACERES,PAJARILLO,157,3,154,0.01910828025477707
220701,2020,SAN MARTIN,PICOTA,PICOTA,186,50,136,0.26881720430107525
220701,2021,SAN MARTIN,PICOTA,PICOTA,123,23,100,0.18699186991869918
220701,2022,SAN MARTIN,PICOTA,PICOTA,165,32,133,0.19393939393939394
220701,2023,SAN MARTIN,PICOTA,PICOTA,487,62,425,0.1273100616016427
220701,2024,SAN MARTIN,PICOTA,PICOTA,421,59,362,0.14014251781472684
220701,2025,SAN MARTIN,PICOTA,PICOTA,370,35,335,0.0945945945945946
220701,2026,SAN MARTIN,PICOTA,PICOTA,212,10,202,0.04716981132075472
220702,2020,SAN MARTIN,PICOTA,BUENOS AIRES,52,5,47,0.09615384615384616
220702,2021,SAN MARTIN,PICOTA,BUENOS AIRES,52,5,47,0.09615384615384616
220702,2022,SAN MARTIN,PICOTA,BUENOS AIRES,74,5,69,0.06756756756756757
220702,2023,SAN MARTIN,PICOTA,BUENOS AIRES,48,3,45,0.0625
220702,2024,SAN MARTIN,PICOTA,BUENOS AIRES,92,5,87,0.05434782608695652
220702,2025,SAN MARTIN,PICOTA,BUENOS AIRES,110,2,108,0.01818181818181818
220702,2026,SAN MARTIN,PICOTA,BUENOS AIRES,69,0,69,0.0
220703,2020,SAN MARTIN,PICOTA,CASPIZAPA,34,22,12,0.6470588235294118
220703,2021,SAN MARTIN,PICOTA,CASPIZAPA,41,12,29,0.2926829268292683
220703,2022,SAN MARTIN,PICOTA,CASPIZAPA,29,6,23,0.20689655172413793
220703,2023,SAN MARTIN,PICOTA,CASPIZAPA,68,7,61,0.10294117647058823
220703,2024,SAN MARTIN,PICOTA,CASPIZAPA,69,19,50,0.2753623188405797
220703,2025,SAN MARTIN,PICOTA,CASPIZAPA,77,7,70,0.09090909090909091
220703,2026,SAN MARTIN,PICOTA,CASPIZAPA,40,6,34,0.15
220704,2020,SAN MARTIN,PICOTA,PILLUANA,6,0,6,0.0
220704,2021,SAN MARTIN,PICOTA,PILLUANA,14,0,14,0.0
220704,2022,SAN MARTIN,PICOTA,PILLUANA,13,0,13,0.0
220704,2023,SAN MARTIN,PICOTA,PILLUANA,5,0,5,0.0
220704,2024,SAN MARTIN,PICOTA,PILLUANA,22,0,22,0.0
220704,2025,SAN MARTIN,PICOTA,PILLUANA,22,0,22,0.0
220704,2026,SAN MARTIN,PICOTA,PILLUANA,15,0,15,0.0
220705,2020,SAN MARTIN,PICOTA,PUCACACA,53,12,41,0.22641509433962265
220705,2021,SAN MARTIN,PICOTA,PUCACACA,59,5,54,0.0847457627118644
220705,2022,SAN MARTIN,PICOTA,PUCACACA,66,17,49,0.25757575757575757
220705,2023,SAN MARTIN,PICOTA,PUCACACA,30,5,25,0.16666666666666666
220705,2024,SAN MARTIN,PICOTA,PUCACACA,100,14,86,0.14
220705,2025,SAN MARTIN,PICOTA,PUCACACA,103,17,86,0.1650485436893204
220705,2026,SAN MARTIN,PICOTA,PUCACACA,67,11,56,0.16417910447761194
220706,2020,SAN MARTIN,PICOTA,SAN CRISTOBAL,20,12,8,0.6
220706,2021,SAN MARTIN,PICOTA,SAN CRISTOBAL,17,2,15,0.11764705882352941
220706,2022,SAN MARTIN,PICOTA,SAN CRISTOBAL,15,0,15,0.0
220706,2023,SAN MARTIN,PICOTA,SAN CRISTOBAL,37,0,37,0.0
220706,2024,SAN MARTIN,PICOTA,SAN CRISTOBAL,29,0,29,0.0
220706,2025,SAN MARTIN,PICOTA,SAN CRISTOBAL,41,3,38,0.07317073170731707
220706,2026,SAN MARTIN,PICOTA,SAN CRISTOBAL,25,3,22,0.12
220707,2020,SAN MARTIN,PICOTA,SAN HILARION,97,49,48,0.5051546391752577
220707,2021,SAN MARTIN,PICOTA,SAN HILARION,46,3,43,0.06521739130434782
220707,2022,SAN MARTIN,PICOTA,SAN HILARION,42,0,42,0.0
220707,2023,SAN MARTIN,PICOTA,SAN HILARION,140,19,121,0.1357142857142857
220707,2024,SAN MARTIN,PICOTA,SAN HILARION,151,6,145,0.039735099337748346
220707,2025,SAN MARTIN,PICOTA,SAN HILARION,132,4,128,0.030303030303030304
220707,2026,SAN MARTIN,PICOTA,SAN HILARION,87,3,84,0.034482758620689655
220708,2020,SAN MARTIN,PICOTA,SHAMBOYACU,61,20,41,0.32786885245901637
220708,2021,SAN MARTIN,PICOTA,SHAMBOYACU,260,54,206,0.2076923076923077
220708,2022,SAN MARTIN,PICOTA,SHAMBOYACU,169,37,132,0.21893491124260356
220708,2023,SAN MARTIN,PICOTA,SHAMBOYACU,421,66,355,0.15676959619952494
220708,2024,SAN MARTIN,PICOTA,SHAMBOYACU,376,78,298,0.2074468085106383
220708,2025,SAN MARTIN,PICOTA,SHAMBOYACU,429,28,401,0.06526806526806526
220708,2026,SAN MARTIN,PICOTA,SHAMBOYACU,271,16,255,0.05904059040590406
220709,2020,SAN MARTIN,PICOTA,TINGO DE PONASA,31,11,20,0.3548387096774194
220709,2021,SAN MARTIN,PICOTA,TINGO DE PONASA,75,7,68,0.09333333333333334
220709,2022,SAN MARTIN,PICOTA,TINGO DE PONASA,45,2,43,0.044444444444444446
220709,2023,SAN MARTIN,PICOTA,TINGO DE PONASA,120,21,99,0.175
220709,2024,SAN MARTIN,PICOTA,TINGO DE PONASA,112,10,102,0.08928571428571429
220709,2025,SAN MARTIN,PICOTA,TINGO DE PONASA,87,7,80,0.08045977011494253
220709,2026,SAN MARTIN,PICOTA,TINGO DE PONASA,71,11,60,0.15492957746478872
220710,2020,SAN MARTIN,PICOTA,TRES UNIDOS,64,34,30,0.53125
220710,2021,SAN MARTIN,PICOTA,TRES UNIDOS,46,8,38,0.17391304347826086
220710,2022,SAN MARTIN,PICOTA,TRES UNIDOS,69,37,32,0.5362318840579711
220710,2023,SAN MARTIN,PICOTA,TRES UNIDOS,37,10,27,0.2702702702702703
220710,2024,SAN MARTIN,PICOTA,TRES UNIDOS,125,23,102,0.184
220710,2025,SAN MARTIN,PICOTA,TRES UNIDOS,150,8,142,0.05333333333333334
220710,2026,SAN MARTIN,PICOTA,TRES UNIDOS,82,1,81,0.012195121951219513
220801,2020,SAN MARTIN,RIOJA,RIOJA,7,1,6,0.14285714285714285
220801,2021,SAN MARTIN,RIOJA,RIOJA,112,50,62,0.44642857142857145
220801,2022,SAN MARTIN,RIOJA,RIOJA,316,122,194,0.3860759493670886
220801,2023,SAN MARTIN,RIOJA,RIOJA,831,242,589,0.29121540312876054
220801,2024,SAN MARTIN,RIOJA,RIOJA,734,213,521,0.2901907356948229
220801,2025,SAN MARTIN,RIOJA,RIOJA,766,304,462,0.3968668407310705
220801,2026,SAN MARTIN,RIOJA,RIOJA,509,150,359,0.29469548133595286
220802,2020,SAN MARTIN,RIOJA,AWAJUN,99,50,49,0.5050505050505051
220802,2021,SAN MARTIN,RIOJA,AWAJUN,260,127,133,0.48846153846153845
220802,2022,SAN MARTIN,RIOJA,AWAJUN,212,95,117,0.4481132075471698
220802,2023,SAN MARTIN,RIOJA,AWAJUN,623,247,376,0.39646869983948635
220802,2024,SAN MARTIN,RIOJA,AWAJUN,546,362,184,0.663003663003663
220802,2025,SAN MARTIN,RIOJA,AWAJUN,409,174,235,0.4254278728606357
220802,2026,SAN MARTIN,RIOJA,AWAJUN,280,95,185,0.3392857142857143
220803,2020,SAN MARTIN,RIOJA,ELIAS SOPLIN VARGAS,320,126,194,0.39375
220803,2021,SAN MARTIN,RIOJA,ELIAS SOPLIN VARGAS,336,141,195,0.41964285714285715
220803,2022,SAN MARTIN,RIOJA,ELIAS SOPLIN VARGAS,329,176,153,0.5349544072948328
220803,2023,SAN MARTIN,RIOJA,ELIAS SOPLIN VARGAS,900,335,565,0.37222222222222223
220803,2024,SAN MARTIN,RIOJA,ELIAS SOPLIN VARGAS,911,469,442,0.5148188803512623
220803,2025,SAN MARTIN,RIOJA,ELIAS SOPLIN VARGAS,926,485,441,0.5237580993520519
220803,2026,SAN MARTIN,RIOJA,ELIAS SOPLIN VARGAS,643,300,343,0.4665629860031104
220804,2020,SAN MARTIN,RIOJA,NUEVA CAJAMARCA,605,254,351,0.41983471074380163
220804,2021,SAN MARTIN,RIOJA,NUEVA CAJAMARCA,861,272,589,0.3159117305458769
220804,2022,SAN MARTIN,RIOJA,NUEVA CAJAMARCA,1202,506,696,0.4209650582362729
220804,2023,SAN MARTIN,RIOJA,NUEVA CAJAMARCA,1602,553,1049,0.34519350811485644
220804,2024,SAN MARTIN,RIOJA,NUEVA CAJAMARCA,1653,829,824,0.5015124016938899
220804,2025,SAN MARTIN,RIOJA,NUEVA CAJAMARCA,1617,570,1047,0.3525046382189239
220804,2026,SAN MARTIN,RIOJA,NUEVA CAJAMARCA,987,272,715,0.2755825734549139
220805,2020,SAN MARTIN,RIOJA,PARDO MIGUEL,376,135,241,0.35904255319148937
220805,2021,SAN MARTIN,RIOJA,PARDO MIGUEL,407,100,307,0.2457002457002457
220805,2022,SAN MARTIN,RIOJA,PARDO MIGUEL,334,110,224,0.32934131736526945
220805,2023,SAN MARTIN,RIOJA,PARDO MIGUEL,823,251,572,0.30498177399756987
220805,2024,SAN MARTIN,RIOJA,PARDO MIGUEL,735,375,360,0.5102040816326531
220805,2025,SAN MARTIN,RIOJA,PARDO MIGUEL,697,293,404,0.42037302725968434
220805,2026,SAN MARTIN,RIOJA,PARDO MIGUEL,448,166,282,0.3705357142857143
220806,2021,SAN MARTIN,RIOJA,POSIC,14,9,5,0.6428571428571429
220806,2022,SAN MARTIN,RIOJA,POSIC,46,23,23,0.5
220806,2023,SAN MARTIN,RIOJA,POSIC,87,31,56,0.3563218390804598
220806,2024,SAN MARTIN,RIOJA,POSIC,97,34,63,0.35051546391752575
220806,2025,SAN MARTIN,RIOJA,POSIC,82,23,59,0.2804878048780488
220806,2026,SAN MARTIN,RIOJA,POSIC,60,11,49,0.18333333333333332
220807,2020,SAN MARTIN,RIOJA,SAN FERNANDO,1,0,1,0.0
220807,2021,SAN MARTIN,RIOJA,SAN FERNANDO,4,0,4,0.0
220807,2022,SAN MARTIN,RIOJA,SAN FERNANDO,52,3,49,0.057692307692307696
220807,2023,SAN MARTIN,RIOJA,SAN FERNANDO,172,28,144,0.16279069767441862
220807,2024,SAN MARTIN,RIOJA,SAN FERNANDO,141,30,111,0.2127659574468085
220807,2025,SAN MARTIN,RIOJA,SAN FERNANDO,107,20,87,0.18691588785046728
220807,2026,SAN MARTIN,RIOJA,SAN FERNANDO,63,6,57,0.09523809523809523
220808,2021,SAN MARTIN,RIOJA,YORONGOS,4,3,1,0.75
220808,2022,SAN MARTIN,RIOJA,YORONGOS,50,35,15,0.7
220808,2023,SAN MARTIN,RIOJA,YORONGOS,90,36,54,0.4
220808,2024,SAN MARTIN,RIOJA,YORONGOS,90,29,61,0.32222222222222224
220808,2025,SAN MARTIN,RIOJA,YORONGOS,89,44,45,0.4943820224719101
220808,2026,SAN MARTIN,RIOJA,YORONGOS,67,27,40,0.40298507462686567
220809,2020,SAN MARTIN,RIOJA,YURACYACU,11,3,8,0.2727272727272727
220809,2021,SAN MARTIN,RIOJA,YURACYACU,27,0,27,0.0
220809,2022,SAN MARTIN,RIOJA,YURACYACU,25,9,16,0.36
220809,2023,SAN MARTIN,RIOJA,YURACYACU,111,18,93,0.16216216216216217
220809,2024,SAN MARTIN,RIOJA,YURACYACU,120,49,71,0.4083333333333333
220809,2025,SAN MARTIN,RIOJA,YURACYACU,97,20,77,0.20618556701030927
220809,2026,SAN MARTIN,RIOJA,YURACYACU,58,11,47,0.1896551724137931
220901,2020,SAN MARTIN,SAN MARTIN,TARAPOTO,1288,503,785,0.390527950310559
220901,2021,SAN MARTIN,SAN MARTIN,TARAPOTO,645,203,442,0.3147286821705426
220901,2022,SAN MARTIN,SAN MARTIN,TARAPOTO,660,215,445,0.32575757575757575
220901,2023,SAN MARTIN,SAN MARTIN,TARAPOTO,1829,317,1512,0.17331875341716785
220901,2024,SAN MARTIN,SAN MARTIN,TARAPOTO,1629,203,1426,0.12461632903621854
220901,2025,SAN MARTIN,SAN MARTIN,TARAPOTO,1426,128,1298,0.08976157082748948
220901,2026,SAN MARTIN,SAN MARTIN,TARAPOTO,828,54,774,0.06521739130434782
220902,2020,SAN MARTIN,SAN MARTIN,ALBERTO LEVEAU,12,7,5,0.5833333333333334
220902,2021,SAN MARTIN,SAN MARTIN,ALBERTO LEVEAU,14,4,10,0.2857142857142857
220902,2022,SAN MARTIN,SAN MARTIN,ALBERTO LEVEAU,4,1,3,0.25
220902,2023,SAN MARTIN,SAN MARTIN,ALBERTO LEVEAU,21,2,19,0.09523809523809523
220902,2024,SAN MARTIN,SAN MARTIN,ALBERTO LEVEAU,24,2,22,0.08333333333333333
220902,2025,SAN MARTIN,SAN MARTIN,ALBERTO LEVEAU,26,0,26,0.0
220902,2026,SAN MARTIN,SAN MARTIN,ALBERTO LEVEAU,17,1,16,0.058823529411764705
220903,2020,SAN MARTIN,SAN MARTIN,CACATACHI,5,1,4,0.2
220903,2021,SAN MARTIN,SAN MARTIN,CACATACHI,53,14,39,0.2641509433962264
220903,2022,SAN MARTIN,SAN MARTIN,CACATACHI,51,16,35,0.3137254901960784
220903,2023,SAN MARTIN,SAN MARTIN,CACATACHI,140,34,106,0.24285714285714285
220903,2024,SAN MARTIN,SAN MARTIN,CACATACHI,135,26,109,0.1925925925925926
220903,2025,SAN MARTIN,SAN MARTIN,CACATACHI,129,18,111,0.13953488372093023
220903,2026,SAN MARTIN,SAN MARTIN,CACATACHI,78,6,72,0.07692307692307693
220904,2020,SAN MARTIN,SAN MARTIN,CHAZUTA,215,102,113,0.4744186046511628
220904,2021,SAN MARTIN,SAN MARTIN,CHAZUTA,197,43,154,0.2182741116751269
220904,2022,SAN MARTIN,SAN MARTIN,CHAZUTA,186,55,131,0.2956989247311828
220904,2023,SAN MARTIN,SAN MARTIN,CHAZUTA,542,185,357,0.3413284132841328
220904,2024,SAN MARTIN,SAN MARTIN,CHAZUTA,506,110,396,0.21739130434782608
220904,2025,SAN MARTIN,SAN MARTIN,CHAZUTA,465,47,418,0.1010752688172043
220904,2026,SAN MARTIN,SAN MARTIN,CHAZUTA,287,30,257,0.10452961672473868
220905,2020,SAN MARTIN,SAN MARTIN,CHIPURANA,53,15,38,0.2830188679245283
220905,2021,SAN MARTIN,SAN MARTIN,CHIPURANA,49,15,34,0.30612244897959184
220905,2022,SAN MARTIN,SAN MARTIN,CHIPURANA,58,23,35,0.39655172413793105
220905,2023,SAN MARTIN,SAN MARTIN,CHIPURANA,137,24,113,0.17518248175182483
220905,2024,SAN MARTIN,SAN MARTIN,CHIPURANA,130,19,111,0.14615384615384616
220905,2025,SAN MARTIN,SAN MARTIN,CHIPURANA,120,13,107,0.10833333333333334
220905,2026,SAN MARTIN,SAN MARTIN,CHIPURANA,75,2,73,0.02666666666666667
220906,2020,SAN MARTIN,SAN MARTIN,EL PORVENIR,62,14,48,0.22580645161290322
220906,2021,SAN MARTIN,SAN MARTIN,EL PORVENIR,32,7,25,0.21875
220906,2022,SAN MARTIN,SAN MARTIN,EL PORVENIR,41,16,25,0.3902439024390244
220906,2023,SAN MARTIN,SAN MARTIN,EL PORVENIR,158,38,120,0.24050632911392406
220906,2024,SAN MARTIN,SAN MARTIN,EL PORVENIR,153,34,119,0.2222222222222222
220906,2025,SAN MARTIN,SAN MARTIN,EL PORVENIR,134,11,123,0.08208955223880597
220906,2026,SAN MARTIN,SAN MARTIN,EL PORVENIR,94,5,89,0.05319148936170213
220907,2020,SAN MARTIN,SAN MARTIN,HUIMBAYOC,119,28,91,0.23529411764705882
220907,2021,SAN MARTIN,SAN MARTIN,HUIMBAYOC,63,13,50,0.20634920634920634
220907,2022,SAN MARTIN,SAN MARTIN,HUIMBAYOC,79,18,61,0.22784810126582278
220907,2023,SAN MARTIN,SAN MARTIN,HUIMBAYOC,250,19,231,0.076
220907,2024,SAN MARTIN,SAN MARTIN,HUIMBAYOC,223,13,210,0.05829596412556054
220907,2025,SAN MARTIN,SAN MARTIN,HUIMBAYOC,211,8,203,0.037914691943127965
220907,2026,SAN MARTIN,SAN MARTIN,HUIMBAYOC,121,3,118,0.024793388429752067
220908,2020,SAN MARTIN,SAN MARTIN,JUAN GUERRA,47,6,41,0.1276595744680851
220908,2021,SAN MARTIN,SAN MARTIN,JUAN GUERRA,48,11,37,0.22916666666666666
220908,2022,SAN MARTIN,SAN MARTIN,JUAN GUERRA,36,12,24,0.3333333333333333
220908,2023,SAN MARTIN,SAN MARTIN,JUAN GUERRA,149,18,131,0.12080536912751678
220908,2024,SAN MARTIN,SAN MARTIN,JUAN GUERRA,127,14,113,0.11023622047244094
220908,2025,SAN MARTIN,SAN MARTIN,JUAN GUERRA,109,15,94,0.13761467889908258
220908,2026,SAN MARTIN,SAN MARTIN,JUAN GUERRA,71,6,65,0.08450704225352113
220909,2020,SAN MARTIN,SAN MARTIN,LA BANDA DE SHILCAYO,617,184,433,0.29821717990275526
220909,2021,SAN MARTIN,SAN MARTIN,LA BANDA DE SHILCAYO,345,24,321,0.06956521739130435
220909,2022,SAN MARTIN,SAN MARTIN,LA BANDA DE SHILCAYO,435,46,389,0.10574712643678161
220909,2023,SAN MARTIN,SAN MARTIN,LA BANDA DE SHILCAYO,1646,320,1326,0.19441069258809235
220909,2024,SAN MARTIN,SAN MARTIN,LA BANDA DE SHILCAYO,1490,127,1363,0.08523489932885905
220909,2025,SAN MARTIN,SAN MARTIN,LA BANDA DE SHILCAYO,1459,46,1413,0.031528444139821796
220909,2026,SAN MARTIN,SAN MARTIN,LA BANDA DE SHILCAYO,920,14,906,0.015217391304347827
220910,2021,SAN MARTIN,SAN MARTIN,MORALES,345,139,206,0.4028985507246377
220910,2022,SAN MARTIN,SAN MARTIN,MORALES,417,95,322,0.2278177458033573
220910,2023,SAN MARTIN,SAN MARTIN,MORALES,1007,241,766,0.23932472691161866
220910,2024,SAN MARTIN,SAN MARTIN,MORALES,894,122,772,0.13646532438478748
220910,2025,SAN MARTIN,SAN MARTIN,MORALES,915,104,811,0.11366120218579236
220910,2026,SAN MARTIN,SAN MARTIN,MORALES,580,86,494,0.1482758620689655
220911,2020,SAN MARTIN,SAN MARTIN,PAPAPLAYA,37,14,23,0.3783783783783784
220911,2021,SAN MARTIN,SAN MARTIN,PAPAPLAYA,38,14,24,0.3684210526315789
220911,2022,SAN MARTIN,SAN MARTIN,PAPAPLAYA,40,17,23,0.425
220911,2023,SAN MARTIN,SAN MARTIN,PAPAPLAYA,164,51,113,0.31097560975609756
220911,2024,SAN MARTIN,SAN MARTIN,PAPAPLAYA,154,36,118,0.23376623376623376
220911,2025,SAN MARTIN,SAN MARTIN,PAPAPLAYA,137,18,119,0.13138686131386862
220911,2026,SAN MARTIN,SAN MARTIN,PAPAPLAYA,83,19,64,0.2289156626506024
220912,2020,SAN MARTIN,SAN MARTIN,SAN ANTONIO,15,7,8,0.4666666666666667
220912,2021,SAN MARTIN,SAN MARTIN,SAN ANTONIO,16,3,13,0.1875
220912,2022,SAN MARTIN,SAN MARTIN,SAN ANTONIO,15,3,12,0.2
220912,2023,SAN MARTIN,SAN MARTIN,SAN ANTONIO,86,13,73,0.1511627906976744
220912,2024,SAN MARTIN,SAN MARTIN,SAN ANTONIO,76,4,72,0.05263157894736842
220912,2025,SAN MARTIN,SAN MARTIN,SAN ANTONIO,60,4,56,0.06666666666666667
220912,2026,SAN MARTIN,SAN MARTIN,SAN ANTONIO,30,4,26,0.13333333333333333
220913,2020,SAN MARTIN,SAN MARTIN,SAUCE,112,36,76,0.32142857142857145
220913,2021,SAN MARTIN,SAN MARTIN,SAUCE,97,25,72,0.25773195876288657
220913,2022,SAN MARTIN,SAN MARTIN,SAUCE,94,25,69,0.26595744680851063
220913,2023,SAN MARTIN,SAN MARTIN,SAUCE,315,108,207,0.34285714285714286
220913,2024,SAN MARTIN,SAN MARTIN,SAUCE,299,100,199,0.33444816053511706
220913,2025,SAN MARTIN,SAN MARTIN,SAUCE,234,67,167,0.2863247863247863
220913,2026,SAN MARTIN,SAN MARTIN,SAUCE,121,30,91,0.24793388429752067
220914,2020,SAN MARTIN,SAN MARTIN,SHAPAJA,31,13,18,0.41935483870967744
220914,2021,SAN MARTIN,SAN MARTIN,SHAPAJA,26,7,19,0.2692307692307692
220914,2022,SAN MARTIN,SAN MARTIN,SHAPAJA,21,3,18,0.14285714285714285
220914,2023,SAN MARTIN,SAN MARTIN,SHAPAJA,79,9,70,0.11392405063291139
220914,2024,SAN MARTIN,SAN MARTIN,SHAPAJA,56,4,52,0.07142857142857142
220914,2025,SAN MARTIN,SAN MARTIN,SHAPAJA,55,4,51,0.07272727272727272
220914,2026,SAN MARTIN,SAN MARTIN,SHAPAJA,32,0,32,0.0
221001,2020,SAN MARTIN,TOCACHE,TOCACHE,39,29,10,0.7435897435897436
221001,2021,SAN MARTIN,TOCACHE,TOCACHE,265,118,147,0.44528301886792454
221001,2022,SAN MARTIN,TOCACHE,TOCACHE,373,124,249,0.3324396782841823
221001,2023,SAN MARTIN,TOCACHE,TOCACHE,1233,389,844,0.31549067315490675
221001,2024,SAN MARTIN,TOCACHE,TOCACHE,1048,54,994,0.05152671755725191
221001,2025,SAN MARTIN,TOCACHE,TOCACHE,1125,273,852,0.24266666666666667
221001,2026,SAN MARTIN,TOCACHE,TOCACHE,679,156,523,0.22974963181148747
221002,2020,SAN MARTIN,TOCACHE,NUEVO PROGRESO,291,119,172,0.40893470790378006
221002,2021,SAN MARTIN,TOCACHE,NUEVO PROGRESO,244,85,159,0.3483606557377049
221002,2022,SAN MARTIN,TOCACHE,NUEVO PROGRESO,175,77,98,0.44
221002,2023,SAN MARTIN,TOCACHE,NUEVO PROGRESO,505,85,420,0.16831683168316833
221002,2024,SAN MARTIN,TOCACHE,NUEVO PROGRESO,480,18,462,0.0375
221002,2025,SAN MARTIN,TOCACHE,NUEVO PROGRESO,494,68,426,0.13765182186234817
221002,2026,SAN MARTIN,TOCACHE,NUEVO PROGRESO,307,51,256,0.16612377850162866
221003,2020,SAN MARTIN,TOCACHE,POLVORA,407,151,256,0.371007371007371
221003,2021,SAN MARTIN,TOCACHE,POLVORA,146,84,62,0.5753424657534246
221003,2022,SAN MARTIN,TOCACHE,POLVORA,103,48,55,0.46601941747572817
221003,2023,SAN MARTIN,TOCACHE,POLVORA,555,179,376,0.3225225225225225
221003,2024,SAN MARTIN,TOCACHE,POLVORA,533,41,492,0.07692307692307693
221003,2025,SAN MARTIN,TOCACHE,POLVORA,516,108,408,0.20930232558139536
221003,2026,SAN MARTIN,TOCACHE,POLVORA,319,75,244,0.23510971786833856
221004,2021,SAN MARTIN,TOCACHE,SHUNTE,16,4,12,0.25
221004,2022,SAN MARTIN,TOCACHE,SHUNTE,43,18,25,0.4186046511627907
221004,2023,SAN MARTIN,TOCACHE,SHUNTE,105,61,44,0.580952380952381
221004,2024,SAN MARTIN,TOCACHE,SHUNTE,88,54,34,0.6136363636363636
221004,2025,SAN MARTIN,TOCACHE,SHUNTE,76,36,40,0.47368421052631576
221004,2026,SAN MARTIN,TOCACHE,SHUNTE,58,19,39,0.3275862068965517
221005,2020,SAN MARTIN,TOCACHE,UCHIZA,160,65,95,0.40625
221005,2021,SAN MARTIN,TOCACHE,UCHIZA,177,60,117,0.3389830508474576
221005,2022,SAN MARTIN,TOCACHE,UCHIZA,153,37,116,0.24183006535947713
221005,2023,SAN MARTIN,TOCACHE,UCHIZA,613,105,508,0.17128874388254486
221005,2024,SAN MARTIN,TOCACHE,UCHIZA,553,74,479,0.13381555153707053
221005,2025,SAN MARTIN,TOCACHE,UCHIZA,590,72,518,0.12203389830508475
221005,2026,SAN MARTIN,TOCACHE,UCHIZA,415,65,350,0.1566265060240964
221006,2024,SAN MARTIN,TOCACHE,SANTA LUCÍA,81,18,63,0.2222222222222222
221006,2025,SAN MARTIN,TOCACHE,SANTA LUCÍA,111,4,107,0.036036036036036036
221006,2026,SAN MARTIN,TOCACHE,SANTA LUCÍA,67,3,64,0.04477611940298507
230101,2020,TACNA,TACNA,TACNA,1188,251,937,0.2112794612794613
230101,2021,TACNA,TACNA,TACNA,958,147,811,0.1534446764091858
230101,2022,TACNA,TACNA,TACNA,780,158,622,0.20256410256410257
230101,2023,TACNA,TACNA,TACNA,1451,254,1197,0.17505168849069608
230101,2024,TACNA,TACNA,TACNA,1433,153,1280,0.10676901605024425
230101,2025,TACNA,TACNA,TACNA,1446,231,1215,0.15975103734439833
230101,2026,TACNA,TACNA,TACNA,833,137,696,0.1644657863145258
230102,2020,TACNA,TACNA,ALTO DE LA ALIANZA,438,133,305,0.3036529680365297
230102,2021,TACNA,TACNA,ALTO DE LA ALIANZA,270,58,212,0.21481481481481482
230102,2022,TACNA,TACNA,ALTO DE LA ALIANZA,271,62,209,0.22878228782287824
230102,2023,TACNA,TACNA,ALTO DE LA ALIANZA,754,136,618,0.18037135278514588
230102,2024,TACNA,TACNA,ALTO DE LA ALIANZA,783,95,688,0.12132822477650064
230102,2025,TACNA,TACNA,ALTO DE LA ALIANZA,691,55,636,0.07959479015918958
230102,2026,TACNA,TACNA,ALTO DE LA ALIANZA,362,34,328,0.09392265193370165
230103,2020,TACNA,TACNA,CALANA,72,6,66,0.08333333333333333
230103,2021,TACNA,TACNA,CALANA,90,17,73,0.18888888888888888
230103,2022,TACNA,TACNA,CALANA,32,4,28,0.125
230103,2023,TACNA,TACNA,CALANA,84,17,67,0.20238095238095238
230103,2024,TACNA,TACNA,CALANA,71,39,32,0.5492957746478874
230103,2025,TACNA,TACNA,CALANA,71,39,32,0.5492957746478874
230103,2026,TACNA,TACNA,CALANA,37,24,13,0.6486486486486487
230104,2020,TACNA,TACNA,CIUDAD NUEVA,557,151,406,0.2710951526032316
230104,2021,TACNA,TACNA,CIUDAD NUEVA,372,80,292,0.21505376344086022
230104,2022,TACNA,TACNA,CIUDAD NUEVA,322,82,240,0.2546583850931677
230104,2023,TACNA,TACNA,CIUDAD NUEVA,912,210,702,0.23026315789473684
230104,2024,TACNA,TACNA,CIUDAD NUEVA,928,143,785,0.1540948275862069
230104,2025,TACNA,TACNA,CIUDAD NUEVA,778,155,623,0.19922879177377892
230104,2026,TACNA,TACNA,CIUDAD NUEVA,430,70,360,0.16279069767441862
230105,2020,TACNA,TACNA,INCLAN,33,9,24,0.2727272727272727
230105,2021,TACNA,TACNA,INCLAN,56,15,41,0.26785714285714285
230105,2022,TACNA,TACNA,INCLAN,45,12,33,0.26666666666666666
230105,2023,TACNA,TACNA,INCLAN,91,21,70,0.23076923076923078
230105,2024,TACNA,TACNA,INCLAN,82,18,64,0.21951219512195122
230105,2025,TACNA,TACNA,INCLAN,62,9,53,0.14516129032258066
230105,2026,TACNA,TACNA,INCLAN,25,5,20,0.2
230106,2020,TACNA,TACNA,PACHIA,20,4,16,0.2
230106,2021,TACNA,TACNA,PACHIA,35,11,24,0.3142857142857143
230106,2022,TACNA,TACNA,PACHIA,16,4,12,0.25
230106,2023,TACNA,TACNA,PACHIA,22,6,16,0.2727272727272727
230106,2024,TACNA,TACNA,PACHIA,31,14,17,0.45161290322580644
230106,2025,TACNA,TACNA,PACHIA,25,7,18,0.28
230106,2026,TACNA,TACNA,PACHIA,10,2,8,0.2
230107,2020,TACNA,TACNA,PALCA,21,19,2,0.9047619047619048
230107,2021,TACNA,TACNA,PALCA,22,17,5,0.7727272727272727
230107,2022,TACNA,TACNA,PALCA,11,11,0,1.0
230107,2023,TACNA,TACNA,PALCA,32,26,6,0.8125
230107,2024,TACNA,TACNA,PALCA,39,15,24,0.38461538461538464
230107,2025,TACNA,TACNA,PALCA,31,2,29,0.06451612903225806
230107,2026,TACNA,TACNA,PALCA,21,0,21,0.0
230108,2020,TACNA,TACNA,POCOLLAY,168,27,141,0.16071428571428573
230108,2021,TACNA,TACNA,POCOLLAY,287,29,258,0.10104529616724739
230108,2022,TACNA,TACNA,POCOLLAY,182,30,152,0.16483516483516483
230108,2023,TACNA,TACNA,POCOLLAY,270,44,226,0.16296296296296298
230108,2024,TACNA,TACNA,POCOLLAY,321,20,301,0.06230529595015576
230108,2025,TACNA,TACNA,POCOLLAY,329,33,296,0.10030395136778116
230108,2026,TACNA,TACNA,POCOLLAY,177,23,154,0.12994350282485875
230109,2020,TACNA,TACNA,SAMA,16,3,13,0.1875
230109,2021,TACNA,TACNA,SAMA,22,3,19,0.13636363636363635
230109,2022,TACNA,TACNA,SAMA,27,6,21,0.2222222222222222
230109,2023,TACNA,TACNA,SAMA,58,13,45,0.22413793103448276
230109,2024,TACNA,TACNA,SAMA,63,7,56,0.1111111111111111
230109,2025,TACNA,TACNA,SAMA,47,1,46,0.02127659574468085
230109,2026,TACNA,TACNA,SAMA,17,1,16,0.058823529411764705
230110,2020,TACNA,TACNA,CORONEL GREGORIO ALBARRACIN L.,1205,354,851,0.2937759336099585
230110,2021,TACNA,TACNA,CORONEL GREGORIO ALBARRACIN L.,1538,384,1154,0.24967490247074123
230110,2022,TACNA,TACNA,CORONEL GREGORIO ALBARRACIN L.,1107,349,758,0.3152664859981933
230110,2023,TACNA,TACNA,CORONEL GREGORIO ALBARRACIN L.,2516,655,1861,0.26033386327503977
230110,2024,TACNA,TACNA,CORONEL GREGORIO ALBARRACIN L.,2290,520,1770,0.22707423580786026
230110,2025,TACNA,TACNA,CORONEL GREGORIO ALBARRACIN L.,2392,596,1796,0.2491638795986622
230110,2026,TACNA,TACNA,CORONEL GREGORIO ALBARRACIN L.,1332,327,1005,0.24549549549549549
230111,2020,TACNA,TACNA,LA YARADA LOS PALOS,87,9,78,0.10344827586206896
230111,2021,TACNA,TACNA,LA YARADA LOS PALOS,85,6,79,0.07058823529411765
230111,2022,TACNA,TACNA,LA YARADA LOS PALOS,87,21,66,0.2413793103448276
230111,2023,TACNA,TACNA,LA YARADA LOS PALOS,308,44,264,0.14285714285714285
230111,2024,TACNA,TACNA,LA YARADA LOS PALOS,313,33,280,0.10543130990415335
230111,2025,TACNA,TACNA,LA YARADA LOS PALOS,294,30,264,0.10204081632653061
230111,2026,TACNA,TACNA,LA YARADA LOS PALOS,154,13,141,0.08441558441558442
230201,2020,TACNA,CANDARAVE,CANDARAVE,8,7,1,0.875
230201,2021,TACNA,CANDARAVE,CANDARAVE,17,16,1,0.9411764705882353
230201,2022,TACNA,CANDARAVE,CANDARAVE,10,7,3,0.7
230201,2023,TACNA,CANDARAVE,CANDARAVE,40,20,20,0.5
230201,2024,TACNA,CANDARAVE,CANDARAVE,40,27,13,0.675
230201,2025,TACNA,CANDARAVE,CANDARAVE,30,13,17,0.43333333333333335
230201,2026,TACNA,CANDARAVE,CANDARAVE,21,10,11,0.47619047619047616
230202,2020,TACNA,CANDARAVE,CAIRANI,16,0,16,0.0
230202,2021,TACNA,CANDARAVE,CAIRANI,2,2,0,1.0
230202,2022,TACNA,CANDARAVE,CAIRANI,2,2,0,1.0
230202,2023,TACNA,CANDARAVE,CAIRANI,17,14,3,0.8235294117647058
230202,2024,TACNA,CANDARAVE,CAIRANI,13,11,2,0.8461538461538461
230202,2025,TACNA,CANDARAVE,CAIRANI,11,9,2,0.8181818181818182
230202,2026,TACNA,CANDARAVE,CAIRANI,4,1,3,0.25
230203,2020,TACNA,CANDARAVE,CAMILACA,1,1,0,1.0
230203,2021,TACNA,CANDARAVE,CAMILACA,1,1,0,1.0
230203,2022,TACNA,CANDARAVE,CAMILACA,2,2,0,1.0
230203,2023,TACNA,CANDARAVE,CAMILACA,11,8,3,0.7272727272727273
230203,2024,TACNA,CANDARAVE,CAMILACA,5,4,1,0.8
230203,2025,TACNA,CANDARAVE,CAMILACA,4,3,1,0.75
230203,2026,TACNA,CANDARAVE,CAMILACA,3,3,0,1.0
230204,2020,TACNA,CANDARAVE,CURIBAYA,2,1,1,0.5
230204,2021,TACNA,CANDARAVE,CURIBAYA,2,2,0,1.0
230204,2022,TACNA,CANDARAVE,CURIBAYA,1,0,1,0.0
230204,2023,TACNA,CANDARAVE,CURIBAYA,6,1,5,0.16666666666666666
230204,2024,TACNA,CANDARAVE,CURIBAYA,7,5,2,0.7142857142857143
230204,2025,TACNA,CANDARAVE,CURIBAYA,4,1,3,0.25
230204,2026,TACNA,CANDARAVE,CURIBAYA,2,0,2,0.0
230205,2020,TACNA,CANDARAVE,HUANUARA,9,5,4,0.5555555555555556
230205,2021,TACNA,CANDARAVE,HUANUARA,8,4,4,0.5
230205,2022,TACNA,CANDARAVE,HUANUARA,4,3,1,0.75
230205,2023,TACNA,CANDARAVE,HUANUARA,5,2,3,0.4
230205,2024,TACNA,CANDARAVE,HUANUARA,1,0,1,0.0
230205,2025,TACNA,CANDARAVE,HUANUARA,3,2,1,0.6666666666666666
230205,2026,TACNA,CANDARAVE,HUANUARA,4,1,3,0.25
230206,2020,TACNA,CANDARAVE,QUILAHUANI,11,11,0,1.0
230206,2021,TACNA,CANDARAVE,QUILAHUANI,12,11,1,0.9166666666666666
230206,2022,TACNA,CANDARAVE,QUILAHUANI,10,8,2,0.8
230206,2023,TACNA,CANDARAVE,QUILAHUANI,19,9,10,0.47368421052631576
230206,2024,TACNA,CANDARAVE,QUILAHUANI,17,11,6,0.6470588235294118
230206,2025,TACNA,CANDARAVE,QUILAHUANI,15,8,7,0.5333333333333333
230206,2026,TACNA,CANDARAVE,QUILAHUANI,8,3,5,0.375
230301,2020,TACNA,JORGE BASADRE,LOCUMBA,17,5,12,0.29411764705882354
230301,2021,TACNA,JORGE BASADRE,LOCUMBA,34,7,27,0.20588235294117646
230301,2022,TACNA,JORGE BASADRE,LOCUMBA,15,5,10,0.3333333333333333
230301,2023,TACNA,JORGE BASADRE,LOCUMBA,68,14,54,0.20588235294117646
230301,2024,TACNA,JORGE BASADRE,LOCUMBA,77,16,61,0.2077922077922078
230301,2025,TACNA,JORGE BASADRE,LOCUMBA,90,13,77,0.14444444444444443
230301,2026,TACNA,JORGE BASADRE,LOCUMBA,56,7,49,0.125
230302,2020,TACNA,JORGE BASADRE,ILABAYA,30,15,15,0.5
230302,2021,TACNA,JORGE BASADRE,ILABAYA,29,13,16,0.4482758620689655
230302,2022,TACNA,JORGE BASADRE,ILABAYA,30,15,15,0.5
230302,2023,TACNA,JORGE BASADRE,ILABAYA,41,15,26,0.36585365853658536
230302,2024,TACNA,JORGE BASADRE,ILABAYA,51,30,21,0.5882352941176471
230302,2025,TACNA,JORGE BASADRE,ILABAYA,42,16,26,0.38095238095238093
230302,2026,TACNA,JORGE BASADRE,ILABAYA,20,7,13,0.35
230303,2020,TACNA,JORGE BASADRE,ITE,7,1,6,0.14285714285714285
230303,2021,TACNA,JORGE BASADRE,ITE,20,2,18,0.1
230303,2022,TACNA,JORGE BASADRE,ITE,23,0,23,0.0
230303,2023,TACNA,JORGE BASADRE,ITE,55,3,52,0.05454545454545454
230303,2024,TACNA,JORGE BASADRE,ITE,52,0,52,0.0
230303,2025,TACNA,JORGE BASADRE,ITE,52,0,52,0.0
230303,2026,TACNA,JORGE BASADRE,ITE,18,1,17,0.05555555555555555
230401,2020,TACNA,TARATA,TARATA,16,16,0,1.0
230401,2021,TACNA,TARATA,TARATA,9,9,0,1.0
230401,2022,TACNA,TARATA,TARATA,4,4,0,1.0
230401,2023,TACNA,TARATA,TARATA,50,45,5,0.9
230401,2024,TACNA,TARATA,TARATA,62,44,18,0.7096774193548387
230401,2025,TACNA,TARATA,TARATA,68,29,39,0.4264705882352941
230401,2026,TACNA,TARATA,TARATA,48,11,37,0.22916666666666666
230402,2020,TACNA,TARATA,HEROES ALBARRACIN,2,2,0,1.0
230402,2021,TACNA,TARATA,HEROES ALBARRACIN,1,0,1,0.0
230402,2022,TACNA,TARATA,HEROES ALBARRACIN,0,0,0,
230402,2023,TACNA,TARATA,HEROES ALBARRACIN,1,1,0,1.0
230402,2024,TACNA,TARATA,HEROES ALBARRACIN,1,1,0,1.0
230402,2025,TACNA,TARATA,HEROES ALBARRACIN,3,3,0,1.0
230402,2026,TACNA,TARATA,HEROES ALBARRACIN,2,2,0,1.0
230403,2020,TACNA,TARATA,ESTIQUE,2,2,0,1.0
230403,2022,TACNA,TARATA,ESTIQUE,1,1,0,1.0
230403,2023,TACNA,TARATA,ESTIQUE,1,1,0,1.0
230403,2025,TACNA,TARATA,ESTIQUE,2,0,2,0.0
230404,2020,TACNA,TARATA,ESTIQUE PAMPA,0,0,0,
230404,2021,TACNA,TARATA,ESTIQUE PAMPA,1,0,1,0.0
230404,2022,TACNA,TARATA,ESTIQUE PAMPA,0,0,0,
230404,2023,TACNA,TARATA,ESTIQUE PAMPA,3,1,2,0.3333333333333333
230404,2024,TACNA,TARATA,ESTIQUE PAMPA,3,3,0,1.0
230404,2025,TACNA,TARATA,ESTIQUE PAMPA,4,3,1,0.75
230405,2020,TACNA,TARATA,SITAJARA,3,2,1,0.6666666666666666
230405,2022,TACNA,TARATA,SITAJARA,2,2,0,1.0
230405,2023,TACNA,TARATA,SITAJARA,1,1,0,1.0
230405,2024,TACNA,TARATA,SITAJARA,3,3,0,1.0
230405,2025,TACNA,TARATA,SITAJARA,1,1,0,1.0
230406,2020,TACNA,TARATA,SUSAPAYA,1,1,0,1.0
230406,2021,TACNA,TARATA,SUSAPAYA,1,1,0,1.0
230406,2022,TACNA,TARATA,SUSAPAYA,1,1,0,1.0
230406,2023,TACNA,TARATA,SUSAPAYA,2,1,1,0.5
230406,2024,TACNA,TARATA,SUSAPAYA,9,6,3,0.6666666666666666
230406,2025,TACNA,TARATA,SUSAPAYA,7,5,2,0.7142857142857143
230406,2026,TACNA,TARATA,SUSAPAYA,3,1,2,0.3333333333333333
230407,2020,TACNA,TARATA,TARUCACHI,1,1,0,1.0
230407,2021,TACNA,TARATA,TARUCACHI,0,0,0,
230407,2023,TACNA,TARATA,TARUCACHI,6,4,2,0.6666666666666666
230407,2024,TACNA,TARATA,TARUCACHI,9,7,2,0.7777777777777778
230407,2025,TACNA,TARATA,TARUCACHI,10,3,7,0.3
230407,2026,TACNA,TARATA,TARUCACHI,5,2,3,0.4
230408,2020,TACNA,TARATA,TICACO,2,2,0,1.0
230408,2021,TACNA,TARATA,TICACO,0,0,0,
230408,2022,TACNA,TARATA,TICACO,6,5,1,0.8333333333333334
230408,2023,TACNA,TARATA,TICACO,14,14,0,1.0
230408,2024,TACNA,TARATA,TICACO,11,5,6,0.45454545454545453
230408,2025,TACNA,TARATA,TICACO,10,3,7,0.3
230408,2026,TACNA,TARATA,TICACO,2,1,1,0.5
240101,2020,TUMBES,TUMBES,TUMBES,2002,646,1356,0.3226773226773227
240101,2021,TUMBES,TUMBES,TUMBES,1376,273,1103,0.19840116279069767
240101,2022,TUMBES,TUMBES,TUMBES,1119,171,948,0.15281501340482573
240101,2023,TUMBES,TUMBES,TUMBES,2645,144,2501,0.05444234404536862
240101,2024,TUMBES,TUMBES,TUMBES,2715,186,2529,0.06850828729281767
240101,2025,TUMBES,TUMBES,TUMBES,2709,217,2492,0.08010335917312661
240101,2026,TUMBES,TUMBES,TUMBES,1629,162,1467,0.09944751381215469
240102,2020,TUMBES,TUMBES,CORRALES,460,145,315,0.31521739130434784
240102,2021,TUMBES,TUMBES,CORRALES,395,81,314,0.20506329113924052
240102,2022,TUMBES,TUMBES,CORRALES,362,82,280,0.2265193370165746
240102,2023,TUMBES,TUMBES,CORRALES,776,89,687,0.11469072164948453
240102,2024,TUMBES,TUMBES,CORRALES,841,43,798,0.05112960760998811
240102,2025,TUMBES,TUMBES,CORRALES,796,41,755,0.05150753768844221
240102,2026,TUMBES,TUMBES,CORRALES,501,35,466,0.06986027944111776
240103,2020,TUMBES,TUMBES,LA CRUZ,278,54,224,0.19424460431654678
240103,2021,TUMBES,TUMBES,LA CRUZ,332,76,256,0.2289156626506024
240103,2022,TUMBES,TUMBES,LA CRUZ,329,46,283,0.1398176291793313
240103,2023,TUMBES,TUMBES,LA CRUZ,336,36,300,0.10714285714285714
240103,2024,TUMBES,TUMBES,LA CRUZ,329,22,307,0.0668693009118541
240103,2025,TUMBES,TUMBES,LA CRUZ,278,12,266,0.04316546762589928
240103,2026,TUMBES,TUMBES,LA CRUZ,180,19,161,0.10555555555555556
240104,2020,TUMBES,TUMBES,PAMPAS DE HOSPITAL,98,16,82,0.16326530612244897
240104,2021,TUMBES,TUMBES,PAMPAS DE HOSPITAL,51,8,43,0.1568627450980392
240104,2022,TUMBES,TUMBES,PAMPAS DE HOSPITAL,55,6,49,0.10909090909090909
240104,2023,TUMBES,TUMBES,PAMPAS DE HOSPITAL,298,16,282,0.053691275167785234
240104,2024,TUMBES,TUMBES,PAMPAS DE HOSPITAL,299,13,286,0.043478260869565216
240104,2025,TUMBES,TUMBES,PAMPAS DE HOSPITAL,282,16,266,0.05673758865248227
240104,2026,TUMBES,TUMBES,PAMPAS DE HOSPITAL,203,5,198,0.024630541871921183
240105,2020,TUMBES,TUMBES,SAN JACINTO,180,39,141,0.21666666666666667
240105,2021,TUMBES,TUMBES,SAN JACINTO,97,18,79,0.18556701030927836
240105,2022,TUMBES,TUMBES,SAN JACINTO,104,19,85,0.18269230769230768
240105,2023,TUMBES,TUMBES,SAN JACINTO,286,34,252,0.11888111888111888
240105,2024,TUMBES,TUMBES,SAN JACINTO,302,17,285,0.056291390728476824
240105,2025,TUMBES,TUMBES,SAN JACINTO,294,7,287,0.023809523809523808
240105,2026,TUMBES,TUMBES,SAN JACINTO,220,9,211,0.04090909090909091
240106,2020,TUMBES,TUMBES,SAN JUAN DE LA VIRGEN,97,21,76,0.21649484536082475
240106,2021,TUMBES,TUMBES,SAN JUAN DE LA VIRGEN,99,4,95,0.04040404040404041
240106,2022,TUMBES,TUMBES,SAN JUAN DE LA VIRGEN,76,4,72,0.05263157894736842
240106,2023,TUMBES,TUMBES,SAN JUAN DE LA VIRGEN,192,3,189,0.015625
240106,2024,TUMBES,TUMBES,SAN JUAN DE LA VIRGEN,184,4,180,0.021739130434782608
240106,2025,TUMBES,TUMBES,SAN JUAN DE LA VIRGEN,145,4,141,0.027586206896551724
240106,2026,TUMBES,TUMBES,SAN JUAN DE LA VIRGEN,85,1,84,0.011764705882352941
240201,2020,TUMBES,CONTRALMIRANTE VILLAR,ZORRITOS,238,87,151,0.36554621848739494
240201,2021,TUMBES,CONTRALMIRANTE VILLAR,ZORRITOS,271,76,195,0.28044280442804426
240201,2022,TUMBES,CONTRALMIRANTE VILLAR,ZORRITOS,238,55,183,0.23109243697478993
240201,2023,TUMBES,CONTRALMIRANTE VILLAR,ZORRITOS,467,68,399,0.145610278372591
240201,2024,TUMBES,CONTRALMIRANTE VILLAR,ZORRITOS,466,66,400,0.14163090128755365
240201,2025,TUMBES,CONTRALMIRANTE VILLAR,ZORRITOS,426,52,374,0.12206572769953052
240201,2026,TUMBES,CONTRALMIRANTE VILLAR,ZORRITOS,260,27,233,0.10384615384615385
240202,2020,TUMBES,CONTRALMIRANTE VILLAR,CASITAS,59,16,43,0.2711864406779661
240202,2021,TUMBES,CONTRALMIRANTE VILLAR,CASITAS,59,11,48,0.1864406779661017
240202,2022,TUMBES,CONTRALMIRANTE VILLAR,CASITAS,40,11,29,0.275
240202,2023,TUMBES,CONTRALMIRANTE VILLAR,CASITAS,64,11,53,0.171875
240202,2024,TUMBES,CONTRALMIRANTE VILLAR,CASITAS,74,2,72,0.02702702702702703
240202,2025,TUMBES,CONTRALMIRANTE VILLAR,CASITAS,71,4,67,0.056338028169014086
240202,2026,TUMBES,CONTRALMIRANTE VILLAR,CASITAS,54,1,53,0.018518518518518517
240203,2020,TUMBES,CONTRALMIRANTE VILLAR,CANOAS DE PUNTA SAL,202,16,186,0.07920792079207921
240203,2021,TUMBES,CONTRALMIRANTE VILLAR,CANOAS DE PUNTA SAL,250,12,238,0.048
240203,2022,TUMBES,CONTRALMIRANTE VILLAR,CANOAS DE PUNTA SAL,181,8,173,0.04419889502762431
240203,2023,TUMBES,CONTRALMIRANTE VILLAR,CANOAS DE PUNTA SAL,321,35,286,0.10903426791277258
240203,2024,TUMBES,CONTRALMIRANTE VILLAR,CANOAS DE PUNTA SAL,360,8,352,0.022222222222222223
240203,2025,TUMBES,CONTRALMIRANTE VILLAR,CANOAS DE PUNTA SAL,310,7,303,0.02258064516129032
240203,2026,TUMBES,CONTRALMIRANTE VILLAR,CANOAS DE PUNTA SAL,186,5,181,0.026881720430107527
240301,2020,TUMBES,ZARUMILLA,ZARUMILLA,519,209,310,0.4026974951830443
240301,2021,TUMBES,ZARUMILLA,ZARUMILLA,443,50,393,0.11286681715575621
240301,2022,TUMBES,ZARUMILLA,ZARUMILLA,326,87,239,0.2668711656441718
240301,2023,TUMBES,ZARUMILLA,ZARUMILLA,775,109,666,0.1406451612903226
240301,2024,TUMBES,ZARUMILLA,ZARUMILLA,821,108,713,0.1315468940316687
240301,2025,TUMBES,ZARUMILLA,ZARUMILLA,737,91,646,0.12347354138398914
240301,2026,TUMBES,ZARUMILLA,ZARUMILLA,454,73,381,0.16079295154185022
240302,2020,TUMBES,ZARUMILLA,AGUAS VERDES,443,211,232,0.4762979683972912
240302,2021,TUMBES,ZARUMILLA,AGUAS VERDES,440,95,345,0.2159090909090909
240302,2022,TUMBES,ZARUMILLA,AGUAS VERDES,425,88,337,0.20705882352941177
240302,2023,TUMBES,ZARUMILLA,AGUAS VERDES,777,106,671,0.1364221364221364
240302,2024,TUMBES,ZARUMILLA,AGUAS VERDES,707,74,633,0.10466760961810467
240302,2025,TUMBES,ZARUMILLA,AGUAS VERDES,728,70,658,0.09615384615384616
240302,2026,TUMBES,ZARUMILLA,AGUAS VERDES,422,43,379,0.1018957345971564
240303,2020,TUMBES,ZARUMILLA,MATAPALO,129,57,72,0.4418604651162791
240303,2021,TUMBES,ZARUMILLA,MATAPALO,142,32,110,0.22535211267605634
240303,2022,TUMBES,ZARUMILLA,MATAPALO,183,28,155,0.15300546448087432
240303,2023,TUMBES,ZARUMILLA,MATAPALO,229,33,196,0.14410480349344978
240303,2024,TUMBES,ZARUMILLA,MATAPALO,228,27,201,0.11842105263157894
240303,2025,TUMBES,ZARUMILLA,MATAPALO,202,23,179,0.11386138613861387
240303,2026,TUMBES,ZARUMILLA,MATAPALO,128,17,111,0.1328125
240304,2020,TUMBES,ZARUMILLA,PAPAYAL,138,18,120,0.13043478260869565
240304,2021,TUMBES,ZARUMILLA,PAPAYAL,91,23,68,0.25274725274725274
240304,2022,TUMBES,ZARUMILLA,PAPAYAL,134,18,116,0.13432835820895522
240304,2023,TUMBES,ZARUMILLA,PAPAYAL,344,23,321,0.06686046511627906
240304,2024,TUMBES,ZARUMILLA,PAPAYAL,308,11,297,0.03571428571428571
240304,2025,TUMBES,ZARUMILLA,PAPAYAL,245,18,227,0.07346938775510205
240304,2026,TUMBES,ZARUMILLA,PAPAYAL,162,11,151,0.06790123456790123
250101,2020,UCAYALI,CORONEL PORTILLO,CALLERIA,1433,584,849,0.40753663642707605
250101,2021,UCAYALI,CORONEL PORTILLO,CALLERIA,2196,842,1354,0.38342440801457195
250101,2022,UCAYALI,CORONEL PORTILLO,CALLERIA,2363,826,1537,0.3495556495979687
250101,2023,UCAYALI,CORONEL PORTILLO,CALLERIA,5576,1266,4310,0.22704447632711622
250101,2024,UCAYALI,CORONEL PORTILLO,CALLERIA,5725,936,4789,0.1634934497816594
250101,2025,UCAYALI,CORONEL PORTILLO,CALLERIA,5457,987,4470,0.18086860912589334
250101,2026,UCAYALI,CORONEL PORTILLO,CALLERIA,2808,488,2320,0.1737891737891738
250102,2020,UCAYALI,CORONEL PORTILLO,CAMPOVERDE,334,124,210,0.3712574850299401
250102,2021,UCAYALI,CORONEL PORTILLO,CAMPOVERDE,425,122,303,0.28705882352941176
250102,2022,UCAYALI,CORONEL PORTILLO,CAMPOVERDE,418,120,298,0.28708133971291866
250102,2023,UCAYALI,CORONEL PORTILLO,CAMPOVERDE,926,196,730,0.21166306695464362
250102,2024,UCAYALI,CORONEL PORTILLO,CAMPOVERDE,939,86,853,0.09158679446219382
250102,2025,UCAYALI,CORONEL PORTILLO,CAMPOVERDE,918,85,833,0.09259259259259259
250102,2026,UCAYALI,CORONEL PORTILLO,CAMPOVERDE,543,52,491,0.09576427255985268
250103,2020,UCAYALI,CORONEL PORTILLO,IPARIA,133,97,36,0.7293233082706767
250103,2021,UCAYALI,CORONEL PORTILLO,IPARIA,387,183,204,0.4728682170542636
250103,2022,UCAYALI,CORONEL PORTILLO,IPARIA,326,58,268,0.17791411042944785
250103,2023,UCAYALI,CORONEL PORTILLO,IPARIA,913,280,633,0.3066812705366922
250103,2024,UCAYALI,CORONEL PORTILLO,IPARIA,795,187,608,0.23522012578616353
250103,2025,UCAYALI,CORONEL PORTILLO,IPARIA,831,197,634,0.23706377858002406
250103,2026,UCAYALI,CORONEL PORTILLO,IPARIA,429,94,335,0.2191142191142191
250104,2020,UCAYALI,CORONEL PORTILLO,MASISEA,314,133,181,0.42356687898089174
250104,2021,UCAYALI,CORONEL PORTILLO,MASISEA,434,163,271,0.37557603686635943
250104,2022,UCAYALI,CORONEL PORTILLO,MASISEA,357,125,232,0.35014005602240894
250104,2023,UCAYALI,CORONEL PORTILLO,MASISEA,865,262,603,0.30289017341040464
250104,2024,UCAYALI,CORONEL PORTILLO,MASISEA,830,264,566,0.3180722891566265
250104,2025,UCAYALI,CORONEL PORTILLO,MASISEA,810,183,627,0.22592592592592592
250104,2026,UCAYALI,CORONEL PORTILLO,MASISEA,353,77,276,0.21813031161473087
250105,2020,UCAYALI,CORONEL PORTILLO,YARINACOCHA,1216,686,530,0.5641447368421053
250105,2021,UCAYALI,CORONEL PORTILLO,YARINACOCHA,1704,817,887,0.4794600938967136
250105,2022,UCAYALI,CORONEL PORTILLO,YARINACOCHA,2125,1113,1012,0.5237647058823529
250105,2023,UCAYALI,CORONEL PORTILLO,YARINACOCHA,3870,1163,2707,0.30051679586563307
250105,2024,UCAYALI,CORONEL PORTILLO,YARINACOCHA,3669,869,2800,0.23684927773235215
250105,2025,UCAYALI,CORONEL PORTILLO,YARINACOCHA,3572,803,2769,0.2248040313549832
250105,2026,UCAYALI,CORONEL PORTILLO,YARINACOCHA,1987,431,1556,0.21690991444388524
250106,2020,UCAYALI,CORONEL PORTILLO,NUEVA REQUENA,143,65,78,0.45454545454545453
250106,2021,UCAYALI,CORONEL PORTILLO,NUEVA REQUENA,161,74,87,0.45962732919254656
250106,2022,UCAYALI,CORONEL PORTILLO,NUEVA REQUENA,147,48,99,0.32653061224489793
250106,2023,UCAYALI,CORONEL PORTILLO,NUEVA REQUENA,473,106,367,0.22410147991543342
250106,2024,UCAYALI,CORONEL PORTILLO,NUEVA REQUENA,392,86,306,0.2193877551020408
250106,2025,UCAYALI,CORONEL PORTILLO,NUEVA REQUENA,426,79,347,0.18544600938967137
250106,2026,UCAYALI,CORONEL PORTILLO,NUEVA REQUENA,274,43,231,0.15693430656934307
250107,2020,UCAYALI,CORONEL PORTILLO,MANANTAY,1654,856,798,0.5175332527206772
250107,2021,UCAYALI,CORONEL PORTILLO,MANANTAY,1403,616,787,0.4390591589451176
250107,2022,UCAYALI,CORONEL PORTILLO,MANANTAY,1788,582,1206,0.32550335570469796
250107,2023,UCAYALI,CORONEL PORTILLO,MANANTAY,3606,915,2691,0.25374376039933444
250107,2024,UCAYALI,CORONEL PORTILLO,MANANTAY,3739,907,2832,0.24257822947312116
250107,2025,UCAYALI,CORONEL PORTILLO,MANANTAY,3470,597,2873,0.17204610951008645
250107,2026,UCAYALI,CORONEL PORTILLO,MANANTAY,1721,283,1438,0.16443927948866938
250201,2020,UCAYALI,ATALAYA,RAIMONDI,575,284,291,0.49391304347826087
250201,2021,UCAYALI,ATALAYA,RAIMONDI,1285,764,521,0.5945525291828794
250201,2022,UCAYALI,ATALAYA,RAIMONDI,1086,645,441,0.5939226519337016
250201,2023,UCAYALI,ATALAYA,RAIMONDI,1736,693,1043,0.39919354838709675
250201,2024,UCAYALI,ATALAYA,RAIMONDI,1913,410,1503,0.21432305279665448
250201,2025,UCAYALI,ATALAYA,RAIMONDI,2563,513,2050,0.2001560671088568
250201,2026,UCAYALI,ATALAYA,RAIMONDI,1035,246,789,0.23768115942028986
250202,2020,UCAYALI,ATALAYA,SEPAHUA,197,37,160,0.18781725888324874
250202,2021,UCAYALI,ATALAYA,SEPAHUA,292,95,197,0.3253424657534247
250202,2022,UCAYALI,ATALAYA,SEPAHUA,228,54,174,0.23684210526315788
250202,2023,UCAYALI,ATALAYA,SEPAHUA,476,88,388,0.18487394957983194
250202,2024,UCAYALI,ATALAYA,SEPAHUA,503,65,438,0.12922465208747516
250202,2025,UCAYALI,ATALAYA,SEPAHUA,553,44,509,0.07956600361663653
250202,2026,UCAYALI,ATALAYA,SEPAHUA,266,21,245,0.07894736842105263
250203,2020,UCAYALI,ATALAYA,TAHUANIA,154,27,127,0.17532467532467533
250203,2021,UCAYALI,ATALAYA,TAHUANIA,334,60,274,0.17964071856287425
250203,2022,UCAYALI,ATALAYA,TAHUANIA,353,94,259,0.26628895184135976
250203,2023,UCAYALI,ATALAYA,TAHUANIA,616,120,496,0.19480519480519481
250203,2024,UCAYALI,ATALAYA,TAHUANIA,672,26,646,0.03869047619047619
250203,2025,UCAYALI,ATALAYA,TAHUANIA,983,123,860,0.12512716174974567
250203,2026,UCAYALI,ATALAYA,TAHUANIA,426,42,384,0.09859154929577464
250204,2020,UCAYALI,ATALAYA,YURUA,24,18,6,0.75
250204,2021,UCAYALI,ATALAYA,YURUA,70,57,13,0.8142857142857143
250204,2022,UCAYALI,ATALAYA,YURUA,53,34,19,0.6415094339622641
250204,2023,UCAYALI,ATALAYA,YURUA,88,58,30,0.6590909090909091
250204,2024,UCAYALI,ATALAYA,YURUA,141,89,52,0.6312056737588653
250204,2025,UCAYALI,ATALAYA,YURUA,194,65,129,0.33505154639175255
250204,2026,UCAYALI,ATALAYA,YURUA,91,43,48,0.4725274725274725
250301,2020,UCAYALI,PADRE ABAD,PADRE ABAD,537,230,307,0.42830540037243947
250301,2021,UCAYALI,PADRE ABAD,PADRE ABAD,692,173,519,0.25
250301,2022,UCAYALI,PADRE ABAD,PADRE ABAD,544,162,382,0.2977941176470588
250301,2023,UCAYALI,PADRE ABAD,PADRE ABAD,922,286,636,0.31019522776572667
250301,2024,UCAYALI,PADRE ABAD,PADRE ABAD,932,172,760,0.18454935622317598
250301,2025,UCAYALI,PADRE ABAD,PADRE ABAD,1043,118,925,0.11313518696069032
250301,2026,UCAYALI,PADRE ABAD,PADRE ABAD,510,56,454,0.10980392156862745
250302,2020,UCAYALI,PADRE ABAD,IRAZOLA,214,79,135,0.3691588785046729
250302,2021,UCAYALI,PADRE ABAD,IRAZOLA,339,120,219,0.35398230088495575
250302,2022,UCAYALI,PADRE ABAD,IRAZOLA,321,154,167,0.4797507788161994
250302,2023,UCAYALI,PADRE ABAD,IRAZOLA,718,237,481,0.33008356545961004
250302,2024,UCAYALI,PADRE ABAD,IRAZOLA,666,133,533,0.1996996996996997
250302,2025,UCAYALI,PADRE ABAD,IRAZOLA,681,71,610,0.10425844346549193
250302,2026,UCAYALI,PADRE ABAD,IRAZOLA,375,60,315,0.16
250303,2020,UCAYALI,PADRE ABAD,CURIMANA,107,45,62,0.4205607476635514
250303,2021,UCAYALI,PADRE ABAD,CURIMANA,207,88,119,0.4251207729468599
250303,2022,UCAYALI,PADRE ABAD,CURIMANA,167,46,121,0.2754491017964072
250303,2023,UCAYALI,PADRE ABAD,CURIMANA,531,120,411,0.22598870056497175
250303,2024,UCAYALI,PADRE ABAD,CURIMANA,549,81,468,0.14754098360655737
250303,2025,UCAYALI,PADRE ABAD,CURIMANA,553,70,483,0.12658227848101267
250303,2026,UCAYALI,PADRE ABAD,CURIMANA,308,37,271,0.12012987012987013
250304,2020,UCAYALI,PADRE ABAD,NESHUYA,120,60,60,0.5
250304,2021,UCAYALI,PADRE ABAD,NESHUYA,219,116,103,0.5296803652968036
250304,2022,UCAYALI,PADRE ABAD,NESHUYA,199,107,92,0.5376884422110553
250304,2023,UCAYALI,PADRE ABAD,NESHUYA,568,174,394,0.30633802816901406
250304,2024,UCAYALI,PADRE ABAD,NESHUYA,573,113,460,0.19720767888307156
250304,2025,UCAYALI,PADRE ABAD,NESHUYA,620,100,520,0.16129032258064516
250304,2026,UCAYALI,PADRE ABAD,NESHUYA,303,43,260,0.1419141914191419
250305,2020,UCAYALI,PADRE ABAD,ALEXANDER VON HUMBOLDT,34,19,15,0.5588235294117647
250305,2021,UCAYALI,PADRE ABAD,ALEXANDER VON HUMBOLDT,66,15,51,0.22727272727272727
250305,2022,UCAYALI,PADRE ABAD,ALEXANDER VON HUMBOLDT,46,19,27,0.41304347826086957
250305,2023,UCAYALI,PADRE ABAD,ALEXANDER VON HUMBOLDT,143,41,102,0.2867132867132867
250305,2024,UCAYALI,PADRE ABAD,ALEXANDER VON HUMBOLDT,170,20,150,0.11764705882352941
250305,2025,UCAYALI,PADRE ABAD,ALEXANDER VON HUMBOLDT,191,11,180,0.05759162303664921
250305,2026,UCAYALI,PADRE ABAD,ALEXANDER VON HUMBOLDT,88,5,83,0.056818181818181816
250306,2024,UCAYALI,PADRE ABAD,HUIPOCA,138,13,125,0.09420289855072464
250306,2025,UCAYALI,PADRE ABAD,HUIPOCA,155,12,143,0.07741935483870968
250306,2026,UCAYALI,PADRE ABAD,HUIPOCA,87,1,86,0.011494252873563218
250307,2024,UCAYALI,PADRE ABAD,BOQUERON,141,32,109,0.22695035460992907
250307,2025,UCAYALI,PADRE ABAD,BOQUERON,160,32,128,0.2
250307,2026,UCAYALI,PADRE ABAD,BOQUERON,89,22,67,0.24719101123595505
250401,2020,UCAYALI,PURUS,PURUS,33,20,13,0.6060606060606061
250401,2021,UCAYALI,PURUS,PURUS,64,32,32,0.5
250401,2022,UCAYALI,PURUS,PURUS,57,15,42,0.2631578947368421
250401,2023,UCAYALI,PURUS,PURUS,166,40,126,0.24096385542168675
250401,2024,UCAYALI,PURUS,PURUS,155,25,130,0.16129032258064516
250401,2025,UCAYALI,PURUS,PURUS,178,46,132,0.25842696629213485
250401,2026,UCAYALI,PURUS,PURUS,89,24,65,0.2696629213483146
