ubigeo,anio,cluster
010101,2020,4
010102,2020,4
010103,2020,3
010104,2020,4
010105,2020,4
010106,2020,3
010107,2020,4
010108,2020,4
010109,2020,4
010110,2020,3
010111,2020,4
010112,2020,4
010113,2020,4
010114,2020,4
010115,2020,4
010116,2020,4
010117,2020,4
010118,2020,4
010119,2020,4
010120,2020,4
010121,2020,4
010201,2020,2
010202,2020,2
010203,2020,2
010204,2020,2
010205,2020,3
010206,2020,2
010301,2020,4
010302,2020,4
010303,2020,4
010304,2020,4
010305,2020,4
010306,2020,3
010307,2020,4
010308,2020,4
010309,2020,4
010310,2020,4
010311,2020,4
010312,2020,3
010401,2020,3
010402,2020,3
010403,2020,2
010501,2020,4
010502,2020,4
010503,2020,4
010504,2020,4
010505,2020,4
010506,2020,4
010507,2020,4
010508,2020,4
010509,2020,4
010510,2020,4
010511,2020,4
010512,2020,4
010513,2020,4
010514,2020,4
010515,2020,4
010516,2020,4
010517,2020,4
010518,2020,4
010519,2020,4
010520,2020,4
010521,2020,4
010522,2020,4
010523,2020,4
010601,2020,4
010602,2020,4
010603,2020,4
010604,2020,4
010605,2020,4
010606,2020,4
010607,2020,4
010608,2020,4
010609,2020,4
010610,2020,4
010611,2020,4
010612,2020,4
010701,2020,4
010702,2020,3
010703,2020,4
010704,2020,2
010705,2020,4
010706,2020,4
010707,2020,4
020101,2020,0
020102,2020,6
020103,2020,6
020104,2020,6
020105,2020,0
020106,2020,0
020107,2020,6
020108,2020,9
020109,2020,6
020110,2020,6
020111,2020,0
020112,2020,0
020201,2020,6
020202,2020,6
020203,2020,5
020204,2020,6
020205,2020,6
020301,2020,5
020302,2020,5
020303,2020,5
020304,2020,5
020305,2020,5
020306,2020,5
020401,2020,0
020402,2020,0
020501,2020,5
020502,2020,5
020503,2020,6
020504,2020,5
020505,2020,6
020506,2020,6
020507,2020,6
020508,2020,5
020509,2020,5
020510,2020,6
020511,2020,5
020512,2020,6
020513,2020,6
020514,2020,6
020515,2020,6
020601,2020,0
020602,2020,0
020603,2020,0
020604,2020,0
020605,2020,0
020606,2020,0
020607,2020,0
020608,2020,0
020609,2020,0
020610,2020,0
020611,2020,0
020701,2020,5
020702,2020,5
020703,2020,5
020801,2020,6
020802,2020,6
020803,2020,1
020804,2020,6
020901,2020,6
020902,2020,5
020903,2020,6
020904,2020,5
020905,2020,6
020906,2020,6
020907,2020,6
021001,2020,0
021002,2020,5
021003,2020,5
021004,2020,9
021005,2020,5
021006,2020,5
021007,2020,5
021008,2020,0
021009,2020,5
021010,2020,5
021011,2020,5
021012,2020,5
021013,2020,5
021014,2020,5
021015,2020,5
021016,2020,5
021101,2020,6
021102,2020,6
021103,2020,6
021104,2020,6
021105,2020,6
021201,2020,0
021202,2020,6
021203,2020,0
021204,2020,6
021205,2020,0
021206,2020,6
021207,2020,0
021208,2020,6
021209,2020,6
021210,2020,6
021301,2020,5
021302,2020,5
021303,2020,5
021304,2020,5
021305,2020,5
021306,2020,5
021307,2020,5
021308,2020,5
021401,2020,6
021402,2020,6
021403,2020,6
021404,2020,6
021405,2020,6
021406,2020,6
021407,2020,6
021408,2020,6
021409,2020,6
021410,2020,6
021501,2020,6
021502,2020,6
021503,2020,5
021504,2020,4
021505,2020,6
021506,2020,5
021507,2020,6
021508,2020,6
021509,2020,5
021510,2020,6
021511,2020,6
021601,2020,5
021602,2020,5
021603,2020,5
021604,2020,5
021701,2020,9
021702,2020,5
021703,2020,6
021704,2020,6
021705,2020,6
021706,2020,6
021707,2020,5
021708,2020,6
021709,2020,6
021710,2020,9
021801,2020,1
021802,2020,6
021803,2020,1
021804,2020,6
021805,2020,6
021806,2020,6
021807,2020,1
021808,2020,1
021809,2020,1
021901,2020,5
021902,2020,5
021903,2020,5
021904,2020,5
021905,2020,5
021906,2020,5
021907,2020,5
021908,2020,5
021909,2020,5
021910,2020,5
022001,2020,0
022002,2020,6
022003,2020,0
022004,2020,0
022005,2020,6
022006,2020,0
022007,2020,6
022008,2020,0
030101,2020,5
030102,2020,5
030103,2020,5
030104,2020,5
030105,2020,3
030106,2020,5
030107,2020,5
030108,2020,5
030109,2020,5
030201,2020,0
030202,2020,0
030203,2020,5
030204,2020,5
030205,2020,5
030206,2020,5
030207,2020,0
030208,2020,0
030209,2020,0
030210,2020,9
030211,2020,5
030212,2020,5
030213,2020,0
030214,2020,5
030215,2020,0
030216,2020,0
030217,2020,5
030218,2020,0
030219,2020,0
030220,2020,0
030301,2020,8
030302,2020,5
030303,2020,5
030304,2020,8
030305,2020,5
030306,2020,5
030307,2020,5
030401,2020,5
030402,2020,5
030403,2020,5
030404,2020,5
030405,2020,5
030406,2020,9
030407,2020,5
030408,2020,5
030409,2020,5
030410,2020,5
030411,2020,5
030412,2020,9
030413,2020,5
030414,2020,5
030415,2020,5
030416,2020,5
030417,2020,5
030501,2020,5
030502,2020,5
030503,2020,5
030504,2020,9
030505,2020,0
030506,2020,5
030601,2020,5
030602,2020,5
030603,2020,5
030604,2020,5
030605,2020,0
030606,2020,5
030607,2020,5
030608,2020,5
030609,2020,5
030610,2020,5
030611,2020,5
030612,2020,5
030701,2020,5
030702,2020,5
030703,2020,5
030704,2020,5
030705,2020,5
030706,2020,5
030707,2020,5
030708,2020,5
030709,2020,5
030710,2020,5
030711,2020,5
030712,2020,5
030713,2020,5
030714,2020,5
040101,2020,10
040102,2020,10
040103,2020,10
040104,2020,10
040105,2020,10
040106,2020,10
040107,2020,10
040108,2020,8
040109,2020,10
040110,2020,10
040111,2020,10
040112,2020,10
040113,2020,8
040114,2020,8
040115,2020,8
040116,2020,10
040117,2020,10
040118,2020,8
040119,2020,8
040120,2020,8
040121,2020,8
040122,2020,10
040123,2020,10
040124,2020,8
040125,2020,8
040126,2020,10
040127,2020,8
040128,2020,8
040129,2020,10
040201,2020,1
040202,2020,1
040203,2020,8
040204,2020,1
040205,2020,1
040206,2020,8
040207,2020,8
040208,2020,1
040301,2020,8
040302,2020,8
040303,2020,8
040304,2020,8
040305,2020,8
040306,2020,8
040307,2020,8
040308,2020,8
040309,2020,8
040310,2020,8
040311,2020,8
040312,2020,8
040313,2020,8
040401,2020,8
040402,2020,8
040403,2020,8
040404,2020,8
040405,2020,8
040406,2020,8
040407,2020,8
040408,2020,8
040409,2020,8
040410,2020,8
040411,2020,8
040412,2020,8
040413,2020,8
040414,2020,8
040501,2020,8
040502,2020,8
040503,2020,8
040504,2020,9
040505,2020,9
040506,2020,8
040507,2020,8
040508,2020,8
040509,2020,8
040510,2020,8
040511,2020,8
040512,2020,8
040513,2020,8
040514,2020,9
040515,2020,9
040516,2020,8
040517,2020,9
040518,2020,8
040519,2020,8
040520,2020,8
040601,2020,8
040602,2020,8
040603,2020,9
040604,2020,8
040605,2020,8
040606,2020,8
040607,2020,8
040608,2020,8
040701,2020,8
040702,2020,8
040703,2020,1
040704,2020,8
040705,2020,1
040706,2020,8
040801,2020,8
040802,2020,8
040803,2020,6
040804,2020,8
040805,2020,8
040806,2020,9
040807,2020,6
040808,2020,6
040809,2020,6
040810,2020,8
040811,2020,6
050101,2020,0
050102,2020,0
050103,2020,0
050104,2020,0
050105,2020,0
050106,2020,5
050107,2020,0
050108,2020,0
050109,2020,0
050110,2020,10
050111,2020,0
050112,2020,0
050113,2020,0
050114,2020,0
050115,2020,0
050116,2020,10
050201,2020,0
050202,2020,5
050203,2020,0
050204,2020,0
050205,2020,9
050206,2020,5
050301,2020,9
050302,2020,5
050303,2020,5
050304,2020,9
050401,2020,0
050402,2020,5
050403,2020,0
050404,2020,0
050405,2020,0
050406,2020,5
050407,2020,3
050408,2020,3
050409,2020,3
050410,2020,5
050411,2020,3
050412,2020,5
050413,2020,3
050501,2020,0
050502,2020,3
050503,2020,3
050504,2020,0
050505,2020,3
050506,2020,5
050507,2020,3
050508,2020,0
050509,2020,3
050510,2020,3
050511,2020,3
050512,2020,3
050513,2020,3
050514,2020,0
050515,2020,0
050601,2020,8
050602,2020,5
050603,2020,9
050604,2020,9
050605,2020,8
050606,2020,9
050607,2020,6
050608,2020,8
050609,2020,8
050610,2020,8
050611,2020,8
050612,2020,8
050613,2020,8
050614,2020,8
050615,2020,8
050616,2020,8
050617,2020,8
050618,2020,8
050619,2020,8
050620,2020,5
050621,2020,8
050701,2020,9
050702,2020,8
050703,2020,8
050704,2020,8
050705,2020,8
050706,2020,8
050707,2020,6
050708,2020,8
050801,2020,6
050802,2020,6
050803,2020,6
050804,2020,6
050805,2020,6
050806,2020,8
050807,2020,6
050808,2020,6
050809,2020,6
050810,2020,6
050901,2020,5
050902,2020,5
050903,2020,5
050904,2020,5
050905,2020,5
050906,2020,5
050907,2020,5
050908,2020,9
050909,2020,5
050910,2020,5
050911,2020,5
051001,2020,5
051002,2020,5
051003,2020,5
051004,2020,5
051005,2020,5
051006,2020,5
051007,2020,5
051008,2020,5
051009,2020,5
051010,2020,5
051011,2020,5
051012,2020,5
051101,2020,5
051102,2020,5
051103,2020,5
051104,2020,5
051105,2020,5
051106,2020,5
051107,2020,5
051108,2020,0
060101,2020,0
060102,2020,0
060103,2020,0
060104,2020,0
060105,2020,0
060106,2020,0
060107,2020,0
060108,2020,0
060109,2020,0
060110,2020,0
060111,2020,0
060112,2020,0
060201,2020,0
060202,2020,0
060203,2020,0
060204,2020,0
060301,2020,0
060302,2020,3
060303,2020,4
060304,2020,0
060305,2020,4
060306,2020,4
060307,2020,0
060308,2020,0
060309,2020,0
060310,2020,0
060311,2020,3
060312,2020,0
060401,2020,0
060402,2020,4
060403,2020,0
060404,2020,4
060405,2020,4
060406,2020,4
060407,2020,4
060408,2020,4
060409,2020,4
060410,2020,4
060411,2020,4
060412,2020,4
060413,2020,0
060414,2020,4
060415,2020,4
060416,2020,4
060417,2020,4
060418,2020,2
060419,2020,0
060501,2020,4
060502,2020,4
060503,2020,1
060504,2020,4
060505,2020,1
060506,2020,4
060507,2020,4
060508,2020,1
060601,2020,4
060602,2020,4
060603,2020,4
060604,2020,4
060605,2020,4
060606,2020,4
060607,2020,4
060608,2020,4
060609,2020,4
060610,2020,4
060611,2020,4
060612,2020,4
060613,2020,4
060614,2020,4
060615,2020,4
060701,2020,0
060702,2020,0
060703,2020,0
060801,2020,3
060802,2020,3
060803,2020,3
060804,2020,4
060805,2020,3
060806,2020,3
060807,2020,3
060808,2020,3
060809,2020,3
060810,2020,3
060811,2020,3
060812,2020,2
060901,2020,3
060902,2020,3
060903,2020,3
060904,2020,3
060905,2020,3
060906,2020,3
060907,2020,3
061001,2020,0
061002,2020,0
061003,2020,0
061004,2020,0
061005,2020,0
061006,2020,0
061007,2020,0
061101,2020,4
061102,2020,4
061103,2020,4
061104,2020,0
061105,2020,4
061106,2020,4
061107,2020,4
061108,2020,1
061109,2020,4
061110,2020,1
061111,2020,4
061112,2020,4
061113,2020,4
061201,2020,4
061202,2020,4
061203,2020,4
061204,2020,0
061301,2020,4
061302,2020,4
061303,2020,4
061304,2020,4
061305,2020,4
061306,2020,4
061307,2020,4
061308,2020,4
061309,2020,4
061310,2020,4
061311,2020,4
070101,2020,1
070102,2020,1
070103,2020,1
070104,2020,1
070105,2020,1
070106,2020,1
070107,2020,1
080101,2020,0
080102,2020,0
080103,2020,0
080104,2020,0
080105,2020,0
080106,2020,0
080107,2020,0
080108,2020,10
080201,2020,0
080202,2020,0
080203,2020,0
080204,2020,0
080205,2020,0
080206,2020,0
080207,2020,0
080301,2020,0
080302,2020,0
080303,2020,0
080304,2020,0
080305,2020,0
080306,2020,0
080307,2020,0
080308,2020,0
080309,2020,0
080401,2020,0
080402,2020,0
080403,2020,0
080404,2020,0
080405,2020,0
080406,2020,0
080407,2020,0
080408,2020,3
080501,2020,9
080502,2020,9
080503,2020,9
080504,2020,9
080505,2020,9
080506,2020,0
080507,2020,9
080508,2020,9
080601,2020,9
080602,2020,9
080603,2020,0
080604,2020,9
080605,2020,9
080606,2020,9
080607,2020,0
080608,2020,0
080701,2020,9
080702,2020,0
080703,2020,9
080704,2020,0
080705,2020,9
080706,2020,9
080707,2020,0
080708,2020,9
080801,2020,9
080802,2020,9
080803,2020,9
080804,2020,9
080805,2020,9
080806,2020,9
080807,2020,9
080808,2020,9
080901,2020,1
080902,2020,3
080903,2020,3
080904,2020,3
080905,2020,3
080906,2020,3
080907,2020,3
080908,2020,3
080909,2020,3
080910,2020,3
080911,2020,3
080912,2020,3
080913,2020,3
080914,2020,2
080915,2020,3
080916,2020,3
080917,2020,3
080918,2020,3
081001,2020,0
081002,2020,5
081003,2020,5
081004,2020,5
081005,2020,0
081006,2020,0
081007,2020,0
081008,2020,5
081009,2020,0
081101,2020,0
081102,2020,0
081103,2020,3
081104,2020,0
081105,2020,0
081106,2020,3
081201,2020,0
081202,2020,0
081203,2020,3
081204,2020,0
081205,2020,0
081206,2020,9
081207,2020,0
081208,2020,0
081209,2020,3
081210,2020,9
081211,2020,0
081212,2020,0
081301,2020,0
081302,2020,0
081303,2020,0
081304,2020,0
081305,2020,0
081306,2020,0
081307,2020,0
090101,2020,9
090102,2020,6
090103,2020,5
090104,2020,5
090105,2020,5
090106,2020,9
090107,2020,5
090108,2020,5
090109,2020,5
090110,2020,5
090111,2020,5
090112,2020,5
090113,2020,5
090114,2020,5
090115,2020,5
090116,2020,5
090117,2020,0
090118,2020,5
090119,2020,5
090201,2020,0
090202,2020,0
090203,2020,0
090204,2020,0
090205,2020,0
090206,2020,0
090207,2020,0
090208,2020,0
090301,2020,5
090302,2020,0
090303,2020,0
090304,2020,5
090305,2020,0
090306,2020,0
090307,2020,0
090308,2020,5
090309,2020,0
090310,2020,0
090311,2020,0
090312,2020,0
090401,2020,6
090402,2020,6
090403,2020,6
090404,2020,6
090405,2020,6
090406,2020,6
090407,2020,6
090408,2020,6
090409,2020,6
090410,2020,6
090411,2020,9
090412,2020,6
090413,2020,6
090501,2020,5
090502,2020,5
090503,2020,5
090504,2020,0
090505,2020,5
090506,2020,5
090507,2020,5
090508,2020,5
090509,2020,5
090510,2020,5
090511,2020,5
090601,2020,6
090602,2020,6
090603,2020,6
090604,2020,6
090605,2020,6
090606,2020,6
090607,2020,9
090608,2020,8
090609,2020,6
090610,2020,6
090611,2020,6
090612,2020,6
090613,2020,6
090614,2020,8
090615,2020,6
090616,2020,6
090701,2020,0
090702,2020,5
090703,2020,5
090704,2020,5
090705,2020,0
090706,2020,0
090707,2020,3
090709,2020,5
090710,2020,5
090711,2020,5
090713,2020,5
090714,2020,5
090715,2020,5
090716,2020,5
090717,2020,3
090718,2020,3
090719,2020,0
090720,2020,3
090721,2020,3
090722,2020,5
090723,2020,0
090724,2020,3
090725,2020,3
100101,2020,0
100102,2020,0
100103,2020,3
100104,2020,3
100105,2020,5
100106,2020,5
100107,2020,0
100108,2020,5
100109,2020,5
100110,2020,5
100111,2020,0
100112,2020,5
100113,2020,3
100201,2020,5
100202,2020,5
100203,2020,5
100204,2020,5
100205,2020,5
100206,2020,5
100207,2020,5
100208,2020,5
100301,2020,5
100307,2020,5
100311,2020,5
100313,2020,5
100316,2020,5
100317,2020,5
100321,2020,5
100322,2020,5
100323,2020,5
100401,2020,3
100402,2020,5
100403,2020,3
100404,2020,5
100501,2020,5
100502,2020,5
100503,2020,5
100504,2020,5
100505,2020,5
100506,2020,5
100507,2020,3
100508,2020,5
100509,2020,5
100510,2020,5
100511,2020,5
100601,2020,3
100602,2020,3
100603,2020,2
100604,2020,3
100605,2020,2
100606,2020,3
100607,2020,2
100608,2020,2
100609,2020,2
100610,2020,2
100701,2020,5
100702,2020,3
100703,2020,5
100704,2020,3
100705,2020,3
100801,2020,3
100802,2020,3
100803,2020,3
100804,2020,3
100901,2020,2
100902,2020,3
100903,2020,2
100904,2020,2
100905,2020,2
101001,2020,5
101002,2020,5
101003,2020,5
101004,2020,5
101005,2020,5
101006,2020,5
101007,2020,5
101101,2020,5
101102,2020,5
101103,2020,5
101104,2020,5
101105,2020,5
101106,2020,5
101107,2020,5
101108,2020,5
110101,2020,1
110102,2020,1
110103,2020,1
110104,2020,8
110105,2020,1
110106,2020,1
110107,2020,1
110108,2020,1
110109,2020,1
110110,2020,1
110111,2020,8
110112,2020,1
110113,2020,1
110114,2020,1
110201,2020,1
110202,2020,1
110203,2020,6
110204,2020,1
110205,2020,1
110206,2020,1
110207,2020,1
110208,2020,6
110209,2020,6
110210,2020,1
110211,2020,1
110301,2020,8
110302,2020,8
110303,2020,8
110304,2020,8
110305,2020,8
110401,2020,8
110402,2020,8
110403,2020,8
110404,2020,8
110405,2020,8
110501,2020,1
110502,2020,6
110503,2020,1
110504,2020,1
110505,2020,1
110506,2020,1
110507,2020,1
110508,2020,1
120101,2020,10
120104,2020,5
120105,2020,5
120106,2020,10
120107,2020,10
120108,2020,9
120111,2020,10
120112,2020,5
120113,2020,0
120114,2020,10
120116,2020,10
120117,2020,10
120119,2020,10
120120,2020,9
120121,2020,10
120122,2020,10
120124,2020,3
120125,2020,10
120126,2020,0
120127,2020,10
120128,2020,10
120129,2020,10
120130,2020,10
120132,2020,10
120133,2020,10
120134,2020,10
120135,2020,3
120136,2020,10
120201,2020,10
120202,2020,10
120203,2020,3
120204,2020,10
120205,2020,5
120206,2020,3
120207,2020,10
120208,2020,10
120209,2020,3
120210,2020,10
120211,2020,10
120212,2020,10
120213,2020,10
120214,2020,10
120215,2020,10
120301,2020,3
120302,2020,3
120303,2020,3
120304,2020,3
120305,2020,3
120306,2020,3
120401,2020,10
120402,2020,10
120403,2020,10
120404,2020,10
120405,2020,9
120406,2020,10
120407,2020,10
120408,2020,10
120409,2020,10
120410,2020,10
120411,2020,10
120412,2020,10
120413,2020,10
120414,2020,10
120415,2020,10
120416,2020,10
120417,2020,10
120418,2020,10
120419,2020,3
120420,2020,10
120421,2020,10
120422,2020,10
120423,2020,10
120424,2020,10
120425,2020,10
120426,2020,10
120427,2020,0
120428,2020,10
120429,2020,10
120430,2020,10
120431,2020,10
120432,2020,10
120433,2020,10
120434,2020,10
120501,2020,9
120502,2020,9
120503,2020,9
120504,2020,3
120601,2020,3
120602,2020,3
120603,2020,3
120604,2020,3
120605,2020,3
120606,2020,3
120607,2020,3
120608,2020,3
120609,2020,3
120701,2020,0
120702,2020,5
120703,2020,0
120704,2020,5
120705,2020,5
120706,2020,3
120707,2020,5
120708,2020,5
120709,2020,5
120801,2020,9
120802,2020,9
120803,2020,9
120804,2020,9
120805,2020,9
120806,2020,9
120807,2020,9
120808,2020,9
120809,2020,9
120810,2020,9
120901,2020,10
120902,2020,10
120903,2020,10
120904,2020,10
120905,2020,10
120906,2020,10
120907,2020,10
120908,2020,10
120909,2020,10
130101,2020,1
130102,2020,1
130103,2020,1
130104,2020,1
130105,2020,1
130106,2020,1
130107,2020,1
130108,2020,6
130109,2020,1
130110,2020,6
130111,2020,1
130201,2020,1
130202,2020,1
130203,2020,1
130204,2020,1
130205,2020,1
130206,2020,1
130207,2020,1
130208,2020,1
130301,2020,3
130302,2020,3
130303,2020,3
130304,2020,3
130305,2020,3
130306,2020,3
130401,2020,1
130402,2020,1
130403,2020,1
130501,2020,0
130502,2020,0
130503,2020,0
130504,2020,0
130601,2020,0
130602,2020,0
130604,2020,0
130605,2020,0
130606,2020,6
130608,2020,0
130610,2020,6
130611,2020,0
130613,2020,6
130614,2020,0
130701,2020,1
130702,2020,1
130703,2020,1
130704,2020,1
130705,2020,1
130801,2020,3
130802,2020,3
130803,2020,5
130804,2020,5
130805,2020,3
130806,2020,5
130807,2020,3
130808,2020,3
130809,2020,3
130810,2020,3
130811,2020,5
130812,2020,5
130813,2020,5
130901,2020,0
130902,2020,0
130903,2020,3
130904,2020,0
130905,2020,0
130906,2020,0
130907,2020,0
130908,2020,3
131001,2020,6
131002,2020,6
131003,2020,0
131004,2020,5
131005,2020,5
131006,2020,0
131007,2020,6
131008,2020,5
131101,2020,6
131102,2020,0
131103,2020,6
131104,2020,0
131201,2020,1
131202,2020,6
131203,2020,1
140101,2020,1
140102,2020,2
140103,2020,1
140104,2020,1
140105,2020,1
140106,2020,1
140107,2020,1
140108,2020,1
140109,2020,1
140110,2020,4
140111,2020,1
140112,2020,1
140113,2020,1
140114,2020,1
140115,2020,1
140116,2020,1
140117,2020,1
140118,2020,1
140119,2020,1
140120,2020,1
140201,2020,1
140202,2020,3
140203,2020,2
140204,2020,1
140205,2020,2
140206,2020,1
140301,2020,1
140302,2020,2
140303,2020,1
140304,2020,2
140305,2020,1
140306,2020,1
140307,2020,2
140308,2020,2
140309,2020,1
140310,2020,3
140311,2020,1
140312,2020,1
150101,2020,1
150102,2020,1
150103,2020,1
150104,2020,1
150105,2020,1
150106,2020,1
150107,2020,1
150108,2020,1
150109,2020,1
150110,2020,1
150111,2020,1
150112,2020,1
150113,2020,1
150114,2020,1
150115,2020,1
150116,2020,1
150117,2020,1
150118,2020,1
150119,2020,1
150120,2020,1
150121,2020,1
150122,2020,1
150123,2020,1
150124,2020,1
150125,2020,1
150126,2020,6
150127,2020,6
150128,2020,1
150129,2020,1
150130,2020,1
150131,2020,1
150132,2020,1
150133,2020,1
150134,2020,1
150135,2020,1
150136,2020,1
150137,2020,1
150138,2020,1
150139,2020,1
150140,2020,1
150141,2020,1
150142,2020,1
150143,2020,1
150201,2020,1
150202,2020,6
150203,2020,1
150204,2020,1
150205,2020,1
150301,2020,6
150302,2020,6
150303,2020,6
150304,2020,6
150305,2020,6
150401,2020,6
150402,2020,6
150403,2020,6
150404,2020,6
150405,2020,6
150406,2020,6
150407,2020,6
150501,2020,1
150502,2020,1
150503,2020,6
150504,2020,1
150505,2020,1
150506,2020,6
150507,2020,1
150508,2020,6
150509,2020,1
150510,2020,1
150511,2020,6
150512,2020,1
150513,2020,1
150514,2020,1
150515,2020,1
150516,2020,6
150601,2020,1
150602,2020,6
150603,2020,6
150604,2020,1
150605,2020,1
150606,2020,6
150607,2020,6
150608,2020,6
150609,2020,6
150610,2020,9
150611,2020,6
150612,2020,6
150701,2020,6
150702,2020,6
150703,2020,6
150704,2020,6
150705,2020,9
150706,2020,6
150707,2020,6
150708,2020,9
150709,2020,6
150710,2020,6
150711,2020,6
150712,2020,6
150713,2020,6
150714,2020,6
150715,2020,6
150716,2020,6
150717,2020,6
150718,2020,6
150719,2020,6
150720,2020,6
150721,2020,6
150722,2020,6
150723,2020,6
150724,2020,6
150725,2020,6
150726,2020,6
150727,2020,6
150728,2020,6
150729,2020,6
150730,2020,6
150731,2020,6
150732,2020,6
150801,2020,1
150802,2020,6
150803,2020,1
150804,2020,6
150805,2020,1
150806,2020,1
150807,2020,6
150808,2020,6
150809,2020,6
150810,2020,1
150811,2020,6
150812,2020,1
150901,2020,6
150902,2020,6
150903,2020,6
150904,2020,6
150905,2020,6
150906,2020,6
151001,2020,6
151002,2020,6
151003,2020,6
151004,2020,6
151005,2020,6
151006,2020,6
151007,2020,6
151008,2020,6
151009,2020,6
151010,2020,6
151011,2020,6
151012,2020,6
151013,2020,6
151014,2020,6
151015,2020,6
151016,2020,6
151017,2020,6
151018,2020,6
151019,2020,6
151020,2020,6
151021,2020,6
151022,2020,6
151023,2020,6
151024,2020,6
151025,2020,6
151026,2020,6
151027,2020,6
151028,2020,6
151029,2020,6
151030,2020,9
151031,2020,6
151032,2020,6
151033,2020,6
160101,2020,2
160102,2020,2
160103,2020,2
160104,2020,2
160105,2020,2
160106,2020,2
160107,2020,2
160108,2020,2
160110,2020,2
160112,2020,2
160113,2020,2
160201,2020,2
160202,2020,2
160205,2020,2
160206,2020,2
160210,2020,2
160211,2020,2
160301,2020,2
160302,2020,2
160303,2020,2
160304,2020,2
160305,2020,2
160401,2020,2
160402,2020,2
160403,2020,2
160404,2020,2
160501,2020,2
160502,2020,2
160503,2020,2
160504,2020,2
160505,2020,2
160506,2020,2
160507,2020,2
160508,2020,2
160509,2020,2
160510,2020,2
160511,2020,2
160601,2020,2
160602,2020,2
160603,2020,2
160604,2020,2
160605,2020,2
160606,2020,2
160701,2020,2
160702,2020,2
160703,2020,2
160704,2020,2
160705,2020,2
160706,2020,2
160801,2020,2
160802,2020,2
160803,2020,2
160804,2020,2
170101,2020,2
170102,2020,3
170103,2020,2
170104,2020,2
170201,2020,3
170202,2020,2
170203,2020,2
170204,2020,3
170301,2020,2
170302,2020,2
170303,2020,2
180101,2020,8
180102,2020,8
180103,2020,8
180104,2020,8
180105,2020,8
180106,2020,8
180201,2020,8
180202,2020,8
180203,2020,8
180204,2020,9
180205,2020,8
180206,2020,8
180207,2020,8
180208,2020,8
180209,2020,8
180210,2020,8
180211,2020,8
180301,2020,8
180302,2020,8
180303,2020,8
190101,2020,9
190102,2020,3
190103,2020,5
190104,2020,9
190105,2020,9
190106,2020,5
190107,2020,3
190108,2020,5
190109,2020,9
190110,2020,5
190111,2020,9
190112,2020,9
190113,2020,9
190201,2020,5
190202,2020,5
190203,2020,5
190204,2020,5
190205,2020,5
190206,2020,5
190207,2020,5
190208,2020,5
190301,2020,3
190302,2020,3
190303,2020,3
190304,2020,3
190305,2020,3
190306,2020,3
190307,2020,3
190308,2020,2
200101,2020,1
200104,2020,1
200105,2020,1
200107,2020,1
200108,2020,1
200109,2020,1
200110,2020,1
200111,2020,2
200114,2020,2
200115,2020,1
200201,2020,4
200202,2020,2
200203,2020,4
200204,2020,4
200205,2020,4
200206,2020,4
200207,2020,2
200208,2020,2
200209,2020,4
200210,2020,2
200301,2020,3
200302,2020,4
200303,2020,3
200304,2020,3
200305,2020,4
200306,2020,3
200307,2020,3
200308,2020,3
200401,2020,2
200402,2020,2
200403,2020,4
200404,2020,2
200405,2020,2
200406,2020,2
200407,2020,4
200408,2020,4
200409,2020,4
200410,2020,4
200501,2020,1
200502,2020,1
200503,2020,1
200504,2020,1
200505,2020,1
200506,2020,1
200507,2020,1
200601,2020,2
200602,2020,10
200603,2020,1
200604,2020,2
200605,2020,2
200606,2020,1
200607,2020,2
200608,2020,2
200701,2020,1
200702,2020,2
200703,2020,1
200704,2020,1
200705,2020,2
200706,2020,2
200801,2020,1
200802,2020,1
200803,2020,1
200804,2020,1
200805,2020,1
200806,2020,1
210101,2020,10
210102,2020,10
210103,2020,0
210104,2020,10
210105,2020,10
210106,2020,10
210107,2020,10
210108,2020,10
210109,2020,9
210110,2020,10
210111,2020,9
210112,2020,10
210113,2020,9
210114,2020,10
210115,2020,10
210201,2020,10
210202,2020,10
210203,2020,10
210204,2020,9
210205,2020,10
210206,2020,10
210207,2020,10
210208,2020,9
210209,2020,9
210210,2020,10
210211,2020,9
210212,2020,9
210213,2020,10
210214,2020,10
210215,2020,10
210301,2020,9
210302,2020,9
210303,2020,3
210304,2020,9
210305,2020,9
210306,2020,9
210307,2020,9
210308,2020,3
210309,2020,3
210310,2020,9
210401,2020,10
210402,2020,10
210403,2020,10
210404,2020,10
210405,2020,10
210406,2020,10
210407,2020,10
210501,2020,10
210502,2020,8
210503,2020,10
210504,2020,8
210505,2020,10
210601,2020,10
210602,2020,9
210603,2020,10
210604,2020,10
210605,2020,10
210606,2020,9
210607,2020,10
210608,2020,10
210701,2020,9
210702,2020,9
210703,2020,10
210704,2020,10
210705,2020,9
210706,2020,9
210707,2020,9
210708,2020,10
210709,2020,9
210710,2020,9
210801,2020,9
210802,2020,9
210803,2020,9
210804,2020,9
210805,2020,9
210806,2020,9
210807,2020,9
210808,2020,9
210809,2020,9
210901,2020,10
210902,2020,10
210903,2020,9
210904,2020,10
211001,2020,9
211002,2020,9
211003,2020,10
211004,2020,9
211005,2020,9
211101,2020,10
211102,2020,10
211103,2020,9
211104,2020,10
211105,2020,10
211201,2020,3
211202,2020,9
211203,2020,3
211204,2020,3
211205,2020,3
211206,2020,3
211207,2020,3
211208,2020,3
211209,2020,3
211210,2020,3
211301,2020,10
211302,2020,2
211303,2020,10
211304,2020,10
211305,2020,10
211306,2020,10
211307,2020,10
220101,2020,2
220102,2020,2
220103,2020,2
220104,2020,2
220105,2020,2
220106,2020,2
220201,2020,2
220202,2020,2
220203,2020,2
220204,2020,2
220205,2020,2
220206,2020,2
220301,2020,2
220302,2020,2
220303,2020,2
220304,2020,2
220305,2020,2
220401,2020,2
220402,2020,2
220403,2020,2
220404,2020,2
220405,2020,2
220406,2020,2
220501,2020,2
220502,2020,2
220503,2020,2
220504,2020,2
220505,2020,2
220506,2020,2
220507,2020,2
220508,2020,2
220509,2020,2
220510,2020,2
220511,2020,2
220601,2020,2
220602,2020,3
220603,2020,3
220604,2020,2
220605,2020,2
220701,2020,2
220702,2020,2
220703,2020,2
220704,2020,2
220705,2020,2
220706,2020,2
220707,2020,2
220708,2020,2
220709,2020,2
220710,2020,2
220801,2020,2
220802,2020,2
220803,2020,2
220804,2020,2
220805,2020,2
220806,2020,2
220807,2020,2
220808,2020,2
220809,2020,2
220901,2020,2
220902,2020,2
220903,2020,2
220904,2020,2
220905,2020,2
220906,2020,2
220907,2020,2
220908,2020,2
220909,2020,2
220910,2020,2
220911,2020,2
220912,2020,2
220913,2020,2
220914,2020,2
221001,2020,3
221002,2020,3
221003,2020,3
221004,2020,3
221005,2020,3
221006,2020,2
230101,2020,8
230102,2020,8
230103,2020,8
230104,2020,8
230105,2020,8
230106,2020,8
230107,2020,8
230108,2020,8
230109,2020,8
230110,2020,1
230111,2020,1
230201,2020,8
230202,2020,8
230203,2020,8
230204,2020,8
230205,2020,8
230206,2020,8
230301,2020,8
230302,2020,8
230303,2020,8
230401,2020,8
230402,2020,8
230403,2020,8
230404,2020,8
230405,2020,8
230406,2020,8
230407,2020,8
230408,2020,8
240101,2020,2
240102,2020,2
240103,2020,2
240104,2020,2
240105,2020,2
240106,2020,2
240201,2020,2
240202,2020,2
240203,2020,2
240301,2020,2
240302,2020,2
240303,2020,2
240304,2020,2
250101,2020,2
250102,2020,2
250103,2020,2
250104,2020,2
250105,2020,2
250106,2020,2
250107,2020,2
250201,2020,2
250202,2020,2
250203,2020,2
250204,2020,2
250301,2020,2
250302,2020,2
250303,2020,2
250304,2020,2
250305,2020,2
250306,2020,2
250307,2020,2
250401,2020,2
010101,2021,4
010102,2021,4
010103,2021,3
010104,2021,4
010105,2021,4
010106,2021,3
010107,2021,4
010108,2021,4
010109,2021,4
010110,2021,3
010111,2021,4
010112,2021,4
010113,2021,4
010114,2021,4
010115,2021,4
010116,2021,4
010117,2021,4
010118,2021,4
010119,2021,4
010120,2021,4
010121,2021,4
010201,2021,2
010202,2021,3
010203,2021,2
010204,2021,2
010205,2021,3
010206,2021,2
010301,2021,4
010302,2021,4
010303,2021,4
010304,2021,4
010305,2021,4
010306,2021,3
010307,2021,4
010308,2021,4
010309,2021,4
010310,2021,4
010311,2021,4
010312,2021,3
010401,2021,3
010402,2021,3
010403,2021,2
010501,2021,4
010502,2021,4
010503,2021,4
010504,2021,4
010505,2021,4
010506,2021,4
010507,2021,4
010508,2021,4
010509,2021,4
010510,2021,4
010511,2021,4
010512,2021,4
010513,2021,4
010514,2021,4
010515,2021,4
010516,2021,4
010517,2021,4
010518,2021,4
010519,2021,4
010520,2021,4
010521,2021,4
010522,2021,4
010523,2021,4
010601,2021,4
010602,2021,4
010603,2021,4
010604,2021,4
010605,2021,4
010606,2021,4
010607,2021,4
010608,2021,4
010609,2021,4
010610,2021,4
010611,2021,4
010612,2021,4
010701,2021,2
010702,2021,3
010703,2021,4
010704,2021,2
010705,2021,4
010706,2021,4
010707,2021,4
020101,2021,9
020102,2021,6
020103,2021,6
020104,2021,6
020105,2021,0
020106,2021,0
020107,2021,6
020108,2021,9
020109,2021,6
020110,2021,6
020111,2021,0
020112,2021,0
020201,2021,5
020202,2021,6
020203,2021,5
020204,2021,5
020205,2021,6
020301,2021,5
020302,2021,5
020303,2021,5
020304,2021,5
020305,2021,5
020306,2021,5
020401,2021,0
020402,2021,0
020501,2021,5
020502,2021,5
020503,2021,6
020504,2021,5
020505,2021,6
020506,2021,6
020507,2021,6
020508,2021,5
020509,2021,5
020510,2021,6
020511,2021,6
020512,2021,6
020513,2021,6
020514,2021,6
020515,2021,6
020601,2021,0
020602,2021,0
020603,2021,0
020604,2021,0
020605,2021,0
020606,2021,0
020607,2021,0
020608,2021,0
020609,2021,0
020610,2021,0
020611,2021,0
020701,2021,0
020702,2021,5
020703,2021,5
020801,2021,6
020802,2021,6
020803,2021,1
020804,2021,6
020901,2021,6
020902,2021,5
020903,2021,6
020904,2021,5
020905,2021,6
020906,2021,6
020907,2021,6
021001,2021,0
021002,2021,5
021003,2021,5
021004,2021,9
021005,2021,5
021006,2021,5
021007,2021,5
021008,2021,0
021009,2021,5
021010,2021,5
021011,2021,5
021012,2021,5
021013,2021,5
021014,2021,5
021015,2021,5
021016,2021,5
021101,2021,6
021102,2021,6
021103,2021,6
021104,2021,6
021105,2021,6
021201,2021,0
021202,2021,6
021203,2021,0
021204,2021,6
021205,2021,0
021206,2021,6
021207,2021,0
021208,2021,0
021209,2021,6
021210,2021,6
021301,2021,5
021302,2021,5
021303,2021,5
021304,2021,5
021305,2021,5
021306,2021,5
021307,2021,5
021308,2021,5
021401,2021,6
021402,2021,6
021403,2021,6
021404,2021,6
021405,2021,6
021406,2021,6
021407,2021,6
021408,2021,6
021409,2021,6
021410,2021,6
021501,2021,6
021502,2021,6
021503,2021,5
021504,2021,3
021505,2021,6
021506,2021,6
021507,2021,6
021508,2021,6
021509,2021,5
021510,2021,6
021511,2021,6
021601,2021,5
021602,2021,5
021603,2021,5
021604,2021,5
021701,2021,9
021702,2021,5
021703,2021,6
021704,2021,6
021705,2021,6
021706,2021,5
021707,2021,5
021708,2021,6
021709,2021,6
021710,2021,9
021801,2021,1
021802,2021,6
021803,2021,1
021804,2021,6
021805,2021,6
021806,2021,6
021807,2021,1
021808,2021,1
021809,2021,1
021901,2021,5
021902,2021,5
021903,2021,5
021904,2021,5
021905,2021,5
021906,2021,5
021907,2021,5
021908,2021,5
021909,2021,5
021910,2021,5
022001,2021,0
022002,2021,6
022003,2021,0
022004,2021,0
022005,2021,6
022006,2021,0
022007,2021,6
022008,2021,0
030101,2021,5
030102,2021,5
030103,2021,5
030104,2021,5
030105,2021,3
030106,2021,5
030107,2021,5
030108,2021,5
030109,2021,5
030201,2021,0
030202,2021,0
030203,2021,5
030204,2021,5
030205,2021,5
030206,2021,5
030207,2021,5
030208,2021,3
030209,2021,0
030210,2021,9
030211,2021,5
030212,2021,5
030213,2021,5
030214,2021,5
030215,2021,0
030216,2021,0
030217,2021,5
030218,2021,0
030219,2021,0
030220,2021,0
030301,2021,8
030302,2021,5
030303,2021,5
030304,2021,8
030305,2021,9
030306,2021,5
030307,2021,5
030401,2021,5
030402,2021,5
030403,2021,5
030404,2021,5
030405,2021,5
030406,2021,9
030407,2021,5
030408,2021,5
030409,2021,5
030410,2021,5
030411,2021,5
030412,2021,9
030413,2021,5
030414,2021,5
030415,2021,5
030416,2021,5
030417,2021,5
030501,2021,5
030502,2021,5
030503,2021,5
030504,2021,9
030505,2021,5
030506,2021,5
030601,2021,5
030602,2021,5
030603,2021,5
030604,2021,5
030605,2021,0
030606,2021,5
030607,2021,5
030608,2021,5
030609,2021,5
030610,2021,5
030611,2021,5
030612,2021,5
030701,2021,5
030702,2021,5
030703,2021,5
030704,2021,5
030705,2021,5
030706,2021,5
030707,2021,5
030708,2021,5
030709,2021,5
030710,2021,5
030711,2021,5
030712,2021,5
030713,2021,5
030714,2021,5
040101,2021,10
040102,2021,10
040103,2021,10
040104,2021,10
040105,2021,10
040106,2021,10
040107,2021,10
040108,2021,8
040109,2021,10
040110,2021,10
040111,2021,10
040112,2021,10
040113,2021,8
040114,2021,8
040115,2021,8
040116,2021,10
040117,2021,10
040118,2021,8
040119,2021,8
040120,2021,8
040121,2021,8
040122,2021,10
040123,2021,10
040124,2021,8
040125,2021,8
040126,2021,10
040127,2021,8
040128,2021,8
040129,2021,10
040201,2021,1
040202,2021,1
040203,2021,8
040204,2021,1
040205,2021,1
040206,2021,8
040207,2021,8
040208,2021,1
040301,2021,8
040302,2021,8
040303,2021,8
040304,2021,8
040305,2021,8
040306,2021,8
040307,2021,8
040308,2021,8
040309,2021,8
040310,2021,8
040311,2021,8
040312,2021,8
040313,2021,8
040401,2021,8
040402,2021,8
040403,2021,8
040404,2021,8
040405,2021,8
040406,2021,8
040407,2021,8
040408,2021,8
040409,2021,8
040410,2021,8
040411,2021,8
040412,2021,8
040413,2021,8
040414,2021,8
040501,2021,8
040502,2021,8
040503,2021,8
040504,2021,9
040505,2021,9
040506,2021,8
040507,2021,8
040508,2021,8
040509,2021,8
040510,2021,8
040511,2021,8
040512,2021,8
040513,2021,8
040514,2021,9
040515,2021,9
040516,2021,8
040517,2021,9
040518,2021,8
040519,2021,8
040520,2021,8
040601,2021,8
040602,2021,8
040603,2021,9
040604,2021,6
040605,2021,8
040606,2021,8
040607,2021,8
040608,2021,8
040701,2021,8
040702,2021,8
040703,2021,1
040704,2021,8
040705,2021,1
040706,2021,8
040801,2021,8
040802,2021,8
040803,2021,6
040804,2021,8
040805,2021,8
040806,2021,9
040807,2021,6
040808,2021,6
040809,2021,6
040810,2021,8
040811,2021,6
050101,2021,0
050102,2021,0
050103,2021,0
050104,2021,0
050105,2021,0
050106,2021,5
050107,2021,0
050108,2021,0
050109,2021,0
050110,2021,10
050111,2021,0
050112,2021,0
050113,2021,0
050114,2021,0
050115,2021,0
050116,2021,10
050201,2021,0
050202,2021,5
050203,2021,0
050204,2021,0
050205,2021,9
050206,2021,5
050301,2021,9
050302,2021,5
050303,2021,5
050304,2021,9
050401,2021,0
050402,2021,5
050403,2021,0
050404,2021,0
050405,2021,5
050406,2021,5
050407,2021,3
050408,2021,3
050409,2021,3
050410,2021,5
050411,2021,3
050412,2021,5
050413,2021,3
050501,2021,5
050502,2021,3
050503,2021,3
050504,2021,0
050505,2021,3
050506,2021,5
050507,2021,3
050508,2021,0
050509,2021,3
050510,2021,3
050511,2021,3
050512,2021,3
050513,2021,3
050514,2021,0
050515,2021,0
050601,2021,9
050602,2021,5
050603,2021,9
050604,2021,9
050605,2021,8
050606,2021,9
050607,2021,6
050608,2021,8
050609,2021,8
050610,2021,8
050611,2021,8
050612,2021,8
050613,2021,8
050614,2021,8
050615,2021,8
050616,2021,8
050617,2021,8
050618,2021,8
050619,2021,8
050620,2021,5
050621,2021,8
050701,2021,9
050702,2021,8
050703,2021,8
050704,2021,8
050705,2021,8
050706,2021,8
050707,2021,8
050708,2021,8
050801,2021,6
050802,2021,6
050803,2021,6
050804,2021,8
050805,2021,8
050806,2021,8
050807,2021,6
050808,2021,8
050809,2021,6
050810,2021,8
050901,2021,5
050902,2021,5
050903,2021,5
050904,2021,5
050905,2021,5
050906,2021,5
050907,2021,5
050908,2021,9
050909,2021,5
050910,2021,5
050911,2021,9
051001,2021,5
051002,2021,5
051003,2021,5
051004,2021,5
051005,2021,5
051006,2021,5
051007,2021,5
051008,2021,5
051009,2021,5
051010,2021,5
051011,2021,5
051012,2021,9
051101,2021,5
051102,2021,5
051103,2021,5
051104,2021,5
051105,2021,5
051106,2021,5
051107,2021,5
051108,2021,0
060101,2021,0
060102,2021,0
060103,2021,0
060104,2021,0
060105,2021,0
060106,2021,0
060107,2021,0
060108,2021,0
060109,2021,0
060110,2021,0
060111,2021,0
060112,2021,0
060201,2021,0
060202,2021,0
060203,2021,0
060204,2021,0
060301,2021,0
060302,2021,3
060303,2021,4
060304,2021,0
060305,2021,4
060306,2021,4
060307,2021,0
060308,2021,0
060309,2021,0
060310,2021,0
060311,2021,3
060312,2021,0
060401,2021,0
060402,2021,4
060403,2021,4
060404,2021,4
060405,2021,4
060406,2021,4
060407,2021,4
060408,2021,4
060409,2021,4
060410,2021,4
060411,2021,4
060412,2021,4
060413,2021,0
060414,2021,4
060415,2021,4
060416,2021,4
060417,2021,4
060418,2021,2
060419,2021,0
060501,2021,4
060502,2021,4
060503,2021,1
060504,2021,4
060505,2021,1
060506,2021,4
060507,2021,4
060508,2021,1
060601,2021,4
060602,2021,4
060603,2021,4
060604,2021,4
060605,2021,4
060606,2021,4
060607,2021,4
060608,2021,4
060609,2021,4
060610,2021,4
060611,2021,4
060612,2021,4
060613,2021,4
060614,2021,4
060615,2021,4
060701,2021,0
060702,2021,0
060703,2021,0
060801,2021,3
060802,2021,3
060803,2021,3
060804,2021,4
060805,2021,3
060806,2021,3
060807,2021,3
060808,2021,3
060809,2021,3
060810,2021,3
060811,2021,3
060812,2021,2
060901,2021,3
060902,2021,3
060903,2021,3
060904,2021,3
060905,2021,3
060906,2021,3
060907,2021,3
061001,2021,0
061002,2021,0
061003,2021,0
061004,2021,0
061005,2021,0
061006,2021,0
061007,2021,0
061101,2021,4
061102,2021,4
061103,2021,4
061104,2021,0
061105,2021,4
061106,2021,4
061107,2021,4
061108,2021,1
061109,2021,4
061110,2021,1
061111,2021,4
061112,2021,4
061113,2021,4
061201,2021,4
061202,2021,4
061203,2021,4
061204,2021,0
061301,2021,4
061302,2021,4
061303,2021,4
061304,2021,4
061305,2021,4
061306,2021,4
061307,2021,4
061308,2021,4
061309,2021,4
061310,2021,4
061311,2021,4
070101,2021,1
070102,2021,1
070103,2021,1
070104,2021,1
070105,2021,1
070106,2021,1
070107,2021,1
080101,2021,0
080102,2021,0
080103,2021,0
080104,2021,0
080105,2021,0
080106,2021,0
080107,2021,0
080108,2021,10
080201,2021,0
080202,2021,9
080203,2021,5
080204,2021,0
080205,2021,0
080206,2021,0
080207,2021,0
080301,2021,0
080302,2021,0
080303,2021,0
080304,2021,0
080305,2021,0
080306,2021,0
080307,2021,0
080308,2021,0
080309,2021,0
080401,2021,0
080402,2021,0
080403,2021,0
080404,2021,0
080405,2021,0
080406,2021,0
080407,2021,0
080408,2021,3
080501,2021,9
080502,2021,9
080503,2021,9
080504,2021,9
080505,2021,9
080506,2021,0
080507,2021,9
080508,2021,9
080601,2021,9
080602,2021,9
080603,2021,0
080604,2021,9
080605,2021,9
080606,2021,9
080607,2021,0
080608,2021,0
080701,2021,9
080702,2021,5
080703,2021,9
080704,2021,0
080705,2021,9
080706,2021,9
080707,2021,0
080708,2021,9
080801,2021,9
080802,2021,9
080803,2021,9
080804,2021,9
080805,2021,9
080806,2021,9
080807,2021,9
080808,2021,9
080901,2021,1
080902,2021,3
080903,2021,3
080904,2021,3
080905,2021,3
080906,2021,3
080907,2021,3
080908,2021,3
080909,2021,3
080910,2021,3
080911,2021,3
080912,2021,3
080913,2021,3
080914,2021,1
080915,2021,3
080916,2021,3
080917,2021,3
080918,2021,3
081001,2021,0
081002,2021,5
081003,2021,5
081004,2021,5
081005,2021,0
081006,2021,5
081007,2021,0
081008,2021,5
081009,2021,0
081101,2021,0
081102,2021,0
081103,2021,3
081104,2021,0
081105,2021,0
081106,2021,3
081201,2021,0
081202,2021,0
081203,2021,3
081204,2021,0
081205,2021,0
081206,2021,9
081207,2021,0
081208,2021,0
081209,2021,3
081210,2021,9
081211,2021,0
081212,2021,0
081301,2021,0
081302,2021,0
081303,2021,0
081304,2021,0
081305,2021,0
081306,2021,0
081307,2021,0
090101,2021,9
090102,2021,6
090103,2021,5
090104,2021,5
090105,2021,5
090106,2021,9
090107,2021,5
090108,2021,5
090109,2021,5
090110,2021,5
090111,2021,5
090112,2021,5
090113,2021,5
090114,2021,5
090115,2021,5
090116,2021,5
090117,2021,0
090118,2021,9
090119,2021,5
090201,2021,0
090202,2021,0
090203,2021,0
090204,2021,0
090205,2021,0
090206,2021,0
090207,2021,0
090208,2021,0
090301,2021,5
090302,2021,0
090303,2021,0
090304,2021,5
090305,2021,0
090306,2021,0
090307,2021,0
090308,2021,0
090309,2021,0
090310,2021,0
090311,2021,0
090312,2021,0
090401,2021,6
090402,2021,6
090403,2021,6
090404,2021,6
090405,2021,6
090406,2021,5
090407,2021,6
090408,2021,6
090409,2021,6
090410,2021,6
090411,2021,9
090412,2021,6
090413,2021,6
090501,2021,5
090502,2021,5
090503,2021,5
090504,2021,0
090505,2021,5
090506,2021,5
090507,2021,5
090508,2021,5
090509,2021,5
090510,2021,5
090511,2021,5
090601,2021,6
090602,2021,6
090603,2021,6
090604,2021,6
090605,2021,6
090606,2021,6
090607,2021,9
090608,2021,8
090609,2021,6
090610,2021,6
090611,2021,6
090612,2021,6
090613,2021,6
090614,2021,8
090615,2021,6
090616,2021,6
090701,2021,0
090702,2021,5
090703,2021,5
090704,2021,5
090705,2021,0
090706,2021,0
090707,2021,3
090709,2021,5
090710,2021,0
090711,2021,0
090713,2021,5
090714,2021,5
090715,2021,5
090716,2021,5
090717,2021,3
090718,2021,3
090719,2021,0
090720,2021,3
090721,2021,3
090722,2021,5
090723,2021,0
090724,2021,3
090725,2021,3
100101,2021,0
100102,2021,0
100103,2021,3
100104,2021,3
100105,2021,5
100106,2021,5
100107,2021,0
100108,2021,5
100109,2021,5
100110,2021,5
100111,2021,0
100112,2021,5
100113,2021,3
100201,2021,5
100202,2021,5
100203,2021,5
100204,2021,5
100205,2021,5
100206,2021,5
100207,2021,5
100208,2021,5
100301,2021,5
100307,2021,5
100311,2021,5
100313,2021,5
100316,2021,5
100317,2021,5
100321,2021,5
100322,2021,5
100323,2021,5
100401,2021,3
100402,2021,5
100403,2021,3
100404,2021,3
100501,2021,5
100502,2021,5
100503,2021,5
100504,2021,5
100505,2021,5
100506,2021,5
100507,2021,3
100508,2021,5
100509,2021,5
100510,2021,5
100511,2021,5
100601,2021,3
100602,2021,3
100603,2021,2
100604,2021,3
100605,2021,2
100606,2021,3
100607,2021,2
100608,2021,2
100609,2021,2
100610,2021,2
100701,2021,5
100702,2021,3
100703,2021,5
100704,2021,3
100705,2021,3
100801,2021,3
100802,2021,3
100803,2021,3
100804,2021,3
100901,2021,2
100902,2021,3
100903,2021,2
100904,2021,2
100905,2021,2
101001,2021,5
101002,2021,5
101003,2021,5
101004,2021,5
101005,2021,5
101006,2021,5
101007,2021,5
101101,2021,5
101102,2021,5
101103,2021,5
101104,2021,5
101105,2021,5
101106,2021,5
101107,2021,5
101108,2021,5
110101,2021,1
110102,2021,1
110103,2021,1
110104,2021,8
110105,2021,1
110106,2021,1
110107,2021,1
110108,2021,1
110109,2021,1
110110,2021,1
110111,2021,8
110112,2021,1
110113,2021,1
110114,2021,1
110201,2021,1
110202,2021,1
110203,2021,6
110204,2021,1
110205,2021,1
110206,2021,1
110207,2021,1
110208,2021,6
110209,2021,6
110210,2021,1
110211,2021,1
110301,2021,8
110302,2021,8
110303,2021,8
110304,2021,8
110305,2021,8
110401,2021,8
110402,2021,8
110403,2021,8
110404,2021,8
110405,2021,8
110501,2021,1
110502,2021,6
110503,2021,1
110504,2021,1
110505,2021,1
110506,2021,1
110507,2021,1
110508,2021,1
120101,2021,10
120104,2021,5
120105,2021,5
120106,2021,10
120107,2021,10
120108,2021,9
120111,2021,10
120112,2021,5
120113,2021,0
120114,2021,10
120116,2021,10
120117,2021,10
120119,2021,10
120120,2021,9
120121,2021,10
120122,2021,0
120124,2021,3
120125,2021,10
120126,2021,0
120127,2021,10
120128,2021,10
120129,2021,10
120130,2021,10
120132,2021,10
120133,2021,10
120134,2021,10
120135,2021,3
120136,2021,10
120201,2021,10
120202,2021,10
120203,2021,3
120204,2021,10
120205,2021,5
120206,2021,0
120207,2021,10
120208,2021,10
120209,2021,3
120210,2021,10
120211,2021,10
120212,2021,10
120213,2021,10
120214,2021,9
120215,2021,10
120301,2021,3
120302,2021,3
120303,2021,3
120304,2021,3
120305,2021,3
120306,2021,3
120401,2021,10
120402,2021,10
120403,2021,10
120404,2021,10
120405,2021,9
120406,2021,9
120407,2021,10
120408,2021,10
120409,2021,10
120410,2021,10
120411,2021,10
120412,2021,10
120413,2021,10
120414,2021,10
120415,2021,10
120416,2021,10
120417,2021,10
120418,2021,10
120419,2021,3
120420,2021,10
120421,2021,10
120422,2021,10
120423,2021,10
120424,2021,10
120425,2021,10
120426,2021,10
120427,2021,0
120428,2021,10
120429,2021,10
120430,2021,10
120431,2021,10
120432,2021,10
120433,2021,10
120434,2021,10
120501,2021,9
120502,2021,9
120503,2021,9
120504,2021,3
120601,2021,3
120602,2021,3
120603,2021,3
120604,2021,3
120605,2021,3
120606,2021,3
120607,2021,3
120608,2021,3
120609,2021,3
120701,2021,5
120702,2021,5
120703,2021,0
120704,2021,5
120705,2021,5
120706,2021,3
120707,2021,5
120708,2021,5
120709,2021,5
120801,2021,9
120802,2021,9
120803,2021,9
120804,2021,9
120805,2021,9
120806,2021,9
120807,2021,9
120808,2021,9
120809,2021,9
120810,2021,9
120901,2021,10
120902,2021,10
120903,2021,10
120904,2021,10
120905,2021,10
120906,2021,10
120907,2021,10
120908,2021,10
120909,2021,10
130101,2021,1
130102,2021,1
130103,2021,1
130104,2021,1
130105,2021,1
130106,2021,1
130107,2021,1
130108,2021,6
130109,2021,1
130110,2021,6
130111,2021,1
130201,2021,1
130202,2021,1
130203,2021,1
130204,2021,1
130205,2021,1
130206,2021,1
130207,2021,1
130208,2021,1
130301,2021,3
130302,2021,3
130303,2021,3
130304,2021,3
130305,2021,3
130306,2021,3
130401,2021,1
130402,2021,1
130403,2021,1
130501,2021,0
130502,2021,0
130503,2021,0
130504,2021,0
130601,2021,0
130602,2021,0
130604,2021,0
130605,2021,0
130606,2021,6
130608,2021,0
130610,2021,6
130611,2021,0
130613,2021,6
130614,2021,0
130701,2021,1
130702,2021,1
130703,2021,1
130704,2021,1
130705,2021,1
130801,2021,3
130802,2021,3
130803,2021,3
130804,2021,5
130805,2021,3
130806,2021,5
130807,2021,3
130808,2021,3
130809,2021,3
130810,2021,3
130811,2021,5
130812,2021,5
130813,2021,5
130901,2021,0
130902,2021,0
130903,2021,3
130904,2021,0
130905,2021,0
130906,2021,0
130907,2021,0
130908,2021,3
131001,2021,6
131002,2021,6
131003,2021,0
131004,2021,6
131005,2021,6
131006,2021,0
131007,2021,6
131008,2021,5
131101,2021,6
131102,2021,0
131103,2021,6
131104,2021,0
131201,2021,1
131202,2021,6
131203,2021,1
140101,2021,1
140102,2021,2
140103,2021,1
140104,2021,8
140105,2021,1
140106,2021,1
140107,2021,1
140108,2021,1
140109,2021,1
140110,2021,2
140111,2021,1
140112,2021,1
140113,2021,1
140114,2021,1
140115,2021,1
140116,2021,1
140117,2021,1
140118,2021,1
140119,2021,1
140120,2021,1
140201,2021,1
140202,2021,3
140203,2021,2
140204,2021,1
140205,2021,2
140206,2021,1
140301,2021,1
140302,2021,2
140303,2021,1
140304,2021,2
140305,2021,1
140306,2021,1
140307,2021,2
140308,2021,2
140309,2021,1
140310,2021,3
140311,2021,1
140312,2021,1
150101,2021,1
150102,2021,1
150103,2021,1
150104,2021,1
150105,2021,1
150106,2021,1
150107,2021,1
150108,2021,1
150109,2021,1
150110,2021,1
150111,2021,1
150112,2021,1
150113,2021,1
150114,2021,1
150115,2021,1
150116,2021,1
150117,2021,1
150118,2021,6
150119,2021,1
150120,2021,1
150121,2021,1
150122,2021,1
150123,2021,1
150124,2021,1
150125,2021,1
150126,2021,6
150127,2021,6
150128,2021,1
150129,2021,1
150130,2021,1
150131,2021,1
150132,2021,1
150133,2021,1
150134,2021,1
150135,2021,1
150136,2021,1
150137,2021,1
150138,2021,1
150139,2021,1
150140,2021,1
150141,2021,1
150142,2021,1
150143,2021,1
150201,2021,1
150202,2021,6
150203,2021,1
150204,2021,1
150205,2021,1
150301,2021,6
150302,2021,6
150303,2021,6
150304,2021,6
150305,2021,6
150401,2021,6
150402,2021,6
150403,2021,6
150404,2021,6
150405,2021,6
150406,2021,6
150407,2021,6
150501,2021,1
150502,2021,1
150503,2021,6
150504,2021,1
150505,2021,1
150506,2021,6
150507,2021,1
150508,2021,6
150509,2021,1
150510,2021,1
150511,2021,6
150512,2021,1
150513,2021,1
150514,2021,1
150515,2021,1
150516,2021,6
150601,2021,1
150602,2021,6
150603,2021,6
150604,2021,1
150605,2021,1
150606,2021,6
150607,2021,6
150608,2021,6
150609,2021,6
150610,2021,9
150611,2021,6
150612,2021,6
150701,2021,6
150702,2021,6
150703,2021,6
150704,2021,6
150705,2021,9
150706,2021,6
150707,2021,6
150708,2021,9
150709,2021,6
150710,2021,6
150711,2021,6
150712,2021,6
150713,2021,6
150714,2021,6
150715,2021,6
150716,2021,6
150717,2021,6
150718,2021,6
150719,2021,6
150720,2021,6
150721,2021,6
150722,2021,6
150723,2021,6
150724,2021,6
150725,2021,6
150726,2021,6
150727,2021,6
150728,2021,6
150729,2021,6
150730,2021,6
150731,2021,6
150732,2021,6
150801,2021,1
150802,2021,6
150803,2021,1
150804,2021,6
150805,2021,1
150806,2021,1
150807,2021,6
150808,2021,6
150809,2021,6
150810,2021,1
150811,2021,6
150812,2021,1
150901,2021,5
150902,2021,6
150903,2021,6
150904,2021,6
150905,2021,6
150906,2021,6
151001,2021,6
151002,2021,6
151003,2021,6
151004,2021,6
151005,2021,6
151006,2021,6
151007,2021,6
151008,2021,6
151009,2021,6
151010,2021,6
151011,2021,6
151012,2021,6
151013,2021,6
151014,2021,9
151015,2021,6
151016,2021,6
151017,2021,6
151018,2021,6
151019,2021,6
151020,2021,6
151021,2021,6
151022,2021,6
151023,2021,6
151024,2021,6
151025,2021,6
151026,2021,6
151027,2021,6
151028,2021,6
151029,2021,6
151030,2021,9
151031,2021,6
151032,2021,6
151033,2021,6
160101,2021,2
160102,2021,2
160103,2021,2
160104,2021,2
160105,2021,2
160106,2021,2
160107,2021,2
160108,2021,2
160110,2021,2
160112,2021,2
160113,2021,2
160201,2021,2
160202,2021,2
160205,2021,2
160206,2021,2
160210,2021,2
160211,2021,2
160301,2021,2
160302,2021,2
160303,2021,2
160304,2021,2
160305,2021,2
160401,2021,2
160402,2021,2
160403,2021,2
160404,2021,2
160501,2021,2
160502,2021,2
160503,2021,2
160504,2021,2
160505,2021,2
160506,2021,2
160507,2021,2
160508,2021,2
160509,2021,2
160510,2021,2
160511,2021,2
160601,2021,2
160602,2021,2
160603,2021,2
160604,2021,2
160605,2021,2
160606,2021,2
160701,2021,2
160702,2021,2
160703,2021,2
160704,2021,2
160705,2021,2
160706,2021,2
160801,2021,2
160802,2021,2
160803,2021,2
160804,2021,2
170101,2021,2
170102,2021,3
170103,2021,2
170104,2021,2
170201,2021,3
170202,2021,2
170203,2021,2
170204,2021,3
170301,2021,2
170302,2021,2
170303,2021,2
180101,2021,8
180102,2021,8
180103,2021,8
180104,2021,8
180105,2021,8
180106,2021,8
180201,2021,8
180202,2021,8
180203,2021,8
180204,2021,9
180205,2021,8
180206,2021,8
180207,2021,8
180208,2021,8
180209,2021,8
180210,2021,8
180211,2021,8
180301,2021,8
180302,2021,8
180303,2021,8
190101,2021,9
190102,2021,3
190103,2021,5
190104,2021,9
190105,2021,9
190106,2021,5
190107,2021,3
190108,2021,5
190109,2021,9
190110,2021,5
190111,2021,9
190112,2021,9
190113,2021,9
190201,2021,5
190202,2021,5
190203,2021,5
190204,2021,5
190205,2021,5
190206,2021,5
190207,2021,5
190208,2021,5
190301,2021,3
190302,2021,3
190303,2021,3
190304,2021,3
190305,2021,3
190306,2021,3
190307,2021,3
190308,2021,2
200101,2021,1
200104,2021,2
200105,2021,1
200107,2021,1
200108,2021,1
200109,2021,1
200110,2021,1
200111,2021,2
200114,2021,2
200115,2021,1
200201,2021,3
200202,2021,2
200203,2021,4
200204,2021,3
200205,2021,4
200206,2021,3
200207,2021,2
200208,2021,2
200209,2021,4
200210,2021,2
200301,2021,3
200302,2021,4
200303,2021,3
200304,2021,3
200305,2021,4
200306,2021,3
200307,2021,3
200308,2021,3
200401,2021,2
200402,2021,2
200403,2021,4
200404,2021,2
200405,2021,2
200406,2021,2
200407,2021,4
200408,2021,4
200409,2021,4
200410,2021,4
200501,2021,1
200502,2021,1
200503,2021,1
200504,2021,1
200505,2021,1
200506,2021,1
200507,2021,1
200601,2021,2
200602,2021,10
200603,2021,1
200604,2021,2
200605,2021,2
200606,2021,1
200607,2021,2
200608,2021,2
200701,2021,1
200702,2021,2
200703,2021,1
200704,2021,1
200705,2021,2
200706,2021,2
200801,2021,1
200802,2021,1
200803,2021,1
200804,2021,1
200805,2021,1
200806,2021,1
210101,2021,10
210102,2021,10
210103,2021,0
210104,2021,10
210105,2021,10
210106,2021,10
210107,2021,10
210108,2021,10
210109,2021,9
210110,2021,10
210111,2021,9
210112,2021,10
210113,2021,9
210114,2021,10
210115,2021,10
210201,2021,10
210202,2021,10
210203,2021,10
210204,2021,9
210205,2021,10
210206,2021,10
210207,2021,10
210208,2021,9
210209,2021,9
210210,2021,10
210211,2021,9
210212,2021,9
210213,2021,10
210214,2021,10
210215,2021,10
210301,2021,9
210302,2021,9
210303,2021,3
210304,2021,9
210305,2021,9
210306,2021,9
210307,2021,9
210308,2021,3
210309,2021,3
210310,2021,9
210401,2021,10
210402,2021,10
210403,2021,10
210404,2021,10
210405,2021,10
210406,2021,10
210407,2021,10
210501,2021,10
210502,2021,8
210503,2021,10
210504,2021,8
210505,2021,10
210601,2021,10
210602,2021,9
210603,2021,10
210604,2021,10
210605,2021,10
210606,2021,9
210607,2021,10
210608,2021,10
210701,2021,9
210702,2021,9
210703,2021,10
210704,2021,10
210705,2021,9
210706,2021,9
210707,2021,9
210708,2021,10
210709,2021,9
210710,2021,9
210801,2021,9
210802,2021,9
210803,2021,9
210804,2021,9
210805,2021,9
210806,2021,9
210807,2021,9
210808,2021,9
210809,2021,9
210901,2021,10
210902,2021,10
210903,2021,9
210904,2021,10
211001,2021,9
211002,2021,9
211003,2021,10
211004,2021,9
211005,2021,9
211101,2021,10
211102,2021,10
211103,2021,9
211104,2021,10
211105,2021,10
211201,2021,3
211202,2021,9
211203,2021,3
211204,2021,3
211205,2021,3
211206,2021,3
211207,2021,3
211208,2021,3
211209,2021,3
211210,2021,3
211301,2021,10
211302,2021,2
211303,2021,10
211304,2021,10
211305,2021,10
211306,2021,10
211307,2021,10
220101,2021,2
220102,2021,2
220103,2021,2
220104,2021,2
220105,2021,2
220106,2021,2
220201,2021,2
220202,2021,2
220203,2021,2
220204,2021,2
220205,2021,2
220206,2021,2
220301,2021,2
220302,2021,2
220303,2021,2
220304,2021,2
220305,2021,2
220401,2021,2
220402,2021,2
220403,2021,2
220404,2021,2
220405,2021,2
220406,2021,2
220501,2021,2
220502,2021,2
220503,2021,2
220504,2021,2
220505,2021,2
220506,2021,2
220507,2021,2
220508,2021,2
220509,2021,2
220510,2021,2
220511,2021,2
220601,2021,2
220602,2021,3
220603,2021,3
220604,2021,2
220605,2021,2
220701,2021,2
220702,2021,2
220703,2021,2
220704,2021,2
220705,2021,2
220706,2021,2
220707,2021,2
220708,2021,2
220709,2021,2
220710,2021,2
220801,2021,2
220802,2021,2
220803,2021,2
220804,2021,2
220805,2021,2
220806,2021,2
220807,2021,2
220808,2021,2
220809,2021,2
220901,2021,2
220902,2021,2
220903,2021,2
220904,2021,2
220905,2021,2
220906,2021,2
220907,2021,2
220908,2021,2
220909,2021,2
220910,2021,2
220911,2021,2
220912,2021,2
220913,2021,2
220914,2021,2
221001,2021,3
221002,2021,3
221003,2021,3
221004,2021,3
221005,2021,3
221006,2021,2
230101,2021,8
230102,2021,8
230103,2021,8
230104,2021,8
230105,2021,8
230106,2021,8
230107,2021,8
230108,2021,8
230109,2021,8
230110,2021,1
230111,2021,1
230201,2021,8
230202,2021,8
230203,2021,8
230204,2021,8
230205,2021,8
230206,2021,8
230301,2021,8
230302,2021,8
230303,2021,8
230401,2021,8
230402,2021,8
230403,2021,8
230404,2021,8
230405,2021,8
230406,2021,8
230407,2021,8
230408,2021,8
240101,2021,2
240102,2021,2
240103,2021,2
240104,2021,2
240105,2021,2
240106,2021,2
240201,2021,2
240202,2021,2
240203,2021,2
240301,2021,2
240302,2021,2
240303,2021,2
240304,2021,2
250101,2021,2
250102,2021,2
250103,2021,2
250104,2021,2
250105,2021,2
250106,2021,2
250107,2021,2
250201,2021,2
250202,2021,2
250203,2021,2
250204,2021,2
250301,2021,2
250302,2021,2
250303,2021,2
250304,2021,2
250305,2021,2
250306,2021,2
250307,2021,2
250401,2021,2
010101,2022,4
010102,2022,4
010103,2022,3
010104,2022,4
010105,2022,4
010106,2022,3
010107,2022,4
010108,2022,4
010109,2022,4
010110,2022,3
010111,2022,4
010112,2022,4
010113,2022,4
010114,2022,4
010115,2022,4
010116,2022,4
010117,2022,4
010118,2022,4
010119,2022,4
010120,2022,4
010121,2022,4
010201,2022,2
010202,2022,3
010203,2022,2
010204,2022,2
010205,2022,3
010206,2022,2
010301,2022,4
010302,2022,4
010303,2022,4
010304,2022,4
010305,2022,4
010306,2022,3
010307,2022,4
010308,2022,4
010309,2022,4
010310,2022,4
010311,2022,4
010312,2022,3
010401,2022,3
010402,2022,3
010403,2022,2
010501,2022,4
010502,2022,4
010503,2022,4
010504,2022,4
010505,2022,4
010506,2022,4
010507,2022,4
010508,2022,4
010509,2022,4
010510,2022,4
010511,2022,4
010512,2022,4
010513,2022,4
010514,2022,4
010515,2022,4
010516,2022,4
010517,2022,4
010518,2022,4
010519,2022,4
010520,2022,4
010521,2022,4
010522,2022,4
010523,2022,4
010601,2022,4
010602,2022,4
010603,2022,4
010604,2022,4
010605,2022,4
010606,2022,4
010607,2022,4
010608,2022,4
010609,2022,4
010610,2022,4
010611,2022,4
010612,2022,2
010701,2022,2
010702,2022,3
010703,2022,4
010704,2022,2
010705,2022,4
010706,2022,4
010707,2022,4
020101,2022,9
020102,2022,6
020103,2022,6
020104,2022,6
020105,2022,0
020106,2022,0
020107,2022,6
020108,2022,9
020109,2022,6
020110,2022,6
020111,2022,0
020112,2022,0
020201,2022,5
020202,2022,6
020203,2022,5
020204,2022,6
020205,2022,6
020301,2022,5
020302,2022,5
020303,2022,5
020304,2022,5
020305,2022,5
020306,2022,5
020401,2022,0
020402,2022,0
020501,2022,5
020502,2022,6
020503,2022,6
020504,2022,5
020505,2022,6
020506,2022,6
020507,2022,6
020508,2022,5
020509,2022,5
020510,2022,6
020511,2022,6
020512,2022,6
020513,2022,6
020514,2022,6
020515,2022,6
020601,2022,0
020602,2022,0
020603,2022,0
020604,2022,0
020605,2022,0
020606,2022,0
020607,2022,0
020608,2022,0
020609,2022,0
020610,2022,0
020611,2022,0
020701,2022,5
020702,2022,5
020703,2022,5
020801,2022,6
020802,2022,6
020803,2022,1
020804,2022,6
020901,2022,6
020902,2022,5
020903,2022,6
020904,2022,5
020905,2022,6
020906,2022,6
020907,2022,6
021001,2022,0
021002,2022,5
021003,2022,5
021004,2022,9
021005,2022,5
021006,2022,5
021007,2022,5
021008,2022,0
021009,2022,5
021010,2022,5
021011,2022,5
021012,2022,5
021013,2022,5
021014,2022,5
021015,2022,5
021016,2022,5
021101,2022,6
021102,2022,6
021103,2022,6
021104,2022,6
021105,2022,6
021201,2022,0
021202,2022,6
021203,2022,0
021204,2022,6
021205,2022,0
021206,2022,6
021207,2022,0
021208,2022,0
021209,2022,6
021210,2022,6
021301,2022,5
021302,2022,5
021303,2022,5
021304,2022,5
021305,2022,5
021306,2022,5
021307,2022,5
021308,2022,5
021401,2022,6
021402,2022,6
021403,2022,6
021404,2022,6
021405,2022,6
021406,2022,6
021407,2022,6
021408,2022,6
021409,2022,6
021410,2022,6
021501,2022,6
021502,2022,6
021503,2022,5
021504,2022,3
021505,2022,6
021506,2022,6
021507,2022,6
021508,2022,6
021509,2022,6
021510,2022,6
021511,2022,6
021601,2022,5
021602,2022,5
021603,2022,5
021604,2022,5
021701,2022,9
021702,2022,5
021703,2022,6
021704,2022,6
021705,2022,6
021706,2022,6
021707,2022,5
021708,2022,6
021709,2022,6
021710,2022,9
021801,2022,1
021802,2022,6
021803,2022,1
021804,2022,6
021805,2022,6
021806,2022,6
021807,2022,1
021808,2022,1
021809,2022,1
021901,2022,5
021902,2022,5
021903,2022,5
021904,2022,5
021905,2022,5
021906,2022,5
021907,2022,5
021908,2022,5
021909,2022,5
021910,2022,5
022001,2022,0
022002,2022,6
022003,2022,0
022004,2022,0
022005,2022,6
022006,2022,0
022007,2022,6
022008,2022,0
030101,2022,5
030102,2022,5
030103,2022,5
030104,2022,5
030105,2022,3
030106,2022,5
030107,2022,5
030108,2022,5
030109,2022,5
030201,2022,0
030202,2022,0
030203,2022,5
030204,2022,0
030205,2022,0
030206,2022,5
030207,2022,5
030208,2022,3
030209,2022,0
030210,2022,9
030211,2022,9
030212,2022,5
030213,2022,0
030214,2022,5
030215,2022,0
030216,2022,0
030217,2022,5
030218,2022,0
030219,2022,0
030220,2022,0
030301,2022,9
030302,2022,5
030303,2022,5
030304,2022,9
030305,2022,9
030306,2022,5
030307,2022,5
030401,2022,5
030402,2022,9
030403,2022,7
030404,2022,5
030405,2022,5
030406,2022,9
030407,2022,5
030408,2022,5
030409,2022,5
030410,2022,5
030411,2022,5
030412,2022,9
030413,2022,5
030414,2022,5
030415,2022,5
030416,2022,5
030417,2022,5
030501,2022,5
030502,2022,5
030503,2022,5
030504,2022,9
030505,2022,5
030506,2022,9
030601,2022,5
030602,2022,5
030603,2022,5
030604,2022,5
030605,2022,0
030606,2022,5
030607,2022,5
030608,2022,5
030609,2022,5
030610,2022,5
030611,2022,5
030612,2022,5
030701,2022,5
030702,2022,5
030703,2022,5
030704,2022,5
030705,2022,5
030706,2022,5
030707,2022,5
030708,2022,5
030709,2022,5
030710,2022,5
030711,2022,5
030712,2022,5
030713,2022,5
030714,2022,5
040101,2022,10
040102,2022,10
040103,2022,10
040104,2022,10
040105,2022,10
040106,2022,10
040107,2022,10
040108,2022,8
040109,2022,10
040110,2022,10
040111,2022,10
040112,2022,10
040113,2022,8
040114,2022,8
040115,2022,8
040116,2022,10
040117,2022,10
040118,2022,8
040119,2022,8
040120,2022,8
040121,2022,8
040122,2022,10
040123,2022,10
040124,2022,8
040125,2022,8
040126,2022,10
040127,2022,8
040128,2022,8
040129,2022,10
040201,2022,1
040202,2022,1
040203,2022,8
040204,2022,1
040205,2022,1
040206,2022,8
040207,2022,8
040208,2022,1
040301,2022,8
040302,2022,8
040303,2022,8
040304,2022,8
040305,2022,8
040306,2022,8
040307,2022,8
040308,2022,8
040309,2022,8
040310,2022,8
040311,2022,8
040312,2022,8
040313,2022,8
040401,2022,8
040402,2022,8
040403,2022,8
040404,2022,8
040405,2022,8
040406,2022,8
040407,2022,8
040408,2022,8
040409,2022,8
040410,2022,8
040411,2022,8
040412,2022,8
040413,2022,8
040414,2022,8
040501,2022,8
040502,2022,8
040503,2022,8
040504,2022,9
040505,2022,9
040506,2022,8
040507,2022,8
040508,2022,8
040509,2022,8
040510,2022,8
040511,2022,8
040512,2022,8
040513,2022,8
040514,2022,9
040515,2022,9
040516,2022,8
040517,2022,9
040518,2022,8
040519,2022,8
040520,2022,8
040601,2022,8
040602,2022,8
040603,2022,9
040604,2022,6
040605,2022,8
040606,2022,8
040607,2022,8
040608,2022,8
040701,2022,8
040702,2022,8
040703,2022,1
040704,2022,8
040705,2022,1
040706,2022,8
040801,2022,8
040802,2022,8
040803,2022,6
040804,2022,8
040805,2022,8
040806,2022,9
040807,2022,6
040808,2022,6
040809,2022,6
040810,2022,8
040811,2022,6
050101,2022,0
050102,2022,0
050103,2022,0
050104,2022,0
050105,2022,0
050106,2022,5
050107,2022,0
050108,2022,0
050109,2022,0
050110,2022,10
050111,2022,0
050112,2022,0
050113,2022,0
050114,2022,0
050115,2022,0
050116,2022,10
050201,2022,0
050202,2022,5
050203,2022,0
050204,2022,0
050205,2022,9
050206,2022,5
050301,2022,9
050302,2022,5
050303,2022,5
050304,2022,9
050401,2022,0
050402,2022,5
050403,2022,0
050404,2022,0
050405,2022,5
050406,2022,5
050407,2022,3
050408,2022,3
050409,2022,3
050410,2022,5
050411,2022,3
050412,2022,5
050413,2022,5
050501,2022,5
050502,2022,3
050503,2022,3
050504,2022,0
050505,2022,3
050506,2022,5
050507,2022,3
050508,2022,0
050509,2022,3
050510,2022,3
050511,2022,3
050512,2022,3
050513,2022,3
050514,2022,0
050515,2022,0
050601,2022,9
050602,2022,9
050603,2022,9
050604,2022,9
050605,2022,8
050606,2022,9
050607,2022,6
050608,2022,8
050609,2022,8
050610,2022,8
050611,2022,8
050612,2022,8
050613,2022,8
050614,2022,8
050615,2022,8
050616,2022,8
050617,2022,8
050618,2022,8
050619,2022,8
050620,2022,5
050621,2022,8
050701,2022,9
050702,2022,8
050703,2022,8
050704,2022,8
050705,2022,8
050706,2022,8
050707,2022,8
050708,2022,8
050801,2022,6
050802,2022,8
050803,2022,6
050804,2022,8
050805,2022,8
050806,2022,8
050807,2022,5
050808,2022,8
050809,2022,6
050810,2022,8
050901,2022,5
050902,2022,5
050903,2022,5
050904,2022,5
050905,2022,9
050906,2022,5
050907,2022,5
050908,2022,9
050909,2022,5
050910,2022,5
050911,2022,9
051001,2022,5
051002,2022,5
051003,2022,5
051004,2022,5
051005,2022,5
051006,2022,5
051007,2022,5
051008,2022,5
051009,2022,5
051010,2022,5
051011,2022,5
051012,2022,9
051101,2022,0
051102,2022,5
051103,2022,7
051104,2022,5
051105,2022,5
051106,2022,5
051107,2022,5
051108,2022,0
060101,2022,0
060102,2022,0
060103,2022,0
060104,2022,0
060105,2022,0
060106,2022,0
060107,2022,0
060108,2022,0
060109,2022,0
060110,2022,0
060111,2022,0
060112,2022,0
060201,2022,0
060202,2022,0
060203,2022,0
060204,2022,0
060301,2022,0
060302,2022,3
060303,2022,4
060304,2022,0
060305,2022,4
060306,2022,0
060307,2022,0
060308,2022,0
060309,2022,0
060310,2022,0
060311,2022,3
060312,2022,0
060401,2022,0
060402,2022,4
060403,2022,4
060404,2022,4
060405,2022,4
060406,2022,4
060407,2022,4
060408,2022,4
060409,2022,4
060410,2022,4
060411,2022,4
060412,2022,4
060413,2022,0
060414,2022,4
060415,2022,4
060416,2022,4
060417,2022,4
060418,2022,2
060419,2022,0
060501,2022,4
060502,2022,4
060503,2022,1
060504,2022,4
060505,2022,1
060506,2022,4
060507,2022,4
060508,2022,1
060601,2022,4
060602,2022,4
060603,2022,4
060604,2022,4
060605,2022,4
060606,2022,4
060607,2022,4
060608,2022,4
060609,2022,4
060610,2022,4
060611,2022,4
060612,2022,4
060613,2022,4
060614,2022,4
060615,2022,4
060701,2022,0
060702,2022,0
060703,2022,0
060801,2022,3
060802,2022,3
060803,2022,3
060804,2022,4
060805,2022,3
060806,2022,3
060807,2022,3
060808,2022,3
060809,2022,3
060810,2022,3
060811,2022,3
060812,2022,2
060901,2022,3
060902,2022,3
060903,2022,3
060904,2022,3
060905,2022,3
060906,2022,3
060907,2022,3
061001,2022,0
061002,2022,0
061003,2022,0
061004,2022,0
061005,2022,0
061006,2022,0
061007,2022,0
061101,2022,4
061102,2022,4
061103,2022,4
061104,2022,0
061105,2022,4
061106,2022,4
061107,2022,4
061108,2022,1
061109,2022,4
061110,2022,1
061111,2022,4
061112,2022,4
061113,2022,4
061201,2022,4
061202,2022,4
061203,2022,4
061204,2022,0
061301,2022,4
061302,2022,4
061303,2022,4
061304,2022,4
061305,2022,4
061306,2022,4
061307,2022,4
061308,2022,4
061309,2022,4
061310,2022,4
061311,2022,4
070101,2022,1
070102,2022,1
070103,2022,1
070104,2022,1
070105,2022,1
070106,2022,1
070107,2022,1
080101,2022,0
080102,2022,0
080103,2022,0
080104,2022,0
080105,2022,0
080106,2022,0
080107,2022,0
080108,2022,10
080201,2022,0
080202,2022,9
080203,2022,5
080204,2022,9
080205,2022,0
080206,2022,0
080207,2022,0
080301,2022,0
080302,2022,0
080303,2022,0
080304,2022,0
080305,2022,0
080306,2022,0
080307,2022,5
080308,2022,0
080309,2022,0
080401,2022,0
080402,2022,0
080403,2022,0
080404,2022,0
080405,2022,0
080406,2022,0
080407,2022,0
080408,2022,3
080501,2022,9
080502,2022,9
080503,2022,9
080504,2022,9
080505,2022,9
080506,2022,9
080507,2022,9
080508,2022,9
080601,2022,9
080602,2022,9
080603,2022,0
080604,2022,9
080605,2022,9
080606,2022,9
080607,2022,0
080608,2022,0
080701,2022,9
080702,2022,5
080703,2022,9
080704,2022,0
080705,2022,9
080706,2022,9
080707,2022,0
080708,2022,9
080801,2022,9
080802,2022,9
080803,2022,9
080804,2022,9
080805,2022,9
080806,2022,9
080807,2022,9
080808,2022,9
080901,2022,1
080902,2022,3
080903,2022,3
080904,2022,3
080905,2022,3
080906,2022,3
080907,2022,3
080908,2022,3
080909,2022,3
080910,2022,3
080911,2022,3
080912,2022,3
080913,2022,3
080914,2022,1
080915,2022,3
080916,2022,3
080917,2022,3
080918,2022,3
081001,2022,0
081002,2022,5
081003,2022,5
081004,2022,5
081005,2022,0
081006,2022,5
081007,2022,0
081008,2022,5
081009,2022,0
081101,2022,0
081102,2022,0
081103,2022,3
081104,2022,0
081105,2022,0
081106,2022,3
081201,2022,0
081202,2022,0
081203,2022,3
081204,2022,0
081205,2022,0
081206,2022,9
081207,2022,0
081208,2022,0
081209,2022,3
081210,2022,9
081211,2022,0
081212,2022,0
081301,2022,0
081302,2022,0
081303,2022,0
081304,2022,0
081305,2022,0
081306,2022,0
081307,2022,0
090101,2022,9
090102,2022,6
090103,2022,5
090104,2022,5
090105,2022,5
090106,2022,9
090107,2022,5
090108,2022,5
090109,2022,5
090110,2022,5
090111,2022,5
090112,2022,5
090113,2022,5
090114,2022,5
090115,2022,5
090116,2022,5
090117,2022,0
090118,2022,9
090119,2022,5
090201,2022,0
090202,2022,0
090203,2022,0
090204,2022,0
090205,2022,0
090206,2022,0
090207,2022,0
090208,2022,0
090301,2022,0
090302,2022,0
090303,2022,0
090304,2022,0
090305,2022,0
090306,2022,0
090307,2022,0
090308,2022,0
090309,2022,0
090310,2022,0
090311,2022,0
090312,2022,0
090401,2022,6
090402,2022,6
090403,2022,6
090404,2022,6
090405,2022,6
090406,2022,5
090407,2022,6
090408,2022,6
090409,2022,6
090410,2022,6
090411,2022,9
090412,2022,6
090413,2022,6
090501,2022,5
090502,2022,5
090503,2022,5
090504,2022,0
090505,2022,5
090506,2022,0
090507,2022,5
090508,2022,5
090509,2022,5
090510,2022,5
090511,2022,5
090601,2022,6
090602,2022,6
090603,2022,6
090604,2022,6
090605,2022,6
090606,2022,6
090607,2022,9
090608,2022,8
090609,2022,6
090610,2022,6
090611,2022,6
090612,2022,8
090613,2022,6
090614,2022,6
090615,2022,6
090616,2022,6
090701,2022,0
090702,2022,5
090703,2022,5
090704,2022,5
090705,2022,0
090706,2022,0
090707,2022,3
090709,2022,5
090710,2022,0
090711,2022,5
090713,2022,5
090714,2022,5
090715,2022,3
090716,2022,0
090717,2022,3
090718,2022,3
090719,2022,5
090720,2022,3
090721,2022,3
090722,2022,5
090723,2022,0
090724,2022,3
090725,2022,5
100101,2022,0
100102,2022,0
100103,2022,3
100104,2022,3
100105,2022,5
100106,2022,5
100107,2022,0
100108,2022,5
100109,2022,0
100110,2022,5
100111,2022,0
100112,2022,5
100113,2022,3
100201,2022,3
100202,2022,5
100203,2022,5
100204,2022,0
100205,2022,5
100206,2022,5
100207,2022,5
100208,2022,5
100301,2022,5
100307,2022,5
100311,2022,5
100313,2022,5
100316,2022,5
100317,2022,5
100321,2022,5
100322,2022,5
100323,2022,5
100401,2022,3
100402,2022,5
100403,2022,3
100404,2022,5
100501,2022,5
100502,2022,5
100503,2022,5
100504,2022,5
100505,2022,5
100506,2022,5
100507,2022,3
100508,2022,5
100509,2022,5
100510,2022,5
100511,2022,5
100601,2022,3
100602,2022,3
100603,2022,2
100604,2022,3
100605,2022,2
100606,2022,3
100607,2022,2
100608,2022,2
100609,2022,2
100610,2022,2
100701,2022,5
100702,2022,3
100703,2022,5
100704,2022,3
100705,2022,3
100801,2022,3
100802,2022,3
100803,2022,3
100804,2022,3
100901,2022,2
100902,2022,3
100903,2022,2
100904,2022,2
100905,2022,2
101001,2022,5
101002,2022,5
101003,2022,5
101004,2022,9
101005,2022,5
101006,2022,5
101007,2022,5
101101,2022,5
101102,2022,5
101103,2022,5
101104,2022,5
101105,2022,5
101106,2022,5
101107,2022,5
101108,2022,5
110101,2022,1
110102,2022,1
110103,2022,1
110104,2022,8
110105,2022,1
110106,2022,1
110107,2022,1
110108,2022,1
110109,2022,1
110110,2022,1
110111,2022,8
110112,2022,1
110113,2022,1
110114,2022,1
110201,2022,1
110202,2022,1
110203,2022,6
110204,2022,1
110205,2022,1
110206,2022,1
110207,2022,1
110208,2022,6
110209,2022,6
110210,2022,1
110211,2022,1
110301,2022,8
110302,2022,8
110303,2022,8
110304,2022,8
110305,2022,8
110401,2022,8
110402,2022,8
110403,2022,8
110404,2022,8
110405,2022,8
110501,2022,1
110502,2022,6
110503,2022,1
110504,2022,1
110505,2022,1
110506,2022,1
110507,2022,1
110508,2022,1
120101,2022,0
120104,2022,5
120105,2022,5
120106,2022,10
120107,2022,10
120108,2022,9
120111,2022,10
120112,2022,5
120113,2022,0
120114,2022,10
120116,2022,10
120117,2022,10
120119,2022,10
120120,2022,9
120121,2022,10
120122,2022,0
120124,2022,3
120125,2022,10
120126,2022,0
120127,2022,10
120128,2022,10
120129,2022,10
120130,2022,10
120132,2022,10
120133,2022,10
120134,2022,10
120135,2022,3
120136,2022,10
120201,2022,10
120202,2022,10
120203,2022,3
120204,2022,10
120205,2022,5
120206,2022,0
120207,2022,10
120208,2022,10
120209,2022,5
120210,2022,10
120211,2022,10
120212,2022,10
120213,2022,10
120214,2022,9
120215,2022,10
120301,2022,3
120302,2022,3
120303,2022,3
120304,2022,3
120305,2022,3
120306,2022,3
120401,2022,10
120402,2022,10
120403,2022,10
120404,2022,10
120405,2022,9
120406,2022,9
120407,2022,10
120408,2022,10
120409,2022,10
120410,2022,10
120411,2022,10
120412,2022,10
120413,2022,10
120414,2022,10
120415,2022,10
120416,2022,10
120417,2022,10
120418,2022,10
120419,2022,3
120420,2022,10
120421,2022,10
120422,2022,10
120423,2022,10
120424,2022,10
120425,2022,10
120426,2022,10
120427,2022,5
120428,2022,10
120429,2022,10
120430,2022,10
120431,2022,10
120432,2022,10
120433,2022,10
120434,2022,10
120501,2022,9
120502,2022,9
120503,2022,9
120504,2022,3
120601,2022,3
120602,2022,3
120603,2022,3
120604,2022,3
120605,2022,3
120606,2022,3
120607,2022,3
120608,2022,3
120609,2022,3
120701,2022,5
120702,2022,5
120703,2022,0
120704,2022,5
120705,2022,5
120706,2022,3
120707,2022,5
120708,2022,5
120709,2022,5
120801,2022,9
120802,2022,9
120803,2022,9
120804,2022,9
120805,2022,9
120806,2022,9
120807,2022,9
120808,2022,9
120809,2022,9
120810,2022,9
120901,2022,10
120902,2022,10
120903,2022,10
120904,2022,10
120905,2022,10
120906,2022,10
120907,2022,10
120908,2022,10
120909,2022,9
130101,2022,1
130102,2022,1
130103,2022,1
130104,2022,1
130105,2022,1
130106,2022,1
130107,2022,1
130108,2022,6
130109,2022,1
130110,2022,6
130111,2022,1
130201,2022,1
130202,2022,1
130203,2022,1
130204,2022,1
130205,2022,1
130206,2022,1
130207,2022,1
130208,2022,1
130301,2022,3
130302,2022,3
130303,2022,3
130304,2022,3
130305,2022,3
130306,2022,3
130401,2022,1
130402,2022,1
130403,2022,1
130501,2022,0
130502,2022,0
130503,2022,0
130504,2022,0
130601,2022,0
130602,2022,0
130604,2022,0
130605,2022,0
130606,2022,6
130608,2022,0
130610,2022,6
130611,2022,0
130613,2022,6
130614,2022,0
130701,2022,1
130702,2022,1
130703,2022,1
130704,2022,1
130705,2022,1
130801,2022,3
130802,2022,3
130803,2022,3
130804,2022,5
130805,2022,3
130806,2022,3
130807,2022,3
130808,2022,3
130809,2022,3
130810,2022,3
130811,2022,5
130812,2022,5
130813,2022,5
130901,2022,0
130902,2022,0
130903,2022,3
130904,2022,0
130905,2022,0
130906,2022,0
130907,2022,0
130908,2022,3
131001,2022,6
131002,2022,6
131003,2022,0
131004,2022,6
131005,2022,6
131006,2022,0
131007,2022,6
131008,2022,5
131101,2022,6
131102,2022,0
131103,2022,6
131104,2022,0
131201,2022,1
131202,2022,6
131203,2022,1
140101,2022,1
140102,2022,2
140103,2022,1
140104,2022,1
140105,2022,1
140106,2022,1
140107,2022,1
140108,2022,1
140109,2022,1
140110,2022,2
140111,2022,1
140112,2022,1
140113,2022,1
140114,2022,1
140115,2022,1
140116,2022,1
140117,2022,1
140118,2022,1
140119,2022,1
140120,2022,1
140201,2022,1
140202,2022,3
140203,2022,2
140204,2022,1
140205,2022,1
140206,2022,1
140301,2022,1
140302,2022,2
140303,2022,1
140304,2022,2
140305,2022,1
140306,2022,1
140307,2022,2
140308,2022,2
140309,2022,1
140310,2022,3
140311,2022,1
140312,2022,1
150101,2022,1
150102,2022,1
150103,2022,1
150104,2022,1
150105,2022,1
150106,2022,1
150107,2022,1
150108,2022,1
150109,2022,1
150110,2022,1
150111,2022,1
150112,2022,1
150113,2022,1
150114,2022,1
150115,2022,1
150116,2022,1
150117,2022,1
150118,2022,1
150119,2022,1
150120,2022,1
150121,2022,1
150122,2022,1
150123,2022,1
150124,2022,1
150125,2022,1
150126,2022,6
150127,2022,6
150128,2022,1
150129,2022,1
150130,2022,1
150131,2022,1
150132,2022,1
150133,2022,1
150134,2022,1
150135,2022,1
150136,2022,1
150137,2022,1
150138,2022,1
150139,2022,1
150140,2022,1
150141,2022,1
150142,2022,1
150143,2022,1
150201,2022,1
150202,2022,1
150203,2022,1
150204,2022,1
150205,2022,1
150301,2022,6
150302,2022,6
150303,2022,6
150304,2022,6
150305,2022,6
150401,2022,6
150402,2022,6
150403,2022,6
150404,2022,6
150405,2022,6
150406,2022,6
150407,2022,6
150501,2022,1
150502,2022,1
150503,2022,6
150504,2022,1
150505,2022,1
150506,2022,1
150507,2022,1
150508,2022,1
150509,2022,1
150510,2022,1
150511,2022,6
150512,2022,1
150513,2022,1
150514,2022,1
150515,2022,1
150516,2022,6
150601,2022,1
150602,2022,6
150603,2022,6
150604,2022,1
150605,2022,1
150606,2022,6
150607,2022,6
150608,2022,6
150609,2022,6
150610,2022,9
150611,2022,6
150612,2022,6
150701,2022,6
150702,2022,6
150703,2022,6
150704,2022,6
150705,2022,9
150706,2022,6
150707,2022,6
150708,2022,9
150709,2022,6
150710,2022,6
150711,2022,6
150712,2022,6
150713,2022,6
150714,2022,6
150715,2022,6
150716,2022,6
150717,2022,6
150718,2022,6
150719,2022,6
150720,2022,6
150721,2022,6
150722,2022,6
150723,2022,6
150724,2022,6
150725,2022,6
150726,2022,6
150727,2022,6
150728,2022,6
150729,2022,6
150730,2022,6
150731,2022,6
150732,2022,6
150801,2022,1
150802,2022,6
150803,2022,1
150804,2022,6
150805,2022,1
150806,2022,1
150807,2022,6
150808,2022,6
150809,2022,6
150810,2022,1
150811,2022,6
150812,2022,1
150901,2022,5
150902,2022,6
150903,2022,6
150904,2022,6
150905,2022,6
150906,2022,6
151001,2022,6
151002,2022,9
151003,2022,6
151004,2022,6
151005,2022,6
151006,2022,6
151007,2022,6
151008,2022,6
151009,2022,6
151010,2022,6
151011,2022,6
151012,2022,6
151013,2022,6
151014,2022,9
151015,2022,6
151016,2022,6
151017,2022,6
151018,2022,9
151019,2022,6
151020,2022,6
151021,2022,6
151022,2022,6
151023,2022,6
151024,2022,6
151025,2022,6
151026,2022,6
151027,2022,6
151028,2022,6
151029,2022,6
151030,2022,9
151031,2022,6
151032,2022,6
151033,2022,9
160101,2022,2
160102,2022,2
160103,2022,2
160104,2022,2
160105,2022,2
160106,2022,2
160107,2022,2
160108,2022,2
160110,2022,2
160112,2022,2
160113,2022,2
160201,2022,2
160202,2022,2
160205,2022,2
160206,2022,2
160210,2022,2
160211,2022,2
160301,2022,2
160302,2022,2
160303,2022,2
160304,2022,1
160305,2022,2
160401,2022,2
160402,2022,2
160403,2022,2
160404,2022,2
160501,2022,2
160502,2022,2
160503,2022,2
160504,2022,2
160505,2022,2
160506,2022,2
160507,2022,2
160508,2022,2
160509,2022,2
160510,2022,2
160511,2022,2
160601,2022,2
160602,2022,2
160603,2022,2
160604,2022,2
160605,2022,2
160606,2022,2
160701,2022,2
160702,2022,2
160703,2022,2
160704,2022,2
160705,2022,2
160706,2022,2
160801,2022,2
160802,2022,2
160803,2022,2
160804,2022,2
170101,2022,2
170102,2022,2
170103,2022,2
170104,2022,2
170201,2022,3
170202,2022,2
170203,2022,2
170204,2022,3
170301,2022,2
170302,2022,2
170303,2022,2
180101,2022,8
180102,2022,8
180103,2022,8
180104,2022,8
180105,2022,8
180106,2022,8
180201,2022,8
180202,2022,8
180203,2022,8
180204,2022,9
180205,2022,8
180206,2022,8
180207,2022,8
180208,2022,8
180209,2022,8
180210,2022,8
180211,2022,8
180301,2022,1
180302,2022,8
180303,2022,8
190101,2022,9
190102,2022,3
190103,2022,5
190104,2022,9
190105,2022,9
190106,2022,5
190107,2022,3
190108,2022,5
190109,2022,9
190110,2022,5
190111,2022,9
190112,2022,9
190113,2022,9
190201,2022,5
190202,2022,5
190203,2022,5
190204,2022,5
190205,2022,5
190206,2022,5
190207,2022,5
190208,2022,5
190301,2022,3
190302,2022,3
190303,2022,3
190304,2022,3
190305,2022,3
190306,2022,3
190307,2022,3
190308,2022,2
200101,2022,1
200104,2022,2
200105,2022,1
200107,2022,1
200108,2022,1
200109,2022,1
200110,2022,1
200111,2022,2
200114,2022,2
200115,2022,1
200201,2022,3
200202,2022,2
200203,2022,4
200204,2022,3
200205,2022,4
200206,2022,3
200207,2022,2
200208,2022,2
200209,2022,4
200210,2022,2
200301,2022,3
200302,2022,4
200303,2022,3
200304,2022,3
200305,2022,4
200306,2022,4
200307,2022,3
200308,2022,3
200401,2022,2
200402,2022,2
200403,2022,4
200404,2022,2
200405,2022,2
200406,2022,2
200407,2022,4
200408,2022,4
200409,2022,4
200410,2022,4
200501,2022,1
200502,2022,1
200503,2022,1
200504,2022,1
200505,2022,1
200506,2022,1
200507,2022,1
200601,2022,2
200602,2022,10
200603,2022,1
200604,2022,2
200605,2022,2
200606,2022,1
200607,2022,2
200608,2022,2
200701,2022,1
200702,2022,2
200703,2022,1
200704,2022,1
200705,2022,2
200706,2022,2
200801,2022,1
200802,2022,1
200803,2022,1
200804,2022,1
200805,2022,1
200806,2022,1
210101,2022,10
210102,2022,10
210103,2022,9
210104,2022,10
210105,2022,10
210106,2022,10
210107,2022,10
210108,2022,10
210109,2022,9
210110,2022,10
210111,2022,9
210112,2022,10
210113,2022,9
210114,2022,10
210115,2022,10
210201,2022,10
210202,2022,10
210203,2022,10
210204,2022,9
210205,2022,10
210206,2022,10
210207,2022,10
210208,2022,9
210209,2022,9
210210,2022,10
210211,2022,9
210212,2022,9
210213,2022,10
210214,2022,10
210215,2022,0
210301,2022,9
210302,2022,9
210303,2022,3
210304,2022,9
210305,2022,9
210306,2022,9
210307,2022,9
210308,2022,3
210309,2022,3
210310,2022,9
210401,2022,10
210402,2022,10
210403,2022,10
210404,2022,10
210405,2022,10
210406,2022,10
210407,2022,10
210501,2022,10
210502,2022,8
210503,2022,10
210504,2022,8
210505,2022,10
210601,2022,10
210602,2022,9
210603,2022,10
210604,2022,10
210605,2022,10
210606,2022,10
210607,2022,10
210608,2022,10
210701,2022,9
210702,2022,9
210703,2022,10
210704,2022,10
210705,2022,9
210706,2022,9
210707,2022,9
210708,2022,10
210709,2022,9
210710,2022,9
210801,2022,9
210802,2022,9
210803,2022,9
210804,2022,9
210805,2022,9
210806,2022,9
210807,2022,9
210808,2022,9
210809,2022,9
210901,2022,10
210902,2022,10
210903,2022,9
210904,2022,10
211001,2022,9
211002,2022,9
211003,2022,10
211004,2022,9
211005,2022,9
211101,2022,10
211102,2022,10
211103,2022,9
211104,2022,10
211105,2022,10
211201,2022,3
211202,2022,9
211203,2022,3
211204,2022,3
211205,2022,3
211206,2022,3
211207,2022,3
211208,2022,3
211209,2022,3
211210,2022,3
211301,2022,10
211302,2022,2
211303,2022,10
211304,2022,10
211305,2022,10
211306,2022,10
211307,2022,10
220101,2022,2
220102,2022,2
220103,2022,2
220104,2022,2
220105,2022,2
220106,2022,2
220201,2022,2
220202,2022,2
220203,2022,2
220204,2022,2
220205,2022,2
220206,2022,2
220301,2022,2
220302,2022,2
220303,2022,2
220304,2022,2
220305,2022,2
220401,2022,2
220402,2022,2
220403,2022,2
220404,2022,2
220405,2022,2
220406,2022,2
220501,2022,2
220502,2022,2
220503,2022,2
220504,2022,2
220505,2022,2
220506,2022,2
220507,2022,2
220508,2022,2
220509,2022,2
220510,2022,2
220511,2022,2
220601,2022,2
220602,2022,3
220603,2022,3
220604,2022,2
220605,2022,2
220701,2022,2
220702,2022,2
220703,2022,2
220704,2022,2
220705,2022,2
220706,2022,2
220707,2022,2
220708,2022,2
220709,2022,2
220710,2022,2
220801,2022,2
220802,2022,2
220803,2022,2
220804,2022,2
220805,2022,2
220806,2022,2
220807,2022,2
220808,2022,2
220809,2022,2
220901,2022,2
220902,2022,2
220903,2022,2
220904,2022,2
220905,2022,2
220906,2022,2
220907,2022,2
220908,2022,2
220909,2022,2
220910,2022,2
220911,2022,2
220912,2022,2
220913,2022,2
220914,2022,2
221001,2022,3
221002,2022,3
221003,2022,3
221004,2022,3
221005,2022,3
221006,2022,2
230101,2022,1
230102,2022,8
230103,2022,8
230104,2022,8
230105,2022,8
230106,2022,8
230107,2022,8
230108,2022,8
230109,2022,8
230110,2022,1
230111,2022,1
230201,2022,8
230202,2022,8
230203,2022,8
230204,2022,8
230205,2022,8
230206,2022,8
230301,2022,8
230302,2022,8
230303,2022,8
230401,2022,8
230402,2022,8
230403,2022,8
230404,2022,8
230405,2022,8
230406,2022,8
230407,2022,8
230408,2022,8
240101,2022,2
240102,2022,2
240103,2022,2
240104,2022,2
240105,2022,2
240106,2022,2
240201,2022,2
240202,2022,2
240203,2022,2
240301,2022,2
240302,2022,2
240303,2022,2
240304,2022,2
250101,2022,2
250102,2022,2
250103,2022,2
250104,2022,2
250105,2022,2
250106,2022,2
250107,2022,2
250201,2022,2
250202,2022,2
250203,2022,2
250204,2022,2
250301,2022,2
250302,2022,2
250303,2022,2
250304,2022,2
250305,2022,2
250306,2022,2
250307,2022,2
250401,2022,2
010101,2023,4
010102,2023,4
010103,2023,3
010104,2023,4
010105,2023,4
010106,2023,3
010107,2023,4
010108,2023,4
010109,2023,4
010110,2023,3
010111,2023,4
010112,2023,4
010113,2023,4
010114,2023,4
010115,2023,4
010116,2023,4
010117,2023,4
010118,2023,4
010119,2023,4
010120,2023,4
010121,2023,4
010201,2023,2
010202,2023,2
010203,2023,2
010204,2023,2
010205,2023,3
010206,2023,2
010301,2023,4
010302,2023,4
010303,2023,4
010304,2023,4
010305,2023,4
010306,2023,3
010307,2023,4
010308,2023,4
010309,2023,4
010310,2023,4
010311,2023,4
010312,2023,3
010401,2023,3
010402,2023,3
010403,2023,2
010501,2023,4
010502,2023,4
010503,2023,4
010504,2023,4
010505,2023,4
010506,2023,4
010507,2023,4
010508,2023,4
010509,2023,4
010510,2023,4
010511,2023,4
010512,2023,4
010513,2023,4
010514,2023,4
010515,2023,4
010516,2023,4
010517,2023,4
010518,2023,4
010519,2023,4
010520,2023,4
010521,2023,4
010522,2023,4
010523,2023,4
010601,2023,4
010602,2023,4
010603,2023,4
010604,2023,4
010605,2023,4
010606,2023,4
010607,2023,4
010608,2023,4
010609,2023,4
010610,2023,4
010611,2023,4
010612,2023,4
010701,2023,4
010702,2023,3
010703,2023,4
010704,2023,2
010705,2023,4
010706,2023,4
010707,2023,4
020101,2023,9
020102,2023,6
020103,2023,6
020104,2023,6
020105,2023,0
020106,2023,0
020107,2023,6
020108,2023,9
020109,2023,6
020110,2023,6
020111,2023,0
020112,2023,0
020201,2023,5
020202,2023,6
020203,2023,5
020204,2023,5
020205,2023,6
020301,2023,5
020302,2023,5
020303,2023,5
020304,2023,5
020305,2023,5
020306,2023,5
020401,2023,0
020402,2023,0
020501,2023,5
020502,2023,5
020503,2023,6
020504,2023,5
020505,2023,6
020506,2023,6
020507,2023,6
020508,2023,5
020509,2023,5
020510,2023,6
020511,2023,6
020512,2023,6
020513,2023,6
020514,2023,6
020515,2023,6
020601,2023,0
020602,2023,0
020603,2023,0
020604,2023,0
020605,2023,0
020606,2023,0
020607,2023,0
020608,2023,0
020609,2023,0
020610,2023,0
020611,2023,0
020701,2023,5
020702,2023,5
020703,2023,5
020801,2023,6
020802,2023,6
020803,2023,1
020804,2023,6
020901,2023,6
020902,2023,5
020903,2023,6
020904,2023,5
020905,2023,6
020906,2023,6
020907,2023,6
021001,2023,0
021002,2023,5
021003,2023,5
021004,2023,9
021005,2023,5
021006,2023,5
021007,2023,5
021008,2023,0
021009,2023,5
021010,2023,5
021011,2023,5
021012,2023,5
021013,2023,5
021014,2023,5
021015,2023,5
021016,2023,5
021101,2023,6
021102,2023,6
021103,2023,6
021104,2023,6
021105,2023,6
021201,2023,0
021202,2023,6
021203,2023,0
021204,2023,6
021205,2023,0
021206,2023,6
021207,2023,0
021208,2023,0
021209,2023,6
021210,2023,6
021301,2023,5
021302,2023,5
021303,2023,5
021304,2023,5
021305,2023,5
021306,2023,5
021307,2023,5
021308,2023,5
021401,2023,6
021402,2023,6
021403,2023,6
021404,2023,6
021405,2023,6
021406,2023,6
021407,2023,6
021408,2023,6
021409,2023,6
021410,2023,6
021501,2023,6
021502,2023,6
021503,2023,5
021504,2023,4
021505,2023,6
021506,2023,6
021507,2023,6
021508,2023,6
021509,2023,5
021510,2023,6
021511,2023,6
021601,2023,5
021602,2023,5
021603,2023,5
021604,2023,5
021701,2023,9
021702,2023,5
021703,2023,6
021704,2023,6
021705,2023,6
021706,2023,6
021707,2023,5
021708,2023,6
021709,2023,6
021710,2023,9
021801,2023,1
021802,2023,6
021803,2023,1
021804,2023,6
021805,2023,6
021806,2023,1
021807,2023,1
021808,2023,1
021809,2023,1
021901,2023,5
021902,2023,5
021903,2023,5
021904,2023,5
021905,2023,5
021906,2023,5
021907,2023,5
021908,2023,5
021909,2023,5
021910,2023,5
022001,2023,0
022002,2023,6
022003,2023,0
022004,2023,0
022005,2023,6
022006,2023,0
022007,2023,6
022008,2023,0
030101,2023,5
030102,2023,5
030103,2023,5
030104,2023,5
030105,2023,3
030106,2023,5
030107,2023,5
030108,2023,5
030109,2023,7
030201,2023,0
030202,2023,0
030203,2023,5
030204,2023,5
030205,2023,0
030206,2023,5
030207,2023,5
030208,2023,3
030209,2023,0
030210,2023,9
030211,2023,9
030212,2023,5
030213,2023,5
030214,2023,5
030215,2023,0
030216,2023,0
030217,2023,5
030218,2023,0
030219,2023,0
030220,2023,0
030301,2023,9
030302,2023,5
030303,2023,5
030304,2023,9
030305,2023,9
030306,2023,5
030307,2023,5
030401,2023,7
030402,2023,9
030403,2023,7
030404,2023,5
030405,2023,5
030406,2023,9
030407,2023,7
030408,2023,7
030409,2023,5
030410,2023,7
030411,2023,5
030412,2023,9
030413,2023,7
030414,2023,5
030415,2023,5
030416,2023,7
030417,2023,7
030501,2023,5
030502,2023,5
030503,2023,5
030504,2023,9
030505,2023,0
030506,2023,5
030601,2023,5
030602,2023,5
030603,2023,0
030604,2023,5
030605,2023,0
030606,2023,5
030607,2023,5
030608,2023,5
030609,2023,5
030610,2023,5
030611,2023,5
030612,2023,5
030701,2023,5
030702,2023,5
030703,2023,5
030704,2023,5
030705,2023,5
030706,2023,5
030707,2023,5
030708,2023,5
030709,2023,5
030710,2023,5
030711,2023,5
030712,2023,5
030713,2023,5
030714,2023,5
040101,2023,10
040102,2023,10
040103,2023,10
040104,2023,10
040105,2023,10
040106,2023,10
040107,2023,10
040108,2023,8
040109,2023,10
040110,2023,10
040111,2023,10
040112,2023,10
040113,2023,8
040114,2023,8
040115,2023,8
040116,2023,10
040117,2023,10
040118,2023,8
040119,2023,8
040120,2023,8
040121,2023,8
040122,2023,10
040123,2023,10
040124,2023,8
040125,2023,8
040126,2023,10
040127,2023,8
040128,2023,8
040129,2023,10
040201,2023,1
040202,2023,1
040203,2023,8
040204,2023,1
040205,2023,1
040206,2023,8
040207,2023,8
040208,2023,1
040301,2023,8
040302,2023,8
040303,2023,8
040304,2023,8
040305,2023,8
040306,2023,8
040307,2023,8
040308,2023,8
040309,2023,8
040310,2023,8
040311,2023,8
040312,2023,8
040313,2023,8
040401,2023,8
040402,2023,8
040403,2023,8
040404,2023,8
040405,2023,8
040406,2023,8
040407,2023,8
040408,2023,8
040409,2023,8
040410,2023,8
040411,2023,8
040412,2023,8
040413,2023,8
040414,2023,8
040501,2023,8
040502,2023,8
040503,2023,8
040504,2023,9
040505,2023,9
040506,2023,8
040507,2023,8
040508,2023,8
040509,2023,8
040510,2023,8
040511,2023,8
040512,2023,8
040513,2023,8
040514,2023,9
040515,2023,9
040516,2023,8
040517,2023,9
040518,2023,8
040519,2023,8
040520,2023,8
040601,2023,8
040602,2023,8
040603,2023,9
040604,2023,6
040605,2023,8
040606,2023,8
040607,2023,8
040608,2023,8
040701,2023,8
040702,2023,8
040703,2023,1
040704,2023,8
040705,2023,1
040706,2023,8
040801,2023,8
040802,2023,8
040803,2023,6
040804,2023,8
040805,2023,8
040806,2023,9
040807,2023,6
040808,2023,6
040809,2023,6
040810,2023,8
040811,2023,8
050101,2023,0
050102,2023,0
050103,2023,0
050104,2023,0
050105,2023,0
050106,2023,0
050107,2023,0
050108,2023,0
050109,2023,0
050110,2023,10
050111,2023,0
050112,2023,0
050113,2023,0
050114,2023,0
050115,2023,0
050116,2023,10
050201,2023,0
050202,2023,5
050203,2023,0
050204,2023,0
050205,2023,9
050206,2023,5
050301,2023,9
050302,2023,5
050303,2023,9
050304,2023,9
050401,2023,0
050402,2023,5
050403,2023,0
050404,2023,0
050405,2023,5
050406,2023,5
050407,2023,3
050408,2023,3
050409,2023,3
050410,2023,5
050411,2023,3
050412,2023,5
050413,2023,5
050501,2023,0
050502,2023,3
050503,2023,3
050504,2023,0
050505,2023,3
050506,2023,5
050507,2023,3
050508,2023,0
050509,2023,3
050510,2023,3
050511,2023,3
050512,2023,3
050513,2023,3
050514,2023,0
050515,2023,0
050601,2023,9
050602,2023,9
050603,2023,9
050604,2023,9
050605,2023,8
050606,2023,9
050607,2023,6
050608,2023,8
050609,2023,8
050610,2023,8
050611,2023,8
050612,2023,8
050613,2023,8
050614,2023,8
050615,2023,8
050616,2023,8
050617,2023,8
050618,2023,8
050619,2023,8
050620,2023,5
050621,2023,8
050701,2023,9
050702,2023,8
050703,2023,8
050704,2023,8
050705,2023,8
050706,2023,8
050707,2023,8
050708,2023,8
050801,2023,8
050802,2023,8
050803,2023,6
050804,2023,8
050805,2023,8
050806,2023,8
050807,2023,7
050808,2023,8
050809,2023,6
050810,2023,8
050901,2023,5
050902,2023,7
050903,2023,5
050904,2023,5
050905,2023,9
050906,2023,5
050907,2023,5
050908,2023,9
050909,2023,5
050910,2023,5
050911,2023,9
051001,2023,5
051002,2023,5
051003,2023,5
051004,2023,5
051005,2023,5
051006,2023,5
051007,2023,0
051008,2023,5
051009,2023,5
051010,2023,5
051011,2023,5
051012,2023,9
051101,2023,0
051102,2023,5
051103,2023,7
051104,2023,0
051105,2023,5
051106,2023,5
051107,2023,7
051108,2023,0
060101,2023,0
060102,2023,0
060103,2023,0
060104,2023,0
060105,2023,0
060106,2023,0
060107,2023,0
060108,2023,0
060109,2023,0
060110,2023,0
060111,2023,0
060112,2023,0
060201,2023,0
060202,2023,0
060203,2023,0
060204,2023,0
060301,2023,4
060302,2023,4
060303,2023,4
060304,2023,0
060305,2023,4
060306,2023,4
060307,2023,0
060308,2023,0
060309,2023,0
060310,2023,0
060311,2023,3
060312,2023,0
060401,2023,0
060402,2023,4
060403,2023,4
060404,2023,4
060405,2023,4
060406,2023,4
060407,2023,4
060408,2023,4
060409,2023,4
060410,2023,4
060411,2023,4
060412,2023,4
060413,2023,0
060414,2023,4
060415,2023,4
060416,2023,4
060417,2023,4
060418,2023,2
060419,2023,0
060501,2023,4
060502,2023,4
060503,2023,1
060504,2023,4
060505,2023,1
060506,2023,4
060507,2023,4
060508,2023,1
060601,2023,4
060602,2023,4
060603,2023,4
060604,2023,4
060605,2023,4
060606,2023,4
060607,2023,4
060608,2023,4
060609,2023,4
060610,2023,4
060611,2023,4
060612,2023,4
060613,2023,4
060614,2023,4
060615,2023,4
060701,2023,0
060702,2023,0
060703,2023,0
060801,2023,3
060802,2023,3
060803,2023,3
060804,2023,4
060805,2023,3
060806,2023,3
060807,2023,3
060808,2023,4
060809,2023,3
060810,2023,3
060811,2023,3
060812,2023,2
060901,2023,3
060902,2023,3
060903,2023,3
060904,2023,3
060905,2023,3
060906,2023,3
060907,2023,3
061001,2023,0
061002,2023,4
061003,2023,0
061004,2023,0
061005,2023,0
061006,2023,0
061007,2023,0
061101,2023,4
061102,2023,4
061103,2023,4
061104,2023,0
061105,2023,4
061106,2023,4
061107,2023,0
061108,2023,1
061109,2023,4
061110,2023,1
061111,2023,4
061112,2023,4
061113,2023,4
061201,2023,4
061202,2023,4
061203,2023,4
061204,2023,0
061301,2023,4
061302,2023,4
061303,2023,4
061304,2023,4
061305,2023,4
061306,2023,4
061307,2023,4
061308,2023,4
061309,2023,4
061310,2023,4
061311,2023,4
070101,2023,1
070102,2023,1
070103,2023,1
070104,2023,1
070105,2023,1
070106,2023,1
070107,2023,1
080101,2023,0
080102,2023,0
080103,2023,0
080104,2023,0
080105,2023,0
080106,2023,0
080107,2023,0
080108,2023,10
080201,2023,0
080202,2023,9
080203,2023,5
080204,2023,9
080205,2023,0
080206,2023,0
080207,2023,9
080301,2023,0
080302,2023,0
080303,2023,10
080304,2023,0
080305,2023,0
080306,2023,0
080307,2023,7
080308,2023,0
080309,2023,0
080401,2023,0
080402,2023,0
080403,2023,0
080404,2023,0
080405,2023,0
080406,2023,0
080407,2023,0
080408,2023,3
080501,2023,9
080502,2023,9
080503,2023,9
080504,2023,9
080505,2023,9
080506,2023,9
080507,2023,9
080508,2023,9
080601,2023,9
080602,2023,9
080603,2023,9
080604,2023,9
080605,2023,9
080606,2023,9
080607,2023,0
080608,2023,0
080701,2023,9
080702,2023,5
080703,2023,9
080704,2023,0
080705,2023,9
080706,2023,9
080707,2023,0
080708,2023,9
080801,2023,9
080802,2023,9
080803,2023,9
080804,2023,9
080805,2023,9
080806,2023,9
080807,2023,9
080808,2023,9
080901,2023,1
080902,2023,3
080903,2023,3
080904,2023,3
080905,2023,3
080906,2023,3
080907,2023,3
080908,2023,3
080909,2023,3
080910,2023,3
080911,2023,3
080912,2023,3
080913,2023,3
080914,2023,2
080915,2023,3
080916,2023,3
080917,2023,3
080918,2023,3
081001,2023,0
081002,2023,5
081003,2023,5
081004,2023,5
081005,2023,0
081006,2023,5
081007,2023,0
081008,2023,5
081009,2023,0
081101,2023,0
081102,2023,0
081103,2023,0
081104,2023,0
081105,2023,0
081106,2023,3
081201,2023,0
081202,2023,0
081203,2023,3
081204,2023,0
081205,2023,0
081206,2023,9
081207,2023,0
081208,2023,0
081209,2023,9
081210,2023,9
081211,2023,0
081212,2023,0
081301,2023,0
081302,2023,0
081303,2023,0
081304,2023,7
081305,2023,0
081306,2023,0
081307,2023,0
090101,2023,9
090102,2023,5
090103,2023,5
090104,2023,5
090105,2023,5
090106,2023,9
090107,2023,5
090108,2023,5
090109,2023,5
090110,2023,5
090111,2023,5
090112,2023,5
090113,2023,5
090114,2023,5
090115,2023,5
090116,2023,5
090117,2023,0
090118,2023,9
090119,2023,5
090201,2023,0
090202,2023,0
090203,2023,0
090204,2023,0
090205,2023,0
090206,2023,0
090207,2023,0
090208,2023,0
090301,2023,5
090302,2023,0
090303,2023,0
090304,2023,0
090305,2023,0
090306,2023,0
090307,2023,5
090308,2023,0
090309,2023,0
090310,2023,0
090311,2023,0
090312,2023,0
090401,2023,6
090402,2023,6
090403,2023,6
090404,2023,6
090405,2023,6
090406,2023,6
090407,2023,6
090408,2023,6
090409,2023,6
090410,2023,6
090411,2023,9
090412,2023,6
090413,2023,6
090501,2023,5
090502,2023,5
090503,2023,5
090504,2023,0
090505,2023,5
090506,2023,0
090507,2023,5
090508,2023,5
090509,2023,5
090510,2023,5
090511,2023,5
090601,2023,6
090602,2023,6
090603,2023,8
090604,2023,6
090605,2023,8
090606,2023,6
090607,2023,9
090608,2023,8
090609,2023,6
090610,2023,6
090611,2023,8
090612,2023,8
090613,2023,8
090614,2023,8
090615,2023,8
090616,2023,6
090701,2023,0
090702,2023,5
090703,2023,5
090704,2023,5
090705,2023,0
090706,2023,5
090707,2023,3
090709,2023,5
090710,2023,5
090711,2023,5
090713,2023,5
090714,2023,5
090715,2023,5
090716,2023,5
090717,2023,3
090718,2023,3
090719,2023,0
090720,2023,5
090721,2023,3
090722,2023,5
090723,2023,0
090724,2023,3
090725,2023,5
100101,2023,0
100102,2023,0
100103,2023,3
100104,2023,3
100105,2023,5
100106,2023,5
100107,2023,0
100108,2023,5
100109,2023,7
100110,2023,5
100111,2023,0
100112,2023,5
100113,2023,3
100201,2023,3
100202,2023,5
100203,2023,5
100204,2023,0
100205,2023,5
100206,2023,5
100207,2023,5
100208,2023,5
100301,2023,5
100307,2023,5
100311,2023,5
100313,2023,5
100316,2023,5
100317,2023,5
100321,2023,5
100322,2023,5
100323,2023,5
100401,2023,5
100402,2023,5
100403,2023,5
100404,2023,5
100501,2023,5
100502,2023,5
100503,2023,5
100504,2023,5
100505,2023,5
100506,2023,5
100507,2023,3
100508,2023,5
100509,2023,5
100510,2023,5
100511,2023,5
100601,2023,3
100602,2023,3
100603,2023,2
100604,2023,3
100605,2023,2
100606,2023,3
100607,2023,2
100608,2023,2
100609,2023,2
100610,2023,2
100701,2023,5
100702,2023,3
100703,2023,5
100704,2023,3
100705,2023,3
100801,2023,3
100802,2023,3
100803,2023,3
100804,2023,3
100901,2023,2
100902,2023,3
100903,2023,2
100904,2023,2
100905,2023,2
101001,2023,5
101002,2023,5
101003,2023,5
101004,2023,9
101005,2023,5
101006,2023,5
101007,2023,5
101101,2023,5
101102,2023,5
101103,2023,5
101104,2023,5
101105,2023,5
101106,2023,5
101107,2023,5
101108,2023,5
110101,2023,1
110102,2023,1
110103,2023,1
110104,2023,8
110105,2023,1
110106,2023,1
110107,2023,1
110108,2023,1
110109,2023,1
110110,2023,1
110111,2023,8
110112,2023,1
110113,2023,1
110114,2023,1
110201,2023,1
110202,2023,1
110203,2023,6
110204,2023,1
110205,2023,1
110206,2023,1
110207,2023,1
110208,2023,6
110209,2023,6
110210,2023,1
110211,2023,1
110301,2023,8
110302,2023,8
110303,2023,8
110304,2023,8
110305,2023,8
110401,2023,8
110402,2023,8
110403,2023,8
110404,2023,8
110405,2023,8
110501,2023,1
110502,2023,6
110503,2023,1
110504,2023,1
110505,2023,1
110506,2023,1
110507,2023,1
110508,2023,1
120101,2023,0
120104,2023,5
120105,2023,5
120106,2023,10
120107,2023,10
120108,2023,9
120111,2023,10
120112,2023,5
120113,2023,0
120114,2023,10
120116,2023,10
120117,2023,10
120119,2023,10
120120,2023,9
120121,2023,10
120122,2023,0
120124,2023,3
120125,2023,10
120126,2023,0
120127,2023,10
120128,2023,10
120129,2023,10
120130,2023,10
120132,2023,10
120133,2023,10
120134,2023,10
120135,2023,3
120136,2023,10
120201,2023,10
120202,2023,10
120203,2023,3
120204,2023,10
120205,2023,5
120206,2023,0
120207,2023,10
120208,2023,10
120209,2023,5
120210,2023,10
120211,2023,10
120212,2023,10
120213,2023,10
120214,2023,9
120215,2023,10
120301,2023,3
120302,2023,3
120303,2023,3
120304,2023,3
120305,2023,3
120306,2023,3
120401,2023,10
120402,2023,10
120403,2023,10
120404,2023,10
120405,2023,9
120406,2023,9
120407,2023,10
120408,2023,10
120409,2023,10
120410,2023,10
120411,2023,10
120412,2023,10
120413,2023,10
120414,2023,10
120415,2023,10
120416,2023,10
120417,2023,10
120418,2023,10
120419,2023,3
120420,2023,10
120421,2023,10
120422,2023,10
120423,2023,10
120424,2023,10
120425,2023,10
120426,2023,10
120427,2023,5
120428,2023,10
120429,2023,10
120430,2023,10
120431,2023,10
120432,2023,10
120433,2023,10
120434,2023,10
120501,2023,9
120502,2023,9
120503,2023,9
120504,2023,3
120601,2023,3
120602,2023,3
120603,2023,3
120604,2023,3
120605,2023,3
120606,2023,3
120607,2023,3
120608,2023,3
120609,2023,3
120701,2023,5
120702,2023,5
120703,2023,0
120704,2023,5
120705,2023,5
120706,2023,3
120707,2023,5
120708,2023,5
120709,2023,5
120801,2023,9
120802,2023,9
120803,2023,9
120804,2023,9
120805,2023,9
120806,2023,9
120807,2023,9
120808,2023,9
120809,2023,9
120810,2023,9
120901,2023,10
120902,2023,10
120903,2023,10
120904,2023,10
120905,2023,10
120906,2023,10
120907,2023,0
120908,2023,10
120909,2023,9
130101,2023,1
130102,2023,1
130103,2023,1
130104,2023,1
130105,2023,1
130106,2023,1
130107,2023,1
130108,2023,1
130109,2023,1
130110,2023,1
130111,2023,1
130201,2023,1
130202,2023,1
130203,2023,1
130204,2023,1
130205,2023,1
130206,2023,1
130207,2023,1
130208,2023,1
130301,2023,3
130302,2023,3
130303,2023,3
130304,2023,3
130305,2023,3
130306,2023,3
130401,2023,1
130402,2023,1
130403,2023,1
130501,2023,0
130502,2023,0
130503,2023,0
130504,2023,0
130601,2023,0
130602,2023,0
130604,2023,0
130605,2023,0
130606,2023,4
130608,2023,0
130610,2023,4
130611,2023,0
130613,2023,4
130614,2023,0
130701,2023,1
130702,2023,1
130703,2023,1
130704,2023,1
130705,2023,1
130801,2023,3
130802,2023,3
130803,2023,5
130804,2023,5
130805,2023,3
130806,2023,5
130807,2023,3
130808,2023,3
130809,2023,3
130810,2023,3
130811,2023,5
130812,2023,5
130813,2023,5
130901,2023,0
130902,2023,0
130903,2023,3
130904,2023,0
130905,2023,0
130906,2023,0
130907,2023,0
130908,2023,3
131001,2023,6
131002,2023,6
131003,2023,0
131004,2023,5
131005,2023,6
131006,2023,0
131007,2023,6
131008,2023,5
131101,2023,6
131102,2023,0
131103,2023,6
131104,2023,0
131201,2023,1
131202,2023,1
131203,2023,1
140101,2023,1
140102,2023,2
140103,2023,1
140104,2023,1
140105,2023,1
140106,2023,1
140107,2023,1
140108,2023,1
140109,2023,1
140110,2023,2
140111,2023,1
140112,2023,1
140113,2023,1
140114,2023,1
140115,2023,1
140116,2023,1
140117,2023,1
140118,2023,1
140119,2023,1
140120,2023,1
140201,2023,1
140202,2023,3
140203,2023,2
140204,2023,1
140205,2023,1
140206,2023,1
140301,2023,1
140302,2023,2
140303,2023,1
140304,2023,2
140305,2023,1
140306,2023,1
140307,2023,2
140308,2023,2
140309,2023,1
140310,2023,3
140311,2023,1
140312,2023,1
150101,2023,1
150102,2023,1
150103,2023,1
150104,2023,1
150105,2023,1
150106,2023,1
150107,2023,1
150108,2023,1
150109,2023,1
150110,2023,1
150111,2023,1
150112,2023,1
150113,2023,1
150114,2023,1
150115,2023,1
150116,2023,1
150117,2023,1
150118,2023,1
150119,2023,1
150120,2023,1
150121,2023,1
150122,2023,1
150123,2023,1
150124,2023,1
150125,2023,1
150126,2023,1
150127,2023,6
150128,2023,1
150129,2023,1
150130,2023,1
150131,2023,1
150132,2023,1
150133,2023,1
150134,2023,1
150135,2023,1
150136,2023,1
150137,2023,1
150138,2023,1
150139,2023,1
150140,2023,1
150141,2023,1
150142,2023,1
150143,2023,1
150201,2023,1
150202,2023,1
150203,2023,1
150204,2023,1
150205,2023,1
150301,2023,6
150302,2023,6
150303,2023,6
150304,2023,6
150305,2023,6
150401,2023,6
150402,2023,6
150403,2023,6
150404,2023,6
150405,2023,6
150406,2023,6
150407,2023,6
150501,2023,1
150502,2023,1
150503,2023,6
150504,2023,1
150505,2023,1
150506,2023,1
150507,2023,1
150508,2023,1
150509,2023,1
150510,2023,1
150511,2023,6
150512,2023,1
150513,2023,1
150514,2023,1
150515,2023,1
150516,2023,6
150601,2023,1
150602,2023,6
150603,2023,6
150604,2023,1
150605,2023,1
150606,2023,6
150607,2023,6
150608,2023,6
150609,2023,6
150610,2023,9
150611,2023,6
150612,2023,6
150701,2023,6
150702,2023,6
150703,2023,6
150704,2023,6
150705,2023,9
150706,2023,6
150707,2023,6
150708,2023,9
150709,2023,6
150710,2023,6
150711,2023,6
150712,2023,6
150713,2023,6
150714,2023,6
150715,2023,6
150716,2023,6
150717,2023,6
150718,2023,6
150719,2023,6
150720,2023,6
150721,2023,6
150722,2023,6
150723,2023,6
150724,2023,6
150725,2023,6
150726,2023,6
150727,2023,6
150728,2023,6
150729,2023,6
150730,2023,6
150731,2023,6
150732,2023,6
150801,2023,1
150802,2023,6
150803,2023,1
150804,2023,6
150805,2023,1
150806,2023,1
150807,2023,6
150808,2023,6
150809,2023,6
150810,2023,1
150811,2023,6
150812,2023,1
150901,2023,5
150902,2023,6
150903,2023,6
150904,2023,6
150905,2023,6
150906,2023,6
151001,2023,6
151002,2023,9
151003,2023,6
151004,2023,6
151005,2023,6
151006,2023,6
151007,2023,6
151008,2023,6
151009,2023,6
151010,2023,6
151011,2023,6
151012,2023,6
151013,2023,6
151014,2023,9
151015,2023,6
151016,2023,6
151017,2023,6
151018,2023,9
151019,2023,6
151020,2023,5
151021,2023,6
151022,2023,6
151023,2023,6
151024,2023,6
151025,2023,6
151026,2023,6
151027,2023,6
151028,2023,6
151029,2023,6
151030,2023,9
151031,2023,6
151032,2023,6
151033,2023,9
160101,2023,2
160102,2023,2
160103,2023,2
160104,2023,2
160105,2023,2
160106,2023,2
160107,2023,2
160108,2023,2
160110,2023,2
160112,2023,2
160113,2023,2
160201,2023,2
160202,2023,2
160205,2023,2
160206,2023,2
160210,2023,2
160211,2023,2
160301,2023,2
160302,2023,2
160303,2023,2
160304,2023,1
160305,2023,2
160401,2023,2
160402,2023,2
160403,2023,2
160404,2023,2
160501,2023,2
160502,2023,2
160503,2023,2
160504,2023,2
160505,2023,2
160506,2023,2
160507,2023,2
160508,2023,2
160509,2023,2
160510,2023,2
160511,2023,2
160601,2023,2
160602,2023,2
160603,2023,2
160604,2023,2
160605,2023,2
160606,2023,2
160701,2023,2
160702,2023,2
160703,2023,2
160704,2023,2
160705,2023,2
160706,2023,2
160801,2023,2
160802,2023,2
160803,2023,2
160804,2023,2
170101,2023,2
170102,2023,2
170103,2023,2
170104,2023,2
170201,2023,3
170202,2023,2
170203,2023,2
170204,2023,3
170301,2023,2
170302,2023,2
170303,2023,2
180101,2023,8
180102,2023,8
180103,2023,8
180104,2023,8
180105,2023,8
180106,2023,8
180201,2023,8
180202,2023,8
180203,2023,8
180204,2023,9
180205,2023,8
180206,2023,8
180207,2023,8
180208,2023,8
180209,2023,8
180210,2023,8
180211,2023,8
180301,2023,1
180302,2023,8
180303,2023,8
190101,2023,9
190102,2023,3
190103,2023,5
190104,2023,9
190105,2023,9
190106,2023,5
190107,2023,5
190108,2023,5
190109,2023,9
190110,2023,5
190111,2023,9
190112,2023,9
190113,2023,9
190201,2023,5
190202,2023,5
190203,2023,5
190204,2023,5
190205,2023,7
190206,2023,5
190207,2023,5
190208,2023,5
190301,2023,3
190302,2023,3
190303,2023,3
190304,2023,3
190305,2023,3
190306,2023,3
190307,2023,3
190308,2023,2
200101,2023,1
200104,2023,1
200105,2023,1
200107,2023,1
200108,2023,1
200109,2023,1
200110,2023,1
200111,2023,2
200114,2023,2
200115,2023,1
200201,2023,3
200202,2023,4
200203,2023,4
200204,2023,3
200205,2023,4
200206,2023,3
200207,2023,2
200208,2023,2
200209,2023,4
200210,2023,2
200301,2023,3
200302,2023,4
200303,2023,3
200304,2023,3
200305,2023,4
200306,2023,4
200307,2023,3
200308,2023,4
200401,2023,2
200402,2023,2
200403,2023,4
200404,2023,2
200405,2023,2
200406,2023,2
200407,2023,4
200408,2023,4
200409,2023,4
200410,2023,4
200501,2023,1
200502,2023,1
200503,2023,1
200504,2023,1
200505,2023,1
200506,2023,1
200507,2023,1
200601,2023,2
200602,2023,10
200603,2023,1
200604,2023,2
200605,2023,2
200606,2023,1
200607,2023,2
200608,2023,2
200701,2023,1
200702,2023,2
200703,2023,1
200704,2023,1
200705,2023,2
200706,2023,2
200801,2023,1
200802,2023,1
200803,2023,1
200804,2023,1
200805,2023,1
200806,2023,1
210101,2023,10
210102,2023,10
210103,2023,9
210104,2023,10
210105,2023,10
210106,2023,10
210107,2023,10
210108,2023,10
210109,2023,9
210110,2023,10
210111,2023,9
210112,2023,10
210113,2023,9
210114,2023,10
210115,2023,10
210201,2023,10
210202,2023,10
210203,2023,10
210204,2023,9
210205,2023,10
210206,2023,10
210207,2023,0
210208,2023,9
210209,2023,9
210210,2023,10
210211,2023,9
210212,2023,9
210213,2023,10
210214,2023,10
210215,2023,0
210301,2023,9
210302,2023,9
210303,2023,3
210304,2023,9
210305,2023,9
210306,2023,9
210307,2023,9
210308,2023,3
210309,2023,3
210310,2023,9
210401,2023,10
210402,2023,10
210403,2023,10
210404,2023,10
210405,2023,10
210406,2023,10
210407,2023,10
210501,2023,10
210502,2023,8
210503,2023,10
210504,2023,8
210505,2023,10
210601,2023,10
210602,2023,9
210603,2023,10
210604,2023,10
210605,2023,10
210606,2023,10
210607,2023,10
210608,2023,10
210701,2023,9
210702,2023,9
210703,2023,10
210704,2023,10
210705,2023,9
210706,2023,9
210707,2023,9
210708,2023,0
210709,2023,9
210710,2023,9
210801,2023,9
210802,2023,9
210803,2023,9
210804,2023,9
210805,2023,9
210806,2023,9
210807,2023,9
210808,2023,9
210809,2023,9
210901,2023,10
210902,2023,10
210903,2023,10
210904,2023,10
211001,2023,9
211002,2023,9
211003,2023,10
211004,2023,9
211005,2023,9
211101,2023,10
211102,2023,10
211103,2023,9
211104,2023,10
211105,2023,10
211201,2023,3
211202,2023,9
211203,2023,3
211204,2023,3
211205,2023,3
211206,2023,3
211207,2023,3
211208,2023,3
211209,2023,3
211210,2023,3
211301,2023,10
211302,2023,2
211303,2023,10
211304,2023,10
211305,2023,10
211306,2023,10
211307,2023,10
220101,2023,2
220102,2023,2
220103,2023,2
220104,2023,2
220105,2023,2
220106,2023,2
220201,2023,2
220202,2023,2
220203,2023,2
220204,2023,2
220205,2023,2
220206,2023,2
220301,2023,2
220302,2023,2
220303,2023,2
220304,2023,2
220305,2023,2
220401,2023,2
220402,2023,2
220403,2023,2
220404,2023,2
220405,2023,2
220406,2023,2
220501,2023,2
220502,2023,2
220503,2023,2
220504,2023,2
220505,2023,2
220506,2023,2
220507,2023,2
220508,2023,2
220509,2023,2
220510,2023,2
220511,2023,2
220601,2023,2
220602,2023,3
220603,2023,3
220604,2023,2
220605,2023,2
220701,2023,2
220702,2023,2
220703,2023,2
220704,2023,2
220705,2023,2
220706,2023,2
220707,2023,2
220708,2023,2
220709,2023,2
220710,2023,2
220801,2023,2
220802,2023,2
220803,2023,2
220804,2023,2
220805,2023,2
220806,2023,2
220807,2023,2
220808,2023,2
220809,2023,2
220901,2023,2
220902,2023,2
220903,2023,2
220904,2023,2
220905,2023,2
220906,2023,2
220907,2023,2
220908,2023,2
220909,2023,2
220910,2023,2
220911,2023,2
220912,2023,2
220913,2023,2
220914,2023,2
221001,2023,3
221002,2023,3
221003,2023,3
221004,2023,3
221005,2023,3
221006,2023,2
230101,2023,8
230102,2023,8
230103,2023,8
230104,2023,8
230105,2023,8
230106,2023,8
230107,2023,8
230108,2023,8
230109,2023,8
230110,2023,1
230111,2023,1
230201,2023,8
230202,2023,8
230203,2023,8
230204,2023,8
230205,2023,8
230206,2023,8
230301,2023,8
230302,2023,8
230303,2023,8
230401,2023,8
230402,2023,8
230403,2023,8
230404,2023,8
230405,2023,8
230406,2023,8
230407,2023,8
230408,2023,8
240101,2023,2
240102,2023,2
240103,2023,2
240104,2023,2
240105,2023,2
240106,2023,2
240201,2023,2
240202,2023,2
240203,2023,2
240301,2023,2
240302,2023,2
240303,2023,2
240304,2023,2
250101,2023,2
250102,2023,2
250103,2023,2
250104,2023,2
250105,2023,2
250106,2023,2
250107,2023,2
250201,2023,2
250202,2023,2
250203,2023,2
250204,2023,2
250301,2023,2
250302,2023,2
250303,2023,2
250304,2023,2
250305,2023,2
250306,2023,2
250307,2023,2
250401,2023,2
010101,2024,4
010102,2024,4
010103,2024,3
010104,2024,4
010105,2024,4
010106,2024,3
010107,2024,4
010108,2024,4
010109,2024,4
010110,2024,3
010111,2024,4
010112,2024,4
010113,2024,4
010114,2024,4
010115,2024,4
010116,2024,4
010117,2024,4
010118,2024,4
010119,2024,4
010120,2024,4
010121,2024,4
010201,2024,2
010202,2024,2
010203,2024,2
010204,2024,2
010205,2024,3
010206,2024,2
010301,2024,4
010302,2024,4
010303,2024,4
010304,2024,4
010305,2024,4
010306,2024,3
010307,2024,4
010308,2024,4
010309,2024,4
010310,2024,4
010311,2024,4
010312,2024,2
010401,2024,3
010402,2024,3
010403,2024,2
010501,2024,4
010502,2024,4
010503,2024,4
010504,2024,4
010505,2024,4
010506,2024,4
010507,2024,4
010508,2024,4
010509,2024,4
010510,2024,4
010511,2024,4
010512,2024,4
010513,2024,4
010514,2024,4
010515,2024,4
010516,2024,4
010517,2024,4
010518,2024,4
010519,2024,4
010520,2024,4
010521,2024,4
010522,2024,4
010523,2024,4
010601,2024,4
010602,2024,4
010603,2024,4
010604,2024,4
010605,2024,4
010606,2024,4
010607,2024,4
010608,2024,4
010609,2024,4
010610,2024,4
010611,2024,4
010612,2024,2
010701,2024,2
010702,2024,3
010703,2024,4
010704,2024,2
010705,2024,4
010706,2024,4
010707,2024,4
020101,2024,7
020102,2024,6
020103,2024,6
020104,2024,6
020105,2024,0
020106,2024,0
020107,2024,6
020108,2024,9
020109,2024,6
020110,2024,6
020111,2024,0
020112,2024,0
020201,2024,7
020202,2024,6
020203,2024,7
020204,2024,7
020205,2024,6
020301,2024,7
020302,2024,7
020303,2024,7
020304,2024,0
020305,2024,7
020306,2024,7
020401,2024,0
020402,2024,0
020501,2024,7
020502,2024,7
020503,2024,6
020504,2024,7
020505,2024,7
020506,2024,7
020507,2024,6
020508,2024,7
020509,2024,7
020510,2024,6
020511,2024,7
020512,2024,6
020513,2024,7
020514,2024,7
020515,2024,7
020601,2024,0
020602,2024,0
020603,2024,0
020604,2024,0
020605,2024,0
020606,2024,0
020607,2024,0
020608,2024,0
020609,2024,0
020610,2024,0
020611,2024,0
020701,2024,7
020702,2024,7
020703,2024,7
020801,2024,6
020802,2024,6
020803,2024,1
020804,2024,6
020901,2024,6
020902,2024,5
020903,2024,6
020904,2024,7
020905,2024,6
020906,2024,6
020907,2024,6
021001,2024,7
021002,2024,7
021003,2024,7
021004,2024,7
021005,2024,7
021006,2024,7
021007,2024,7
021008,2024,7
021009,2024,7
021010,2024,7
021011,2024,7
021012,2024,7
021013,2024,7
021014,2024,7
021015,2024,7
021016,2024,0
021101,2024,6
021102,2024,6
021103,2024,6
021104,2024,6
021105,2024,6
021201,2024,0
021202,2024,6
021203,2024,0
021204,2024,6
021205,2024,0
021206,2024,6
021207,2024,0
021208,2024,6
021209,2024,6
021210,2024,6
021301,2024,7
021302,2024,7
021303,2024,7
021304,2024,7
021305,2024,7
021306,2024,7
021307,2024,7
021308,2024,7
021401,2024,6
021402,2024,6
021403,2024,6
021404,2024,6
021405,2024,6
021406,2024,6
021407,2024,6
021408,2024,6
021409,2024,6
021410,2024,6
021501,2024,6
021502,2024,6
021503,2024,7
021504,2024,4
021505,2024,6
021506,2024,5
021507,2024,6
021508,2024,5
021509,2024,5
021510,2024,6
021511,2024,6
021601,2024,7
021602,2024,7
021603,2024,7
021604,2024,7
021701,2024,9
021702,2024,7
021703,2024,6
021704,2024,6
021705,2024,6
021706,2024,7
021707,2024,7
021708,2024,6
021709,2024,6
021710,2024,9
021801,2024,1
021802,2024,6
021803,2024,1
021804,2024,6
021805,2024,6
021806,2024,1
021807,2024,1
021808,2024,1
021809,2024,1
021901,2024,7
021902,2024,7
021903,2024,7
021904,2024,7
021905,2024,7
021906,2024,7
021907,2024,7
021908,2024,7
021909,2024,7
021910,2024,7
022001,2024,0
022002,2024,6
022003,2024,0
022004,2024,0
022005,2024,6
022006,2024,0
022007,2024,6
022008,2024,0
030101,2024,7
030102,2024,7
030103,2024,7
030104,2024,7
030105,2024,7
030106,2024,7
030107,2024,7
030108,2024,7
030109,2024,7
030201,2024,7
030202,2024,7
030203,2024,7
030204,2024,7
030205,2024,7
030206,2024,7
030207,2024,7
030208,2024,7
030209,2024,7
030210,2024,9
030211,2024,7
030212,2024,7
030213,2024,7
030214,2024,7
030215,2024,7
030216,2024,0
030217,2024,7
030218,2024,7
030219,2024,7
030220,2024,7
030301,2024,7
030302,2024,7
030303,2024,7
030304,2024,7
030305,2024,7
030306,2024,7
030307,2024,7
030401,2024,7
030402,2024,7
030403,2024,7
030404,2024,7
030405,2024,7
030406,2024,9
030407,2024,7
030408,2024,7
030409,2024,7
030410,2024,7
030411,2024,7
030412,2024,9
030413,2024,7
030414,2024,7
030415,2024,7
030416,2024,7
030417,2024,7
030501,2024,7
030502,2024,7
030503,2024,7
030504,2024,7
030505,2024,7
030506,2024,7
030601,2024,7
030602,2024,7
030603,2024,7
030604,2024,7
030605,2024,7
030606,2024,7
030607,2024,7
030608,2024,7
030609,2024,7
030610,2024,7
030611,2024,7
030612,2024,7
030701,2024,7
030702,2024,7
030703,2024,7
030704,2024,7
030705,2024,7
030706,2024,7
030707,2024,7
030708,2024,7
030709,2024,7
030710,2024,7
030711,2024,7
030712,2024,7
030713,2024,7
030714,2024,7
040101,2024,10
040102,2024,10
040103,2024,10
040104,2024,10
040105,2024,10
040106,2024,10
040107,2024,10
040108,2024,8
040109,2024,10
040110,2024,10
040111,2024,10
040112,2024,10
040113,2024,8
040114,2024,8
040115,2024,8
040116,2024,10
040117,2024,10
040118,2024,8
040119,2024,8
040120,2024,8
040121,2024,8
040122,2024,10
040123,2024,10
040124,2024,8
040125,2024,8
040126,2024,10
040127,2024,8
040128,2024,8
040129,2024,10
040201,2024,1
040202,2024,1
040203,2024,8
040204,2024,1
040205,2024,1
040206,2024,8
040207,2024,8
040208,2024,1
040301,2024,8
040302,2024,8
040303,2024,8
040304,2024,8
040305,2024,8
040306,2024,8
040307,2024,8
040308,2024,8
040309,2024,8
040310,2024,8
040311,2024,8
040312,2024,8
040313,2024,8
040401,2024,8
040402,2024,8
040403,2024,8
040404,2024,8
040405,2024,9
040406,2024,8
040407,2024,8
040408,2024,8
040409,2024,9
040410,2024,8
040411,2024,8
040412,2024,8
040413,2024,8
040414,2024,8
040501,2024,8
040502,2024,8
040503,2024,8
040504,2024,9
040505,2024,9
040506,2024,8
040507,2024,8
040508,2024,8
040509,2024,8
040510,2024,8
040511,2024,8
040512,2024,8
040513,2024,8
040514,2024,9
040515,2024,9
040516,2024,8
040517,2024,9
040518,2024,8
040519,2024,8
040520,2024,8
040601,2024,8
040602,2024,8
040603,2024,9
040604,2024,6
040605,2024,8
040606,2024,8
040607,2024,8
040608,2024,8
040701,2024,8
040702,2024,8
040703,2024,1
040704,2024,8
040705,2024,1
040706,2024,8
040801,2024,8
040802,2024,9
040803,2024,8
040804,2024,8
040805,2024,8
040806,2024,9
040807,2024,6
040808,2024,6
040809,2024,6
040810,2024,8
040811,2024,8
050101,2024,0
050102,2024,0
050103,2024,0
050104,2024,0
050105,2024,0
050106,2024,0
050107,2024,0
050108,2024,0
050109,2024,0
050110,2024,10
050111,2024,0
050112,2024,0
050113,2024,0
050114,2024,7
050115,2024,0
050116,2024,10
050201,2024,0
050202,2024,7
050203,2024,0
050204,2024,0
050205,2024,7
050206,2024,7
050301,2024,9
050302,2024,7
050303,2024,7
050304,2024,7
050401,2024,0
050402,2024,7
050403,2024,0
050404,2024,0
050405,2024,7
050406,2024,7
050407,2024,3
050408,2024,3
050409,2024,3
050410,2024,7
050411,2024,3
050412,2024,7
050413,2024,7
050501,2024,0
050502,2024,3
050503,2024,3
050504,2024,0
050505,2024,3
050506,2024,0
050507,2024,3
050508,2024,7
050509,2024,3
050510,2024,3
050511,2024,7
050512,2024,3
050513,2024,3
050514,2024,0
050515,2024,0
050601,2024,9
050602,2024,7
050603,2024,9
050604,2024,9
050605,2024,8
050606,2024,9
050607,2024,6
050608,2024,8
050609,2024,8
050610,2024,8
050611,2024,8
050612,2024,8
050613,2024,8
050614,2024,8
050615,2024,8
050616,2024,8
050617,2024,8
050618,2024,8
050619,2024,8
050620,2024,7
050621,2024,8
050701,2024,9
050702,2024,8
050703,2024,8
050704,2024,8
050705,2024,8
050706,2024,8
050707,2024,7
050708,2024,8
050801,2024,7
050802,2024,7
050803,2024,6
050804,2024,7
050805,2024,7
050806,2024,8
050807,2024,7
050808,2024,7
050809,2024,6
050810,2024,7
050901,2024,7
050902,2024,7
050903,2024,7
050904,2024,7
050905,2024,7
050906,2024,7
050907,2024,7
050908,2024,9
050909,2024,7
050910,2024,7
050911,2024,7
051001,2024,7
051002,2024,7
051003,2024,7
051004,2024,7
051005,2024,7
051006,2024,7
051007,2024,7
051008,2024,7
051009,2024,7
051010,2024,7
051011,2024,7
051012,2024,7
051101,2024,7
051102,2024,7
051103,2024,7
051104,2024,7
051105,2024,7
051106,2024,7
051107,2024,7
051108,2024,0
060101,2024,0
060102,2024,0
060103,2024,0
060104,2024,0
060105,2024,0
060106,2024,0
060107,2024,0
060108,2024,0
060109,2024,0
060110,2024,0
060111,2024,0
060112,2024,0
060201,2024,0
060202,2024,0
060203,2024,0
060204,2024,0
060301,2024,4
060302,2024,3
060303,2024,7
060304,2024,0
060305,2024,4
060306,2024,4
060307,2024,0
060308,2024,0
060309,2024,0
060310,2024,0
060311,2024,3
060312,2024,0
060401,2024,0
060402,2024,4
060403,2024,4
060404,2024,4
060405,2024,4
060406,2024,4
060407,2024,4
060408,2024,4
060409,2024,4
060410,2024,4
060411,2024,4
060412,2024,4
060413,2024,0
060414,2024,4
060415,2024,4
060416,2024,4
060417,2024,4
060418,2024,1
060419,2024,0
060501,2024,4
060502,2024,4
060503,2024,1
060504,2024,4
060505,2024,1
060506,2024,4
060507,2024,4
060508,2024,1
060601,2024,4
060602,2024,4
060603,2024,4
060604,2024,4
060605,2024,4
060606,2024,4
060607,2024,4
060608,2024,4
060609,2024,4
060610,2024,4
060611,2024,4
060612,2024,4
060613,2024,4
060614,2024,4
060615,2024,4
060701,2024,0
060702,2024,0
060703,2024,0
060801,2024,3
060802,2024,3
060803,2024,3
060804,2024,4
060805,2024,3
060806,2024,3
060807,2024,3
060808,2024,3
060809,2024,3
060810,2024,3
060811,2024,3
060812,2024,2
060901,2024,3
060902,2024,3
060903,2024,3
060904,2024,3
060905,2024,3
060906,2024,3
060907,2024,3
061001,2024,0
061002,2024,0
061003,2024,0
061004,2024,0
061005,2024,0
061006,2024,0
061007,2024,0
061101,2024,4
061102,2024,1
061103,2024,4
061104,2024,0
061105,2024,4
061106,2024,4
061107,2024,0
061108,2024,1
061109,2024,4
061110,2024,1
061111,2024,0
061112,2024,4
061113,2024,4
061201,2024,0
061202,2024,4
061203,2024,4
061204,2024,0
061301,2024,4
061302,2024,4
061303,2024,4
061304,2024,4
061305,2024,4
061306,2024,4
061307,2024,4
061308,2024,4
061309,2024,4
061310,2024,4
061311,2024,4
070101,2024,1
070102,2024,1
070103,2024,1
070104,2024,1
070105,2024,1
070106,2024,1
070107,2024,1
080101,2024,0
080102,2024,0
080103,2024,10
080104,2024,0
080105,2024,0
080106,2024,0
080107,2024,0
080108,2024,10
080201,2024,7
080202,2024,9
080203,2024,7
080204,2024,9
080205,2024,7
080206,2024,7
080207,2024,9
080301,2024,0
080302,2024,0
080303,2024,10
080304,2024,7
080305,2024,0
080306,2024,7
080307,2024,7
080308,2024,0
080309,2024,0
080401,2024,0
080402,2024,0
080403,2024,7
080404,2024,3
080405,2024,0
080406,2024,0
080407,2024,0
080408,2024,3
080501,2024,7
080502,2024,9
080503,2024,9
080504,2024,9
080505,2024,9
080506,2024,9
080507,2024,7
080508,2024,9
080601,2024,9
080602,2024,9
080603,2024,9
080604,2024,9
080605,2024,9
080606,2024,9
080607,2024,7
080608,2024,7
080701,2024,9
080702,2024,7
080703,2024,7
080704,2024,7
080705,2024,9
080706,2024,7
080707,2024,7
080708,2024,9
080801,2024,9
080802,2024,9
080803,2024,9
080804,2024,9
080805,2024,9
080806,2024,9
080807,2024,9
080808,2024,9
080901,2024,3
080902,2024,3
080903,2024,3
080904,2024,3
080905,2024,3
080906,2024,3
080907,2024,3
080908,2024,3
080909,2024,3
080910,2024,3
080911,2024,3
080912,2024,3
080913,2024,3
080914,2024,2
080915,2024,3
080916,2024,3
080917,2024,3
080918,2024,3
081001,2024,7
081002,2024,7
081003,2024,7
081004,2024,7
081005,2024,7
081006,2024,7
081007,2024,7
081008,2024,7
081009,2024,0
081101,2024,0
081102,2024,0
081103,2024,3
081104,2024,7
081105,2024,0
081106,2024,3
081201,2024,0
081202,2024,0
081203,2024,3
081204,2024,0
081205,2024,0
081206,2024,9
081207,2024,0
081208,2024,0
081209,2024,3
081210,2024,9
081211,2024,0
081212,2024,0
081301,2024,0
081302,2024,0
081303,2024,0
081304,2024,7
081305,2024,0
081306,2024,7
081307,2024,0
090101,2024,7
090102,2024,7
090103,2024,7
090104,2024,7
090105,2024,7
090106,2024,9
090107,2024,7
090108,2024,7
090109,2024,7
090110,2024,7
090111,2024,7
090112,2024,7
090113,2024,7
090114,2024,7
090115,2024,7
090116,2024,7
090117,2024,0
090118,2024,7
090119,2024,7
090201,2024,0
090202,2024,7
090203,2024,0
090204,2024,0
090205,2024,0
090206,2024,0
090207,2024,0
090208,2024,0
090301,2024,7
090302,2024,0
090303,2024,0
090304,2024,7
090305,2024,0
090306,2024,0
090307,2024,7
090308,2024,7
090309,2024,0
090310,2024,0
090311,2024,0
090312,2024,7
090401,2024,7
090402,2024,7
090403,2024,7
090404,2024,6
090405,2024,7
090406,2024,7
090407,2024,7
090408,2024,6
090409,2024,7
090410,2024,6
090411,2024,9
090412,2024,7
090413,2024,7
090501,2024,7
090502,2024,7
090503,2024,7
090504,2024,0
090505,2024,7
090506,2024,0
090507,2024,7
090508,2024,7
090509,2024,7
090510,2024,7
090511,2024,7
090601,2024,7
090602,2024,7
090603,2024,7
090604,2024,7
090605,2024,7
090606,2024,7
090607,2024,7
090608,2024,7
090609,2024,7
090610,2024,7
090611,2024,8
090612,2024,8
090613,2024,8
090614,2024,8
090615,2024,8
090616,2024,7
090701,2024,7
090702,2024,7
090703,2024,7
090704,2024,7
090705,2024,7
090706,2024,7
090707,2024,3
090709,2024,7
090710,2024,7
090711,2024,7
090713,2024,7
090714,2024,7
090715,2024,7
090716,2024,7
090717,2024,7
090718,2024,3
090719,2024,7
090720,2024,7
090721,2024,3
090722,2024,7
090723,2024,0
090724,2024,3
090725,2024,7
100101,2024,0
100102,2024,0
100103,2024,3
100104,2024,7
100105,2024,7
100106,2024,7
100107,2024,0
100108,2024,7
100109,2024,7
100110,2024,7
100111,2024,7
100112,2024,7
100113,2024,3
100201,2024,7
100202,2024,7
100203,2024,7
100204,2024,7
100205,2024,7
100206,2024,7
100207,2024,7
100208,2024,7
100301,2024,7
100307,2024,7
100311,2024,7
100313,2024,7
100316,2024,7
100317,2024,7
100321,2024,7
100322,2024,7
100323,2024,7
100401,2024,7
100402,2024,7
100403,2024,3
100404,2024,7
100501,2024,7
100502,2024,7
100503,2024,7
100504,2024,7
100505,2024,7
100506,2024,7
100507,2024,3
100508,2024,7
100509,2024,7
100510,2024,7
100511,2024,7
100601,2024,3
100602,2024,3
100603,2024,2
100604,2024,3
100605,2024,2
100606,2024,3
100607,2024,2
100608,2024,2
100609,2024,2
100610,2024,2
100701,2024,7
100702,2024,3
100703,2024,5
100704,2024,3
100705,2024,3
100801,2024,3
100802,2024,3
100803,2024,3
100804,2024,3
100901,2024,2
100902,2024,2
100903,2024,2
100904,2024,2
100905,2024,2
101001,2024,7
101002,2024,7
101003,2024,7
101004,2024,7
101005,2024,7
101006,2024,7
101007,2024,7
101101,2024,7
101102,2024,7
101103,2024,7
101104,2024,7
101105,2024,7
101106,2024,7
101107,2024,7
101108,2024,7
110101,2024,1
110102,2024,1
110103,2024,1
110104,2024,8
110105,2024,1
110106,2024,1
110107,2024,1
110108,2024,1
110109,2024,1
110110,2024,1
110111,2024,8
110112,2024,1
110113,2024,1
110114,2024,1
110201,2024,1
110202,2024,1
110203,2024,6
110204,2024,1
110205,2024,1
110206,2024,1
110207,2024,1
110208,2024,6
110209,2024,6
110210,2024,1
110211,2024,1
110301,2024,8
110302,2024,8
110303,2024,8
110304,2024,8
110305,2024,8
110401,2024,8
110402,2024,8
110403,2024,8
110404,2024,8
110405,2024,8
110501,2024,1
110502,2024,1
110503,2024,1
110504,2024,1
110505,2024,1
110506,2024,1
110507,2024,1
110508,2024,1
120101,2024,10
120104,2024,7
120105,2024,7
120106,2024,10
120107,2024,10
120108,2024,9
120111,2024,10
120112,2024,7
120113,2024,0
120114,2024,10
120116,2024,10
120117,2024,10
120119,2024,10
120120,2024,9
120121,2024,10
120122,2024,10
120124,2024,3
120125,2024,10
120126,2024,0
120127,2024,10
120128,2024,10
120129,2024,10
120130,2024,10
120132,2024,10
120133,2024,10
120134,2024,10
120135,2024,3
120136,2024,10
120201,2024,10
120202,2024,10
120203,2024,3
120204,2024,10
120205,2024,7
120206,2024,7
120207,2024,10
120208,2024,10
120209,2024,7
120210,2024,10
120211,2024,10
120212,2024,10
120213,2024,10
120214,2024,9
120215,2024,10
120301,2024,3
120302,2024,3
120303,2024,3
120304,2024,3
120305,2024,3
120306,2024,3
120401,2024,10
120402,2024,10
120403,2024,10
120404,2024,10
120405,2024,9
120406,2024,7
120407,2024,10
120408,2024,10
120409,2024,10
120410,2024,10
120411,2024,10
120412,2024,10
120413,2024,10
120414,2024,10
120415,2024,10
120416,2024,10
120417,2024,10
120418,2024,10
120419,2024,7
120420,2024,10
120421,2024,10
120422,2024,10
120423,2024,10
120424,2024,10
120425,2024,10
120426,2024,10
120427,2024,0
120428,2024,10
120429,2024,10
120430,2024,10
120431,2024,10
120432,2024,10
120433,2024,10
120434,2024,10
120501,2024,9
120502,2024,9
120503,2024,9
120504,2024,3
120601,2024,3
120602,2024,3
120603,2024,3
120604,2024,3
120605,2024,3
120606,2024,3
120607,2024,3
120608,2024,3
120609,2024,3
120701,2024,7
120702,2024,7
120703,2024,10
120704,2024,7
120705,2024,7
120706,2024,3
120707,2024,7
120708,2024,7
120709,2024,7
120801,2024,9
120802,2024,9
120803,2024,9
120804,2024,9
120805,2024,9
120806,2024,9
120807,2024,9
120808,2024,9
120809,2024,9
120810,2024,9
120901,2024,10
120902,2024,10
120903,2024,10
120904,2024,10
120905,2024,10
120906,2024,10
120907,2024,0
120908,2024,10
120909,2024,7
130101,2024,1
130102,2024,1
130103,2024,1
130104,2024,1
130105,2024,1
130106,2024,1
130107,2024,1
130108,2024,6
130109,2024,1
130110,2024,1
130111,2024,1
130201,2024,1
130202,2024,1
130203,2024,1
130204,2024,1
130205,2024,1
130206,2024,1
130207,2024,1
130208,2024,1
130301,2024,3
130302,2024,3
130303,2024,3
130304,2024,3
130305,2024,3
130306,2024,3
130401,2024,1
130402,2024,1
130403,2024,1
130501,2024,0
130502,2024,0
130503,2024,0
130504,2024,0
130601,2024,0
130602,2024,0
130604,2024,0
130605,2024,0
130606,2024,4
130608,2024,0
130610,2024,4
130611,2024,0
130613,2024,4
130614,2024,0
130701,2024,1
130702,2024,1
130703,2024,1
130704,2024,1
130705,2024,1
130801,2024,3
130802,2024,3
130803,2024,7
130804,2024,7
130805,2024,3
130806,2024,7
130807,2024,3
130808,2024,3
130809,2024,3
130810,2024,3
130811,2024,7
130812,2024,7
130813,2024,7
130901,2024,0
130902,2024,7
130903,2024,3
130904,2024,0
130905,2024,0
130906,2024,0
130907,2024,0
130908,2024,3
131001,2024,6
131002,2024,5
131003,2024,7
131004,2024,5
131005,2024,5
131006,2024,0
131007,2024,6
131008,2024,5
131101,2024,6
131102,2024,0
131103,2024,6
131104,2024,0
131201,2024,1
131202,2024,1
131203,2024,1
140101,2024,1
140102,2024,1
140103,2024,1
140104,2024,1
140105,2024,1
140106,2024,1
140107,2024,1
140108,2024,1
140109,2024,1
140110,2024,2
140111,2024,1
140112,2024,1
140113,2024,1
140114,2024,1
140115,2024,1
140116,2024,1
140117,2024,1
140118,2024,1
140119,2024,1
140120,2024,1
140201,2024,1
140202,2024,3
140203,2024,2
140204,2024,1
140205,2024,1
140206,2024,1
140301,2024,1
140302,2024,2
140303,2024,1
140304,2024,2
140305,2024,1
140306,2024,1
140307,2024,2
140308,2024,2
140309,2024,1
140310,2024,3
140311,2024,1
140312,2024,1
150101,2024,1
150102,2024,1
150103,2024,1
150104,2024,1
150105,2024,1
150106,2024,1
150107,2024,1
150108,2024,1
150109,2024,1
150110,2024,1
150111,2024,1
150112,2024,1
150113,2024,1
150114,2024,1
150115,2024,1
150116,2024,1
150117,2024,1
150118,2024,6
150119,2024,1
150120,2024,1
150121,2024,1
150122,2024,1
150123,2024,1
150124,2024,1
150125,2024,1
150126,2024,1
150127,2024,1
150128,2024,1
150129,2024,1
150130,2024,1
150131,2024,1
150132,2024,1
150133,2024,1
150134,2024,1
150135,2024,1
150136,2024,1
150137,2024,1
150138,2024,1
150139,2024,1
150140,2024,1
150141,2024,1
150142,2024,1
150143,2024,1
150201,2024,1
150202,2024,1
150203,2024,1
150204,2024,1
150205,2024,1
150301,2024,7
150302,2024,6
150303,2024,6
150304,2024,6
150305,2024,6
150401,2024,6
150402,2024,6
150403,2024,6
150404,2024,9
150405,2024,6
150406,2024,6
150407,2024,6
150501,2024,1
150502,2024,1
150503,2024,6
150504,2024,1
150505,2024,1
150506,2024,1
150507,2024,1
150508,2024,1
150509,2024,1
150510,2024,1
150511,2024,6
150512,2024,1
150513,2024,1
150514,2024,1
150515,2024,1
150516,2024,6
150601,2024,1
150602,2024,7
150603,2024,6
150604,2024,1
150605,2024,1
150606,2024,6
150607,2024,6
150608,2024,7
150609,2024,6
150610,2024,9
150611,2024,6
150612,2024,6
150701,2024,6
150702,2024,6
150703,2024,6
150704,2024,6
150705,2024,9
150706,2024,6
150707,2024,6
150708,2024,9
150709,2024,6
150710,2024,6
150711,2024,6
150712,2024,6
150713,2024,6
150714,2024,6
150715,2024,6
150716,2024,6
150717,2024,6
150718,2024,6
150719,2024,6
150720,2024,6
150721,2024,6
150722,2024,6
150723,2024,6
150724,2024,6
150725,2024,6
150726,2024,6
150727,2024,6
150728,2024,6
150729,2024,6
150730,2024,6
150731,2024,6
150732,2024,6
150801,2024,1
150802,2024,6
150803,2024,1
150804,2024,6
150805,2024,1
150806,2024,1
150807,2024,6
150808,2024,6
150809,2024,6
150810,2024,1
150811,2024,6
150812,2024,1
150901,2024,7
150902,2024,6
150903,2024,6
150904,2024,6
150905,2024,6
150906,2024,6
151001,2024,6
151002,2024,7
151003,2024,6
151004,2024,6
151005,2024,7
151006,2024,6
151007,2024,6
151008,2024,6
151009,2024,6
151010,2024,6
151011,2024,6
151012,2024,7
151013,2024,6
151014,2024,9
151015,2024,7
151016,2024,6
151017,2024,6
151018,2024,7
151019,2024,7
151020,2024,7
151021,2024,7
151022,2024,6
151023,2024,6
151024,2024,6
151025,2024,6
151026,2024,6
151027,2024,6
151028,2024,6
151029,2024,6
151030,2024,9
151031,2024,6
151032,2024,6
151033,2024,7
160101,2024,2
160102,2024,2
160103,2024,2
160104,2024,2
160105,2024,2
160106,2024,2
160107,2024,2
160108,2024,2
160110,2024,2
160112,2024,2
160113,2024,2
160201,2024,2
160202,2024,2
160205,2024,2
160206,2024,2
160210,2024,2
160211,2024,2
160301,2024,2
160302,2024,2
160303,2024,2
160304,2024,1
160305,2024,2
160401,2024,2
160402,2024,2
160403,2024,2
160404,2024,2
160501,2024,2
160502,2024,2
160503,2024,2
160504,2024,2
160505,2024,2
160506,2024,2
160507,2024,2
160508,2024,2
160509,2024,2
160510,2024,2
160511,2024,2
160601,2024,2
160602,2024,2
160603,2024,2
160604,2024,2
160605,2024,2
160606,2024,2
160701,2024,2
160702,2024,2
160703,2024,2
160704,2024,2
160705,2024,2
160706,2024,2
160801,2024,2
160802,2024,2
160803,2024,2
160804,2024,2
170101,2024,2
170102,2024,2
170103,2024,2
170104,2024,2
170201,2024,3
170202,2024,2
170203,2024,2
170204,2024,2
170301,2024,2
170302,2024,2
170303,2024,2
180101,2024,8
180102,2024,8
180103,2024,8
180104,2024,8
180105,2024,8
180106,2024,8
180201,2024,8
180202,2024,8
180203,2024,8
180204,2024,9
180205,2024,8
180206,2024,8
180207,2024,8
180208,2024,8
180209,2024,8
180210,2024,8
180211,2024,8
180301,2024,8
180302,2024,8
180303,2024,8
190101,2024,9
190102,2024,3
190103,2024,7
190104,2024,9
190105,2024,9
190106,2024,7
190107,2024,3
190108,2024,7
190109,2024,9
190110,2024,7
190111,2024,9
190112,2024,9
190113,2024,9
190201,2024,7
190202,2024,7
190203,2024,7
190204,2024,7
190205,2024,7
190206,2024,7
190207,2024,7
190208,2024,7
190301,2024,3
190302,2024,3
190303,2024,3
190304,2024,3
190305,2024,3
190306,2024,3
190307,2024,3
190308,2024,2
200101,2024,1
200104,2024,2
200105,2024,1
200107,2024,1
200108,2024,1
200109,2024,1
200110,2024,1
200111,2024,2
200114,2024,2
200115,2024,1
200201,2024,3
200202,2024,2
200203,2024,4
200204,2024,3
200205,2024,4
200206,2024,3
200207,2024,2
200208,2024,2
200209,2024,4
200210,2024,2
200301,2024,3
200302,2024,4
200303,2024,3
200304,2024,3
200305,2024,4
200306,2024,4
200307,2024,3
200308,2024,4
200401,2024,2
200402,2024,2
200403,2024,4
200404,2024,2
200405,2024,2
200406,2024,2
200407,2024,4
200408,2024,4
200409,2024,4
200410,2024,4
200501,2024,1
200502,2024,1
200503,2024,1
200504,2024,1
200505,2024,1
200506,2024,1
200507,2024,1
200601,2024,2
200602,2024,10
200603,2024,1
200604,2024,2
200605,2024,2
200606,2024,1
200607,2024,2
200608,2024,2
200701,2024,1
200702,2024,2
200703,2024,1
200704,2024,8
200705,2024,2
200706,2024,2
200801,2024,1
200802,2024,1
200803,2024,1
200804,2024,1
200805,2024,1
200806,2024,1
210101,2024,10
210102,2024,10
210103,2024,9
210104,2024,10
210105,2024,10
210106,2024,10
210107,2024,10
210108,2024,10
210109,2024,9
210110,2024,10
210111,2024,10
210112,2024,10
210113,2024,9
210114,2024,10
210115,2024,10
210201,2024,10
210202,2024,10
210203,2024,10
210204,2024,9
210205,2024,10
210206,2024,10
210207,2024,10
210208,2024,9
210209,2024,9
210210,2024,10
210211,2024,9
210212,2024,9
210213,2024,10
210214,2024,10
210215,2024,0
210301,2024,9
210302,2024,9
210303,2024,3
210304,2024,9
210305,2024,9
210306,2024,9
210307,2024,9
210308,2024,3
210309,2024,3
210310,2024,9
210401,2024,10
210402,2024,10
210403,2024,10
210404,2024,10
210405,2024,10
210406,2024,10
210407,2024,10
210501,2024,10
210502,2024,8
210503,2024,10
210504,2024,9
210505,2024,10
210601,2024,10
210602,2024,9
210603,2024,10
210604,2024,10
210605,2024,10
210606,2024,10
210607,2024,10
210608,2024,10
210701,2024,9
210702,2024,9
210703,2024,10
210704,2024,10
210705,2024,9
210706,2024,9
210707,2024,9
210708,2024,10
210709,2024,9
210710,2024,9
210801,2024,9
210802,2024,9
210803,2024,9
210804,2024,9
210805,2024,9
210806,2024,9
210807,2024,9
210808,2024,9
210809,2024,9
210901,2024,10
210902,2024,10
210903,2024,10
210904,2024,10
211001,2024,9
211002,2024,9
211003,2024,10
211004,2024,9
211005,2024,7
211101,2024,10
211102,2024,10
211103,2024,9
211104,2024,10
211105,2024,10
211201,2024,3
211202,2024,9
211203,2024,3
211204,2024,3
211205,2024,3
211206,2024,7
211207,2024,3
211208,2024,3
211209,2024,3
211210,2024,3
211301,2024,10
211302,2024,2
211303,2024,10
211304,2024,10
211305,2024,10
211306,2024,10
211307,2024,10
220101,2024,2
220102,2024,2
220103,2024,2
220104,2024,2
220105,2024,2
220106,2024,2
220201,2024,2
220202,2024,2
220203,2024,2
220204,2024,2
220205,2024,2
220206,2024,2
220301,2024,2
220302,2024,2
220303,2024,2
220304,2024,2
220305,2024,2
220401,2024,2
220402,2024,2
220403,2024,2
220404,2024,2
220405,2024,2
220406,2024,2
220501,2024,2
220502,2024,2
220503,2024,2
220504,2024,2
220505,2024,2
220506,2024,2
220507,2024,2
220508,2024,2
220509,2024,2
220510,2024,2
220511,2024,2
220601,2024,2
220602,2024,3
220603,2024,3
220604,2024,2
220605,2024,2
220701,2024,2
220702,2024,2
220703,2024,2
220704,2024,2
220705,2024,2
220706,2024,2
220707,2024,2
220708,2024,2
220709,2024,2
220710,2024,2
220801,2024,2
220802,2024,2
220803,2024,2
220804,2024,2
220805,2024,4
220806,2024,2
220807,2024,2
220808,2024,2
220809,2024,2
220901,2024,2
220902,2024,2
220903,2024,2
220904,2024,2
220905,2024,2
220906,2024,2
220907,2024,2
220908,2024,2
220909,2024,2
220910,2024,2
220911,2024,2
220912,2024,2
220913,2024,2
220914,2024,2
221001,2024,3
221002,2024,3
221003,2024,3
221004,2024,3
221005,2024,3
221006,2024,2
230101,2024,8
230102,2024,8
230103,2024,8
230104,2024,8
230105,2024,8
230106,2024,8
230107,2024,8
230108,2024,8
230109,2024,8
230110,2024,8
230111,2024,1
230201,2024,8
230202,2024,8
230203,2024,8
230204,2024,8
230205,2024,8
230206,2024,8
230301,2024,8
230302,2024,8
230303,2024,8
230401,2024,8
230402,2024,8
230403,2024,8
230404,2024,8
230405,2024,8
230406,2024,8
230407,2024,8
230408,2024,8
240101,2024,2
240102,2024,2
240103,2024,2
240104,2024,2
240105,2024,2
240106,2024,2
240201,2024,2
240202,2024,2
240203,2024,2
240301,2024,2
240302,2024,2
240303,2024,2
240304,2024,2
250101,2024,2
250102,2024,2
250103,2024,2
250104,2024,2
250105,2024,2
250106,2024,2
250107,2024,2
250201,2024,2
250202,2024,2
250203,2024,2
250204,2024,2
250301,2024,2
250302,2024,2
250303,2024,2
250304,2024,2
250305,2024,2
250306,2024,2
250307,2024,2
250401,2024,2
010101,2025,4
010102,2025,4
010103,2025,3
010104,2025,4
010105,2025,4
010106,2025,3
010107,2025,4
010108,2025,4
010109,2025,4
010110,2025,3
010111,2025,4
010112,2025,4
010113,2025,4
010114,2025,4
010115,2025,4
010116,2025,4
010117,2025,4
010118,2025,4
010119,2025,4
010120,2025,4
010121,2025,4
010201,2025,2
010202,2025,2
010203,2025,2
010204,2025,2
010205,2025,3
010206,2025,2
010301,2025,4
010302,2025,4
010303,2025,4
010304,2025,4
010305,2025,4
010306,2025,4
010307,2025,4
010308,2025,4
010309,2025,4
010310,2025,4
010311,2025,4
010312,2025,2
010401,2025,3
010402,2025,3
010403,2025,2
010501,2025,4
010502,2025,4
010503,2025,4
010504,2025,4
010505,2025,4
010506,2025,4
010507,2025,4
010508,2025,4
010509,2025,4
010510,2025,4
010511,2025,4
010512,2025,4
010513,2025,4
010514,2025,4
010515,2025,4
010516,2025,4
010517,2025,4
010518,2025,4
010519,2025,4
010520,2025,4
010521,2025,4
010522,2025,4
010523,2025,4
010601,2025,4
010602,2025,4
010603,2025,4
010604,2025,4
010605,2025,4
010606,2025,4
010607,2025,4
010608,2025,4
010609,2025,4
010610,2025,4
010611,2025,4
010612,2025,2
010701,2025,2
010702,2025,3
010703,2025,4
010704,2025,2
010705,2025,4
010706,2025,4
010707,2025,4
020101,2025,7
020102,2025,6
020103,2025,6
020104,2025,6
020105,2025,0
020106,2025,0
020107,2025,6
020108,2025,9
020109,2025,6
020110,2025,6
020111,2025,7
020112,2025,0
020201,2025,7
020202,2025,6
020203,2025,7
020204,2025,7
020205,2025,6
020301,2025,7
020302,2025,7
020303,2025,7
020304,2025,7
020305,2025,7
020306,2025,7
020401,2025,7
020402,2025,7
020501,2025,7
020502,2025,7
020503,2025,6
020504,2025,7
020505,2025,7
020506,2025,7
020507,2025,6
020508,2025,7
020509,2025,7
020510,2025,6
020511,2025,7
020512,2025,6
020513,2025,7
020514,2025,7
020515,2025,7
020601,2025,0
020602,2025,0
020603,2025,0
020604,2025,0
020605,2025,7
020606,2025,0
020607,2025,0
020608,2025,0
020609,2025,0
020610,2025,0
020611,2025,0
020701,2025,7
020702,2025,7
020703,2025,7
020801,2025,6
020802,2025,6
020803,2025,1
020804,2025,6
020901,2025,6
020902,2025,7
020903,2025,6
020904,2025,7
020905,2025,6
020906,2025,7
020907,2025,6
021001,2025,7
021002,2025,7
021003,2025,7
021004,2025,7
021005,2025,7
021006,2025,7
021007,2025,7
021008,2025,7
021009,2025,7
021010,2025,7
021011,2025,7
021012,2025,7
021013,2025,7
021014,2025,7
021015,2025,7
021016,2025,7
021101,2025,6
021102,2025,6
021103,2025,6
021104,2025,6
021105,2025,6
021201,2025,0
021202,2025,6
021203,2025,0
021204,2025,6
021205,2025,0
021206,2025,6
021207,2025,0
021208,2025,7
021209,2025,6
021210,2025,7
021301,2025,7
021302,2025,7
021303,2025,7
021304,2025,7
021305,2025,7
021306,2025,7
021307,2025,7
021308,2025,7
021401,2025,6
021402,2025,6
021403,2025,7
021404,2025,6
021405,2025,6
021406,2025,6
021407,2025,6
021408,2025,6
021409,2025,6
021410,2025,6
021501,2025,7
021502,2025,7
021503,2025,7
021504,2025,4
021505,2025,7
021506,2025,7
021507,2025,6
021508,2025,7
021509,2025,7
021510,2025,6
021511,2025,6
021601,2025,7
021602,2025,7
021603,2025,7
021604,2025,7
021701,2025,9
021702,2025,7
021703,2025,6
021704,2025,7
021705,2025,6
021706,2025,7
021707,2025,7
021708,2025,6
021709,2025,7
021710,2025,9
021801,2025,1
021802,2025,6
021803,2025,1
021804,2025,6
021805,2025,6
021806,2025,1
021807,2025,1
021808,2025,1
021809,2025,1
021901,2025,7
021902,2025,7
021903,2025,7
021904,2025,7
021905,2025,7
021906,2025,7
021907,2025,7
021908,2025,7
021909,2025,7
021910,2025,7
022001,2025,0
022002,2025,6
022003,2025,0
022004,2025,0
022005,2025,6
022006,2025,0
022007,2025,7
022008,2025,7
030101,2025,7
030102,2025,7
030103,2025,7
030104,2025,7
030105,2025,7
030106,2025,7
030107,2025,7
030108,2025,7
030109,2025,7
030201,2025,7
030202,2025,7
030203,2025,7
030204,2025,7
030205,2025,7
030206,2025,7
030207,2025,7
030208,2025,7
030209,2025,7
030210,2025,9
030211,2025,7
030212,2025,7
030213,2025,7
030214,2025,7
030215,2025,7
030216,2025,7
030217,2025,7
030218,2025,7
030219,2025,7
030220,2025,7
030301,2025,7
030302,2025,7
030303,2025,7
030304,2025,7
030305,2025,7
030306,2025,7
030307,2025,7
030401,2025,7
030402,2025,7
030403,2025,7
030404,2025,7
030405,2025,7
030406,2025,9
030407,2025,7
030408,2025,7
030409,2025,7
030410,2025,7
030411,2025,7
030412,2025,7
030413,2025,7
030414,2025,7
030415,2025,7
030416,2025,7
030417,2025,7
030501,2025,7
030502,2025,7
030503,2025,7
030504,2025,7
030505,2025,7
030506,2025,7
030601,2025,7
030602,2025,7
030603,2025,7
030604,2025,7
030605,2025,7
030606,2025,7
030607,2025,7
030608,2025,7
030609,2025,7
030610,2025,7
030611,2025,7
030612,2025,7
030701,2025,7
030702,2025,7
030703,2025,7
030704,2025,7
030705,2025,7
030706,2025,7
030707,2025,7
030708,2025,7
030709,2025,7
030710,2025,7
030711,2025,7
030712,2025,7
030713,2025,7
030714,2025,7
040101,2025,10
040102,2025,10
040103,2025,10
040104,2025,10
040105,2025,10
040106,2025,10
040107,2025,10
040108,2025,8
040109,2025,10
040110,2025,10
040111,2025,10
040112,2025,10
040113,2025,8
040114,2025,8
040115,2025,8
040116,2025,10
040117,2025,10
040118,2025,8
040119,2025,8
040120,2025,8
040121,2025,8
040122,2025,10
040123,2025,10
040124,2025,8
040125,2025,8
040126,2025,10
040127,2025,8
040128,2025,8
040129,2025,10
040201,2025,1
040202,2025,1
040203,2025,8
040204,2025,1
040205,2025,1
040206,2025,8
040207,2025,8
040208,2025,1
040301,2025,8
040302,2025,8
040303,2025,8
040304,2025,8
040305,2025,8
040306,2025,8
040307,2025,8
040308,2025,8
040309,2025,8
040310,2025,8
040311,2025,8
040312,2025,8
040313,2025,8
040401,2025,8
040402,2025,8
040403,2025,8
040404,2025,8
040405,2025,9
040406,2025,8
040407,2025,8
040408,2025,8
040409,2025,9
040410,2025,8
040411,2025,8
040412,2025,8
040413,2025,8
040414,2025,8
040501,2025,8
040502,2025,8
040503,2025,8
040504,2025,9
040505,2025,9
040506,2025,8
040507,2025,8
040508,2025,8
040509,2025,8
040510,2025,8
040511,2025,8
040512,2025,8
040513,2025,8
040514,2025,9
040515,2025,9
040516,2025,8
040517,2025,9
040518,2025,8
040519,2025,8
040520,2025,8
040601,2025,8
040602,2025,8
040603,2025,9
040604,2025,8
040605,2025,8
040606,2025,8
040607,2025,8
040608,2025,8
040701,2025,8
040702,2025,8
040703,2025,1
040704,2025,8
040705,2025,1
040706,2025,8
040801,2025,8
040802,2025,8
040803,2025,7
040804,2025,8
040805,2025,8
040806,2025,9
040807,2025,6
040808,2025,6
040809,2025,6
040810,2025,8
040811,2025,8
050101,2025,0
050102,2025,0
050103,2025,0
050104,2025,0
050105,2025,0
050106,2025,7
050107,2025,0
050108,2025,0
050109,2025,0
050110,2025,10
050111,2025,0
050112,2025,0
050113,2025,0
050114,2025,7
050115,2025,0
050116,2025,10
050201,2025,7
050202,2025,7
050203,2025,0
050204,2025,7
050205,2025,7
050206,2025,7
050301,2025,7
050302,2025,7
050303,2025,7
050304,2025,7
050401,2025,7
050402,2025,7
050403,2025,0
050404,2025,0
050405,2025,7
050406,2025,7
050407,2025,3
050408,2025,3
050409,2025,3
050410,2025,7
050411,2025,3
050412,2025,7
050413,2025,7
050501,2025,7
050502,2025,3
050503,2025,3
050504,2025,0
050505,2025,3
050506,2025,0
050507,2025,3
050508,2025,7
050509,2025,3
050510,2025,3
050511,2025,7
050512,2025,3
050513,2025,3
050514,2025,0
050515,2025,0
050601,2025,9
050602,2025,7
050603,2025,9
050604,2025,9
050605,2025,8
050606,2025,9
050607,2025,6
050608,2025,8
050609,2025,8
050610,2025,8
050611,2025,8
050612,2025,8
050613,2025,8
050614,2025,8
050615,2025,8
050616,2025,8
050617,2025,8
050618,2025,8
050619,2025,8
050620,2025,7
050621,2025,8
050701,2025,9
050702,2025,8
050703,2025,8
050704,2025,7
050705,2025,8
050706,2025,8
050707,2025,7
050708,2025,8
050801,2025,7
050802,2025,7
050803,2025,7
050804,2025,7
050805,2025,7
050806,2025,7
050807,2025,7
050808,2025,7
050809,2025,7
050810,2025,7
050901,2025,7
050902,2025,7
050903,2025,7
050904,2025,7
050905,2025,7
050906,2025,7
050907,2025,7
050908,2025,9
050909,2025,7
050910,2025,7
050911,2025,7
051001,2025,7
051002,2025,7
051003,2025,7
051004,2025,7
051005,2025,7
051006,2025,7
051007,2025,7
051008,2025,7
051009,2025,7
051010,2025,7
051011,2025,7
051012,2025,7
051101,2025,7
051102,2025,7
051103,2025,7
051104,2025,7
051105,2025,7
051106,2025,7
051107,2025,7
051108,2025,7
060101,2025,0
060102,2025,0
060103,2025,0
060104,2025,0
060105,2025,0
060106,2025,0
060107,2025,0
060108,2025,0
060109,2025,0
060110,2025,0
060111,2025,0
060112,2025,0
060201,2025,0
060202,2025,0
060203,2025,0
060204,2025,0
060301,2025,7
060302,2025,7
060303,2025,7
060304,2025,0
060305,2025,4
060306,2025,4
060307,2025,7
060308,2025,0
060309,2025,0
060310,2025,0
060311,2025,4
060312,2025,0
060401,2025,0
060402,2025,4
060403,2025,7
060404,2025,4
060405,2025,4
060406,2025,4
060407,2025,4
060408,2025,4
060409,2025,4
060410,2025,4
060411,2025,4
060412,2025,4
060413,2025,0
060414,2025,4
060415,2025,4
060416,2025,4
060417,2025,4
060418,2025,1
060419,2025,0
060501,2025,4
060502,2025,4
060503,2025,1
060504,2025,4
060505,2025,1
060506,2025,4
060507,2025,4
060508,2025,1
060601,2025,4
060602,2025,4
060603,2025,4
060604,2025,4
060605,2025,4
060606,2025,4
060607,2025,4
060608,2025,4
060609,2025,4
060610,2025,4
060611,2025,4
060612,2025,4
060613,2025,4
060614,2025,4
060615,2025,4
060701,2025,0
060702,2025,4
060703,2025,0
060801,2025,3
060802,2025,3
060803,2025,3
060804,2025,4
060805,2025,3
060806,2025,3
060807,2025,3
060808,2025,3
060809,2025,3
060810,2025,3
060811,2025,3
060812,2025,2
060901,2025,3
060902,2025,3
060903,2025,3
060904,2025,3
060905,2025,3
060906,2025,3
060907,2025,3
061001,2025,0
061002,2025,0
061003,2025,0
061004,2025,0
061005,2025,0
061006,2025,0
061007,2025,0
061101,2025,4
061102,2025,1
061103,2025,4
061104,2025,7
061105,2025,4
061106,2025,4
061107,2025,4
061108,2025,1
061109,2025,4
061110,2025,1
061111,2025,4
061112,2025,4
061113,2025,4
061201,2025,0
061202,2025,4
061203,2025,4
061204,2025,0
061301,2025,4
061302,2025,4
061303,2025,4
061304,2025,4
061305,2025,4
061306,2025,4
061307,2025,4
061308,2025,4
061309,2025,4
061310,2025,4
061311,2025,4
070101,2025,1
070102,2025,1
070103,2025,1
070104,2025,1
070105,2025,1
070106,2025,1
070107,2025,1
080101,2025,0
080102,2025,0
080103,2025,10
080104,2025,0
080105,2025,0
080106,2025,0
080107,2025,0
080108,2025,10
080201,2025,7
080202,2025,9
080203,2025,7
080204,2025,9
080205,2025,7
080206,2025,7
080207,2025,9
080301,2025,0
080302,2025,0
080303,2025,10
080304,2025,7
080305,2025,0
080306,2025,7
080307,2025,7
080308,2025,10
080309,2025,0
080401,2025,0
080402,2025,0
080403,2025,7
080404,2025,3
080405,2025,7
080406,2025,0
080407,2025,0
080408,2025,3
080501,2025,7
080502,2025,9
080503,2025,9
080504,2025,9
080505,2025,9
080506,2025,9
080507,2025,7
080508,2025,9
080601,2025,9
080602,2025,9
080603,2025,7
080604,2025,9
080605,2025,9
080606,2025,7
080607,2025,7
080608,2025,7
080701,2025,9
080702,2025,7
080703,2025,7
080704,2025,7
080705,2025,9
080706,2025,7
080707,2025,7
080708,2025,9
080801,2025,9
080802,2025,9
080803,2025,9
080804,2025,9
080805,2025,9
080806,2025,9
080807,2025,9
080808,2025,9
080901,2025,3
080902,2025,3
080903,2025,3
080904,2025,3
080905,2025,3
080906,2025,3
080907,2025,3
080908,2025,3
080909,2025,3
080910,2025,3
080911,2025,3
080912,2025,3
080913,2025,3
080914,2025,3
080915,2025,3
080916,2025,3
080917,2025,3
080918,2025,3
081001,2025,7
081002,2025,7
081003,2025,7
081004,2025,7
081005,2025,7
081006,2025,7
081007,2025,7
081008,2025,7
081009,2025,7
081101,2025,0
081102,2025,7
081103,2025,3
081104,2025,7
081105,2025,0
081106,2025,3
081201,2025,7
081202,2025,7
081203,2025,3
081204,2025,0
081205,2025,0
081206,2025,9
081207,2025,7
081208,2025,7
081209,2025,3
081210,2025,9
081211,2025,0
081212,2025,7
081301,2025,0
081302,2025,0
081303,2025,0
081304,2025,7
081305,2025,0
081306,2025,7
081307,2025,0
090101,2025,7
090102,2025,7
090103,2025,7
090104,2025,7
090105,2025,7
090106,2025,9
090107,2025,7
090108,2025,7
090109,2025,7
090110,2025,7
090111,2025,7
090112,2025,7
090113,2025,7
090114,2025,7
090115,2025,7
090116,2025,7
090117,2025,7
090118,2025,7
090119,2025,7
090201,2025,0
090202,2025,7
090203,2025,7
090204,2025,0
090205,2025,7
090206,2025,7
090207,2025,0
090208,2025,7
090301,2025,7
090302,2025,7
090303,2025,7
090304,2025,7
090305,2025,0
090306,2025,7
090307,2025,7
090308,2025,7
090309,2025,0
090310,2025,0
090311,2025,7
090312,2025,7
090401,2025,7
090402,2025,7
090403,2025,7
090404,2025,6
090405,2025,7
090406,2025,7
090407,2025,7
090408,2025,6
090409,2025,7
090410,2025,6
090411,2025,9
090412,2025,7
090413,2025,7
090501,2025,7
090502,2025,7
090503,2025,7
090504,2025,7
090505,2025,7
090506,2025,7
090507,2025,7
090508,2025,7
090509,2025,7
090510,2025,7
090511,2025,7
090601,2025,7
090602,2025,7
090603,2025,7
090604,2025,7
090605,2025,7
090606,2025,7
090607,2025,7
090608,2025,7
090609,2025,7
090610,2025,7
090611,2025,7
090612,2025,7
090613,2025,7
090614,2025,7
090615,2025,7
090616,2025,7
090701,2025,7
090702,2025,7
090703,2025,7
090704,2025,7
090705,2025,7
090706,2025,7
090707,2025,3
090709,2025,7
090710,2025,7
090711,2025,7
090713,2025,7
090714,2025,7
090715,2025,7
090716,2025,7
090717,2025,7
090718,2025,3
090719,2025,7
090720,2025,7
090721,2025,7
090722,2025,7
090723,2025,7
090724,2025,3
090725,2025,7
100101,2025,7
100102,2025,7
100103,2025,3
100104,2025,7
100105,2025,7
100106,2025,7
100107,2025,7
100108,2025,7
100109,2025,7
100110,2025,7
100111,2025,7
100112,2025,7
100113,2025,3
100201,2025,7
100202,2025,7
100203,2025,7
100204,2025,7
100205,2025,7
100206,2025,7
100207,2025,7
100208,2025,7
100301,2025,7
100307,2025,7
100311,2025,7
100313,2025,7
100316,2025,7
100317,2025,7
100321,2025,7
100322,2025,7
100323,2025,7
100401,2025,7
100402,2025,7
100403,2025,7
100404,2025,7
100501,2025,7
100502,2025,7
100503,2025,7
100504,2025,7
100505,2025,7
100506,2025,7
100507,2025,3
100508,2025,7
100509,2025,7
100510,2025,7
100511,2025,7
100601,2025,3
100602,2025,3
100603,2025,2
100604,2025,3
100605,2025,2
100606,2025,3
100607,2025,2
100608,2025,2
100609,2025,2
100610,2025,2
100701,2025,7
100702,2025,3
100703,2025,7
100704,2025,3
100705,2025,3
100801,2025,3
100802,2025,3
100803,2025,7
100804,2025,3
100901,2025,2
100902,2025,2
100903,2025,2
100904,2025,2
100905,2025,2
101001,2025,7
101002,2025,7
101003,2025,7
101004,2025,7
101005,2025,7
101006,2025,7
101007,2025,7
101101,2025,7
101102,2025,7
101103,2025,7
101104,2025,7
101105,2025,7
101106,2025,7
101107,2025,7
101108,2025,7
110101,2025,1
110102,2025,1
110103,2025,1
110104,2025,8
110105,2025,1
110106,2025,1
110107,2025,1
110108,2025,1
110109,2025,1
110110,2025,1
110111,2025,8
110112,2025,1
110113,2025,1
110114,2025,1
110201,2025,1
110202,2025,1
110203,2025,6
110204,2025,1
110205,2025,1
110206,2025,1
110207,2025,1
110208,2025,6
110209,2025,7
110210,2025,1
110211,2025,1
110301,2025,8
110302,2025,8
110303,2025,8
110304,2025,8
110305,2025,8
110401,2025,8
110402,2025,8
110403,2025,8
110404,2025,8
110405,2025,8
110501,2025,1
110502,2025,1
110503,2025,1
110504,2025,1
110505,2025,1
110506,2025,1
110507,2025,1
110508,2025,1
120101,2025,10
120104,2025,7
120105,2025,7
120106,2025,7
120107,2025,10
120108,2025,7
120111,2025,10
120112,2025,7
120113,2025,0
120114,2025,10
120116,2025,10
120117,2025,10
120119,2025,10
120120,2025,9
120121,2025,10
120122,2025,10
120124,2025,7
120125,2025,10
120126,2025,7
120127,2025,10
120128,2025,10
120129,2025,10
120130,2025,10
120132,2025,10
120133,2025,10
120134,2025,10
120135,2025,3
120136,2025,10
120201,2025,10
120202,2025,10
120203,2025,3
120204,2025,10
120205,2025,7
120206,2025,7
120207,2025,10
120208,2025,10
120209,2025,7
120210,2025,10
120211,2025,10
120212,2025,10
120213,2025,10
120214,2025,9
120215,2025,10
120301,2025,3
120302,2025,3
120303,2025,3
120304,2025,3
120305,2025,3
120306,2025,3
120401,2025,10
120402,2025,10
120403,2025,10
120404,2025,10
120405,2025,9
120406,2025,7
120407,2025,10
120408,2025,10
120409,2025,10
120410,2025,10
120411,2025,10
120412,2025,10
120413,2025,10
120414,2025,10
120415,2025,10
120416,2025,10
120417,2025,10
120418,2025,10
120419,2025,7
120420,2025,10
120421,2025,10
120422,2025,10
120423,2025,10
120424,2025,10
120425,2025,10
120426,2025,10
120427,2025,7
120428,2025,10
120429,2025,10
120430,2025,10
120431,2025,10
120432,2025,10
120433,2025,10
120434,2025,10
120501,2025,9
120502,2025,9
120503,2025,9
120504,2025,7
120601,2025,3
120602,2025,3
120603,2025,3
120604,2025,3
120605,2025,3
120606,2025,3
120607,2025,3
120608,2025,3
120609,2025,3
120701,2025,7
120702,2025,7
120703,2025,7
120704,2025,7
120705,2025,7
120706,2025,7
120707,2025,7
120708,2025,7
120709,2025,7
120801,2025,9
120802,2025,9
120803,2025,9
120804,2025,9
120805,2025,9
120806,2025,9
120807,2025,9
120808,2025,9
120809,2025,9
120810,2025,9
120901,2025,10
120902,2025,10
120903,2025,10
120904,2025,10
120905,2025,10
120906,2025,10
120907,2025,10
120908,2025,10
120909,2025,7
130101,2025,1
130102,2025,1
130103,2025,1
130104,2025,1
130105,2025,1
130106,2025,1
130107,2025,1
130108,2025,1
130109,2025,1
130110,2025,1
130111,2025,1
130201,2025,1
130202,2025,1
130203,2025,1
130204,2025,1
130205,2025,1
130206,2025,1
130207,2025,1
130208,2025,1
130301,2025,3
130302,2025,3
130303,2025,3
130304,2025,3
130305,2025,3
130306,2025,3
130401,2025,1
130402,2025,1
130403,2025,1
130501,2025,0
130502,2025,0
130503,2025,0
130504,2025,0
130601,2025,0
130602,2025,0
130604,2025,0
130605,2025,0
130606,2025,4
130608,2025,0
130610,2025,4
130611,2025,0
130613,2025,4
130614,2025,0
130701,2025,1
130702,2025,1
130703,2025,1
130704,2025,1
130705,2025,1
130801,2025,7
130802,2025,7
130803,2025,7
130804,2025,7
130805,2025,3
130806,2025,7
130807,2025,3
130808,2025,7
130809,2025,3
130810,2025,3
130811,2025,7
130812,2025,7
130813,2025,7
130901,2025,7
130902,2025,7
130903,2025,3
130904,2025,0
130905,2025,0
130906,2025,0
130907,2025,7
130908,2025,3
131001,2025,6
131002,2025,7
131003,2025,7
131004,2025,7
131005,2025,7
131006,2025,0
131007,2025,7
131008,2025,7
131101,2025,1
131102,2025,0
131103,2025,6
131104,2025,0
131201,2025,1
131202,2025,1
131203,2025,1
140101,2025,1
140102,2025,1
140103,2025,1
140104,2025,1
140105,2025,1
140106,2025,1
140107,2025,1
140108,2025,1
140109,2025,1
140110,2025,2
140111,2025,1
140112,2025,1
140113,2025,1
140114,2025,1
140115,2025,1
140116,2025,1
140117,2025,1
140118,2025,1
140119,2025,1
140120,2025,1
140201,2025,1
140202,2025,3
140203,2025,2
140204,2025,1
140205,2025,1
140206,2025,1
140301,2025,1
140302,2025,2
140303,2025,1
140304,2025,2
140305,2025,1
140306,2025,1
140307,2025,2
140308,2025,1
140309,2025,1
140310,2025,2
140311,2025,1
140312,2025,1
150101,2025,1
150102,2025,1
150103,2025,1
150104,2025,1
150105,2025,1
150106,2025,1
150107,2025,6
150108,2025,1
150109,2025,1
150110,2025,1
150111,2025,1
150112,2025,1
150113,2025,1
150114,2025,1
150115,2025,1
150116,2025,1
150117,2025,1
150118,2025,6
150119,2025,1
150120,2025,1
150121,2025,1
150122,2025,1
150123,2025,1
150124,2025,1
150125,2025,1
150126,2025,1
150127,2025,1
150128,2025,1
150129,2025,1
150130,2025,1
150131,2025,1
150132,2025,1
150133,2025,1
150134,2025,1
150135,2025,1
150136,2025,1
150137,2025,1
150138,2025,1
150139,2025,1
150140,2025,1
150141,2025,1
150142,2025,1
150143,2025,1
150201,2025,1
150202,2025,1
150203,2025,1
150204,2025,1
150205,2025,1
150301,2025,7
150302,2025,6
150303,2025,6
150304,2025,6
150305,2025,6
150401,2025,7
150402,2025,6
150403,2025,6
150404,2025,7
150405,2025,6
150406,2025,6
150407,2025,6
150501,2025,1
150502,2025,1
150503,2025,6
150504,2025,1
150505,2025,1
150506,2025,1
150507,2025,1
150508,2025,1
150509,2025,1
150510,2025,1
150511,2025,6
150512,2025,1
150513,2025,1
150514,2025,1
150515,2025,1
150516,2025,6
150601,2025,1
150602,2025,7
150603,2025,6
150604,2025,1
150605,2025,1
150606,2025,6
150607,2025,6
150608,2025,7
150609,2025,6
150610,2025,9
150611,2025,6
150612,2025,6
150701,2025,6
150702,2025,6
150703,2025,6
150704,2025,9
150705,2025,9
150706,2025,6
150707,2025,6
150708,2025,9
150709,2025,6
150710,2025,6
150711,2025,6
150712,2025,6
150713,2025,6
150714,2025,6
150715,2025,6
150716,2025,6
150717,2025,6
150718,2025,6
150719,2025,6
150720,2025,6
150721,2025,7
150722,2025,7
150723,2025,6
150724,2025,6
150725,2025,7
150726,2025,6
150727,2025,6
150728,2025,6
150729,2025,6
150730,2025,6
150731,2025,6
150732,2025,6
150801,2025,1
150802,2025,6
150803,2025,1
150804,2025,6
150805,2025,1
150806,2025,1
150807,2025,6
150808,2025,6
150809,2025,7
150810,2025,1
150811,2025,6
150812,2025,1
150901,2025,7
150902,2025,6
150903,2025,6
150904,2025,6
150905,2025,6
150906,2025,7
151001,2025,6
151002,2025,7
151003,2025,6
151004,2025,6
151005,2025,7
151006,2025,6
151007,2025,6
151008,2025,6
151009,2025,6
151010,2025,6
151011,2025,6
151012,2025,7
151013,2025,6
151014,2025,9
151015,2025,7
151016,2025,6
151017,2025,7
151018,2025,7
151019,2025,7
151020,2025,7
151021,2025,7
151022,2025,6
151023,2025,6
151024,2025,6
151025,2025,6
151026,2025,6
151027,2025,6
151028,2025,7
151029,2025,6
151030,2025,7
151031,2025,6
151032,2025,7
151033,2025,7
160101,2025,2
160102,2025,2
160103,2025,2
160104,2025,2
160105,2025,2
160106,2025,2
160107,2025,2
160108,2025,2
160110,2025,2
160112,2025,2
160113,2025,2
160201,2025,2
160202,2025,2
160205,2025,2
160206,2025,2
160210,2025,2
160211,2025,2
160301,2025,2
160302,2025,2
160303,2025,2
160304,2025,2
160305,2025,2
160401,2025,2
160402,2025,2
160403,2025,2
160404,2025,2
160501,2025,2
160502,2025,2
160503,2025,2
160504,2025,2
160505,2025,2
160506,2025,2
160507,2025,2
160508,2025,2
160509,2025,2
160510,2025,2
160511,2025,2
160601,2025,2
160602,2025,2
160603,2025,2
160604,2025,2
160605,2025,2
160606,2025,2
160701,2025,2
160702,2025,2
160703,2025,2
160704,2025,2
160705,2025,2
160706,2025,2
160801,2025,2
160802,2025,2
160803,2025,2
160804,2025,2
170101,2025,2
170102,2025,2
170103,2025,2
170104,2025,2
170201,2025,3
170202,2025,2
170203,2025,2
170204,2025,3
170301,2025,2
170302,2025,2
170303,2025,2
180101,2025,8
180102,2025,8
180103,2025,8
180104,2025,8
180105,2025,8
180106,2025,8
180201,2025,8
180202,2025,8
180203,2025,8
180204,2025,9
180205,2025,8
180206,2025,8
180207,2025,8
180208,2025,8
180209,2025,8
180210,2025,8
180211,2025,8
180301,2025,8
180302,2025,8
180303,2025,8
190101,2025,9
190102,2025,7
190103,2025,7
190104,2025,9
190105,2025,9
190106,2025,7
190107,2025,7
190108,2025,7
190109,2025,9
190110,2025,7
190111,2025,9
190112,2025,9
190113,2025,9
190201,2025,7
190202,2025,7
190203,2025,7
190204,2025,7
190205,2025,7
190206,2025,7
190207,2025,7
190208,2025,7
190301,2025,3
190302,2025,3
190303,2025,3
190304,2025,3
190305,2025,3
190306,2025,3
190307,2025,3
190308,2025,2
200101,2025,1
200104,2025,1
200105,2025,1
200107,2025,1
200108,2025,1
200109,2025,1
200110,2025,1
200111,2025,2
200114,2025,2
200115,2025,1
200201,2025,3
200202,2025,2
200203,2025,4
200204,2025,3
200205,2025,4
200206,2025,3
200207,2025,2
200208,2025,2
200209,2025,4
200210,2025,2
200301,2025,3
200302,2025,4
200303,2025,3
200304,2025,3
200305,2025,4
200306,2025,4
200307,2025,3
200308,2025,4
200401,2025,2
200402,2025,2
200403,2025,4
200404,2025,2
200405,2025,2
200406,2025,2
200407,2025,4
200408,2025,4
200409,2025,4
200410,2025,4
200501,2025,1
200502,2025,1
200503,2025,1
200504,2025,1
200505,2025,1
200506,2025,1
200507,2025,1
200601,2025,2
200602,2025,1
200603,2025,1
200604,2025,2
200605,2025,1
200606,2025,1
200607,2025,2
200608,2025,1
200701,2025,1
200702,2025,2
200703,2025,1
200704,2025,8
200705,2025,2
200706,2025,2
200801,2025,1
200802,2025,1
200803,2025,1
200804,2025,1
200805,2025,1
200806,2025,1
210101,2025,10
210102,2025,10
210103,2025,9
210104,2025,10
210105,2025,10
210106,2025,10
210107,2025,10
210108,2025,10
210109,2025,9
210110,2025,10
210111,2025,10
210112,2025,10
210113,2025,9
210114,2025,10
210115,2025,10
210201,2025,10
210202,2025,10
210203,2025,10
210204,2025,9
210205,2025,10
210206,2025,10
210207,2025,10
210208,2025,9
210209,2025,9
210210,2025,10
210211,2025,9
210212,2025,9
210213,2025,10
210214,2025,10
210215,2025,10
210301,2025,9
210302,2025,9
210303,2025,3
210304,2025,9
210305,2025,9
210306,2025,9
210307,2025,9
210308,2025,3
210309,2025,3
210310,2025,9
210401,2025,10
210402,2025,10
210403,2025,10
210404,2025,10
210405,2025,10
210406,2025,10
210407,2025,10
210501,2025,10
210502,2025,8
210503,2025,10
210504,2025,8
210505,2025,10
210601,2025,10
210602,2025,9
210603,2025,10
210604,2025,10
210605,2025,10
210606,2025,10
210607,2025,10
210608,2025,10
210701,2025,9
210702,2025,9
210703,2025,10
210704,2025,10
210705,2025,9
210706,2025,9
210707,2025,9
210708,2025,10
210709,2025,9
210710,2025,9
210801,2025,9
210802,2025,9
210803,2025,9
210804,2025,9
210805,2025,9
210806,2025,9
210807,2025,9
210808,2025,9
210809,2025,9
210901,2025,10
210902,2025,10
210903,2025,10
210904,2025,10
211001,2025,9
211002,2025,9
211003,2025,10
211004,2025,9
211005,2025,7
211101,2025,10
211102,2025,10
211103,2025,9
211104,2025,10
211105,2025,10
211201,2025,3
211202,2025,9
211203,2025,3
211204,2025,3
211205,2025,3
211206,2025,7
211207,2025,3
211208,2025,3
211209,2025,3
211210,2025,3
211301,2025,10
211302,2025,2
211303,2025,10
211304,2025,10
211305,2025,10
211306,2025,10
211307,2025,10
220101,2025,2
220102,2025,2
220103,2025,2
220104,2025,2
220105,2025,2
220106,2025,2
220201,2025,2
220202,2025,2
220203,2025,2
220204,2025,2
220205,2025,2
220206,2025,2
220301,2025,2
220302,2025,2
220303,2025,2
220304,2025,2
220305,2025,2
220401,2025,2
220402,2025,2
220403,2025,2
220404,2025,2
220405,2025,2
220406,2025,2
220501,2025,2
220502,2025,2
220503,2025,2
220504,2025,2
220505,2025,2
220506,2025,2
220507,2025,2
220508,2025,2
220509,2025,2
220510,2025,2
220511,2025,2
220601,2025,2
220602,2025,3
220603,2025,3
220604,2025,2
220605,2025,2
220701,2025,2
220702,2025,2
220703,2025,2
220704,2025,2
220705,2025,2
220706,2025,2
220707,2025,2
220708,2025,2
220709,2025,2
220710,2025,2
220801,2025,2
220802,2025,2
220803,2025,2
220804,2025,2
220805,2025,4
220806,2025,2
220807,2025,2
220808,2025,2
220809,2025,2
220901,2025,2
220902,2025,2
220903,2025,2
220904,2025,2
220905,2025,2
220906,2025,2
220907,2025,2
220908,2025,2
220909,2025,2
220910,2025,2
220911,2025,2
220912,2025,2
220913,2025,2
220914,2025,2
221001,2025,3
221002,2025,3
221003,2025,3
221004,2025,3
221005,2025,3
221006,2025,2
230101,2025,8
230102,2025,8
230103,2025,8
230104,2025,8
230105,2025,8
230106,2025,8
230107,2025,8
230108,2025,8
230109,2025,8
230110,2025,8
230111,2025,1
230201,2025,8
230202,2025,8
230203,2025,8
230204,2025,8
230205,2025,8
230206,2025,8
230301,2025,8
230302,2025,8
230303,2025,8
230401,2025,8
230402,2025,8
230403,2025,8
230404,2025,8
230405,2025,8
230406,2025,8
230407,2025,8
230408,2025,8
240101,2025,2
240102,2025,2
240103,2025,2
240104,2025,2
240105,2025,2
240106,2025,2
240201,2025,2
240202,2025,2
240203,2025,2
240301,2025,2
240302,2025,2
240303,2025,2
240304,2025,2
250101,2025,2
250102,2025,2
250103,2025,2
250104,2025,2
250105,2025,2
250106,2025,2
250107,2025,2
250201,2025,2
250202,2025,2
250203,2025,2
250204,2025,2
250301,2025,2
250302,2025,2
250303,2025,2
250304,2025,2
250305,2025,2
250306,2025,2
250307,2025,2
250401,2025,2
